symbol,expiration,strike,right,timestamp,open,high,low,close,volume,count,vwap
SPY,2024-12-24,583.0,CALL,2024-12-24T09:30:00.000,0.0,0.0,0.0,0.0,0,0,0.0
SPY,2024-12-24,583.0,CALL,2024-12-24T09:35:00.000,0.0,0.0,0.0,0.0,0,0,0.0
SPY,2024-12-24,583.0,CALL,2024-12-24T09:40:00.000,13.78,13.78,13.78,13.78,1,1,13.78
SPY,2024-12-24,583.0,CALL,2024-12-24T09:45:00.000,0.0,0.0,0.0,0.0,0,0,13.78
SPY,2024-12-24,583.0,CALL,2024-12-24T09:50:00.000,0.0,0.0,0.0,0.0,0,0,13.78
SPY,2024-12-24,583.0,CALL,2024-12-24T09:55:00.000,0.0,0.0,0.0,0.0,0,0,13.78
SPY,2024-12-24,583.0,CALL,2024-12-24T10:00:00.000,14.48,14.6,14.48,14.6,2,2,14.28
SPY,2024-12-24,583.0,CALL,2024-12-24T10:05:00.000,0.0,0.0,0.0,0.0,0,0,14.28
SPY,2024-12-24,583.0,CALL,2024-12-24T10:10:00.000,0.0,0.0,0.0,0.0,0,0,14.28
SPY,2024-12-24,583.0,CALL,2024-12-24T10:15:00.000,0.0,0.0,0.0,0.0,0,0,14.28
SPY,2024-12-24,583.0,CALL,2024-12-24T10:20:00.000,0.0,0.0,0.0,0.0,0,0,14.28
SPY,2024-12-24,583.0,CALL,2024-12-24T10:25:00.000,15.12,15.12,15.12,15.12,9,1,14.91
SPY,2024-12-24,583.0,CALL,2024-12-24T10:30:00.000,0.0,0.0,0.0,0.0,0,0,14.91
SPY,2024-12-24,583.0,CALL,2024-12-24T10:35:00.000,15.76,15.76,15.76,15.76,2,1,15.03
SPY,2024-12-24,583.0,CALL,2024-12-24T10:40:00.000,0.0,0.0,0.0,0.0,0,0,15.03
SPY,2024-12-24,583.0,CALL,2024-12-24T10:45:00.000,0.0,0.0,0.0,0.0,0,0,15.03
SPY,2024-12-24,583.0,CALL,2024-12-24T10:50:00.000,0.0,0.0,0.0,0.0,0,0,15.03
SPY,2024-12-24,583.0,CALL,2024-12-24T10:55:00.000,15.74,16.17,15.74,16.17,30,2,15.71
SPY,2024-12-24,583.0,CALL,2024-12-24T11:00:00.000,16.1,16.1,16.1,16.1,12,1,15.79
SPY,2024-12-24,583.0,CALL,2024-12-24T11:05:00.000,0.0,0.0,0.0,0.0,0,0,15.79
SPY,2024-12-24,583.0,CALL,2024-12-24T11:10:00.000,0.0,0.0,0.0,0.0,0,0,15.79
SPY,2024-12-24,583.0,CALL,2024-12-24T11:15:00.000,0.0,0.0,0.0,0.0,0,0,15.79
SPY,2024-12-24,583.0,CALL,2024-12-24T11:20:00.000,0.0,0.0,0.0,0.0,0,0,15.79
SPY,2024-12-24,583.0,CALL,2024-12-24T11:25:00.000,0.0,0.0,0.0,0.0,0,0,15.79
SPY,2024-12-24,583.0,CALL,2024-12-24T11:30:00.000,0.0,0.0,0.0,0.0,0,0,15.79
SPY,2024-12-24,583.0,CALL,2024-12-24T11:35:00.000,0.0,0.0,0.0,0.0,0,0,15.79
SPY,2024-12-24,583.0,CALL,2024-12-24T11:40:00.000,0.0,0.0,0.0,0.0,0,0,15.79
SPY,2024-12-24,583.0,CALL,2024-12-24T11:45:00.000,0.0,0.0,0.0,0.0,0,0,15.79
SPY,2024-12-24,583.0,CALL,2024-12-24T11:50:00.000,0.0,0.0,0.0,0.0,0,0,15.79
SPY,2024-12-24,583.0,CALL,2024-12-24T11:55:00.000,0.0,0.0,0.0,0.0,0,0,15.79
SPY,2024-12-24,583.0,CALL,2024-12-24T12:00:00.000,0.0,0.0,0.0,0.0,0,0,15.79
SPY,2024-12-24,583.0,CALL,2024-12-24T12:05:00.000,0.0,0.0,0.0,0.0,0,0,15.79
SPY,2024-12-24,583.0,CALL,2024-12-24T12:10:00.000,0.0,0.0,0.0,0.0,0,0,15.79
SPY,2024-12-24,583.0,CALL,2024-12-24T12:15:00.000,0.0,0.0,0.0,0.0,0,0,15.79
SPY,2024-12-24,583.0,CALL,2024-12-24T12:20:00.000,17.02,17.02,17.02,17.02,1,1,15.81
SPY,2024-12-24,583.0,CALL,2024-12-24T12:25:00.000,0.0,0.0,0.0,0.0,0,0,15.81
SPY,2024-12-24,583.0,CALL,2024-12-24T12:30:00.000,0.0,0.0,0.0,0.0,0,0,15.81
SPY,2024-12-24,583.0,CALL,2024-12-24T12:35:00.000,0.0,0.0,0.0,0.0,0,0,15.81
SPY,2024-12-24,583.0,CALL,2024-12-24T12:40:00.000,0.0,0.0,0.0,0.0,0,0,15.81
SPY,2024-12-24,583.0,CALL,2024-12-24T12:45:00.000,0.0,0.0,0.0,0.0,0,0,15.81
SPY,2024-12-24,583.0,CALL,2024-12-24T12:50:00.000,17.27,17.27,17.27,17.27,18,1,16.16
SPY,2024-12-24,583.0,CALL,2024-12-24T12:55:00.000,0.0,0.0,0.0,0.0,0,0,16.16
SPY,2024-12-24,583.0,CALL,2024-12-24T13:00:00.000,0.0,0.0,0.0,0.0,0,0,16.16
SPY,2024-12-24,583.0,CALL,2024-12-24T13:05:00.000,0.0,0.0,0.0,0.0,0,0,16.16
SPY,2024-12-24,583.0,CALL,2024-12-24T13:10:00.000,0.0,0.0,0.0,0.0,0,0,16.16
SPY,2024-12-24,583.0,CALL,2024-12-24T13:15:00.000,0.0,0.0,0.0,0.0,0,0,16.16
SPY,2024-12-24,583.0,CALL,2024-12-24T13:20:00.000,0.0,0.0,0.0,0.0,0,0,16.16
SPY,2024-12-24,583.0,CALL,2024-12-24T13:25:00.000,0.0,0.0,0.0,0.0,0,0,16.16
SPY,2024-12-24,583.0,CALL,2024-12-24T13:30:00.000,0.0,0.0,0.0,0.0,0,0,16.16
SPY,2024-12-24,583.0,CALL,2024-12-24T13:35:00.000,0.0,0.0,0.0,0.0,0,0,16.16
SPY,2024-12-24,583.0,CALL,2024-12-24T13:40:00.000,0.0,0.0,0.0,0.0,0,0,16.16
SPY,2024-12-24,583.0,CALL,2024-12-24T13:45:00.000,0.0,0.0,0.0,0.0,0,0,16.16
SPY,2024-12-24,583.0,CALL,2024-12-24T13:50:00.000,0.0,0.0,0.0,0.0,0,0,16.16
SPY,2024-12-24,583.0,CALL,2024-12-24T13:55:00.000,0.0,0.0,0.0,0.0,0,0,16.16
SPY,2024-12-24,583.0,CALL,2024-12-24T14:00:00.000,0.0,0.0,0.0,0.0,0,0,16.16
SPY,2024-12-24,583.0,CALL,2024-12-24T14:05:00.000,0.0,0.0,0.0,0.0,0,0,16.16
SPY,2024-12-24,583.0,CALL,2024-12-24T14:10:00.000,0.0,0.0,0.0,0.0,0,0,16.16
SPY,2024-12-24,583.0,CALL,2024-12-24T14:15:00.000,0.0,0.0,0.0,0.0,0,0,16.16
SPY,2024-12-24,583.0,CALL,2024-12-24T14:20:00.000,0.0,0.0,0.0,0.0,0,0,16.16
SPY,2024-12-24,583.0,CALL,2024-12-24T14:25:00.000,0.0,0.0,0.0,0.0,0,0,16.16
SPY,2024-12-24,583.0,CALL,2024-12-24T14:30:00.000,0.0,0.0,0.0,0.0,0,0,16.16
SPY,2024-12-24,583.0,CALL,2024-12-24T14:35:00.000,0.0,0.0,0.0,0.0,0,0,16.16
SPY,2024-12-24,583.0,CALL,2024-12-24T14:40:00.000,0.0,0.0,0.0,0.0,0,0,16.16
SPY,2024-12-24,583.0,CALL,2024-12-24T14:45:00.000,0.0,0.0,0.0,0.0,0,0,16.16
SPY,2024-12-24,583.0,CALL,2024-12-24T14:50:00.000,0.0,0.0,0.0,0.0,0,0,16.16
SPY,2024-12-24,583.0,CALL,2024-12-24T14:55:00.000,0.0,0.0,0.0,0.0,0,0,16.16
SPY,2024-12-24,583.0,CALL,2024-12-24T15:00:00.000,0.0,0.0,0.0,0.0,0,0,16.16
SPY,2024-12-24,583.0,CALL,2024-12-24T15:05:00.000,0.0,0.0,0.0,0.0,0,0,16.16
SPY,2024-12-24,583.0,CALL,2024-12-24T15:10:00.000,0.0,0.0,0.0,0.0,0,0,16.16
SPY,2024-12-24,583.0,CALL,2024-12-24T15:15:00.000,0.0,0.0,0.0,0.0,0,0,16.16
SPY,2024-12-24,583.0,CALL,2024-12-24T15:20:00.000,0.0,0.0,0.0,0.0,0,0,16.16
SPY,2024-12-24,583.0,CALL,2024-12-24T15:25:00.000,0.0,0.0,0.0,0.0,0,0,16.16
SPY,2024-12-24,583.0,CALL,2024-12-24T15:30:00.000,0.0,0.0,0.0,0.0,0,0,16.16
SPY,2024-12-24,583.0,CALL,2024-12-24T15:35:00.000,0.0,0.0,0.0,0.0,0,0,16.16
SPY,2024-12-24,583.0,CALL,2024-12-24T15:40:00.000,0.0,0.0,0.0,0.0,0,0,16.16
SPY,2024-12-24,583.0,CALL,2024-12-24T15:45:00.000,0.0,0.0,0.0,0.0,0,0,16.16
SPY,2024-12-24,583.0,CALL,2024-12-24T15:50:00.000,0.0,0.0,0.0,0.0,0,0,16.16
SPY,2024-12-24,583.0,CALL,2024-12-24T15:55:00.000,0.0,0.0,0.0,0.0,0,0,16.16
SPY,2024-12-24,583.0,CALL,2024-12-24T16:00:00.000,0.0,0.0,0.0,0.0,0,0,16.16
SPY,2024-12-24,615.0,CALL,2024-12-24T09:30:00.000,0.0,0.0,0.0,0.0,0,0,0.0
SPY,2024-12-24,615.0,CALL,2024-12-24T09:35:00.000,0.0,0.0,0.0,0.0,0,0,0.0
SPY,2024-12-24,615.0,CALL,2024-12-24T09:40:00.000,0.01,0.01,0.01,0.01,1,1,0.01
SPY,2024-12-24,615.0,CALL,2024-12-24T09:45:00.000,0.0,0.0,0.0,0.0,0,0,0.01
SPY,2024-12-24,615.0,CALL,2024-12-24T09:50:00.000,0.0,0.0,0.0,0.0,0,0,0.01
SPY,2024-12-24,615.0,CALL,2024-12-24T09:55:00.000,0.0,0.0,0.0,0.0,0,0,0.01
SPY,2024-12-24,615.0,CALL,2024-12-24T10:00:00.000,0.0,0.0,0.0,0.0,0,0,0.01
SPY,2024-12-24,615.0,CALL,2024-12-24T10:05:00.000,0.0,0.0,0.0,0.0,0,0,0.01
SPY,2024-12-24,615.0,CALL,2024-12-24T10:10:00.000,0.0,0.0,0.0,0.0,0,0,0.01
SPY,2024-12-24,615.0,CALL,2024-12-24T10:15:00.000,0.0,0.0,0.0,0.0,0,0,0.01
SPY,2024-12-24,615.0,CALL,2024-12-24T10:20:00.000,0.0,0.0,0.0,0.0,0,0,0.01
SPY,2024-12-24,615.0,CALL,2024-12-24T10:25:00.000,0.0,0.0,0.0,0.0,0,0,0.01
SPY,2024-12-24,615.0,CALL,2024-12-24T10:30:00.000,0.01,0.01,0.01,0.01,1,1,0.01
SPY,2024-12-24,615.0,CALL,2024-12-24T10:35:00.000,0.0,0.0,0.0,0.0,0,0,0.01
SPY,2024-12-24,615.0,CALL,2024-12-24T10:40:00.000,0.0,0.0,0.0,0.0,0,0,0.01
SPY,2024-12-24,615.0,CALL,2024-12-24T10:45:00.000,0.0,0.0,0.0,0.0,0,0,0.01
SPY,2024-12-24,615.0,CALL,2024-12-24T10:50:00.000,0.0,0.0,0.0,0.0,0,0,0.01
SPY,2024-12-24,615.0,CALL,2024-12-24T10:55:00.000,0.0,0.0,0.0,0.0,0,0,0.01
SPY,2024-12-24,615.0,CALL,2024-12-24T11:00:00.000,0.0,0.0,0.0,0.0,0,0,0.01
SPY,2024-12-24,615.0,CALL,2024-12-24T11:05:00.000,0.0,0.0,0.0,0.0,0,0,0.01
SPY,2024-12-24,615.0,CALL,2024-12-24T11:10:00.000,0.0,0.0,0.0,0.0,0,0,0.01
SPY,2024-12-24,615.0,CALL,2024-12-24T11:15:00.000,0.0,0.0,0.0,0.0,0,0,0.01
SPY,2024-12-24,615.0,CALL,2024-12-24T11:20:00.000,0.0,0.0,0.0,0.0,0,0,0.01
SPY,2024-12-24,615.0,CALL,2024-12-24T11:25:00.000,0.0,0.0,0.0,0.0,0,0,0.01
SPY,2024-12-24,615.0,CALL,2024-12-24T11:30:00.000,0.0,0.0,0.0,0.0,0,0,0.01
SPY,2024-12-24,615.0,CALL,2024-12-24T11:35:00.000,0.0,0.0,0.0,0.0,0,0,0.01
SPY,2024-12-24,615.0,CALL,2024-12-24T11:40:00.000,0.0,0.0,0.0,0.0,0,0,0.01
SPY,2024-12-24,615.0,CALL,2024-12-24T11:45:00.000,0.0,0.0,0.0,0.0,0,0,0.01
SPY,2024-12-24,615.0,CALL,2024-12-24T11:50:00.000,0.0,0.0,0.0,0.0,0,0,0.01
SPY,2024-12-24,615.0,CALL,2024-12-24T11:55:00.000,0.0,0.0,0.0,0.0,0,0,0.01
SPY,2024-12-24,615.0,CALL,2024-12-24T12:00:00.000,0.0,0.0,0.0,0.0,0,0,0.01
SPY,2024-12-24,615.0,CALL,2024-12-24T12:05:00.000,0.0,0.0,0.0,0.0,0,0,0.01
SPY,2024-12-24,615.0,CALL,2024-12-24T12:10:00.000,0.0,0.0,0.0,0.0,0,0,0.01
SPY,2024-12-24,615.0,CALL,2024-12-24T12:15:00.000,0.0,0.0,0.0,0.0,0,0,0.01
SPY,2024-12-24,615.0,CALL,2024-12-24T12:20:00.000,0.0,0.0,0.0,0.0,0,0,0.01
SPY,2024-12-24,615.0,CALL,2024-12-24T12:25:00.000,0.0,0.0,0.0,0.0,0,0,0.01
SPY,2024-12-24,615.0,CALL,2024-12-24T12:30:00.000,0.0,0.0,0.0,0.0,0,0,0.01
SPY,2024-12-24,615.0,CALL,2024-12-24T12:35:00.000,0.0,0.0,0.0,0.0,0,0,0.01
SPY,2024-12-24,615.0,CALL,2024-12-24T12:40:00.000,0.0,0.0,0.0,0.0,0,0,0.01
SPY,2024-12-24,615.0,CALL,2024-12-24T12:45:00.000,0.0,0.0,0.0,0.0,0,0,0.01
SPY,2024-12-24,615.0,CALL,2024-12-24T12:50:00.000,0.0,0.0,0.0,0.0,0,0,0.01
SPY,2024-12-24,615.0,CALL,2024-12-24T12:55:00.000,0.0,0.0,0.0,0.0,0,0,0.01
SPY,2024-12-24,615.0,CALL,2024-12-24T13:00:00.000,0.0,0.0,0.0,0.0,0,0,0.01
SPY,2024-12-24,615.0,CALL,2024-12-24T13:05:00.000,0.0,0.0,0.0,0.0,0,0,0.01
SPY,2024-12-24,615.0,CALL,2024-12-24T13:10:00.000,0.0,0.0,0.0,0.0,0,0,0.01
SPY,2024-12-24,615.0,CALL,2024-12-24T13:15:00.000,0.0,0.0,0.0,0.0,0,0,0.01
SPY,2024-12-24,615.0,CALL,2024-12-24T13:20:00.000,0.0,0.0,0.0,0.0,0,0,0.01
SPY,2024-12-24,615.0,CALL,2024-12-24T13:25:00.000,0.0,0.0,0.0,0.0,0,0,0.01
SPY,2024-12-24,615.0,CALL,2024-12-24T13:30:00.000,0.0,0.0,0.0,0.0,0,0,0.01
SPY,2024-12-24,615.0,CALL,2024-12-24T13:35:00.000,0.0,0.0,0.0,0.0,0,0,0.01
SPY,2024-12-24,615.0,CALL,2024-12-24T13:40:00.000,0.0,0.0,0.0,0.0,0,0,0.01
SPY,2024-12-24,615.0,CALL,2024-12-24T13:45:00.000,0.0,0.0,0.0,0.0,0,0,0.01
SPY,2024-12-24,615.0,CALL,2024-12-24T13:50:00.000,0.0,0.0,0.0,0.0,0,0,0.01
SPY,2024-12-24,615.0,CALL,2024-12-24T13:55:00.000,0.0,0.0,0.0,0.0,0,0,0.01
SPY,2024-12-24,615.0,CALL,2024-12-24T14:00:00.000,0.0,0.0,0.0,0.0,0,0,0.01
SPY,2024-12-24,615.0,CALL,2024-12-24T14:05:00.000,0.0,0.0,0.0,0.0,0,0,0.01
SPY,2024-12-24,615.0,CALL,2024-12-24T14:10:00.000,0.0,0.0,0.0,0.0,0,0,0.01
SPY,2024-12-24,615.0,CALL,2024-12-24T14:15:00.000,0.0,0.0,0.0,0.0,0,0,0.01
SPY,2024-12-24,615.0,CALL,2024-12-24T14:20:00.000,0.0,0.0,0.0,0.0,0,0,0.01
SPY,2024-12-24,615.0,CALL,2024-12-24T14:25:00.000,0.0,0.0,0.0,0.0,0,0,0.01
SPY,2024-12-24,615.0,CALL,2024-12-24T14:30:00.000,0.0,0.0,0.0,0.0,0,0,0.01
SPY,2024-12-24,615.0,CALL,2024-12-24T14:35:00.000,0.0,0.0,0.0,0.0,0,0,0.01
SPY,2024-12-24,615.0,CALL,2024-12-24T14:40:00.000,0.0,0.0,0.0,0.0,0,0,0.01
SPY,2024-12-24,615.0,CALL,2024-12-24T14:45:00.000,0.0,0.0,0.0,0.0,0,0,0.01
SPY,2024-12-24,615.0,CALL,2024-12-24T14:50:00.000,0.0,0.0,0.0,0.0,0,0,0.01
SPY,2024-12-24,615.0,CALL,2024-12-24T14:55:00.000,0.0,0.0,0.0,0.0,0,0,0.01
SPY,2024-12-24,615.0,CALL,2024-12-24T15:00:00.000,0.0,0.0,0.0,0.0,0,0,0.01
SPY,2024-12-24,615.0,CALL,2024-12-24T15:05:00.000,0.0,0.0,0.0,0.0,0,0,0.01
SPY,2024-12-24,615.0,CALL,2024-12-24T15:10:00.000,0.0,0.0,0.0,0.0,0,0,0.01
SPY,2024-12-24,615.0,CALL,2024-12-24T15:15:00.000,0.0,0.0,0.0,0.0,0,0,0.01
SPY,2024-12-24,615.0,CALL,2024-12-24T15:20:00.000,0.0,0.0,0.0,0.0,0,0,0.01
SPY,2024-12-24,615.0,CALL,2024-12-24T15:25:00.000,0.0,0.0,0.0,0.0,0,0,0.01
SPY,2024-12-24,615.0,CALL,2024-12-24T15:30:00.000,0.0,0.0,0.0,0.0,0,0,0.01
SPY,2024-12-24,615.0,CALL,2024-12-24T15:35:00.000,0.0,0.0,0.0,0.0,0,0,0.01
SPY,2024-12-24,615.0,CALL,2024-12-24T15:40:00.000,0.0,0.0,0.0,0.0,0,0,0.01
SPY,2024-12-24,615.0,CALL,2024-12-24T15:45:00.000,0.0,0.0,0.0,0.0,0,0,0.01
SPY,2024-12-24,615.0,CALL,2024-12-24T15:50:00.000,0.0,0.0,0.0,0.0,0,0,0.01
SPY,2024-12-24,615.0,CALL,2024-12-24T15:55:00.000,0.0,0.0,0.0,0.0,0,0,0.01
SPY,2024-12-24,615.0,CALL,2024-12-24T16:00:00.000,0.0,0.0,0.0,0.0,0,0,0.01
SPY,2024-12-24,599.0,CALL,2024-12-24T09:30:00.000,0.08,0.18,0.08,0.17,8568,771,0.12
SPY,2024-12-24,599.0,CALL,2024-12-24T09:35:00.000,0.16,0.24,0.12,0.19,7898,1063,0.15
SPY,2024-12-24,599.0,CALL,2024-12-24T09:40:00.000,0.19,0.27,0.17,0.21,10966,1408,0.17
SPY,2024-12-24,599.0,CALL,2024-12-24T09:45:00.000,0.21,0.24,0.19,0.2,6674,772,0.18
SPY,2024-12-24,599.0,CALL,2024-12-24T09:50:00.000,0.2,0.24,0.16,0.21,6017,807,0.19
SPY,2024-12-24,599.0,CALL,2024-12-24T09:55:00.000,0.22,0.24,0.17,0.22,6374,764,0.19
SPY,2024-12-24,599.0,CALL,2024-12-24T10:00:00.000,0.23,0.35,0.21,0.33,16861,1994,0.21
SPY,2024-12-24,599.0,CALL,2024-12-24T10:05:00.000,0.33,0.41,0.23,0.26,16522,2262,0.24
SPY,2024-12-24,599.0,CALL,2024-12-24T10:10:00.000,0.25,0.39,0.25,0.36,10544,1436,0.25
SPY,2024-12-24,599.0,CALL,2024-12-24T10:15:00.000,0.35,0.42,0.34,0.38,16123,1926,0.27
SPY,2024-12-24,599.0,CALL,2024-12-24T10:20:00.000,0.39,0.4,0.29,0.38,12886,1483,0.28
SPY,2024-12-24,599.0,CALL,2024-12-24T10:25:00.000,0.37,0.42,0.35,0.38,9983,1250,0.29
SPY,2024-12-24,599.0,CALL,2024-12-24T10:30:00.000,0.37,0.5,0.34,0.48,17683,2058,0.3
SPY,2024-12-24,599.0,CALL,2024-12-24T10:35:00.000,0.48,0.61,0.41,0.52,20112,2341,0.33
SPY,2024-12-24,599.0,CALL,2024-12-24T10:40:00.000,0.51,0.83,0.51,0.78,21782,2735,0.37
SPY,2024-12-24,599.0,CALL,2024-12-24T10:45:00.000,0.77,0.85,0.68,0.8,10042,1416,0.39
SPY,2024-12-24,599.0,CALL,2024-12-24T10:50:00.000,0.8,0.81,0.47,0.5,13478,1544,0.4
SPY,2024-12-24,599.0,CALL,2024-12-24T10:55:00.000,0.5,0.74,0.49,0.72,13671,1372,0.42
SPY,2024-12-24,599.0,CALL,2024-12-24T11:00:00.000,0.7,0.81,0.65,0.73,6660,774,0.43
SPY,2024-12-24,599.0,CALL,2024-12-24T11:05:00.000,0.74,0.74,0.52,0.64,5802,771,0.43
SPY,2024-12-24,599.0,CALL,2024-12-24T11:10:00.000,0.66,0.66,0.49,0.59,6845,652,0.43
SPY,2024-12-24,599.0,CALL,2024-12-24T11:15:00.000,0.59,0.68,0.54,0.6,6274,583,0.44
SPY,2024-12-24,599.0,CALL,2024-12-24T11:20:00.000,0.6,0.7,0.55,0.67,5024,542,0.44
SPY,2024-12-24,599.0,CALL,2024-12-24T11:25:00.000,0.68,0.71,0.62,0.65,5419,506,0.45
SPY,2024-12-24,599.0,CALL,2024-12-24T11:30:00.000,0.64,0.68,0.56,0.67,5392,549,0.45
SPY,2024-12-24,599.0,CALL,2024-12-24T11:35:00.000,0.66,0.81,0.59,0.75,10139,977,0.46
SPY,2024-12-24,599.0,CALL,2024-12-24T11:40:00.000,0.77,0.95,0.73,0.91,8618,1020,0.47
SPY,2024-12-24,599.0,CALL,2024-12-24T11:45:00.000,0.9,0.98,0.83,0.93,4324,629,0.48
SPY,2024-12-24,599.0,CALL,2024-12-24T11:50:00.000,0.91,0.96,0.38,0.51,9473,1264,0.48
SPY,2024-12-24,599.0,CALL,2024-12-24T11:55:00.000,0.51,0.77,0.42,0.46,8268,1024,0.48
SPY,2024-12-24,599.0,CALL,2024-12-24T12:00:00.000,0.47,0.69,0.42,0.64,5803,552,0.49
SPY,2024-12-24,599.0,CALL,2024-12-24T12:05:00.000,0.63,0.82,0.6,0.81,4685,534,0.49
SPY,2024-12-24,599.0,CALL,2024-12-24T12:10:00.000,0.83,0.98,0.71,0.97,5417,699,0.5
SPY,2024-12-24,599.0,CALL,2024-12-24T12:15:00.000,0.97,1.04,0.84,1.02,4104,571,0.5
SPY,2024-12-24,599.0,CALL,2024-12-24T12:20:00.000,1.01,1.19,0.96,1.02,3803,583,0.51
SPY,2024-12-24,599.0,CALL,2024-12-24T12:25:00.000,1.01,1.35,1.0,1.2,3716,389,0.51
SPY,2024-12-24,599.0,CALL,2024-12-24T12:30:00.000,1.16,1.24,0.64,0.64,4113,642,0.52
SPY,2024-12-24,599.0,CALL,2024-12-24T12:35:00.000,0.64,1.04,0.45,1.0,4412,525,0.52
SPY,2024-12-24,599.0,CALL,2024-12-24T12:40:00.000,0.97,1.3,0.93,1.02,1756,215,0.52
SPY,2024-12-24,599.0,CALL,2024-12-24T12:45:00.000,0.95,1.09,0.68,1.05,1103,208,0.53
SPY,2024-12-24,599.0,CALL,2024-12-24T12:50:00.000,1.09,1.65,1.09,1.61,1415,243,0.53
SPY,2024-12-24,599.0,CALL,2024-12-24T12:55:00.000,1.58,2.27,1.54,2.2,1945,129,0.54
SPY,2024-12-24,599.0,CALL,2024-12-24T13:00:00.000,1.95,2.67,1.73,1.98,338,51,0.54
SPY,2024-12-24,599.0,CALL,2024-12-24T13:05:00.000,2.06,2.29,1.85,1.85,1063,130,0.54
SPY,2024-12-24,599.0,CALL,2024-12-24T13:10:00.000,1.81,2.34,1.7,2.12,42,19,0.54
SPY,2024-12-24,599.0,CALL,2024-12-24T13:15:00.000,0.0,0.0,0.0,0.0,0,0,0.54
SPY,2024-12-24,599.0,CALL,2024-12-24T13:20:00.000,0.0,0.0,0.0,0.0,0,0,0.54
SPY,2024-12-24,599.0,CALL,2024-12-24T13:25:00.000,0.0,0.0,0.0,0.0,0,0,0.54
SPY,2024-12-24,599.0,CALL,2024-12-24T13:30:00.000,0.0,0.0,0.0,0.0,0,0,0.54
SPY,2024-12-24,599.0,CALL,2024-12-24T13:35:00.000,0.0,0.0,0.0,0.0,0,0,0.54
SPY,2024-12-24,599.0,CALL,2024-12-24T13:40:00.000,0.0,0.0,0.0,0.0,0,0,0.54
SPY,2024-12-24,599.0,CALL,2024-12-24T13:45:00.000,0.0,0.0,0.0,0.0,0,0,0.54
SPY,2024-12-24,599.0,CALL,2024-12-24T13:50:00.000,0.0,0.0,0.0,0.0,0,0,0.54
SPY,2024-12-24,599.0,CALL,2024-12-24T13:55:00.000,0.0,0.0,0.0,0.0,0,0,0.54
SPY,2024-12-24,599.0,CALL,2024-12-24T14:00:00.000,0.0,0.0,0.0,0.0,0,0,0.54
SPY,2024-12-24,599.0,CALL,2024-12-24T14:05:00.000,0.0,0.0,0.0,0.0,0,0,0.54
SPY,2024-12-24,599.0,CALL,2024-12-24T14:10:00.000,0.0,0.0,0.0,0.0,0,0,0.54
SPY,2024-12-24,599.0,CALL,2024-12-24T14:15:00.000,0.0,0.0,0.0,0.0,0,0,0.54
SPY,2024-12-24,599.0,CALL,2024-12-24T14:20:00.000,0.0,0.0,0.0,0.0,0,0,0.54
SPY,2024-12-24,599.0,CALL,2024-12-24T14:25:00.000,0.0,0.0,0.0,0.0,0,0,0.54
SPY,2024-12-24,599.0,CALL,2024-12-24T14:30:00.000,0.0,0.0,0.0,0.0,0,0,0.54
SPY,2024-12-24,599.0,CALL,2024-12-24T14:35:00.000,0.0,0.0,0.0,0.0,0,0,0.54
SPY,2024-12-24,599.0,CALL,2024-12-24T14:40:00.000,0.0,0.0,0.0,0.0,0,0,0.54
SPY,2024-12-24,599.0,CALL,2024-12-24T14:45:00.000,0.0,0.0,0.0,0.0,0,0,0.54
SPY,2024-12-24,599.0,CALL,2024-12-24T14:50:00.000,0.0,0.0,0.0,0.0,0,0,0.54
SPY,2024-12-24,599.0,CALL,2024-12-24T14:55:00.000,0.0,0.0,0.0,0.0,0,0,0.54
SPY,2024-12-24,599.0,CALL,2024-12-24T15:00:00.000,0.0,0.0,0.0,0.0,0,0,0.54
SPY,2024-12-24,599.0,CALL,2024-12-24T15:05:00.000,0.0,0.0,0.0,0.0,0,0,0.54
SPY,2024-12-24,599.0,CALL,2024-12-24T15:10:00.000,0.0,0.0,0.0,0.0,0,0,0.54
SPY,2024-12-24,599.0,CALL,2024-12-24T15:15:00.000,0.0,0.0,0.0,0.0,0,0,0.54
SPY,2024-12-24,599.0,CALL,2024-12-24T15:20:00.000,0.0,0.0,0.0,0.0,0,0,0.54
SPY,2024-12-24,599.0,CALL,2024-12-24T15:25:00.000,0.0,0.0,0.0,0.0,0,0,0.54
SPY,2024-12-24,599.0,CALL,2024-12-24T15:30:00.000,0.0,0.0,0.0,0.0,0,0,0.54
SPY,2024-12-24,599.0,CALL,2024-12-24T15:35:00.000,0.0,0.0,0.0,0.0,0,0,0.54
SPY,2024-12-24,599.0,CALL,2024-12-24T15:40:00.000,0.0,0.0,0.0,0.0,0,0,0.54
SPY,2024-12-24,599.0,CALL,2024-12-24T15:45:00.000,0.0,0.0,0.0,0.0,0,0,0.54
SPY,2024-12-24,599.0,CALL,2024-12-24T15:50:00.000,0.0,0.0,0.0,0.0,0,0,0.54
SPY,2024-12-24,599.0,CALL,2024-12-24T15:55:00.000,0.0,0.0,0.0,0.0,0,0,0.54
SPY,2024-12-24,599.0,CALL,2024-12-24T16:00:00.000,0.0,0.0,0.0,0.0,0,0,0.54
SPY,2024-12-24,594.0,CALL,2024-12-24T09:30:00.000,2.4,2.6,2.02,2.54,1635,398,2.28
SPY,2024-12-24,594.0,CALL,2024-12-24T09:35:00.000,2.5,2.93,2.25,2.74,873,280,2.38
SPY,2024-12-24,594.0,CALL,2024-12-24T09:40:00.000,2.72,3.2,2.71,3.0,918,238,2.54
SPY,2024-12-24,594.0,CALL,2024-12-24T09:45:00.000,3.04,3.21,2.98,3.09,293,115,2.58
SPY,2024-12-24,594.0,CALL,2024-12-24T09:50:00.000,3.06,3.34,2.82,3.15,333,103,2.63
SPY,2024-12-24,594.0,CALL,2024-12-24T09:55:00.000,3.17,3.38,2.93,3.34,525,123,2.69
SPY,2024-12-24,594.0,CALL,2024-12-24T10:00:00.000,3.36,3.94,3.33,3.92,273,114,2.74
SPY,2024-12-24,594.0,CALL,2024-12-24T10:05:00.000,3.89,4.15,3.56,3.65,474,142,2.85
SPY,2024-12-24,594.0,CALL,2024-12-24T10:10:00.000,3.63,4.15,3.63,4.15,226,58,2.9
SPY,2024-12-24,594.0,CALL,2024-12-24T10:15:00.000,4.2,4.35,4.11,4.25,311,50,2.97
SPY,2024-12-24,594.0,CALL,2024-12-24T10:20:00.000,4.15,4.25,3.88,4.13,184,35,3.0
SPY,2024-12-24,594.0,CALL,2024-12-24T10:25:00.000,4.17,4.41,4.16,4.26,249,24,3.05
SPY,2024-12-24,594.0,CALL,2024-12-24T10:30:00.000,4.25,4.69,4.22,4.62,189,46,3.1
SPY,2024-12-24,594.0,CALL,2024-12-24T10:35:00.000,4.59,4.88,4.59,4.75,266,27,3.16
SPY,2024-12-24,594.0,CALL,2024-12-24T10:40:00.000,4.82,5.3,4.82,5.19,92,22,3.19
SPY,2024-12-24,594.0,CALL,2024-12-24T10:45:00.000,5.2,5.35,5.11,5.25,51,26,3.2
SPY,2024-12-24,594.0,CALL,2024-12-24T10:50:00.000,5.27,5.27,4.71,4.75,124,45,3.23
SPY,2024-12-24,594.0,CALL,2024-12-24T10:55:00.000,4.8,5.15,4.8,5.14,70,19,3.25
SPY,2024-12-24,594.0,CALL,2024-12-24T11:00:00.000,5.18,5.3,5.16,5.25,321,11,3.34
SPY,2024-12-24,594.0,CALL,2024-12-24T11:05:00.000,5.16,5.16,4.86,5.09,86,24,3.36
SPY,2024-12-24,594.0,CALL,2024-12-24T11:10:00.000,4.95,5.1,4.84,5.1,27,17,3.36
SPY,2024-12-24,594.0,CALL,2024-12-24T11:15:00.000,5.08,5.24,5.02,5.11,29,14,3.37
SPY,2024-12-24,594.0,CALL,2024-12-24T11:20:00.000,5.2,5.29,5.08,5.29,35,9,3.38
SPY,2024-12-24,594.0,CALL,2024-12-24T11:25:00.000,5.32,5.32,5.23,5.25,35,11,3.39
SPY,2024-12-24,594.0,CALL,2024-12-24T11:30:00.000,5.03,5.31,5.03,5.31,51,18,3.4
SPY,2024-12-24,594.0,CALL,2024-12-24T11:35:00.000,5.31,5.55,5.21,5.42,49,20,3.41
SPY,2024-12-24,594.0,CALL,2024-12-24T11:40:00.000,5.5,5.7,5.5,5.7,28,8,3.42
SPY,2024-12-24,594.0,CALL,2024-12-24T11:45:00.000,5.68,5.8,5.61,5.74,43,9,3.43
SPY,2024-12-24,594.0,CALL,2024-12-24T11:50:00.000,5.81,5.81,4.78,5.07,65,28,3.45
SPY,2024-12-24,594.0,CALL,2024-12-24T11:55:00.000,5.09,5.54,4.87,5.47,121,15,3.48
SPY,2024-12-24,594.0,CALL,2024-12-24T12:00:00.000,5.0,5.35,5.0,5.35,64,7,3.49
SPY,2024-12-24,594.0,CALL,2024-12-24T12:05:00.000,5.33,5.59,5.33,5.51,27,10,3.5
SPY,2024-12-24,594.0,CALL,2024-12-24T12:10:00.000,5.68,5.7,5.57,5.65,49,10,3.51
SPY,2024-12-24,594.0,CALL,2024-12-24T12:15:00.000,5.81,5.9,5.62,5.9,29,7,3.52
SPY,2024-12-24,594.0,CALL,2024-12-24T12:20:00.000,5.9,6.1,5.76,5.97,160,59,3.56
SPY,2024-12-24,594.0,CALL,2024-12-24T12:25:00.000,6.12,6.39,5.94,6.18,16,10,3.57
SPY,2024-12-24,594.0,CALL,2024-12-24T12:30:00.000,6.0,6.12,5.54,5.54,276,38,3.64
SPY,2024-12-24,594.0,CALL,2024-12-24T12:35:00.000,5.44,5.8,5.3,5.8,285,32,3.7
SPY,2024-12-24,594.0,CALL,2024-12-24T12:40:00.000,6.1,6.23,5.88,5.89,31,10,3.7
SPY,2024-12-24,594.0,CALL,2024-12-24T12:45:00.000,5.74,5.93,5.71,5.85,253,15,3.76
SPY,2024-12-24,594.0,CALL,2024-12-24T12:50:00.000,6.32,6.36,6.32,6.36,7,3,3.76
SPY,2024-12-24,594.0,CALL,2024-12-24T12:55:00.000,6.73,7.08,6.73,7.07,14,10,3.77
SPY,2024-12-24,594.0,CALL,2024-12-24T13:00:00.000,6.96,7.12,6.55,6.99,61,14,3.79
SPY,2024-12-24,594.0,CALL,2024-12-24T13:05:00.000,7.02,7.22,6.92,7.22,25,6,3.8
SPY,2024-12-24,594.0,CALL,2024-12-24T13:10:00.000,7.18,7.24,7.14,7.24,16,7,3.8
SPY,2024-12-24,594.0,CALL,2024-12-24T13:15:00.000,0.0,0.0,0.0,0.0,0,0,3.8
SPY,2024-12-24,594.0,CALL,2024-12-24T13:20:00.000,0.0,0.0,0.0,0.0,0,0,3.8
SPY,2024-12-24,594.0,CALL,2024-12-24T13:25:00.000,0.0,0.0,0.0,0.0,0,0,3.8
SPY,2024-12-24,594.0,CALL,2024-12-24T13:30:00.000,0.0,0.0,0.0,0.0,0,0,3.8
SPY,2024-12-24,594.0,CALL,2024-12-24T13:35:00.000,0.0,0.0,0.0,0.0,0,0,3.8
SPY,2024-12-24,594.0,CALL,2024-12-24T13:40:00.000,0.0,0.0,0.0,0.0,0,0,3.8
SPY,2024-12-24,594.0,CALL,2024-12-24T13:45:00.000,0.0,0.0,0.0,0.0,0,0,3.8
SPY,2024-12-24,594.0,CALL,2024-12-24T13:50:00.000,0.0,0.0,0.0,0.0,0,0,3.8
SPY,2024-12-24,594.0,CALL,2024-12-24T13:55:00.000,0.0,0.0,0.0,0.0,0,0,3.8
SPY,2024-12-24,594.0,CALL,2024-12-24T14:00:00.000,0.0,0.0,0.0,0.0,0,0,3.8
SPY,2024-12-24,594.0,CALL,2024-12-24T14:05:00.000,0.0,0.0,0.0,0.0,0,0,3.8
SPY,2024-12-24,594.0,CALL,2024-12-24T14:10:00.000,0.0,0.0,0.0,0.0,0,0,3.8
SPY,2024-12-24,594.0,CALL,2024-12-24T14:15:00.000,0.0,0.0,0.0,0.0,0,0,3.8
SPY,2024-12-24,594.0,CALL,2024-12-24T14:20:00.000,0.0,0.0,0.0,0.0,0,0,3.8
SPY,2024-12-24,594.0,CALL,2024-12-24T14:25:00.000,0.0,0.0,0.0,0.0,0,0,3.8
SPY,2024-12-24,594.0,CALL,2024-12-24T14:30:00.000,0.0,0.0,0.0,0.0,0,0,3.8
SPY,2024-12-24,594.0,CALL,2024-12-24T14:35:00.000,0.0,0.0,0.0,0.0,0,0,3.8
SPY,2024-12-24,594.0,CALL,2024-12-24T14:40:00.000,0.0,0.0,0.0,0.0,0,0,3.8
SPY,2024-12-24,594.0,CALL,2024-12-24T14:45:00.000,0.0,0.0,0.0,0.0,0,0,3.8
SPY,2024-12-24,594.0,CALL,2024-12-24T14:50:00.000,0.0,0.0,0.0,0.0,0,0,3.8
SPY,2024-12-24,594.0,CALL,2024-12-24T14:55:00.000,0.0,0.0,0.0,0.0,0,0,3.8
SPY,2024-12-24,594.0,CALL,2024-12-24T15:00:00.000,0.0,0.0,0.0,0.0,0,0,3.8
SPY,2024-12-24,594.0,CALL,2024-12-24T15:05:00.000,0.0,0.0,0.0,0.0,0,0,3.8
SPY,2024-12-24,594.0,CALL,2024-12-24T15:10:00.000,0.0,0.0,0.0,0.0,0,0,3.8
SPY,2024-12-24,594.0,CALL,2024-12-24T15:15:00.000,0.0,0.0,0.0,0.0,0,0,3.8
SPY,2024-12-24,594.0,CALL,2024-12-24T15:20:00.000,0.0,0.0,0.0,0.0,0,0,3.8
SPY,2024-12-24,594.0,CALL,2024-12-24T15:25:00.000,0.0,0.0,0.0,0.0,0,0,3.8
SPY,2024-12-24,594.0,CALL,2024-12-24T15:30:00.000,0.0,0.0,0.0,0.0,0,0,3.8
SPY,2024-12-24,594.0,CALL,2024-12-24T15:35:00.000,0.0,0.0,0.0,0.0,0,0,3.8
SPY,2024-12-24,594.0,CALL,2024-12-24T15:40:00.000,0.0,0.0,0.0,0.0,0,0,3.8
SPY,2024-12-24,594.0,CALL,2024-12-24T15:45:00.000,0.0,0.0,0.0,0.0,0,0,3.8
SPY,2024-12-24,594.0,CALL,2024-12-24T15:50:00.000,0.0,0.0,0.0,0.0,0,0,3.8
SPY,2024-12-24,594.0,CALL,2024-12-24T15:55:00.000,0.0,0.0,0.0,0.0,0,0,3.8
SPY,2024-12-24,594.0,CALL,2024-12-24T16:00:00.000,0.0,0.0,0.0,0.0,0,0,3.8
SPY,2024-12-24,610.0,CALL,2024-12-24T09:30:00.000,0.01,0.01,0.01,0.01,2,2,0.01
SPY,2024-12-24,610.0,CALL,2024-12-24T09:35:00.000,0.0,0.0,0.0,0.0,0,0,0.01
SPY,2024-12-24,610.0,CALL,2024-12-24T09:40:00.000,0.0,0.0,0.0,0.0,0,0,0.01
SPY,2024-12-24,610.0,CALL,2024-12-24T09:45:00.000,0.01,0.01,0.01,0.01,1,1,0.01
SPY,2024-12-24,610.0,CALL,2024-12-24T09:50:00.000,0.0,0.0,0.0,0.0,0,0,0.01
SPY,2024-12-24,610.0,CALL,2024-12-24T09:55:00.000,0.0,0.0,0.0,0.0,0,0,0.01
SPY,2024-12-24,610.0,CALL,2024-12-24T10:00:00.000,0.01,0.01,0.01,0.01,1,1,0.01
SPY,2024-12-24,610.0,CALL,2024-12-24T10:05:00.000,0.0,0.0,0.0,0.0,0,0,0.01
SPY,2024-12-24,610.0,CALL,2024-12-24T10:10:00.000,0.0,0.0,0.0,0.0,0,0,0.01
SPY,2024-12-24,610.0,CALL,2024-12-24T10:15:00.000,0.0,0.0,0.0,0.0,0,0,0.01
SPY,2024-12-24,610.0,CALL,2024-12-24T10:20:00.000,0.0,0.0,0.0,0.0,0,0,0.01
SPY,2024-12-24,610.0,CALL,2024-12-24T10:25:00.000,0.0,0.0,0.0,0.0,0,0,0.01
SPY,2024-12-24,610.0,CALL,2024-12-24T10:30:00.000,0.0,0.0,0.0,0.0,0,0,0.01
SPY,2024-12-24,610.0,CALL,2024-12-24T10:35:00.000,0.01,0.01,0.01,0.01,3,3,0.01
SPY,2024-12-24,610.0,CALL,2024-12-24T10:40:00.000,0.0,0.0,0.0,0.0,0,0,0.01
SPY,2024-12-24,610.0,CALL,2024-12-24T10:45:00.000,0.01,0.01,0.01,0.01,1,1,0.01
SPY,2024-12-24,610.0,CALL,2024-12-24T10:50:00.000,0.0,0.0,0.0,0.0,0,0,0.01
SPY,2024-12-24,610.0,CALL,2024-12-24T10:55:00.000,0.0,0.0,0.0,0.0,0,0,0.01
SPY,2024-12-24,610.0,CALL,2024-12-24T11:00:00.000,0.0,0.0,0.0,0.0,0,0,0.01
SPY,2024-12-24,610.0,CALL,2024-12-24T11:05:00.000,0.0,0.0,0.0,0.0,0,0,0.01
SPY,2024-12-24,610.0,CALL,2024-12-24T11:10:00.000,0.01,0.01,0.01,0.01,10,3,0.01
SPY,2024-12-24,610.0,CALL,2024-12-24T11:15:00.000,0.0,0.0,0.0,0.0,0,0,0.01
SPY,2024-12-24,610.0,CALL,2024-12-24T11:20:00.000,0.0,0.0,0.0,0.0,0,0,0.01
SPY,2024-12-24,610.0,CALL,2024-12-24T11:25:00.000,0.0,0.0,0.0,0.0,0,0,0.01
SPY,2024-12-24,610.0,CALL,2024-12-24T11:30:00.000,0.0,0.0,0.0,0.0,0,0,0.01
SPY,2024-12-24,610.0,CALL,2024-12-24T11:35:00.000,0.0,0.0,0.0,0.0,0,0,0.01
SPY,2024-12-24,610.0,CALL,2024-12-24T11:40:00.000,0.0,0.0,0.0,0.0,0,0,0.01
SPY,2024-12-24,610.0,CALL,2024-12-24T11:45:00.000,0.0,0.0,0.0,0.0,0,0,0.01
SPY,2024-12-24,610.0,CALL,2024-12-24T11:50:00.000,0.0,0.0,0.0,0.0,0,0,0.01
SPY,2024-12-24,610.0,CALL,2024-12-24T11:55:00.000,0.01,0.01,0.01,0.01,3,2,0.01
SPY,2024-12-24,610.0,CALL,2024-12-24T12:00:00.000,0.0,0.0,0.0,0.0,0,0,0.01
SPY,2024-12-24,610.0,CALL,2024-12-24T12:05:00.000,0.0,0.0,0.0,0.0,0,0,0.01
SPY,2024-12-24,610.0,CALL,2024-12-24T12:10:00.000,0.0,0.0,0.0,0.0,0,0,0.01
SPY,2024-12-24,610.0,CALL,2024-12-24T12:15:00.000,0.0,0.0,0.0,0.0,0,0,0.01
SPY,2024-12-24,610.0,CALL,2024-12-24T12:20:00.000,0.01,0.01,0.01,0.01,1,1,0.01
SPY,2024-12-24,610.0,CALL,2024-12-24T12:25:00.000,0.01,0.01,0.01,0.01,75,1,0.01
SPY,2024-12-24,610.0,CALL,2024-12-24T12:30:00.000,0.0,0.0,0.0,0.0,0,0,0.01
SPY,2024-12-24,610.0,CALL,2024-12-24T12:35:00.000,0.0,0.0,0.0,0.0,0,0,0.01
SPY,2024-12-24,610.0,CALL,2024-12-24T12:40:00.000,0.0,0.0,0.0,0.0,0,0,0.01
SPY,2024-12-24,610.0,CALL,2024-12-24T12:45:00.000,0.0,0.0,0.0,0.0,0,0,0.01
SPY,2024-12-24,610.0,CALL,2024-12-24T12:50:00.000,0.01,0.01,0.01,0.01,1,1,0.01
SPY,2024-12-24,610.0,CALL,2024-12-24T12:55:00.000,0.0,0.0,0.0,0.0,0,0,0.01
SPY,2024-12-24,610.0,CALL,2024-12-24T13:00:00.000,0.0,0.0,0.0,0.0,0,0,0.01
SPY,2024-12-24,610.0,CALL,2024-12-24T13:05:00.000,0.0,0.0,0.0,0.0,0,0,0.01
SPY,2024-12-24,610.0,CALL,2024-12-24T13:10:00.000,0.0,0.0,0.0,0.0,0,0,0.01
SPY,2024-12-24,610.0,CALL,2024-12-24T13:15:00.000,0.0,0.0,0.0,0.0,0,0,0.01
SPY,2024-12-24,610.0,CALL,2024-12-24T13:20:00.000,0.0,0.0,0.0,0.0,0,0,0.01
SPY,2024-12-24,610.0,CALL,2024-12-24T13:25:00.000,0.0,0.0,0.0,0.0,0,0,0.01
SPY,2024-12-24,610.0,CALL,2024-12-24T13:30:00.000,0.0,0.0,0.0,0.0,0,0,0.01
SPY,2024-12-24,610.0,CALL,2024-12-24T13:35:00.000,0.0,0.0,0.0,0.0,0,0,0.01
SPY,2024-12-24,610.0,CALL,2024-12-24T13:40:00.000,0.0,0.0,0.0,0.0,0,0,0.01
SPY,2024-12-24,610.0,CALL,2024-12-24T13:45:00.000,0.0,0.0,0.0,0.0,0,0,0.01
SPY,2024-12-24,610.0,CALL,2024-12-24T13:50:00.000,0.0,0.0,0.0,0.0,0,0,0.01
SPY,2024-12-24,610.0,CALL,2024-12-24T13:55:00.000,0.0,0.0,0.0,0.0,0,0,0.01
SPY,2024-12-24,610.0,CALL,2024-12-24T14:00:00.000,0.0,0.0,0.0,0.0,0,0,0.01
SPY,2024-12-24,610.0,CALL,2024-12-24T14:05:00.000,0.0,0.0,0.0,0.0,0,0,0.01
SPY,2024-12-24,610.0,CALL,2024-12-24T14:10:00.000,0.0,0.0,0.0,0.0,0,0,0.01
SPY,2024-12-24,610.0,CALL,2024-12-24T14:15:00.000,0.0,0.0,0.0,0.0,0,0,0.01
SPY,2024-12-24,610.0,CALL,2024-12-24T14:20:00.000,0.0,0.0,0.0,0.0,0,0,0.01
SPY,2024-12-24,610.0,CALL,2024-12-24T14:25:00.000,0.0,0.0,0.0,0.0,0,0,0.01
SPY,2024-12-24,610.0,CALL,2024-12-24T14:30:00.000,0.0,0.0,0.0,0.0,0,0,0.01
SPY,2024-12-24,610.0,CALL,2024-12-24T14:35:00.000,0.0,0.0,0.0,0.0,0,0,0.01
SPY,2024-12-24,610.0,CALL,2024-12-24T14:40:00.000,0.0,0.0,0.0,0.0,0,0,0.01
SPY,2024-12-24,610.0,CALL,2024-12-24T14:45:00.000,0.0,0.0,0.0,0.0,0,0,0.01
SPY,2024-12-24,610.0,CALL,2024-12-24T14:50:00.000,0.0,0.0,0.0,0.0,0,0,0.01
SPY,2024-12-24,610.0,CALL,2024-12-24T14:55:00.000,0.0,0.0,0.0,0.0,0,0,0.01
SPY,2024-12-24,610.0,CALL,2024-12-24T15:00:00.000,0.0,0.0,0.0,0.0,0,0,0.01
SPY,2024-12-24,610.0,CALL,2024-12-24T15:05:00.000,0.0,0.0,0.0,0.0,0,0,0.01
SPY,2024-12-24,610.0,CALL,2024-12-24T15:10:00.000,0.0,0.0,0.0,0.0,0,0,0.01
SPY,2024-12-24,610.0,CALL,2024-12-24T15:15:00.000,0.0,0.0,0.0,0.0,0,0,0.01
SPY,2024-12-24,610.0,CALL,2024-12-24T15:20:00.000,0.0,0.0,0.0,0.0,0,0,0.01
SPY,2024-12-24,610.0,CALL,2024-12-24T15:25:00.000,0.0,0.0,0.0,0.0,0,0,0.01
SPY,2024-12-24,610.0,CALL,2024-12-24T15:30:00.000,0.0,0.0,0.0,0.0,0,0,0.01
SPY,2024-12-24,610.0,CALL,2024-12-24T15:35:00.000,0.0,0.0,0.0,0.0,0,0,0.01
SPY,2024-12-24,610.0,CALL,2024-12-24T15:40:00.000,0.0,0.0,0.0,0.0,0,0,0.01
SPY,2024-12-24,610.0,CALL,2024-12-24T15:45:00.000,0.0,0.0,0.0,0.0,0,0,0.01
SPY,2024-12-24,610.0,CALL,2024-12-24T15:50:00.000,0.0,0.0,0.0,0.0,0,0,0.01
SPY,2024-12-24,610.0,CALL,2024-12-24T15:55:00.000,0.0,0.0,0.0,0.0,0,0,0.01
SPY,2024-12-24,610.0,CALL,2024-12-24T16:00:00.000,0.0,0.0,0.0,0.0,0,0,0.01
SPY,2024-12-24,530.0,CALL,2024-12-24T09:30:00.000,0.0,0.0,0.0,0.0,0,0,0.0
SPY,2024-12-24,530.0,CALL,2024-12-24T09:35:00.000,0.0,0.0,0.0,0.0,0,0,0.0
SPY,2024-12-24,530.0,CALL,2024-12-24T09:40:00.000,0.0,0.0,0.0,0.0,0,0,0.0
SPY,2024-12-24,530.0,CALL,2024-12-24T09:45:00.000,0.0,0.0,0.0,0.0,0,0,0.0
SPY,2024-12-24,530.0,CALL,2024-12-24T09:50:00.000,0.0,0.0,0.0,0.0,0,0,0.0
SPY,2024-12-24,530.0,CALL,2024-12-24T09:55:00.000,0.0,0.0,0.0,0.0,0,0,0.0
SPY,2024-12-24,530.0,CALL,2024-12-24T10:00:00.000,0.0,0.0,0.0,0.0,0,0,0.0
SPY,2024-12-24,530.0,CALL,2024-12-24T10:05:00.000,0.0,0.0,0.0,0.0,0,0,0.0
SPY,2024-12-24,530.0,CALL,2024-12-24T10:10:00.000,0.0,0.0,0.0,0.0,0,0,0.0
SPY,2024-12-24,530.0,CALL,2024-12-24T10:15:00.000,0.0,0.0,0.0,0.0,0,0,0.0
SPY,2024-12-24,530.0,CALL,2024-12-24T10:20:00.000,68.16,68.16,68.16,68.16,1,1,68.15
SPY,2024-12-24,530.0,CALL,2024-12-24T10:25:00.000,0.0,0.0,0.0,0.0,0,0,68.15
SPY,2024-12-24,530.0,CALL,2024-12-24T10:30:00.000,0.0,0.0,0.0,0.0,0,0,68.15
SPY,2024-12-24,530.0,CALL,2024-12-24T10:35:00.000,0.0,0.0,0.0,0.0,0,0,68.15
SPY,2024-12-24,530.0,CALL,2024-12-24T10:40:00.000,0.0,0.0,0.0,0.0,0,0,68.15
SPY,2024-12-24,530.0,CALL,2024-12-24T10:45:00.000,0.0,0.0,0.0,0.0,0,0,68.15
SPY,2024-12-24,530.0,CALL,2024-12-24T10:50:00.000,0.0,0.0,0.0,0.0,0,0,68.15
SPY,2024-12-24,530.0,CALL,2024-12-24T10:55:00.000,0.0,0.0,0.0,0.0,0,0,68.15
SPY,2024-12-24,530.0,CALL,2024-12-24T11:00:00.000,0.0,0.0,0.0,0.0,0,0,68.15
SPY,2024-12-24,530.0,CALL,2024-12-24T11:05:00.000,0.0,0.0,0.0,0.0,0,0,68.15
SPY,2024-12-24,530.0,CALL,2024-12-24T11:10:00.000,0.0,0.0,0.0,0.0,0,0,68.15
SPY,2024-12-24,530.0,CALL,2024-12-24T11:15:00.000,0.0,0.0,0.0,0.0,0,0,68.15
SPY,2024-12-24,530.0,CALL,2024-12-24T11:20:00.000,0.0,0.0,0.0,0.0,0,0,68.15
SPY,2024-12-24,530.0,CALL,2024-12-24T11:25:00.000,0.0,0.0,0.0,0.0,0,0,68.15
SPY,2024-12-24,530.0,CALL,2024-12-24T11:30:00.000,0.0,0.0,0.0,0.0,0,0,68.15
SPY,2024-12-24,530.0,CALL,2024-12-24T11:35:00.000,0.0,0.0,0.0,0.0,0,0,68.15
SPY,2024-12-24,530.0,CALL,2024-12-24T11:40:00.000,0.0,0.0,0.0,0.0,0,0,68.15
SPY,2024-12-24,530.0,CALL,2024-12-24T11:45:00.000,0.0,0.0,0.0,0.0,0,0,68.15
SPY,2024-12-24,530.0,CALL,2024-12-24T11:50:00.000,0.0,0.0,0.0,0.0,0,0,68.15
SPY,2024-12-24,530.0,CALL,2024-12-24T11:55:00.000,0.0,0.0,0.0,0.0,0,0,68.15
SPY,2024-12-24,530.0,CALL,2024-12-24T12:00:00.000,0.0,0.0,0.0,0.0,0,0,68.15
SPY,2024-12-24,530.0,CALL,2024-12-24T12:05:00.000,0.0,0.0,0.0,0.0,0,0,68.15
SPY,2024-12-24,530.0,CALL,2024-12-24T12:10:00.000,0.0,0.0,0.0,0.0,0,0,68.15
SPY,2024-12-24,530.0,CALL,2024-12-24T12:15:00.000,0.0,0.0,0.0,0.0,0,0,68.15
SPY,2024-12-24,530.0,CALL,2024-12-24T12:20:00.000,0.0,0.0,0.0,0.0,0,0,68.15
SPY,2024-12-24,530.0,CALL,2024-12-24T12:25:00.000,0.0,0.0,0.0,0.0,0,0,68.15
SPY,2024-12-24,530.0,CALL,2024-12-24T12:30:00.000,0.0,0.0,0.0,0.0,0,0,68.15
SPY,2024-12-24,530.0,CALL,2024-12-24T12:35:00.000,0.0,0.0,0.0,0.0,0,0,68.15
SPY,2024-12-24,530.0,CALL,2024-12-24T12:40:00.000,0.0,0.0,0.0,0.0,0,0,68.15
SPY,2024-12-24,530.0,CALL,2024-12-24T12:45:00.000,0.0,0.0,0.0,0.0,0,0,68.15
SPY,2024-12-24,530.0,CALL,2024-12-24T12:50:00.000,0.0,0.0,0.0,0.0,0,0,68.15
SPY,2024-12-24,530.0,CALL,2024-12-24T12:55:00.000,0.0,0.0,0.0,0.0,0,0,68.15
SPY,2024-12-24,530.0,CALL,2024-12-24T13:00:00.000,0.0,0.0,0.0,0.0,0,0,68.15
SPY,2024-12-24,530.0,CALL,2024-12-24T13:05:00.000,0.0,0.0,0.0,0.0,0,0,68.15
SPY,2024-12-24,530.0,CALL,2024-12-24T13:10:00.000,0.0,0.0,0.0,0.0,0,0,68.15
SPY,2024-12-24,530.0,CALL,2024-12-24T13:15:00.000,0.0,0.0,0.0,0.0,0,0,68.15
SPY,2024-12-24,530.0,CALL,2024-12-24T13:20:00.000,0.0,0.0,0.0,0.0,0,0,68.15
SPY,2024-12-24,530.0,CALL,2024-12-24T13:25:00.000,0.0,0.0,0.0,0.0,0,0,68.15
SPY,2024-12-24,530.0,CALL,2024-12-24T13:30:00.000,0.0,0.0,0.0,0.0,0,0,68.15
SPY,2024-12-24,530.0,CALL,2024-12-24T13:35:00.000,0.0,0.0,0.0,0.0,0,0,68.15
SPY,2024-12-24,530.0,CALL,2024-12-24T13:40:00.000,0.0,0.0,0.0,0.0,0,0,68.15
SPY,2024-12-24,530.0,CALL,2024-12-24T13:45:00.000,0.0,0.0,0.0,0.0,0,0,68.15
SPY,2024-12-24,530.0,CALL,2024-12-24T13:50:00.000,0.0,0.0,0.0,0.0,0,0,68.15
SPY,2024-12-24,530.0,CALL,2024-12-24T13:55:00.000,0.0,0.0,0.0,0.0,0,0,68.15
SPY,2024-12-24,530.0,CALL,2024-12-24T14:00:00.000,0.0,0.0,0.0,0.0,0,0,68.15
SPY,2024-12-24,530.0,CALL,2024-12-24T14:05:00.000,0.0,0.0,0.0,0.0,0,0,68.15
SPY,2024-12-24,530.0,CALL,2024-12-24T14:10:00.000,0.0,0.0,0.0,0.0,0,0,68.15
SPY,2024-12-24,530.0,CALL,2024-12-24T14:15:00.000,0.0,0.0,0.0,0.0,0,0,68.15
SPY,2024-12-24,530.0,CALL,2024-12-24T14:20:00.000,0.0,0.0,0.0,0.0,0,0,68.15
SPY,2024-12-24,530.0,CALL,2024-12-24T14:25:00.000,0.0,0.0,0.0,0.0,0,0,68.15
SPY,2024-12-24,530.0,CALL,2024-12-24T14:30:00.000,0.0,0.0,0.0,0.0,0,0,68.15
SPY,2024-12-24,530.0,CALL,2024-12-24T14:35:00.000,0.0,0.0,0.0,0.0,0,0,68.15
SPY,2024-12-24,530.0,CALL,2024-12-24T14:40:00.000,0.0,0.0,0.0,0.0,0,0,68.15
SPY,2024-12-24,530.0,CALL,2024-12-24T14:45:00.000,0.0,0.0,0.0,0.0,0,0,68.15
SPY,2024-12-24,530.0,CALL,2024-12-24T14:50:00.000,0.0,0.0,0.0,0.0,0,0,68.15
SPY,2024-12-24,530.0,CALL,2024-12-24T14:55:00.000,0.0,0.0,0.0,0.0,0,0,68.15
SPY,2024-12-24,530.0,CALL,2024-12-24T15:00:00.000,0.0,0.0,0.0,0.0,0,0,68.15
SPY,2024-12-24,530.0,CALL,2024-12-24T15:05:00.000,0.0,0.0,0.0,0.0,0,0,68.15
SPY,2024-12-24,530.0,CALL,2024-12-24T15:10:00.000,0.0,0.0,0.0,0.0,0,0,68.15
SPY,2024-12-24,530.0,CALL,2024-12-24T15:15:00.000,0.0,0.0,0.0,0.0,0,0,68.15
SPY,2024-12-24,530.0,CALL,2024-12-24T15:20:00.000,0.0,0.0,0.0,0.0,0,0,68.15
SPY,2024-12-24,530.0,CALL,2024-12-24T15:25:00.000,0.0,0.0,0.0,0.0,0,0,68.15
SPY,2024-12-24,530.0,CALL,2024-12-24T15:30:00.000,0.0,0.0,0.0,0.0,0,0,68.15
SPY,2024-12-24,530.0,CALL,2024-12-24T15:35:00.000,0.0,0.0,0.0,0.0,0,0,68.15
SPY,2024-12-24,530.0,CALL,2024-12-24T15:40:00.000,0.0,0.0,0.0,0.0,0,0,68.15
SPY,2024-12-24,530.0,CALL,2024-12-24T15:45:00.000,0.0,0.0,0.0,0.0,0,0,68.15
SPY,2024-12-24,530.0,CALL,2024-12-24T15:50:00.000,0.0,0.0,0.0,0.0,0,0,68.15
SPY,2024-12-24,530.0,CALL,2024-12-24T15:55:00.000,0.0,0.0,0.0,0.0,0,0,68.15
SPY,2024-12-24,530.0,CALL,2024-12-24T16:00:00.000,0.0,0.0,0.0,0.0,0,0,68.15
SPY,2024-12-24,578.0,CALL,2024-12-24T09:30:00.000,0.0,0.0,0.0,0.0,0,0,0.0
SPY,2024-12-24,578.0,CALL,2024-12-24T09:35:00.000,0.0,0.0,0.0,0.0,0,0,0.0
SPY,2024-12-24,578.0,CALL,2024-12-24T09:40:00.000,19.0,19.0,19.0,19.0,1,1,19.0
SPY,2024-12-24,578.0,CALL,2024-12-24T09:45:00.000,0.0,0.0,0.0,0.0,0,0,19.0
SPY,2024-12-24,578.0,CALL,2024-12-24T09:50:00.000,0.0,0.0,0.0,0.0,0,0,19.0
SPY,2024-12-24,578.0,CALL,2024-12-24T09:55:00.000,0.0,0.0,0.0,0.0,0,0,19.0
SPY,2024-12-24,578.0,CALL,2024-12-24T10:00:00.000,0.0,0.0,0.0,0.0,0,0,19.0
SPY,2024-12-24,578.0,CALL,2024-12-24T10:05:00.000,0.0,0.0,0.0,0.0,0,0,19.0
SPY,2024-12-24,578.0,CALL,2024-12-24T10:10:00.000,0.0,0.0,0.0,0.0,0,0,19.0
SPY,2024-12-24,578.0,CALL,2024-12-24T10:15:00.000,0.0,0.0,0.0,0.0,0,0,19.0
SPY,2024-12-24,578.0,CALL,2024-12-24T10:20:00.000,0.0,0.0,0.0,0.0,0,0,19.0
SPY,2024-12-24,578.0,CALL,2024-12-24T10:25:00.000,0.0,0.0,0.0,0.0,0,0,19.0
SPY,2024-12-24,578.0,CALL,2024-12-24T10:30:00.000,0.0,0.0,0.0,0.0,0,0,19.0
SPY,2024-12-24,578.0,CALL,2024-12-24T10:35:00.000,0.0,0.0,0.0,0.0,0,0,19.0
SPY,2024-12-24,578.0,CALL,2024-12-24T10:40:00.000,0.0,0.0,0.0,0.0,0,0,19.0
SPY,2024-12-24,578.0,CALL,2024-12-24T10:45:00.000,0.0,0.0,0.0,0.0,0,0,19.0
SPY,2024-12-24,578.0,CALL,2024-12-24T10:50:00.000,20.76,20.76,20.76,20.76,44,1,20.72
SPY,2024-12-24,578.0,CALL,2024-12-24T10:55:00.000,20.82,20.82,20.82,20.82,44,1,20.76
SPY,2024-12-24,578.0,CALL,2024-12-24T11:00:00.000,20.67,20.67,20.67,20.67,1,1,20.76
SPY,2024-12-24,578.0,CALL,2024-12-24T11:05:00.000,0.0,0.0,0.0,0.0,0,0,20.76
SPY,2024-12-24,578.0,CALL,2024-12-24T11:10:00.000,0.0,0.0,0.0,0.0,0,0,20.76
SPY,2024-12-24,578.0,CALL,2024-12-24T11:15:00.000,0.0,0.0,0.0,0.0,0,0,20.76
SPY,2024-12-24,578.0,CALL,2024-12-24T11:20:00.000,0.0,0.0,0.0,0.0,0,0,20.76
SPY,2024-12-24,578.0,CALL,2024-12-24T11:25:00.000,0.0,0.0,0.0,0.0,0,0,20.76
SPY,2024-12-24,578.0,CALL,2024-12-24T11:30:00.000,0.0,0.0,0.0,0.0,0,0,20.76
SPY,2024-12-24,578.0,CALL,2024-12-24T11:35:00.000,0.0,0.0,0.0,0.0,0,0,20.76
SPY,2024-12-24,578.0,CALL,2024-12-24T11:40:00.000,0.0,0.0,0.0,0.0,0,0,20.76
SPY,2024-12-24,578.0,CALL,2024-12-24T11:45:00.000,0.0,0.0,0.0,0.0,0,0,20.76
SPY,2024-12-24,578.0,CALL,2024-12-24T11:50:00.000,0.0,0.0,0.0,0.0,0,0,20.76
SPY,2024-12-24,578.0,CALL,2024-12-24T11:55:00.000,0.0,0.0,0.0,0.0,0,0,20.76
SPY,2024-12-24,578.0,CALL,2024-12-24T12:00:00.000,0.0,0.0,0.0,0.0,0,0,20.76
SPY,2024-12-24,578.0,CALL,2024-12-24T12:05:00.000,0.0,0.0,0.0,0.0,0,0,20.76
SPY,2024-12-24,578.0,CALL,2024-12-24T12:10:00.000,0.0,0.0,0.0,0.0,0,0,20.76
SPY,2024-12-24,578.0,CALL,2024-12-24T12:15:00.000,0.0,0.0,0.0,0.0,0,0,20.76
SPY,2024-12-24,578.0,CALL,2024-12-24T12:20:00.000,0.0,0.0,0.0,0.0,0,0,20.76
SPY,2024-12-24,578.0,CALL,2024-12-24T12:25:00.000,0.0,0.0,0.0,0.0,0,0,20.76
SPY,2024-12-24,578.0,CALL,2024-12-24T12:30:00.000,0.0,0.0,0.0,0.0,0,0,20.76
SPY,2024-12-24,578.0,CALL,2024-12-24T12:35:00.000,0.0,0.0,0.0,0.0,0,0,20.76
SPY,2024-12-24,578.0,CALL,2024-12-24T12:40:00.000,0.0,0.0,0.0,0.0,0,0,20.76
SPY,2024-12-24,578.0,CALL,2024-12-24T12:45:00.000,0.0,0.0,0.0,0.0,0,0,20.76
SPY,2024-12-24,578.0,CALL,2024-12-24T12:50:00.000,0.0,0.0,0.0,0.0,0,0,20.76
SPY,2024-12-24,578.0,CALL,2024-12-24T12:55:00.000,0.0,0.0,0.0,0.0,0,0,20.76
SPY,2024-12-24,578.0,CALL,2024-12-24T13:00:00.000,0.0,0.0,0.0,0.0,0,0,20.76
SPY,2024-12-24,578.0,CALL,2024-12-24T13:05:00.000,0.0,0.0,0.0,0.0,0,0,20.76
SPY,2024-12-24,578.0,CALL,2024-12-24T13:10:00.000,0.0,0.0,0.0,0.0,0,0,20.76
SPY,2024-12-24,578.0,CALL,2024-12-24T13:15:00.000,0.0,0.0,0.0,0.0,0,0,20.76
SPY,2024-12-24,578.0,CALL,2024-12-24T13:20:00.000,0.0,0.0,0.0,0.0,0,0,20.76
SPY,2024-12-24,578.0,CALL,2024-12-24T13:25:00.000,0.0,0.0,0.0,0.0,0,0,20.76
SPY,2024-12-24,578.0,CALL,2024-12-24T13:30:00.000,0.0,0.0,0.0,0.0,0,0,20.76
SPY,2024-12-24,578.0,CALL,2024-12-24T13:35:00.000,0.0,0.0,0.0,0.0,0,0,20.76
SPY,2024-12-24,578.0,CALL,2024-12-24T13:40:00.000,0.0,0.0,0.0,0.0,0,0,20.76
SPY,2024-12-24,578.0,CALL,2024-12-24T13:45:00.000,0.0,0.0,0.0,0.0,0,0,20.76
SPY,2024-12-24,578.0,CALL,2024-12-24T13:50:00.000,0.0,0.0,0.0,0.0,0,0,20.76
SPY,2024-12-24,578.0,CALL,2024-12-24T13:55:00.000,0.0,0.0,0.0,0.0,0,0,20.76
SPY,2024-12-24,578.0,CALL,2024-12-24T14:00:00.000,0.0,0.0,0.0,0.0,0,0,20.76
SPY,2024-12-24,578.0,CALL,2024-12-24T14:05:00.000,0.0,0.0,0.0,0.0,0,0,20.76
SPY,2024-12-24,578.0,CALL,2024-12-24T14:10:00.000,0.0,0.0,0.0,0.0,0,0,20.76
SPY,2024-12-24,578.0,CALL,2024-12-24T14:15:00.000,0.0,0.0,0.0,0.0,0,0,20.76
SPY,2024-12-24,578.0,CALL,2024-12-24T14:20:00.000,0.0,0.0,0.0,0.0,0,0,20.76
SPY,2024-12-24,578.0,CALL,2024-12-24T14:25:00.000,0.0,0.0,0.0,0.0,0,0,20.76
SPY,2024-12-24,578.0,CALL,2024-12-24T14:30:00.000,0.0,0.0,0.0,0.0,0,0,20.76
SPY,2024-12-24,578.0,CALL,2024-12-24T14:35:00.000,0.0,0.0,0.0,0.0,0,0,20.76
SPY,2024-12-24,578.0,CALL,2024-12-24T14:40:00.000,0.0,0.0,0.0,0.0,0,0,20.76
SPY,2024-12-24,578.0,CALL,2024-12-24T14:45:00.000,0.0,0.0,0.0,0.0,0,0,20.76
SPY,2024-12-24,578.0,CALL,2024-12-24T14:50:00.000,0.0,0.0,0.0,0.0,0,0,20.76
SPY,2024-12-24,578.0,CALL,2024-12-24T14:55:00.000,0.0,0.0,0.0,0.0,0,0,20.76
SPY,2024-12-24,578.0,CALL,2024-12-24T15:00:00.000,0.0,0.0,0.0,0.0,0,0,20.76
SPY,2024-12-24,578.0,CALL,2024-12-24T15:05:00.000,0.0,0.0,0.0,0.0,0,0,20.76
SPY,2024-12-24,578.0,CALL,2024-12-24T15:10:00.000,0.0,0.0,0.0,0.0,0,0,20.76
SPY,2024-12-24,578.0,CALL,2024-12-24T15:15:00.000,0.0,0.0,0.0,0.0,0,0,20.76
SPY,2024-12-24,578.0,CALL,2024-12-24T15:20:00.000,0.0,0.0,0.0,0.0,0,0,20.76
SPY,2024-12-24,578.0,CALL,2024-12-24T15:25:00.000,0.0,0.0,0.0,0.0,0,0,20.76
SPY,2024-12-24,578.0,CALL,2024-12-24T15:30:00.000,0.0,0.0,0.0,0.0,0,0,20.76
SPY,2024-12-24,578.0,CALL,2024-12-24T15:35:00.000,0.0,0.0,0.0,0.0,0,0,20.76
SPY,2024-12-24,578.0,CALL,2024-12-24T15:40:00.000,0.0,0.0,0.0,0.0,0,0,20.76
SPY,2024-12-24,578.0,CALL,2024-12-24T15:45:00.000,0.0,0.0,0.0,0.0,0,0,20.76
SPY,2024-12-24,578.0,CALL,2024-12-24T15:50:00.000,0.0,0.0,0.0,0.0,0,0,20.76
SPY,2024-12-24,578.0,CALL,2024-12-24T15:55:00.000,0.0,0.0,0.0,0.0,0,0,20.76
SPY,2024-12-24,578.0,CALL,2024-12-24T16:00:00.000,0.0,0.0,0.0,0.0,0,0,20.76
SPY,2024-12-24,605.0,CALL,2024-12-24T09:30:00.000,0.01,0.01,0.01,0.01,75,12,0.01
SPY,2024-12-24,605.0,CALL,2024-12-24T09:35:00.000,0.01,0.01,0.01,0.01,62,4,0.01
SPY,2024-12-24,605.0,CALL,2024-12-24T09:40:00.000,0.01,0.01,0.01,0.01,33,10,0.01
SPY,2024-12-24,605.0,CALL,2024-12-24T09:45:00.000,0.01,0.01,0.01,0.01,26,11,0.01
SPY,2024-12-24,605.0,CALL,2024-12-24T09:50:00.000,0.01,0.01,0.01,0.01,7,3,0.01
SPY,2024-12-24,605.0,CALL,2024-12-24T09:55:00.000,0.01,0.01,0.01,0.01,10,2,0.01
SPY,2024-12-24,605.0,CALL,2024-12-24T10:00:00.000,0.01,0.01,0.01,0.01,29,7,0.01
SPY,2024-12-24,605.0,CALL,2024-12-24T10:05:00.000,0.01,0.01,0.01,0.01,1,1,0.01
SPY,2024-12-24,605.0,CALL,2024-12-24T10:10:00.000,0.0,0.0,0.0,0.0,0,0,0.01
SPY,2024-12-24,605.0,CALL,2024-12-24T10:15:00.000,0.01,0.01,0.01,0.01,51,5,0.01
SPY,2024-12-24,605.0,CALL,2024-12-24T10:20:00.000,0.01,0.01,0.01,0.01,50,4,0.01
SPY,2024-12-24,605.0,CALL,2024-12-24T10:25:00.000,0.01,0.01,0.01,0.01,7,3,0.01
SPY,2024-12-24,605.0,CALL,2024-12-24T10:30:00.000,0.01,0.01,0.01,0.01,15,7,0.01
SPY,2024-12-24,605.0,CALL,2024-12-24T10:35:00.000,0.01,0.01,0.01,0.01,3,3,0.01
SPY,2024-12-24,605.0,CALL,2024-12-24T10:40:00.000,0.01,0.01,0.01,0.01,47,11,0.01
SPY,2024-12-24,605.0,CALL,2024-12-24T10:45:00.000,0.01,0.01,0.01,0.01,28,11,0.01
SPY,2024-12-24,605.0,CALL,2024-12-24T10:50:00.000,0.01,0.01,0.01,0.01,93,13,0.01
SPY,2024-12-24,605.0,CALL,2024-12-24T10:55:00.000,0.01,0.01,0.01,0.01,57,10,0.01
SPY,2024-12-24,605.0,CALL,2024-12-24T11:00:00.000,0.01,0.01,0.01,0.01,252,17,0.01
SPY,2024-12-24,605.0,CALL,2024-12-24T11:05:00.000,0.01,0.01,0.01,0.01,6,3,0.01
SPY,2024-12-24,605.0,CALL,2024-12-24T11:10:00.000,0.01,0.01,0.01,0.01,44,10,0.01
SPY,2024-12-24,605.0,CALL,2024-12-24T11:15:00.000,0.01,0.01,0.01,0.01,41,15,0.01
SPY,2024-12-24,605.0,CALL,2024-12-24T11:20:00.000,0.01,0.01,0.01,0.01,5004,13,0.01
SPY,2024-12-24,605.0,CALL,2024-12-24T11:25:00.000,0.01,0.01,0.01,0.01,11,4,0.0
SPY,2024-12-24,605.0,CALL,2024-12-24T11:30:00.000,0.01,0.01,0.01,0.01,6,6,0.01
SPY,2024-12-24,605.0,CALL,2024-12-24T11:35:00.000,0.01,0.01,0.01,0.01,5,5,0.0
SPY,2024-12-24,605.0,CALL,2024-12-24T11:40:00.000,0.0,0.0,0.0,0.0,0,0,0.0
SPY,2024-12-24,605.0,CALL,2024-12-24T11:45:00.000,0.0,0.0,0.0,0.0,0,0,0.0
SPY,2024-12-24,605.0,CALL,2024-12-24T11:50:00.000,0.01,0.01,0.01,0.01,6,2,0.01
SPY,2024-12-24,605.0,CALL,2024-12-24T11:55:00.000,0.01,0.01,0.01,0.01,13,7,0.01
SPY,2024-12-24,605.0,CALL,2024-12-24T12:00:00.000,0.01,0.01,0.01,0.01,9,9,0.01
SPY,2024-12-24,605.0,CALL,2024-12-24T12:05:00.000,0.0,0.0,0.0,0.0,0,0,0.01
SPY,2024-12-24,605.0,CALL,2024-12-24T12:10:00.000,0.0,0.0,0.0,0.0,0,0,0.01
SPY,2024-12-24,605.0,CALL,2024-12-24T12:15:00.000,0.0,0.0,0.0,0.0,0,0,0.01
SPY,2024-12-24,605.0,CALL,2024-12-24T12:20:00.000,0.01,0.01,0.01,0.01,7,2,0.01
SPY,2024-12-24,605.0,CALL,2024-12-24T12:25:00.000,0.01,0.01,0.01,0.01,5,3,0.01
SPY,2024-12-24,605.0,CALL,2024-12-24T12:30:00.000,0.01,0.01,0.01,0.01,98,22,0.01
SPY,2024-12-24,605.0,CALL,2024-12-24T12:35:00.000,0.01,0.01,0.01,0.01,5,2,0.0
SPY,2024-12-24,605.0,CALL,2024-12-24T12:40:00.000,0.01,0.01,0.01,0.01,5,1,0.0
SPY,2024-12-24,605.0,CALL,2024-12-24T12:45:00.000,0.01,0.01,0.01,0.01,20,5,0.0
SPY,2024-12-24,605.0,CALL,2024-12-24T12:50:00.000,0.01,0.01,0.01,0.01,1,1,0.0
SPY,2024-12-24,605.0,CALL,2024-12-24T12:55:00.000,0.0,0.0,0.0,0.0,0,0,0.0
SPY,2024-12-24,605.0,CALL,2024-12-24T13:00:00.000,0.0,0.0,0.0,0.0,0,0,0.0
SPY,2024-12-24,605.0,CALL,2024-12-24T13:05:00.000,0.01,0.01,0.01,0.01,10,2,0.0
SPY,2024-12-24,605.0,CALL,2024-12-24T13:10:00.000,0.0,0.0,0.0,0.0,0,0,0.0
SPY,2024-12-24,605.0,CALL,2024-12-24T13:15:00.000,0.0,0.0,0.0,0.0,0,0,0.0
SPY,2024-12-24,605.0,CALL,2024-12-24T13:20:00.000,0.0,0.0,0.0,0.0,0,0,0.0
SPY,2024-12-24,605.0,CALL,2024-12-24T13:25:00.000,0.0,0.0,0.0,0.0,0,0,0.0
SPY,2024-12-24,605.0,CALL,2024-12-24T13:30:00.000,0.0,0.0,0.0,0.0,0,0,0.0
SPY,2024-12-24,605.0,CALL,2024-12-24T13:35:00.000,0.0,0.0,0.0,0.0,0,0,0.0
SPY,2024-12-24,605.0,CALL,2024-12-24T13:40:00.000,0.0,0.0,0.0,0.0,0,0,0.0
SPY,2024-12-24,605.0,CALL,2024-12-24T13:45:00.000,0.0,0.0,0.0,0.0,0,0,0.0
SPY,2024-12-24,605.0,CALL,2024-12-24T13:50:00.000,0.0,0.0,0.0,0.0,0,0,0.0
SPY,2024-12-24,605.0,CALL,2024-12-24T13:55:00.000,0.0,0.0,0.0,0.0,0,0,0.0
SPY,2024-12-24,605.0,CALL,2024-12-24T14:00:00.000,0.0,0.0,0.0,0.0,0,0,0.0
SPY,2024-12-24,605.0,CALL,2024-12-24T14:05:00.000,0.0,0.0,0.0,0.0,0,0,0.0
SPY,2024-12-24,605.0,CALL,2024-12-24T14:10:00.000,0.0,0.0,0.0,0.0,0,0,0.0
SPY,2024-12-24,605.0,CALL,2024-12-24T14:15:00.000,0.0,0.0,0.0,0.0,0,0,0.0
SPY,2024-12-24,605.0,CALL,2024-12-24T14:20:00.000,0.0,0.0,0.0,0.0,0,0,0.0
SPY,2024-12-24,605.0,CALL,2024-12-24T14:25:00.000,0.0,0.0,0.0,0.0,0,0,0.0
SPY,2024-12-24,605.0,CALL,2024-12-24T14:30:00.000,0.0,0.0,0.0,0.0,0,0,0.0
SPY,2024-12-24,605.0,CALL,2024-12-24T14:35:00.000,0.0,0.0,0.0,0.0,0,0,0.0
SPY,2024-12-24,605.0,CALL,2024-12-24T14:40:00.000,0.0,0.0,0.0,0.0,0,0,0.0
SPY,2024-12-24,605.0,CALL,2024-12-24T14:45:00.000,0.0,0.0,0.0,0.0,0,0,0.0
SPY,2024-12-24,605.0,CALL,2024-12-24T14:50:00.000,0.0,0.0,0.0,0.0,0,0,0.0
SPY,2024-12-24,605.0,CALL,2024-12-24T14:55:00.000,0.0,0.0,0.0,0.0,0,0,0.0
SPY,2024-12-24,605.0,CALL,2024-12-24T15:00:00.000,0.0,0.0,0.0,0.0,0,0,0.0
SPY,2024-12-24,605.0,CALL,2024-12-24T15:05:00.000,0.0,0.0,0.0,0.0,0,0,0.0
SPY,2024-12-24,605.0,CALL,2024-12-24T15:10:00.000,0.0,0.0,0.0,0.0,0,0,0.0
SPY,2024-12-24,605.0,CALL,2024-12-24T15:15:00.000,0.0,0.0,0.0,0.0,0,0,0.0
SPY,2024-12-24,605.0,CALL,2024-12-24T15:20:00.000,0.0,0.0,0.0,0.0,0,0,0.0
SPY,2024-12-24,605.0,CALL,2024-12-24T15:25:00.000,0.0,0.0,0.0,0.0,0,0,0.0
SPY,2024-12-24,605.0,CALL,2024-12-24T15:30:00.000,0.0,0.0,0.0,0.0,0,0,0.0
SPY,2024-12-24,605.0,CALL,2024-12-24T15:35:00.000,0.0,0.0,0.0,0.0,0,0,0.0
SPY,2024-12-24,605.0,CALL,2024-12-24T15:40:00.000,0.0,0.0,0.0,0.0,0,0,0.0
SPY,2024-12-24,605.0,CALL,2024-12-24T15:45:00.000,0.0,0.0,0.0,0.0,0,0,0.0
SPY,2024-12-24,605.0,CALL,2024-12-24T15:50:00.000,0.0,0.0,0.0,0.0,0,0,0.0
SPY,2024-12-24,605.0,CALL,2024-12-24T15:55:00.000,0.0,0.0,0.0,0.0,0,0,0.0
SPY,2024-12-24,605.0,CALL,2024-12-24T16:00:00.000,0.0,0.0,0.0,0.0,0,0,0.0
SPY,2024-12-24,589.0,CALL,2024-12-24T09:30:00.000,6.9,7.24,6.59,7.24,59,16,6.88
SPY,2024-12-24,589.0,CALL,2024-12-24T09:35:00.000,7.15,7.48,7.15,7.44,14,5,6.99
SPY,2024-12-24,589.0,CALL,2024-12-24T09:40:00.000,7.43,7.68,7.43,7.68,6,4,7.03
SPY,2024-12-24,589.0,CALL,2024-12-24T09:45:00.000,7.93,7.93,7.91,7.91,2,2,7.05
SPY,2024-12-24,589.0,CALL,2024-12-24T09:50:00.000,7.75,8.02,7.75,8.02,24,3,7.21
SPY,2024-12-24,589.0,CALL,2024-12-24T09:55:00.000,8.18,8.18,8.18,8.18,3,1,7.24
SPY,2024-12-24,589.0,CALL,2024-12-24T10:00:00.000,8.51,8.6,8.51,8.6,2,2,7.26
SPY,2024-12-24,589.0,CALL,2024-12-24T10:05:00.000,8.8,8.93,8.26,8.82,7,5,7.35
SPY,2024-12-24,589.0,CALL,2024-12-24T10:10:00.000,8.67,8.67,8.67,8.67,1,1,7.36
SPY,2024-12-24,589.0,CALL,2024-12-24T10:15:00.000,9.27,9.27,9.2,9.2,10,2,7.51
SPY,2024-12-24,589.0,CALL,2024-12-24T10:20:00.000,8.9,9.21,8.9,9.17,23,4,7.76
SPY,2024-12-24,589.0,CALL,2024-12-24T10:25:00.000,9.24,9.24,9.15,9.15,2,2,7.78
SPY,2024-12-24,589.0,CALL,2024-12-24T10:30:00.000,0.0,0.0,0.0,0.0,0,0,7.78
SPY,2024-12-24,589.0,CALL,2024-12-24T10:35:00.000,0.0,0.0,0.0,0.0,0,0,7.78
SPY,2024-12-24,589.0,CALL,2024-12-24T10:40:00.000,10.22,10.22,10.22,10.22,50,1,8.38
SPY,2024-12-24,589.0,CALL,2024-12-24T10:45:00.000,10.3,10.3,10.16,10.3,17,4,8.52
SPY,2024-12-24,589.0,CALL,2024-12-24T10:50:00.000,10.29,10.29,10.29,10.29,1,1,8.53
SPY,2024-12-24,589.0,CALL,2024-12-24T10:55:00.000,10.1,10.1,10.1,10.1,1,1,8.53
SPY,2024-12-24,589.0,CALL,2024-12-24T11:00:00.000,0.0,0.0,0.0,0.0,0,0,8.53
SPY,2024-12-24,589.0,CALL,2024-12-24T11:05:00.000,10.04,10.04,10.04,10.04,1,1,8.54
SPY,2024-12-24,589.0,CALL,2024-12-24T11:10:00.000,0.0,0.0,0.0,0.0,0,0,8.54
SPY,2024-12-24,589.0,CALL,2024-12-24T11:15:00.000,0.0,0.0,0.0,0.0,0,0,8.54
SPY,2024-12-24,589.0,CALL,2024-12-24T11:20:00.000,0.0,0.0,0.0,0.0,0,0,8.54
SPY,2024-12-24,589.0,CALL,2024-12-24T11:25:00.000,0.0,0.0,0.0,0.0,0,0,8.54
SPY,2024-12-24,589.0,CALL,2024-12-24T11:30:00.000,0.0,0.0,0.0,0.0,0,0,8.54
SPY,2024-12-24,589.0,CALL,2024-12-24T11:35:00.000,10.57,10.57,10.43,10.43,45,2,8.88
SPY,2024-12-24,589.0,CALL,2024-12-24T11:40:00.000,10.68,10.68,10.57,10.57,48,6,9.15
SPY,2024-12-24,589.0,CALL,2024-12-24T11:45:00.000,0.0,0.0,0.0,0.0,0,0,9.15
SPY,2024-12-24,589.0,CALL,2024-12-24T11:50:00.000,10.06,10.22,10.06,10.06,11,3,9.18
SPY,2024-12-24,589.0,CALL,2024-12-24T11:55:00.000,10.13,10.13,10.13,10.13,50,1,9.31
SPY,2024-12-24,589.0,CALL,2024-12-24T12:00:00.000,10.29,10.39,10.28,10.39,28,4,9.38
SPY,2024-12-24,589.0,CALL,2024-12-24T12:05:00.000,10.35,10.6,10.35,10.6,50,16,9.5
SPY,2024-12-24,589.0,CALL,2024-12-24T12:10:00.000,10.64,10.7,10.64,10.7,30,7,9.57
SPY,2024-12-24,589.0,CALL,2024-12-24T12:15:00.000,0.0,0.0,0.0,0.0,0,0,9.57
SPY,2024-12-24,589.0,CALL,2024-12-24T12:20:00.000,0.0,0.0,0.0,0.0,0,0,9.57
SPY,2024-12-24,589.0,CALL,2024-12-24T12:25:00.000,0.0,0.0,0.0,0.0,0,0,9.57
SPY,2024-12-24,589.0,CALL,2024-12-24T12:30:00.000,11.02,11.02,10.68,10.68,2,2,9.57
SPY,2024-12-24,589.0,CALL,2024-12-24T12:35:00.000,10.43,10.63,10.3,10.63,28,5,9.62
SPY,2024-12-24,589.0,CALL,2024-12-24T12:40:00.000,11.09,11.09,11.08,11.08,2,2,9.62
SPY,2024-12-24,589.0,CALL,2024-12-24T12:45:00.000,0.0,0.0,0.0,0.0,0,0,9.62
SPY,2024-12-24,589.0,CALL,2024-12-24T12:50:00.000,11.33,11.39,11.33,11.39,10,2,9.66
SPY,2024-12-24,589.0,CALL,2024-12-24T12:55:00.000,11.8,11.89,11.5,11.89,34,12,9.78
SPY,2024-12-24,589.0,CALL,2024-12-24T13:00:00.000,12.16,12.17,11.41,11.41,10,7,9.82
SPY,2024-12-24,589.0,CALL,2024-12-24T13:05:00.000,0.0,0.0,0.0,0.0,0,0,9.82
SPY,2024-12-24,589.0,CALL,2024-12-24T13:10:00.000,0.0,0.0,0.0,0.0,0,0,9.82
SPY,2024-12-24,589.0,CALL,2024-12-24T13:15:00.000,0.0,0.0,0.0,0.0,0,0,9.82
SPY,2024-12-24,589.0,CALL,2024-12-24T13:20:00.000,0.0,0.0,0.0,0.0,0,0,9.82
SPY,2024-12-24,589.0,CALL,2024-12-24T13:25:00.000,0.0,0.0,0.0,0.0,0,0,9.82
SPY,2024-12-24,589.0,CALL,2024-12-24T13:30:00.000,0.0,0.0,0.0,0.0,0,0,9.82
SPY,2024-12-24,589.0,CALL,2024-12-24T13:35:00.000,0.0,0.0,0.0,0.0,0,0,9.82
SPY,2024-12-24,589.0,CALL,2024-12-24T13:40:00.000,0.0,0.0,0.0,0.0,0,0,9.82
SPY,2024-12-24,589.0,CALL,2024-12-24T13:45:00.000,0.0,0.0,0.0,0.0,0,0,9.82
SPY,2024-12-24,589.0,CALL,2024-12-24T13:50:00.000,0.0,0.0,0.0,0.0,0,0,9.82
SPY,2024-12-24,589.0,CALL,2024-12-24T13:55:00.000,0.0,0.0,0.0,0.0,0,0,9.82
SPY,2024-12-24,589.0,CALL,2024-12-24T14:00:00.000,0.0,0.0,0.0,0.0,0,0,9.82
SPY,2024-12-24,589.0,CALL,2024-12-24T14:05:00.000,0.0,0.0,0.0,0.0,0,0,9.82
SPY,2024-12-24,589.0,CALL,2024-12-24T14:10:00.000,0.0,0.0,0.0,0.0,0,0,9.82
SPY,2024-12-24,589.0,CALL,2024-12-24T14:15:00.000,0.0,0.0,0.0,0.0,0,0,9.82
SPY,2024-12-24,589.0,CALL,2024-12-24T14:20:00.000,0.0,0.0,0.0,0.0,0,0,9.82
SPY,2024-12-24,589.0,CALL,2024-12-24T14:25:00.000,0.0,0.0,0.0,0.0,0,0,9.82
SPY,2024-12-24,589.0,CALL,2024-12-24T14:30:00.000,0.0,0.0,0.0,0.0,0,0,9.82
SPY,2024-12-24,589.0,CALL,2024-12-24T14:35:00.000,0.0,0.0,0.0,0.0,0,0,9.82
SPY,2024-12-24,589.0,CALL,2024-12-24T14:40:00.000,0.0,0.0,0.0,0.0,0,0,9.82
SPY,2024-12-24,589.0,CALL,2024-12-24T14:45:00.000,0.0,0.0,0.0,0.0,0,0,9.82
SPY,2024-12-24,589.0,CALL,2024-12-24T14:50:00.000,0.0,0.0,0.0,0.0,0,0,9.82
SPY,2024-12-24,589.0,CALL,2024-12-24T14:55:00.000,0.0,0.0,0.0,0.0,0,0,9.82
SPY,2024-12-24,589.0,CALL,2024-12-24T15:00:00.000,0.0,0.0,0.0,0.0,0,0,9.82
SPY,2024-12-24,589.0,CALL,2024-12-24T15:05:00.000,0.0,0.0,0.0,0.0,0,0,9.82
SPY,2024-12-24,589.0,CALL,2024-12-24T15:10:00.000,0.0,0.0,0.0,0.0,0,0,9.82
SPY,2024-12-24,589.0,CALL,2024-12-24T15:15:00.000,0.0,0.0,0.0,0.0,0,0,9.82
SPY,2024-12-24,589.0,CALL,2024-12-24T15:20:00.000,0.0,0.0,0.0,0.0,0,0,9.82
SPY,2024-12-24,589.0,CALL,2024-12-24T15:25:00.000,0.0,0.0,0.0,0.0,0,0,9.82
SPY,2024-12-24,589.0,CALL,2024-12-24T15:30:00.000,0.0,0.0,0.0,0.0,0,0,9.82
SPY,2024-12-24,589.0,CALL,2024-12-24T15:35:00.000,0.0,0.0,0.0,0.0,0,0,9.82
SPY,2024-12-24,589.0,CALL,2024-12-24T15:40:00.000,0.0,0.0,0.0,0.0,0,0,9.82
SPY,2024-12-24,589.0,CALL,2024-12-24T15:45:00.000,0.0,0.0,0.0,0.0,0,0,9.82
SPY,2024-12-24,589.0,CALL,2024-12-24T15:50:00.000,0.0,0.0,0.0,0.0,0,0,9.82
SPY,2024-12-24,589.0,CALL,2024-12-24T15:55:00.000,0.0,0.0,0.0,0.0,0,0,9.82
SPY,2024-12-24,589.0,CALL,2024-12-24T16:00:00.000,0.0,0.0,0.0,0.0,0,0,9.82
SPY,2024-12-24,621.0,CALL,2024-12-24T09:30:00.000,0.0,0.0,0.0,0.0,0,0,0.0
SPY,2024-12-24,621.0,CALL,2024-12-24T09:35:00.000,0.0,0.0,0.0,0.0,0,0,0.0
SPY,2024-12-24,621.0,CALL,2024-12-24T09:40:00.000,0.0,0.0,0.0,0.0,0,0,0.0
SPY,2024-12-24,621.0,CALL,2024-12-24T09:45:00.000,0.0,0.0,0.0,0.0,0,0,0.0
SPY,2024-12-24,621.0,CALL,2024-12-24T09:50:00.000,0.0,0.0,0.0,0.0,0,0,0.0
SPY,2024-12-24,621.0,CALL,2024-12-24T09:55:00.000,0.0,0.0,0.0,0.0,0,0,0.0
SPY,2024-12-24,621.0,CALL,2024-12-24T10:00:00.000,0.0,0.0,0.0,0.0,0,0,0.0
SPY,2024-12-24,621.0,CALL,2024-12-24T10:05:00.000,0.0,0.0,0.0,0.0,0,0,0.0
SPY,2024-12-24,621.0,CALL,2024-12-24T10:10:00.000,0.0,0.0,0.0,0.0,0,0,0.0
SPY,2024-12-24,621.0,CALL,2024-12-24T10:15:00.000,0.0,0.0,0.0,0.0,0,0,0.0
SPY,2024-12-24,621.0,CALL,2024-12-24T10:20:00.000,0.0,0.0,0.0,0.0,0,0,0.0
SPY,2024-12-24,621.0,CALL,2024-12-24T10:25:00.000,0.0,0.0,0.0,0.0,0,0,0.0
SPY,2024-12-24,621.0,CALL,2024-12-24T10:30:00.000,0.0,0.0,0.0,0.0,0,0,0.0
SPY,2024-12-24,621.0,CALL,2024-12-24T10:35:00.000,0.0,0.0,0.0,0.0,0,0,0.0
SPY,2024-12-24,621.0,CALL,2024-12-24T10:40:00.000,0.0,0.0,0.0,0.0,0,0,0.0
SPY,2024-12-24,621.0,CALL,2024-12-24T10:45:00.000,0.0,0.0,0.0,0.0,0,0,0.0
SPY,2024-12-24,621.0,CALL,2024-12-24T10:50:00.000,0.0,0.0,0.0,0.0,0,0,0.0
SPY,2024-12-24,621.0,CALL,2024-12-24T10:55:00.000,0.0,0.0,0.0,0.0,0,0,0.0
SPY,2024-12-24,621.0,CALL,2024-12-24T11:00:00.000,0.0,0.0,0.0,0.0,0,0,0.0
SPY,2024-12-24,621.0,CALL,2024-12-24T11:05:00.000,0.0,0.0,0.0,0.0,0,0,0.0
SPY,2024-12-24,621.0,CALL,2024-12-24T11:10:00.000,0.0,0.0,0.0,0.0,0,0,0.0
SPY,2024-12-24,621.0,CALL,2024-12-24T11:15:00.000,0.0,0.0,0.0,0.0,0,0,0.0
SPY,2024-12-24,621.0,CALL,2024-12-24T11:20:00.000,0.0,0.0,0.0,0.0,0,0,0.0
SPY,2024-12-24,621.0,CALL,2024-12-24T11:25:00.000,0.0,0.0,0.0,0.0,0,0,0.0
SPY,2024-12-24,621.0,CALL,2024-12-24T11:30:00.000,0.0,0.0,0.0,0.0,0,0,0.0
SPY,2024-12-24,621.0,CALL,2024-12-24T11:35:00.000,0.0,0.0,0.0,0.0,0,0,0.0
SPY,2024-12-24,621.0,CALL,2024-12-24T11:40:00.000,0.01,0.01,0.01,0.01,1,1,0.01
SPY,2024-12-24,621.0,CALL,2024-12-24T11:45:00.000,0.0,0.0,0.0,0.0,0,0,0.01
SPY,2024-12-24,621.0,CALL,2024-12-24T11:50:00.000,0.0,0.0,0.0,0.0,0,0,0.01
SPY,2024-12-24,621.0,CALL,2024-12-24T11:55:00.000,0.0,0.0,0.0,0.0,0,0,0.01
SPY,2024-12-24,621.0,CALL,2024-12-24T12:00:00.000,0.0,0.0,0.0,0.0,0,0,0.01
SPY,2024-12-24,621.0,CALL,2024-12-24T12:05:00.000,0.0,0.0,0.0,0.0,0,0,0.01
SPY,2024-12-24,621.0,CALL,2024-12-24T12:10:00.000,0.0,0.0,0.0,0.0,0,0,0.01
SPY,2024-12-24,621.0,CALL,2024-12-24T12:15:00.000,0.0,0.0,0.0,0.0,0,0,0.01
SPY,2024-12-24,621.0,CALL,2024-12-24T12:20:00.000,0.0,0.0,0.0,0.0,0,0,0.01
SPY,2024-12-24,621.0,CALL,2024-12-24T12:25:00.000,0.0,0.0,0.0,0.0,0,0,0.01
SPY,2024-12-24,621.0,CALL,2024-12-24T12:30:00.000,0.0,0.0,0.0,0.0,0,0,0.01
SPY,2024-12-24,621.0,CALL,2024-12-24T12:35:00.000,0.0,0.0,0.0,0.0,0,0,0.01
SPY,2024-12-24,621.0,CALL,2024-12-24T12:40:00.000,0.0,0.0,0.0,0.0,0,0,0.01
SPY,2024-12-24,621.0,CALL,2024-12-24T12:45:00.000,0.0,0.0,0.0,0.0,0,0,0.01
SPY,2024-12-24,621.0,CALL,2024-12-24T12:50:00.000,0.0,0.0,0.0,0.0,0,0,0.01
SPY,2024-12-24,621.0,CALL,2024-12-24T12:55:00.000,0.0,0.0,0.0,0.0,0,0,0.01
SPY,2024-12-24,621.0,CALL,2024-12-24T13:00:00.000,0.0,0.0,0.0,0.0,0,0,0.01
SPY,2024-12-24,621.0,CALL,2024-12-24T13:05:00.000,0.0,0.0,0.0,0.0,0,0,0.01
SPY,2024-12-24,621.0,CALL,2024-12-24T13:10:00.000,0.0,0.0,0.0,0.0,0,0,0.01
SPY,2024-12-24,621.0,CALL,2024-12-24T13:15:00.000,0.0,0.0,0.0,0.0,0,0,0.01
SPY,2024-12-24,621.0,CALL,2024-12-24T13:20:00.000,0.0,0.0,0.0,0.0,0,0,0.01
SPY,2024-12-24,621.0,CALL,2024-12-24T13:25:00.000,0.0,0.0,0.0,0.0,0,0,0.01
SPY,2024-12-24,621.0,CALL,2024-12-24T13:30:00.000,0.0,0.0,0.0,0.0,0,0,0.01
SPY,2024-12-24,621.0,CALL,2024-12-24T13:35:00.000,0.0,0.0,0.0,0.0,0,0,0.01
SPY,2024-12-24,621.0,CALL,2024-12-24T13:40:00.000,0.0,0.0,0.0,0.0,0,0,0.01
SPY,2024-12-24,621.0,CALL,2024-12-24T13:45:00.000,0.0,0.0,0.0,0.0,0,0,0.01
SPY,2024-12-24,621.0,CALL,2024-12-24T13:50:00.000,0.0,0.0,0.0,0.0,0,0,0.01
SPY,2024-12-24,621.0,CALL,2024-12-24T13:55:00.000,0.0,0.0,0.0,0.0,0,0,0.01
SPY,2024-12-24,621.0,CALL,2024-12-24T14:00:00.000,0.0,0.0,0.0,0.0,0,0,0.01
SPY,2024-12-24,621.0,CALL,2024-12-24T14:05:00.000,0.0,0.0,0.0,0.0,0,0,0.01
SPY,2024-12-24,621.0,CALL,2024-12-24T14:10:00.000,0.0,0.0,0.0,0.0,0,0,0.01
SPY,2024-12-24,621.0,CALL,2024-12-24T14:15:00.000,0.0,0.0,0.0,0.0,0,0,0.01
SPY,2024-12-24,621.0,CALL,2024-12-24T14:20:00.000,0.0,0.0,0.0,0.0,0,0,0.01
SPY,2024-12-24,621.0,CALL,2024-12-24T14:25:00.000,0.0,0.0,0.0,0.0,0,0,0.01
SPY,2024-12-24,621.0,CALL,2024-12-24T14:30:00.000,0.0,0.0,0.0,0.0,0,0,0.01
SPY,2024-12-24,621.0,CALL,2024-12-24T14:35:00.000,0.0,0.0,0.0,0.0,0,0,0.01
SPY,2024-12-24,621.0,CALL,2024-12-24T14:40:00.000,0.0,0.0,0.0,0.0,0,0,0.01
SPY,2024-12-24,621.0,CALL,2024-12-24T14:45:00.000,0.0,0.0,0.0,0.0,0,0,0.01
SPY,2024-12-24,621.0,CALL,2024-12-24T14:50:00.000,0.0,0.0,0.0,0.0,0,0,0.01
SPY,2024-12-24,621.0,CALL,2024-12-24T14:55:00.000,0.0,0.0,0.0,0.0,0,0,0.01
SPY,2024-12-24,621.0,CALL,2024-12-24T15:00:00.000,0.0,0.0,0.0,0.0,0,0,0.01
SPY,2024-12-24,621.0,CALL,2024-12-24T15:05:00.000,0.0,0.0,0.0,0.0,0,0,0.01
SPY,2024-12-24,621.0,CALL,2024-12-24T15:10:00.000,0.0,0.0,0.0,0.0,0,0,0.01
SPY,2024-12-24,621.0,CALL,2024-12-24T15:15:00.000,0.0,0.0,0.0,0.0,0,0,0.01
SPY,2024-12-24,621.0,CALL,2024-12-24T15:20:00.000,0.0,0.0,0.0,0.0,0,0,0.01
SPY,2024-12-24,621.0,CALL,2024-12-24T15:25:00.000,0.0,0.0,0.0,0.0,0,0,0.01
SPY,2024-12-24,621.0,CALL,2024-12-24T15:30:00.000,0.0,0.0,0.0,0.0,0,0,0.01
SPY,2024-12-24,621.0,CALL,2024-12-24T15:35:00.000,0.0,0.0,0.0,0.0,0,0,0.01
SPY,2024-12-24,621.0,CALL,2024-12-24T15:40:00.000,0.0,0.0,0.0,0.0,0,0,0.01
SPY,2024-12-24,621.0,CALL,2024-12-24T15:45:00.000,0.0,0.0,0.0,0.0,0,0,0.01
SPY,2024-12-24,621.0,CALL,2024-12-24T15:50:00.000,0.0,0.0,0.0,0.0,0,0,0.01
SPY,2024-12-24,621.0,CALL,2024-12-24T15:55:00.000,0.0,0.0,0.0,0.0,0,0,0.01
SPY,2024-12-24,621.0,CALL,2024-12-24T16:00:00.000,0.0,0.0,0.0,0.0,0,0,0.01
SPY,2024-12-24,573.0,CALL,2024-12-24T09:30:00.000,0.0,0.0,0.0,0.0,0,0,0.0
SPY,2024-12-24,573.0,CALL,2024-12-24T09:35:00.000,0.0,0.0,0.0,0.0,0,0,0.0
SPY,2024-12-24,573.0,CALL,2024-12-24T09:40:00.000,0.0,0.0,0.0,0.0,0,0,0.0
SPY,2024-12-24,573.0,CALL,2024-12-24T09:45:00.000,0.0,0.0,0.0,0.0,0,0,0.0
SPY,2024-12-24,573.0,CALL,2024-12-24T09:50:00.000,0.0,0.0,0.0,0.0,0,0,0.0
SPY,2024-12-24,573.0,CALL,2024-12-24T09:55:00.000,0.0,0.0,0.0,0.0,0,0,0.0
SPY,2024-12-24,573.0,CALL,2024-12-24T10:00:00.000,0.0,0.0,0.0,0.0,0,0,0.0
SPY,2024-12-24,573.0,CALL,2024-12-24T10:05:00.000,24.92,24.92,24.58,24.58,4,2,24.75
SPY,2024-12-24,573.0,CALL,2024-12-24T10:10:00.000,0.0,0.0,0.0,0.0,0,0,24.75
SPY,2024-12-24,573.0,CALL,2024-12-24T10:15:00.000,0.0,0.0,0.0,0.0,0,0,24.75
SPY,2024-12-24,573.0,CALL,2024-12-24T10:20:00.000,0.0,0.0,0.0,0.0,0,0,24.75
SPY,2024-12-24,573.0,CALL,2024-12-24T10:25:00.000,0.0,0.0,0.0,0.0,0,0,24.75
SPY,2024-12-24,573.0,CALL,2024-12-24T10:30:00.000,0.0,0.0,0.0,0.0,0,0,24.75
SPY,2024-12-24,573.0,CALL,2024-12-24T10:35:00.000,0.0,0.0,0.0,0.0,0,0,24.75
SPY,2024-12-24,573.0,CALL,2024-12-24T10:40:00.000,0.0,0.0,0.0,0.0,0,0,24.75
SPY,2024-12-24,573.0,CALL,2024-12-24T10:45:00.000,0.0,0.0,0.0,0.0,0,0,24.75
SPY,2024-12-24,573.0,CALL,2024-12-24T10:50:00.000,0.0,0.0,0.0,0.0,0,0,24.75
SPY,2024-12-24,573.0,CALL,2024-12-24T10:55:00.000,0.0,0.0,0.0,0.0,0,0,24.75
SPY,2024-12-24,573.0,CALL,2024-12-24T11:00:00.000,0.0,0.0,0.0,0.0,0,0,24.75
SPY,2024-12-24,573.0,CALL,2024-12-24T11:05:00.000,0.0,0.0,0.0,0.0,0,0,24.75
SPY,2024-12-24,573.0,CALL,2024-12-24T11:10:00.000,0.0,0.0,0.0,0.0,0,0,24.75
SPY,2024-12-24,573.0,CALL,2024-12-24T11:15:00.000,0.0,0.0,0.0,0.0,0,0,24.75
SPY,2024-12-24,573.0,CALL,2024-12-24T11:20:00.000,0.0,0.0,0.0,0.0,0,0,24.75
SPY,2024-12-24,573.0,CALL,2024-12-24T11:25:00.000,0.0,0.0,0.0,0.0,0,0,24.75
SPY,2024-12-24,573.0,CALL,2024-12-24T11:30:00.000,0.0,0.0,0.0,0.0,0,0,24.75
SPY,2024-12-24,573.0,CALL,2024-12-24T11:35:00.000,0.0,0.0,0.0,0.0,0,0,24.75
SPY,2024-12-24,573.0,CALL,2024-12-24T11:40:00.000,0.0,0.0,0.0,0.0,0,0,24.75
SPY,2024-12-24,573.0,CALL,2024-12-24T11:45:00.000,0.0,0.0,0.0,0.0,0,0,24.75
SPY,2024-12-24,573.0,CALL,2024-12-24T11:50:00.000,0.0,0.0,0.0,0.0,0,0,24.75
SPY,2024-12-24,573.0,CALL,2024-12-24T11:55:00.000,0.0,0.0,0.0,0.0,0,0,24.75
SPY,2024-12-24,573.0,CALL,2024-12-24T12:00:00.000,0.0,0.0,0.0,0.0,0,0,24.75
SPY,2024-12-24,573.0,CALL,2024-12-24T12:05:00.000,0.0,0.0,0.0,0.0,0,0,24.75
SPY,2024-12-24,573.0,CALL,2024-12-24T12:10:00.000,0.0,0.0,0.0,0.0,0,0,24.75
SPY,2024-12-24,573.0,CALL,2024-12-24T12:15:00.000,0.0,0.0,0.0,0.0,0,0,24.75
SPY,2024-12-24,573.0,CALL,2024-12-24T12:20:00.000,0.0,0.0,0.0,0.0,0,0,24.75
SPY,2024-12-24,573.0,CALL,2024-12-24T12:25:00.000,0.0,0.0,0.0,0.0,0,0,24.75
SPY,2024-12-24,573.0,CALL,2024-12-24T12:30:00.000,0.0,0.0,0.0,0.0,0,0,24.75
SPY,2024-12-24,573.0,CALL,2024-12-24T12:35:00.000,0.0,0.0,0.0,0.0,0,0,24.75
SPY,2024-12-24,573.0,CALL,2024-12-24T12:40:00.000,0.0,0.0,0.0,0.0,0,0,24.75
SPY,2024-12-24,573.0,CALL,2024-12-24T12:45:00.000,0.0,0.0,0.0,0.0,0,0,24.75
SPY,2024-12-24,573.0,CALL,2024-12-24T12:50:00.000,0.0,0.0,0.0,0.0,0,0,24.75
SPY,2024-12-24,573.0,CALL,2024-12-24T12:55:00.000,0.0,0.0,0.0,0.0,0,0,24.75
SPY,2024-12-24,573.0,CALL,2024-12-24T13:00:00.000,0.0,0.0,0.0,0.0,0,0,24.75
SPY,2024-12-24,573.0,CALL,2024-12-24T13:05:00.000,0.0,0.0,0.0,0.0,0,0,24.75
SPY,2024-12-24,573.0,CALL,2024-12-24T13:10:00.000,0.0,0.0,0.0,0.0,0,0,24.75
SPY,2024-12-24,573.0,CALL,2024-12-24T13:15:00.000,0.0,0.0,0.0,0.0,0,0,24.75
SPY,2024-12-24,573.0,CALL,2024-12-24T13:20:00.000,0.0,0.0,0.0,0.0,0,0,24.75
SPY,2024-12-24,573.0,CALL,2024-12-24T13:25:00.000,0.0,0.0,0.0,0.0,0,0,24.75
SPY,2024-12-24,573.0,CALL,2024-12-24T13:30:00.000,0.0,0.0,0.0,0.0,0,0,24.75
SPY,2024-12-24,573.0,CALL,2024-12-24T13:35:00.000,0.0,0.0,0.0,0.0,0,0,24.75
SPY,2024-12-24,573.0,CALL,2024-12-24T13:40:00.000,0.0,0.0,0.0,0.0,0,0,24.75
SPY,2024-12-24,573.0,CALL,2024-12-24T13:45:00.000,0.0,0.0,0.0,0.0,0,0,24.75
SPY,2024-12-24,573.0,CALL,2024-12-24T13:50:00.000,0.0,0.0,0.0,0.0,0,0,24.75
SPY,2024-12-24,573.0,CALL,2024-12-24T13:55:00.000,0.0,0.0,0.0,0.0,0,0,24.75
SPY,2024-12-24,573.0,CALL,2024-12-24T14:00:00.000,0.0,0.0,0.0,0.0,0,0,24.75
SPY,2024-12-24,573.0,CALL,2024-12-24T14:05:00.000,0.0,0.0,0.0,0.0,0,0,24.75
SPY,2024-12-24,573.0,CALL,2024-12-24T14:10:00.000,0.0,0.0,0.0,0.0,0,0,24.75
SPY,2024-12-24,573.0,CALL,2024-12-24T14:15:00.000,0.0,0.0,0.0,0.0,0,0,24.75
SPY,2024-12-24,573.0,CALL,2024-12-24T14:20:00.000,0.0,0.0,0.0,0.0,0,0,24.75
SPY,2024-12-24,573.0,CALL,2024-12-24T14:25:00.000,0.0,0.0,0.0,0.0,0,0,24.75
SPY,2024-12-24,573.0,CALL,2024-12-24T14:30:00.000,0.0,0.0,0.0,0.0,0,0,24.75
SPY,2024-12-24,573.0,CALL,2024-12-24T14:35:00.000,0.0,0.0,0.0,0.0,0,0,24.75
SPY,2024-12-24,573.0,CALL,2024-12-24T14:40:00.000,0.0,0.0,0.0,0.0,0,0,24.75
SPY,2024-12-24,573.0,CALL,2024-12-24T14:45:00.000,0.0,0.0,0.0,0.0,0,0,24.75
SPY,2024-12-24,573.0,CALL,2024-12-24T14:50:00.000,0.0,0.0,0.0,0.0,0,0,24.75
SPY,2024-12-24,573.0,CALL,2024-12-24T14:55:00.000,0.0,0.0,0.0,0.0,0,0,24.75
SPY,2024-12-24,573.0,CALL,2024-12-24T15:00:00.000,0.0,0.0,0.0,0.0,0,0,24.75
SPY,2024-12-24,573.0,CALL,2024-12-24T15:05:00.000,0.0,0.0,0.0,0.0,0,0,24.75
SPY,2024-12-24,573.0,CALL,2024-12-24T15:10:00.000,0.0,0.0,0.0,0.0,0,0,24.75
SPY,2024-12-24,573.0,CALL,2024-12-24T15:15:00.000,0.0,0.0,0.0,0.0,0,0,24.75
SPY,2024-12-24,573.0,CALL,2024-12-24T15:20:00.000,0.0,0.0,0.0,0.0,0,0,24.75
SPY,2024-12-24,573.0,CALL,2024-12-24T15:25:00.000,0.0,0.0,0.0,0.0,0,0,24.75
SPY,2024-12-24,573.0,CALL,2024-12-24T15:30:00.000,0.0,0.0,0.0,0.0,0,0,24.75
SPY,2024-12-24,573.0,CALL,2024-12-24T15:35:00.000,0.0,0.0,0.0,0.0,0,0,24.75
SPY,2024-12-24,573.0,CALL,2024-12-24T15:40:00.000,0.0,0.0,0.0,0.0,0,0,24.75
SPY,2024-12-24,573.0,CALL,2024-12-24T15:45:00.000,0.0,0.0,0.0,0.0,0,0,24.75
SPY,2024-12-24,573.0,CALL,2024-12-24T15:50:00.000,0.0,0.0,0.0,0.0,0,0,24.75
SPY,2024-12-24,573.0,CALL,2024-12-24T15:55:00.000,0.0,0.0,0.0,0.0,0,0,24.75
SPY,2024-12-24,573.0,CALL,2024-12-24T16:00:00.000,0.0,0.0,0.0,0.0,0,0,24.75
SPY,2024-12-24,584.0,CALL,2024-12-24T09:30:00.000,11.56,12.13,11.56,12.13,13,7,11.82
SPY,2024-12-24,584.0,CALL,2024-12-24T09:35:00.000,0.0,0.0,0.0,0.0,0,0,11.82
SPY,2024-12-24,584.0,CALL,2024-12-24T09:40:00.000,0.0,0.0,0.0,0.0,0,0,11.82
SPY,2024-12-24,584.0,CALL,2024-12-24T09:45:00.000,0.0,0.0,0.0,0.0,0,0,11.82
SPY,2024-12-24,584.0,CALL,2024-12-24T09:50:00.000,13.09,13.09,13.09,13.09,1,1,11.91
SPY,2024-12-24,584.0,CALL,2024-12-24T09:55:00.000,13.21,13.21,13.21,13.21,1,1,12.0
SPY,2024-12-24,584.0,CALL,2024-12-24T10:00:00.000,0.0,0.0,0.0,0.0,0,0,12.0
SPY,2024-12-24,584.0,CALL,2024-12-24T10:05:00.000,13.89,13.89,13.67,13.67,2,2,12.2
SPY,2024-12-24,584.0,CALL,2024-12-24T10:10:00.000,0.0,0.0,0.0,0.0,0,0,12.2
SPY,2024-12-24,584.0,CALL,2024-12-24T10:15:00.000,0.0,0.0,0.0,0.0,0,0,12.2
SPY,2024-12-24,584.0,CALL,2024-12-24T10:20:00.000,0.0,0.0,0.0,0.0,0,0,12.2
SPY,2024-12-24,584.0,CALL,2024-12-24T10:25:00.000,14.2,14.2,14.2,14.2,1,1,12.32
SPY,2024-12-24,584.0,CALL,2024-12-24T10:30:00.000,14.51,14.63,14.51,14.63,2,2,12.54
SPY,2024-12-24,584.0,CALL,2024-12-24T10:35:00.000,14.52,14.52,14.52,14.52,1,1,12.63
SPY,2024-12-24,584.0,CALL,2024-12-24T10:40:00.000,0.0,0.0,0.0,0.0,0,0,12.63
SPY,2024-12-24,584.0,CALL,2024-12-24T10:45:00.000,0.0,0.0,0.0,0.0,0,0,12.63
SPY,2024-12-24,584.0,CALL,2024-12-24T10:50:00.000,0.0,0.0,0.0,0.0,0,0,12.63
SPY,2024-12-24,584.0,CALL,2024-12-24T10:55:00.000,0.0,0.0,0.0,0.0,0,0,12.63
SPY,2024-12-24,584.0,CALL,2024-12-24T11:00:00.000,0.0,0.0,0.0,0.0,0,0,12.63
SPY,2024-12-24,584.0,CALL,2024-12-24T11:05:00.000,15.09,15.09,15.09,15.09,4,1,13.03
SPY,2024-12-24,584.0,CALL,2024-12-24T11:10:00.000,0.0,0.0,0.0,0.0,0,0,13.03
SPY,2024-12-24,584.0,CALL,2024-12-24T11:15:00.000,15.2,15.2,15.2,15.2,1,1,13.11
SPY,2024-12-24,584.0,CALL,2024-12-24T11:20:00.000,15.08,15.27,15.08,15.27,61,2,14.62
SPY,2024-12-24,584.0,CALL,2024-12-24T11:25:00.000,0.0,0.0,0.0,0.0,0,0,14.62
SPY,2024-12-24,584.0,CALL,2024-12-24T11:30:00.000,0.0,0.0,0.0,0.0,0,0,14.62
SPY,2024-12-24,584.0,CALL,2024-12-24T11:35:00.000,0.0,0.0,0.0,0.0,0,0,14.62
SPY,2024-12-24,584.0,CALL,2024-12-24T11:40:00.000,0.0,0.0,0.0,0.0,0,0,14.62
SPY,2024-12-24,584.0,CALL,2024-12-24T11:45:00.000,0.0,0.0,0.0,0.0,0,0,14.62
SPY,2024-12-24,584.0,CALL,2024-12-24T11:50:00.000,15.15,15.15,15.15,15.15,1,1,14.62
SPY,2024-12-24,584.0,CALL,2024-12-24T11:55:00.000,0.0,0.0,0.0,0.0,0,0,14.62
SPY,2024-12-24,584.0,CALL,2024-12-24T12:00:00.000,0.0,0.0,0.0,0.0,0,0,14.62
SPY,2024-12-24,584.0,CALL,2024-12-24T12:05:00.000,0.0,0.0,0.0,0.0,0,0,14.62
SPY,2024-12-24,584.0,CALL,2024-12-24T12:10:00.000,0.0,0.0,0.0,0.0,0,0,14.62
SPY,2024-12-24,584.0,CALL,2024-12-24T12:15:00.000,15.6,15.6,15.6,15.6,1,1,14.64
SPY,2024-12-24,584.0,CALL,2024-12-24T12:20:00.000,0.0,0.0,0.0,0.0,0,0,14.64
SPY,2024-12-24,584.0,CALL,2024-12-24T12:25:00.000,0.0,0.0,0.0,0.0,0,0,14.64
SPY,2024-12-24,584.0,CALL,2024-12-24T12:30:00.000,0.0,0.0,0.0,0.0,0,0,14.64
SPY,2024-12-24,584.0,CALL,2024-12-24T12:35:00.000,0.0,0.0,0.0,0.0,0,0,14.64
SPY,2024-12-24,584.0,CALL,2024-12-24T12:40:00.000,16.08,16.08,16.08,16.08,1,1,14.65
SPY,2024-12-24,584.0,CALL,2024-12-24T12:45:00.000,0.0,0.0,0.0,0.0,0,0,14.65
SPY,2024-12-24,584.0,CALL,2024-12-24T12:50:00.000,0.0,0.0,0.0,0.0,0,0,14.65
SPY,2024-12-24,584.0,CALL,2024-12-24T12:55:00.000,0.0,0.0,0.0,0.0,0,0,14.65
SPY,2024-12-24,584.0,CALL,2024-12-24T13:00:00.000,0.0,0.0,0.0,0.0,0,0,14.65
SPY,2024-12-24,584.0,CALL,2024-12-24T13:05:00.000,0.0,0.0,0.0,0.0,0,0,14.65
SPY,2024-12-24,584.0,CALL,2024-12-24T13:10:00.000,0.0,0.0,0.0,0.0,0,0,14.65
SPY,2024-12-24,584.0,CALL,2024-12-24T13:15:00.000,0.0,0.0,0.0,0.0,0,0,14.65
SPY,2024-12-24,584.0,CALL,2024-12-24T13:20:00.000,0.0,0.0,0.0,0.0,0,0,14.65
SPY,2024-12-24,584.0,CALL,2024-12-24T13:25:00.000,0.0,0.0,0.0,0.0,0,0,14.65
SPY,2024-12-24,584.0,CALL,2024-12-24T13:30:00.000,0.0,0.0,0.0,0.0,0,0,14.65
SPY,2024-12-24,584.0,CALL,2024-12-24T13:35:00.000,0.0,0.0,0.0,0.0,0,0,14.65
SPY,2024-12-24,584.0,CALL,2024-12-24T13:40:00.000,0.0,0.0,0.0,0.0,0,0,14.65
SPY,2024-12-24,584.0,CALL,2024-12-24T13:45:00.000,0.0,0.0,0.0,0.0,0,0,14.65
SPY,2024-12-24,584.0,CALL,2024-12-24T13:50:00.000,0.0,0.0,0.0,0.0,0,0,14.65
SPY,2024-12-24,584.0,CALL,2024-12-24T13:55:00.000,0.0,0.0,0.0,0.0,0,0,14.65
SPY,2024-12-24,584.0,CALL,2024-12-24T14:00:00.000,0.0,0.0,0.0,0.0,0,0,14.65
SPY,2024-12-24,584.0,CALL,2024-12-24T14:05:00.000,0.0,0.0,0.0,0.0,0,0,14.65
SPY,2024-12-24,584.0,CALL,2024-12-24T14:10:00.000,0.0,0.0,0.0,0.0,0,0,14.65
SPY,2024-12-24,584.0,CALL,2024-12-24T14:15:00.000,0.0,0.0,0.0,0.0,0,0,14.65
SPY,2024-12-24,584.0,CALL,2024-12-24T14:20:00.000,0.0,0.0,0.0,0.0,0,0,14.65
SPY,2024-12-24,584.0,CALL,2024-12-24T14:25:00.000,0.0,0.0,0.0,0.0,0,0,14.65
SPY,2024-12-24,584.0,CALL,2024-12-24T14:30:00.000,0.0,0.0,0.0,0.0,0,0,14.65
SPY,2024-12-24,584.0,CALL,2024-12-24T14:35:00.000,0.0,0.0,0.0,0.0,0,0,14.65
SPY,2024-12-24,584.0,CALL,2024-12-24T14:40:00.000,0.0,0.0,0.0,0.0,0,0,14.65
SPY,2024-12-24,584.0,CALL,2024-12-24T14:45:00.000,0.0,0.0,0.0,0.0,0,0,14.65
SPY,2024-12-24,584.0,CALL,2024-12-24T14:50:00.000,0.0,0.0,0.0,0.0,0,0,14.65
SPY,2024-12-24,584.0,CALL,2024-12-24T14:55:00.000,0.0,0.0,0.0,0.0,0,0,14.65
SPY,2024-12-24,584.0,CALL,2024-12-24T15:00:00.000,0.0,0.0,0.0,0.0,0,0,14.65
SPY,2024-12-24,584.0,CALL,2024-12-24T15:05:00.000,0.0,0.0,0.0,0.0,0,0,14.65
SPY,2024-12-24,584.0,CALL,2024-12-24T15:10:00.000,0.0,0.0,0.0,0.0,0,0,14.65
SPY,2024-12-24,584.0,CALL,2024-12-24T15:15:00.000,0.0,0.0,0.0,0.0,0,0,14.65
SPY,2024-12-24,584.0,CALL,2024-12-24T15:20:00.000,0.0,0.0,0.0,0.0,0,0,14.65
SPY,2024-12-24,584.0,CALL,2024-12-24T15:25:00.000,0.0,0.0,0.0,0.0,0,0,14.65
SPY,2024-12-24,584.0,CALL,2024-12-24T15:30:00.000,0.0,0.0,0.0,0.0,0,0,14.65
SPY,2024-12-24,584.0,CALL,2024-12-24T15:35:00.000,0.0,0.0,0.0,0.0,0,0,14.65
SPY,2024-12-24,584.0,CALL,2024-12-24T15:40:00.000,0.0,0.0,0.0,0.0,0,0,14.65
SPY,2024-12-24,584.0,CALL,2024-12-24T15:45:00.000,0.0,0.0,0.0,0.0,0,0,14.65
SPY,2024-12-24,584.0,CALL,2024-12-24T15:50:00.000,0.0,0.0,0.0,0.0,0,0,14.65
SPY,2024-12-24,584.0,CALL,2024-12-24T15:55:00.000,0.0,0.0,0.0,0.0,0,0,14.65
SPY,2024-12-24,584.0,CALL,2024-12-24T16:00:00.000,0.0,0.0,0.0,0.0,0,0,14.65
SPY,2024-12-24,616.0,CALL,2024-12-24T09:30:00.000,0.0,0.0,0.0,0.0,0,0,0.0
SPY,2024-12-24,616.0,CALL,2024-12-24T09:35:00.000,0.0,0.0,0.0,0.0,0,0,0.0
SPY,2024-12-24,616.0,CALL,2024-12-24T09:40:00.000,0.01,0.01,0.01,0.01,1,1,0.01
SPY,2024-12-24,616.0,CALL,2024-12-24T09:45:00.000,0.0,0.0,0.0,0.0,0,0,0.01
SPY,2024-12-24,616.0,CALL,2024-12-24T09:50:00.000,0.0,0.0,0.0,0.0,0,0,0.01
SPY,2024-12-24,616.0,CALL,2024-12-24T09:55:00.000,0.0,0.0,0.0,0.0,0,0,0.01
SPY,2024-12-24,616.0,CALL,2024-12-24T10:00:00.000,0.0,0.0,0.0,0.0,0,0,0.01
SPY,2024-12-24,616.0,CALL,2024-12-24T10:05:00.000,0.01,0.01,0.01,0.01,2,1,0.01
SPY,2024-12-24,616.0,CALL,2024-12-24T10:10:00.000,0.0,0.0,0.0,0.0,0,0,0.01
SPY,2024-12-24,616.0,CALL,2024-12-24T10:15:00.000,0.0,0.0,0.0,0.0,0,0,0.01
SPY,2024-12-24,616.0,CALL,2024-12-24T10:20:00.000,0.0,0.0,0.0,0.0,0,0,0.01
SPY,2024-12-24,616.0,CALL,2024-12-24T10:25:00.000,0.0,0.0,0.0,0.0,0,0,0.01
SPY,2024-12-24,616.0,CALL,2024-12-24T10:30:00.000,0.0,0.0,0.0,0.0,0,0,0.01
SPY,2024-12-24,616.0,CALL,2024-12-24T10:35:00.000,0.0,0.0,0.0,0.0,0,0,0.01
SPY,2024-12-24,616.0,CALL,2024-12-24T10:40:00.000,0.0,0.0,0.0,0.0,0,0,0.01
SPY,2024-12-24,616.0,CALL,2024-12-24T10:45:00.000,0.0,0.0,0.0,0.0,0,0,0.01
SPY,2024-12-24,616.0,CALL,2024-12-24T10:50:00.000,0.0,0.0,0.0,0.0,0,0,0.01
SPY,2024-12-24,616.0,CALL,2024-12-24T10:55:00.000,0.0,0.0,0.0,0.0,0,0,0.01
SPY,2024-12-24,616.0,CALL,2024-12-24T11:00:00.000,0.0,0.0,0.0,0.0,0,0,0.01
SPY,2024-12-24,616.0,CALL,2024-12-24T11:05:00.000,0.0,0.0,0.0,0.0,0,0,0.01
SPY,2024-12-24,616.0,CALL,2024-12-24T11:10:00.000,0.0,0.0,0.0,0.0,0,0,0.01
SPY,2024-12-24,616.0,CALL,2024-12-24T11:15:00.000,0.0,0.0,0.0,0.0,0,0,0.01
SPY,2024-12-24,616.0,CALL,2024-12-24T11:20:00.000,0.0,0.0,0.0,0.0,0,0,0.01
SPY,2024-12-24,616.0,CALL,2024-12-24T11:25:00.000,0.0,0.0,0.0,0.0,0,0,0.01
SPY,2024-12-24,616.0,CALL,2024-12-24T11:30:00.000,0.0,0.0,0.0,0.0,0,0,0.01
SPY,2024-12-24,616.0,CALL,2024-12-24T11:35:00.000,0.0,0.0,0.0,0.0,0,0,0.01
SPY,2024-12-24,616.0,CALL,2024-12-24T11:40:00.000,0.0,0.0,0.0,0.0,0,0,0.01
SPY,2024-12-24,616.0,CALL,2024-12-24T11:45:00.000,0.0,0.0,0.0,0.0,0,0,0.01
SPY,2024-12-24,616.0,CALL,2024-12-24T11:50:00.000,0.0,0.0,0.0,0.0,0,0,0.01
SPY,2024-12-24,616.0,CALL,2024-12-24T11:55:00.000,0.0,0.0,0.0,0.0,0,0,0.01
SPY,2024-12-24,616.0,CALL,2024-12-24T12:00:00.000,0.0,0.0,0.0,0.0,0,0,0.01
SPY,2024-12-24,616.0,CALL,2024-12-24T12:05:00.000,0.0,0.0,0.0,0.0,0,0,0.01
SPY,2024-12-24,616.0,CALL,2024-12-24T12:10:00.000,0.0,0.0,0.0,0.0,0,0,0.01
SPY,2024-12-24,616.0,CALL,2024-12-24T12:15:00.000,0.0,0.0,0.0,0.0,0,0,0.01
SPY,2024-12-24,616.0,CALL,2024-12-24T12:20:00.000,0.0,0.0,0.0,0.0,0,0,0.01
SPY,2024-12-24,616.0,CALL,2024-12-24T12:25:00.000,0.0,0.0,0.0,0.0,0,0,0.01
SPY,2024-12-24,616.0,CALL,2024-12-24T12:30:00.000,0.0,0.0,0.0,0.0,0,0,0.01
SPY,2024-12-24,616.0,CALL,2024-12-24T12:35:00.000,0.0,0.0,0.0,0.0,0,0,0.01
SPY,2024-12-24,616.0,CALL,2024-12-24T12:40:00.000,0.0,0.0,0.0,0.0,0,0,0.01
SPY,2024-12-24,616.0,CALL,2024-12-24T12:45:00.000,0.0,0.0,0.0,0.0,0,0,0.01
SPY,2024-12-24,616.0,CALL,2024-12-24T12:50:00.000,0.0,0.0,0.0,0.0,0,0,0.01
SPY,2024-12-24,616.0,CALL,2024-12-24T12:55:00.000,0.01,0.01,0.01,0.01,1,1,0.01
SPY,2024-12-24,616.0,CALL,2024-12-24T13:00:00.000,0.0,0.0,0.0,0.0,0,0,0.01
SPY,2024-12-24,616.0,CALL,2024-12-24T13:05:00.000,0.0,0.0,0.0,0.0,0,0,0.01
SPY,2024-12-24,616.0,CALL,2024-12-24T13:10:00.000,0.0,0.0,0.0,0.0,0,0,0.01
SPY,2024-12-24,616.0,CALL,2024-12-24T13:15:00.000,0.0,0.0,0.0,0.0,0,0,0.01
SPY,2024-12-24,616.0,CALL,2024-12-24T13:20:00.000,0.0,0.0,0.0,0.0,0,0,0.01
SPY,2024-12-24,616.0,CALL,2024-12-24T13:25:00.000,0.0,0.0,0.0,0.0,0,0,0.01
SPY,2024-12-24,616.0,CALL,2024-12-24T13:30:00.000,0.0,0.0,0.0,0.0,0,0,0.01
SPY,2024-12-24,616.0,CALL,2024-12-24T13:35:00.000,0.0,0.0,0.0,0.0,0,0,0.01
SPY,2024-12-24,616.0,CALL,2024-12-24T13:40:00.000,0.0,0.0,0.0,0.0,0,0,0.01
SPY,2024-12-24,616.0,CALL,2024-12-24T13:45:00.000,0.0,0.0,0.0,0.0,0,0,0.01
SPY,2024-12-24,616.0,CALL,2024-12-24T13:50:00.000,0.0,0.0,0.0,0.0,0,0,0.01
SPY,2024-12-24,616.0,CALL,2024-12-24T13:55:00.000,0.0,0.0,0.0,0.0,0,0,0.01
SPY,2024-12-24,616.0,CALL,2024-12-24T14:00:00.000,0.0,0.0,0.0,0.0,0,0,0.01
SPY,2024-12-24,616.0,CALL,2024-12-24T14:05:00.000,0.0,0.0,0.0,0.0,0,0,0.01
SPY,2024-12-24,616.0,CALL,2024-12-24T14:10:00.000,0.0,0.0,0.0,0.0,0,0,0.01
SPY,2024-12-24,616.0,CALL,2024-12-24T14:15:00.000,0.0,0.0,0.0,0.0,0,0,0.01
SPY,2024-12-24,616.0,CALL,2024-12-24T14:20:00.000,0.0,0.0,0.0,0.0,0,0,0.01
SPY,2024-12-24,616.0,CALL,2024-12-24T14:25:00.000,0.0,0.0,0.0,0.0,0,0,0.01
SPY,2024-12-24,616.0,CALL,2024-12-24T14:30:00.000,0.0,0.0,0.0,0.0,0,0,0.01
SPY,2024-12-24,616.0,CALL,2024-12-24T14:35:00.000,0.0,0.0,0.0,0.0,0,0,0.01
SPY,2024-12-24,616.0,CALL,2024-12-24T14:40:00.000,0.0,0.0,0.0,0.0,0,0,0.01
SPY,2024-12-24,616.0,CALL,2024-12-24T14:45:00.000,0.0,0.0,0.0,0.0,0,0,0.01
SPY,2024-12-24,616.0,CALL,2024-12-24T14:50:00.000,0.0,0.0,0.0,0.0,0,0,0.01
SPY,2024-12-24,616.0,CALL,2024-12-24T14:55:00.000,0.0,0.0,0.0,0.0,0,0,0.01
SPY,2024-12-24,616.0,CALL,2024-12-24T15:00:00.000,0.0,0.0,0.0,0.0,0,0,0.01
SPY,2024-12-24,616.0,CALL,2024-12-24T15:05:00.000,0.0,0.0,0.0,0.0,0,0,0.01
SPY,2024-12-24,616.0,CALL,2024-12-24T15:10:00.000,0.0,0.0,0.0,0.0,0,0,0.01
SPY,2024-12-24,616.0,CALL,2024-12-24T15:15:00.000,0.0,0.0,0.0,0.0,0,0,0.01
SPY,2024-12-24,616.0,CALL,2024-12-24T15:20:00.000,0.0,0.0,0.0,0.0,0,0,0.01
SPY,2024-12-24,616.0,CALL,2024-12-24T15:25:00.000,0.0,0.0,0.0,0.0,0,0,0.01
SPY,2024-12-24,616.0,CALL,2024-12-24T15:30:00.000,0.0,0.0,0.0,0.0,0,0,0.01
SPY,2024-12-24,616.0,CALL,2024-12-24T15:35:00.000,0.0,0.0,0.0,0.0,0,0,0.01
SPY,2024-12-24,616.0,CALL,2024-12-24T15:40:00.000,0.0,0.0,0.0,0.0,0,0,0.01
SPY,2024-12-24,616.0,CALL,2024-12-24T15:45:00.000,0.0,0.0,0.0,0.0,0,0,0.01
SPY,2024-12-24,616.0,CALL,2024-12-24T15:50:00.000,0.0,0.0,0.0,0.0,0,0,0.01
SPY,2024-12-24,616.0,CALL,2024-12-24T15:55:00.000,0.0,0.0,0.0,0.0,0,0,0.01
SPY,2024-12-24,616.0,CALL,2024-12-24T16:00:00.000,0.0,0.0,0.0,0.0,0,0,0.01
SPY,2024-12-24,600.0,CALL,2024-12-24T09:30:00.000,0.04,0.09,0.04,0.09,20989,1278,0.05
SPY,2024-12-24,600.0,CALL,2024-12-24T09:35:00.000,0.08,0.11,0.06,0.1,15857,1014,0.07
SPY,2024-12-24,600.0,CALL,2024-12-24T09:40:00.000,0.1,0.13,0.08,0.1,11283,1193,0.07
SPY,2024-12-24,600.0,CALL,2024-12-24T09:45:00.000,0.1,0.11,0.09,0.09,7258,692,0.08
SPY,2024-12-24,600.0,CALL,2024-12-24T09:50:00.000,0.1,0.11,0.07,0.09,9511,849,0.08
SPY,2024-12-24,600.0,CALL,2024-12-24T09:55:00.000,0.1,0.11,0.08,0.1,7753,555,0.08
SPY,2024-12-24,600.0,CALL,2024-12-24T10:00:00.000,0.1,0.16,0.09,0.15,13496,1356,0.09
SPY,2024-12-24,600.0,CALL,2024-12-24T10:05:00.000,0.15,0.17,0.1,0.11,16098,1746,0.09
SPY,2024-12-24,600.0,CALL,2024-12-24T10:10:00.000,0.11,0.17,0.1,0.15,9307,1106,0.1
SPY,2024-12-24,600.0,CALL,2024-12-24T10:15:00.000,0.15,0.18,0.14,0.15,12701,1435,0.1
SPY,2024-12-24,600.0,CALL,2024-12-24T10:20:00.000,0.15,0.17,0.12,0.16,9889,1029,0.11
SPY,2024-12-24,600.0,CALL,2024-12-24T10:25:00.000,0.16,0.17,0.14,0.14,8279,765,0.11
SPY,2024-12-24,600.0,CALL,2024-12-24T10:30:00.000,0.14,0.19,0.13,0.19,14604,1342,0.11
SPY,2024-12-24,600.0,CALL,2024-12-24T10:35:00.000,0.18,0.24,0.16,0.2,15221,1638,0.12
SPY,2024-12-24,600.0,CALL,2024-12-24T10:40:00.000,0.21,0.38,0.2,0.34,26045,2811,0.14
SPY,2024-12-24,600.0,CALL,2024-12-24T10:45:00.000,0.34,0.38,0.28,0.35,19353,2253,0.16
SPY,2024-12-24,600.0,CALL,2024-12-24T10:50:00.000,0.35,0.36,0.18,0.2,21691,2225,0.17
SPY,2024-12-24,600.0,CALL,2024-12-24T10:55:00.000,0.2,0.31,0.19,0.3,14514,1566,0.17
SPY,2024-12-24,600.0,CALL,2024-12-24T11:00:00.000,0.29,0.34,0.26,0.3,11509,1270,0.18
SPY,2024-12-24,600.0,CALL,2024-12-24T11:05:00.000,0.3,0.3,0.19,0.25,13169,1267,0.18
SPY,2024-12-24,600.0,CALL,2024-12-24T11:10:00.000,0.25,0.25,0.18,0.21,8469,866,0.18
SPY,2024-12-24,600.0,CALL,2024-12-24T11:15:00.000,0.2,0.25,0.19,0.22,8935,816,0.18
SPY,2024-12-24,600.0,CALL,2024-12-24T11:20:00.000,0.22,0.25,0.19,0.24,9917,743,0.18
SPY,2024-12-24,600.0,CALL,2024-12-24T11:25:00.000,0.25,0.26,0.21,0.23,7183,691,0.18
SPY,2024-12-24,600.0,CALL,2024-12-24T11:30:00.000,0.23,0.24,0.19,0.23,7599,850,0.18
SPY,2024-12-24,600.0,CALL,2024-12-24T11:35:00.000,0.23,0.29,0.19,0.26,15981,1457,0.19
SPY,2024-12-24,600.0,CALL,2024-12-24T11:40:00.000,0.27,0.35,0.24,0.33,17612,1764,0.19
SPY,2024-12-24,600.0,CALL,2024-12-24T11:45:00.000,0.33,0.35,0.28,0.33,13542,1411,0.2
SPY,2024-12-24,600.0,CALL,2024-12-24T11:50:00.000,0.32,0.34,0.1,0.14,24259,2515,0.2
SPY,2024-12-24,600.0,CALL,2024-12-24T11:55:00.000,0.14,0.24,0.11,0.12,18132,1663,0.19
SPY,2024-12-24,600.0,CALL,2024-12-24T12:00:00.000,0.13,0.2,0.11,0.17,11206,909,0.19
SPY,2024-12-24,600.0,CALL,2024-12-24T12:05:00.000,0.17,0.24,0.16,0.24,12964,938,0.19
SPY,2024-12-24,600.0,CALL,2024-12-24T12:10:00.000,0.24,0.32,0.2,0.31,16466,1333,0.2
SPY,2024-12-24,600.0,CALL,2024-12-24T12:15:00.000,0.31,0.34,0.23,0.32,10906,1327,0.2
SPY,2024-12-24,600.0,CALL,2024-12-24T12:20:00.000,0.33,0.41,0.29,0.31,21500,2111,0.2
SPY,2024-12-24,600.0,CALL,2024-12-24T12:25:00.000,0.31,0.52,0.3,0.42,16233,1793,0.21
SPY,2024-12-24,600.0,CALL,2024-12-24T12:30:00.000,0.4,0.43,0.14,0.14,26677,2451,0.22
SPY,2024-12-24,600.0,CALL,2024-12-24T12:35:00.000,0.15,0.31,0.09,0.29,16156,1257,0.21
SPY,2024-12-24,600.0,CALL,2024-12-24T12:40:00.000,0.28,0.46,0.22,0.24,4383,599,0.21
SPY,2024-12-24,600.0,CALL,2024-12-24T12:45:00.000,0.24,0.3,0.13,0.27,7975,549,0.21
SPY,2024-12-24,600.0,CALL,2024-12-24T12:50:00.000,0.29,0.68,0.27,0.64,13948,1367,0.22
SPY,2024-12-24,600.0,CALL,2024-12-24T12:55:00.000,0.61,2.09,0.54,1.28,6178,734,0.23
SPY,2024-12-24,600.0,CALL,2024-12-24T13:00:00.000,1.02,1.28,0.8,1.1,992,152,0.23
SPY,2024-12-24,600.0,CALL,2024-12-24T13:05:00.000,1.04,1.21,0.82,0.88,1891,101,0.23
SPY,2024-12-24,600.0,CALL,2024-12-24T13:10:00.000,0.84,1.28,0.84,1.28,990,71,0.23
SPY,2024-12-24,600.0,CALL,2024-12-24T13:15:00.000,0.0,0.0,0.0,0.0,0,0,0.23
SPY,2024-12-24,600.0,CALL,2024-12-24T13:20:00.000,0.0,0.0,0.0,0.0,0,0,0.23
SPY,2024-12-24,600.0,CALL,2024-12-24T13:25:00.000,0.0,0.0,0.0,0.0,0,0,0.23
SPY,2024-12-24,600.0,CALL,2024-12-24T13:30:00.000,0.0,0.0,0.0,0.0,0,0,0.23
SPY,2024-12-24,600.0,CALL,2024-12-24T13:35:00.000,0.0,0.0,0.0,0.0,0,0,0.23
SPY,2024-12-24,600.0,CALL,2024-12-24T13:40:00.000,0.0,0.0,0.0,0.0,0,0,0.23
SPY,2024-12-24,600.0,CALL,2024-12-24T13:45:00.000,0.0,0.0,0.0,0.0,0,0,0.23
SPY,2024-12-24,600.0,CALL,2024-12-24T13:50:00.000,0.0,0.0,0.0,0.0,0,0,0.23
SPY,2024-12-24,600.0,CALL,2024-12-24T13:55:00.000,0.0,0.0,0.0,0.0,0,0,0.23
SPY,2024-12-24,600.0,CALL,2024-12-24T14:00:00.000,0.0,0.0,0.0,0.0,0,0,0.23
SPY,2024-12-24,600.0,CALL,2024-12-24T14:05:00.000,0.0,0.0,0.0,0.0,0,0,0.23
SPY,2024-12-24,600.0,CALL,2024-12-24T14:10:00.000,0.0,0.0,0.0,0.0,0,0,0.23
SPY,2024-12-24,600.0,CALL,2024-12-24T14:15:00.000,0.0,0.0,0.0,0.0,0,0,0.23
SPY,2024-12-24,600.0,CALL,2024-12-24T14:20:00.000,0.0,0.0,0.0,0.0,0,0,0.23
SPY,2024-12-24,600.0,CALL,2024-12-24T14:25:00.000,0.0,0.0,0.0,0.0,0,0,0.23
SPY,2024-12-24,600.0,CALL,2024-12-24T14:30:00.000,0.0,0.0,0.0,0.0,0,0,0.23
SPY,2024-12-24,600.0,CALL,2024-12-24T14:35:00.000,0.0,0.0,0.0,0.0,0,0,0.23
SPY,2024-12-24,600.0,CALL,2024-12-24T14:40:00.000,0.0,0.0,0.0,0.0,0,0,0.23
SPY,2024-12-24,600.0,CALL,2024-12-24T14:45:00.000,0.0,0.0,0.0,0.0,0,0,0.23
SPY,2024-12-24,600.0,CALL,2024-12-24T14:50:00.000,0.0,0.0,0.0,0.0,0,0,0.23
SPY,2024-12-24,600.0,CALL,2024-12-24T14:55:00.000,0.0,0.0,0.0,0.0,0,0,0.23
SPY,2024-12-24,600.0,CALL,2024-12-24T15:00:00.000,0.0,0.0,0.0,0.0,0,0,0.23
SPY,2024-12-24,600.0,CALL,2024-12-24T15:05:00.000,0.0,0.0,0.0,0.0,0,0,0.23
SPY,2024-12-24,600.0,CALL,2024-12-24T15:10:00.000,0.0,0.0,0.0,0.0,0,0,0.23
SPY,2024-12-24,600.0,CALL,2024-12-24T15:15:00.000,0.0,0.0,0.0,0.0,0,0,0.23
SPY,2024-12-24,600.0,CALL,2024-12-24T15:20:00.000,0.0,0.0,0.0,0.0,0,0,0.23
SPY,2024-12-24,600.0,CALL,2024-12-24T15:25:00.000,0.0,0.0,0.0,0.0,0,0,0.23
SPY,2024-12-24,600.0,CALL,2024-12-24T15:30:00.000,0.0,0.0,0.0,0.0,0,0,0.23
SPY,2024-12-24,600.0,CALL,2024-12-24T15:35:00.000,0.0,0.0,0.0,0.0,0,0,0.23
SPY,2024-12-24,600.0,CALL,2024-12-24T15:40:00.000,0.0,0.0,0.0,0.0,0,0,0.23
SPY,2024-12-24,600.0,CALL,2024-12-24T15:45:00.000,0.0,0.0,0.0,0.0,0,0,0.23
SPY,2024-12-24,600.0,CALL,2024-12-24T15:50:00.000,0.0,0.0,0.0,0.0,0,0,0.23
SPY,2024-12-24,600.0,CALL,2024-12-24T15:55:00.000,0.0,0.0,0.0,0.0,0,0,0.23
SPY,2024-12-24,600.0,CALL,2024-12-24T16:00:00.000,0.0,0.0,0.0,0.0,0,0,0.23
SPY,2024-12-24,595.0,CALL,2024-12-24T09:30:00.000,1.63,1.83,1.33,1.78,6712,1347,1.56
SPY,2024-12-24,595.0,CALL,2024-12-24T09:35:00.000,1.75,2.11,1.53,1.94,6005,1062,1.65
SPY,2024-12-24,595.0,CALL,2024-12-24T09:40:00.000,1.92,2.36,1.91,2.17,3110,608,1.76
SPY,2024-12-24,595.0,CALL,2024-12-24T09:45:00.000,2.2,2.35,2.13,2.22,1191,307,1.79
SPY,2024-12-24,595.0,CALL,2024-12-24T09:50:00.000,2.2,2.45,1.98,2.29,2140,271,1.85
SPY,2024-12-24,595.0,CALL,2024-12-24T09:55:00.000,2.25,2.5,2.08,2.42,2754,230,1.91
SPY,2024-12-24,595.0,CALL,2024-12-24T10:00:00.000,2.46,3.0,2.43,2.97,2776,331,2.01
SPY,2024-12-24,595.0,CALL,2024-12-24T10:05:00.000,2.85,3.22,2.65,2.73,1992,308,2.08
SPY,2024-12-24,595.0,CALL,2024-12-24T10:10:00.000,2.74,3.22,2.74,3.21,1743,153,2.13
SPY,2024-12-24,595.0,CALL,2024-12-24T10:15:00.000,3.25,3.4,3.17,3.28,328,88,2.15
SPY,2024-12-24,595.0,CALL,2024-12-24T10:20:00.000,3.14,3.31,2.93,3.18,233,81,2.15
SPY,2024-12-24,595.0,CALL,2024-12-24T10:25:00.000,3.2,3.43,3.2,3.29,249,60,2.16
SPY,2024-12-24,595.0,CALL,2024-12-24T10:30:00.000,3.3,3.69,3.27,3.68,483,100,2.19
SPY,2024-12-24,595.0,CALL,2024-12-24T10:35:00.000,3.62,3.98,3.52,3.78,759,68,2.23
SPY,2024-12-24,595.0,CALL,2024-12-24T10:40:00.000,3.82,4.29,3.82,4.25,248,46,2.24
SPY,2024-12-24,595.0,CALL,2024-12-24T10:45:00.000,4.25,4.36,3.82,4.28,324,67,2.26
SPY,2024-12-24,595.0,CALL,2024-12-24T10:50:00.000,4.28,4.28,3.7,3.7,515,111,2.29
SPY,2024-12-24,595.0,CALL,2024-12-24T10:55:00.000,3.75,4.77,3.74,4.2,259,46,2.3
SPY,2024-12-24,595.0,CALL,2024-12-24T11:00:00.000,4.2,4.38,4.11,4.25,42,28,2.31
SPY,2024-12-24,595.0,CALL,2024-12-24T11:05:00.000,4.2,4.2,3.98,4.18,537,52,2.33
SPY,2024-12-24,595.0,CALL,2024-12-24T11:10:00.000,4.02,4.12,3.86,4.06,132,26,2.34
SPY,2024-12-24,595.0,CALL,2024-12-24T11:15:00.000,4.01,4.23,4.01,4.03,140,32,2.35
SPY,2024-12-24,595.0,CALL,2024-12-24T11:20:00.000,4.13,4.32,4.05,4.3,195,24,2.36
SPY,2024-12-24,595.0,CALL,2024-12-24T11:25:00.000,4.34,4.37,4.23,4.25,87,12,2.37
SPY,2024-12-24,595.0,CALL,2024-12-24T11:30:00.000,4.23,4.33,4.12,4.28,283,34,2.38
SPY,2024-12-24,595.0,CALL,2024-12-24T11:35:00.000,4.36,4.5,4.23,4.41,608,32,2.42
SPY,2024-12-24,595.0,CALL,2024-12-24T11:40:00.000,4.6,4.75,4.51,4.72,223,23,2.43
SPY,2024-12-24,595.0,CALL,2024-12-24T11:45:00.000,4.68,4.8,4.64,4.8,301,29,2.45
SPY,2024-12-24,595.0,CALL,2024-12-24T11:50:00.000,4.8,4.8,3.9,4.09,751,85,2.49
SPY,2024-12-24,595.0,CALL,2024-12-24T11:55:00.000,4.17,4.5,4.01,4.01,687,43,2.53
SPY,2024-12-24,595.0,CALL,2024-12-24T12:00:00.000,3.86,4.35,3.86,4.35,80,22,2.53
SPY,2024-12-24,595.0,CALL,2024-12-24T12:05:00.000,4.4,4.63,4.36,4.62,39,11,2.53
SPY,2024-12-24,595.0,CALL,2024-12-24T12:10:00.000,4.65,4.85,4.65,4.71,68,20,2.54
SPY,2024-12-24,595.0,CALL,2024-12-24T12:15:00.000,4.83,4.9,4.61,4.9,1969,45,2.65
SPY,2024-12-24,595.0,CALL,2024-12-24T12:20:00.000,4.8,5.1,4.78,5.03,662,30,2.69
SPY,2024-12-24,595.0,CALL,2024-12-24T12:25:00.000,5.0,5.35,4.88,5.2,1294,38,2.77
SPY,2024-12-24,595.0,CALL,2024-12-24T12:30:00.000,5.06,5.17,4.47,4.49,1004,99,2.82
SPY,2024-12-24,595.0,CALL,2024-12-24T12:35:00.000,4.42,4.89,4.2,4.84,193,52,2.83
SPY,2024-12-24,595.0,CALL,2024-12-24T12:40:00.000,4.96,5.34,4.95,5.03,110,16,2.84
SPY,2024-12-24,595.0,CALL,2024-12-24T12:45:00.000,4.84,5.66,4.49,5.02,100,30,2.84
SPY,2024-12-24,595.0,CALL,2024-12-24T12:50:00.000,5.0,5.78,5.0,5.6,88,18,2.85
SPY,2024-12-24,595.0,CALL,2024-12-24T12:55:00.000,5.61,6.38,5.56,6.15,192,26,2.86
SPY,2024-12-24,595.0,CALL,2024-12-24T13:00:00.000,5.84,6.18,5.82,6.0,208,24,2.88
SPY,2024-12-24,595.0,CALL,2024-12-24T13:05:00.000,6.23,6.23,5.91,6.02,10,6,2.88
SPY,2024-12-24,595.0,CALL,2024-12-24T13:10:00.000,6.19,6.19,6.15,6.15,3,2,2.88
SPY,2024-12-24,595.0,CALL,2024-12-24T13:15:00.000,0.0,0.0,0.0,0.0,0,0,2.88
SPY,2024-12-24,595.0,CALL,2024-12-24T13:20:00.000,0.0,0.0,0.0,0.0,0,0,2.88
SPY,2024-12-24,595.0,CALL,2024-12-24T13:25:00.000,0.0,0.0,0.0,0.0,0,0,2.88
SPY,2024-12-24,595.0,CALL,2024-12-24T13:30:00.000,0.0,0.0,0.0,0.0,0,0,2.88
SPY,2024-12-24,595.0,CALL,2024-12-24T13:35:00.000,0.0,0.0,0.0,0.0,0,0,2.88
SPY,2024-12-24,595.0,CALL,2024-12-24T13:40:00.000,0.0,0.0,0.0,0.0,0,0,2.88
SPY,2024-12-24,595.0,CALL,2024-12-24T13:45:00.000,0.0,0.0,0.0,0.0,0,0,2.88
SPY,2024-12-24,595.0,CALL,2024-12-24T13:50:00.000,0.0,0.0,0.0,0.0,0,0,2.88
SPY,2024-12-24,595.0,CALL,2024-12-24T13:55:00.000,0.0,0.0,0.0,0.0,0,0,2.88
SPY,2024-12-24,595.0,CALL,2024-12-24T14:00:00.000,0.0,0.0,0.0,0.0,0,0,2.88
SPY,2024-12-24,595.0,CALL,2024-12-24T14:05:00.000,0.0,0.0,0.0,0.0,0,0,2.88
SPY,2024-12-24,595.0,CALL,2024-12-24T14:10:00.000,0.0,0.0,0.0,0.0,0,0,2.88
SPY,2024-12-24,595.0,CALL,2024-12-24T14:15:00.000,0.0,0.0,0.0,0.0,0,0,2.88
SPY,2024-12-24,595.0,CALL,2024-12-24T14:20:00.000,0.0,0.0,0.0,0.0,0,0,2.88
SPY,2024-12-24,595.0,CALL,2024-12-24T14:25:00.000,0.0,0.0,0.0,0.0,0,0,2.88
SPY,2024-12-24,595.0,CALL,2024-12-24T14:30:00.000,0.0,0.0,0.0,0.0,0,0,2.88
SPY,2024-12-24,595.0,CALL,2024-12-24T14:35:00.000,0.0,0.0,0.0,0.0,0,0,2.88
SPY,2024-12-24,595.0,CALL,2024-12-24T14:40:00.000,0.0,0.0,0.0,0.0,0,0,2.88
SPY,2024-12-24,595.0,CALL,2024-12-24T14:45:00.000,0.0,0.0,0.0,0.0,0,0,2.88
SPY,2024-12-24,595.0,CALL,2024-12-24T14:50:00.000,0.0,0.0,0.0,0.0,0,0,2.88
SPY,2024-12-24,595.0,CALL,2024-12-24T14:55:00.000,0.0,0.0,0.0,0.0,0,0,2.88
SPY,2024-12-24,595.0,CALL,2024-12-24T15:00:00.000,0.0,0.0,0.0,0.0,0,0,2.88
SPY,2024-12-24,595.0,CALL,2024-12-24T15:05:00.000,0.0,0.0,0.0,0.0,0,0,2.88
SPY,2024-12-24,595.0,CALL,2024-12-24T15:10:00.000,0.0,0.0,0.0,0.0,0,0,2.88
SPY,2024-12-24,595.0,CALL,2024-12-24T15:15:00.000,0.0,0.0,0.0,0.0,0,0,2.88
SPY,2024-12-24,595.0,CALL,2024-12-24T15:20:00.000,0.0,0.0,0.0,0.0,0,0,2.88
SPY,2024-12-24,595.0,CALL,2024-12-24T15:25:00.000,0.0,0.0,0.0,0.0,0,0,2.88
SPY,2024-12-24,595.0,CALL,2024-12-24T15:30:00.000,0.0,0.0,0.0,0.0,0,0,2.88
SPY,2024-12-24,595.0,CALL,2024-12-24T15:35:00.000,0.0,0.0,0.0,0.0,0,0,2.88
SPY,2024-12-24,595.0,CALL,2024-12-24T15:40:00.000,0.0,0.0,0.0,0.0,0,0,2.88
SPY,2024-12-24,595.0,CALL,2024-12-24T15:45:00.000,0.0,0.0,0.0,0.0,0,0,2.88
SPY,2024-12-24,595.0,CALL,2024-12-24T15:50:00.000,0.0,0.0,0.0,0.0,0,0,2.88
SPY,2024-12-24,595.0,CALL,2024-12-24T15:55:00.000,0.0,0.0,0.0,0.0,0,0,2.88
SPY,2024-12-24,595.0,CALL,2024-12-24T16:00:00.000,0.0,0.0,0.0,0.0,0,0,2.88
SPY,2024-12-24,611.0,CALL,2024-12-24T09:30:00.000,0.01,0.01,0.01,0.01,350,1,0.01
SPY,2024-12-24,611.0,CALL,2024-12-24T09:35:00.000,0.01,0.01,0.01,0.01,402,4,0.01
SPY,2024-12-24,611.0,CALL,2024-12-24T09:40:00.000,0.01,0.01,0.01,0.01,30,1,0.0
SPY,2024-12-24,611.0,CALL,2024-12-24T09:45:00.000,0.01,0.01,0.01,0.01,30,1,0.0
SPY,2024-12-24,611.0,CALL,2024-12-24T09:50:00.000,0.01,0.01,0.01,0.01,25,1,0.0
SPY,2024-12-24,611.0,CALL,2024-12-24T09:55:00.000,0.0,0.0,0.0,0.0,0,0,0.0
SPY,2024-12-24,611.0,CALL,2024-12-24T10:00:00.000,0.0,0.0,0.0,0.0,0,0,0.0
SPY,2024-12-24,611.0,CALL,2024-12-24T10:05:00.000,0.0,0.0,0.0,0.0,0,0,0.0
SPY,2024-12-24,611.0,CALL,2024-12-24T10:10:00.000,0.0,0.0,0.0,0.0,0,0,0.0
SPY,2024-12-24,611.0,CALL,2024-12-24T10:15:00.000,0.01,0.01,0.01,0.01,5,2,0.01
SPY,2024-12-24,611.0,CALL,2024-12-24T10:20:00.000,0.0,0.0,0.0,0.0,0,0,0.01
SPY,2024-12-24,611.0,CALL,2024-12-24T10:25:00.000,0.0,0.0,0.0,0.0,0,0,0.01
SPY,2024-12-24,611.0,CALL,2024-12-24T10:30:00.000,0.01,0.01,0.01,0.01,6,4,0.01
SPY,2024-12-24,611.0,CALL,2024-12-24T10:35:00.000,0.0,0.0,0.0,0.0,0,0,0.01
SPY,2024-12-24,611.0,CALL,2024-12-24T10:40:00.000,0.0,0.0,0.0,0.0,0,0,0.01
SPY,2024-12-24,611.0,CALL,2024-12-24T10:45:00.000,0.01,0.01,0.01,0.01,2,2,0.01
SPY,2024-12-24,611.0,CALL,2024-12-24T10:50:00.000,0.0,0.0,0.0,0.0,0,0,0.01
SPY,2024-12-24,611.0,CALL,2024-12-24T10:55:00.000,0.0,0.0,0.0,0.0,0,0,0.01
SPY,2024-12-24,611.0,CALL,2024-12-24T11:00:00.000,0.0,0.0,0.0,0.0,0,0,0.01
SPY,2024-12-24,611.0,CALL,2024-12-24T11:05:00.000,0.0,0.0,0.0,0.0,0,0,0.01
SPY,2024-12-24,611.0,CALL,2024-12-24T11:10:00.000,0.0,0.0,0.0,0.0,0,0,0.01
SPY,2024-12-24,611.0,CALL,2024-12-24T11:15:00.000,0.0,0.0,0.0,0.0,0,0,0.01
SPY,2024-12-24,611.0,CALL,2024-12-24T11:20:00.000,0.0,0.0,0.0,0.0,0,0,0.01
SPY,2024-12-24,611.0,CALL,2024-12-24T11:25:00.000,0.0,0.0,0.0,0.0,0,0,0.01
SPY,2024-12-24,611.0,CALL,2024-12-24T11:30:00.000,0.0,0.0,0.0,0.0,0,0,0.01
SPY,2024-12-24,611.0,CALL,2024-12-24T11:35:00.000,0.0,0.0,0.0,0.0,0,0,0.01
SPY,2024-12-24,611.0,CALL,2024-12-24T11:40:00.000,0.04,0.04,0.04,0.04,1,1,0.01
SPY,2024-12-24,611.0,CALL,2024-12-24T11:45:00.000,0.01,0.01,0.01,0.01,3,3,0.01
SPY,2024-12-24,611.0,CALL,2024-12-24T11:50:00.000,0.0,0.0,0.0,0.0,0,0,0.01
SPY,2024-12-24,611.0,CALL,2024-12-24T11:55:00.000,0.0,0.0,0.0,0.0,0,0,0.01
SPY,2024-12-24,611.0,CALL,2024-12-24T12:00:00.000,0.01,0.01,0.01,0.01,3,3,0.01
SPY,2024-12-24,611.0,CALL,2024-12-24T12:05:00.000,0.0,0.0,0.0,0.0,0,0,0.01
SPY,2024-12-24,611.0,CALL,2024-12-24T12:10:00.000,0.01,0.01,0.01,0.01,28,6,0.01
SPY,2024-12-24,611.0,CALL,2024-12-24T12:15:00.000,0.0,0.0,0.0,0.0,0,0,0.01
SPY,2024-12-24,611.0,CALL,2024-12-24T12:20:00.000,0.0,0.0,0.0,0.0,0,0,0.01
SPY,2024-12-24,611.0,CALL,2024-12-24T12:25:00.000,0.01,0.01,0.01,0.01,40,1,0.01
SPY,2024-12-24,611.0,CALL,2024-12-24T12:30:00.000,0.01,0.01,0.01,0.01,150,1,0.01
SPY,2024-12-24,611.0,CALL,2024-12-24T12:35:00.000,0.0,0.0,0.0,0.0,0,0,0.01
SPY,2024-12-24,611.0,CALL,2024-12-24T12:40:00.000,0.01,0.01,0.01,0.01,32,2,0.01
SPY,2024-12-24,611.0,CALL,2024-12-24T12:45:00.000,0.01,0.01,0.01,0.01,1,1,0.01
SPY,2024-12-24,611.0,CALL,2024-12-24T12:50:00.000,0.01,0.01,0.01,0.01,128,1,0.01
SPY,2024-12-24,611.0,CALL,2024-12-24T12:55:00.000,0.01,0.01,0.01,0.01,1,1,0.01
SPY,2024-12-24,611.0,CALL,2024-12-24T13:00:00.000,0.0,0.0,0.0,0.0,0,0,0.01
SPY,2024-12-24,611.0,CALL,2024-12-24T13:05:00.000,0.0,0.0,0.0,0.0,0,0,0.01
SPY,2024-12-24,611.0,CALL,2024-12-24T13:10:00.000,0.0,0.0,0.0,0.0,0,0,0.01
SPY,2024-12-24,611.0,CALL,2024-12-24T13:15:00.000,0.0,0.0,0.0,0.0,0,0,0.01
SPY,2024-12-24,611.0,CALL,2024-12-24T13:20:00.000,0.0,0.0,0.0,0.0,0,0,0.01
SPY,2024-12-24,611.0,CALL,2024-12-24T13:25:00.000,0.0,0.0,0.0,0.0,0,0,0.01
SPY,2024-12-24,611.0,CALL,2024-12-24T13:30:00.000,0.0,0.0,0.0,0.0,0,0,0.01
SPY,2024-12-24,611.0,CALL,2024-12-24T13:35:00.000,0.0,0.0,0.0,0.0,0,0,0.01
SPY,2024-12-24,611.0,CALL,2024-12-24T13:40:00.000,0.0,0.0,0.0,0.0,0,0,0.01
SPY,2024-12-24,611.0,CALL,2024-12-24T13:45:00.000,0.0,0.0,0.0,0.0,0,0,0.01
SPY,2024-12-24,611.0,CALL,2024-12-24T13:50:00.000,0.0,0.0,0.0,0.0,0,0,0.01
SPY,2024-12-24,611.0,CALL,2024-12-24T13:55:00.000,0.0,0.0,0.0,0.0,0,0,0.01
SPY,2024-12-24,611.0,CALL,2024-12-24T14:00:00.000,0.0,0.0,0.0,0.0,0,0,0.01
SPY,2024-12-24,611.0,CALL,2024-12-24T14:05:00.000,0.0,0.0,0.0,0.0,0,0,0.01
SPY,2024-12-24,611.0,CALL,2024-12-24T14:10:00.000,0.0,0.0,0.0,0.0,0,0,0.01
SPY,2024-12-24,611.0,CALL,2024-12-24T14:15:00.000,0.0,0.0,0.0,0.0,0,0,0.01
SPY,2024-12-24,611.0,CALL,2024-12-24T14:20:00.000,0.0,0.0,0.0,0.0,0,0,0.01
SPY,2024-12-24,611.0,CALL,2024-12-24T14:25:00.000,0.0,0.0,0.0,0.0,0,0,0.01
SPY,2024-12-24,611.0,CALL,2024-12-24T14:30:00.000,0.0,0.0,0.0,0.0,0,0,0.01
SPY,2024-12-24,611.0,CALL,2024-12-24T14:35:00.000,0.0,0.0,0.0,0.0,0,0,0.01
SPY,2024-12-24,611.0,CALL,2024-12-24T14:40:00.000,0.0,0.0,0.0,0.0,0,0,0.01
SPY,2024-12-24,611.0,CALL,2024-12-24T14:45:00.000,0.0,0.0,0.0,0.0,0,0,0.01
SPY,2024-12-24,611.0,CALL,2024-12-24T14:50:00.000,0.0,0.0,0.0,0.0,0,0,0.01
SPY,2024-12-24,611.0,CALL,2024-12-24T14:55:00.000,0.0,0.0,0.0,0.0,0,0,0.01
SPY,2024-12-24,611.0,CALL,2024-12-24T15:00:00.000,0.0,0.0,0.0,0.0,0,0,0.01
SPY,2024-12-24,611.0,CALL,2024-12-24T15:05:00.000,0.0,0.0,0.0,0.0,0,0,0.01
SPY,2024-12-24,611.0,CALL,2024-12-24T15:10:00.000,0.0,0.0,0.0,0.0,0,0,0.01
SPY,2024-12-24,611.0,CALL,2024-12-24T15:15:00.000,0.0,0.0,0.0,0.0,0,0,0.01
SPY,2024-12-24,611.0,CALL,2024-12-24T15:20:00.000,0.0,0.0,0.0,0.0,0,0,0.01
SPY,2024-12-24,611.0,CALL,2024-12-24T15:25:00.000,0.0,0.0,0.0,0.0,0,0,0.01
SPY,2024-12-24,611.0,CALL,2024-12-24T15:30:00.000,0.0,0.0,0.0,0.0,0,0,0.01
SPY,2024-12-24,611.0,CALL,2024-12-24T15:35:00.000,0.0,0.0,0.0,0.0,0,0,0.01
SPY,2024-12-24,611.0,CALL,2024-12-24T15:40:00.000,0.0,0.0,0.0,0.0,0,0,0.01
SPY,2024-12-24,611.0,CALL,2024-12-24T15:45:00.000,0.0,0.0,0.0,0.0,0,0,0.01
SPY,2024-12-24,611.0,CALL,2024-12-24T15:50:00.000,0.0,0.0,0.0,0.0,0,0,0.01
SPY,2024-12-24,611.0,CALL,2024-12-24T15:55:00.000,0.0,0.0,0.0,0.0,0,0,0.01
SPY,2024-12-24,611.0,CALL,2024-12-24T16:00:00.000,0.0,0.0,0.0,0.0,0,0,0.01
SPY,2024-12-24,579.0,CALL,2024-12-24T09:30:00.000,0.0,0.0,0.0,0.0,0,0,0.0
SPY,2024-12-24,579.0,CALL,2024-12-24T09:35:00.000,17.36,17.36,17.36,17.36,1,1,17.36
SPY,2024-12-24,579.0,CALL,2024-12-24T09:40:00.000,0.0,0.0,0.0,0.0,0,0,17.36
SPY,2024-12-24,579.0,CALL,2024-12-24T09:45:00.000,0.0,0.0,0.0,0.0,0,0,17.36
SPY,2024-12-24,579.0,CALL,2024-12-24T09:50:00.000,0.0,0.0,0.0,0.0,0,0,17.36
SPY,2024-12-24,579.0,CALL,2024-12-24T09:55:00.000,0.0,0.0,0.0,0.0,0,0,17.36
SPY,2024-12-24,579.0,CALL,2024-12-24T10:00:00.000,0.0,0.0,0.0,0.0,0,0,17.36
SPY,2024-12-24,579.0,CALL,2024-12-24T10:05:00.000,0.0,0.0,0.0,0.0,0,0,17.36
SPY,2024-12-24,579.0,CALL,2024-12-24T10:10:00.000,0.0,0.0,0.0,0.0,0,0,17.36
SPY,2024-12-24,579.0,CALL,2024-12-24T10:15:00.000,0.0,0.0,0.0,0.0,0,0,17.36
SPY,2024-12-24,579.0,CALL,2024-12-24T10:20:00.000,0.0,0.0,0.0,0.0,0,0,17.36
SPY,2024-12-24,579.0,CALL,2024-12-24T10:25:00.000,0.0,0.0,0.0,0.0,0,0,17.36
SPY,2024-12-24,579.0,CALL,2024-12-24T10:30:00.000,0.0,0.0,0.0,0.0,0,0,17.36
SPY,2024-12-24,579.0,CALL,2024-12-24T10:35:00.000,0.0,0.0,0.0,0.0,0,0,17.36
SPY,2024-12-24,579.0,CALL,2024-12-24T10:40:00.000,0.0,0.0,0.0,0.0,0,0,17.36
SPY,2024-12-24,579.0,CALL,2024-12-24T10:45:00.000,0.0,0.0,0.0,0.0,0,0,17.36
SPY,2024-12-24,579.0,CALL,2024-12-24T10:50:00.000,0.0,0.0,0.0,0.0,0,0,17.36
SPY,2024-12-24,579.0,CALL,2024-12-24T10:55:00.000,0.0,0.0,0.0,0.0,0,0,17.36
SPY,2024-12-24,579.0,CALL,2024-12-24T11:00:00.000,0.0,0.0,0.0,0.0,0,0,17.36
SPY,2024-12-24,579.0,CALL,2024-12-24T11:05:00.000,0.0,0.0,0.0,0.0,0,0,17.36
SPY,2024-12-24,579.0,CALL,2024-12-24T11:10:00.000,0.0,0.0,0.0,0.0,0,0,17.36
SPY,2024-12-24,579.0,CALL,2024-12-24T11:15:00.000,0.0,0.0,0.0,0.0,0,0,17.36
SPY,2024-12-24,579.0,CALL,2024-12-24T11:20:00.000,0.0,0.0,0.0,0.0,0,0,17.36
SPY,2024-12-24,579.0,CALL,2024-12-24T11:25:00.000,0.0,0.0,0.0,0.0,0,0,17.36
SPY,2024-12-24,579.0,CALL,2024-12-24T11:30:00.000,0.0,0.0,0.0,0.0,0,0,17.36
SPY,2024-12-24,579.0,CALL,2024-12-24T11:35:00.000,0.0,0.0,0.0,0.0,0,0,17.36
SPY,2024-12-24,579.0,CALL,2024-12-24T11:40:00.000,0.0,0.0,0.0,0.0,0,0,17.36
SPY,2024-12-24,579.0,CALL,2024-12-24T11:45:00.000,20.7,20.7,20.7,20.7,85,1,20.66
SPY,2024-12-24,579.0,CALL,2024-12-24T11:50:00.000,0.0,0.0,0.0,0.0,0,0,20.66
SPY,2024-12-24,579.0,CALL,2024-12-24T11:55:00.000,0.0,0.0,0.0,0.0,0,0,20.66
SPY,2024-12-24,579.0,CALL,2024-12-24T12:00:00.000,0.0,0.0,0.0,0.0,0,0,20.66
SPY,2024-12-24,579.0,CALL,2024-12-24T12:05:00.000,0.0,0.0,0.0,0.0,0,0,20.66
SPY,2024-12-24,579.0,CALL,2024-12-24T12:10:00.000,0.0,0.0,0.0,0.0,0,0,20.66
SPY,2024-12-24,579.0,CALL,2024-12-24T12:15:00.000,0.0,0.0,0.0,0.0,0,0,20.66
SPY,2024-12-24,579.0,CALL,2024-12-24T12:20:00.000,0.0,0.0,0.0,0.0,0,0,20.66
SPY,2024-12-24,579.0,CALL,2024-12-24T12:25:00.000,0.0,0.0,0.0,0.0,0,0,20.66
SPY,2024-12-24,579.0,CALL,2024-12-24T12:30:00.000,0.0,0.0,0.0,0.0,0,0,20.66
SPY,2024-12-24,579.0,CALL,2024-12-24T12:35:00.000,20.39,20.39,20.39,20.39,1,1,20.65
SPY,2024-12-24,579.0,CALL,2024-12-24T12:40:00.000,0.0,0.0,0.0,0.0,0,0,20.65
SPY,2024-12-24,579.0,CALL,2024-12-24T12:45:00.000,0.0,0.0,0.0,0.0,0,0,20.65
SPY,2024-12-24,579.0,CALL,2024-12-24T12:50:00.000,0.0,0.0,0.0,0.0,0,0,20.65
SPY,2024-12-24,579.0,CALL,2024-12-24T12:55:00.000,0.0,0.0,0.0,0.0,0,0,20.65
SPY,2024-12-24,579.0,CALL,2024-12-24T13:00:00.000,0.0,0.0,0.0,0.0,0,0,20.65
SPY,2024-12-24,579.0,CALL,2024-12-24T13:05:00.000,0.0,0.0,0.0,0.0,0,0,20.65
SPY,2024-12-24,579.0,CALL,2024-12-24T13:10:00.000,0.0,0.0,0.0,0.0,0,0,20.65
SPY,2024-12-24,579.0,CALL,2024-12-24T13:15:00.000,0.0,0.0,0.0,0.0,0,0,20.65
SPY,2024-12-24,579.0,CALL,2024-12-24T13:20:00.000,0.0,0.0,0.0,0.0,0,0,20.65
SPY,2024-12-24,579.0,CALL,2024-12-24T13:25:00.000,0.0,0.0,0.0,0.0,0,0,20.65
SPY,2024-12-24,579.0,CALL,2024-12-24T13:30:00.000,0.0,0.0,0.0,0.0,0,0,20.65
SPY,2024-12-24,579.0,CALL,2024-12-24T13:35:00.000,0.0,0.0,0.0,0.0,0,0,20.65
SPY,2024-12-24,579.0,CALL,2024-12-24T13:40:00.000,0.0,0.0,0.0,0.0,0,0,20.65
SPY,2024-12-24,579.0,CALL,2024-12-24T13:45:00.000,0.0,0.0,0.0,0.0,0,0,20.65
SPY,2024-12-24,579.0,CALL,2024-12-24T13:50:00.000,0.0,0.0,0.0,0.0,0,0,20.65
SPY,2024-12-24,579.0,CALL,2024-12-24T13:55:00.000,0.0,0.0,0.0,0.0,0,0,20.65
SPY,2024-12-24,579.0,CALL,2024-12-24T14:00:00.000,0.0,0.0,0.0,0.0,0,0,20.65
SPY,2024-12-24,579.0,CALL,2024-12-24T14:05:00.000,0.0,0.0,0.0,0.0,0,0,20.65
SPY,2024-12-24,579.0,CALL,2024-12-24T14:10:00.000,0.0,0.0,0.0,0.0,0,0,20.65
SPY,2024-12-24,579.0,CALL,2024-12-24T14:15:00.000,0.0,0.0,0.0,0.0,0,0,20.65
SPY,2024-12-24,579.0,CALL,2024-12-24T14:20:00.000,0.0,0.0,0.0,0.0,0,0,20.65
SPY,2024-12-24,579.0,CALL,2024-12-24T14:25:00.000,0.0,0.0,0.0,0.0,0,0,20.65
SPY,2024-12-24,579.0,CALL,2024-12-24T14:30:00.000,0.0,0.0,0.0,0.0,0,0,20.65
SPY,2024-12-24,579.0,CALL,2024-12-24T14:35:00.000,0.0,0.0,0.0,0.0,0,0,20.65
SPY,2024-12-24,579.0,CALL,2024-12-24T14:40:00.000,0.0,0.0,0.0,0.0,0,0,20.65
SPY,2024-12-24,579.0,CALL,2024-12-24T14:45:00.000,0.0,0.0,0.0,0.0,0,0,20.65
SPY,2024-12-24,579.0,CALL,2024-12-24T14:50:00.000,0.0,0.0,0.0,0.0,0,0,20.65
SPY,2024-12-24,579.0,CALL,2024-12-24T14:55:00.000,0.0,0.0,0.0,0.0,0,0,20.65
SPY,2024-12-24,579.0,CALL,2024-12-24T15:00:00.000,0.0,0.0,0.0,0.0,0,0,20.65
SPY,2024-12-24,579.0,CALL,2024-12-24T15:05:00.000,0.0,0.0,0.0,0.0,0,0,20.65
SPY,2024-12-24,579.0,CALL,2024-12-24T15:10:00.000,0.0,0.0,0.0,0.0,0,0,20.65
SPY,2024-12-24,579.0,CALL,2024-12-24T15:15:00.000,0.0,0.0,0.0,0.0,0,0,20.65
SPY,2024-12-24,579.0,CALL,2024-12-24T15:20:00.000,0.0,0.0,0.0,0.0,0,0,20.65
SPY,2024-12-24,579.0,CALL,2024-12-24T15:25:00.000,0.0,0.0,0.0,0.0,0,0,20.65
SPY,2024-12-24,579.0,CALL,2024-12-24T15:30:00.000,0.0,0.0,0.0,0.0,0,0,20.65
SPY,2024-12-24,579.0,CALL,2024-12-24T15:35:00.000,0.0,0.0,0.0,0.0,0,0,20.65
SPY,2024-12-24,579.0,CALL,2024-12-24T15:40:00.000,0.0,0.0,0.0,0.0,0,0,20.65
SPY,2024-12-24,579.0,CALL,2024-12-24T15:45:00.000,0.0,0.0,0.0,0.0,0,0,20.65
SPY,2024-12-24,579.0,CALL,2024-12-24T15:50:00.000,0.0,0.0,0.0,0.0,0,0,20.65
SPY,2024-12-24,579.0,CALL,2024-12-24T15:55:00.000,0.0,0.0,0.0,0.0,0,0,20.65
SPY,2024-12-24,579.0,CALL,2024-12-24T16:00:00.000,0.0,0.0,0.0,0.0,0,0,20.65
SPY,2024-12-24,606.0,CALL,2024-12-24T09:30:00.000,0.01,0.01,0.01,0.01,85,7,0.01
SPY,2024-12-24,606.0,CALL,2024-12-24T09:35:00.000,0.01,0.01,0.01,0.01,73,3,0.01
SPY,2024-12-24,606.0,CALL,2024-12-24T09:40:00.000,0.01,0.01,0.01,0.01,2,1,0.01
SPY,2024-12-24,606.0,CALL,2024-12-24T09:45:00.000,0.0,0.0,0.0,0.0,0,0,0.01
SPY,2024-12-24,606.0,CALL,2024-12-24T09:50:00.000,0.0,0.0,0.0,0.0,0,0,0.01
SPY,2024-12-24,606.0,CALL,2024-12-24T09:55:00.000,0.0,0.0,0.0,0.0,0,0,0.01
SPY,2024-12-24,606.0,CALL,2024-12-24T10:00:00.000,0.0,0.0,0.0,0.0,0,0,0.01
SPY,2024-12-24,606.0,CALL,2024-12-24T10:05:00.000,0.01,0.01,0.01,0.01,12,5,0.01
SPY,2024-12-24,606.0,CALL,2024-12-24T10:10:00.000,0.0,0.0,0.0,0.0,0,0,0.01
SPY,2024-12-24,606.0,CALL,2024-12-24T10:15:00.000,0.01,0.01,0.01,0.01,40,9,0.01
SPY,2024-12-24,606.0,CALL,2024-12-24T10:20:00.000,0.0,0.0,0.0,0.0,0,0,0.01
SPY,2024-12-24,606.0,CALL,2024-12-24T10:25:00.000,0.0,0.0,0.0,0.0,0,0,0.01
SPY,2024-12-24,606.0,CALL,2024-12-24T10:30:00.000,0.01,0.01,0.01,0.01,12,4,0.01
SPY,2024-12-24,606.0,CALL,2024-12-24T10:35:00.000,0.01,0.01,0.01,0.01,17,3,0.01
SPY,2024-12-24,606.0,CALL,2024-12-24T10:40:00.000,0.01,0.01,0.01,0.01,7,1,0.01
SPY,2024-12-24,606.0,CALL,2024-12-24T10:45:00.000,0.01,0.01,0.01,0.01,44,14,0.01
SPY,2024-12-24,606.0,CALL,2024-12-24T10:50:00.000,0.0,0.0,0.0,0.0,0,0,0.01
SPY,2024-12-24,606.0,CALL,2024-12-24T10:55:00.000,0.01,0.01,0.01,0.01,1,1,0.0
SPY,2024-12-24,606.0,CALL,2024-12-24T11:00:00.000,0.0,0.0,0.0,0.0,0,0,0.0
SPY,2024-12-24,606.0,CALL,2024-12-24T11:05:00.000,0.0,0.0,0.0,0.0,0,0,0.0
SPY,2024-12-24,606.0,CALL,2024-12-24T11:10:00.000,0.0,0.0,0.0,0.0,0,0,0.0
SPY,2024-12-24,606.0,CALL,2024-12-24T11:15:00.000,0.01,0.01,0.01,0.01,16,1,0.01
SPY,2024-12-24,606.0,CALL,2024-12-24T11:20:00.000,0.0,0.0,0.0,0.0,0,0,0.01
SPY,2024-12-24,606.0,CALL,2024-12-24T11:25:00.000,0.0,0.0,0.0,0.0,0,0,0.01
SPY,2024-12-24,606.0,CALL,2024-12-24T11:30:00.000,0.0,0.0,0.0,0.0,0,0,0.01
SPY,2024-12-24,606.0,CALL,2024-12-24T11:35:00.000,0.01,0.01,0.01,0.01,2,2,0.01
SPY,2024-12-24,606.0,CALL,2024-12-24T11:40:00.000,0.0,0.0,0.0,0.0,0,0,0.01
SPY,2024-12-24,606.0,CALL,2024-12-24T11:45:00.000,0.01,0.01,0.01,0.01,20,2,0.01
SPY,2024-12-24,606.0,CALL,2024-12-24T11:50:00.000,0.0,0.0,0.0,0.0,0,0,0.01
SPY,2024-12-24,606.0,CALL,2024-12-24T11:55:00.000,0.01,0.01,0.01,0.01,10,2,0.01
SPY,2024-12-24,606.0,CALL,2024-12-24T12:00:00.000,0.01,0.01,0.01,0.01,8,2,0.01
SPY,2024-12-24,606.0,CALL,2024-12-24T12:05:00.000,0.0,0.0,0.0,0.0,0,0,0.01
SPY,2024-12-24,606.0,CALL,2024-12-24T12:10:00.000,0.0,0.0,0.0,0.0,0,0,0.01
SPY,2024-12-24,606.0,CALL,2024-12-24T12:15:00.000,0.0,0.0,0.0,0.0,0,0,0.01
SPY,2024-12-24,606.0,CALL,2024-12-24T12:20:00.000,0.0,0.0,0.0,0.0,0,0,0.01
SPY,2024-12-24,606.0,CALL,2024-12-24T12:25:00.000,0.01,0.01,0.01,0.01,1,1,0.01
SPY,2024-12-24,606.0,CALL,2024-12-24T12:30:00.000,0.0,0.0,0.0,0.0,0,0,0.01
SPY,2024-12-24,606.0,CALL,2024-12-24T12:35:00.000,0.0,0.0,0.0,0.0,0,0,0.01
SPY,2024-12-24,606.0,CALL,2024-12-24T12:40:00.000,0.01,0.01,0.01,0.01,20,2,0.01
SPY,2024-12-24,606.0,CALL,2024-12-24T12:45:00.000,0.01,0.01,0.01,0.01,2,1,0.01
SPY,2024-12-24,606.0,CALL,2024-12-24T12:50:00.000,0.01,0.01,0.01,0.01,20,4,0.01
SPY,2024-12-24,606.0,CALL,2024-12-24T12:55:00.000,0.01,0.01,0.01,0.01,2,1,0.01
SPY,2024-12-24,606.0,CALL,2024-12-24T13:00:00.000,0.01,0.01,0.01,0.01,21,2,0.01
SPY,2024-12-24,606.0,CALL,2024-12-24T13:05:00.000,0.0,0.0,0.0,0.0,0,0,0.01
SPY,2024-12-24,606.0,CALL,2024-12-24T13:10:00.000,0.0,0.0,0.0,0.0,0,0,0.01
SPY,2024-12-24,606.0,CALL,2024-12-24T13:15:00.000,0.0,0.0,0.0,0.0,0,0,0.01
SPY,2024-12-24,606.0,CALL,2024-12-24T13:20:00.000,0.0,0.0,0.0,0.0,0,0,0.01
SPY,2024-12-24,606.0,CALL,2024-12-24T13:25:00.000,0.0,0.0,0.0,0.0,0,0,0.01
SPY,2024-12-24,606.0,CALL,2024-12-24T13:30:00.000,0.0,0.0,0.0,0.0,0,0,0.01
SPY,2024-12-24,606.0,CALL,2024-12-24T13:35:00.000,0.0,0.0,0.0,0.0,0,0,0.01
SPY,2024-12-24,606.0,CALL,2024-12-24T13:40:00.000,0.0,0.0,0.0,0.0,0,0,0.01
SPY,2024-12-24,606.0,CALL,2024-12-24T13:45:00.000,0.0,0.0,0.0,0.0,0,0,0.01
SPY,2024-12-24,606.0,CALL,2024-12-24T13:50:00.000,0.0,0.0,0.0,0.0,0,0,0.01
SPY,2024-12-24,606.0,CALL,2024-12-24T13:55:00.000,0.0,0.0,0.0,0.0,0,0,0.01
SPY,2024-12-24,606.0,CALL,2024-12-24T14:00:00.000,0.0,0.0,0.0,0.0,0,0,0.01
SPY,2024-12-24,606.0,CALL,2024-12-24T14:05:00.000,0.0,0.0,0.0,0.0,0,0,0.01
SPY,2024-12-24,606.0,CALL,2024-12-24T14:10:00.000,0.0,0.0,0.0,0.0,0,0,0.01
SPY,2024-12-24,606.0,CALL,2024-12-24T14:15:00.000,0.0,0.0,0.0,0.0,0,0,0.01
SPY,2024-12-24,606.0,CALL,2024-12-24T14:20:00.000,0.0,0.0,0.0,0.0,0,0,0.01
SPY,2024-12-24,606.0,CALL,2024-12-24T14:25:00.000,0.0,0.0,0.0,0.0,0,0,0.01
SPY,2024-12-24,606.0,CALL,2024-12-24T14:30:00.000,0.0,0.0,0.0,0.0,0,0,0.01
SPY,2024-12-24,606.0,CALL,2024-12-24T14:35:00.000,0.0,0.0,0.0,0.0,0,0,0.01
SPY,2024-12-24,606.0,CALL,2024-12-24T14:40:00.000,0.0,0.0,0.0,0.0,0,0,0.01
SPY,2024-12-24,606.0,CALL,2024-12-24T14:45:00.000,0.0,0.0,0.0,0.0,0,0,0.01
SPY,2024-12-24,606.0,CALL,2024-12-24T14:50:00.000,0.0,0.0,0.0,0.0,0,0,0.01
SPY,2024-12-24,606.0,CALL,2024-12-24T14:55:00.000,0.0,0.0,0.0,0.0,0,0,0.01
SPY,2024-12-24,606.0,CALL,2024-12-24T15:00:00.000,0.0,0.0,0.0,0.0,0,0,0.01
SPY,2024-12-24,606.0,CALL,2024-12-24T15:05:00.000,0.0,0.0,0.0,0.0,0,0,0.01
SPY,2024-12-24,606.0,CALL,2024-12-24T15:10:00.000,0.0,0.0,0.0,0.0,0,0,0.01
SPY,2024-12-24,606.0,CALL,2024-12-24T15:15:00.000,0.0,0.0,0.0,0.0,0,0,0.01
SPY,2024-12-24,606.0,CALL,2024-12-24T15:20:00.000,0.0,0.0,0.0,0.0,0,0,0.01
SPY,2024-12-24,606.0,CALL,2024-12-24T15:25:00.000,0.0,0.0,0.0,0.0,0,0,0.01
SPY,2024-12-24,606.0,CALL,2024-12-24T15:30:00.000,0.0,0.0,0.0,0.0,0,0,0.01
SPY,2024-12-24,606.0,CALL,2024-12-24T15:35:00.000,0.0,0.0,0.0,0.0,0,0,0.01
SPY,2024-12-24,606.0,CALL,2024-12-24T15:40:00.000,0.0,0.0,0.0,0.0,0,0,0.01
SPY,2024-12-24,606.0,CALL,2024-12-24T15:45:00.000,0.0,0.0,0.0,0.0,0,0,0.01
SPY,2024-12-24,606.0,CALL,2024-12-24T15:50:00.000,0.0,0.0,0.0,0.0,0,0,0.01
SPY,2024-12-24,606.0,CALL,2024-12-24T15:55:00.000,0.0,0.0,0.0,0.0,0,0,0.01
SPY,2024-12-24,606.0,CALL,2024-12-24T16:00:00.000,0.0,0.0,0.0,0.0,0,0,0.01
SPY,2024-12-24,590.0,CALL,2024-12-24T09:30:00.000,5.97,6.26,5.56,6.22,259,42,5.86
SPY,2024-12-24,590.0,CALL,2024-12-24T09:35:00.000,6.06,6.63,5.91,6.45,53,19,5.93
SPY,2024-12-24,590.0,CALL,2024-12-24T09:40:00.000,6.4,7.02,6.4,6.75,51,24,6.04
SPY,2024-12-24,590.0,CALL,2024-12-24T09:45:00.000,6.88,7.0,6.82,6.82,83,16,6.19
SPY,2024-12-24,590.0,CALL,2024-12-24T09:50:00.000,6.65,7.06,6.65,7.02,23,10,6.23
SPY,2024-12-24,590.0,CALL,2024-12-24T09:55:00.000,7.01,7.24,6.96,7.14,27,12,6.28
SPY,2024-12-24,590.0,CALL,2024-12-24T10:00:00.000,7.47,7.75,7.22,7.75,40,12,6.37
SPY,2024-12-24,590.0,CALL,2024-12-24T10:05:00.000,7.82,8.04,7.5,7.5,117,15,6.63
SPY,2024-12-24,590.0,CALL,2024-12-24T10:10:00.000,7.69,8.05,7.69,7.99,12,8,6.65
SPY,2024-12-24,590.0,CALL,2024-12-24T10:15:00.000,8.16,8.25,8.09,8.17,91,12,6.84
SPY,2024-12-24,590.0,CALL,2024-12-24T10:20:00.000,7.79,8.17,7.79,8.14,4,4,6.85
SPY,2024-12-24,590.0,CALL,2024-12-24T10:25:00.000,8.21,8.31,8.21,8.3,20,6,6.88
SPY,2024-12-24,590.0,CALL,2024-12-24T10:30:00.000,8.3,8.62,8.3,8.58,19,6,6.92
SPY,2024-12-24,590.0,CALL,2024-12-24T10:35:00.000,8.82,8.82,8.72,8.73,214,3,7.3
SPY,2024-12-24,590.0,CALL,2024-12-24T10:40:00.000,8.81,9.25,8.81,9.21,141,11,7.51
SPY,2024-12-24,590.0,CALL,2024-12-24T10:45:00.000,9.26,9.26,9.2,9.2,19,3,7.53
SPY,2024-12-24,590.0,CALL,2024-12-24T10:50:00.000,9.17,9.3,8.73,8.75,74,11,7.61
SPY,2024-12-24,590.0,CALL,2024-12-24T10:55:00.000,8.75,9.2,8.75,9.2,11,4,7.63
SPY,2024-12-24,590.0,CALL,2024-12-24T11:00:00.000,9.2,9.28,9.2,9.28,3,3,7.63
SPY,2024-12-24,590.0,CALL,2024-12-24T11:05:00.000,9.06,9.06,8.92,9.04,5,5,7.63
SPY,2024-12-24,590.0,CALL,2024-12-24T11:10:00.000,9.05,9.1,9.05,9.1,2,2,7.64
SPY,2024-12-24,590.0,CALL,2024-12-24T11:15:00.000,9.05,9.1,9.05,9.1,2,2,7.64
SPY,2024-12-24,590.0,CALL,2024-12-24T11:20:00.000,9.0,9.0,9.0,9.0,1,1,7.64
SPY,2024-12-24,590.0,CALL,2024-12-24T11:25:00.000,9.49,9.49,9.34,9.34,3,2,7.64
SPY,2024-12-24,590.0,CALL,2024-12-24T11:30:00.000,9.24,9.3,9.14,9.3,4,4,7.65
SPY,2024-12-24,590.0,CALL,2024-12-24T11:35:00.000,9.44,9.44,9.39,9.4,50,4,7.72
SPY,2024-12-24,590.0,CALL,2024-12-24T11:40:00.000,9.58,9.69,9.31,9.69,80,13,7.82
SPY,2024-12-24,590.0,CALL,2024-12-24T11:45:00.000,9.75,9.75,9.75,9.75,1,1,7.83
SPY,2024-12-24,590.0,CALL,2024-12-24T11:50:00.000,9.62,9.62,8.79,9.0,20,5,7.85
SPY,2024-12-24,590.0,CALL,2024-12-24T11:55:00.000,9.15,9.5,9.01,9.01,39,8,7.89
SPY,2024-12-24,590.0,CALL,2024-12-24T12:00:00.000,8.82,9.2,8.82,9.2,6,2,7.89
SPY,2024-12-24,590.0,CALL,2024-12-24T12:05:00.000,9.4,9.4,9.4,9.4,10,4,7.9
SPY,2024-12-24,590.0,CALL,2024-12-24T12:10:00.000,9.65,9.71,9.65,9.71,28,3,7.94
SPY,2024-12-24,590.0,CALL,2024-12-24T12:15:00.000,9.64,9.91,9.64,9.91,8,4,7.95
SPY,2024-12-24,590.0,CALL,2024-12-24T12:20:00.000,10.06,10.06,10.06,10.06,5,2,7.95
SPY,2024-12-24,590.0,CALL,2024-12-24T12:25:00.000,10.06,10.25,10.06,10.25,18,3,7.98
SPY,2024-12-24,590.0,CALL,2024-12-24T12:30:00.000,10.2,10.2,9.89,9.9,14,5,8.0
SPY,2024-12-24,590.0,CALL,2024-12-24T12:35:00.000,9.39,9.44,9.3,9.37,49,11,8.04
SPY,2024-12-24,590.0,CALL,2024-12-24T12:40:00.000,9.88,10.19,9.88,10.03,9,3,8.05
SPY,2024-12-24,590.0,CALL,2024-12-24T12:45:00.000,9.86,9.86,9.86,9.86,5,1,8.06
SPY,2024-12-24,590.0,CALL,2024-12-24T12:50:00.000,10.28,10.61,10.28,10.61,20,3,8.08
SPY,2024-12-24,590.0,CALL,2024-12-24T12:55:00.000,0.0,0.0,0.0,0.0,0,0,8.08
SPY,2024-12-24,590.0,CALL,2024-12-24T13:00:00.000,0.0,0.0,0.0,0.0,0,0,8.08
SPY,2024-12-24,590.0,CALL,2024-12-24T13:05:00.000,0.0,0.0,0.0,0.0,0,0,8.08
SPY,2024-12-24,590.0,CALL,2024-12-24T13:10:00.000,11.06,11.06,11.06,11.06,10,1,8.1
SPY,2024-12-24,590.0,CALL,2024-12-24T13:15:00.000,0.0,0.0,0.0,0.0,0,0,8.1
SPY,2024-12-24,590.0,CALL,2024-12-24T13:20:00.000,0.0,0.0,0.0,0.0,0,0,8.1
SPY,2024-12-24,590.0,CALL,2024-12-24T13:25:00.000,0.0,0.0,0.0,0.0,0,0,8.1
SPY,2024-12-24,590.0,CALL,2024-12-24T13:30:00.000,0.0,0.0,0.0,0.0,0,0,8.1
SPY,2024-12-24,590.0,CALL,2024-12-24T13:35:00.000,0.0,0.0,0.0,0.0,0,0,8.1
SPY,2024-12-24,590.0,CALL,2024-12-24T13:40:00.000,0.0,0.0,0.0,0.0,0,0,8.1
SPY,2024-12-24,590.0,CALL,2024-12-24T13:45:00.000,0.0,0.0,0.0,0.0,0,0,8.1
SPY,2024-12-24,590.0,CALL,2024-12-24T13:50:00.000,0.0,0.0,0.0,0.0,0,0,8.1
SPY,2024-12-24,590.0,CALL,2024-12-24T13:55:00.000,0.0,0.0,0.0,0.0,0,0,8.1
SPY,2024-12-24,590.0,CALL,2024-12-24T14:00:00.000,0.0,0.0,0.0,0.0,0,0,8.1
SPY,2024-12-24,590.0,CALL,2024-12-24T14:05:00.000,0.0,0.0,0.0,0.0,0,0,8.1
SPY,2024-12-24,590.0,CALL,2024-12-24T14:10:00.000,0.0,0.0,0.0,0.0,0,0,8.1
SPY,2024-12-24,590.0,CALL,2024-12-24T14:15:00.000,0.0,0.0,0.0,0.0,0,0,8.1
SPY,2024-12-24,590.0,CALL,2024-12-24T14:20:00.000,0.0,0.0,0.0,0.0,0,0,8.1
SPY,2024-12-24,590.0,CALL,2024-12-24T14:25:00.000,0.0,0.0,0.0,0.0,0,0,8.1
SPY,2024-12-24,590.0,CALL,2024-12-24T14:30:00.000,0.0,0.0,0.0,0.0,0,0,8.1
SPY,2024-12-24,590.0,CALL,2024-12-24T14:35:00.000,0.0,0.0,0.0,0.0,0,0,8.1
SPY,2024-12-24,590.0,CALL,2024-12-24T14:40:00.000,0.0,0.0,0.0,0.0,0,0,8.1
SPY,2024-12-24,590.0,CALL,2024-12-24T14:45:00.000,0.0,0.0,0.0,0.0,0,0,8.1
SPY,2024-12-24,590.0,CALL,2024-12-24T14:50:00.000,0.0,0.0,0.0,0.0,0,0,8.1
SPY,2024-12-24,590.0,CALL,2024-12-24T14:55:00.000,0.0,0.0,0.0,0.0,0,0,8.1
SPY,2024-12-24,590.0,CALL,2024-12-24T15:00:00.000,0.0,0.0,0.0,0.0,0,0,8.1
SPY,2024-12-24,590.0,CALL,2024-12-24T15:05:00.000,0.0,0.0,0.0,0.0,0,0,8.1
SPY,2024-12-24,590.0,CALL,2024-12-24T15:10:00.000,0.0,0.0,0.0,0.0,0,0,8.1
SPY,2024-12-24,590.0,CALL,2024-12-24T15:15:00.000,0.0,0.0,0.0,0.0,0,0,8.1
SPY,2024-12-24,590.0,CALL,2024-12-24T15:20:00.000,0.0,0.0,0.0,0.0,0,0,8.1
SPY,2024-12-24,590.0,CALL,2024-12-24T15:25:00.000,0.0,0.0,0.0,0.0,0,0,8.1
SPY,2024-12-24,590.0,CALL,2024-12-24T15:30:00.000,0.0,0.0,0.0,0.0,0,0,8.1
SPY,2024-12-24,590.0,CALL,2024-12-24T15:35:00.000,0.0,0.0,0.0,0.0,0,0,8.1
SPY,2024-12-24,590.0,CALL,2024-12-24T15:40:00.000,0.0,0.0,0.0,0.0,0,0,8.1
SPY,2024-12-24,590.0,CALL,2024-12-24T15:45:00.000,0.0,0.0,0.0,0.0,0,0,8.1
SPY,2024-12-24,590.0,CALL,2024-12-24T15:50:00.000,0.0,0.0,0.0,0.0,0,0,8.1
SPY,2024-12-24,590.0,CALL,2024-12-24T15:55:00.000,0.0,0.0,0.0,0.0,0,0,8.1
SPY,2024-12-24,590.0,CALL,2024-12-24T16:00:00.000,0.0,0.0,0.0,0.0,0,0,8.1
SPY,2024-12-24,585.0,CALL,2024-12-24T09:30:00.000,10.59,10.59,10.0,10.59,9,7,10.52
SPY,2024-12-24,585.0,CALL,2024-12-24T09:35:00.000,10.85,10.85,10.85,10.85,1,1,10.55
SPY,2024-12-24,585.0,CALL,2024-12-24T09:40:00.000,11.91,11.91,11.91,11.91,1,1,10.68
SPY,2024-12-24,585.0,CALL,2024-12-24T09:45:00.000,0.0,0.0,0.0,0.0,0,0,10.68
SPY,2024-12-24,585.0,CALL,2024-12-24T09:50:00.000,12.03,12.03,12.03,12.03,1,1,10.79
SPY,2024-12-24,585.0,CALL,2024-12-24T09:55:00.000,11.93,11.93,11.93,11.93,5,4,11.12
SPY,2024-12-24,585.0,CALL,2024-12-24T10:00:00.000,0.0,0.0,0.0,0.0,0,0,11.12
SPY,2024-12-24,585.0,CALL,2024-12-24T10:05:00.000,13.02,13.02,13.02,13.02,1,1,11.23
SPY,2024-12-24,585.0,CALL,2024-12-24T10:10:00.000,0.0,0.0,0.0,0.0,0,0,11.23
SPY,2024-12-24,585.0,CALL,2024-12-24T10:15:00.000,0.0,0.0,0.0,0.0,0,0,11.23
SPY,2024-12-24,585.0,CALL,2024-12-24T10:20:00.000,13.23,13.23,13.23,13.23,1,1,11.33
SPY,2024-12-24,585.0,CALL,2024-12-24T10:25:00.000,0.0,0.0,0.0,0.0,0,0,11.33
SPY,2024-12-24,585.0,CALL,2024-12-24T10:30:00.000,0.0,0.0,0.0,0.0,0,0,11.33
SPY,2024-12-24,585.0,CALL,2024-12-24T10:35:00.000,13.67,13.67,13.67,13.67,1,1,11.45
SPY,2024-12-24,585.0,CALL,2024-12-24T10:40:00.000,0.0,0.0,0.0,0.0,0,0,11.45
SPY,2024-12-24,585.0,CALL,2024-12-24T10:45:00.000,0.0,0.0,0.0,0.0,0,0,11.45
SPY,2024-12-24,585.0,CALL,2024-12-24T10:50:00.000,0.0,0.0,0.0,0.0,0,0,11.45
SPY,2024-12-24,585.0,CALL,2024-12-24T10:55:00.000,0.0,0.0,0.0,0.0,0,0,11.45
SPY,2024-12-24,585.0,CALL,2024-12-24T11:00:00.000,14.21,14.21,14.21,14.21,4,2,11.91
SPY,2024-12-24,585.0,CALL,2024-12-24T11:05:00.000,14.25,14.25,14.0,14.0,7,3,12.4
SPY,2024-12-24,585.0,CALL,2024-12-24T11:10:00.000,0.0,0.0,0.0,0.0,0,0,12.4
SPY,2024-12-24,585.0,CALL,2024-12-24T11:15:00.000,14.07,14.07,14.07,14.07,1,1,12.45
SPY,2024-12-24,585.0,CALL,2024-12-24T11:20:00.000,0.0,0.0,0.0,0.0,0,0,12.45
SPY,2024-12-24,585.0,CALL,2024-12-24T11:25:00.000,0.0,0.0,0.0,0.0,0,0,12.45
SPY,2024-12-24,585.0,CALL,2024-12-24T11:30:00.000,14.27,14.27,14.27,14.27,4,2,12.65
SPY,2024-12-24,585.0,CALL,2024-12-24T11:35:00.000,14.5,14.5,14.5,14.5,1,1,12.7
SPY,2024-12-24,585.0,CALL,2024-12-24T11:40:00.000,0.0,0.0,0.0,0.0,0,0,12.7
SPY,2024-12-24,585.0,CALL,2024-12-24T11:45:00.000,0.0,0.0,0.0,0.0,0,0,12.7
SPY,2024-12-24,585.0,CALL,2024-12-24T11:50:00.000,14.78,14.78,14.78,14.78,4,1,12.9
SPY,2024-12-24,585.0,CALL,2024-12-24T11:55:00.000,0.0,0.0,0.0,0.0,0,0,12.9
SPY,2024-12-24,585.0,CALL,2024-12-24T12:00:00.000,0.0,0.0,0.0,0.0,0,0,12.9
SPY,2024-12-24,585.0,CALL,2024-12-24T12:05:00.000,0.0,0.0,0.0,0.0,0,0,12.9
SPY,2024-12-24,585.0,CALL,2024-12-24T12:10:00.000,0.0,0.0,0.0,0.0,0,0,12.9
SPY,2024-12-24,585.0,CALL,2024-12-24T12:15:00.000,0.0,0.0,0.0,0.0,0,0,12.9
SPY,2024-12-24,585.0,CALL,2024-12-24T12:20:00.000,0.0,0.0,0.0,0.0,0,0,12.9
SPY,2024-12-24,585.0,CALL,2024-12-24T12:25:00.000,0.0,0.0,0.0,0.0,0,0,12.9
SPY,2024-12-24,585.0,CALL,2024-12-24T12:30:00.000,15.19,15.19,15.06,15.06,2,2,13.01
SPY,2024-12-24,585.0,CALL,2024-12-24T12:35:00.000,14.42,14.42,14.42,14.42,1,1,13.04
SPY,2024-12-24,585.0,CALL,2024-12-24T12:40:00.000,0.0,0.0,0.0,0.0,0,0,13.04
SPY,2024-12-24,585.0,CALL,2024-12-24T12:45:00.000,0.0,0.0,0.0,0.0,0,0,13.04
SPY,2024-12-24,585.0,CALL,2024-12-24T12:50:00.000,0.0,0.0,0.0,0.0,0,0,13.04
SPY,2024-12-24,585.0,CALL,2024-12-24T12:55:00.000,0.0,0.0,0.0,0.0,0,0,13.04
SPY,2024-12-24,585.0,CALL,2024-12-24T13:00:00.000,0.0,0.0,0.0,0.0,0,0,13.04
SPY,2024-12-24,585.0,CALL,2024-12-24T13:05:00.000,16.15,16.15,16.15,16.15,1,1,13.11
SPY,2024-12-24,585.0,CALL,2024-12-24T13:10:00.000,0.0,0.0,0.0,0.0,0,0,13.11
SPY,2024-12-24,585.0,CALL,2024-12-24T13:15:00.000,0.0,0.0,0.0,0.0,0,0,13.11
SPY,2024-12-24,585.0,CALL,2024-12-24T13:20:00.000,0.0,0.0,0.0,0.0,0,0,13.11
SPY,2024-12-24,585.0,CALL,2024-12-24T13:25:00.000,0.0,0.0,0.0,0.0,0,0,13.11
SPY,2024-12-24,585.0,CALL,2024-12-24T13:30:00.000,0.0,0.0,0.0,0.0,0,0,13.11
SPY,2024-12-24,585.0,CALL,2024-12-24T13:35:00.000,0.0,0.0,0.0,0.0,0,0,13.11
SPY,2024-12-24,585.0,CALL,2024-12-24T13:40:00.000,0.0,0.0,0.0,0.0,0,0,13.11
SPY,2024-12-24,585.0,CALL,2024-12-24T13:45:00.000,0.0,0.0,0.0,0.0,0,0,13.11
SPY,2024-12-24,585.0,CALL,2024-12-24T13:50:00.000,0.0,0.0,0.0,0.0,0,0,13.11
SPY,2024-12-24,585.0,CALL,2024-12-24T13:55:00.000,0.0,0.0,0.0,0.0,0,0,13.11
SPY,2024-12-24,585.0,CALL,2024-12-24T14:00:00.000,0.0,0.0,0.0,0.0,0,0,13.11
SPY,2024-12-24,585.0,CALL,2024-12-24T14:05:00.000,0.0,0.0,0.0,0.0,0,0,13.11
SPY,2024-12-24,585.0,CALL,2024-12-24T14:10:00.000,0.0,0.0,0.0,0.0,0,0,13.11
SPY,2024-12-24,585.0,CALL,2024-12-24T14:15:00.000,0.0,0.0,0.0,0.0,0,0,13.11
SPY,2024-12-24,585.0,CALL,2024-12-24T14:20:00.000,0.0,0.0,0.0,0.0,0,0,13.11
SPY,2024-12-24,585.0,CALL,2024-12-24T14:25:00.000,0.0,0.0,0.0,0.0,0,0,13.11
SPY,2024-12-24,585.0,CALL,2024-12-24T14:30:00.000,0.0,0.0,0.0,0.0,0,0,13.11
SPY,2024-12-24,585.0,CALL,2024-12-24T14:35:00.000,0.0,0.0,0.0,0.0,0,0,13.11
SPY,2024-12-24,585.0,CALL,2024-12-24T14:40:00.000,0.0,0.0,0.0,0.0,0,0,13.11
SPY,2024-12-24,585.0,CALL,2024-12-24T14:45:00.000,0.0,0.0,0.0,0.0,0,0,13.11
SPY,2024-12-24,585.0,CALL,2024-12-24T14:50:00.000,0.0,0.0,0.0,0.0,0,0,13.11
SPY,2024-12-24,585.0,CALL,2024-12-24T14:55:00.000,0.0,0.0,0.0,0.0,0,0,13.11
SPY,2024-12-24,585.0,CALL,2024-12-24T15:00:00.000,0.0,0.0,0.0,0.0,0,0,13.11
SPY,2024-12-24,585.0,CALL,2024-12-24T15:05:00.000,0.0,0.0,0.0,0.0,0,0,13.11
SPY,2024-12-24,585.0,CALL,2024-12-24T15:10:00.000,0.0,0.0,0.0,0.0,0,0,13.11
SPY,2024-12-24,585.0,CALL,2024-12-24T15:15:00.000,0.0,0.0,0.0,0.0,0,0,13.11
SPY,2024-12-24,585.0,CALL,2024-12-24T15:20:00.000,0.0,0.0,0.0,0.0,0,0,13.11
SPY,2024-12-24,585.0,CALL,2024-12-24T15:25:00.000,0.0,0.0,0.0,0.0,0,0,13.11
SPY,2024-12-24,585.0,CALL,2024-12-24T15:30:00.000,0.0,0.0,0.0,0.0,0,0,13.11
SPY,2024-12-24,585.0,CALL,2024-12-24T15:35:00.000,0.0,0.0,0.0,0.0,0,0,13.11
SPY,2024-12-24,585.0,CALL,2024-12-24T15:40:00.000,0.0,0.0,0.0,0.0,0,0,13.11
SPY,2024-12-24,585.0,CALL,2024-12-24T15:45:00.000,0.0,0.0,0.0,0.0,0,0,13.11
SPY,2024-12-24,585.0,CALL,2024-12-24T15:50:00.000,0.0,0.0,0.0,0.0,0,0,13.11
SPY,2024-12-24,585.0,CALL,2024-12-24T15:55:00.000,0.0,0.0,0.0,0.0,0,0,13.11
SPY,2024-12-24,585.0,CALL,2024-12-24T16:00:00.000,0.0,0.0,0.0,0.0,0,0,13.11
SPY,2024-12-24,617.0,CALL,2024-12-24T09:30:00.000,0.0,0.0,0.0,0.0,0,0,0.0
SPY,2024-12-24,617.0,CALL,2024-12-24T09:35:00.000,0.0,0.0,0.0,0.0,0,0,0.0
SPY,2024-12-24,617.0,CALL,2024-12-24T09:40:00.000,0.0,0.0,0.0,0.0,0,0,0.0
SPY,2024-12-24,617.0,CALL,2024-12-24T09:45:00.000,0.0,0.0,0.0,0.0,0,0,0.0
SPY,2024-12-24,617.0,CALL,2024-12-24T09:50:00.000,0.0,0.0,0.0,0.0,0,0,0.0
SPY,2024-12-24,617.0,CALL,2024-12-24T09:55:00.000,0.0,0.0,0.0,0.0,0,0,0.0
SPY,2024-12-24,617.0,CALL,2024-12-24T10:00:00.000,0.0,0.0,0.0,0.0,0,0,0.0
SPY,2024-12-24,617.0,CALL,2024-12-24T10:05:00.000,0.0,0.0,0.0,0.0,0,0,0.0
SPY,2024-12-24,617.0,CALL,2024-12-24T10:10:00.000,0.0,0.0,0.0,0.0,0,0,0.0
SPY,2024-12-24,617.0,CALL,2024-12-24T10:15:00.000,0.0,0.0,0.0,0.0,0,0,0.0
SPY,2024-12-24,617.0,CALL,2024-12-24T10:20:00.000,0.0,0.0,0.0,0.0,0,0,0.0
SPY,2024-12-24,617.0,CALL,2024-12-24T10:25:00.000,0.0,0.0,0.0,0.0,0,0,0.0
SPY,2024-12-24,617.0,CALL,2024-12-24T10:30:00.000,0.0,0.0,0.0,0.0,0,0,0.0
SPY,2024-12-24,617.0,CALL,2024-12-24T10:35:00.000,0.0,0.0,0.0,0.0,0,0,0.0
SPY,2024-12-24,617.0,CALL,2024-12-24T10:40:00.000,0.0,0.0,0.0,0.0,0,0,0.0
SPY,2024-12-24,617.0,CALL,2024-12-24T10:45:00.000,0.0,0.0,0.0,0.0,0,0,0.0
SPY,2024-12-24,617.0,CALL,2024-12-24T10:50:00.000,0.0,0.0,0.0,0.0,0,0,0.0
SPY,2024-12-24,617.0,CALL,2024-12-24T10:55:00.000,0.0,0.0,0.0,0.0,0,0,0.0
SPY,2024-12-24,617.0,CALL,2024-12-24T11:00:00.000,0.0,0.0,0.0,0.0,0,0,0.0
SPY,2024-12-24,617.0,CALL,2024-12-24T11:05:00.000,0.0,0.0,0.0,0.0,0,0,0.0
SPY,2024-12-24,617.0,CALL,2024-12-24T11:10:00.000,0.0,0.0,0.0,0.0,0,0,0.0
SPY,2024-12-24,617.0,CALL,2024-12-24T11:15:00.000,0.0,0.0,0.0,0.0,0,0,0.0
SPY,2024-12-24,617.0,CALL,2024-12-24T11:20:00.000,0.0,0.0,0.0,0.0,0,0,0.0
SPY,2024-12-24,617.0,CALL,2024-12-24T11:25:00.000,0.0,0.0,0.0,0.0,0,0,0.0
SPY,2024-12-24,617.0,CALL,2024-12-24T11:30:00.000,0.0,0.0,0.0,0.0,0,0,0.0
SPY,2024-12-24,617.0,CALL,2024-12-24T11:35:00.000,0.0,0.0,0.0,0.0,0,0,0.0
SPY,2024-12-24,617.0,CALL,2024-12-24T11:40:00.000,0.0,0.0,0.0,0.0,0,0,0.0
SPY,2024-12-24,617.0,CALL,2024-12-24T11:45:00.000,0.0,0.0,0.0,0.0,0,0,0.0
SPY,2024-12-24,617.0,CALL,2024-12-24T11:50:00.000,0.0,0.0,0.0,0.0,0,0,0.0
SPY,2024-12-24,617.0,CALL,2024-12-24T11:55:00.000,0.0,0.0,0.0,0.0,0,0,0.0
SPY,2024-12-24,617.0,CALL,2024-12-24T12:00:00.000,0.0,0.0,0.0,0.0,0,0,0.0
SPY,2024-12-24,617.0,CALL,2024-12-24T12:05:00.000,0.0,0.0,0.0,0.0,0,0,0.0
SPY,2024-12-24,617.0,CALL,2024-12-24T12:10:00.000,0.0,0.0,0.0,0.0,0,0,0.0
SPY,2024-12-24,617.0,CALL,2024-12-24T12:15:00.000,0.01,0.01,0.01,0.01,1,1,0.01
SPY,2024-12-24,617.0,CALL,2024-12-24T12:20:00.000,0.0,0.0,0.0,0.0,0,0,0.01
SPY,2024-12-24,617.0,CALL,2024-12-24T12:25:00.000,0.0,0.0,0.0,0.0,0,0,0.01
SPY,2024-12-24,617.0,CALL,2024-12-24T12:30:00.000,0.0,0.0,0.0,0.0,0,0,0.01
SPY,2024-12-24,617.0,CALL,2024-12-24T12:35:00.000,0.0,0.0,0.0,0.0,0,0,0.01
SPY,2024-12-24,617.0,CALL,2024-12-24T12:40:00.000,0.0,0.0,0.0,0.0,0,0,0.01
SPY,2024-12-24,617.0,CALL,2024-12-24T12:45:00.000,0.0,0.0,0.0,0.0,0,0,0.01
SPY,2024-12-24,617.0,CALL,2024-12-24T12:50:00.000,0.01,0.01,0.01,0.01,1,1,0.01
SPY,2024-12-24,617.0,CALL,2024-12-24T12:55:00.000,0.0,0.0,0.0,0.0,0,0,0.01
SPY,2024-12-24,617.0,CALL,2024-12-24T13:00:00.000,0.0,0.0,0.0,0.0,0,0,0.01
SPY,2024-12-24,617.0,CALL,2024-12-24T13:05:00.000,0.0,0.0,0.0,0.0,0,0,0.01
SPY,2024-12-24,617.0,CALL,2024-12-24T13:10:00.000,0.0,0.0,0.0,0.0,0,0,0.01
SPY,2024-12-24,617.0,CALL,2024-12-24T13:15:00.000,0.0,0.0,0.0,0.0,0,0,0.01
SPY,2024-12-24,617.0,CALL,2024-12-24T13:20:00.000,0.0,0.0,0.0,0.0,0,0,0.01
SPY,2024-12-24,617.0,CALL,2024-12-24T13:25:00.000,0.0,0.0,0.0,0.0,0,0,0.01
SPY,2024-12-24,617.0,CALL,2024-12-24T13:30:00.000,0.0,0.0,0.0,0.0,0,0,0.01
SPY,2024-12-24,617.0,CALL,2024-12-24T13:35:00.000,0.0,0.0,0.0,0.0,0,0,0.01
SPY,2024-12-24,617.0,CALL,2024-12-24T13:40:00.000,0.0,0.0,0.0,0.0,0,0,0.01
SPY,2024-12-24,617.0,CALL,2024-12-24T13:45:00.000,0.0,0.0,0.0,0.0,0,0,0.01
SPY,2024-12-24,617.0,CALL,2024-12-24T13:50:00.000,0.0,0.0,0.0,0.0,0,0,0.01
SPY,2024-12-24,617.0,CALL,2024-12-24T13:55:00.000,0.0,0.0,0.0,0.0,0,0,0.01
SPY,2024-12-24,617.0,CALL,2024-12-24T14:00:00.000,0.0,0.0,0.0,0.0,0,0,0.01
SPY,2024-12-24,617.0,CALL,2024-12-24T14:05:00.000,0.0,0.0,0.0,0.0,0,0,0.01
SPY,2024-12-24,617.0,CALL,2024-12-24T14:10:00.000,0.0,0.0,0.0,0.0,0,0,0.01
SPY,2024-12-24,617.0,CALL,2024-12-24T14:15:00.000,0.0,0.0,0.0,0.0,0,0,0.01
SPY,2024-12-24,617.0,CALL,2024-12-24T14:20:00.000,0.0,0.0,0.0,0.0,0,0,0.01
SPY,2024-12-24,617.0,CALL,2024-12-24T14:25:00.000,0.0,0.0,0.0,0.0,0,0,0.01
SPY,2024-12-24,617.0,CALL,2024-12-24T14:30:00.000,0.0,0.0,0.0,0.0,0,0,0.01
SPY,2024-12-24,617.0,CALL,2024-12-24T14:35:00.000,0.0,0.0,0.0,0.0,0,0,0.01
SPY,2024-12-24,617.0,CALL,2024-12-24T14:40:00.000,0.0,0.0,0.0,0.0,0,0,0.01
SPY,2024-12-24,617.0,CALL,2024-12-24T14:45:00.000,0.0,0.0,0.0,0.0,0,0,0.01
SPY,2024-12-24,617.0,CALL,2024-12-24T14:50:00.000,0.0,0.0,0.0,0.0,0,0,0.01
SPY,2024-12-24,617.0,CALL,2024-12-24T14:55:00.000,0.0,0.0,0.0,0.0,0,0,0.01
SPY,2024-12-24,617.0,CALL,2024-12-24T15:00:00.000,0.0,0.0,0.0,0.0,0,0,0.01
SPY,2024-12-24,617.0,CALL,2024-12-24T15:05:00.000,0.0,0.0,0.0,0.0,0,0,0.01
SPY,2024-12-24,617.0,CALL,2024-12-24T15:10:00.000,0.0,0.0,0.0,0.0,0,0,0.01
SPY,2024-12-24,617.0,CALL,2024-12-24T15:15:00.000,0.0,0.0,0.0,0.0,0,0,0.01
SPY,2024-12-24,617.0,CALL,2024-12-24T15:20:00.000,0.0,0.0,0.0,0.0,0,0,0.01
SPY,2024-12-24,617.0,CALL,2024-12-24T15:25:00.000,0.0,0.0,0.0,0.0,0,0,0.01
SPY,2024-12-24,617.0,CALL,2024-12-24T15:30:00.000,0.0,0.0,0.0,0.0,0,0,0.01
SPY,2024-12-24,617.0,CALL,2024-12-24T15:35:00.000,0.0,0.0,0.0,0.0,0,0,0.01
SPY,2024-12-24,617.0,CALL,2024-12-24T15:40:00.000,0.0,0.0,0.0,0.0,0,0,0.01
SPY,2024-12-24,617.0,CALL,2024-12-24T15:45:00.000,0.0,0.0,0.0,0.0,0,0,0.01
SPY,2024-12-24,617.0,CALL,2024-12-24T15:50:00.000,0.0,0.0,0.0,0.0,0,0,0.01
SPY,2024-12-24,617.0,CALL,2024-12-24T15:55:00.000,0.0,0.0,0.0,0.0,0,0,0.01
SPY,2024-12-24,617.0,CALL,2024-12-24T16:00:00.000,0.0,0.0,0.0,0.0,0,0,0.01
SPY,2024-12-24,601.0,CALL,2024-12-24T09:30:00.000,0.05,0.05,0.01,0.04,4337,260,0.03
SPY,2024-12-24,601.0,CALL,2024-12-24T09:35:00.000,0.03,0.06,0.03,0.05,5070,234,0.03
SPY,2024-12-24,601.0,CALL,2024-12-24T09:40:00.000,0.05,0.06,0.04,0.05,3951,251,0.04
SPY,2024-12-24,601.0,CALL,2024-12-24T09:45:00.000,0.05,0.05,0.04,0.04,2500,111,0.04
SPY,2024-12-24,601.0,CALL,2024-12-24T09:50:00.000,0.04,0.05,0.04,0.05,1751,125,0.04
SPY,2024-12-24,601.0,CALL,2024-12-24T09:55:00.000,0.05,0.05,0.04,0.04,412,68,0.04
SPY,2024-12-24,601.0,CALL,2024-12-24T10:00:00.000,0.04,0.07,0.04,0.06,3945,233,0.04
SPY,2024-12-24,601.0,CALL,2024-12-24T10:05:00.000,0.07,0.07,0.04,0.06,6915,358,0.04
SPY,2024-12-24,601.0,CALL,2024-12-24T10:10:00.000,0.05,0.07,0.04,0.05,7717,236,0.05
SPY,2024-12-24,601.0,CALL,2024-12-24T10:15:00.000,0.06,0.07,0.05,0.06,3717,242,0.05
SPY,2024-12-24,601.0,CALL,2024-12-24T10:20:00.000,0.07,0.07,0.05,0.07,1518,166,0.05
SPY,2024-12-24,601.0,CALL,2024-12-24T10:25:00.000,0.06,0.07,0.05,0.06,1689,143,0.05
SPY,2024-12-24,601.0,CALL,2024-12-24T10:30:00.000,0.05,0.08,0.05,0.07,2630,245,0.05
SPY,2024-12-24,601.0,CALL,2024-12-24T10:35:00.000,0.07,0.09,0.06,0.07,5859,356,0.05
SPY,2024-12-24,601.0,CALL,2024-12-24T10:40:00.000,0.08,0.14,0.07,0.13,8380,876,0.06
SPY,2024-12-24,601.0,CALL,2024-12-24T10:45:00.000,0.13,0.14,0.1,0.13,8306,690,0.06
SPY,2024-12-24,601.0,CALL,2024-12-24T10:50:00.000,0.13,0.13,0.07,0.07,6907,657,0.07
SPY,2024-12-24,601.0,CALL,2024-12-24T10:55:00.000,0.07,0.11,0.07,0.1,4566,398,0.07
SPY,2024-12-24,601.0,CALL,2024-12-24T11:00:00.000,0.1,0.12,0.05,0.1,4115,328,0.07
SPY,2024-12-24,601.0,CALL,2024-12-24T11:05:00.000,0.09,0.1,0.06,0.08,2665,357,0.07
SPY,2024-12-24,601.0,CALL,2024-12-24T11:10:00.000,0.08,0.08,0.06,0.07,1735,251,0.07
SPY,2024-12-24,601.0,CALL,2024-12-24T11:15:00.000,0.07,0.08,0.06,0.06,1569,182,0.07
SPY,2024-12-24,601.0,CALL,2024-12-24T11:20:00.000,0.07,0.08,0.06,0.08,7064,271,0.07
SPY,2024-12-24,601.0,CALL,2024-12-24T11:25:00.000,0.08,0.08,0.07,0.07,2348,206,0.07
SPY,2024-12-24,601.0,CALL,2024-12-24T11:30:00.000,0.07,0.08,0.06,0.07,3786,331,0.07
SPY,2024-12-24,601.0,CALL,2024-12-24T11:35:00.000,0.07,0.08,0.05,0.08,12627,526,0.07
SPY,2024-12-24,601.0,CALL,2024-12-24T11:40:00.000,0.08,0.1,0.06,0.1,7026,476,0.07
SPY,2024-12-24,601.0,CALL,2024-12-24T11:45:00.000,0.09,0.1,0.07,0.09,7830,415,0.07
SPY,2024-12-24,601.0,CALL,2024-12-24T11:50:00.000,0.08,0.09,0.02,0.04,8227,756,0.07
SPY,2024-12-24,601.0,CALL,2024-12-24T11:55:00.000,0.04,0.06,0.03,0.03,10172,484,0.07
SPY,2024-12-24,601.0,CALL,2024-12-24T12:00:00.000,0.03,0.05,0.03,0.05,1819,256,0.07
SPY,2024-12-24,601.0,CALL,2024-12-24T12:05:00.000,0.05,0.05,0.04,0.05,4536,239,0.07
SPY,2024-12-24,601.0,CALL,2024-12-24T12:10:00.000,0.05,0.07,0.04,0.07,7828,313,0.06
SPY,2024-12-24,601.0,CALL,2024-12-24T12:15:00.000,0.06,0.07,0.05,0.07,5980,304,0.06
SPY,2024-12-24,601.0,CALL,2024-12-24T12:20:00.000,0.06,0.09,0.06,0.06,14241,733,0.06
SPY,2024-12-24,601.0,CALL,2024-12-24T12:25:00.000,0.07,0.12,0.06,0.09,17497,1149,0.07
SPY,2024-12-24,601.0,CALL,2024-12-24T12:30:00.000,0.08,0.09,0.03,0.03,17109,1517,0.07
SPY,2024-12-24,601.0,CALL,2024-12-24T12:35:00.000,0.03,0.06,0.02,0.06,6884,322,0.06
SPY,2024-12-24,601.0,CALL,2024-12-24T12:40:00.000,0.05,0.09,0.03,0.04,5816,267,0.06
SPY,2024-12-24,601.0,CALL,2024-12-24T12:45:00.000,0.03,0.04,0.01,0.03,4000,165,0.06
SPY,2024-12-24,601.0,CALL,2024-12-24T12:50:00.000,0.03,0.14,0.03,0.08,9851,497,0.06
SPY,2024-12-24,601.0,CALL,2024-12-24T12:55:00.000,0.08,1.17,0.05,0.3,15929,1305,0.07
SPY,2024-12-24,601.0,CALL,2024-12-24T13:00:00.000,0.24,0.35,0.07,0.15,4305,468,0.07
SPY,2024-12-24,601.0,CALL,2024-12-24T13:05:00.000,0.16,0.3,0.06,0.06,3126,213,0.07
SPY,2024-12-24,601.0,CALL,2024-12-24T13:10:00.000,0.06,0.3,0.05,0.3,1971,136,0.07
SPY,2024-12-24,601.0,CALL,2024-12-24T13:15:00.000,0.0,0.0,0.0,0.0,0,0,0.07
SPY,2024-12-24,601.0,CALL,2024-12-24T13:20:00.000,0.0,0.0,0.0,0.0,0,0,0.07
SPY,2024-12-24,601.0,CALL,2024-12-24T13:25:00.000,0.0,0.0,0.0,0.0,0,0,0.07
SPY,2024-12-24,601.0,CALL,2024-12-24T13:30:00.000,0.0,0.0,0.0,0.0,0,0,0.07
SPY,2024-12-24,601.0,CALL,2024-12-24T13:35:00.000,0.0,0.0,0.0,0.0,0,0,0.07
SPY,2024-12-24,601.0,CALL,2024-12-24T13:40:00.000,0.0,0.0,0.0,0.0,0,0,0.07
SPY,2024-12-24,601.0,CALL,2024-12-24T13:45:00.000,0.0,0.0,0.0,0.0,0,0,0.07
SPY,2024-12-24,601.0,CALL,2024-12-24T13:50:00.000,0.0,0.0,0.0,0.0,0,0,0.07
SPY,2024-12-24,601.0,CALL,2024-12-24T13:55:00.000,0.0,0.0,0.0,0.0,0,0,0.07
SPY,2024-12-24,601.0,CALL,2024-12-24T14:00:00.000,0.0,0.0,0.0,0.0,0,0,0.07
SPY,2024-12-24,601.0,CALL,2024-12-24T14:05:00.000,0.0,0.0,0.0,0.0,0,0,0.07
SPY,2024-12-24,601.0,CALL,2024-12-24T14:10:00.000,0.0,0.0,0.0,0.0,0,0,0.07
SPY,2024-12-24,601.0,CALL,2024-12-24T14:15:00.000,0.0,0.0,0.0,0.0,0,0,0.07
SPY,2024-12-24,601.0,CALL,2024-12-24T14:20:00.000,0.0,0.0,0.0,0.0,0,0,0.07
SPY,2024-12-24,601.0,CALL,2024-12-24T14:25:00.000,0.0,0.0,0.0,0.0,0,0,0.07
SPY,2024-12-24,601.0,CALL,2024-12-24T14:30:00.000,0.0,0.0,0.0,0.0,0,0,0.07
SPY,2024-12-24,601.0,CALL,2024-12-24T14:35:00.000,0.0,0.0,0.0,0.0,0,0,0.07
SPY,2024-12-24,601.0,CALL,2024-12-24T14:40:00.000,0.0,0.0,0.0,0.0,0,0,0.07
SPY,2024-12-24,601.0,CALL,2024-12-24T14:45:00.000,0.0,0.0,0.0,0.0,0,0,0.07
SPY,2024-12-24,601.0,CALL,2024-12-24T14:50:00.000,0.0,0.0,0.0,0.0,0,0,0.07
SPY,2024-12-24,601.0,CALL,2024-12-24T14:55:00.000,0.0,0.0,0.0,0.0,0,0,0.07
SPY,2024-12-24,601.0,CALL,2024-12-24T15:00:00.000,0.0,0.0,0.0,0.0,0,0,0.07
SPY,2024-12-24,601.0,CALL,2024-12-24T15:05:00.000,0.0,0.0,0.0,0.0,0,0,0.07
SPY,2024-12-24,601.0,CALL,2024-12-24T15:10:00.000,0.0,0.0,0.0,0.0,0,0,0.07
SPY,2024-12-24,601.0,CALL,2024-12-24T15:15:00.000,0.0,0.0,0.0,0.0,0,0,0.07
SPY,2024-12-24,601.0,CALL,2024-12-24T15:20:00.000,0.0,0.0,0.0,0.0,0,0,0.07
SPY,2024-12-24,601.0,CALL,2024-12-24T15:25:00.000,0.0,0.0,0.0,0.0,0,0,0.07
SPY,2024-12-24,601.0,CALL,2024-12-24T15:30:00.000,0.0,0.0,0.0,0.0,0,0,0.07
SPY,2024-12-24,601.0,CALL,2024-12-24T15:35:00.000,0.0,0.0,0.0,0.0,0,0,0.07
SPY,2024-12-24,601.0,CALL,2024-12-24T15:40:00.000,0.0,0.0,0.0,0.0,0,0,0.07
SPY,2024-12-24,601.0,CALL,2024-12-24T15:45:00.000,0.0,0.0,0.0,0.0,0,0,0.07
SPY,2024-12-24,601.0,CALL,2024-12-24T15:50:00.000,0.0,0.0,0.0,0.0,0,0,0.07
SPY,2024-12-24,601.0,CALL,2024-12-24T15:55:00.000,0.0,0.0,0.0,0.0,0,0,0.07
SPY,2024-12-24,601.0,CALL,2024-12-24T16:00:00.000,0.0,0.0,0.0,0.0,0,0,0.07
SPY,2024-12-24,500.0,CALL,2024-12-24T09:30:00.000,0.0,0.0,0.0,0.0,0,0,0.0
SPY,2024-12-24,500.0,CALL,2024-12-24T09:35:00.000,0.0,0.0,0.0,0.0,0,0,0.0
SPY,2024-12-24,500.0,CALL,2024-12-24T09:40:00.000,0.0,0.0,0.0,0.0,0,0,0.0
SPY,2024-12-24,500.0,CALL,2024-12-24T09:45:00.000,0.0,0.0,0.0,0.0,0,0,0.0
SPY,2024-12-24,500.0,CALL,2024-12-24T09:50:00.000,0.0,0.0,0.0,0.0,0,0,0.0
SPY,2024-12-24,500.0,CALL,2024-12-24T09:55:00.000,0.0,0.0,0.0,0.0,0,0,0.0
SPY,2024-12-24,500.0,CALL,2024-12-24T10:00:00.000,0.0,0.0,0.0,0.0,0,0,0.0
SPY,2024-12-24,500.0,CALL,2024-12-24T10:05:00.000,0.0,0.0,0.0,0.0,0,0,0.0
SPY,2024-12-24,500.0,CALL,2024-12-24T10:10:00.000,0.0,0.0,0.0,0.0,0,0,0.0
SPY,2024-12-24,500.0,CALL,2024-12-24T10:15:00.000,0.0,0.0,0.0,0.0,0,0,0.0
SPY,2024-12-24,500.0,CALL,2024-12-24T10:20:00.000,0.0,0.0,0.0,0.0,0,0,0.0
SPY,2024-12-24,500.0,CALL,2024-12-24T10:25:00.000,98.48,98.48,98.48,98.48,2,1,98.48
SPY,2024-12-24,500.0,CALL,2024-12-24T10:30:00.000,0.0,0.0,0.0,0.0,0,0,98.48
SPY,2024-12-24,500.0,CALL,2024-12-24T10:35:00.000,0.0,0.0,0.0,0.0,0,0,98.48
SPY,2024-12-24,500.0,CALL,2024-12-24T10:40:00.000,0.0,0.0,0.0,0.0,0,0,98.48
SPY,2024-12-24,500.0,CALL,2024-12-24T10:45:00.000,0.0,0.0,0.0,0.0,0,0,98.48
SPY,2024-12-24,500.0,CALL,2024-12-24T10:50:00.000,0.0,0.0,0.0,0.0,0,0,98.48
SPY,2024-12-24,500.0,CALL,2024-12-24T10:55:00.000,0.0,0.0,0.0,0.0,0,0,98.48
SPY,2024-12-24,500.0,CALL,2024-12-24T11:00:00.000,0.0,0.0,0.0,0.0,0,0,98.48
SPY,2024-12-24,500.0,CALL,2024-12-24T11:05:00.000,0.0,0.0,0.0,0.0,0,0,98.48
SPY,2024-12-24,500.0,CALL,2024-12-24T11:10:00.000,0.0,0.0,0.0,0.0,0,0,98.48
SPY,2024-12-24,500.0,CALL,2024-12-24T11:15:00.000,0.0,0.0,0.0,0.0,0,0,98.48
SPY,2024-12-24,500.0,CALL,2024-12-24T11:20:00.000,0.0,0.0,0.0,0.0,0,0,98.48
SPY,2024-12-24,500.0,CALL,2024-12-24T11:25:00.000,0.0,0.0,0.0,0.0,0,0,98.48
SPY,2024-12-24,500.0,CALL,2024-12-24T11:30:00.000,0.0,0.0,0.0,0.0,0,0,98.48
SPY,2024-12-24,500.0,CALL,2024-12-24T11:35:00.000,0.0,0.0,0.0,0.0,0,0,98.48
SPY,2024-12-24,500.0,CALL,2024-12-24T11:40:00.000,0.0,0.0,0.0,0.0,0,0,98.48
SPY,2024-12-24,500.0,CALL,2024-12-24T11:45:00.000,0.0,0.0,0.0,0.0,0,0,98.48
SPY,2024-12-24,500.0,CALL,2024-12-24T11:50:00.000,0.0,0.0,0.0,0.0,0,0,98.48
SPY,2024-12-24,500.0,CALL,2024-12-24T11:55:00.000,0.0,0.0,0.0,0.0,0,0,98.48
SPY,2024-12-24,500.0,CALL,2024-12-24T12:00:00.000,0.0,0.0,0.0,0.0,0,0,98.48
SPY,2024-12-24,500.0,CALL,2024-12-24T12:05:00.000,0.0,0.0,0.0,0.0,0,0,98.48
SPY,2024-12-24,500.0,CALL,2024-12-24T12:10:00.000,0.0,0.0,0.0,0.0,0,0,98.48
SPY,2024-12-24,500.0,CALL,2024-12-24T12:15:00.000,0.0,0.0,0.0,0.0,0,0,98.48
SPY,2024-12-24,500.0,CALL,2024-12-24T12:20:00.000,0.0,0.0,0.0,0.0,0,0,98.48
SPY,2024-12-24,500.0,CALL,2024-12-24T12:25:00.000,0.0,0.0,0.0,0.0,0,0,98.48
SPY,2024-12-24,500.0,CALL,2024-12-24T12:30:00.000,0.0,0.0,0.0,0.0,0,0,98.48
SPY,2024-12-24,500.0,CALL,2024-12-24T12:35:00.000,0.0,0.0,0.0,0.0,0,0,98.48
SPY,2024-12-24,500.0,CALL,2024-12-24T12:40:00.000,0.0,0.0,0.0,0.0,0,0,98.48
SPY,2024-12-24,500.0,CALL,2024-12-24T12:45:00.000,0.0,0.0,0.0,0.0,0,0,98.48
SPY,2024-12-24,500.0,CALL,2024-12-24T12:50:00.000,0.0,0.0,0.0,0.0,0,0,98.48
SPY,2024-12-24,500.0,CALL,2024-12-24T12:55:00.000,0.0,0.0,0.0,0.0,0,0,98.48
SPY,2024-12-24,500.0,CALL,2024-12-24T13:00:00.000,0.0,0.0,0.0,0.0,0,0,98.48
SPY,2024-12-24,500.0,CALL,2024-12-24T13:05:00.000,0.0,0.0,0.0,0.0,0,0,98.48
SPY,2024-12-24,500.0,CALL,2024-12-24T13:10:00.000,0.0,0.0,0.0,0.0,0,0,98.48
SPY,2024-12-24,500.0,CALL,2024-12-24T13:15:00.000,0.0,0.0,0.0,0.0,0,0,98.48
SPY,2024-12-24,500.0,CALL,2024-12-24T13:20:00.000,0.0,0.0,0.0,0.0,0,0,98.48
SPY,2024-12-24,500.0,CALL,2024-12-24T13:25:00.000,0.0,0.0,0.0,0.0,0,0,98.48
SPY,2024-12-24,500.0,CALL,2024-12-24T13:30:00.000,0.0,0.0,0.0,0.0,0,0,98.48
SPY,2024-12-24,500.0,CALL,2024-12-24T13:35:00.000,0.0,0.0,0.0,0.0,0,0,98.48
SPY,2024-12-24,500.0,CALL,2024-12-24T13:40:00.000,0.0,0.0,0.0,0.0,0,0,98.48
SPY,2024-12-24,500.0,CALL,2024-12-24T13:45:00.000,0.0,0.0,0.0,0.0,0,0,98.48
SPY,2024-12-24,500.0,CALL,2024-12-24T13:50:00.000,0.0,0.0,0.0,0.0,0,0,98.48
SPY,2024-12-24,500.0,CALL,2024-12-24T13:55:00.000,0.0,0.0,0.0,0.0,0,0,98.48
SPY,2024-12-24,500.0,CALL,2024-12-24T14:00:00.000,0.0,0.0,0.0,0.0,0,0,98.48
SPY,2024-12-24,500.0,CALL,2024-12-24T14:05:00.000,0.0,0.0,0.0,0.0,0,0,98.48
SPY,2024-12-24,500.0,CALL,2024-12-24T14:10:00.000,0.0,0.0,0.0,0.0,0,0,98.48
SPY,2024-12-24,500.0,CALL,2024-12-24T14:15:00.000,0.0,0.0,0.0,0.0,0,0,98.48
SPY,2024-12-24,500.0,CALL,2024-12-24T14:20:00.000,0.0,0.0,0.0,0.0,0,0,98.48
SPY,2024-12-24,500.0,CALL,2024-12-24T14:25:00.000,0.0,0.0,0.0,0.0,0,0,98.48
SPY,2024-12-24,500.0,CALL,2024-12-24T14:30:00.000,0.0,0.0,0.0,0.0,0,0,98.48
SPY,2024-12-24,500.0,CALL,2024-12-24T14:35:00.000,0.0,0.0,0.0,0.0,0,0,98.48
SPY,2024-12-24,500.0,CALL,2024-12-24T14:40:00.000,0.0,0.0,0.0,0.0,0,0,98.48
SPY,2024-12-24,500.0,CALL,2024-12-24T14:45:00.000,0.0,0.0,0.0,0.0,0,0,98.48
SPY,2024-12-24,500.0,CALL,2024-12-24T14:50:00.000,0.0,0.0,0.0,0.0,0,0,98.48
SPY,2024-12-24,500.0,CALL,2024-12-24T14:55:00.000,0.0,0.0,0.0,0.0,0,0,98.48
SPY,2024-12-24,500.0,CALL,2024-12-24T15:00:00.000,0.0,0.0,0.0,0.0,0,0,98.48
SPY,2024-12-24,500.0,CALL,2024-12-24T15:05:00.000,0.0,0.0,0.0,0.0,0,0,98.48
SPY,2024-12-24,500.0,CALL,2024-12-24T15:10:00.000,0.0,0.0,0.0,0.0,0,0,98.48
SPY,2024-12-24,500.0,CALL,2024-12-24T15:15:00.000,0.0,0.0,0.0,0.0,0,0,98.48
SPY,2024-12-24,500.0,CALL,2024-12-24T15:20:00.000,0.0,0.0,0.0,0.0,0,0,98.48
SPY,2024-12-24,500.0,CALL,2024-12-24T15:25:00.000,0.0,0.0,0.0,0.0,0,0,98.48
SPY,2024-12-24,500.0,CALL,2024-12-24T15:30:00.000,0.0,0.0,0.0,0.0,0,0,98.48
SPY,2024-12-24,500.0,CALL,2024-12-24T15:35:00.000,0.0,0.0,0.0,0.0,0,0,98.48
SPY,2024-12-24,500.0,CALL,2024-12-24T15:40:00.000,0.0,0.0,0.0,0.0,0,0,98.48
SPY,2024-12-24,500.0,CALL,2024-12-24T15:45:00.000,0.0,0.0,0.0,0.0,0,0,98.48
SPY,2024-12-24,500.0,CALL,2024-12-24T15:50:00.000,0.0,0.0,0.0,0.0,0,0,98.48
SPY,2024-12-24,500.0,CALL,2024-12-24T15:55:00.000,0.0,0.0,0.0,0.0,0,0,98.48
SPY,2024-12-24,500.0,CALL,2024-12-24T16:00:00.000,0.0,0.0,0.0,0.0,0,0,98.48
SPY,2024-12-24,596.0,CALL,2024-12-24T09:30:00.000,1.0,1.19,0.79,1.16,18970,2882,0.96
SPY,2024-12-24,596.0,CALL,2024-12-24T09:35:00.000,1.15,1.42,0.94,1.3,18487,2595,1.08
SPY,2024-12-24,596.0,CALL,2024-12-24T09:40:00.000,1.29,1.61,1.23,1.45,19010,2347,1.19
SPY,2024-12-24,596.0,CALL,2024-12-24T09:45:00.000,1.47,1.6,1.38,1.49,10268,1059,1.24
SPY,2024-12-24,596.0,CALL,2024-12-24T09:50:00.000,1.46,1.67,1.27,1.52,7660,920,1.27
SPY,2024-12-24,596.0,CALL,2024-12-24T09:55:00.000,1.5,1.7,1.35,1.62,8951,751,1.3
SPY,2024-12-24,596.0,CALL,2024-12-24T10:00:00.000,1.67,2.14,1.61,2.09,4789,838,1.33
SPY,2024-12-24,596.0,CALL,2024-12-24T10:05:00.000,2.06,2.32,1.79,1.85,2764,640,1.35
SPY,2024-12-24,596.0,CALL,2024-12-24T10:10:00.000,1.87,2.3,1.85,2.29,1644,343,1.37
SPY,2024-12-24,596.0,CALL,2024-12-24T10:15:00.000,2.28,2.46,2.22,2.37,1916,305,1.39
SPY,2024-12-24,596.0,CALL,2024-12-24T10:20:00.000,2.34,2.41,2.03,2.31,961,215,1.4
SPY,2024-12-24,596.0,CALL,2024-12-24T10:25:00.000,2.3,2.49,2.29,2.37,422,117,1.4
SPY,2024-12-24,596.0,CALL,2024-12-24T10:30:00.000,2.34,2.75,2.3,2.68,686,169,1.41
SPY,2024-12-24,596.0,CALL,2024-12-24T10:35:00.000,2.65,2.99,2.57,2.84,887,139,1.42
SPY,2024-12-24,596.0,CALL,2024-12-24T10:40:00.000,2.81,3.31,2.81,3.28,596,140,1.43
SPY,2024-12-24,596.0,CALL,2024-12-24T10:45:00.000,3.3,3.41,3.1,3.3,492,149,1.44
SPY,2024-12-24,596.0,CALL,2024-12-24T10:50:00.000,3.31,3.31,2.68,2.8,998,197,1.46
SPY,2024-12-24,596.0,CALL,2024-12-24T10:55:00.000,2.77,3.78,2.77,3.24,381,72,1.46
SPY,2024-12-24,596.0,CALL,2024-12-24T11:00:00.000,3.24,3.4,3.13,3.23,742,60,1.48
SPY,2024-12-24,596.0,CALL,2024-12-24T11:05:00.000,3.31,3.34,2.93,3.17,679,72,1.49
SPY,2024-12-24,596.0,CALL,2024-12-24T11:10:00.000,3.15,3.52,2.85,3.07,247,48,1.49
SPY,2024-12-24,596.0,CALL,2024-12-24T11:15:00.000,3.01,3.26,3.01,3.13,179,47,1.49
SPY,2024-12-24,596.0,CALL,2024-12-24T11:20:00.000,3.16,3.35,3.01,3.32,341,56,1.5
SPY,2024-12-24,596.0,CALL,2024-12-24T11:25:00.000,3.35,3.37,3.21,3.21,176,37,1.5
SPY,2024-12-24,596.0,CALL,2024-12-24T11:30:00.000,3.23,3.31,3.08,3.31,149,38,1.5
SPY,2024-12-24,596.0,CALL,2024-12-24T11:35:00.000,3.37,3.57,3.23,3.49,211,43,1.51
SPY,2024-12-24,596.0,CALL,2024-12-24T11:40:00.000,3.5,3.79,3.49,3.79,624,45,1.52
SPY,2024-12-24,596.0,CALL,2024-12-24T11:45:00.000,3.73,3.8,3.64,3.75,118,31,1.52
SPY,2024-12-24,596.0,CALL,2024-12-24T11:50:00.000,3.75,3.8,2.88,3.15,626,105,1.53
SPY,2024-12-24,596.0,CALL,2024-12-24T11:55:00.000,3.31,3.55,2.95,3.06,173,33,1.54
SPY,2024-12-24,596.0,CALL,2024-12-24T12:00:00.000,3.13,3.41,3.09,3.27,339,28,1.54
SPY,2024-12-24,596.0,CALL,2024-12-24T12:05:00.000,3.4,3.59,3.35,3.59,350,28,1.55
SPY,2024-12-24,596.0,CALL,2024-12-24T12:10:00.000,3.7,3.83,3.59,3.83,122,27,1.55
SPY,2024-12-24,596.0,CALL,2024-12-24T12:15:00.000,3.91,3.94,3.68,3.92,174,33,1.55
SPY,2024-12-24,596.0,CALL,2024-12-24T12:20:00.000,3.87,4.17,3.84,3.9,145,37,1.56
SPY,2024-12-24,596.0,CALL,2024-12-24T12:25:00.000,4.01,4.43,4.0,4.05,53,29,1.56
SPY,2024-12-24,596.0,CALL,2024-12-24T12:30:00.000,4.1,4.17,3.47,3.47,402,101,1.57
SPY,2024-12-24,596.0,CALL,2024-12-24T12:35:00.000,3.46,3.77,3.23,3.76,326,91,1.57
SPY,2024-12-24,596.0,CALL,2024-12-24T12:40:00.000,3.98,4.15,3.79,4.02,179,20,1.58
SPY,2024-12-24,596.0,CALL,2024-12-24T12:45:00.000,3.75,4.55,3.56,4.04,79,30,1.58
SPY,2024-12-24,596.0,CALL,2024-12-24T12:50:00.000,4.1,4.69,4.1,4.69,41,16,1.58
SPY,2024-12-24,596.0,CALL,2024-12-24T12:55:00.000,4.63,5.25,4.47,5.2,74,27,1.58
SPY,2024-12-24,596.0,CALL,2024-12-24T13:00:00.000,5.26,5.41,4.38,5.22,843,15,1.61
SPY,2024-12-24,596.0,CALL,2024-12-24T13:05:00.000,5.2,5.2,4.88,4.88,40,14,1.61
SPY,2024-12-24,596.0,CALL,2024-12-24T13:10:00.000,4.63,5.2,4.63,5.12,21,6,1.61
SPY,2024-12-24,596.0,CALL,2024-12-24T13:15:00.000,0.0,0.0,0.0,0.0,0,0,1.61
SPY,2024-12-24,596.0,CALL,2024-12-24T13:20:00.000,0.0,0.0,0.0,0.0,0,0,1.61
SPY,2024-12-24,596.0,CALL,2024-12-24T13:25:00.000,0.0,0.0,0.0,0.0,0,0,1.61
SPY,2024-12-24,596.0,CALL,2024-12-24T13:30:00.000,0.0,0.0,0.0,0.0,0,0,1.61
SPY,2024-12-24,596.0,CALL,2024-12-24T13:35:00.000,0.0,0.0,0.0,0.0,0,0,1.61
SPY,2024-12-24,596.0,CALL,2024-12-24T13:40:00.000,0.0,0.0,0.0,0.0,0,0,1.61
SPY,2024-12-24,596.0,CALL,2024-12-24T13:45:00.000,0.0,0.0,0.0,0.0,0,0,1.61
SPY,2024-12-24,596.0,CALL,2024-12-24T13:50:00.000,0.0,0.0,0.0,0.0,0,0,1.61
SPY,2024-12-24,596.0,CALL,2024-12-24T13:55:00.000,0.0,0.0,0.0,0.0,0,0,1.61
SPY,2024-12-24,596.0,CALL,2024-12-24T14:00:00.000,0.0,0.0,0.0,0.0,0,0,1.61
SPY,2024-12-24,596.0,CALL,2024-12-24T14:05:00.000,0.0,0.0,0.0,0.0,0,0,1.61
SPY,2024-12-24,596.0,CALL,2024-12-24T14:10:00.000,0.0,0.0,0.0,0.0,0,0,1.61
SPY,2024-12-24,596.0,CALL,2024-12-24T14:15:00.000,0.0,0.0,0.0,0.0,0,0,1.61
SPY,2024-12-24,596.0,CALL,2024-12-24T14:20:00.000,0.0,0.0,0.0,0.0,0,0,1.61
SPY,2024-12-24,596.0,CALL,2024-12-24T14:25:00.000,0.0,0.0,0.0,0.0,0,0,1.61
SPY,2024-12-24,596.0,CALL,2024-12-24T14:30:00.000,0.0,0.0,0.0,0.0,0,0,1.61
SPY,2024-12-24,596.0,CALL,2024-12-24T14:35:00.000,0.0,0.0,0.0,0.0,0,0,1.61
SPY,2024-12-24,596.0,CALL,2024-12-24T14:40:00.000,0.0,0.0,0.0,0.0,0,0,1.61
SPY,2024-12-24,596.0,CALL,2024-12-24T14:45:00.000,0.0,0.0,0.0,0.0,0,0,1.61
SPY,2024-12-24,596.0,CALL,2024-12-24T14:50:00.000,0.0,0.0,0.0,0.0,0,0,1.61
SPY,2024-12-24,596.0,CALL,2024-12-24T14:55:00.000,0.0,0.0,0.0,0.0,0,0,1.61
SPY,2024-12-24,596.0,CALL,2024-12-24T15:00:00.000,0.0,0.0,0.0,0.0,0,0,1.61
SPY,2024-12-24,596.0,CALL,2024-12-24T15:05:00.000,0.0,0.0,0.0,0.0,0,0,1.61
SPY,2024-12-24,596.0,CALL,2024-12-24T15:10:00.000,0.0,0.0,0.0,0.0,0,0,1.61
SPY,2024-12-24,596.0,CALL,2024-12-24T15:15:00.000,0.0,0.0,0.0,0.0,0,0,1.61
SPY,2024-12-24,596.0,CALL,2024-12-24T15:20:00.000,0.0,0.0,0.0,0.0,0,0,1.61
SPY,2024-12-24,596.0,CALL,2024-12-24T15:25:00.000,0.0,0.0,0.0,0.0,0,0,1.61
SPY,2024-12-24,596.0,CALL,2024-12-24T15:30:00.000,0.0,0.0,0.0,0.0,0,0,1.61
SPY,2024-12-24,596.0,CALL,2024-12-24T15:35:00.000,0.0,0.0,0.0,0.0,0,0,1.61
SPY,2024-12-24,596.0,CALL,2024-12-24T15:40:00.000,0.0,0.0,0.0,0.0,0,0,1.61
SPY,2024-12-24,596.0,CALL,2024-12-24T15:45:00.000,0.0,0.0,0.0,0.0,0,0,1.61
SPY,2024-12-24,596.0,CALL,2024-12-24T15:50:00.000,0.0,0.0,0.0,0.0,0,0,1.61
SPY,2024-12-24,596.0,CALL,2024-12-24T15:55:00.000,0.0,0.0,0.0,0.0,0,0,1.61
SPY,2024-12-24,596.0,CALL,2024-12-24T16:00:00.000,0.0,0.0,0.0,0.0,0,0,1.61
SPY,2024-12-24,612.0,CALL,2024-12-24T09:30:00.000,0.01,0.01,0.01,0.01,150,5,0.01
SPY,2024-12-24,612.0,CALL,2024-12-24T09:35:00.000,0.0,0.0,0.0,0.0,0,0,0.01
SPY,2024-12-24,612.0,CALL,2024-12-24T09:40:00.000,0.0,0.0,0.0,0.0,0,0,0.01
SPY,2024-12-24,612.0,CALL,2024-12-24T09:45:00.000,0.0,0.0,0.0,0.0,0,0,0.01
SPY,2024-12-24,612.0,CALL,2024-12-24T09:50:00.000,0.0,0.0,0.0,0.0,0,0,0.01
SPY,2024-12-24,612.0,CALL,2024-12-24T09:55:00.000,0.0,0.0,0.0,0.0,0,0,0.01
SPY,2024-12-24,612.0,CALL,2024-12-24T10:00:00.000,0.01,0.01,0.01,0.01,3,1,0.01
SPY,2024-12-24,612.0,CALL,2024-12-24T10:05:00.000,0.01,0.01,0.01,0.01,4,1,0.01
SPY,2024-12-24,612.0,CALL,2024-12-24T10:10:00.000,0.0,0.0,0.0,0.0,0,0,0.01
SPY,2024-12-24,612.0,CALL,2024-12-24T10:15:00.000,0.0,0.0,0.0,0.0,0,0,0.01
SPY,2024-12-24,612.0,CALL,2024-12-24T10:20:00.000,0.0,0.0,0.0,0.0,0,0,0.01
SPY,2024-12-24,612.0,CALL,2024-12-24T10:25:00.000,0.0,0.0,0.0,0.0,0,0,0.01
SPY,2024-12-24,612.0,CALL,2024-12-24T10:30:00.000,0.0,0.0,0.0,0.0,0,0,0.01
SPY,2024-12-24,612.0,CALL,2024-12-24T10:35:00.000,0.0,0.0,0.0,0.0,0,0,0.01
SPY,2024-12-24,612.0,CALL,2024-12-24T10:40:00.000,0.0,0.0,0.0,0.0,0,0,0.01
SPY,2024-12-24,612.0,CALL,2024-12-24T10:45:00.000,0.0,0.0,0.0,0.0,0,0,0.01
SPY,2024-12-24,612.0,CALL,2024-12-24T10:50:00.000,0.0,0.0,0.0,0.0,0,0,0.01
SPY,2024-12-24,612.0,CALL,2024-12-24T10:55:00.000,0.0,0.0,0.0,0.0,0,0,0.01
SPY,2024-12-24,612.0,CALL,2024-12-24T11:00:00.000,0.0,0.0,0.0,0.0,0,0,0.01
SPY,2024-12-24,612.0,CALL,2024-12-24T11:05:00.000,0.0,0.0,0.0,0.0,0,0,0.01
SPY,2024-12-24,612.0,CALL,2024-12-24T11:10:00.000,0.0,0.0,0.0,0.0,0,0,0.01
SPY,2024-12-24,612.0,CALL,2024-12-24T11:15:00.000,0.0,0.0,0.0,0.0,0,0,0.01
SPY,2024-12-24,612.0,CALL,2024-12-24T11:20:00.000,0.0,0.0,0.0,0.0,0,0,0.01
SPY,2024-12-24,612.0,CALL,2024-12-24T11:25:00.000,0.0,0.0,0.0,0.0,0,0,0.01
SPY,2024-12-24,612.0,CALL,2024-12-24T11:30:00.000,0.0,0.0,0.0,0.0,0,0,0.01
SPY,2024-12-24,612.0,CALL,2024-12-24T11:35:00.000,0.0,0.0,0.0,0.0,0,0,0.01
SPY,2024-12-24,612.0,CALL,2024-12-24T11:40:00.000,0.0,0.0,0.0,0.0,0,0,0.01
SPY,2024-12-24,612.0,CALL,2024-12-24T11:45:00.000,0.0,0.0,0.0,0.0,0,0,0.01
SPY,2024-12-24,612.0,CALL,2024-12-24T11:50:00.000,0.0,0.0,0.0,0.0,0,0,0.01
SPY,2024-12-24,612.0,CALL,2024-12-24T11:55:00.000,0.0,0.0,0.0,0.0,0,0,0.01
SPY,2024-12-24,612.0,CALL,2024-12-24T12:00:00.000,0.0,0.0,0.0,0.0,0,0,0.01
SPY,2024-12-24,612.0,CALL,2024-12-24T12:05:00.000,0.0,0.0,0.0,0.0,0,0,0.01
SPY,2024-12-24,612.0,CALL,2024-12-24T12:10:00.000,0.0,0.0,0.0,0.0,0,0,0.01
SPY,2024-12-24,612.0,CALL,2024-12-24T12:15:00.000,0.0,0.0,0.0,0.0,0,0,0.01
SPY,2024-12-24,612.0,CALL,2024-12-24T12:20:00.000,0.0,0.0,0.0,0.0,0,0,0.01
SPY,2024-12-24,612.0,CALL,2024-12-24T12:25:00.000,0.0,0.0,0.0,0.0,0,0,0.01
SPY,2024-12-24,612.0,CALL,2024-12-24T12:30:00.000,0.0,0.0,0.0,0.0,0,0,0.01
SPY,2024-12-24,612.0,CALL,2024-12-24T12:35:00.000,0.0,0.0,0.0,0.0,0,0,0.01
SPY,2024-12-24,612.0,CALL,2024-12-24T12:40:00.000,0.0,0.0,0.0,0.0,0,0,0.01
SPY,2024-12-24,612.0,CALL,2024-12-24T12:45:00.000,0.0,0.0,0.0,0.0,0,0,0.01
SPY,2024-12-24,612.0,CALL,2024-12-24T12:50:00.000,0.01,0.01,0.01,0.01,50,1,0.01
SPY,2024-12-24,612.0,CALL,2024-12-24T12:55:00.000,0.0,0.0,0.0,0.0,0,0,0.01
SPY,2024-12-24,612.0,CALL,2024-12-24T13:00:00.000,0.01,0.01,0.01,0.01,72,3,0.01
SPY,2024-12-24,612.0,CALL,2024-12-24T13:05:00.000,0.0,0.0,0.0,0.0,0,0,0.01
SPY,2024-12-24,612.0,CALL,2024-12-24T13:10:00.000,0.0,0.0,0.0,0.0,0,0,0.01
SPY,2024-12-24,612.0,CALL,2024-12-24T13:15:00.000,0.0,0.0,0.0,0.0,0,0,0.01
SPY,2024-12-24,612.0,CALL,2024-12-24T13:20:00.000,0.0,0.0,0.0,0.0,0,0,0.01
SPY,2024-12-24,612.0,CALL,2024-12-24T13:25:00.000,0.0,0.0,0.0,0.0,0,0,0.01
SPY,2024-12-24,612.0,CALL,2024-12-24T13:30:00.000,0.0,0.0,0.0,0.0,0,0,0.01
SPY,2024-12-24,612.0,CALL,2024-12-24T13:35:00.000,0.0,0.0,0.0,0.0,0,0,0.01
SPY,2024-12-24,612.0,CALL,2024-12-24T13:40:00.000,0.0,0.0,0.0,0.0,0,0,0.01
SPY,2024-12-24,612.0,CALL,2024-12-24T13:45:00.000,0.0,0.0,0.0,0.0,0,0,0.01
SPY,2024-12-24,612.0,CALL,2024-12-24T13:50:00.000,0.0,0.0,0.0,0.0,0,0,0.01
SPY,2024-12-24,612.0,CALL,2024-12-24T13:55:00.000,0.0,0.0,0.0,0.0,0,0,0.01
SPY,2024-12-24,612.0,CALL,2024-12-24T14:00:00.000,0.0,0.0,0.0,0.0,0,0,0.01
SPY,2024-12-24,612.0,CALL,2024-12-24T14:05:00.000,0.0,0.0,0.0,0.0,0,0,0.01
SPY,2024-12-24,612.0,CALL,2024-12-24T14:10:00.000,0.0,0.0,0.0,0.0,0,0,0.01
SPY,2024-12-24,612.0,CALL,2024-12-24T14:15:00.000,0.0,0.0,0.0,0.0,0,0,0.01
SPY,2024-12-24,612.0,CALL,2024-12-24T14:20:00.000,0.0,0.0,0.0,0.0,0,0,0.01
SPY,2024-12-24,612.0,CALL,2024-12-24T14:25:00.000,0.0,0.0,0.0,0.0,0,0,0.01
SPY,2024-12-24,612.0,CALL,2024-12-24T14:30:00.000,0.0,0.0,0.0,0.0,0,0,0.01
SPY,2024-12-24,612.0,CALL,2024-12-24T14:35:00.000,0.0,0.0,0.0,0.0,0,0,0.01
SPY,2024-12-24,612.0,CALL,2024-12-24T14:40:00.000,0.0,0.0,0.0,0.0,0,0,0.01
SPY,2024-12-24,612.0,CALL,2024-12-24T14:45:00.000,0.0,0.0,0.0,0.0,0,0,0.01
SPY,2024-12-24,612.0,CALL,2024-12-24T14:50:00.000,0.0,0.0,0.0,0.0,0,0,0.01
SPY,2024-12-24,612.0,CALL,2024-12-24T14:55:00.000,0.0,0.0,0.0,0.0,0,0,0.01
SPY,2024-12-24,612.0,CALL,2024-12-24T15:00:00.000,0.0,0.0,0.0,0.0,0,0,0.01
SPY,2024-12-24,612.0,CALL,2024-12-24T15:05:00.000,0.0,0.0,0.0,0.0,0,0,0.01
SPY,2024-12-24,612.0,CALL,2024-12-24T15:10:00.000,0.0,0.0,0.0,0.0,0,0,0.01
SPY,2024-12-24,612.0,CALL,2024-12-24T15:15:00.000,0.0,0.0,0.0,0.0,0,0,0.01
SPY,2024-12-24,612.0,CALL,2024-12-24T15:20:00.000,0.0,0.0,0.0,0.0,0,0,0.01
SPY,2024-12-24,612.0,CALL,2024-12-24T15:25:00.000,0.0,0.0,0.0,0.0,0,0,0.01
SPY,2024-12-24,612.0,CALL,2024-12-24T15:30:00.000,0.0,0.0,0.0,0.0,0,0,0.01
SPY,2024-12-24,612.0,CALL,2024-12-24T15:35:00.000,0.0,0.0,0.0,0.0,0,0,0.01
SPY,2024-12-24,612.0,CALL,2024-12-24T15:40:00.000,0.0,0.0,0.0,0.0,0,0,0.01
SPY,2024-12-24,612.0,CALL,2024-12-24T15:45:00.000,0.0,0.0,0.0,0.0,0,0,0.01
SPY,2024-12-24,612.0,CALL,2024-12-24T15:50:00.000,0.0,0.0,0.0,0.0,0,0,0.01
SPY,2024-12-24,612.0,CALL,2024-12-24T15:55:00.000,0.0,0.0,0.0,0.0,0,0,0.01
SPY,2024-12-24,612.0,CALL,2024-12-24T16:00:00.000,0.0,0.0,0.0,0.0,0,0,0.01
SPY,2024-12-24,580.0,CALL,2024-12-24T09:30:00.000,0.0,0.0,0.0,0.0,0,0,0.0
SPY,2024-12-24,580.0,CALL,2024-12-24T09:35:00.000,16.28,16.28,16.28,16.28,1,1,16.28
SPY,2024-12-24,580.0,CALL,2024-12-24T09:40:00.000,0.0,0.0,0.0,0.0,0,0,16.28
SPY,2024-12-24,580.0,CALL,2024-12-24T09:45:00.000,0.0,0.0,0.0,0.0,0,0,16.28
SPY,2024-12-24,580.0,CALL,2024-12-24T09:50:00.000,0.0,0.0,0.0,0.0,0,0,16.28
SPY,2024-12-24,580.0,CALL,2024-12-24T09:55:00.000,0.0,0.0,0.0,0.0,0,0,16.28
SPY,2024-12-24,580.0,CALL,2024-12-24T10:00:00.000,0.0,0.0,0.0,0.0,0,0,16.28
SPY,2024-12-24,580.0,CALL,2024-12-24T10:05:00.000,0.0,0.0,0.0,0.0,0,0,16.28
SPY,2024-12-24,580.0,CALL,2024-12-24T10:10:00.000,0.0,0.0,0.0,0.0,0,0,16.28
SPY,2024-12-24,580.0,CALL,2024-12-24T10:15:00.000,0.0,0.0,0.0,0.0,0,0,16.28
SPY,2024-12-24,580.0,CALL,2024-12-24T10:20:00.000,0.0,0.0,0.0,0.0,0,0,16.28
SPY,2024-12-24,580.0,CALL,2024-12-24T10:25:00.000,0.0,0.0,0.0,0.0,0,0,16.28
SPY,2024-12-24,580.0,CALL,2024-12-24T10:30:00.000,0.0,0.0,0.0,0.0,0,0,16.28
SPY,2024-12-24,580.0,CALL,2024-12-24T10:35:00.000,0.0,0.0,0.0,0.0,0,0,16.28
SPY,2024-12-24,580.0,CALL,2024-12-24T10:40:00.000,0.0,0.0,0.0,0.0,0,0,16.28
SPY,2024-12-24,580.0,CALL,2024-12-24T10:45:00.000,0.0,0.0,0.0,0.0,0,0,16.28
SPY,2024-12-24,580.0,CALL,2024-12-24T10:50:00.000,0.0,0.0,0.0,0.0,0,0,16.28
SPY,2024-12-24,580.0,CALL,2024-12-24T10:55:00.000,0.0,0.0,0.0,0.0,0,0,16.28
SPY,2024-12-24,580.0,CALL,2024-12-24T11:00:00.000,0.0,0.0,0.0,0.0,0,0,16.28
SPY,2024-12-24,580.0,CALL,2024-12-24T11:05:00.000,19.0,19.0,19.0,19.0,11,1,18.77
SPY,2024-12-24,580.0,CALL,2024-12-24T11:10:00.000,0.0,0.0,0.0,0.0,0,0,18.77
SPY,2024-12-24,580.0,CALL,2024-12-24T11:15:00.000,0.0,0.0,0.0,0.0,0,0,18.77
SPY,2024-12-24,580.0,CALL,2024-12-24T11:20:00.000,0.0,0.0,0.0,0.0,0,0,18.77
SPY,2024-12-24,580.0,CALL,2024-12-24T11:25:00.000,0.0,0.0,0.0,0.0,0,0,18.77
SPY,2024-12-24,580.0,CALL,2024-12-24T11:30:00.000,0.0,0.0,0.0,0.0,0,0,18.77
SPY,2024-12-24,580.0,CALL,2024-12-24T11:35:00.000,0.0,0.0,0.0,0.0,0,0,18.77
SPY,2024-12-24,580.0,CALL,2024-12-24T11:40:00.000,0.0,0.0,0.0,0.0,0,0,18.77
SPY,2024-12-24,580.0,CALL,2024-12-24T11:45:00.000,19.71,19.71,19.71,19.71,85,1,19.59
SPY,2024-12-24,580.0,CALL,2024-12-24T11:50:00.000,0.0,0.0,0.0,0.0,0,0,19.59
SPY,2024-12-24,580.0,CALL,2024-12-24T11:55:00.000,0.0,0.0,0.0,0.0,0,0,19.59
SPY,2024-12-24,580.0,CALL,2024-12-24T12:00:00.000,0.0,0.0,0.0,0.0,0,0,19.59
SPY,2024-12-24,580.0,CALL,2024-12-24T12:05:00.000,0.0,0.0,0.0,0.0,0,0,19.59
SPY,2024-12-24,580.0,CALL,2024-12-24T12:10:00.000,0.0,0.0,0.0,0.0,0,0,19.59
SPY,2024-12-24,580.0,CALL,2024-12-24T12:15:00.000,0.0,0.0,0.0,0.0,0,0,19.59
SPY,2024-12-24,580.0,CALL,2024-12-24T12:20:00.000,0.0,0.0,0.0,0.0,0,0,19.59
SPY,2024-12-24,580.0,CALL,2024-12-24T12:25:00.000,0.0,0.0,0.0,0.0,0,0,19.59
SPY,2024-12-24,580.0,CALL,2024-12-24T12:30:00.000,0.0,0.0,0.0,0.0,0,0,19.59
SPY,2024-12-24,580.0,CALL,2024-12-24T12:35:00.000,0.0,0.0,0.0,0.0,0,0,19.59
SPY,2024-12-24,580.0,CALL,2024-12-24T12:40:00.000,0.0,0.0,0.0,0.0,0,0,19.59
SPY,2024-12-24,580.0,CALL,2024-12-24T12:45:00.000,0.0,0.0,0.0,0.0,0,0,19.59
SPY,2024-12-24,580.0,CALL,2024-12-24T12:50:00.000,0.0,0.0,0.0,0.0,0,0,19.59
SPY,2024-12-24,580.0,CALL,2024-12-24T12:55:00.000,0.0,0.0,0.0,0.0,0,0,19.59
SPY,2024-12-24,580.0,CALL,2024-12-24T13:00:00.000,0.0,0.0,0.0,0.0,0,0,19.59
SPY,2024-12-24,580.0,CALL,2024-12-24T13:05:00.000,0.0,0.0,0.0,0.0,0,0,19.59
SPY,2024-12-24,580.0,CALL,2024-12-24T13:10:00.000,0.0,0.0,0.0,0.0,0,0,19.59
SPY,2024-12-24,580.0,CALL,2024-12-24T13:15:00.000,0.0,0.0,0.0,0.0,0,0,19.59
SPY,2024-12-24,580.0,CALL,2024-12-24T13:20:00.000,0.0,0.0,0.0,0.0,0,0,19.59
SPY,2024-12-24,580.0,CALL,2024-12-24T13:25:00.000,0.0,0.0,0.0,0.0,0,0,19.59
SPY,2024-12-24,580.0,CALL,2024-12-24T13:30:00.000,0.0,0.0,0.0,0.0,0,0,19.59
SPY,2024-12-24,580.0,CALL,2024-12-24T13:35:00.000,0.0,0.0,0.0,0.0,0,0,19.59
SPY,2024-12-24,580.0,CALL,2024-12-24T13:40:00.000,0.0,0.0,0.0,0.0,0,0,19.59
SPY,2024-12-24,580.0,CALL,2024-12-24T13:45:00.000,0.0,0.0,0.0,0.0,0,0,19.59
SPY,2024-12-24,580.0,CALL,2024-12-24T13:50:00.000,0.0,0.0,0.0,0.0,0,0,19.59
SPY,2024-12-24,580.0,CALL,2024-12-24T13:55:00.000,0.0,0.0,0.0,0.0,0,0,19.59
SPY,2024-12-24,580.0,CALL,2024-12-24T14:00:00.000,0.0,0.0,0.0,0.0,0,0,19.59
SPY,2024-12-24,580.0,CALL,2024-12-24T14:05:00.000,0.0,0.0,0.0,0.0,0,0,19.59
SPY,2024-12-24,580.0,CALL,2024-12-24T14:10:00.000,0.0,0.0,0.0,0.0,0,0,19.59
SPY,2024-12-24,580.0,CALL,2024-12-24T14:15:00.000,0.0,0.0,0.0,0.0,0,0,19.59
SPY,2024-12-24,580.0,CALL,2024-12-24T14:20:00.000,0.0,0.0,0.0,0.0,0,0,19.59
SPY,2024-12-24,580.0,CALL,2024-12-24T14:25:00.000,0.0,0.0,0.0,0.0,0,0,19.59
SPY,2024-12-24,580.0,CALL,2024-12-24T14:30:00.000,0.0,0.0,0.0,0.0,0,0,19.59
SPY,2024-12-24,580.0,CALL,2024-12-24T14:35:00.000,0.0,0.0,0.0,0.0,0,0,19.59
SPY,2024-12-24,580.0,CALL,2024-12-24T14:40:00.000,0.0,0.0,0.0,0.0,0,0,19.59
SPY,2024-12-24,580.0,CALL,2024-12-24T14:45:00.000,0.0,0.0,0.0,0.0,0,0,19.59
SPY,2024-12-24,580.0,CALL,2024-12-24T14:50:00.000,0.0,0.0,0.0,0.0,0,0,19.59
SPY,2024-12-24,580.0,CALL,2024-12-24T14:55:00.000,0.0,0.0,0.0,0.0,0,0,19.59
SPY,2024-12-24,580.0,CALL,2024-12-24T15:00:00.000,0.0,0.0,0.0,0.0,0,0,19.59
SPY,2024-12-24,580.0,CALL,2024-12-24T15:05:00.000,0.0,0.0,0.0,0.0,0,0,19.59
SPY,2024-12-24,580.0,CALL,2024-12-24T15:10:00.000,0.0,0.0,0.0,0.0,0,0,19.59
SPY,2024-12-24,580.0,CALL,2024-12-24T15:15:00.000,0.0,0.0,0.0,0.0,0,0,19.59
SPY,2024-12-24,580.0,CALL,2024-12-24T15:20:00.000,0.0,0.0,0.0,0.0,0,0,19.59
SPY,2024-12-24,580.0,CALL,2024-12-24T15:25:00.000,0.0,0.0,0.0,0.0,0,0,19.59
SPY,2024-12-24,580.0,CALL,2024-12-24T15:30:00.000,0.0,0.0,0.0,0.0,0,0,19.59
SPY,2024-12-24,580.0,CALL,2024-12-24T15:35:00.000,0.0,0.0,0.0,0.0,0,0,19.59
SPY,2024-12-24,580.0,CALL,2024-12-24T15:40:00.000,0.0,0.0,0.0,0.0,0,0,19.59
SPY,2024-12-24,580.0,CALL,2024-12-24T15:45:00.000,0.0,0.0,0.0,0.0,0,0,19.59
SPY,2024-12-24,580.0,CALL,2024-12-24T15:50:00.000,0.0,0.0,0.0,0.0,0,0,19.59
SPY,2024-12-24,580.0,CALL,2024-12-24T15:55:00.000,0.0,0.0,0.0,0.0,0,0,19.59
SPY,2024-12-24,580.0,CALL,2024-12-24T16:00:00.000,0.0,0.0,0.0,0.0,0,0,19.59
SPY,2024-12-24,607.0,CALL,2024-12-24T09:30:00.000,0.01,0.01,0.01,0.01,117,8,0.01
SPY,2024-12-24,607.0,CALL,2024-12-24T09:35:00.000,0.01,0.01,0.01,0.01,6,2,0.01
SPY,2024-12-24,607.0,CALL,2024-12-24T09:40:00.000,0.01,0.01,0.01,0.01,5,4,0.01
SPY,2024-12-24,607.0,CALL,2024-12-24T09:45:00.000,0.01,0.01,0.01,0.01,16,8,0.01
SPY,2024-12-24,607.0,CALL,2024-12-24T09:50:00.000,0.01,0.01,0.01,0.01,6,2,0.01
SPY,2024-12-24,607.0,CALL,2024-12-24T09:55:00.000,0.0,0.0,0.0,0.0,0,0,0.01
SPY,2024-12-24,607.0,CALL,2024-12-24T10:00:00.000,0.01,0.01,0.01,0.01,10,4,0.01
SPY,2024-12-24,607.0,CALL,2024-12-24T10:05:00.000,0.01,0.01,0.01,0.01,1,1,0.01
SPY,2024-12-24,607.0,CALL,2024-12-24T10:10:00.000,0.01,0.01,0.01,0.01,5,1,0.01
SPY,2024-12-24,607.0,CALL,2024-12-24T10:15:00.000,0.01,0.01,0.01,0.01,50,3,0.01
SPY,2024-12-24,607.0,CALL,2024-12-24T10:20:00.000,0.0,0.0,0.0,0.0,0,0,0.01
SPY,2024-12-24,607.0,CALL,2024-12-24T10:25:00.000,0.0,0.0,0.0,0.0,0,0,0.01
SPY,2024-12-24,607.0,CALL,2024-12-24T10:30:00.000,0.0,0.0,0.0,0.0,0,0,0.01
SPY,2024-12-24,607.0,CALL,2024-12-24T10:35:00.000,0.01,0.01,0.01,0.01,2,2,0.01
SPY,2024-12-24,607.0,CALL,2024-12-24T10:40:00.000,0.01,0.01,0.01,0.01,24,14,0.01
SPY,2024-12-24,607.0,CALL,2024-12-24T10:45:00.000,0.0,0.0,0.0,0.0,0,0,0.01
SPY,2024-12-24,607.0,CALL,2024-12-24T10:50:00.000,0.01,0.01,0.01,0.01,3,2,0.01
SPY,2024-12-24,607.0,CALL,2024-12-24T10:55:00.000,0.0,0.0,0.0,0.0,0,0,0.01
SPY,2024-12-24,607.0,CALL,2024-12-24T11:00:00.000,0.0,0.0,0.0,0.0,0,0,0.01
SPY,2024-12-24,607.0,CALL,2024-12-24T11:05:00.000,0.0,0.0,0.0,0.0,0,0,0.01
SPY,2024-12-24,607.0,CALL,2024-12-24T11:10:00.000,0.0,0.0,0.0,0.0,0,0,0.01
SPY,2024-12-24,607.0,CALL,2024-12-24T11:15:00.000,0.0,0.0,0.0,0.0,0,0,0.01
SPY,2024-12-24,607.0,CALL,2024-12-24T11:20:00.000,0.0,0.0,0.0,0.0,0,0,0.01
SPY,2024-12-24,607.0,CALL,2024-12-24T11:25:00.000,0.0,0.0,0.0,0.0,0,0,0.01
SPY,2024-12-24,607.0,CALL,2024-12-24T11:30:00.000,0.0,0.0,0.0,0.0,0,0,0.01
SPY,2024-12-24,607.0,CALL,2024-12-24T11:35:00.000,0.0,0.0,0.0,0.0,0,0,0.01
SPY,2024-12-24,607.0,CALL,2024-12-24T11:40:00.000,0.01,0.01,0.01,0.01,1,1,0.01
SPY,2024-12-24,607.0,CALL,2024-12-24T11:45:00.000,0.0,0.0,0.0,0.0,0,0,0.01
SPY,2024-12-24,607.0,CALL,2024-12-24T11:50:00.000,0.0,0.0,0.0,0.0,0,0,0.01
SPY,2024-12-24,607.0,CALL,2024-12-24T11:55:00.000,0.0,0.0,0.0,0.0,0,0,0.01
SPY,2024-12-24,607.0,CALL,2024-12-24T12:00:00.000,0.0,0.0,0.0,0.0,0,0,0.01
SPY,2024-12-24,607.0,CALL,2024-12-24T12:05:00.000,0.0,0.0,0.0,0.0,0,0,0.01
SPY,2024-12-24,607.0,CALL,2024-12-24T12:10:00.000,0.0,0.0,0.0,0.0,0,0,0.01
SPY,2024-12-24,607.0,CALL,2024-12-24T12:15:00.000,0.0,0.0,0.0,0.0,0,0,0.01
SPY,2024-12-24,607.0,CALL,2024-12-24T12:20:00.000,0.0,0.0,0.0,0.0,0,0,0.01
SPY,2024-12-24,607.0,CALL,2024-12-24T12:25:00.000,0.0,0.0,0.0,0.0,0,0,0.01
SPY,2024-12-24,607.0,CALL,2024-12-24T12:30:00.000,0.0,0.0,0.0,0.0,0,0,0.01
SPY,2024-12-24,607.0,CALL,2024-12-24T12:35:00.000,0.0,0.0,0.0,0.0,0,0,0.01
SPY,2024-12-24,607.0,CALL,2024-12-24T12:40:00.000,0.0,0.0,0.0,0.0,0,0,0.01
SPY,2024-12-24,607.0,CALL,2024-12-24T12:45:00.000,0.0,0.0,0.0,0.0,0,0,0.01
SPY,2024-12-24,607.0,CALL,2024-12-24T12:50:00.000,0.0,0.0,0.0,0.0,0,0,0.01
SPY,2024-12-24,607.0,CALL,2024-12-24T12:55:00.000,0.0,0.0,0.0,0.0,0,0,0.01
SPY,2024-12-24,607.0,CALL,2024-12-24T13:00:00.000,0.01,0.01,0.01,0.01,1,1,0.0
SPY,2024-12-24,607.0,CALL,2024-12-24T13:05:00.000,0.0,0.0,0.0,0.0,0,0,0.0
SPY,2024-12-24,607.0,CALL,2024-12-24T13:10:00.000,0.0,0.0,0.0,0.0,0,0,0.0
SPY,2024-12-24,607.0,CALL,2024-12-24T13:15:00.000,0.0,0.0,0.0,0.0,0,0,0.0
SPY,2024-12-24,607.0,CALL,2024-12-24T13:20:00.000,0.0,0.0,0.0,0.0,0,0,0.0
SPY,2024-12-24,607.0,CALL,2024-12-24T13:25:00.000,0.0,0.0,0.0,0.0,0,0,0.0
SPY,2024-12-24,607.0,CALL,2024-12-24T13:30:00.000,0.0,0.0,0.0,0.0,0,0,0.0
SPY,2024-12-24,607.0,CALL,2024-12-24T13:35:00.000,0.0,0.0,0.0,0.0,0,0,0.0
SPY,2024-12-24,607.0,CALL,2024-12-24T13:40:00.000,0.0,0.0,0.0,0.0,0,0,0.0
SPY,2024-12-24,607.0,CALL,2024-12-24T13:45:00.000,0.0,0.0,0.0,0.0,0,0,0.0
SPY,2024-12-24,607.0,CALL,2024-12-24T13:50:00.000,0.0,0.0,0.0,0.0,0,0,0.0
SPY,2024-12-24,607.0,CALL,2024-12-24T13:55:00.000,0.0,0.0,0.0,0.0,0,0,0.0
SPY,2024-12-24,607.0,CALL,2024-12-24T14:00:00.000,0.0,0.0,0.0,0.0,0,0,0.0
SPY,2024-12-24,607.0,CALL,2024-12-24T14:05:00.000,0.0,0.0,0.0,0.0,0,0,0.0
SPY,2024-12-24,607.0,CALL,2024-12-24T14:10:00.000,0.0,0.0,0.0,0.0,0,0,0.0
SPY,2024-12-24,607.0,CALL,2024-12-24T14:15:00.000,0.0,0.0,0.0,0.0,0,0,0.0
SPY,2024-12-24,607.0,CALL,2024-12-24T14:20:00.000,0.0,0.0,0.0,0.0,0,0,0.0
SPY,2024-12-24,607.0,CALL,2024-12-24T14:25:00.000,0.0,0.0,0.0,0.0,0,0,0.0
SPY,2024-12-24,607.0,CALL,2024-12-24T14:30:00.000,0.0,0.0,0.0,0.0,0,0,0.0
SPY,2024-12-24,607.0,CALL,2024-12-24T14:35:00.000,0.0,0.0,0.0,0.0,0,0,0.0
SPY,2024-12-24,607.0,CALL,2024-12-24T14:40:00.000,0.0,0.0,0.0,0.0,0,0,0.0
SPY,2024-12-24,607.0,CALL,2024-12-24T14:45:00.000,0.0,0.0,0.0,0.0,0,0,0.0
SPY,2024-12-24,607.0,CALL,2024-12-24T14:50:00.000,0.0,0.0,0.0,0.0,0,0,0.0
SPY,2024-12-24,607.0,CALL,2024-12-24T14:55:00.000,0.0,0.0,0.0,0.0,0,0,0.0
SPY,2024-12-24,607.0,CALL,2024-12-24T15:00:00.000,0.0,0.0,0.0,0.0,0,0,0.0
SPY,2024-12-24,607.0,CALL,2024-12-24T15:05:00.000,0.0,0.0,0.0,0.0,0,0,0.0
SPY,2024-12-24,607.0,CALL,2024-12-24T15:10:00.000,0.0,0.0,0.0,0.0,0,0,0.0
SPY,2024-12-24,607.0,CALL,2024-12-24T15:15:00.000,0.0,0.0,0.0,0.0,0,0,0.0
SPY,2024-12-24,607.0,CALL,2024-12-24T15:20:00.000,0.0,0.0,0.0,0.0,0,0,0.0
SPY,2024-12-24,607.0,CALL,2024-12-24T15:25:00.000,0.0,0.0,0.0,0.0,0,0,0.0
SPY,2024-12-24,607.0,CALL,2024-12-24T15:30:00.000,0.0,0.0,0.0,0.0,0,0,0.0
SPY,2024-12-24,607.0,CALL,2024-12-24T15:35:00.000,0.0,0.0,0.0,0.0,0,0,0.0
SPY,2024-12-24,607.0,CALL,2024-12-24T15:40:00.000,0.0,0.0,0.0,0.0,0,0,0.0
SPY,2024-12-24,607.0,CALL,2024-12-24T15:45:00.000,0.0,0.0,0.0,0.0,0,0,0.0
SPY,2024-12-24,607.0,CALL,2024-12-24T15:50:00.000,0.0,0.0,0.0,0.0,0,0,0.0
SPY,2024-12-24,607.0,CALL,2024-12-24T15:55:00.000,0.0,0.0,0.0,0.0,0,0,0.0
SPY,2024-12-24,607.0,CALL,2024-12-24T16:00:00.000,0.0,0.0,0.0,0.0,0,0,0.0
SPY,2024-12-24,591.0,CALL,2024-12-24T09:30:00.000,5.02,5.29,4.64,5.26,353,77,4.93
SPY,2024-12-24,591.0,CALL,2024-12-24T09:35:00.000,5.06,5.7,5.0,5.54,87,37,5.0
SPY,2024-12-24,591.0,CALL,2024-12-24T09:40:00.000,5.44,6.05,5.44,5.85,89,39,5.14
SPY,2024-12-24,591.0,CALL,2024-12-24T09:45:00.000,5.87,6.07,5.82,5.84,30,12,5.18
SPY,2024-12-24,591.0,CALL,2024-12-24T09:50:00.000,5.78,6.15,5.62,6.07,46,22,5.24
SPY,2024-12-24,591.0,CALL,2024-12-24T09:55:00.000,5.96,6.2,5.85,6.13,36,12,5.28
SPY,2024-12-24,591.0,CALL,2024-12-24T10:00:00.000,6.3,6.8,6.22,6.8,77,21,5.41
SPY,2024-12-24,591.0,CALL,2024-12-24T10:05:00.000,6.76,7.09,6.75,6.78,14,13,5.44
SPY,2024-12-24,591.0,CALL,2024-12-24T10:10:00.000,6.56,7.11,6.56,7.11,38,11,5.52
SPY,2024-12-24,591.0,CALL,2024-12-24T10:15:00.000,7.15,7.26,7.02,7.16,506,27,6.17
SPY,2024-12-24,591.0,CALL,2024-12-24T10:20:00.000,7.02,7.24,6.85,7.21,62,10,6.21
SPY,2024-12-24,591.0,CALL,2024-12-24T10:25:00.000,7.13,7.27,7.13,7.13,25,7,6.23
SPY,2024-12-24,591.0,CALL,2024-12-24T10:30:00.000,7.35,7.57,7.2,7.57,75,7,6.29
SPY,2024-12-24,591.0,CALL,2024-12-24T10:35:00.000,7.67,7.68,7.65,7.65,19,4,6.31
SPY,2024-12-24,591.0,CALL,2024-12-24T10:40:00.000,7.9,8.21,7.89,8.21,11,6,6.32
SPY,2024-12-24,591.0,CALL,2024-12-24T10:45:00.000,8.17,8.3,8.0,8.3,7,5,6.33
SPY,2024-12-24,591.0,CALL,2024-12-24T10:50:00.000,8.26,8.26,7.49,7.63,71,14,6.39
SPY,2024-12-24,591.0,CALL,2024-12-24T10:55:00.000,7.74,8.17,7.74,8.13,34,12,6.43
SPY,2024-12-24,591.0,CALL,2024-12-24T11:00:00.000,8.14,8.15,8.14,8.15,4,2,6.43
SPY,2024-12-24,591.0,CALL,2024-12-24T11:05:00.000,8.25,8.25,7.68,8.13,46,12,6.47
SPY,2024-12-24,591.0,CALL,2024-12-24T11:10:00.000,8.13,8.13,7.7,7.7,12,6,6.48
SPY,2024-12-24,591.0,CALL,2024-12-24T11:15:00.000,8.15,8.15,8.15,8.15,1,1,6.48
SPY,2024-12-24,591.0,CALL,2024-12-24T11:20:00.000,8.11,8.25,8.05,8.15,13,5,6.5
SPY,2024-12-24,591.0,CALL,2024-12-24T11:25:00.000,8.25,8.25,8.25,8.25,1,1,6.5
SPY,2024-12-24,591.0,CALL,2024-12-24T11:30:00.000,8.25,8.25,8.25,8.25,10,1,6.51
SPY,2024-12-24,591.0,CALL,2024-12-24T11:35:00.000,8.15,8.37,8.14,8.14,8,4,6.52
SPY,2024-12-24,591.0,CALL,2024-12-24T11:40:00.000,8.51,8.64,8.51,8.64,11,2,6.53
SPY,2024-12-24,591.0,CALL,2024-12-24T11:45:00.000,8.66,8.76,8.66,8.75,67,6,6.61
SPY,2024-12-24,591.0,CALL,2024-12-24T11:50:00.000,8.12,8.12,8.12,8.12,1,1,6.61
SPY,2024-12-24,591.0,CALL,2024-12-24T11:55:00.000,8.48,8.48,8.42,8.42,5,3,6.62
SPY,2024-12-24,591.0,CALL,2024-12-24T12:00:00.000,8.2,8.36,8.11,8.36,5,4,6.62
SPY,2024-12-24,591.0,CALL,2024-12-24T12:05:00.000,8.45,8.54,8.42,8.42,23,4,6.65
SPY,2024-12-24,591.0,CALL,2024-12-24T12:10:00.000,8.7,8.83,8.65,8.83,85,10,6.74
SPY,2024-12-24,591.0,CALL,2024-12-24T12:15:00.000,8.6,8.8,8.6,8.8,4,2,6.75
SPY,2024-12-24,591.0,CALL,2024-12-24T12:20:00.000,0.0,0.0,0.0,0.0,0,0,6.75
SPY,2024-12-24,591.0,CALL,2024-12-24T12:25:00.000,9.0,9.27,9.0,9.27,18,6,6.77
SPY,2024-12-24,591.0,CALL,2024-12-24T12:30:00.000,8.7,8.93,8.7,8.74,37,4,6.81
SPY,2024-12-24,591.0,CALL,2024-12-24T12:35:00.000,8.36,8.75,8.36,8.75,31,8,6.84
SPY,2024-12-24,591.0,CALL,2024-12-24T12:40:00.000,0.0,0.0,0.0,0.0,0,0,6.84
SPY,2024-12-24,591.0,CALL,2024-12-24T12:45:00.000,0.0,0.0,0.0,0.0,0,0,6.84
SPY,2024-12-24,591.0,CALL,2024-12-24T12:50:00.000,9.63,9.63,9.33,9.39,4,3,6.84
SPY,2024-12-24,591.0,CALL,2024-12-24T12:55:00.000,0.0,0.0,0.0,0.0,0,0,6.84
SPY,2024-12-24,591.0,CALL,2024-12-24T13:00:00.000,0.0,0.0,0.0,0.0,0,0,6.84
SPY,2024-12-24,591.0,CALL,2024-12-24T13:05:00.000,10.0,10.24,10.0,10.24,14,3,6.86
SPY,2024-12-24,591.0,CALL,2024-12-24T13:10:00.000,0.0,0.0,0.0,0.0,0,0,6.86
SPY,2024-12-24,591.0,CALL,2024-12-24T13:15:00.000,0.0,0.0,0.0,0.0,0,0,6.86
SPY,2024-12-24,591.0,CALL,2024-12-24T13:20:00.000,0.0,0.0,0.0,0.0,0,0,6.86
SPY,2024-12-24,591.0,CALL,2024-12-24T13:25:00.000,0.0,0.0,0.0,0.0,0,0,6.86
SPY,2024-12-24,591.0,CALL,2024-12-24T13:30:00.000,0.0,0.0,0.0,0.0,0,0,6.86
SPY,2024-12-24,591.0,CALL,2024-12-24T13:35:00.000,0.0,0.0,0.0,0.0,0,0,6.86
SPY,2024-12-24,591.0,CALL,2024-12-24T13:40:00.000,0.0,0.0,0.0,0.0,0,0,6.86
SPY,2024-12-24,591.0,CALL,2024-12-24T13:45:00.000,0.0,0.0,0.0,0.0,0,0,6.86
SPY,2024-12-24,591.0,CALL,2024-12-24T13:50:00.000,0.0,0.0,0.0,0.0,0,0,6.86
SPY,2024-12-24,591.0,CALL,2024-12-24T13:55:00.000,0.0,0.0,0.0,0.0,0,0,6.86
SPY,2024-12-24,591.0,CALL,2024-12-24T14:00:00.000,0.0,0.0,0.0,0.0,0,0,6.86
SPY,2024-12-24,591.0,CALL,2024-12-24T14:05:00.000,0.0,0.0,0.0,0.0,0,0,6.86
SPY,2024-12-24,591.0,CALL,2024-12-24T14:10:00.000,0.0,0.0,0.0,0.0,0,0,6.86
SPY,2024-12-24,591.0,CALL,2024-12-24T14:15:00.000,0.0,0.0,0.0,0.0,0,0,6.86
SPY,2024-12-24,591.0,CALL,2024-12-24T14:20:00.000,0.0,0.0,0.0,0.0,0,0,6.86
SPY,2024-12-24,591.0,CALL,2024-12-24T14:25:00.000,0.0,0.0,0.0,0.0,0,0,6.86
SPY,2024-12-24,591.0,CALL,2024-12-24T14:30:00.000,0.0,0.0,0.0,0.0,0,0,6.86
SPY,2024-12-24,591.0,CALL,2024-12-24T14:35:00.000,0.0,0.0,0.0,0.0,0,0,6.86
SPY,2024-12-24,591.0,CALL,2024-12-24T14:40:00.000,0.0,0.0,0.0,0.0,0,0,6.86
SPY,2024-12-24,591.0,CALL,2024-12-24T14:45:00.000,0.0,0.0,0.0,0.0,0,0,6.86
SPY,2024-12-24,591.0,CALL,2024-12-24T14:50:00.000,0.0,0.0,0.0,0.0,0,0,6.86
SPY,2024-12-24,591.0,CALL,2024-12-24T14:55:00.000,0.0,0.0,0.0,0.0,0,0,6.86
SPY,2024-12-24,591.0,CALL,2024-12-24T15:00:00.000,0.0,0.0,0.0,0.0,0,0,6.86
SPY,2024-12-24,591.0,CALL,2024-12-24T15:05:00.000,0.0,0.0,0.0,0.0,0,0,6.86
SPY,2024-12-24,591.0,CALL,2024-12-24T15:10:00.000,0.0,0.0,0.0,0.0,0,0,6.86
SPY,2024-12-24,591.0,CALL,2024-12-24T15:15:00.000,0.0,0.0,0.0,0.0,0,0,6.86
SPY,2024-12-24,591.0,CALL,2024-12-24T15:20:00.000,0.0,0.0,0.0,0.0,0,0,6.86
SPY,2024-12-24,591.0,CALL,2024-12-24T15:25:00.000,0.0,0.0,0.0,0.0,0,0,6.86
SPY,2024-12-24,591.0,CALL,2024-12-24T15:30:00.000,0.0,0.0,0.0,0.0,0,0,6.86
SPY,2024-12-24,591.0,CALL,2024-12-24T15:35:00.000,0.0,0.0,0.0,0.0,0,0,6.86
SPY,2024-12-24,591.0,CALL,2024-12-24T15:40:00.000,0.0,0.0,0.0,0.0,0,0,6.86
SPY,2024-12-24,591.0,CALL,2024-12-24T15:45:00.000,0.0,0.0,0.0,0.0,0,0,6.86
SPY,2024-12-24,591.0,CALL,2024-12-24T15:50:00.000,0.0,0.0,0.0,0.0,0,0,6.86
SPY,2024-12-24,591.0,CALL,2024-12-24T15:55:00.000,0.0,0.0,0.0,0.0,0,0,6.86
SPY,2024-12-24,591.0,CALL,2024-12-24T16:00:00.000,0.0,0.0,0.0,0.0,0,0,6.86
SPY,2024-12-24,575.0,CALL,2024-12-24T09:30:00.000,20.69,20.69,20.69,20.69,1,1,20.69
SPY,2024-12-24,575.0,CALL,2024-12-24T09:35:00.000,0.0,0.0,0.0,0.0,0,0,20.69
SPY,2024-12-24,575.0,CALL,2024-12-24T09:40:00.000,0.0,0.0,0.0,0.0,0,0,20.69
SPY,2024-12-24,575.0,CALL,2024-12-24T09:45:00.000,0.0,0.0,0.0,0.0,0,0,20.69
SPY,2024-12-24,575.0,CALL,2024-12-24T09:50:00.000,0.0,0.0,0.0,0.0,0,0,20.69
SPY,2024-12-24,575.0,CALL,2024-12-24T09:55:00.000,0.0,0.0,0.0,0.0,0,0,20.69
SPY,2024-12-24,575.0,CALL,2024-12-24T10:00:00.000,0.0,0.0,0.0,0.0,0,0,20.69
SPY,2024-12-24,575.0,CALL,2024-12-24T10:05:00.000,0.0,0.0,0.0,0.0,0,0,20.69
SPY,2024-12-24,575.0,CALL,2024-12-24T10:10:00.000,0.0,0.0,0.0,0.0,0,0,20.69
SPY,2024-12-24,575.0,CALL,2024-12-24T10:15:00.000,0.0,0.0,0.0,0.0,0,0,20.69
SPY,2024-12-24,575.0,CALL,2024-12-24T10:20:00.000,0.0,0.0,0.0,0.0,0,0,20.69
SPY,2024-12-24,575.0,CALL,2024-12-24T10:25:00.000,0.0,0.0,0.0,0.0,0,0,20.69
SPY,2024-12-24,575.0,CALL,2024-12-24T10:30:00.000,23.35,23.45,23.35,23.45,45,2,23.38
SPY,2024-12-24,575.0,CALL,2024-12-24T10:35:00.000,23.82,23.82,23.82,23.82,1,1,23.39
SPY,2024-12-24,575.0,CALL,2024-12-24T10:40:00.000,0.0,0.0,0.0,0.0,0,0,23.39
SPY,2024-12-24,575.0,CALL,2024-12-24T10:45:00.000,24.19,24.19,24.19,24.19,44,1,23.78
SPY,2024-12-24,575.0,CALL,2024-12-24T10:50:00.000,0.0,0.0,0.0,0.0,0,0,23.78
SPY,2024-12-24,575.0,CALL,2024-12-24T10:55:00.000,0.0,0.0,0.0,0.0,0,0,23.78
SPY,2024-12-24,575.0,CALL,2024-12-24T11:00:00.000,0.0,0.0,0.0,0.0,0,0,23.78
SPY,2024-12-24,575.0,CALL,2024-12-24T11:05:00.000,23.35,23.35,23.35,23.35,1,1,23.77
SPY,2024-12-24,575.0,CALL,2024-12-24T11:10:00.000,0.0,0.0,0.0,0.0,0,0,23.77
SPY,2024-12-24,575.0,CALL,2024-12-24T11:15:00.000,0.0,0.0,0.0,0.0,0,0,23.77
SPY,2024-12-24,575.0,CALL,2024-12-24T11:20:00.000,0.0,0.0,0.0,0.0,0,0,23.77
SPY,2024-12-24,575.0,CALL,2024-12-24T11:25:00.000,0.0,0.0,0.0,0.0,0,0,23.77
SPY,2024-12-24,575.0,CALL,2024-12-24T11:30:00.000,24.08,24.08,24.08,24.08,1,1,23.77
SPY,2024-12-24,575.0,CALL,2024-12-24T11:35:00.000,0.0,0.0,0.0,0.0,0,0,23.77
SPY,2024-12-24,575.0,CALL,2024-12-24T11:40:00.000,0.0,0.0,0.0,0.0,0,0,23.77
SPY,2024-12-24,575.0,CALL,2024-12-24T11:45:00.000,0.0,0.0,0.0,0.0,0,0,23.77
SPY,2024-12-24,575.0,CALL,2024-12-24T11:50:00.000,0.0,0.0,0.0,0.0,0,0,23.77
SPY,2024-12-24,575.0,CALL,2024-12-24T11:55:00.000,0.0,0.0,0.0,0.0,0,0,23.77
SPY,2024-12-24,575.0,CALL,2024-12-24T12:00:00.000,0.0,0.0,0.0,0.0,0,0,23.77
SPY,2024-12-24,575.0,CALL,2024-12-24T12:05:00.000,0.0,0.0,0.0,0.0,0,0,23.77
SPY,2024-12-24,575.0,CALL,2024-12-24T12:10:00.000,0.0,0.0,0.0,0.0,0,0,23.77
SPY,2024-12-24,575.0,CALL,2024-12-24T12:15:00.000,0.0,0.0,0.0,0.0,0,0,23.77
SPY,2024-12-24,575.0,CALL,2024-12-24T12:20:00.000,0.0,0.0,0.0,0.0,0,0,23.77
SPY,2024-12-24,575.0,CALL,2024-12-24T12:25:00.000,0.0,0.0,0.0,0.0,0,0,23.77
SPY,2024-12-24,575.0,CALL,2024-12-24T12:30:00.000,0.0,0.0,0.0,0.0,0,0,23.77
SPY,2024-12-24,575.0,CALL,2024-12-24T12:35:00.000,0.0,0.0,0.0,0.0,0,0,23.77
SPY,2024-12-24,575.0,CALL,2024-12-24T12:40:00.000,0.0,0.0,0.0,0.0,0,0,23.77
SPY,2024-12-24,575.0,CALL,2024-12-24T12:45:00.000,0.0,0.0,0.0,0.0,0,0,23.77
SPY,2024-12-24,575.0,CALL,2024-12-24T12:50:00.000,0.0,0.0,0.0,0.0,0,0,23.77
SPY,2024-12-24,575.0,CALL,2024-12-24T12:55:00.000,0.0,0.0,0.0,0.0,0,0,23.77
SPY,2024-12-24,575.0,CALL,2024-12-24T13:00:00.000,0.0,0.0,0.0,0.0,0,0,23.77
SPY,2024-12-24,575.0,CALL,2024-12-24T13:05:00.000,0.0,0.0,0.0,0.0,0,0,23.77
SPY,2024-12-24,575.0,CALL,2024-12-24T13:10:00.000,0.0,0.0,0.0,0.0,0,0,23.77
SPY,2024-12-24,575.0,CALL,2024-12-24T13:15:00.000,0.0,0.0,0.0,0.0,0,0,23.77
SPY,2024-12-24,575.0,CALL,2024-12-24T13:20:00.000,0.0,0.0,0.0,0.0,0,0,23.77
SPY,2024-12-24,575.0,CALL,2024-12-24T13:25:00.000,0.0,0.0,0.0,0.0,0,0,23.77
SPY,2024-12-24,575.0,CALL,2024-12-24T13:30:00.000,0.0,0.0,0.0,0.0,0,0,23.77
SPY,2024-12-24,575.0,CALL,2024-12-24T13:35:00.000,0.0,0.0,0.0,0.0,0,0,23.77
SPY,2024-12-24,575.0,CALL,2024-12-24T13:40:00.000,0.0,0.0,0.0,0.0,0,0,23.77
SPY,2024-12-24,575.0,CALL,2024-12-24T13:45:00.000,0.0,0.0,0.0,0.0,0,0,23.77
SPY,2024-12-24,575.0,CALL,2024-12-24T13:50:00.000,0.0,0.0,0.0,0.0,0,0,23.77
SPY,2024-12-24,575.0,CALL,2024-12-24T13:55:00.000,0.0,0.0,0.0,0.0,0,0,23.77
SPY,2024-12-24,575.0,CALL,2024-12-24T14:00:00.000,0.0,0.0,0.0,0.0,0,0,23.77
SPY,2024-12-24,575.0,CALL,2024-12-24T14:05:00.000,0.0,0.0,0.0,0.0,0,0,23.77
SPY,2024-12-24,575.0,CALL,2024-12-24T14:10:00.000,0.0,0.0,0.0,0.0,0,0,23.77
SPY,2024-12-24,575.0,CALL,2024-12-24T14:15:00.000,0.0,0.0,0.0,0.0,0,0,23.77
SPY,2024-12-24,575.0,CALL,2024-12-24T14:20:00.000,0.0,0.0,0.0,0.0,0,0,23.77
SPY,2024-12-24,575.0,CALL,2024-12-24T14:25:00.000,0.0,0.0,0.0,0.0,0,0,23.77
SPY,2024-12-24,575.0,CALL,2024-12-24T14:30:00.000,0.0,0.0,0.0,0.0,0,0,23.77
SPY,2024-12-24,575.0,CALL,2024-12-24T14:35:00.000,0.0,0.0,0.0,0.0,0,0,23.77
SPY,2024-12-24,575.0,CALL,2024-12-24T14:40:00.000,0.0,0.0,0.0,0.0,0,0,23.77
SPY,2024-12-24,575.0,CALL,2024-12-24T14:45:00.000,0.0,0.0,0.0,0.0,0,0,23.77
SPY,2024-12-24,575.0,CALL,2024-12-24T14:50:00.000,0.0,0.0,0.0,0.0,0,0,23.77
SPY,2024-12-24,575.0,CALL,2024-12-24T14:55:00.000,0.0,0.0,0.0,0.0,0,0,23.77
SPY,2024-12-24,575.0,CALL,2024-12-24T15:00:00.000,0.0,0.0,0.0,0.0,0,0,23.77
SPY,2024-12-24,575.0,CALL,2024-12-24T15:05:00.000,0.0,0.0,0.0,0.0,0,0,23.77
SPY,2024-12-24,575.0,CALL,2024-12-24T15:10:00.000,0.0,0.0,0.0,0.0,0,0,23.77
SPY,2024-12-24,575.0,CALL,2024-12-24T15:15:00.000,0.0,0.0,0.0,0.0,0,0,23.77
SPY,2024-12-24,575.0,CALL,2024-12-24T15:20:00.000,0.0,0.0,0.0,0.0,0,0,23.77
SPY,2024-12-24,575.0,CALL,2024-12-24T15:25:00.000,0.0,0.0,0.0,0.0,0,0,23.77
SPY,2024-12-24,575.0,CALL,2024-12-24T15:30:00.000,0.0,0.0,0.0,0.0,0,0,23.77
SPY,2024-12-24,575.0,CALL,2024-12-24T15:35:00.000,0.0,0.0,0.0,0.0,0,0,23.77
SPY,2024-12-24,575.0,CALL,2024-12-24T15:40:00.000,0.0,0.0,0.0,0.0,0,0,23.77
SPY,2024-12-24,575.0,CALL,2024-12-24T15:45:00.000,0.0,0.0,0.0,0.0,0,0,23.77
SPY,2024-12-24,575.0,CALL,2024-12-24T15:50:00.000,0.0,0.0,0.0,0.0,0,0,23.77
SPY,2024-12-24,575.0,CALL,2024-12-24T15:55:00.000,0.0,0.0,0.0,0.0,0,0,23.77
SPY,2024-12-24,575.0,CALL,2024-12-24T16:00:00.000,0.0,0.0,0.0,0.0,0,0,23.77
SPY,2024-12-24,490.0,CALL,2024-12-24T09:30:00.000,0.0,0.0,0.0,0.0,0,0,0.0
SPY,2024-12-24,490.0,CALL,2024-12-24T09:35:00.000,0.0,0.0,0.0,0.0,0,0,0.0
SPY,2024-12-24,490.0,CALL,2024-12-24T09:40:00.000,0.0,0.0,0.0,0.0,0,0,0.0
SPY,2024-12-24,490.0,CALL,2024-12-24T09:45:00.000,0.0,0.0,0.0,0.0,0,0,0.0
SPY,2024-12-24,490.0,CALL,2024-12-24T09:50:00.000,106.76,106.76,106.76,106.76,3,1,106.76
SPY,2024-12-24,490.0,CALL,2024-12-24T09:55:00.000,0.0,0.0,0.0,0.0,0,0,106.76
SPY,2024-12-24,490.0,CALL,2024-12-24T10:00:00.000,0.0,0.0,0.0,0.0,0,0,106.76
SPY,2024-12-24,490.0,CALL,2024-12-24T10:05:00.000,0.0,0.0,0.0,0.0,0,0,106.76
SPY,2024-12-24,490.0,CALL,2024-12-24T10:10:00.000,0.0,0.0,0.0,0.0,0,0,106.76
SPY,2024-12-24,490.0,CALL,2024-12-24T10:15:00.000,0.0,0.0,0.0,0.0,0,0,106.76
SPY,2024-12-24,490.0,CALL,2024-12-24T10:20:00.000,0.0,0.0,0.0,0.0,0,0,106.76
SPY,2024-12-24,490.0,CALL,2024-12-24T10:25:00.000,0.0,0.0,0.0,0.0,0,0,106.76
SPY,2024-12-24,490.0,CALL,2024-12-24T10:30:00.000,0.0,0.0,0.0,0.0,0,0,106.76
SPY,2024-12-24,490.0,CALL,2024-12-24T10:35:00.000,0.0,0.0,0.0,0.0,0,0,106.76
SPY,2024-12-24,490.0,CALL,2024-12-24T10:40:00.000,0.0,0.0,0.0,0.0,0,0,106.76
SPY,2024-12-24,490.0,CALL,2024-12-24T10:45:00.000,0.0,0.0,0.0,0.0,0,0,106.76
SPY,2024-12-24,490.0,CALL,2024-12-24T10:50:00.000,0.0,0.0,0.0,0.0,0,0,106.76
SPY,2024-12-24,490.0,CALL,2024-12-24T10:55:00.000,0.0,0.0,0.0,0.0,0,0,106.76
SPY,2024-12-24,490.0,CALL,2024-12-24T11:00:00.000,0.0,0.0,0.0,0.0,0,0,106.76
SPY,2024-12-24,490.0,CALL,2024-12-24T11:05:00.000,0.0,0.0,0.0,0.0,0,0,106.76
SPY,2024-12-24,490.0,CALL,2024-12-24T11:10:00.000,0.0,0.0,0.0,0.0,0,0,106.76
SPY,2024-12-24,490.0,CALL,2024-12-24T11:15:00.000,0.0,0.0,0.0,0.0,0,0,106.76
SPY,2024-12-24,490.0,CALL,2024-12-24T11:20:00.000,0.0,0.0,0.0,0.0,0,0,106.76
SPY,2024-12-24,490.0,CALL,2024-12-24T11:25:00.000,0.0,0.0,0.0,0.0,0,0,106.76
SPY,2024-12-24,490.0,CALL,2024-12-24T11:30:00.000,0.0,0.0,0.0,0.0,0,0,106.76
SPY,2024-12-24,490.0,CALL,2024-12-24T11:35:00.000,0.0,0.0,0.0,0.0,0,0,106.76
SPY,2024-12-24,490.0,CALL,2024-12-24T11:40:00.000,0.0,0.0,0.0,0.0,0,0,106.76
SPY,2024-12-24,490.0,CALL,2024-12-24T11:45:00.000,0.0,0.0,0.0,0.0,0,0,106.76
SPY,2024-12-24,490.0,CALL,2024-12-24T11:50:00.000,0.0,0.0,0.0,0.0,0,0,106.76
SPY,2024-12-24,490.0,CALL,2024-12-24T11:55:00.000,0.0,0.0,0.0,0.0,0,0,106.76
SPY,2024-12-24,490.0,CALL,2024-12-24T12:00:00.000,0.0,0.0,0.0,0.0,0,0,106.76
SPY,2024-12-24,490.0,CALL,2024-12-24T12:05:00.000,0.0,0.0,0.0,0.0,0,0,106.76
SPY,2024-12-24,490.0,CALL,2024-12-24T12:10:00.000,0.0,0.0,0.0,0.0,0,0,106.76
SPY,2024-12-24,490.0,CALL,2024-12-24T12:15:00.000,0.0,0.0,0.0,0.0,0,0,106.76
SPY,2024-12-24,490.0,CALL,2024-12-24T12:20:00.000,0.0,0.0,0.0,0.0,0,0,106.76
SPY,2024-12-24,490.0,CALL,2024-12-24T12:25:00.000,0.0,0.0,0.0,0.0,0,0,106.76
SPY,2024-12-24,490.0,CALL,2024-12-24T12:30:00.000,0.0,0.0,0.0,0.0,0,0,106.76
SPY,2024-12-24,490.0,CALL,2024-12-24T12:35:00.000,0.0,0.0,0.0,0.0,0,0,106.76
SPY,2024-12-24,490.0,CALL,2024-12-24T12:40:00.000,0.0,0.0,0.0,0.0,0,0,106.76
SPY,2024-12-24,490.0,CALL,2024-12-24T12:45:00.000,0.0,0.0,0.0,0.0,0,0,106.76
SPY,2024-12-24,490.0,CALL,2024-12-24T12:50:00.000,0.0,0.0,0.0,0.0,0,0,106.76
SPY,2024-12-24,490.0,CALL,2024-12-24T12:55:00.000,0.0,0.0,0.0,0.0,0,0,106.76
SPY,2024-12-24,490.0,CALL,2024-12-24T13:00:00.000,0.0,0.0,0.0,0.0,0,0,106.76
SPY,2024-12-24,490.0,CALL,2024-12-24T13:05:00.000,0.0,0.0,0.0,0.0,0,0,106.76
SPY,2024-12-24,490.0,CALL,2024-12-24T13:10:00.000,0.0,0.0,0.0,0.0,0,0,106.76
SPY,2024-12-24,490.0,CALL,2024-12-24T13:15:00.000,0.0,0.0,0.0,0.0,0,0,106.76
SPY,2024-12-24,490.0,CALL,2024-12-24T13:20:00.000,0.0,0.0,0.0,0.0,0,0,106.76
SPY,2024-12-24,490.0,CALL,2024-12-24T13:25:00.000,0.0,0.0,0.0,0.0,0,0,106.76
SPY,2024-12-24,490.0,CALL,2024-12-24T13:30:00.000,0.0,0.0,0.0,0.0,0,0,106.76
SPY,2024-12-24,490.0,CALL,2024-12-24T13:35:00.000,0.0,0.0,0.0,0.0,0,0,106.76
SPY,2024-12-24,490.0,CALL,2024-12-24T13:40:00.000,0.0,0.0,0.0,0.0,0,0,106.76
SPY,2024-12-24,490.0,CALL,2024-12-24T13:45:00.000,0.0,0.0,0.0,0.0,0,0,106.76
SPY,2024-12-24,490.0,CALL,2024-12-24T13:50:00.000,0.0,0.0,0.0,0.0,0,0,106.76
SPY,2024-12-24,490.0,CALL,2024-12-24T13:55:00.000,0.0,0.0,0.0,0.0,0,0,106.76
SPY,2024-12-24,490.0,CALL,2024-12-24T14:00:00.000,0.0,0.0,0.0,0.0,0,0,106.76
SPY,2024-12-24,490.0,CALL,2024-12-24T14:05:00.000,0.0,0.0,0.0,0.0,0,0,106.76
SPY,2024-12-24,490.0,CALL,2024-12-24T14:10:00.000,0.0,0.0,0.0,0.0,0,0,106.76
SPY,2024-12-24,490.0,CALL,2024-12-24T14:15:00.000,0.0,0.0,0.0,0.0,0,0,106.76
SPY,2024-12-24,490.0,CALL,2024-12-24T14:20:00.000,0.0,0.0,0.0,0.0,0,0,106.76
SPY,2024-12-24,490.0,CALL,2024-12-24T14:25:00.000,0.0,0.0,0.0,0.0,0,0,106.76
SPY,2024-12-24,490.0,CALL,2024-12-24T14:30:00.000,0.0,0.0,0.0,0.0,0,0,106.76
SPY,2024-12-24,490.0,CALL,2024-12-24T14:35:00.000,0.0,0.0,0.0,0.0,0,0,106.76
SPY,2024-12-24,490.0,CALL,2024-12-24T14:40:00.000,0.0,0.0,0.0,0.0,0,0,106.76
SPY,2024-12-24,490.0,CALL,2024-12-24T14:45:00.000,0.0,0.0,0.0,0.0,0,0,106.76
SPY,2024-12-24,490.0,CALL,2024-12-24T14:50:00.000,0.0,0.0,0.0,0.0,0,0,106.76
SPY,2024-12-24,490.0,CALL,2024-12-24T14:55:00.000,0.0,0.0,0.0,0.0,0,0,106.76
SPY,2024-12-24,490.0,CALL,2024-12-24T15:00:00.000,0.0,0.0,0.0,0.0,0,0,106.76
SPY,2024-12-24,490.0,CALL,2024-12-24T15:05:00.000,0.0,0.0,0.0,0.0,0,0,106.76
SPY,2024-12-24,490.0,CALL,2024-12-24T15:10:00.000,0.0,0.0,0.0,0.0,0,0,106.76
SPY,2024-12-24,490.0,CALL,2024-12-24T15:15:00.000,0.0,0.0,0.0,0.0,0,0,106.76
SPY,2024-12-24,490.0,CALL,2024-12-24T15:20:00.000,0.0,0.0,0.0,0.0,0,0,106.76
SPY,2024-12-24,490.0,CALL,2024-12-24T15:25:00.000,0.0,0.0,0.0,0.0,0,0,106.76
SPY,2024-12-24,490.0,CALL,2024-12-24T15:30:00.000,0.0,0.0,0.0,0.0,0,0,106.76
SPY,2024-12-24,490.0,CALL,2024-12-24T15:35:00.000,0.0,0.0,0.0,0.0,0,0,106.76
SPY,2024-12-24,490.0,CALL,2024-12-24T15:40:00.000,0.0,0.0,0.0,0.0,0,0,106.76
SPY,2024-12-24,490.0,CALL,2024-12-24T15:45:00.000,0.0,0.0,0.0,0.0,0,0,106.76
SPY,2024-12-24,490.0,CALL,2024-12-24T15:50:00.000,0.0,0.0,0.0,0.0,0,0,106.76
SPY,2024-12-24,490.0,CALL,2024-12-24T15:55:00.000,0.0,0.0,0.0,0.0,0,0,106.76
SPY,2024-12-24,490.0,CALL,2024-12-24T16:00:00.000,0.0,0.0,0.0,0.0,0,0,106.76
SPY,2024-12-24,586.0,CALL,2024-12-24T09:30:00.000,9.85,10.0,9.54,10.0,23,3,9.82
SPY,2024-12-24,586.0,CALL,2024-12-24T09:35:00.000,9.96,10.24,9.96,10.24,3,2,9.85
SPY,2024-12-24,586.0,CALL,2024-12-24T09:40:00.000,10.95,10.95,10.95,10.95,12,1,10.2
SPY,2024-12-24,586.0,CALL,2024-12-24T09:45:00.000,10.89,10.89,10.89,10.89,5,1,10.28
SPY,2024-12-24,586.0,CALL,2024-12-24T09:50:00.000,11.05,11.05,11.05,11.05,1,1,10.29
SPY,2024-12-24,586.0,CALL,2024-12-24T09:55:00.000,0.0,0.0,0.0,0.0,0,0,10.29
SPY,2024-12-24,586.0,CALL,2024-12-24T10:00:00.000,0.0,0.0,0.0,0.0,0,0,10.29
SPY,2024-12-24,586.0,CALL,2024-12-24T10:05:00.000,0.0,0.0,0.0,0.0,0,0,10.29
SPY,2024-12-24,586.0,CALL,2024-12-24T10:10:00.000,0.0,0.0,0.0,0.0,0,0,10.29
SPY,2024-12-24,586.0,CALL,2024-12-24T10:15:00.000,12.13,12.13,12.13,12.13,1,1,10.33
SPY,2024-12-24,586.0,CALL,2024-12-24T10:20:00.000,12.16,12.16,12.16,12.16,1,1,10.37
SPY,2024-12-24,586.0,CALL,2024-12-24T10:25:00.000,12.08,12.08,12.08,12.08,3,1,10.48
SPY,2024-12-24,586.0,CALL,2024-12-24T10:30:00.000,0.0,0.0,0.0,0.0,0,0,10.48
SPY,2024-12-24,586.0,CALL,2024-12-24T10:35:00.000,12.54,12.63,12.54,12.63,31,2,11.31
SPY,2024-12-24,586.0,CALL,2024-12-24T10:40:00.000,0.0,0.0,0.0,0.0,0,0,11.31
SPY,2024-12-24,586.0,CALL,2024-12-24T10:45:00.000,13.37,13.37,13.37,13.37,1,1,11.33
SPY,2024-12-24,586.0,CALL,2024-12-24T10:50:00.000,0.0,0.0,0.0,0.0,0,0,11.33
SPY,2024-12-24,586.0,CALL,2024-12-24T10:55:00.000,0.0,0.0,0.0,0.0,0,0,11.33
SPY,2024-12-24,586.0,CALL,2024-12-24T11:00:00.000,0.0,0.0,0.0,0.0,0,0,11.33
SPY,2024-12-24,586.0,CALL,2024-12-24T11:05:00.000,0.0,0.0,0.0,0.0,0,0,11.33
SPY,2024-12-24,586.0,CALL,2024-12-24T11:10:00.000,13.08,13.08,13.08,13.08,1,1,11.36
SPY,2024-12-24,586.0,CALL,2024-12-24T11:15:00.000,0.0,0.0,0.0,0.0,0,0,11.36
SPY,2024-12-24,586.0,CALL,2024-12-24T11:20:00.000,0.0,0.0,0.0,0.0,0,0,11.36
SPY,2024-12-24,586.0,CALL,2024-12-24T11:25:00.000,13.21,13.21,13.21,13.21,2,1,11.4
SPY,2024-12-24,586.0,CALL,2024-12-24T11:30:00.000,0.0,0.0,0.0,0.0,0,0,11.4
SPY,2024-12-24,586.0,CALL,2024-12-24T11:35:00.000,0.0,0.0,0.0,0.0,0,0,11.4
SPY,2024-12-24,586.0,CALL,2024-12-24T11:40:00.000,0.0,0.0,0.0,0.0,0,0,11.4
SPY,2024-12-24,586.0,CALL,2024-12-24T11:45:00.000,13.75,13.75,13.75,13.75,12,1,11.69
SPY,2024-12-24,586.0,CALL,2024-12-24T11:50:00.000,0.0,0.0,0.0,0.0,0,0,11.69
SPY,2024-12-24,586.0,CALL,2024-12-24T11:55:00.000,0.0,0.0,0.0,0.0,0,0,11.69
SPY,2024-12-24,586.0,CALL,2024-12-24T12:00:00.000,13.07,13.07,13.07,13.07,4,1,11.75
SPY,2024-12-24,586.0,CALL,2024-12-24T12:05:00.000,0.0,0.0,0.0,0.0,0,0,11.75
SPY,2024-12-24,586.0,CALL,2024-12-24T12:10:00.000,0.0,0.0,0.0,0.0,0,0,11.75
SPY,2024-12-24,586.0,CALL,2024-12-24T12:15:00.000,0.0,0.0,0.0,0.0,0,0,11.75
SPY,2024-12-24,586.0,CALL,2024-12-24T12:20:00.000,0.0,0.0,0.0,0.0,0,0,11.75
SPY,2024-12-24,586.0,CALL,2024-12-24T12:25:00.000,14.16,14.16,14.16,14.16,1,1,11.77
SPY,2024-12-24,586.0,CALL,2024-12-24T12:30:00.000,0.0,0.0,0.0,0.0,0,0,11.77
SPY,2024-12-24,586.0,CALL,2024-12-24T12:35:00.000,13.42,13.42,13.37,13.37,2,2,11.8
SPY,2024-12-24,586.0,CALL,2024-12-24T12:40:00.000,0.0,0.0,0.0,0.0,0,0,11.8
SPY,2024-12-24,586.0,CALL,2024-12-24T12:45:00.000,0.0,0.0,0.0,0.0,0,0,11.8
SPY,2024-12-24,586.0,CALL,2024-12-24T12:50:00.000,0.0,0.0,0.0,0.0,0,0,11.8
SPY,2024-12-24,586.0,CALL,2024-12-24T12:55:00.000,0.0,0.0,0.0,0.0,0,0,11.8
SPY,2024-12-24,586.0,CALL,2024-12-24T13:00:00.000,0.0,0.0,0.0,0.0,0,0,11.8
SPY,2024-12-24,586.0,CALL,2024-12-24T13:05:00.000,0.0,0.0,0.0,0.0,0,0,11.8
SPY,2024-12-24,586.0,CALL,2024-12-24T13:10:00.000,0.0,0.0,0.0,0.0,0,0,11.8
SPY,2024-12-24,586.0,CALL,2024-12-24T13:15:00.000,0.0,0.0,0.0,0.0,0,0,11.8
SPY,2024-12-24,586.0,CALL,2024-12-24T13:20:00.000,0.0,0.0,0.0,0.0,0,0,11.8
SPY,2024-12-24,586.0,CALL,2024-12-24T13:25:00.000,0.0,0.0,0.0,0.0,0,0,11.8
SPY,2024-12-24,586.0,CALL,2024-12-24T13:30:00.000,0.0,0.0,0.0,0.0,0,0,11.8
SPY,2024-12-24,586.0,CALL,2024-12-24T13:35:00.000,0.0,0.0,0.0,0.0,0,0,11.8
SPY,2024-12-24,586.0,CALL,2024-12-24T13:40:00.000,0.0,0.0,0.0,0.0,0,0,11.8
SPY,2024-12-24,586.0,CALL,2024-12-24T13:45:00.000,0.0,0.0,0.0,0.0,0,0,11.8
SPY,2024-12-24,586.0,CALL,2024-12-24T13:50:00.000,0.0,0.0,0.0,0.0,0,0,11.8
SPY,2024-12-24,586.0,CALL,2024-12-24T13:55:00.000,0.0,0.0,0.0,0.0,0,0,11.8
SPY,2024-12-24,586.0,CALL,2024-12-24T14:00:00.000,0.0,0.0,0.0,0.0,0,0,11.8
SPY,2024-12-24,586.0,CALL,2024-12-24T14:05:00.000,0.0,0.0,0.0,0.0,0,0,11.8
SPY,2024-12-24,586.0,CALL,2024-12-24T14:10:00.000,0.0,0.0,0.0,0.0,0,0,11.8
SPY,2024-12-24,586.0,CALL,2024-12-24T14:15:00.000,0.0,0.0,0.0,0.0,0,0,11.8
SPY,2024-12-24,586.0,CALL,2024-12-24T14:20:00.000,0.0,0.0,0.0,0.0,0,0,11.8
SPY,2024-12-24,586.0,CALL,2024-12-24T14:25:00.000,0.0,0.0,0.0,0.0,0,0,11.8
SPY,2024-12-24,586.0,CALL,2024-12-24T14:30:00.000,0.0,0.0,0.0,0.0,0,0,11.8
SPY,2024-12-24,586.0,CALL,2024-12-24T14:35:00.000,0.0,0.0,0.0,0.0,0,0,11.8
SPY,2024-12-24,586.0,CALL,2024-12-24T14:40:00.000,0.0,0.0,0.0,0.0,0,0,11.8
SPY,2024-12-24,586.0,CALL,2024-12-24T14:45:00.000,0.0,0.0,0.0,0.0,0,0,11.8
SPY,2024-12-24,586.0,CALL,2024-12-24T14:50:00.000,0.0,0.0,0.0,0.0,0,0,11.8
SPY,2024-12-24,586.0,CALL,2024-12-24T14:55:00.000,0.0,0.0,0.0,0.0,0,0,11.8
SPY,2024-12-24,586.0,CALL,2024-12-24T15:00:00.000,0.0,0.0,0.0,0.0,0,0,11.8
SPY,2024-12-24,586.0,CALL,2024-12-24T15:05:00.000,0.0,0.0,0.0,0.0,0,0,11.8
SPY,2024-12-24,586.0,CALL,2024-12-24T15:10:00.000,0.0,0.0,0.0,0.0,0,0,11.8
SPY,2024-12-24,586.0,CALL,2024-12-24T15:15:00.000,0.0,0.0,0.0,0.0,0,0,11.8
SPY,2024-12-24,586.0,CALL,2024-12-24T15:20:00.000,0.0,0.0,0.0,0.0,0,0,11.8
SPY,2024-12-24,586.0,CALL,2024-12-24T15:25:00.000,0.0,0.0,0.0,0.0,0,0,11.8
SPY,2024-12-24,586.0,CALL,2024-12-24T15:30:00.000,0.0,0.0,0.0,0.0,0,0,11.8
SPY,2024-12-24,586.0,CALL,2024-12-24T15:35:00.000,0.0,0.0,0.0,0.0,0,0,11.8
SPY,2024-12-24,586.0,CALL,2024-12-24T15:40:00.000,0.0,0.0,0.0,0.0,0,0,11.8
SPY,2024-12-24,586.0,CALL,2024-12-24T15:45:00.000,0.0,0.0,0.0,0.0,0,0,11.8
SPY,2024-12-24,586.0,CALL,2024-12-24T15:50:00.000,0.0,0.0,0.0,0.0,0,0,11.8
SPY,2024-12-24,586.0,CALL,2024-12-24T15:55:00.000,0.0,0.0,0.0,0.0,0,0,11.8
SPY,2024-12-24,586.0,CALL,2024-12-24T16:00:00.000,0.0,0.0,0.0,0.0,0,0,11.8
SPY,2024-12-24,618.0,CALL,2024-12-24T09:30:00.000,0.0,0.0,0.0,0.0,0,0,0.0
SPY,2024-12-24,618.0,CALL,2024-12-24T09:35:00.000,0.0,0.0,0.0,0.0,0,0,0.0
SPY,2024-12-24,618.0,CALL,2024-12-24T09:40:00.000,0.0,0.0,0.0,0.0,0,0,0.0
SPY,2024-12-24,618.0,CALL,2024-12-24T09:45:00.000,0.0,0.0,0.0,0.0,0,0,0.0
SPY,2024-12-24,618.0,CALL,2024-12-24T09:50:00.000,0.0,0.0,0.0,0.0,0,0,0.0
SPY,2024-12-24,618.0,CALL,2024-12-24T09:55:00.000,0.0,0.0,0.0,0.0,0,0,0.0
SPY,2024-12-24,618.0,CALL,2024-12-24T10:00:00.000,0.0,0.0,0.0,0.0,0,0,0.0
SPY,2024-12-24,618.0,CALL,2024-12-24T10:05:00.000,0.0,0.0,0.0,0.0,0,0,0.0
SPY,2024-12-24,618.0,CALL,2024-12-24T10:10:00.000,0.0,0.0,0.0,0.0,0,0,0.0
SPY,2024-12-24,618.0,CALL,2024-12-24T10:15:00.000,0.01,0.01,0.01,0.01,1,1,0.01
SPY,2024-12-24,618.0,CALL,2024-12-24T10:20:00.000,0.0,0.0,0.0,0.0,0,0,0.01
SPY,2024-12-24,618.0,CALL,2024-12-24T10:25:00.000,0.0,0.0,0.0,0.0,0,0,0.01
SPY,2024-12-24,618.0,CALL,2024-12-24T10:30:00.000,0.0,0.0,0.0,0.0,0,0,0.01
SPY,2024-12-24,618.0,CALL,2024-12-24T10:35:00.000,0.0,0.0,0.0,0.0,0,0,0.01
SPY,2024-12-24,618.0,CALL,2024-12-24T10:40:00.000,0.0,0.0,0.0,0.0,0,0,0.01
SPY,2024-12-24,618.0,CALL,2024-12-24T10:45:00.000,0.0,0.0,0.0,0.0,0,0,0.01
SPY,2024-12-24,618.0,CALL,2024-12-24T10:50:00.000,0.0,0.0,0.0,0.0,0,0,0.01
SPY,2024-12-24,618.0,CALL,2024-12-24T10:55:00.000,0.0,0.0,0.0,0.0,0,0,0.01
SPY,2024-12-24,618.0,CALL,2024-12-24T11:00:00.000,0.0,0.0,0.0,0.0,0,0,0.01
SPY,2024-12-24,618.0,CALL,2024-12-24T11:05:00.000,0.0,0.0,0.0,0.0,0,0,0.01
SPY,2024-12-24,618.0,CALL,2024-12-24T11:10:00.000,0.0,0.0,0.0,0.0,0,0,0.01
SPY,2024-12-24,618.0,CALL,2024-12-24T11:15:00.000,0.0,0.0,0.0,0.0,0,0,0.01
SPY,2024-12-24,618.0,CALL,2024-12-24T11:20:00.000,0.0,0.0,0.0,0.0,0,0,0.01
SPY,2024-12-24,618.0,CALL,2024-12-24T11:25:00.000,0.0,0.0,0.0,0.0,0,0,0.01
SPY,2024-12-24,618.0,CALL,2024-12-24T11:30:00.000,0.0,0.0,0.0,0.0,0,0,0.01
SPY,2024-12-24,618.0,CALL,2024-12-24T11:35:00.000,0.0,0.0,0.0,0.0,0,0,0.01
SPY,2024-12-24,618.0,CALL,2024-12-24T11:40:00.000,0.0,0.0,0.0,0.0,0,0,0.01
SPY,2024-12-24,618.0,CALL,2024-12-24T11:45:00.000,0.0,0.0,0.0,0.0,0,0,0.01
SPY,2024-12-24,618.0,CALL,2024-12-24T11:50:00.000,0.0,0.0,0.0,0.0,0,0,0.01
SPY,2024-12-24,618.0,CALL,2024-12-24T11:55:00.000,0.0,0.0,0.0,0.0,0,0,0.01
SPY,2024-12-24,618.0,CALL,2024-12-24T12:00:00.000,0.0,0.0,0.0,0.0,0,0,0.01
SPY,2024-12-24,618.0,CALL,2024-12-24T12:05:00.000,0.0,0.0,0.0,0.0,0,0,0.01
SPY,2024-12-24,618.0,CALL,2024-12-24T12:10:00.000,0.0,0.0,0.0,0.0,0,0,0.01
SPY,2024-12-24,618.0,CALL,2024-12-24T12:15:00.000,0.0,0.0,0.0,0.0,0,0,0.01
SPY,2024-12-24,618.0,CALL,2024-12-24T12:20:00.000,0.0,0.0,0.0,0.0,0,0,0.01
SPY,2024-12-24,618.0,CALL,2024-12-24T12:25:00.000,0.0,0.0,0.0,0.0,0,0,0.01
SPY,2024-12-24,618.0,CALL,2024-12-24T12:30:00.000,0.0,0.0,0.0,0.0,0,0,0.01
SPY,2024-12-24,618.0,CALL,2024-12-24T12:35:00.000,0.0,0.0,0.0,0.0,0,0,0.01
SPY,2024-12-24,618.0,CALL,2024-12-24T12:40:00.000,0.0,0.0,0.0,0.0,0,0,0.01
SPY,2024-12-24,618.0,CALL,2024-12-24T12:45:00.000,0.0,0.0,0.0,0.0,0,0,0.01
SPY,2024-12-24,618.0,CALL,2024-12-24T12:50:00.000,0.0,0.0,0.0,0.0,0,0,0.01
SPY,2024-12-24,618.0,CALL,2024-12-24T12:55:00.000,0.0,0.0,0.0,0.0,0,0,0.01
SPY,2024-12-24,618.0,CALL,2024-12-24T13:00:00.000,0.0,0.0,0.0,0.0,0,0,0.01
SPY,2024-12-24,618.0,CALL,2024-12-24T13:05:00.000,0.0,0.0,0.0,0.0,0,0,0.01
SPY,2024-12-24,618.0,CALL,2024-12-24T13:10:00.000,0.0,0.0,0.0,0.0,0,0,0.01
SPY,2024-12-24,618.0,CALL,2024-12-24T13:15:00.000,0.0,0.0,0.0,0.0,0,0,0.01
SPY,2024-12-24,618.0,CALL,2024-12-24T13:20:00.000,0.0,0.0,0.0,0.0,0,0,0.01
SPY,2024-12-24,618.0,CALL,2024-12-24T13:25:00.000,0.0,0.0,0.0,0.0,0,0,0.01
SPY,2024-12-24,618.0,CALL,2024-12-24T13:30:00.000,0.0,0.0,0.0,0.0,0,0,0.01
SPY,2024-12-24,618.0,CALL,2024-12-24T13:35:00.000,0.0,0.0,0.0,0.0,0,0,0.01
SPY,2024-12-24,618.0,CALL,2024-12-24T13:40:00.000,0.0,0.0,0.0,0.0,0,0,0.01
SPY,2024-12-24,618.0,CALL,2024-12-24T13:45:00.000,0.0,0.0,0.0,0.0,0,0,0.01
SPY,2024-12-24,618.0,CALL,2024-12-24T13:50:00.000,0.0,0.0,0.0,0.0,0,0,0.01
SPY,2024-12-24,618.0,CALL,2024-12-24T13:55:00.000,0.0,0.0,0.0,0.0,0,0,0.01
SPY,2024-12-24,618.0,CALL,2024-12-24T14:00:00.000,0.0,0.0,0.0,0.0,0,0,0.01
SPY,2024-12-24,618.0,CALL,2024-12-24T14:05:00.000,0.0,0.0,0.0,0.0,0,0,0.01
SPY,2024-12-24,618.0,CALL,2024-12-24T14:10:00.000,0.0,0.0,0.0,0.0,0,0,0.01
SPY,2024-12-24,618.0,CALL,2024-12-24T14:15:00.000,0.0,0.0,0.0,0.0,0,0,0.01
SPY,2024-12-24,618.0,CALL,2024-12-24T14:20:00.000,0.0,0.0,0.0,0.0,0,0,0.01
SPY,2024-12-24,618.0,CALL,2024-12-24T14:25:00.000,0.0,0.0,0.0,0.0,0,0,0.01
SPY,2024-12-24,618.0,CALL,2024-12-24T14:30:00.000,0.0,0.0,0.0,0.0,0,0,0.01
SPY,2024-12-24,618.0,CALL,2024-12-24T14:35:00.000,0.0,0.0,0.0,0.0,0,0,0.01
SPY,2024-12-24,618.0,CALL,2024-12-24T14:40:00.000,0.0,0.0,0.0,0.0,0,0,0.01
SPY,2024-12-24,618.0,CALL,2024-12-24T14:45:00.000,0.0,0.0,0.0,0.0,0,0,0.01
SPY,2024-12-24,618.0,CALL,2024-12-24T14:50:00.000,0.0,0.0,0.0,0.0,0,0,0.01
SPY,2024-12-24,618.0,CALL,2024-12-24T14:55:00.000,0.0,0.0,0.0,0.0,0,0,0.01
SPY,2024-12-24,618.0,CALL,2024-12-24T15:00:00.000,0.0,0.0,0.0,0.0,0,0,0.01
SPY,2024-12-24,618.0,CALL,2024-12-24T15:05:00.000,0.0,0.0,0.0,0.0,0,0,0.01
SPY,2024-12-24,618.0,CALL,2024-12-24T15:10:00.000,0.0,0.0,0.0,0.0,0,0,0.01
SPY,2024-12-24,618.0,CALL,2024-12-24T15:15:00.000,0.0,0.0,0.0,0.0,0,0,0.01
SPY,2024-12-24,618.0,CALL,2024-12-24T15:20:00.000,0.0,0.0,0.0,0.0,0,0,0.01
SPY,2024-12-24,618.0,CALL,2024-12-24T15:25:00.000,0.0,0.0,0.0,0.0,0,0,0.01
SPY,2024-12-24,618.0,CALL,2024-12-24T15:30:00.000,0.0,0.0,0.0,0.0,0,0,0.01
SPY,2024-12-24,618.0,CALL,2024-12-24T15:35:00.000,0.0,0.0,0.0,0.0,0,0,0.01
SPY,2024-12-24,618.0,CALL,2024-12-24T15:40:00.000,0.0,0.0,0.0,0.0,0,0,0.01
SPY,2024-12-24,618.0,CALL,2024-12-24T15:45:00.000,0.0,0.0,0.0,0.0,0,0,0.01
SPY,2024-12-24,618.0,CALL,2024-12-24T15:50:00.000,0.0,0.0,0.0,0.0,0,0,0.01
SPY,2024-12-24,618.0,CALL,2024-12-24T15:55:00.000,0.0,0.0,0.0,0.0,0,0,0.01
SPY,2024-12-24,618.0,CALL,2024-12-24T16:00:00.000,0.0,0.0,0.0,0.0,0,0,0.01
SPY,2024-12-24,602.0,CALL,2024-12-24T09:30:00.000,0.02,0.02,0.01,0.02,959,103,0.01
SPY,2024-12-24,602.0,CALL,2024-12-24T09:35:00.000,0.02,0.03,0.01,0.03,669,74,0.02
SPY,2024-12-24,602.0,CALL,2024-12-24T09:40:00.000,0.03,0.03,0.02,0.03,747,60,0.02
SPY,2024-12-24,602.0,CALL,2024-12-24T09:45:00.000,0.03,0.03,0.02,0.02,378,54,0.02
SPY,2024-12-24,602.0,CALL,2024-12-24T09:50:00.000,0.03,0.03,0.02,0.03,82,36,0.02
SPY,2024-12-24,602.0,CALL,2024-12-24T09:55:00.000,0.03,0.03,0.02,0.02,259,46,0.02
SPY,2024-12-24,602.0,CALL,2024-12-24T10:00:00.000,0.02,0.03,0.02,0.03,1207,108,0.02
SPY,2024-12-24,602.0,CALL,2024-12-24T10:05:00.000,0.03,0.04,0.02,0.02,2721,110,0.02
SPY,2024-12-24,602.0,CALL,2024-12-24T10:10:00.000,0.02,0.04,0.02,0.03,365,67,0.02
SPY,2024-12-24,602.0,CALL,2024-12-24T10:15:00.000,0.03,0.03,0.02,0.03,5904,93,0.02
SPY,2024-12-24,602.0,CALL,2024-12-24T10:20:00.000,0.03,0.03,0.02,0.03,480,80,0.02
SPY,2024-12-24,602.0,CALL,2024-12-24T10:25:00.000,0.03,0.03,0.02,0.02,328,47,0.02
SPY,2024-12-24,602.0,CALL,2024-12-24T10:30:00.000,0.02,0.04,0.02,0.03,449,56,0.02
SPY,2024-12-24,602.0,CALL,2024-12-24T10:35:00.000,0.03,0.04,0.02,0.02,8062,162,0.02
SPY,2024-12-24,602.0,CALL,2024-12-24T10:40:00.000,0.03,0.06,0.02,0.05,10426,225,0.03
SPY,2024-12-24,602.0,CALL,2024-12-24T10:45:00.000,0.05,0.06,0.04,0.05,4128,264,0.03
SPY,2024-12-24,602.0,CALL,2024-12-24T10:50:00.000,0.05,0.06,0.03,0.04,2495,166,0.03
SPY,2024-12-24,602.0,CALL,2024-12-24T10:55:00.000,0.04,0.05,0.03,0.05,3814,139,0.03
SPY,2024-12-24,602.0,CALL,2024-12-24T11:00:00.000,0.05,0.05,0.03,0.04,3447,131,0.03
SPY,2024-12-24,602.0,CALL,2024-12-24T11:05:00.000,0.04,0.04,0.02,0.04,960,96,0.03
SPY,2024-12-24,602.0,CALL,2024-12-24T11:10:00.000,0.03,0.04,0.02,0.03,576,50,0.03
SPY,2024-12-24,602.0,CALL,2024-12-24T11:15:00.000,0.03,0.03,0.02,0.02,123,39,0.03
SPY,2024-12-24,602.0,CALL,2024-12-24T11:20:00.000,0.03,0.03,0.02,0.03,1012,76,0.03
SPY,2024-12-24,602.0,CALL,2024-12-24T11:25:00.000,0.03,0.03,0.02,0.03,355,48,0.03
SPY,2024-12-24,602.0,CALL,2024-12-24T11:30:00.000,0.03,0.03,0.02,0.03,743,48,0.03
SPY,2024-12-24,602.0,CALL,2024-12-24T11:35:00.000,0.03,0.03,0.02,0.03,1053,77,0.03
SPY,2024-12-24,602.0,CALL,2024-12-24T11:40:00.000,0.03,0.03,0.02,0.03,966,80,0.03
SPY,2024-12-24,602.0,CALL,2024-12-24T11:45:00.000,0.03,0.03,0.02,0.03,786,79,0.03
SPY,2024-12-24,602.0,CALL,2024-12-24T11:50:00.000,0.03,0.03,0.01,0.01,2499,143,0.03
SPY,2024-12-24,602.0,CALL,2024-12-24T11:55:00.000,0.01,0.02,0.01,0.01,1331,62,0.03
SPY,2024-12-24,602.0,CALL,2024-12-24T12:00:00.000,0.01,0.02,0.01,0.01,482,45,0.03
SPY,2024-12-24,602.0,CALL,2024-12-24T12:05:00.000,0.02,0.02,0.01,0.01,473,44,0.03
SPY,2024-12-24,602.0,CALL,2024-12-24T12:10:00.000,0.01,0.02,0.01,0.02,457,46,0.03
SPY,2024-12-24,602.0,CALL,2024-12-24T12:15:00.000,0.02,0.03,0.01,0.01,515,48,0.03
SPY,2024-12-24,602.0,CALL,2024-12-24T12:20:00.000,0.01,0.02,0.01,0.02,1132,98,0.03
SPY,2024-12-24,602.0,CALL,2024-12-24T12:25:00.000,0.02,0.03,0.01,0.03,7236,362,0.03
SPY,2024-12-24,602.0,CALL,2024-12-24T12:30:00.000,0.01,0.02,0.01,0.01,9000,766,0.02
SPY,2024-12-24,602.0,CALL,2024-12-24T12:35:00.000,0.01,0.02,0.01,0.01,182,28,0.02
SPY,2024-12-24,602.0,CALL,2024-12-24T12:40:00.000,0.01,0.01,0.01,0.01,1844,55,0.02
SPY,2024-12-24,602.0,CALL,2024-12-24T12:45:00.000,0.01,0.01,0.01,0.01,164,17,0.02
SPY,2024-12-24,602.0,CALL,2024-12-24T12:50:00.000,0.01,0.02,0.01,0.01,714,27,0.02
SPY,2024-12-24,602.0,CALL,2024-12-24T12:55:00.000,0.01,0.01,0.01,0.01,438,42,0.02
SPY,2024-12-24,602.0,CALL,2024-12-24T13:00:00.000,0.01,0.01,0.01,0.01,91,19,0.02
SPY,2024-12-24,602.0,CALL,2024-12-24T13:05:00.000,0.01,0.01,0.01,0.01,104,10,0.02
SPY,2024-12-24,602.0,CALL,2024-12-24T13:10:00.000,0.01,0.01,0.01,0.01,484,20,0.02
SPY,2024-12-24,602.0,CALL,2024-12-24T13:15:00.000,0.0,0.0,0.0,0.0,0,0,0.02
SPY,2024-12-24,602.0,CALL,2024-12-24T13:20:00.000,0.0,0.0,0.0,0.0,0,0,0.02
SPY,2024-12-24,602.0,CALL,2024-12-24T13:25:00.000,0.0,0.0,0.0,0.0,0,0,0.02
SPY,2024-12-24,602.0,CALL,2024-12-24T13:30:00.000,0.0,0.0,0.0,0.0,0,0,0.02
SPY,2024-12-24,602.0,CALL,2024-12-24T13:35:00.000,0.0,0.0,0.0,0.0,0,0,0.02
SPY,2024-12-24,602.0,CALL,2024-12-24T13:40:00.000,0.0,0.0,0.0,0.0,0,0,0.02
SPY,2024-12-24,602.0,CALL,2024-12-24T13:45:00.000,0.0,0.0,0.0,0.0,0,0,0.02
SPY,2024-12-24,602.0,CALL,2024-12-24T13:50:00.000,0.0,0.0,0.0,0.0,0,0,0.02
SPY,2024-12-24,602.0,CALL,2024-12-24T13:55:00.000,0.0,0.0,0.0,0.0,0,0,0.02
SPY,2024-12-24,602.0,CALL,2024-12-24T14:00:00.000,0.0,0.0,0.0,0.0,0,0,0.02
SPY,2024-12-24,602.0,CALL,2024-12-24T14:05:00.000,0.0,0.0,0.0,0.0,0,0,0.02
SPY,2024-12-24,602.0,CALL,2024-12-24T14:10:00.000,0.0,0.0,0.0,0.0,0,0,0.02
SPY,2024-12-24,602.0,CALL,2024-12-24T14:15:00.000,0.0,0.0,0.0,0.0,0,0,0.02
SPY,2024-12-24,602.0,CALL,2024-12-24T14:20:00.000,0.0,0.0,0.0,0.0,0,0,0.02
SPY,2024-12-24,602.0,CALL,2024-12-24T14:25:00.000,0.0,0.0,0.0,0.0,0,0,0.02
SPY,2024-12-24,602.0,CALL,2024-12-24T14:30:00.000,0.0,0.0,0.0,0.0,0,0,0.02
SPY,2024-12-24,602.0,CALL,2024-12-24T14:35:00.000,0.0,0.0,0.0,0.0,0,0,0.02
SPY,2024-12-24,602.0,CALL,2024-12-24T14:40:00.000,0.0,0.0,0.0,0.0,0,0,0.02
SPY,2024-12-24,602.0,CALL,2024-12-24T14:45:00.000,0.0,0.0,0.0,0.0,0,0,0.02
SPY,2024-12-24,602.0,CALL,2024-12-24T14:50:00.000,0.0,0.0,0.0,0.0,0,0,0.02
SPY,2024-12-24,602.0,CALL,2024-12-24T14:55:00.000,0.0,0.0,0.0,0.0,0,0,0.02
SPY,2024-12-24,602.0,CALL,2024-12-24T15:00:00.000,0.0,0.0,0.0,0.0,0,0,0.02
SPY,2024-12-24,602.0,CALL,2024-12-24T15:05:00.000,0.0,0.0,0.0,0.0,0,0,0.02
SPY,2024-12-24,602.0,CALL,2024-12-24T15:10:00.000,0.0,0.0,0.0,0.0,0,0,0.02
SPY,2024-12-24,602.0,CALL,2024-12-24T15:15:00.000,0.0,0.0,0.0,0.0,0,0,0.02
SPY,2024-12-24,602.0,CALL,2024-12-24T15:20:00.000,0.0,0.0,0.0,0.0,0,0,0.02
SPY,2024-12-24,602.0,CALL,2024-12-24T15:25:00.000,0.0,0.0,0.0,0.0,0,0,0.02
SPY,2024-12-24,602.0,CALL,2024-12-24T15:30:00.000,0.0,0.0,0.0,0.0,0,0,0.02
SPY,2024-12-24,602.0,CALL,2024-12-24T15:35:00.000,0.0,0.0,0.0,0.0,0,0,0.02
SPY,2024-12-24,602.0,CALL,2024-12-24T15:40:00.000,0.0,0.0,0.0,0.0,0,0,0.02
SPY,2024-12-24,602.0,CALL,2024-12-24T15:45:00.000,0.0,0.0,0.0,0.0,0,0,0.02
SPY,2024-12-24,602.0,CALL,2024-12-24T15:50:00.000,0.0,0.0,0.0,0.0,0,0,0.02
SPY,2024-12-24,602.0,CALL,2024-12-24T15:55:00.000,0.0,0.0,0.0,0.0,0,0,0.02
SPY,2024-12-24,602.0,CALL,2024-12-24T16:00:00.000,0.0,0.0,0.0,0.0,0,0,0.02
SPY,2024-12-24,570.0,CALL,2024-12-24T09:30:00.000,25.92,25.92,25.92,25.92,44,1,25.92
SPY,2024-12-24,570.0,CALL,2024-12-24T09:35:00.000,26.27,26.27,26.27,26.27,44,1,26.09
SPY,2024-12-24,570.0,CALL,2024-12-24T09:40:00.000,27.23,27.23,26.7,26.7,88,2,26.52
SPY,2024-12-24,570.0,CALL,2024-12-24T09:45:00.000,27.27,27.27,27.27,27.27,44,1,26.67
SPY,2024-12-24,570.0,CALL,2024-12-24T09:50:00.000,27.42,27.42,27.42,27.42,44,1,26.8
SPY,2024-12-24,570.0,CALL,2024-12-24T09:55:00.000,27.3,27.3,27.3,27.3,44,1,26.87
SPY,2024-12-24,570.0,CALL,2024-12-24T10:00:00.000,27.32,27.55,27.06,27.55,132,3,27.0
SPY,2024-12-24,570.0,CALL,2024-12-24T10:05:00.000,27.86,27.86,27.86,27.86,44,1,27.08
SPY,2024-12-24,570.0,CALL,2024-12-24T10:10:00.000,27.59,28.09,27.56,27.56,176,4,27.25
SPY,2024-12-24,570.0,CALL,2024-12-24T10:15:00.000,28.17,28.19,27.72,28.13,265,7,27.47
SPY,2024-12-24,570.0,CALL,2024-12-24T10:20:00.000,28.02,28.02,27.74,27.74,99,2,27.51
SPY,2024-12-24,570.0,CALL,2024-12-24T10:25:00.000,28.27,28.27,28.23,28.23,200,2,27.63
SPY,2024-12-24,570.0,CALL,2024-12-24T10:30:00.000,28.19,28.7,28.19,28.7,152,2,27.71
SPY,2024-12-24,570.0,CALL,2024-12-24T10:35:00.000,28.74,28.74,28.74,28.74,99,1,27.78
SPY,2024-12-24,570.0,CALL,2024-12-24T10:40:00.000,29.24,29.52,29.24,29.27,253,3,28.0
SPY,2024-12-24,570.0,CALL,2024-12-24T10:45:00.000,29.19,29.49,29.11,29.25,407,5,28.25
SPY,2024-12-24,570.0,CALL,2024-12-24T10:50:00.000,28.8,28.86,28.8,28.86,88,2,28.27
SPY,2024-12-24,570.0,CALL,2024-12-24T10:55:00.000,0.0,0.0,0.0,0.0,0,0,28.27
SPY,2024-12-24,570.0,CALL,2024-12-24T11:00:00.000,0.0,0.0,0.0,0.0,0,0,28.27
SPY,2024-12-24,570.0,CALL,2024-12-24T11:05:00.000,0.0,0.0,0.0,0.0,0,0,28.27
SPY,2024-12-24,570.0,CALL,2024-12-24T11:10:00.000,0.0,0.0,0.0,0.0,0,0,28.27
SPY,2024-12-24,570.0,CALL,2024-12-24T11:15:00.000,0.0,0.0,0.0,0.0,0,0,28.27
SPY,2024-12-24,570.0,CALL,2024-12-24T11:20:00.000,0.0,0.0,0.0,0.0,0,0,28.27
SPY,2024-12-24,570.0,CALL,2024-12-24T11:25:00.000,0.0,0.0,0.0,0.0,0,0,28.27
SPY,2024-12-24,570.0,CALL,2024-12-24T11:30:00.000,0.0,0.0,0.0,0.0,0,0,28.27
SPY,2024-12-24,570.0,CALL,2024-12-24T11:35:00.000,0.0,0.0,0.0,0.0,0,0,28.27
SPY,2024-12-24,570.0,CALL,2024-12-24T11:40:00.000,0.0,0.0,0.0,0.0,0,0,28.27
SPY,2024-12-24,570.0,CALL,2024-12-24T11:45:00.000,0.0,0.0,0.0,0.0,0,0,28.27
SPY,2024-12-24,570.0,CALL,2024-12-24T11:50:00.000,0.0,0.0,0.0,0.0,0,0,28.27
SPY,2024-12-24,570.0,CALL,2024-12-24T11:55:00.000,0.0,0.0,0.0,0.0,0,0,28.27
SPY,2024-12-24,570.0,CALL,2024-12-24T12:00:00.000,0.0,0.0,0.0,0.0,0,0,28.27
SPY,2024-12-24,570.0,CALL,2024-12-24T12:05:00.000,0.0,0.0,0.0,0.0,0,0,28.27
SPY,2024-12-24,570.0,CALL,2024-12-24T12:10:00.000,0.0,0.0,0.0,0.0,0,0,28.27
SPY,2024-12-24,570.0,CALL,2024-12-24T12:15:00.000,0.0,0.0,0.0,0.0,0,0,28.27
SPY,2024-12-24,570.0,CALL,2024-12-24T12:20:00.000,0.0,0.0,0.0,0.0,0,0,28.27
SPY,2024-12-24,570.0,CALL,2024-12-24T12:25:00.000,0.0,0.0,0.0,0.0,0,0,28.27
SPY,2024-12-24,570.0,CALL,2024-12-24T12:30:00.000,0.0,0.0,0.0,0.0,0,0,28.27
SPY,2024-12-24,570.0,CALL,2024-12-24T12:35:00.000,0.0,0.0,0.0,0.0,0,0,28.27
SPY,2024-12-24,570.0,CALL,2024-12-24T12:40:00.000,30.0,30.0,30.0,30.0,1,1,28.27
SPY,2024-12-24,570.0,CALL,2024-12-24T12:45:00.000,0.0,0.0,0.0,0.0,0,0,28.27
SPY,2024-12-24,570.0,CALL,2024-12-24T12:50:00.000,0.0,0.0,0.0,0.0,0,0,28.27
SPY,2024-12-24,570.0,CALL,2024-12-24T12:55:00.000,0.0,0.0,0.0,0.0,0,0,28.27
SPY,2024-12-24,570.0,CALL,2024-12-24T13:00:00.000,0.0,0.0,0.0,0.0,0,0,28.27
SPY,2024-12-24,570.0,CALL,2024-12-24T13:05:00.000,0.0,0.0,0.0,0.0,0,0,28.27
SPY,2024-12-24,570.0,CALL,2024-12-24T13:10:00.000,0.0,0.0,0.0,0.0,0,0,28.27
SPY,2024-12-24,570.0,CALL,2024-12-24T13:15:00.000,0.0,0.0,0.0,0.0,0,0,28.27
SPY,2024-12-24,570.0,CALL,2024-12-24T13:20:00.000,0.0,0.0,0.0,0.0,0,0,28.27
SPY,2024-12-24,570.0,CALL,2024-12-24T13:25:00.000,0.0,0.0,0.0,0.0,0,0,28.27
SPY,2024-12-24,570.0,CALL,2024-12-24T13:30:00.000,0.0,0.0,0.0,0.0,0,0,28.27
SPY,2024-12-24,570.0,CALL,2024-12-24T13:35:00.000,0.0,0.0,0.0,0.0,0,0,28.27
SPY,2024-12-24,570.0,CALL,2024-12-24T13:40:00.000,0.0,0.0,0.0,0.0,0,0,28.27
SPY,2024-12-24,570.0,CALL,2024-12-24T13:45:00.000,0.0,0.0,0.0,0.0,0,0,28.27
SPY,2024-12-24,570.0,CALL,2024-12-24T13:50:00.000,0.0,0.0,0.0,0.0,0,0,28.27
SPY,2024-12-24,570.0,CALL,2024-12-24T13:55:00.000,0.0,0.0,0.0,0.0,0,0,28.27
SPY,2024-12-24,570.0,CALL,2024-12-24T14:00:00.000,0.0,0.0,0.0,0.0,0,0,28.27
SPY,2024-12-24,570.0,CALL,2024-12-24T14:05:00.000,0.0,0.0,0.0,0.0,0,0,28.27
SPY,2024-12-24,570.0,CALL,2024-12-24T14:10:00.000,0.0,0.0,0.0,0.0,0,0,28.27
SPY,2024-12-24,570.0,CALL,2024-12-24T14:15:00.000,0.0,0.0,0.0,0.0,0,0,28.27
SPY,2024-12-24,570.0,CALL,2024-12-24T14:20:00.000,0.0,0.0,0.0,0.0,0,0,28.27
SPY,2024-12-24,570.0,CALL,2024-12-24T14:25:00.000,0.0,0.0,0.0,0.0,0,0,28.27
SPY,2024-12-24,570.0,CALL,2024-12-24T14:30:00.000,0.0,0.0,0.0,0.0,0,0,28.27
SPY,2024-12-24,570.0,CALL,2024-12-24T14:35:00.000,0.0,0.0,0.0,0.0,0,0,28.27
SPY,2024-12-24,570.0,CALL,2024-12-24T14:40:00.000,0.0,0.0,0.0,0.0,0,0,28.27
SPY,2024-12-24,570.0,CALL,2024-12-24T14:45:00.000,0.0,0.0,0.0,0.0,0,0,28.27
SPY,2024-12-24,570.0,CALL,2024-12-24T14:50:00.000,0.0,0.0,0.0,0.0,0,0,28.27
SPY,2024-12-24,570.0,CALL,2024-12-24T14:55:00.000,0.0,0.0,0.0,0.0,0,0,28.27
SPY,2024-12-24,570.0,CALL,2024-12-24T15:00:00.000,0.0,0.0,0.0,0.0,0,0,28.27
SPY,2024-12-24,570.0,CALL,2024-12-24T15:05:00.000,0.0,0.0,0.0,0.0,0,0,28.27
SPY,2024-12-24,570.0,CALL,2024-12-24T15:10:00.000,0.0,0.0,0.0,0.0,0,0,28.27
SPY,2024-12-24,570.0,CALL,2024-12-24T15:15:00.000,0.0,0.0,0.0,0.0,0,0,28.27
SPY,2024-12-24,570.0,CALL,2024-12-24T15:20:00.000,0.0,0.0,0.0,0.0,0,0,28.27
SPY,2024-12-24,570.0,CALL,2024-12-24T15:25:00.000,0.0,0.0,0.0,0.0,0,0,28.27
SPY,2024-12-24,570.0,CALL,2024-12-24T15:30:00.000,0.0,0.0,0.0,0.0,0,0,28.27
SPY,2024-12-24,570.0,CALL,2024-12-24T15:35:00.000,0.0,0.0,0.0,0.0,0,0,28.27
SPY,2024-12-24,570.0,CALL,2024-12-24T15:40:00.000,0.0,0.0,0.0,0.0,0,0,28.27
SPY,2024-12-24,570.0,CALL,2024-12-24T15:45:00.000,0.0,0.0,0.0,0.0,0,0,28.27
SPY,2024-12-24,570.0,CALL,2024-12-24T15:50:00.000,0.0,0.0,0.0,0.0,0,0,28.27
SPY,2024-12-24,570.0,CALL,2024-12-24T15:55:00.000,0.0,0.0,0.0,0.0,0,0,28.27
SPY,2024-12-24,570.0,CALL,2024-12-24T16:00:00.000,0.0,0.0,0.0,0.0,0,0,28.27
SPY,2024-12-24,597.0,CALL,2024-12-24T09:30:00.000,0.52,0.7,0.4,0.68,16379,2374,0.55
SPY,2024-12-24,597.0,CALL,2024-12-24T09:35:00.000,0.67,0.88,0.52,0.76,26667,3913,0.65
SPY,2024-12-24,597.0,CALL,2024-12-24T09:40:00.000,0.77,0.99,0.7,0.86,28288,4287,0.74
SPY,2024-12-24,597.0,CALL,2024-12-24T09:45:00.000,0.86,0.97,0.81,0.88,16058,2478,0.77
SPY,2024-12-24,597.0,CALL,2024-12-24T09:50:00.000,0.86,1.0,0.73,0.9,23194,2487,0.79
SPY,2024-12-24,597.0,CALL,2024-12-24T09:55:00.000,0.89,1.02,0.76,0.98,14810,2049,0.8
SPY,2024-12-24,597.0,CALL,2024-12-24T10:00:00.000,0.98,1.35,0.94,1.32,26123,3470,0.86
SPY,2024-12-24,597.0,CALL,2024-12-24T10:05:00.000,1.32,1.51,1.07,1.13,14105,2273,0.9
SPY,2024-12-24,597.0,CALL,2024-12-24T10:10:00.000,1.13,1.48,1.12,1.45,7806,1148,0.92
SPY,2024-12-24,597.0,CALL,2024-12-24T10:15:00.000,1.46,1.61,1.4,1.53,5789,936,0.94
SPY,2024-12-24,597.0,CALL,2024-12-24T10:20:00.000,1.52,1.55,1.24,1.47,2815,626,0.95
SPY,2024-12-24,597.0,CALL,2024-12-24T10:25:00.000,1.47,1.63,1.44,1.53,1267,311,0.95
SPY,2024-12-24,597.0,CALL,2024-12-24T10:30:00.000,1.53,1.85,1.45,1.81,2362,485,0.96
SPY,2024-12-24,597.0,CALL,2024-12-24T10:35:00.000,1.84,2.07,1.68,1.88,2006,405,0.97
SPY,2024-12-24,597.0,CALL,2024-12-24T10:40:00.000,1.89,2.39,1.89,2.35,1579,363,0.98
SPY,2024-12-24,597.0,CALL,2024-12-24T10:45:00.000,2.33,2.44,2.17,2.38,774,218,0.98
SPY,2024-12-24,597.0,CALL,2024-12-24T10:50:00.000,2.35,2.38,1.82,1.87,2752,384,1.0
SPY,2024-12-24,597.0,CALL,2024-12-24T10:55:00.000,1.87,2.3,1.85,2.26,1163,159,1.0
SPY,2024-12-24,597.0,CALL,2024-12-24T11:00:00.000,2.24,2.43,2.17,2.32,3004,155,1.03
SPY,2024-12-24,597.0,CALL,2024-12-24T11:05:00.000,2.34,2.34,1.97,2.22,3965,168,1.05
SPY,2024-12-24,597.0,CALL,2024-12-24T11:10:00.000,2.15,2.2,1.91,2.16,404,123,1.05
SPY,2024-12-24,597.0,CALL,2024-12-24T11:15:00.000,2.11,2.28,2.05,2.21,190,82,1.05
SPY,2024-12-24,597.0,CALL,2024-12-24T11:20:00.000,2.17,2.36,2.09,2.32,470,77,1.05
SPY,2024-12-24,597.0,CALL,2024-12-24T11:25:00.000,2.33,2.4,2.25,2.31,153,49,1.05
SPY,2024-12-24,597.0,CALL,2024-12-24T11:30:00.000,2.28,2.36,2.15,2.36,160,58,1.05
SPY,2024-12-24,597.0,CALL,2024-12-24T11:35:00.000,2.36,2.6,2.21,2.51,191,90,1.06
SPY,2024-12-24,597.0,CALL,2024-12-24T11:40:00.000,2.53,2.8,2.46,2.75,691,79,1.06
SPY,2024-12-24,597.0,CALL,2024-12-24T11:45:00.000,2.71,2.8,2.61,2.76,387,80,1.06
SPY,2024-12-24,597.0,CALL,2024-12-24T11:50:00.000,2.75,2.82,1.88,2.07,830,178,1.07
SPY,2024-12-24,597.0,CALL,2024-12-24T11:55:00.000,2.13,2.57,2.0,2.03,254,67,1.07
SPY,2024-12-24,597.0,CALL,2024-12-24T12:00:00.000,2.08,2.45,1.97,2.38,1201,53,1.08
SPY,2024-12-24,597.0,CALL,2024-12-24T12:05:00.000,2.38,2.65,2.38,2.64,171,32,1.08
SPY,2024-12-24,597.0,CALL,2024-12-24T12:10:00.000,2.68,2.85,2.6,2.78,241,41,1.08
SPY,2024-12-24,597.0,CALL,2024-12-24T12:15:00.000,2.85,2.95,2.67,2.88,237,57,1.08
SPY,2024-12-24,597.0,CALL,2024-12-24T12:20:00.000,2.9,3.13,2.85,2.93,731,92,1.09
SPY,2024-12-24,597.0,CALL,2024-12-24T12:25:00.000,2.97,3.3,2.91,3.18,245,65,1.09
SPY,2024-12-24,597.0,CALL,2024-12-24T12:30:00.000,3.07,3.16,2.49,2.54,807,128,1.1
SPY,2024-12-24,597.0,CALL,2024-12-24T12:35:00.000,2.41,2.94,2.23,2.94,756,141,1.1
SPY,2024-12-24,597.0,CALL,2024-12-24T12:40:00.000,2.9,3.13,2.9,3.0,152,32,1.1
SPY,2024-12-24,597.0,CALL,2024-12-24T12:45:00.000,2.9,3.0,2.62,3.0,187,34,1.11
SPY,2024-12-24,597.0,CALL,2024-12-24T12:50:00.000,3.1,3.59,3.1,3.59,70,36,1.11
SPY,2024-12-24,597.0,CALL,2024-12-24T12:55:00.000,3.51,4.3,3.51,4.3,165,32,1.11
SPY,2024-12-24,597.0,CALL,2024-12-24T13:00:00.000,4.16,4.27,3.28,4.15,961,33,1.12
SPY,2024-12-24,597.0,CALL,2024-12-24T13:05:00.000,4.03,4.5,3.5,3.5,96,18,1.12
SPY,2024-12-24,597.0,CALL,2024-12-24T13:10:00.000,3.97,4.2,3.97,4.12,14,4,1.12
SPY,2024-12-24,597.0,CALL,2024-12-24T13:15:00.000,0.0,0.0,0.0,0.0,0,0,1.12
SPY,2024-12-24,597.0,CALL,2024-12-24T13:20:00.000,0.0,0.0,0.0,0.0,0,0,1.12
SPY,2024-12-24,597.0,CALL,2024-12-24T13:25:00.000,0.0,0.0,0.0,0.0,0,0,1.12
SPY,2024-12-24,597.0,CALL,2024-12-24T13:30:00.000,0.0,0.0,0.0,0.0,0,0,1.12
SPY,2024-12-24,597.0,CALL,2024-12-24T13:35:00.000,0.0,0.0,0.0,0.0,0,0,1.12
SPY,2024-12-24,597.0,CALL,2024-12-24T13:40:00.000,0.0,0.0,0.0,0.0,0,0,1.12
SPY,2024-12-24,597.0,CALL,2024-12-24T13:45:00.000,0.0,0.0,0.0,0.0,0,0,1.12
SPY,2024-12-24,597.0,CALL,2024-12-24T13:50:00.000,0.0,0.0,0.0,0.0,0,0,1.12
SPY,2024-12-24,597.0,CALL,2024-12-24T13:55:00.000,0.0,0.0,0.0,0.0,0,0,1.12
SPY,2024-12-24,597.0,CALL,2024-12-24T14:00:00.000,0.0,0.0,0.0,0.0,0,0,1.12
SPY,2024-12-24,597.0,CALL,2024-12-24T14:05:00.000,0.0,0.0,0.0,0.0,0,0,1.12
SPY,2024-12-24,597.0,CALL,2024-12-24T14:10:00.000,0.0,0.0,0.0,0.0,0,0,1.12
SPY,2024-12-24,597.0,CALL,2024-12-24T14:15:00.000,0.0,0.0,0.0,0.0,0,0,1.12
SPY,2024-12-24,597.0,CALL,2024-12-24T14:20:00.000,0.0,0.0,0.0,0.0,0,0,1.12
SPY,2024-12-24,597.0,CALL,2024-12-24T14:25:00.000,0.0,0.0,0.0,0.0,0,0,1.12
SPY,2024-12-24,597.0,CALL,2024-12-24T14:30:00.000,0.0,0.0,0.0,0.0,0,0,1.12
SPY,2024-12-24,597.0,CALL,2024-12-24T14:35:00.000,0.0,0.0,0.0,0.0,0,0,1.12
SPY,2024-12-24,597.0,CALL,2024-12-24T14:40:00.000,0.0,0.0,0.0,0.0,0,0,1.12
SPY,2024-12-24,597.0,CALL,2024-12-24T14:45:00.000,0.0,0.0,0.0,0.0,0,0,1.12
SPY,2024-12-24,597.0,CALL,2024-12-24T14:50:00.000,0.0,0.0,0.0,0.0,0,0,1.12
SPY,2024-12-24,597.0,CALL,2024-12-24T14:55:00.000,0.0,0.0,0.0,0.0,0,0,1.12
SPY,2024-12-24,597.0,CALL,2024-12-24T15:00:00.000,0.0,0.0,0.0,0.0,0,0,1.12
SPY,2024-12-24,597.0,CALL,2024-12-24T15:05:00.000,0.0,0.0,0.0,0.0,0,0,1.12
SPY,2024-12-24,597.0,CALL,2024-12-24T15:10:00.000,0.0,0.0,0.0,0.0,0,0,1.12
SPY,2024-12-24,597.0,CALL,2024-12-24T15:15:00.000,0.0,0.0,0.0,0.0,0,0,1.12
SPY,2024-12-24,597.0,CALL,2024-12-24T15:20:00.000,0.0,0.0,0.0,0.0,0,0,1.12
SPY,2024-12-24,597.0,CALL,2024-12-24T15:25:00.000,0.0,0.0,0.0,0.0,0,0,1.12
SPY,2024-12-24,597.0,CALL,2024-12-24T15:30:00.000,0.0,0.0,0.0,0.0,0,0,1.12
SPY,2024-12-24,597.0,CALL,2024-12-24T15:35:00.000,0.0,0.0,0.0,0.0,0,0,1.12
SPY,2024-12-24,597.0,CALL,2024-12-24T15:40:00.000,0.0,0.0,0.0,0.0,0,0,1.12
SPY,2024-12-24,597.0,CALL,2024-12-24T15:45:00.000,0.0,0.0,0.0,0.0,0,0,1.12
SPY,2024-12-24,597.0,CALL,2024-12-24T15:50:00.000,0.0,0.0,0.0,0.0,0,0,1.12
SPY,2024-12-24,597.0,CALL,2024-12-24T15:55:00.000,0.0,0.0,0.0,0.0,0,0,1.12
SPY,2024-12-24,597.0,CALL,2024-12-24T16:00:00.000,0.0,0.0,0.0,0.0,0,0,1.12
SPY,2024-12-24,613.0,CALL,2024-12-24T09:30:00.000,0.0,0.0,0.0,0.0,0,0,0.0
SPY,2024-12-24,613.0,CALL,2024-12-24T09:35:00.000,0.0,0.0,0.0,0.0,0,0,0.0
SPY,2024-12-24,613.0,CALL,2024-12-24T09:40:00.000,0.01,0.01,0.01,0.01,30,1,0.01
SPY,2024-12-24,613.0,CALL,2024-12-24T09:45:00.000,0.01,0.01,0.01,0.01,30,1,0.01
SPY,2024-12-24,613.0,CALL,2024-12-24T09:50:00.000,0.01,0.01,0.01,0.01,25,1,0.01
SPY,2024-12-24,613.0,CALL,2024-12-24T09:55:00.000,0.0,0.0,0.0,0.0,0,0,0.01
SPY,2024-12-24,613.0,CALL,2024-12-24T10:00:00.000,0.0,0.0,0.0,0.0,0,0,0.01
SPY,2024-12-24,613.0,CALL,2024-12-24T10:05:00.000,0.0,0.0,0.0,0.0,0,0,0.01
SPY,2024-12-24,613.0,CALL,2024-12-24T10:10:00.000,0.0,0.0,0.0,0.0,0,0,0.01
SPY,2024-12-24,613.0,CALL,2024-12-24T10:15:00.000,0.01,0.01,0.01,0.01,5,2,0.01
SPY,2024-12-24,613.0,CALL,2024-12-24T10:20:00.000,0.0,0.0,0.0,0.0,0,0,0.01
SPY,2024-12-24,613.0,CALL,2024-12-24T10:25:00.000,0.0,0.0,0.0,0.0,0,0,0.01
SPY,2024-12-24,613.0,CALL,2024-12-24T10:30:00.000,0.0,0.0,0.0,0.0,0,0,0.01
SPY,2024-12-24,613.0,CALL,2024-12-24T10:35:00.000,0.0,0.0,0.0,0.0,0,0,0.01
SPY,2024-12-24,613.0,CALL,2024-12-24T10:40:00.000,0.0,0.0,0.0,0.0,0,0,0.01
SPY,2024-12-24,613.0,CALL,2024-12-24T10:45:00.000,0.0,0.0,0.0,0.0,0,0,0.01
SPY,2024-12-24,613.0,CALL,2024-12-24T10:50:00.000,0.0,0.0,0.0,0.0,0,0,0.01
SPY,2024-12-24,613.0,CALL,2024-12-24T10:55:00.000,0.0,0.0,0.0,0.0,0,0,0.01
SPY,2024-12-24,613.0,CALL,2024-12-24T11:00:00.000,0.01,0.01,0.01,0.01,1,1,0.01
SPY,2024-12-24,613.0,CALL,2024-12-24T11:05:00.000,0.0,0.0,0.0,0.0,0,0,0.01
SPY,2024-12-24,613.0,CALL,2024-12-24T11:10:00.000,0.0,0.0,0.0,0.0,0,0,0.01
SPY,2024-12-24,613.0,CALL,2024-12-24T11:15:00.000,0.0,0.0,0.0,0.0,0,0,0.01
SPY,2024-12-24,613.0,CALL,2024-12-24T11:20:00.000,0.0,0.0,0.0,0.0,0,0,0.01
SPY,2024-12-24,613.0,CALL,2024-12-24T11:25:00.000,0.0,0.0,0.0,0.0,0,0,0.01
SPY,2024-12-24,613.0,CALL,2024-12-24T11:30:00.000,0.0,0.0,0.0,0.0,0,0,0.01
SPY,2024-12-24,613.0,CALL,2024-12-24T11:35:00.000,0.0,0.0,0.0,0.0,0,0,0.01
SPY,2024-12-24,613.0,CALL,2024-12-24T11:40:00.000,0.0,0.0,0.0,0.0,0,0,0.01
SPY,2024-12-24,613.0,CALL,2024-12-24T11:45:00.000,0.0,0.0,0.0,0.0,0,0,0.01
SPY,2024-12-24,613.0,CALL,2024-12-24T11:50:00.000,0.0,0.0,0.0,0.0,0,0,0.01
SPY,2024-12-24,613.0,CALL,2024-12-24T11:55:00.000,0.0,0.0,0.0,0.0,0,0,0.01
SPY,2024-12-24,613.0,CALL,2024-12-24T12:00:00.000,0.0,0.0,0.0,0.0,0,0,0.01
SPY,2024-12-24,613.0,CALL,2024-12-24T12:05:00.000,0.0,0.0,0.0,0.0,0,0,0.01
SPY,2024-12-24,613.0,CALL,2024-12-24T12:10:00.000,0.0,0.0,0.0,0.0,0,0,0.01
SPY,2024-12-24,613.0,CALL,2024-12-24T12:15:00.000,0.0,0.0,0.0,0.0,0,0,0.01
SPY,2024-12-24,613.0,CALL,2024-12-24T12:20:00.000,0.0,0.0,0.0,0.0,0,0,0.01
SPY,2024-12-24,613.0,CALL,2024-12-24T12:25:00.000,0.0,0.0,0.0,0.0,0,0,0.01
SPY,2024-12-24,613.0,CALL,2024-12-24T12:30:00.000,0.0,0.0,0.0,0.0,0,0,0.01
SPY,2024-12-24,613.0,CALL,2024-12-24T12:35:00.000,0.01,0.01,0.01,0.01,1,1,0.01
SPY,2024-12-24,613.0,CALL,2024-12-24T12:40:00.000,0.0,0.0,0.0,0.0,0,0,0.01
SPY,2024-12-24,613.0,CALL,2024-12-24T12:45:00.000,0.0,0.0,0.0,0.0,0,0,0.01
SPY,2024-12-24,613.0,CALL,2024-12-24T12:50:00.000,0.0,0.0,0.0,0.0,0,0,0.01
SPY,2024-12-24,613.0,CALL,2024-12-24T12:55:00.000,0.0,0.0,0.0,0.0,0,0,0.01
SPY,2024-12-24,613.0,CALL,2024-12-24T13:00:00.000,0.01,0.01,0.01,0.01,45,4,0.01
SPY,2024-12-24,613.0,CALL,2024-12-24T13:05:00.000,0.0,0.0,0.0,0.0,0,0,0.01
SPY,2024-12-24,613.0,CALL,2024-12-24T13:10:00.000,0.0,0.0,0.0,0.0,0,0,0.01
SPY,2024-12-24,613.0,CALL,2024-12-24T13:15:00.000,0.0,0.0,0.0,0.0,0,0,0.01
SPY,2024-12-24,613.0,CALL,2024-12-24T13:20:00.000,0.0,0.0,0.0,0.0,0,0,0.01
SPY,2024-12-24,613.0,CALL,2024-12-24T13:25:00.000,0.0,0.0,0.0,0.0,0,0,0.01
SPY,2024-12-24,613.0,CALL,2024-12-24T13:30:00.000,0.0,0.0,0.0,0.0,0,0,0.01
SPY,2024-12-24,613.0,CALL,2024-12-24T13:35:00.000,0.0,0.0,0.0,0.0,0,0,0.01
SPY,2024-12-24,613.0,CALL,2024-12-24T13:40:00.000,0.0,0.0,0.0,0.0,0,0,0.01
SPY,2024-12-24,613.0,CALL,2024-12-24T13:45:00.000,0.0,0.0,0.0,0.0,0,0,0.01
SPY,2024-12-24,613.0,CALL,2024-12-24T13:50:00.000,0.0,0.0,0.0,0.0,0,0,0.01
SPY,2024-12-24,613.0,CALL,2024-12-24T13:55:00.000,0.0,0.0,0.0,0.0,0,0,0.01
SPY,2024-12-24,613.0,CALL,2024-12-24T14:00:00.000,0.0,0.0,0.0,0.0,0,0,0.01
SPY,2024-12-24,613.0,CALL,2024-12-24T14:05:00.000,0.0,0.0,0.0,0.0,0,0,0.01
SPY,2024-12-24,613.0,CALL,2024-12-24T14:10:00.000,0.0,0.0,0.0,0.0,0,0,0.01
SPY,2024-12-24,613.0,CALL,2024-12-24T14:15:00.000,0.0,0.0,0.0,0.0,0,0,0.01
SPY,2024-12-24,613.0,CALL,2024-12-24T14:20:00.000,0.0,0.0,0.0,0.0,0,0,0.01
SPY,2024-12-24,613.0,CALL,2024-12-24T14:25:00.000,0.0,0.0,0.0,0.0,0,0,0.01
SPY,2024-12-24,613.0,CALL,2024-12-24T14:30:00.000,0.0,0.0,0.0,0.0,0,0,0.01
SPY,2024-12-24,613.0,CALL,2024-12-24T14:35:00.000,0.0,0.0,0.0,0.0,0,0,0.01
SPY,2024-12-24,613.0,CALL,2024-12-24T14:40:00.000,0.0,0.0,0.0,0.0,0,0,0.01
SPY,2024-12-24,613.0,CALL,2024-12-24T14:45:00.000,0.0,0.0,0.0,0.0,0,0,0.01
SPY,2024-12-24,613.0,CALL,2024-12-24T14:50:00.000,0.0,0.0,0.0,0.0,0,0,0.01
SPY,2024-12-24,613.0,CALL,2024-12-24T14:55:00.000,0.0,0.0,0.0,0.0,0,0,0.01
SPY,2024-12-24,613.0,CALL,2024-12-24T15:00:00.000,0.0,0.0,0.0,0.0,0,0,0.01
SPY,2024-12-24,613.0,CALL,2024-12-24T15:05:00.000,0.0,0.0,0.0,0.0,0,0,0.01
SPY,2024-12-24,613.0,CALL,2024-12-24T15:10:00.000,0.0,0.0,0.0,0.0,0,0,0.01
SPY,2024-12-24,613.0,CALL,2024-12-24T15:15:00.000,0.0,0.0,0.0,0.0,0,0,0.01
SPY,2024-12-24,613.0,CALL,2024-12-24T15:20:00.000,0.0,0.0,0.0,0.0,0,0,0.01
SPY,2024-12-24,613.0,CALL,2024-12-24T15:25:00.000,0.0,0.0,0.0,0.0,0,0,0.01
SPY,2024-12-24,613.0,CALL,2024-12-24T15:30:00.000,0.0,0.0,0.0,0.0,0,0,0.01
SPY,2024-12-24,613.0,CALL,2024-12-24T15:35:00.000,0.0,0.0,0.0,0.0,0,0,0.01
SPY,2024-12-24,613.0,CALL,2024-12-24T15:40:00.000,0.0,0.0,0.0,0.0,0,0,0.01
SPY,2024-12-24,613.0,CALL,2024-12-24T15:45:00.000,0.0,0.0,0.0,0.0,0,0,0.01
SPY,2024-12-24,613.0,CALL,2024-12-24T15:50:00.000,0.0,0.0,0.0,0.0,0,0,0.01
SPY,2024-12-24,613.0,CALL,2024-12-24T15:55:00.000,0.0,0.0,0.0,0.0,0,0,0.01
SPY,2024-12-24,613.0,CALL,2024-12-24T16:00:00.000,0.0,0.0,0.0,0.0,0,0,0.01
SPY,2024-12-24,565.0,CALL,2024-12-24T09:30:00.000,0.0,0.0,0.0,0.0,0,0,0.0
SPY,2024-12-24,565.0,CALL,2024-12-24T09:35:00.000,0.0,0.0,0.0,0.0,0,0,0.0
SPY,2024-12-24,565.0,CALL,2024-12-24T09:40:00.000,0.0,0.0,0.0,0.0,0,0,0.0
SPY,2024-12-24,565.0,CALL,2024-12-24T09:45:00.000,0.0,0.0,0.0,0.0,0,0,0.0
SPY,2024-12-24,565.0,CALL,2024-12-24T09:50:00.000,0.0,0.0,0.0,0.0,0,0,0.0
SPY,2024-12-24,565.0,CALL,2024-12-24T09:55:00.000,0.0,0.0,0.0,0.0,0,0,0.0
SPY,2024-12-24,565.0,CALL,2024-12-24T10:00:00.000,0.0,0.0,0.0,0.0,0,0,0.0
SPY,2024-12-24,565.0,CALL,2024-12-24T10:05:00.000,0.0,0.0,0.0,0.0,0,0,0.0
SPY,2024-12-24,565.0,CALL,2024-12-24T10:10:00.000,0.0,0.0,0.0,0.0,0,0,0.0
SPY,2024-12-24,565.0,CALL,2024-12-24T10:15:00.000,32.84,33.05,32.71,32.93,264,6,32.91
SPY,2024-12-24,565.0,CALL,2024-12-24T10:20:00.000,32.94,32.95,32.94,32.95,99,2,32.92
SPY,2024-12-24,565.0,CALL,2024-12-24T10:25:00.000,0.0,0.0,0.0,0.0,0,0,32.92
SPY,2024-12-24,565.0,CALL,2024-12-24T10:30:00.000,33.72,33.72,33.72,33.72,44,1,33.0
SPY,2024-12-24,565.0,CALL,2024-12-24T10:35:00.000,0.0,0.0,0.0,0.0,0,0,33.0
SPY,2024-12-24,565.0,CALL,2024-12-24T10:40:00.000,0.0,0.0,0.0,0.0,0,0,33.0
SPY,2024-12-24,565.0,CALL,2024-12-24T10:45:00.000,34.19,34.49,34.11,34.25,407,5,33.65
SPY,2024-12-24,565.0,CALL,2024-12-24T10:50:00.000,33.74,33.85,33.74,33.85,88,2,33.66
SPY,2024-12-24,565.0,CALL,2024-12-24T10:55:00.000,0.0,0.0,0.0,0.0,0,0,33.66
SPY,2024-12-24,565.0,CALL,2024-12-24T11:00:00.000,0.0,0.0,0.0,0.0,0,0,33.66
SPY,2024-12-24,565.0,CALL,2024-12-24T11:05:00.000,0.0,0.0,0.0,0.0,0,0,33.66
SPY,2024-12-24,565.0,CALL,2024-12-24T11:10:00.000,0.0,0.0,0.0,0.0,0,0,33.66
SPY,2024-12-24,565.0,CALL,2024-12-24T11:15:00.000,0.0,0.0,0.0,0.0,0,0,33.66
SPY,2024-12-24,565.0,CALL,2024-12-24T11:20:00.000,0.0,0.0,0.0,0.0,0,0,33.66
SPY,2024-12-24,565.0,CALL,2024-12-24T11:25:00.000,0.0,0.0,0.0,0.0,0,0,33.66
SPY,2024-12-24,565.0,CALL,2024-12-24T11:30:00.000,0.0,0.0,0.0,0.0,0,0,33.66
SPY,2024-12-24,565.0,CALL,2024-12-24T11:35:00.000,0.0,0.0,0.0,0.0,0,0,33.66
SPY,2024-12-24,565.0,CALL,2024-12-24T11:40:00.000,0.0,0.0,0.0,0.0,0,0,33.66
SPY,2024-12-24,565.0,CALL,2024-12-24T11:45:00.000,0.0,0.0,0.0,0.0,0,0,33.66
SPY,2024-12-24,565.0,CALL,2024-12-24T11:50:00.000,0.0,0.0,0.0,0.0,0,0,33.66
SPY,2024-12-24,565.0,CALL,2024-12-24T11:55:00.000,0.0,0.0,0.0,0.0,0,0,33.66
SPY,2024-12-24,565.0,CALL,2024-12-24T12:00:00.000,0.0,0.0,0.0,0.0,0,0,33.66
SPY,2024-12-24,565.0,CALL,2024-12-24T12:05:00.000,0.0,0.0,0.0,0.0,0,0,33.66
SPY,2024-12-24,565.0,CALL,2024-12-24T12:10:00.000,0.0,0.0,0.0,0.0,0,0,33.66
SPY,2024-12-24,565.0,CALL,2024-12-24T12:15:00.000,0.0,0.0,0.0,0.0,0,0,33.66
SPY,2024-12-24,565.0,CALL,2024-12-24T12:20:00.000,0.0,0.0,0.0,0.0,0,0,33.66
SPY,2024-12-24,565.0,CALL,2024-12-24T12:25:00.000,0.0,0.0,0.0,0.0,0,0,33.66
SPY,2024-12-24,565.0,CALL,2024-12-24T12:30:00.000,0.0,0.0,0.0,0.0,0,0,33.66
SPY,2024-12-24,565.0,CALL,2024-12-24T12:35:00.000,0.0,0.0,0.0,0.0,0,0,33.66
SPY,2024-12-24,565.0,CALL,2024-12-24T12:40:00.000,0.0,0.0,0.0,0.0,0,0,33.66
SPY,2024-12-24,565.0,CALL,2024-12-24T12:45:00.000,0.0,0.0,0.0,0.0,0,0,33.66
SPY,2024-12-24,565.0,CALL,2024-12-24T12:50:00.000,0.0,0.0,0.0,0.0,0,0,33.66
SPY,2024-12-24,565.0,CALL,2024-12-24T12:55:00.000,0.0,0.0,0.0,0.0,0,0,33.66
SPY,2024-12-24,565.0,CALL,2024-12-24T13:00:00.000,0.0,0.0,0.0,0.0,0,0,33.66
SPY,2024-12-24,565.0,CALL,2024-12-24T13:05:00.000,0.0,0.0,0.0,0.0,0,0,33.66
SPY,2024-12-24,565.0,CALL,2024-12-24T13:10:00.000,0.0,0.0,0.0,0.0,0,0,33.66
SPY,2024-12-24,565.0,CALL,2024-12-24T13:15:00.000,0.0,0.0,0.0,0.0,0,0,33.66
SPY,2024-12-24,565.0,CALL,2024-12-24T13:20:00.000,0.0,0.0,0.0,0.0,0,0,33.66
SPY,2024-12-24,565.0,CALL,2024-12-24T13:25:00.000,0.0,0.0,0.0,0.0,0,0,33.66
SPY,2024-12-24,565.0,CALL,2024-12-24T13:30:00.000,0.0,0.0,0.0,0.0,0,0,33.66
SPY,2024-12-24,565.0,CALL,2024-12-24T13:35:00.000,0.0,0.0,0.0,0.0,0,0,33.66
SPY,2024-12-24,565.0,CALL,2024-12-24T13:40:00.000,0.0,0.0,0.0,0.0,0,0,33.66
SPY,2024-12-24,565.0,CALL,2024-12-24T13:45:00.000,0.0,0.0,0.0,0.0,0,0,33.66
SPY,2024-12-24,565.0,CALL,2024-12-24T13:50:00.000,0.0,0.0,0.0,0.0,0,0,33.66
SPY,2024-12-24,565.0,CALL,2024-12-24T13:55:00.000,0.0,0.0,0.0,0.0,0,0,33.66
SPY,2024-12-24,565.0,CALL,2024-12-24T14:00:00.000,0.0,0.0,0.0,0.0,0,0,33.66
SPY,2024-12-24,565.0,CALL,2024-12-24T14:05:00.000,0.0,0.0,0.0,0.0,0,0,33.66
SPY,2024-12-24,565.0,CALL,2024-12-24T14:10:00.000,0.0,0.0,0.0,0.0,0,0,33.66
SPY,2024-12-24,565.0,CALL,2024-12-24T14:15:00.000,0.0,0.0,0.0,0.0,0,0,33.66
SPY,2024-12-24,565.0,CALL,2024-12-24T14:20:00.000,0.0,0.0,0.0,0.0,0,0,33.66
SPY,2024-12-24,565.0,CALL,2024-12-24T14:25:00.000,0.0,0.0,0.0,0.0,0,0,33.66
SPY,2024-12-24,565.0,CALL,2024-12-24T14:30:00.000,0.0,0.0,0.0,0.0,0,0,33.66
SPY,2024-12-24,565.0,CALL,2024-12-24T14:35:00.000,0.0,0.0,0.0,0.0,0,0,33.66
SPY,2024-12-24,565.0,CALL,2024-12-24T14:40:00.000,0.0,0.0,0.0,0.0,0,0,33.66
SPY,2024-12-24,565.0,CALL,2024-12-24T14:45:00.000,0.0,0.0,0.0,0.0,0,0,33.66
SPY,2024-12-24,565.0,CALL,2024-12-24T14:50:00.000,0.0,0.0,0.0,0.0,0,0,33.66
SPY,2024-12-24,565.0,CALL,2024-12-24T14:55:00.000,0.0,0.0,0.0,0.0,0,0,33.66
SPY,2024-12-24,565.0,CALL,2024-12-24T15:00:00.000,0.0,0.0,0.0,0.0,0,0,33.66
SPY,2024-12-24,565.0,CALL,2024-12-24T15:05:00.000,0.0,0.0,0.0,0.0,0,0,33.66
SPY,2024-12-24,565.0,CALL,2024-12-24T15:10:00.000,0.0,0.0,0.0,0.0,0,0,33.66
SPY,2024-12-24,565.0,CALL,2024-12-24T15:15:00.000,0.0,0.0,0.0,0.0,0,0,33.66
SPY,2024-12-24,565.0,CALL,2024-12-24T15:20:00.000,0.0,0.0,0.0,0.0,0,0,33.66
SPY,2024-12-24,565.0,CALL,2024-12-24T15:25:00.000,0.0,0.0,0.0,0.0,0,0,33.66
SPY,2024-12-24,565.0,CALL,2024-12-24T15:30:00.000,0.0,0.0,0.0,0.0,0,0,33.66
SPY,2024-12-24,565.0,CALL,2024-12-24T15:35:00.000,0.0,0.0,0.0,0.0,0,0,33.66
SPY,2024-12-24,565.0,CALL,2024-12-24T15:40:00.000,0.0,0.0,0.0,0.0,0,0,33.66
SPY,2024-12-24,565.0,CALL,2024-12-24T15:45:00.000,0.0,0.0,0.0,0.0,0,0,33.66
SPY,2024-12-24,565.0,CALL,2024-12-24T15:50:00.000,0.0,0.0,0.0,0.0,0,0,33.66
SPY,2024-12-24,565.0,CALL,2024-12-24T15:55:00.000,0.0,0.0,0.0,0.0,0,0,33.66
SPY,2024-12-24,565.0,CALL,2024-12-24T16:00:00.000,0.0,0.0,0.0,0.0,0,0,33.66
SPY,2024-12-24,581.0,CALL,2024-12-24T09:30:00.000,0.0,0.0,0.0,0.0,0,0,0.0
SPY,2024-12-24,581.0,CALL,2024-12-24T09:35:00.000,0.0,0.0,0.0,0.0,0,0,0.0
SPY,2024-12-24,581.0,CALL,2024-12-24T09:40:00.000,0.0,0.0,0.0,0.0,0,0,0.0
SPY,2024-12-24,581.0,CALL,2024-12-24T09:45:00.000,0.0,0.0,0.0,0.0,0,0,0.0
SPY,2024-12-24,581.0,CALL,2024-12-24T09:50:00.000,0.0,0.0,0.0,0.0,0,0,0.0
SPY,2024-12-24,581.0,CALL,2024-12-24T09:55:00.000,0.0,0.0,0.0,0.0,0,0,0.0
SPY,2024-12-24,581.0,CALL,2024-12-24T10:00:00.000,0.0,0.0,0.0,0.0,0,0,0.0
SPY,2024-12-24,581.0,CALL,2024-12-24T10:05:00.000,0.0,0.0,0.0,0.0,0,0,0.0
SPY,2024-12-24,581.0,CALL,2024-12-24T10:10:00.000,0.0,0.0,0.0,0.0,0,0,0.0
SPY,2024-12-24,581.0,CALL,2024-12-24T10:15:00.000,0.0,0.0,0.0,0.0,0,0,0.0
SPY,2024-12-24,581.0,CALL,2024-12-24T10:20:00.000,0.0,0.0,0.0,0.0,0,0,0.0
SPY,2024-12-24,581.0,CALL,2024-12-24T10:25:00.000,0.0,0.0,0.0,0.0,0,0,0.0
SPY,2024-12-24,581.0,CALL,2024-12-24T10:30:00.000,0.0,0.0,0.0,0.0,0,0,0.0
SPY,2024-12-24,581.0,CALL,2024-12-24T10:35:00.000,0.0,0.0,0.0,0.0,0,0,0.0
SPY,2024-12-24,581.0,CALL,2024-12-24T10:40:00.000,0.0,0.0,0.0,0.0,0,0,0.0
SPY,2024-12-24,581.0,CALL,2024-12-24T10:45:00.000,0.0,0.0,0.0,0.0,0,0,0.0
SPY,2024-12-24,581.0,CALL,2024-12-24T10:50:00.000,0.0,0.0,0.0,0.0,0,0,0.0
SPY,2024-12-24,581.0,CALL,2024-12-24T10:55:00.000,0.0,0.0,0.0,0.0,0,0,0.0
SPY,2024-12-24,581.0,CALL,2024-12-24T11:00:00.000,0.0,0.0,0.0,0.0,0,0,0.0
SPY,2024-12-24,581.0,CALL,2024-12-24T11:05:00.000,0.0,0.0,0.0,0.0,0,0,0.0
SPY,2024-12-24,581.0,CALL,2024-12-24T11:10:00.000,0.0,0.0,0.0,0.0,0,0,0.0
SPY,2024-12-24,581.0,CALL,2024-12-24T11:15:00.000,0.0,0.0,0.0,0.0,0,0,0.0
SPY,2024-12-24,581.0,CALL,2024-12-24T11:20:00.000,0.0,0.0,0.0,0.0,0,0,0.0
SPY,2024-12-24,581.0,CALL,2024-12-24T11:25:00.000,0.0,0.0,0.0,0.0,0,0,0.0
SPY,2024-12-24,581.0,CALL,2024-12-24T11:30:00.000,0.0,0.0,0.0,0.0,0,0,0.0
SPY,2024-12-24,581.0,CALL,2024-12-24T11:35:00.000,0.0,0.0,0.0,0.0,0,0,0.0
SPY,2024-12-24,581.0,CALL,2024-12-24T11:40:00.000,0.0,0.0,0.0,0.0,0,0,0.0
SPY,2024-12-24,581.0,CALL,2024-12-24T11:45:00.000,0.0,0.0,0.0,0.0,0,0,0.0
SPY,2024-12-24,581.0,CALL,2024-12-24T11:50:00.000,0.0,0.0,0.0,0.0,0,0,0.0
SPY,2024-12-24,581.0,CALL,2024-12-24T11:55:00.000,0.0,0.0,0.0,0.0,0,0,0.0
SPY,2024-12-24,581.0,CALL,2024-12-24T12:00:00.000,0.0,0.0,0.0,0.0,0,0,0.0
SPY,2024-12-24,581.0,CALL,2024-12-24T12:05:00.000,0.0,0.0,0.0,0.0,0,0,0.0
SPY,2024-12-24,581.0,CALL,2024-12-24T12:10:00.000,0.0,0.0,0.0,0.0,0,0,0.0
SPY,2024-12-24,581.0,CALL,2024-12-24T12:15:00.000,0.0,0.0,0.0,0.0,0,0,0.0
SPY,2024-12-24,581.0,CALL,2024-12-24T12:20:00.000,0.0,0.0,0.0,0.0,0,0,0.0
SPY,2024-12-24,581.0,CALL,2024-12-24T12:25:00.000,0.0,0.0,0.0,0.0,0,0,0.0
SPY,2024-12-24,581.0,CALL,2024-12-24T12:30:00.000,0.0,0.0,0.0,0.0,0,0,0.0
SPY,2024-12-24,581.0,CALL,2024-12-24T12:35:00.000,0.0,0.0,0.0,0.0,0,0,0.0
SPY,2024-12-24,581.0,CALL,2024-12-24T12:40:00.000,0.0,0.0,0.0,0.0,0,0,0.0
SPY,2024-12-24,581.0,CALL,2024-12-24T12:45:00.000,0.0,0.0,0.0,0.0,0,0,0.0
SPY,2024-12-24,581.0,CALL,2024-12-24T12:50:00.000,0.0,0.0,0.0,0.0,0,0,0.0
SPY,2024-12-24,581.0,CALL,2024-12-24T12:55:00.000,0.0,0.0,0.0,0.0,0,0,0.0
SPY,2024-12-24,581.0,CALL,2024-12-24T13:00:00.000,20.05,20.05,20.05,20.05,1,1,20.05
SPY,2024-12-24,581.0,CALL,2024-12-24T13:05:00.000,0.0,0.0,0.0,0.0,0,0,20.05
SPY,2024-12-24,581.0,CALL,2024-12-24T13:10:00.000,0.0,0.0,0.0,0.0,0,0,20.05
SPY,2024-12-24,581.0,CALL,2024-12-24T13:15:00.000,0.0,0.0,0.0,0.0,0,0,20.05
SPY,2024-12-24,581.0,CALL,2024-12-24T13:20:00.000,0.0,0.0,0.0,0.0,0,0,20.05
SPY,2024-12-24,581.0,CALL,2024-12-24T13:25:00.000,0.0,0.0,0.0,0.0,0,0,20.05
SPY,2024-12-24,581.0,CALL,2024-12-24T13:30:00.000,0.0,0.0,0.0,0.0,0,0,20.05
SPY,2024-12-24,581.0,CALL,2024-12-24T13:35:00.000,0.0,0.0,0.0,0.0,0,0,20.05
SPY,2024-12-24,581.0,CALL,2024-12-24T13:40:00.000,0.0,0.0,0.0,0.0,0,0,20.05
SPY,2024-12-24,581.0,CALL,2024-12-24T13:45:00.000,0.0,0.0,0.0,0.0,0,0,20.05
SPY,2024-12-24,581.0,CALL,2024-12-24T13:50:00.000,0.0,0.0,0.0,0.0,0,0,20.05
SPY,2024-12-24,581.0,CALL,2024-12-24T13:55:00.000,0.0,0.0,0.0,0.0,0,0,20.05
SPY,2024-12-24,581.0,CALL,2024-12-24T14:00:00.000,0.0,0.0,0.0,0.0,0,0,20.05
SPY,2024-12-24,581.0,CALL,2024-12-24T14:05:00.000,0.0,0.0,0.0,0.0,0,0,20.05
SPY,2024-12-24,581.0,CALL,2024-12-24T14:10:00.000,0.0,0.0,0.0,0.0,0,0,20.05
SPY,2024-12-24,581.0,CALL,2024-12-24T14:15:00.000,0.0,0.0,0.0,0.0,0,0,20.05
SPY,2024-12-24,581.0,CALL,2024-12-24T14:20:00.000,0.0,0.0,0.0,0.0,0,0,20.05
SPY,2024-12-24,581.0,CALL,2024-12-24T14:25:00.000,0.0,0.0,0.0,0.0,0,0,20.05
SPY,2024-12-24,581.0,CALL,2024-12-24T14:30:00.000,0.0,0.0,0.0,0.0,0,0,20.05
SPY,2024-12-24,581.0,CALL,2024-12-24T14:35:00.000,0.0,0.0,0.0,0.0,0,0,20.05
SPY,2024-12-24,581.0,CALL,2024-12-24T14:40:00.000,0.0,0.0,0.0,0.0,0,0,20.05
SPY,2024-12-24,581.0,CALL,2024-12-24T14:45:00.000,0.0,0.0,0.0,0.0,0,0,20.05
SPY,2024-12-24,581.0,CALL,2024-12-24T14:50:00.000,0.0,0.0,0.0,0.0,0,0,20.05
SPY,2024-12-24,581.0,CALL,2024-12-24T14:55:00.000,0.0,0.0,0.0,0.0,0,0,20.05
SPY,2024-12-24,581.0,CALL,2024-12-24T15:00:00.000,0.0,0.0,0.0,0.0,0,0,20.05
SPY,2024-12-24,581.0,CALL,2024-12-24T15:05:00.000,0.0,0.0,0.0,0.0,0,0,20.05
SPY,2024-12-24,581.0,CALL,2024-12-24T15:10:00.000,0.0,0.0,0.0,0.0,0,0,20.05
SPY,2024-12-24,581.0,CALL,2024-12-24T15:15:00.000,0.0,0.0,0.0,0.0,0,0,20.05
SPY,2024-12-24,581.0,CALL,2024-12-24T15:20:00.000,0.0,0.0,0.0,0.0,0,0,20.05
SPY,2024-12-24,581.0,CALL,2024-12-24T15:25:00.000,0.0,0.0,0.0,0.0,0,0,20.05
SPY,2024-12-24,581.0,CALL,2024-12-24T15:30:00.000,0.0,0.0,0.0,0.0,0,0,20.05
SPY,2024-12-24,581.0,CALL,2024-12-24T15:35:00.000,0.0,0.0,0.0,0.0,0,0,20.05
SPY,2024-12-24,581.0,CALL,2024-12-24T15:40:00.000,0.0,0.0,0.0,0.0,0,0,20.05
SPY,2024-12-24,581.0,CALL,2024-12-24T15:45:00.000,0.0,0.0,0.0,0.0,0,0,20.05
SPY,2024-12-24,581.0,CALL,2024-12-24T15:50:00.000,0.0,0.0,0.0,0.0,0,0,20.05
SPY,2024-12-24,581.0,CALL,2024-12-24T15:55:00.000,0.0,0.0,0.0,0.0,0,0,20.05
SPY,2024-12-24,581.0,CALL,2024-12-24T16:00:00.000,0.0,0.0,0.0,0.0,0,0,20.05
SPY,2024-12-24,400.0,CALL,2024-12-24T09:30:00.000,195.91,195.91,195.3,195.3,7,4,195.48
SPY,2024-12-24,400.0,CALL,2024-12-24T09:35:00.000,0.0,0.0,0.0,0.0,0,0,195.48
SPY,2024-12-24,400.0,CALL,2024-12-24T09:40:00.000,0.0,0.0,0.0,0.0,0,0,195.48
SPY,2024-12-24,400.0,CALL,2024-12-24T09:45:00.000,196.82,196.85,196.82,196.85,7,3,196.15
SPY,2024-12-24,400.0,CALL,2024-12-24T09:50:00.000,0.0,0.0,0.0,0.0,0,0,196.15
SPY,2024-12-24,400.0,CALL,2024-12-24T09:55:00.000,0.0,0.0,0.0,0.0,0,0,196.15
SPY,2024-12-24,400.0,CALL,2024-12-24T10:00:00.000,0.0,0.0,0.0,0.0,0,0,196.15
SPY,2024-12-24,400.0,CALL,2024-12-24T10:05:00.000,0.0,0.0,0.0,0.0,0,0,196.15
SPY,2024-12-24,400.0,CALL,2024-12-24T10:10:00.000,0.0,0.0,0.0,0.0,0,0,196.15
SPY,2024-12-24,400.0,CALL,2024-12-24T10:15:00.000,0.0,0.0,0.0,0.0,0,0,196.15
SPY,2024-12-24,400.0,CALL,2024-12-24T10:20:00.000,0.0,0.0,0.0,0.0,0,0,196.15
SPY,2024-12-24,400.0,CALL,2024-12-24T10:25:00.000,0.0,0.0,0.0,0.0,0,0,196.15
SPY,2024-12-24,400.0,CALL,2024-12-24T10:30:00.000,0.0,0.0,0.0,0.0,0,0,196.15
SPY,2024-12-24,400.0,CALL,2024-12-24T10:35:00.000,0.0,0.0,0.0,0.0,0,0,196.15
SPY,2024-12-24,400.0,CALL,2024-12-24T10:40:00.000,0.0,0.0,0.0,0.0,0,0,196.15
SPY,2024-12-24,400.0,CALL,2024-12-24T10:45:00.000,0.0,0.0,0.0,0.0,0,0,196.15
SPY,2024-12-24,400.0,CALL,2024-12-24T10:50:00.000,0.0,0.0,0.0,0.0,0,0,196.15
SPY,2024-12-24,400.0,CALL,2024-12-24T10:55:00.000,0.0,0.0,0.0,0.0,0,0,196.15
SPY,2024-12-24,400.0,CALL,2024-12-24T11:00:00.000,0.0,0.0,0.0,0.0,0,0,196.15
SPY,2024-12-24,400.0,CALL,2024-12-24T11:05:00.000,0.0,0.0,0.0,0.0,0,0,196.15
SPY,2024-12-24,400.0,CALL,2024-12-24T11:10:00.000,0.0,0.0,0.0,0.0,0,0,196.15
SPY,2024-12-24,400.0,CALL,2024-12-24T11:15:00.000,198.16,198.16,198.16,198.16,1,1,196.28
SPY,2024-12-24,400.0,CALL,2024-12-24T11:20:00.000,0.0,0.0,0.0,0.0,0,0,196.28
SPY,2024-12-24,400.0,CALL,2024-12-24T11:25:00.000,0.0,0.0,0.0,0.0,0,0,196.28
SPY,2024-12-24,400.0,CALL,2024-12-24T11:30:00.000,198.96,198.96,198.96,198.96,1,1,196.45
SPY,2024-12-24,400.0,CALL,2024-12-24T11:35:00.000,0.0,0.0,0.0,0.0,0,0,196.45
SPY,2024-12-24,400.0,CALL,2024-12-24T11:40:00.000,0.0,0.0,0.0,0.0,0,0,196.45
SPY,2024-12-24,400.0,CALL,2024-12-24T11:45:00.000,0.0,0.0,0.0,0.0,0,0,196.45
SPY,2024-12-24,400.0,CALL,2024-12-24T11:50:00.000,0.0,0.0,0.0,0.0,0,0,196.45
SPY,2024-12-24,400.0,CALL,2024-12-24T11:55:00.000,0.0,0.0,0.0,0.0,0,0,196.45
SPY,2024-12-24,400.0,CALL,2024-12-24T12:00:00.000,0.0,0.0,0.0,0.0,0,0,196.45
SPY,2024-12-24,400.0,CALL,2024-12-24T12:05:00.000,0.0,0.0,0.0,0.0,0,0,196.45
SPY,2024-12-24,400.0,CALL,2024-12-24T12:10:00.000,0.0,0.0,0.0,0.0,0,0,196.45
SPY,2024-12-24,400.0,CALL,2024-12-24T12:15:00.000,0.0,0.0,0.0,0.0,0,0,196.45
SPY,2024-12-24,400.0,CALL,2024-12-24T12:20:00.000,0.0,0.0,0.0,0.0,0,0,196.45
SPY,2024-12-24,400.0,CALL,2024-12-24T12:25:00.000,200.19,200.19,200.19,200.19,1,1,196.67
SPY,2024-12-24,400.0,CALL,2024-12-24T12:30:00.000,0.0,0.0,0.0,0.0,0,0,196.67
SPY,2024-12-24,400.0,CALL,2024-12-24T12:35:00.000,0.0,0.0,0.0,0.0,0,0,196.67
SPY,2024-12-24,400.0,CALL,2024-12-24T12:40:00.000,0.0,0.0,0.0,0.0,0,0,196.67
SPY,2024-12-24,400.0,CALL,2024-12-24T12:45:00.000,0.0,0.0,0.0,0.0,0,0,196.67
SPY,2024-12-24,400.0,CALL,2024-12-24T12:50:00.000,0.0,0.0,0.0,0.0,0,0,196.67
SPY,2024-12-24,400.0,CALL,2024-12-24T12:55:00.000,0.0,0.0,0.0,0.0,0,0,196.67
SPY,2024-12-24,400.0,CALL,2024-12-24T13:00:00.000,0.0,0.0,0.0,0.0,0,0,196.67
SPY,2024-12-24,400.0,CALL,2024-12-24T13:05:00.000,0.0,0.0,0.0,0.0,0,0,196.67
SPY,2024-12-24,400.0,CALL,2024-12-24T13:10:00.000,0.0,0.0,0.0,0.0,0,0,196.67
SPY,2024-12-24,400.0,CALL,2024-12-24T13:15:00.000,0.0,0.0,0.0,0.0,0,0,196.67
SPY,2024-12-24,400.0,CALL,2024-12-24T13:20:00.000,0.0,0.0,0.0,0.0,0,0,196.67
SPY,2024-12-24,400.0,CALL,2024-12-24T13:25:00.000,0.0,0.0,0.0,0.0,0,0,196.67
SPY,2024-12-24,400.0,CALL,2024-12-24T13:30:00.000,0.0,0.0,0.0,0.0,0,0,196.67
SPY,2024-12-24,400.0,CALL,2024-12-24T13:35:00.000,0.0,0.0,0.0,0.0,0,0,196.67
SPY,2024-12-24,400.0,CALL,2024-12-24T13:40:00.000,0.0,0.0,0.0,0.0,0,0,196.67
SPY,2024-12-24,400.0,CALL,2024-12-24T13:45:00.000,0.0,0.0,0.0,0.0,0,0,196.67
SPY,2024-12-24,400.0,CALL,2024-12-24T13:50:00.000,0.0,0.0,0.0,0.0,0,0,196.67
SPY,2024-12-24,400.0,CALL,2024-12-24T13:55:00.000,0.0,0.0,0.0,0.0,0,0,196.67
SPY,2024-12-24,400.0,CALL,2024-12-24T14:00:00.000,0.0,0.0,0.0,0.0,0,0,196.67
SPY,2024-12-24,400.0,CALL,2024-12-24T14:05:00.000,0.0,0.0,0.0,0.0,0,0,196.67
SPY,2024-12-24,400.0,CALL,2024-12-24T14:10:00.000,0.0,0.0,0.0,0.0,0,0,196.67
SPY,2024-12-24,400.0,CALL,2024-12-24T14:15:00.000,0.0,0.0,0.0,0.0,0,0,196.67
SPY,2024-12-24,400.0,CALL,2024-12-24T14:20:00.000,0.0,0.0,0.0,0.0,0,0,196.67
SPY,2024-12-24,400.0,CALL,2024-12-24T14:25:00.000,0.0,0.0,0.0,0.0,0,0,196.67
SPY,2024-12-24,400.0,CALL,2024-12-24T14:30:00.000,0.0,0.0,0.0,0.0,0,0,196.67
SPY,2024-12-24,400.0,CALL,2024-12-24T14:35:00.000,0.0,0.0,0.0,0.0,0,0,196.67
SPY,2024-12-24,400.0,CALL,2024-12-24T14:40:00.000,0.0,0.0,0.0,0.0,0,0,196.67
SPY,2024-12-24,400.0,CALL,2024-12-24T14:45:00.000,0.0,0.0,0.0,0.0,0,0,196.67
SPY,2024-12-24,400.0,CALL,2024-12-24T14:50:00.000,0.0,0.0,0.0,0.0,0,0,196.67
SPY,2024-12-24,400.0,CALL,2024-12-24T14:55:00.000,0.0,0.0,0.0,0.0,0,0,196.67
SPY,2024-12-24,400.0,CALL,2024-12-24T15:00:00.000,0.0,0.0,0.0,0.0,0,0,196.67
SPY,2024-12-24,400.0,CALL,2024-12-24T15:05:00.000,0.0,0.0,0.0,0.0,0,0,196.67
SPY,2024-12-24,400.0,CALL,2024-12-24T15:10:00.000,0.0,0.0,0.0,0.0,0,0,196.67
SPY,2024-12-24,400.0,CALL,2024-12-24T15:15:00.000,0.0,0.0,0.0,0.0,0,0,196.67
SPY,2024-12-24,400.0,CALL,2024-12-24T15:20:00.000,0.0,0.0,0.0,0.0,0,0,196.67
SPY,2024-12-24,400.0,CALL,2024-12-24T15:25:00.000,0.0,0.0,0.0,0.0,0,0,196.67
SPY,2024-12-24,400.0,CALL,2024-12-24T15:30:00.000,0.0,0.0,0.0,0.0,0,0,196.67
SPY,2024-12-24,400.0,CALL,2024-12-24T15:35:00.000,0.0,0.0,0.0,0.0,0,0,196.67
SPY,2024-12-24,400.0,CALL,2024-12-24T15:40:00.000,0.0,0.0,0.0,0.0,0,0,196.67
SPY,2024-12-24,400.0,CALL,2024-12-24T15:45:00.000,0.0,0.0,0.0,0.0,0,0,196.67
SPY,2024-12-24,400.0,CALL,2024-12-24T15:50:00.000,0.0,0.0,0.0,0.0,0,0,196.67
SPY,2024-12-24,400.0,CALL,2024-12-24T15:55:00.000,0.0,0.0,0.0,0.0,0,0,196.67
SPY,2024-12-24,400.0,CALL,2024-12-24T16:00:00.000,0.0,0.0,0.0,0.0,0,0,196.67
SPY,2024-12-24,608.0,CALL,2024-12-24T09:30:00.000,0.0,0.0,0.0,0.0,0,0,0.0
SPY,2024-12-24,608.0,CALL,2024-12-24T09:35:00.000,0.0,0.0,0.0,0.0,0,0,0.0
SPY,2024-12-24,608.0,CALL,2024-12-24T09:40:00.000,0.0,0.0,0.0,0.0,0,0,0.0
SPY,2024-12-24,608.0,CALL,2024-12-24T09:45:00.000,0.01,0.01,0.01,0.01,3,2,0.01
SPY,2024-12-24,608.0,CALL,2024-12-24T09:50:00.000,0.01,0.01,0.01,0.01,7,2,0.01
SPY,2024-12-24,608.0,CALL,2024-12-24T09:55:00.000,0.01,0.01,0.01,0.01,2,2,0.01
SPY,2024-12-24,608.0,CALL,2024-12-24T10:00:00.000,0.01,0.01,0.01,0.01,1,1,0.01
SPY,2024-12-24,608.0,CALL,2024-12-24T10:05:00.000,0.01,0.01,0.01,0.01,4,2,0.01
SPY,2024-12-24,608.0,CALL,2024-12-24T10:10:00.000,0.0,0.0,0.0,0.0,0,0,0.01
SPY,2024-12-24,608.0,CALL,2024-12-24T10:15:00.000,0.01,0.01,0.01,0.01,2,2,0.01
SPY,2024-12-24,608.0,CALL,2024-12-24T10:20:00.000,0.0,0.0,0.0,0.0,0,0,0.01
SPY,2024-12-24,608.0,CALL,2024-12-24T10:25:00.000,0.0,0.0,0.0,0.0,0,0,0.01
SPY,2024-12-24,608.0,CALL,2024-12-24T10:30:00.000,0.01,0.01,0.01,0.01,53,8,0.01
SPY,2024-12-24,608.0,CALL,2024-12-24T10:35:00.000,0.01,0.01,0.01,0.01,3,2,0.01
SPY,2024-12-24,608.0,CALL,2024-12-24T10:40:00.000,0.01,0.01,0.01,0.01,3,2,0.01
SPY,2024-12-24,608.0,CALL,2024-12-24T10:45:00.000,0.01,0.01,0.01,0.01,14,4,0.01
SPY,2024-12-24,608.0,CALL,2024-12-24T10:50:00.000,0.01,0.01,0.01,0.01,2,1,0.01
SPY,2024-12-24,608.0,CALL,2024-12-24T10:55:00.000,0.0,0.0,0.0,0.0,0,0,0.01
SPY,2024-12-24,608.0,CALL,2024-12-24T11:00:00.000,0.01,0.01,0.01,0.01,6,1,0.01
SPY,2024-12-24,608.0,CALL,2024-12-24T11:05:00.000,0.0,0.0,0.0,0.0,0,0,0.01
SPY,2024-12-24,608.0,CALL,2024-12-24T11:10:00.000,0.0,0.0,0.0,0.0,0,0,0.01
SPY,2024-12-24,608.0,CALL,2024-12-24T11:15:00.000,0.0,0.0,0.0,0.0,0,0,0.01
SPY,2024-12-24,608.0,CALL,2024-12-24T11:20:00.000,0.0,0.0,0.0,0.0,0,0,0.01
SPY,2024-12-24,608.0,CALL,2024-12-24T11:25:00.000,0.0,0.0,0.0,0.0,0,0,0.01
SPY,2024-12-24,608.0,CALL,2024-12-24T11:30:00.000,0.0,0.0,0.0,0.0,0,0,0.01
SPY,2024-12-24,608.0,CALL,2024-12-24T11:35:00.000,0.0,0.0,0.0,0.0,0,0,0.01
SPY,2024-12-24,608.0,CALL,2024-12-24T11:40:00.000,0.0,0.0,0.0,0.0,0,0,0.01
SPY,2024-12-24,608.0,CALL,2024-12-24T11:45:00.000,0.01,0.01,0.01,0.01,2,2,0.01
SPY,2024-12-24,608.0,CALL,2024-12-24T11:50:00.000,0.01,0.01,0.01,0.01,2,1,0.01
SPY,2024-12-24,608.0,CALL,2024-12-24T11:55:00.000,0.0,0.0,0.0,0.0,0,0,0.01
SPY,2024-12-24,608.0,CALL,2024-12-24T12:00:00.000,0.0,0.0,0.0,0.0,0,0,0.01
SPY,2024-12-24,608.0,CALL,2024-12-24T12:05:00.000,0.0,0.0,0.0,0.0,0,0,0.01
SPY,2024-12-24,608.0,CALL,2024-12-24T12:10:00.000,0.0,0.0,0.0,0.0,0,0,0.01
SPY,2024-12-24,608.0,CALL,2024-12-24T12:15:00.000,0.0,0.0,0.0,0.0,0,0,0.01
SPY,2024-12-24,608.0,CALL,2024-12-24T12:20:00.000,0.01,0.01,0.01,0.01,1,1,0.01
SPY,2024-12-24,608.0,CALL,2024-12-24T12:25:00.000,0.0,0.0,0.0,0.0,0,0,0.01
SPY,2024-12-24,608.0,CALL,2024-12-24T12:30:00.000,0.0,0.0,0.0,0.0,0,0,0.01
SPY,2024-12-24,608.0,CALL,2024-12-24T12:35:00.000,0.0,0.0,0.0,0.0,0,0,0.01
SPY,2024-12-24,608.0,CALL,2024-12-24T12:40:00.000,0.0,0.0,0.0,0.0,0,0,0.01
SPY,2024-12-24,608.0,CALL,2024-12-24T12:45:00.000,0.0,0.0,0.0,0.0,0,0,0.01
SPY,2024-12-24,608.0,CALL,2024-12-24T12:50:00.000,0.0,0.0,0.0,0.0,0,0,0.01
SPY,2024-12-24,608.0,CALL,2024-12-24T12:55:00.000,0.0,0.0,0.0,0.0,0,0,0.01
SPY,2024-12-24,608.0,CALL,2024-12-24T13:00:00.000,0.0,0.0,0.0,0.0,0,0,0.01
SPY,2024-12-24,608.0,CALL,2024-12-24T13:05:00.000,0.0,0.0,0.0,0.0,0,0,0.01
SPY,2024-12-24,608.0,CALL,2024-12-24T13:10:00.000,0.0,0.0,0.0,0.0,0,0,0.01
SPY,2024-12-24,608.0,CALL,2024-12-24T13:15:00.000,0.0,0.0,0.0,0.0,0,0,0.01
SPY,2024-12-24,608.0,CALL,2024-12-24T13:20:00.000,0.0,0.0,0.0,0.0,0,0,0.01
SPY,2024-12-24,608.0,CALL,2024-12-24T13:25:00.000,0.0,0.0,0.0,0.0,0,0,0.01
SPY,2024-12-24,608.0,CALL,2024-12-24T13:30:00.000,0.0,0.0,0.0,0.0,0,0,0.01
SPY,2024-12-24,608.0,CALL,2024-12-24T13:35:00.000,0.0,0.0,0.0,0.0,0,0,0.01
SPY,2024-12-24,608.0,CALL,2024-12-24T13:40:00.000,0.0,0.0,0.0,0.0,0,0,0.01
SPY,2024-12-24,608.0,CALL,2024-12-24T13:45:00.000,0.0,0.0,0.0,0.0,0,0,0.01
SPY,2024-12-24,608.0,CALL,2024-12-24T13:50:00.000,0.0,0.0,0.0,0.0,0,0,0.01
SPY,2024-12-24,608.0,CALL,2024-12-24T13:55:00.000,0.0,0.0,0.0,0.0,0,0,0.01
SPY,2024-12-24,608.0,CALL,2024-12-24T14:00:00.000,0.0,0.0,0.0,0.0,0,0,0.01
SPY,2024-12-24,608.0,CALL,2024-12-24T14:05:00.000,0.0,0.0,0.0,0.0,0,0,0.01
SPY,2024-12-24,608.0,CALL,2024-12-24T14:10:00.000,0.0,0.0,0.0,0.0,0,0,0.01
SPY,2024-12-24,608.0,CALL,2024-12-24T14:15:00.000,0.0,0.0,0.0,0.0,0,0,0.01
SPY,2024-12-24,608.0,CALL,2024-12-24T14:20:00.000,0.0,0.0,0.0,0.0,0,0,0.01
SPY,2024-12-24,608.0,CALL,2024-12-24T14:25:00.000,0.0,0.0,0.0,0.0,0,0,0.01
SPY,2024-12-24,608.0,CALL,2024-12-24T14:30:00.000,0.0,0.0,0.0,0.0,0,0,0.01
SPY,2024-12-24,608.0,CALL,2024-12-24T14:35:00.000,0.0,0.0,0.0,0.0,0,0,0.01
SPY,2024-12-24,608.0,CALL,2024-12-24T14:40:00.000,0.0,0.0,0.0,0.0,0,0,0.01
SPY,2024-12-24,608.0,CALL,2024-12-24T14:45:00.000,0.0,0.0,0.0,0.0,0,0,0.01
SPY,2024-12-24,608.0,CALL,2024-12-24T14:50:00.000,0.0,0.0,0.0,0.0,0,0,0.01
SPY,2024-12-24,608.0,CALL,2024-12-24T14:55:00.000,0.0,0.0,0.0,0.0,0,0,0.01
SPY,2024-12-24,608.0,CALL,2024-12-24T15:00:00.000,0.0,0.0,0.0,0.0,0,0,0.01
SPY,2024-12-24,608.0,CALL,2024-12-24T15:05:00.000,0.0,0.0,0.0,0.0,0,0,0.01
SPY,2024-12-24,608.0,CALL,2024-12-24T15:10:00.000,0.0,0.0,0.0,0.0,0,0,0.01
SPY,2024-12-24,608.0,CALL,2024-12-24T15:15:00.000,0.0,0.0,0.0,0.0,0,0,0.01
SPY,2024-12-24,608.0,CALL,2024-12-24T15:20:00.000,0.0,0.0,0.0,0.0,0,0,0.01
SPY,2024-12-24,608.0,CALL,2024-12-24T15:25:00.000,0.0,0.0,0.0,0.0,0,0,0.01
SPY,2024-12-24,608.0,CALL,2024-12-24T15:30:00.000,0.0,0.0,0.0,0.0,0,0,0.01
SPY,2024-12-24,608.0,CALL,2024-12-24T15:35:00.000,0.0,0.0,0.0,0.0,0,0,0.01
SPY,2024-12-24,608.0,CALL,2024-12-24T15:40:00.000,0.0,0.0,0.0,0.0,0,0,0.01
SPY,2024-12-24,608.0,CALL,2024-12-24T15:45:00.000,0.0,0.0,0.0,0.0,0,0,0.01
SPY,2024-12-24,608.0,CALL,2024-12-24T15:50:00.000,0.0,0.0,0.0,0.0,0,0,0.01
SPY,2024-12-24,608.0,CALL,2024-12-24T15:55:00.000,0.0,0.0,0.0,0.0,0,0,0.01
SPY,2024-12-24,608.0,CALL,2024-12-24T16:00:00.000,0.0,0.0,0.0,0.0,0,0,0.01
SPY,2024-12-24,592.0,CALL,2024-12-24T09:30:00.000,4.18,4.36,3.69,4.28,928,137,3.91
SPY,2024-12-24,592.0,CALL,2024-12-24T09:35:00.000,4.23,4.8,3.96,4.53,451,66,4.12
SPY,2024-12-24,592.0,CALL,2024-12-24T09:40:00.000,4.63,5.08,4.57,4.88,204,63,4.21
SPY,2024-12-24,592.0,CALL,2024-12-24T09:45:00.000,4.88,5.07,4.83,4.97,181,42,4.29
SPY,2024-12-24,592.0,CALL,2024-12-24T09:50:00.000,4.66,5.2,4.64,5.09,151,30,4.33
SPY,2024-12-24,592.0,CALL,2024-12-24T09:55:00.000,4.98,5.3,4.93,5.18,100,21,4.38
SPY,2024-12-24,592.0,CALL,2024-12-24T10:00:00.000,5.3,5.84,5.26,5.84,310,41,4.54
SPY,2024-12-24,592.0,CALL,2024-12-24T10:05:00.000,5.71,6.06,5.52,5.52,56,32,4.57
SPY,2024-12-24,592.0,CALL,2024-12-24T10:10:00.000,5.62,6.11,5.62,6.11,126,22,4.63
SPY,2024-12-24,592.0,CALL,2024-12-24T10:15:00.000,6.13,6.29,6.09,6.18,77,21,4.68
SPY,2024-12-24,592.0,CALL,2024-12-24T10:20:00.000,6.17,6.25,5.85,6.12,79,22,4.72
SPY,2024-12-24,592.0,CALL,2024-12-24T10:25:00.000,6.18,6.26,6.15,6.25,15,6,4.73
SPY,2024-12-24,592.0,CALL,2024-12-24T10:30:00.000,6.24,6.64,6.18,6.58,163,18,4.83
SPY,2024-12-24,592.0,CALL,2024-12-24T10:35:00.000,6.61,6.88,6.55,6.7,141,9,4.92
SPY,2024-12-24,592.0,CALL,2024-12-24T10:40:00.000,6.78,7.26,6.78,7.25,194,22,5.05
SPY,2024-12-24,592.0,CALL,2024-12-24T10:45:00.000,7.14,7.29,6.8,7.26,39,18,5.08
SPY,2024-12-24,592.0,CALL,2024-12-24T10:50:00.000,7.13,7.14,6.8,6.82,21,14,5.09
SPY,2024-12-24,592.0,CALL,2024-12-24T10:55:00.000,6.89,6.89,6.89,6.89,1,1,5.09
SPY,2024-12-24,592.0,CALL,2024-12-24T11:00:00.000,7.19,7.23,7.13,7.13,22,5,5.11
SPY,2024-12-24,592.0,CALL,2024-12-24T11:05:00.000,7.0,7.08,6.87,6.98,73,15,5.15
SPY,2024-12-24,592.0,CALL,2024-12-24T11:10:00.000,7.0,7.1,6.85,7.08,21,11,5.16
SPY,2024-12-24,592.0,CALL,2024-12-24T11:15:00.000,7.05,7.21,7.05,7.07,26,9,5.17
SPY,2024-12-24,592.0,CALL,2024-12-24T11:20:00.000,7.08,7.25,7.0,7.25,8,3,5.18
SPY,2024-12-24,592.0,CALL,2024-12-24T11:25:00.000,7.29,7.42,7.26,7.26,111,6,5.24
SPY,2024-12-24,592.0,CALL,2024-12-24T11:30:00.000,7.12,7.3,7.12,7.3,7,4,5.25
SPY,2024-12-24,592.0,CALL,2024-12-24T11:35:00.000,7.36,7.5,7.26,7.32,14,8,5.26
SPY,2024-12-24,592.0,CALL,2024-12-24T11:40:00.000,7.68,7.68,7.52,7.66,25,6,5.27
SPY,2024-12-24,592.0,CALL,2024-12-24T11:45:00.000,7.58,7.63,7.58,7.63,11,2,5.28
SPY,2024-12-24,592.0,CALL,2024-12-24T11:50:00.000,7.73,7.73,6.81,7.0,77,14,5.32
SPY,2024-12-24,592.0,CALL,2024-12-24T11:55:00.000,7.3,7.58,7.15,7.45,23,6,5.33
SPY,2024-12-24,592.0,CALL,2024-12-24T12:00:00.000,6.94,7.31,6.94,7.2,39,10,5.35
SPY,2024-12-24,592.0,CALL,2024-12-24T12:05:00.000,7.38,7.44,7.37,7.44,7,6,5.36
SPY,2024-12-24,592.0,CALL,2024-12-24T12:10:00.000,7.42,7.8,7.42,7.8,13,5,5.36
SPY,2024-12-24,592.0,CALL,2024-12-24T12:15:00.000,7.87,7.87,7.59,7.8,3,3,5.37
SPY,2024-12-24,592.0,CALL,2024-12-24T12:20:00.000,8.0,8.14,8.0,8.14,4,3,5.37
SPY,2024-12-24,592.0,CALL,2024-12-24T12:25:00.000,8.25,8.25,8.18,8.18,7,2,5.37
SPY,2024-12-24,592.0,CALL,2024-12-24T12:30:00.000,8.13,8.13,7.5,7.5,28,17,5.39
SPY,2024-12-24,592.0,CALL,2024-12-24T12:35:00.000,7.42,7.76,7.31,7.76,58,29,5.43
SPY,2024-12-24,592.0,CALL,2024-12-24T12:40:00.000,8.05,8.09,7.88,7.88,20,7,5.44
SPY,2024-12-24,592.0,CALL,2024-12-24T12:45:00.000,7.69,8.08,7.6,8.08,43,6,5.46
SPY,2024-12-24,592.0,CALL,2024-12-24T12:50:00.000,8.16,8.58,8.16,8.58,28,9,5.48
SPY,2024-12-24,592.0,CALL,2024-12-24T12:55:00.000,8.84,9.07,8.84,9.0,3,3,5.49
SPY,2024-12-24,592.0,CALL,2024-12-24T13:00:00.000,8.95,8.95,8.36,8.36,6,2,5.49
SPY,2024-12-24,592.0,CALL,2024-12-24T13:05:00.000,0.0,0.0,0.0,0.0,0,0,5.49
SPY,2024-12-24,592.0,CALL,2024-12-24T13:10:00.000,8.46,9.0,8.46,9.0,2,2,5.49
SPY,2024-12-24,592.0,CALL,2024-12-24T13:15:00.000,0.0,0.0,0.0,0.0,0,0,5.49
SPY,2024-12-24,592.0,CALL,2024-12-24T13:20:00.000,0.0,0.0,0.0,0.0,0,0,5.49
SPY,2024-12-24,592.0,CALL,2024-12-24T13:25:00.000,0.0,0.0,0.0,0.0,0,0,5.49
SPY,2024-12-24,592.0,CALL,2024-12-24T13:30:00.000,0.0,0.0,0.0,0.0,0,0,5.49
SPY,2024-12-24,592.0,CALL,2024-12-24T13:35:00.000,0.0,0.0,0.0,0.0,0,0,5.49
SPY,2024-12-24,592.0,CALL,2024-12-24T13:40:00.000,0.0,0.0,0.0,0.0,0,0,5.49
SPY,2024-12-24,592.0,CALL,2024-12-24T13:45:00.000,0.0,0.0,0.0,0.0,0,0,5.49
SPY,2024-12-24,592.0,CALL,2024-12-24T13:50:00.000,0.0,0.0,0.0,0.0,0,0,5.49
SPY,2024-12-24,592.0,CALL,2024-12-24T13:55:00.000,0.0,0.0,0.0,0.0,0,0,5.49
SPY,2024-12-24,592.0,CALL,2024-12-24T14:00:00.000,0.0,0.0,0.0,0.0,0,0,5.49
SPY,2024-12-24,592.0,CALL,2024-12-24T14:05:00.000,0.0,0.0,0.0,0.0,0,0,5.49
SPY,2024-12-24,592.0,CALL,2024-12-24T14:10:00.000,0.0,0.0,0.0,0.0,0,0,5.49
SPY,2024-12-24,592.0,CALL,2024-12-24T14:15:00.000,0.0,0.0,0.0,0.0,0,0,5.49
SPY,2024-12-24,592.0,CALL,2024-12-24T14:20:00.000,0.0,0.0,0.0,0.0,0,0,5.49
SPY,2024-12-24,592.0,CALL,2024-12-24T14:25:00.000,0.0,0.0,0.0,0.0,0,0,5.49
SPY,2024-12-24,592.0,CALL,2024-12-24T14:30:00.000,0.0,0.0,0.0,0.0,0,0,5.49
SPY,2024-12-24,592.0,CALL,2024-12-24T14:35:00.000,0.0,0.0,0.0,0.0,0,0,5.49
SPY,2024-12-24,592.0,CALL,2024-12-24T14:40:00.000,0.0,0.0,0.0,0.0,0,0,5.49
SPY,2024-12-24,592.0,CALL,2024-12-24T14:45:00.000,0.0,0.0,0.0,0.0,0,0,5.49
SPY,2024-12-24,592.0,CALL,2024-12-24T14:50:00.000,0.0,0.0,0.0,0.0,0,0,5.49
SPY,2024-12-24,592.0,CALL,2024-12-24T14:55:00.000,0.0,0.0,0.0,0.0,0,0,5.49
SPY,2024-12-24,592.0,CALL,2024-12-24T15:00:00.000,0.0,0.0,0.0,0.0,0,0,5.49
SPY,2024-12-24,592.0,CALL,2024-12-24T15:05:00.000,0.0,0.0,0.0,0.0,0,0,5.49
SPY,2024-12-24,592.0,CALL,2024-12-24T15:10:00.000,0.0,0.0,0.0,0.0,0,0,5.49
SPY,2024-12-24,592.0,CALL,2024-12-24T15:15:00.000,0.0,0.0,0.0,0.0,0,0,5.49
SPY,2024-12-24,592.0,CALL,2024-12-24T15:20:00.000,0.0,0.0,0.0,0.0,0,0,5.49
SPY,2024-12-24,592.0,CALL,2024-12-24T15:25:00.000,0.0,0.0,0.0,0.0,0,0,5.49
SPY,2024-12-24,592.0,CALL,2024-12-24T15:30:00.000,0.0,0.0,0.0,0.0,0,0,5.49
SPY,2024-12-24,592.0,CALL,2024-12-24T15:35:00.000,0.0,0.0,0.0,0.0,0,0,5.49
SPY,2024-12-24,592.0,CALL,2024-12-24T15:40:00.000,0.0,0.0,0.0,0.0,0,0,5.49
SPY,2024-12-24,592.0,CALL,2024-12-24T15:45:00.000,0.0,0.0,0.0,0.0,0,0,5.49
SPY,2024-12-24,592.0,CALL,2024-12-24T15:50:00.000,0.0,0.0,0.0,0.0,0,0,5.49
SPY,2024-12-24,592.0,CALL,2024-12-24T15:55:00.000,0.0,0.0,0.0,0.0,0,0,5.49
SPY,2024-12-24,592.0,CALL,2024-12-24T16:00:00.000,0.0,0.0,0.0,0.0,0,0,5.49
SPY,2024-12-24,576.0,CALL,2024-12-24T09:30:00.000,0.0,0.0,0.0,0.0,0,0,0.0
SPY,2024-12-24,576.0,CALL,2024-12-24T09:35:00.000,0.0,0.0,0.0,0.0,0,0,0.0
SPY,2024-12-24,576.0,CALL,2024-12-24T09:40:00.000,0.0,0.0,0.0,0.0,0,0,0.0
SPY,2024-12-24,576.0,CALL,2024-12-24T09:45:00.000,0.0,0.0,0.0,0.0,0,0,0.0
SPY,2024-12-24,576.0,CALL,2024-12-24T09:50:00.000,0.0,0.0,0.0,0.0,0,0,0.0
SPY,2024-12-24,576.0,CALL,2024-12-24T09:55:00.000,0.0,0.0,0.0,0.0,0,0,0.0
SPY,2024-12-24,576.0,CALL,2024-12-24T10:00:00.000,0.0,0.0,0.0,0.0,0,0,0.0
SPY,2024-12-24,576.0,CALL,2024-12-24T10:05:00.000,0.0,0.0,0.0,0.0,0,0,0.0
SPY,2024-12-24,576.0,CALL,2024-12-24T10:10:00.000,0.0,0.0,0.0,0.0,0,0,0.0
SPY,2024-12-24,576.0,CALL,2024-12-24T10:15:00.000,0.0,0.0,0.0,0.0,0,0,0.0
SPY,2024-12-24,576.0,CALL,2024-12-24T10:20:00.000,0.0,0.0,0.0,0.0,0,0,0.0
SPY,2024-12-24,576.0,CALL,2024-12-24T10:25:00.000,0.0,0.0,0.0,0.0,0,0,0.0
SPY,2024-12-24,576.0,CALL,2024-12-24T10:30:00.000,22.3,22.3,22.3,22.3,44,1,22.3
SPY,2024-12-24,576.0,CALL,2024-12-24T10:35:00.000,0.0,0.0,0.0,0.0,0,0,22.3
SPY,2024-12-24,576.0,CALL,2024-12-24T10:40:00.000,0.0,0.0,0.0,0.0,0,0,22.3
SPY,2024-12-24,576.0,CALL,2024-12-24T10:45:00.000,23.19,23.19,23.19,23.19,44,1,22.74
SPY,2024-12-24,576.0,CALL,2024-12-24T10:50:00.000,0.0,0.0,0.0,0.0,0,0,22.74
SPY,2024-12-24,576.0,CALL,2024-12-24T10:55:00.000,0.0,0.0,0.0,0.0,0,0,22.74
SPY,2024-12-24,576.0,CALL,2024-12-24T11:00:00.000,0.0,0.0,0.0,0.0,0,0,22.74
SPY,2024-12-24,576.0,CALL,2024-12-24T11:05:00.000,0.0,0.0,0.0,0.0,0,0,22.74
SPY,2024-12-24,576.0,CALL,2024-12-24T11:10:00.000,0.0,0.0,0.0,0.0,0,0,22.74
SPY,2024-12-24,576.0,CALL,2024-12-24T11:15:00.000,0.0,0.0,0.0,0.0,0,0,22.74
SPY,2024-12-24,576.0,CALL,2024-12-24T11:20:00.000,0.0,0.0,0.0,0.0,0,0,22.74
SPY,2024-12-24,576.0,CALL,2024-12-24T11:25:00.000,0.0,0.0,0.0,0.0,0,0,22.74
SPY,2024-12-24,576.0,CALL,2024-12-24T11:30:00.000,0.0,0.0,0.0,0.0,0,0,22.74
SPY,2024-12-24,576.0,CALL,2024-12-24T11:35:00.000,0.0,0.0,0.0,0.0,0,0,22.74
SPY,2024-12-24,576.0,CALL,2024-12-24T11:40:00.000,0.0,0.0,0.0,0.0,0,0,22.74
SPY,2024-12-24,576.0,CALL,2024-12-24T11:45:00.000,0.0,0.0,0.0,0.0,0,0,22.74
SPY,2024-12-24,576.0,CALL,2024-12-24T11:50:00.000,0.0,0.0,0.0,0.0,0,0,22.74
SPY,2024-12-24,576.0,CALL,2024-12-24T11:55:00.000,0.0,0.0,0.0,0.0,0,0,22.74
SPY,2024-12-24,576.0,CALL,2024-12-24T12:00:00.000,0.0,0.0,0.0,0.0,0,0,22.74
SPY,2024-12-24,576.0,CALL,2024-12-24T12:05:00.000,0.0,0.0,0.0,0.0,0,0,22.74
SPY,2024-12-24,576.0,CALL,2024-12-24T12:10:00.000,0.0,0.0,0.0,0.0,0,0,22.74
SPY,2024-12-24,576.0,CALL,2024-12-24T12:15:00.000,0.0,0.0,0.0,0.0,0,0,22.74
SPY,2024-12-24,576.0,CALL,2024-12-24T12:20:00.000,0.0,0.0,0.0,0.0,0,0,22.74
SPY,2024-12-24,576.0,CALL,2024-12-24T12:25:00.000,0.0,0.0,0.0,0.0,0,0,22.74
SPY,2024-12-24,576.0,CALL,2024-12-24T12:30:00.000,0.0,0.0,0.0,0.0,0,0,22.74
SPY,2024-12-24,576.0,CALL,2024-12-24T12:35:00.000,23.45,23.45,23.45,23.45,1,1,22.75
SPY,2024-12-24,576.0,CALL,2024-12-24T12:40:00.000,0.0,0.0,0.0,0.0,0,0,22.75
SPY,2024-12-24,576.0,CALL,2024-12-24T12:45:00.000,0.0,0.0,0.0,0.0,0,0,22.75
SPY,2024-12-24,576.0,CALL,2024-12-24T12:50:00.000,0.0,0.0,0.0,0.0,0,0,22.75
SPY,2024-12-24,576.0,CALL,2024-12-24T12:55:00.000,0.0,0.0,0.0,0.0,0,0,22.75
SPY,2024-12-24,576.0,CALL,2024-12-24T13:00:00.000,0.0,0.0,0.0,0.0,0,0,22.75
SPY,2024-12-24,576.0,CALL,2024-12-24T13:05:00.000,0.0,0.0,0.0,0.0,0,0,22.75
SPY,2024-12-24,576.0,CALL,2024-12-24T13:10:00.000,0.0,0.0,0.0,0.0,0,0,22.75
SPY,2024-12-24,576.0,CALL,2024-12-24T13:15:00.000,0.0,0.0,0.0,0.0,0,0,22.75
SPY,2024-12-24,576.0,CALL,2024-12-24T13:20:00.000,0.0,0.0,0.0,0.0,0,0,22.75
SPY,2024-12-24,576.0,CALL,2024-12-24T13:25:00.000,0.0,0.0,0.0,0.0,0,0,22.75
SPY,2024-12-24,576.0,CALL,2024-12-24T13:30:00.000,0.0,0.0,0.0,0.0,0,0,22.75
SPY,2024-12-24,576.0,CALL,2024-12-24T13:35:00.000,0.0,0.0,0.0,0.0,0,0,22.75
SPY,2024-12-24,576.0,CALL,2024-12-24T13:40:00.000,0.0,0.0,0.0,0.0,0,0,22.75
SPY,2024-12-24,576.0,CALL,2024-12-24T13:45:00.000,0.0,0.0,0.0,0.0,0,0,22.75
SPY,2024-12-24,576.0,CALL,2024-12-24T13:50:00.000,0.0,0.0,0.0,0.0,0,0,22.75
SPY,2024-12-24,576.0,CALL,2024-12-24T13:55:00.000,0.0,0.0,0.0,0.0,0,0,22.75
SPY,2024-12-24,576.0,CALL,2024-12-24T14:00:00.000,0.0,0.0,0.0,0.0,0,0,22.75
SPY,2024-12-24,576.0,CALL,2024-12-24T14:05:00.000,0.0,0.0,0.0,0.0,0,0,22.75
SPY,2024-12-24,576.0,CALL,2024-12-24T14:10:00.000,0.0,0.0,0.0,0.0,0,0,22.75
SPY,2024-12-24,576.0,CALL,2024-12-24T14:15:00.000,0.0,0.0,0.0,0.0,0,0,22.75
SPY,2024-12-24,576.0,CALL,2024-12-24T14:20:00.000,0.0,0.0,0.0,0.0,0,0,22.75
SPY,2024-12-24,576.0,CALL,2024-12-24T14:25:00.000,0.0,0.0,0.0,0.0,0,0,22.75
SPY,2024-12-24,576.0,CALL,2024-12-24T14:30:00.000,0.0,0.0,0.0,0.0,0,0,22.75
SPY,2024-12-24,576.0,CALL,2024-12-24T14:35:00.000,0.0,0.0,0.0,0.0,0,0,22.75
SPY,2024-12-24,576.0,CALL,2024-12-24T14:40:00.000,0.0,0.0,0.0,0.0,0,0,22.75
SPY,2024-12-24,576.0,CALL,2024-12-24T14:45:00.000,0.0,0.0,0.0,0.0,0,0,22.75
SPY,2024-12-24,576.0,CALL,2024-12-24T14:50:00.000,0.0,0.0,0.0,0.0,0,0,22.75
SPY,2024-12-24,576.0,CALL,2024-12-24T14:55:00.000,0.0,0.0,0.0,0.0,0,0,22.75
SPY,2024-12-24,576.0,CALL,2024-12-24T15:00:00.000,0.0,0.0,0.0,0.0,0,0,22.75
SPY,2024-12-24,576.0,CALL,2024-12-24T15:05:00.000,0.0,0.0,0.0,0.0,0,0,22.75
SPY,2024-12-24,576.0,CALL,2024-12-24T15:10:00.000,0.0,0.0,0.0,0.0,0,0,22.75
SPY,2024-12-24,576.0,CALL,2024-12-24T15:15:00.000,0.0,0.0,0.0,0.0,0,0,22.75
SPY,2024-12-24,576.0,CALL,2024-12-24T15:20:00.000,0.0,0.0,0.0,0.0,0,0,22.75
SPY,2024-12-24,576.0,CALL,2024-12-24T15:25:00.000,0.0,0.0,0.0,0.0,0,0,22.75
SPY,2024-12-24,576.0,CALL,2024-12-24T15:30:00.000,0.0,0.0,0.0,0.0,0,0,22.75
SPY,2024-12-24,576.0,CALL,2024-12-24T15:35:00.000,0.0,0.0,0.0,0.0,0,0,22.75
SPY,2024-12-24,576.0,CALL,2024-12-24T15:40:00.000,0.0,0.0,0.0,0.0,0,0,22.75
SPY,2024-12-24,576.0,CALL,2024-12-24T15:45:00.000,0.0,0.0,0.0,0.0,0,0,22.75
SPY,2024-12-24,576.0,CALL,2024-12-24T15:50:00.000,0.0,0.0,0.0,0.0,0,0,22.75
SPY,2024-12-24,576.0,CALL,2024-12-24T15:55:00.000,0.0,0.0,0.0,0.0,0,0,22.75
SPY,2024-12-24,576.0,CALL,2024-12-24T16:00:00.000,0.0,0.0,0.0,0.0,0,0,22.75
SPY,2024-12-24,560.0,CALL,2024-12-24T09:30:00.000,36.0,36.0,36.0,36.0,44,1,36.0
SPY,2024-12-24,560.0,CALL,2024-12-24T09:35:00.000,36.21,36.21,36.21,36.21,44,1,36.1
SPY,2024-12-24,560.0,CALL,2024-12-24T09:40:00.000,37.26,37.26,36.88,36.88,88,2,36.58
SPY,2024-12-24,560.0,CALL,2024-12-24T09:45:00.000,36.79,36.79,36.79,36.79,44,1,36.62
SPY,2024-12-24,560.0,CALL,2024-12-24T09:50:00.000,36.86,36.86,36.86,36.86,44,1,36.66
SPY,2024-12-24,560.0,CALL,2024-12-24T09:55:00.000,36.81,36.81,36.81,36.81,44,1,36.68
SPY,2024-12-24,560.0,CALL,2024-12-24T10:00:00.000,37.31,37.46,37.06,37.46,132,3,36.86
SPY,2024-12-24,560.0,CALL,2024-12-24T10:05:00.000,37.52,37.52,37.52,37.52,44,1,36.92
SPY,2024-12-24,560.0,CALL,2024-12-24T10:10:00.000,37.14,37.74,37.14,37.61,176,4,37.07
SPY,2024-12-24,560.0,CALL,2024-12-24T10:15:00.000,0.0,0.0,0.0,0.0,0,0,37.07
SPY,2024-12-24,560.0,CALL,2024-12-24T10:20:00.000,37.92,37.92,37.92,37.92,100,1,37.18
SPY,2024-12-24,560.0,CALL,2024-12-24T10:25:00.000,0.0,0.0,0.0,0.0,0,0,37.18
SPY,2024-12-24,560.0,CALL,2024-12-24T10:30:00.000,38.62,38.62,38.21,38.21,208,2,37.44
SPY,2024-12-24,560.0,CALL,2024-12-24T10:35:00.000,39.23,39.23,39.23,39.23,100,1,37.61
SPY,2024-12-24,560.0,CALL,2024-12-24T10:40:00.000,38.78,38.97,38.5,38.97,252,3,37.83
SPY,2024-12-24,560.0,CALL,2024-12-24T10:45:00.000,0.0,0.0,0.0,0.0,0,0,37.83
SPY,2024-12-24,560.0,CALL,2024-12-24T10:50:00.000,0.0,0.0,0.0,0.0,0,0,37.83
SPY,2024-12-24,560.0,CALL,2024-12-24T10:55:00.000,0.0,0.0,0.0,0.0,0,0,37.83
SPY,2024-12-24,560.0,CALL,2024-12-24T11:00:00.000,0.0,0.0,0.0,0.0,0,0,37.83
SPY,2024-12-24,560.0,CALL,2024-12-24T11:05:00.000,0.0,0.0,0.0,0.0,0,0,37.83
SPY,2024-12-24,560.0,CALL,2024-12-24T11:10:00.000,0.0,0.0,0.0,0.0,0,0,37.83
SPY,2024-12-24,560.0,CALL,2024-12-24T11:15:00.000,0.0,0.0,0.0,0.0,0,0,37.83
SPY,2024-12-24,560.0,CALL,2024-12-24T11:20:00.000,0.0,0.0,0.0,0.0,0,0,37.83
SPY,2024-12-24,560.0,CALL,2024-12-24T11:25:00.000,0.0,0.0,0.0,0.0,0,0,37.83
SPY,2024-12-24,560.0,CALL,2024-12-24T11:30:00.000,0.0,0.0,0.0,0.0,0,0,37.83
SPY,2024-12-24,560.0,CALL,2024-12-24T11:35:00.000,0.0,0.0,0.0,0.0,0,0,37.83
SPY,2024-12-24,560.0,CALL,2024-12-24T11:40:00.000,0.0,0.0,0.0,0.0,0,0,37.83
SPY,2024-12-24,560.0,CALL,2024-12-24T11:45:00.000,0.0,0.0,0.0,0.0,0,0,37.83
SPY,2024-12-24,560.0,CALL,2024-12-24T11:50:00.000,0.0,0.0,0.0,0.0,0,0,37.83
SPY,2024-12-24,560.0,CALL,2024-12-24T11:55:00.000,0.0,0.0,0.0,0.0,0,0,37.83
SPY,2024-12-24,560.0,CALL,2024-12-24T12:00:00.000,0.0,0.0,0.0,0.0,0,0,37.83
SPY,2024-12-24,560.0,CALL,2024-12-24T12:05:00.000,0.0,0.0,0.0,0.0,0,0,37.83
SPY,2024-12-24,560.0,CALL,2024-12-24T12:10:00.000,0.0,0.0,0.0,0.0,0,0,37.83
SPY,2024-12-24,560.0,CALL,2024-12-24T12:15:00.000,0.0,0.0,0.0,0.0,0,0,37.83
SPY,2024-12-24,560.0,CALL,2024-12-24T12:20:00.000,0.0,0.0,0.0,0.0,0,0,37.83
SPY,2024-12-24,560.0,CALL,2024-12-24T12:25:00.000,0.0,0.0,0.0,0.0,0,0,37.83
SPY,2024-12-24,560.0,CALL,2024-12-24T12:30:00.000,0.0,0.0,0.0,0.0,0,0,37.83
SPY,2024-12-24,560.0,CALL,2024-12-24T12:35:00.000,0.0,0.0,0.0,0.0,0,0,37.83
SPY,2024-12-24,560.0,CALL,2024-12-24T12:40:00.000,0.0,0.0,0.0,0.0,0,0,37.83
SPY,2024-12-24,560.0,CALL,2024-12-24T12:45:00.000,0.0,0.0,0.0,0.0,0,0,37.83
SPY,2024-12-24,560.0,CALL,2024-12-24T12:50:00.000,0.0,0.0,0.0,0.0,0,0,37.83
SPY,2024-12-24,560.0,CALL,2024-12-24T12:55:00.000,0.0,0.0,0.0,0.0,0,0,37.83
SPY,2024-12-24,560.0,CALL,2024-12-24T13:00:00.000,0.0,0.0,0.0,0.0,0,0,37.83
SPY,2024-12-24,560.0,CALL,2024-12-24T13:05:00.000,0.0,0.0,0.0,0.0,0,0,37.83
SPY,2024-12-24,560.0,CALL,2024-12-24T13:10:00.000,0.0,0.0,0.0,0.0,0,0,37.83
SPY,2024-12-24,560.0,CALL,2024-12-24T13:15:00.000,0.0,0.0,0.0,0.0,0,0,37.83
SPY,2024-12-24,560.0,CALL,2024-12-24T13:20:00.000,0.0,0.0,0.0,0.0,0,0,37.83
SPY,2024-12-24,560.0,CALL,2024-12-24T13:25:00.000,0.0,0.0,0.0,0.0,0,0,37.83
SPY,2024-12-24,560.0,CALL,2024-12-24T13:30:00.000,0.0,0.0,0.0,0.0,0,0,37.83
SPY,2024-12-24,560.0,CALL,2024-12-24T13:35:00.000,0.0,0.0,0.0,0.0,0,0,37.83
SPY,2024-12-24,560.0,CALL,2024-12-24T13:40:00.000,0.0,0.0,0.0,0.0,0,0,37.83
SPY,2024-12-24,560.0,CALL,2024-12-24T13:45:00.000,0.0,0.0,0.0,0.0,0,0,37.83
SPY,2024-12-24,560.0,CALL,2024-12-24T13:50:00.000,0.0,0.0,0.0,0.0,0,0,37.83
SPY,2024-12-24,560.0,CALL,2024-12-24T13:55:00.000,0.0,0.0,0.0,0.0,0,0,37.83
SPY,2024-12-24,560.0,CALL,2024-12-24T14:00:00.000,0.0,0.0,0.0,0.0,0,0,37.83
SPY,2024-12-24,560.0,CALL,2024-12-24T14:05:00.000,0.0,0.0,0.0,0.0,0,0,37.83
SPY,2024-12-24,560.0,CALL,2024-12-24T14:10:00.000,0.0,0.0,0.0,0.0,0,0,37.83
SPY,2024-12-24,560.0,CALL,2024-12-24T14:15:00.000,0.0,0.0,0.0,0.0,0,0,37.83
SPY,2024-12-24,560.0,CALL,2024-12-24T14:20:00.000,0.0,0.0,0.0,0.0,0,0,37.83
SPY,2024-12-24,560.0,CALL,2024-12-24T14:25:00.000,0.0,0.0,0.0,0.0,0,0,37.83
SPY,2024-12-24,560.0,CALL,2024-12-24T14:30:00.000,0.0,0.0,0.0,0.0,0,0,37.83
SPY,2024-12-24,560.0,CALL,2024-12-24T14:35:00.000,0.0,0.0,0.0,0.0,0,0,37.83
SPY,2024-12-24,560.0,CALL,2024-12-24T14:40:00.000,0.0,0.0,0.0,0.0,0,0,37.83
SPY,2024-12-24,560.0,CALL,2024-12-24T14:45:00.000,0.0,0.0,0.0,0.0,0,0,37.83
SPY,2024-12-24,560.0,CALL,2024-12-24T14:50:00.000,0.0,0.0,0.0,0.0,0,0,37.83
SPY,2024-12-24,560.0,CALL,2024-12-24T14:55:00.000,0.0,0.0,0.0,0.0,0,0,37.83
SPY,2024-12-24,560.0,CALL,2024-12-24T15:00:00.000,0.0,0.0,0.0,0.0,0,0,37.83
SPY,2024-12-24,560.0,CALL,2024-12-24T15:05:00.000,0.0,0.0,0.0,0.0,0,0,37.83
SPY,2024-12-24,560.0,CALL,2024-12-24T15:10:00.000,0.0,0.0,0.0,0.0,0,0,37.83
SPY,2024-12-24,560.0,CALL,2024-12-24T15:15:00.000,0.0,0.0,0.0,0.0,0,0,37.83
SPY,2024-12-24,560.0,CALL,2024-12-24T15:20:00.000,0.0,0.0,0.0,0.0,0,0,37.83
SPY,2024-12-24,560.0,CALL,2024-12-24T15:25:00.000,0.0,0.0,0.0,0.0,0,0,37.83
SPY,2024-12-24,560.0,CALL,2024-12-24T15:30:00.000,0.0,0.0,0.0,0.0,0,0,37.83
SPY,2024-12-24,560.0,CALL,2024-12-24T15:35:00.000,0.0,0.0,0.0,0.0,0,0,37.83
SPY,2024-12-24,560.0,CALL,2024-12-24T15:40:00.000,0.0,0.0,0.0,0.0,0,0,37.83
SPY,2024-12-24,560.0,CALL,2024-12-24T15:45:00.000,0.0,0.0,0.0,0.0,0,0,37.83
SPY,2024-12-24,560.0,CALL,2024-12-24T15:50:00.000,0.0,0.0,0.0,0.0,0,0,37.83
SPY,2024-12-24,560.0,CALL,2024-12-24T15:55:00.000,0.0,0.0,0.0,0.0,0,0,37.83
SPY,2024-12-24,560.0,CALL,2024-12-24T16:00:00.000,0.0,0.0,0.0,0.0,0,0,37.83
SPY,2024-12-24,675.0,CALL,2024-12-24T09:30:00.000,0.0,0.0,0.0,0.0,0,0,0.0
SPY,2024-12-24,675.0,CALL,2024-12-24T09:35:00.000,0.0,0.0,0.0,0.0,0,0,0.0
SPY,2024-12-24,675.0,CALL,2024-12-24T09:40:00.000,0.01,0.01,0.01,0.01,3,2,0.01
SPY,2024-12-24,675.0,CALL,2024-12-24T09:45:00.000,0.0,0.0,0.0,0.0,0,0,0.01
SPY,2024-12-24,675.0,CALL,2024-12-24T09:50:00.000,0.0,0.0,0.0,0.0,0,0,0.01
SPY,2024-12-24,675.0,CALL,2024-12-24T09:55:00.000,0.0,0.0,0.0,0.0,0,0,0.01
SPY,2024-12-24,675.0,CALL,2024-12-24T10:00:00.000,0.0,0.0,0.0,0.0,0,0,0.01
SPY,2024-12-24,675.0,CALL,2024-12-24T10:05:00.000,0.0,0.0,0.0,0.0,0,0,0.01
SPY,2024-12-24,675.0,CALL,2024-12-24T10:10:00.000,0.0,0.0,0.0,0.0,0,0,0.01
SPY,2024-12-24,675.0,CALL,2024-12-24T10:15:00.000,0.0,0.0,0.0,0.0,0,0,0.01
SPY,2024-12-24,675.0,CALL,2024-12-24T10:20:00.000,0.0,0.0,0.0,0.0,0,0,0.01
SPY,2024-12-24,675.0,CALL,2024-12-24T10:25:00.000,0.0,0.0,0.0,0.0,0,0,0.01
SPY,2024-12-24,675.0,CALL,2024-12-24T10:30:00.000,0.0,0.0,0.0,0.0,0,0,0.01
SPY,2024-12-24,675.0,CALL,2024-12-24T10:35:00.000,0.0,0.0,0.0,0.0,0,0,0.01
SPY,2024-12-24,675.0,CALL,2024-12-24T10:40:00.000,0.0,0.0,0.0,0.0,0,0,0.01
SPY,2024-12-24,675.0,CALL,2024-12-24T10:45:00.000,0.0,0.0,0.0,0.0,0,0,0.01
SPY,2024-12-24,675.0,CALL,2024-12-24T10:50:00.000,0.0,0.0,0.0,0.0,0,0,0.01
SPY,2024-12-24,675.0,CALL,2024-12-24T10:55:00.000,0.0,0.0,0.0,0.0,0,0,0.01
SPY,2024-12-24,675.0,CALL,2024-12-24T11:00:00.000,0.0,0.0,0.0,0.0,0,0,0.01
SPY,2024-12-24,675.0,CALL,2024-12-24T11:05:00.000,0.0,0.0,0.0,0.0,0,0,0.01
SPY,2024-12-24,675.0,CALL,2024-12-24T11:10:00.000,0.0,0.0,0.0,0.0,0,0,0.01
SPY,2024-12-24,675.0,CALL,2024-12-24T11:15:00.000,0.0,0.0,0.0,0.0,0,0,0.01
SPY,2024-12-24,675.0,CALL,2024-12-24T11:20:00.000,0.0,0.0,0.0,0.0,0,0,0.01
SPY,2024-12-24,675.0,CALL,2024-12-24T11:25:00.000,0.0,0.0,0.0,0.0,0,0,0.01
SPY,2024-12-24,675.0,CALL,2024-12-24T11:30:00.000,0.0,0.0,0.0,0.0,0,0,0.01
SPY,2024-12-24,675.0,CALL,2024-12-24T11:35:00.000,0.0,0.0,0.0,0.0,0,0,0.01
SPY,2024-12-24,675.0,CALL,2024-12-24T11:40:00.000,0.0,0.0,0.0,0.0,0,0,0.01
SPY,2024-12-24,675.0,CALL,2024-12-24T11:45:00.000,0.0,0.0,0.0,0.0,0,0,0.01
SPY,2024-12-24,675.0,CALL,2024-12-24T11:50:00.000,0.0,0.0,0.0,0.0,0,0,0.01
SPY,2024-12-24,675.0,CALL,2024-12-24T11:55:00.000,0.0,0.0,0.0,0.0,0,0,0.01
SPY,2024-12-24,675.0,CALL,2024-12-24T12:00:00.000,0.0,0.0,0.0,0.0,0,0,0.01
SPY,2024-12-24,675.0,CALL,2024-12-24T12:05:00.000,0.0,0.0,0.0,0.0,0,0,0.01
SPY,2024-12-24,675.0,CALL,2024-12-24T12:10:00.000,0.0,0.0,0.0,0.0,0,0,0.01
SPY,2024-12-24,675.0,CALL,2024-12-24T12:15:00.000,0.0,0.0,0.0,0.0,0,0,0.01
SPY,2024-12-24,675.0,CALL,2024-12-24T12:20:00.000,0.0,0.0,0.0,0.0,0,0,0.01
SPY,2024-12-24,675.0,CALL,2024-12-24T12:25:00.000,0.0,0.0,0.0,0.0,0,0,0.01
SPY,2024-12-24,675.0,CALL,2024-12-24T12:30:00.000,0.0,0.0,0.0,0.0,0,0,0.01
SPY,2024-12-24,675.0,CALL,2024-12-24T12:35:00.000,0.0,0.0,0.0,0.0,0,0,0.01
SPY,2024-12-24,675.0,CALL,2024-12-24T12:40:00.000,0.0,0.0,0.0,0.0,0,0,0.01
SPY,2024-12-24,675.0,CALL,2024-12-24T12:45:00.000,0.0,0.0,0.0,0.0,0,0,0.01
SPY,2024-12-24,675.0,CALL,2024-12-24T12:50:00.000,0.0,0.0,0.0,0.0,0,0,0.01
SPY,2024-12-24,675.0,CALL,2024-12-24T12:55:00.000,0.0,0.0,0.0,0.0,0,0,0.01
SPY,2024-12-24,675.0,CALL,2024-12-24T13:00:00.000,0.0,0.0,0.0,0.0,0,0,0.01
SPY,2024-12-24,675.0,CALL,2024-12-24T13:05:00.000,0.0,0.0,0.0,0.0,0,0,0.01
SPY,2024-12-24,675.0,CALL,2024-12-24T13:10:00.000,0.0,0.0,0.0,0.0,0,0,0.01
SPY,2024-12-24,675.0,CALL,2024-12-24T13:15:00.000,0.0,0.0,0.0,0.0,0,0,0.01
SPY,2024-12-24,675.0,CALL,2024-12-24T13:20:00.000,0.0,0.0,0.0,0.0,0,0,0.01
SPY,2024-12-24,675.0,CALL,2024-12-24T13:25:00.000,0.0,0.0,0.0,0.0,0,0,0.01
SPY,2024-12-24,675.0,CALL,2024-12-24T13:30:00.000,0.0,0.0,0.0,0.0,0,0,0.01
SPY,2024-12-24,675.0,CALL,2024-12-24T13:35:00.000,0.0,0.0,0.0,0.0,0,0,0.01
SPY,2024-12-24,675.0,CALL,2024-12-24T13:40:00.000,0.0,0.0,0.0,0.0,0,0,0.01
SPY,2024-12-24,675.0,CALL,2024-12-24T13:45:00.000,0.0,0.0,0.0,0.0,0,0,0.01
SPY,2024-12-24,675.0,CALL,2024-12-24T13:50:00.000,0.0,0.0,0.0,0.0,0,0,0.01
SPY,2024-12-24,675.0,CALL,2024-12-24T13:55:00.000,0.0,0.0,0.0,0.0,0,0,0.01
SPY,2024-12-24,675.0,CALL,2024-12-24T14:00:00.000,0.0,0.0,0.0,0.0,0,0,0.01
SPY,2024-12-24,675.0,CALL,2024-12-24T14:05:00.000,0.0,0.0,0.0,0.0,0,0,0.01
SPY,2024-12-24,675.0,CALL,2024-12-24T14:10:00.000,0.0,0.0,0.0,0.0,0,0,0.01
SPY,2024-12-24,675.0,CALL,2024-12-24T14:15:00.000,0.0,0.0,0.0,0.0,0,0,0.01
SPY,2024-12-24,675.0,CALL,2024-12-24T14:20:00.000,0.0,0.0,0.0,0.0,0,0,0.01
SPY,2024-12-24,675.0,CALL,2024-12-24T14:25:00.000,0.0,0.0,0.0,0.0,0,0,0.01
SPY,2024-12-24,675.0,CALL,2024-12-24T14:30:00.000,0.0,0.0,0.0,0.0,0,0,0.01
SPY,2024-12-24,675.0,CALL,2024-12-24T14:35:00.000,0.0,0.0,0.0,0.0,0,0,0.01
SPY,2024-12-24,675.0,CALL,2024-12-24T14:40:00.000,0.0,0.0,0.0,0.0,0,0,0.01
SPY,2024-12-24,675.0,CALL,2024-12-24T14:45:00.000,0.0,0.0,0.0,0.0,0,0,0.01
SPY,2024-12-24,675.0,CALL,2024-12-24T14:50:00.000,0.0,0.0,0.0,0.0,0,0,0.01
SPY,2024-12-24,675.0,CALL,2024-12-24T14:55:00.000,0.0,0.0,0.0,0.0,0,0,0.01
SPY,2024-12-24,675.0,CALL,2024-12-24T15:00:00.000,0.0,0.0,0.0,0.0,0,0,0.01
SPY,2024-12-24,675.0,CALL,2024-12-24T15:05:00.000,0.0,0.0,0.0,0.0,0,0,0.01
SPY,2024-12-24,675.0,CALL,2024-12-24T15:10:00.000,0.0,0.0,0.0,0.0,0,0,0.01
SPY,2024-12-24,675.0,CALL,2024-12-24T15:15:00.000,0.0,0.0,0.0,0.0,0,0,0.01
SPY,2024-12-24,675.0,CALL,2024-12-24T15:20:00.000,0.0,0.0,0.0,0.0,0,0,0.01
SPY,2024-12-24,675.0,CALL,2024-12-24T15:25:00.000,0.0,0.0,0.0,0.0,0,0,0.01
SPY,2024-12-24,675.0,CALL,2024-12-24T15:30:00.000,0.0,0.0,0.0,0.0,0,0,0.01
SPY,2024-12-24,675.0,CALL,2024-12-24T15:35:00.000,0.0,0.0,0.0,0.0,0,0,0.01
SPY,2024-12-24,675.0,CALL,2024-12-24T15:40:00.000,0.0,0.0,0.0,0.0,0,0,0.01
SPY,2024-12-24,675.0,CALL,2024-12-24T15:45:00.000,0.0,0.0,0.0,0.0,0,0,0.01
SPY,2024-12-24,675.0,CALL,2024-12-24T15:50:00.000,0.0,0.0,0.0,0.0,0,0,0.01
SPY,2024-12-24,675.0,CALL,2024-12-24T15:55:00.000,0.0,0.0,0.0,0.0,0,0,0.01
SPY,2024-12-24,675.0,CALL,2024-12-24T16:00:00.000,0.0,0.0,0.0,0.0,0,0,0.01
SPY,2024-12-24,603.0,CALL,2024-12-24T09:30:00.000,0.01,0.02,0.01,0.02,2460,106,0.01
SPY,2024-12-24,603.0,CALL,2024-12-24T09:35:00.000,0.02,0.02,0.01,0.02,896,39,0.01
SPY,2024-12-24,603.0,CALL,2024-12-24T09:40:00.000,0.02,0.02,0.01,0.02,332,39,0.01
SPY,2024-12-24,603.0,CALL,2024-12-24T09:45:00.000,0.02,0.02,0.01,0.02,17,13,0.01
SPY,2024-12-24,603.0,CALL,2024-12-24T09:50:00.000,0.02,0.02,0.01,0.02,38,17,0.01
SPY,2024-12-24,603.0,CALL,2024-12-24T09:55:00.000,0.01,0.02,0.01,0.02,103,19,0.01
SPY,2024-12-24,603.0,CALL,2024-12-24T10:00:00.000,0.01,0.02,0.01,0.02,291,28,0.01
SPY,2024-12-24,603.0,CALL,2024-12-24T10:05:00.000,0.02,0.02,0.01,0.01,180,37,0.01
SPY,2024-12-24,603.0,CALL,2024-12-24T10:10:00.000,0.01,0.02,0.01,0.02,351,30,0.01
SPY,2024-12-24,603.0,CALL,2024-12-24T10:15:00.000,0.01,0.02,0.01,0.01,282,31,0.01
SPY,2024-12-24,603.0,CALL,2024-12-24T10:20:00.000,0.02,0.02,0.01,0.01,771,26,0.01
SPY,2024-12-24,603.0,CALL,2024-12-24T10:25:00.000,0.01,0.02,0.01,0.01,156,28,0.01
SPY,2024-12-24,603.0,CALL,2024-12-24T10:30:00.000,0.02,0.02,0.01,0.01,351,27,0.01
SPY,2024-12-24,603.0,CALL,2024-12-24T10:35:00.000,0.02,0.02,0.01,0.02,651,33,0.01
SPY,2024-12-24,603.0,CALL,2024-12-24T10:40:00.000,0.02,0.03,0.01,0.02,1966,105,0.01
SPY,2024-12-24,603.0,CALL,2024-12-24T10:45:00.000,0.03,0.03,0.02,0.03,720,61,0.01
SPY,2024-12-24,603.0,CALL,2024-12-24T10:50:00.000,0.03,0.03,0.01,0.02,350,42,0.01
SPY,2024-12-24,603.0,CALL,2024-12-24T10:55:00.000,0.02,0.02,0.01,0.02,140,32,0.01
SPY,2024-12-24,603.0,CALL,2024-12-24T11:00:00.000,0.02,0.02,0.01,0.02,1386,53,0.01
SPY,2024-12-24,603.0,CALL,2024-12-24T11:05:00.000,0.02,0.02,0.01,0.01,91,17,0.01
SPY,2024-12-24,603.0,CALL,2024-12-24T11:10:00.000,0.01,0.02,0.01,0.02,153,9,0.01
SPY,2024-12-24,603.0,CALL,2024-12-24T11:15:00.000,0.01,0.02,0.01,0.01,29,11,0.01
SPY,2024-12-24,603.0,CALL,2024-12-24T11:20:00.000,0.01,0.02,0.01,0.02,244,17,0.01
SPY,2024-12-24,603.0,CALL,2024-12-24T11:25:00.000,0.02,0.02,0.01,0.01,156,12,0.01
SPY,2024-12-24,603.0,CALL,2024-12-24T11:30:00.000,0.01,0.02,0.01,0.01,84,22,0.01
SPY,2024-12-24,603.0,CALL,2024-12-24T11:35:00.000,0.01,0.02,0.01,0.02,156,10,0.01
SPY,2024-12-24,603.0,CALL,2024-12-24T11:40:00.000,0.01,0.02,0.01,0.02,124,16,0.01
SPY,2024-12-24,603.0,CALL,2024-12-24T11:45:00.000,0.02,0.02,0.01,0.02,171,42,0.01
SPY,2024-12-24,603.0,CALL,2024-12-24T11:50:00.000,0.01,0.02,0.01,0.01,259,32,0.01
SPY,2024-12-24,603.0,CALL,2024-12-24T11:55:00.000,0.01,0.02,0.01,0.01,253,16,0.01
SPY,2024-12-24,603.0,CALL,2024-12-24T12:00:00.000,0.01,0.01,0.01,0.01,151,7,0.01
SPY,2024-12-24,603.0,CALL,2024-12-24T12:05:00.000,0.01,0.01,0.01,0.01,8,7,0.01
SPY,2024-12-24,603.0,CALL,2024-12-24T12:10:00.000,0.01,0.01,0.01,0.01,60,6,0.01
SPY,2024-12-24,603.0,CALL,2024-12-24T12:15:00.000,0.01,0.01,0.01,0.01,14,7,0.01
SPY,2024-12-24,603.0,CALL,2024-12-24T12:20:00.000,0.01,0.01,0.01,0.01,26,11,0.01
SPY,2024-12-24,603.0,CALL,2024-12-24T12:25:00.000,0.01,0.01,0.01,0.01,954,34,0.01
SPY,2024-12-24,603.0,CALL,2024-12-24T12:30:00.000,0.01,0.01,0.01,0.01,132,18,0.01
SPY,2024-12-24,603.0,CALL,2024-12-24T12:35:00.000,0.01,0.01,0.01,0.01,99,13,0.01
SPY,2024-12-24,603.0,CALL,2024-12-24T12:40:00.000,0.02,0.02,0.02,0.02,1,1,0.01
SPY,2024-12-24,603.0,CALL,2024-12-24T12:45:00.000,0.0,0.0,0.0,0.0,0,0,0.01
SPY,2024-12-24,603.0,CALL,2024-12-24T12:50:00.000,0.01,0.01,0.01,0.01,22,3,0.01
SPY,2024-12-24,603.0,CALL,2024-12-24T12:55:00.000,0.01,0.01,0.01,0.01,77,9,0.01
SPY,2024-12-24,603.0,CALL,2024-12-24T13:00:00.000,0.01,0.01,0.01,0.01,24,4,0.01
SPY,2024-12-24,603.0,CALL,2024-12-24T13:05:00.000,0.01,0.01,0.01,0.01,19,2,0.01
SPY,2024-12-24,603.0,CALL,2024-12-24T13:10:00.000,0.01,0.01,0.01,0.01,10,1,0.01
SPY,2024-12-24,603.0,CALL,2024-12-24T13:15:00.000,0.0,0.0,0.0,0.0,0,0,0.01
SPY,2024-12-24,603.0,CALL,2024-12-24T13:20:00.000,0.0,0.0,0.0,0.0,0,0,0.01
SPY,2024-12-24,603.0,CALL,2024-12-24T13:25:00.000,0.0,0.0,0.0,0.0,0,0,0.01
SPY,2024-12-24,603.0,CALL,2024-12-24T13:30:00.000,0.0,0.0,0.0,0.0,0,0,0.01
SPY,2024-12-24,603.0,CALL,2024-12-24T13:35:00.000,0.0,0.0,0.0,0.0,0,0,0.01
SPY,2024-12-24,603.0,CALL,2024-12-24T13:40:00.000,0.0,0.0,0.0,0.0,0,0,0.01
SPY,2024-12-24,603.0,CALL,2024-12-24T13:45:00.000,0.0,0.0,0.0,0.0,0,0,0.01
SPY,2024-12-24,603.0,CALL,2024-12-24T13:50:00.000,0.0,0.0,0.0,0.0,0,0,0.01
SPY,2024-12-24,603.0,CALL,2024-12-24T13:55:00.000,0.0,0.0,0.0,0.0,0,0,0.01
SPY,2024-12-24,603.0,CALL,2024-12-24T14:00:00.000,0.0,0.0,0.0,0.0,0,0,0.01
SPY,2024-12-24,603.0,CALL,2024-12-24T14:05:00.000,0.0,0.0,0.0,0.0,0,0,0.01
SPY,2024-12-24,603.0,CALL,2024-12-24T14:10:00.000,0.0,0.0,0.0,0.0,0,0,0.01
SPY,2024-12-24,603.0,CALL,2024-12-24T14:15:00.000,0.0,0.0,0.0,0.0,0,0,0.01
SPY,2024-12-24,603.0,CALL,2024-12-24T14:20:00.000,0.0,0.0,0.0,0.0,0,0,0.01
SPY,2024-12-24,603.0,CALL,2024-12-24T14:25:00.000,0.0,0.0,0.0,0.0,0,0,0.01
SPY,2024-12-24,603.0,CALL,2024-12-24T14:30:00.000,0.0,0.0,0.0,0.0,0,0,0.01
SPY,2024-12-24,603.0,CALL,2024-12-24T14:35:00.000,0.0,0.0,0.0,0.0,0,0,0.01
SPY,2024-12-24,603.0,CALL,2024-12-24T14:40:00.000,0.0,0.0,0.0,0.0,0,0,0.01
SPY,2024-12-24,603.0,CALL,2024-12-24T14:45:00.000,0.0,0.0,0.0,0.0,0,0,0.01
SPY,2024-12-24,603.0,CALL,2024-12-24T14:50:00.000,0.0,0.0,0.0,0.0,0,0,0.01
SPY,2024-12-24,603.0,CALL,2024-12-24T14:55:00.000,0.0,0.0,0.0,0.0,0,0,0.01
SPY,2024-12-24,603.0,CALL,2024-12-24T15:00:00.000,0.0,0.0,0.0,0.0,0,0,0.01
SPY,2024-12-24,603.0,CALL,2024-12-24T15:05:00.000,0.0,0.0,0.0,0.0,0,0,0.01
SPY,2024-12-24,603.0,CALL,2024-12-24T15:10:00.000,0.0,0.0,0.0,0.0,0,0,0.01
SPY,2024-12-24,603.0,CALL,2024-12-24T15:15:00.000,0.0,0.0,0.0,0.0,0,0,0.01
SPY,2024-12-24,603.0,CALL,2024-12-24T15:20:00.000,0.0,0.0,0.0,0.0,0,0,0.01
SPY,2024-12-24,603.0,CALL,2024-12-24T15:25:00.000,0.0,0.0,0.0,0.0,0,0,0.01
SPY,2024-12-24,603.0,CALL,2024-12-24T15:30:00.000,0.0,0.0,0.0,0.0,0,0,0.01
SPY,2024-12-24,603.0,CALL,2024-12-24T15:35:00.000,0.0,0.0,0.0,0.0,0,0,0.01
SPY,2024-12-24,603.0,CALL,2024-12-24T15:40:00.000,0.0,0.0,0.0,0.0,0,0,0.01
SPY,2024-12-24,603.0,CALL,2024-12-24T15:45:00.000,0.0,0.0,0.0,0.0,0,0,0.01
SPY,2024-12-24,603.0,CALL,2024-12-24T15:50:00.000,0.0,0.0,0.0,0.0,0,0,0.01
SPY,2024-12-24,603.0,CALL,2024-12-24T15:55:00.000,0.0,0.0,0.0,0.0,0,0,0.01
SPY,2024-12-24,603.0,CALL,2024-12-24T16:00:00.000,0.0,0.0,0.0,0.0,0,0,0.01
SPY,2024-12-24,587.0,CALL,2024-12-24T09:30:00.000,8.85,9.15,8.61,9.15,26,10,8.9
SPY,2024-12-24,587.0,CALL,2024-12-24T09:35:00.000,9.05,9.6,8.94,9.6,24,13,9.02
SPY,2024-12-24,587.0,CALL,2024-12-24T09:40:00.000,9.52,9.98,9.52,9.6,21,7,9.27
SPY,2024-12-24,587.0,CALL,2024-12-24T09:45:00.000,9.89,9.89,9.89,9.89,1,1,9.27
SPY,2024-12-24,587.0,CALL,2024-12-24T09:50:00.000,10.05,10.05,10.05,10.05,1,1,9.28
SPY,2024-12-24,587.0,CALL,2024-12-24T09:55:00.000,10.1,10.1,10.1,10.1,1,1,9.3
SPY,2024-12-24,587.0,CALL,2024-12-24T10:00:00.000,0.0,0.0,0.0,0.0,0,0,9.3
SPY,2024-12-24,587.0,CALL,2024-12-24T10:05:00.000,10.99,11.05,10.52,10.55,11,5,9.48
SPY,2024-12-24,587.0,CALL,2024-12-24T10:10:00.000,10.88,10.88,10.8,10.84,7,3,9.58
SPY,2024-12-24,587.0,CALL,2024-12-24T10:15:00.000,0.0,0.0,0.0,0.0,0,0,9.58
SPY,2024-12-24,587.0,CALL,2024-12-24T10:20:00.000,11.15,11.15,11.0,11.0,25,3,9.9
SPY,2024-12-24,587.0,CALL,2024-12-24T10:25:00.000,11.06,11.3,11.06,11.3,3,3,9.94
SPY,2024-12-24,587.0,CALL,2024-12-24T10:30:00.000,11.75,11.75,11.75,11.75,1,1,9.95
SPY,2024-12-24,587.0,CALL,2024-12-24T10:35:00.000,11.64,11.68,11.64,11.68,31,2,10.3
SPY,2024-12-24,587.0,CALL,2024-12-24T10:40:00.000,0.0,0.0,0.0,0.0,0,0,10.3
SPY,2024-12-24,587.0,CALL,2024-12-24T10:45:00.000,12.3,12.3,12.3,12.3,1,1,10.31
SPY,2024-12-24,587.0,CALL,2024-12-24T10:50:00.000,12.2,12.2,11.68,11.68,12,4,10.43
SPY,2024-12-24,587.0,CALL,2024-12-24T10:55:00.000,12.2,12.2,12.2,12.2,7,2,10.5
SPY,2024-12-24,587.0,CALL,2024-12-24T11:00:00.000,12.18,12.18,12.18,12.18,1,1,10.51
SPY,2024-12-24,587.0,CALL,2024-12-24T11:05:00.000,0.0,0.0,0.0,0.0,0,0,10.51
SPY,2024-12-24,587.0,CALL,2024-12-24T11:10:00.000,0.0,0.0,0.0,0.0,0,0,10.51
SPY,2024-12-24,587.0,CALL,2024-12-24T11:15:00.000,0.0,0.0,0.0,0.0,0,0,10.51
SPY,2024-12-24,587.0,CALL,2024-12-24T11:20:00.000,0.0,0.0,0.0,0.0,0,0,10.51
SPY,2024-12-24,587.0,CALL,2024-12-24T11:25:00.000,12.27,12.27,12.27,12.27,1,1,10.52
SPY,2024-12-24,587.0,CALL,2024-12-24T11:30:00.000,12.3,12.3,12.3,12.3,1,1,10.53
SPY,2024-12-24,587.0,CALL,2024-12-24T11:35:00.000,0.0,0.0,0.0,0.0,0,0,10.53
SPY,2024-12-24,587.0,CALL,2024-12-24T11:40:00.000,12.64,12.64,12.58,12.58,2,2,10.55
SPY,2024-12-24,587.0,CALL,2024-12-24T11:45:00.000,0.0,0.0,0.0,0.0,0,0,10.55
SPY,2024-12-24,587.0,CALL,2024-12-24T11:50:00.000,0.0,0.0,0.0,0.0,0,0,10.55
SPY,2024-12-24,587.0,CALL,2024-12-24T11:55:00.000,0.0,0.0,0.0,0.0,0,0,10.55
SPY,2024-12-24,587.0,CALL,2024-12-24T12:00:00.000,0.0,0.0,0.0,0.0,0,0,10.55
SPY,2024-12-24,587.0,CALL,2024-12-24T12:05:00.000,12.4,12.4,12.4,12.4,1,1,10.56
SPY,2024-12-24,587.0,CALL,2024-12-24T12:10:00.000,0.0,0.0,0.0,0.0,0,0,10.56
SPY,2024-12-24,587.0,CALL,2024-12-24T12:15:00.000,12.82,12.82,12.82,12.82,1,1,10.57
SPY,2024-12-24,587.0,CALL,2024-12-24T12:20:00.000,0.0,0.0,0.0,0.0,0,0,10.57
SPY,2024-12-24,587.0,CALL,2024-12-24T12:25:00.000,13.21,13.21,13.21,13.21,1,1,10.59
SPY,2024-12-24,587.0,CALL,2024-12-24T12:30:00.000,13.04,13.04,13.04,13.04,1,1,10.6
SPY,2024-12-24,587.0,CALL,2024-12-24T12:35:00.000,12.95,12.95,12.95,12.95,1,1,10.62
SPY,2024-12-24,587.0,CALL,2024-12-24T12:40:00.000,0.0,0.0,0.0,0.0,0,0,10.62
SPY,2024-12-24,587.0,CALL,2024-12-24T12:45:00.000,12.88,12.88,12.88,12.88,1,1,10.63
SPY,2024-12-24,587.0,CALL,2024-12-24T12:50:00.000,13.39,13.39,13.39,13.39,1,1,10.64
SPY,2024-12-24,587.0,CALL,2024-12-24T12:55:00.000,0.0,0.0,0.0,0.0,0,0,10.64
SPY,2024-12-24,587.0,CALL,2024-12-24T13:00:00.000,0.0,0.0,0.0,0.0,0,0,10.64
SPY,2024-12-24,587.0,CALL,2024-12-24T13:05:00.000,0.0,0.0,0.0,0.0,0,0,10.64
SPY,2024-12-24,587.0,CALL,2024-12-24T13:10:00.000,0.0,0.0,0.0,0.0,0,0,10.64
SPY,2024-12-24,587.0,CALL,2024-12-24T13:15:00.000,0.0,0.0,0.0,0.0,0,0,10.64
SPY,2024-12-24,587.0,CALL,2024-12-24T13:20:00.000,0.0,0.0,0.0,0.0,0,0,10.64
SPY,2024-12-24,587.0,CALL,2024-12-24T13:25:00.000,0.0,0.0,0.0,0.0,0,0,10.64
SPY,2024-12-24,587.0,CALL,2024-12-24T13:30:00.000,0.0,0.0,0.0,0.0,0,0,10.64
SPY,2024-12-24,587.0,CALL,2024-12-24T13:35:00.000,0.0,0.0,0.0,0.0,0,0,10.64
SPY,2024-12-24,587.0,CALL,2024-12-24T13:40:00.000,0.0,0.0,0.0,0.0,0,0,10.64
SPY,2024-12-24,587.0,CALL,2024-12-24T13:45:00.000,0.0,0.0,0.0,0.0,0,0,10.64
SPY,2024-12-24,587.0,CALL,2024-12-24T13:50:00.000,0.0,0.0,0.0,0.0,0,0,10.64
SPY,2024-12-24,587.0,CALL,2024-12-24T13:55:00.000,0.0,0.0,0.0,0.0,0,0,10.64
SPY,2024-12-24,587.0,CALL,2024-12-24T14:00:00.000,0.0,0.0,0.0,0.0,0,0,10.64
SPY,2024-12-24,587.0,CALL,2024-12-24T14:05:00.000,0.0,0.0,0.0,0.0,0,0,10.64
SPY,2024-12-24,587.0,CALL,2024-12-24T14:10:00.000,0.0,0.0,0.0,0.0,0,0,10.64
SPY,2024-12-24,587.0,CALL,2024-12-24T14:15:00.000,0.0,0.0,0.0,0.0,0,0,10.64
SPY,2024-12-24,587.0,CALL,2024-12-24T14:20:00.000,0.0,0.0,0.0,0.0,0,0,10.64
SPY,2024-12-24,587.0,CALL,2024-12-24T14:25:00.000,0.0,0.0,0.0,0.0,0,0,10.64
SPY,2024-12-24,587.0,CALL,2024-12-24T14:30:00.000,0.0,0.0,0.0,0.0,0,0,10.64
SPY,2024-12-24,587.0,CALL,2024-12-24T14:35:00.000,0.0,0.0,0.0,0.0,0,0,10.64
SPY,2024-12-24,587.0,CALL,2024-12-24T14:40:00.000,0.0,0.0,0.0,0.0,0,0,10.64
SPY,2024-12-24,587.0,CALL,2024-12-24T14:45:00.000,0.0,0.0,0.0,0.0,0,0,10.64
SPY,2024-12-24,587.0,CALL,2024-12-24T14:50:00.000,0.0,0.0,0.0,0.0,0,0,10.64
SPY,2024-12-24,587.0,CALL,2024-12-24T14:55:00.000,0.0,0.0,0.0,0.0,0,0,10.64
SPY,2024-12-24,587.0,CALL,2024-12-24T15:00:00.000,0.0,0.0,0.0,0.0,0,0,10.64
SPY,2024-12-24,587.0,CALL,2024-12-24T15:05:00.000,0.0,0.0,0.0,0.0,0,0,10.64
SPY,2024-12-24,587.0,CALL,2024-12-24T15:10:00.000,0.0,0.0,0.0,0.0,0,0,10.64
SPY,2024-12-24,587.0,CALL,2024-12-24T15:15:00.000,0.0,0.0,0.0,0.0,0,0,10.64
SPY,2024-12-24,587.0,CALL,2024-12-24T15:20:00.000,0.0,0.0,0.0,0.0,0,0,10.64
SPY,2024-12-24,587.0,CALL,2024-12-24T15:25:00.000,0.0,0.0,0.0,0.0,0,0,10.64
SPY,2024-12-24,587.0,CALL,2024-12-24T15:30:00.000,0.0,0.0,0.0,0.0,0,0,10.64
SPY,2024-12-24,587.0,CALL,2024-12-24T15:35:00.000,0.0,0.0,0.0,0.0,0,0,10.64
SPY,2024-12-24,587.0,CALL,2024-12-24T15:40:00.000,0.0,0.0,0.0,0.0,0,0,10.64
SPY,2024-12-24,587.0,CALL,2024-12-24T15:45:00.000,0.0,0.0,0.0,0.0,0,0,10.64
SPY,2024-12-24,587.0,CALL,2024-12-24T15:50:00.000,0.0,0.0,0.0,0.0,0,0,10.64
SPY,2024-12-24,587.0,CALL,2024-12-24T15:55:00.000,0.0,0.0,0.0,0.0,0,0,10.64
SPY,2024-12-24,587.0,CALL,2024-12-24T16:00:00.000,0.0,0.0,0.0,0.0,0,0,10.64
SPY,2024-12-24,619.0,CALL,2024-12-24T09:30:00.000,0.0,0.0,0.0,0.0,0,0,0.0
SPY,2024-12-24,619.0,CALL,2024-12-24T09:35:00.000,0.0,0.0,0.0,0.0,0,0,0.0
SPY,2024-12-24,619.0,CALL,2024-12-24T09:40:00.000,0.0,0.0,0.0,0.0,0,0,0.0
SPY,2024-12-24,619.0,CALL,2024-12-24T09:45:00.000,0.0,0.0,0.0,0.0,0,0,0.0
SPY,2024-12-24,619.0,CALL,2024-12-24T09:50:00.000,0.0,0.0,0.0,0.0,0,0,0.0
SPY,2024-12-24,619.0,CALL,2024-12-24T09:55:00.000,0.0,0.0,0.0,0.0,0,0,0.0
SPY,2024-12-24,619.0,CALL,2024-12-24T10:00:00.000,0.0,0.0,0.0,0.0,0,0,0.0
SPY,2024-12-24,619.0,CALL,2024-12-24T10:05:00.000,0.0,0.0,0.0,0.0,0,0,0.0
SPY,2024-12-24,619.0,CALL,2024-12-24T10:10:00.000,0.0,0.0,0.0,0.0,0,0,0.0
SPY,2024-12-24,619.0,CALL,2024-12-24T10:15:00.000,0.0,0.0,0.0,0.0,0,0,0.0
SPY,2024-12-24,619.0,CALL,2024-12-24T10:20:00.000,0.0,0.0,0.0,0.0,0,0,0.0
SPY,2024-12-24,619.0,CALL,2024-12-24T10:25:00.000,0.0,0.0,0.0,0.0,0,0,0.0
SPY,2024-12-24,619.0,CALL,2024-12-24T10:30:00.000,0.01,0.01,0.01,0.01,80,2,0.0
SPY,2024-12-24,619.0,CALL,2024-12-24T10:35:00.000,0.0,0.0,0.0,0.0,0,0,0.0
SPY,2024-12-24,619.0,CALL,2024-12-24T10:40:00.000,0.0,0.0,0.0,0.0,0,0,0.0
SPY,2024-12-24,619.0,CALL,2024-12-24T10:45:00.000,0.0,0.0,0.0,0.0,0,0,0.0
SPY,2024-12-24,619.0,CALL,2024-12-24T10:50:00.000,0.0,0.0,0.0,0.0,0,0,0.0
SPY,2024-12-24,619.0,CALL,2024-12-24T10:55:00.000,0.0,0.0,0.0,0.0,0,0,0.0
SPY,2024-12-24,619.0,CALL,2024-12-24T11:00:00.000,0.0,0.0,0.0,0.0,0,0,0.0
SPY,2024-12-24,619.0,CALL,2024-12-24T11:05:00.000,0.0,0.0,0.0,0.0,0,0,0.0
SPY,2024-12-24,619.0,CALL,2024-12-24T11:10:00.000,0.0,0.0,0.0,0.0,0,0,0.0
SPY,2024-12-24,619.0,CALL,2024-12-24T11:15:00.000,0.0,0.0,0.0,0.0,0,0,0.0
SPY,2024-12-24,619.0,CALL,2024-12-24T11:20:00.000,0.0,0.0,0.0,0.0,0,0,0.0
SPY,2024-12-24,619.0,CALL,2024-12-24T11:25:00.000,0.0,0.0,0.0,0.0,0,0,0.0
SPY,2024-12-24,619.0,CALL,2024-12-24T11:30:00.000,0.0,0.0,0.0,0.0,0,0,0.0
SPY,2024-12-24,619.0,CALL,2024-12-24T11:35:00.000,0.0,0.0,0.0,0.0,0,0,0.0
SPY,2024-12-24,619.0,CALL,2024-12-24T11:40:00.000,0.0,0.0,0.0,0.0,0,0,0.0
SPY,2024-12-24,619.0,CALL,2024-12-24T11:45:00.000,0.0,0.0,0.0,0.0,0,0,0.0
SPY,2024-12-24,619.0,CALL,2024-12-24T11:50:00.000,0.0,0.0,0.0,0.0,0,0,0.0
SPY,2024-12-24,619.0,CALL,2024-12-24T11:55:00.000,0.0,0.0,0.0,0.0,0,0,0.0
SPY,2024-12-24,619.0,CALL,2024-12-24T12:00:00.000,0.0,0.0,0.0,0.0,0,0,0.0
SPY,2024-12-24,619.0,CALL,2024-12-24T12:05:00.000,0.0,0.0,0.0,0.0,0,0,0.0
SPY,2024-12-24,619.0,CALL,2024-12-24T12:10:00.000,0.0,0.0,0.0,0.0,0,0,0.0
SPY,2024-12-24,619.0,CALL,2024-12-24T12:15:00.000,0.0,0.0,0.0,0.0,0,0,0.0
SPY,2024-12-24,619.0,CALL,2024-12-24T12:20:00.000,0.0,0.0,0.0,0.0,0,0,0.0
SPY,2024-12-24,619.0,CALL,2024-12-24T12:25:00.000,0.0,0.0,0.0,0.0,0,0,0.0
SPY,2024-12-24,619.0,CALL,2024-12-24T12:30:00.000,0.0,0.0,0.0,0.0,0,0,0.0
SPY,2024-12-24,619.0,CALL,2024-12-24T12:35:00.000,0.0,0.0,0.0,0.0,0,0,0.0
SPY,2024-12-24,619.0,CALL,2024-12-24T12:40:00.000,0.0,0.0,0.0,0.0,0,0,0.0
SPY,2024-12-24,619.0,CALL,2024-12-24T12:45:00.000,0.0,0.0,0.0,0.0,0,0,0.0
SPY,2024-12-24,619.0,CALL,2024-12-24T12:50:00.000,0.0,0.0,0.0,0.0,0,0,0.0
SPY,2024-12-24,619.0,CALL,2024-12-24T12:55:00.000,0.0,0.0,0.0,0.0,0,0,0.0
SPY,2024-12-24,619.0,CALL,2024-12-24T13:00:00.000,0.0,0.0,0.0,0.0,0,0,0.0
SPY,2024-12-24,619.0,CALL,2024-12-24T13:05:00.000,0.0,0.0,0.0,0.0,0,0,0.0
SPY,2024-12-24,619.0,CALL,2024-12-24T13:10:00.000,0.0,0.0,0.0,0.0,0,0,0.0
SPY,2024-12-24,619.0,CALL,2024-12-24T13:15:00.000,0.0,0.0,0.0,0.0,0,0,0.0
SPY,2024-12-24,619.0,CALL,2024-12-24T13:20:00.000,0.0,0.0,0.0,0.0,0,0,0.0
SPY,2024-12-24,619.0,CALL,2024-12-24T13:25:00.000,0.0,0.0,0.0,0.0,0,0,0.0
SPY,2024-12-24,619.0,CALL,2024-12-24T13:30:00.000,0.0,0.0,0.0,0.0,0,0,0.0
SPY,2024-12-24,619.0,CALL,2024-12-24T13:35:00.000,0.0,0.0,0.0,0.0,0,0,0.0
SPY,2024-12-24,619.0,CALL,2024-12-24T13:40:00.000,0.0,0.0,0.0,0.0,0,0,0.0
SPY,2024-12-24,619.0,CALL,2024-12-24T13:45:00.000,0.0,0.0,0.0,0.0,0,0,0.0
SPY,2024-12-24,619.0,CALL,2024-12-24T13:50:00.000,0.0,0.0,0.0,0.0,0,0,0.0
SPY,2024-12-24,619.0,CALL,2024-12-24T13:55:00.000,0.0,0.0,0.0,0.0,0,0,0.0
SPY,2024-12-24,619.0,CALL,2024-12-24T14:00:00.000,0.0,0.0,0.0,0.0,0,0,0.0
SPY,2024-12-24,619.0,CALL,2024-12-24T14:05:00.000,0.0,0.0,0.0,0.0,0,0,0.0
SPY,2024-12-24,619.0,CALL,2024-12-24T14:10:00.000,0.0,0.0,0.0,0.0,0,0,0.0
SPY,2024-12-24,619.0,CALL,2024-12-24T14:15:00.000,0.0,0.0,0.0,0.0,0,0,0.0
SPY,2024-12-24,619.0,CALL,2024-12-24T14:20:00.000,0.0,0.0,0.0,0.0,0,0,0.0
SPY,2024-12-24,619.0,CALL,2024-12-24T14:25:00.000,0.0,0.0,0.0,0.0,0,0,0.0
SPY,2024-12-24,619.0,CALL,2024-12-24T14:30:00.000,0.0,0.0,0.0,0.0,0,0,0.0
SPY,2024-12-24,619.0,CALL,2024-12-24T14:35:00.000,0.0,0.0,0.0,0.0,0,0,0.0
SPY,2024-12-24,619.0,CALL,2024-12-24T14:40:00.000,0.0,0.0,0.0,0.0,0,0,0.0
SPY,2024-12-24,619.0,CALL,2024-12-24T14:45:00.000,0.0,0.0,0.0,0.0,0,0,0.0
SPY,2024-12-24,619.0,CALL,2024-12-24T14:50:00.000,0.0,0.0,0.0,0.0,0,0,0.0
SPY,2024-12-24,619.0,CALL,2024-12-24T14:55:00.000,0.0,0.0,0.0,0.0,0,0,0.0
SPY,2024-12-24,619.0,CALL,2024-12-24T15:00:00.000,0.0,0.0,0.0,0.0,0,0,0.0
SPY,2024-12-24,619.0,CALL,2024-12-24T15:05:00.000,0.0,0.0,0.0,0.0,0,0,0.0
SPY,2024-12-24,619.0,CALL,2024-12-24T15:10:00.000,0.0,0.0,0.0,0.0,0,0,0.0
SPY,2024-12-24,619.0,CALL,2024-12-24T15:15:00.000,0.0,0.0,0.0,0.0,0,0,0.0
SPY,2024-12-24,619.0,CALL,2024-12-24T15:20:00.000,0.0,0.0,0.0,0.0,0,0,0.0
SPY,2024-12-24,619.0,CALL,2024-12-24T15:25:00.000,0.0,0.0,0.0,0.0,0,0,0.0
SPY,2024-12-24,619.0,CALL,2024-12-24T15:30:00.000,0.0,0.0,0.0,0.0,0,0,0.0
SPY,2024-12-24,619.0,CALL,2024-12-24T15:35:00.000,0.0,0.0,0.0,0.0,0,0,0.0
SPY,2024-12-24,619.0,CALL,2024-12-24T15:40:00.000,0.0,0.0,0.0,0.0,0,0,0.0
SPY,2024-12-24,619.0,CALL,2024-12-24T15:45:00.000,0.0,0.0,0.0,0.0,0,0,0.0
SPY,2024-12-24,619.0,CALL,2024-12-24T15:50:00.000,0.0,0.0,0.0,0.0,0,0,0.0
SPY,2024-12-24,619.0,CALL,2024-12-24T15:55:00.000,0.0,0.0,0.0,0.0,0,0,0.0
SPY,2024-12-24,619.0,CALL,2024-12-24T16:00:00.000,0.0,0.0,0.0,0.0,0,0,0.0
SPY,2024-12-24,571.0,CALL,2024-12-24T09:30:00.000,24.63,24.63,24.63,24.63,44,1,24.63
SPY,2024-12-24,571.0,CALL,2024-12-24T09:35:00.000,25.47,25.47,25.47,25.47,44,1,25.04
SPY,2024-12-24,571.0,CALL,2024-12-24T09:40:00.000,25.92,25.92,25.59,25.59,88,2,25.4
SPY,2024-12-24,571.0,CALL,2024-12-24T09:45:00.000,25.95,25.95,25.95,25.95,44,1,25.51
SPY,2024-12-24,571.0,CALL,2024-12-24T09:50:00.000,26.11,26.11,26.11,26.11,44,1,25.61
SPY,2024-12-24,571.0,CALL,2024-12-24T09:55:00.000,26.01,26.01,26.01,26.01,44,1,25.66
SPY,2024-12-24,571.0,CALL,2024-12-24T10:00:00.000,25.89,26.64,25.89,26.64,132,3,25.84
SPY,2024-12-24,571.0,CALL,2024-12-24T10:05:00.000,27.01,27.01,27.01,27.01,44,1,25.94
SPY,2024-12-24,571.0,CALL,2024-12-24T10:10:00.000,26.29,26.64,26.29,26.48,176,4,26.08
SPY,2024-12-24,571.0,CALL,2024-12-24T10:15:00.000,27.38,27.38,26.77,27.01,264,6,26.35
SPY,2024-12-24,571.0,CALL,2024-12-24T10:20:00.000,27.13,27.13,26.47,26.47,99,2,26.39
SPY,2024-12-24,571.0,CALL,2024-12-24T10:25:00.000,27.27,27.27,27.23,27.23,200,2,26.53
SPY,2024-12-24,571.0,CALL,2024-12-24T10:30:00.000,27.19,27.19,27.19,27.19,108,1,26.58
SPY,2024-12-24,571.0,CALL,2024-12-24T10:35:00.000,27.73,27.73,27.73,27.73,99,1,26.66
SPY,2024-12-24,571.0,CALL,2024-12-24T10:40:00.000,28.24,28.52,28.24,28.27,253,3,26.91
SPY,2024-12-24,571.0,CALL,2024-12-24T10:45:00.000,0.0,0.0,0.0,0.0,0,0,26.91
SPY,2024-12-24,571.0,CALL,2024-12-24T10:50:00.000,28.27,28.3,27.87,27.87,363,4,27.13
SPY,2024-12-24,571.0,CALL,2024-12-24T10:55:00.000,0.0,0.0,0.0,0.0,0,0,27.13
SPY,2024-12-24,571.0,CALL,2024-12-24T11:00:00.000,0.0,0.0,0.0,0.0,0,0,27.13
SPY,2024-12-24,571.0,CALL,2024-12-24T11:05:00.000,0.0,0.0,0.0,0.0,0,0,27.13
SPY,2024-12-24,571.0,CALL,2024-12-24T11:10:00.000,0.0,0.0,0.0,0.0,0,0,27.13
SPY,2024-12-24,571.0,CALL,2024-12-24T11:15:00.000,0.0,0.0,0.0,0.0,0,0,27.13
SPY,2024-12-24,571.0,CALL,2024-12-24T11:20:00.000,0.0,0.0,0.0,0.0,0,0,27.13
SPY,2024-12-24,571.0,CALL,2024-12-24T11:25:00.000,0.0,0.0,0.0,0.0,0,0,27.13
SPY,2024-12-24,571.0,CALL,2024-12-24T11:30:00.000,0.0,0.0,0.0,0.0,0,0,27.13
SPY,2024-12-24,571.0,CALL,2024-12-24T11:35:00.000,0.0,0.0,0.0,0.0,0,0,27.13
SPY,2024-12-24,571.0,CALL,2024-12-24T11:40:00.000,0.0,0.0,0.0,0.0,0,0,27.13
SPY,2024-12-24,571.0,CALL,2024-12-24T11:45:00.000,0.0,0.0,0.0,0.0,0,0,27.13
SPY,2024-12-24,571.0,CALL,2024-12-24T11:50:00.000,0.0,0.0,0.0,0.0,0,0,27.13
SPY,2024-12-24,571.0,CALL,2024-12-24T11:55:00.000,0.0,0.0,0.0,0.0,0,0,27.13
SPY,2024-12-24,571.0,CALL,2024-12-24T12:00:00.000,0.0,0.0,0.0,0.0,0,0,27.13
SPY,2024-12-24,571.0,CALL,2024-12-24T12:05:00.000,0.0,0.0,0.0,0.0,0,0,27.13
SPY,2024-12-24,571.0,CALL,2024-12-24T12:10:00.000,0.0,0.0,0.0,0.0,0,0,27.13
SPY,2024-12-24,571.0,CALL,2024-12-24T12:15:00.000,0.0,0.0,0.0,0.0,0,0,27.13
SPY,2024-12-24,571.0,CALL,2024-12-24T12:20:00.000,0.0,0.0,0.0,0.0,0,0,27.13
SPY,2024-12-24,571.0,CALL,2024-12-24T12:25:00.000,0.0,0.0,0.0,0.0,0,0,27.13
SPY,2024-12-24,571.0,CALL,2024-12-24T12:30:00.000,0.0,0.0,0.0,0.0,0,0,27.13
SPY,2024-12-24,571.0,CALL,2024-12-24T12:35:00.000,0.0,0.0,0.0,0.0,0,0,27.13
SPY,2024-12-24,571.0,CALL,2024-12-24T12:40:00.000,0.0,0.0,0.0,0.0,0,0,27.13
SPY,2024-12-24,571.0,CALL,2024-12-24T12:45:00.000,0.0,0.0,0.0,0.0,0,0,27.13
SPY,2024-12-24,571.0,CALL,2024-12-24T12:50:00.000,0.0,0.0,0.0,0.0,0,0,27.13
SPY,2024-12-24,571.0,CALL,2024-12-24T12:55:00.000,0.0,0.0,0.0,0.0,0,0,27.13
SPY,2024-12-24,571.0,CALL,2024-12-24T13:00:00.000,0.0,0.0,0.0,0.0,0,0,27.13
SPY,2024-12-24,571.0,CALL,2024-12-24T13:05:00.000,0.0,0.0,0.0,0.0,0,0,27.13
SPY,2024-12-24,571.0,CALL,2024-12-24T13:10:00.000,0.0,0.0,0.0,0.0,0,0,27.13
SPY,2024-12-24,571.0,CALL,2024-12-24T13:15:00.000,0.0,0.0,0.0,0.0,0,0,27.13
SPY,2024-12-24,571.0,CALL,2024-12-24T13:20:00.000,0.0,0.0,0.0,0.0,0,0,27.13
SPY,2024-12-24,571.0,CALL,2024-12-24T13:25:00.000,0.0,0.0,0.0,0.0,0,0,27.13
SPY,2024-12-24,571.0,CALL,2024-12-24T13:30:00.000,0.0,0.0,0.0,0.0,0,0,27.13
SPY,2024-12-24,571.0,CALL,2024-12-24T13:35:00.000,0.0,0.0,0.0,0.0,0,0,27.13
SPY,2024-12-24,571.0,CALL,2024-12-24T13:40:00.000,0.0,0.0,0.0,0.0,0,0,27.13
SPY,2024-12-24,571.0,CALL,2024-12-24T13:45:00.000,0.0,0.0,0.0,0.0,0,0,27.13
SPY,2024-12-24,571.0,CALL,2024-12-24T13:50:00.000,0.0,0.0,0.0,0.0,0,0,27.13
SPY,2024-12-24,571.0,CALL,2024-12-24T13:55:00.000,0.0,0.0,0.0,0.0,0,0,27.13
SPY,2024-12-24,571.0,CALL,2024-12-24T14:00:00.000,0.0,0.0,0.0,0.0,0,0,27.13
SPY,2024-12-24,571.0,CALL,2024-12-24T14:05:00.000,0.0,0.0,0.0,0.0,0,0,27.13
SPY,2024-12-24,571.0,CALL,2024-12-24T14:10:00.000,0.0,0.0,0.0,0.0,0,0,27.13
SPY,2024-12-24,571.0,CALL,2024-12-24T14:15:00.000,0.0,0.0,0.0,0.0,0,0,27.13
SPY,2024-12-24,571.0,CALL,2024-12-24T14:20:00.000,0.0,0.0,0.0,0.0,0,0,27.13
SPY,2024-12-24,571.0,CALL,2024-12-24T14:25:00.000,0.0,0.0,0.0,0.0,0,0,27.13
SPY,2024-12-24,571.0,CALL,2024-12-24T14:30:00.000,0.0,0.0,0.0,0.0,0,0,27.13
SPY,2024-12-24,571.0,CALL,2024-12-24T14:35:00.000,0.0,0.0,0.0,0.0,0,0,27.13
SPY,2024-12-24,571.0,CALL,2024-12-24T14:40:00.000,0.0,0.0,0.0,0.0,0,0,27.13
SPY,2024-12-24,571.0,CALL,2024-12-24T14:45:00.000,0.0,0.0,0.0,0.0,0,0,27.13
SPY,2024-12-24,571.0,CALL,2024-12-24T14:50:00.000,0.0,0.0,0.0,0.0,0,0,27.13
SPY,2024-12-24,571.0,CALL,2024-12-24T14:55:00.000,0.0,0.0,0.0,0.0,0,0,27.13
SPY,2024-12-24,571.0,CALL,2024-12-24T15:00:00.000,0.0,0.0,0.0,0.0,0,0,27.13
SPY,2024-12-24,571.0,CALL,2024-12-24T15:05:00.000,0.0,0.0,0.0,0.0,0,0,27.13
SPY,2024-12-24,571.0,CALL,2024-12-24T15:10:00.000,0.0,0.0,0.0,0.0,0,0,27.13
SPY,2024-12-24,571.0,CALL,2024-12-24T15:15:00.000,0.0,0.0,0.0,0.0,0,0,27.13
SPY,2024-12-24,571.0,CALL,2024-12-24T15:20:00.000,0.0,0.0,0.0,0.0,0,0,27.13
SPY,2024-12-24,571.0,CALL,2024-12-24T15:25:00.000,0.0,0.0,0.0,0.0,0,0,27.13
SPY,2024-12-24,571.0,CALL,2024-12-24T15:30:00.000,0.0,0.0,0.0,0.0,0,0,27.13
SPY,2024-12-24,571.0,CALL,2024-12-24T15:35:00.000,0.0,0.0,0.0,0.0,0,0,27.13
SPY,2024-12-24,571.0,CALL,2024-12-24T15:40:00.000,0.0,0.0,0.0,0.0,0,0,27.13
SPY,2024-12-24,571.0,CALL,2024-12-24T15:45:00.000,0.0,0.0,0.0,0.0,0,0,27.13
SPY,2024-12-24,571.0,CALL,2024-12-24T15:50:00.000,0.0,0.0,0.0,0.0,0,0,27.13
SPY,2024-12-24,571.0,CALL,2024-12-24T15:55:00.000,0.0,0.0,0.0,0.0,0,0,27.13
SPY,2024-12-24,571.0,CALL,2024-12-24T16:00:00.000,0.0,0.0,0.0,0.0,0,0,27.13
SPY,2024-12-24,555.0,CALL,2024-12-24T09:30:00.000,40.88,40.88,40.88,40.88,44,1,40.88
SPY,2024-12-24,555.0,CALL,2024-12-24T09:35:00.000,41.6,41.6,41.6,41.6,44,1,41.24
SPY,2024-12-24,555.0,CALL,2024-12-24T09:40:00.000,42.14,42.14,41.96,41.96,88,2,41.64
SPY,2024-12-24,555.0,CALL,2024-12-24T09:45:00.000,41.63,41.63,41.63,41.63,44,1,41.64
SPY,2024-12-24,555.0,CALL,2024-12-24T09:50:00.000,41.74,41.74,41.74,41.74,44,1,41.65
SPY,2024-12-24,555.0,CALL,2024-12-24T09:55:00.000,41.71,41.71,41.71,41.71,44,1,41.66
SPY,2024-12-24,555.0,CALL,2024-12-24T10:00:00.000,42.07,42.74,42.07,42.74,132,3,41.88
SPY,2024-12-24,555.0,CALL,2024-12-24T10:05:00.000,42.84,42.84,42.84,42.84,44,1,41.97
SPY,2024-12-24,555.0,CALL,2024-12-24T10:10:00.000,42.01,42.74,42.01,42.74,176,4,42.08
SPY,2024-12-24,555.0,CALL,2024-12-24T10:15:00.000,0.0,0.0,0.0,0.0,0,0,42.08
SPY,2024-12-24,555.0,CALL,2024-12-24T10:20:00.000,42.92,42.92,42.92,42.92,100,1,42.19
SPY,2024-12-24,555.0,CALL,2024-12-24T10:25:00.000,0.0,0.0,0.0,0.0,0,0,42.19
SPY,2024-12-24,555.0,CALL,2024-12-24T10:30:00.000,43.62,43.62,43.21,43.21,208,2,42.45
SPY,2024-12-24,555.0,CALL,2024-12-24T10:35:00.000,44.24,44.24,44.24,44.24,100,1,42.62
SPY,2024-12-24,555.0,CALL,2024-12-24T10:40:00.000,43.78,43.97,43.5,43.97,252,3,42.84
SPY,2024-12-24,555.0,CALL,2024-12-24T10:45:00.000,0.0,0.0,0.0,0.0,0,0,42.84
SPY,2024-12-24,555.0,CALL,2024-12-24T10:50:00.000,0.0,0.0,0.0,0.0,0,0,42.84
SPY,2024-12-24,555.0,CALL,2024-12-24T10:55:00.000,0.0,0.0,0.0,0.0,0,0,42.84
SPY,2024-12-24,555.0,CALL,2024-12-24T11:00:00.000,0.0,0.0,0.0,0.0,0,0,42.84
SPY,2024-12-24,555.0,CALL,2024-12-24T11:05:00.000,0.0,0.0,0.0,0.0,0,0,42.84
SPY,2024-12-24,555.0,CALL,2024-12-24T11:10:00.000,0.0,0.0,0.0,0.0,0,0,42.84
SPY,2024-12-24,555.0,CALL,2024-12-24T11:15:00.000,0.0,0.0,0.0,0.0,0,0,42.84
SPY,2024-12-24,555.0,CALL,2024-12-24T11:20:00.000,0.0,0.0,0.0,0.0,0,0,42.84
SPY,2024-12-24,555.0,CALL,2024-12-24T11:25:00.000,0.0,0.0,0.0,0.0,0,0,42.84
SPY,2024-12-24,555.0,CALL,2024-12-24T11:30:00.000,0.0,0.0,0.0,0.0,0,0,42.84
SPY,2024-12-24,555.0,CALL,2024-12-24T11:35:00.000,0.0,0.0,0.0,0.0,0,0,42.84
SPY,2024-12-24,555.0,CALL,2024-12-24T11:40:00.000,0.0,0.0,0.0,0.0,0,0,42.84
SPY,2024-12-24,555.0,CALL,2024-12-24T11:45:00.000,0.0,0.0,0.0,0.0,0,0,42.84
SPY,2024-12-24,555.0,CALL,2024-12-24T11:50:00.000,0.0,0.0,0.0,0.0,0,0,42.84
SPY,2024-12-24,555.0,CALL,2024-12-24T11:55:00.000,0.0,0.0,0.0,0.0,0,0,42.84
SPY,2024-12-24,555.0,CALL,2024-12-24T12:00:00.000,0.0,0.0,0.0,0.0,0,0,42.84
SPY,2024-12-24,555.0,CALL,2024-12-24T12:05:00.000,0.0,0.0,0.0,0.0,0,0,42.84
SPY,2024-12-24,555.0,CALL,2024-12-24T12:10:00.000,0.0,0.0,0.0,0.0,0,0,42.84
SPY,2024-12-24,555.0,CALL,2024-12-24T12:15:00.000,0.0,0.0,0.0,0.0,0,0,42.84
SPY,2024-12-24,555.0,CALL,2024-12-24T12:20:00.000,0.0,0.0,0.0,0.0,0,0,42.84
SPY,2024-12-24,555.0,CALL,2024-12-24T12:25:00.000,0.0,0.0,0.0,0.0,0,0,42.84
SPY,2024-12-24,555.0,CALL,2024-12-24T12:30:00.000,0.0,0.0,0.0,0.0,0,0,42.84
SPY,2024-12-24,555.0,CALL,2024-12-24T12:35:00.000,0.0,0.0,0.0,0.0,0,0,42.84
SPY,2024-12-24,555.0,CALL,2024-12-24T12:40:00.000,0.0,0.0,0.0,0.0,0,0,42.84
SPY,2024-12-24,555.0,CALL,2024-12-24T12:45:00.000,0.0,0.0,0.0,0.0,0,0,42.84
SPY,2024-12-24,555.0,CALL,2024-12-24T12:50:00.000,0.0,0.0,0.0,0.0,0,0,42.84
SPY,2024-12-24,555.0,CALL,2024-12-24T12:55:00.000,0.0,0.0,0.0,0.0,0,0,42.84
SPY,2024-12-24,555.0,CALL,2024-12-24T13:00:00.000,0.0,0.0,0.0,0.0,0,0,42.84
SPY,2024-12-24,555.0,CALL,2024-12-24T13:05:00.000,0.0,0.0,0.0,0.0,0,0,42.84
SPY,2024-12-24,555.0,CALL,2024-12-24T13:10:00.000,0.0,0.0,0.0,0.0,0,0,42.84
SPY,2024-12-24,555.0,CALL,2024-12-24T13:15:00.000,0.0,0.0,0.0,0.0,0,0,42.84
SPY,2024-12-24,555.0,CALL,2024-12-24T13:20:00.000,0.0,0.0,0.0,0.0,0,0,42.84
SPY,2024-12-24,555.0,CALL,2024-12-24T13:25:00.000,0.0,0.0,0.0,0.0,0,0,42.84
SPY,2024-12-24,555.0,CALL,2024-12-24T13:30:00.000,0.0,0.0,0.0,0.0,0,0,42.84
SPY,2024-12-24,555.0,CALL,2024-12-24T13:35:00.000,0.0,0.0,0.0,0.0,0,0,42.84
SPY,2024-12-24,555.0,CALL,2024-12-24T13:40:00.000,0.0,0.0,0.0,0.0,0,0,42.84
SPY,2024-12-24,555.0,CALL,2024-12-24T13:45:00.000,0.0,0.0,0.0,0.0,0,0,42.84
SPY,2024-12-24,555.0,CALL,2024-12-24T13:50:00.000,0.0,0.0,0.0,0.0,0,0,42.84
SPY,2024-12-24,555.0,CALL,2024-12-24T13:55:00.000,0.0,0.0,0.0,0.0,0,0,42.84
SPY,2024-12-24,555.0,CALL,2024-12-24T14:00:00.000,0.0,0.0,0.0,0.0,0,0,42.84
SPY,2024-12-24,555.0,CALL,2024-12-24T14:05:00.000,0.0,0.0,0.0,0.0,0,0,42.84
SPY,2024-12-24,555.0,CALL,2024-12-24T14:10:00.000,0.0,0.0,0.0,0.0,0,0,42.84
SPY,2024-12-24,555.0,CALL,2024-12-24T14:15:00.000,0.0,0.0,0.0,0.0,0,0,42.84
SPY,2024-12-24,555.0,CALL,2024-12-24T14:20:00.000,0.0,0.0,0.0,0.0,0,0,42.84
SPY,2024-12-24,555.0,CALL,2024-12-24T14:25:00.000,0.0,0.0,0.0,0.0,0,0,42.84
SPY,2024-12-24,555.0,CALL,2024-12-24T14:30:00.000,0.0,0.0,0.0,0.0,0,0,42.84
SPY,2024-12-24,555.0,CALL,2024-12-24T14:35:00.000,0.0,0.0,0.0,0.0,0,0,42.84
SPY,2024-12-24,555.0,CALL,2024-12-24T14:40:00.000,0.0,0.0,0.0,0.0,0,0,42.84
SPY,2024-12-24,555.0,CALL,2024-12-24T14:45:00.000,0.0,0.0,0.0,0.0,0,0,42.84
SPY,2024-12-24,555.0,CALL,2024-12-24T14:50:00.000,0.0,0.0,0.0,0.0,0,0,42.84
SPY,2024-12-24,555.0,CALL,2024-12-24T14:55:00.000,0.0,0.0,0.0,0.0,0,0,42.84
SPY,2024-12-24,555.0,CALL,2024-12-24T15:00:00.000,0.0,0.0,0.0,0.0,0,0,42.84
SPY,2024-12-24,555.0,CALL,2024-12-24T15:05:00.000,0.0,0.0,0.0,0.0,0,0,42.84
SPY,2024-12-24,555.0,CALL,2024-12-24T15:10:00.000,0.0,0.0,0.0,0.0,0,0,42.84
SPY,2024-12-24,555.0,CALL,2024-12-24T15:15:00.000,0.0,0.0,0.0,0.0,0,0,42.84
SPY,2024-12-24,555.0,CALL,2024-12-24T15:20:00.000,0.0,0.0,0.0,0.0,0,0,42.84
SPY,2024-12-24,555.0,CALL,2024-12-24T15:25:00.000,0.0,0.0,0.0,0.0,0,0,42.84
SPY,2024-12-24,555.0,CALL,2024-12-24T15:30:00.000,0.0,0.0,0.0,0.0,0,0,42.84
SPY,2024-12-24,555.0,CALL,2024-12-24T15:35:00.000,0.0,0.0,0.0,0.0,0,0,42.84
SPY,2024-12-24,555.0,CALL,2024-12-24T15:40:00.000,0.0,0.0,0.0,0.0,0,0,42.84
SPY,2024-12-24,555.0,CALL,2024-12-24T15:45:00.000,0.0,0.0,0.0,0.0,0,0,42.84
SPY,2024-12-24,555.0,CALL,2024-12-24T15:50:00.000,0.0,0.0,0.0,0.0,0,0,42.84
SPY,2024-12-24,555.0,CALL,2024-12-24T15:55:00.000,0.0,0.0,0.0,0.0,0,0,42.84
SPY,2024-12-24,555.0,CALL,2024-12-24T16:00:00.000,0.0,0.0,0.0,0.0,0,0,42.84
SPY,2024-12-24,614.0,CALL,2024-12-24T09:30:00.000,0.0,0.0,0.0,0.0,0,0,0.0
SPY,2024-12-24,614.0,CALL,2024-12-24T09:35:00.000,0.0,0.0,0.0,0.0,0,0,0.0
SPY,2024-12-24,614.0,CALL,2024-12-24T09:40:00.000,0.0,0.0,0.0,0.0,0,0,0.0
SPY,2024-12-24,614.0,CALL,2024-12-24T09:45:00.000,0.0,0.0,0.0,0.0,0,0,0.0
SPY,2024-12-24,614.0,CALL,2024-12-24T09:50:00.000,0.0,0.0,0.0,0.0,0,0,0.0
SPY,2024-12-24,614.0,CALL,2024-12-24T09:55:00.000,0.0,0.0,0.0,0.0,0,0,0.0
SPY,2024-12-24,614.0,CALL,2024-12-24T10:00:00.000,0.0,0.0,0.0,0.0,0,0,0.0
SPY,2024-12-24,614.0,CALL,2024-12-24T10:05:00.000,0.0,0.0,0.0,0.0,0,0,0.0
SPY,2024-12-24,614.0,CALL,2024-12-24T10:10:00.000,0.0,0.0,0.0,0.0,0,0,0.0
SPY,2024-12-24,614.0,CALL,2024-12-24T10:15:00.000,0.0,0.0,0.0,0.0,0,0,0.0
SPY,2024-12-24,614.0,CALL,2024-12-24T10:20:00.000,0.0,0.0,0.0,0.0,0,0,0.0
SPY,2024-12-24,614.0,CALL,2024-12-24T10:25:00.000,0.0,0.0,0.0,0.0,0,0,0.0
SPY,2024-12-24,614.0,CALL,2024-12-24T10:30:00.000,0.0,0.0,0.0,0.0,0,0,0.0
SPY,2024-12-24,614.0,CALL,2024-12-24T10:35:00.000,0.01,0.01,0.01,0.01,1,1,0.01
SPY,2024-12-24,614.0,CALL,2024-12-24T10:40:00.000,0.0,0.0,0.0,0.0,0,0,0.01
SPY,2024-12-24,614.0,CALL,2024-12-24T10:45:00.000,0.0,0.0,0.0,0.0,0,0,0.01
SPY,2024-12-24,614.0,CALL,2024-12-24T10:50:00.000,0.0,0.0,0.0,0.0,0,0,0.01
SPY,2024-12-24,614.0,CALL,2024-12-24T10:55:00.000,0.0,0.0,0.0,0.0,0,0,0.01
SPY,2024-12-24,614.0,CALL,2024-12-24T11:00:00.000,0.0,0.0,0.0,0.0,0,0,0.01
SPY,2024-12-24,614.0,CALL,2024-12-24T11:05:00.000,0.0,0.0,0.0,0.0,0,0,0.01
SPY,2024-12-24,614.0,CALL,2024-12-24T11:10:00.000,0.0,0.0,0.0,0.0,0,0,0.01
SPY,2024-12-24,614.0,CALL,2024-12-24T11:15:00.000,0.0,0.0,0.0,0.0,0,0,0.01
SPY,2024-12-24,614.0,CALL,2024-12-24T11:20:00.000,0.01,0.01,0.01,0.01,1,1,0.01
SPY,2024-12-24,614.0,CALL,2024-12-24T11:25:00.000,0.0,0.0,0.0,0.0,0,0,0.01
SPY,2024-12-24,614.0,CALL,2024-12-24T11:30:00.000,0.0,0.0,0.0,0.0,0,0,0.01
SPY,2024-12-24,614.0,CALL,2024-12-24T11:35:00.000,0.0,0.0,0.0,0.0,0,0,0.01
SPY,2024-12-24,614.0,CALL,2024-12-24T11:40:00.000,0.0,0.0,0.0,0.0,0,0,0.01
SPY,2024-12-24,614.0,CALL,2024-12-24T11:45:00.000,0.0,0.0,0.0,0.0,0,0,0.01
SPY,2024-12-24,614.0,CALL,2024-12-24T11:50:00.000,0.0,0.0,0.0,0.0,0,0,0.01
SPY,2024-12-24,614.0,CALL,2024-12-24T11:55:00.000,0.0,0.0,0.0,0.0,0,0,0.01
SPY,2024-12-24,614.0,CALL,2024-12-24T12:00:00.000,0.0,0.0,0.0,0.0,0,0,0.01
SPY,2024-12-24,614.0,CALL,2024-12-24T12:05:00.000,0.0,0.0,0.0,0.0,0,0,0.01
SPY,2024-12-24,614.0,CALL,2024-12-24T12:10:00.000,0.0,0.0,0.0,0.0,0,0,0.01
SPY,2024-12-24,614.0,CALL,2024-12-24T12:15:00.000,0.0,0.0,0.0,0.0,0,0,0.01
SPY,2024-12-24,614.0,CALL,2024-12-24T12:20:00.000,0.0,0.0,0.0,0.0,0,0,0.01
SPY,2024-12-24,614.0,CALL,2024-12-24T12:25:00.000,0.0,0.0,0.0,0.0,0,0,0.01
SPY,2024-12-24,614.0,CALL,2024-12-24T12:30:00.000,0.0,0.0,0.0,0.0,0,0,0.01
SPY,2024-12-24,614.0,CALL,2024-12-24T12:35:00.000,0.0,0.0,0.0,0.0,0,0,0.01
SPY,2024-12-24,614.0,CALL,2024-12-24T12:40:00.000,0.0,0.0,0.0,0.0,0,0,0.01
SPY,2024-12-24,614.0,CALL,2024-12-24T12:45:00.000,0.0,0.0,0.0,0.0,0,0,0.01
SPY,2024-12-24,614.0,CALL,2024-12-24T12:50:00.000,0.0,0.0,0.0,0.0,0,0,0.01
SPY,2024-12-24,614.0,CALL,2024-12-24T12:55:00.000,0.0,0.0,0.0,0.0,0,0,0.01
SPY,2024-12-24,614.0,CALL,2024-12-24T13:00:00.000,0.0,0.0,0.0,0.0,0,0,0.01
SPY,2024-12-24,614.0,CALL,2024-12-24T13:05:00.000,0.0,0.0,0.0,0.0,0,0,0.01
SPY,2024-12-24,614.0,CALL,2024-12-24T13:10:00.000,0.0,0.0,0.0,0.0,0,0,0.01
SPY,2024-12-24,614.0,CALL,2024-12-24T13:15:00.000,0.0,0.0,0.0,0.0,0,0,0.01
SPY,2024-12-24,614.0,CALL,2024-12-24T13:20:00.000,0.0,0.0,0.0,0.0,0,0,0.01
SPY,2024-12-24,614.0,CALL,2024-12-24T13:25:00.000,0.0,0.0,0.0,0.0,0,0,0.01
SPY,2024-12-24,614.0,CALL,2024-12-24T13:30:00.000,0.0,0.0,0.0,0.0,0,0,0.01
SPY,2024-12-24,614.0,CALL,2024-12-24T13:35:00.000,0.0,0.0,0.0,0.0,0,0,0.01
SPY,2024-12-24,614.0,CALL,2024-12-24T13:40:00.000,0.0,0.0,0.0,0.0,0,0,0.01
SPY,2024-12-24,614.0,CALL,2024-12-24T13:45:00.000,0.0,0.0,0.0,0.0,0,0,0.01
SPY,2024-12-24,614.0,CALL,2024-12-24T13:50:00.000,0.0,0.0,0.0,0.0,0,0,0.01
SPY,2024-12-24,614.0,CALL,2024-12-24T13:55:00.000,0.0,0.0,0.0,0.0,0,0,0.01
SPY,2024-12-24,614.0,CALL,2024-12-24T14:00:00.000,0.0,0.0,0.0,0.0,0,0,0.01
SPY,2024-12-24,614.0,CALL,2024-12-24T14:05:00.000,0.0,0.0,0.0,0.0,0,0,0.01
SPY,2024-12-24,614.0,CALL,2024-12-24T14:10:00.000,0.0,0.0,0.0,0.0,0,0,0.01
SPY,2024-12-24,614.0,CALL,2024-12-24T14:15:00.000,0.0,0.0,0.0,0.0,0,0,0.01
SPY,2024-12-24,614.0,CALL,2024-12-24T14:20:00.000,0.0,0.0,0.0,0.0,0,0,0.01
SPY,2024-12-24,614.0,CALL,2024-12-24T14:25:00.000,0.0,0.0,0.0,0.0,0,0,0.01
SPY,2024-12-24,614.0,CALL,2024-12-24T14:30:00.000,0.0,0.0,0.0,0.0,0,0,0.01
SPY,2024-12-24,614.0,CALL,2024-12-24T14:35:00.000,0.0,0.0,0.0,0.0,0,0,0.01
SPY,2024-12-24,614.0,CALL,2024-12-24T14:40:00.000,0.0,0.0,0.0,0.0,0,0,0.01
SPY,2024-12-24,614.0,CALL,2024-12-24T14:45:00.000,0.0,0.0,0.0,0.0,0,0,0.01
SPY,2024-12-24,614.0,CALL,2024-12-24T14:50:00.000,0.0,0.0,0.0,0.0,0,0,0.01
SPY,2024-12-24,614.0,CALL,2024-12-24T14:55:00.000,0.0,0.0,0.0,0.0,0,0,0.01
SPY,2024-12-24,614.0,CALL,2024-12-24T15:00:00.000,0.0,0.0,0.0,0.0,0,0,0.01
SPY,2024-12-24,614.0,CALL,2024-12-24T15:05:00.000,0.0,0.0,0.0,0.0,0,0,0.01
SPY,2024-12-24,614.0,CALL,2024-12-24T15:10:00.000,0.0,0.0,0.0,0.0,0,0,0.01
SPY,2024-12-24,614.0,CALL,2024-12-24T15:15:00.000,0.0,0.0,0.0,0.0,0,0,0.01
SPY,2024-12-24,614.0,CALL,2024-12-24T15:20:00.000,0.0,0.0,0.0,0.0,0,0,0.01
SPY,2024-12-24,614.0,CALL,2024-12-24T15:25:00.000,0.0,0.0,0.0,0.0,0,0,0.01
SPY,2024-12-24,614.0,CALL,2024-12-24T15:30:00.000,0.0,0.0,0.0,0.0,0,0,0.01
SPY,2024-12-24,614.0,CALL,2024-12-24T15:35:00.000,0.0,0.0,0.0,0.0,0,0,0.01
SPY,2024-12-24,614.0,CALL,2024-12-24T15:40:00.000,0.0,0.0,0.0,0.0,0,0,0.01
SPY,2024-12-24,614.0,CALL,2024-12-24T15:45:00.000,0.0,0.0,0.0,0.0,0,0,0.01
SPY,2024-12-24,614.0,CALL,2024-12-24T15:50:00.000,0.0,0.0,0.0,0.0,0,0,0.01
SPY,2024-12-24,614.0,CALL,2024-12-24T15:55:00.000,0.0,0.0,0.0,0.0,0,0,0.01
SPY,2024-12-24,614.0,CALL,2024-12-24T16:00:00.000,0.0,0.0,0.0,0.0,0,0,0.01
SPY,2024-12-24,598.0,CALL,2024-12-24T09:30:00.000,0.24,0.37,0.18,0.36,15125,1627,0.26
SPY,2024-12-24,598.0,CALL,2024-12-24T09:35:00.000,0.35,0.48,0.25,0.41,16085,2388,0.32
SPY,2024-12-24,598.0,CALL,2024-12-24T09:40:00.000,0.41,0.54,0.36,0.45,19861,3170,0.37
SPY,2024-12-24,598.0,CALL,2024-12-24T09:45:00.000,0.45,0.51,0.42,0.46,10632,1685,0.39
SPY,2024-12-24,598.0,CALL,2024-12-24T09:50:00.000,0.45,0.53,0.36,0.45,16252,2064,0.4
SPY,2024-12-24,598.0,CALL,2024-12-24T09:55:00.000,0.46,0.53,0.38,0.5,12529,1816,0.41
SPY,2024-12-24,598.0,CALL,2024-12-24T10:00:00.000,0.5,0.74,0.47,0.71,33087,4500,0.46
SPY,2024-12-24,598.0,CALL,2024-12-24T10:05:00.000,0.72,0.85,0.55,0.58,30739,3825,0.51
SPY,2024-12-24,598.0,CALL,2024-12-24T10:10:00.000,0.57,0.83,0.57,0.78,19248,2269,0.53
SPY,2024-12-24,598.0,CALL,2024-12-24T10:15:00.000,0.79,0.9,0.75,0.83,16059,1976,0.56
SPY,2024-12-24,598.0,CALL,2024-12-24T10:20:00.000,0.82,0.87,0.65,0.81,15234,1587,0.58
SPY,2024-12-24,598.0,CALL,2024-12-24T10:25:00.000,0.8,0.91,0.79,0.82,13086,1152,0.59
SPY,2024-12-24,598.0,CALL,2024-12-24T10:30:00.000,0.82,1.06,0.78,1.03,14512,1768,0.61
SPY,2024-12-24,598.0,CALL,2024-12-24T10:35:00.000,1.03,1.24,0.93,1.11,11694,1469,0.64
SPY,2024-12-24,598.0,CALL,2024-12-24T10:40:00.000,1.1,1.53,1.08,1.48,9192,1394,0.66
SPY,2024-12-24,598.0,CALL,2024-12-24T10:45:00.000,1.46,1.56,1.33,1.5,3278,631,0.67
SPY,2024-12-24,598.0,CALL,2024-12-24T10:50:00.000,1.51,1.51,1.02,1.08,6169,983,0.69
SPY,2024-12-24,598.0,CALL,2024-12-24T10:55:00.000,1.06,1.43,1.05,1.4,3621,502,0.69
SPY,2024-12-24,598.0,CALL,2024-12-24T11:00:00.000,1.35,1.55,1.3,1.44,2709,354,0.7
SPY,2024-12-24,598.0,CALL,2024-12-24T11:05:00.000,1.44,1.45,1.14,1.35,2858,347,0.71
SPY,2024-12-24,598.0,CALL,2024-12-24T11:10:00.000,1.35,1.35,1.07,1.22,1377,251,0.71
SPY,2024-12-24,598.0,CALL,2024-12-24T11:15:00.000,1.23,1.4,1.2,1.28,1455,217,0.71
SPY,2024-12-24,598.0,CALL,2024-12-24T11:20:00.000,1.3,1.45,1.21,1.42,1546,218,0.71
SPY,2024-12-24,598.0,CALL,2024-12-24T11:25:00.000,1.4,1.49,1.34,1.39,821,145,0.72
SPY,2024-12-24,598.0,CALL,2024-12-24T11:30:00.000,1.36,1.44,1.25,1.42,1078,182,0.72
SPY,2024-12-24,598.0,CALL,2024-12-24T11:35:00.000,1.4,1.66,1.31,1.55,1903,338,0.72
SPY,2024-12-24,598.0,CALL,2024-12-24T11:40:00.000,1.58,1.82,1.54,1.8,1809,281,0.73
SPY,2024-12-24,598.0,CALL,2024-12-24T11:45:00.000,1.77,1.85,1.68,1.8,839,163,0.73
SPY,2024-12-24,598.0,CALL,2024-12-24T11:50:00.000,1.8,1.83,1.0,1.28,2332,420,0.74
SPY,2024-12-24,598.0,CALL,2024-12-24T11:55:00.000,1.25,1.61,1.1,1.18,1552,282,0.74
SPY,2024-12-24,598.0,CALL,2024-12-24T12:00:00.000,1.17,1.51,1.08,1.45,1388,163,0.74
SPY,2024-12-24,598.0,CALL,2024-12-24T12:05:00.000,1.5,1.71,1.39,1.68,836,82,0.75
SPY,2024-12-24,598.0,CALL,2024-12-24T12:10:00.000,1.69,1.9,1.56,1.88,1197,161,0.75
SPY,2024-12-24,598.0,CALL,2024-12-24T12:15:00.000,1.88,1.97,1.72,1.94,685,135,0.75
SPY,2024-12-24,598.0,CALL,2024-12-24T12:20:00.000,1.94,2.37,1.88,1.99,1329,187,0.76
SPY,2024-12-24,598.0,CALL,2024-12-24T12:25:00.000,1.97,2.33,1.97,2.16,376,134,0.76
SPY,2024-12-24,598.0,CALL,2024-12-24T12:30:00.000,2.15,2.17,1.52,1.55,1399,224,0.77
SPY,2024-12-24,598.0,CALL,2024-12-24T12:35:00.000,1.51,2.0,1.23,2.0,1373,247,0.77
SPY,2024-12-24,598.0,CALL,2024-12-24T12:40:00.000,1.92,2.27,1.91,1.94,205,69,0.77
SPY,2024-12-24,598.0,CALL,2024-12-24T12:45:00.000,1.92,2.44,1.64,2.01,1278,85,0.78
SPY,2024-12-24,598.0,CALL,2024-12-24T12:50:00.000,2.1,2.58,2.1,2.58,1183,112,0.78
SPY,2024-12-24,598.0,CALL,2024-12-24T12:55:00.000,2.57,3.28,2.57,3.28,1764,90,0.79
SPY,2024-12-24,598.0,CALL,2024-12-24T13:00:00.000,2.88,3.75,2.28,2.85,39,24,0.79
SPY,2024-12-24,598.0,CALL,2024-12-24T13:05:00.000,3.0,3.43,2.8,3.43,582,23,0.8
SPY,2024-12-24,598.0,CALL,2024-12-24T13:10:00.000,3.05,3.5,2.69,2.93,11,7,0.8
SPY,2024-12-24,598.0,CALL,2024-12-24T13:15:00.000,0.0,0.0,0.0,0.0,0,0,0.8
SPY,2024-12-24,598.0,CALL,2024-12-24T13:20:00.000,0.0,0.0,0.0,0.0,0,0,0.8
SPY,2024-12-24,598.0,CALL,2024-12-24T13:25:00.000,0.0,0.0,0.0,0.0,0,0,0.8
SPY,2024-12-24,598.0,CALL,2024-12-24T13:30:00.000,0.0,0.0,0.0,0.0,0,0,0.8
SPY,2024-12-24,598.0,CALL,2024-12-24T13:35:00.000,0.0,0.0,0.0,0.0,0,0,0.8
SPY,2024-12-24,598.0,CALL,2024-12-24T13:40:00.000,0.0,0.0,0.0,0.0,0,0,0.8
SPY,2024-12-24,598.0,CALL,2024-12-24T13:45:00.000,0.0,0.0,0.0,0.0,0,0,0.8
SPY,2024-12-24,598.0,CALL,2024-12-24T13:50:00.000,0.0,0.0,0.0,0.0,0,0,0.8
SPY,2024-12-24,598.0,CALL,2024-12-24T13:55:00.000,0.0,0.0,0.0,0.0,0,0,0.8
SPY,2024-12-24,598.0,CALL,2024-12-24T14:00:00.000,0.0,0.0,0.0,0.0,0,0,0.8
SPY,2024-12-24,598.0,CALL,2024-12-24T14:05:00.000,0.0,0.0,0.0,0.0,0,0,0.8
SPY,2024-12-24,598.0,CALL,2024-12-24T14:10:00.000,0.0,0.0,0.0,0.0,0,0,0.8
SPY,2024-12-24,598.0,CALL,2024-12-24T14:15:00.000,0.0,0.0,0.0,0.0,0,0,0.8
SPY,2024-12-24,598.0,CALL,2024-12-24T14:20:00.000,0.0,0.0,0.0,0.0,0,0,0.8
SPY,2024-12-24,598.0,CALL,2024-12-24T14:25:00.000,0.0,0.0,0.0,0.0,0,0,0.8
SPY,2024-12-24,598.0,CALL,2024-12-24T14:30:00.000,0.0,0.0,0.0,0.0,0,0,0.8
SPY,2024-12-24,598.0,CALL,2024-12-24T14:35:00.000,0.0,0.0,0.0,0.0,0,0,0.8
SPY,2024-12-24,598.0,CALL,2024-12-24T14:40:00.000,0.0,0.0,0.0,0.0,0,0,0.8
SPY,2024-12-24,598.0,CALL,2024-12-24T14:45:00.000,0.0,0.0,0.0,0.0,0,0,0.8
SPY,2024-12-24,598.0,CALL,2024-12-24T14:50:00.000,0.0,0.0,0.0,0.0,0,0,0.8
SPY,2024-12-24,598.0,CALL,2024-12-24T14:55:00.000,0.0,0.0,0.0,0.0,0,0,0.8
SPY,2024-12-24,598.0,CALL,2024-12-24T15:00:00.000,0.0,0.0,0.0,0.0,0,0,0.8
SPY,2024-12-24,598.0,CALL,2024-12-24T15:05:00.000,0.0,0.0,0.0,0.0,0,0,0.8
SPY,2024-12-24,598.0,CALL,2024-12-24T15:10:00.000,0.0,0.0,0.0,0.0,0,0,0.8
SPY,2024-12-24,598.0,CALL,2024-12-24T15:15:00.000,0.0,0.0,0.0,0.0,0,0,0.8
SPY,2024-12-24,598.0,CALL,2024-12-24T15:20:00.000,0.0,0.0,0.0,0.0,0,0,0.8
SPY,2024-12-24,598.0,CALL,2024-12-24T15:25:00.000,0.0,0.0,0.0,0.0,0,0,0.8
SPY,2024-12-24,598.0,CALL,2024-12-24T15:30:00.000,0.0,0.0,0.0,0.0,0,0,0.8
SPY,2024-12-24,598.0,CALL,2024-12-24T15:35:00.000,0.0,0.0,0.0,0.0,0,0,0.8
SPY,2024-12-24,598.0,CALL,2024-12-24T15:40:00.000,0.0,0.0,0.0,0.0,0,0,0.8
SPY,2024-12-24,598.0,CALL,2024-12-24T15:45:00.000,0.0,0.0,0.0,0.0,0,0,0.8
SPY,2024-12-24,598.0,CALL,2024-12-24T15:50:00.000,0.0,0.0,0.0,0.0,0,0,0.8
SPY,2024-12-24,598.0,CALL,2024-12-24T15:55:00.000,0.0,0.0,0.0,0.0,0,0,0.8
SPY,2024-12-24,598.0,CALL,2024-12-24T16:00:00.000,0.0,0.0,0.0,0.0,0,0,0.8
SPY,2024-12-24,582.0,CALL,2024-12-24T09:30:00.000,0.0,0.0,0.0,0.0,0,0,0.0
SPY,2024-12-24,582.0,CALL,2024-12-24T09:35:00.000,0.0,0.0,0.0,0.0,0,0,0.0
SPY,2024-12-24,582.0,CALL,2024-12-24T09:40:00.000,14.85,14.85,14.85,14.85,1,1,14.85
SPY,2024-12-24,582.0,CALL,2024-12-24T09:45:00.000,14.94,14.94,14.94,14.94,1,1,14.89
SPY,2024-12-24,582.0,CALL,2024-12-24T09:50:00.000,14.66,15.11,14.66,15.11,2,2,14.89
SPY,2024-12-24,582.0,CALL,2024-12-24T09:55:00.000,0.0,0.0,0.0,0.0,0,0,14.89
SPY,2024-12-24,582.0,CALL,2024-12-24T10:00:00.000,0.0,0.0,0.0,0.0,0,0,14.89
SPY,2024-12-24,582.0,CALL,2024-12-24T10:05:00.000,0.0,0.0,0.0,0.0,0,0,14.89
SPY,2024-12-24,582.0,CALL,2024-12-24T10:10:00.000,0.0,0.0,0.0,0.0,0,0,14.89
SPY,2024-12-24,582.0,CALL,2024-12-24T10:15:00.000,0.0,0.0,0.0,0.0,0,0,14.89
SPY,2024-12-24,582.0,CALL,2024-12-24T10:20:00.000,0.0,0.0,0.0,0.0,0,0,14.89
SPY,2024-12-24,582.0,CALL,2024-12-24T10:25:00.000,0.0,0.0,0.0,0.0,0,0,14.89
SPY,2024-12-24,582.0,CALL,2024-12-24T10:30:00.000,0.0,0.0,0.0,0.0,0,0,14.89
SPY,2024-12-24,582.0,CALL,2024-12-24T10:35:00.000,16.72,16.72,16.72,16.72,1,1,15.25
SPY,2024-12-24,582.0,CALL,2024-12-24T10:40:00.000,0.0,0.0,0.0,0.0,0,0,15.25
SPY,2024-12-24,582.0,CALL,2024-12-24T10:45:00.000,0.0,0.0,0.0,0.0,0,0,15.25
SPY,2024-12-24,582.0,CALL,2024-12-24T10:50:00.000,0.0,0.0,0.0,0.0,0,0,15.25
SPY,2024-12-24,582.0,CALL,2024-12-24T10:55:00.000,17.11,17.11,17.11,17.11,1,1,15.56
SPY,2024-12-24,582.0,CALL,2024-12-24T11:00:00.000,0.0,0.0,0.0,0.0,0,0,15.56
SPY,2024-12-24,582.0,CALL,2024-12-24T11:05:00.000,0.0,0.0,0.0,0.0,0,0,15.56
SPY,2024-12-24,582.0,CALL,2024-12-24T11:10:00.000,0.0,0.0,0.0,0.0,0,0,15.56
SPY,2024-12-24,582.0,CALL,2024-12-24T11:15:00.000,0.0,0.0,0.0,0.0,0,0,15.56
SPY,2024-12-24,582.0,CALL,2024-12-24T11:20:00.000,0.0,0.0,0.0,0.0,0,0,15.56
SPY,2024-12-24,582.0,CALL,2024-12-24T11:25:00.000,0.0,0.0,0.0,0.0,0,0,15.56
SPY,2024-12-24,582.0,CALL,2024-12-24T11:30:00.000,0.0,0.0,0.0,0.0,0,0,15.56
SPY,2024-12-24,582.0,CALL,2024-12-24T11:35:00.000,0.0,0.0,0.0,0.0,0,0,15.56
SPY,2024-12-24,582.0,CALL,2024-12-24T11:40:00.000,0.0,0.0,0.0,0.0,0,0,15.56
SPY,2024-12-24,582.0,CALL,2024-12-24T11:45:00.000,0.0,0.0,0.0,0.0,0,0,15.56
SPY,2024-12-24,582.0,CALL,2024-12-24T11:50:00.000,0.0,0.0,0.0,0.0,0,0,15.56
SPY,2024-12-24,582.0,CALL,2024-12-24T11:55:00.000,0.0,0.0,0.0,0.0,0,0,15.56
SPY,2024-12-24,582.0,CALL,2024-12-24T12:00:00.000,0.0,0.0,0.0,0.0,0,0,15.56
SPY,2024-12-24,582.0,CALL,2024-12-24T12:05:00.000,0.0,0.0,0.0,0.0,0,0,15.56
SPY,2024-12-24,582.0,CALL,2024-12-24T12:10:00.000,0.0,0.0,0.0,0.0,0,0,15.56
SPY,2024-12-24,582.0,CALL,2024-12-24T12:15:00.000,0.0,0.0,0.0,0.0,0,0,15.56
SPY,2024-12-24,582.0,CALL,2024-12-24T12:20:00.000,0.0,0.0,0.0,0.0,0,0,15.56
SPY,2024-12-24,582.0,CALL,2024-12-24T12:25:00.000,18.12,18.12,18.12,18.12,1,1,15.93
SPY,2024-12-24,582.0,CALL,2024-12-24T12:30:00.000,0.0,0.0,0.0,0.0,0,0,15.93
SPY,2024-12-24,582.0,CALL,2024-12-24T12:35:00.000,0.0,0.0,0.0,0.0,0,0,15.93
SPY,2024-12-24,582.0,CALL,2024-12-24T12:40:00.000,0.0,0.0,0.0,0.0,0,0,15.93
SPY,2024-12-24,582.0,CALL,2024-12-24T12:45:00.000,0.0,0.0,0.0,0.0,0,0,15.93
SPY,2024-12-24,582.0,CALL,2024-12-24T12:50:00.000,0.0,0.0,0.0,0.0,0,0,15.93
SPY,2024-12-24,582.0,CALL,2024-12-24T12:55:00.000,0.0,0.0,0.0,0.0,0,0,15.93
SPY,2024-12-24,582.0,CALL,2024-12-24T13:00:00.000,19.0,19.0,19.0,19.0,1,1,16.31
SPY,2024-12-24,582.0,CALL,2024-12-24T13:05:00.000,0.0,0.0,0.0,0.0,0,0,16.31
SPY,2024-12-24,582.0,CALL,2024-12-24T13:10:00.000,0.0,0.0,0.0,0.0,0,0,16.31
SPY,2024-12-24,582.0,CALL,2024-12-24T13:15:00.000,0.0,0.0,0.0,0.0,0,0,16.31
SPY,2024-12-24,582.0,CALL,2024-12-24T13:20:00.000,0.0,0.0,0.0,0.0,0,0,16.31
SPY,2024-12-24,582.0,CALL,2024-12-24T13:25:00.000,0.0,0.0,0.0,0.0,0,0,16.31
SPY,2024-12-24,582.0,CALL,2024-12-24T13:30:00.000,0.0,0.0,0.0,0.0,0,0,16.31
SPY,2024-12-24,582.0,CALL,2024-12-24T13:35:00.000,0.0,0.0,0.0,0.0,0,0,16.31
SPY,2024-12-24,582.0,CALL,2024-12-24T13:40:00.000,0.0,0.0,0.0,0.0,0,0,16.31
SPY,2024-12-24,582.0,CALL,2024-12-24T13:45:00.000,0.0,0.0,0.0,0.0,0,0,16.31
SPY,2024-12-24,582.0,CALL,2024-12-24T13:50:00.000,0.0,0.0,0.0,0.0,0,0,16.31
SPY,2024-12-24,582.0,CALL,2024-12-24T13:55:00.000,0.0,0.0,0.0,0.0,0,0,16.31
SPY,2024-12-24,582.0,CALL,2024-12-24T14:00:00.000,0.0,0.0,0.0,0.0,0,0,16.31
SPY,2024-12-24,582.0,CALL,2024-12-24T14:05:00.000,0.0,0.0,0.0,0.0,0,0,16.31
SPY,2024-12-24,582.0,CALL,2024-12-24T14:10:00.000,0.0,0.0,0.0,0.0,0,0,16.31
SPY,2024-12-24,582.0,CALL,2024-12-24T14:15:00.000,0.0,0.0,0.0,0.0,0,0,16.31
SPY,2024-12-24,582.0,CALL,2024-12-24T14:20:00.000,0.0,0.0,0.0,0.0,0,0,16.31
SPY,2024-12-24,582.0,CALL,2024-12-24T14:25:00.000,0.0,0.0,0.0,0.0,0,0,16.31
SPY,2024-12-24,582.0,CALL,2024-12-24T14:30:00.000,0.0,0.0,0.0,0.0,0,0,16.31
SPY,2024-12-24,582.0,CALL,2024-12-24T14:35:00.000,0.0,0.0,0.0,0.0,0,0,16.31
SPY,2024-12-24,582.0,CALL,2024-12-24T14:40:00.000,0.0,0.0,0.0,0.0,0,0,16.31
SPY,2024-12-24,582.0,CALL,2024-12-24T14:45:00.000,0.0,0.0,0.0,0.0,0,0,16.31
SPY,2024-12-24,582.0,CALL,2024-12-24T14:50:00.000,0.0,0.0,0.0,0.0,0,0,16.31
SPY,2024-12-24,582.0,CALL,2024-12-24T14:55:00.000,0.0,0.0,0.0,0.0,0,0,16.31
SPY,2024-12-24,582.0,CALL,2024-12-24T15:00:00.000,0.0,0.0,0.0,0.0,0,0,16.31
SPY,2024-12-24,582.0,CALL,2024-12-24T15:05:00.000,0.0,0.0,0.0,0.0,0,0,16.31
SPY,2024-12-24,582.0,CALL,2024-12-24T15:10:00.000,0.0,0.0,0.0,0.0,0,0,16.31
SPY,2024-12-24,582.0,CALL,2024-12-24T15:15:00.000,0.0,0.0,0.0,0.0,0,0,16.31
SPY,2024-12-24,582.0,CALL,2024-12-24T15:20:00.000,0.0,0.0,0.0,0.0,0,0,16.31
SPY,2024-12-24,582.0,CALL,2024-12-24T15:25:00.000,0.0,0.0,0.0,0.0,0,0,16.31
SPY,2024-12-24,582.0,CALL,2024-12-24T15:30:00.000,0.0,0.0,0.0,0.0,0,0,16.31
SPY,2024-12-24,582.0,CALL,2024-12-24T15:35:00.000,0.0,0.0,0.0,0.0,0,0,16.31
SPY,2024-12-24,582.0,CALL,2024-12-24T15:40:00.000,0.0,0.0,0.0,0.0,0,0,16.31
SPY,2024-12-24,582.0,CALL,2024-12-24T15:45:00.000,0.0,0.0,0.0,0.0,0,0,16.31
SPY,2024-12-24,582.0,CALL,2024-12-24T15:50:00.000,0.0,0.0,0.0,0.0,0,0,16.31
SPY,2024-12-24,582.0,CALL,2024-12-24T15:55:00.000,0.0,0.0,0.0,0.0,0,0,16.31
SPY,2024-12-24,582.0,CALL,2024-12-24T16:00:00.000,0.0,0.0,0.0,0.0,0,0,16.31
SPY,2024-12-24,550.0,CALL,2024-12-24T09:30:00.000,0.0,0.0,0.0,0.0,0,0,0.0
SPY,2024-12-24,550.0,CALL,2024-12-24T09:35:00.000,0.0,0.0,0.0,0.0,0,0,0.0
SPY,2024-12-24,550.0,CALL,2024-12-24T09:40:00.000,0.0,0.0,0.0,0.0,0,0,0.0
SPY,2024-12-24,550.0,CALL,2024-12-24T09:45:00.000,0.0,0.0,0.0,0.0,0,0,0.0
SPY,2024-12-24,550.0,CALL,2024-12-24T09:50:00.000,47.29,47.29,47.29,47.29,1,1,47.29
SPY,2024-12-24,550.0,CALL,2024-12-24T09:55:00.000,0.0,0.0,0.0,0.0,0,0,47.29
SPY,2024-12-24,550.0,CALL,2024-12-24T10:00:00.000,0.0,0.0,0.0,0.0,0,0,47.29
SPY,2024-12-24,550.0,CALL,2024-12-24T10:05:00.000,0.0,0.0,0.0,0.0,0,0,47.29
SPY,2024-12-24,550.0,CALL,2024-12-24T10:10:00.000,0.0,0.0,0.0,0.0,0,0,47.29
SPY,2024-12-24,550.0,CALL,2024-12-24T10:15:00.000,0.0,0.0,0.0,0.0,0,0,47.29
SPY,2024-12-24,550.0,CALL,2024-12-24T10:20:00.000,0.0,0.0,0.0,0.0,0,0,47.29
SPY,2024-12-24,550.0,CALL,2024-12-24T10:25:00.000,48.51,48.51,48.51,48.51,1,1,47.9
SPY,2024-12-24,550.0,CALL,2024-12-24T10:30:00.000,48.36,48.36,48.36,48.36,1,1,48.05
SPY,2024-12-24,550.0,CALL,2024-12-24T10:35:00.000,0.0,0.0,0.0,0.0,0,0,48.05
SPY,2024-12-24,550.0,CALL,2024-12-24T10:40:00.000,0.0,0.0,0.0,0.0,0,0,48.05
SPY,2024-12-24,550.0,CALL,2024-12-24T10:45:00.000,0.0,0.0,0.0,0.0,0,0,48.05
SPY,2024-12-24,550.0,CALL,2024-12-24T10:50:00.000,0.0,0.0,0.0,0.0,0,0,48.05
SPY,2024-12-24,550.0,CALL,2024-12-24T10:55:00.000,0.0,0.0,0.0,0.0,0,0,48.05
SPY,2024-12-24,550.0,CALL,2024-12-24T11:00:00.000,0.0,0.0,0.0,0.0,0,0,48.05
SPY,2024-12-24,550.0,CALL,2024-12-24T11:05:00.000,0.0,0.0,0.0,0.0,0,0,48.05
SPY,2024-12-24,550.0,CALL,2024-12-24T11:10:00.000,0.0,0.0,0.0,0.0,0,0,48.05
SPY,2024-12-24,550.0,CALL,2024-12-24T11:15:00.000,0.0,0.0,0.0,0.0,0,0,48.05
SPY,2024-12-24,550.0,CALL,2024-12-24T11:20:00.000,0.0,0.0,0.0,0.0,0,0,48.05
SPY,2024-12-24,550.0,CALL,2024-12-24T11:25:00.000,0.0,0.0,0.0,0.0,0,0,48.05
SPY,2024-12-24,550.0,CALL,2024-12-24T11:30:00.000,0.0,0.0,0.0,0.0,0,0,48.05
SPY,2024-12-24,550.0,CALL,2024-12-24T11:35:00.000,0.0,0.0,0.0,0.0,0,0,48.05
SPY,2024-12-24,550.0,CALL,2024-12-24T11:40:00.000,0.0,0.0,0.0,0.0,0,0,48.05
SPY,2024-12-24,550.0,CALL,2024-12-24T11:45:00.000,0.0,0.0,0.0,0.0,0,0,48.05
SPY,2024-12-24,550.0,CALL,2024-12-24T11:50:00.000,0.0,0.0,0.0,0.0,0,0,48.05
SPY,2024-12-24,550.0,CALL,2024-12-24T11:55:00.000,0.0,0.0,0.0,0.0,0,0,48.05
SPY,2024-12-24,550.0,CALL,2024-12-24T12:00:00.000,0.0,0.0,0.0,0.0,0,0,48.05
SPY,2024-12-24,550.0,CALL,2024-12-24T12:05:00.000,0.0,0.0,0.0,0.0,0,0,48.05
SPY,2024-12-24,550.0,CALL,2024-12-24T12:10:00.000,0.0,0.0,0.0,0.0,0,0,48.05
SPY,2024-12-24,550.0,CALL,2024-12-24T12:15:00.000,0.0,0.0,0.0,0.0,0,0,48.05
SPY,2024-12-24,550.0,CALL,2024-12-24T12:20:00.000,0.0,0.0,0.0,0.0,0,0,48.05
SPY,2024-12-24,550.0,CALL,2024-12-24T12:25:00.000,0.0,0.0,0.0,0.0,0,0,48.05
SPY,2024-12-24,550.0,CALL,2024-12-24T12:30:00.000,0.0,0.0,0.0,0.0,0,0,48.05
SPY,2024-12-24,550.0,CALL,2024-12-24T12:35:00.000,0.0,0.0,0.0,0.0,0,0,48.05
SPY,2024-12-24,550.0,CALL,2024-12-24T12:40:00.000,0.0,0.0,0.0,0.0,0,0,48.05
SPY,2024-12-24,550.0,CALL,2024-12-24T12:45:00.000,0.0,0.0,0.0,0.0,0,0,48.05
SPY,2024-12-24,550.0,CALL,2024-12-24T12:50:00.000,0.0,0.0,0.0,0.0,0,0,48.05
SPY,2024-12-24,550.0,CALL,2024-12-24T12:55:00.000,0.0,0.0,0.0,0.0,0,0,48.05
SPY,2024-12-24,550.0,CALL,2024-12-24T13:00:00.000,0.0,0.0,0.0,0.0,0,0,48.05
SPY,2024-12-24,550.0,CALL,2024-12-24T13:05:00.000,0.0,0.0,0.0,0.0,0,0,48.05
SPY,2024-12-24,550.0,CALL,2024-12-24T13:10:00.000,0.0,0.0,0.0,0.0,0,0,48.05
SPY,2024-12-24,550.0,CALL,2024-12-24T13:15:00.000,0.0,0.0,0.0,0.0,0,0,48.05
SPY,2024-12-24,550.0,CALL,2024-12-24T13:20:00.000,0.0,0.0,0.0,0.0,0,0,48.05
SPY,2024-12-24,550.0,CALL,2024-12-24T13:25:00.000,0.0,0.0,0.0,0.0,0,0,48.05
SPY,2024-12-24,550.0,CALL,2024-12-24T13:30:00.000,0.0,0.0,0.0,0.0,0,0,48.05
SPY,2024-12-24,550.0,CALL,2024-12-24T13:35:00.000,0.0,0.0,0.0,0.0,0,0,48.05
SPY,2024-12-24,550.0,CALL,2024-12-24T13:40:00.000,0.0,0.0,0.0,0.0,0,0,48.05
SPY,2024-12-24,550.0,CALL,2024-12-24T13:45:00.000,0.0,0.0,0.0,0.0,0,0,48.05
SPY,2024-12-24,550.0,CALL,2024-12-24T13:50:00.000,0.0,0.0,0.0,0.0,0,0,48.05
SPY,2024-12-24,550.0,CALL,2024-12-24T13:55:00.000,0.0,0.0,0.0,0.0,0,0,48.05
SPY,2024-12-24,550.0,CALL,2024-12-24T14:00:00.000,0.0,0.0,0.0,0.0,0,0,48.05
SPY,2024-12-24,550.0,CALL,2024-12-24T14:05:00.000,0.0,0.0,0.0,0.0,0,0,48.05
SPY,2024-12-24,550.0,CALL,2024-12-24T14:10:00.000,0.0,0.0,0.0,0.0,0,0,48.05
SPY,2024-12-24,550.0,CALL,2024-12-24T14:15:00.000,0.0,0.0,0.0,0.0,0,0,48.05
SPY,2024-12-24,550.0,CALL,2024-12-24T14:20:00.000,0.0,0.0,0.0,0.0,0,0,48.05
SPY,2024-12-24,550.0,CALL,2024-12-24T14:25:00.000,0.0,0.0,0.0,0.0,0,0,48.05
SPY,2024-12-24,550.0,CALL,2024-12-24T14:30:00.000,0.0,0.0,0.0,0.0,0,0,48.05
SPY,2024-12-24,550.0,CALL,2024-12-24T14:35:00.000,0.0,0.0,0.0,0.0,0,0,48.05
SPY,2024-12-24,550.0,CALL,2024-12-24T14:40:00.000,0.0,0.0,0.0,0.0,0,0,48.05
SPY,2024-12-24,550.0,CALL,2024-12-24T14:45:00.000,0.0,0.0,0.0,0.0,0,0,48.05
SPY,2024-12-24,550.0,CALL,2024-12-24T14:50:00.000,0.0,0.0,0.0,0.0,0,0,48.05
SPY,2024-12-24,550.0,CALL,2024-12-24T14:55:00.000,0.0,0.0,0.0,0.0,0,0,48.05
SPY,2024-12-24,550.0,CALL,2024-12-24T15:00:00.000,0.0,0.0,0.0,0.0,0,0,48.05
SPY,2024-12-24,550.0,CALL,2024-12-24T15:05:00.000,0.0,0.0,0.0,0.0,0,0,48.05
SPY,2024-12-24,550.0,CALL,2024-12-24T15:10:00.000,0.0,0.0,0.0,0.0,0,0,48.05
SPY,2024-12-24,550.0,CALL,2024-12-24T15:15:00.000,0.0,0.0,0.0,0.0,0,0,48.05
SPY,2024-12-24,550.0,CALL,2024-12-24T15:20:00.000,0.0,0.0,0.0,0.0,0,0,48.05
SPY,2024-12-24,550.0,CALL,2024-12-24T15:25:00.000,0.0,0.0,0.0,0.0,0,0,48.05
SPY,2024-12-24,550.0,CALL,2024-12-24T15:30:00.000,0.0,0.0,0.0,0.0,0,0,48.05
SPY,2024-12-24,550.0,CALL,2024-12-24T15:35:00.000,0.0,0.0,0.0,0.0,0,0,48.05
SPY,2024-12-24,550.0,CALL,2024-12-24T15:40:00.000,0.0,0.0,0.0,0.0,0,0,48.05
SPY,2024-12-24,550.0,CALL,2024-12-24T15:45:00.000,0.0,0.0,0.0,0.0,0,0,48.05
SPY,2024-12-24,550.0,CALL,2024-12-24T15:50:00.000,0.0,0.0,0.0,0.0,0,0,48.05
SPY,2024-12-24,550.0,CALL,2024-12-24T15:55:00.000,0.0,0.0,0.0,0.0,0,0,48.05
SPY,2024-12-24,550.0,CALL,2024-12-24T16:00:00.000,0.0,0.0,0.0,0.0,0,0,48.05
SPY,2024-12-24,593.0,CALL,2024-12-24T09:30:00.000,3.37,3.45,2.81,3.38,954,241,3.05
SPY,2024-12-24,593.0,CALL,2024-12-24T09:35:00.000,3.37,3.8,3.09,3.62,279,100,3.13
SPY,2024-12-24,593.0,CALL,2024-12-24T09:40:00.000,3.55,4.14,3.55,3.92,503,108,3.34
SPY,2024-12-24,593.0,CALL,2024-12-24T09:45:00.000,3.95,4.22,3.88,4.0,94,50,3.38
SPY,2024-12-24,593.0,CALL,2024-12-24T09:50:00.000,3.79,4.25,3.71,4.14,150,57,3.42
SPY,2024-12-24,593.0,CALL,2024-12-24T09:55:00.000,3.95,4.33,3.81,4.28,221,72,3.49
SPY,2024-12-24,593.0,CALL,2024-12-24T10:00:00.000,4.4,4.91,4.3,4.87,98,51,3.54
SPY,2024-12-24,593.0,CALL,2024-12-24T10:05:00.000,4.84,5.13,4.31,4.58,134,39,3.61
SPY,2024-12-24,593.0,CALL,2024-12-24T10:10:00.000,4.75,5.12,4.67,5.12,297,33,3.75
SPY,2024-12-24,593.0,CALL,2024-12-24T10:15:00.000,5.15,5.3,5.1,5.12,186,35,3.85
SPY,2024-12-24,593.0,CALL,2024-12-24T10:20:00.000,5.04,5.24,4.84,5.2,882,51,4.12
SPY,2024-12-24,593.0,CALL,2024-12-24T10:25:00.000,5.12,5.38,5.12,5.22,244,22,4.19
SPY,2024-12-24,593.0,CALL,2024-12-24T10:30:00.000,5.12,5.65,5.12,5.57,106,24,4.23
SPY,2024-12-24,593.0,CALL,2024-12-24T10:35:00.000,5.59,5.9,5.52,5.69,150,22,4.28
SPY,2024-12-24,593.0,CALL,2024-12-24T10:40:00.000,5.9,6.23,5.88,6.14,42,19,4.29
SPY,2024-12-24,593.0,CALL,2024-12-24T10:45:00.000,6.21,6.24,6.13,6.18,54,12,4.32
SPY,2024-12-24,593.0,CALL,2024-12-24T10:50:00.000,6.25,6.25,5.71,5.72,160,33,4.37
SPY,2024-12-24,593.0,CALL,2024-12-24T10:55:00.000,5.68,6.21,5.68,6.21,75,21,4.4
SPY,2024-12-24,593.0,CALL,2024-12-24T11:00:00.000,6.21,6.35,6.04,6.15,324,11,4.52
SPY,2024-12-24,593.0,CALL,2024-12-24T11:05:00.000,6.06,6.12,5.86,6.12,16,12,4.52
SPY,2024-12-24,593.0,CALL,2024-12-24T11:10:00.000,6.07,6.07,5.78,6.05,60,12,4.54
SPY,2024-12-24,593.0,CALL,2024-12-24T11:15:00.000,6.15,6.17,6.02,6.04,7,6,4.54
SPY,2024-12-24,593.0,CALL,2024-12-24T11:20:00.000,6.09,6.26,6.0,6.26,12,9,4.54
SPY,2024-12-24,593.0,CALL,2024-12-24T11:25:00.000,6.29,6.29,6.18,6.21,127,9,4.58
SPY,2024-12-24,593.0,CALL,2024-12-24T11:30:00.000,6.25,6.32,6.2,6.32,25,8,4.59
SPY,2024-12-24,593.0,CALL,2024-12-24T11:35:00.000,6.06,6.41,6.06,6.41,4,2,4.59
SPY,2024-12-24,593.0,CALL,2024-12-24T11:40:00.000,6.56,6.76,6.56,6.76,24,5,4.6
SPY,2024-12-24,593.0,CALL,2024-12-24T11:45:00.000,6.58,6.83,6.58,6.75,13,8,4.61
SPY,2024-12-24,593.0,CALL,2024-12-24T11:50:00.000,6.71,6.71,5.87,6.07,282,33,4.69
SPY,2024-12-24,593.0,CALL,2024-12-24T11:55:00.000,6.07,6.55,6.04,6.04,154,19,4.74
SPY,2024-12-24,593.0,CALL,2024-12-24T12:00:00.000,5.94,6.43,5.94,6.32,49,9,4.75
SPY,2024-12-24,593.0,CALL,2024-12-24T12:05:00.000,6.36,6.41,6.36,6.4,18,3,4.75
SPY,2024-12-24,593.0,CALL,2024-12-24T12:10:00.000,6.75,6.75,6.61,6.61,27,2,4.76
SPY,2024-12-24,593.0,CALL,2024-12-24T12:15:00.000,6.83,6.9,6.76,6.9,63,6,4.79
SPY,2024-12-24,593.0,CALL,2024-12-24T12:20:00.000,6.89,7.39,6.86,7.0,46,24,4.8
SPY,2024-12-24,593.0,CALL,2024-12-24T12:25:00.000,6.98,7.65,6.97,7.15,21,11,4.81
SPY,2024-12-24,593.0,CALL,2024-12-24T12:30:00.000,7.09,7.24,6.49,6.49,295,36,4.9
SPY,2024-12-24,593.0,CALL,2024-12-24T12:35:00.000,6.38,6.75,6.24,6.73,167,33,4.94
SPY,2024-12-24,593.0,CALL,2024-12-24T12:40:00.000,7.0,7.13,6.88,7.13,29,10,4.95
SPY,2024-12-24,593.0,CALL,2024-12-24T12:45:00.000,6.75,6.91,6.61,6.91,46,9,4.97
SPY,2024-12-24,593.0,CALL,2024-12-24T12:50:00.000,7.25,7.5,7.25,7.5,49,5,4.98
SPY,2024-12-24,593.0,CALL,2024-12-24T12:55:00.000,7.99,7.99,7.99,7.99,1,1,4.98
SPY,2024-12-24,593.0,CALL,2024-12-24T13:00:00.000,7.94,8.17,7.94,8.13,40,6,5.0
SPY,2024-12-24,593.0,CALL,2024-12-24T13:05:00.000,8.07,8.21,7.85,7.85,32,4,5.02
SPY,2024-12-24,593.0,CALL,2024-12-24T13:10:00.000,7.72,7.72,7.72,7.72,1,1,5.02
SPY,2024-12-24,593.0,CALL,2024-12-24T13:15:00.000,0.0,0.0,0.0,0.0,0,0,5.02
SPY,2024-12-24,593.0,CALL,2024-12-24T13:20:00.000,0.0,0.0,0.0,0.0,0,0,5.02
SPY,2024-12-24,593.0,CALL,2024-12-24T13:25:00.000,0.0,0.0,0.0,0.0,0,0,5.02
SPY,2024-12-24,593.0,CALL,2024-12-24T13:30:00.000,0.0,0.0,0.0,0.0,0,0,5.02
SPY,2024-12-24,593.0,CALL,2024-12-24T13:35:00.000,0.0,0.0,0.0,0.0,0,0,5.02
SPY,2024-12-24,593.0,CALL,2024-12-24T13:40:00.000,0.0,0.0,0.0,0.0,0,0,5.02
SPY,2024-12-24,593.0,CALL,2024-12-24T13:45:00.000,0.0,0.0,0.0,0.0,0,0,5.02
SPY,2024-12-24,593.0,CALL,2024-12-24T13:50:00.000,0.0,0.0,0.0,0.0,0,0,5.02
SPY,2024-12-24,593.0,CALL,2024-12-24T13:55:00.000,0.0,0.0,0.0,0.0,0,0,5.02
SPY,2024-12-24,593.0,CALL,2024-12-24T14:00:00.000,0.0,0.0,0.0,0.0,0,0,5.02
SPY,2024-12-24,593.0,CALL,2024-12-24T14:05:00.000,0.0,0.0,0.0,0.0,0,0,5.02
SPY,2024-12-24,593.0,CALL,2024-12-24T14:10:00.000,0.0,0.0,0.0,0.0,0,0,5.02
SPY,2024-12-24,593.0,CALL,2024-12-24T14:15:00.000,0.0,0.0,0.0,0.0,0,0,5.02
SPY,2024-12-24,593.0,CALL,2024-12-24T14:20:00.000,0.0,0.0,0.0,0.0,0,0,5.02
SPY,2024-12-24,593.0,CALL,2024-12-24T14:25:00.000,0.0,0.0,0.0,0.0,0,0,5.02
SPY,2024-12-24,593.0,CALL,2024-12-24T14:30:00.000,0.0,0.0,0.0,0.0,0,0,5.02
SPY,2024-12-24,593.0,CALL,2024-12-24T14:35:00.000,0.0,0.0,0.0,0.0,0,0,5.02
SPY,2024-12-24,593.0,CALL,2024-12-24T14:40:00.000,0.0,0.0,0.0,0.0,0,0,5.02
SPY,2024-12-24,593.0,CALL,2024-12-24T14:45:00.000,0.0,0.0,0.0,0.0,0,0,5.02
SPY,2024-12-24,593.0,CALL,2024-12-24T14:50:00.000,0.0,0.0,0.0,0.0,0,0,5.02
SPY,2024-12-24,593.0,CALL,2024-12-24T14:55:00.000,0.0,0.0,0.0,0.0,0,0,5.02
SPY,2024-12-24,593.0,CALL,2024-12-24T15:00:00.000,0.0,0.0,0.0,0.0,0,0,5.02
SPY,2024-12-24,593.0,CALL,2024-12-24T15:05:00.000,0.0,0.0,0.0,0.0,0,0,5.02
SPY,2024-12-24,593.0,CALL,2024-12-24T15:10:00.000,0.0,0.0,0.0,0.0,0,0,5.02
SPY,2024-12-24,593.0,CALL,2024-12-24T15:15:00.000,0.0,0.0,0.0,0.0,0,0,5.02
SPY,2024-12-24,593.0,CALL,2024-12-24T15:20:00.000,0.0,0.0,0.0,0.0,0,0,5.02
SPY,2024-12-24,593.0,CALL,2024-12-24T15:25:00.000,0.0,0.0,0.0,0.0,0,0,5.02
SPY,2024-12-24,593.0,CALL,2024-12-24T15:30:00.000,0.0,0.0,0.0,0.0,0,0,5.02
SPY,2024-12-24,593.0,CALL,2024-12-24T15:35:00.000,0.0,0.0,0.0,0.0,0,0,5.02
SPY,2024-12-24,593.0,CALL,2024-12-24T15:40:00.000,0.0,0.0,0.0,0.0,0,0,5.02
SPY,2024-12-24,593.0,CALL,2024-12-24T15:45:00.000,0.0,0.0,0.0,0.0,0,0,5.02
SPY,2024-12-24,593.0,CALL,2024-12-24T15:50:00.000,0.0,0.0,0.0,0.0,0,0,5.02
SPY,2024-12-24,593.0,CALL,2024-12-24T15:55:00.000,0.0,0.0,0.0,0.0,0,0,5.02
SPY,2024-12-24,593.0,CALL,2024-12-24T16:00:00.000,0.0,0.0,0.0,0.0,0,0,5.02
SPY,2024-12-24,609.0,CALL,2024-12-24T09:30:00.000,0.0,0.0,0.0,0.0,0,0,0.0
SPY,2024-12-24,609.0,CALL,2024-12-24T09:35:00.000,0.01,0.01,0.01,0.01,80,4,0.01
SPY,2024-12-24,609.0,CALL,2024-12-24T09:40:00.000,0.0,0.0,0.0,0.0,0,0,0.01
SPY,2024-12-24,609.0,CALL,2024-12-24T09:45:00.000,0.0,0.0,0.0,0.0,0,0,0.01
SPY,2024-12-24,609.0,CALL,2024-12-24T09:50:00.000,0.0,0.0,0.0,0.0,0,0,0.01
SPY,2024-12-24,609.0,CALL,2024-12-24T09:55:00.000,0.0,0.0,0.0,0.0,0,0,0.01
SPY,2024-12-24,609.0,CALL,2024-12-24T10:00:00.000,0.01,0.01,0.01,0.01,2,2,0.01
SPY,2024-12-24,609.0,CALL,2024-12-24T10:05:00.000,0.0,0.0,0.0,0.0,0,0,0.01
SPY,2024-12-24,609.0,CALL,2024-12-24T10:10:00.000,0.0,0.0,0.0,0.0,0,0,0.01
SPY,2024-12-24,609.0,CALL,2024-12-24T10:15:00.000,0.0,0.0,0.0,0.0,0,0,0.01
SPY,2024-12-24,609.0,CALL,2024-12-24T10:20:00.000,0.0,0.0,0.0,0.0,0,0,0.01
SPY,2024-12-24,609.0,CALL,2024-12-24T10:25:00.000,0.0,0.0,0.0,0.0,0,0,0.01
SPY,2024-12-24,609.0,CALL,2024-12-24T10:30:00.000,0.0,0.0,0.0,0.0,0,0,0.01
SPY,2024-12-24,609.0,CALL,2024-12-24T10:35:00.000,0.01,0.01,0.01,0.01,1,1,0.01
SPY,2024-12-24,609.0,CALL,2024-12-24T10:40:00.000,0.01,0.01,0.01,0.01,27,9,0.01
SPY,2024-12-24,609.0,CALL,2024-12-24T10:45:00.000,0.0,0.0,0.0,0.0,0,0,0.01
SPY,2024-12-24,609.0,CALL,2024-12-24T10:50:00.000,0.0,0.0,0.0,0.0,0,0,0.01
SPY,2024-12-24,609.0,CALL,2024-12-24T10:55:00.000,0.0,0.0,0.0,0.0,0,0,0.01
SPY,2024-12-24,609.0,CALL,2024-12-24T11:00:00.000,0.0,0.0,0.0,0.0,0,0,0.01
SPY,2024-12-24,609.0,CALL,2024-12-24T11:05:00.000,0.01,0.01,0.01,0.01,20,1,0.01
SPY,2024-12-24,609.0,CALL,2024-12-24T11:10:00.000,0.0,0.0,0.0,0.0,0,0,0.01
SPY,2024-12-24,609.0,CALL,2024-12-24T11:15:00.000,0.0,0.0,0.0,0.0,0,0,0.01
SPY,2024-12-24,609.0,CALL,2024-12-24T11:20:00.000,0.0,0.0,0.0,0.0,0,0,0.01
SPY,2024-12-24,609.0,CALL,2024-12-24T11:25:00.000,0.0,0.0,0.0,0.0,0,0,0.01
SPY,2024-12-24,609.0,CALL,2024-12-24T11:30:00.000,0.0,0.0,0.0,0.0,0,0,0.01
SPY,2024-12-24,609.0,CALL,2024-12-24T11:35:00.000,0.0,0.0,0.0,0.0,0,0,0.01
SPY,2024-12-24,609.0,CALL,2024-12-24T11:40:00.000,0.0,0.0,0.0,0.0,0,0,0.01
SPY,2024-12-24,609.0,CALL,2024-12-24T11:45:00.000,0.01,0.01,0.01,0.01,2,2,0.01
SPY,2024-12-24,609.0,CALL,2024-12-24T11:50:00.000,0.0,0.0,0.0,0.0,0,0,0.01
SPY,2024-12-24,609.0,CALL,2024-12-24T11:55:00.000,0.0,0.0,0.0,0.0,0,0,0.01
SPY,2024-12-24,609.0,CALL,2024-12-24T12:00:00.000,0.0,0.0,0.0,0.0,0,0,0.01
SPY,2024-12-24,609.0,CALL,2024-12-24T12:05:00.000,0.0,0.0,0.0,0.0,0,0,0.01
SPY,2024-12-24,609.0,CALL,2024-12-24T12:10:00.000,0.0,0.0,0.0,0.0,0,0,0.01
SPY,2024-12-24,609.0,CALL,2024-12-24T12:15:00.000,0.0,0.0,0.0,0.0,0,0,0.01
SPY,2024-12-24,609.0,CALL,2024-12-24T12:20:00.000,0.01,0.01,0.01,0.01,1,1,0.01
SPY,2024-12-24,609.0,CALL,2024-12-24T12:25:00.000,0.0,0.0,0.0,0.0,0,0,0.01
SPY,2024-12-24,609.0,CALL,2024-12-24T12:30:00.000,0.0,0.0,0.0,0.0,0,0,0.01
SPY,2024-12-24,609.0,CALL,2024-12-24T12:35:00.000,0.01,0.01,0.01,0.01,1,1,0.01
SPY,2024-12-24,609.0,CALL,2024-12-24T12:40:00.000,0.0,0.0,0.0,0.0,0,0,0.01
SPY,2024-12-24,609.0,CALL,2024-12-24T12:45:00.000,0.0,0.0,0.0,0.0,0,0,0.01
SPY,2024-12-24,609.0,CALL,2024-12-24T12:50:00.000,0.0,0.0,0.0,0.0,0,0,0.01
SPY,2024-12-24,609.0,CALL,2024-12-24T12:55:00.000,0.0,0.0,0.0,0.0,0,0,0.01
SPY,2024-12-24,609.0,CALL,2024-12-24T13:00:00.000,0.0,0.0,0.0,0.0,0,0,0.01
SPY,2024-12-24,609.0,CALL,2024-12-24T13:05:00.000,0.0,0.0,0.0,0.0,0,0,0.01
SPY,2024-12-24,609.0,CALL,2024-12-24T13:10:00.000,0.0,0.0,0.0,0.0,0,0,0.01
SPY,2024-12-24,609.0,CALL,2024-12-24T13:15:00.000,0.0,0.0,0.0,0.0,0,0,0.01
SPY,2024-12-24,609.0,CALL,2024-12-24T13:20:00.000,0.0,0.0,0.0,0.0,0,0,0.01
SPY,2024-12-24,609.0,CALL,2024-12-24T13:25:00.000,0.0,0.0,0.0,0.0,0,0,0.01
SPY,2024-12-24,609.0,CALL,2024-12-24T13:30:00.000,0.0,0.0,0.0,0.0,0,0,0.01
SPY,2024-12-24,609.0,CALL,2024-12-24T13:35:00.000,0.0,0.0,0.0,0.0,0,0,0.01
SPY,2024-12-24,609.0,CALL,2024-12-24T13:40:00.000,0.0,0.0,0.0,0.0,0,0,0.01
SPY,2024-12-24,609.0,CALL,2024-12-24T13:45:00.000,0.0,0.0,0.0,0.0,0,0,0.01
SPY,2024-12-24,609.0,CALL,2024-12-24T13:50:00.000,0.0,0.0,0.0,0.0,0,0,0.01
SPY,2024-12-24,609.0,CALL,2024-12-24T13:55:00.000,0.0,0.0,0.0,0.0,0,0,0.01
SPY,2024-12-24,609.0,CALL,2024-12-24T14:00:00.000,0.0,0.0,0.0,0.0,0,0,0.01
SPY,2024-12-24,609.0,CALL,2024-12-24T14:05:00.000,0.0,0.0,0.0,0.0,0,0,0.01
SPY,2024-12-24,609.0,CALL,2024-12-24T14:10:00.000,0.0,0.0,0.0,0.0,0,0,0.01
SPY,2024-12-24,609.0,CALL,2024-12-24T14:15:00.000,0.0,0.0,0.0,0.0,0,0,0.01
SPY,2024-12-24,609.0,CALL,2024-12-24T14:20:00.000,0.0,0.0,0.0,0.0,0,0,0.01
SPY,2024-12-24,609.0,CALL,2024-12-24T14:25:00.000,0.0,0.0,0.0,0.0,0,0,0.01
SPY,2024-12-24,609.0,CALL,2024-12-24T14:30:00.000,0.0,0.0,0.0,0.0,0,0,0.01
SPY,2024-12-24,609.0,CALL,2024-12-24T14:35:00.000,0.0,0.0,0.0,0.0,0,0,0.01
SPY,2024-12-24,609.0,CALL,2024-12-24T14:40:00.000,0.0,0.0,0.0,0.0,0,0,0.01
SPY,2024-12-24,609.0,CALL,2024-12-24T14:45:00.000,0.0,0.0,0.0,0.0,0,0,0.01
SPY,2024-12-24,609.0,CALL,2024-12-24T14:50:00.000,0.0,0.0,0.0,0.0,0,0,0.01
SPY,2024-12-24,609.0,CALL,2024-12-24T14:55:00.000,0.0,0.0,0.0,0.0,0,0,0.01
SPY,2024-12-24,609.0,CALL,2024-12-24T15:00:00.000,0.0,0.0,0.0,0.0,0,0,0.01
SPY,2024-12-24,609.0,CALL,2024-12-24T15:05:00.000,0.0,0.0,0.0,0.0,0,0,0.01
SPY,2024-12-24,609.0,CALL,2024-12-24T15:10:00.000,0.0,0.0,0.0,0.0,0,0,0.01
SPY,2024-12-24,609.0,CALL,2024-12-24T15:15:00.000,0.0,0.0,0.0,0.0,0,0,0.01
SPY,2024-12-24,609.0,CALL,2024-12-24T15:20:00.000,0.0,0.0,0.0,0.0,0,0,0.01
SPY,2024-12-24,609.0,CALL,2024-12-24T15:25:00.000,0.0,0.0,0.0,0.0,0,0,0.01
SPY,2024-12-24,609.0,CALL,2024-12-24T15:30:00.000,0.0,0.0,0.0,0.0,0,0,0.01
SPY,2024-12-24,609.0,CALL,2024-12-24T15:35:00.000,0.0,0.0,0.0,0.0,0,0,0.01
SPY,2024-12-24,609.0,CALL,2024-12-24T15:40:00.000,0.0,0.0,0.0,0.0,0,0,0.01
SPY,2024-12-24,609.0,CALL,2024-12-24T15:45:00.000,0.0,0.0,0.0,0.0,0,0,0.01
SPY,2024-12-24,609.0,CALL,2024-12-24T15:50:00.000,0.0,0.0,0.0,0.0,0,0,0.01
SPY,2024-12-24,609.0,CALL,2024-12-24T15:55:00.000,0.0,0.0,0.0,0.0,0,0,0.01
SPY,2024-12-24,609.0,CALL,2024-12-24T16:00:00.000,0.0,0.0,0.0,0.0,0,0,0.01
SPY,2024-12-24,577.0,CALL,2024-12-24T09:30:00.000,0.0,0.0,0.0,0.0,0,0,0.0
SPY,2024-12-24,577.0,CALL,2024-12-24T09:35:00.000,0.0,0.0,0.0,0.0,0,0,0.0
SPY,2024-12-24,577.0,CALL,2024-12-24T09:40:00.000,0.0,0.0,0.0,0.0,0,0,0.0
SPY,2024-12-24,577.0,CALL,2024-12-24T09:45:00.000,0.0,0.0,0.0,0.0,0,0,0.0
SPY,2024-12-24,577.0,CALL,2024-12-24T09:50:00.000,0.0,0.0,0.0,0.0,0,0,0.0
SPY,2024-12-24,577.0,CALL,2024-12-24T09:55:00.000,0.0,0.0,0.0,0.0,0,0,0.0
SPY,2024-12-24,577.0,CALL,2024-12-24T10:00:00.000,0.0,0.0,0.0,0.0,0,0,0.0
SPY,2024-12-24,577.0,CALL,2024-12-24T10:05:00.000,0.0,0.0,0.0,0.0,0,0,0.0
SPY,2024-12-24,577.0,CALL,2024-12-24T10:10:00.000,0.0,0.0,0.0,0.0,0,0,0.0
SPY,2024-12-24,577.0,CALL,2024-12-24T10:15:00.000,0.0,0.0,0.0,0.0,0,0,0.0
SPY,2024-12-24,577.0,CALL,2024-12-24T10:20:00.000,0.0,0.0,0.0,0.0,0,0,0.0
SPY,2024-12-24,577.0,CALL,2024-12-24T10:25:00.000,0.0,0.0,0.0,0.0,0,0,0.0
SPY,2024-12-24,577.0,CALL,2024-12-24T10:30:00.000,0.0,0.0,0.0,0.0,0,0,0.0
SPY,2024-12-24,577.0,CALL,2024-12-24T10:35:00.000,0.0,0.0,0.0,0.0,0,0,0.0
SPY,2024-12-24,577.0,CALL,2024-12-24T10:40:00.000,0.0,0.0,0.0,0.0,0,0,0.0
SPY,2024-12-24,577.0,CALL,2024-12-24T10:45:00.000,0.0,0.0,0.0,0.0,0,0,0.0
SPY,2024-12-24,577.0,CALL,2024-12-24T10:50:00.000,22.01,22.01,22.01,22.01,44,1,22.01
SPY,2024-12-24,577.0,CALL,2024-12-24T10:55:00.000,21.82,21.82,21.82,21.82,44,1,21.91
SPY,2024-12-24,577.0,CALL,2024-12-24T11:00:00.000,0.0,0.0,0.0,0.0,0,0,21.91
SPY,2024-12-24,577.0,CALL,2024-12-24T11:05:00.000,22.08,22.08,22.08,22.08,11,1,21.93
SPY,2024-12-24,577.0,CALL,2024-12-24T11:10:00.000,0.0,0.0,0.0,0.0,0,0,21.93
SPY,2024-12-24,577.0,CALL,2024-12-24T11:15:00.000,0.0,0.0,0.0,0.0,0,0,21.93
SPY,2024-12-24,577.0,CALL,2024-12-24T11:20:00.000,0.0,0.0,0.0,0.0,0,0,21.93
SPY,2024-12-24,577.0,CALL,2024-12-24T11:25:00.000,0.0,0.0,0.0,0.0,0,0,21.93
SPY,2024-12-24,577.0,CALL,2024-12-24T11:30:00.000,0.0,0.0,0.0,0.0,0,0,21.93
SPY,2024-12-24,577.0,CALL,2024-12-24T11:35:00.000,0.0,0.0,0.0,0.0,0,0,21.93
SPY,2024-12-24,577.0,CALL,2024-12-24T11:40:00.000,0.0,0.0,0.0,0.0,0,0,21.93
SPY,2024-12-24,577.0,CALL,2024-12-24T11:45:00.000,0.0,0.0,0.0,0.0,0,0,21.93
SPY,2024-12-24,577.0,CALL,2024-12-24T11:50:00.000,0.0,0.0,0.0,0.0,0,0,21.93
SPY,2024-12-24,577.0,CALL,2024-12-24T11:55:00.000,0.0,0.0,0.0,0.0,0,0,21.93
SPY,2024-12-24,577.0,CALL,2024-12-24T12:00:00.000,0.0,0.0,0.0,0.0,0,0,21.93
SPY,2024-12-24,577.0,CALL,2024-12-24T12:05:00.000,0.0,0.0,0.0,0.0,0,0,21.93
SPY,2024-12-24,577.0,CALL,2024-12-24T12:10:00.000,0.0,0.0,0.0,0.0,0,0,21.93
SPY,2024-12-24,577.0,CALL,2024-12-24T12:15:00.000,0.0,0.0,0.0,0.0,0,0,21.93
SPY,2024-12-24,577.0,CALL,2024-12-24T12:20:00.000,0.0,0.0,0.0,0.0,0,0,21.93
SPY,2024-12-24,577.0,CALL,2024-12-24T12:25:00.000,23.12,23.12,23.12,23.12,1,1,21.94
SPY,2024-12-24,577.0,CALL,2024-12-24T12:30:00.000,0.0,0.0,0.0,0.0,0,0,21.94
SPY,2024-12-24,577.0,CALL,2024-12-24T12:35:00.000,0.0,0.0,0.0,0.0,0,0,21.94
SPY,2024-12-24,577.0,CALL,2024-12-24T12:40:00.000,0.0,0.0,0.0,0.0,0,0,21.94
SPY,2024-12-24,577.0,CALL,2024-12-24T12:45:00.000,0.0,0.0,0.0,0.0,0,0,21.94
SPY,2024-12-24,577.0,CALL,2024-12-24T12:50:00.000,0.0,0.0,0.0,0.0,0,0,21.94
SPY,2024-12-24,577.0,CALL,2024-12-24T12:55:00.000,0.0,0.0,0.0,0.0,0,0,21.94
SPY,2024-12-24,577.0,CALL,2024-12-24T13:00:00.000,0.0,0.0,0.0,0.0,0,0,21.94
SPY,2024-12-24,577.0,CALL,2024-12-24T13:05:00.000,0.0,0.0,0.0,0.0,0,0,21.94
SPY,2024-12-24,577.0,CALL,2024-12-24T13:10:00.000,0.0,0.0,0.0,0.0,0,0,21.94
SPY,2024-12-24,577.0,CALL,2024-12-24T13:15:00.000,0.0,0.0,0.0,0.0,0,0,21.94
SPY,2024-12-24,577.0,CALL,2024-12-24T13:20:00.000,0.0,0.0,0.0,0.0,0,0,21.94
SPY,2024-12-24,577.0,CALL,2024-12-24T13:25:00.000,0.0,0.0,0.0,0.0,0,0,21.94
SPY,2024-12-24,577.0,CALL,2024-12-24T13:30:00.000,0.0,0.0,0.0,0.0,0,0,21.94
SPY,2024-12-24,577.0,CALL,2024-12-24T13:35:00.000,0.0,0.0,0.0,0.0,0,0,21.94
SPY,2024-12-24,577.0,CALL,2024-12-24T13:40:00.000,0.0,0.0,0.0,0.0,0,0,21.94
SPY,2024-12-24,577.0,CALL,2024-12-24T13:45:00.000,0.0,0.0,0.0,0.0,0,0,21.94
SPY,2024-12-24,577.0,CALL,2024-12-24T13:50:00.000,0.0,0.0,0.0,0.0,0,0,21.94
SPY,2024-12-24,577.0,CALL,2024-12-24T13:55:00.000,0.0,0.0,0.0,0.0,0,0,21.94
SPY,2024-12-24,577.0,CALL,2024-12-24T14:00:00.000,0.0,0.0,0.0,0.0,0,0,21.94
SPY,2024-12-24,577.0,CALL,2024-12-24T14:05:00.000,0.0,0.0,0.0,0.0,0,0,21.94
SPY,2024-12-24,577.0,CALL,2024-12-24T14:10:00.000,0.0,0.0,0.0,0.0,0,0,21.94
SPY,2024-12-24,577.0,CALL,2024-12-24T14:15:00.000,0.0,0.0,0.0,0.0,0,0,21.94
SPY,2024-12-24,577.0,CALL,2024-12-24T14:20:00.000,0.0,0.0,0.0,0.0,0,0,21.94
SPY,2024-12-24,577.0,CALL,2024-12-24T14:25:00.000,0.0,0.0,0.0,0.0,0,0,21.94
SPY,2024-12-24,577.0,CALL,2024-12-24T14:30:00.000,0.0,0.0,0.0,0.0,0,0,21.94
SPY,2024-12-24,577.0,CALL,2024-12-24T14:35:00.000,0.0,0.0,0.0,0.0,0,0,21.94
SPY,2024-12-24,577.0,CALL,2024-12-24T14:40:00.000,0.0,0.0,0.0,0.0,0,0,21.94
SPY,2024-12-24,577.0,CALL,2024-12-24T14:45:00.000,0.0,0.0,0.0,0.0,0,0,21.94
SPY,2024-12-24,577.0,CALL,2024-12-24T14:50:00.000,0.0,0.0,0.0,0.0,0,0,21.94
SPY,2024-12-24,577.0,CALL,2024-12-24T14:55:00.000,0.0,0.0,0.0,0.0,0,0,21.94
SPY,2024-12-24,577.0,CALL,2024-12-24T15:00:00.000,0.0,0.0,0.0,0.0,0,0,21.94
SPY,2024-12-24,577.0,CALL,2024-12-24T15:05:00.000,0.0,0.0,0.0,0.0,0,0,21.94
SPY,2024-12-24,577.0,CALL,2024-12-24T15:10:00.000,0.0,0.0,0.0,0.0,0,0,21.94
SPY,2024-12-24,577.0,CALL,2024-12-24T15:15:00.000,0.0,0.0,0.0,0.0,0,0,21.94
SPY,2024-12-24,577.0,CALL,2024-12-24T15:20:00.000,0.0,0.0,0.0,0.0,0,0,21.94
SPY,2024-12-24,577.0,CALL,2024-12-24T15:25:00.000,0.0,0.0,0.0,0.0,0,0,21.94
SPY,2024-12-24,577.0,CALL,2024-12-24T15:30:00.000,0.0,0.0,0.0,0.0,0,0,21.94
SPY,2024-12-24,577.0,CALL,2024-12-24T15:35:00.000,0.0,0.0,0.0,0.0,0,0,21.94
SPY,2024-12-24,577.0,CALL,2024-12-24T15:40:00.000,0.0,0.0,0.0,0.0,0,0,21.94
SPY,2024-12-24,577.0,CALL,2024-12-24T15:45:00.000,0.0,0.0,0.0,0.0,0,0,21.94
SPY,2024-12-24,577.0,CALL,2024-12-24T15:50:00.000,0.0,0.0,0.0,0.0,0,0,21.94
SPY,2024-12-24,577.0,CALL,2024-12-24T15:55:00.000,0.0,0.0,0.0,0.0,0,0,21.94
SPY,2024-12-24,577.0,CALL,2024-12-24T16:00:00.000,0.0,0.0,0.0,0.0,0,0,21.94
SPY,2024-12-24,690.0,CALL,2024-12-24T09:30:00.000,0.01,0.01,0.01,0.01,5,1,0.01
SPY,2024-12-24,690.0,CALL,2024-12-24T09:35:00.000,0.0,0.0,0.0,0.0,0,0,0.01
SPY,2024-12-24,690.0,CALL,2024-12-24T09:40:00.000,0.0,0.0,0.0,0.0,0,0,0.01
SPY,2024-12-24,690.0,CALL,2024-12-24T09:45:00.000,0.0,0.0,0.0,0.0,0,0,0.01
SPY,2024-12-24,690.0,CALL,2024-12-24T09:50:00.000,0.0,0.0,0.0,0.0,0,0,0.01
SPY,2024-12-24,690.0,CALL,2024-12-24T09:55:00.000,0.0,0.0,0.0,0.0,0,0,0.01
SPY,2024-12-24,690.0,CALL,2024-12-24T10:00:00.000,0.0,0.0,0.0,0.0,0,0,0.01
SPY,2024-12-24,690.0,CALL,2024-12-24T10:05:00.000,0.0,0.0,0.0,0.0,0,0,0.01
SPY,2024-12-24,690.0,CALL,2024-12-24T10:10:00.000,0.0,0.0,0.0,0.0,0,0,0.01
SPY,2024-12-24,690.0,CALL,2024-12-24T10:15:00.000,0.0,0.0,0.0,0.0,0,0,0.01
SPY,2024-12-24,690.0,CALL,2024-12-24T10:20:00.000,0.0,0.0,0.0,0.0,0,0,0.01
SPY,2024-12-24,690.0,CALL,2024-12-24T10:25:00.000,0.0,0.0,0.0,0.0,0,0,0.01
SPY,2024-12-24,690.0,CALL,2024-12-24T10:30:00.000,0.0,0.0,0.0,0.0,0,0,0.01
SPY,2024-12-24,690.0,CALL,2024-12-24T10:35:00.000,0.0,0.0,0.0,0.0,0,0,0.01
SPY,2024-12-24,690.0,CALL,2024-12-24T10:40:00.000,0.0,0.0,0.0,0.0,0,0,0.01
SPY,2024-12-24,690.0,CALL,2024-12-24T10:45:00.000,0.0,0.0,0.0,0.0,0,0,0.01
SPY,2024-12-24,690.0,CALL,2024-12-24T10:50:00.000,0.0,0.0,0.0,0.0,0,0,0.01
SPY,2024-12-24,690.0,CALL,2024-12-24T10:55:00.000,0.0,0.0,0.0,0.0,0,0,0.01
SPY,2024-12-24,690.0,CALL,2024-12-24T11:00:00.000,0.0,0.0,0.0,0.0,0,0,0.01
SPY,2024-12-24,690.0,CALL,2024-12-24T11:05:00.000,0.0,0.0,0.0,0.0,0,0,0.01
SPY,2024-12-24,690.0,CALL,2024-12-24T11:10:00.000,0.0,0.0,0.0,0.0,0,0,0.01
SPY,2024-12-24,690.0,CALL,2024-12-24T11:15:00.000,0.0,0.0,0.0,0.0,0,0,0.01
SPY,2024-12-24,690.0,CALL,2024-12-24T11:20:00.000,0.0,0.0,0.0,0.0,0,0,0.01
SPY,2024-12-24,690.0,CALL,2024-12-24T11:25:00.000,0.0,0.0,0.0,0.0,0,0,0.01
SPY,2024-12-24,690.0,CALL,2024-12-24T11:30:00.000,0.0,0.0,0.0,0.0,0,0,0.01
SPY,2024-12-24,690.0,CALL,2024-12-24T11:35:00.000,0.0,0.0,0.0,0.0,0,0,0.01
SPY,2024-12-24,690.0,CALL,2024-12-24T11:40:00.000,0.0,0.0,0.0,0.0,0,0,0.01
SPY,2024-12-24,690.0,CALL,2024-12-24T11:45:00.000,0.0,0.0,0.0,0.0,0,0,0.01
SPY,2024-12-24,690.0,CALL,2024-12-24T11:50:00.000,0.0,0.0,0.0,0.0,0,0,0.01
SPY,2024-12-24,690.0,CALL,2024-12-24T11:55:00.000,0.0,0.0,0.0,0.0,0,0,0.01
SPY,2024-12-24,690.0,CALL,2024-12-24T12:00:00.000,0.0,0.0,0.0,0.0,0,0,0.01
SPY,2024-12-24,690.0,CALL,2024-12-24T12:05:00.000,0.0,0.0,0.0,0.0,0,0,0.01
SPY,2024-12-24,690.0,CALL,2024-12-24T12:10:00.000,0.0,0.0,0.0,0.0,0,0,0.01
SPY,2024-12-24,690.0,CALL,2024-12-24T12:15:00.000,0.0,0.0,0.0,0.0,0,0,0.01
SPY,2024-12-24,690.0,CALL,2024-12-24T12:20:00.000,0.0,0.0,0.0,0.0,0,0,0.01
SPY,2024-12-24,690.0,CALL,2024-12-24T12:25:00.000,0.0,0.0,0.0,0.0,0,0,0.01
SPY,2024-12-24,690.0,CALL,2024-12-24T12:30:00.000,0.0,0.0,0.0,0.0,0,0,0.01
SPY,2024-12-24,690.0,CALL,2024-12-24T12:35:00.000,0.0,0.0,0.0,0.0,0,0,0.01
SPY,2024-12-24,690.0,CALL,2024-12-24T12:40:00.000,0.0,0.0,0.0,0.0,0,0,0.01
SPY,2024-12-24,690.0,CALL,2024-12-24T12:45:00.000,0.0,0.0,0.0,0.0,0,0,0.01
SPY,2024-12-24,690.0,CALL,2024-12-24T12:50:00.000,0.0,0.0,0.0,0.0,0,0,0.01
SPY,2024-12-24,690.0,CALL,2024-12-24T12:55:00.000,0.0,0.0,0.0,0.0,0,0,0.01
SPY,2024-12-24,690.0,CALL,2024-12-24T13:00:00.000,0.0,0.0,0.0,0.0,0,0,0.01
SPY,2024-12-24,690.0,CALL,2024-12-24T13:05:00.000,0.0,0.0,0.0,0.0,0,0,0.01
SPY,2024-12-24,690.0,CALL,2024-12-24T13:10:00.000,0.0,0.0,0.0,0.0,0,0,0.01
SPY,2024-12-24,690.0,CALL,2024-12-24T13:15:00.000,0.0,0.0,0.0,0.0,0,0,0.01
SPY,2024-12-24,690.0,CALL,2024-12-24T13:20:00.000,0.0,0.0,0.0,0.0,0,0,0.01
SPY,2024-12-24,690.0,CALL,2024-12-24T13:25:00.000,0.0,0.0,0.0,0.0,0,0,0.01
SPY,2024-12-24,690.0,CALL,2024-12-24T13:30:00.000,0.0,0.0,0.0,0.0,0,0,0.01
SPY,2024-12-24,690.0,CALL,2024-12-24T13:35:00.000,0.0,0.0,0.0,0.0,0,0,0.01
SPY,2024-12-24,690.0,CALL,2024-12-24T13:40:00.000,0.0,0.0,0.0,0.0,0,0,0.01
SPY,2024-12-24,690.0,CALL,2024-12-24T13:45:00.000,0.0,0.0,0.0,0.0,0,0,0.01
SPY,2024-12-24,690.0,CALL,2024-12-24T13:50:00.000,0.0,0.0,0.0,0.0,0,0,0.01
SPY,2024-12-24,690.0,CALL,2024-12-24T13:55:00.000,0.0,0.0,0.0,0.0,0,0,0.01
SPY,2024-12-24,690.0,CALL,2024-12-24T14:00:00.000,0.0,0.0,0.0,0.0,0,0,0.01
SPY,2024-12-24,690.0,CALL,2024-12-24T14:05:00.000,0.0,0.0,0.0,0.0,0,0,0.01
SPY,2024-12-24,690.0,CALL,2024-12-24T14:10:00.000,0.0,0.0,0.0,0.0,0,0,0.01
SPY,2024-12-24,690.0,CALL,2024-12-24T14:15:00.000,0.0,0.0,0.0,0.0,0,0,0.01
SPY,2024-12-24,690.0,CALL,2024-12-24T14:20:00.000,0.0,0.0,0.0,0.0,0,0,0.01
SPY,2024-12-24,690.0,CALL,2024-12-24T14:25:00.000,0.0,0.0,0.0,0.0,0,0,0.01
SPY,2024-12-24,690.0,CALL,2024-12-24T14:30:00.000,0.0,0.0,0.0,0.0,0,0,0.01
SPY,2024-12-24,690.0,CALL,2024-12-24T14:35:00.000,0.0,0.0,0.0,0.0,0,0,0.01
SPY,2024-12-24,690.0,CALL,2024-12-24T14:40:00.000,0.0,0.0,0.0,0.0,0,0,0.01
SPY,2024-12-24,690.0,CALL,2024-12-24T14:45:00.000,0.0,0.0,0.0,0.0,0,0,0.01
SPY,2024-12-24,690.0,CALL,2024-12-24T14:50:00.000,0.0,0.0,0.0,0.0,0,0,0.01
SPY,2024-12-24,690.0,CALL,2024-12-24T14:55:00.000,0.0,0.0,0.0,0.0,0,0,0.01
SPY,2024-12-24,690.0,CALL,2024-12-24T15:00:00.000,0.0,0.0,0.0,0.0,0,0,0.01
SPY,2024-12-24,690.0,CALL,2024-12-24T15:05:00.000,0.0,0.0,0.0,0.0,0,0,0.01
SPY,2024-12-24,690.0,CALL,2024-12-24T15:10:00.000,0.0,0.0,0.0,0.0,0,0,0.01
SPY,2024-12-24,690.0,CALL,2024-12-24T15:15:00.000,0.0,0.0,0.0,0.0,0,0,0.01
SPY,2024-12-24,690.0,CALL,2024-12-24T15:20:00.000,0.0,0.0,0.0,0.0,0,0,0.01
SPY,2024-12-24,690.0,CALL,2024-12-24T15:25:00.000,0.0,0.0,0.0,0.0,0,0,0.01
SPY,2024-12-24,690.0,CALL,2024-12-24T15:30:00.000,0.0,0.0,0.0,0.0,0,0,0.01
SPY,2024-12-24,690.0,CALL,2024-12-24T15:35:00.000,0.0,0.0,0.0,0.0,0,0,0.01
SPY,2024-12-24,690.0,CALL,2024-12-24T15:40:00.000,0.0,0.0,0.0,0.0,0,0,0.01
SPY,2024-12-24,690.0,CALL,2024-12-24T15:45:00.000,0.0,0.0,0.0,0.0,0,0,0.01
SPY,2024-12-24,690.0,CALL,2024-12-24T15:50:00.000,0.0,0.0,0.0,0.0,0,0,0.01
SPY,2024-12-24,690.0,CALL,2024-12-24T15:55:00.000,0.0,0.0,0.0,0.0,0,0,0.01
SPY,2024-12-24,690.0,CALL,2024-12-24T16:00:00.000,0.0,0.0,0.0,0.0,0,0,0.01
SPY,2024-12-24,604.0,CALL,2024-12-24T09:30:00.000,0.01,0.01,0.01,0.01,138,17,0.01
SPY,2024-12-24,604.0,CALL,2024-12-24T09:35:00.000,0.01,0.02,0.01,0.02,1307,57,0.01
SPY,2024-12-24,604.0,CALL,2024-12-24T09:40:00.000,0.01,0.01,0.01,0.01,1137,40,0.01
SPY,2024-12-24,604.0,CALL,2024-12-24T09:45:00.000,0.01,0.01,0.01,0.01,1092,23,0.01
SPY,2024-12-24,604.0,CALL,2024-12-24T09:50:00.000,0.01,0.01,0.01,0.01,112,17,0.01
SPY,2024-12-24,604.0,CALL,2024-12-24T09:55:00.000,0.01,0.01,0.01,0.01,235,16,0.01
SPY,2024-12-24,604.0,CALL,2024-12-24T10:00:00.000,0.01,0.01,0.01,0.01,158,18,0.01
SPY,2024-12-24,604.0,CALL,2024-12-24T10:05:00.000,0.01,0.01,0.01,0.01,278,17,0.01
SPY,2024-12-24,604.0,CALL,2024-12-24T10:10:00.000,0.01,0.01,0.01,0.01,871,24,0.01
SPY,2024-12-24,604.0,CALL,2024-12-24T10:15:00.000,0.01,0.02,0.01,0.01,97,9,0.01
SPY,2024-12-24,604.0,CALL,2024-12-24T10:20:00.000,0.01,0.01,0.01,0.01,23,4,0.01
SPY,2024-12-24,604.0,CALL,2024-12-24T10:25:00.000,0.01,0.01,0.01,0.01,427,13,0.01
SPY,2024-12-24,604.0,CALL,2024-12-24T10:30:00.000,0.01,0.01,0.01,0.01,119,7,0.01
SPY,2024-12-24,604.0,CALL,2024-12-24T10:35:00.000,0.01,0.02,0.01,0.01,79,8,0.01
SPY,2024-12-24,604.0,CALL,2024-12-24T10:40:00.000,0.01,0.01,0.01,0.01,5194,53,0.01
SPY,2024-12-24,604.0,CALL,2024-12-24T10:45:00.000,0.01,0.02,0.01,0.01,224,25,0.01
SPY,2024-12-24,604.0,CALL,2024-12-24T10:50:00.000,0.01,0.02,0.01,0.02,1851,43,0.01
SPY,2024-12-24,604.0,CALL,2024-12-24T10:55:00.000,0.01,0.02,0.01,0.01,155,15,0.01
SPY,2024-12-24,604.0,CALL,2024-12-24T11:00:00.000,0.02,0.02,0.01,0.02,1638,22,0.01
SPY,2024-12-24,604.0,CALL,2024-12-24T11:05:00.000,0.02,0.02,0.01,0.01,128,12,0.01
SPY,2024-12-24,604.0,CALL,2024-12-24T11:10:00.000,0.02,0.02,0.01,0.01,766,9,0.01
SPY,2024-12-24,604.0,CALL,2024-12-24T11:15:00.000,0.01,0.02,0.01,0.02,25,10,0.01
SPY,2024-12-24,604.0,CALL,2024-12-24T11:20:00.000,0.01,0.02,0.01,0.02,23,5,0.01
SPY,2024-12-24,604.0,CALL,2024-12-24T11:25:00.000,0.02,0.02,0.01,0.01,113,2,0.01
SPY,2024-12-24,604.0,CALL,2024-12-24T11:30:00.000,0.02,0.02,0.01,0.01,34,14,0.01
SPY,2024-12-24,604.0,CALL,2024-12-24T11:35:00.000,0.01,0.01,0.01,0.01,103,6,0.01
SPY,2024-12-24,604.0,CALL,2024-12-24T11:40:00.000,0.01,0.01,0.01,0.01,12,5,0.01
SPY,2024-12-24,604.0,CALL,2024-12-24T11:45:00.000,0.01,0.01,0.01,0.01,25,5,0.01
SPY,2024-12-24,604.0,CALL,2024-12-24T11:50:00.000,0.01,0.01,0.01,0.01,23,3,0.01
SPY,2024-12-24,604.0,CALL,2024-12-24T11:55:00.000,0.0,0.0,0.0,0.0,0,0,0.01
SPY,2024-12-24,604.0,CALL,2024-12-24T12:00:00.000,0.01,0.01,0.01,0.01,20,11,0.01
SPY,2024-12-24,604.0,CALL,2024-12-24T12:05:00.000,0.0,0.0,0.0,0.0,0,0,0.01
SPY,2024-12-24,604.0,CALL,2024-12-24T12:10:00.000,0.0,0.0,0.0,0.0,0,0,0.01
SPY,2024-12-24,604.0,CALL,2024-12-24T12:15:00.000,0.0,0.0,0.0,0.0,0,0,0.01
SPY,2024-12-24,604.0,CALL,2024-12-24T12:20:00.000,0.01,0.01,0.01,0.01,1,1,0.01
SPY,2024-12-24,604.0,CALL,2024-12-24T12:25:00.000,0.01,0.01,0.01,0.01,83,4,0.01
SPY,2024-12-24,604.0,CALL,2024-12-24T12:30:00.000,0.01,0.01,0.01,0.01,80,7,0.01
SPY,2024-12-24,604.0,CALL,2024-12-24T12:35:00.000,0.01,0.01,0.01,0.01,21,2,0.01
SPY,2024-12-24,604.0,CALL,2024-12-24T12:40:00.000,0.01,0.01,0.01,0.01,3,2,0.01
SPY,2024-12-24,604.0,CALL,2024-12-24T12:45:00.000,0.01,0.01,0.01,0.01,199,7,0.01
SPY,2024-12-24,604.0,CALL,2024-12-24T12:50:00.000,0.0,0.0,0.0,0.0,0,0,0.01
SPY,2024-12-24,604.0,CALL,2024-12-24T12:55:00.000,0.01,0.01,0.01,0.01,13,7,0.01
SPY,2024-12-24,604.0,CALL,2024-12-24T13:00:00.000,0.01,0.01,0.01,0.01,3,1,0.01
SPY,2024-12-24,604.0,CALL,2024-12-24T13:05:00.000,0.0,0.0,0.0,0.0,0,0,0.01
SPY,2024-12-24,604.0,CALL,2024-12-24T13:10:00.000,0.0,0.0,0.0,0.0,0,0,0.01
SPY,2024-12-24,604.0,CALL,2024-12-24T13:15:00.000,0.0,0.0,0.0,0.0,0,0,0.01
SPY,2024-12-24,604.0,CALL,2024-12-24T13:20:00.000,0.0,0.0,0.0,0.0,0,0,0.01
SPY,2024-12-24,604.0,CALL,2024-12-24T13:25:00.000,0.0,0.0,0.0,0.0,0,0,0.01
SPY,2024-12-24,604.0,CALL,2024-12-24T13:30:00.000,0.0,0.0,0.0,0.0,0,0,0.01
SPY,2024-12-24,604.0,CALL,2024-12-24T13:35:00.000,0.0,0.0,0.0,0.0,0,0,0.01
SPY,2024-12-24,604.0,CALL,2024-12-24T13:40:00.000,0.0,0.0,0.0,0.0,0,0,0.01
SPY,2024-12-24,604.0,CALL,2024-12-24T13:45:00.000,0.0,0.0,0.0,0.0,0,0,0.01
SPY,2024-12-24,604.0,CALL,2024-12-24T13:50:00.000,0.0,0.0,0.0,0.0,0,0,0.01
SPY,2024-12-24,604.0,CALL,2024-12-24T13:55:00.000,0.0,0.0,0.0,0.0,0,0,0.01
SPY,2024-12-24,604.0,CALL,2024-12-24T14:00:00.000,0.0,0.0,0.0,0.0,0,0,0.01
SPY,2024-12-24,604.0,CALL,2024-12-24T14:05:00.000,0.0,0.0,0.0,0.0,0,0,0.01
SPY,2024-12-24,604.0,CALL,2024-12-24T14:10:00.000,0.0,0.0,0.0,0.0,0,0,0.01
SPY,2024-12-24,604.0,CALL,2024-12-24T14:15:00.000,0.0,0.0,0.0,0.0,0,0,0.01
SPY,2024-12-24,604.0,CALL,2024-12-24T14:20:00.000,0.0,0.0,0.0,0.0,0,0,0.01
SPY,2024-12-24,604.0,CALL,2024-12-24T14:25:00.000,0.0,0.0,0.0,0.0,0,0,0.01
SPY,2024-12-24,604.0,CALL,2024-12-24T14:30:00.000,0.0,0.0,0.0,0.0,0,0,0.01
SPY,2024-12-24,604.0,CALL,2024-12-24T14:35:00.000,0.0,0.0,0.0,0.0,0,0,0.01
SPY,2024-12-24,604.0,CALL,2024-12-24T14:40:00.000,0.0,0.0,0.0,0.0,0,0,0.01
SPY,2024-12-24,604.0,CALL,2024-12-24T14:45:00.000,0.0,0.0,0.0,0.0,0,0,0.01
SPY,2024-12-24,604.0,CALL,2024-12-24T14:50:00.000,0.0,0.0,0.0,0.0,0,0,0.01
SPY,2024-12-24,604.0,CALL,2024-12-24T14:55:00.000,0.0,0.0,0.0,0.0,0,0,0.01
SPY,2024-12-24,604.0,CALL,2024-12-24T15:00:00.000,0.0,0.0,0.0,0.0,0,0,0.01
SPY,2024-12-24,604.0,CALL,2024-12-24T15:05:00.000,0.0,0.0,0.0,0.0,0,0,0.01
SPY,2024-12-24,604.0,CALL,2024-12-24T15:10:00.000,0.0,0.0,0.0,0.0,0,0,0.01
SPY,2024-12-24,604.0,CALL,2024-12-24T15:15:00.000,0.0,0.0,0.0,0.0,0,0,0.01
SPY,2024-12-24,604.0,CALL,2024-12-24T15:20:00.000,0.0,0.0,0.0,0.0,0,0,0.01
SPY,2024-12-24,604.0,CALL,2024-12-24T15:25:00.000,0.0,0.0,0.0,0.0,0,0,0.01
SPY,2024-12-24,604.0,CALL,2024-12-24T15:30:00.000,0.0,0.0,0.0,0.0,0,0,0.01
SPY,2024-12-24,604.0,CALL,2024-12-24T15:35:00.000,0.0,0.0,0.0,0.0,0,0,0.01
SPY,2024-12-24,604.0,CALL,2024-12-24T15:40:00.000,0.0,0.0,0.0,0.0,0,0,0.01
SPY,2024-12-24,604.0,CALL,2024-12-24T15:45:00.000,0.0,0.0,0.0,0.0,0,0,0.01
SPY,2024-12-24,604.0,CALL,2024-12-24T15:50:00.000,0.0,0.0,0.0,0.0,0,0,0.01
SPY,2024-12-24,604.0,CALL,2024-12-24T15:55:00.000,0.0,0.0,0.0,0.0,0,0,0.01
SPY,2024-12-24,604.0,CALL,2024-12-24T16:00:00.000,0.0,0.0,0.0,0.0,0,0,0.01
SPY,2024-12-24,588.0,CALL,2024-12-24T09:30:00.000,7.9,8.08,7.54,8.08,51,12,7.79
SPY,2024-12-24,588.0,CALL,2024-12-24T09:35:00.000,7.98,8.51,7.98,8.5,44,8,7.97
SPY,2024-12-24,588.0,CALL,2024-12-24T09:40:00.000,8.93,8.93,8.93,8.93,1,1,7.98
SPY,2024-12-24,588.0,CALL,2024-12-24T09:45:00.000,8.94,9.0,8.76,8.94,36,9,8.24
SPY,2024-12-24,588.0,CALL,2024-12-24T09:50:00.000,8.69,8.9,8.69,8.9,28,3,8.35
SPY,2024-12-24,588.0,CALL,2024-12-24T09:55:00.000,9.19,9.25,9.19,9.25,8,5,8.39
SPY,2024-12-24,588.0,CALL,2024-12-24T10:00:00.000,9.38,9.75,9.38,9.75,70,11,8.73
SPY,2024-12-24,588.0,CALL,2024-12-24T10:05:00.000,9.85,9.85,9.63,9.63,2,2,8.74
SPY,2024-12-24,588.0,CALL,2024-12-24T10:10:00.000,9.67,9.9,9.67,9.9,3,3,8.75
SPY,2024-12-24,588.0,CALL,2024-12-24T10:15:00.000,10.03,10.03,10.03,10.03,1,1,8.75
SPY,2024-12-24,588.0,CALL,2024-12-24T10:20:00.000,0.0,0.0,0.0,0.0,0,0,8.75
SPY,2024-12-24,588.0,CALL,2024-12-24T10:25:00.000,0.0,0.0,0.0,0.0,0,0,8.75
SPY,2024-12-24,588.0,CALL,2024-12-24T10:30:00.000,10.54,10.56,10.54,10.56,7,2,8.8
SPY,2024-12-24,588.0,CALL,2024-12-24T10:35:00.000,10.7,10.74,10.7,10.74,215,4,9.68
SPY,2024-12-24,588.0,CALL,2024-12-24T10:40:00.000,10.97,11.3,10.97,11.3,8,6,9.7
SPY,2024-12-24,588.0,CALL,2024-12-24T10:45:00.000,0.0,0.0,0.0,0.0,0,0,9.7
SPY,2024-12-24,588.0,CALL,2024-12-24T10:50:00.000,11.13,11.13,10.78,10.78,4,3,9.71
SPY,2024-12-24,588.0,CALL,2024-12-24T10:55:00.000,10.5,10.5,10.5,10.5,1,1,9.71
SPY,2024-12-24,588.0,CALL,2024-12-24T11:00:00.000,11.17,11.17,11.17,11.17,1,1,9.72
SPY,2024-12-24,588.0,CALL,2024-12-24T11:05:00.000,0.0,0.0,0.0,0.0,0,0,9.72
SPY,2024-12-24,588.0,CALL,2024-12-24T11:10:00.000,0.0,0.0,0.0,0.0,0,0,9.72
SPY,2024-12-24,588.0,CALL,2024-12-24T11:15:00.000,0.0,0.0,0.0,0.0,0,0,9.72
SPY,2024-12-24,588.0,CALL,2024-12-24T11:20:00.000,11.25,11.25,11.25,11.25,1,1,9.72
SPY,2024-12-24,588.0,CALL,2024-12-24T11:25:00.000,0.0,0.0,0.0,0.0,0,0,9.72
SPY,2024-12-24,588.0,CALL,2024-12-24T11:30:00.000,0.0,0.0,0.0,0.0,0,0,9.72
SPY,2024-12-24,588.0,CALL,2024-12-24T11:35:00.000,0.0,0.0,0.0,0.0,0,0,9.72
SPY,2024-12-24,588.0,CALL,2024-12-24T11:40:00.000,0.0,0.0,0.0,0.0,0,0,9.72
SPY,2024-12-24,588.0,CALL,2024-12-24T11:45:00.000,11.81,11.81,11.81,11.81,546,1,10.83
SPY,2024-12-24,588.0,CALL,2024-12-24T11:50:00.000,11.5,11.5,11.2,11.2,28,3,10.85
SPY,2024-12-24,588.0,CALL,2024-12-24T11:55:00.000,11.51,11.51,11.51,11.51,1,1,10.85
SPY,2024-12-24,588.0,CALL,2024-12-24T12:00:00.000,0.0,0.0,0.0,0.0,0,0,10.85
SPY,2024-12-24,588.0,CALL,2024-12-24T12:05:00.000,11.39,11.39,11.39,11.39,1,1,10.85
SPY,2024-12-24,588.0,CALL,2024-12-24T12:10:00.000,11.44,11.81,11.44,11.81,6,2,10.85
SPY,2024-12-24,588.0,CALL,2024-12-24T12:15:00.000,0.0,0.0,0.0,0.0,0,0,10.85
SPY,2024-12-24,588.0,CALL,2024-12-24T12:20:00.000,12.0,12.0,12.0,12.0,2,2,10.85
SPY,2024-12-24,588.0,CALL,2024-12-24T12:25:00.000,0.0,0.0,0.0,0.0,0,0,10.85
SPY,2024-12-24,588.0,CALL,2024-12-24T12:30:00.000,11.69,11.69,11.69,11.69,1,1,10.85
SPY,2024-12-24,588.0,CALL,2024-12-24T12:35:00.000,11.52,11.52,11.42,11.42,3,2,10.86
SPY,2024-12-24,588.0,CALL,2024-12-24T12:40:00.000,11.88,11.88,11.88,11.88,1,1,10.86
SPY,2024-12-24,588.0,CALL,2024-12-24T12:45:00.000,0.0,0.0,0.0,0.0,0,0,10.86
SPY,2024-12-24,588.0,CALL,2024-12-24T12:50:00.000,12.26,12.34,12.26,12.34,4,2,10.86
SPY,2024-12-24,588.0,CALL,2024-12-24T12:55:00.000,0.0,0.0,0.0,0.0,0,0,10.86
SPY,2024-12-24,588.0,CALL,2024-12-24T13:00:00.000,12.89,12.89,12.89,12.89,1,1,10.86
SPY,2024-12-24,588.0,CALL,2024-12-24T13:05:00.000,0.0,0.0,0.0,0.0,0,0,10.86
SPY,2024-12-24,588.0,CALL,2024-12-24T13:10:00.000,0.0,0.0,0.0,0.0,0,0,10.86
SPY,2024-12-24,588.0,CALL,2024-12-24T13:15:00.000,0.0,0.0,0.0,0.0,0,0,10.86
SPY,2024-12-24,588.0,CALL,2024-12-24T13:20:00.000,0.0,0.0,0.0,0.0,0,0,10.86
SPY,2024-12-24,588.0,CALL,2024-12-24T13:25:00.000,0.0,0.0,0.0,0.0,0,0,10.86
SPY,2024-12-24,588.0,CALL,2024-12-24T13:30:00.000,0.0,0.0,0.0,0.0,0,0,10.86
SPY,2024-12-24,588.0,CALL,2024-12-24T13:35:00.000,0.0,0.0,0.0,0.0,0,0,10.86
SPY,2024-12-24,588.0,CALL,2024-12-24T13:40:00.000,0.0,0.0,0.0,0.0,0,0,10.86
SPY,2024-12-24,588.0,CALL,2024-12-24T13:45:00.000,0.0,0.0,0.0,0.0,0,0,10.86
SPY,2024-12-24,588.0,CALL,2024-12-24T13:50:00.000,0.0,0.0,0.0,0.0,0,0,10.86
SPY,2024-12-24,588.0,CALL,2024-12-24T13:55:00.000,0.0,0.0,0.0,0.0,0,0,10.86
SPY,2024-12-24,588.0,CALL,2024-12-24T14:00:00.000,0.0,0.0,0.0,0.0,0,0,10.86
SPY,2024-12-24,588.0,CALL,2024-12-24T14:05:00.000,0.0,0.0,0.0,0.0,0,0,10.86
SPY,2024-12-24,588.0,CALL,2024-12-24T14:10:00.000,0.0,0.0,0.0,0.0,0,0,10.86
SPY,2024-12-24,588.0,CALL,2024-12-24T14:15:00.000,0.0,0.0,0.0,0.0,0,0,10.86
SPY,2024-12-24,588.0,CALL,2024-12-24T14:20:00.000,0.0,0.0,0.0,0.0,0,0,10.86
SPY,2024-12-24,588.0,CALL,2024-12-24T14:25:00.000,0.0,0.0,0.0,0.0,0,0,10.86
SPY,2024-12-24,588.0,CALL,2024-12-24T14:30:00.000,0.0,0.0,0.0,0.0,0,0,10.86
SPY,2024-12-24,588.0,CALL,2024-12-24T14:35:00.000,0.0,0.0,0.0,0.0,0,0,10.86
SPY,2024-12-24,588.0,CALL,2024-12-24T14:40:00.000,0.0,0.0,0.0,0.0,0,0,10.86
SPY,2024-12-24,588.0,CALL,2024-12-24T14:45:00.000,0.0,0.0,0.0,0.0,0,0,10.86
SPY,2024-12-24,588.0,CALL,2024-12-24T14:50:00.000,0.0,0.0,0.0,0.0,0,0,10.86
SPY,2024-12-24,588.0,CALL,2024-12-24T14:55:00.000,0.0,0.0,0.0,0.0,0,0,10.86
SPY,2024-12-24,588.0,CALL,2024-12-24T15:00:00.000,0.0,0.0,0.0,0.0,0,0,10.86
SPY,2024-12-24,588.0,CALL,2024-12-24T15:05:00.000,0.0,0.0,0.0,0.0,0,0,10.86
SPY,2024-12-24,588.0,CALL,2024-12-24T15:10:00.000,0.0,0.0,0.0,0.0,0,0,10.86
SPY,2024-12-24,588.0,CALL,2024-12-24T15:15:00.000,0.0,0.0,0.0,0.0,0,0,10.86
SPY,2024-12-24,588.0,CALL,2024-12-24T15:20:00.000,0.0,0.0,0.0,0.0,0,0,10.86
SPY,2024-12-24,588.0,CALL,2024-12-24T15:25:00.000,0.0,0.0,0.0,0.0,0,0,10.86
SPY,2024-12-24,588.0,CALL,2024-12-24T15:30:00.000,0.0,0.0,0.0,0.0,0,0,10.86
SPY,2024-12-24,588.0,CALL,2024-12-24T15:35:00.000,0.0,0.0,0.0,0.0,0,0,10.86
SPY,2024-12-24,588.0,CALL,2024-12-24T15:40:00.000,0.0,0.0,0.0,0.0,0,0,10.86
SPY,2024-12-24,588.0,CALL,2024-12-24T15:45:00.000,0.0,0.0,0.0,0.0,0,0,10.86
SPY,2024-12-24,588.0,CALL,2024-12-24T15:50:00.000,0.0,0.0,0.0,0.0,0,0,10.86
SPY,2024-12-24,588.0,CALL,2024-12-24T15:55:00.000,0.0,0.0,0.0,0.0,0,0,10.86
SPY,2024-12-24,588.0,CALL,2024-12-24T16:00:00.000,0.0,0.0,0.0,0.0,0,0,10.86
SPY,2024-12-24,572.0,CALL,2024-12-24T09:30:00.000,0.0,0.0,0.0,0.0,0,0,0.0
SPY,2024-12-24,572.0,CALL,2024-12-24T09:35:00.000,0.0,0.0,0.0,0.0,0,0,0.0
SPY,2024-12-24,572.0,CALL,2024-12-24T09:40:00.000,0.0,0.0,0.0,0.0,0,0,0.0
SPY,2024-12-24,572.0,CALL,2024-12-24T09:45:00.000,0.0,0.0,0.0,0.0,0,0,0.0
SPY,2024-12-24,572.0,CALL,2024-12-24T09:50:00.000,0.0,0.0,0.0,0.0,0,0,0.0
SPY,2024-12-24,572.0,CALL,2024-12-24T09:55:00.000,25.0,25.0,25.0,25.0,1,1,25.0
SPY,2024-12-24,572.0,CALL,2024-12-24T10:00:00.000,0.0,0.0,0.0,0.0,0,0,25.0
SPY,2024-12-24,572.0,CALL,2024-12-24T10:05:00.000,0.0,0.0,0.0,0.0,0,0,25.0
SPY,2024-12-24,572.0,CALL,2024-12-24T10:10:00.000,0.0,0.0,0.0,0.0,0,0,25.0
SPY,2024-12-24,572.0,CALL,2024-12-24T10:15:00.000,25.86,25.86,25.62,25.62,264,6,25.72
SPY,2024-12-24,572.0,CALL,2024-12-24T10:20:00.000,25.86,26.15,25.5,26.15,100,3,25.7
SPY,2024-12-24,572.0,CALL,2024-12-24T10:25:00.000,0.0,0.0,0.0,0.0,0,0,25.7
SPY,2024-12-24,572.0,CALL,2024-12-24T10:30:00.000,0.0,0.0,0.0,0.0,0,0,25.7
SPY,2024-12-24,572.0,CALL,2024-12-24T10:35:00.000,0.0,0.0,0.0,0.0,0,0,25.7
SPY,2024-12-24,572.0,CALL,2024-12-24T10:40:00.000,0.0,0.0,0.0,0.0,0,0,25.7
SPY,2024-12-24,572.0,CALL,2024-12-24T10:45:00.000,0.0,0.0,0.0,0.0,0,0,25.7
SPY,2024-12-24,572.0,CALL,2024-12-24T10:50:00.000,27.27,27.3,26.87,26.87,363,4,26.43
SPY,2024-12-24,572.0,CALL,2024-12-24T10:55:00.000,0.0,0.0,0.0,0.0,0,0,26.43
SPY,2024-12-24,572.0,CALL,2024-12-24T11:00:00.000,0.0,0.0,0.0,0.0,0,0,26.43
SPY,2024-12-24,572.0,CALL,2024-12-24T11:05:00.000,0.0,0.0,0.0,0.0,0,0,26.43
SPY,2024-12-24,572.0,CALL,2024-12-24T11:10:00.000,0.0,0.0,0.0,0.0,0,0,26.43
SPY,2024-12-24,572.0,CALL,2024-12-24T11:15:00.000,0.0,0.0,0.0,0.0,0,0,26.43
SPY,2024-12-24,572.0,CALL,2024-12-24T11:20:00.000,0.0,0.0,0.0,0.0,0,0,26.43
SPY,2024-12-24,572.0,CALL,2024-12-24T11:25:00.000,0.0,0.0,0.0,0.0,0,0,26.43
SPY,2024-12-24,572.0,CALL,2024-12-24T11:30:00.000,0.0,0.0,0.0,0.0,0,0,26.43
SPY,2024-12-24,572.0,CALL,2024-12-24T11:35:00.000,0.0,0.0,0.0,0.0,0,0,26.43
SPY,2024-12-24,572.0,CALL,2024-12-24T11:40:00.000,0.0,0.0,0.0,0.0,0,0,26.43
SPY,2024-12-24,572.0,CALL,2024-12-24T11:45:00.000,0.0,0.0,0.0,0.0,0,0,26.43
SPY,2024-12-24,572.0,CALL,2024-12-24T11:50:00.000,0.0,0.0,0.0,0.0,0,0,26.43
SPY,2024-12-24,572.0,CALL,2024-12-24T11:55:00.000,0.0,0.0,0.0,0.0,0,0,26.43
SPY,2024-12-24,572.0,CALL,2024-12-24T12:00:00.000,0.0,0.0,0.0,0.0,0,0,26.43
SPY,2024-12-24,572.0,CALL,2024-12-24T12:05:00.000,0.0,0.0,0.0,0.0,0,0,26.43
SPY,2024-12-24,572.0,CALL,2024-12-24T12:10:00.000,0.0,0.0,0.0,0.0,0,0,26.43
SPY,2024-12-24,572.0,CALL,2024-12-24T12:15:00.000,0.0,0.0,0.0,0.0,0,0,26.43
SPY,2024-12-24,572.0,CALL,2024-12-24T12:20:00.000,0.0,0.0,0.0,0.0,0,0,26.43
SPY,2024-12-24,572.0,CALL,2024-12-24T12:25:00.000,0.0,0.0,0.0,0.0,0,0,26.43
SPY,2024-12-24,572.0,CALL,2024-12-24T12:30:00.000,0.0,0.0,0.0,0.0,0,0,26.43
SPY,2024-12-24,572.0,CALL,2024-12-24T12:35:00.000,0.0,0.0,0.0,0.0,0,0,26.43
SPY,2024-12-24,572.0,CALL,2024-12-24T12:40:00.000,0.0,0.0,0.0,0.0,0,0,26.43
SPY,2024-12-24,572.0,CALL,2024-12-24T12:45:00.000,0.0,0.0,0.0,0.0,0,0,26.43
SPY,2024-12-24,572.0,CALL,2024-12-24T12:50:00.000,0.0,0.0,0.0,0.0,0,0,26.43
SPY,2024-12-24,572.0,CALL,2024-12-24T12:55:00.000,0.0,0.0,0.0,0.0,0,0,26.43
SPY,2024-12-24,572.0,CALL,2024-12-24T13:00:00.000,0.0,0.0,0.0,0.0,0,0,26.43
SPY,2024-12-24,572.0,CALL,2024-12-24T13:05:00.000,0.0,0.0,0.0,0.0,0,0,26.43
SPY,2024-12-24,572.0,CALL,2024-12-24T13:10:00.000,0.0,0.0,0.0,0.0,0,0,26.43
SPY,2024-12-24,572.0,CALL,2024-12-24T13:15:00.000,0.0,0.0,0.0,0.0,0,0,26.43
SPY,2024-12-24,572.0,CALL,2024-12-24T13:20:00.000,0.0,0.0,0.0,0.0,0,0,26.43
SPY,2024-12-24,572.0,CALL,2024-12-24T13:25:00.000,0.0,0.0,0.0,0.0,0,0,26.43
SPY,2024-12-24,572.0,CALL,2024-12-24T13:30:00.000,0.0,0.0,0.0,0.0,0,0,26.43
SPY,2024-12-24,572.0,CALL,2024-12-24T13:35:00.000,0.0,0.0,0.0,0.0,0,0,26.43
SPY,2024-12-24,572.0,CALL,2024-12-24T13:40:00.000,0.0,0.0,0.0,0.0,0,0,26.43
SPY,2024-12-24,572.0,CALL,2024-12-24T13:45:00.000,0.0,0.0,0.0,0.0,0,0,26.43
SPY,2024-12-24,572.0,CALL,2024-12-24T13:50:00.000,0.0,0.0,0.0,0.0,0,0,26.43
SPY,2024-12-24,572.0,CALL,2024-12-24T13:55:00.000,0.0,0.0,0.0,0.0,0,0,26.43
SPY,2024-12-24,572.0,CALL,2024-12-24T14:00:00.000,0.0,0.0,0.0,0.0,0,0,26.43
SPY,2024-12-24,572.0,CALL,2024-12-24T14:05:00.000,0.0,0.0,0.0,0.0,0,0,26.43
SPY,2024-12-24,572.0,CALL,2024-12-24T14:10:00.000,0.0,0.0,0.0,0.0,0,0,26.43
SPY,2024-12-24,572.0,CALL,2024-12-24T14:15:00.000,0.0,0.0,0.0,0.0,0,0,26.43
SPY,2024-12-24,572.0,CALL,2024-12-24T14:20:00.000,0.0,0.0,0.0,0.0,0,0,26.43
SPY,2024-12-24,572.0,CALL,2024-12-24T14:25:00.000,0.0,0.0,0.0,0.0,0,0,26.43
SPY,2024-12-24,572.0,CALL,2024-12-24T14:30:00.000,0.0,0.0,0.0,0.0,0,0,26.43
SPY,2024-12-24,572.0,CALL,2024-12-24T14:35:00.000,0.0,0.0,0.0,0.0,0,0,26.43
SPY,2024-12-24,572.0,CALL,2024-12-24T14:40:00.000,0.0,0.0,0.0,0.0,0,0,26.43
SPY,2024-12-24,572.0,CALL,2024-12-24T14:45:00.000,0.0,0.0,0.0,0.0,0,0,26.43
SPY,2024-12-24,572.0,CALL,2024-12-24T14:50:00.000,0.0,0.0,0.0,0.0,0,0,26.43
SPY,2024-12-24,572.0,CALL,2024-12-24T14:55:00.000,0.0,0.0,0.0,0.0,0,0,26.43
SPY,2024-12-24,572.0,CALL,2024-12-24T15:00:00.000,0.0,0.0,0.0,0.0,0,0,26.43
SPY,2024-12-24,572.0,CALL,2024-12-24T15:05:00.000,0.0,0.0,0.0,0.0,0,0,26.43
SPY,2024-12-24,572.0,CALL,2024-12-24T15:10:00.000,0.0,0.0,0.0,0.0,0,0,26.43
SPY,2024-12-24,572.0,CALL,2024-12-24T15:15:00.000,0.0,0.0,0.0,0.0,0,0,26.43
SPY,2024-12-24,572.0,CALL,2024-12-24T15:20:00.000,0.0,0.0,0.0,0.0,0,0,26.43
SPY,2024-12-24,572.0,CALL,2024-12-24T15:25:00.000,0.0,0.0,0.0,0.0,0,0,26.43
SPY,2024-12-24,572.0,CALL,2024-12-24T15:30:00.000,0.0,0.0,0.0,0.0,0,0,26.43
SPY,2024-12-24,572.0,CALL,2024-12-24T15:35:00.000,0.0,0.0,0.0,0.0,0,0,26.43
SPY,2024-12-24,572.0,CALL,2024-12-24T15:40:00.000,0.0,0.0,0.0,0.0,0,0,26.43
SPY,2024-12-24,572.0,CALL,2024-12-24T15:45:00.000,0.0,0.0,0.0,0.0,0,0,26.43
SPY,2024-12-24,572.0,CALL,2024-12-24T15:50:00.000,0.0,0.0,0.0,0.0,0,0,26.43
SPY,2024-12-24,572.0,CALL,2024-12-24T15:55:00.000,0.0,0.0,0.0,0.0,0,0,26.43
SPY,2024-12-24,572.0,CALL,2024-12-24T16:00:00.000,0.0,0.0,0.0,0.0,0,0,26.43
SPY,2024-12-24,695.0,CALL,2024-12-24T09:30:00.000,0.01,0.01,0.01,0.01,1,1,0.01
SPY,2024-12-24,695.0,CALL,2024-12-24T09:35:00.000,0.01,0.01,0.01,0.01,7,2,0.01
SPY,2024-12-24,695.0,CALL,2024-12-24T09:40:00.000,0.0,0.0,0.0,0.0,0,0,0.01
SPY,2024-12-24,695.0,CALL,2024-12-24T09:45:00.000,0.0,0.0,0.0,0.0,0,0,0.01
SPY,2024-12-24,695.0,CALL,2024-12-24T09:50:00.000,0.0,0.0,0.0,0.0,0,0,0.01
SPY,2024-12-24,695.0,CALL,2024-12-24T09:55:00.000,0.0,0.0,0.0,0.0,0,0,0.01
SPY,2024-12-24,695.0,CALL,2024-12-24T10:00:00.000,0.0,0.0,0.0,0.0,0,0,0.01
SPY,2024-12-24,695.0,CALL,2024-12-24T10:05:00.000,0.0,0.0,0.0,0.0,0,0,0.01
SPY,2024-12-24,695.0,CALL,2024-12-24T10:10:00.000,0.0,0.0,0.0,0.0,0,0,0.01
SPY,2024-12-24,695.0,CALL,2024-12-24T10:15:00.000,0.0,0.0,0.0,0.0,0,0,0.01
SPY,2024-12-24,695.0,CALL,2024-12-24T10:20:00.000,0.0,0.0,0.0,0.0,0,0,0.01
SPY,2024-12-24,695.0,CALL,2024-12-24T10:25:00.000,0.0,0.0,0.0,0.0,0,0,0.01
SPY,2024-12-24,695.0,CALL,2024-12-24T10:30:00.000,0.0,0.0,0.0,0.0,0,0,0.01
SPY,2024-12-24,695.0,CALL,2024-12-24T10:35:00.000,0.0,0.0,0.0,0.0,0,0,0.01
SPY,2024-12-24,695.0,CALL,2024-12-24T10:40:00.000,0.0,0.0,0.0,0.0,0,0,0.01
SPY,2024-12-24,695.0,CALL,2024-12-24T10:45:00.000,0.0,0.0,0.0,0.0,0,0,0.01
SPY,2024-12-24,695.0,CALL,2024-12-24T10:50:00.000,0.0,0.0,0.0,0.0,0,0,0.01
SPY,2024-12-24,695.0,CALL,2024-12-24T10:55:00.000,0.0,0.0,0.0,0.0,0,0,0.01
SPY,2024-12-24,695.0,CALL,2024-12-24T11:00:00.000,0.0,0.0,0.0,0.0,0,0,0.01
SPY,2024-12-24,695.0,CALL,2024-12-24T11:05:00.000,0.0,0.0,0.0,0.0,0,0,0.01
SPY,2024-12-24,695.0,CALL,2024-12-24T11:10:00.000,0.0,0.0,0.0,0.0,0,0,0.01
SPY,2024-12-24,695.0,CALL,2024-12-24T11:15:00.000,0.0,0.0,0.0,0.0,0,0,0.01
SPY,2024-12-24,695.0,CALL,2024-12-24T11:20:00.000,0.0,0.0,0.0,0.0,0,0,0.01
SPY,2024-12-24,695.0,CALL,2024-12-24T11:25:00.000,0.0,0.0,0.0,0.0,0,0,0.01
SPY,2024-12-24,695.0,CALL,2024-12-24T11:30:00.000,0.0,0.0,0.0,0.0,0,0,0.01
SPY,2024-12-24,695.0,CALL,2024-12-24T11:35:00.000,0.0,0.0,0.0,0.0,0,0,0.01
SPY,2024-12-24,695.0,CALL,2024-12-24T11:40:00.000,0.0,0.0,0.0,0.0,0,0,0.01
SPY,2024-12-24,695.0,CALL,2024-12-24T11:45:00.000,0.0,0.0,0.0,0.0,0,0,0.01
SPY,2024-12-24,695.0,CALL,2024-12-24T11:50:00.000,0.0,0.0,0.0,0.0,0,0,0.01
SPY,2024-12-24,695.0,CALL,2024-12-24T11:55:00.000,0.0,0.0,0.0,0.0,0,0,0.01
SPY,2024-12-24,695.0,CALL,2024-12-24T12:00:00.000,0.0,0.0,0.0,0.0,0,0,0.01
SPY,2024-12-24,695.0,CALL,2024-12-24T12:05:00.000,0.0,0.0,0.0,0.0,0,0,0.01
SPY,2024-12-24,695.0,CALL,2024-12-24T12:10:00.000,0.0,0.0,0.0,0.0,0,0,0.01
SPY,2024-12-24,695.0,CALL,2024-12-24T12:15:00.000,0.0,0.0,0.0,0.0,0,0,0.01
SPY,2024-12-24,695.0,CALL,2024-12-24T12:20:00.000,0.0,0.0,0.0,0.0,0,0,0.01
SPY,2024-12-24,695.0,CALL,2024-12-24T12:25:00.000,0.01,0.01,0.01,0.01,1,1,0.01
SPY,2024-12-24,695.0,CALL,2024-12-24T12:30:00.000,0.0,0.0,0.0,0.0,0,0,0.01
SPY,2024-12-24,695.0,CALL,2024-12-24T12:35:00.000,0.0,0.0,0.0,0.0,0,0,0.01
SPY,2024-12-24,695.0,CALL,2024-12-24T12:40:00.000,0.0,0.0,0.0,0.0,0,0,0.01
SPY,2024-12-24,695.0,CALL,2024-12-24T12:45:00.000,0.0,0.0,0.0,0.0,0,0,0.01
SPY,2024-12-24,695.0,CALL,2024-12-24T12:50:00.000,0.0,0.0,0.0,0.0,0,0,0.01
SPY,2024-12-24,695.0,CALL,2024-12-24T12:55:00.000,0.0,0.0,0.0,0.0,0,0,0.01
SPY,2024-12-24,695.0,CALL,2024-12-24T13:00:00.000,0.0,0.0,0.0,0.0,0,0,0.01
SPY,2024-12-24,695.0,CALL,2024-12-24T13:05:00.000,0.0,0.0,0.0,0.0,0,0,0.01
SPY,2024-12-24,695.0,CALL,2024-12-24T13:10:00.000,0.0,0.0,0.0,0.0,0,0,0.01
SPY,2024-12-24,695.0,CALL,2024-12-24T13:15:00.000,0.0,0.0,0.0,0.0,0,0,0.01
SPY,2024-12-24,695.0,CALL,2024-12-24T13:20:00.000,0.0,0.0,0.0,0.0,0,0,0.01
SPY,2024-12-24,695.0,CALL,2024-12-24T13:25:00.000,0.0,0.0,0.0,0.0,0,0,0.01
SPY,2024-12-24,695.0,CALL,2024-12-24T13:30:00.000,0.0,0.0,0.0,0.0,0,0,0.01
SPY,2024-12-24,695.0,CALL,2024-12-24T13:35:00.000,0.0,0.0,0.0,0.0,0,0,0.01
SPY,2024-12-24,695.0,CALL,2024-12-24T13:40:00.000,0.0,0.0,0.0,0.0,0,0,0.01
SPY,2024-12-24,695.0,CALL,2024-12-24T13:45:00.000,0.0,0.0,0.0,0.0,0,0,0.01
SPY,2024-12-24,695.0,CALL,2024-12-24T13:50:00.000,0.0,0.0,0.0,0.0,0,0,0.01
SPY,2024-12-24,695.0,CALL,2024-12-24T13:55:00.000,0.0,0.0,0.0,0.0,0,0,0.01
SPY,2024-12-24,695.0,CALL,2024-12-24T14:00:00.000,0.0,0.0,0.0,0.0,0,0,0.01
SPY,2024-12-24,695.0,CALL,2024-12-24T14:05:00.000,0.0,0.0,0.0,0.0,0,0,0.01
SPY,2024-12-24,695.0,CALL,2024-12-24T14:10:00.000,0.0,0.0,0.0,0.0,0,0,0.01
SPY,2024-12-24,695.0,CALL,2024-12-24T14:15:00.000,0.0,0.0,0.0,0.0,0,0,0.01
SPY,2024-12-24,695.0,CALL,2024-12-24T14:20:00.000,0.0,0.0,0.0,0.0,0,0,0.01
SPY,2024-12-24,695.0,CALL,2024-12-24T14:25:00.000,0.0,0.0,0.0,0.0,0,0,0.01
SPY,2024-12-24,695.0,CALL,2024-12-24T14:30:00.000,0.0,0.0,0.0,0.0,0,0,0.01
SPY,2024-12-24,695.0,CALL,2024-12-24T14:35:00.000,0.0,0.0,0.0,0.0,0,0,0.01
SPY,2024-12-24,695.0,CALL,2024-12-24T14:40:00.000,0.0,0.0,0.0,0.0,0,0,0.01
SPY,2024-12-24,695.0,CALL,2024-12-24T14:45:00.000,0.0,0.0,0.0,0.0,0,0,0.01
SPY,2024-12-24,695.0,CALL,2024-12-24T14:50:00.000,0.0,0.0,0.0,0.0,0,0,0.01
SPY,2024-12-24,695.0,CALL,2024-12-24T14:55:00.000,0.0,0.0,0.0,0.0,0,0,0.01
SPY,2024-12-24,695.0,CALL,2024-12-24T15:00:00.000,0.0,0.0,0.0,0.0,0,0,0.01
SPY,2024-12-24,695.0,CALL,2024-12-24T15:05:00.000,0.0,0.0,0.0,0.0,0,0,0.01
SPY,2024-12-24,695.0,CALL,2024-12-24T15:10:00.000,0.0,0.0,0.0,0.0,0,0,0.01
SPY,2024-12-24,695.0,CALL,2024-12-24T15:15:00.000,0.0,0.0,0.0,0.0,0,0,0.01
SPY,2024-12-24,695.0,CALL,2024-12-24T15:20:00.000,0.0,0.0,0.0,0.0,0,0,0.01
SPY,2024-12-24,695.0,CALL,2024-12-24T15:25:00.000,0.0,0.0,0.0,0.0,0,0,0.01
SPY,2024-12-24,695.0,CALL,2024-12-24T15:30:00.000,0.0,0.0,0.0,0.0,0,0,0.01
SPY,2024-12-24,695.0,CALL,2024-12-24T15:35:00.000,0.0,0.0,0.0,0.0,0,0,0.01
SPY,2024-12-24,695.0,CALL,2024-12-24T15:40:00.000,0.0,0.0,0.0,0.0,0,0,0.01
SPY,2024-12-24,695.0,CALL,2024-12-24T15:45:00.000,0.0,0.0,0.0,0.0,0,0,0.01
SPY,2024-12-24,695.0,CALL,2024-12-24T15:50:00.000,0.0,0.0,0.0,0.0,0,0,0.01
SPY,2024-12-24,695.0,CALL,2024-12-24T15:55:00.000,0.0,0.0,0.0,0.0,0,0,0.01
SPY,2024-12-24,695.0,CALL,2024-12-24T16:00:00.000,0.0,0.0,0.0,0.0,0,0,0.01
