timestamp,open,high,low,close,volume,count,vwap
2023-09-01T09:30:00.000,453.17,453.67,452.89,453.23,2165163,17342,453.24
2023-09-01T09:35:00.000,453.24,453.26,452.03,452.175,1320047,12686,452.95
2023-09-01T09:40:00.000,452.18,452.36,451.62,452.19,1059232,9317,452.72
2023-09-01T09:45:00.000,452.19,452.19,451.15,451.51,1138415,11011,452.5
2023-09-01T09:50:00.000,451.5,451.78,451.2,451.68,896154,8820,452.37
2023-09-01T09:55:00.000,451.69,452.37,451.615,452.3358,802975,7900,452.34
2023-09-01T10:00:00.000,452.3,452.5,451.16,452.49,1577361,14169,452.27
2023-09-01T10:05:00.000,452.49,452.7,451.93,452.49,1005491,9910,452.27
2023-09-01T10:10:00.000,452.49,453.04,452.4,452.7,1190012,11337,452.33
2023-09-01T10:15:00.000,452.7,452.98,452.4915,452.91,794987,8374,452.36
2023-09-01T10:20:00.000,452.93,452.93,452.31,452.57,770289,7783,452.38
2023-09-01T10:25:00.000,452.56,452.74,452.01,452.72,714616,7706,452.38
2023-09-01T10:30:00.000,452.71,452.71,451.86,451.86,904728,9036,452.37
2023-09-01T10:35:00.000,451.855,452.41,451.8,452.08,591454,6197,452.36
2023-09-01T10:40:00.000,452.08,452.14,451.76,452.0382,501903,5367,452.35
2023-09-01T10:45:00.000,452.03,452.07,451.3218,451.45,568727,5899,452.32
2023-09-01T10:50:00.000,451.45,451.68,451.14,451.19,544599,5580,452.29
2023-09-01T10:55:00.000,451.1801,451.25,450.67,450.98,956657,8577,452.22
2023-09-01T11:00:00.000,450.95,451.2285,450.83,451.07,543908,5049,452.18
2023-09-01T11:05:00.000,451.065,451.15,450.7501,450.85,692031,4034,452.15
2023-09-01T11:10:00.000,450.84,451.03,450.69,450.79,425528,3659,452.13
2023-09-01T11:15:00.000,450.79,451.21,450.71,451.1519,453128,4661,452.1
2023-09-01T11:20:00.000,451.15,451.19,450.98,451.13,459137,4475,452.08
2023-09-01T11:25:00.000,451.12,451.25,450.66,450.83,441067,4466,452.05
2023-09-01T11:30:00.000,450.85,450.9823,450.53,450.701,552981,5589,452.02
2023-09-01T11:35:00.000,450.69,450.85,450.5,450.57,441378,4355,451.99
2023-09-01T11:40:00.000,450.575,450.63,450.38,450.43,465927,3889,451.96
2023-09-01T11:45:00.000,450.425,450.44,449.74,449.84,994456,8823,451.87
2023-09-01T11:50:00.000,449.83,449.9899,449.69,449.9699,556533,5331,451.82
2023-09-01T11:55:00.000,449.96,450.0599,449.81,449.882,502758,4363,451.78
2023-09-01T12:00:00.000,449.88,449.9599,449.68,449.775,1006931,4609,451.75
2023-09-01T12:05:00.000,449.775,450.22,449.74,450.1301,453144,4528,451.72
2023-09-01T12:10:00.000,450.135,450.34,450.0,450.25,372964,3772,451.69
2023-09-01T12:15:00.000,450.23,450.43,450.15,450.39,306383,3136,451.68
2023-09-01T12:20:00.000,450.39,450.605,450.39,450.56,347704,3520,451.66
2023-09-01T12:25:00.000,450.57,450.79,450.57,450.58,354930,3672,451.65
2023-09-01T12:30:00.000,450.585,450.8601,450.545,450.622,546237,5418,451.63
2023-09-01T12:35:00.000,450.63,450.66,450.28,450.3296,354487,3544,451.61
2023-09-01T12:40:00.000,450.325,450.45,450.1,450.205,406248,4183,451.59
2023-09-01T12:45:00.000,450.205,450.6089,450.12,450.6,321289,3212,451.58
2023-09-01T12:50:00.000,450.5997,451.0,450.55,450.84,436718,4529,451.57
2023-09-01T12:55:00.000,450.86,450.92,450.7,450.74,368140,3462,451.56
2023-09-01T13:00:00.000,450.74,450.87,450.51,450.5557,422933,3610,451.54
2023-09-01T13:05:00.000,450.569,450.705,450.451,450.495,198659,2161,451.54
2023-09-01T13:10:00.000,450.51,450.67,450.4501,450.565,169873,2170,451.53
2023-09-01T13:15:00.000,450.56,450.76,450.555,450.7,254722,2459,451.53
2023-09-01T13:20:00.000,450.695,450.895,450.5916,450.5987,289581,2593,451.52
2023-09-01T13:25:00.000,450.58,450.58,450.325,450.35,610243,3007,451.5
2023-09-01T13:30:00.000,450.34,450.64,450.31,450.49,334446,3941,451.49
2023-09-01T13:35:00.000,450.46,450.68,450.4519,450.621,304495,2734,451.48
2023-09-01T13:40:00.000,450.62,450.62,450.289,450.3,207764,2401,451.48
2023-09-01T13:45:00.000,450.29,450.4,450.18,450.33,221602,2591,451.47
2023-09-01T13:50:00.000,450.33,450.51,450.2695,450.45,361906,3321,451.46
2023-09-01T13:55:00.000,450.45,450.7178,450.42,450.65,265624,2665,451.45
2023-09-01T14:00:00.000,450.6457,450.78,450.52,450.7594,252171,2592,451.44
2023-09-01T14:05:00.000,450.76,450.79,450.62,450.75,268810,2589,451.44
2023-09-01T14:10:00.000,450.76,450.7901,450.58,450.672,272914,2798,451.43
2023-09-01T14:15:00.000,450.675,450.68,450.4511,450.49,220712,2584,451.43
2023-09-01T14:20:00.000,450.4868,450.55,450.22,450.26,276629,3184,451.42
2023-09-01T14:25:00.000,450.24,450.315,449.92,450.1499,480913,4622,451.4
2023-09-01T14:30:00.000,450.131,450.175,449.93,450.01,352001,3493,451.39
2023-09-01T14:35:00.000,450.02,450.085,449.88,450.08,378832,3254,451.37
2023-09-01T14:40:00.000,450.07,450.36,450.05,450.211,439693,4274,451.36
2023-09-01T14:45:00.000,450.22,450.4,450.2,450.22,225787,2577,451.35
2023-09-01T14:50:00.000,450.2182,450.47,450.215,450.4,271604,2545,451.34
2023-09-01T14:55:00.000,450.4,450.57,450.33,450.55,360381,3024,451.33
2023-09-01T15:00:00.000,450.54,450.69,450.455,450.54,709405,3535,451.32
2023-09-01T15:05:00.000,450.55,450.66,450.38,450.6255,638839,3297,451.31
2023-09-01T15:10:00.000,450.63,450.86,450.5,450.73,481050,4089,451.3
2023-09-01T15:15:00.000,450.75,450.78,450.6,450.68,417886,3746,451.3
2023-09-01T15:20:00.000,450.69,450.86,450.6,450.855,431036,3694,451.29
2023-09-01T15:25:00.000,450.85,451.02,450.78,451.0,578883,4681,451.28
2023-09-01T15:30:00.000,451.01,451.225,450.99,451.17,699412,6284,451.28
2023-09-01T15:35:00.000,451.17,451.19,450.805,450.9772,961050,5786,451.28
2023-09-01T15:40:00.000,450.97,451.12,450.93,450.97,785894,6140,451.27
2023-09-01T15:45:00.000,450.96,451.0,450.671,450.81,834260,6617,451.26
2023-09-01T15:50:00.000,450.81,451.13,450.58,451.12,1359439,9928,451.25
2023-09-01T15:55:00.000,451.12,451.3,450.87,451.21,4245556,22664,451.24
2023-09-01T16:00:00.000,451.21,451.21,451.21,451.21,500,2,451.24
2023-09-02T09:30:00.000,0.0,0.0,0.0,0.0,0,0,0.0
2023-09-02T09:35:00.000,0.0,0.0,0.0,0.0,0,0,0.0
2023-09-02T09:40:00.000,0.0,0.0,0.0,0.0,0,0,0.0
2023-09-02T09:45:00.000,0.0,0.0,0.0,0.0,0,0,0.0
2023-09-02T09:50:00.000,0.0,0.0,0.0,0.0,0,0,0.0
2023-09-02T09:55:00.000,0.0,0.0,0.0,0.0,0,0,0.0
2023-09-02T10:00:00.000,0.0,0.0,0.0,0.0,0,0,0.0
2023-09-02T10:05:00.000,0.0,0.0,0.0,0.0,0,0,0.0
2023-09-02T10:10:00.000,0.0,0.0,0.0,0.0,0,0,0.0
2023-09-02T10:15:00.000,0.0,0.0,0.0,0.0,0,0,0.0
2023-09-02T10:20:00.000,0.0,0.0,0.0,0.0,0,0,0.0
2023-09-02T10:25:00.000,0.0,0.0,0.0,0.0,0,0,0.0
2023-09-02T10:30:00.000,0.0,0.0,0.0,0.0,0,0,0.0
2023-09-02T10:35:00.000,0.0,0.0,0.0,0.0,0,0,0.0
2023-09-02T10:40:00.000,0.0,0.0,0.0,0.0,0,0,0.0
2023-09-02T10:45:00.000,0.0,0.0,0.0,0.0,0,0,0.0
2023-09-02T10:50:00.000,0.0,0.0,0.0,0.0,0,0,0.0
2023-09-02T10:55:00.000,0.0,0.0,0.0,0.0,0,0,0.0
2023-09-02T11:00:00.000,0.0,0.0,0.0,0.0,0,0,0.0
2023-09-02T11:05:00.000,0.0,0.0,0.0,0.0,0,0,0.0
2023-09-02T11:10:00.000,0.0,0.0,0.0,0.0,0,0,0.0
2023-09-02T11:15:00.000,0.0,0.0,0.0,0.0,0,0,0.0
2023-09-02T11:20:00.000,0.0,0.0,0.0,0.0,0,0,0.0
2023-09-02T11:25:00.000,0.0,0.0,0.0,0.0,0,0,0.0
2023-09-02T11:30:00.000,0.0,0.0,0.0,0.0,0,0,0.0
2023-09-02T11:35:00.000,0.0,0.0,0.0,0.0,0,0,0.0
2023-09-02T11:40:00.000,0.0,0.0,0.0,0.0,0,0,0.0
2023-09-02T11:45:00.000,0.0,0.0,0.0,0.0,0,0,0.0
2023-09-02T11:50:00.000,0.0,0.0,0.0,0.0,0,0,0.0
2023-09-02T11:55:00.000,0.0,0.0,0.0,0.0,0,0,0.0
2023-09-02T12:00:00.000,0.0,0.0,0.0,0.0,0,0,0.0
2023-09-02T12:05:00.000,0.0,0.0,0.0,0.0,0,0,0.0
2023-09-02T12:10:00.000,0.0,0.0,0.0,0.0,0,0,0.0
2023-09-02T12:15:00.000,0.0,0.0,0.0,0.0,0,0,0.0
2023-09-02T12:20:00.000,0.0,0.0,0.0,0.0,0,0,0.0
2023-09-02T12:25:00.000,0.0,0.0,0.0,0.0,0,0,0.0
2023-09-02T12:30:00.000,0.0,0.0,0.0,0.0,0,0,0.0
2023-09-02T12:35:00.000,0.0,0.0,0.0,0.0,0,0,0.0
2023-09-02T12:40:00.000,0.0,0.0,0.0,0.0,0,0,0.0
2023-09-02T12:45:00.000,0.0,0.0,0.0,0.0,0,0,0.0
2023-09-02T12:50:00.000,0.0,0.0,0.0,0.0,0,0,0.0
2023-09-02T12:55:00.000,0.0,0.0,0.0,0.0,0,0,0.0
2023-09-02T13:00:00.000,0.0,0.0,0.0,0.0,0,0,0.0
2023-09-02T13:05:00.000,0.0,0.0,0.0,0.0,0,0,0.0
2023-09-02T13:10:00.000,0.0,0.0,0.0,0.0,0,0,0.0
2023-09-02T13:15:00.000,0.0,0.0,0.0,0.0,0,0,0.0
2023-09-02T13:20:00.000,0.0,0.0,0.0,0.0,0,0,0.0
2023-09-02T13:25:00.000,0.0,0.0,0.0,0.0,0,0,0.0
2023-09-02T13:30:00.000,0.0,0.0,0.0,0.0,0,0,0.0
2023-09-02T13:35:00.000,0.0,0.0,0.0,0.0,0,0,0.0
2023-09-02T13:40:00.000,0.0,0.0,0.0,0.0,0,0,0.0
2023-09-02T13:45:00.000,0.0,0.0,0.0,0.0,0,0,0.0
2023-09-02T13:50:00.000,0.0,0.0,0.0,0.0,0,0,0.0
2023-09-02T13:55:00.000,0.0,0.0,0.0,0.0,0,0,0.0
2023-09-02T14:00:00.000,0.0,0.0,0.0,0.0,0,0,0.0
2023-09-02T14:05:00.000,0.0,0.0,0.0,0.0,0,0,0.0
2023-09-02T14:10:00.000,0.0,0.0,0.0,0.0,0,0,0.0
2023-09-02T14:15:00.000,0.0,0.0,0.0,0.0,0,0,0.0
2023-09-02T14:20:00.000,0.0,0.0,0.0,0.0,0,0,0.0
2023-09-02T14:25:00.000,0.0,0.0,0.0,0.0,0,0,0.0
2023-09-02T14:30:00.000,0.0,0.0,0.0,0.0,0,0,0.0
2023-09-02T14:35:00.000,0.0,0.0,0.0,0.0,0,0,0.0
2023-09-02T14:40:00.000,0.0,0.0,0.0,0.0,0,0,0.0
2023-09-02T14:45:00.000,0.0,0.0,0.0,0.0,0,0,0.0
2023-09-02T14:50:00.000,0.0,0.0,0.0,0.0,0,0,0.0
2023-09-02T14:55:00.000,0.0,0.0,0.0,0.0,0,0,0.0
2023-09-02T15:00:00.000,0.0,0.0,0.0,0.0,0,0,0.0
2023-09-02T15:05:00.000,0.0,0.0,0.0,0.0,0,0,0.0
2023-09-02T15:10:00.000,0.0,0.0,0.0,0.0,0,0,0.0
2023-09-02T15:15:00.000,0.0,0.0,0.0,0.0,0,0,0.0
2023-09-02T15:20:00.000,0.0,0.0,0.0,0.0,0,0,0.0
2023-09-02T15:25:00.000,0.0,0.0,0.0,0.0,0,0,0.0
2023-09-02T15:30:00.000,0.0,0.0,0.0,0.0,0,0,0.0
2023-09-02T15:35:00.000,0.0,0.0,0.0,0.0,0,0,0.0
2023-09-02T15:40:00.000,0.0,0.0,0.0,0.0,0,0,0.0
2023-09-02T15:45:00.000,0.0,0.0,0.0,0.0,0,0,0.0
2023-09-02T15:50:00.000,0.0,0.0,0.0,0.0,0,0,0.0
2023-09-02T15:55:00.000,0.0,0.0,0.0,0.0,0,0,0.0
2023-09-02T16:00:00.000,0.0,0.0,0.0,0.0,0,0,0.0
2023-09-03T09:30:00.000,0.0,0.0,0.0,0.0,0,0,0.0
2023-09-03T09:35:00.000,0.0,0.0,0.0,0.0,0,0,0.0
2023-09-03T09:40:00.000,0.0,0.0,0.0,0.0,0,0,0.0
2023-09-03T09:45:00.000,0.0,0.0,0.0,0.0,0,0,0.0
2023-09-03T09:50:00.000,0.0,0.0,0.0,0.0,0,0,0.0
2023-09-03T09:55:00.000,0.0,0.0,0.0,0.0,0,0,0.0
2023-09-03T10:00:00.000,0.0,0.0,0.0,0.0,0,0,0.0
2023-09-03T10:05:00.000,0.0,0.0,0.0,0.0,0,0,0.0
2023-09-03T10:10:00.000,0.0,0.0,0.0,0.0,0,0,0.0
2023-09-03T10:15:00.000,0.0,0.0,0.0,0.0,0,0,0.0
2023-09-03T10:20:00.000,0.0,0.0,0.0,0.0,0,0,0.0
2023-09-03T10:25:00.000,0.0,0.0,0.0,0.0,0,0,0.0
2023-09-03T10:30:00.000,0.0,0.0,0.0,0.0,0,0,0.0
2023-09-03T10:35:00.000,0.0,0.0,0.0,0.0,0,0,0.0
2023-09-03T10:40:00.000,0.0,0.0,0.0,0.0,0,0,0.0
2023-09-03T10:45:00.000,0.0,0.0,0.0,0.0,0,0,0.0
2023-09-03T10:50:00.000,0.0,0.0,0.0,0.0,0,0,0.0
2023-09-03T10:55:00.000,0.0,0.0,0.0,0.0,0,0,0.0
2023-09-03T11:00:00.000,0.0,0.0,0.0,0.0,0,0,0.0
2023-09-03T11:05:00.000,0.0,0.0,0.0,0.0,0,0,0.0
2023-09-03T11:10:00.000,0.0,0.0,0.0,0.0,0,0,0.0
2023-09-03T11:15:00.000,0.0,0.0,0.0,0.0,0,0,0.0
2023-09-03T11:20:00.000,0.0,0.0,0.0,0.0,0,0,0.0
2023-09-03T11:25:00.000,0.0,0.0,0.0,0.0,0,0,0.0
2023-09-03T11:30:00.000,0.0,0.0,0.0,0.0,0,0,0.0
2023-09-03T11:35:00.000,0.0,0.0,0.0,0.0,0,0,0.0
2023-09-03T11:40:00.000,0.0,0.0,0.0,0.0,0,0,0.0
2023-09-03T11:45:00.000,0.0,0.0,0.0,0.0,0,0,0.0
2023-09-03T11:50:00.000,0.0,0.0,0.0,0.0,0,0,0.0
2023-09-03T11:55:00.000,0.0,0.0,0.0,0.0,0,0,0.0
2023-09-03T12:00:00.000,0.0,0.0,0.0,0.0,0,0,0.0
2023-09-03T12:05:00.000,0.0,0.0,0.0,0.0,0,0,0.0
2023-09-03T12:10:00.000,0.0,0.0,0.0,0.0,0,0,0.0
2023-09-03T12:15:00.000,0.0,0.0,0.0,0.0,0,0,0.0
2023-09-03T12:20:00.000,0.0,0.0,0.0,0.0,0,0,0.0
2023-09-03T12:25:00.000,0.0,0.0,0.0,0.0,0,0,0.0
2023-09-03T12:30:00.000,0.0,0.0,0.0,0.0,0,0,0.0
2023-09-03T12:35:00.000,0.0,0.0,0.0,0.0,0,0,0.0
2023-09-03T12:40:00.000,0.0,0.0,0.0,0.0,0,0,0.0
2023-09-03T12:45:00.000,0.0,0.0,0.0,0.0,0,0,0.0
2023-09-03T12:50:00.000,0.0,0.0,0.0,0.0,0,0,0.0
2023-09-03T12:55:00.000,0.0,0.0,0.0,0.0,0,0,0.0
2023-09-03T13:00:00.000,0.0,0.0,0.0,0.0,0,0,0.0
2023-09-03T13:05:00.000,0.0,0.0,0.0,0.0,0,0,0.0
2023-09-03T13:10:00.000,0.0,0.0,0.0,0.0,0,0,0.0
2023-09-03T13:15:00.000,0.0,0.0,0.0,0.0,0,0,0.0
2023-09-03T13:20:00.000,0.0,0.0,0.0,0.0,0,0,0.0
2023-09-03T13:25:00.000,0.0,0.0,0.0,0.0,0,0,0.0
2023-09-03T13:30:00.000,0.0,0.0,0.0,0.0,0,0,0.0
2023-09-03T13:35:00.000,0.0,0.0,0.0,0.0,0,0,0.0
2023-09-03T13:40:00.000,0.0,0.0,0.0,0.0,0,0,0.0
2023-09-03T13:45:00.000,0.0,0.0,0.0,0.0,0,0,0.0
2023-09-03T13:50:00.000,0.0,0.0,0.0,0.0,0,0,0.0
2023-09-03T13:55:00.000,0.0,0.0,0.0,0.0,0,0,0.0
2023-09-03T14:00:00.000,0.0,0.0,0.0,0.0,0,0,0.0
2023-09-03T14:05:00.000,0.0,0.0,0.0,0.0,0,0,0.0
2023-09-03T14:10:00.000,0.0,0.0,0.0,0.0,0,0,0.0
2023-09-03T14:15:00.000,0.0,0.0,0.0,0.0,0,0,0.0
2023-09-03T14:20:00.000,0.0,0.0,0.0,0.0,0,0,0.0
2023-09-03T14:25:00.000,0.0,0.0,0.0,0.0,0,0,0.0
2023-09-03T14:30:00.000,0.0,0.0,0.0,0.0,0,0,0.0
2023-09-03T14:35:00.000,0.0,0.0,0.0,0.0,0,0,0.0
2023-09-03T14:40:00.000,0.0,0.0,0.0,0.0,0,0,0.0
2023-09-03T14:45:00.000,0.0,0.0,0.0,0.0,0,0,0.0
2023-09-03T14:50:00.000,0.0,0.0,0.0,0.0,0,0,0.0
2023-09-03T14:55:00.000,0.0,0.0,0.0,0.0,0,0,0.0
2023-09-03T15:00:00.000,0.0,0.0,0.0,0.0,0,0,0.0
2023-09-03T15:05:00.000,0.0,0.0,0.0,0.0,0,0,0.0
2023-09-03T15:10:00.000,0.0,0.0,0.0,0.0,0,0,0.0
2023-09-03T15:15:00.000,0.0,0.0,0.0,0.0,0,0,0.0
2023-09-03T15:20:00.000,0.0,0.0,0.0,0.0,0,0,0.0
2023-09-03T15:25:00.000,0.0,0.0,0.0,0.0,0,0,0.0
2023-09-03T15:30:00.000,0.0,0.0,0.0,0.0,0,0,0.0
2023-09-03T15:35:00.000,0.0,0.0,0.0,0.0,0,0,0.0
2023-09-03T15:40:00.000,0.0,0.0,0.0,0.0,0,0,0.0
2023-09-03T15:45:00.000,0.0,0.0,0.0,0.0,0,0,0.0
2023-09-03T15:50:00.000,0.0,0.0,0.0,0.0,0,0,0.0
2023-09-03T15:55:00.000,0.0,0.0,0.0,0.0,0,0,0.0
2023-09-03T16:00:00.000,0.0,0.0,0.0,0.0,0,0,0.0
2023-09-04T09:30:00.000,0.0,0.0,0.0,0.0,0,0,0.0
2023-09-04T09:35:00.000,0.0,0.0,0.0,0.0,0,0,0.0
2023-09-04T09:40:00.000,0.0,0.0,0.0,0.0,0,0,0.0
2023-09-04T09:45:00.000,0.0,0.0,0.0,0.0,0,0,0.0
2023-09-04T09:50:00.000,0.0,0.0,0.0,0.0,0,0,0.0
2023-09-04T09:55:00.000,0.0,0.0,0.0,0.0,0,0,0.0
2023-09-04T10:00:00.000,0.0,0.0,0.0,0.0,0,0,0.0
2023-09-04T10:05:00.000,0.0,0.0,0.0,0.0,0,0,0.0
2023-09-04T10:10:00.000,0.0,0.0,0.0,0.0,0,0,0.0
2023-09-04T10:15:00.000,0.0,0.0,0.0,0.0,0,0,0.0
2023-09-04T10:20:00.000,0.0,0.0,0.0,0.0,0,0,0.0
2023-09-04T10:25:00.000,0.0,0.0,0.0,0.0,0,0,0.0
2023-09-04T10:30:00.000,0.0,0.0,0.0,0.0,0,0,0.0
2023-09-04T10:35:00.000,0.0,0.0,0.0,0.0,0,0,0.0
2023-09-04T10:40:00.000,0.0,0.0,0.0,0.0,0,0,0.0
2023-09-04T10:45:00.000,0.0,0.0,0.0,0.0,0,0,0.0
2023-09-04T10:50:00.000,0.0,0.0,0.0,0.0,0,0,0.0
2023-09-04T10:55:00.000,0.0,0.0,0.0,0.0,0,0,0.0
2023-09-04T11:00:00.000,0.0,0.0,0.0,0.0,0,0,0.0
2023-09-04T11:05:00.000,0.0,0.0,0.0,0.0,0,0,0.0
2023-09-04T11:10:00.000,0.0,0.0,0.0,0.0,0,0,0.0
2023-09-04T11:15:00.000,0.0,0.0,0.0,0.0,0,0,0.0
2023-09-04T11:20:00.000,0.0,0.0,0.0,0.0,0,0,0.0
2023-09-04T11:25:00.000,0.0,0.0,0.0,0.0,0,0,0.0
2023-09-04T11:30:00.000,0.0,0.0,0.0,0.0,0,0,0.0
2023-09-04T11:35:00.000,0.0,0.0,0.0,0.0,0,0,0.0
2023-09-04T11:40:00.000,0.0,0.0,0.0,0.0,0,0,0.0
2023-09-04T11:45:00.000,0.0,0.0,0.0,0.0,0,0,0.0
2023-09-04T11:50:00.000,0.0,0.0,0.0,0.0,0,0,0.0
2023-09-04T11:55:00.000,0.0,0.0,0.0,0.0,0,0,0.0
2023-09-04T12:00:00.000,0.0,0.0,0.0,0.0,0,0,0.0
2023-09-04T12:05:00.000,0.0,0.0,0.0,0.0,0,0,0.0
2023-09-04T12:10:00.000,0.0,0.0,0.0,0.0,0,0,0.0
2023-09-04T12:15:00.000,0.0,0.0,0.0,0.0,0,0,0.0
2023-09-04T12:20:00.000,0.0,0.0,0.0,0.0,0,0,0.0
2023-09-04T12:25:00.000,0.0,0.0,0.0,0.0,0,0,0.0
2023-09-04T12:30:00.000,0.0,0.0,0.0,0.0,0,0,0.0
2023-09-04T12:35:00.000,0.0,0.0,0.0,0.0,0,0,0.0
2023-09-04T12:40:00.000,0.0,0.0,0.0,0.0,0,0,0.0
2023-09-04T12:45:00.000,0.0,0.0,0.0,0.0,0,0,0.0
2023-09-04T12:50:00.000,0.0,0.0,0.0,0.0,0,0,0.0
2023-09-04T12:55:00.000,0.0,0.0,0.0,0.0,0,0,0.0
2023-09-04T13:00:00.000,0.0,0.0,0.0,0.0,0,0,0.0
2023-09-04T13:05:00.000,0.0,0.0,0.0,0.0,0,0,0.0
2023-09-04T13:10:00.000,0.0,0.0,0.0,0.0,0,0,0.0
2023-09-04T13:15:00.000,0.0,0.0,0.0,0.0,0,0,0.0
2023-09-04T13:20:00.000,0.0,0.0,0.0,0.0,0,0,0.0
2023-09-04T13:25:00.000,0.0,0.0,0.0,0.0,0,0,0.0
2023-09-04T13:30:00.000,0.0,0.0,0.0,0.0,0,0,0.0
2023-09-04T13:35:00.000,0.0,0.0,0.0,0.0,0,0,0.0
2023-09-04T13:40:00.000,0.0,0.0,0.0,0.0,0,0,0.0
2023-09-04T13:45:00.000,0.0,0.0,0.0,0.0,0,0,0.0
2023-09-04T13:50:00.000,0.0,0.0,0.0,0.0,0,0,0.0
2023-09-04T13:55:00.000,0.0,0.0,0.0,0.0,0,0,0.0
2023-09-04T14:00:00.000,0.0,0.0,0.0,0.0,0,0,0.0
2023-09-04T14:05:00.000,0.0,0.0,0.0,0.0,0,0,0.0
2023-09-04T14:10:00.000,0.0,0.0,0.0,0.0,0,0,0.0
2023-09-04T14:15:00.000,0.0,0.0,0.0,0.0,0,0,0.0
2023-09-04T14:20:00.000,0.0,0.0,0.0,0.0,0,0,0.0
2023-09-04T14:25:00.000,0.0,0.0,0.0,0.0,0,0,0.0
2023-09-04T14:30:00.000,0.0,0.0,0.0,0.0,0,0,0.0
2023-09-04T14:35:00.000,0.0,0.0,0.0,0.0,0,0,0.0
2023-09-04T14:40:00.000,0.0,0.0,0.0,0.0,0,0,0.0
2023-09-04T14:45:00.000,0.0,0.0,0.0,0.0,0,0,0.0
2023-09-04T14:50:00.000,0.0,0.0,0.0,0.0,0,0,0.0
2023-09-04T14:55:00.000,0.0,0.0,0.0,0.0,0,0,0.0
2023-09-04T15:00:00.000,0.0,0.0,0.0,0.0,0,0,0.0
2023-09-04T15:05:00.000,0.0,0.0,0.0,0.0,0,0,0.0
2023-09-04T15:10:00.000,0.0,0.0,0.0,0.0,0,0,0.0
2023-09-04T15:15:00.000,0.0,0.0,0.0,0.0,0,0,0.0
2023-09-04T15:20:00.000,0.0,0.0,0.0,0.0,0,0,0.0
2023-09-04T15:25:00.000,0.0,0.0,0.0,0.0,0,0,0.0
2023-09-04T15:30:00.000,0.0,0.0,0.0,0.0,0,0,0.0
2023-09-04T15:35:00.000,0.0,0.0,0.0,0.0,0,0,0.0
2023-09-04T15:40:00.000,0.0,0.0,0.0,0.0,0,0,0.0
2023-09-04T15:45:00.000,0.0,0.0,0.0,0.0,0,0,0.0
2023-09-04T15:50:00.000,0.0,0.0,0.0,0.0,0,0,0.0
2023-09-04T15:55:00.000,0.0,0.0,0.0,0.0,0,0,0.0
2023-09-04T16:00:00.000,0.0,0.0,0.0,0.0,0,0,0.0
2023-09-05T09:30:00.000,450.73,450.93,450.391,450.465,1415097,12060,450.7
2023-09-05T09:35:00.000,450.46,450.52,449.9525,450.0721,828038,8164,450.51
2023-09-05T09:40:00.000,450.08,450.26,449.58,449.6455,1100602,9837,450.3
2023-09-05T09:45:00.000,449.65,450.17,449.615,449.63,688322,7847,450.24
2023-09-05T09:50:00.000,449.645,449.87,449.45,449.625,686398,8068,450.15
2023-09-05T09:55:00.000,449.62,449.79,449.38,449.5899,692438,7009,450.08
2023-09-05T10:00:00.000,449.59,449.74,449.38,449.46,677451,7953,450.02
2023-09-05T10:05:00.000,449.45,449.86,449.34,449.6301,740385,8612,449.97
2023-09-05T10:10:00.000,449.63,449.97,449.55,449.58,795179,6510,449.96
2023-09-05T10:15:00.000,449.575,449.78,449.17,449.76,796807,8389,449.91
2023-09-05T10:20:00.000,449.76,450.17,449.67,450.12,610675,6539,449.91
2023-09-05T10:25:00.000,450.12,450.43,449.74,449.8703,1430510,9416,449.92
2023-09-05T10:30:00.000,449.89,449.92,449.39,449.3981,703816,7629,449.9
2023-09-05T10:35:00.000,449.3995,449.67,449.23,449.575,715149,7368,449.87
2023-09-05T10:40:00.000,449.57,449.81,449.4,449.8001,577884,6165,449.86
2023-09-05T10:45:00.000,449.805,450.23,449.455,450.1096,635747,6939,449.85
2023-09-05T10:50:00.000,450.09,450.37,449.95,450.17,581055,5965,449.87
2023-09-05T10:55:00.000,450.17,450.21,450.03,450.105,508481,5209,449.88
2023-09-05T11:00:00.000,450.11,450.71,450.11,450.6898,807493,7557,449.91
2023-09-05T11:05:00.000,450.7,451.06,450.62,450.8201,896300,7367,449.97
2023-09-05T11:10:00.000,450.82,451.04,450.74,450.82,607390,5081,450.0
2023-09-05T11:15:00.000,450.83,451.02,450.75,450.82,519101,4783,450.03
2023-09-05T11:20:00.000,450.82,450.91,450.55,450.5882,634598,5649,450.06
2023-09-05T11:25:00.000,450.585,450.6,450.27,450.28,650801,5314,450.07
2023-09-05T11:30:00.000,450.2799,450.42,450.18,450.25,589974,5208,450.08
2023-09-05T11:35:00.000,450.23,450.3,449.87,450.07,978922,4671,450.08
2023-09-05T11:40:00.000,450.08,450.12,449.9101,450.04,636970,3596,450.08
2023-09-05T11:45:00.000,450.03,450.31,449.92,450.215,479384,4425,450.08
2023-09-05T11:50:00.000,450.22,450.32,449.99,450.06,340437,3565,450.08
2023-09-05T11:55:00.000,450.06,450.28,450.02,450.22,427516,3944,450.08
2023-09-05T12:00:00.000,450.23,450.49,450.18,450.26,578973,4428,450.09
2023-09-05T12:05:00.000,450.265,450.485,450.26,450.485,290332,2959,450.09
2023-09-05T12:10:00.000,450.48,450.66,450.46,450.54,395302,3504,450.1
2023-09-05T12:15:00.000,450.54,450.62,450.335,450.59,363256,3659,450.11
2023-09-05T12:20:00.000,450.6,450.73,450.52,450.61,316845,3117,450.12
2023-09-05T12:25:00.000,450.6099,450.62,450.315,450.4,362842,3589,450.12
2023-09-05T12:30:00.000,450.4,450.57,450.34,450.43,273846,3029,450.13
2023-09-05T12:35:00.000,450.44,450.65,450.4,450.56,309152,3070,450.13
2023-09-05T12:40:00.000,450.57,450.62,450.42,450.57,564539,3253,450.14
2023-09-05T12:45:00.000,450.58,450.69,450.45,450.485,588400,3187,450.14
2023-09-05T12:50:00.000,450.49,450.49,450.315,450.39,236942,2888,450.15
2023-09-05T12:55:00.000,450.4,450.43,450.235,450.31,386356,3377,450.15
2023-09-05T13:00:00.000,450.3,450.34,450.01,450.0227,375205,3626,450.15
2023-09-05T13:05:00.000,450.03,450.06,449.7588,449.785,734575,4451,450.14
2023-09-05T13:10:00.000,449.79,449.93,449.665,449.8599,586010,5307,450.14
2023-09-05T13:15:00.000,449.851,449.914,449.705,449.79,422429,3485,450.13
2023-09-05T13:20:00.000,449.79,449.8672,449.6,449.77,516303,4573,450.12
2023-09-05T13:25:00.000,449.78,449.8339,449.5993,449.62,1360974,3330,450.12
2023-09-05T13:30:00.000,449.62,449.78,449.49,449.62,751009,6914,450.1
2023-09-05T13:35:00.000,449.622,449.885,449.61,449.8069,436406,4064,450.1
2023-09-05T13:40:00.000,449.8022,449.99,449.74,449.88,523962,4466,450.1
2023-09-05T13:45:00.000,449.88,449.985,449.77,449.89,273270,2875,450.09
2023-09-05T13:50:00.000,449.88,450.03,449.85,450.02,321208,3168,450.09
2023-09-05T13:55:00.000,450.03,450.07,449.83,450.02,422576,3802,450.09
2023-09-05T14:00:00.000,450.03,450.09,449.915,450.0,766391,4564,450.09
2023-09-05T14:05:00.000,449.995,449.995,449.695,449.8191,894611,4464,450.08
2023-09-05T14:10:00.000,449.81,449.95,449.7,449.929,431398,3801,450.08
2023-09-05T14:15:00.000,449.925,450.255,449.85,450.25,462901,4395,450.08
2023-09-05T14:20:00.000,450.26,450.29,450.0859,450.22,411031,3746,450.08
2023-09-05T14:25:00.000,450.23,450.46,450.17,450.37,562260,5080,450.09
2023-09-05T14:30:00.000,450.38,450.475,450.24,450.3278,443176,4323,450.09
2023-09-05T14:35:00.000,450.325,450.325,450.1,450.2,554930,3309,450.09
2023-09-05T14:40:00.000,450.2,450.32,450.16,450.2317,270739,2967,450.09
2023-09-05T14:45:00.000,450.239,450.45,450.17,450.38,403377,3756,450.09
2023-09-05T14:50:00.000,450.3904,450.57,450.32,450.433,401754,3964,450.1
2023-09-05T14:55:00.000,450.44,450.64,450.355,450.62,340383,3636,450.1
2023-09-05T15:00:00.000,450.62,450.625,450.195,450.3161,529655,5005,450.11
2023-09-05T15:05:00.000,450.3125,450.36,450.14,450.17,486720,4358,450.11
2023-09-05T15:10:00.000,450.17,450.18,449.705,449.82,625946,5399,450.1
2023-09-05T15:15:00.000,449.815,449.945,449.73,449.8,531070,5390,450.1
2023-09-05T15:20:00.000,449.791,450.0,449.791,449.9005,627406,4911,450.1
2023-09-05T15:25:00.000,449.9,449.935,449.6399,449.8473,481193,4877,450.09
2023-09-05T15:30:00.000,449.85,449.98,449.78,449.8626,634350,5643,450.09
2023-09-05T15:35:00.000,449.865,450.25,449.83,450.2301,733882,7118,450.09
2023-09-05T15:40:00.000,450.23,450.375,450.18,450.31,814157,7026,450.09
2023-09-05T15:45:00.000,450.3,450.38,449.74,449.7999,1248478,10611,450.09
2023-09-05T15:50:00.000,449.8,449.92,449.47,449.645,1575455,13489,450.07
2023-09-05T15:55:00.000,449.645,449.645,449.17,449.25,2922908,22584,450.03
2023-09-05T16:00:00.000,0.0,0.0,0.0,0.0,66,1,450.03
2023-09-06T09:30:00.000,448.4,448.49,447.55,447.755,1443701,14042,447.98
2023-09-06T09:35:00.000,447.74,447.76,447.46,447.535,815078,7421,447.83
2023-09-06T09:40:00.000,447.55,448.35,447.41,448.1504,994562,8319,447.84
2023-09-06T09:45:00.000,448.16,448.51,447.71,447.81,957437,9087,447.9
2023-09-06T09:50:00.000,447.81,448.31,447.775,448.06,619065,6923,447.93
2023-09-06T09:55:00.000,448.06,448.1295,447.855,447.9554,497945,5534,447.93
2023-09-06T10:00:00.000,447.92,447.92,446.6638,446.78,1960837,18330,447.69
2023-09-06T10:05:00.000,446.76,447.105,446.51,446.91,1110664,10638,447.57
2023-09-06T10:10:00.000,446.91,447.08,446.61,446.78,831972,8201,447.5
2023-09-06T10:15:00.000,446.78,447.2808,446.69,447.2408,1339490,9953,447.45
2023-09-06T10:20:00.000,447.245,447.31,446.38,446.39,1329037,10204,447.38
2023-09-06T10:25:00.000,446.39,446.65,446.03,446.085,1139686,10311,447.28
2023-09-06T10:30:00.000,446.095,446.4694,446.0,446.39,1133360,9907,447.2
2023-09-06T10:35:00.000,446.39,446.575,446.17,446.3524,551804,6373,447.17
2023-09-06T10:40:00.000,446.36,446.5,446.155,446.16,635892,6174,447.13
2023-09-06T10:45:00.000,446.17,446.3,445.92,446.0199,688286,6353,447.08
2023-09-06T10:50:00.000,446.02,446.16,445.6,446.115,908411,8471,447.02
2023-09-06T10:55:00.000,446.11,446.15,445.66,445.6701,839523,7714,446.96
2023-09-06T11:00:00.000,445.685,445.79,445.55,445.7499,1026062,8834,446.89
2023-09-06T11:05:00.000,445.73,445.89,445.44,445.4799,1055962,9028,446.82
2023-09-06T11:10:00.000,445.48,445.55,445.17,445.339,806617,7515,446.76
2023-09-06T11:15:00.000,445.34,445.76,445.27,445.7024,947960,7748,446.71
2023-09-06T11:20:00.000,445.7,445.79,445.49,445.71,673415,6137,446.68
2023-09-06T11:25:00.000,445.71,445.99,445.57,445.81,998414,6788,446.64
2023-09-06T11:30:00.000,445.815,445.88,445.5809,445.72,580720,5109,446.62
2023-09-06T11:35:00.000,445.7101,445.97,445.6,445.78,513366,4350,446.6
2023-09-06T11:40:00.000,445.78,445.99,445.69,445.96,496245,4613,446.58
2023-09-06T11:45:00.000,445.96,446.01,445.61,445.65,525241,4530,446.57
2023-09-06T11:50:00.000,445.65,445.88,445.59,445.66,713715,4837,446.55
2023-09-06T11:55:00.000,445.645,445.87,445.42,445.55,633766,6165,446.53
2023-09-06T12:00:00.000,445.55,445.665,445.45,445.62,636890,3832,446.52
2023-09-06T12:05:00.000,445.61,445.745,445.25,445.28,456061,4133,446.5
2023-09-06T12:10:00.000,445.2701,445.53,445.2637,445.45,1014539,4122,446.48
2023-09-06T12:15:00.000,445.4447,445.57,445.235,445.2601,420034,3977,446.47
2023-09-06T12:20:00.000,445.27,445.4499,445.2,445.4,609158,5320,446.44
2023-09-06T12:25:00.000,445.4,445.4425,444.84,444.92,701462,7122,446.41
2023-09-06T12:30:00.000,444.93,445.0,444.7,444.9999,729921,6872,446.37
2023-09-06T12:35:00.000,444.99,445.0,444.7599,444.86,453041,4542,446.35
2023-09-06T12:40:00.000,444.86,444.89,444.33,444.3905,738423,6814,446.31
2023-09-06T12:45:00.000,444.4,444.54,444.26,444.36,717348,6098,446.26
2023-09-06T12:50:00.000,444.36,444.51,444.1702,444.21,784695,6253,446.22
2023-09-06T12:55:00.000,444.21,444.27,444.01,444.25,789749,6405,446.17
2023-09-06T13:00:00.000,444.25,444.26,443.81,444.07,657201,6312,446.13
2023-09-06T13:05:00.000,444.06,444.4383,443.96,444.3701,687212,5576,446.09
2023-09-06T13:10:00.000,444.38,444.7788,444.37,444.77,670990,5956,446.06
2023-09-06T13:15:00.000,444.77,445.13,444.6695,445.1202,859378,6838,446.03
2023-09-06T13:20:00.000,445.13,445.19,444.88,444.96,594175,4662,446.02
2023-09-06T13:25:00.000,444.96,445.1,444.78,444.8599,489550,4455,446.0
2023-09-06T13:30:00.000,444.85,445.05,444.8129,444.985,377103,3999,445.99
2023-09-06T13:35:00.000,444.98,445.21,444.9,445.1601,382737,3549,445.98
2023-09-06T13:40:00.000,445.16,445.25,444.86,445.16,581432,4976,445.97
2023-09-06T13:45:00.000,445.15,445.45,445.0401,445.44,518316,4028,445.96
2023-09-06T13:50:00.000,445.44,445.48,445.11,445.26,571428,4816,445.95
2023-09-06T13:55:00.000,445.26,445.57,445.18,445.31,674464,5753,445.94
2023-09-06T14:00:00.000,445.31,445.57,445.16,445.3,652046,5954,445.93
2023-09-06T14:05:00.000,445.29,445.61,445.18,445.54,678581,3967,445.92
2023-09-06T14:10:00.000,445.5492,445.58,445.305,445.5,416666,3978,445.92
2023-09-06T14:15:00.000,445.49,445.55,445.2,445.475,478088,4438,445.91
2023-09-06T14:20:00.000,445.4695,445.47,445.315,445.39,408828,4038,445.91
2023-09-06T14:25:00.000,445.385,445.82,445.375,445.7113,497473,4757,445.9
2023-09-06T14:30:00.000,445.71,446.145,445.7,445.89,902386,6785,445.91
2023-09-06T14:35:00.000,445.8901,446.06,445.84,446.005,558446,4575,445.91
2023-09-06T14:40:00.000,446.0096,446.1,445.8701,446.08,515292,4668,445.91
2023-09-06T14:45:00.000,446.09,446.13,445.96,446.05,433173,3804,445.91
2023-09-06T14:50:00.000,446.06,446.18,446.03,446.13,612312,4411,445.91
2023-09-06T14:55:00.000,446.13,446.1658,445.84,445.945,773494,6202,445.91
2023-09-06T15:00:00.000,445.935,446.02,445.495,445.5393,601340,5645,445.91
2023-09-06T15:05:00.000,445.535,445.55,445.33,445.4,558103,5192,445.9
2023-09-06T15:10:00.000,445.4,445.83,445.33,445.805,711086,6055,445.9
2023-09-06T15:15:00.000,445.81,446.105,445.8,446.055,693140,5888,445.9
2023-09-06T15:20:00.000,446.06,446.2,445.935,446.12,897735,5385,445.9
2023-09-06T15:25:00.000,446.12,446.185,445.73,445.825,742317,6238,445.9
2023-09-06T15:30:00.000,445.835,446.08,445.77,446.05,688410,6053,445.9
2023-09-06T15:35:00.000,446.05,446.1799,445.965,446.1,597898,5804,445.91
2023-09-06T15:40:00.000,446.085,446.18,445.97,446.12,943633,6320,445.91
2023-09-06T15:45:00.000,446.1,446.19,445.84,446.05,1167238,8265,445.91
2023-09-06T15:50:00.000,446.05,446.23,445.71,445.9133,2009005,15841,445.91
2023-09-06T15:55:00.000,445.92,446.4,445.86,446.19,3853578,24038,445.93
2023-09-06T16:00:00.000,446.19,446.19,446.18,446.18,807,2,445.93
2023-09-07T09:30:00.000,443.11,443.6,442.805,443.57,2085527,17286,443.16
2023-09-07T09:35:00.000,443.57,443.96,443.44,443.94,1257979,10208,443.37
2023-09-07T09:40:00.000,443.92,444.4,443.662,444.15,1041417,8760,443.54
2023-09-07T09:45:00.000,444.16,444.19,443.74,443.76,989800,9211,443.61
2023-09-07T09:50:00.000,443.77,444.095,443.22,443.2595,738792,8218,443.61
2023-09-07T09:55:00.000,443.27,443.49,443.11,443.425,1078664,10048,443.56
2023-09-07T10:00:00.000,443.43,443.57,442.86,443.005,944688,9576,443.52
2023-09-07T10:05:00.000,443.01,443.3385,442.87,443.31,576464,6736,443.49
2023-09-07T10:10:00.000,443.32,443.85,443.25,443.4201,900963,9580,443.5
2023-09-07T10:15:00.000,443.42,443.58,443.13,443.2702,573670,6732,443.49
2023-09-07T10:20:00.000,443.28,443.66,443.12,443.1901,739943,7394,443.48
2023-09-07T10:25:00.000,443.19,443.45,443.1,443.195,638581,6661,443.47
2023-09-07T10:30:00.000,443.19,443.3,442.75,442.829,732005,7724,443.44
2023-09-07T10:35:00.000,442.82,443.94,442.8,443.8901,1034805,9447,443.44
2023-09-07T10:40:00.000,443.88,444.625,443.81,444.47,1384163,11712,443.52
2023-09-07T10:45:00.000,444.465,444.66,444.245,444.25,752124,6569,443.57
2023-09-07T10:50:00.000,444.25,444.36,443.95,444.009,534529,5269,443.58
2023-09-07T10:55:00.000,444.01,444.25,443.9,444.0299,770961,6345,443.6
2023-09-07T11:00:00.000,444.05,444.52,444.0302,444.4886,591078,5776,443.63
2023-09-07T11:05:00.000,444.49,444.63,444.28,444.5,573806,5103,443.65
2023-09-07T11:10:00.000,444.495,444.69,444.28,444.3999,488772,4650,443.68
2023-09-07T11:15:00.000,444.4,444.72,444.26,444.43,626370,5048,443.7
2023-09-07T11:20:00.000,444.42,444.66,444.15,444.29,484697,4753,443.72
2023-09-07T11:25:00.000,444.27,444.43,444.19,444.23,466408,4133,443.73
2023-09-07T11:30:00.000,444.24,444.8874,444.11,444.785,881468,6605,443.76
2023-09-07T11:35:00.000,444.79,445.01,444.7488,444.78,621484,5476,443.79
2023-09-07T11:40:00.000,444.78,444.79,444.32,444.3901,664325,3861,443.81
2023-09-07T11:45:00.000,444.39,444.465,444.23,444.26,308033,3055,443.81
2023-09-07T11:50:00.000,444.25,444.31,443.925,443.97,406308,3853,443.82
2023-09-07T11:55:00.000,443.97,444.11,443.86,443.995,390495,3989,443.82
2023-09-07T12:00:00.000,443.99,444.46,443.905,444.39,703406,4227,443.83
2023-09-07T12:05:00.000,444.3699,444.85,444.36,444.6887,486263,4351,443.85
2023-09-07T12:10:00.000,444.689,444.841,444.56,444.71,301507,2832,443.86
2023-09-07T12:15:00.000,444.7,444.895,444.67,444.84,317163,2969,443.87
2023-09-07T12:20:00.000,444.84,444.99,444.51,444.975,460995,4334,443.89
2023-09-07T12:25:00.000,444.97,445.1801,444.92,445.045,689639,4042,443.91
2023-09-07T12:30:00.000,445.06,445.24,445.0,445.12,392968,3637,443.92
2023-09-07T12:35:00.000,445.12,445.185,444.88,444.95,305604,3277,443.94
2023-09-07T12:40:00.000,444.95,444.98,444.6903,444.78,267624,2750,443.95
2023-09-07T12:45:00.000,444.77,444.96,444.64,444.6987,334675,2887,443.96
2023-09-07T12:50:00.000,444.685,444.77,444.475,444.745,447980,4088,443.97
2023-09-07T12:55:00.000,444.745,444.88,444.415,444.4817,936280,4039,443.98
2023-09-07T13:00:00.000,444.49,444.86,444.42,444.749,398438,3884,443.99
2023-09-07T13:05:00.000,444.75,444.81,444.305,444.52,333587,3212,443.99
2023-09-07T13:10:00.000,444.52,444.6,444.38,444.491,257122,2723,444.0
2023-09-07T13:15:00.000,444.49,445.0404,444.35,444.99,961002,4400,444.01
2023-09-07T13:20:00.000,444.99,445.12,444.92,444.96,348065,3657,444.02
2023-09-07T13:25:00.000,444.97,445.1,444.8,445.085,574378,3191,444.03
2023-09-07T13:30:00.000,445.09,445.19,444.82,444.85,453297,4365,444.05
2023-09-07T13:35:00.000,444.83,444.9,444.71,444.795,713528,3215,444.05
2023-09-07T13:40:00.000,444.795,445.075,444.68,444.95,440760,3672,444.07
2023-09-07T13:45:00.000,444.95,445.12,444.85,444.89,381166,3553,444.08
2023-09-07T13:50:00.000,444.885,445.13,444.885,445.07,460611,2282,444.08
2023-09-07T13:55:00.000,445.08,445.22,444.945,445.07,510969,4774,444.1
2023-09-07T14:00:00.000,445.08,445.35,445.05,445.28,570281,5098,444.12
2023-09-07T14:05:00.000,445.29,445.3,444.95,445.02,590822,4912,444.14
2023-09-07T14:10:00.000,445.03,445.14,444.85,444.95,415638,4062,444.15
2023-09-07T14:15:00.000,444.95,445.05,444.86,444.87,1007662,4791,444.16
2023-09-07T14:20:00.000,444.865,444.92,444.73,444.78,410312,3681,444.17
2023-09-07T14:25:00.000,444.78,444.85,444.42,444.425,507767,4757,444.17
2023-09-07T14:30:00.000,444.425,444.64,444.14,444.2901,785983,7100,444.18
2023-09-07T14:35:00.000,444.3,444.35,444.1,444.1277,450661,4338,444.18
2023-09-07T14:40:00.000,444.13,444.54,444.1,444.49,771882,4958,444.18
2023-09-07T14:45:00.000,444.49,444.73,444.44,444.675,504121,4088,444.19
2023-09-07T14:50:00.000,444.68,444.91,444.58,444.88,712120,4002,444.19
2023-09-07T14:55:00.000,444.88,445.12,444.84,444.975,854508,5027,444.21
2023-09-07T15:00:00.000,444.98,445.11,444.81,444.89,859145,4964,444.22
2023-09-07T15:05:00.000,444.87,444.885,444.27,444.438,926698,5220,444.22
2023-09-07T15:10:00.000,444.44,444.855,444.44,444.8389,875371,5422,444.23
2023-09-07T15:15:00.000,444.83,445.04,444.7836,444.91,614986,5251,444.24
2023-09-07T15:20:00.000,444.9,444.99,444.77,444.785,657555,5773,444.25
2023-09-07T15:25:00.000,444.79,444.9996,444.64,444.935,627543,5278,444.26
2023-09-07T15:30:00.000,444.945,445.08,444.81,444.845,1259664,9329,444.28
2023-09-07T15:35:00.000,444.84,444.92,444.64,444.68,1040851,8905,444.29
2023-09-07T15:40:00.000,444.67,445.1975,444.64,445.185,1063495,8425,444.3
2023-09-07T15:45:00.000,445.18,445.28,445.02,445.2,1280389,10363,444.32
2023-09-07T15:50:00.000,445.2,445.55,444.78,444.9827,2936404,19716,444.37
2023-09-07T15:55:00.000,444.98,445.12,444.565,444.84,5264010,26438,444.43
2023-09-07T16:00:00.000,444.83,444.83,444.83,444.83,956,4,444.43
2023-09-08T09:30:00.000,444.9,445.89,444.8,445.81,1216566,10853,445.41
2023-09-08T09:35:00.000,445.82,446.03,445.655,445.76,1058736,8604,445.62
2023-09-08T09:40:00.000,445.75,446.1,445.595,445.94,858024,7675,445.69
2023-09-08T09:45:00.000,445.94,446.03,445.59,446.0,622671,6050,445.71
2023-09-08T09:50:00.000,446.01,446.1,445.79,445.84,548777,6087,445.75
2023-09-08T09:55:00.000,445.84,445.84,445.3807,445.8199,628512,7168,445.73
2023-09-08T10:00:00.000,445.84,446.42,445.75,446.335,864069,8278,445.78
2023-09-08T10:05:00.000,446.33,446.67,445.97,446.1,1135230,9642,445.89
2023-09-08T10:10:00.000,446.08,446.535,446.0293,446.42,640058,6301,445.93
2023-09-08T10:15:00.000,446.43,446.67,446.41,446.54,671435,6940,445.98
2023-09-08T10:20:00.000,446.54,446.9,446.48,446.8,707873,6997,446.04
2023-09-08T10:25:00.000,446.81,446.91,446.68,446.85,687684,6487,446.1
2023-09-08T10:30:00.000,446.86,447.11,446.44,446.595,1119501,9597,446.17
2023-09-08T10:35:00.000,446.59,446.775,446.445,446.62,586149,5359,446.19
2023-09-08T10:40:00.000,446.61,446.71,446.14,446.44,1156350,5834,446.2
2023-09-08T10:45:00.000,446.45,446.45,446.11,446.395,468028,4349,446.21
2023-09-08T10:50:00.000,446.395,446.685,446.14,446.39,536430,5566,446.22
2023-09-08T10:55:00.000,446.39,446.62,445.9,445.905,731808,6355,446.22
2023-09-08T11:00:00.000,445.91,446.4,445.77,446.23,661300,6120,446.22
2023-09-08T11:05:00.000,446.23,446.305,445.86,445.95,519751,4342,446.21
2023-09-08T11:10:00.000,445.94,446.57,445.8411,446.5101,473589,4218,446.22
2023-09-08T11:15:00.000,446.51,446.67,446.3699,446.53,1065254,4516,446.23
2023-09-08T11:20:00.000,446.54,446.64,446.44,446.54,356613,3534,446.23
2023-09-08T11:25:00.000,446.555,446.72,446.5,446.5708,338587,3252,446.24
2023-09-08T11:30:00.000,446.58,446.899,446.5188,446.7981,438537,4025,446.25
2023-09-08T11:35:00.000,446.78,446.855,446.69,446.795,871430,3102,446.26
2023-09-08T11:40:00.000,446.8,446.83,446.4299,446.535,564077,3739,446.27
2023-09-08T11:45:00.000,446.535,446.55,446.35,446.4,443910,4033,446.28
2023-09-08T11:50:00.000,446.39,446.46,446.23,446.455,319906,3421,446.28
2023-09-08T11:55:00.000,446.46,446.5,446.07,446.1799,402425,3763,446.28
2023-09-08T12:00:00.000,446.18,446.205,445.894,446.12,470784,4101,446.27
2023-09-08T12:05:00.000,446.1291,446.22,445.99,446.085,327826,3110,446.27
2023-09-08T12:10:00.000,446.08,446.4199,446.07,446.375,276754,2844,446.27
2023-09-08T12:15:00.000,446.38,446.7131,446.375,446.67,352586,3010,446.27
2023-09-08T12:20:00.000,446.675,446.78,446.43,446.64,601174,3934,446.28
2023-09-08T12:25:00.000,446.63,446.63,446.22,446.235,376909,3348,446.28
2023-09-08T12:30:00.000,446.23,446.24,445.805,446.11,655955,5357,446.28
2023-09-08T12:35:00.000,446.11,446.11,445.9096,446.01,320581,2827,446.27
2023-09-08T12:40:00.000,446.02,446.39,446.0,446.1284,382590,3539,446.27
2023-09-08T12:45:00.000,446.125,446.23,445.78,445.79,387060,3425,446.27
2023-09-08T12:50:00.000,445.79,445.91,445.58,445.82,494503,4407,446.25
2023-09-08T12:55:00.000,445.81,446.105,445.75,446.101,316388,3297,446.25
2023-09-08T13:00:00.000,446.11,446.11,445.65,445.8399,391112,3637,446.24
2023-09-08T13:05:00.000,445.84,445.88,445.61,445.7199,367974,3083,446.24
2023-09-08T13:10:00.000,445.73,445.822,445.52,445.805,465830,4220,446.22
2023-09-08T13:15:00.000,445.805,446.085,445.78,446.0632,538476,4610,446.22
2023-09-08T13:20:00.000,446.07,446.19,445.8657,445.8701,491160,4265,446.22
2023-09-08T13:25:00.000,445.88,445.88,445.61,445.7592,471253,3742,446.21
2023-09-08T13:30:00.000,445.76,445.93,445.6,445.7942,460366,4374,446.2
2023-09-08T13:35:00.000,445.78,445.91,445.585,445.86,525605,2432,446.2
2023-09-08T13:40:00.000,445.855,446.04,445.68,445.855,570237,2895,446.19
2023-09-08T13:45:00.000,445.8504,445.97,445.815,445.8981,207436,2101,446.19
2023-09-08T13:50:00.000,445.875,445.92,445.58,445.6199,288365,2605,446.18
2023-09-08T13:55:00.000,445.61,445.95,445.6,445.881,287058,2679,446.18
2023-09-08T14:00:00.000,445.88,446.22,445.88,446.2,277364,2778,446.18
2023-09-08T14:05:00.000,446.2,446.22,445.965,446.055,553975,2599,446.18
2023-09-08T14:10:00.000,446.0599,446.0599,445.1,445.2299,989318,7790,446.15
2023-09-08T14:15:00.000,445.21,445.2885,445.07,445.2199,619223,4518,446.13
2023-09-08T14:20:00.000,445.215,445.43,445.12,445.2732,529852,4501,446.12
2023-09-08T14:25:00.000,445.28,445.4099,445.1192,445.3301,443786,3700,446.1
2023-09-08T14:30:00.000,445.34,445.3603,445.06,445.145,466323,4098,446.09
2023-09-08T14:35:00.000,445.14,445.495,444.95,444.99,1248577,5478,446.07
2023-09-08T14:40:00.000,445.0,445.41,444.955,445.34,456387,3629,446.06
2023-09-08T14:45:00.000,445.34,445.38,445.05,445.12,295404,2879,446.05
2023-09-08T14:50:00.000,445.12,445.25,444.91,444.96,678288,3993,446.04
2023-09-08T14:55:00.000,444.955,445.0964,444.87,444.92,411401,3513,446.03
2023-09-08T15:00:00.000,444.905,444.929,444.6,444.79,1029144,5899,446.0
2023-09-08T15:05:00.000,444.8,445.04,444.745,444.8403,570176,4657,445.98
2023-09-08T15:10:00.000,444.85,445.005,444.74,444.94,690571,3930,445.97
2023-09-08T15:15:00.000,444.9362,444.94,444.72,444.77,373054,3608,445.96
2023-09-08T15:20:00.000,444.765,444.88,444.54,444.765,759401,5824,445.93
2023-09-08T15:25:00.000,444.77,444.86,444.53,444.675,564854,5151,445.91
2023-09-08T15:30:00.000,444.675,445.035,444.55,444.9501,839006,5337,445.89
2023-09-08T15:35:00.000,444.955,445.03,444.69,444.87,957962,5928,445.87
2023-09-08T15:40:00.000,444.85,445.07,444.78,445.04,745492,5380,445.86
2023-09-08T15:45:00.000,445.04,445.2,444.94,445.02,1076748,7038,445.84
2023-09-08T15:50:00.000,445.03,445.16,444.86,445.04,1345471,9349,445.81
2023-09-08T15:55:00.000,445.04,445.61,445.03,445.51,5204085,20420,445.77
2023-09-08T16:00:00.000,445.51,445.51,445.51,445.51,431,1,445.77
2023-09-09T09:30:00.000,0.0,0.0,0.0,0.0,0,0,0.0
2023-09-09T09:35:00.000,0.0,0.0,0.0,0.0,0,0,0.0
2023-09-09T09:40:00.000,0.0,0.0,0.0,0.0,0,0,0.0
2023-09-09T09:45:00.000,0.0,0.0,0.0,0.0,0,0,0.0
2023-09-09T09:50:00.000,0.0,0.0,0.0,0.0,0,0,0.0
2023-09-09T09:55:00.000,0.0,0.0,0.0,0.0,0,0,0.0
2023-09-09T10:00:00.000,0.0,0.0,0.0,0.0,0,0,0.0
2023-09-09T10:05:00.000,0.0,0.0,0.0,0.0,0,0,0.0
2023-09-09T10:10:00.000,0.0,0.0,0.0,0.0,0,0,0.0
2023-09-09T10:15:00.000,0.0,0.0,0.0,0.0,0,0,0.0
2023-09-09T10:20:00.000,0.0,0.0,0.0,0.0,0,0,0.0
2023-09-09T10:25:00.000,0.0,0.0,0.0,0.0,0,0,0.0
2023-09-09T10:30:00.000,0.0,0.0,0.0,0.0,0,0,0.0
2023-09-09T10:35:00.000,0.0,0.0,0.0,0.0,0,0,0.0
2023-09-09T10:40:00.000,0.0,0.0,0.0,0.0,0,0,0.0
2023-09-09T10:45:00.000,0.0,0.0,0.0,0.0,0,0,0.0
2023-09-09T10:50:00.000,0.0,0.0,0.0,0.0,0,0,0.0
2023-09-09T10:55:00.000,0.0,0.0,0.0,0.0,0,0,0.0
2023-09-09T11:00:00.000,0.0,0.0,0.0,0.0,0,0,0.0
2023-09-09T11:05:00.000,0.0,0.0,0.0,0.0,0,0,0.0
2023-09-09T11:10:00.000,0.0,0.0,0.0,0.0,0,0,0.0
2023-09-09T11:15:00.000,0.0,0.0,0.0,0.0,0,0,0.0
2023-09-09T11:20:00.000,0.0,0.0,0.0,0.0,0,0,0.0
2023-09-09T11:25:00.000,0.0,0.0,0.0,0.0,0,0,0.0
2023-09-09T11:30:00.000,0.0,0.0,0.0,0.0,0,0,0.0
2023-09-09T11:35:00.000,0.0,0.0,0.0,0.0,0,0,0.0
2023-09-09T11:40:00.000,0.0,0.0,0.0,0.0,0,0,0.0
2023-09-09T11:45:00.000,0.0,0.0,0.0,0.0,0,0,0.0
2023-09-09T11:50:00.000,0.0,0.0,0.0,0.0,0,0,0.0
2023-09-09T11:55:00.000,0.0,0.0,0.0,0.0,0,0,0.0
2023-09-09T12:00:00.000,0.0,0.0,0.0,0.0,0,0,0.0
2023-09-09T12:05:00.000,0.0,0.0,0.0,0.0,0,0,0.0
2023-09-09T12:10:00.000,0.0,0.0,0.0,0.0,0,0,0.0
2023-09-09T12:15:00.000,0.0,0.0,0.0,0.0,0,0,0.0
2023-09-09T12:20:00.000,0.0,0.0,0.0,0.0,0,0,0.0
2023-09-09T12:25:00.000,0.0,0.0,0.0,0.0,0,0,0.0
2023-09-09T12:30:00.000,0.0,0.0,0.0,0.0,0,0,0.0
2023-09-09T12:35:00.000,0.0,0.0,0.0,0.0,0,0,0.0
2023-09-09T12:40:00.000,0.0,0.0,0.0,0.0,0,0,0.0
2023-09-09T12:45:00.000,0.0,0.0,0.0,0.0,0,0,0.0
2023-09-09T12:50:00.000,0.0,0.0,0.0,0.0,0,0,0.0
2023-09-09T12:55:00.000,0.0,0.0,0.0,0.0,0,0,0.0
2023-09-09T13:00:00.000,0.0,0.0,0.0,0.0,0,0,0.0
2023-09-09T13:05:00.000,0.0,0.0,0.0,0.0,0,0,0.0
2023-09-09T13:10:00.000,0.0,0.0,0.0,0.0,0,0,0.0
2023-09-09T13:15:00.000,0.0,0.0,0.0,0.0,0,0,0.0
2023-09-09T13:20:00.000,0.0,0.0,0.0,0.0,0,0,0.0
2023-09-09T13:25:00.000,0.0,0.0,0.0,0.0,0,0,0.0
2023-09-09T13:30:00.000,0.0,0.0,0.0,0.0,0,0,0.0
2023-09-09T13:35:00.000,0.0,0.0,0.0,0.0,0,0,0.0
2023-09-09T13:40:00.000,0.0,0.0,0.0,0.0,0,0,0.0
2023-09-09T13:45:00.000,0.0,0.0,0.0,0.0,0,0,0.0
2023-09-09T13:50:00.000,0.0,0.0,0.0,0.0,0,0,0.0
2023-09-09T13:55:00.000,0.0,0.0,0.0,0.0,0,0,0.0
2023-09-09T14:00:00.000,0.0,0.0,0.0,0.0,0,0,0.0
2023-09-09T14:05:00.000,0.0,0.0,0.0,0.0,0,0,0.0
2023-09-09T14:10:00.000,0.0,0.0,0.0,0.0,0,0,0.0
2023-09-09T14:15:00.000,0.0,0.0,0.0,0.0,0,0,0.0
2023-09-09T14:20:00.000,0.0,0.0,0.0,0.0,0,0,0.0
2023-09-09T14:25:00.000,0.0,0.0,0.0,0.0,0,0,0.0
2023-09-09T14:30:00.000,0.0,0.0,0.0,0.0,0,0,0.0
2023-09-09T14:35:00.000,0.0,0.0,0.0,0.0,0,0,0.0
2023-09-09T14:40:00.000,0.0,0.0,0.0,0.0,0,0,0.0
2023-09-09T14:45:00.000,0.0,0.0,0.0,0.0,0,0,0.0
2023-09-09T14:50:00.000,0.0,0.0,0.0,0.0,0,0,0.0
2023-09-09T14:55:00.000,0.0,0.0,0.0,0.0,0,0,0.0
2023-09-09T15:00:00.000,0.0,0.0,0.0,0.0,0,0,0.0
2023-09-09T15:05:00.000,0.0,0.0,0.0,0.0,0,0,0.0
2023-09-09T15:10:00.000,0.0,0.0,0.0,0.0,0,0,0.0
2023-09-09T15:15:00.000,0.0,0.0,0.0,0.0,0,0,0.0
2023-09-09T15:20:00.000,0.0,0.0,0.0,0.0,0,0,0.0
2023-09-09T15:25:00.000,0.0,0.0,0.0,0.0,0,0,0.0
2023-09-09T15:30:00.000,0.0,0.0,0.0,0.0,0,0,0.0
2023-09-09T15:35:00.000,0.0,0.0,0.0,0.0,0,0,0.0
2023-09-09T15:40:00.000,0.0,0.0,0.0,0.0,0,0,0.0
2023-09-09T15:45:00.000,0.0,0.0,0.0,0.0,0,0,0.0
2023-09-09T15:50:00.000,0.0,0.0,0.0,0.0,0,0,0.0
2023-09-09T15:55:00.000,0.0,0.0,0.0,0.0,0,0,0.0
2023-09-09T16:00:00.000,0.0,0.0,0.0,0.0,0,0,0.0
2023-09-10T09:30:00.000,0.0,0.0,0.0,0.0,0,0,0.0
2023-09-10T09:35:00.000,0.0,0.0,0.0,0.0,0,0,0.0
2023-09-10T09:40:00.000,0.0,0.0,0.0,0.0,0,0,0.0
2023-09-10T09:45:00.000,0.0,0.0,0.0,0.0,0,0,0.0
2023-09-10T09:50:00.000,0.0,0.0,0.0,0.0,0,0,0.0
2023-09-10T09:55:00.000,0.0,0.0,0.0,0.0,0,0,0.0
2023-09-10T10:00:00.000,0.0,0.0,0.0,0.0,0,0,0.0
2023-09-10T10:05:00.000,0.0,0.0,0.0,0.0,0,0,0.0
2023-09-10T10:10:00.000,0.0,0.0,0.0,0.0,0,0,0.0
2023-09-10T10:15:00.000,0.0,0.0,0.0,0.0,0,0,0.0
2023-09-10T10:20:00.000,0.0,0.0,0.0,0.0,0,0,0.0
2023-09-10T10:25:00.000,0.0,0.0,0.0,0.0,0,0,0.0
2023-09-10T10:30:00.000,0.0,0.0,0.0,0.0,0,0,0.0
2023-09-10T10:35:00.000,0.0,0.0,0.0,0.0,0,0,0.0
2023-09-10T10:40:00.000,0.0,0.0,0.0,0.0,0,0,0.0
2023-09-10T10:45:00.000,0.0,0.0,0.0,0.0,0,0,0.0
2023-09-10T10:50:00.000,0.0,0.0,0.0,0.0,0,0,0.0
2023-09-10T10:55:00.000,0.0,0.0,0.0,0.0,0,0,0.0
2023-09-10T11:00:00.000,0.0,0.0,0.0,0.0,0,0,0.0
2023-09-10T11:05:00.000,0.0,0.0,0.0,0.0,0,0,0.0
2023-09-10T11:10:00.000,0.0,0.0,0.0,0.0,0,0,0.0
2023-09-10T11:15:00.000,0.0,0.0,0.0,0.0,0,0,0.0
2023-09-10T11:20:00.000,0.0,0.0,0.0,0.0,0,0,0.0
2023-09-10T11:25:00.000,0.0,0.0,0.0,0.0,0,0,0.0
2023-09-10T11:30:00.000,0.0,0.0,0.0,0.0,0,0,0.0
2023-09-10T11:35:00.000,0.0,0.0,0.0,0.0,0,0,0.0
2023-09-10T11:40:00.000,0.0,0.0,0.0,0.0,0,0,0.0
2023-09-10T11:45:00.000,0.0,0.0,0.0,0.0,0,0,0.0
2023-09-10T11:50:00.000,0.0,0.0,0.0,0.0,0,0,0.0
2023-09-10T11:55:00.000,0.0,0.0,0.0,0.0,0,0,0.0
2023-09-10T12:00:00.000,0.0,0.0,0.0,0.0,0,0,0.0
2023-09-10T12:05:00.000,0.0,0.0,0.0,0.0,0,0,0.0
2023-09-10T12:10:00.000,0.0,0.0,0.0,0.0,0,0,0.0
2023-09-10T12:15:00.000,0.0,0.0,0.0,0.0,0,0,0.0
2023-09-10T12:20:00.000,0.0,0.0,0.0,0.0,0,0,0.0
2023-09-10T12:25:00.000,0.0,0.0,0.0,0.0,0,0,0.0
2023-09-10T12:30:00.000,0.0,0.0,0.0,0.0,0,0,0.0
2023-09-10T12:35:00.000,0.0,0.0,0.0,0.0,0,0,0.0
2023-09-10T12:40:00.000,0.0,0.0,0.0,0.0,0,0,0.0
2023-09-10T12:45:00.000,0.0,0.0,0.0,0.0,0,0,0.0
2023-09-10T12:50:00.000,0.0,0.0,0.0,0.0,0,0,0.0
2023-09-10T12:55:00.000,0.0,0.0,0.0,0.0,0,0,0.0
2023-09-10T13:00:00.000,0.0,0.0,0.0,0.0,0,0,0.0
2023-09-10T13:05:00.000,0.0,0.0,0.0,0.0,0,0,0.0
2023-09-10T13:10:00.000,0.0,0.0,0.0,0.0,0,0,0.0
2023-09-10T13:15:00.000,0.0,0.0,0.0,0.0,0,0,0.0
2023-09-10T13:20:00.000,0.0,0.0,0.0,0.0,0,0,0.0
2023-09-10T13:25:00.000,0.0,0.0,0.0,0.0,0,0,0.0
2023-09-10T13:30:00.000,0.0,0.0,0.0,0.0,0,0,0.0
2023-09-10T13:35:00.000,0.0,0.0,0.0,0.0,0,0,0.0
2023-09-10T13:40:00.000,0.0,0.0,0.0,0.0,0,0,0.0
2023-09-10T13:45:00.000,0.0,0.0,0.0,0.0,0,0,0.0
2023-09-10T13:50:00.000,0.0,0.0,0.0,0.0,0,0,0.0
2023-09-10T13:55:00.000,0.0,0.0,0.0,0.0,0,0,0.0
2023-09-10T14:00:00.000,0.0,0.0,0.0,0.0,0,0,0.0
2023-09-10T14:05:00.000,0.0,0.0,0.0,0.0,0,0,0.0
2023-09-10T14:10:00.000,0.0,0.0,0.0,0.0,0,0,0.0
2023-09-10T14:15:00.000,0.0,0.0,0.0,0.0,0,0,0.0
2023-09-10T14:20:00.000,0.0,0.0,0.0,0.0,0,0,0.0
2023-09-10T14:25:00.000,0.0,0.0,0.0,0.0,0,0,0.0
2023-09-10T14:30:00.000,0.0,0.0,0.0,0.0,0,0,0.0
2023-09-10T14:35:00.000,0.0,0.0,0.0,0.0,0,0,0.0
2023-09-10T14:40:00.000,0.0,0.0,0.0,0.0,0,0,0.0
2023-09-10T14:45:00.000,0.0,0.0,0.0,0.0,0,0,0.0
2023-09-10T14:50:00.000,0.0,0.0,0.0,0.0,0,0,0.0
2023-09-10T14:55:00.000,0.0,0.0,0.0,0.0,0,0,0.0
2023-09-10T15:00:00.000,0.0,0.0,0.0,0.0,0,0,0.0
2023-09-10T15:05:00.000,0.0,0.0,0.0,0.0,0,0,0.0
2023-09-10T15:10:00.000,0.0,0.0,0.0,0.0,0,0,0.0
2023-09-10T15:15:00.000,0.0,0.0,0.0,0.0,0,0,0.0
2023-09-10T15:20:00.000,0.0,0.0,0.0,0.0,0,0,0.0
2023-09-10T15:25:00.000,0.0,0.0,0.0,0.0,0,0,0.0
2023-09-10T15:30:00.000,0.0,0.0,0.0,0.0,0,0,0.0
2023-09-10T15:35:00.000,0.0,0.0,0.0,0.0,0,0,0.0
2023-09-10T15:40:00.000,0.0,0.0,0.0,0.0,0,0,0.0
2023-09-10T15:45:00.000,0.0,0.0,0.0,0.0,0,0,0.0
2023-09-10T15:50:00.000,0.0,0.0,0.0,0.0,0,0,0.0
2023-09-10T15:55:00.000,0.0,0.0,0.0,0.0,0,0,0.0
2023-09-10T16:00:00.000,0.0,0.0,0.0,0.0,0,0,0.0
2023-09-11T09:30:00.000,448.24,448.77,448.12,448.539,1856728,14636,448.47
2023-09-11T09:35:00.000,448.55,448.77,447.81,447.83,1109851,9335,448.42
2023-09-11T09:40:00.000,447.83,447.939,447.56,447.65,878546,7685,448.27
2023-09-11T09:45:00.000,447.66,447.73,447.175,447.38,959805,8853,448.09
2023-09-11T09:50:00.000,447.38,447.47,447.04,447.42,1128382,9907,447.94
2023-09-11T09:55:00.000,447.4112,447.575,446.93,446.97,1399296,9651,447.83
2023-09-11T10:00:00.000,446.98,447.36,446.92,447.06,779458,7496,447.76
2023-09-11T10:05:00.000,447.045,447.14,446.92,447.14,628583,6239,447.71
2023-09-11T10:10:00.000,447.135,447.27,446.71,446.91,806606,7863,447.64
2023-09-11T10:15:00.000,446.9,447.22,446.81,447.205,778249,6143,447.59
2023-09-11T10:20:00.000,447.21,447.51,447.12,447.39,958777,7160,447.57
2023-09-11T10:25:00.000,447.39,447.86,447.38,447.8,1020602,8861,447.58
2023-09-11T10:30:00.000,447.8,447.83,447.12,447.155,789333,7537,447.57
2023-09-11T10:35:00.000,447.14,447.21,446.94,447.08,567178,5236,447.55
2023-09-11T10:40:00.000,447.08,447.45,446.9702,447.27,540627,5949,447.54
2023-09-11T10:45:00.000,447.28,447.47,447.25,447.41,389397,4453,447.53
2023-09-11T10:50:00.000,447.4188,447.6001,447.19,447.2,578997,5603,447.53
2023-09-11T10:55:00.000,447.2,447.34,446.74,446.9,723117,5362,447.51
2023-09-11T11:00:00.000,446.89,446.96,446.4699,446.7301,658867,5436,447.47
2023-09-11T11:05:00.000,446.7387,446.89,446.585,446.6201,478818,4307,447.45
2023-09-11T11:10:00.000,446.6,446.83,446.5,446.82,384535,3738,447.43
2023-09-11T11:15:00.000,446.82,446.96,446.669,446.941,399300,3747,447.42
2023-09-11T11:20:00.000,446.935,447.13,446.81,447.041,463573,4855,447.41
2023-09-11T11:25:00.000,447.05,447.49,447.03,447.2601,735178,6060,447.4
2023-09-11T11:30:00.000,447.26,447.27,447.03,447.08,423762,3781,447.4
2023-09-11T11:35:00.000,447.07,447.29,447.0,447.16,333053,3338,447.39
2023-09-11T11:40:00.000,447.17,447.28,446.72,446.85,532926,5053,447.38
2023-09-11T11:45:00.000,446.82,446.88,446.7395,446.82,346119,3275,447.37
2023-09-11T11:50:00.000,446.82,447.01,446.77,446.93,484194,4017,447.36
2023-09-11T11:55:00.000,446.94,447.02,446.79,446.8901,417267,3602,447.35
2023-09-11T12:00:00.000,446.9,447.145,446.8601,446.9701,338010,3172,447.34
2023-09-11T12:05:00.000,446.96,447.49,446.88,447.36,594941,5339,447.34
2023-09-11T12:10:00.000,447.355,447.55,447.34,447.45,578791,4519,447.34
2023-09-11T12:15:00.000,447.46,447.57,447.24,447.31,706866,4207,447.35
2023-09-11T12:20:00.000,447.3007,447.35,447.16,447.22,585924,3459,447.34
2023-09-11T12:25:00.000,447.22,447.78,447.22,447.71,699891,5133,447.35
2023-09-11T12:30:00.000,447.715,447.775,447.45,447.59,536320,4537,447.35
2023-09-11T12:35:00.000,447.6,447.615,447.38,447.46,311066,2858,447.36
2023-09-11T12:40:00.000,447.46,447.55,447.37,447.4991,317442,3029,447.36
2023-09-11T12:45:00.000,447.49,447.6403,447.44,447.62,346678,2731,447.36
2023-09-11T12:50:00.000,447.615,447.74,447.39,447.625,406380,3596,447.36
2023-09-11T12:55:00.000,447.6218,447.7499,447.55,447.72,326209,2759,447.37
2023-09-11T13:00:00.000,447.72,447.77,447.5,447.755,391412,3485,447.37
2023-09-11T13:05:00.000,447.76,447.87,447.585,447.81,453800,4032,447.38
2023-09-11T13:10:00.000,447.82,447.86,447.68,447.765,464291,3612,447.38
2023-09-11T13:15:00.000,447.76,447.969,447.7235,447.96,431718,3669,447.39
2023-09-11T13:20:00.000,447.96,448.1612,447.94,448.075,579717,4851,447.4
2023-09-11T13:25:00.000,448.0688,448.2,447.98,448.1604,640311,4645,447.42
2023-09-11T13:30:00.000,448.17,448.37,448.111,448.36,1304216,7191,447.44
2023-09-11T13:35:00.000,448.37,448.48,448.26,448.44,631619,4761,447.46
2023-09-11T13:40:00.000,448.45,448.46,448.19,448.218,523906,5229,447.47
2023-09-11T13:45:00.000,448.21,448.35,448.172,448.172,385571,3514,447.48
2023-09-11T13:50:00.000,448.1701,448.39,448.1601,448.33,336700,3390,447.49
2023-09-11T13:55:00.000,448.325,448.39,448.185,448.3799,637034,4114,447.5
2023-09-11T14:00:00.000,448.38,448.4,448.18,448.2,360903,3498,447.51
2023-09-11T14:05:00.000,448.215,448.23,448.0,448.16,683041,5872,447.52
2023-09-11T14:10:00.000,448.15,448.45,448.08,448.4018,418206,3664,447.53
2023-09-11T14:15:00.000,448.4,448.47,448.25,448.445,497927,4100,447.54
2023-09-11T14:20:00.000,448.445,448.49,448.28,448.375,437711,3669,447.55
2023-09-11T14:25:00.000,448.38,448.44,448.27,448.4299,308663,3072,447.56
2023-09-11T14:30:00.000,448.43,448.54,448.39,448.45,587135,4569,447.57
2023-09-11T14:35:00.000,448.45,448.535,448.37,448.48,330102,3569,447.58
2023-09-11T14:40:00.000,448.479,448.48,448.26,448.35,410275,4002,447.59
2023-09-11T14:45:00.000,448.35,448.53,448.25,448.49,701564,6416,447.6
2023-09-11T14:50:00.000,448.5,448.56,448.38,448.46,395984,3551,447.61
2023-09-11T14:55:00.000,448.45,448.51,448.31,448.4331,566558,2991,447.62
2023-09-11T15:00:00.000,448.44,448.48,448.32,448.46,242351,2699,447.62
2023-09-11T15:05:00.000,448.47,448.53,448.42,448.52,369435,3589,447.63
2023-09-11T15:10:00.000,448.51,448.54,448.25,448.33,494788,4545,447.64
2023-09-11T15:15:00.000,448.33,448.33,448.17,448.285,371126,3759,447.65
2023-09-11T15:20:00.000,448.285,448.66,448.27,448.6424,692104,5700,447.66
2023-09-11T15:25:00.000,448.649,448.7,448.48,448.59,1404791,7110,447.68
2023-09-11T15:30:00.000,448.59,448.64,448.44,448.585,637427,6165,447.69
2023-09-11T15:35:00.000,448.58,448.58,448.44,448.525,635501,6098,447.71
2023-09-11T15:40:00.000,448.52,448.59,448.41,448.47,614137,6400,447.72
2023-09-11T15:45:00.000,448.46,448.465,448.27,448.32,1022087,8736,447.73
2023-09-11T15:50:00.000,448.32,448.32,448.06,448.165,1276631,10721,447.74
2023-09-11T15:55:00.000,448.16,448.55,448.02,448.48,2690242,18442,447.77
2023-09-11T16:00:00.000,448.48,448.48,448.48,448.48,152,1,447.77
2023-09-12T09:30:00.000,446.95,447.5772,446.79,447.51,1276737,10449,447.08
2023-09-12T09:35:00.000,447.51,447.685,447.33,447.6,946056,8097,447.28
2023-09-12T09:40:00.000,447.61,447.82,447.3,447.52,878961,7531,447.38
2023-09-12T09:45:00.000,447.53,447.67,447.16,447.29,656735,6458,447.38
2023-09-12T09:50:00.000,447.31,447.52,447.135,447.45,3458152,6179,447.37
2023-09-12T09:55:00.000,447.46,447.7399,447.46,447.65,476271,5433,447.39
2023-09-12T10:00:00.000,447.66,447.67,447.39,447.45,652842,6995,447.41
2023-09-12T10:05:00.000,447.45,447.48,447.07,447.21,603049,5903,447.4
2023-09-12T10:10:00.000,447.201,447.56,447.08,447.5301,582403,6392,447.39
2023-09-12T10:15:00.000,447.53,447.58,447.215,447.52,1026228,5745,447.4
2023-09-12T10:20:00.000,447.51,447.51,446.95,446.99,601716,6130,447.38
2023-09-12T10:25:00.000,446.98,446.985,446.44,446.625,1295321,11261,447.27
2023-09-12T10:30:00.000,446.63,446.93,446.37,446.86,1063581,9330,447.2
2023-09-12T10:35:00.000,446.855,446.945,446.54,446.6601,564525,5358,447.18
2023-09-12T10:40:00.000,446.66,446.825,446.47,446.7701,673787,5411,447.15
2023-09-12T10:45:00.000,446.77,446.92,446.61,446.68,360796,3723,447.14
2023-09-12T10:50:00.000,446.69,446.69,446.32,446.33,485621,4742,447.12
2023-09-12T10:55:00.000,446.3299,446.57,446.22,446.24,530203,4848,447.09
2023-09-12T11:00:00.000,446.24,446.73,446.18,446.7201,718672,6466,447.05
2023-09-12T11:05:00.000,446.71,446.79,446.1,446.28,520947,5297,447.03
2023-09-12T11:10:00.000,446.275,446.43,446.095,446.36,502758,4667,447.01
2023-09-12T11:15:00.000,446.35,446.415,446.16,446.24,424820,4066,446.99
2023-09-12T11:20:00.000,446.24,446.56,446.23,446.42,472361,4080,446.97
2023-09-12T11:25:00.000,446.42,446.75,446.32,446.7317,642511,5653,446.95
2023-09-12T11:30:00.000,446.735,446.975,446.73,446.87,748502,5882,446.95
2023-09-12T11:35:00.000,446.87,447.01,446.8505,446.87,479288,4255,446.95
2023-09-12T11:40:00.000,446.87,447.025,446.82,446.8799,537575,4392,446.95
2023-09-12T11:45:00.000,446.87,447.08,446.84,447.01,464345,3761,446.95
2023-09-12T11:50:00.000,447.01,447.22,447.0094,447.1399,480974,4342,446.95
2023-09-12T11:55:00.000,447.1399,447.2,446.9999,447.06,440677,3859,446.95
2023-09-12T12:00:00.000,447.07,447.37,447.07,447.345,396323,3805,446.96
2023-09-12T12:05:00.000,447.35,447.37,447.125,447.345,418569,3811,446.97
2023-09-12T12:10:00.000,447.35,447.44,447.23,447.35,728082,4115,446.98
2023-09-12T12:15:00.000,447.355,447.515,447.32,447.415,379687,3943,446.98
2023-09-12T12:20:00.000,447.41,447.4671,447.23,447.4396,458184,3994,446.99
2023-09-12T12:25:00.000,447.43,447.44,447.1808,447.25,408235,3864,447.0
2023-09-12T12:30:00.000,447.26,447.27,447.0,447.0288,464311,3809,447.0
2023-09-12T12:35:00.000,447.0201,447.18,446.96,447.11,233074,2843,447.0
2023-09-12T12:40:00.000,447.11,447.4392,447.0801,447.405,274698,2897,447.0
2023-09-12T12:45:00.000,447.42,447.51,447.325,447.5075,227717,2630,447.01
2023-09-12T12:50:00.000,447.505,447.54,447.225,447.3,265070,2792,447.01
2023-09-12T12:55:00.000,447.29,447.2959,447.14,447.26,285760,3141,447.01
2023-09-12T13:00:00.000,447.27,447.52,447.12,447.47,296609,2882,447.02
2023-09-12T13:05:00.000,447.47,447.56,447.285,447.31,373461,3410,447.03
2023-09-12T13:10:00.000,447.3,447.54,447.28,447.42,275377,2702,447.03
2023-09-12T13:15:00.000,447.415,447.67,447.415,447.6699,340143,3156,447.04
2023-09-12T13:20:00.000,447.66,448.53,447.66,448.4001,1391060,10232,447.1
2023-09-12T13:25:00.000,448.395,448.435,448.18,448.21,697078,5174,447.13
2023-09-12T13:30:00.000,448.21,448.445,448.21,448.33,529422,4960,447.15
2023-09-12T13:35:00.000,448.33,448.425,448.04,448.13,503774,4252,447.17
2023-09-12T13:40:00.000,448.13,448.195,447.4824,447.55,787197,6213,447.19
2023-09-12T13:45:00.000,447.54,447.62,447.12,447.37,841834,6520,447.19
2023-09-12T13:50:00.000,447.38,447.535,447.06,447.15,640345,5910,447.2
2023-09-12T13:55:00.000,447.14,447.22,446.89,447.0329,586472,5064,447.19
2023-09-12T14:00:00.000,447.03,447.03,446.78,446.8601,788379,5110,447.19
2023-09-12T14:05:00.000,446.88,446.99,446.82,446.87,963723,3411,447.18
2023-09-12T14:10:00.000,446.845,447.11,446.84,446.9,337374,3335,447.18
2023-09-12T14:15:00.000,446.89,447.09,446.63,446.87,588001,4892,447.18
2023-09-12T14:20:00.000,446.89,446.9,446.57,446.7599,578636,4863,447.17
2023-09-12T14:25:00.000,446.75,446.99,446.73,446.8701,364976,3525,447.17
2023-09-12T14:30:00.000,446.86,446.98,446.6,446.855,516397,4346,447.16
2023-09-12T14:35:00.000,446.84,446.9,446.7072,446.82,656502,3318,447.16
2023-09-12T14:40:00.000,446.815,446.845,446.54,446.615,432605,4337,447.15
2023-09-12T14:45:00.000,446.615,446.785,446.43,446.48,438218,4227,447.14
2023-09-12T14:50:00.000,446.48,446.485,446.0001,446.015,927765,7502,447.12
2023-09-12T14:55:00.000,446.015,446.27,445.94,446.07,1026808,6728,447.1
2023-09-12T15:00:00.000,446.07,446.08,445.775,445.81,691385,6048,447.07
2023-09-12T15:05:00.000,445.82,445.96,445.755,445.83,909371,5639,447.05
2023-09-12T15:10:00.000,445.84,445.99,445.81,445.8273,587228,4691,447.03
2023-09-12T15:15:00.000,445.82,445.835,445.57,445.61,1206375,6012,447.01
2023-09-12T15:20:00.000,445.6179,445.751,445.39,445.42,958968,6007,446.98
2023-09-12T15:25:00.000,445.415,445.65,445.4,445.63,818135,6182,446.96
2023-09-12T15:30:00.000,445.63,445.82,445.62,445.75,1048336,7652,446.93
2023-09-12T15:35:00.000,445.73,445.905,445.625,445.74,728822,6759,446.91
2023-09-12T15:40:00.000,445.75,446.01,445.75,445.95,1140780,9110,446.88
2023-09-12T15:45:00.000,445.96,446.1,445.73,445.88,1555086,11469,446.84
2023-09-12T15:50:00.000,445.885,446.21,445.86,446.2,1918480,12627,446.82
2023-09-12T15:55:00.000,446.2,446.2,445.8,445.97,5069859,24044,446.74
2023-09-12T16:00:00.000,445.96,445.96,445.96,445.96,700,4,446.74
2023-09-13T09:30:00.000,446.22,447.26,445.99,446.86,1813883,15556,446.7
2023-09-13T09:35:00.000,446.855,447.14,446.705,446.85,702319,6797,446.76
2023-09-13T09:40:00.000,446.85,447.0601,446.41,446.84,716820,6714,446.76
2023-09-13T09:45:00.000,446.85,446.985,446.52,446.85,632981,6391,446.76
2023-09-13T09:50:00.000,446.88,446.98,446.22,446.42,756148,7528,446.72
2023-09-13T09:55:00.000,446.42,447.01,446.135,446.94,716416,7353,446.7
2023-09-13T10:00:00.000,446.945,446.99,446.1,446.11,725369,8043,446.69
2023-09-13T10:05:00.000,446.11,446.12,445.6,445.77,1023483,10200,446.56
2023-09-13T10:10:00.000,445.77,445.99,445.45,445.485,904039,7466,446.46
2023-09-13T10:15:00.000,445.4873,445.49,445.0793,445.24,868917,7981,446.34
2023-09-13T10:20:00.000,445.24,445.82,445.2,445.78,694298,6063,446.28
2023-09-13T10:25:00.000,445.78,446.25,445.735,446.11,758222,6716,446.26
2023-09-13T10:30:00.000,446.115,446.52,446.06,446.37,597882,5557,446.27
2023-09-13T10:35:00.000,446.37,446.86,446.27,446.855,678167,6127,446.29
2023-09-13T10:40:00.000,446.87,447.08,446.7,446.8,851319,7488,446.33
2023-09-13T10:45:00.000,446.81,446.87,446.2299,446.72,582879,4962,446.35
2023-09-13T10:50:00.000,446.72,447.13,446.67,447.01,566961,5217,446.37
2023-09-13T10:55:00.000,447.01,447.23,446.93,447.0577,734308,6426,446.41
2023-09-13T11:00:00.000,447.07,447.36,446.8901,447.31,826829,7201,446.44
2023-09-13T11:05:00.000,447.31,447.44,447.1499,447.25,655758,5756,446.48
2023-09-13T11:10:00.000,447.26,447.465,447.22,447.29,509550,4819,446.51
2023-09-13T11:15:00.000,447.28,447.38,446.9865,447.015,576780,4859,446.53
2023-09-13T11:20:00.000,447.01,447.39,446.85,447.381,641474,5099,446.55
2023-09-13T11:25:00.000,447.39,447.58,447.3,447.475,597763,5225,446.58
2023-09-13T11:30:00.000,447.48,447.6,447.335,447.38,624222,5014,446.61
2023-09-13T11:35:00.000,447.38,447.45,447.16,447.27,889544,3326,446.63
2023-09-13T11:40:00.000,447.27,447.4,447.03,447.33,353314,3240,446.64
2023-09-13T11:45:00.000,447.32,447.56,447.27,447.275,871232,3622,446.65
2023-09-13T11:50:00.000,447.27,447.29,446.525,446.87,851771,5616,446.66
2023-09-13T11:55:00.000,446.88,447.3,446.715,447.2417,733242,4499,446.66
2023-09-13T12:00:00.000,447.25,447.31,446.94,447.165,357273,3400,446.67
2023-09-13T12:05:00.000,447.16,447.33,447.08,447.18,316951,3358,446.68
2023-09-13T12:10:00.000,447.19,447.21,446.8,446.8387,295501,3079,446.68
2023-09-13T12:15:00.000,446.83,447.3,446.72,447.21,423077,4411,446.69
2023-09-13T12:20:00.000,447.22,447.4375,447.205,447.28,353087,3353,446.7
2023-09-13T12:25:00.000,447.27,447.48,447.26,447.37,304027,3215,446.71
2023-09-13T12:30:00.000,447.375,447.53,447.0501,447.38,426036,4071,446.72
2023-09-13T12:35:00.000,447.375,447.42,446.955,446.98,351039,3105,446.72
2023-09-13T12:40:00.000,446.98,447.09,446.78,446.94,566108,5084,446.73
2023-09-13T12:45:00.000,446.925,447.22,446.8129,447.1,389490,3018,446.73
2023-09-13T12:50:00.000,447.12,447.305,446.985,447.28,236697,2645,446.73
2023-09-13T12:55:00.000,447.28,447.55,447.22,447.27,435871,4401,446.75
2023-09-13T13:00:00.000,447.27,447.5,447.1235,447.15,384045,3707,446.75
2023-09-13T13:05:00.000,447.145,447.33,447.1399,447.225,218807,2403,446.76
2023-09-13T13:10:00.000,447.23,447.45,447.17,447.28,514538,2275,446.76
2023-09-13T13:15:00.000,447.275,447.57,447.271,447.355,398151,3274,446.77
2023-09-13T13:20:00.000,447.355,447.56,447.26,447.51,264820,2580,446.78
2023-09-13T13:25:00.000,447.528,447.57,447.26,447.2726,232759,2418,446.78
2023-09-13T13:30:00.000,447.28,447.585,447.13,447.54,383488,3814,446.79
2023-09-13T13:35:00.000,447.54,447.62,447.32,447.49,287145,2918,446.8
2023-09-13T13:40:00.000,447.4901,447.6274,447.46,447.595,359953,3736,446.81
2023-09-13T13:45:00.000,447.6,447.71,447.4101,447.4492,519631,4529,446.82
2023-09-13T13:50:00.000,447.42,447.53,447.365,447.43,206265,2545,446.83
2023-09-13T13:55:00.000,447.43,447.47,447.3,447.375,272720,2946,446.83
2023-09-13T14:00:00.000,447.38,447.51,447.14,447.15,327310,3431,446.84
2023-09-13T14:05:00.000,447.15,447.17,446.93,447.12,825710,5241,446.84
2023-09-13T14:10:00.000,447.12,447.32,447.11,447.158,606560,3674,446.85
2023-09-13T14:15:00.000,447.17,447.18,446.85,446.98,364634,3733,446.85
2023-09-13T14:20:00.000,446.98,447.06,446.79,447.04,418454,3711,446.85
2023-09-13T14:25:00.000,447.05,447.15,446.97,447.1113,292482,2753,446.85
2023-09-13T14:30:00.000,447.12,447.145,446.755,446.86,424145,3951,446.85
2023-09-13T14:35:00.000,446.86,447.115,446.8024,447.02,337258,3174,446.85
2023-09-13T14:40:00.000,447.02,447.155,446.815,446.815,390812,3833,446.85
2023-09-13T14:45:00.000,446.82,446.97,446.545,446.58,572094,4712,446.85
2023-09-13T14:50:00.000,446.585,446.63,445.78,445.84,1538512,9388,446.83
2023-09-13T14:55:00.000,445.83,446.39,445.51,446.2,1870830,12911,446.78
2023-09-13T15:00:00.000,446.21,446.285,445.6405,445.66,757211,6341,446.77
2023-09-13T15:05:00.000,445.65,445.799,445.43,445.54,933817,8220,446.74
2023-09-13T15:10:00.000,445.535,445.72,445.33,445.38,987649,8231,446.71
2023-09-13T15:15:00.000,445.39,445.82,445.32,445.7726,962950,8122,446.68
2023-09-13T15:20:00.000,445.79,445.845,445.57,445.82,671287,5498,446.66
2023-09-13T15:25:00.000,445.82,446.0,445.75,445.975,614694,5504,446.65
2023-09-13T15:30:00.000,445.98,446.33,445.975,446.245,1412625,8464,446.64
2023-09-13T15:35:00.000,446.24,446.37,446.08,446.22,850925,7620,446.63
2023-09-13T15:40:00.000,446.215,446.49,446.215,446.27,1057490,8844,446.63
2023-09-13T15:45:00.000,446.27,446.435,446.14,446.28,1109739,8612,446.62
2023-09-13T15:50:00.000,446.28,446.455,446.09,446.45,1237855,9840,446.61
2023-09-13T15:55:00.000,446.455,446.78,446.3,446.51,3617042,20315,446.61
2023-09-13T16:00:00.000,446.5,446.51,446.5,446.51,3614,7,446.61
2023-09-14T09:30:00.000,449.07,449.31,448.42,448.645,1970546,17012,448.83
2023-09-14T09:35:00.000,448.65,448.96,448.48,448.77,968499,8481,448.81
2023-09-14T09:40:00.000,448.77,448.93,448.345,448.65,919930,7896,448.77
2023-09-14T09:45:00.000,448.645,448.88,448.41,448.57,1036832,8499,448.75
2023-09-14T09:50:00.000,448.56,448.675,448.2,448.37,1218127,11378,448.68
2023-09-14T09:55:00.000,448.37,448.92,448.0696,448.915,1021796,10152,448.63
2023-09-14T10:00:00.000,448.93,449.1,448.17,448.21,1072385,9470,448.63
2023-09-14T10:05:00.000,448.21,448.48,448.12,448.17,749425,6676,448.6
2023-09-14T10:10:00.000,448.19,448.36,447.81,448.14,936932,8928,448.55
2023-09-14T10:15:00.000,448.13,448.28,447.75,447.88,713006,7395,448.51
2023-09-14T10:20:00.000,447.87,448.445,447.715,448.39,782339,7372,448.49
2023-09-14T10:25:00.000,448.41,448.53,448.18,448.52,641945,5791,448.48
2023-09-14T10:30:00.000,448.53,448.84,448.485,448.765,979130,9701,448.5
2023-09-14T10:35:00.000,448.77,448.935,448.6382,448.73,1043395,6518,448.51
2023-09-14T10:40:00.000,448.735,449.19,448.735,449.18,1153040,8675,448.55
2023-09-14T10:45:00.000,449.18,449.505,449.17,449.4,1436546,10096,448.61
2023-09-14T10:50:00.000,449.41,449.6,449.36,449.43,1497389,7991,448.66
2023-09-14T10:55:00.000,449.44,449.6,449.44,449.488,682597,5662,448.69
2023-09-14T11:00:00.000,449.48,449.77,449.48,449.695,878521,7330,448.74
2023-09-14T11:05:00.000,449.69,449.86,449.56,449.8,735452,6677,448.78
2023-09-14T11:10:00.000,449.8,450.03,449.7407,449.805,1055392,8698,448.83
2023-09-14T11:15:00.000,449.81,449.84,449.61,449.755,1252148,5727,448.87
2023-09-14T11:20:00.000,449.74,449.79,449.56,449.671,500311,4663,448.88
2023-09-14T11:25:00.000,449.67,449.675,449.46,449.495,443564,3715,448.9
2023-09-14T11:30:00.000,449.5,449.6899,449.39,449.425,1489642,4387,448.91
2023-09-14T11:35:00.000,449.41,449.54,449.3,449.31,1077878,4715,448.92
2023-09-14T11:40:00.000,449.315,449.37,449.03,449.35,998196,8187,448.93
2023-09-14T11:45:00.000,449.3405,449.575,449.293,449.55,564717,5374,448.95
2023-09-14T11:50:00.000,449.55,449.85,449.54,449.83,768488,4946,448.96
2023-09-14T11:55:00.000,449.83,449.93,449.78,449.895,639959,5410,448.99
2023-09-14T12:00:00.000,449.895,449.98,449.77,449.82,763602,4435,449.0
2023-09-14T12:05:00.000,449.81,449.91,449.76,449.78,354823,3268,449.01
2023-09-14T12:10:00.000,449.78,450.06,449.74,450.04,960470,5641,449.04
2023-09-14T12:15:00.000,450.04,450.49,450.04,450.28,922965,7527,449.08
2023-09-14T12:20:00.000,450.28,450.33,450.05,450.08,481892,4018,449.09
2023-09-14T12:25:00.000,450.088,450.2,449.95,450.075,411975,3927,449.11
2023-09-14T12:30:00.000,450.07,450.36,450.0534,450.22,483838,3998,449.12
2023-09-14T12:35:00.000,450.225,450.225,449.97,450.14,467237,4287,449.14
2023-09-14T12:40:00.000,450.12,450.305,450.115,450.29,363631,3382,449.15
2023-09-14T12:45:00.000,450.295,450.43,450.19,450.42,625766,3407,449.17
2023-09-14T12:50:00.000,450.43,450.64,450.38,450.63,727909,5780,449.2
2023-09-14T12:55:00.000,450.63,450.68,450.57,450.63,487401,3950,449.22
2023-09-14T13:00:00.000,450.63,450.63,450.42,450.505,389339,3952,449.23
2023-09-14T13:05:00.000,450.5035,450.51,450.32,450.355,380774,3635,449.25
2023-09-14T13:10:00.000,450.36,450.56,450.34,450.465,554590,3196,449.26
2023-09-14T13:15:00.000,450.47,450.47,450.31,450.44,1068419,3451,449.27
2023-09-14T13:20:00.000,450.435,450.585,450.31,450.32,362445,3859,449.28
2023-09-14T13:25:00.000,450.31,450.43,450.23,450.36,441071,3924,449.29
2023-09-14T13:30:00.000,450.37,450.6,450.37,450.585,605990,3730,449.31
2023-09-14T13:35:00.000,450.589,450.66,450.4517,450.61,1118455,4703,449.33
2023-09-14T13:40:00.000,450.615,450.615,450.37,450.545,517714,4854,449.34
2023-09-14T13:45:00.000,450.54,450.54,450.24,450.27,596767,3579,449.35
2023-09-14T13:50:00.000,450.27,450.43,450.1893,450.321,413373,3783,449.36
2023-09-14T13:55:00.000,450.32,450.34,450.14,450.15,344043,3355,449.37
2023-09-14T14:00:00.000,450.15,450.3,450.0796,450.125,597365,4208,449.38
2023-09-14T14:05:00.000,450.125,450.34,450.06,450.1409,383269,3593,449.39
2023-09-14T14:10:00.000,450.14,450.245,450.07,450.12,697606,3900,449.4
2023-09-14T14:15:00.000,450.12,450.21,450.02,450.05,489089,4170,449.41
2023-09-14T14:20:00.000,450.04,450.37,450.01,450.01,1092385,4625,449.42
2023-09-14T14:25:00.000,450.01,450.205,449.98,450.03,393889,3785,449.42
2023-09-14T14:30:00.000,450.03,450.24,449.925,450.22,629551,5451,449.43
2023-09-14T14:35:00.000,450.22,450.4,450.2,450.3201,871233,3560,449.44
2023-09-14T14:40:00.000,450.33,450.59,450.25,450.545,1282645,4057,449.45
2023-09-14T14:45:00.000,450.55,450.609,450.425,450.595,658919,3705,449.46
2023-09-14T14:50:00.000,450.5975,450.5978,450.43,450.5574,293777,3069,449.47
2023-09-14T14:55:00.000,450.5599,450.62,450.45,450.575,338461,3212,449.48
2023-09-14T15:00:00.000,450.58,450.945,450.5723,450.93,868052,6462,449.5
2023-09-14T15:05:00.000,450.92,451.08,450.86,450.879,849593,6665,449.53
2023-09-14T15:10:00.000,450.87,450.98,450.82,450.87,511097,4836,449.55
2023-09-14T15:15:00.000,450.88,450.88,450.69,450.72,736492,5608,449.57
2023-09-14T15:20:00.000,450.72,450.77,450.52,450.5301,598400,5132,449.58
2023-09-14T15:25:00.000,450.53,450.53,450.28,450.32,1480208,5825,449.6
2023-09-14T15:30:00.000,450.31,450.34,450.1129,450.26,930149,7844,449.61
2023-09-14T15:35:00.000,450.26,450.49,450.225,450.3,1315193,6813,449.62
2023-09-14T15:40:00.000,450.305,450.54,450.285,450.5,1025612,7381,449.64
2023-09-14T15:45:00.000,450.5,450.54,450.29,450.44,1768463,9953,449.66
2023-09-14T15:50:00.000,450.44,450.65,450.25,450.28,2966891,18722,449.7
2023-09-14T15:55:00.000,450.29,450.58,450.14,450.39,7299943,30174,449.77
2023-09-14T16:00:00.000,450.395,450.395,450.39,450.39,1825,3,449.77
2023-09-15T09:30:00.000,447.14,447.48,446.8,447.0906,3008961,21992,447.11
2023-09-15T09:35:00.000,447.09,447.33,446.87,446.94,1571321,12125,447.1
2023-09-15T09:40:00.000,446.96,447.0,446.4088,446.569,1604852,11869,447.0
2023-09-15T09:45:00.000,446.57,446.67,446.185,446.46,1418628,11142,446.91
2023-09-15T09:50:00.000,446.46,446.58,446.215,446.56,1015356,10564,446.85
2023-09-15T09:55:00.000,446.56,446.66,446.0,446.3965,1226749,10973,446.77
2023-09-15T10:00:00.000,446.4,446.93,446.39,446.6,1557213,14198,446.75
2023-09-15T10:05:00.000,446.63,446.935,446.19,446.2879,1375851,10999,446.74
2023-09-15T10:10:00.000,446.285,446.46,445.85,445.93,1434824,11552,446.67
2023-09-15T10:15:00.000,445.94,446.17,445.57,446.095,2262713,10609,446.61
2023-09-15T10:20:00.000,446.095,446.42,445.975,446.105,1171145,10334,446.58
2023-09-15T10:25:00.000,446.09,446.22,445.785,445.98,914650,8424,446.55
2023-09-15T10:30:00.000,446.0,446.1763,445.67,446.06,1482862,10333,446.51
2023-09-15T10:35:00.000,446.07,446.2399,445.8699,446.05,811251,7483,446.49
2023-09-15T10:40:00.000,446.06,446.081,445.62,445.68,796760,7159,446.46
2023-09-15T10:45:00.000,445.685,445.93,445.42,445.71,1679732,7831,446.43
2023-09-15T10:50:00.000,445.7186,445.72,444.82,444.94,2035077,12333,446.34
2023-09-15T10:55:00.000,444.93,445.03,444.53,444.55,1330039,10635,446.25
2023-09-15T11:00:00.000,444.551,444.67,444.28,444.43,7219825,10254,446.16
2023-09-15T11:05:00.000,444.435,444.8,444.33,444.7199,1279905,9974,446.09
2023-09-15T11:10:00.000,444.73,444.91,444.52,444.52,1141991,7158,446.04
2023-09-15T11:15:00.000,444.52,444.72,444.46,444.59,712665,5940,446.01
2023-09-15T11:20:00.000,444.595,444.79,444.425,444.65,1071063,7226,445.96
2023-09-15T11:25:00.000,444.66,445.01,444.53,445.0,1107161,6782,445.93
2023-09-15T11:30:00.000,444.995,445.125,444.69,444.705,820962,7125,445.9
2023-09-15T11:35:00.000,444.705,444.965,444.6,444.7999,519310,4991,445.88
2023-09-15T11:40:00.000,444.79,445.23,444.75,445.12,847280,5439,445.87
2023-09-15T11:45:00.000,445.12,445.26,444.87,445.23,1049063,5000,445.85
2023-09-15T11:50:00.000,445.235,445.32,444.9734,445.02,556790,5173,445.84
2023-09-15T11:55:00.000,445.0298,445.18,444.7,445.095,660136,6082,445.82
2023-09-15T12:00:00.000,445.1,445.26,445.0,445.22,562864,5205,445.81
2023-09-15T12:05:00.000,445.23,445.28,445.1,445.16,588136,3250,445.8
2023-09-15T12:10:00.000,445.16,445.27,444.89,445.1285,554291,5189,445.79
2023-09-15T12:15:00.000,445.12,445.21,444.92,445.19,703104,4051,445.78
2023-09-15T12:20:00.000,445.19,445.26,444.99,445.175,725132,4373,445.77
2023-09-15T12:25:00.000,445.17,445.2,444.86,444.9391,389171,3763,445.77
2023-09-15T12:30:00.000,444.93,445.2,444.83,445.17,724963,4528,445.76
2023-09-15T12:35:00.000,445.16,445.33,444.98,445.3082,371082,3604,445.75
2023-09-15T12:40:00.000,445.3,445.38,445.14,445.2229,439998,4185,445.75
2023-09-15T12:45:00.000,445.225,445.3,445.02,445.2875,481716,4208,445.74
2023-09-15T12:50:00.000,445.29,445.38,445.22,445.22,883556,3696,445.73
2023-09-15T12:55:00.000,445.21,445.21,444.94,445.18,364939,3831,445.73
2023-09-15T13:00:00.000,445.18,445.19,444.595,444.5976,561725,5534,445.72
2023-09-15T13:05:00.000,444.595,444.595,444.3201,444.365,656688,6254,445.69
2023-09-15T13:10:00.000,444.365,444.42,443.9432,444.1188,897872,8188,445.66
2023-09-15T13:15:00.000,444.12,444.17,443.72,443.73,692599,6654,445.63
2023-09-15T13:20:00.000,443.725,443.78,443.34,443.45,1198579,8852,445.58
2023-09-15T13:25:00.000,443.46,443.56,443.331,443.445,938985,6217,445.55
2023-09-15T13:30:00.000,443.43,443.565,443.02,443.5,1252058,11683,445.48
2023-09-15T13:35:00.000,443.49,443.865,443.445,443.8602,847756,7058,445.45
2023-09-15T13:40:00.000,443.87,444.17,443.69,444.085,1222712,8173,445.42
2023-09-15T13:45:00.000,444.09,444.1795,443.87,444.01,769997,6012,445.39
2023-09-15T13:50:00.000,443.99,444.12,443.84,443.975,488073,4635,445.38
2023-09-15T13:55:00.000,443.96,444.02,443.82,443.97,730744,4310,445.36
2023-09-15T14:00:00.000,443.98,443.99,443.565,443.77,1047315,8860,445.33
2023-09-15T14:05:00.000,443.77,443.84,443.475,443.49,1206616,8107,445.29
2023-09-15T14:10:00.000,443.48,443.74,443.35,443.35,837842,7165,445.26
2023-09-15T14:15:00.000,443.355,443.5812,443.28,443.475,946357,5391,445.23
2023-09-15T14:20:00.000,443.46,443.56,443.29,443.31,734758,5942,445.21
2023-09-15T14:25:00.000,443.305,443.49,443.18,443.29,688349,5479,445.18
2023-09-15T14:30:00.000,443.28,443.515,443.2,443.47,979412,4978,445.16
2023-09-15T14:35:00.000,443.475,443.7799,443.43,443.695,929319,6880,445.13
2023-09-15T14:40:00.000,443.7,443.75,443.54,443.67,389100,4013,445.12
2023-09-15T14:45:00.000,443.66,443.85,443.58,443.84,507111,4713,445.11
2023-09-15T14:50:00.000,443.84,443.879,443.35,443.5,714226,6405,445.09
2023-09-15T14:55:00.000,443.505,443.91,443.48,443.87,482760,4519,445.08
2023-09-15T15:00:00.000,443.875,443.875,443.395,443.505,870831,5649,445.06
2023-09-15T15:05:00.000,443.5,443.56,443.27,443.4499,1257821,5913,445.04
2023-09-15T15:10:00.000,443.445,443.68,443.41,443.645,807552,6991,445.02
2023-09-15T15:15:00.000,443.645,443.9,443.61,443.825,1073811,7680,445.01
2023-09-15T15:20:00.000,443.83,443.84,443.5061,443.555,805377,7469,444.99
2023-09-15T15:25:00.000,443.555,443.8201,443.46,443.72,888223,8275,444.97
2023-09-15T15:30:00.000,443.72,443.99,443.51,443.562,1242658,10019,444.95
2023-09-15T15:35:00.000,443.57,443.67,443.09,443.22,1842043,12673,444.9
2023-09-15T15:40:00.000,443.215,443.385,443.11,443.15,2025751,11867,444.86
2023-09-15T15:45:00.000,443.14,443.46,443.01,443.2,2148816,16802,444.81
2023-09-15T15:50:00.000,443.21,443.52,442.92,443.26,3629293,23879,444.73
2023-09-15T15:55:00.000,443.26,443.48,443.05,443.29,8673114,39723,444.57
2023-09-15T16:00:00.000,443.29,443.29,443.29,443.29,963,2,444.57
2023-09-16T09:30:00.000,0.0,0.0,0.0,0.0,0,0,0.0
2023-09-16T09:35:00.000,0.0,0.0,0.0,0.0,0,0,0.0
2023-09-16T09:40:00.000,0.0,0.0,0.0,0.0,0,0,0.0
2023-09-16T09:45:00.000,0.0,0.0,0.0,0.0,0,0,0.0
2023-09-16T09:50:00.000,0.0,0.0,0.0,0.0,0,0,0.0
2023-09-16T09:55:00.000,0.0,0.0,0.0,0.0,0,0,0.0
2023-09-16T10:00:00.000,0.0,0.0,0.0,0.0,0,0,0.0
2023-09-16T10:05:00.000,0.0,0.0,0.0,0.0,0,0,0.0
2023-09-16T10:10:00.000,0.0,0.0,0.0,0.0,0,0,0.0
2023-09-16T10:15:00.000,0.0,0.0,0.0,0.0,0,0,0.0
2023-09-16T10:20:00.000,0.0,0.0,0.0,0.0,0,0,0.0
2023-09-16T10:25:00.000,0.0,0.0,0.0,0.0,0,0,0.0
2023-09-16T10:30:00.000,0.0,0.0,0.0,0.0,0,0,0.0
2023-09-16T10:35:00.000,0.0,0.0,0.0,0.0,0,0,0.0
2023-09-16T10:40:00.000,0.0,0.0,0.0,0.0,0,0,0.0
2023-09-16T10:45:00.000,0.0,0.0,0.0,0.0,0,0,0.0
2023-09-16T10:50:00.000,0.0,0.0,0.0,0.0,0,0,0.0
2023-09-16T10:55:00.000,0.0,0.0,0.0,0.0,0,0,0.0
2023-09-16T11:00:00.000,0.0,0.0,0.0,0.0,0,0,0.0
2023-09-16T11:05:00.000,0.0,0.0,0.0,0.0,0,0,0.0
2023-09-16T11:10:00.000,0.0,0.0,0.0,0.0,0,0,0.0
2023-09-16T11:15:00.000,0.0,0.0,0.0,0.0,0,0,0.0
2023-09-16T11:20:00.000,0.0,0.0,0.0,0.0,0,0,0.0
2023-09-16T11:25:00.000,0.0,0.0,0.0,0.0,0,0,0.0
2023-09-16T11:30:00.000,0.0,0.0,0.0,0.0,0,0,0.0
2023-09-16T11:35:00.000,0.0,0.0,0.0,0.0,0,0,0.0
2023-09-16T11:40:00.000,0.0,0.0,0.0,0.0,0,0,0.0
2023-09-16T11:45:00.000,0.0,0.0,0.0,0.0,0,0,0.0
2023-09-16T11:50:00.000,0.0,0.0,0.0,0.0,0,0,0.0
2023-09-16T11:55:00.000,0.0,0.0,0.0,0.0,0,0,0.0
2023-09-16T12:00:00.000,0.0,0.0,0.0,0.0,0,0,0.0
2023-09-16T12:05:00.000,0.0,0.0,0.0,0.0,0,0,0.0
2023-09-16T12:10:00.000,0.0,0.0,0.0,0.0,0,0,0.0
2023-09-16T12:15:00.000,0.0,0.0,0.0,0.0,0,0,0.0
2023-09-16T12:20:00.000,0.0,0.0,0.0,0.0,0,0,0.0
2023-09-16T12:25:00.000,0.0,0.0,0.0,0.0,0,0,0.0
2023-09-16T12:30:00.000,0.0,0.0,0.0,0.0,0,0,0.0
2023-09-16T12:35:00.000,0.0,0.0,0.0,0.0,0,0,0.0
2023-09-16T12:40:00.000,0.0,0.0,0.0,0.0,0,0,0.0
2023-09-16T12:45:00.000,0.0,0.0,0.0,0.0,0,0,0.0
2023-09-16T12:50:00.000,0.0,0.0,0.0,0.0,0,0,0.0
2023-09-16T12:55:00.000,0.0,0.0,0.0,0.0,0,0,0.0
2023-09-16T13:00:00.000,0.0,0.0,0.0,0.0,0,0,0.0
2023-09-16T13:05:00.000,0.0,0.0,0.0,0.0,0,0,0.0
2023-09-16T13:10:00.000,0.0,0.0,0.0,0.0,0,0,0.0
2023-09-16T13:15:00.000,0.0,0.0,0.0,0.0,0,0,0.0
2023-09-16T13:20:00.000,0.0,0.0,0.0,0.0,0,0,0.0
2023-09-16T13:25:00.000,0.0,0.0,0.0,0.0,0,0,0.0
2023-09-16T13:30:00.000,0.0,0.0,0.0,0.0,0,0,0.0
2023-09-16T13:35:00.000,0.0,0.0,0.0,0.0,0,0,0.0
2023-09-16T13:40:00.000,0.0,0.0,0.0,0.0,0,0,0.0
2023-09-16T13:45:00.000,0.0,0.0,0.0,0.0,0,0,0.0
2023-09-16T13:50:00.000,0.0,0.0,0.0,0.0,0,0,0.0
2023-09-16T13:55:00.000,0.0,0.0,0.0,0.0,0,0,0.0
2023-09-16T14:00:00.000,0.0,0.0,0.0,0.0,0,0,0.0
2023-09-16T14:05:00.000,0.0,0.0,0.0,0.0,0,0,0.0
2023-09-16T14:10:00.000,0.0,0.0,0.0,0.0,0,0,0.0
2023-09-16T14:15:00.000,0.0,0.0,0.0,0.0,0,0,0.0
2023-09-16T14:20:00.000,0.0,0.0,0.0,0.0,0,0,0.0
2023-09-16T14:25:00.000,0.0,0.0,0.0,0.0,0,0,0.0
2023-09-16T14:30:00.000,0.0,0.0,0.0,0.0,0,0,0.0
2023-09-16T14:35:00.000,0.0,0.0,0.0,0.0,0,0,0.0
2023-09-16T14:40:00.000,0.0,0.0,0.0,0.0,0,0,0.0
2023-09-16T14:45:00.000,0.0,0.0,0.0,0.0,0,0,0.0
2023-09-16T14:50:00.000,0.0,0.0,0.0,0.0,0,0,0.0
2023-09-16T14:55:00.000,0.0,0.0,0.0,0.0,0,0,0.0
2023-09-16T15:00:00.000,0.0,0.0,0.0,0.0,0,0,0.0
2023-09-16T15:05:00.000,0.0,0.0,0.0,0.0,0,0,0.0
2023-09-16T15:10:00.000,0.0,0.0,0.0,0.0,0,0,0.0
2023-09-16T15:15:00.000,0.0,0.0,0.0,0.0,0,0,0.0
2023-09-16T15:20:00.000,0.0,0.0,0.0,0.0,0,0,0.0
2023-09-16T15:25:00.000,0.0,0.0,0.0,0.0,0,0,0.0
2023-09-16T15:30:00.000,0.0,0.0,0.0,0.0,0,0,0.0
2023-09-16T15:35:00.000,0.0,0.0,0.0,0.0,0,0,0.0
2023-09-16T15:40:00.000,0.0,0.0,0.0,0.0,0,0,0.0
2023-09-16T15:45:00.000,0.0,0.0,0.0,0.0,0,0,0.0
2023-09-16T15:50:00.000,0.0,0.0,0.0,0.0,0,0,0.0
2023-09-16T15:55:00.000,0.0,0.0,0.0,0.0,0,0,0.0
2023-09-16T16:00:00.000,0.0,0.0,0.0,0.0,0,0,0.0
2023-09-17T09:30:00.000,0.0,0.0,0.0,0.0,0,0,0.0
2023-09-17T09:35:00.000,0.0,0.0,0.0,0.0,0,0,0.0
2023-09-17T09:40:00.000,0.0,0.0,0.0,0.0,0,0,0.0
2023-09-17T09:45:00.000,0.0,0.0,0.0,0.0,0,0,0.0
2023-09-17T09:50:00.000,0.0,0.0,0.0,0.0,0,0,0.0
2023-09-17T09:55:00.000,0.0,0.0,0.0,0.0,0,0,0.0
2023-09-17T10:00:00.000,0.0,0.0,0.0,0.0,0,0,0.0
2023-09-17T10:05:00.000,0.0,0.0,0.0,0.0,0,0,0.0
2023-09-17T10:10:00.000,0.0,0.0,0.0,0.0,0,0,0.0
2023-09-17T10:15:00.000,0.0,0.0,0.0,0.0,0,0,0.0
2023-09-17T10:20:00.000,0.0,0.0,0.0,0.0,0,0,0.0
2023-09-17T10:25:00.000,0.0,0.0,0.0,0.0,0,0,0.0
2023-09-17T10:30:00.000,0.0,0.0,0.0,0.0,0,0,0.0
2023-09-17T10:35:00.000,0.0,0.0,0.0,0.0,0,0,0.0
2023-09-17T10:40:00.000,0.0,0.0,0.0,0.0,0,0,0.0
2023-09-17T10:45:00.000,0.0,0.0,0.0,0.0,0,0,0.0
2023-09-17T10:50:00.000,0.0,0.0,0.0,0.0,0,0,0.0
2023-09-17T10:55:00.000,0.0,0.0,0.0,0.0,0,0,0.0
2023-09-17T11:00:00.000,0.0,0.0,0.0,0.0,0,0,0.0
2023-09-17T11:05:00.000,0.0,0.0,0.0,0.0,0,0,0.0
2023-09-17T11:10:00.000,0.0,0.0,0.0,0.0,0,0,0.0
2023-09-17T11:15:00.000,0.0,0.0,0.0,0.0,0,0,0.0
2023-09-17T11:20:00.000,0.0,0.0,0.0,0.0,0,0,0.0
2023-09-17T11:25:00.000,0.0,0.0,0.0,0.0,0,0,0.0
2023-09-17T11:30:00.000,0.0,0.0,0.0,0.0,0,0,0.0
2023-09-17T11:35:00.000,0.0,0.0,0.0,0.0,0,0,0.0
2023-09-17T11:40:00.000,0.0,0.0,0.0,0.0,0,0,0.0
2023-09-17T11:45:00.000,0.0,0.0,0.0,0.0,0,0,0.0
2023-09-17T11:50:00.000,0.0,0.0,0.0,0.0,0,0,0.0
2023-09-17T11:55:00.000,0.0,0.0,0.0,0.0,0,0,0.0
2023-09-17T12:00:00.000,0.0,0.0,0.0,0.0,0,0,0.0
2023-09-17T12:05:00.000,0.0,0.0,0.0,0.0,0,0,0.0
2023-09-17T12:10:00.000,0.0,0.0,0.0,0.0,0,0,0.0
2023-09-17T12:15:00.000,0.0,0.0,0.0,0.0,0,0,0.0
2023-09-17T12:20:00.000,0.0,0.0,0.0,0.0,0,0,0.0
2023-09-17T12:25:00.000,0.0,0.0,0.0,0.0,0,0,0.0
2023-09-17T12:30:00.000,0.0,0.0,0.0,0.0,0,0,0.0
2023-09-17T12:35:00.000,0.0,0.0,0.0,0.0,0,0,0.0
2023-09-17T12:40:00.000,0.0,0.0,0.0,0.0,0,0,0.0
2023-09-17T12:45:00.000,0.0,0.0,0.0,0.0,0,0,0.0
2023-09-17T12:50:00.000,0.0,0.0,0.0,0.0,0,0,0.0
2023-09-17T12:55:00.000,0.0,0.0,0.0,0.0,0,0,0.0
2023-09-17T13:00:00.000,0.0,0.0,0.0,0.0,0,0,0.0
2023-09-17T13:05:00.000,0.0,0.0,0.0,0.0,0,0,0.0
2023-09-17T13:10:00.000,0.0,0.0,0.0,0.0,0,0,0.0
2023-09-17T13:15:00.000,0.0,0.0,0.0,0.0,0,0,0.0
2023-09-17T13:20:00.000,0.0,0.0,0.0,0.0,0,0,0.0
2023-09-17T13:25:00.000,0.0,0.0,0.0,0.0,0,0,0.0
2023-09-17T13:30:00.000,0.0,0.0,0.0,0.0,0,0,0.0
2023-09-17T13:35:00.000,0.0,0.0,0.0,0.0,0,0,0.0
2023-09-17T13:40:00.000,0.0,0.0,0.0,0.0,0,0,0.0
2023-09-17T13:45:00.000,0.0,0.0,0.0,0.0,0,0,0.0
2023-09-17T13:50:00.000,0.0,0.0,0.0,0.0,0,0,0.0
2023-09-17T13:55:00.000,0.0,0.0,0.0,0.0,0,0,0.0
2023-09-17T14:00:00.000,0.0,0.0,0.0,0.0,0,0,0.0
2023-09-17T14:05:00.000,0.0,0.0,0.0,0.0,0,0,0.0
2023-09-17T14:10:00.000,0.0,0.0,0.0,0.0,0,0,0.0
2023-09-17T14:15:00.000,0.0,0.0,0.0,0.0,0,0,0.0
2023-09-17T14:20:00.000,0.0,0.0,0.0,0.0,0,0,0.0
2023-09-17T14:25:00.000,0.0,0.0,0.0,0.0,0,0,0.0
2023-09-17T14:30:00.000,0.0,0.0,0.0,0.0,0,0,0.0
2023-09-17T14:35:00.000,0.0,0.0,0.0,0.0,0,0,0.0
2023-09-17T14:40:00.000,0.0,0.0,0.0,0.0,0,0,0.0
2023-09-17T14:45:00.000,0.0,0.0,0.0,0.0,0,0,0.0
2023-09-17T14:50:00.000,0.0,0.0,0.0,0.0,0,0,0.0
2023-09-17T14:55:00.000,0.0,0.0,0.0,0.0,0,0,0.0
2023-09-17T15:00:00.000,0.0,0.0,0.0,0.0,0,0,0.0
2023-09-17T15:05:00.000,0.0,0.0,0.0,0.0,0,0,0.0
2023-09-17T15:10:00.000,0.0,0.0,0.0,0.0,0,0,0.0
2023-09-17T15:15:00.000,0.0,0.0,0.0,0.0,0,0,0.0
2023-09-17T15:20:00.000,0.0,0.0,0.0,0.0,0,0,0.0
2023-09-17T15:25:00.000,0.0,0.0,0.0,0.0,0,0,0.0
2023-09-17T15:30:00.000,0.0,0.0,0.0,0.0,0,0,0.0
2023-09-17T15:35:00.000,0.0,0.0,0.0,0.0,0,0,0.0
2023-09-17T15:40:00.000,0.0,0.0,0.0,0.0,0,0,0.0
2023-09-17T15:45:00.000,0.0,0.0,0.0,0.0,0,0,0.0
2023-09-17T15:50:00.000,0.0,0.0,0.0,0.0,0,0,0.0
2023-09-17T15:55:00.000,0.0,0.0,0.0,0.0,0,0,0.0
2023-09-17T16:00:00.000,0.0,0.0,0.0,0.0,0,0,0.0
2023-09-18T09:30:00.000,443.05,443.5,442.76,443.41,1291180,12427,443.08
2023-09-18T09:35:00.000,443.43,443.76,443.31,443.41,878763,7217,443.26
2023-09-18T09:40:00.000,443.41,443.62,442.6,442.88,1009624,8589,443.18
2023-09-18T09:45:00.000,442.89,443.05,442.56,442.76,895282,8132,443.09
2023-09-18T09:50:00.000,442.75,443.3,442.65,442.98,663347,6743,443.08
2023-09-18T09:55:00.000,442.99,443.1,442.74,443.04,454783,5151,443.07
2023-09-18T10:00:00.000,443.02,443.32,442.8601,443.04,651265,6688,443.08
2023-09-18T10:05:00.000,443.03,443.34,442.7101,443.32,613314,7114,443.07
2023-09-18T10:10:00.000,443.32,443.71,443.17,443.3026,873510,8757,443.12
2023-09-18T10:15:00.000,443.32,443.62,443.32,443.5,442906,5404,443.14
2023-09-18T10:20:00.000,443.5,443.74,443.35,443.5244,542437,6390,443.17
2023-09-18T10:25:00.000,443.54,443.7,443.31,443.37,701938,6690,443.19
2023-09-18T10:30:00.000,443.37,443.7,443.31,443.53,941536,7464,443.21
2023-09-18T10:35:00.000,443.51,443.82,443.055,443.23,1015773,7873,443.23
2023-09-18T10:40:00.000,443.23,443.5,443.03,443.4775,656739,6739,443.23
2023-09-18T10:45:00.000,443.475,443.65,443.42,443.49,670826,5267,443.24
2023-09-18T10:50:00.000,443.49,443.59,443.26,443.49,654362,4583,443.25
2023-09-18T10:55:00.000,443.48,443.86,443.42,443.67,560367,5077,443.27
2023-09-18T11:00:00.000,443.67,443.84,443.55,443.66,438116,4275,443.28
2023-09-18T11:05:00.000,443.65,443.725,443.44,443.46,404006,3903,443.29
2023-09-18T11:10:00.000,443.4699,443.527,443.27,443.45,382197,3863,443.29
2023-09-18T11:15:00.000,443.44,443.86,443.41,443.81,409105,4073,443.31
2023-09-18T11:20:00.000,443.81,443.9701,443.69,443.95,911969,4696,443.32
2023-09-18T11:25:00.000,443.95,444.08,443.85,444.065,528340,5145,443.35
2023-09-18T11:30:00.000,444.06,444.52,444.04,444.345,1049739,9424,443.41
2023-09-18T11:35:00.000,444.34,444.399,444.16,444.3,551078,4999,443.44
2023-09-18T11:40:00.000,444.3025,444.77,444.3,444.6299,798527,7094,443.49
2023-09-18T11:45:00.000,444.63,444.6903,444.48,444.55,425527,4031,443.52
2023-09-18T11:50:00.000,444.54,444.74,444.52,444.685,405863,4498,443.54
2023-09-18T11:55:00.000,444.695,444.79,444.53,444.63,618882,4868,443.58
2023-09-18T12:00:00.000,444.64,444.71,444.57,444.66,319809,3430,443.59
2023-09-18T12:05:00.000,444.66,444.67,444.34,444.4,430489,3818,443.62
2023-09-18T12:10:00.000,444.39,444.42,444.29,444.355,412292,4195,443.63
2023-09-18T12:15:00.000,444.35,444.59,444.28,444.5897,467995,4448,443.65
2023-09-18T12:20:00.000,444.59,444.67,444.47,444.6023,782487,3217,443.66
2023-09-18T12:25:00.000,444.61,444.775,444.56,444.65,295657,2911,443.68
2023-09-18T12:30:00.000,444.65,444.97,444.65,444.83,847878,6703,443.72
2023-09-18T12:35:00.000,444.84,444.9027,444.72,444.75,315810,2374,443.74
2023-09-18T12:40:00.000,444.7512,444.84,444.615,444.6301,237279,2835,443.75
2023-09-18T12:45:00.000,444.64,444.84,444.58,444.8101,365586,3168,443.76
2023-09-18T12:50:00.000,444.81,444.84,444.59,444.595,278375,2812,443.77
2023-09-18T12:55:00.000,444.59,444.64,444.44,444.4607,278471,3071,443.78
2023-09-18T13:00:00.000,444.47,444.74,444.47,444.57,293567,3215,443.79
2023-09-18T13:05:00.000,444.58,444.59,444.355,444.37,315272,3013,443.8
2023-09-18T13:10:00.000,444.375,444.45,444.29,444.39,339524,3015,443.81
2023-09-18T13:15:00.000,444.392,444.41,444.155,444.26,364706,3285,443.82
2023-09-18T13:20:00.000,444.255,444.56,444.255,444.515,313300,2957,443.82
2023-09-18T13:25:00.000,444.515,444.66,444.41,444.4601,561887,2954,443.83
2023-09-18T13:30:00.000,444.47,444.74,444.43,444.74,259265,3419,443.84
2023-09-18T13:35:00.000,444.73,444.79,444.55,444.55,240199,2591,443.85
2023-09-18T13:40:00.000,444.5589,444.59,444.4,444.465,256561,2659,443.85
2023-09-18T13:45:00.000,444.48,444.56,444.37,444.475,230004,2465,443.86
2023-09-18T13:50:00.000,444.4899,444.59,444.3,444.325,295616,2636,443.87
2023-09-18T13:55:00.000,444.32,444.41,444.28,444.31,225369,2236,443.87
2023-09-18T14:00:00.000,444.31,444.45,444.26,444.375,890356,3072,443.88
2023-09-18T14:05:00.000,444.3812,444.45,444.27,444.32,403378,2595,443.88
2023-09-18T14:10:00.000,444.32,444.385,444.21,444.38,237612,2578,443.88
2023-09-18T14:15:00.000,444.39,444.52,444.24,444.25,318740,2871,443.89
2023-09-18T14:20:00.000,444.25,444.36,444.16,444.1799,273581,2683,443.89
2023-09-18T14:25:00.000,444.185,444.2299,444.01,444.0929,823635,4849,443.9
2023-09-18T14:30:00.000,444.095,444.295,444.035,444.23,385960,3918,443.9
2023-09-18T14:35:00.000,444.22,444.34,444.11,444.1191,473578,3257,443.9
2023-09-18T14:40:00.000,444.119,444.21,444.04,444.13,844137,3173,443.91
2023-09-18T14:45:00.000,444.13,444.1983,443.95,443.9699,351594,3508,443.91
2023-09-18T14:50:00.000,443.96,443.97,443.22,443.3294,888792,7931,443.9
2023-09-18T14:55:00.000,443.325,443.63,443.175,443.54,1035480,9013,443.89
2023-09-18T15:00:00.000,443.53,443.5599,443.315,443.51,797023,4689,443.88
2023-09-18T15:05:00.000,443.5,443.73,443.45,443.661,618927,5061,443.87
2023-09-18T15:10:00.000,443.66,443.71,443.48,443.61,837010,4111,443.87
2023-09-18T15:15:00.000,443.62,443.72,443.48,443.57,789391,4881,443.86
2023-09-18T15:20:00.000,443.5601,443.5601,443.23,443.265,614915,5510,443.86
2023-09-18T15:25:00.000,443.265,443.55,443.265,443.54,538185,4461,443.85
2023-09-18T15:30:00.000,443.54,443.54,443.205,443.25,727025,5812,443.84
2023-09-18T15:35:00.000,443.23,443.33,443.18,443.2205,1173578,7561,443.82
2023-09-18T15:40:00.000,443.22,443.46,443.19,443.2601,853263,7852,443.81
2023-09-18T15:45:00.000,443.26,443.47,443.175,443.3,891425,7374,443.8
2023-09-18T15:50:00.000,443.3,443.5,443.25,443.31,1413748,10072,443.79
2023-09-18T15:55:00.000,443.315,443.73,443.315,443.64,4645390,19053,443.77
2023-09-18T16:00:00.000,443.63,443.63,443.63,443.63,1120,4,443.77
2023-09-19T09:30:00.000,442.68,442.91,442.39,442.77,1120555,10007,442.64
2023-09-19T09:35:00.000,442.77,442.9401,442.62,442.86,700015,6227,442.69
2023-09-19T09:40:00.000,442.87,443.02,442.645,442.83,700263,6161,442.72
2023-09-19T09:45:00.000,442.825,443.25,442.755,442.9,711014,7420,442.77
2023-09-19T09:50:00.000,442.91,442.92,442.43,442.62,711897,7789,442.75
2023-09-19T09:55:00.000,442.63,442.715,442.15,442.19,1063540,9672,442.66
2023-09-19T10:00:00.000,442.19,442.235,441.375,441.43,1358304,12292,442.46
2023-09-19T10:05:00.000,441.43,441.67,441.33,441.39,1613778,9827,442.31
2023-09-19T10:10:00.000,441.4,441.57,441.37,441.42,625618,6755,442.24
2023-09-19T10:15:00.000,441.43,441.65,441.09,441.57,1033302,9274,442.15
2023-09-19T10:20:00.000,441.58,441.72,441.475,441.6396,570382,6332,442.11
2023-09-19T10:25:00.000,441.64,441.765,441.37,441.62,614791,6655,442.08
2023-09-19T10:30:00.000,441.625,441.625,441.1403,441.16,590150,6762,442.04
2023-09-19T10:35:00.000,441.16,441.32,440.67,440.69,890444,8997,441.96
2023-09-19T10:40:00.000,440.67,441.03,440.54,440.89,860117,7694,441.88
2023-09-19T10:45:00.000,440.87,441.12,440.7,440.7825,807942,6170,441.82
2023-09-19T10:50:00.000,440.77,440.8,440.55,440.655,633547,5806,441.77
2023-09-19T10:55:00.000,440.64,440.74,440.51,440.58,663275,5866,441.72
2023-09-19T11:00:00.000,440.58,440.79,440.495,440.6509,794300,6431,441.66
2023-09-19T11:05:00.000,440.65,440.76,440.55,440.76,584520,4478,441.63
2023-09-19T11:10:00.000,440.745,440.92,440.57,440.89,996563,4497,441.6
2023-09-19T11:15:00.000,440.88,440.89,440.54,440.62,566034,4089,441.57
2023-09-19T11:20:00.000,440.605,440.78,440.51,440.54,332165,3528,441.55
2023-09-19T11:25:00.000,440.55,440.89,440.55,440.89,559160,4558,441.53
2023-09-19T11:30:00.000,440.865,441.01,440.7291,440.91,968234,4520,441.51
2023-09-19T11:35:00.000,440.905,441.04,440.84,440.92,435021,3707,441.5
2023-09-19T11:40:00.000,440.9201,441.0,440.63,440.6791,375189,3344,441.49
2023-09-19T11:45:00.000,440.67,440.735,440.44,440.65,464669,4061,441.46
2023-09-19T11:50:00.000,440.65,440.76,440.44,440.6303,381881,3275,441.45
2023-09-19T11:55:00.000,440.64,440.94,440.55,440.86,389375,3409,441.44
2023-09-19T12:00:00.000,440.85,440.86,440.58,440.615,432706,3438,441.42
2023-09-19T12:05:00.000,440.63,440.65,440.231,440.4186,443635,4428,441.4
2023-09-19T12:10:00.000,440.41,440.6499,440.28,440.605,571120,4271,441.38
2023-09-19T12:15:00.000,440.62,440.82,440.57,440.7506,706900,4715,441.36
2023-09-19T12:20:00.000,440.76,440.765,440.5301,440.615,689769,4048,441.34
2023-09-19T12:25:00.000,440.6,440.72,440.49,440.56,251921,2555,441.34
2023-09-19T12:30:00.000,440.56,440.57,440.4,440.41,641405,2876,441.32
2023-09-19T12:35:00.000,440.4179,440.44,440.16,440.16,508561,4225,441.3
2023-09-19T12:40:00.000,440.161,440.42,440.14,440.23,467814,4180,441.28
2023-09-19T12:45:00.000,440.235,440.29,439.94,440.1635,537073,5624,441.26
2023-09-19T12:50:00.000,440.18,440.43,440.1,440.42,325455,3147,441.24
2023-09-19T12:55:00.000,440.41,440.665,440.37,440.61,401523,3779,441.23
2023-09-19T13:00:00.000,440.61,440.835,440.5,440.825,370284,3600,441.23
2023-09-19T13:05:00.000,440.825,440.9281,440.7,440.895,395499,3345,441.22
2023-09-19T13:10:00.000,440.89,440.99,440.7995,440.9869,325345,3252,441.22
2023-09-19T13:15:00.000,440.98,441.24,440.92,441.16,565805,4485,441.21
2023-09-19T13:20:00.000,441.17,441.3,441.0999,441.1775,355339,3429,441.21
2023-09-19T13:25:00.000,441.18,441.2001,440.95,441.1069,525241,4059,441.21
2023-09-19T13:30:00.000,441.105,441.49,441.0991,441.375,544851,4902,441.21
2023-09-19T13:35:00.000,441.37,441.605,441.32,441.532,482794,3560,441.22
2023-09-19T13:40:00.000,441.54,441.66,441.43,441.5995,471561,4279,441.22
2023-09-19T13:45:00.000,441.6,442.25,441.595,442.1201,954099,7740,441.25
2023-09-19T13:50:00.000,442.12,442.27,441.995,442.26,793007,6453,441.27
2023-09-19T13:55:00.000,442.25,442.25,442.02,442.15,1068996,5586,441.29
2023-09-19T14:00:00.000,442.15,442.45,442.09,442.34,678177,5341,441.31
2023-09-19T14:05:00.000,442.34,442.39,442.19,442.23,489942,3869,441.32
2023-09-19T14:10:00.000,442.23,442.38,442.09,442.14,449707,3983,441.33
2023-09-19T14:15:00.000,442.135,442.2,441.97,442.19,754148,6059,441.35
2023-09-19T14:20:00.000,442.19,442.29,442.11,442.13,394587,3529,441.36
2023-09-19T14:25:00.000,442.13,442.28,442.035,442.05,667174,3730,441.37
2023-09-19T14:30:00.000,442.04,442.42,442.02,442.42,552789,4242,441.38
2023-09-19T14:35:00.000,442.42,443.29,442.42,443.03,1615653,11636,441.45
2023-09-19T14:40:00.000,443.02,443.14,442.88,442.97,973092,5434,441.48
2023-09-19T14:45:00.000,442.9788,443.06,442.68,442.7374,498803,4452,441.5
2023-09-19T14:50:00.000,442.73,442.78,442.36,442.4993,737305,5957,441.52
2023-09-19T14:55:00.000,442.5,442.55,442.1,442.1,508744,4607,441.53
2023-09-19T15:00:00.000,442.095,442.28,441.94,442.19,651025,5823,441.54
2023-09-19T15:05:00.000,442.18,442.26,442.0406,442.08,268817,2927,441.54
2023-09-19T15:10:00.000,442.08,442.225,441.88,442.06,600910,4768,441.55
2023-09-19T15:15:00.000,442.04,442.169,441.91,442.0984,346714,3334,441.55
2023-09-19T15:20:00.000,442.09,442.29,441.93,442.2,583770,5002,441.56
2023-09-19T15:25:00.000,442.19,442.58,442.19,442.5,701973,5572,441.57
2023-09-19T15:30:00.000,442.5,442.545,442.26,442.49,1103820,5415,441.58
2023-09-19T15:35:00.000,442.485,442.61,442.33,442.5679,981364,6121,441.6
2023-09-19T15:40:00.000,442.56,442.935,442.485,442.9,1209796,8701,441.63
2023-09-19T15:45:00.000,442.89,443.18,442.89,442.96,1218934,9516,441.66
2023-09-19T15:50:00.000,442.96,443.03,442.725,442.765,1519437,9309,441.7
2023-09-19T15:55:00.000,442.77,442.965,442.49,442.75,2496306,14619,441.75
2023-09-19T16:00:00.000,442.74,442.74,442.74,442.74,1693,1,441.75
2023-09-20T09:30:00.000,444.01,444.02,443.44,443.72,1166292,9659,443.73
2023-09-20T09:35:00.000,443.73,444.04,443.71,444.0,709675,5832,443.79
2023-09-20T09:40:00.000,444.019,444.17,443.86,444.02,958903,6257,443.85
2023-09-20T09:45:00.000,444.03,444.26,443.99,444.07,553576,5244,443.9
2023-09-20T09:50:00.000,444.07,444.23,443.89,444.165,709160,6293,443.93
2023-09-20T09:55:00.000,444.16,444.42,444.05,444.1,688155,6524,443.97
2023-09-20T10:00:00.000,444.11,444.435,443.95,444.0303,657799,6794,444.0
2023-09-20T10:05:00.000,444.04,444.26,443.84,444.0813,530859,5414,444.0
2023-09-20T10:10:00.000,444.09,444.22,443.4407,443.54,604906,6040,443.98
2023-09-20T10:15:00.000,443.53,443.7,443.4,443.623,642898,5880,443.94
2023-09-20T10:20:00.000,443.62,443.787,443.5,443.7,366006,4244,443.93
2023-09-20T10:25:00.000,443.705,443.86,443.55,443.7979,345390,4072,443.92
2023-09-20T10:30:00.000,443.8,443.99,443.62,443.99,490272,4727,443.91
2023-09-20T10:35:00.000,443.985,443.985,443.63,443.71,338014,4053,443.91
2023-09-20T10:40:00.000,443.7,443.84,443.58,443.8201,303101,2862,443.9
2023-09-20T10:45:00.000,443.82,443.905,443.56,443.56,370204,3039,443.89
2023-09-20T10:50:00.000,443.57,443.73,443.54,443.665,222998,2187,443.89
2023-09-20T10:55:00.000,443.67,443.8795,443.49,443.63,505697,3983,443.88
2023-09-20T11:00:00.000,443.63,443.785,443.435,443.52,378092,3319,443.87
2023-09-20T11:05:00.000,443.52,443.8848,443.45,443.8397,373584,3095,443.86
2023-09-20T11:10:00.000,443.84,443.9469,443.705,443.8,338167,3077,443.86
2023-09-20T11:15:00.000,443.79,443.84,443.5,443.5029,464994,3087,443.86
2023-09-20T11:20:00.000,443.505,443.595,443.37,443.425,321707,3095,443.85
2023-09-20T11:25:00.000,443.4207,443.46,443.25,443.29,325124,3161,443.83
2023-09-20T11:30:00.000,443.275,443.5,443.23,443.41,650456,3705,443.81
2023-09-20T11:35:00.000,443.43,443.5401,443.17,443.17,410936,3421,443.79
2023-09-20T11:40:00.000,443.18,443.41,443.16,443.27,331567,2790,443.78
2023-09-20T11:45:00.000,443.29,443.6,443.24,443.52,352206,2896,443.77
2023-09-20T11:50:00.000,443.54,443.6801,443.465,443.66,221049,2109,443.77
2023-09-20T11:55:00.000,443.66,443.76,443.605,443.745,305581,2707,443.77
2023-09-20T12:00:00.000,443.74,443.76,443.54,443.605,232234,2378,443.77
2023-09-20T12:05:00.000,443.6,443.65,443.48,443.56,170436,1861,443.76
2023-09-20T12:10:00.000,443.57,443.76,443.5549,443.71,209942,2062,443.76
2023-09-20T12:15:00.000,443.71,443.76,443.63,443.64,212633,1888,443.76
2023-09-20T12:20:00.000,443.648,443.75,443.58,443.585,1210040,1958,443.76
2023-09-20T12:25:00.000,443.59,443.86,443.49,443.841,284424,2923,443.76
2023-09-20T12:30:00.000,443.85,443.9,443.78,443.88,195407,2296,443.76
2023-09-20T12:35:00.000,443.86,443.96,443.77,443.9,185520,1701,443.76
2023-09-20T12:40:00.000,443.9,443.96,443.81,443.895,342096,2502,443.76
2023-09-20T12:45:00.000,443.9,443.97,443.77,443.85,308769,2848,443.76
2023-09-20T12:50:00.000,443.845,443.98,443.77,443.87,260100,2379,443.77
2023-09-20T12:55:00.000,443.87,444.01,443.855,443.9703,306102,2878,443.77
2023-09-20T13:00:00.000,443.98,443.995,443.815,443.8913,347850,2959,443.77
2023-09-20T13:05:00.000,443.895,444.01,443.77,443.875,223915,2478,443.77
2023-09-20T13:10:00.000,443.87,443.89,443.63,443.6768,270637,2657,443.77
2023-09-20T13:15:00.000,443.66,443.85,443.58,443.795,275251,2528,443.77
2023-09-20T13:20:00.000,443.8,443.99,443.77,443.7901,290593,3212,443.77
2023-09-20T13:25:00.000,443.8,443.83,443.62,443.625,136662,1667,443.77
2023-09-20T13:30:00.000,443.63,443.66,443.54,443.575,1593804,2621,443.77
2023-09-20T13:35:00.000,443.57,443.58,443.24,443.245,417924,3632,443.76
2023-09-20T13:40:00.000,443.25,443.25,443.07,443.2,486478,3945,443.75
2023-09-20T13:45:00.000,443.2,443.23,443.09,443.2,519492,2269,443.74
2023-09-20T13:50:00.000,443.2,443.64,443.15,443.6195,304306,3045,443.74
2023-09-20T13:55:00.000,443.62,443.71,443.52,443.575,378037,3085,443.74
2023-09-20T14:00:00.000,443.59,443.59,441.5419,442.14,3300900,22902,443.52
2023-09-20T14:05:00.000,442.16,442.65,441.53,442.01,1638162,12041,443.42
2023-09-20T14:10:00.000,442.005,442.55,441.73,442.19,1047417,8829,443.37
2023-09-20T14:15:00.000,442.18,442.6699,442.03,442.45,879534,6875,443.33
2023-09-20T14:20:00.000,442.4,442.86,442.19,442.78,745378,6182,443.31
2023-09-20T14:25:00.000,442.79,442.95,442.52,442.6,690946,5690,443.3
2023-09-20T14:30:00.000,442.57,443.75,442.22,442.9,1843848,14549,443.29
2023-09-20T14:35:00.000,442.9001,443.72,442.81,443.24,1248869,9200,443.29
2023-09-20T14:40:00.000,443.24,443.35,442.44,442.98,1091324,8648,443.28
2023-09-20T14:45:00.000,443.01,443.16,441.995,442.06,1357371,10299,443.25
2023-09-20T14:50:00.000,442.06,442.36,441.47,441.84,1703553,13297,443.18
2023-09-20T14:55:00.000,441.84,442.49,441.58,441.81,1184285,8818,443.14
2023-09-20T15:00:00.000,441.8,442.26,441.54,441.89,1018469,8141,443.11
2023-09-20T15:05:00.000,441.87,442.0969,441.255,441.3809,1192439,9828,443.06
2023-09-20T15:10:00.000,441.37,441.57,440.6,440.68,1111567,9891,443.01
2023-09-20T15:15:00.000,440.68,440.98,440.24,440.43,1545556,11532,442.92
2023-09-20T15:20:00.000,440.42,440.82,440.295,440.78,1505139,10484,442.86
2023-09-20T15:25:00.000,440.79,441.1064,440.56,440.865,1024504,9055,442.81
2023-09-20T15:30:00.000,440.88,440.93,439.44,439.54,3340403,17470,442.69
2023-09-20T15:35:00.000,439.53,439.78,439.15,439.29,1798238,14701,442.57
2023-09-20T15:40:00.000,439.29,439.53,439.1299,439.1806,1634480,13282,442.46
2023-09-20T15:45:00.000,439.19,439.41,438.925,439.39,1958126,14253,442.34
2023-09-20T15:50:00.000,439.39,439.57,439.13,439.18,2997708,17621,442.19
2023-09-20T15:55:00.000,439.18,439.36,438.43,438.58,6347610,34207,441.85
2023-09-20T16:00:00.000,438.58,438.59,438.58,438.58,1740,5,441.85
2023-09-21T09:30:00.000,435.7,435.97,435.0,435.19,2597869,20671,435.54
2023-09-21T09:35:00.000,435.18,435.64,434.765,434.84,1465704,12400,435.42
2023-09-21T09:40:00.000,434.84,435.26,434.73,434.74,1265785,10718,435.3
2023-09-21T09:45:00.000,434.74,435.2,434.7,434.85,1387806,9847,435.24
2023-09-21T09:50:00.000,434.88,434.94,434.425,434.66,1502202,11489,435.14
2023-09-21T09:55:00.000,434.65,434.67,434.11,434.15,1426725,11859,435.02
2023-09-21T10:00:00.000,434.145,434.35,434.03,434.06,1442455,13242,434.9
2023-09-21T10:05:00.000,434.06,434.82,434.01,434.82,1811856,14231,434.84
2023-09-21T10:10:00.000,434.82,434.97,434.48,434.68,1331580,10960,434.83
2023-09-21T10:15:00.000,434.67,435.56,434.6484,435.4501,1634052,13408,434.86
2023-09-21T10:20:00.000,435.46,435.57,434.98,435.05,1197560,10999,434.89
2023-09-21T10:25:00.000,435.04,435.15,434.62,434.6885,1094314,9140,434.89
2023-09-21T10:30:00.000,434.69,434.85,434.44,434.615,1175321,10775,434.87
2023-09-21T10:35:00.000,434.611,435.37,434.6,435.295,836318,7278,434.87
2023-09-21T10:40:00.000,435.318,435.44,434.85,434.85,904222,7156,434.89
2023-09-21T10:45:00.000,434.85,434.9204,434.44,434.55,606653,5330,434.88
2023-09-21T10:50:00.000,434.55,434.6469,434.33,434.46,809299,6690,434.87
2023-09-21T10:55:00.000,434.46,434.58,434.01,434.105,894672,8020,434.84
2023-09-21T11:00:00.000,434.12,434.3,434.0901,434.28,678334,5907,434.83
2023-09-21T11:05:00.000,434.29,434.57,434.1401,434.2301,664325,6032,434.81
2023-09-21T11:10:00.000,434.24,434.41,433.78,433.95,897068,8480,434.79
2023-09-21T11:15:00.000,433.94,433.985,433.65,433.8726,867309,7738,434.75
2023-09-21T11:20:00.000,433.88,434.19,433.79,433.85,820631,7203,434.73
2023-09-21T11:25:00.000,433.87,433.89,433.735,433.8,582001,5224,434.71
2023-09-21T11:30:00.000,433.8,434.34,433.72,434.24,832355,7014,434.69
2023-09-21T11:35:00.000,434.2499,434.405,434.02,434.19,583383,5594,434.68
2023-09-21T11:40:00.000,434.18,434.21,433.88,434.1699,635645,5378,434.67
2023-09-21T11:45:00.000,434.16,434.52,434.139,434.4201,521863,5028,434.67
2023-09-21T11:50:00.000,434.42,434.52,434.05,434.07,509215,4642,434.66
2023-09-21T11:55:00.000,434.08,434.325,433.88,433.92,1041743,5587,434.65
2023-09-21T12:00:00.000,433.92,433.96,433.64,433.7,703952,6039,434.63
2023-09-21T12:05:00.000,433.71,433.79,433.63,433.74,705672,4379,434.61
2023-09-21T12:10:00.000,433.74,433.76,433.43,433.569,676386,6574,434.59
2023-09-21T12:15:00.000,433.57,433.79,433.43,433.735,753858,5183,434.58
2023-09-21T12:20:00.000,433.72,433.84,433.52,433.72,637130,5688,434.56
2023-09-21T12:25:00.000,433.71,433.86,433.52,433.7526,510171,5067,434.55
2023-09-21T12:30:00.000,433.78,434.17,433.67,434.115,717086,6168,434.53
2023-09-21T12:35:00.000,434.12,434.13,433.595,433.64,573661,4841,434.52
2023-09-21T12:40:00.000,433.63,433.96,433.5512,433.71,1254462,5237,434.51
2023-09-21T12:45:00.000,433.72,433.9567,433.7,433.92,434345,4073,434.5
2023-09-21T12:50:00.000,433.92,434.105,433.79,433.84,456068,4703,434.5
2023-09-21T12:55:00.000,433.84,433.855,433.54,433.577,449417,4424,434.49
2023-09-21T13:00:00.000,433.58,433.846,433.49,433.8,468248,4227,434.48
2023-09-21T13:05:00.000,433.8,434.14,433.745,434.01,410911,3900,434.47
2023-09-21T13:10:00.000,434.0,434.36,433.99,434.3489,786632,5835,434.46
2023-09-21T13:15:00.000,434.35,434.72,434.35,434.6,1019977,8369,434.47
2023-09-21T13:20:00.000,434.59,434.705,434.445,434.58,706018,5376,434.47
2023-09-21T13:25:00.000,434.58,434.815,434.56,434.595,651851,5614,434.47
2023-09-21T13:30:00.000,434.6,434.86,434.56,434.57,561543,5596,434.48
2023-09-21T13:35:00.000,434.569,434.9,434.541,434.59,791506,4547,434.48
2023-09-21T13:40:00.000,434.57,434.82,434.34,434.4887,710634,5921,434.48
2023-09-21T13:45:00.000,434.49,434.65,434.42,434.53,297981,3125,434.48
2023-09-21T13:50:00.000,434.53,434.68,434.39,434.51,475245,4237,434.48
2023-09-21T13:55:00.000,434.5116,434.54,434.28,434.42,427397,3769,434.48
2023-09-21T14:00:00.000,434.43,434.49,434.07,434.09,530205,4798,434.48
2023-09-21T14:05:00.000,434.08,434.38,434.03,434.035,944039,4246,434.47
2023-09-21T14:10:00.000,434.04,434.31,433.891,433.91,813902,5197,434.47
2023-09-21T14:15:00.000,433.91,433.98,433.705,433.7999,807860,7099,434.46
2023-09-21T14:20:00.000,433.8,433.88,433.6701,433.79,663502,5234,434.45
2023-09-21T14:25:00.000,433.78,433.8,433.32,433.33,953291,7933,434.43
2023-09-21T14:30:00.000,433.33,433.45,433.14,433.25,897082,7361,434.41
2023-09-21T14:35:00.000,433.25,433.77,433.18,433.55,1383330,8470,434.38
2023-09-21T14:40:00.000,433.55,433.73,433.49,433.59,932004,5788,434.37
2023-09-21T14:45:00.000,433.59,433.66,433.33,433.33,647809,5118,434.36
2023-09-21T14:50:00.000,433.33,433.39,433.12,433.37,2001536,6051,434.35
2023-09-21T14:55:00.000,433.365,433.4,433.07,433.08,830962,6236,434.33
2023-09-21T15:00:00.000,433.08,433.39,432.925,433.23,1005771,9013,434.31
2023-09-21T15:05:00.000,433.22,433.27,432.87,433.01,994266,7548,434.28
2023-09-21T15:10:00.000,433.02,433.13,432.595,432.695,1786354,9740,434.25
2023-09-21T15:15:00.000,432.6912,432.71,432.36,432.52,1200653,9482,434.21
2023-09-21T15:20:00.000,432.525,432.77,432.47,432.595,1003334,8569,434.19
2023-09-21T15:25:00.000,432.6,432.665,432.01,432.11,1852493,13590,434.13
2023-09-21T15:30:00.000,432.11,432.28,431.765,431.9699,2478955,18073,434.05
2023-09-21T15:35:00.000,431.96,432.4,431.94,432.16,1722499,12969,434.0
2023-09-21T15:40:00.000,432.15,432.375,431.89,432.215,3041716,16108,433.94
2023-09-21T15:45:00.000,432.21,432.3701,432.05,432.1,2211037,17130,433.89
2023-09-21T15:50:00.000,432.095,432.095,431.65,431.9,6691028,26386,433.78
2023-09-21T15:55:00.000,431.91,431.975,431.23,431.41,8377996,37599,433.57
2023-09-21T16:00:00.000,0.0,0.0,0.0,0.0,0,0,433.57
2023-09-22T09:30:00.000,432.45,432.64,432.02,432.14,1810474,14755,432.34
2023-09-22T09:35:00.000,432.14,432.46,432.05,432.16,1253779,10381,432.3
2023-09-22T09:40:00.000,432.16,432.28,431.78,431.9699,1504707,11664,432.19
2023-09-22T09:45:00.000,431.9319,432.51,431.84,432.34,1270057,11833,432.22
2023-09-22T09:50:00.000,432.34,432.37,431.67,431.84,1049902,9615,432.18
2023-09-22T09:55:00.000,431.85,432.475,431.79,432.4536,1069872,9070,432.16
2023-09-22T10:00:00.000,432.465,432.705,432.06,432.565,934127,9227,432.18
2023-09-22T10:05:00.000,432.57,433.1103,432.5336,432.84,1239199,11073,432.27
2023-09-22T10:10:00.000,432.85,432.9111,432.19,432.1967,1033573,9267,432.3
2023-09-22T10:15:00.000,432.2,432.45,431.96,432.445,1160366,10358,432.28
2023-09-22T10:20:00.000,432.45,432.95,432.21,432.855,992645,8986,432.3
2023-09-22T10:25:00.000,432.865,432.91,432.36,432.755,950406,8811,432.32
2023-09-22T10:30:00.000,432.765,433.43,432.75,433.42,1362564,10839,432.4
2023-09-22T10:35:00.000,433.44,433.59,433.24,433.2899,1778600,9403,432.45
2023-09-22T10:40:00.000,433.29,433.33,432.97,433.2831,1013444,8887,432.49
2023-09-22T10:45:00.000,433.29,433.48,433.23,433.3,657227,6432,432.52
2023-09-22T10:50:00.000,433.315,433.58,433.131,433.375,838784,7655,432.56
2023-09-22T10:55:00.000,433.38,433.81,433.38,433.66,1218246,8295,432.61
2023-09-22T11:00:00.000,433.67,433.795,433.28,433.3401,799568,7130,432.64
2023-09-22T11:05:00.000,433.35,433.59,433.14,433.145,917603,5650,432.66
2023-09-22T11:10:00.000,433.15,433.22,432.94,433.1799,716064,6174,432.68
2023-09-22T11:15:00.000,433.18,433.51,433.1283,433.305,677159,5352,432.7
2023-09-22T11:20:00.000,433.305,433.51,433.2,433.45,447466,4206,432.71
2023-09-22T11:25:00.000,433.459,433.9,433.4,433.87,838042,7193,432.74
2023-09-22T11:30:00.000,433.875,433.9304,433.67,433.77,620030,5568,432.77
2023-09-22T11:35:00.000,433.775,434.1,433.76,434.0899,668422,4962,432.8
2023-09-22T11:40:00.000,434.08,434.0805,433.53,433.59,699861,6090,432.82
2023-09-22T11:45:00.000,433.58,433.71,433.41,433.43,401275,3852,432.84
2023-09-22T11:50:00.000,433.44,433.61,433.15,433.215,459943,4444,432.84
2023-09-22T11:55:00.000,433.21,433.34,432.89,432.91,637959,5427,432.85
2023-09-22T12:00:00.000,432.92,433.04,432.77,432.86,546378,4976,432.85
2023-09-22T12:05:00.000,432.86,433.02,432.655,432.865,934948,5633,432.85
2023-09-22T12:10:00.000,432.86,433.03,432.72,432.97,361589,3513,432.85
2023-09-22T12:15:00.000,432.9618,433.43,432.87,433.365,584869,5455,432.86
2023-09-22T12:20:00.000,433.365,433.5,433.235,433.37,461856,5103,432.86
2023-09-22T12:25:00.000,433.3678,433.3678,433.115,433.24,561008,4453,432.87
2023-09-22T12:30:00.000,433.26,433.5,433.13,433.36,531303,5193,432.88
2023-09-22T12:35:00.000,433.36,433.66,433.315,433.63,420549,4056,432.89
2023-09-22T12:40:00.000,433.64,433.76,433.58,433.66,424711,4633,432.9
2023-09-22T12:45:00.000,433.665,433.725,433.49,433.57,584801,4103,432.9
2023-09-22T12:50:00.000,433.57,433.61,433.44,433.5,353358,4062,432.91
2023-09-22T12:55:00.000,433.51,433.71,433.38,433.4,314971,3314,432.91
2023-09-22T13:00:00.000,433.4082,433.46,433.26,433.38,362482,3757,432.92
2023-09-22T13:05:00.000,433.38,433.455,433.09,433.11,411322,3966,432.92
2023-09-22T13:10:00.000,433.11,433.28,432.94,433.005,784373,4581,432.93
2023-09-22T13:15:00.000,433.0,433.02,432.66,432.74,524230,4470,432.93
2023-09-22T13:20:00.000,432.72,432.745,431.97,432.215,811653,7513,432.91
2023-09-22T13:25:00.000,432.21,432.28,431.96,432.14,903102,7394,432.89
2023-09-22T13:30:00.000,432.14,432.15,431.76,431.94,839884,7885,432.87
2023-09-22T13:35:00.000,431.95,432.19,431.34,431.57,1892714,10404,432.83
2023-09-22T13:40:00.000,431.58,431.625,431.23,431.3657,950842,8148,432.79
2023-09-22T13:45:00.000,431.36,431.57,431.21,431.4,684380,5658,432.77
2023-09-22T13:50:00.000,431.41,431.87,431.3401,431.7,1256487,9038,432.74
2023-09-22T13:55:00.000,431.705,431.945,431.62,431.62,523661,4408,432.72
2023-09-22T14:00:00.000,431.61,431.81,431.41,431.561,536295,4452,432.71
2023-09-22T14:05:00.000,431.57,431.719,431.4,431.525,804309,3787,432.7
2023-09-22T14:10:00.000,431.53,431.53,430.88,430.92,1196662,9490,432.65
2023-09-22T14:15:00.000,430.915,431.055,430.55,430.68,1069997,7658,432.61
2023-09-22T14:20:00.000,430.69,431.2,430.69,431.13,790757,6077,432.58
2023-09-22T14:25:00.000,431.13,431.45,430.98,431.0,726083,6503,432.56
2023-09-22T14:30:00.000,430.99,431.24,430.765,431.145,772492,6225,432.53
2023-09-22T14:35:00.000,431.1399,431.279,430.8,430.8624,1305590,5443,432.51
2023-09-22T14:40:00.000,430.87,430.98,430.61,430.6376,738971,6388,432.48
2023-09-22T14:45:00.000,430.64,431.0401,430.555,431.0401,600744,5150,432.46
2023-09-22T14:50:00.000,431.035,431.155,430.87,431.01,801961,5206,432.45
2023-09-22T14:55:00.000,431.01,431.22,430.875,431.07,822677,5960,432.43
2023-09-22T15:00:00.000,431.05,431.98,430.95,431.66,1076561,9207,432.41
2023-09-22T15:05:00.000,431.66,432.68,431.57,432.67,1095460,8952,432.41
2023-09-22T15:10:00.000,432.675,432.785,432.47,432.64,917145,7304,432.41
2023-09-22T15:15:00.000,432.64,432.87,432.45,432.74,905177,6916,432.42
2023-09-22T15:20:00.000,432.74,433.21,432.4509,432.925,1018890,8306,432.42
2023-09-22T15:25:00.000,432.915,432.99,432.57,432.59,971762,6212,432.43
2023-09-22T15:30:00.000,432.6,432.79,432.01,432.0199,1405199,10667,432.43
2023-09-22T15:35:00.000,432.02,432.125,431.85,431.97,919239,8163,432.42
2023-09-22T15:40:00.000,431.975,432.02,430.95,430.98,2118892,14034,432.39
2023-09-22T15:45:00.000,430.98,431.3,430.42,430.65,3937132,28789,432.29
2023-09-22T15:50:00.000,430.64,430.71,429.99,430.2374,4655007,29694,432.16
2023-09-22T15:55:00.000,430.23,430.8,430.21,430.38,7675676,32268,431.98
2023-09-22T16:00:00.000,0.0,0.0,0.0,0.0,0,0,431.98
2023-09-23T09:30:00.000,0.0,0.0,0.0,0.0,0,0,0.0
2023-09-23T09:35:00.000,0.0,0.0,0.0,0.0,0,0,0.0
2023-09-23T09:40:00.000,0.0,0.0,0.0,0.0,0,0,0.0
2023-09-23T09:45:00.000,0.0,0.0,0.0,0.0,0,0,0.0
2023-09-23T09:50:00.000,0.0,0.0,0.0,0.0,0,0,0.0
2023-09-23T09:55:00.000,0.0,0.0,0.0,0.0,0,0,0.0
2023-09-23T10:00:00.000,0.0,0.0,0.0,0.0,0,0,0.0
2023-09-23T10:05:00.000,0.0,0.0,0.0,0.0,0,0,0.0
2023-09-23T10:10:00.000,0.0,0.0,0.0,0.0,0,0,0.0
2023-09-23T10:15:00.000,0.0,0.0,0.0,0.0,0,0,0.0
2023-09-23T10:20:00.000,0.0,0.0,0.0,0.0,0,0,0.0
2023-09-23T10:25:00.000,0.0,0.0,0.0,0.0,0,0,0.0
2023-09-23T10:30:00.000,0.0,0.0,0.0,0.0,0,0,0.0
2023-09-23T10:35:00.000,0.0,0.0,0.0,0.0,0,0,0.0
2023-09-23T10:40:00.000,0.0,0.0,0.0,0.0,0,0,0.0
2023-09-23T10:45:00.000,0.0,0.0,0.0,0.0,0,0,0.0
2023-09-23T10:50:00.000,0.0,0.0,0.0,0.0,0,0,0.0
2023-09-23T10:55:00.000,0.0,0.0,0.0,0.0,0,0,0.0
2023-09-23T11:00:00.000,0.0,0.0,0.0,0.0,0,0,0.0
2023-09-23T11:05:00.000,0.0,0.0,0.0,0.0,0,0,0.0
2023-09-23T11:10:00.000,0.0,0.0,0.0,0.0,0,0,0.0
2023-09-23T11:15:00.000,0.0,0.0,0.0,0.0,0,0,0.0
2023-09-23T11:20:00.000,0.0,0.0,0.0,0.0,0,0,0.0
2023-09-23T11:25:00.000,0.0,0.0,0.0,0.0,0,0,0.0
2023-09-23T11:30:00.000,0.0,0.0,0.0,0.0,0,0,0.0
2023-09-23T11:35:00.000,0.0,0.0,0.0,0.0,0,0,0.0
2023-09-23T11:40:00.000,0.0,0.0,0.0,0.0,0,0,0.0
2023-09-23T11:45:00.000,0.0,0.0,0.0,0.0,0,0,0.0
2023-09-23T11:50:00.000,0.0,0.0,0.0,0.0,0,0,0.0
2023-09-23T11:55:00.000,0.0,0.0,0.0,0.0,0,0,0.0
2023-09-23T12:00:00.000,0.0,0.0,0.0,0.0,0,0,0.0
2023-09-23T12:05:00.000,0.0,0.0,0.0,0.0,0,0,0.0
2023-09-23T12:10:00.000,0.0,0.0,0.0,0.0,0,0,0.0
2023-09-23T12:15:00.000,0.0,0.0,0.0,0.0,0,0,0.0
2023-09-23T12:20:00.000,0.0,0.0,0.0,0.0,0,0,0.0
2023-09-23T12:25:00.000,0.0,0.0,0.0,0.0,0,0,0.0
2023-09-23T12:30:00.000,0.0,0.0,0.0,0.0,0,0,0.0
2023-09-23T12:35:00.000,0.0,0.0,0.0,0.0,0,0,0.0
2023-09-23T12:40:00.000,0.0,0.0,0.0,0.0,0,0,0.0
2023-09-23T12:45:00.000,0.0,0.0,0.0,0.0,0,0,0.0
2023-09-23T12:50:00.000,0.0,0.0,0.0,0.0,0,0,0.0
2023-09-23T12:55:00.000,0.0,0.0,0.0,0.0,0,0,0.0
2023-09-23T13:00:00.000,0.0,0.0,0.0,0.0,0,0,0.0
2023-09-23T13:05:00.000,0.0,0.0,0.0,0.0,0,0,0.0
2023-09-23T13:10:00.000,0.0,0.0,0.0,0.0,0,0,0.0
2023-09-23T13:15:00.000,0.0,0.0,0.0,0.0,0,0,0.0
2023-09-23T13:20:00.000,0.0,0.0,0.0,0.0,0,0,0.0
2023-09-23T13:25:00.000,0.0,0.0,0.0,0.0,0,0,0.0
2023-09-23T13:30:00.000,0.0,0.0,0.0,0.0,0,0,0.0
2023-09-23T13:35:00.000,0.0,0.0,0.0,0.0,0,0,0.0
2023-09-23T13:40:00.000,0.0,0.0,0.0,0.0,0,0,0.0
2023-09-23T13:45:00.000,0.0,0.0,0.0,0.0,0,0,0.0
2023-09-23T13:50:00.000,0.0,0.0,0.0,0.0,0,0,0.0
2023-09-23T13:55:00.000,0.0,0.0,0.0,0.0,0,0,0.0
2023-09-23T14:00:00.000,0.0,0.0,0.0,0.0,0,0,0.0
2023-09-23T14:05:00.000,0.0,0.0,0.0,0.0,0,0,0.0
2023-09-23T14:10:00.000,0.0,0.0,0.0,0.0,0,0,0.0
2023-09-23T14:15:00.000,0.0,0.0,0.0,0.0,0,0,0.0
2023-09-23T14:20:00.000,0.0,0.0,0.0,0.0,0,0,0.0
2023-09-23T14:25:00.000,0.0,0.0,0.0,0.0,0,0,0.0
2023-09-23T14:30:00.000,0.0,0.0,0.0,0.0,0,0,0.0
2023-09-23T14:35:00.000,0.0,0.0,0.0,0.0,0,0,0.0
2023-09-23T14:40:00.000,0.0,0.0,0.0,0.0,0,0,0.0
2023-09-23T14:45:00.000,0.0,0.0,0.0,0.0,0,0,0.0
2023-09-23T14:50:00.000,0.0,0.0,0.0,0.0,0,0,0.0
2023-09-23T14:55:00.000,0.0,0.0,0.0,0.0,0,0,0.0
2023-09-23T15:00:00.000,0.0,0.0,0.0,0.0,0,0,0.0
2023-09-23T15:05:00.000,0.0,0.0,0.0,0.0,0,0,0.0
2023-09-23T15:10:00.000,0.0,0.0,0.0,0.0,0,0,0.0
2023-09-23T15:15:00.000,0.0,0.0,0.0,0.0,0,0,0.0
2023-09-23T15:20:00.000,0.0,0.0,0.0,0.0,0,0,0.0
2023-09-23T15:25:00.000,0.0,0.0,0.0,0.0,0,0,0.0
2023-09-23T15:30:00.000,0.0,0.0,0.0,0.0,0,0,0.0
2023-09-23T15:35:00.000,0.0,0.0,0.0,0.0,0,0,0.0
2023-09-23T15:40:00.000,0.0,0.0,0.0,0.0,0,0,0.0
2023-09-23T15:45:00.000,0.0,0.0,0.0,0.0,0,0,0.0
2023-09-23T15:50:00.000,0.0,0.0,0.0,0.0,0,0,0.0
2023-09-23T15:55:00.000,0.0,0.0,0.0,0.0,0,0,0.0
2023-09-23T16:00:00.000,0.0,0.0,0.0,0.0,0,0,0.0
2023-09-24T09:30:00.000,0.0,0.0,0.0,0.0,0,0,0.0
2023-09-24T09:35:00.000,0.0,0.0,0.0,0.0,0,0,0.0
2023-09-24T09:40:00.000,0.0,0.0,0.0,0.0,0,0,0.0
2023-09-24T09:45:00.000,0.0,0.0,0.0,0.0,0,0,0.0
2023-09-24T09:50:00.000,0.0,0.0,0.0,0.0,0,0,0.0
2023-09-24T09:55:00.000,0.0,0.0,0.0,0.0,0,0,0.0
2023-09-24T10:00:00.000,0.0,0.0,0.0,0.0,0,0,0.0
2023-09-24T10:05:00.000,0.0,0.0,0.0,0.0,0,0,0.0
2023-09-24T10:10:00.000,0.0,0.0,0.0,0.0,0,0,0.0
2023-09-24T10:15:00.000,0.0,0.0,0.0,0.0,0,0,0.0
2023-09-24T10:20:00.000,0.0,0.0,0.0,0.0,0,0,0.0
2023-09-24T10:25:00.000,0.0,0.0,0.0,0.0,0,0,0.0
2023-09-24T10:30:00.000,0.0,0.0,0.0,0.0,0,0,0.0
2023-09-24T10:35:00.000,0.0,0.0,0.0,0.0,0,0,0.0
2023-09-24T10:40:00.000,0.0,0.0,0.0,0.0,0,0,0.0
2023-09-24T10:45:00.000,0.0,0.0,0.0,0.0,0,0,0.0
2023-09-24T10:50:00.000,0.0,0.0,0.0,0.0,0,0,0.0
2023-09-24T10:55:00.000,0.0,0.0,0.0,0.0,0,0,0.0
2023-09-24T11:00:00.000,0.0,0.0,0.0,0.0,0,0,0.0
2023-09-24T11:05:00.000,0.0,0.0,0.0,0.0,0,0,0.0
2023-09-24T11:10:00.000,0.0,0.0,0.0,0.0,0,0,0.0
2023-09-24T11:15:00.000,0.0,0.0,0.0,0.0,0,0,0.0
2023-09-24T11:20:00.000,0.0,0.0,0.0,0.0,0,0,0.0
2023-09-24T11:25:00.000,0.0,0.0,0.0,0.0,0,0,0.0
2023-09-24T11:30:00.000,0.0,0.0,0.0,0.0,0,0,0.0
2023-09-24T11:35:00.000,0.0,0.0,0.0,0.0,0,0,0.0
2023-09-24T11:40:00.000,0.0,0.0,0.0,0.0,0,0,0.0
2023-09-24T11:45:00.000,0.0,0.0,0.0,0.0,0,0,0.0
2023-09-24T11:50:00.000,0.0,0.0,0.0,0.0,0,0,0.0
2023-09-24T11:55:00.000,0.0,0.0,0.0,0.0,0,0,0.0
2023-09-24T12:00:00.000,0.0,0.0,0.0,0.0,0,0,0.0
2023-09-24T12:05:00.000,0.0,0.0,0.0,0.0,0,0,0.0
2023-09-24T12:10:00.000,0.0,0.0,0.0,0.0,0,0,0.0
2023-09-24T12:15:00.000,0.0,0.0,0.0,0.0,0,0,0.0
2023-09-24T12:20:00.000,0.0,0.0,0.0,0.0,0,0,0.0
2023-09-24T12:25:00.000,0.0,0.0,0.0,0.0,0,0,0.0
2023-09-24T12:30:00.000,0.0,0.0,0.0,0.0,0,0,0.0
2023-09-24T12:35:00.000,0.0,0.0,0.0,0.0,0,0,0.0
2023-09-24T12:40:00.000,0.0,0.0,0.0,0.0,0,0,0.0
2023-09-24T12:45:00.000,0.0,0.0,0.0,0.0,0,0,0.0
2023-09-24T12:50:00.000,0.0,0.0,0.0,0.0,0,0,0.0
2023-09-24T12:55:00.000,0.0,0.0,0.0,0.0,0,0,0.0
2023-09-24T13:00:00.000,0.0,0.0,0.0,0.0,0,0,0.0
2023-09-24T13:05:00.000,0.0,0.0,0.0,0.0,0,0,0.0
2023-09-24T13:10:00.000,0.0,0.0,0.0,0.0,0,0,0.0
2023-09-24T13:15:00.000,0.0,0.0,0.0,0.0,0,0,0.0
2023-09-24T13:20:00.000,0.0,0.0,0.0,0.0,0,0,0.0
2023-09-24T13:25:00.000,0.0,0.0,0.0,0.0,0,0,0.0
2023-09-24T13:30:00.000,0.0,0.0,0.0,0.0,0,0,0.0
2023-09-24T13:35:00.000,0.0,0.0,0.0,0.0,0,0,0.0
2023-09-24T13:40:00.000,0.0,0.0,0.0,0.0,0,0,0.0
2023-09-24T13:45:00.000,0.0,0.0,0.0,0.0,0,0,0.0
2023-09-24T13:50:00.000,0.0,0.0,0.0,0.0,0,0,0.0
2023-09-24T13:55:00.000,0.0,0.0,0.0,0.0,0,0,0.0
2023-09-24T14:00:00.000,0.0,0.0,0.0,0.0,0,0,0.0
2023-09-24T14:05:00.000,0.0,0.0,0.0,0.0,0,0,0.0
2023-09-24T14:10:00.000,0.0,0.0,0.0,0.0,0,0,0.0
2023-09-24T14:15:00.000,0.0,0.0,0.0,0.0,0,0,0.0
2023-09-24T14:20:00.000,0.0,0.0,0.0,0.0,0,0,0.0
2023-09-24T14:25:00.000,0.0,0.0,0.0,0.0,0,0,0.0
2023-09-24T14:30:00.000,0.0,0.0,0.0,0.0,0,0,0.0
2023-09-24T14:35:00.000,0.0,0.0,0.0,0.0,0,0,0.0
2023-09-24T14:40:00.000,0.0,0.0,0.0,0.0,0,0,0.0
2023-09-24T14:45:00.000,0.0,0.0,0.0,0.0,0,0,0.0
2023-09-24T14:50:00.000,0.0,0.0,0.0,0.0,0,0,0.0
2023-09-24T14:55:00.000,0.0,0.0,0.0,0.0,0,0,0.0
2023-09-24T15:00:00.000,0.0,0.0,0.0,0.0,0,0,0.0
2023-09-24T15:05:00.000,0.0,0.0,0.0,0.0,0,0,0.0
2023-09-24T15:10:00.000,0.0,0.0,0.0,0.0,0,0,0.0
2023-09-24T15:15:00.000,0.0,0.0,0.0,0.0,0,0,0.0
2023-09-24T15:20:00.000,0.0,0.0,0.0,0.0,0,0,0.0
2023-09-24T15:25:00.000,0.0,0.0,0.0,0.0,0,0,0.0
2023-09-24T15:30:00.000,0.0,0.0,0.0,0.0,0,0,0.0
2023-09-24T15:35:00.000,0.0,0.0,0.0,0.0,0,0,0.0
2023-09-24T15:40:00.000,0.0,0.0,0.0,0.0,0,0,0.0
2023-09-24T15:45:00.000,0.0,0.0,0.0,0.0,0,0,0.0
2023-09-24T15:50:00.000,0.0,0.0,0.0,0.0,0,0,0.0
2023-09-24T15:55:00.000,0.0,0.0,0.0,0.0,0,0,0.0
2023-09-24T16:00:00.000,0.0,0.0,0.0,0.0,0,0,0.0
2023-09-25T09:30:00.000,429.17,429.415,428.72,428.86,1836853,15051,429.08
2023-09-25T09:35:00.000,428.86,429.36,428.76,429.35,776666,7197,429.09
2023-09-25T09:40:00.000,429.35,429.89,429.34,429.75,989706,8321,429.23
2023-09-25T09:45:00.000,429.76,430.1,429.525,429.86,1082174,9424,429.36
2023-09-25T09:50:00.000,429.87,430.29,429.79,430.2088,882126,7620,429.48
2023-09-25T09:55:00.000,430.21,430.76,430.17,430.56,850218,8693,429.61
2023-09-25T10:00:00.000,430.57,430.71,429.95,430.06,1133624,10079,429.71
2023-09-25T10:05:00.000,430.07,430.3395,429.68,429.879,1076950,8784,429.74
2023-09-25T10:10:00.000,429.86,430.46,429.8,430.3,739289,7445,429.77
2023-09-25T10:15:00.000,430.29,430.64,429.87,429.9,741296,7870,429.81
2023-09-25T10:20:00.000,429.9,430.12,429.56,429.759,949370,8863,429.82
2023-09-25T10:25:00.000,429.75,429.765,429.23,429.53,935817,9170,429.79
2023-09-25T10:30:00.000,429.52,430.18,429.36,429.98,905063,7386,429.78
2023-09-25T10:35:00.000,429.99,430.14,429.77,430.04,773617,5726,429.79
2023-09-25T10:40:00.000,430.02,430.06,429.72,429.85,527736,5881,429.8
2023-09-25T10:45:00.000,429.84,430.21,429.83,430.025,564398,6146,429.81
2023-09-25T10:50:00.000,430.03,430.041,429.46,429.49,648227,6364,429.8
2023-09-25T10:55:00.000,429.48,429.54,429.21,429.215,599710,5318,429.78
2023-09-25T11:00:00.000,429.211,429.43,429.14,429.3901,616157,5305,429.76
2023-09-25T11:05:00.000,429.385,430.41,429.37,430.32,746498,6708,429.77
2023-09-25T11:10:00.000,430.33,430.55,430.19,430.41,747769,6270,429.79
2023-09-25T11:15:00.000,430.42,431.47,430.415,431.42,1496178,12817,429.89
2023-09-25T11:20:00.000,431.43,431.48,431.14,431.39,891760,7065,429.96
2023-09-25T11:25:00.000,431.38,431.43,430.93,430.98,1238855,6114,430.0
2023-09-25T11:30:00.000,430.99,431.21,430.88,431.07,658487,5792,430.04
2023-09-25T11:35:00.000,431.105,431.225,430.92,430.97,439343,3610,430.05
2023-09-25T11:40:00.000,430.97,431.69,430.87,431.55,2119795,7520,430.11
2023-09-25T11:45:00.000,431.55,431.66,431.285,431.359,517026,4519,430.14
2023-09-25T11:50:00.000,431.35,431.57,431.3099,431.39,441442,4269,430.16
2023-09-25T11:55:00.000,431.391,431.56,431.09,431.27,433364,4005,430.18
2023-09-25T12:00:00.000,431.26,431.39,431.04,431.1302,374444,3739,430.2
2023-09-25T12:05:00.000,431.14,431.405,431.09,431.24,626763,3242,430.21
2023-09-25T12:10:00.000,431.22,431.47,431.18,431.4082,310298,3618,430.23
2023-09-25T12:15:00.000,431.4,431.8409,431.39,431.789,540900,5208,430.26
2023-09-25T12:20:00.000,431.78,432.02,431.71,431.95,485558,4610,430.29
2023-09-25T12:25:00.000,431.94,431.965,431.78,431.89,403905,3651,430.31
2023-09-25T12:30:00.000,431.9,431.955,431.7,431.71,433446,4418,430.34
2023-09-25T12:35:00.000,431.709,431.74,431.33,431.36,517880,4672,430.36
2023-09-25T12:40:00.000,431.355,431.61,431.33,431.34,385261,4056,430.38
2023-09-25T12:45:00.000,431.345,431.41,431.15,431.15,330177,3336,430.39
2023-09-25T12:50:00.000,431.15,431.17,430.61,431.05,847070,7028,430.4
2023-09-25T12:55:00.000,431.05,431.119,430.84,431.08,357874,3267,430.41
2023-09-25T13:00:00.000,431.1,431.11,430.82,430.88,371772,2817,430.41
2023-09-25T13:05:00.000,430.88,431.56,430.84,431.4888,387182,3511,430.43
2023-09-25T13:10:00.000,431.485,431.85,431.455,431.72,463478,3685,430.44
2023-09-25T13:15:00.000,431.75,431.77,431.47,431.5501,426831,3661,430.46
2023-09-25T13:20:00.000,431.54,431.65,431.19,431.235,389884,3522,430.47
2023-09-25T13:25:00.000,431.24,431.27,430.66,430.98,513630,4582,430.48
2023-09-25T13:30:00.000,430.99,431.03,430.66,430.99,621741,5782,430.49
2023-09-25T13:35:00.000,430.97,431.28,430.88,431.261,393448,3841,430.49
2023-09-25T13:40:00.000,431.25,431.28,430.905,430.96,454295,3442,430.5
2023-09-25T13:45:00.000,430.96,431.1,430.62,431.06,478164,4406,430.51
2023-09-25T13:50:00.000,431.04,431.4,431.03,431.21,342478,3298,430.51
2023-09-25T13:55:00.000,431.19,431.5,431.18,431.47,431335,3518,430.52
2023-09-25T14:00:00.000,431.48,431.695,431.455,431.6499,537879,4164,430.54
2023-09-25T14:05:00.000,431.649,431.73,431.31,431.325,555185,4356,430.56
2023-09-25T14:10:00.000,431.3201,431.49,431.22,431.2801,373228,3183,430.56
2023-09-25T14:15:00.000,431.27,431.4,431.055,431.275,450532,3665,430.57
2023-09-25T14:20:00.000,431.28,431.36,430.85,430.89,985036,3811,430.58
2023-09-25T14:25:00.000,430.9,431.24,430.86,430.995,480594,3954,430.59
2023-09-25T14:30:00.000,430.986,431.26,430.84,431.165,438759,3994,430.59
2023-09-25T14:35:00.000,431.15,431.6801,431.14,431.3226,879474,6055,430.61
2023-09-25T14:40:00.000,431.33,431.54,431.06,431.15,691875,5149,430.62
2023-09-25T14:45:00.000,431.15,431.41,431.07,431.14,389866,3642,430.63
2023-09-25T14:50:00.000,431.13,431.3,430.97,431.0694,905204,3863,430.63
2023-09-25T14:55:00.000,431.06,431.13,430.78,430.84,636616,4905,430.64
2023-09-25T15:00:00.000,430.86,431.0,430.12,430.26,1035671,8263,430.63
2023-09-25T15:05:00.000,430.262,430.33,429.98,430.03,754158,6381,430.63
2023-09-25T15:10:00.000,430.025,430.52,429.985,430.51,1123080,6713,430.62
2023-09-25T15:15:00.000,430.51,431.35,430.47,431.285,1693046,9462,430.63
2023-09-25T15:20:00.000,431.28,431.46,430.93,431.035,980289,7155,430.64
2023-09-25T15:25:00.000,431.035,431.07,430.6,431.0597,763241,6165,430.65
2023-09-25T15:30:00.000,431.05,431.32,430.82,431.1504,754726,6089,430.65
2023-09-25T15:35:00.000,431.16,431.57,431.0,431.55,745916,5950,430.66
2023-09-25T15:40:00.000,431.555,431.615,431.135,431.17,835812,6669,430.67
2023-09-25T15:45:00.000,431.16,431.54,431.15,431.47,1003755,8416,430.69
2023-09-25T15:50:00.000,431.46,431.88,430.9888,431.1499,1413692,10179,430.71
2023-09-25T15:55:00.000,431.15,432.27,431.05,432.22,3781610,21343,430.8
2023-09-25T16:00:00.000,432.22,432.22,432.22,432.22,1638,3,430.8
2023-09-26T09:30:00.000,429.09,429.54,429.01,429.415,2069027,16592,429.25
2023-09-26T09:35:00.000,429.415,429.76,429.29,429.6202,969464,8256,429.34
2023-09-26T09:40:00.000,429.62,429.82,429.3,429.73,1210238,10002,429.4
2023-09-26T09:45:00.000,429.7,429.7653,429.08,429.11,800389,8534,429.4
2023-09-26T09:50:00.000,429.09,429.13,428.61,428.73,1492906,13841,429.26
2023-09-26T09:55:00.000,428.73,428.88,428.53,428.7,1024007,9247,429.18
2023-09-26T10:00:00.000,428.69,428.94,428.18,428.21,1483142,14688,429.08
2023-09-26T10:05:00.000,428.2,428.79,428.11,428.35,1381612,11901,429.0
2023-09-26T10:10:00.000,428.35,428.38,427.44,427.48,1470824,13493,428.87
2023-09-26T10:15:00.000,427.48,427.58,426.9917,427.125,1668916,14579,428.67
2023-09-26T10:20:00.000,427.12,427.59,427.09,427.4003,1646484,13425,428.53
2023-09-26T10:25:00.000,427.41,427.93,427.29,427.93,1309142,11330,428.46
2023-09-26T10:30:00.000,427.93,428.06,427.605,427.68,1247931,10142,428.42
2023-09-26T10:35:00.000,427.66,427.93,427.55,427.8597,624202,6416,428.39
2023-09-26T10:40:00.000,427.86,428.435,427.8,428.4,1068301,8961,428.37
2023-09-26T10:45:00.000,428.395,428.71,427.91,427.9205,1323423,9792,428.37
2023-09-26T10:50:00.000,427.929,428.0,427.63,427.75,892621,7366,428.35
2023-09-26T10:55:00.000,427.75,428.06,427.631,428.025,873683,7685,428.33
2023-09-26T11:00:00.000,428.01,428.24,427.91,428.0212,783276,6711,428.32
2023-09-26T11:05:00.000,428.03,428.04,427.39,427.6263,920077,7766,428.29
2023-09-26T11:10:00.000,427.63,427.64,427.36,427.45,640729,5733,428.27
2023-09-26T11:15:00.000,427.45,427.558,427.28,427.43,702781,5452,428.25
2023-09-26T11:20:00.000,427.44,427.49,427.16,427.205,483458,4695,428.23
2023-09-26T11:25:00.000,427.2,427.255,426.76,426.78,857198,7548,428.2
2023-09-26T11:30:00.000,426.78,427.2,426.63,427.19,1276681,10689,428.14
2023-09-26T11:35:00.000,427.185,427.4,427.01,427.275,981146,7170,428.1
2023-09-26T11:40:00.000,427.27,427.43,426.93,427.1399,1115438,8483,428.07
2023-09-26T11:45:00.000,427.1393,427.3299,426.85,427.11,776877,6645,428.04
2023-09-26T11:50:00.000,427.1112,427.2799,426.91,426.95,578827,6532,428.03
2023-09-26T11:55:00.000,426.95,427.1901,426.84,427.1,569300,4910,428.01
2023-09-26T12:00:00.000,427.11,427.311,426.93,426.96,619679,5044,427.99
2023-09-26T12:05:00.000,426.96,427.49,426.87,427.4603,703887,5741,427.97
2023-09-26T12:10:00.000,427.47,427.7,427.381,427.49,577387,5359,427.97
2023-09-26T12:15:00.000,427.48,427.72,427.25,427.3299,531457,4496,427.96
2023-09-26T12:20:00.000,427.32,427.77,427.23,427.76,618109,3954,427.95
2023-09-26T12:25:00.000,427.7598,427.76,427.49,427.64,733160,4873,427.94
2023-09-26T12:30:00.000,427.62,427.729,427.43,427.56,591414,4841,427.94
2023-09-26T12:35:00.000,427.565,427.79,427.55,427.69,423416,3912,427.94
2023-09-26T12:40:00.000,427.7,427.88,427.54,427.62,506687,4267,427.93
2023-09-26T12:45:00.000,427.61,427.76,427.525,427.7411,457351,3942,427.93
2023-09-26T12:50:00.000,427.74,427.965,427.6801,427.82,365395,3693,427.93
2023-09-26T12:55:00.000,427.82,427.85,427.56,427.56,417072,3663,427.93
2023-09-26T13:00:00.000,427.57,427.88,427.34,427.7,742381,6368,427.92
2023-09-26T13:05:00.000,427.7,427.88,427.06,427.85,862580,7848,427.91
2023-09-26T13:10:00.000,427.855,427.98,427.77,427.85,443902,3843,427.91
2023-09-26T13:15:00.000,427.84,427.97,427.41,427.4499,499082,4569,427.91
2023-09-26T13:20:00.000,427.45,427.55,427.37,427.38,549690,4056,427.9
2023-09-26T13:25:00.000,427.38,427.47,426.97,426.98,622324,5445,427.89
2023-09-26T13:30:00.000,426.97,427.2,426.9,426.91,595499,5727,427.88
2023-09-26T13:35:00.000,426.91,426.93,426.23,426.3,1231352,9009,427.84
2023-09-26T13:40:00.000,426.3,426.37,426.035,426.135,817529,6401,427.81
2023-09-26T13:45:00.000,426.139,426.28,426.01,426.06,745501,5940,427.78
2023-09-26T13:50:00.000,426.06,426.68,426.05,426.51,979434,7338,427.76
2023-09-26T13:55:00.000,426.5,426.78,426.415,426.71,811876,5307,427.74
2023-09-26T14:00:00.000,426.73,426.74,426.32,426.43,877677,6375,427.72
2023-09-26T14:05:00.000,426.42,426.58,426.24,426.25,537464,5114,427.7
2023-09-26T14:10:00.000,426.26,426.44,425.91,426.12,1575799,7403,427.67
2023-09-26T14:15:00.000,426.11,426.251,425.8,425.86,862151,6486,427.64
2023-09-26T14:20:00.000,425.86,426.38,425.83,426.2207,841261,6383,427.62
2023-09-26T14:25:00.000,426.22,426.248,425.82,425.9043,429495,4233,427.6
2023-09-26T14:30:00.000,425.9,426.18,425.75,425.9596,674236,6326,427.58
2023-09-26T14:35:00.000,425.961,426.005,425.64,425.697,639767,5496,427.56
2023-09-26T14:40:00.000,425.7,425.85,425.58,425.64,675220,6101,427.54
2023-09-26T14:45:00.000,425.63,425.79,425.53,425.68,731834,5642,427.51
2023-09-26T14:50:00.000,425.69,425.799,425.47,425.56,844857,6821,427.49
2023-09-26T14:55:00.000,425.5515,425.83,425.5,425.82,794596,6498,427.46
2023-09-26T15:00:00.000,425.815,425.96,425.52,425.6,883176,7697,427.43
2023-09-26T15:05:00.000,425.6099,426.04,425.56,425.9877,939543,7524,427.41
2023-09-26T15:10:00.000,425.98,426.03,425.67,425.7,1171604,8453,427.38
2023-09-26T15:15:00.000,425.7,425.7776,425.25,425.31,1478170,9685,427.34
2023-09-26T15:20:00.000,425.31,425.46,425.17,425.205,889522,7954,427.31
2023-09-26T15:25:00.000,425.205,425.41,425.02,425.24,1138085,9309,427.27
2023-09-26T15:30:00.000,425.24,425.48,425.12,425.14,1775903,9754,427.23
2023-09-26T15:35:00.000,425.14,425.48,425.08,425.45,1090851,9004,427.2
2023-09-26T15:40:00.000,425.45,425.92,425.405,425.88,2333753,11846,427.16
2023-09-26T15:45:00.000,425.88,425.91,425.45,425.47,1948779,12733,427.13
2023-09-26T15:50:00.000,425.46,425.965,425.22,425.75,3030183,16509,427.08
2023-09-26T15:55:00.000,425.75,426.04,425.72,425.83,7224354,27986,426.99
2023-09-26T16:00:00.000,425.83,425.83,425.83,425.83,340,2,426.99
2023-09-27T09:30:00.000,427.09,427.67,426.95,427.225,1750372,14214,427.24
2023-09-27T09:35:00.000,427.22,427.4501,426.76,426.875,1005456,9810,427.14
2023-09-27T09:40:00.000,426.88,427.3999,426.64,427.3799,895738,8954,427.07
2023-09-27T09:45:00.000,427.37,427.645,426.84,426.92,845976,9109,427.1
2023-09-27T09:50:00.000,426.95,427.315,426.83,427.19,606180,6715,427.1
2023-09-27T09:55:00.000,427.2,427.2307,426.78,426.88,709784,7403,427.08
2023-09-27T10:00:00.000,426.905,427.119,426.32,426.4587,1011554,9753,427.0
2023-09-27T10:05:00.000,426.45,426.5,426.16,426.3,939336,7585,426.91
2023-09-27T10:10:00.000,426.29,426.35,425.8592,425.91,995247,8169,426.82
2023-09-27T10:15:00.000,425.91,426.11,425.8501,426.06,868199,6613,426.74
2023-09-27T10:20:00.000,426.07,427.0,426.07,426.81,1845558,15031,426.72
2023-09-27T10:25:00.000,426.81,427.03,426.62,426.83,981076,9019,426.73
2023-09-27T10:30:00.000,426.82,426.88,426.35,426.85,1110680,10479,426.72
2023-09-27T10:35:00.000,426.85,426.93,426.52,426.56,662263,6495,426.72
2023-09-27T10:40:00.000,426.57,426.57,426.2499,426.31,652918,5839,426.7
2023-09-27T10:45:00.000,426.32,426.5,426.04,426.46,713975,6232,426.68
2023-09-27T10:50:00.000,426.452,426.452,425.21,425.34,1443123,11274,426.6
2023-09-27T10:55:00.000,425.345,425.47,425.01,425.16,1535833,8718,426.51
2023-09-27T11:00:00.000,425.17,425.6583,425.045,425.52,989077,8425,426.45
2023-09-27T11:05:00.000,425.52,426.015,425.31,425.98,868827,7641,426.42
2023-09-27T11:10:00.000,425.98,426.06,425.69,425.92,867233,7243,426.4
2023-09-27T11:15:00.000,425.91,425.94,425.52,425.6,1579752,4982,426.38
2023-09-27T11:20:00.000,425.6,425.97,425.45,425.64,882982,5044,426.36
2023-09-27T11:25:00.000,425.64,426.05,425.58,425.96,636534,5701,426.35
2023-09-27T11:30:00.000,425.97,426.1,425.77,426.05,704005,5676,426.33
2023-09-27T11:35:00.000,426.0499,426.12,425.51,425.5289,883858,5729,426.32
2023-09-27T11:40:00.000,425.525,425.555,425.03,425.05,729595,6158,426.29
2023-09-27T11:45:00.000,425.05,425.12,424.59,424.87,1283401,10923,426.22
2023-09-27T11:50:00.000,424.88,424.98,424.71,424.83,708800,5586,426.18
2023-09-27T11:55:00.000,424.82,425.02,424.77,424.8809,882085,4814,426.15
2023-09-27T12:00:00.000,424.88,424.89,424.18,424.1988,1428991,8461,426.08
2023-09-27T12:05:00.000,424.19,424.35,423.97,424.0301,1103350,8383,426.01
2023-09-27T12:10:00.000,424.02,424.265,423.92,424.0001,621244,5326,425.97
2023-09-27T12:15:00.000,424.03,424.06,423.76,423.8378,744316,7020,425.92
2023-09-27T12:20:00.000,423.83,424.07,423.765,423.88,810929,5995,425.86
2023-09-27T12:25:00.000,423.87,424.1999,423.87,424.1999,902454,7351,425.81
2023-09-27T12:30:00.000,424.2,424.49,424.09,424.4501,1523995,9270,425.77
2023-09-27T12:35:00.000,424.45,424.66,424.18,424.2619,736876,5702,425.74
2023-09-27T12:40:00.000,424.265,424.7,424.13,424.6595,905183,6096,425.71
2023-09-27T12:45:00.000,424.655,424.88,424.58,424.625,596998,5033,425.69
2023-09-27T12:50:00.000,424.63,424.6603,424.35,424.3999,508934,4383,425.68
2023-09-27T12:55:00.000,424.4,424.405,423.97,424.07,1004167,5391,425.65
2023-09-27T13:00:00.000,424.0699,424.66,424.05,424.61,870913,5173,425.63
2023-09-27T13:05:00.000,424.62,424.68,424.215,424.46,605702,4580,425.61
2023-09-27T13:10:00.000,424.465,424.515,423.72,423.77,1016298,8652,425.57
2023-09-27T13:15:00.000,423.78,423.94,423.4,423.65,1476758,8522,425.53
2023-09-27T13:20:00.000,423.652,423.69,423.135,423.25,1867814,7522,425.48
2023-09-27T13:25:00.000,423.235,423.36,422.76,422.8094,907333,7723,425.42
2023-09-27T13:30:00.000,422.8,423.1,422.74,423.01,1344873,8364,425.36
2023-09-27T13:35:00.000,423.0,423.12,422.84,422.86,605661,4887,425.33
2023-09-27T13:40:00.000,422.8601,422.871,422.29,422.84,1640817,10818,425.24
2023-09-27T13:45:00.000,422.85,422.99,422.72,422.92,1444349,6382,425.19
2023-09-27T13:50:00.000,422.93,423.27,422.87,423.26,1024947,6941,425.14
2023-09-27T13:55:00.000,423.24,423.335,423.01,423.31,632963,5228,425.11
2023-09-27T14:00:00.000,423.309,423.33,423.05,423.14,822904,6328,425.08
2023-09-27T14:05:00.000,423.14,423.3199,422.8029,422.8199,746559,6226,425.05
2023-09-27T14:10:00.000,422.815,423.0,422.605,422.971,1246546,7910,425.0
2023-09-27T14:15:00.000,422.97,423.345,422.95,423.065,1097327,6629,424.97
2023-09-27T14:20:00.000,423.06,425.06,422.96,423.425,868874,7457,424.94
2023-09-27T14:25:00.000,423.42,424.4399,423.292,424.38,1219764,9314,424.92
2023-09-27T14:30:00.000,424.385,425.31,424.37,425.13,2146524,15901,424.92
2023-09-27T14:35:00.000,425.135,425.89,425.135,425.85,1721501,11391,424.94
2023-09-27T14:40:00.000,425.86,426.23,425.5,426.08,1800047,13332,424.97
2023-09-27T14:45:00.000,426.08,426.33,425.69,425.725,1691194,10425,424.99
2023-09-27T14:50:00.000,425.725,426.01,425.53,425.95,1094291,8907,425.0
2023-09-27T14:55:00.000,425.95,426.14,425.73,425.88,1052330,8249,425.02
2023-09-27T15:00:00.000,425.885,426.71,425.69,426.69,1767254,12134,425.05
2023-09-27T15:05:00.000,426.71,427.25,426.53,427.02,2037752,12851,425.1
2023-09-27T15:10:00.000,427.03,427.539,426.73,426.75,2084561,14874,425.17
2023-09-27T15:15:00.000,426.74,426.88,426.31,426.41,1848529,12513,425.2
2023-09-27T15:20:00.000,426.42,426.81,426.405,426.6399,990836,8403,425.22
2023-09-27T15:25:00.000,426.64,426.935,426.48,426.5,979572,7821,425.24
2023-09-27T15:30:00.000,426.52,426.61,426.23,426.55,1167971,9217,425.26
2023-09-27T15:35:00.000,426.55,426.55,425.81,426.0105,1398375,11151,425.27
2023-09-27T15:40:00.000,426.01,426.01,424.855,425.11,2437477,16807,425.27
2023-09-27T15:45:00.000,425.1,425.345,424.87,425.19,1712160,13922,425.27
2023-09-27T15:50:00.000,425.19,425.98,425.12,425.865,3176634,19773,425.28
2023-09-27T15:55:00.000,425.865,426.06,425.53,426.02,3803780,19803,425.3
2023-09-27T16:00:00.000,426.02,426.02,426.02,426.02,1222,1,425.3
2023-09-28T09:30:00.000,425.48,426.23,425.06,426.1999,1835057,14815,425.56
2023-09-28T09:35:00.000,426.19,426.24,425.34,425.75,1087647,9002,425.65
2023-09-28T09:40:00.000,425.76,425.94,424.87,425.06,1132351,10527,425.6
2023-09-28T09:45:00.000,425.065,425.78,424.95,425.24,827963,8780,425.56
2023-09-28T09:50:00.000,425.23,426.52,425.21,426.455,1140411,11020,425.64
2023-09-28T09:55:00.000,426.46,426.77,426.33,426.7,1429540,10332,425.8
2023-09-28T10:00:00.000,426.72,427.2599,426.65,427.18,1258139,10992,425.98
2023-09-28T10:05:00.000,427.18,427.2,426.535,427.0195,1062892,10022,426.08
2023-09-28T10:10:00.000,426.99,427.18,426.79,426.955,823691,7692,426.15
2023-09-28T10:15:00.000,426.99,427.13,425.95,426.715,1430059,12137,426.19
2023-09-28T10:20:00.000,426.74,427.1,426.35,426.52,886422,6434,426.22
2023-09-28T10:25:00.000,426.565,426.79,426.185,426.39,759234,7005,426.23
2023-09-28T10:30:00.000,426.38,426.43,425.32,425.742,1456447,12809,426.17
2023-09-28T10:35:00.000,425.775,426.48,425.75,426.4601,778378,7637,426.17
2023-09-28T10:40:00.000,426.46,427.08,426.065,427.06,1085577,7634,426.19
2023-09-28T10:45:00.000,427.06,427.365,426.9,427.27,966955,7806,426.25
2023-09-28T10:50:00.000,427.27,427.44,427.08,427.3231,957897,8092,426.3
2023-09-28T10:55:00.000,427.32,427.56,427.07,427.36,1003787,8016,426.35
2023-09-28T11:00:00.000,427.35,427.43,427.02,427.0799,1028165,7965,426.4
2023-09-28T11:05:00.000,427.07,427.74,426.97,427.6,1022238,8559,426.45
2023-09-28T11:10:00.000,427.6,427.65,427.095,427.48,746694,6684,426.48
2023-09-28T11:15:00.000,427.4682,427.565,427.11,427.16,789628,6684,426.51
2023-09-28T11:20:00.000,427.16,428.1,427.1,428.095,935492,7993,426.55
2023-09-28T11:25:00.000,428.095,428.31,427.9,428.305,1682032,10691,426.65
2023-09-28T11:30:00.000,428.31,428.875,428.28,428.68,2010953,12581,426.78
2023-09-28T11:35:00.000,428.69,428.845,428.63,428.65,1141175,7341,426.85
2023-09-28T11:40:00.000,428.64,429.31,428.63,429.2901,1231329,9835,426.94
2023-09-28T11:45:00.000,429.29,429.37,429.065,429.32,1071177,8253,427.02
2023-09-28T11:50:00.000,429.32,429.615,429.27,429.58,1513429,9103,427.12
2023-09-28T11:55:00.000,429.58,429.61,429.2,429.44,1315766,9670,427.21
2023-09-28T12:00:00.000,429.44,429.5304,429.085,429.24,1046398,8592,427.27
2023-09-28T12:05:00.000,429.23,429.3,428.99,429.1201,830204,6037,427.32
2023-09-28T12:10:00.000,429.125,429.28,429.0,429.25,893571,4927,427.35
2023-09-28T12:15:00.000,429.25,429.57,429.2,429.565,869821,6115,427.4
2023-09-28T12:20:00.000,429.56,429.62,429.3273,429.421,685792,5490,427.44
2023-09-28T12:25:00.000,429.43,430.23,429.41,430.13,1595611,9591,427.53
2023-09-28T12:30:00.000,430.13,430.2499,429.55,429.76,1067051,7504,427.59
2023-09-28T12:35:00.000,429.7586,430.02,429.7,429.8236,662827,5164,427.63
2023-09-28T12:40:00.000,429.875,430.135,429.85,430.02,1306802,4968,427.66
2023-09-28T12:45:00.000,430.01,430.06,429.2001,429.21,688260,5866,427.7
2023-09-28T12:50:00.000,429.21,429.435,428.62,428.62,1370761,7360,427.74
2023-09-28T12:55:00.000,428.62,429.07,428.57,428.92,1232415,6533,427.76
2023-09-28T13:00:00.000,428.94,429.23,428.59,428.6099,1122936,6424,427.78
2023-09-28T13:05:00.000,428.6199,429.07,428.29,429.029,734741,5855,427.8
2023-09-28T13:10:00.000,429.025,429.2,428.78,428.99,522963,3957,427.81
2023-09-28T13:15:00.000,428.995,429.05,428.74,428.78,414180,3479,427.82
2023-09-28T13:20:00.000,428.78,429.27,428.74,429.17,613302,4925,427.84
2023-09-28T13:25:00.000,429.16,429.17,428.435,428.47,696811,5409,427.85
2023-09-28T13:30:00.000,428.47,428.51,427.85,427.895,1151004,9429,427.86
2023-09-28T13:35:00.000,427.9,428.34,427.83,428.1519,1244110,6885,427.86
2023-09-28T13:40:00.000,428.18,428.22,427.66,427.78,749996,5938,427.86
2023-09-28T13:45:00.000,427.8,428.4099,427.75,428.25,685239,5455,427.87
2023-09-28T13:50:00.000,428.26,428.4,427.94,428.0999,705065,3976,427.87
2023-09-28T13:55:00.000,428.09,428.21,427.91,428.155,579815,3207,427.87
2023-09-28T14:00:00.000,428.17,428.24,427.93,427.94,530882,4186,427.87
2023-09-28T14:05:00.000,427.94,428.425,427.84,428.37,733359,5866,427.88
2023-09-28T14:10:00.000,428.37,428.777,428.11,428.74,1138330,5880,427.89
2023-09-28T14:15:00.000,428.75,429.105,428.69,428.89,892324,5008,427.9
2023-09-28T14:20:00.000,428.87,429.0,428.64,428.675,604503,4993,427.91
2023-09-28T14:25:00.000,428.669,429.045,428.61,428.85,419806,3578,427.91
2023-09-28T14:30:00.000,428.87,428.91,428.1,428.1,584185,5048,427.92
2023-09-28T14:35:00.000,428.095,428.115,427.47,427.94,1585116,11551,427.92
2023-09-28T14:40:00.000,427.93,428.48,427.79,428.15,550894,4817,427.92
2023-09-28T14:45:00.000,428.15,428.27,427.76,427.86,589601,4622,427.92
2023-09-28T14:50:00.000,427.88,428.1192,427.66,427.94,450239,4560,427.92
2023-09-28T14:55:00.000,427.95,428.39,427.76,428.385,503073,4553,427.92
2023-09-28T15:00:00.000,428.39,428.62,428.241,428.57,731028,6059,427.93
2023-09-28T15:05:00.000,428.59,428.73,428.32,428.58,638804,5276,427.93
2023-09-28T15:10:00.000,428.585,429.01,428.545,428.9834,615717,5031,427.94
2023-09-28T15:15:00.000,428.97,429.48,428.96,429.33,830935,6241,427.96
2023-09-28T15:20:00.000,429.33,429.54,429.26,429.53,610346,5418,427.97
2023-09-28T15:25:00.000,429.565,429.765,429.5201,429.69,716097,6461,427.99
2023-09-28T15:30:00.000,429.695,429.76,429.04,429.04,1178144,8138,428.01
2023-09-28T15:35:00.000,429.05,429.055,428.03,428.055,2078705,11692,428.02
2023-09-28T15:40:00.000,428.06,428.51,427.975,428.445,1749162,9879,428.03
2023-09-28T15:45:00.000,428.49,428.679,427.97,428.09,1930541,11042,428.03
2023-09-28T15:50:00.000,428.09,428.505,428.01,428.245,1952176,12181,428.04
2023-09-28T15:55:00.000,428.24,428.69,428.21,428.53,5034959,22819,428.06
2023-09-28T16:00:00.000,428.53,428.53,428.53,428.53,2091,2,428.06
2023-09-29T09:30:00.000,431.67,431.85,430.94,431.15,2511659,17823,431.38
2023-09-29T09:35:00.000,431.15,431.39,430.94,431.278,1231275,9231,431.31
2023-09-29T09:40:00.000,431.28,431.305,430.73,430.91,1502301,11432,431.22
2023-09-29T09:45:00.000,430.96,431.215,430.57,430.83,1456056,13020,431.15
2023-09-29T09:50:00.000,430.82,431.195,430.73,431.1399,1115713,10004,431.12
2023-09-29T09:55:00.000,431.128,431.559,430.96,431.39,1475024,11096,431.14
2023-09-29T10:00:00.000,431.41,431.76,431.395,431.5099,1867417,11244,431.2
2023-09-29T10:05:00.000,431.51,431.53,430.95,431.13,1207543,9718,431.2
2023-09-29T10:10:00.000,431.13,431.3,430.72,430.93,1065563,9705,431.18
2023-09-29T10:15:00.000,430.93,431.07,430.6,430.83,894641,8389,431.16
2023-09-29T10:20:00.000,430.83,430.98,430.07,430.11,1333611,9413,431.11
2023-09-29T10:25:00.000,430.11,430.65,430.04,430.34,1574547,12248,431.04
2023-09-29T10:30:00.000,430.35,430.845,430.29,430.74,945876,8822,431.01
2023-09-29T10:35:00.000,430.75,430.86,430.48,430.68,731764,7174,431.0
2023-09-29T10:40:00.000,430.66,430.79,430.4,430.74,558019,5094,430.99
2023-09-29T10:45:00.000,430.74,431.1,430.68,431.0279,596937,5567,430.98
2023-09-29T10:50:00.000,431.03,431.3,430.655,431.22,835090,6998,430.98
2023-09-29T10:55:00.000,431.215,431.225,430.44,430.5408,1224935,5375,430.97
2023-09-29T11:00:00.000,430.56,430.73,430.12,430.16,739107,6403,430.95
2023-09-29T11:05:00.000,430.17,430.43,429.93,430.268,1006223,9205,430.92
2023-09-29T11:10:00.000,430.27,430.57,430.23,430.34,556491,5303,430.91
2023-09-29T11:15:00.000,430.33,430.545,430.165,430.45,633609,5063,430.89
2023-09-29T11:20:00.000,430.45,431.36,430.43,431.23,1106818,9483,430.89
2023-09-29T11:25:00.000,431.22,431.25,429.97,429.99,1077242,8760,430.88
2023-09-29T11:30:00.000,430.01,430.2095,429.56,429.6199,1028030,8904,430.85
2023-09-29T11:35:00.000,429.605,429.83,429.1,429.33,1028794,8275,430.8
2023-09-29T11:40:00.000,429.35,429.7,429.09,429.2904,1172757,9850,430.74
2023-09-29T11:45:00.000,429.3,429.44,429.02,429.12,569801,5239,430.71
2023-09-29T11:50:00.000,429.11,429.32,428.635,428.97,983044,8761,430.66
2023-09-29T11:55:00.000,428.97,429.38,428.89,429.23,864463,6863,430.61
2023-09-29T12:00:00.000,429.23,429.29,428.94,429.25,511359,4860,430.59
2023-09-29T12:05:00.000,429.26,429.65,429.13,429.475,555766,5273,430.57
2023-09-29T12:10:00.000,429.42,429.68,428.72,428.8699,976778,8057,430.53
2023-09-29T12:15:00.000,428.86,429.37,428.66,429.33,714498,6020,430.5
2023-09-29T12:20:00.000,429.32,429.75,429.28,429.4,872927,6775,430.48
2023-09-29T12:25:00.000,429.39,429.66,429.305,429.41,318102,3068,430.47
2023-09-29T12:30:00.000,429.43,429.595,429.1,429.3381,628065,5251,430.45
2023-09-29T12:35:00.000,429.33,429.57,429.1,429.1635,434614,3853,430.43
2023-09-29T12:40:00.000,429.16,429.5,428.88,428.95,549083,4810,430.42
2023-09-29T12:45:00.000,428.95,429.34,428.35,428.53,1068960,9420,430.37
2023-09-29T12:50:00.000,428.55,428.62,427.89,427.92,992328,8338,430.31
2023-09-29T12:55:00.000,427.925,428.28,427.915,428.2201,1160177,7652,430.26
2023-09-29T13:00:00.000,428.23,428.24,427.295,427.55,1468568,10434,430.19
2023-09-29T13:05:00.000,427.535,427.555,426.72,426.965,2168009,11641,430.09
2023-09-29T13:10:00.000,426.97,427.16,426.631,426.8,976639,8352,430.01
2023-09-29T13:15:00.000,426.79,427.02,426.5,426.75,1550329,8518,429.94
2023-09-29T13:20:00.000,426.75,427.16,426.73,426.96,870351,7884,429.88
2023-09-29T13:25:00.000,426.9603,427.59,426.96,427.5,896478,7441,429.83
2023-09-29T13:30:00.000,427.495,427.68,427.165,427.26,967365,7753,429.78
2023-09-29T13:35:00.000,427.26,427.49,427.11,427.32,513972,4308,429.75
2023-09-29T13:40:00.000,427.32,427.65,427.16,427.48,847792,7351,429.72
2023-09-29T13:45:00.000,427.46,427.58,426.73,426.87,931394,7820,429.67
2023-09-29T13:50:00.000,426.8518,427.139,426.55,426.705,948193,7917,429.61
2023-09-29T13:55:00.000,426.71,426.9799,426.17,426.17,960392,7649,429.56
2023-09-29T14:00:00.000,426.17,426.59,426.01,426.5595,1519243,12074,429.46
2023-09-29T14:05:00.000,426.555,426.74,426.27,426.315,1053131,7810,429.4
2023-09-29T14:10:00.000,426.33,426.6574,426.22,426.48,772620,6531,429.36
2023-09-29T14:15:00.000,426.48,426.6652,426.15,426.31,934309,5949,429.32
2023-09-29T14:20:00.000,426.32,426.8799,426.269,426.805,1636144,8684,429.26
2023-09-29T14:25:00.000,426.815,427.12,426.16,426.26,1400495,11604,429.2
2023-09-29T14:30:00.000,426.27,426.49,425.91,426.355,2368815,11929,429.13
2023-09-29T14:35:00.000,426.35,426.55,426.14,426.4218,967842,7997,429.09
2023-09-29T14:40:00.000,426.425,427.32,426.375,427.16,924705,7767,429.06
2023-09-29T14:45:00.000,427.15,427.25,426.83,426.89,852379,7208,429.03
2023-09-29T14:50:00.000,426.89,427.16,426.735,427.15,848185,6870,429.0
2023-09-29T14:55:00.000,427.135,428.23,427.12,428.21,1737329,12685,428.97
2023-09-29T15:00:00.000,428.21,428.47,427.275,427.52,1821550,13498,428.94
2023-09-29T15:05:00.000,427.525,428.01,427.47,427.53,1394321,10674,428.91
2023-09-29T15:10:00.000,427.52,428.29,427.335,427.82,2032641,14240,428.88
2023-09-29T15:15:00.000,427.81,428.2,427.65,427.92,1267412,9697,428.87
2023-09-29T15:20:00.000,427.9,427.95,427.5,427.5499,1005574,8514,428.85
2023-09-29T15:25:00.000,427.56,427.74,427.08,427.58,1046357,9006,428.83
2023-09-29T15:30:00.000,427.59,427.6942,427.035,427.05,1455577,11611,428.8
2023-09-29T15:35:00.000,427.07,427.57,426.88,427.46,1330182,10129,428.77
2023-09-29T15:40:00.000,427.46,427.54,426.935,427.05,1165953,10201,428.75
2023-09-29T15:45:00.000,427.05,427.9,426.995,427.85,1707456,13036,428.72
2023-09-29T15:50:00.000,427.85,428.875,427.62,427.93,4931170,29441,428.7
2023-09-29T15:55:00.000,427.935,427.935,426.74,427.39,9478166,38362,428.57
2023-09-29T16:00:00.000,427.39,427.39,427.39,427.39,1300,4,428.57
2023-09-30T09:30:00.000,0.0,0.0,0.0,0.0,0,0,0.0
2023-09-30T09:35:00.000,0.0,0.0,0.0,0.0,0,0,0.0
2023-09-30T09:40:00.000,0.0,0.0,0.0,0.0,0,0,0.0
2023-09-30T09:45:00.000,0.0,0.0,0.0,0.0,0,0,0.0
2023-09-30T09:50:00.000,0.0,0.0,0.0,0.0,0,0,0.0
2023-09-30T09:55:00.000,0.0,0.0,0.0,0.0,0,0,0.0
2023-09-30T10:00:00.000,0.0,0.0,0.0,0.0,0,0,0.0
2023-09-30T10:05:00.000,0.0,0.0,0.0,0.0,0,0,0.0
2023-09-30T10:10:00.000,0.0,0.0,0.0,0.0,0,0,0.0
2023-09-30T10:15:00.000,0.0,0.0,0.0,0.0,0,0,0.0
2023-09-30T10:20:00.000,0.0,0.0,0.0,0.0,0,0,0.0
2023-09-30T10:25:00.000,0.0,0.0,0.0,0.0,0,0,0.0
2023-09-30T10:30:00.000,0.0,0.0,0.0,0.0,0,0,0.0
2023-09-30T10:35:00.000,0.0,0.0,0.0,0.0,0,0,0.0
2023-09-30T10:40:00.000,0.0,0.0,0.0,0.0,0,0,0.0
2023-09-30T10:45:00.000,0.0,0.0,0.0,0.0,0,0,0.0
2023-09-30T10:50:00.000,0.0,0.0,0.0,0.0,0,0,0.0
2023-09-30T10:55:00.000,0.0,0.0,0.0,0.0,0,0,0.0
2023-09-30T11:00:00.000,0.0,0.0,0.0,0.0,0,0,0.0
2023-09-30T11:05:00.000,0.0,0.0,0.0,0.0,0,0,0.0
2023-09-30T11:10:00.000,0.0,0.0,0.0,0.0,0,0,0.0
2023-09-30T11:15:00.000,0.0,0.0,0.0,0.0,0,0,0.0
2023-09-30T11:20:00.000,0.0,0.0,0.0,0.0,0,0,0.0
2023-09-30T11:25:00.000,0.0,0.0,0.0,0.0,0,0,0.0
2023-09-30T11:30:00.000,0.0,0.0,0.0,0.0,0,0,0.0
2023-09-30T11:35:00.000,0.0,0.0,0.0,0.0,0,0,0.0
2023-09-30T11:40:00.000,0.0,0.0,0.0,0.0,0,0,0.0
2023-09-30T11:45:00.000,0.0,0.0,0.0,0.0,0,0,0.0
2023-09-30T11:50:00.000,0.0,0.0,0.0,0.0,0,0,0.0
2023-09-30T11:55:00.000,0.0,0.0,0.0,0.0,0,0,0.0
2023-09-30T12:00:00.000,0.0,0.0,0.0,0.0,0,0,0.0
2023-09-30T12:05:00.000,0.0,0.0,0.0,0.0,0,0,0.0
2023-09-30T12:10:00.000,0.0,0.0,0.0,0.0,0,0,0.0
2023-09-30T12:15:00.000,0.0,0.0,0.0,0.0,0,0,0.0
2023-09-30T12:20:00.000,0.0,0.0,0.0,0.0,0,0,0.0
2023-09-30T12:25:00.000,0.0,0.0,0.0,0.0,0,0,0.0
2023-09-30T12:30:00.000,0.0,0.0,0.0,0.0,0,0,0.0
2023-09-30T12:35:00.000,0.0,0.0,0.0,0.0,0,0,0.0
2023-09-30T12:40:00.000,0.0,0.0,0.0,0.0,0,0,0.0
2023-09-30T12:45:00.000,0.0,0.0,0.0,0.0,0,0,0.0
2023-09-30T12:50:00.000,0.0,0.0,0.0,0.0,0,0,0.0
2023-09-30T12:55:00.000,0.0,0.0,0.0,0.0,0,0,0.0
2023-09-30T13:00:00.000,0.0,0.0,0.0,0.0,0,0,0.0
2023-09-30T13:05:00.000,0.0,0.0,0.0,0.0,0,0,0.0
2023-09-30T13:10:00.000,0.0,0.0,0.0,0.0,0,0,0.0
2023-09-30T13:15:00.000,0.0,0.0,0.0,0.0,0,0,0.0
2023-09-30T13:20:00.000,0.0,0.0,0.0,0.0,0,0,0.0
2023-09-30T13:25:00.000,0.0,0.0,0.0,0.0,0,0,0.0
2023-09-30T13:30:00.000,0.0,0.0,0.0,0.0,0,0,0.0
2023-09-30T13:35:00.000,0.0,0.0,0.0,0.0,0,0,0.0
2023-09-30T13:40:00.000,0.0,0.0,0.0,0.0,0,0,0.0
2023-09-30T13:45:00.000,0.0,0.0,0.0,0.0,0,0,0.0
2023-09-30T13:50:00.000,0.0,0.0,0.0,0.0,0,0,0.0
2023-09-30T13:55:00.000,0.0,0.0,0.0,0.0,0,0,0.0
2023-09-30T14:00:00.000,0.0,0.0,0.0,0.0,0,0,0.0
2023-09-30T14:05:00.000,0.0,0.0,0.0,0.0,0,0,0.0
2023-09-30T14:10:00.000,0.0,0.0,0.0,0.0,0,0,0.0
2023-09-30T14:15:00.000,0.0,0.0,0.0,0.0,0,0,0.0
2023-09-30T14:20:00.000,0.0,0.0,0.0,0.0,0,0,0.0
2023-09-30T14:25:00.000,0.0,0.0,0.0,0.0,0,0,0.0
2023-09-30T14:30:00.000,0.0,0.0,0.0,0.0,0,0,0.0
2023-09-30T14:35:00.000,0.0,0.0,0.0,0.0,0,0,0.0
2023-09-30T14:40:00.000,0.0,0.0,0.0,0.0,0,0,0.0
2023-09-30T14:45:00.000,0.0,0.0,0.0,0.0,0,0,0.0
2023-09-30T14:50:00.000,0.0,0.0,0.0,0.0,0,0,0.0
2023-09-30T14:55:00.000,0.0,0.0,0.0,0.0,0,0,0.0
2023-09-30T15:00:00.000,0.0,0.0,0.0,0.0,0,0,0.0
2023-09-30T15:05:00.000,0.0,0.0,0.0,0.0,0,0,0.0
2023-09-30T15:10:00.000,0.0,0.0,0.0,0.0,0,0,0.0
2023-09-30T15:15:00.000,0.0,0.0,0.0,0.0,0,0,0.0
2023-09-30T15:20:00.000,0.0,0.0,0.0,0.0,0,0,0.0
2023-09-30T15:25:00.000,0.0,0.0,0.0,0.0,0,0,0.0
2023-09-30T15:30:00.000,0.0,0.0,0.0,0.0,0,0,0.0
2023-09-30T15:35:00.000,0.0,0.0,0.0,0.0,0,0,0.0
2023-09-30T15:40:00.000,0.0,0.0,0.0,0.0,0,0,0.0
2023-09-30T15:45:00.000,0.0,0.0,0.0,0.0,0,0,0.0
2023-09-30T15:50:00.000,0.0,0.0,0.0,0.0,0,0,0.0
2023-09-30T15:55:00.000,0.0,0.0,0.0,0.0,0,0,0.0
2023-09-30T16:00:00.000,0.0,0.0,0.0,0.0,0,0,0.0
