timestamp,open,high,low,close,volume,count,vwap
2025-09-01T09:30:00.000,0.0,0.0,0.0,0.0,0,0,0.0
2025-09-01T09:35:00.000,0.0,0.0,0.0,0.0,0,0,0.0
2025-09-01T09:40:00.000,0.0,0.0,0.0,0.0,0,0,0.0
2025-09-01T09:45:00.000,0.0,0.0,0.0,0.0,0,0,0.0
2025-09-01T09:50:00.000,0.0,0.0,0.0,0.0,0,0,0.0
2025-09-01T09:55:00.000,0.0,0.0,0.0,0.0,0,0,0.0
2025-09-01T10:00:00.000,0.0,0.0,0.0,0.0,0,0,0.0
2025-09-01T10:05:00.000,0.0,0.0,0.0,0.0,0,0,0.0
2025-09-01T10:10:00.000,0.0,0.0,0.0,0.0,0,0,0.0
2025-09-01T10:15:00.000,0.0,0.0,0.0,0.0,0,0,0.0
2025-09-01T10:20:00.000,0.0,0.0,0.0,0.0,0,0,0.0
2025-09-01T10:25:00.000,0.0,0.0,0.0,0.0,0,0,0.0
2025-09-01T10:30:00.000,0.0,0.0,0.0,0.0,0,0,0.0
2025-09-01T10:35:00.000,0.0,0.0,0.0,0.0,0,0,0.0
2025-09-01T10:40:00.000,0.0,0.0,0.0,0.0,0,0,0.0
2025-09-01T10:45:00.000,0.0,0.0,0.0,0.0,0,0,0.0
2025-09-01T10:50:00.000,0.0,0.0,0.0,0.0,0,0,0.0
2025-09-01T10:55:00.000,0.0,0.0,0.0,0.0,0,0,0.0
2025-09-01T11:00:00.000,0.0,0.0,0.0,0.0,0,0,0.0
2025-09-01T11:05:00.000,0.0,0.0,0.0,0.0,0,0,0.0
2025-09-01T11:10:00.000,0.0,0.0,0.0,0.0,0,0,0.0
2025-09-01T11:15:00.000,0.0,0.0,0.0,0.0,0,0,0.0
2025-09-01T11:20:00.000,0.0,0.0,0.0,0.0,0,0,0.0
2025-09-01T11:25:00.000,0.0,0.0,0.0,0.0,0,0,0.0
2025-09-01T11:30:00.000,0.0,0.0,0.0,0.0,0,0,0.0
2025-09-01T11:35:00.000,0.0,0.0,0.0,0.0,0,0,0.0
2025-09-01T11:40:00.000,0.0,0.0,0.0,0.0,0,0,0.0
2025-09-01T11:45:00.000,0.0,0.0,0.0,0.0,0,0,0.0
2025-09-01T11:50:00.000,0.0,0.0,0.0,0.0,0,0,0.0
2025-09-01T11:55:00.000,0.0,0.0,0.0,0.0,0,0,0.0
2025-09-01T12:00:00.000,0.0,0.0,0.0,0.0,0,0,0.0
2025-09-01T12:05:00.000,0.0,0.0,0.0,0.0,0,0,0.0
2025-09-01T12:10:00.000,0.0,0.0,0.0,0.0,0,0,0.0
2025-09-01T12:15:00.000,0.0,0.0,0.0,0.0,0,0,0.0
2025-09-01T12:20:00.000,0.0,0.0,0.0,0.0,0,0,0.0
2025-09-01T12:25:00.000,0.0,0.0,0.0,0.0,0,0,0.0
2025-09-01T12:30:00.000,0.0,0.0,0.0,0.0,0,0,0.0
2025-09-01T12:35:00.000,0.0,0.0,0.0,0.0,0,0,0.0
2025-09-01T12:40:00.000,0.0,0.0,0.0,0.0,0,0,0.0
2025-09-01T12:45:00.000,0.0,0.0,0.0,0.0,0,0,0.0
2025-09-01T12:50:00.000,0.0,0.0,0.0,0.0,0,0,0.0
2025-09-01T12:55:00.000,0.0,0.0,0.0,0.0,0,0,0.0
2025-09-01T13:00:00.000,0.0,0.0,0.0,0.0,0,0,0.0
2025-09-01T13:05:00.000,0.0,0.0,0.0,0.0,0,0,0.0
2025-09-01T13:10:00.000,0.0,0.0,0.0,0.0,0,0,0.0
2025-09-01T13:15:00.000,0.0,0.0,0.0,0.0,0,0,0.0
2025-09-01T13:20:00.000,0.0,0.0,0.0,0.0,0,0,0.0
2025-09-01T13:25:00.000,0.0,0.0,0.0,0.0,0,0,0.0
2025-09-01T13:30:00.000,0.0,0.0,0.0,0.0,0,0,0.0
2025-09-01T13:35:00.000,0.0,0.0,0.0,0.0,0,0,0.0
2025-09-01T13:40:00.000,0.0,0.0,0.0,0.0,0,0,0.0
2025-09-01T13:45:00.000,0.0,0.0,0.0,0.0,0,0,0.0
2025-09-01T13:50:00.000,0.0,0.0,0.0,0.0,0,0,0.0
2025-09-01T13:55:00.000,0.0,0.0,0.0,0.0,0,0,0.0
2025-09-01T14:00:00.000,0.0,0.0,0.0,0.0,0,0,0.0
2025-09-01T14:05:00.000,0.0,0.0,0.0,0.0,0,0,0.0
2025-09-01T14:10:00.000,0.0,0.0,0.0,0.0,0,0,0.0
2025-09-01T14:15:00.000,0.0,0.0,0.0,0.0,0,0,0.0
2025-09-01T14:20:00.000,0.0,0.0,0.0,0.0,0,0,0.0
2025-09-01T14:25:00.000,0.0,0.0,0.0,0.0,0,0,0.0
2025-09-01T14:30:00.000,0.0,0.0,0.0,0.0,0,0,0.0
2025-09-01T14:35:00.000,0.0,0.0,0.0,0.0,0,0,0.0
2025-09-01T14:40:00.000,0.0,0.0,0.0,0.0,0,0,0.0
2025-09-01T14:45:00.000,0.0,0.0,0.0,0.0,0,0,0.0
2025-09-01T14:50:00.000,0.0,0.0,0.0,0.0,0,0,0.0
2025-09-01T14:55:00.000,0.0,0.0,0.0,0.0,0,0,0.0
2025-09-01T15:00:00.000,0.0,0.0,0.0,0.0,0,0,0.0
2025-09-01T15:05:00.000,0.0,0.0,0.0,0.0,0,0,0.0
2025-09-01T15:10:00.000,0.0,0.0,0.0,0.0,0,0,0.0
2025-09-01T15:15:00.000,0.0,0.0,0.0,0.0,0,0,0.0
2025-09-01T15:20:00.000,0.0,0.0,0.0,0.0,0,0,0.0
2025-09-01T15:25:00.000,0.0,0.0,0.0,0.0,0,0,0.0
2025-09-01T15:30:00.000,0.0,0.0,0.0,0.0,0,0,0.0
2025-09-01T15:35:00.000,0.0,0.0,0.0,0.0,0,0,0.0
2025-09-01T15:40:00.000,0.0,0.0,0.0,0.0,0,0,0.0
2025-09-01T15:45:00.000,0.0,0.0,0.0,0.0,0,0,0.0
2025-09-01T15:50:00.000,0.0,0.0,0.0,0.0,0,0,0.0
2025-09-01T15:55:00.000,0.0,0.0,0.0,0.0,0,0,0.0
2025-09-01T16:00:00.000,0.0,0.0,0.0,0.0,0,0,0.0
2025-09-02T09:30:00.000,637.5,637.52,636.05,636.39,4300895,50914,636.61
2025-09-02T09:35:00.000,636.38,637.34,636.33,636.855,2392750,28120,636.75
2025-09-02T09:40:00.000,636.85,637.435,636.57,637.095,1260356,17040,636.78
2025-09-02T09:45:00.000,637.07,637.87,636.44,637.805,1501659,18587,636.83
2025-09-02T09:50:00.000,637.81,639.14,637.67,639.14,1729026,22052,637.09
2025-09-02T09:55:00.000,639.12,639.36,638.82,639.07,1125215,14074,637.25
2025-09-02T10:00:00.000,639.01,640.14,638.87,639.34,1385076,16922,637.49
2025-09-02T10:05:00.000,639.34,639.438,638.83,638.97,763907,12094,637.57
2025-09-02T10:10:00.000,638.96,639.5199,638.6702,638.9,785971,11721,637.65
2025-09-02T10:15:00.000,638.89,639.28,638.44,638.91,971499,11658,637.71
2025-09-02T10:20:00.000,638.91,639.4465,638.36,638.455,677014,10744,637.75
2025-09-02T10:25:00.000,638.45,639.49,638.18,639.47,1001977,13618,637.81
2025-09-02T10:30:00.000,639.45,639.63,638.94,639.523,717341,10944,637.87
2025-09-02T10:35:00.000,639.51,639.58,638.85,638.98,703535,8119,637.9
2025-09-02T10:40:00.000,638.99,638.9942,637.97,638.11,795867,13663,637.92
2025-09-02T10:45:00.000,638.13,638.27,637.39,637.46,893733,13308,637.91
2025-09-02T10:50:00.000,637.45,637.705,637.23,637.43,768814,16772,637.9
2025-09-02T10:55:00.000,637.41,637.76,637.235,637.65,874477,10801,637.88
2025-09-02T11:00:00.000,637.65,637.94,637.27,637.275,583845,7742,637.88
2025-09-02T11:05:00.000,637.3,637.33,636.89,637.1499,580204,10124,637.86
2025-09-02T11:10:00.000,637.15,637.52,636.9107,637.0,461279,8517,637.85
2025-09-02T11:15:00.000,637.01,637.095,636.37,636.57,830920,12535,637.81
2025-09-02T11:20:00.000,636.57,636.6,636.17,636.48,822231,10712,637.77
2025-09-02T11:25:00.000,636.48,636.81,636.41,636.56,681405,9084,637.74
2025-09-02T11:30:00.000,636.55,636.568,636.18,636.24,770999,8359,637.72
2025-09-02T11:35:00.000,636.23,636.28,635.45,635.495,895863,12812,637.65
2025-09-02T11:40:00.000,635.52,635.7699,635.41,635.4788,562911,14036,637.62
2025-09-02T11:45:00.000,635.49,635.74,635.39,635.415,478558,7847,637.59
2025-09-02T11:50:00.000,635.43,635.43,634.955,635.17,1303047,14017,637.5
2025-09-02T11:55:00.000,635.17,635.57,634.92,635.21,722329,9832,637.45
2025-09-02T12:00:00.000,635.215,635.61,635.0301,635.09,857612,8736,637.4
2025-09-02T12:05:00.000,635.09,635.485,635.07,635.1201,443351,7459,637.37
2025-09-02T12:10:00.000,635.12,635.6899,635.09,635.57,557689,10129,637.34
2025-09-02T12:15:00.000,635.57,636.0,635.56,635.9928,587059,8425,637.31
2025-09-02T12:20:00.000,635.99,636.07,635.73,635.75,411211,6644,637.29
2025-09-02T12:25:00.000,635.76,635.91,635.56,635.61,411383,6743,637.27
2025-09-02T12:30:00.000,635.61,635.87,635.61,635.715,340077,6019,637.26
2025-09-02T12:35:00.000,635.71,636.13,635.61,635.835,351370,5778,637.25
2025-09-02T12:40:00.000,635.84,636.505,635.84,636.14,678547,9085,637.23
2025-09-02T12:45:00.000,636.13,636.265,635.68,635.92,473015,7218,637.21
2025-09-02T12:50:00.000,635.915,636.48,635.87,636.37,494887,7350,637.2
2025-09-02T12:55:00.000,636.39,636.97,636.37,636.95,742185,8924,637.19
2025-09-02T13:00:00.000,636.95,637.13,636.89,637.04,618114,8184,637.19
2025-09-02T13:05:00.000,637.04,637.28,636.9,637.01,539990,7847,637.18
2025-09-02T13:10:00.000,637.02,637.06,636.53,636.73,403755,6553,637.18
2025-09-02T13:15:00.000,636.71,636.97,636.66,636.95,313647,5123,637.18
2025-09-02T13:20:00.000,636.94,637.405,636.88,637.345,452794,6395,637.18
2025-09-02T13:25:00.000,637.34,637.85,637.34,637.64,674586,8556,637.18
2025-09-02T13:30:00.000,637.63,638.38,637.63,638.34,682155,9996,637.2
2025-09-02T13:35:00.000,638.35,638.775,638.2301,638.73,698325,9570,637.22
2025-09-02T13:40:00.000,638.72,638.95,638.51,638.85,707366,9413,637.25
2025-09-02T13:45:00.000,638.86,638.99,638.66,638.87,527677,7167,637.27
2025-09-02T13:50:00.000,638.87,639.035,638.52,638.54,640715,7775,637.29
2025-09-02T13:55:00.000,638.54,638.65,638.33,638.35,493499,6539,637.31
2025-09-02T14:00:00.000,638.33,638.81,638.28,638.44,568253,5827,637.32
2025-09-02T14:05:00.000,638.44,638.47,638.065,638.1,368279,5403,637.33
2025-09-02T14:10:00.000,638.11,638.33,637.98,638.09,448063,5812,637.34
2025-09-02T14:15:00.000,638.09,638.19,637.77,637.8001,344203,5227,637.34
2025-09-02T14:20:00.000,637.8,638.21,637.73,637.98,350840,5168,637.35
2025-09-02T14:25:00.000,637.975,638.08,637.65,637.7265,294190,4579,637.35
2025-09-02T14:30:00.000,637.72,638.085,637.68,637.77,366951,5349,637.36
2025-09-02T14:35:00.000,637.75,637.75,637.47,637.64,440338,5385,637.36
2025-09-02T14:40:00.000,637.64,637.67,637.32,637.52,400439,5495,637.36
2025-09-02T14:45:00.000,637.51,638.23,637.39,637.965,626702,7609,637.36
2025-09-02T14:50:00.000,637.95,638.94,637.94,638.5899,1081759,10772,637.39
2025-09-02T14:55:00.000,638.61,638.63,637.92,638.0518,490010,6351,637.4
2025-09-02T15:00:00.000,638.06,638.58,638.04,638.46,625112,8130,637.41
2025-09-02T15:05:00.000,638.43,638.585,638.315,638.52,315391,4679,637.42
2025-09-02T15:10:00.000,638.55,638.8,638.33,638.76,466876,6403,637.43
2025-09-02T15:15:00.000,638.76,639.14,638.64,639.1,724693,9192,637.45
2025-09-02T15:20:00.000,639.1,639.31,638.82,638.86,647428,7691,637.47
2025-09-02T15:25:00.000,638.85,639.24,638.74,639.14,603880,8225,637.49
2025-09-02T15:30:00.000,639.13,639.4584,639.04,639.1416,1277933,10539,637.52
2025-09-02T15:35:00.000,639.14,639.59,639.06,639.58,1098464,11994,637.56
2025-09-02T15:40:00.000,639.57,639.855,639.45,639.59,1224026,13272,637.61
2025-09-02T15:45:00.000,639.59,639.735,639.31,639.7,1364696,13218,637.66
2025-09-02T15:50:00.000,639.68,640.25,639.49,640.155,2934596,27120,637.78
2025-09-02T15:55:00.000,640.15,640.49,639.925,640.31,5943498,40224,638.0
2025-09-02T16:00:00.000,640.33,640.33,640.33,640.33,6400,3,638.0
2025-09-03T09:30:00.000,642.67,643.14,642.41,642.87,2191816,25785,642.79
2025-09-03T09:35:00.000,642.88,643.23,642.65,642.89,1702868,20884,642.84
2025-09-03T09:40:00.000,642.89,643.13,642.52,643.0,1105219,15826,642.83
2025-09-03T09:45:00.000,643.02,643.1,642.1,642.52,1482251,19154,642.77
2025-09-03T09:50:00.000,642.52,643.05,642.255,642.39,983789,13709,642.75
2025-09-03T09:55:00.000,642.385,642.51,641.83,641.94,939232,12203,642.67
2025-09-03T10:00:00.000,642.0,642.8642,641.7402,642.67,1150519,15312,642.64
2025-09-03T10:05:00.000,642.66,642.895,642.26,642.42,750902,11450,642.64
2025-09-03T10:10:00.000,642.42,642.77,641.59,641.62,1032127,17309,642.59
2025-09-03T10:15:00.000,641.62,642.72,641.62,642.638,985686,13216,642.55
2025-09-03T10:20:00.000,642.64,642.96,642.6,642.82,728445,11571,642.57
2025-09-03T10:25:00.000,642.81,643.2197,642.32,642.3612,878210,13581,642.58
2025-09-03T10:30:00.000,642.36,643.27,642.34,643.25,937319,12341,642.6
2025-09-03T10:35:00.000,643.25,643.32,643.05,643.23,698506,11521,642.62
2025-09-03T10:40:00.000,643.22,643.88,643.22,643.6909,1115058,14147,642.68
2025-09-03T10:45:00.000,643.68,644.09,643.58,643.93,833297,13023,642.74
2025-09-03T10:50:00.000,643.938,644.16,643.74,643.955,719677,12046,642.78
2025-09-03T10:55:00.000,643.95,644.07,643.74,643.97,553811,9487,642.81
2025-09-03T11:00:00.000,643.98,644.12,643.825,644.03,606366,9064,642.85
2025-09-03T11:05:00.000,644.04,644.21,643.74,643.95,619193,9696,642.88
2025-09-03T11:10:00.000,643.96,644.08,643.51,643.63,494018,8189,642.9
2025-09-03T11:15:00.000,643.62,643.68,643.385,643.535,548871,8367,642.92
2025-09-03T11:20:00.000,643.52,643.58,643.005,643.355,757326,10817,642.93
2025-09-03T11:25:00.000,643.335,643.34,642.29,642.43,1084662,13904,642.92
2025-09-03T11:30:00.000,642.43,642.68,642.13,642.34,898583,11431,642.89
2025-09-03T11:35:00.000,642.34,642.81,642.33,642.8,782918,11217,642.88
2025-09-03T11:40:00.000,642.79,642.97,642.6099,642.73,463918,7969,642.88
2025-09-03T11:45:00.000,642.72,642.825,642.34,642.6299,568753,7912,642.88
2025-09-03T11:50:00.000,642.62,642.85,642.33,642.59,380165,6833,642.87
2025-09-03T11:55:00.000,642.58,642.58,642.12,642.375,404366,6656,642.87
2025-09-03T12:00:00.000,642.37,642.55,641.995,642.205,522090,7821,642.85
2025-09-03T12:05:00.000,642.23,642.55,642.09,642.5042,426872,7162,642.85
2025-09-03T12:10:00.000,642.515,642.605,642.23,642.32,385498,7092,642.84
2025-09-03T12:15:00.000,642.3,642.68,642.17,642.673,370169,6868,642.83
2025-09-03T12:20:00.000,642.65,643.125,642.46,642.46,622985,9396,642.84
2025-09-03T12:25:00.000,642.48,642.74,642.235,642.43,418567,7011,642.83
2025-09-03T12:30:00.000,642.44,642.52,642.28,642.36,277654,5167,642.83
2025-09-03T12:35:00.000,642.37,642.43,642.09,642.13,332400,5332,642.82
2025-09-03T12:40:00.000,642.13,642.16,641.71,641.86,870981,8539,642.8
2025-09-03T12:45:00.000,641.85,642.03,641.55,641.67,545486,7324,642.78
2025-09-03T12:50:00.000,641.68,641.85,641.43,641.675,617258,7989,642.76
2025-09-03T12:55:00.000,641.69,642.11,641.69,641.82,687718,7970,642.74
2025-09-03T13:00:00.000,641.82,642.29,641.82,642.1342,474239,6521,642.73
2025-09-03T13:05:00.000,642.12,642.31,642.085,642.22,372686,5644,642.73
2025-09-03T13:10:00.000,642.23,642.7765,642.23,642.54,543237,7694,642.72
2025-09-03T13:15:00.000,642.57,642.85,642.5302,642.5701,813620,5277,642.72
2025-09-03T13:20:00.000,642.58,642.69,642.38,642.38,462464,4512,642.72
2025-09-03T13:25:00.000,642.37,642.39,641.9501,642.27,403226,5854,642.72
2025-09-03T13:30:00.000,642.26,642.43,641.98,641.99,379757,6653,642.71
2025-09-03T13:35:00.000,641.98,642.14,641.79,641.805,331918,5133,642.7
2025-09-03T13:40:00.000,641.8,641.91,641.17,641.22,641257,7702,642.68
2025-09-03T13:45:00.000,641.24,641.46,640.625,641.36,1116712,13299,642.63
2025-09-03T13:50:00.000,641.37,641.6793,641.13,641.1501,454103,6260,642.61
2025-09-03T13:55:00.000,641.17,641.24,640.698,640.978,694705,7180,642.59
2025-09-03T14:00:00.000,640.98,641.14,640.54,640.91,964098,11118,642.55
2025-09-03T14:05:00.000,640.91,641.09,640.64,640.93,560966,7234,642.53
2025-09-03T14:10:00.000,640.94,641.19,640.7307,641.07,424408,6138,642.51
2025-09-03T14:15:00.000,641.07,641.16,640.78,640.93,452756,6300,642.49
2025-09-03T14:20:00.000,640.94,641.14,640.76,640.89,448564,6358,642.48
2025-09-03T14:25:00.000,640.9,641.29,640.81,641.13,646627,6064,642.46
2025-09-03T14:30:00.000,641.11,641.11,640.67,640.985,471445,6454,642.45
2025-09-03T14:35:00.000,640.96,641.04,640.46,640.51,520667,7164,642.43
2025-09-03T14:40:00.000,640.51,641.16,640.47,641.098,700142,8343,642.4
2025-09-03T14:45:00.000,641.09,641.28,640.89,640.94,453987,5815,642.38
2025-09-03T14:50:00.000,640.95,641.13,640.79,640.985,478294,6132,642.37
2025-09-03T14:55:00.000,640.985,641.05,640.72,640.885,517562,6650,642.35
2025-09-03T15:00:00.000,640.88,640.985,640.56,640.875,592324,6741,642.33
2025-09-03T15:05:00.000,640.88,641.14,640.78,640.85,422658,5459,642.31
2025-09-03T15:10:00.000,640.85,640.905,640.66,640.74,312161,4476,642.3
2025-09-03T15:15:00.000,640.74,641.005,640.67,640.97,643752,6936,642.28
2025-09-03T15:20:00.000,640.97,641.105,640.82,641.05,574651,6859,642.26
2025-09-03T15:25:00.000,641.05,641.2,640.98,641.02,407131,6055,642.25
2025-09-03T15:30:00.000,641.04,641.57,641.01,641.54,715243,8902,642.24
2025-09-03T15:35:00.000,641.54,641.84,641.52,641.7988,947776,10437,642.23
2025-09-03T15:40:00.000,641.8,642.29,641.76,642.2,1083096,11560,642.22
2025-09-03T15:45:00.000,642.2,642.6,642.01,642.5075,2052489,19909,642.23
2025-09-03T15:50:00.000,642.51,643.08,642.507,642.995,2678139,27109,642.26
2025-09-03T15:55:00.000,642.995,643.73,642.87,643.64,6224148,41226,642.36
2025-09-03T16:00:00.000,643.64,643.64,643.64,643.64,5612,4,642.36
2025-09-04T09:30:00.000,644.42,644.94,644.19,644.9106,1243019,17343,644.47
2025-09-04T09:35:00.000,644.91,645.3,644.56,644.74,1358398,16619,644.71
2025-09-04T09:40:00.000,644.74,645.155,644.62,645.05,905235,11888,644.75
2025-09-04T09:45:00.000,645.04,645.27,644.48,644.89,1410899,16929,644.8
2025-09-04T09:50:00.000,644.92,645.155,644.72,644.86,822027,12501,644.82
2025-09-04T09:55:00.000,644.86,645.15,644.67,644.85,570224,9143,644.83
2025-09-04T10:00:00.000,644.8,645.0185,644.0,644.06,1117190,14462,644.77
2025-09-04T10:05:00.000,644.08,644.2372,643.8,643.88,1051771,14524,644.68
2025-09-04T10:10:00.000,643.89,644.5,643.79,643.9,1070538,14947,644.62
2025-09-04T10:15:00.000,643.92,644.23,643.51,644.12,1029647,14995,644.55
2025-09-04T10:20:00.000,644.12,644.81,644.11,644.79,818979,12839,644.54
2025-09-04T10:25:00.000,644.77,645.11,644.57,644.88,915238,13251,644.57
2025-09-04T10:30:00.000,644.87,645.37,644.84,645.17,967075,17797,644.61
2025-09-04T10:35:00.000,645.17,645.78,644.99,645.6,1164789,16586,644.68
2025-09-04T10:40:00.000,645.6,645.695,645.235,645.35,741559,11179,644.71
2025-09-04T10:45:00.000,645.36,645.74,645.26,645.72,592061,11007,644.74
2025-09-04T10:50:00.000,645.71,645.73,645.29,645.57,596074,9955,644.77
2025-09-04T10:55:00.000,645.56,645.67,645.3,645.645,379844,7598,644.78
2025-09-04T11:00:00.000,645.64,645.88,645.585,645.63,683907,10989,644.82
2025-09-04T11:05:00.000,645.64,645.88,645.605,645.82,587590,8749,644.85
2025-09-04T11:10:00.000,645.81,645.865,645.31,645.515,655791,9744,644.87
2025-09-04T11:15:00.000,645.515,646.0499,645.51,646.01,750057,9579,644.9
2025-09-04T11:20:00.000,646.0,646.25,645.87,646.04,620229,8142,644.93
2025-09-04T11:25:00.000,646.04,646.435,646.0024,646.2108,753931,11718,644.98
2025-09-04T11:30:00.000,646.22,646.26,645.9106,646.12,502272,8624,645.0
2025-09-04T11:35:00.000,646.12,646.145,645.82,645.9701,482679,8429,645.02
2025-09-04T11:40:00.000,645.98,646.31,645.915,646.0518,387723,7722,645.04
2025-09-04T11:45:00.000,646.045,646.3,645.9825,646.23,380477,7802,645.06
2025-09-04T11:50:00.000,646.24,646.48,646.14,646.47,499074,8162,645.08
2025-09-04T11:55:00.000,646.46,646.59,646.17,646.175,738978,9026,645.12
2025-09-04T12:00:00.000,646.175,646.3876,646.14,646.31,400924,6334,645.13
2025-09-04T12:05:00.000,646.315,646.51,646.213127,646.505,365853,6436,645.15
2025-09-04T12:10:00.000,646.49,646.56,646.37,646.41,373305,6459,645.17
2025-09-04T12:15:00.000,646.42,646.475,646.2646,646.4,363203,5857,645.18
2025-09-04T12:20:00.000,646.391,646.51,646.14,646.1486,361745,6009,645.2
2025-09-04T12:25:00.000,646.14,646.24,645.83,645.95,444803,6937,645.21
2025-09-04T12:30:00.000,645.94,646.145,645.88,645.97,317315,5502,645.22
2025-09-04T12:35:00.000,645.965,646.17,645.91,646.0146,278980,4775,645.23
2025-09-04T12:40:00.000,646.03,646.03,645.81,645.985996,365961,6317,645.24
2025-09-04T12:45:00.000,645.97,646.46,645.935,646.35,418006,6839,645.25
2025-09-04T12:50:00.000,646.35,646.5,646.17,646.335,398063,6019,645.27
2025-09-04T12:55:00.000,646.34,646.395,645.93,645.943,315974,5127,645.28
2025-09-04T13:00:00.000,645.95,646.55,645.92,646.51,467258,6936,645.3
2025-09-04T13:05:00.000,646.51,646.8,646.435,646.61,480851,7182,645.32
2025-09-04T13:10:00.000,646.6142,646.65,646.305,646.345,404830,5849,645.33
2025-09-04T13:15:00.000,646.34,646.685,646.34,646.66,325033,5307,645.35
2025-09-04T13:20:00.000,646.66,646.88,646.63,646.785,299124,5075,645.36
2025-09-04T13:25:00.000,646.8,646.97,646.74,646.8593,682993,5375,645.38
2025-09-04T13:30:00.000,646.84,646.92,646.59,646.63,577365,7110,645.4
2025-09-04T13:35:00.000,646.65,646.86,646.6001,646.685,404166,6813,645.42
2025-09-04T13:40:00.000,646.69,646.9,646.67,646.8207,398973,5957,645.43
2025-09-04T13:45:00.000,646.83,647.0025,646.78,646.96,350452,5334,645.45
2025-09-04T13:50:00.000,646.97,647.462,646.94,647.35,638124,8191,645.49
2025-09-04T13:55:00.000,647.35,647.36,647.062,647.14,504932,6780,645.51
2025-09-04T14:00:00.000,647.14,647.375,647.13,647.25,476224,6027,645.54
2025-09-04T14:05:00.000,647.25,647.31,647.16,647.26,302496,4223,645.56
2025-09-04T14:10:00.000,647.27,647.4399,647.25,647.425,404823,4891,645.58
2025-09-04T14:15:00.000,647.425,647.61,647.41,647.42,466269,5688,645.61
2025-09-04T14:20:00.000,647.43,647.45,647.285,647.35,378921,5046,645.62
2025-09-04T14:25:00.000,647.35,647.38,647.205,647.23,361347,5120,645.64
2025-09-04T14:30:00.000,647.23,647.49,647.08,647.445,390158,5201,645.66
2025-09-04T14:35:00.000,647.45,647.49,647.295,647.32,378851,4254,645.68
2025-09-04T14:40:00.000,647.32,647.49,647.24,647.25,296893,4306,645.69
2025-09-04T14:45:00.000,647.25,647.56,647.245,647.55,427055,4825,645.71
2025-09-04T14:50:00.000,647.55,647.68,647.52,647.555,591479,6387,645.74
2025-09-04T14:55:00.000,647.57,647.675,647.53,647.63,459510,4919,645.76
2025-09-04T15:00:00.000,647.63,647.77,647.595,647.72,549324,6455,645.79
2025-09-04T15:05:00.000,647.73,647.8999,647.705,647.81,708904,6832,645.82
2025-09-04T15:10:00.000,647.81,648.25,647.745,648.17,926258,9815,645.87
2025-09-04T15:15:00.000,648.16,648.2101,647.97,648.0839,629487,7097,645.91
2025-09-04T15:20:00.000,648.08,648.2,648.035,648.14,557650,6401,645.94
2025-09-04T15:25:00.000,648.13,648.155,647.895,647.915,481538,6491,645.97
2025-09-04T15:30:00.000,647.91,647.95,647.81,647.8993,867585,8719,646.0
2025-09-04T15:35:00.000,647.89,648.145,647.87,648.1399,682667,8916,646.03
2025-09-04T15:40:00.000,648.13,648.32,648.0824,648.28,794385,9315,646.07
2025-09-04T15:45:00.000,648.27,648.27,647.995,648.02,1314611,11587,646.12
2025-09-04T15:50:00.000,648.01,648.79,647.95,648.68,2580738,24713,646.25
2025-09-04T15:55:00.000,648.68,649.15,648.6,648.99,6255875,48033,646.54
2025-09-04T16:00:00.000,648.99,649.0,648.99,649.0,3400,4,646.54
2025-09-05T09:30:00.000,651.48,652.18,651.39,651.6,2226353,23795,651.8
2025-09-05T09:35:00.000,651.6,651.84,651.34,651.65,1302742,15178,651.72
2025-09-05T09:40:00.000,651.67,652.15,651.5212,652.06,1193275,16094,651.76
2025-09-05T09:45:00.000,652.06,652.21,651.13,652.135,1657727,19127,651.72
2025-09-05T09:50:00.000,652.14,652.16,650.86,651.295,1711650,20531,651.66
2025-09-05T09:55:00.000,651.28,651.3,650.54,651.065,1467110,16027,651.56
2025-09-05T10:00:00.000,651.06,651.095,649.825,650.5,1495068,19292,651.38
2025-09-05T10:05:00.000,650.5,650.5,649.64,649.825,1440181,17243,651.24
2025-09-05T10:10:00.000,649.815,649.94,648.94,648.96,1411802,18805,651.06
2025-09-05T10:15:00.000,648.97,649.09,647.48,647.53,1883127,28720,650.76
2025-09-05T10:20:00.000,647.51,648.31,646.67,646.745,2130606,21878,650.41
2025-09-05T10:25:00.000,646.81,647.2292,646.05,646.56,1988329,23259,650.02
2025-09-05T10:30:00.000,646.52,646.66,645.88,646.13,1579669,20268,649.75
2025-09-05T10:35:00.000,646.16,646.2999,645.2,645.355,1411299,18695,649.5
2025-09-05T10:40:00.000,645.35,646.0,644.9,645.19,1489702,17688,649.23
2025-09-05T10:45:00.000,645.23,645.23,644.44,644.7,1269326,16337,649.0
2025-09-05T10:50:00.000,644.7,645.845,644.17,645.83,1823566,22712,648.74
2025-09-05T10:55:00.000,645.83,645.975,644.0896,644.14,1429051,18585,648.56
2025-09-05T11:00:00.000,644.15,644.54,643.74,644.235,1478983,18015,648.36
2025-09-05T11:05:00.000,644.21,644.72,643.81,644.05,864207,13553,648.25
2025-09-05T11:10:00.000,644.02,644.94,643.33,644.87,1172225,15619,648.09
2025-09-05T11:15:00.000,644.87,645.325,644.66,644.96,1023681,14813,648.0
2025-09-05T11:20:00.000,644.96,645.795,644.82,645.7,935750,13642,647.93
2025-09-05T11:25:00.000,645.67,646.28,645.35,646.205,954776,12409,647.87
2025-09-05T11:30:00.000,646.21,646.375,645.6,645.84,917972,12699,647.82
2025-09-05T11:35:00.000,645.85,646.64,645.85,646.26,735985,11564,647.8
2025-09-05T11:40:00.000,646.26,646.9,646.2599,646.75,697023,10615,647.78
2025-09-05T11:45:00.000,646.75,646.75,645.845,646.4,820011,11915,647.74
2025-09-05T11:50:00.000,646.4,646.45,645.66,645.93,1379500,10905,647.71
2025-09-05T11:55:00.000,645.93,646.28,645.34,645.67,914687,12343,647.67
2025-09-05T12:00:00.000,645.68,646.04,645.29,645.72,639472,9987,647.64
2025-09-05T12:05:00.000,645.73,646.13,645.37,646.085,627921,9688,647.61
2025-09-05T12:10:00.000,646.09,646.735,646.0303,646.65,732648,10249,647.59
2025-09-05T12:15:00.000,646.66,646.75,645.9175,646.28,628159,9684,647.58
2025-09-05T12:20:00.000,646.28,646.4399,645.5,646.22,591383,9122,647.55
2025-09-05T12:25:00.000,646.215,646.25,645.63,645.725,533389,5952,647.54
2025-09-05T12:30:00.000,645.74,645.97,645.43,645.5,472919,7659,647.52
2025-09-05T12:35:00.000,645.51,645.73,645.23,645.49,489916,7279,647.5
2025-09-05T12:40:00.000,645.47,646.21,645.42,646.2,553755,8305,647.48
2025-09-05T12:45:00.000,646.15,646.39,645.575,645.6,677422,8287,647.46
2025-09-05T12:50:00.000,645.565,645.985,645.45,645.72,514365,7529,647.44
2025-09-05T12:55:00.000,645.72,646.47,645.56,646.47,485265,6495,647.43
2025-09-05T13:00:00.000,646.47,646.47,645.63,645.6314,461984,7138,647.42
2025-09-05T13:05:00.000,645.64,646.16,645.37,646.16,583863,8291,647.4
2025-09-05T13:10:00.000,646.15,646.37,645.9501,646.235,767616,7293,647.38
2025-09-05T13:15:00.000,646.23,646.51,645.99,646.22,561445,8175,647.37
2025-09-05T13:20:00.000,646.2058,646.55,646.07,646.435,527320,6885,647.36
2025-09-05T13:25:00.000,646.45,646.5058,645.8,645.85,420260,6738,647.35
2025-09-05T13:30:00.000,645.87,646.06,645.66,645.9999,442819,7215,647.34
2025-09-05T13:35:00.000,645.98,646.055,645.35,645.565,449819,6690,647.32
2025-09-05T13:40:00.000,645.58,645.67,644.61,645.235,1014043,11144,647.28
2025-09-05T13:45:00.000,645.235,645.45,644.975,645.07,560094,6766,647.26
2025-09-05T13:50:00.000,645.07,645.31,644.93,645.05,341321,4897,647.24
2025-09-05T13:55:00.000,645.06,645.25,644.76,645.12,516939,6592,647.22
2025-09-05T14:00:00.000,645.15,645.43,644.9,645.035,781660,7907,647.19
2025-09-05T14:05:00.000,645.02,645.34,644.91,645.06,473266,6882,647.18
2025-09-05T14:10:00.000,645.03,645.44,645.0099,645.43,455863,6732,647.16
2025-09-05T14:15:00.000,645.4398,645.96,645.3799,645.89,710889,9425,647.14
2025-09-05T14:20:00.000,645.89,645.9899,645.45,645.475,607603,7738,647.13
2025-09-05T14:25:00.000,645.47,645.77,645.25,645.7099,487481,6586,647.11
2025-09-05T14:30:00.000,645.69,646.3,645.69,645.98,645105,7776,647.1
2025-09-05T14:35:00.000,645.9881,646.22,645.785,645.99,492727,6244,647.09
2025-09-05T14:40:00.000,646.0,646.18,645.86,646.0793,388825,5084,647.08
2025-09-05T14:45:00.000,646.09,646.22,645.92,646.08,325606,5290,647.08
2025-09-05T14:50:00.000,646.075,646.2999,645.89,645.995,428401,6038,647.07
2025-09-05T14:55:00.000,646.01,646.31,645.85,646.31,688369,9102,647.06
2025-09-05T15:00:00.000,646.29,646.29,645.9,646.255,996291,10978,647.04
2025-09-05T15:05:00.000,646.25,646.78,646.25,646.6999,877919,11011,647.04
2025-09-05T15:10:00.000,646.7,646.76,646.59,646.69,533719,7406,647.03
2025-09-05T15:15:00.000,646.7,647.28,646.68,646.915,1114317,12587,647.03
2025-09-05T15:20:00.000,646.915,647.41,646.865,647.26,834765,8924,647.03
2025-09-05T15:25:00.000,647.26,647.37,647.05,647.11,631855,8695,647.04
2025-09-05T15:30:00.000,647.12,647.1799,646.39,646.69,1058012,12537,647.03
2025-09-05T15:35:00.000,646.69,647.18,646.69,646.8299,1035678,10488,647.03
2025-09-05T15:40:00.000,646.83,646.97,646.48,646.68,979318,10560,647.02
2025-09-05T15:45:00.000,646.69,646.98,646.57,646.78,1291902,13529,647.02
2025-09-05T15:50:00.000,646.78,646.9,646.15,646.425,2192265,21702,647.0
2025-09-05T15:55:00.000,646.43,647.27,646.33,647.21,4211328,33507,646.99
2025-09-05T16:00:00.000,0.0,0.0,0.0,0.0,0,0,646.99
2025-09-06T09:30:00.000,0.0,0.0,0.0,0.0,0,0,0.0
2025-09-06T09:35:00.000,0.0,0.0,0.0,0.0,0,0,0.0
2025-09-06T09:40:00.000,0.0,0.0,0.0,0.0,0,0,0.0
2025-09-06T09:45:00.000,0.0,0.0,0.0,0.0,0,0,0.0
2025-09-06T09:50:00.000,0.0,0.0,0.0,0.0,0,0,0.0
2025-09-06T09:55:00.000,0.0,0.0,0.0,0.0,0,0,0.0
2025-09-06T10:00:00.000,0.0,0.0,0.0,0.0,0,0,0.0
2025-09-06T10:05:00.000,0.0,0.0,0.0,0.0,0,0,0.0
2025-09-06T10:10:00.000,0.0,0.0,0.0,0.0,0,0,0.0
2025-09-06T10:15:00.000,0.0,0.0,0.0,0.0,0,0,0.0
2025-09-06T10:20:00.000,0.0,0.0,0.0,0.0,0,0,0.0
2025-09-06T10:25:00.000,0.0,0.0,0.0,0.0,0,0,0.0
2025-09-06T10:30:00.000,0.0,0.0,0.0,0.0,0,0,0.0
2025-09-06T10:35:00.000,0.0,0.0,0.0,0.0,0,0,0.0
2025-09-06T10:40:00.000,0.0,0.0,0.0,0.0,0,0,0.0
2025-09-06T10:45:00.000,0.0,0.0,0.0,0.0,0,0,0.0
2025-09-06T10:50:00.000,0.0,0.0,0.0,0.0,0,0,0.0
2025-09-06T10:55:00.000,0.0,0.0,0.0,0.0,0,0,0.0
2025-09-06T11:00:00.000,0.0,0.0,0.0,0.0,0,0,0.0
2025-09-06T11:05:00.000,0.0,0.0,0.0,0.0,0,0,0.0
2025-09-06T11:10:00.000,0.0,0.0,0.0,0.0,0,0,0.0
2025-09-06T11:15:00.000,0.0,0.0,0.0,0.0,0,0,0.0
2025-09-06T11:20:00.000,0.0,0.0,0.0,0.0,0,0,0.0
2025-09-06T11:25:00.000,0.0,0.0,0.0,0.0,0,0,0.0
2025-09-06T11:30:00.000,0.0,0.0,0.0,0.0,0,0,0.0
2025-09-06T11:35:00.000,0.0,0.0,0.0,0.0,0,0,0.0
2025-09-06T11:40:00.000,0.0,0.0,0.0,0.0,0,0,0.0
2025-09-06T11:45:00.000,0.0,0.0,0.0,0.0,0,0,0.0
2025-09-06T11:50:00.000,0.0,0.0,0.0,0.0,0,0,0.0
2025-09-06T11:55:00.000,0.0,0.0,0.0,0.0,0,0,0.0
2025-09-06T12:00:00.000,0.0,0.0,0.0,0.0,0,0,0.0
2025-09-06T12:05:00.000,0.0,0.0,0.0,0.0,0,0,0.0
2025-09-06T12:10:00.000,0.0,0.0,0.0,0.0,0,0,0.0
2025-09-06T12:15:00.000,0.0,0.0,0.0,0.0,0,0,0.0
2025-09-06T12:20:00.000,0.0,0.0,0.0,0.0,0,0,0.0
2025-09-06T12:25:00.000,0.0,0.0,0.0,0.0,0,0,0.0
2025-09-06T12:30:00.000,0.0,0.0,0.0,0.0,0,0,0.0
2025-09-06T12:35:00.000,0.0,0.0,0.0,0.0,0,0,0.0
2025-09-06T12:40:00.000,0.0,0.0,0.0,0.0,0,0,0.0
2025-09-06T12:45:00.000,0.0,0.0,0.0,0.0,0,0,0.0
2025-09-06T12:50:00.000,0.0,0.0,0.0,0.0,0,0,0.0
2025-09-06T12:55:00.000,0.0,0.0,0.0,0.0,0,0,0.0
2025-09-06T13:00:00.000,0.0,0.0,0.0,0.0,0,0,0.0
2025-09-06T13:05:00.000,0.0,0.0,0.0,0.0,0,0,0.0
2025-09-06T13:10:00.000,0.0,0.0,0.0,0.0,0,0,0.0
2025-09-06T13:15:00.000,0.0,0.0,0.0,0.0,0,0,0.0
2025-09-06T13:20:00.000,0.0,0.0,0.0,0.0,0,0,0.0
2025-09-06T13:25:00.000,0.0,0.0,0.0,0.0,0,0,0.0
2025-09-06T13:30:00.000,0.0,0.0,0.0,0.0,0,0,0.0
2025-09-06T13:35:00.000,0.0,0.0,0.0,0.0,0,0,0.0
2025-09-06T13:40:00.000,0.0,0.0,0.0,0.0,0,0,0.0
2025-09-06T13:45:00.000,0.0,0.0,0.0,0.0,0,0,0.0
2025-09-06T13:50:00.000,0.0,0.0,0.0,0.0,0,0,0.0
2025-09-06T13:55:00.000,0.0,0.0,0.0,0.0,0,0,0.0
2025-09-06T14:00:00.000,0.0,0.0,0.0,0.0,0,0,0.0
2025-09-06T14:05:00.000,0.0,0.0,0.0,0.0,0,0,0.0
2025-09-06T14:10:00.000,0.0,0.0,0.0,0.0,0,0,0.0
2025-09-06T14:15:00.000,0.0,0.0,0.0,0.0,0,0,0.0
2025-09-06T14:20:00.000,0.0,0.0,0.0,0.0,0,0,0.0
2025-09-06T14:25:00.000,0.0,0.0,0.0,0.0,0,0,0.0
2025-09-06T14:30:00.000,0.0,0.0,0.0,0.0,0,0,0.0
2025-09-06T14:35:00.000,0.0,0.0,0.0,0.0,0,0,0.0
2025-09-06T14:40:00.000,0.0,0.0,0.0,0.0,0,0,0.0
2025-09-06T14:45:00.000,0.0,0.0,0.0,0.0,0,0,0.0
2025-09-06T14:50:00.000,0.0,0.0,0.0,0.0,0,0,0.0
2025-09-06T14:55:00.000,0.0,0.0,0.0,0.0,0,0,0.0
2025-09-06T15:00:00.000,0.0,0.0,0.0,0.0,0,0,0.0
2025-09-06T15:05:00.000,0.0,0.0,0.0,0.0,0,0,0.0
2025-09-06T15:10:00.000,0.0,0.0,0.0,0.0,0,0,0.0
2025-09-06T15:15:00.000,0.0,0.0,0.0,0.0,0,0,0.0
2025-09-06T15:20:00.000,0.0,0.0,0.0,0.0,0,0,0.0
2025-09-06T15:25:00.000,0.0,0.0,0.0,0.0,0,0,0.0
2025-09-06T15:30:00.000,0.0,0.0,0.0,0.0,0,0,0.0
2025-09-06T15:35:00.000,0.0,0.0,0.0,0.0,0,0,0.0
2025-09-06T15:40:00.000,0.0,0.0,0.0,0.0,0,0,0.0
2025-09-06T15:45:00.000,0.0,0.0,0.0,0.0,0,0,0.0
2025-09-06T15:50:00.000,0.0,0.0,0.0,0.0,0,0,0.0
2025-09-06T15:55:00.000,0.0,0.0,0.0,0.0,0,0,0.0
2025-09-06T16:00:00.000,0.0,0.0,0.0,0.0,0,0,0.0
2025-09-07T09:30:00.000,0.0,0.0,0.0,0.0,0,0,0.0
2025-09-07T09:35:00.000,0.0,0.0,0.0,0.0,0,0,0.0
2025-09-07T09:40:00.000,0.0,0.0,0.0,0.0,0,0,0.0
2025-09-07T09:45:00.000,0.0,0.0,0.0,0.0,0,0,0.0
2025-09-07T09:50:00.000,0.0,0.0,0.0,0.0,0,0,0.0
2025-09-07T09:55:00.000,0.0,0.0,0.0,0.0,0,0,0.0
2025-09-07T10:00:00.000,0.0,0.0,0.0,0.0,0,0,0.0
2025-09-07T10:05:00.000,0.0,0.0,0.0,0.0,0,0,0.0
2025-09-07T10:10:00.000,0.0,0.0,0.0,0.0,0,0,0.0
2025-09-07T10:15:00.000,0.0,0.0,0.0,0.0,0,0,0.0
2025-09-07T10:20:00.000,0.0,0.0,0.0,0.0,0,0,0.0
2025-09-07T10:25:00.000,0.0,0.0,0.0,0.0,0,0,0.0
2025-09-07T10:30:00.000,0.0,0.0,0.0,0.0,0,0,0.0
2025-09-07T10:35:00.000,0.0,0.0,0.0,0.0,0,0,0.0
2025-09-07T10:40:00.000,0.0,0.0,0.0,0.0,0,0,0.0
2025-09-07T10:45:00.000,0.0,0.0,0.0,0.0,0,0,0.0
2025-09-07T10:50:00.000,0.0,0.0,0.0,0.0,0,0,0.0
2025-09-07T10:55:00.000,0.0,0.0,0.0,0.0,0,0,0.0
2025-09-07T11:00:00.000,0.0,0.0,0.0,0.0,0,0,0.0
2025-09-07T11:05:00.000,0.0,0.0,0.0,0.0,0,0,0.0
2025-09-07T11:10:00.000,0.0,0.0,0.0,0.0,0,0,0.0
2025-09-07T11:15:00.000,0.0,0.0,0.0,0.0,0,0,0.0
2025-09-07T11:20:00.000,0.0,0.0,0.0,0.0,0,0,0.0
2025-09-07T11:25:00.000,0.0,0.0,0.0,0.0,0,0,0.0
2025-09-07T11:30:00.000,0.0,0.0,0.0,0.0,0,0,0.0
2025-09-07T11:35:00.000,0.0,0.0,0.0,0.0,0,0,0.0
2025-09-07T11:40:00.000,0.0,0.0,0.0,0.0,0,0,0.0
2025-09-07T11:45:00.000,0.0,0.0,0.0,0.0,0,0,0.0
2025-09-07T11:50:00.000,0.0,0.0,0.0,0.0,0,0,0.0
2025-09-07T11:55:00.000,0.0,0.0,0.0,0.0,0,0,0.0
2025-09-07T12:00:00.000,0.0,0.0,0.0,0.0,0,0,0.0
2025-09-07T12:05:00.000,0.0,0.0,0.0,0.0,0,0,0.0
2025-09-07T12:10:00.000,0.0,0.0,0.0,0.0,0,0,0.0
2025-09-07T12:15:00.000,0.0,0.0,0.0,0.0,0,0,0.0
2025-09-07T12:20:00.000,0.0,0.0,0.0,0.0,0,0,0.0
2025-09-07T12:25:00.000,0.0,0.0,0.0,0.0,0,0,0.0
2025-09-07T12:30:00.000,0.0,0.0,0.0,0.0,0,0,0.0
2025-09-07T12:35:00.000,0.0,0.0,0.0,0.0,0,0,0.0
2025-09-07T12:40:00.000,0.0,0.0,0.0,0.0,0,0,0.0
2025-09-07T12:45:00.000,0.0,0.0,0.0,0.0,0,0,0.0
2025-09-07T12:50:00.000,0.0,0.0,0.0,0.0,0,0,0.0
2025-09-07T12:55:00.000,0.0,0.0,0.0,0.0,0,0,0.0
2025-09-07T13:00:00.000,0.0,0.0,0.0,0.0,0,0,0.0
2025-09-07T13:05:00.000,0.0,0.0,0.0,0.0,0,0,0.0
2025-09-07T13:10:00.000,0.0,0.0,0.0,0.0,0,0,0.0
2025-09-07T13:15:00.000,0.0,0.0,0.0,0.0,0,0,0.0
2025-09-07T13:20:00.000,0.0,0.0,0.0,0.0,0,0,0.0
2025-09-07T13:25:00.000,0.0,0.0,0.0,0.0,0,0,0.0
2025-09-07T13:30:00.000,0.0,0.0,0.0,0.0,0,0,0.0
2025-09-07T13:35:00.000,0.0,0.0,0.0,0.0,0,0,0.0
2025-09-07T13:40:00.000,0.0,0.0,0.0,0.0,0,0,0.0
2025-09-07T13:45:00.000,0.0,0.0,0.0,0.0,0,0,0.0
2025-09-07T13:50:00.000,0.0,0.0,0.0,0.0,0,0,0.0
2025-09-07T13:55:00.000,0.0,0.0,0.0,0.0,0,0,0.0
2025-09-07T14:00:00.000,0.0,0.0,0.0,0.0,0,0,0.0
2025-09-07T14:05:00.000,0.0,0.0,0.0,0.0,0,0,0.0
2025-09-07T14:10:00.000,0.0,0.0,0.0,0.0,0,0,0.0
2025-09-07T14:15:00.000,0.0,0.0,0.0,0.0,0,0,0.0
2025-09-07T14:20:00.000,0.0,0.0,0.0,0.0,0,0,0.0
2025-09-07T14:25:00.000,0.0,0.0,0.0,0.0,0,0,0.0
2025-09-07T14:30:00.000,0.0,0.0,0.0,0.0,0,0,0.0
2025-09-07T14:35:00.000,0.0,0.0,0.0,0.0,0,0,0.0
2025-09-07T14:40:00.000,0.0,0.0,0.0,0.0,0,0,0.0
2025-09-07T14:45:00.000,0.0,0.0,0.0,0.0,0,0,0.0
2025-09-07T14:50:00.000,0.0,0.0,0.0,0.0,0,0,0.0
2025-09-07T14:55:00.000,0.0,0.0,0.0,0.0,0,0,0.0
2025-09-07T15:00:00.000,0.0,0.0,0.0,0.0,0,0,0.0
2025-09-07T15:05:00.000,0.0,0.0,0.0,0.0,0,0,0.0
2025-09-07T15:10:00.000,0.0,0.0,0.0,0.0,0,0,0.0
2025-09-07T15:15:00.000,0.0,0.0,0.0,0.0,0,0,0.0
2025-09-07T15:20:00.000,0.0,0.0,0.0,0.0,0,0,0.0
2025-09-07T15:25:00.000,0.0,0.0,0.0,0.0,0,0,0.0
2025-09-07T15:30:00.000,0.0,0.0,0.0,0.0,0,0,0.0
2025-09-07T15:35:00.000,0.0,0.0,0.0,0.0,0,0,0.0
2025-09-07T15:40:00.000,0.0,0.0,0.0,0.0,0,0,0.0
2025-09-07T15:45:00.000,0.0,0.0,0.0,0.0,0,0,0.0
2025-09-07T15:50:00.000,0.0,0.0,0.0,0.0,0,0,0.0
2025-09-07T15:55:00.000,0.0,0.0,0.0,0.0,0,0,0.0
2025-09-07T16:00:00.000,0.0,0.0,0.0,0.0,0,0,0.0
2025-09-08T09:30:00.000,648.62,648.86,648.09,648.66,1935354,30368,648.44
2025-09-08T09:35:00.000,648.64,649.06,648.06,648.1,1331997,18569,648.51
2025-09-08T09:40:00.000,648.09,648.89,648.09,648.65,1116007,16116,648.53
2025-09-08T09:45:00.000,648.64,648.7599,648.0542,648.66,1253762,18255,648.5
2025-09-08T09:50:00.000,648.655,648.81,648.17,648.76,1068312,15960,648.49
2025-09-08T09:55:00.000,648.75,648.965,648.33,648.37,928021,14711,648.52
2025-09-08T10:00:00.000,648.375,648.375,647.93,648.29,960050,23139,648.48
2025-09-08T10:05:00.000,648.295,648.7,648.115,648.43,827471,13674,648.48
2025-09-08T10:10:00.000,648.43,648.629,648.2,648.2,596800,11503,648.47
2025-09-08T10:15:00.000,648.21,648.29,647.75,647.919,784424,13701,648.44
2025-09-08T10:20:00.000,647.91,648.16,647.77,648.015,1078127,13331,648.41
2025-09-08T10:25:00.000,648.01,648.9,648.0,648.77,949786,15997,648.42
2025-09-08T10:30:00.000,648.755,649.15,648.66,648.8,972006,15407,648.46
2025-09-08T10:35:00.000,648.8,649.2701,648.74,649.095,575136,11639,648.48
2025-09-08T10:40:00.000,649.1,649.38,649.01,649.2546,705774,12195,648.51
2025-09-08T10:45:00.000,649.31,649.49,649.205,649.395,552154,10866,648.54
2025-09-08T10:50:00.000,649.34,649.49,649.19,649.49,549777,10522,648.57
2025-09-08T10:55:00.000,649.495,649.765,649.33,649.38,582807,10796,648.6
2025-09-08T11:00:00.000,649.37,649.64,649.34,649.55,614828,9848,648.64
2025-09-08T11:05:00.000,649.55,649.64,649.46,649.5765,520526,9807,648.66
2025-09-08T11:10:00.000,649.58,649.81,649.575,649.66,487417,8342,648.69
2025-09-08T11:15:00.000,649.68,649.68,649.14,649.2,588586,10267,648.71
2025-09-08T11:20:00.000,649.205,649.455,649.15,649.39,484351,8316,648.73
2025-09-08T11:25:00.000,649.385,649.81,649.35,649.8,502293,9304,648.75
2025-09-08T11:30:00.000,649.79,649.84,649.4319,649.47,606484,10288,648.77
2025-09-08T11:35:00.000,649.49,649.58,649.225,649.32,498106,9318,648.78
2025-09-08T11:40:00.000,649.31,649.35,649.16,649.165,462568,8191,648.79
2025-09-08T11:45:00.000,649.16,649.21,648.5,648.855,799445,12178,648.79
2025-09-08T11:50:00.000,648.86,649.23,648.695,649.185,505050,8685,648.8
2025-09-08T11:55:00.000,649.17,649.46,649.17,649.38,467706,8165,648.81
2025-09-08T12:00:00.000,649.38,649.4,648.95,649.12,441424,7721,648.82
2025-09-08T12:05:00.000,649.115,649.175,648.7,648.76,383365,6810,648.82
2025-09-08T12:10:00.000,648.76,648.98,648.725,648.762,437955,7433,648.82
2025-09-08T12:15:00.000,648.75,648.79,648.415,648.58,506161,8205,648.81
2025-09-08T12:20:00.000,648.6,648.685,648.38,648.495,475785,7614,648.81
2025-09-08T12:25:00.000,648.5,648.66,648.4001,648.63,454320,7338,648.8
2025-09-08T12:30:00.000,648.63,648.805,648.15,648.26,531845,8047,648.8
2025-09-08T12:35:00.000,648.25,648.32,647.78,648.15,523697,7527,648.78
2025-09-08T12:40:00.000,648.15,648.5597,648.04,648.36,503720,7649,648.77
2025-09-08T12:45:00.000,648.351,648.36,647.96,648.13,327419,5424,648.76
2025-09-08T12:50:00.000,648.14,648.63,648.125,648.63,380280,5924,648.76
2025-09-08T12:55:00.000,648.625,648.69,648.3,648.56,364649,5519,648.75
2025-09-08T13:00:00.000,648.56,648.61,648.155,648.19,463462,5515,648.75
2025-09-08T13:05:00.000,648.195,648.28,647.99,648.07,353137,5794,648.74
2025-09-08T13:10:00.000,648.06,648.255,648.04,648.04,308157,5365,648.73
2025-09-08T13:15:00.000,648.05,648.47,648.01,648.47,316665,5346,648.73
2025-09-08T13:20:00.000,648.4697,648.7,648.3801,648.68,306927,5405,648.73
2025-09-08T13:25:00.000,648.68,648.76,648.37,648.48,376671,6185,648.72
2025-09-08T13:30:00.000,648.4899,648.68,648.46,648.49,247400,5865,648.72
2025-09-08T13:35:00.000,648.49,648.5531,648.24,648.285,282631,5624,648.72
2025-09-08T13:40:00.000,648.29,648.295,648.07,648.22,291678,4940,648.72
2025-09-08T13:45:00.000,648.225,648.27,647.815,647.8419,340128,5745,648.71
2025-09-08T13:50:00.000,647.85,647.9454,647.23,647.72,586602,8157,648.69
2025-09-08T13:55:00.000,647.72,647.75,647.43,647.59,326915,5081,648.67
2025-09-08T14:00:00.000,647.5999,647.64,647.39,647.46,399823,5345,648.66
2025-09-08T14:05:00.000,647.455,647.73,647.36,647.58,512864,6629,648.64
2025-09-08T14:10:00.000,647.59,648.0,647.56,647.9521,612468,6825,648.63
2025-09-08T14:15:00.000,647.9519,648.308,647.93,648.265,615409,7565,648.62
2025-09-08T14:20:00.000,648.265,648.51,648.0506,648.22,554678,6555,648.62
2025-09-08T14:25:00.000,648.22,648.41,648.08,648.395,329775,4308,648.61
2025-09-08T14:30:00.000,648.39,648.49,648.26,648.348,290985,3878,648.61
2025-09-08T14:35:00.000,648.34,648.43,648.13,648.15,447810,4510,648.61
2025-09-08T14:40:00.000,648.16,648.3,647.91,648.2881,516661,6085,648.6
2025-09-08T14:45:00.000,648.28,648.58,648.24,648.425,435542,5351,648.6
2025-09-08T14:50:00.000,648.43,648.53,648.125,648.25,389617,4779,648.59
2025-09-08T14:55:00.000,648.25,648.3799,648.17,648.235,363832,4353,648.59
2025-09-08T15:00:00.000,648.22,648.2368,648.0,648.1008,670236,6841,648.58
2025-09-08T15:05:00.000,648.11,648.21,647.95,647.95,568508,6438,648.57
2025-09-08T15:10:00.000,647.95,648.0,647.335,647.59,943705,10589,648.55
2025-09-08T15:15:00.000,647.6,647.91,647.4819,647.76,699422,8487,648.53
2025-09-08T15:20:00.000,647.75,647.83,647.421,647.6,548425,7366,648.52
2025-09-08T15:25:00.000,647.595,647.6107,647.43,647.58,511793,7191,648.51
2025-09-08T15:30:00.000,647.58,647.94,647.48,647.48,728517,8400,648.49
2025-09-08T15:35:00.000,647.47,647.93,647.47,647.86,547696,6589,648.48
2025-09-08T15:40:00.000,647.85,648.24,647.821,648.1311,825226,9303,648.47
2025-09-08T15:45:00.000,648.1313,648.57,648.13,648.52,1031354,11703,648.47
2025-09-08T15:50:00.000,648.52,648.53,648.02,648.435,2232122,19602,648.46
2025-09-08T15:55:00.000,648.45,648.88,648.31,648.8,7676824,34244,648.48
2025-09-08T16:00:00.000,648.8,648.8,648.8,648.8,613,3,648.48
2025-09-09T09:30:00.000,648.97,649.37,648.75,649.175,1492972,19344,649.13
2025-09-09T09:35:00.000,649.17,649.495,649.05,649.19,759532,11657,649.18
2025-09-09T09:40:00.000,649.18,649.28,648.89,649.28,692188,10211,649.16
2025-09-09T09:45:00.000,649.28,649.29,648.9,649.075,712348,10857,649.14
2025-09-09T09:50:00.000,649.08,649.13,648.63,648.66,740194,10517,649.09
2025-09-09T09:55:00.000,648.66,649.17,648.54,649.02,985599,10630,649.06
2025-09-09T10:00:00.000,649.02,649.51,648.43,648.76,1750020,19176,649.02
2025-09-09T10:05:00.000,648.77,649.22,648.62,649.19,901564,14323,649.0
2025-09-09T10:10:00.000,649.195,649.73,649.13,649.37,896633,12702,649.05
2025-09-09T10:15:00.000,649.37,649.45,648.76,648.9292,743921,11564,649.05
2025-09-09T10:20:00.000,648.95,649.055,648.7994,648.91,551341,9426,649.04
2025-09-09T10:25:00.000,648.91,648.99,648.53,648.755,745794,11112,649.02
2025-09-09T10:30:00.000,648.74,648.8051,647.6,647.62,1166473,15087,648.94
2025-09-09T10:35:00.000,647.62,647.85,647.26,647.66,1413629,17415,648.8
2025-09-09T10:40:00.000,647.67,647.79,647.22,647.69,987684,12766,648.71
2025-09-09T10:45:00.000,647.69,648.125,647.6,647.97,791845,11200,648.67
2025-09-09T10:50:00.000,647.97,648.425,647.66,648.425,694210,9583,648.65
2025-09-09T10:55:00.000,648.42,648.64,648.2,648.325,654877,10494,648.64
2025-09-09T11:00:00.000,648.325,648.66,648.11,648.17,749412,10049,648.63
2025-09-09T11:05:00.000,648.16,648.345,647.79,648.25,551875,8618,648.61
2025-09-09T11:10:00.000,648.25,648.44,648.1,648.37,370246,6545,648.6
2025-09-09T11:15:00.000,648.375,648.595,648.36,648.47,531532,7909,648.6
2025-09-09T11:20:00.000,648.46,648.61,648.38,648.47,391102,7050,648.6
2025-09-09T11:25:00.000,648.5082,648.835,648.48,648.77,653407,8278,648.6
2025-09-09T11:30:00.000,648.76,648.825,648.54,648.61,472149,7176,648.6
2025-09-09T11:35:00.000,648.63,648.77,648.48,648.5,353819,6283,648.6
2025-09-09T11:40:00.000,648.5,648.53,648.05,648.1,596393,8810,648.59
2025-09-09T11:45:00.000,648.12,648.33,648.04,648.06,389307,6709,648.59
2025-09-09T11:50:00.000,648.06,648.795,648.06,648.75,558934,8078,648.58
2025-09-09T11:55:00.000,648.76,648.81,648.23,648.265,497180,7856,648.58
2025-09-09T12:00:00.000,648.26,648.49,648.17,648.46,480810,7107,648.58
2025-09-09T12:05:00.000,648.45,648.68,648.295,648.66,413800,6487,648.57
2025-09-09T12:10:00.000,648.65,648.8899,648.6497,648.815,434430,6760,648.58
2025-09-09T12:15:00.000,648.805,649.06,648.67,648.69,579299,8726,648.59
2025-09-09T12:20:00.000,648.7,648.72,648.3,648.665,511186,7609,648.58
2025-09-09T12:25:00.000,648.64,648.94,648.6301,648.86,475357,7062,648.59
2025-09-09T12:30:00.000,648.855,648.955,648.765,648.945,282127,5325,648.59
2025-09-09T12:35:00.000,648.9401,649.01,648.84,648.9901,261498,4920,648.59
2025-09-09T12:40:00.000,648.995,649.11,648.86,648.96,435031,6374,648.6
2025-09-09T12:45:00.000,648.948,649.165,648.85,649.06,348837,5973,648.61
2025-09-09T12:50:00.000,649.0501,649.11,648.84,648.953,406344,5820,648.61
2025-09-09T12:55:00.000,648.95,649.21,648.95,649.04,571290,6920,648.62
2025-09-09T13:00:00.000,649.05,649.42,649.02,649.38,617154,6741,648.64
2025-09-09T13:05:00.000,649.37,649.41,649.24,649.37,404447,6600,648.64
2025-09-09T13:10:00.000,649.38,649.72,649.34,649.36,725983,9342,648.67
2025-09-09T13:15:00.000,649.36,649.585,649.27,649.295,524222,6584,648.68
2025-09-09T13:20:00.000,649.29,649.65,649.25,649.6358,355524,5235,648.69
2025-09-09T13:25:00.000,649.625,649.8,649.56,649.565,655456,6988,648.71
2025-09-09T13:30:00.000,649.565,649.6899,649.485,649.57,386259,6270,648.72
2025-09-09T13:35:00.000,649.55,649.75,649.48,649.71,805449,4941,648.73
2025-09-09T13:40:00.000,649.71,649.72,649.49,649.67,326369,5099,648.73
2025-09-09T13:45:00.000,649.65,649.89,649.63,649.755,444413,5658,648.75
2025-09-09T13:50:00.000,649.755,649.86,649.695,649.82,349931,4391,648.76
2025-09-09T13:55:00.000,649.82,649.98,649.74,649.795,434487,5472,648.77
2025-09-09T14:00:00.000,649.8,649.94,649.775,649.88,269231,4042,648.78
2025-09-09T14:05:00.000,649.88,649.99,649.87,649.96,317429,4383,648.79
2025-09-09T14:10:00.000,649.96,649.99,649.57,649.84,622810,7611,648.81
2025-09-09T14:15:00.000,649.83,649.9698,649.71,649.8099,467688,6133,648.82
2025-09-09T14:20:00.000,649.81,649.99,649.77,649.95,310270,4957,648.83
2025-09-09T14:25:00.000,649.95,649.955,649.77,649.83,344615,5087,648.84
2025-09-09T14:30:00.000,649.84,649.95,649.71,649.72,773255,5194,648.85
2025-09-09T14:35:00.000,649.71,649.79,649.615,649.71,386989,5178,648.86
2025-09-09T14:40:00.000,649.71,649.87,649.6605,649.695,397305,4975,648.87
2025-09-09T14:45:00.000,649.705,650.1,649.7,650.055,547378,6850,648.89
2025-09-09T14:50:00.000,650.0407,650.065,649.92,649.95,301777,4491,648.9
2025-09-09T14:55:00.000,649.9503,649.99,649.82,649.86,496398,5203,648.91
2025-09-09T15:00:00.000,649.86,649.94,649.76,649.9,560588,6280,648.92
2025-09-09T15:05:00.000,649.89,649.91,649.72,649.74,347932,4948,648.93
2025-09-09T15:10:00.000,649.74,649.7442,649.55,649.565,412433,5694,648.94
2025-09-09T15:15:00.000,649.56,649.87,649.56,649.81,556821,6847,648.95
2025-09-09T15:20:00.000,649.82,649.98,649.81,649.925,506826,6149,648.96
2025-09-09T15:25:00.000,649.92,650.14,649.92,650.065,574972,6375,648.98
2025-09-09T15:30:00.000,650.065,650.125,649.96,650.0799,507215,6226,648.99
2025-09-09T15:35:00.000,650.07,650.1299,649.87,649.94,595543,6484,649.01
2025-09-09T15:40:00.000,649.94,649.9499,649.695,649.94,814519,7827,649.02
2025-09-09T15:45:00.000,649.93,650.0799,649.89,649.974155,950335,9216,649.04
2025-09-09T15:50:00.000,649.985,650.44,649.985,650.39,1681451,16696,649.08
2025-09-09T15:55:00.000,650.4,650.86,650.22,650.33,4375494,28739,649.2
2025-09-09T16:00:00.000,0.0,0.0,0.0,0.0,0,0,649.2
2025-09-10T09:30:00.000,653.62,653.63,652.68,653.32,2610070,26439,653.08
2025-09-10T09:35:00.000,653.31,653.7299,653.06,653.22,1738164,19880,653.19
2025-09-10T09:40:00.000,653.22,653.605,652.99,653.34,1218952,15717,653.21
2025-09-10T09:45:00.000,653.34,653.85,653.03,653.74,1280721,16060,653.26
2025-09-10T09:50:00.000,653.74,653.885,652.75,653.14,1610146,19852,653.26
2025-09-10T09:55:00.000,653.14,653.61,652.97,653.5971,909796,12540,653.26
2025-09-10T10:00:00.000,653.59,654.19,653.48,654.13,1199348,16678,653.34
2025-09-10T10:05:00.000,654.14,654.5,654.03,654.23,1257226,16585,653.44
2025-09-10T10:10:00.000,654.25,654.45,654.1,654.36,863355,16835,653.49
2025-09-10T10:15:00.000,654.38,654.55,653.97,654.405,930543,12585,653.55
2025-09-10T10:20:00.000,654.4,654.53,654.25,654.48,904571,12002,653.6
2025-09-10T10:25:00.000,654.48,654.48,653.91,653.94,625898,10373,653.62
2025-09-10T10:30:00.000,653.91,654.03,653.585,653.6449,1040202,12005,653.63
2025-09-10T10:35:00.000,653.63,653.93,653.405,653.67,919765,12798,653.63
2025-09-10T10:40:00.000,653.66,653.93,653.47,653.815,793545,11846,653.64
2025-09-10T10:45:00.000,653.81,653.97,653.6,653.66,738607,11048,653.64
2025-09-10T10:50:00.000,653.67,653.765,653.305,653.46,669664,10627,653.64
2025-09-10T10:55:00.000,653.46,653.71,653.37,653.42,700735,10263,653.63
2025-09-10T11:00:00.000,653.42,653.615,653.17,653.36,766150,11273,653.62
2025-09-10T11:05:00.000,653.3687,653.38,652.91,653.09,955756,13076,653.6
2025-09-10T11:10:00.000,653.09,653.3,653.0142,653.11,4001893,10845,653.59
2025-09-10T11:15:00.000,653.088,653.11,652.485,652.56,1324073,13080,653.55
2025-09-10T11:20:00.000,652.55,652.72,652.46,652.6311,864209,12285,653.52
2025-09-10T11:25:00.000,652.64,652.97,652.52,652.82,839254,11297,653.49
2025-09-10T11:30:00.000,652.83,652.9191,652.3401,652.58,652550,9441,653.47
2025-09-10T11:35:00.000,652.59,653.175,652.49,653.07,1250039,8056,653.46
2025-09-10T11:40:00.000,653.06,653.385,652.98,653.3375,735867,9911,653.45
2025-09-10T11:45:00.000,653.35,653.45,653.2303,653.44,612012,9677,653.45
2025-09-10T11:50:00.000,653.44,653.63,653.41,653.62,430100,7764,653.45
2025-09-10T11:55:00.000,653.62,653.62,653.3012,653.305,451606,7452,653.45
2025-09-10T12:00:00.000,653.31,653.375,653.1,653.15,511595,8246,653.45
2025-09-10T12:05:00.000,653.155,653.3,653.03,653.19,318060,5904,653.44
2025-09-10T12:10:00.000,653.19,653.36,653.15,653.21,351999,6524,653.44
2025-09-10T12:15:00.000,653.21,653.41,653.03,653.04,353763,6904,653.44
2025-09-10T12:20:00.000,653.04,653.102,652.62,652.88,469594,6534,653.43
2025-09-10T12:25:00.000,652.88,652.97,652.635,652.635,456593,6662,653.42
2025-09-10T12:30:00.000,652.64,652.84,652.56,652.715,339240,5537,653.42
2025-09-10T12:35:00.000,652.7,652.71,652.42,652.46,593657,5732,653.41
2025-09-10T12:40:00.000,652.47,652.53,652.22,652.24,492374,7267,653.39
2025-09-10T12:45:00.000,652.25,652.535,652.16,652.345,524411,6479,653.38
2025-09-10T12:50:00.000,652.35,652.785,652.3,652.71,384143,6263,653.37
2025-09-10T12:55:00.000,652.725,653.03,652.725,652.94,373215,5796,653.37
2025-09-10T13:00:00.000,652.94,653.43,652.77,653.38,507276,5729,653.37
2025-09-10T13:05:00.000,653.38,653.46,653.15,653.2707,342068,4707,653.36
2025-09-10T13:10:00.000,653.28,653.301,653.105,653.1449,311845,4432,653.36
2025-09-10T13:15:00.000,653.15,653.22,652.815,652.845,342783,4939,653.36
2025-09-10T13:20:00.000,652.85,653.0,652.47,652.64,383201,5613,653.35
2025-09-10T13:25:00.000,652.64,652.645,652.11,652.29,678418,8509,653.33
2025-09-10T13:30:00.000,652.29,652.58,652.1,652.55,482495,7412,653.32
2025-09-10T13:35:00.000,652.54,652.72,652.31,652.42,528697,6977,653.31
2025-09-10T13:40:00.000,652.415,652.66,652.335,652.495,541108,6941,653.3
2025-09-10T13:45:00.000,652.48,652.52,652.24,652.33,350601,5503,653.29
2025-09-10T13:50:00.000,652.33,652.48,651.97,652.17,409199,6467,653.28
2025-09-10T13:55:00.000,652.16,652.39,651.94,652.345,1072088,6638,653.26
2025-09-10T14:00:00.000,652.34,652.41,652.18,652.29,462362,5377,653.25
2025-09-10T14:05:00.000,652.285,652.29,652.06,652.06,366935,5793,653.24
2025-09-10T14:10:00.000,652.07,652.169,651.87,652.11,583832,8491,653.23
2025-09-10T14:15:00.000,652.1,652.1,651.555,651.64,650447,9625,653.2
2025-09-10T14:20:00.000,651.65,651.89,651.53,651.71,780666,9476,653.17
2025-09-10T14:25:00.000,651.72,651.825,651.4,651.69,957567,10721,653.14
2025-09-10T14:30:00.000,651.69,652.1258,651.625,652.12,820503,11235,653.12
2025-09-10T14:35:00.000,652.115,652.13,651.6593,651.76,622025,9034,653.1
2025-09-10T14:40:00.000,651.79,652.04,651.77,651.835,560722,7821,653.08
2025-09-10T14:45:00.000,651.84,651.98,651.46,651.6,629902,8755,653.06
2025-09-10T14:50:00.000,651.5993,651.63,651.39,651.575,466016,7091,653.05
2025-09-10T14:55:00.000,651.58,652.12,651.56,651.995,729918,9208,653.03
2025-09-10T15:00:00.000,651.995,652.1399,651.53,651.58,618534,8022,653.01
2025-09-10T15:05:00.000,651.58,651.75,651.15,651.22,715456,9373,652.99
2025-09-10T15:10:00.000,651.22,651.33,650.85,650.87,970455,11871,652.95
2025-09-10T15:15:00.000,650.88,651.33,650.845,651.3282,1054136,11598,652.91
2025-09-10T15:20:00.000,651.32,651.32,650.63,650.95,1027040,11016,652.86
2025-09-10T15:25:00.000,650.95,651.07,650.76,650.84,903914,9906,652.83
2025-09-10T15:30:00.000,650.86,651.48,650.84,651.2545,1025735,12025,652.8
2025-09-10T15:35:00.000,651.26,651.49,650.81,650.82,836851,9884,652.77
2025-09-10T15:40:00.000,650.83,651.83,650.69,651.83,1037855,11798,652.74
2025-09-10T15:45:00.000,651.83,651.97,651.61,651.85,1480227,15275,652.72
2025-09-10T15:50:00.000,651.86,652.4,651.86,652.2,2379941,22779,652.7
2025-09-10T15:55:00.000,652.2,652.7,652.18,652.225,4146359,30283,652.68
2025-09-10T16:00:00.000,652.22,652.22,652.22,652.22,450,1,652.68
2025-09-11T09:30:00.000,654.18,654.62,653.87,654.4901,1732196,21184,654.34
2025-09-11T09:35:00.000,654.49,654.58,653.81,653.935,1452962,17389,654.27
2025-09-11T09:40:00.000,653.97,654.355,653.7,653.87,1209649,15363,654.19
2025-09-11T09:45:00.000,653.87,654.65,653.59,654.47,1617201,18963,654.2
2025-09-11T09:50:00.000,654.48,655.18,654.29,655.11,1171381,15144,654.29
2025-09-11T09:55:00.000,655.1,655.63,654.91,655.57,1507450,18115,654.46
2025-09-11T10:00:00.000,655.57,655.79,655.38,655.72,1294670,18801,654.61
2025-09-11T10:05:00.000,655.71,656.25,655.71,655.94,1060623,14803,654.74
2025-09-11T10:10:00.000,655.94,656.06,655.62,655.67,994153,14013,654.82
2025-09-11T10:15:00.000,655.67,656.015,655.555,655.685,637024,10550,654.87
2025-09-11T10:20:00.000,655.69,656.02,655.66,655.995,1323672,10214,654.91
2025-09-11T10:25:00.000,656.0,656.08,655.745,655.96,648507,10554,654.95
2025-09-11T10:30:00.000,655.955,656.63,655.855,656.55,818331,12325,655.02
2025-09-11T10:35:00.000,656.54,656.86,656.505,656.81,824796,12021,655.1
2025-09-11T10:40:00.000,656.82,656.98,656.755,656.935,1546652,12075,655.19
2025-09-11T10:45:00.000,656.93,657.0,656.56,656.7,894767,13601,655.26
2025-09-11T10:50:00.000,656.7,656.79,656.23,656.55,840075,12087,655.32
2025-09-11T10:55:00.000,656.55,656.6699,656.19,656.65,776093,11735,655.36
2025-09-11T11:00:00.000,656.65,656.905,656.6,656.77,602940,10169,655.41
2025-09-11T11:05:00.000,656.77,656.82,656.56,656.59,502286,8278,655.44
2025-09-11T11:10:00.000,656.598,656.86,656.54,656.83,494451,8099,655.47
2025-09-11T11:15:00.000,656.83,657.59,656.76,657.47,1200539,14038,655.55
2025-09-11T11:20:00.000,657.475,657.53,657.22,657.32,1017888,11315,655.62
2025-09-11T11:25:00.000,657.34,657.47,657.285,657.42,448450,7728,655.66
2025-09-11T11:30:00.000,657.42,657.8,657.42,657.54,618476,8962,655.71
2025-09-11T11:35:00.000,657.54,657.56,657.11,657.16,744445,10253,655.76
2025-09-11T11:40:00.000,657.15,657.26,657.02,657.0419,528573,7685,655.79
2025-09-11T11:45:00.000,657.05,657.125,656.64,656.78,676127,8696,655.82
2025-09-11T11:50:00.000,656.79,657.29,656.78,657.26,637609,8754,655.85
2025-09-11T11:55:00.000,657.25,657.345,657.185,657.21,250071,4858,655.86
2025-09-11T12:00:00.000,657.21,657.64,657.11,657.585,1841985,8118,655.89
2025-09-11T12:05:00.000,657.575,657.595,657.435,657.5146,378254,6085,655.91
2025-09-11T12:10:00.000,657.52,657.62,657.415,657.485,494913,6816,655.94
2025-09-11T12:15:00.000,657.485,657.64,657.4,657.5458,351275,5363,655.96
2025-09-11T12:20:00.000,657.54,657.72,657.485,657.58,571804,5400,655.99
2025-09-11T12:25:00.000,657.58,657.64,657.325,657.35,321251,4937,656.01
2025-09-11T12:30:00.000,657.36,657.5358,657.23,657.27,376007,5957,656.02
2025-09-11T12:35:00.000,657.275,657.405,657.12,657.35,329108,5420,656.04
2025-09-11T12:40:00.000,657.35,657.36,657.07,657.23,371286,5927,656.05
2025-09-11T12:45:00.000,657.23,657.33,657.04,657.22,303087,4927,656.06
2025-09-11T12:50:00.000,657.215,657.215,656.855,657.08,323751,5012,656.07
2025-09-11T12:55:00.000,657.06,657.2258,656.97,657.16,432815,4340,656.08
2025-09-11T13:00:00.000,657.15,657.15,656.945,657.07,220318,3498,656.09
2025-09-11T13:05:00.000,657.07,657.18,656.88,657.17,397749,5760,656.1
2025-09-11T13:10:00.000,657.17,657.47,657.17,657.365,566874,8160,656.12
2025-09-11T13:15:00.000,657.37,657.41,657.13,657.2236,341703,5026,656.13
2025-09-11T13:20:00.000,657.22,657.46,657.2,657.405,318706,4985,656.14
2025-09-11T13:25:00.000,657.405,657.555,657.06,657.12,436480,6580,656.16
2025-09-11T13:30:00.000,657.115,657.44,657.115,657.372,370682,6248,656.17
2025-09-11T13:35:00.000,657.3781,657.43,657.19,657.26,303488,5367,656.18
2025-09-11T13:40:00.000,657.28,657.54,657.28,657.49,283765,4824,656.19
2025-09-11T13:45:00.000,657.5,657.52,657.145,657.185,321238,5871,656.2
2025-09-11T13:50:00.000,657.195,657.32,657.01,657.315,739643,5952,656.21
2025-09-11T13:55:00.000,657.3,657.57,657.25,657.55,553389,6034,656.23
2025-09-11T14:00:00.000,657.555,657.66,657.48,657.485,902863,8014,656.25
2025-09-11T14:05:00.000,657.49,657.59,657.31,657.39,679497,7570,656.28
2025-09-11T14:10:00.000,657.38,657.555,657.27,657.41,751263,7483,656.3
2025-09-11T14:15:00.000,657.415,657.5,657.26,657.28,595850,6135,656.31
2025-09-11T14:20:00.000,657.3,657.415,657.17,657.4,484693,6716,656.32
2025-09-11T14:25:00.000,657.38,657.515,657.18,657.33,701067,7116,656.34
2025-09-11T14:30:00.000,657.33,657.425,657.19,657.19,342099,4951,656.34
2025-09-11T14:35:00.000,657.19,657.46,657.16,657.4476,436748,6307,656.35
2025-09-11T14:40:00.000,657.445,657.54,657.36,657.505,351596,4908,656.36
2025-09-11T14:45:00.000,657.505,657.59,657.46,657.535,446714,5420,656.38
2025-09-11T14:50:00.000,657.54,657.65,657.44,657.555,772238,7180,656.4
2025-09-11T14:55:00.000,657.555,657.735,657.475,657.535,740568,6548,656.41
2025-09-11T15:00:00.000,657.53,657.67,657.43,657.6199,679433,6333,656.43
2025-09-11T15:05:00.000,657.61,657.71,657.46,657.465,384087,5474,656.44
2025-09-11T15:10:00.000,657.465,657.65,657.4,657.555,693341,6899,656.45
2025-09-11T15:15:00.000,657.55,657.81,657.5,657.75,752040,7439,656.47
2025-09-11T15:20:00.000,657.75,657.799,657.645,657.725,731790,7750,656.49
2025-09-11T15:25:00.000,657.7242,657.83,657.68,657.76,861248,8175,656.51
2025-09-11T15:30:00.000,657.75,658.1,657.735,658.035,1008975,11367,656.55
2025-09-11T15:35:00.000,658.045,658.16,657.94,658.06,1113958,10640,656.58
2025-09-11T15:40:00.000,658.05,658.1,657.81,657.84,719168,8470,656.6
2025-09-11T15:45:00.000,657.845,658.02,657.778,658.0,1199095,12033,656.64
2025-09-11T15:50:00.000,658.0,658.33,657.82,658.14,2569624,22382,656.72
2025-09-11T15:55:00.000,658.14,658.215,657.465,657.61,5217964,34033,656.81
2025-09-11T16:00:00.000,657.6,657.61,657.595,657.595,5759,5,656.81
2025-09-12T09:30:00.000,657.6,657.77,657.43,657.66,1665546,20625,657.59
2025-09-12T09:35:00.000,657.66,657.71,657.145,657.41,1677618,19510,657.52
2025-09-12T09:40:00.000,657.42,657.65,657.38,657.4425,1083429,13853,657.51
2025-09-12T09:45:00.000,657.445,657.665,657.24,657.5635,1051653,12231,657.5
2025-09-12T09:50:00.000,657.56,657.7,657.38,657.555,739964,10189,657.5
2025-09-12T09:55:00.000,657.55,658.068,657.53,657.99,1185034,9923,657.55
2025-09-12T10:00:00.000,658.01,658.06,657.55,657.84,865005,11386,657.57
2025-09-12T10:05:00.000,657.86,658.2,657.77,658.17,1005059,10380,657.61
2025-09-12T10:10:00.000,658.165,658.19,657.49,657.51,878879,11671,657.63
2025-09-12T10:15:00.000,657.5,657.7999,657.32,657.68,756889,12707,657.62
2025-09-12T10:20:00.000,657.68,658.11,657.67,657.98,879717,13920,657.64
2025-09-12T10:25:00.000,657.97,658.045,657.75,657.97,582335,8787,657.65
2025-09-12T10:30:00.000,657.96,658.0299,657.685,657.91,833983,9174,657.66
2025-09-12T10:35:00.000,657.9,657.995,657.75,657.88,414710,7993,657.67
2025-09-12T10:40:00.000,657.88,657.995,657.78,657.8007,657849,8077,657.68
2025-09-12T10:45:00.000,657.83,658.12,657.79,658.095,477988,8541,657.69
2025-09-12T10:50:00.000,658.09,658.225,657.88,658.2209,519175,8451,657.7
2025-09-12T10:55:00.000,658.22,658.48,658.2,658.3804,781810,10683,657.73
2025-09-12T11:00:00.000,658.38,658.435,657.945,657.98,661933,9078,657.76
2025-09-12T11:05:00.000,657.98,658.095,657.91,658.04,433492,7375,657.76
2025-09-12T11:10:00.000,658.03,658.15,657.845,658.075,523552,8047,657.77
2025-09-12T11:15:00.000,658.07,658.26,657.945,657.95,365249,6475,657.78
2025-09-12T11:20:00.000,657.95,657.96,657.695,657.885,560054,7065,657.78
2025-09-12T11:25:00.000,657.89,657.9899,657.62,657.64,428148,6948,657.78
2025-09-12T11:30:00.000,657.64,657.815,657.42,657.71,528539,7325,657.77
2025-09-12T11:35:00.000,657.7,657.76,657.42,657.48,334634,5567,657.77
2025-09-12T11:40:00.000,657.48,657.6199,657.35,657.47,329794,5276,657.77
2025-09-12T11:45:00.000,657.48,657.6,657.21,657.395,455785,6515,657.76
2025-09-12T11:50:00.000,657.39,657.52,657.3418,657.465,402005,5774,657.75
2025-09-12T11:55:00.000,657.47,657.7,657.46,657.62,588297,6923,657.75
2025-09-12T12:00:00.000,657.61,657.6276,657.39,657.525,462677,6073,657.74
2025-09-12T12:05:00.000,657.52,657.6699,657.3099,657.65,370576,5315,657.73
2025-09-12T12:10:00.000,657.63,657.85,657.63,657.71,446085,5585,657.73
2025-09-12T12:15:00.000,657.72,657.99,657.715,657.89,581047,5929,657.74
2025-09-12T12:20:00.000,657.9,657.94,657.71,657.875,391796,4635,657.74
2025-09-12T12:25:00.000,657.88,658.06,657.8632,658.05,331104,4700,657.74
2025-09-12T12:30:00.000,658.05,658.15,658.0,658.03,437378,4835,657.75
2025-09-12T12:35:00.000,658.04,658.05,657.77,657.79,386683,5023,657.75
2025-09-12T12:40:00.000,657.785,657.87,657.65,657.84,349692,5136,657.75
2025-09-12T12:45:00.000,657.83,658.06,657.8299,657.98,440137,5397,657.75
2025-09-12T12:50:00.000,657.985,658.06,657.91,658.04,320067,4411,657.76
2025-09-12T12:55:00.000,658.05,658.2,657.9901,658.07,637555,6743,657.76
2025-09-12T13:00:00.000,658.075,658.09,657.8,657.8199,584829,5676,657.77
2025-09-12T13:05:00.000,657.82,657.915,657.795,657.85,431390,3828,657.77
2025-09-12T13:10:00.000,657.85,658.0899,657.83,658.085,425341,5314,657.77
2025-09-12T13:15:00.000,658.085,658.16,658.01,658.08,291568,4492,657.78
2025-09-12T13:20:00.000,658.08,658.28,658.0693,658.24,295020,4348,657.78
2025-09-12T13:25:00.000,658.24,658.275,658.1,658.1,333369,4773,657.79
2025-09-12T13:30:00.000,658.1,658.2,657.98,658.01,694226,4481,657.79
2025-09-12T13:35:00.000,658.025,658.1281,657.9,658.0586,453968,6007,657.79
2025-09-12T13:40:00.000,658.06,658.19,658.05,658.11,303812,4042,657.8
2025-09-12T13:45:00.000,658.105,658.355,658.1,658.34,273573,3876,657.8
2025-09-12T13:50:00.000,658.34,658.39,658.24,658.28,418924,4509,657.81
2025-09-12T13:55:00.000,658.28,658.4609,658.275,658.3715,450021,4828,657.82
2025-09-12T14:00:00.000,658.375,658.39,658.23,658.285,571439,5860,657.83
2025-09-12T14:05:00.000,658.28,658.44,658.27,658.4199,527292,4453,657.84
2025-09-12T14:10:00.000,658.4101,658.44,658.29,658.42,374013,4070,657.84
2025-09-12T14:15:00.000,658.42,658.44,658.28,658.41,368163,4257,657.85
2025-09-12T14:20:00.000,658.42,658.46,658.325,658.42,486147,5232,657.86
2025-09-12T14:25:00.000,658.43,658.565,658.42,658.505,603166,6092,657.87
2025-09-12T14:30:00.000,658.505,658.875,658.47,658.73,930390,8697,657.89
2025-09-12T14:35:00.000,658.73,658.835,658.64,658.8,533699,6010,657.91
2025-09-12T14:40:00.000,658.79,658.875,658.7,658.73,500481,5822,657.92
2025-09-12T14:45:00.000,658.73,658.81,658.32,658.625,784920,8291,657.94
2025-09-12T14:50:00.000,658.64,659.11,658.63,658.99,1110470,8924,657.96
2025-09-12T14:55:00.000,658.99,659.0,658.75,658.81,740508,6826,657.98
2025-09-12T15:00:00.000,658.81,658.92,658.79,658.88,941928,6054,657.99
2025-09-12T15:05:00.000,658.885,658.945,658.725,658.8,797525,7015,658.01
2025-09-12T15:10:00.000,658.8,658.83,658.53,658.58,1107822,8290,658.02
2025-09-12T15:15:00.000,658.58,658.605,658.395,658.52,1083875,9042,658.03
2025-09-12T15:20:00.000,658.515,658.6,658.305,658.335,906798,8570,658.04
2025-09-12T15:25:00.000,658.34,658.445,658.07,658.17,1608416,12310,658.05
2025-09-12T15:30:00.000,658.17,658.285,657.53,657.73,2534301,18603,658.04
2025-09-12T15:35:00.000,657.73,657.89,657.24,657.29,2006822,14434,658.02
2025-09-12T15:40:00.000,657.3,657.76,656.9,657.75,2350925,20695,657.98
2025-09-12T15:45:00.000,657.75,657.95,657.55,657.84,1757342,14966,657.98
2025-09-12T15:50:00.000,657.85,658.33,657.805,658.32,3818474,21595,657.98
2025-09-12T15:55:00.000,658.315,658.325,657.38,657.42,4777096,33703,657.96
2025-09-12T16:00:00.000,657.4,657.4,657.4,657.4,4267,5,657.96
2025-09-13T09:30:00.000,0.0,0.0,0.0,0.0,0,0,0.0
2025-09-13T09:35:00.000,0.0,0.0,0.0,0.0,0,0,0.0
2025-09-13T09:40:00.000,0.0,0.0,0.0,0.0,0,0,0.0
2025-09-13T09:45:00.000,0.0,0.0,0.0,0.0,0,0,0.0
2025-09-13T09:50:00.000,0.0,0.0,0.0,0.0,0,0,0.0
2025-09-13T09:55:00.000,0.0,0.0,0.0,0.0,0,0,0.0
2025-09-13T10:00:00.000,0.0,0.0,0.0,0.0,0,0,0.0
2025-09-13T10:05:00.000,0.0,0.0,0.0,0.0,0,0,0.0
2025-09-13T10:10:00.000,0.0,0.0,0.0,0.0,0,0,0.0
2025-09-13T10:15:00.000,0.0,0.0,0.0,0.0,0,0,0.0
2025-09-13T10:20:00.000,0.0,0.0,0.0,0.0,0,0,0.0
2025-09-13T10:25:00.000,0.0,0.0,0.0,0.0,0,0,0.0
2025-09-13T10:30:00.000,0.0,0.0,0.0,0.0,0,0,0.0
2025-09-13T10:35:00.000,0.0,0.0,0.0,0.0,0,0,0.0
2025-09-13T10:40:00.000,0.0,0.0,0.0,0.0,0,0,0.0
2025-09-13T10:45:00.000,0.0,0.0,0.0,0.0,0,0,0.0
2025-09-13T10:50:00.000,0.0,0.0,0.0,0.0,0,0,0.0
2025-09-13T10:55:00.000,0.0,0.0,0.0,0.0,0,0,0.0
2025-09-13T11:00:00.000,0.0,0.0,0.0,0.0,0,0,0.0
2025-09-13T11:05:00.000,0.0,0.0,0.0,0.0,0,0,0.0
2025-09-13T11:10:00.000,0.0,0.0,0.0,0.0,0,0,0.0
2025-09-13T11:15:00.000,0.0,0.0,0.0,0.0,0,0,0.0
2025-09-13T11:20:00.000,0.0,0.0,0.0,0.0,0,0,0.0
2025-09-13T11:25:00.000,0.0,0.0,0.0,0.0,0,0,0.0
2025-09-13T11:30:00.000,0.0,0.0,0.0,0.0,0,0,0.0
2025-09-13T11:35:00.000,0.0,0.0,0.0,0.0,0,0,0.0
2025-09-13T11:40:00.000,0.0,0.0,0.0,0.0,0,0,0.0
2025-09-13T11:45:00.000,0.0,0.0,0.0,0.0,0,0,0.0
2025-09-13T11:50:00.000,0.0,0.0,0.0,0.0,0,0,0.0
2025-09-13T11:55:00.000,0.0,0.0,0.0,0.0,0,0,0.0
2025-09-13T12:00:00.000,0.0,0.0,0.0,0.0,0,0,0.0
2025-09-13T12:05:00.000,0.0,0.0,0.0,0.0,0,0,0.0
2025-09-13T12:10:00.000,0.0,0.0,0.0,0.0,0,0,0.0
2025-09-13T12:15:00.000,0.0,0.0,0.0,0.0,0,0,0.0
2025-09-13T12:20:00.000,0.0,0.0,0.0,0.0,0,0,0.0
2025-09-13T12:25:00.000,0.0,0.0,0.0,0.0,0,0,0.0
2025-09-13T12:30:00.000,0.0,0.0,0.0,0.0,0,0,0.0
2025-09-13T12:35:00.000,0.0,0.0,0.0,0.0,0,0,0.0
2025-09-13T12:40:00.000,0.0,0.0,0.0,0.0,0,0,0.0
2025-09-13T12:45:00.000,0.0,0.0,0.0,0.0,0,0,0.0
2025-09-13T12:50:00.000,0.0,0.0,0.0,0.0,0,0,0.0
2025-09-13T12:55:00.000,0.0,0.0,0.0,0.0,0,0,0.0
2025-09-13T13:00:00.000,0.0,0.0,0.0,0.0,0,0,0.0
2025-09-13T13:05:00.000,0.0,0.0,0.0,0.0,0,0,0.0
2025-09-13T13:10:00.000,0.0,0.0,0.0,0.0,0,0,0.0
2025-09-13T13:15:00.000,0.0,0.0,0.0,0.0,0,0,0.0
2025-09-13T13:20:00.000,0.0,0.0,0.0,0.0,0,0,0.0
2025-09-13T13:25:00.000,0.0,0.0,0.0,0.0,0,0,0.0
2025-09-13T13:30:00.000,0.0,0.0,0.0,0.0,0,0,0.0
2025-09-13T13:35:00.000,0.0,0.0,0.0,0.0,0,0,0.0
2025-09-13T13:40:00.000,0.0,0.0,0.0,0.0,0,0,0.0
2025-09-13T13:45:00.000,0.0,0.0,0.0,0.0,0,0,0.0
2025-09-13T13:50:00.000,0.0,0.0,0.0,0.0,0,0,0.0
2025-09-13T13:55:00.000,0.0,0.0,0.0,0.0,0,0,0.0
2025-09-13T14:00:00.000,0.0,0.0,0.0,0.0,0,0,0.0
2025-09-13T14:05:00.000,0.0,0.0,0.0,0.0,0,0,0.0
2025-09-13T14:10:00.000,0.0,0.0,0.0,0.0,0,0,0.0
2025-09-13T14:15:00.000,0.0,0.0,0.0,0.0,0,0,0.0
2025-09-13T14:20:00.000,0.0,0.0,0.0,0.0,0,0,0.0
2025-09-13T14:25:00.000,0.0,0.0,0.0,0.0,0,0,0.0
2025-09-13T14:30:00.000,0.0,0.0,0.0,0.0,0,0,0.0
2025-09-13T14:35:00.000,0.0,0.0,0.0,0.0,0,0,0.0
2025-09-13T14:40:00.000,0.0,0.0,0.0,0.0,0,0,0.0
2025-09-13T14:45:00.000,0.0,0.0,0.0,0.0,0,0,0.0
2025-09-13T14:50:00.000,0.0,0.0,0.0,0.0,0,0,0.0
2025-09-13T14:55:00.000,0.0,0.0,0.0,0.0,0,0,0.0
2025-09-13T15:00:00.000,0.0,0.0,0.0,0.0,0,0,0.0
2025-09-13T15:05:00.000,0.0,0.0,0.0,0.0,0,0,0.0
2025-09-13T15:10:00.000,0.0,0.0,0.0,0.0,0,0,0.0
2025-09-13T15:15:00.000,0.0,0.0,0.0,0.0,0,0,0.0
2025-09-13T15:20:00.000,0.0,0.0,0.0,0.0,0,0,0.0
2025-09-13T15:25:00.000,0.0,0.0,0.0,0.0,0,0,0.0
2025-09-13T15:30:00.000,0.0,0.0,0.0,0.0,0,0,0.0
2025-09-13T15:35:00.000,0.0,0.0,0.0,0.0,0,0,0.0
2025-09-13T15:40:00.000,0.0,0.0,0.0,0.0,0,0,0.0
2025-09-13T15:45:00.000,0.0,0.0,0.0,0.0,0,0,0.0
2025-09-13T15:50:00.000,0.0,0.0,0.0,0.0,0,0,0.0
2025-09-13T15:55:00.000,0.0,0.0,0.0,0.0,0,0,0.0
2025-09-13T16:00:00.000,0.0,0.0,0.0,0.0,0,0,0.0
2025-09-14T09:30:00.000,0.0,0.0,0.0,0.0,0,0,0.0
2025-09-14T09:35:00.000,0.0,0.0,0.0,0.0,0,0,0.0
2025-09-14T09:40:00.000,0.0,0.0,0.0,0.0,0,0,0.0
2025-09-14T09:45:00.000,0.0,0.0,0.0,0.0,0,0,0.0
2025-09-14T09:50:00.000,0.0,0.0,0.0,0.0,0,0,0.0
2025-09-14T09:55:00.000,0.0,0.0,0.0,0.0,0,0,0.0
2025-09-14T10:00:00.000,0.0,0.0,0.0,0.0,0,0,0.0
2025-09-14T10:05:00.000,0.0,0.0,0.0,0.0,0,0,0.0
2025-09-14T10:10:00.000,0.0,0.0,0.0,0.0,0,0,0.0
2025-09-14T10:15:00.000,0.0,0.0,0.0,0.0,0,0,0.0
2025-09-14T10:20:00.000,0.0,0.0,0.0,0.0,0,0,0.0
2025-09-14T10:25:00.000,0.0,0.0,0.0,0.0,0,0,0.0
2025-09-14T10:30:00.000,0.0,0.0,0.0,0.0,0,0,0.0
2025-09-14T10:35:00.000,0.0,0.0,0.0,0.0,0,0,0.0
2025-09-14T10:40:00.000,0.0,0.0,0.0,0.0,0,0,0.0
2025-09-14T10:45:00.000,0.0,0.0,0.0,0.0,0,0,0.0
2025-09-14T10:50:00.000,0.0,0.0,0.0,0.0,0,0,0.0
2025-09-14T10:55:00.000,0.0,0.0,0.0,0.0,0,0,0.0
2025-09-14T11:00:00.000,0.0,0.0,0.0,0.0,0,0,0.0
2025-09-14T11:05:00.000,0.0,0.0,0.0,0.0,0,0,0.0
2025-09-14T11:10:00.000,0.0,0.0,0.0,0.0,0,0,0.0
2025-09-14T11:15:00.000,0.0,0.0,0.0,0.0,0,0,0.0
2025-09-14T11:20:00.000,0.0,0.0,0.0,0.0,0,0,0.0
2025-09-14T11:25:00.000,0.0,0.0,0.0,0.0,0,0,0.0
2025-09-14T11:30:00.000,0.0,0.0,0.0,0.0,0,0,0.0
2025-09-14T11:35:00.000,0.0,0.0,0.0,0.0,0,0,0.0
2025-09-14T11:40:00.000,0.0,0.0,0.0,0.0,0,0,0.0
2025-09-14T11:45:00.000,0.0,0.0,0.0,0.0,0,0,0.0
2025-09-14T11:50:00.000,0.0,0.0,0.0,0.0,0,0,0.0
2025-09-14T11:55:00.000,0.0,0.0,0.0,0.0,0,0,0.0
2025-09-14T12:00:00.000,0.0,0.0,0.0,0.0,0,0,0.0
2025-09-14T12:05:00.000,0.0,0.0,0.0,0.0,0,0,0.0
2025-09-14T12:10:00.000,0.0,0.0,0.0,0.0,0,0,0.0
2025-09-14T12:15:00.000,0.0,0.0,0.0,0.0,0,0,0.0
2025-09-14T12:20:00.000,0.0,0.0,0.0,0.0,0,0,0.0
2025-09-14T12:25:00.000,0.0,0.0,0.0,0.0,0,0,0.0
2025-09-14T12:30:00.000,0.0,0.0,0.0,0.0,0,0,0.0
2025-09-14T12:35:00.000,0.0,0.0,0.0,0.0,0,0,0.0
2025-09-14T12:40:00.000,0.0,0.0,0.0,0.0,0,0,0.0
2025-09-14T12:45:00.000,0.0,0.0,0.0,0.0,0,0,0.0
2025-09-14T12:50:00.000,0.0,0.0,0.0,0.0,0,0,0.0
2025-09-14T12:55:00.000,0.0,0.0,0.0,0.0,0,0,0.0
2025-09-14T13:00:00.000,0.0,0.0,0.0,0.0,0,0,0.0
2025-09-14T13:05:00.000,0.0,0.0,0.0,0.0,0,0,0.0
2025-09-14T13:10:00.000,0.0,0.0,0.0,0.0,0,0,0.0
2025-09-14T13:15:00.000,0.0,0.0,0.0,0.0,0,0,0.0
2025-09-14T13:20:00.000,0.0,0.0,0.0,0.0,0,0,0.0
2025-09-14T13:25:00.000,0.0,0.0,0.0,0.0,0,0,0.0
2025-09-14T13:30:00.000,0.0,0.0,0.0,0.0,0,0,0.0
2025-09-14T13:35:00.000,0.0,0.0,0.0,0.0,0,0,0.0
2025-09-14T13:40:00.000,0.0,0.0,0.0,0.0,0,0,0.0
2025-09-14T13:45:00.000,0.0,0.0,0.0,0.0,0,0,0.0
2025-09-14T13:50:00.000,0.0,0.0,0.0,0.0,0,0,0.0
2025-09-14T13:55:00.000,0.0,0.0,0.0,0.0,0,0,0.0
2025-09-14T14:00:00.000,0.0,0.0,0.0,0.0,0,0,0.0
2025-09-14T14:05:00.000,0.0,0.0,0.0,0.0,0,0,0.0
2025-09-14T14:10:00.000,0.0,0.0,0.0,0.0,0,0,0.0
2025-09-14T14:15:00.000,0.0,0.0,0.0,0.0,0,0,0.0
2025-09-14T14:20:00.000,0.0,0.0,0.0,0.0,0,0,0.0
2025-09-14T14:25:00.000,0.0,0.0,0.0,0.0,0,0,0.0
2025-09-14T14:30:00.000,0.0,0.0,0.0,0.0,0,0,0.0
2025-09-14T14:35:00.000,0.0,0.0,0.0,0.0,0,0,0.0
2025-09-14T14:40:00.000,0.0,0.0,0.0,0.0,0,0,0.0
2025-09-14T14:45:00.000,0.0,0.0,0.0,0.0,0,0,0.0
2025-09-14T14:50:00.000,0.0,0.0,0.0,0.0,0,0,0.0
2025-09-14T14:55:00.000,0.0,0.0,0.0,0.0,0,0,0.0
2025-09-14T15:00:00.000,0.0,0.0,0.0,0.0,0,0,0.0
2025-09-14T15:05:00.000,0.0,0.0,0.0,0.0,0,0,0.0
2025-09-14T15:10:00.000,0.0,0.0,0.0,0.0,0,0,0.0
2025-09-14T15:15:00.000,0.0,0.0,0.0,0.0,0,0,0.0
2025-09-14T15:20:00.000,0.0,0.0,0.0,0.0,0,0,0.0
2025-09-14T15:25:00.000,0.0,0.0,0.0,0.0,0,0,0.0
2025-09-14T15:30:00.000,0.0,0.0,0.0,0.0,0,0,0.0
2025-09-14T15:35:00.000,0.0,0.0,0.0,0.0,0,0,0.0
2025-09-14T15:40:00.000,0.0,0.0,0.0,0.0,0,0,0.0
2025-09-14T15:45:00.000,0.0,0.0,0.0,0.0,0,0,0.0
2025-09-14T15:50:00.000,0.0,0.0,0.0,0.0,0,0,0.0
2025-09-14T15:55:00.000,0.0,0.0,0.0,0.0,0,0,0.0
2025-09-14T16:00:00.000,0.0,0.0,0.0,0.0,0,0,0.0
2025-09-15T09:30:00.000,659.64,660.12,659.475,659.82,2189152,31073,659.85
2025-09-15T09:35:00.000,659.82,660.16,659.76,660.095,1238545,16754,659.88
2025-09-15T09:40:00.000,660.09,660.3,659.48,659.615,1336729,17700,659.9
2025-09-15T09:45:00.000,659.63,660.34,659.625,660.19,1220868,16745,659.93
2025-09-15T09:50:00.000,660.2,660.495,660.11,660.4601,1188723,15552,660.0
2025-09-15T09:55:00.000,660.47,660.68,660.34,660.65,1007569,14391,660.05
2025-09-15T10:00:00.000,660.645,660.73,660.18,660.26,1074931,17571,660.1
2025-09-15T10:05:00.000,660.26,660.39,660.06,660.085,877216,14322,660.11
2025-09-15T10:10:00.000,660.09,660.26,659.98,660.21,550045,10854,660.11
2025-09-15T10:15:00.000,660.21,660.32,660.06,660.145,545257,10734,660.11
2025-09-15T10:20:00.000,660.14,660.42,660.048,660.305,617684,11491,660.12
2025-09-15T10:25:00.000,660.305,660.735,660.27,660.68,883698,16724,660.15
2025-09-15T10:30:00.000,660.66,660.83,660.33,660.515,1378728,19162,660.2
2025-09-15T10:35:00.000,660.53,660.595,660.4,660.49,715589,11377,660.21
2025-09-15T10:40:00.000,660.495,660.92,660.46,660.812,588537,10855,660.23
2025-09-15T10:45:00.000,660.81,660.995,660.72,660.785,634527,11205,660.25
2025-09-15T10:50:00.000,660.77,660.98,660.7212,660.89,579555,10248,660.27
2025-09-15T10:55:00.000,660.88,660.9897,660.81,660.95,422058,9471,660.28
2025-09-15T11:00:00.000,660.96,661.04,660.8,660.92,667766,11326,660.31
2025-09-15T11:05:00.000,660.915,660.955,660.63,660.66,569530,9842,660.32
2025-09-15T11:10:00.000,660.655,660.925,660.52,660.78,543087,9210,660.33
2025-09-15T11:15:00.000,660.78,660.905,660.615,660.65,540981,9616,660.34
2025-09-15T11:20:00.000,660.65,660.67,660.23,660.375,737156,11011,660.35
2025-09-15T11:25:00.000,660.38,660.6957,660.33,660.3595,688752,10132,660.35
2025-09-15T11:30:00.000,660.35,660.445,660.24,660.38,489542,8737,660.35
2025-09-15T11:35:00.000,660.39,660.67,660.35,660.63,456921,8078,660.35
2025-09-15T11:40:00.000,660.64,660.82,660.38,660.39,585600,8001,660.36
2025-09-15T11:45:00.000,660.395,660.61,660.3,660.595,518087,9016,660.36
2025-09-15T11:50:00.000,660.59,660.65,660.42,660.6399,437535,8666,660.36
2025-09-15T11:55:00.000,660.64,660.78,660.54,660.62,563157,9488,660.37
2025-09-15T12:00:00.000,660.61,660.7,660.48,660.5,444190,7597,660.37
2025-09-15T12:05:00.000,660.505,660.74,660.44,660.735,612177,7969,660.38
2025-09-15T12:10:00.000,660.735,660.885,660.64,660.81,532418,7649,660.38
2025-09-15T12:15:00.000,660.8115,660.8901,660.69,660.72,343867,6484,660.39
2025-09-15T12:20:00.000,660.7143,660.8399,660.61,660.7401,412852,6471,660.39
2025-09-15T12:25:00.000,660.7688,660.795,660.55,660.602,446074,6971,660.4
2025-09-15T12:30:00.000,660.605,660.8799,660.5799,660.7801,303525,5599,660.4
2025-09-15T12:35:00.000,660.78,660.82,660.64,660.74,626153,5337,660.41
2025-09-15T12:40:00.000,660.74,660.74,660.53,660.6,405817,6426,660.41
2025-09-15T12:45:00.000,660.595,660.595,660.4,660.5101,728351,6692,660.41
2025-09-15T12:50:00.000,660.515,660.585,660.395,660.445,363169,5809,660.41
2025-09-15T12:55:00.000,660.45,660.47,660.07,660.13,631884,7996,660.41
2025-09-15T13:00:00.000,660.12,660.26,660.0,660.15,605059,7847,660.4
2025-09-15T13:05:00.000,660.15,660.385,660.13,660.23,420532,5724,660.4
2025-09-15T13:10:00.000,660.22,660.2373,659.95,660.01,572916,6003,660.4
2025-09-15T13:15:00.000,660.0,660.1,659.74,659.78,455620,6051,660.39
2025-09-15T13:20:00.000,659.77,659.96,659.53,659.91,997478,8754,660.37
2025-09-15T13:25:00.000,659.905,659.925,659.67,659.75,533616,6588,660.36
2025-09-15T13:30:00.000,659.74,660.065,659.7,660.03,468698,7197,660.35
2025-09-15T13:35:00.000,660.0314,660.2257,659.84,660.1851,620358,7876,660.35
2025-09-15T13:40:00.000,660.2,660.43,660.19,660.33,577038,7121,660.35
2025-09-15T13:45:00.000,660.33,660.475,660.2215,660.42,442038,5712,660.35
2025-09-15T13:50:00.000,660.425,660.53,660.37,660.4,309777,4591,660.35
2025-09-15T13:55:00.000,660.41,660.66,660.3799,660.6099,498253,6218,660.35
2025-09-15T14:00:00.000,660.6,660.6,660.315,660.49,704116,6333,660.35
2025-09-15T14:05:00.000,660.49,660.52,660.13,660.175,542421,6123,660.35
2025-09-15T14:10:00.000,660.17,660.26,659.95,660.15,537201,5794,660.35
2025-09-15T14:15:00.000,660.16,660.23,659.91,660.095,487721,6005,660.35
2025-09-15T14:20:00.000,660.08,660.19,659.95,660.125,422802,5186,660.34
2025-09-15T14:25:00.000,660.125,660.25,659.895,659.9,520396,5313,660.34
2025-09-15T14:30:00.000,659.9,660.1,659.87,660.02,444327,5584,660.34
2025-09-15T14:35:00.000,660.0,660.07,659.84,659.853,456908,5256,660.33
2025-09-15T14:40:00.000,659.845,659.89,659.34,659.535,858791,8698,660.31
2025-09-15T14:45:00.000,659.545,659.79,659.38,659.77,1204956,8136,660.3
2025-09-15T14:50:00.000,659.75,660.0959,659.75,660.07,578845,6172,660.29
2025-09-15T14:55:00.000,660.065,660.105,659.88,660.0,450373,5626,660.29
2025-09-15T15:00:00.000,659.99,660.12,659.79,659.815,608641,6827,660.28
2025-09-15T15:05:00.000,659.815,659.98,659.7,659.96,530492,6535,660.28
2025-09-15T15:10:00.000,659.955,660.16,659.885,659.945,557627,6588,660.28
2025-09-15T15:15:00.000,659.935,660.06,659.745,660.06,515315,6321,660.27
2025-09-15T15:20:00.000,660.065,660.16,659.9,660.01,669358,6907,660.27
2025-09-15T15:25:00.000,660.01,660.155,659.98,660.07,873517,6481,660.27
2025-09-15T15:30:00.000,660.07,660.08,659.89,660.055,724277,7365,660.26
2025-09-15T15:35:00.000,660.06,660.145,659.87,659.93,692042,7230,660.26
2025-09-15T15:40:00.000,659.94,660.2,659.89,660.01,702359,8421,660.25
2025-09-15T15:45:00.000,659.99,660.418,659.97,660.41,1237551,10293,660.26
2025-09-15T15:50:00.000,660.4,660.4,659.76,660.303,1631823,16600,660.25
2025-09-15T15:55:00.000,660.3,660.91,660.02,660.85,5496696,35326,660.28
2025-09-15T16:00:00.000,660.85,660.85,660.85,660.85,100,1,660.28
2025-09-16T09:30:00.000,661.47,661.78,661.21,661.43,1842446,21287,661.49
2025-09-16T09:35:00.000,661.43,661.485,660.915,660.92,1125016,14811,661.38
2025-09-16T09:40:00.000,660.93,661.1,660.66,660.791,1265912,15838,661.22
2025-09-16T09:45:00.000,660.79,660.95,660.47,660.9,1269929,15930,661.09
2025-09-16T09:50:00.000,660.905,660.9099,660.03,660.31,1662167,18397,660.92
2025-09-16T09:55:00.000,660.305,660.44,660.11,660.28,1171310,14741,660.84
2025-09-16T10:00:00.000,660.27,660.305,659.86,660.015,1306017,16352,660.73
2025-09-16T10:05:00.000,660.03,660.195,659.9,659.91,884561,14666,660.67
2025-09-16T10:10:00.000,659.9151,660.005,659.63,659.93,1006639,15516,660.6
2025-09-16T10:15:00.000,659.93,660.48,659.93,660.19,1186713,15892,660.57
2025-09-16T10:20:00.000,660.1951,660.518,659.97,660.38,842286,12937,660.55
2025-09-16T10:25:00.000,660.37,660.37,659.85,659.945,998940,11952,660.53
2025-09-16T10:30:00.000,659.94,659.995,659.76,659.925,605700,10615,660.51
2025-09-16T10:35:00.000,659.9251,660.3,659.79,659.9101,816160,13254,660.49
2025-09-16T10:40:00.000,659.93,660.045,659.73,659.79,486468,10075,660.47
2025-09-16T10:45:00.000,659.81,660.05,659.71,659.84,536330,10513,660.45
2025-09-16T10:50:00.000,659.83,660.115,659.775,660.025,664375,10679,660.44
2025-09-16T10:55:00.000,660.03,660.04,659.815,659.85,487064,10021,660.43
2025-09-16T11:00:00.000,659.86,659.905,659.39,659.53,805772,11061,660.39
2025-09-16T11:05:00.000,659.53,659.98,659.53,659.965,627836,11062,660.37
2025-09-16T11:10:00.000,659.96,660.115,659.765,659.9,661974,11815,660.36
2025-09-16T11:15:00.000,659.9,659.91,659.575,659.77,623129,10989,660.34
2025-09-16T11:20:00.000,659.78,660.085,659.74,659.79,535270,10437,660.33
2025-09-16T11:25:00.000,659.805,659.94,659.58,659.63,446680,9361,660.32
2025-09-16T11:30:00.000,659.62,659.68,659.47,659.5,511247,9649,660.31
2025-09-16T11:35:00.000,659.51,659.655,659.4049,659.6002,911941,10810,660.28
2025-09-16T11:40:00.000,659.6,659.705,659.21,659.49,636155,10311,660.26
2025-09-16T11:45:00.000,659.49,659.74,659.47,659.5255,455892,8509,660.24
2025-09-16T11:50:00.000,659.52,659.88,659.43,659.81,436656,8695,660.24
2025-09-16T11:55:00.000,659.8101,659.945,659.55,659.665,454709,8146,660.23
2025-09-16T12:00:00.000,659.665,659.77,659.53,659.6,420254,7846,660.22
2025-09-16T12:05:00.000,659.595,659.87,659.595,659.85,369039,7505,660.21
2025-09-16T12:10:00.000,659.85,659.89,659.65,659.735,346281,7261,660.21
2025-09-16T12:15:00.000,659.735,659.94,659.7,659.825,405612,7413,660.2
2025-09-16T12:20:00.000,659.83,659.92,659.76,659.83,309995,7104,660.2
2025-09-16T12:25:00.000,659.822,659.96,659.75,659.905,275253,6725,660.19
2025-09-16T12:30:00.000,659.9,659.93,659.735,659.805,357660,7530,660.19
2025-09-16T12:35:00.000,659.8097,659.95,659.48,659.89,512092,7930,660.18
2025-09-16T12:40:00.000,659.88,659.9399,659.6,659.765,574331,6753,660.18
2025-09-16T12:45:00.000,659.765,659.93,659.7258,659.7689,331188,6550,660.17
2025-09-16T12:50:00.000,659.77,660.06,659.72,660.05,346265,6830,660.17
2025-09-16T12:55:00.000,660.045,660.08,659.845,659.955,486389,7888,660.17
2025-09-16T13:00:00.000,659.96,660.27,659.905,660.1943,447696,7708,660.17
2025-09-16T13:05:00.000,660.2,660.305,660.115,660.2399,346184,6955,660.17
2025-09-16T13:10:00.000,660.2375,660.3081,660.085,660.285,347640,6868,660.17
2025-09-16T13:15:00.000,660.29,660.38,660.22,660.29,340167,6799,660.17
2025-09-16T13:20:00.000,660.295,660.44,660.23,660.36,304087,6262,660.17
2025-09-16T13:25:00.000,660.36,660.42,660.225,660.26,361827,6939,660.17
2025-09-16T13:30:00.000,660.27,660.34,660.15,660.28,1903962,7437,660.17
2025-09-16T13:35:00.000,660.29,660.36,660.11,660.33,489375,6985,660.17
2025-09-16T13:40:00.000,660.32,660.33,660.04,660.085,701471,6240,660.17
2025-09-16T13:45:00.000,660.09,660.24,660.08,660.2,293111,5398,660.17
2025-09-16T13:50:00.000,660.19,660.205,659.9267,660.165,438129,6922,660.17
2025-09-16T13:55:00.000,660.1746,660.3203,660.16,660.2,389594,5656,660.17
2025-09-16T14:00:00.000,660.18,660.22,660.04,660.1901,380325,6339,660.17
2025-09-16T14:05:00.000,660.195,660.405,660.105,660.24,363389,5956,660.17
2025-09-16T14:10:00.000,660.23,660.315,660.135,660.135,370212,5811,660.17
2025-09-16T14:15:00.000,660.13,660.2655,660.1,660.15,526099,6089,660.17
2025-09-16T14:20:00.000,660.14,660.26,660.03,660.2,500283,4952,660.17
2025-09-16T14:25:00.000,660.2,660.2856,660.14,660.19,267495,4837,660.17
2025-09-16T14:30:00.000,660.2,660.33,660.095,660.26,420717,5539,660.17
2025-09-16T14:35:00.000,660.26,660.385,660.17,660.2288,412425,6099,660.18
2025-09-16T14:40:00.000,660.24,660.49,660.235,660.38,354439,4815,660.18
2025-09-16T14:45:00.000,660.39,660.54,660.39,660.52,314974,4774,660.18
2025-09-16T14:50:00.000,660.51,660.74,660.51,660.642,547882,7215,660.19
2025-09-16T14:55:00.000,660.65,660.66,660.535,660.6,462610,5638,660.19
2025-09-16T15:00:00.000,660.6,660.68,660.525,660.58,397836,5533,660.2
2025-09-16T15:05:00.000,660.58,660.73,660.45,660.51,535573,6397,660.2
2025-09-16T15:10:00.000,660.517,660.66,660.44,660.63,428712,5381,660.21
2025-09-16T15:15:00.000,660.63,660.64,660.472,660.472,356753,5412,660.21
2025-09-16T15:20:00.000,660.475,660.63,660.39,660.42,566914,6756,660.22
2025-09-16T15:25:00.000,660.415,660.42,660.03,660.145,950989,9589,660.22
2025-09-16T15:30:00.000,660.14,660.185,659.89,659.93,804391,9038,660.21
2025-09-16T15:35:00.000,659.94,660.13,659.68,659.9,994125,9298,660.2
2025-09-16T15:40:00.000,659.9,660.21,659.895,660.09,880783,9429,660.2
2025-09-16T15:45:00.000,660.09,660.4,660.08,660.3681,886679,8863,660.2
2025-09-16T15:50:00.000,660.37,660.66,660.28,660.4,2308388,19503,660.22
2025-09-16T15:55:00.000,660.4,660.52,659.6984,659.93,4452115,27790,660.21
2025-09-16T16:00:00.000,0.0,0.0,0.0,0.0,0,0,660.21
2025-09-17T09:30:00.000,660.01,660.56,659.98,660.26,1788540,22820,660.26
2025-09-17T09:35:00.000,660.26,660.44,660.01,660.1255,814576,11634,660.25
2025-09-17T09:40:00.000,660.14,660.2,659.76,659.865,964314,13142,660.16
2025-09-17T09:45:00.000,659.86,660.325,659.64,660.17,1082337,14994,660.11
2025-09-17T09:50:00.000,660.17,660.655,660.1,660.21,997129,13971,660.16
2025-09-17T09:55:00.000,660.21,660.37,659.76,659.88,1121621,14346,660.14
2025-09-17T10:00:00.000,659.88,659.96,659.43,659.5499,939649,15273,660.09
2025-09-17T10:05:00.000,659.55,659.61,659.29,659.4,1012459,14134,660.02
2025-09-17T10:10:00.000,659.395,659.56,659.27,659.46,812508,11752,659.97
2025-09-17T10:15:00.000,659.465,659.58,659.09,659.275,789743,14442,659.92
2025-09-17T10:20:00.000,659.28,659.38,659.1,659.225,795713,9998,659.88
2025-09-17T10:25:00.000,659.225,659.355,659.145,659.16,658405,11640,659.85
2025-09-17T10:30:00.000,659.17,659.445,659.06,659.25,724206,12054,659.82
2025-09-17T10:35:00.000,659.2401,659.38,659.11,659.38,543874,10400,659.8
2025-09-17T10:40:00.000,659.38,659.505,659.18,659.19,546515,9934,659.78
2025-09-17T10:45:00.000,659.19,659.355,659.072,659.2701,455202,9449,659.77
2025-09-17T10:50:00.000,659.26,659.47,659.04,659.44,533291,10498,659.75
2025-09-17T10:55:00.000,659.46,659.64,659.28,659.32,627173,10318,659.73
2025-09-17T11:00:00.000,659.32,659.44,659.155,659.17,321958,8137,659.73
2025-09-17T11:05:00.000,659.17,659.35,658.99,659.34,584313,9371,659.71
2025-09-17T11:10:00.000,659.33,659.555,659.15,659.5,579130,8612,659.7
2025-09-17T11:15:00.000,659.5,659.67,659.4,659.53,331101,7207,659.7
2025-09-17T11:20:00.000,659.53,659.57,659.28,659.3097,326684,7007,659.7
2025-09-17T11:25:00.000,659.3,659.34,658.865,658.94,376805,7960,659.68
2025-09-17T11:30:00.000,658.945,659.15,658.875,659.14,385554,8018,659.67
2025-09-17T11:35:00.000,659.15,659.265,658.93,658.9601,379022,7792,659.66
2025-09-17T11:40:00.000,658.94,659.27,658.88,659.235,356908,7764,659.65
2025-09-17T11:45:00.000,659.24,659.33,658.9887,659.095,358294,7478,659.64
2025-09-17T11:50:00.000,659.1,659.14,658.89,658.96,266858,6400,659.63
2025-09-17T11:55:00.000,658.95,659.31,658.95,659.265,210979,5675,659.63
2025-09-17T12:00:00.000,659.26,659.34,659.05,659.08,180115,5007,659.62
2025-09-17T12:05:00.000,659.07,659.26,658.97,658.99,528180,5759,659.62
2025-09-17T12:10:00.000,658.9845,659.005,658.83,658.88,367834,5524,659.61
2025-09-17T12:15:00.000,658.88,659.01,658.78,658.84,425787,5667,659.6
2025-09-17T12:20:00.000,658.85,658.925,658.73,658.88,206911,5128,659.59
2025-09-17T12:25:00.000,658.87,658.98,658.8,658.93,397221,5839,659.58
2025-09-17T12:30:00.000,658.93,658.985,658.63,658.631,693769,7268,659.56
2025-09-17T12:35:00.000,658.64,658.71,658.325,658.325,422426,6606,659.54
2025-09-17T12:40:00.000,658.33,658.582,658.145,658.562,518981,7950,659.51
2025-09-17T12:45:00.000,658.58,658.58,658.13,658.27,489742,7020,659.49
2025-09-17T12:50:00.000,658.28,658.57,658.28,658.4081,337612,6012,659.47
2025-09-17T12:55:00.000,658.4017,658.49,658.23,658.32,246821,4933,659.46
2025-09-17T13:00:00.000,658.31,658.63,658.295,658.61,481435,6398,659.44
2025-09-17T13:05:00.000,658.61,658.74,658.575,658.6,330223,5821,659.43
2025-09-17T13:10:00.000,658.61,658.63,658.385,658.63,511668,6104,659.41
2025-09-17T13:15:00.000,658.63,658.68,658.49,658.58,187204,4279,659.41
2025-09-17T13:20:00.000,658.58,658.6688,658.37,658.64,308825,4730,659.39
2025-09-17T13:25:00.000,658.635,658.73,658.53,658.645,193553,4446,659.39
2025-09-17T13:30:00.000,658.65,658.95,658.65,658.805,376318,6726,659.38
2025-09-17T13:35:00.000,658.81,659.07,658.7543,659.055,358127,5807,659.37
2025-09-17T13:40:00.000,659.05,659.19,658.86,658.89,532556,6943,659.37
2025-09-17T13:45:00.000,658.89,658.97,658.76,658.875,391179,5851,659.36
2025-09-17T13:50:00.000,658.87,659.135,658.77,659.135,431797,5769,659.35
2025-09-17T13:55:00.000,659.12,659.66,659.05,659.66,483104,6444,659.35
2025-09-17T14:00:00.000,659.658,661.72,659.59,661.61,2985293,28850,659.5
2025-09-17T14:05:00.000,661.59,661.71,660.1,660.21,2769618,28938,659.63
2025-09-17T14:10:00.000,660.17,660.44,657.83,657.83,2675720,31140,659.6
2025-09-17T14:15:00.000,657.83,658.925,657.13,658.66,2282498,26528,659.51
2025-09-17T14:20:00.000,658.64,659.84,657.72,659.55,1479814,18288,659.49
2025-09-17T14:25:00.000,659.55,660.37,659.05,660.35,1074675,12334,659.5
2025-09-17T14:30:00.000,660.36,660.57,657.9,658.29,1878996,18636,659.47
2025-09-17T14:35:00.000,658.34,659.27,656.83,656.89,2296187,23476,659.39
2025-09-17T14:40:00.000,656.89,658.17,656.01,656.735,3228516,34104,659.21
2025-09-17T14:45:00.000,656.745,657.61,655.3375,656.92,2893013,31572,659.04
2025-09-17T14:50:00.000,656.91,657.21,654.3,654.8499,3007609,34266,658.84
2025-09-17T14:55:00.000,654.85,657.84,654.83,657.715,2749076,31226,658.72
2025-09-17T15:00:00.000,657.69,659.32,657.505,658.83,2281299,26117,658.71
2025-09-17T15:05:00.000,658.86,660.285,658.45,659.5,2438723,28226,658.74
2025-09-17T15:10:00.000,659.51,660.27,657.8,658.18,1789265,20365,658.74
2025-09-17T15:15:00.000,658.19,659.93,658.17,659.17,2132313,22772,658.75
2025-09-17T15:20:00.000,659.17,660.42,658.78,660.14,1594226,18152,658.77
2025-09-17T15:25:00.000,660.2,660.68,659.76,660.185,1451496,16355,658.8
2025-09-17T15:30:00.000,660.2,660.57,659.02,659.46,1231324,14854,658.82
2025-09-17T15:35:00.000,659.47,660.34,659.34,659.4,1486663,16739,658.84
2025-09-17T15:40:00.000,659.42,659.93,659.165,659.61,1083024,12844,658.85
2025-09-17T15:45:00.000,659.61,659.68,658.9699,659.46,1713314,18153,658.86
2025-09-17T15:50:00.000,659.45,659.86,658.8,659.325,2464740,23829,658.87
2025-09-17T15:55:00.000,659.39,659.91,658.5,659.18,4768270,37998,658.87
2025-09-17T16:00:00.000,0.0,0.0,0.0,0.0,0,0,658.87
2025-09-18T09:30:00.000,661.89,662.27,661.34,661.99,2810102,30320,661.78
2025-09-18T09:35:00.000,661.99,662.44,661.685,661.695,1713704,21190,661.91
2025-09-18T09:40:00.000,661.695,661.86,660.76,660.77,2476105,27466,661.69
2025-09-18T09:45:00.000,660.77,661.47,660.27,661.45,2324544,26172,661.45
2025-09-18T09:50:00.000,661.45,662.29,661.25,661.33,1836337,22252,661.52
2025-09-18T09:55:00.000,661.33,662.09,660.945,662.06,1573151,20348,661.51
2025-09-18T10:00:00.000,662.06,662.85,662.0,662.74,1502554,19621,661.61
2025-09-18T10:05:00.000,662.74,663.5,662.74,663.495,1690336,19515,661.75
2025-09-18T10:10:00.000,663.5,663.76,663.4101,663.62,2109768,21085,661.9
2025-09-18T10:15:00.000,663.6,664.11,663.53,664.1,1530280,19530,662.06
2025-09-18T10:20:00.000,664.09,664.21,663.625,664.07,1413035,18725,662.18
2025-09-18T10:25:00.000,664.07,664.49,664.05,664.4,1180112,15964,662.3
2025-09-18T10:30:00.000,664.38,664.89,664.3601,664.39,1279290,18601,662.42
2025-09-18T10:35:00.000,664.39,664.41,663.8,663.8,1252382,16266,662.5
2025-09-18T10:40:00.000,663.81,664.05,663.49,663.5,1043479,13832,662.54
2025-09-18T10:45:00.000,663.49,663.834137,663.315,663.57,1862549,16219,662.58
2025-09-18T10:50:00.000,663.57,663.57,662.865,662.88,923062,13770,662.6
2025-09-18T10:55:00.000,662.885,663.155,662.715,662.77,1002361,13837,662.61
2025-09-18T11:00:00.000,662.77,663.26,662.74,662.96,1016290,13481,662.62
2025-09-18T11:05:00.000,662.975,663.29,662.6,662.84,943273,13136,662.63
2025-09-18T11:10:00.000,662.85,663.11,662.63,662.89,625384,10595,662.64
2025-09-18T11:15:00.000,662.91,663.76,662.76,663.7457,936284,12306,662.65
2025-09-18T11:20:00.000,663.77,663.99,663.32,663.465,1073402,12403,662.68
2025-09-18T11:25:00.000,663.47,663.7,663.19,663.325,667774,10165,662.69
2025-09-18T11:30:00.000,663.31,663.94,663.31,663.64,687030,10015,662.71
2025-09-18T11:35:00.000,663.64,663.75,663.56,663.7,511607,7535,662.72
2025-09-18T11:40:00.000,663.7,663.78,663.3101,663.41,404797,7698,662.73
2025-09-18T11:45:00.000,663.41,663.475,663.14,663.2128,523360,9012,662.74
2025-09-18T11:50:00.000,663.22,663.24,662.28,662.625,799990,12418,662.74
2025-09-18T11:55:00.000,662.64,662.77,662.1751,662.5999,770576,11335,662.73
2025-09-18T12:00:00.000,662.575,662.96,662.48,662.925,639796,9592,662.73
2025-09-18T12:05:00.000,662.92,663.0,662.395,662.48,562417,9447,662.73
2025-09-18T12:10:00.000,662.4743,663.12,662.31,663.08,527266,9330,662.73
2025-09-18T12:15:00.000,663.06,663.44,663.03,663.16,630084,10607,662.74
2025-09-18T12:20:00.000,663.14,663.44,663.04,663.3423,387358,7579,662.74
2025-09-18T12:25:00.000,663.3455,663.5599,663.26,663.46,793258,7838,662.75
2025-09-18T12:30:00.000,663.46,663.84,663.44,663.745,816641,8610,662.76
2025-09-18T12:35:00.000,663.74,663.92,663.69,663.865,832751,9251,662.77
2025-09-18T12:40:00.000,663.865,664.06,663.7729,663.98,586615,8847,662.79
2025-09-18T12:45:00.000,663.995,664.19,663.87,664.06,474536,8308,662.8
2025-09-18T12:50:00.000,664.07,664.1,663.86,664.0,410457,7137,662.81
2025-09-18T12:55:00.000,664.0,664.13,663.8,664.045,658290,7237,662.82
2025-09-18T13:00:00.000,664.04,664.23,663.83,663.8699,587988,9055,662.84
2025-09-18T13:05:00.000,663.87,664.0377,663.73,663.93,653526,9793,662.86
2025-09-18T13:10:00.000,663.87,663.95,663.74,663.76,1350890,7690,662.86
2025-09-18T13:15:00.000,663.78,663.94,663.7,663.73,350348,6395,662.87
2025-09-18T13:20:00.000,663.74,663.82,663.48,663.48,982974,6075,662.88
2025-09-18T13:25:00.000,663.5,663.54,663.265,663.32,612454,6319,662.88
2025-09-18T13:30:00.000,663.32,663.45,663.06,663.0699,408405,6551,662.89
2025-09-18T13:35:00.000,663.065,663.095,662.66,663.0861,1111214,9480,662.88
2025-09-18T13:40:00.000,663.085,663.097,662.725,662.91,563321,7012,662.89
2025-09-18T13:45:00.000,662.915,663.06,662.68,662.84,390161,5490,662.88
2025-09-18T13:50:00.000,662.86,663.14,662.65,663.075,425564,6041,662.89
2025-09-18T13:55:00.000,663.07,663.1299,662.52,662.79,502511,6368,662.88
2025-09-18T14:00:00.000,662.79,663.0599,662.64,663.015,497009,5879,662.88
2025-09-18T14:05:00.000,663.025,663.275,662.98,663.07,532433,6997,662.89
2025-09-18T14:10:00.000,663.06,663.06,662.59,662.81,558899,6709,662.89
2025-09-18T14:15:00.000,662.815,663.0575,662.69,662.75,342936,5312,662.89
2025-09-18T14:20:00.000,662.7501,662.92,662.6851,662.85,460279,4986,662.89
2025-09-18T14:25:00.000,662.85,663.08,662.77,662.775,351709,4817,662.89
2025-09-18T14:30:00.000,662.78,663.035,662.78,663.005,343850,4926,662.89
2025-09-18T14:35:00.000,663.01,663.07,662.77,662.865,939856,5902,662.89
2025-09-18T14:40:00.000,662.86,662.955,662.34,662.445,662091,5500,662.88
2025-09-18T14:45:00.000,662.44,663.14,662.38,662.99,756417,7050,662.88
2025-09-18T14:50:00.000,662.99,663.4,662.99,663.34,735448,6836,662.89
2025-09-18T14:55:00.000,663.34,663.51,663.23,663.24,613391,6811,662.89
2025-09-18T15:00:00.000,663.24,663.43,663.1701,663.215,1036057,6035,662.9
2025-09-18T15:05:00.000,663.21,663.44,663.2,663.36,631517,7285,662.9
2025-09-18T15:10:00.000,663.38,663.4,663.06,663.1,744507,7590,662.91
2025-09-18T15:15:00.000,663.105,663.2,662.91,663.1242,1020967,8850,662.91
2025-09-18T15:20:00.000,663.13,663.15,662.72,662.835,1963605,9125,662.91
2025-09-18T15:25:00.000,662.83,662.9,662.68,662.71,1049270,8317,662.91
2025-09-18T15:30:00.000,662.7,662.88,662.41,662.53,1011419,9441,662.9
2025-09-18T15:35:00.000,662.53,662.68,662.23,662.41,1237150,11459,662.89
2025-09-18T15:40:00.000,662.41,662.615,662.15,662.39,1031232,10239,662.88
2025-09-18T15:45:00.000,662.39,662.45,661.955,662.2,2401430,13730,662.87
2025-09-18T15:50:00.000,662.19,663.04,662.05,662.94,3241180,24893,662.86
2025-09-18T15:55:00.000,662.94,662.98,662.22,662.28,5873067,44934,662.83
2025-09-18T16:00:00.000,662.29,662.29,662.28,662.28,6300,4,662.83
2025-09-19T09:30:00.000,662.33,662.37,661.44,661.49,3298278,32718,661.94
2025-09-19T09:35:00.000,661.5,661.685,661.32,661.68,3614786,18421,661.79
2025-09-19T09:40:00.000,661.68,662.09,661.4619,661.62,1541033,16758,661.79
2025-09-19T09:45:00.000,661.63,662.54,661.47,662.41,1391289,15583,661.81
2025-09-19T09:50:00.000,662.41,662.7,662.25,662.49,1173555,14135,661.89
2025-09-19T09:55:00.000,662.49,662.57,661.96,662.15,895872,12358,661.93
2025-09-19T10:00:00.000,662.14,662.2579,661.92,662.2,860383,13448,661.94
2025-09-19T10:05:00.000,662.19,662.4,661.97,662.02,700037,17774,661.95
2025-09-19T10:10:00.000,662.01,662.32,661.87,662.075,709999,11312,661.96
2025-09-19T10:15:00.000,662.075,662.13,661.8,661.935,726441,12393,661.96
2025-09-19T10:20:00.000,661.93,662.16,661.67,662.035,631261,10724,661.96
2025-09-19T10:25:00.000,662.03,662.16,661.83,661.92,677026,10505,661.96
2025-09-19T10:30:00.000,661.9,662.19,661.81,662.12,537380,9643,661.96
2025-09-19T10:35:00.000,662.12,662.21,661.78,661.86,487438,9117,661.96
2025-09-19T10:40:00.000,661.8549,661.87,661.35,661.35,648890,11002,661.95
2025-09-19T10:45:00.000,661.35,661.45,660.96,661.3,809783,13322,661.91
2025-09-19T10:50:00.000,661.29,661.95,661.11,661.6099,2171997,16866,661.89
2025-09-19T10:55:00.000,661.6,661.655,661.235,661.59,719807,11365,661.87
2025-09-19T11:00:00.000,661.59,661.945,661.205,661.23,1151334,11376,661.86
2025-09-19T11:05:00.000,661.21,661.29,661.04,661.14,661274,11170,661.84
2025-09-19T11:10:00.000,661.14,661.25,660.9,661.02,8697251,10606,661.82
2025-09-19T11:15:00.000,661.015,661.06,660.845,660.99,1183657,9811,661.8
2025-09-19T11:20:00.000,660.99,661.34,660.64,661.11,1643656,12780,661.77
2025-09-19T11:25:00.000,661.11,661.16,660.63,660.76,1033142,7955,661.75
2025-09-19T11:30:00.000,660.74,660.74,660.37,660.6599,688920,11150,661.71
2025-09-19T11:35:00.000,660.65,660.91,660.555,660.74,473959,8573,661.7
2025-09-19T11:40:00.000,660.75,661.31,660.7421,661.09,635211,9047,661.69
2025-09-19T11:45:00.000,661.08,661.242,660.9762,661.17,651671,8341,661.67
2025-09-19T11:50:00.000,661.17,661.57,661.1399,661.55,495148,8955,661.67
2025-09-19T11:55:00.000,661.55,661.615,661.37,661.6,639025,9392,661.66
2025-09-19T12:00:00.000,661.59,662.11,661.57,662.019,828489,11689,661.67
2025-09-19T12:05:00.000,662.01,662.205,661.955,662.0349,682268,9357,661.68
2025-09-19T12:10:00.000,662.04,662.38,662.04,662.2523,575074,8196,661.69
2025-09-19T12:15:00.000,662.255,662.4213,662.2016,662.4,686395,8105,661.7
2025-09-19T12:20:00.000,662.4,662.68,662.31,662.51,651993,8452,661.72
2025-09-19T12:25:00.000,662.51,662.5701,662.4001,662.49,510752,7425,661.73
2025-09-19T12:30:00.000,662.48,662.555,662.13,662.24,539298,7502,661.75
2025-09-19T12:35:00.000,662.2492,662.49,662.2492,662.31,428086,6209,661.75
2025-09-19T12:40:00.000,662.31,662.5817,662.3,662.58,488220,7077,661.77
2025-09-19T12:45:00.000,662.58,662.76,662.46,662.5701,601784,8239,661.78
2025-09-19T12:50:00.000,662.5719,662.58,662.38,662.47,334497,5347,661.79
2025-09-19T12:55:00.000,662.47,662.55,662.39,662.53,352353,5579,661.8
2025-09-19T13:00:00.000,662.54,662.66,662.5,662.525,323394,5085,661.8
2025-09-19T13:05:00.000,662.52,662.56,662.26,662.3011,430644,6049,661.81
2025-09-19T13:10:00.000,662.32,662.42,662.21,662.42,375484,6265,661.82
2025-09-19T13:15:00.000,662.41,662.5,662.38,662.405,331125,6206,661.82
2025-09-19T13:20:00.000,662.405,662.51,662.335,662.46,289613,6053,661.83
2025-09-19T13:25:00.000,662.47,662.495,662.245,662.48,345274,5997,661.83
2025-09-19T13:30:00.000,662.48,662.78,662.455,662.65,1259028,8712,661.84
2025-09-19T13:35:00.000,662.645,662.79,662.55,662.7001,397694,6341,661.85
2025-09-19T13:40:00.000,662.71,662.8395,662.545,662.735,397538,6195,661.86
2025-09-19T13:45:00.000,662.74,662.83,662.665,662.77,420986,5967,661.87
2025-09-19T13:50:00.000,662.7749,662.89,662.6851,662.73,404858,5907,661.88
2025-09-19T13:55:00.000,662.73,662.77,662.6,662.69,579434,6081,661.89
2025-09-19T14:00:00.000,662.69,662.735,662.51,662.72,496519,6419,661.9
2025-09-19T14:05:00.000,662.74,662.775,662.62,662.6975,620600,6243,661.92
2025-09-19T14:10:00.000,662.69,662.74,662.6,662.71,578601,6522,661.93
2025-09-19T14:15:00.000,662.715,662.83,662.555,662.605,707952,6825,661.94
2025-09-19T14:20:00.000,662.61,662.75,662.45,662.45,487209,5609,661.95
2025-09-19T14:25:00.000,662.44,662.56,662.325,662.53,574787,7266,661.96
2025-09-19T14:30:00.000,662.52,662.755,662.42,662.675,559316,6715,661.97
2025-09-19T14:35:00.000,662.6768,662.825,662.66,662.74,360813,5388,661.98
2025-09-19T14:40:00.000,662.74,662.87,662.69,662.8,441803,6346,661.98
2025-09-19T14:45:00.000,662.8,662.85,662.56,662.63,1579944,5410,661.99
2025-09-19T14:50:00.000,662.635,662.735,662.54,662.67,589428,6902,662.0
2025-09-19T14:55:00.000,662.67,663.11,662.66,663.09,968947,8239,662.02
2025-09-19T15:00:00.000,663.09,663.49,663.04,663.115,2076721,11384,662.05
2025-09-19T15:05:00.000,663.11,663.32,662.6599,663.2801,1087717,7062,662.07
2025-09-19T15:10:00.000,663.28,663.4599,663.245,663.38,805256,7194,662.09
2025-09-19T15:15:00.000,663.38,663.56,663.375,663.465,1247354,8963,662.13
2025-09-19T15:20:00.000,663.46,663.49,663.34,663.38,1455689,7653,662.14
2025-09-19T15:25:00.000,663.38,664.0499,663.38,663.8,1436413,14273,662.2
2025-09-19T15:30:00.000,663.79,663.855,663.6,663.64,1135520,9441,662.22
2025-09-19T15:35:00.000,663.645,663.695,663.53,663.645,1026156,10168,662.25
2025-09-19T15:40:00.000,663.645,663.65,663.385,663.41,1012215,9300,662.27
2025-09-19T15:45:00.000,663.4,663.905,663.39,663.79,1448622,14105,662.31
2025-09-19T15:50:00.000,663.8,664.335,663.7399,664.335,4689831,40717,662.45
2025-09-19T15:55:00.000,664.32,664.55,663.51,663.64,5578138,41139,662.6
2025-09-19T16:00:00.000,663.62,663.62,663.62,663.62,5581,5,662.6
2025-09-20T09:30:00.000,0.0,0.0,0.0,0.0,0,0,0.0
2025-09-20T09:35:00.000,0.0,0.0,0.0,0.0,0,0,0.0
2025-09-20T09:40:00.000,0.0,0.0,0.0,0.0,0,0,0.0
2025-09-20T09:45:00.000,0.0,0.0,0.0,0.0,0,0,0.0
2025-09-20T09:50:00.000,0.0,0.0,0.0,0.0,0,0,0.0
2025-09-20T09:55:00.000,0.0,0.0,0.0,0.0,0,0,0.0
2025-09-20T10:00:00.000,0.0,0.0,0.0,0.0,0,0,0.0
2025-09-20T10:05:00.000,0.0,0.0,0.0,0.0,0,0,0.0
2025-09-20T10:10:00.000,0.0,0.0,0.0,0.0,0,0,0.0
2025-09-20T10:15:00.000,0.0,0.0,0.0,0.0,0,0,0.0
2025-09-20T10:20:00.000,0.0,0.0,0.0,0.0,0,0,0.0
2025-09-20T10:25:00.000,0.0,0.0,0.0,0.0,0,0,0.0
2025-09-20T10:30:00.000,0.0,0.0,0.0,0.0,0,0,0.0
2025-09-20T10:35:00.000,0.0,0.0,0.0,0.0,0,0,0.0
2025-09-20T10:40:00.000,0.0,0.0,0.0,0.0,0,0,0.0
2025-09-20T10:45:00.000,0.0,0.0,0.0,0.0,0,0,0.0
2025-09-20T10:50:00.000,0.0,0.0,0.0,0.0,0,0,0.0
2025-09-20T10:55:00.000,0.0,0.0,0.0,0.0,0,0,0.0
2025-09-20T11:00:00.000,0.0,0.0,0.0,0.0,0,0,0.0
2025-09-20T11:05:00.000,0.0,0.0,0.0,0.0,0,0,0.0
2025-09-20T11:10:00.000,0.0,0.0,0.0,0.0,0,0,0.0
2025-09-20T11:15:00.000,0.0,0.0,0.0,0.0,0,0,0.0
2025-09-20T11:20:00.000,0.0,0.0,0.0,0.0,0,0,0.0
2025-09-20T11:25:00.000,0.0,0.0,0.0,0.0,0,0,0.0
2025-09-20T11:30:00.000,0.0,0.0,0.0,0.0,0,0,0.0
2025-09-20T11:35:00.000,0.0,0.0,0.0,0.0,0,0,0.0
2025-09-20T11:40:00.000,0.0,0.0,0.0,0.0,0,0,0.0
2025-09-20T11:45:00.000,0.0,0.0,0.0,0.0,0,0,0.0
2025-09-20T11:50:00.000,0.0,0.0,0.0,0.0,0,0,0.0
2025-09-20T11:55:00.000,0.0,0.0,0.0,0.0,0,0,0.0
2025-09-20T12:00:00.000,0.0,0.0,0.0,0.0,0,0,0.0
2025-09-20T12:05:00.000,0.0,0.0,0.0,0.0,0,0,0.0
2025-09-20T12:10:00.000,0.0,0.0,0.0,0.0,0,0,0.0
2025-09-20T12:15:00.000,0.0,0.0,0.0,0.0,0,0,0.0
2025-09-20T12:20:00.000,0.0,0.0,0.0,0.0,0,0,0.0
2025-09-20T12:25:00.000,0.0,0.0,0.0,0.0,0,0,0.0
2025-09-20T12:30:00.000,0.0,0.0,0.0,0.0,0,0,0.0
2025-09-20T12:35:00.000,0.0,0.0,0.0,0.0,0,0,0.0
2025-09-20T12:40:00.000,0.0,0.0,0.0,0.0,0,0,0.0
2025-09-20T12:45:00.000,0.0,0.0,0.0,0.0,0,0,0.0
2025-09-20T12:50:00.000,0.0,0.0,0.0,0.0,0,0,0.0
2025-09-20T12:55:00.000,0.0,0.0,0.0,0.0,0,0,0.0
2025-09-20T13:00:00.000,0.0,0.0,0.0,0.0,0,0,0.0
2025-09-20T13:05:00.000,0.0,0.0,0.0,0.0,0,0,0.0
2025-09-20T13:10:00.000,0.0,0.0,0.0,0.0,0,0,0.0
2025-09-20T13:15:00.000,0.0,0.0,0.0,0.0,0,0,0.0
2025-09-20T13:20:00.000,0.0,0.0,0.0,0.0,0,0,0.0
2025-09-20T13:25:00.000,0.0,0.0,0.0,0.0,0,0,0.0
2025-09-20T13:30:00.000,0.0,0.0,0.0,0.0,0,0,0.0
2025-09-20T13:35:00.000,0.0,0.0,0.0,0.0,0,0,0.0
2025-09-20T13:40:00.000,0.0,0.0,0.0,0.0,0,0,0.0
2025-09-20T13:45:00.000,0.0,0.0,0.0,0.0,0,0,0.0
2025-09-20T13:50:00.000,0.0,0.0,0.0,0.0,0,0,0.0
2025-09-20T13:55:00.000,0.0,0.0,0.0,0.0,0,0,0.0
2025-09-20T14:00:00.000,0.0,0.0,0.0,0.0,0,0,0.0
2025-09-20T14:05:00.000,0.0,0.0,0.0,0.0,0,0,0.0
2025-09-20T14:10:00.000,0.0,0.0,0.0,0.0,0,0,0.0
2025-09-20T14:15:00.000,0.0,0.0,0.0,0.0,0,0,0.0
2025-09-20T14:20:00.000,0.0,0.0,0.0,0.0,0,0,0.0
2025-09-20T14:25:00.000,0.0,0.0,0.0,0.0,0,0,0.0
2025-09-20T14:30:00.000,0.0,0.0,0.0,0.0,0,0,0.0
2025-09-20T14:35:00.000,0.0,0.0,0.0,0.0,0,0,0.0
2025-09-20T14:40:00.000,0.0,0.0,0.0,0.0,0,0,0.0
2025-09-20T14:45:00.000,0.0,0.0,0.0,0.0,0,0,0.0
2025-09-20T14:50:00.000,0.0,0.0,0.0,0.0,0,0,0.0
2025-09-20T14:55:00.000,0.0,0.0,0.0,0.0,0,0,0.0
2025-09-20T15:00:00.000,0.0,0.0,0.0,0.0,0,0,0.0
2025-09-20T15:05:00.000,0.0,0.0,0.0,0.0,0,0,0.0
2025-09-20T15:10:00.000,0.0,0.0,0.0,0.0,0,0,0.0
2025-09-20T15:15:00.000,0.0,0.0,0.0,0.0,0,0,0.0
2025-09-20T15:20:00.000,0.0,0.0,0.0,0.0,0,0,0.0
2025-09-20T15:25:00.000,0.0,0.0,0.0,0.0,0,0,0.0
2025-09-20T15:30:00.000,0.0,0.0,0.0,0.0,0,0,0.0
2025-09-20T15:35:00.000,0.0,0.0,0.0,0.0,0,0,0.0
2025-09-20T15:40:00.000,0.0,0.0,0.0,0.0,0,0,0.0
2025-09-20T15:45:00.000,0.0,0.0,0.0,0.0,0,0,0.0
2025-09-20T15:50:00.000,0.0,0.0,0.0,0.0,0,0,0.0
2025-09-20T15:55:00.000,0.0,0.0,0.0,0.0,0,0,0.0
2025-09-20T16:00:00.000,0.0,0.0,0.0,0.0,0,0,0.0
2025-09-21T09:30:00.000,0.0,0.0,0.0,0.0,0,0,0.0
2025-09-21T09:35:00.000,0.0,0.0,0.0,0.0,0,0,0.0
2025-09-21T09:40:00.000,0.0,0.0,0.0,0.0,0,0,0.0
2025-09-21T09:45:00.000,0.0,0.0,0.0,0.0,0,0,0.0
2025-09-21T09:50:00.000,0.0,0.0,0.0,0.0,0,0,0.0
2025-09-21T09:55:00.000,0.0,0.0,0.0,0.0,0,0,0.0
2025-09-21T10:00:00.000,0.0,0.0,0.0,0.0,0,0,0.0
2025-09-21T10:05:00.000,0.0,0.0,0.0,0.0,0,0,0.0
2025-09-21T10:10:00.000,0.0,0.0,0.0,0.0,0,0,0.0
2025-09-21T10:15:00.000,0.0,0.0,0.0,0.0,0,0,0.0
2025-09-21T10:20:00.000,0.0,0.0,0.0,0.0,0,0,0.0
2025-09-21T10:25:00.000,0.0,0.0,0.0,0.0,0,0,0.0
2025-09-21T10:30:00.000,0.0,0.0,0.0,0.0,0,0,0.0
2025-09-21T10:35:00.000,0.0,0.0,0.0,0.0,0,0,0.0
2025-09-21T10:40:00.000,0.0,0.0,0.0,0.0,0,0,0.0
2025-09-21T10:45:00.000,0.0,0.0,0.0,0.0,0,0,0.0
2025-09-21T10:50:00.000,0.0,0.0,0.0,0.0,0,0,0.0
2025-09-21T10:55:00.000,0.0,0.0,0.0,0.0,0,0,0.0
2025-09-21T11:00:00.000,0.0,0.0,0.0,0.0,0,0,0.0
2025-09-21T11:05:00.000,0.0,0.0,0.0,0.0,0,0,0.0
2025-09-21T11:10:00.000,0.0,0.0,0.0,0.0,0,0,0.0
2025-09-21T11:15:00.000,0.0,0.0,0.0,0.0,0,0,0.0
2025-09-21T11:20:00.000,0.0,0.0,0.0,0.0,0,0,0.0
2025-09-21T11:25:00.000,0.0,0.0,0.0,0.0,0,0,0.0
2025-09-21T11:30:00.000,0.0,0.0,0.0,0.0,0,0,0.0
2025-09-21T11:35:00.000,0.0,0.0,0.0,0.0,0,0,0.0
2025-09-21T11:40:00.000,0.0,0.0,0.0,0.0,0,0,0.0
2025-09-21T11:45:00.000,0.0,0.0,0.0,0.0,0,0,0.0
2025-09-21T11:50:00.000,0.0,0.0,0.0,0.0,0,0,0.0
2025-09-21T11:55:00.000,0.0,0.0,0.0,0.0,0,0,0.0
2025-09-21T12:00:00.000,0.0,0.0,0.0,0.0,0,0,0.0
2025-09-21T12:05:00.000,0.0,0.0,0.0,0.0,0,0,0.0
2025-09-21T12:10:00.000,0.0,0.0,0.0,0.0,0,0,0.0
2025-09-21T12:15:00.000,0.0,0.0,0.0,0.0,0,0,0.0
2025-09-21T12:20:00.000,0.0,0.0,0.0,0.0,0,0,0.0
2025-09-21T12:25:00.000,0.0,0.0,0.0,0.0,0,0,0.0
2025-09-21T12:30:00.000,0.0,0.0,0.0,0.0,0,0,0.0
2025-09-21T12:35:00.000,0.0,0.0,0.0,0.0,0,0,0.0
2025-09-21T12:40:00.000,0.0,0.0,0.0,0.0,0,0,0.0
2025-09-21T12:45:00.000,0.0,0.0,0.0,0.0,0,0,0.0
2025-09-21T12:50:00.000,0.0,0.0,0.0,0.0,0,0,0.0
2025-09-21T12:55:00.000,0.0,0.0,0.0,0.0,0,0,0.0
2025-09-21T13:00:00.000,0.0,0.0,0.0,0.0,0,0,0.0
2025-09-21T13:05:00.000,0.0,0.0,0.0,0.0,0,0,0.0
2025-09-21T13:10:00.000,0.0,0.0,0.0,0.0,0,0,0.0
2025-09-21T13:15:00.000,0.0,0.0,0.0,0.0,0,0,0.0
2025-09-21T13:20:00.000,0.0,0.0,0.0,0.0,0,0,0.0
2025-09-21T13:25:00.000,0.0,0.0,0.0,0.0,0,0,0.0
2025-09-21T13:30:00.000,0.0,0.0,0.0,0.0,0,0,0.0
2025-09-21T13:35:00.000,0.0,0.0,0.0,0.0,0,0,0.0
2025-09-21T13:40:00.000,0.0,0.0,0.0,0.0,0,0,0.0
2025-09-21T13:45:00.000,0.0,0.0,0.0,0.0,0,0,0.0
2025-09-21T13:50:00.000,0.0,0.0,0.0,0.0,0,0,0.0
2025-09-21T13:55:00.000,0.0,0.0,0.0,0.0,0,0,0.0
2025-09-21T14:00:00.000,0.0,0.0,0.0,0.0,0,0,0.0
2025-09-21T14:05:00.000,0.0,0.0,0.0,0.0,0,0,0.0
2025-09-21T14:10:00.000,0.0,0.0,0.0,0.0,0,0,0.0
2025-09-21T14:15:00.000,0.0,0.0,0.0,0.0,0,0,0.0
2025-09-21T14:20:00.000,0.0,0.0,0.0,0.0,0,0,0.0
2025-09-21T14:25:00.000,0.0,0.0,0.0,0.0,0,0,0.0
2025-09-21T14:30:00.000,0.0,0.0,0.0,0.0,0,0,0.0
2025-09-21T14:35:00.000,0.0,0.0,0.0,0.0,0,0,0.0
2025-09-21T14:40:00.000,0.0,0.0,0.0,0.0,0,0,0.0
2025-09-21T14:45:00.000,0.0,0.0,0.0,0.0,0,0,0.0
2025-09-21T14:50:00.000,0.0,0.0,0.0,0.0,0,0,0.0
2025-09-21T14:55:00.000,0.0,0.0,0.0,0.0,0,0,0.0
2025-09-21T15:00:00.000,0.0,0.0,0.0,0.0,0,0,0.0
2025-09-21T15:05:00.000,0.0,0.0,0.0,0.0,0,0,0.0
2025-09-21T15:10:00.000,0.0,0.0,0.0,0.0,0,0,0.0
2025-09-21T15:15:00.000,0.0,0.0,0.0,0.0,0,0,0.0
2025-09-21T15:20:00.000,0.0,0.0,0.0,0.0,0,0,0.0
2025-09-21T15:25:00.000,0.0,0.0,0.0,0.0,0,0,0.0
2025-09-21T15:30:00.000,0.0,0.0,0.0,0.0,0,0,0.0
2025-09-21T15:35:00.000,0.0,0.0,0.0,0.0,0,0,0.0
2025-09-21T15:40:00.000,0.0,0.0,0.0,0.0,0,0,0.0
2025-09-21T15:45:00.000,0.0,0.0,0.0,0.0,0,0,0.0
2025-09-21T15:50:00.000,0.0,0.0,0.0,0.0,0,0,0.0
2025-09-21T15:55:00.000,0.0,0.0,0.0,0.0,0,0,0.0
2025-09-21T16:00:00.000,0.0,0.0,0.0,0.0,0,0,0.0
2025-09-22T09:30:00.000,662.2,662.8,662.17,662.65,1823960,26394,662.48
2025-09-22T09:35:00.000,662.65,662.705,662.3,662.41,1201080,15779,662.51
2025-09-22T09:40:00.000,662.39,662.66,662.23,662.615,1199271,15055,662.49
2025-09-22T09:45:00.000,662.61,663.04,662.53,662.89,1161807,16336,662.55
2025-09-22T09:50:00.000,662.885,663.49,662.81,663.455,1180049,17515,662.65
2025-09-22T09:55:00.000,663.45,663.565,663.25,663.41,1336180,18040,662.77
2025-09-22T10:00:00.000,663.41,663.62,663.175,663.475,1063962,24213,662.84
2025-09-22T10:05:00.000,663.48,663.76,663.42,663.68,773771,14481,662.9
2025-09-22T10:10:00.000,663.68,663.69,663.28,663.44,952975,14747,662.95
2025-09-22T10:15:00.000,663.44,663.61,663.36,663.4601,653553,11962,662.98
2025-09-22T10:20:00.000,663.47,663.765,663.465,663.7011,708902,12370,663.02
2025-09-22T10:25:00.000,663.7,664.14,663.58,664.08,947741,13390,663.08
2025-09-22T10:30:00.000,664.07,664.14,663.895,664.1,591490,10820,663.12
2025-09-22T10:35:00.000,664.11,664.32,664.08,664.295,560412,10570,663.16
2025-09-22T10:40:00.000,664.295,664.595,664.295,664.535,873950,11854,663.24
2025-09-22T10:45:00.000,664.535,664.83,664.4917,664.635,910174,11655,663.33
2025-09-22T10:50:00.000,664.64,665.02,664.64,664.86,922271,13266,663.42
2025-09-22T10:55:00.000,664.865,665.075,664.84,665.02,556582,9577,663.47
2025-09-22T11:00:00.000,665.01,665.32,664.9,664.92,908012,12173,663.55
2025-09-22T11:05:00.000,664.9101,665.065,664.8,665.05,567479,9904,663.59
2025-09-22T11:10:00.000,665.05,665.105,664.74,664.82,746685,10507,663.64
2025-09-22T11:15:00.000,664.815,664.9,664.695,664.8401,464524,8197,663.67
2025-09-22T11:20:00.000,664.84,665.13,664.8,664.9511,610085,9655,663.71
2025-09-22T11:25:00.000,664.955,665.02,664.82,664.94,418634,7742,663.73
2025-09-22T11:30:00.000,664.94,665.035,664.65,664.68,627520,9970,663.76
2025-09-22T11:35:00.000,664.67,664.86,664.57,664.78,687388,9973,663.79
2025-09-22T11:40:00.000,664.78,664.8484,664.64,664.675,376158,6248,663.81
2025-09-22T11:45:00.000,664.685,664.78,664.57,664.62,364676,6507,663.82
2025-09-22T11:50:00.000,664.615,664.77,664.52,664.59,342234,6352,663.83
2025-09-22T11:55:00.000,664.59,664.66,664.48,664.59,410466,6754,663.84
2025-09-22T12:00:00.000,664.5813,664.86,664.56,664.81,685511,9782,663.87
2025-09-22T12:05:00.000,664.805,665.18,664.65,665.11,886911,9470,663.9
2025-09-22T12:10:00.000,665.1,665.36,665.045,665.33,971082,12087,663.96
2025-09-22T12:15:00.000,665.335,665.665,665.24,665.37,1287695,12701,664.02
2025-09-22T12:20:00.000,665.38,665.65,665.335,665.57,2068936,10966,664.07
2025-09-22T12:25:00.000,665.57,665.93,665.49,665.845,796889,10561,664.12
2025-09-22T12:30:00.000,665.845,666.03,665.79,666.025,747465,9897,664.16
2025-09-22T12:35:00.000,666.025,666.1899,665.91,666.185,666538,8609,664.2
2025-09-22T12:40:00.000,666.185,666.215,666.03,666.12,978518,11521,664.27
2025-09-22T12:45:00.000,666.11,666.27,666.05,666.19,482692,7369,664.3
2025-09-22T12:50:00.000,666.195,666.43,666.195,666.36,568582,8266,664.33
2025-09-22T12:55:00.000,666.37,666.5,666.305,666.41,644588,8021,664.37
2025-09-22T13:00:00.000,666.41,666.53,666.33,666.47,396696,5657,664.4
2025-09-22T13:05:00.000,666.46,666.46,666.27,666.345,459342,6798,664.42
2025-09-22T13:10:00.000,666.345,666.41,666.17,666.21,410688,5710,664.45
2025-09-22T13:15:00.000,666.21,666.42,666.11,666.15,443729,5760,664.47
2025-09-22T13:20:00.000,666.15,666.48,666.125,666.4,366073,5429,664.49
2025-09-22T13:25:00.000,666.395,666.53,666.33,666.51,378526,5594,664.51
2025-09-22T13:30:00.000,666.505,666.69,666.37,666.37,725561,8863,664.54
2025-09-22T13:35:00.000,666.3601,666.595,666.27,666.59,450044,6829,664.57
2025-09-22T13:40:00.000,666.59,666.71,666.48,666.7,510668,6980,664.6
2025-09-22T13:45:00.000,666.7,666.78,666.582,666.68,429822,6186,664.62
2025-09-22T13:50:00.000,666.68,666.68,666.465,666.465,375886,4709,664.63
2025-09-22T13:55:00.000,666.465,666.52,666.29,666.355,445279,5647,664.66
2025-09-22T14:00:00.000,666.35,666.45,666.19,666.2184,885498,8825,664.7
2025-09-22T14:05:00.000,666.21,666.3,666.03,666.175,682675,7543,664.72
2025-09-22T14:10:00.000,666.17,666.43,666.16,666.41,783208,7761,664.75
2025-09-22T14:15:00.000,666.4,666.62,666.355,666.52,950430,6941,664.78
2025-09-22T14:20:00.000,666.515,666.58,666.42,666.545,342275,4284,664.8
2025-09-22T14:25:00.000,666.55,666.62,666.48,666.565,389876,4723,664.81
2025-09-22T14:30:00.000,666.57,666.66,666.46,666.555,414162,5208,664.83
2025-09-22T14:35:00.000,666.55,666.79,666.545,666.765,495311,5764,664.85
2025-09-22T14:40:00.000,666.765,666.798,666.64,666.72,538383,5931,664.88
2025-09-22T14:45:00.000,666.725,666.77,666.625,666.642,283411,4665,664.89
2025-09-22T14:50:00.000,666.6499,666.77,666.63,666.64,323758,4518,664.9
2025-09-22T14:55:00.000,666.635,666.82,666.6156,666.78,441565,5631,664.92
2025-09-22T15:00:00.000,666.78,666.89,666.765,666.86,439979,5554,664.94
2025-09-22T15:05:00.000,666.865,666.992,666.79,666.945,516263,6205,664.96
2025-09-22T15:10:00.000,666.945,667.18,666.92,667.12,796711,8498,664.99
2025-09-22T15:15:00.000,667.115,667.24,666.945,667.0699,500168,6529,665.02
2025-09-22T15:20:00.000,667.067,667.12,666.95,667.095,561610,7135,665.04
2025-09-22T15:25:00.000,667.1,667.23,667.06,667.142,431825,5882,665.06
2025-09-22T15:30:00.000,667.14,667.245,667.04,667.04,628066,6408,665.08
2025-09-22T15:35:00.000,667.05,667.109,666.815,667.0,974687,9574,665.12
2025-09-22T15:40:00.000,666.99,667.07,666.735,666.845,720133,8542,665.14
2025-09-22T15:45:00.000,666.85,667.13,666.795,667.1101,1245709,11993,665.19
2025-09-22T15:50:00.000,667.11,667.29,666.975,667.07,2073834,19038,665.27
2025-09-22T15:55:00.000,667.07,667.265,666.71,666.76,5660728,33776,665.39
2025-09-22T16:00:00.000,666.76,666.77,666.76,666.76,6443,4,665.39
2025-09-23T09:30:00.000,666.72,667.18,666.61,667.045,1528787,20642,666.86
2025-09-23T09:35:00.000,667.05,667.28,666.86,667.08,1095290,14911,666.94
2025-09-23T09:40:00.000,667.09,667.165,666.57,666.8992,1414378,17264,666.9
2025-09-23T09:45:00.000,666.7975,667.23,666.73,666.99,1182907,16672,666.92
2025-09-23T09:50:00.000,666.99,667.34,666.84,667.01,1198862,16505,666.95
2025-09-23T09:55:00.000,667.005,667.045,666.73,666.89,903222,13929,666.94
2025-09-23T10:00:00.000,666.9,667.06,666.4601,666.68,1103068,16160,666.92
2025-09-23T10:05:00.000,666.67,667.08,666.64,667.055,953952,18636,666.91
2025-09-23T10:10:00.000,667.05,667.245,666.87,667.06,857777,13159,666.93
2025-09-23T10:15:00.000,667.0602,667.07,666.74,666.88,708245,11840,666.92
2025-09-23T10:20:00.000,666.88,666.92,666.43,666.46,786408,12133,666.91
2025-09-23T10:25:00.000,666.46,666.75,666.36,666.62,837617,12702,666.89
2025-09-23T10:30:00.000,666.63,666.685,666.315,666.315,692603,10828,666.87
2025-09-23T10:35:00.000,666.315,666.4,666.17,666.3015,721549,11535,666.84
2025-09-23T10:40:00.000,666.295,666.63,666.27,666.345,691863,11024,666.82
2025-09-23T10:45:00.000,666.35,666.46,666.155,666.37,543031,9180,666.8
2025-09-23T10:50:00.000,666.39,666.63,666.31,666.625,457347,8962,666.79
2025-09-23T10:55:00.000,666.62,666.76,666.31,666.3153,430411,8902,666.78
2025-09-23T11:00:00.000,666.31,666.355,666.1,666.25,568828,9984,666.76
2025-09-23T11:05:00.000,666.26,666.35,666.02,666.195,470053,9030,666.75
2025-09-23T11:10:00.000,666.2,666.455,666.13,666.3599,485558,8114,666.73
2025-09-23T11:15:00.000,666.37,666.47,666.17,666.39,386513,7625,666.73
2025-09-23T11:20:00.000,666.4,666.4298,666.1999,666.42,323034,7360,666.72
2025-09-23T11:25:00.000,666.42,666.425,666.06,666.15,443548,8340,666.71
2025-09-23T11:30:00.000,666.15,666.24,665.96,666.02,454092,8839,666.69
2025-09-23T11:35:00.000,666.02,666.1207,665.91,665.96,464111,9068,666.68
2025-09-23T11:40:00.000,665.955,665.98,665.555,665.87,644701,10189,666.65
2025-09-23T11:45:00.000,665.88,665.99,665.77,665.82,556549,8633,666.63
2025-09-23T11:50:00.000,665.82,665.87,665.64,665.685,446971,7955,666.61
2025-09-23T11:55:00.000,665.69,665.75,665.49,665.55,411006,7373,666.59
2025-09-23T12:00:00.000,665.56,665.66,665.45,665.5097,486812,7745,666.57
2025-09-23T12:05:00.000,665.505,665.57,665.11,665.15,569885,8027,666.54
2025-09-23T12:10:00.000,665.16,665.26,664.97,665.24,851004,10276,666.48
2025-09-23T12:15:00.000,665.23,665.48,665.09,665.475,772761,10000,666.44
2025-09-23T12:20:00.000,665.48,665.69,665.435,665.47,705708,9471,666.42
2025-09-23T12:25:00.000,665.4799,665.49,665.175,665.24,2718554,7600,666.4
2025-09-23T12:30:00.000,665.235,665.46,665.075,665.41,452902,7199,666.38
2025-09-23T12:35:00.000,665.405,665.57,664.88,665.46,1313407,15719,666.32
2025-09-23T12:40:00.000,665.47,665.52,665.2098,665.335,575640,7977,666.3
2025-09-23T12:45:00.000,665.33,665.83,665.31,665.75,653736,8967,666.29
2025-09-23T12:50:00.000,665.739,665.84,665.51,665.51,437467,6211,666.28
2025-09-23T12:55:00.000,665.51,665.51,665.0109,665.155,534706,7820,666.26
2025-09-23T13:00:00.000,665.165,665.25,664.7,664.745,1289375,7238,666.23
2025-09-23T13:05:00.000,664.74,665.13,664.74,665.095,507268,7892,666.21
2025-09-23T13:10:00.000,665.085,665.09,664.73,664.835,536416,7445,666.19
2025-09-23T13:15:00.000,664.84,664.8474,664.6101,664.635,528887,6985,666.16
2025-09-23T13:20:00.000,664.64,664.87,664.415,664.535,842551,10494,666.12
2025-09-23T13:25:00.000,664.52,664.59,663.69,663.708,1324215,14451,666.04
2025-09-23T13:30:00.000,663.7001,663.85,663.4275,663.49,1041536,14074,665.97
2025-09-23T13:35:00.000,663.49,663.54,662.71,662.76,1696605,18891,665.82
2025-09-23T13:40:00.000,662.75,662.99,662.035,662.62,2395296,26249,665.61
2025-09-23T13:45:00.000,662.63,663.42,662.34,663.38,1464700,18923,665.5
2025-09-23T13:50:00.000,663.37,663.43,662.88,662.92,766388,10051,665.46
2025-09-23T13:55:00.000,662.92,663.37,662.835,663.23,676117,9289,665.42
2025-09-23T14:00:00.000,663.24,663.38,662.78,662.83,984112,10934,665.37
2025-09-23T14:05:00.000,662.84,663.07,662.675,662.86,697316,8825,665.33
2025-09-23T14:10:00.000,662.85,662.96,662.635,662.67,596042,7725,665.29
2025-09-23T14:15:00.000,662.66,662.7456,662.3,662.37,674186,7876,665.25
2025-09-23T14:20:00.000,662.37,662.59,662.21,662.36,618002,8377,665.21
2025-09-23T14:25:00.000,662.36,662.925,662.36,662.675,850776,8561,665.17
2025-09-23T14:30:00.000,662.65,663.21,662.62,663.17,1017692,10645,665.12
2025-09-23T14:35:00.000,663.1699,663.3199,662.6107,662.65,641059,7723,665.1
2025-09-23T14:40:00.000,662.66,662.785,662.53,662.63,355746,5327,665.08
2025-09-23T14:45:00.000,662.63,662.88,662.52,662.55,632339,6627,665.05
2025-09-23T14:50:00.000,662.55,662.64,662.22,662.39,459429,6432,665.03
2025-09-23T14:55:00.000,662.39,662.51,661.98,662.11,1042277,12034,664.97
2025-09-23T15:00:00.000,662.1,662.665,662.09,662.25,680618,8772,664.94
2025-09-23T15:05:00.000,662.24,662.418,662.125,662.23,527970,7238,664.91
2025-09-23T15:10:00.000,662.23,662.4599,662.22,662.32,667290,8347,664.87
2025-09-23T15:15:00.000,662.33,662.81,662.28,662.77,1027555,9525,664.84
2025-09-23T15:20:00.000,662.78,662.79,662.26,662.45,1007095,9894,664.8
2025-09-23T15:25:00.000,662.4572,662.485,662.18,662.3699,791726,8598,664.77
2025-09-23T15:30:00.000,662.37,662.68,662.29,662.6781,1193511,10965,664.73
2025-09-23T15:35:00.000,662.675,662.77,662.52,662.74,959573,11065,664.69
2025-09-23T15:40:00.000,662.73,662.945,662.6701,662.91,847946,10568,664.67
2025-09-23T15:45:00.000,662.91,663.17,662.68,662.93,1583095,16669,664.62
2025-09-23T15:50:00.000,662.93,663.54,662.83,663.395,2924322,29144,664.55
2025-09-23T15:55:00.000,663.4,663.42,662.86,663.23,4504698,34862,664.46
2025-09-23T16:00:00.000,0.0,0.0,0.0,0.0,0,0,664.46
2025-09-24T09:30:00.000,664.51,664.61,663.81,664.125,2007450,23756,664.19
2025-09-24T09:35:00.000,664.13,664.18,663.5447,663.61,1312154,18897,664.05
2025-09-24T09:40:00.000,663.62,663.8799,663.4,663.57,1297033,18729,663.94
2025-09-24T09:45:00.000,663.58,663.61,662.92,662.94,1146541,18157,663.84
2025-09-24T09:50:00.000,662.95,663.12,662.42,662.71,1248337,18834,663.65
2025-09-24T09:55:00.000,662.74,663.08,662.74,663.04,866592,15384,663.57
2025-09-24T10:00:00.000,663.045,663.45,662.65,663.38,1184769,18965,663.5
2025-09-24T10:05:00.000,663.4,663.415,662.8,662.98,964449,14762,663.46
2025-09-24T10:10:00.000,662.96,663.3,662.84,663.26,655566,14989,663.43
2025-09-24T10:15:00.000,663.25,663.49,663.04,663.39,660658,13025,663.43
2025-09-24T10:20:00.000,663.375,663.425,663.0,663.1,740126,11879,663.41
2025-09-24T10:25:00.000,663.09,663.33,662.93,663.21,819818,12345,663.4
2025-09-24T10:30:00.000,663.19,663.43,662.81,662.92,652916,11423,663.38
2025-09-24T10:35:00.000,662.91,663.32,662.91,663.225,467200,9481,663.38
2025-09-24T10:40:00.000,663.23,663.275,662.98,663.264,520026,9225,663.37
2025-09-24T10:45:00.000,663.26,663.53,663.17,663.41,699816,10329,663.37
2025-09-24T10:50:00.000,663.43,663.655,663.07,663.1199,764640,11927,663.37
2025-09-24T10:55:00.000,663.105,663.15,662.7851,662.93,505419,9082,663.36
2025-09-24T11:00:00.000,662.92,663.13,662.74,662.82,428717,8135,663.35
2025-09-24T11:05:00.000,662.805,663.03,662.775,662.825,372240,6970,663.34
2025-09-24T11:10:00.000,662.818,662.84,662.4,662.425,694715,8859,663.31
2025-09-24T11:15:00.000,662.41,662.76,662.4,662.675,505257,7496,663.29
2025-09-24T11:20:00.000,662.665,662.98,662.641,662.89,469715,7740,663.28
2025-09-24T11:25:00.000,662.8944,662.945,662.572,662.66,417870,7260,663.27
2025-09-24T11:30:00.000,662.65,662.685,662.12,662.17,502422,8551,663.25
2025-09-24T11:35:00.000,662.18,662.52,662.101,662.3,426114,7798,663.23
2025-09-24T11:40:00.000,662.29,662.345,662.06,662.145,406150,6866,663.21
2025-09-24T11:45:00.000,662.15,662.15,661.33,661.36,1087722,13134,663.12
2025-09-24T11:50:00.000,661.36,661.51,660.945,661.2246,1277186,14575,663.01
2025-09-24T11:55:00.000,661.24,661.27,660.26,660.39,1633151,16240,662.86
2025-09-24T12:00:00.000,660.39,660.6737,660.11,660.49,1745462,16868,662.72
2025-09-24T12:05:00.000,660.48,660.615,659.95,660.05,1135667,14936,662.61
2025-09-24T12:10:00.000,660.05,660.1,659.67,660.01,1006753,13326,662.51
2025-09-24T12:15:00.000,660.0,660.33,659.6899,660.27,932919,12035,662.42
2025-09-24T12:20:00.000,660.26,660.985,660.26,660.955,1039665,13299,662.36
2025-09-24T12:25:00.000,660.95,661.12,660.51,660.91,930788,10814,662.31
2025-09-24T12:30:00.000,660.92,661.01,660.62,660.7,543320,7724,662.29
2025-09-24T12:35:00.000,660.69,660.94,660.675,660.92,452894,5681,662.27
2025-09-24T12:40:00.000,660.91,661.11,660.85,660.94,510179,7327,662.25
2025-09-24T12:45:00.000,660.97,660.97,660.615,660.74,418902,6819,662.23
2025-09-24T12:50:00.000,660.74,660.8,660.52,660.63,446470,7050,662.21
2025-09-24T12:55:00.000,660.62,660.71,660.4,660.52,342221,5695,662.19
2025-09-24T13:00:00.000,660.55,660.81,660.44,660.77,286899,4489,662.18
2025-09-24T13:05:00.000,660.755,661.18,660.61,661.165,401282,6105,662.17
2025-09-24T13:10:00.000,661.16,661.68,661.135,661.24,980849,11835,662.14
2025-09-24T13:15:00.000,661.23,661.325,661.11,661.12,374633,5290,662.13
2025-09-24T13:20:00.000,661.1199,661.3,660.96,661.255,514310,5497,662.12
2025-09-24T13:25:00.000,661.25,661.42,661.045,661.37,418028,5265,662.11
2025-09-24T13:30:00.000,661.38,661.685,661.3787,661.66,481473,6799,662.1
2025-09-24T13:35:00.000,661.65,661.8,661.08,661.105,620166,7790,662.09
2025-09-24T13:40:00.000,661.1,661.14,660.8913,660.9,489237,6381,662.07
2025-09-24T13:45:00.000,660.8921,660.945,660.39,660.53,850781,9209,662.04
2025-09-24T13:50:00.000,660.525,660.711,660.425,660.711,450294,5873,662.02
2025-09-24T13:55:00.000,660.71,660.83,660.5,660.57,1196888,5397,662.01
2025-09-24T14:00:00.000,660.56,660.61,660.37,660.45,771353,7440,661.98
2025-09-24T14:05:00.000,660.45,660.59,660.28,660.35,837613,8321,661.95
2025-09-24T14:10:00.000,660.35,660.46,659.96,660.44,802133,8893,661.91
2025-09-24T14:15:00.000,660.44,660.68,660.402,660.665,391901,5193,661.9
2025-09-24T14:20:00.000,660.66,660.66,660.21,660.35,483345,6309,661.88
2025-09-24T14:25:00.000,660.36,660.45,660.18,660.385,382909,5700,661.87
2025-09-24T14:30:00.000,660.39,660.635,660.26,660.46,766542,7165,661.84
2025-09-24T14:35:00.000,660.45,660.8856,660.43,660.76,532187,6057,661.83
2025-09-24T14:40:00.000,660.76,660.865,660.625,660.75,404942,5651,661.82
2025-09-24T14:45:00.000,660.75,660.92,660.46,660.605,488590,6264,661.81
2025-09-24T14:50:00.000,660.6,661.12,660.55,661.025,554428,6345,661.79
2025-09-24T14:55:00.000,661.02,661.15,660.94,661.105,520167,6110,661.78
2025-09-24T15:00:00.000,661.11,661.12,660.64,660.72,510798,6092,661.77
2025-09-24T15:05:00.000,660.72,660.86,660.61,660.66,344036,5164,661.77
2025-09-24T15:10:00.000,660.65,660.895,660.6213,660.65,421125,5996,661.76
2025-09-24T15:15:00.000,660.65,660.9,660.57,660.825,499172,6385,661.74
2025-09-24T15:20:00.000,660.825,660.87,660.67,660.73,377872,5694,661.74
2025-09-24T15:25:00.000,660.73,660.8,660.62,660.795,520617,6943,661.73
2025-09-24T15:30:00.000,660.81,660.99,660.74,660.98,604785,7975,661.71
2025-09-24T15:35:00.000,660.975,660.99,660.59,660.795,781673,9425,661.7
2025-09-24T15:40:00.000,660.8,660.93,660.6,660.645,1094139,9925,661.68
2025-09-24T15:45:00.000,660.65,661.02,660.485,660.95,1348056,12675,661.66
2025-09-24T15:50:00.000,660.95,661.29,660.93,661.14,1779963,21322,661.64
2025-09-24T15:55:00.000,661.15,661.38,660.845,661.04,3476938,30879,661.61
2025-09-24T16:00:00.000,0.0,0.0,0.0,0.0,0,0,661.61
2025-09-25T09:30:00.000,657.94,657.98,657.13,657.14,2784332,33116,657.49
2025-09-25T09:35:00.000,657.14,657.26,656.055,656.08,2064761,26733,657.09
2025-09-25T09:40:00.000,656.08,656.1,655.08,655.29,2486064,30060,656.55
2025-09-25T09:45:00.000,655.28,656.43,655.175,656.18,2444824,28723,656.38
2025-09-25T09:50:00.000,656.1701,656.985,655.49,655.65,2120228,25881,656.35
2025-09-25T09:55:00.000,655.66,656.04,655.19,655.64,1115781,15385,656.29
2025-09-25T10:00:00.000,655.64,657.07,655.55,657.0,2021210,26717,656.31
2025-09-25T10:05:00.000,656.99,657.93,656.93,657.87,1507318,18691,656.41
2025-09-25T10:10:00.000,657.87,658.27,657.61,657.99,1457303,16642,656.52
2025-09-25T10:15:00.000,658.0092,658.63,658.0,658.425,1395846,17404,656.65
2025-09-25T10:20:00.000,658.42,659.15,658.28,659.03,1163554,12682,656.76
2025-09-25T10:25:00.000,659.025,659.15,658.28,658.48,1396808,16941,656.88
2025-09-25T10:30:00.000,658.48,658.81,658.24,658.74,886915,12077,656.94
2025-09-25T10:35:00.000,658.73,658.93,658.36,658.88,718455,11629,656.99
2025-09-25T10:40:00.000,658.875,658.97,658.49,658.74,681500,10810,657.03
2025-09-25T10:45:00.000,658.74,659.1,658.385,659.08,622947,10034,657.07
2025-09-25T10:50:00.000,659.08,659.085,658.33,658.66,756088,11552,657.11
2025-09-25T10:55:00.000,658.67,659.095,658.66,658.79,1244062,9542,657.16
2025-09-25T11:00:00.000,658.79,658.81,657.99,658.06,974751,11998,657.2
2025-09-25T11:05:00.000,658.07,658.23,657.3281,657.6,903447,11449,657.22
2025-09-25T11:10:00.000,657.6,658.6,657.425,658.58,948282,11560,657.25
2025-09-25T11:15:00.000,658.58,658.68,658.23,658.39,491444,8191,657.26
2025-09-25T11:20:00.000,658.36,658.475,657.73,657.7379,742046,10127,657.29
2025-09-25T11:25:00.000,657.74,657.765,657.19,657.46,844935,10958,657.29
2025-09-25T11:30:00.000,657.46,658.39,657.46,658.34,1767240,10530,657.31
2025-09-25T11:35:00.000,658.355,658.9,658.28,658.9,792004,10719,657.34
2025-09-25T11:40:00.000,658.895,659.4056,658.74,659.22,980024,11281,657.39
2025-09-25T11:45:00.000,659.2,659.33,659.04,659.2292,687056,9079,657.43
2025-09-25T11:50:00.000,659.2181,659.22,658.81,659.07,581947,8436,657.46
2025-09-25T11:55:00.000,659.08,659.19,658.72,658.945,512266,6059,657.47
2025-09-25T12:00:00.000,658.945,659.235,658.82,658.82,494855,7164,657.49
2025-09-25T12:05:00.000,658.82,659.1,658.74,658.84,514984,6458,657.51
2025-09-25T12:10:00.000,658.85,658.96,658.59,658.66,438416,6200,657.53
2025-09-25T12:15:00.000,658.67,659.1,658.59,658.6099,448257,6892,657.54
2025-09-25T12:20:00.000,658.62,658.8,658.04,658.29,587996,8008,657.56
2025-09-25T12:25:00.000,658.28,658.44,657.9399,658.01,469256,7081,657.56
2025-09-25T12:30:00.000,658.03,658.98,658.01,658.85,570987,8399,657.58
2025-09-25T12:35:00.000,658.85,658.85,658.47,658.475,331993,4951,657.59
2025-09-25T12:40:00.000,658.47,658.47,657.85,658.05,634032,7716,657.6
2025-09-25T12:45:00.000,658.06,658.4,657.83,657.87,561047,6175,657.6
2025-09-25T12:50:00.000,657.87,658.05,657.59,657.77,377750,5574,657.61
2025-09-25T12:55:00.000,657.79,658.05,657.76,657.84,3461105,6061,657.61
2025-09-25T13:00:00.000,657.83,658.02,657.525,657.6,396181,4143,657.61
2025-09-25T13:05:00.000,657.59,658.255,657.54,658.06,444103,4760,657.61
2025-09-25T13:10:00.000,658.06,658.36,657.74,658.0596,848792,8526,657.62
2025-09-25T13:15:00.000,658.05,658.22,657.58,657.69,504672,6730,657.62
2025-09-25T13:20:00.000,657.71,657.73,656.57,656.68,1444474,10581,657.61
2025-09-25T13:25:00.000,656.685,657.47,656.65,657.295,697832,8095,657.6
2025-09-25T13:30:00.000,657.28,657.465,656.75,656.87,708609,8749,657.59
2025-09-25T13:35:00.000,656.87,656.9298,656.43,656.71,589168,8241,657.58
2025-09-25T13:40:00.000,656.7,656.75,656.2815,656.68,669516,8187,657.57
2025-09-25T13:45:00.000,656.68,656.73,656.13,656.15,432178,5575,657.55
2025-09-25T13:50:00.000,656.155,656.45,656.15,656.33,370872,5270,657.54
2025-09-25T13:55:00.000,656.32,656.435,655.51,655.59,772088,9771,657.52
2025-09-25T14:00:00.000,655.59,655.66,654.405,654.48,3079538,24387,657.39
2025-09-25T14:05:00.000,654.48,655.41,654.41,655.19,1569773,16981,657.31
2025-09-25T14:10:00.000,655.2,656.0293,655.18,656.01,1043212,12161,657.28
2025-09-25T14:15:00.000,656.02,656.78,655.98,656.72,1488545,11769,657.26
2025-09-25T14:20:00.000,656.72,656.915,656.425,656.805,1061622,10172,657.25
2025-09-25T14:25:00.000,656.78,657.15,656.74,656.99,586979,7387,657.25
2025-09-25T14:30:00.000,656.98,657.25,656.66,656.915,674332,7883,657.24
2025-09-25T14:35:00.000,656.92,657.4,656.765,657.36,820172,9070,657.24
2025-09-25T14:40:00.000,657.37,658.155,657.37,657.81,1190565,12619,657.25
2025-09-25T14:45:00.000,657.805,657.92,657.25,657.6907,824414,9657,657.26
2025-09-25T14:50:00.000,657.69,657.86,657.51,657.825,526929,6548,657.26
2025-09-25T14:55:00.000,657.84,658.07,657.5817,657.89,737843,8259,657.27
2025-09-25T15:00:00.000,657.88,658.02,657.6,657.77,505842,6447,657.27
2025-09-25T15:05:00.000,657.78,657.995,657.51,657.695,582384,7052,657.28
2025-09-25T15:10:00.000,657.7,657.965,657.44,657.57,712716,7114,657.28
2025-09-25T15:15:00.000,657.58,657.775,657.325,657.365,571397,7789,657.29
2025-09-25T15:20:00.000,657.355,657.63,657.055,657.1,749117,8815,657.29
2025-09-25T15:25:00.000,657.1,657.52,657.1,657.45,672358,7819,657.29
2025-09-25T15:30:00.000,657.45,657.86,657.3,657.4,847137,10034,657.29
2025-09-25T15:35:00.000,657.4,657.49,657.04,657.19,998826,10482,657.29
2025-09-25T15:40:00.000,657.19,657.5,657.05,657.465,899766,9371,657.29
2025-09-25T15:45:00.000,657.455,657.56,657.09,657.24,1057995,9951,657.29
2025-09-25T15:50:00.000,657.25,658.15,657.18,657.815,1884430,19424,657.3
2025-09-25T15:55:00.000,657.81,658.26,657.485,657.95,3019247,32411,657.32
2025-09-25T16:00:00.000,657.95,657.95,657.95,657.95,954,1,657.32
2025-09-26T09:30:00.000,659.51,660.89,658.92,660.7601,2264346,29291,659.79
2025-09-26T09:35:00.000,660.765,661.04,660.44,660.91,1831022,23506,660.22
2025-09-26T09:40:00.000,660.92,661.6851,660.59,661.03,2117521,21579,660.51
2025-09-26T09:45:00.000,661.025,661.81,660.41,661.61,1676516,21029,660.67
2025-09-26T09:50:00.000,661.61,661.9,661.145,661.4012,1320041,16240,660.78
2025-09-26T09:55:00.000,661.41,661.794,661.15,661.79,847135,10934,660.85
2025-09-26T10:00:00.000,661.8,662.37,660.98,660.9999,1539084,16160,660.96
2025-09-26T10:05:00.000,661.02,661.1,659.62,659.905,2731969,28180,660.85
2025-09-26T10:10:00.000,659.94,660.19,659.26,659.57,1411227,15693,660.76
2025-09-26T10:15:00.000,659.56,659.73,659.0688,659.58,1092001,14539,660.67
2025-09-26T10:20:00.000,659.56,659.61,658.75,658.81,862010,12443,660.59
2025-09-26T10:25:00.000,658.82,658.88,657.88,658.781,1551482,20578,660.39
2025-09-26T10:30:00.000,658.79,658.79,658.18,658.27,822293,12127,660.3
2025-09-26T10:35:00.000,658.29,659.4844,658.12,659.44,886799,12939,660.23
2025-09-26T10:40:00.000,659.43,659.96,659.3,659.515,895496,12907,660.21
2025-09-26T10:45:00.000,659.51,659.76,658.38,658.4,659111,10542,660.17
2025-09-26T10:50:00.000,658.39,658.9013,658.15,658.72,640601,10034,660.13
2025-09-26T10:55:00.000,658.71,659.12,658.35,658.45,490929,8325,660.1
2025-09-26T11:00:00.000,658.44,659.05,658.26,658.725,560481,9121,660.06
2025-09-26T11:05:00.000,658.73,659.03,658.44,658.69,439349,7581,660.04
2025-09-26T11:10:00.000,658.68,658.86,658.22,658.242,449527,8210,660.01
2025-09-26T11:15:00.000,658.25,659.31,658.05,659.24,568575,9310,659.98
2025-09-26T11:20:00.000,659.24,659.31,658.68,658.995,581972,8044,659.96
2025-09-26T11:25:00.000,658.985,659.93,658.97,659.93,556910,7808,659.95
2025-09-26T11:30:00.000,659.915,660.06,659.51,659.8,695562,9083,659.95
2025-09-26T11:35:00.000,659.81,659.91,659.04,659.21,549394,7822,659.94
2025-09-26T11:40:00.000,659.21,659.71,659.05,659.46,554020,8279,659.93
2025-09-26T11:45:00.000,659.45,659.66,659.18,659.65,659452,6488,659.92
2025-09-26T11:50:00.000,659.65,659.65,658.93,659.18,541643,8182,659.91
2025-09-26T11:55:00.000,659.21,659.2801,658.635,658.67,329701,6126,659.9
2025-09-26T12:00:00.000,658.68,658.875,658.5,658.79,513997,7896,659.87
2025-09-26T12:05:00.000,658.82,659.1099,658.69,658.835,327146,6201,659.86
2025-09-26T12:10:00.000,658.82,659.175,658.65,659.1099,287451,5793,659.86
2025-09-26T12:15:00.000,659.1,659.495,658.97,659.49,430207,6939,659.85
2025-09-26T12:20:00.000,659.49,660.56,659.46,660.53,783382,10734,659.85
2025-09-26T12:25:00.000,660.56,660.76,660.14,660.4534,691699,9704,659.87
2025-09-26T12:30:00.000,660.4499,660.71,660.07,660.37,583389,8492,659.88
2025-09-26T12:35:00.000,660.38,660.7,660.195,660.51,389902,6341,659.88
2025-09-26T12:40:00.000,660.51,660.9404,660.4,660.84,419883,6845,659.89
2025-09-26T12:45:00.000,660.835,660.97,660.54,660.83,459662,7388,659.91
2025-09-26T12:50:00.000,660.83,661.1,660.73,660.97,321709,5372,659.92
2025-09-26T12:55:00.000,660.9501,661.495,660.815,661.33,807369,8329,659.94
2025-09-26T13:00:00.000,661.33,661.42,661.15,661.16,628868,7757,659.97
2025-09-26T13:05:00.000,661.18,661.4436,661.14,661.4,350021,5440,659.98
2025-09-26T13:10:00.000,661.39,661.69,661.38,661.59,374030,5511,660.0
2025-09-26T13:15:00.000,661.585,661.64,661.3644,661.41,339517,5319,660.01
2025-09-26T13:20:00.000,661.41,661.6,661.195,661.6,462841,6736,660.03
2025-09-26T13:25:00.000,661.61,661.74,661.49,661.625,371539,5491,660.04
2025-09-26T13:30:00.000,661.63,661.67,661.37,661.54,418794,6349,660.06
2025-09-26T13:35:00.000,661.54,661.755,661.39,661.45,529543,7053,660.08
2025-09-26T13:40:00.000,661.46,661.729,661.34,661.525,468727,6325,660.1
2025-09-26T13:45:00.000,661.55,661.55,661.25,661.29,452571,4640,660.11
2025-09-26T13:50:00.000,661.27,661.31,660.91,660.98,384284,5348,660.12
2025-09-26T13:55:00.000,661.0,661.365,660.76,661.35,490363,6469,660.13
2025-09-26T14:00:00.000,661.34,661.605,661.26,661.42,553880,6209,660.15
2025-09-26T14:05:00.000,661.42,661.44,660.88,660.89,788344,5951,660.16
2025-09-26T14:10:00.000,660.89,661.34,660.85,661.33,514892,5934,660.17
2025-09-26T14:15:00.000,661.31,661.66,661.31,661.449,329365,4689,660.18
2025-09-26T14:20:00.000,661.47,661.8,661.32,661.78,1024499,6099,660.2
2025-09-26T14:25:00.000,661.78,662.02,661.56,661.725,662015,7472,660.23
2025-09-26T14:30:00.000,661.74,661.9191,661.7,661.77,303389,4695,660.24
2025-09-26T14:35:00.000,661.78,662.075,661.76,662.0086,397382,5354,660.25
2025-09-26T14:40:00.000,662.015,662.14,661.86,661.882,387172,5539,660.27
2025-09-26T14:45:00.000,661.88,661.955,661.47,661.87,920918,10768,660.3
2025-09-26T14:50:00.000,661.875,661.89,661.625,661.72,421730,5416,660.31
2025-09-26T14:55:00.000,661.72,661.9983,661.7,661.92,360191,4953,660.33
2025-09-26T15:00:00.000,661.915,662.01,661.73,661.845,704191,5100,660.34
2025-09-26T15:05:00.000,661.845,661.92,661.51,661.5344,717294,6239,660.35
2025-09-26T15:10:00.000,661.53,661.705,661.425,661.49,367094,5250,660.36
2025-09-26T15:15:00.000,661.49,661.76,661.3,661.68,460537,6070,660.37
2025-09-26T15:20:00.000,661.6791,661.86,661.57,661.74,543415,5283,660.38
2025-09-26T15:25:00.000,661.75,661.875,661.59,661.6,396410,5067,660.39
2025-09-26T15:30:00.000,661.602,661.6026,661.375,661.46,479325,6334,660.4
2025-09-26T15:35:00.000,661.47,661.67,661.4,661.6291,512528,6192,660.41
2025-09-26T15:40:00.000,661.6386,661.69,661.39,661.44,731502,8089,660.43
2025-09-26T15:45:00.000,661.44,661.77,661.32,661.74,919911,10520,660.45
2025-09-26T15:50:00.000,661.74,661.86,661.15,661.805,1531872,16991,660.48
2025-09-26T15:55:00.000,661.82,661.95,661.425,661.75,3659320,28308,660.57
2025-09-26T16:00:00.000,0.0,0.0,0.0,0.0,0,0,660.57
2025-09-27T09:30:00.000,0.0,0.0,0.0,0.0,0,0,0.0
2025-09-27T09:35:00.000,0.0,0.0,0.0,0.0,0,0,0.0
2025-09-27T09:40:00.000,0.0,0.0,0.0,0.0,0,0,0.0
2025-09-27T09:45:00.000,0.0,0.0,0.0,0.0,0,0,0.0
2025-09-27T09:50:00.000,0.0,0.0,0.0,0.0,0,0,0.0
2025-09-27T09:55:00.000,0.0,0.0,0.0,0.0,0,0,0.0
2025-09-27T10:00:00.000,0.0,0.0,0.0,0.0,0,0,0.0
2025-09-27T10:05:00.000,0.0,0.0,0.0,0.0,0,0,0.0
2025-09-27T10:10:00.000,0.0,0.0,0.0,0.0,0,0,0.0
2025-09-27T10:15:00.000,0.0,0.0,0.0,0.0,0,0,0.0
2025-09-27T10:20:00.000,0.0,0.0,0.0,0.0,0,0,0.0
2025-09-27T10:25:00.000,0.0,0.0,0.0,0.0,0,0,0.0
2025-09-27T10:30:00.000,0.0,0.0,0.0,0.0,0,0,0.0
2025-09-27T10:35:00.000,0.0,0.0,0.0,0.0,0,0,0.0
2025-09-27T10:40:00.000,0.0,0.0,0.0,0.0,0,0,0.0
2025-09-27T10:45:00.000,0.0,0.0,0.0,0.0,0,0,0.0
2025-09-27T10:50:00.000,0.0,0.0,0.0,0.0,0,0,0.0
2025-09-27T10:55:00.000,0.0,0.0,0.0,0.0,0,0,0.0
2025-09-27T11:00:00.000,0.0,0.0,0.0,0.0,0,0,0.0
2025-09-27T11:05:00.000,0.0,0.0,0.0,0.0,0,0,0.0
2025-09-27T11:10:00.000,0.0,0.0,0.0,0.0,0,0,0.0
2025-09-27T11:15:00.000,0.0,0.0,0.0,0.0,0,0,0.0
2025-09-27T11:20:00.000,0.0,0.0,0.0,0.0,0,0,0.0
2025-09-27T11:25:00.000,0.0,0.0,0.0,0.0,0,0,0.0
2025-09-27T11:30:00.000,0.0,0.0,0.0,0.0,0,0,0.0
2025-09-27T11:35:00.000,0.0,0.0,0.0,0.0,0,0,0.0
2025-09-27T11:40:00.000,0.0,0.0,0.0,0.0,0,0,0.0
2025-09-27T11:45:00.000,0.0,0.0,0.0,0.0,0,0,0.0
2025-09-27T11:50:00.000,0.0,0.0,0.0,0.0,0,0,0.0
2025-09-27T11:55:00.000,0.0,0.0,0.0,0.0,0,0,0.0
2025-09-27T12:00:00.000,0.0,0.0,0.0,0.0,0,0,0.0
2025-09-27T12:05:00.000,0.0,0.0,0.0,0.0,0,0,0.0
2025-09-27T12:10:00.000,0.0,0.0,0.0,0.0,0,0,0.0
2025-09-27T12:15:00.000,0.0,0.0,0.0,0.0,0,0,0.0
2025-09-27T12:20:00.000,0.0,0.0,0.0,0.0,0,0,0.0
2025-09-27T12:25:00.000,0.0,0.0,0.0,0.0,0,0,0.0
2025-09-27T12:30:00.000,0.0,0.0,0.0,0.0,0,0,0.0
2025-09-27T12:35:00.000,0.0,0.0,0.0,0.0,0,0,0.0
2025-09-27T12:40:00.000,0.0,0.0,0.0,0.0,0,0,0.0
2025-09-27T12:45:00.000,0.0,0.0,0.0,0.0,0,0,0.0
2025-09-27T12:50:00.000,0.0,0.0,0.0,0.0,0,0,0.0
2025-09-27T12:55:00.000,0.0,0.0,0.0,0.0,0,0,0.0
2025-09-27T13:00:00.000,0.0,0.0,0.0,0.0,0,0,0.0
2025-09-27T13:05:00.000,0.0,0.0,0.0,0.0,0,0,0.0
2025-09-27T13:10:00.000,0.0,0.0,0.0,0.0,0,0,0.0
2025-09-27T13:15:00.000,0.0,0.0,0.0,0.0,0,0,0.0
2025-09-27T13:20:00.000,0.0,0.0,0.0,0.0,0,0,0.0
2025-09-27T13:25:00.000,0.0,0.0,0.0,0.0,0,0,0.0
2025-09-27T13:30:00.000,0.0,0.0,0.0,0.0,0,0,0.0
2025-09-27T13:35:00.000,0.0,0.0,0.0,0.0,0,0,0.0
2025-09-27T13:40:00.000,0.0,0.0,0.0,0.0,0,0,0.0
2025-09-27T13:45:00.000,0.0,0.0,0.0,0.0,0,0,0.0
2025-09-27T13:50:00.000,0.0,0.0,0.0,0.0,0,0,0.0
2025-09-27T13:55:00.000,0.0,0.0,0.0,0.0,0,0,0.0
2025-09-27T14:00:00.000,0.0,0.0,0.0,0.0,0,0,0.0
2025-09-27T14:05:00.000,0.0,0.0,0.0,0.0,0,0,0.0
2025-09-27T14:10:00.000,0.0,0.0,0.0,0.0,0,0,0.0
2025-09-27T14:15:00.000,0.0,0.0,0.0,0.0,0,0,0.0
2025-09-27T14:20:00.000,0.0,0.0,0.0,0.0,0,0,0.0
2025-09-27T14:25:00.000,0.0,0.0,0.0,0.0,0,0,0.0
2025-09-27T14:30:00.000,0.0,0.0,0.0,0.0,0,0,0.0
2025-09-27T14:35:00.000,0.0,0.0,0.0,0.0,0,0,0.0
2025-09-27T14:40:00.000,0.0,0.0,0.0,0.0,0,0,0.0
2025-09-27T14:45:00.000,0.0,0.0,0.0,0.0,0,0,0.0
2025-09-27T14:50:00.000,0.0,0.0,0.0,0.0,0,0,0.0
2025-09-27T14:55:00.000,0.0,0.0,0.0,0.0,0,0,0.0
2025-09-27T15:00:00.000,0.0,0.0,0.0,0.0,0,0,0.0
2025-09-27T15:05:00.000,0.0,0.0,0.0,0.0,0,0,0.0
2025-09-27T15:10:00.000,0.0,0.0,0.0,0.0,0,0,0.0
2025-09-27T15:15:00.000,0.0,0.0,0.0,0.0,0,0,0.0
2025-09-27T15:20:00.000,0.0,0.0,0.0,0.0,0,0,0.0
2025-09-27T15:25:00.000,0.0,0.0,0.0,0.0,0,0,0.0
2025-09-27T15:30:00.000,0.0,0.0,0.0,0.0,0,0,0.0
2025-09-27T15:35:00.000,0.0,0.0,0.0,0.0,0,0,0.0
2025-09-27T15:40:00.000,0.0,0.0,0.0,0.0,0,0,0.0
2025-09-27T15:45:00.000,0.0,0.0,0.0,0.0,0,0,0.0
2025-09-27T15:50:00.000,0.0,0.0,0.0,0.0,0,0,0.0
2025-09-27T15:55:00.000,0.0,0.0,0.0,0.0,0,0,0.0
2025-09-27T16:00:00.000,0.0,0.0,0.0,0.0,0,0,0.0
2025-09-28T09:30:00.000,0.0,0.0,0.0,0.0,0,0,0.0
2025-09-28T09:35:00.000,0.0,0.0,0.0,0.0,0,0,0.0
2025-09-28T09:40:00.000,0.0,0.0,0.0,0.0,0,0,0.0
2025-09-28T09:45:00.000,0.0,0.0,0.0,0.0,0,0,0.0
2025-09-28T09:50:00.000,0.0,0.0,0.0,0.0,0,0,0.0
2025-09-28T09:55:00.000,0.0,0.0,0.0,0.0,0,0,0.0
2025-09-28T10:00:00.000,0.0,0.0,0.0,0.0,0,0,0.0
2025-09-28T10:05:00.000,0.0,0.0,0.0,0.0,0,0,0.0
2025-09-28T10:10:00.000,0.0,0.0,0.0,0.0,0,0,0.0
2025-09-28T10:15:00.000,0.0,0.0,0.0,0.0,0,0,0.0
2025-09-28T10:20:00.000,0.0,0.0,0.0,0.0,0,0,0.0
2025-09-28T10:25:00.000,0.0,0.0,0.0,0.0,0,0,0.0
2025-09-28T10:30:00.000,0.0,0.0,0.0,0.0,0,0,0.0
2025-09-28T10:35:00.000,0.0,0.0,0.0,0.0,0,0,0.0
2025-09-28T10:40:00.000,0.0,0.0,0.0,0.0,0,0,0.0
2025-09-28T10:45:00.000,0.0,0.0,0.0,0.0,0,0,0.0
2025-09-28T10:50:00.000,0.0,0.0,0.0,0.0,0,0,0.0
2025-09-28T10:55:00.000,0.0,0.0,0.0,0.0,0,0,0.0
2025-09-28T11:00:00.000,0.0,0.0,0.0,0.0,0,0,0.0
2025-09-28T11:05:00.000,0.0,0.0,0.0,0.0,0,0,0.0
2025-09-28T11:10:00.000,0.0,0.0,0.0,0.0,0,0,0.0
2025-09-28T11:15:00.000,0.0,0.0,0.0,0.0,0,0,0.0
2025-09-28T11:20:00.000,0.0,0.0,0.0,0.0,0,0,0.0
2025-09-28T11:25:00.000,0.0,0.0,0.0,0.0,0,0,0.0
2025-09-28T11:30:00.000,0.0,0.0,0.0,0.0,0,0,0.0
2025-09-28T11:35:00.000,0.0,0.0,0.0,0.0,0,0,0.0
2025-09-28T11:40:00.000,0.0,0.0,0.0,0.0,0,0,0.0
2025-09-28T11:45:00.000,0.0,0.0,0.0,0.0,0,0,0.0
2025-09-28T11:50:00.000,0.0,0.0,0.0,0.0,0,0,0.0
2025-09-28T11:55:00.000,0.0,0.0,0.0,0.0,0,0,0.0
2025-09-28T12:00:00.000,0.0,0.0,0.0,0.0,0,0,0.0
2025-09-28T12:05:00.000,0.0,0.0,0.0,0.0,0,0,0.0
2025-09-28T12:10:00.000,0.0,0.0,0.0,0.0,0,0,0.0
2025-09-28T12:15:00.000,0.0,0.0,0.0,0.0,0,0,0.0
2025-09-28T12:20:00.000,0.0,0.0,0.0,0.0,0,0,0.0
2025-09-28T12:25:00.000,0.0,0.0,0.0,0.0,0,0,0.0
2025-09-28T12:30:00.000,0.0,0.0,0.0,0.0,0,0,0.0
2025-09-28T12:35:00.000,0.0,0.0,0.0,0.0,0,0,0.0
2025-09-28T12:40:00.000,0.0,0.0,0.0,0.0,0,0,0.0
2025-09-28T12:45:00.000,0.0,0.0,0.0,0.0,0,0,0.0
2025-09-28T12:50:00.000,0.0,0.0,0.0,0.0,0,0,0.0
2025-09-28T12:55:00.000,0.0,0.0,0.0,0.0,0,0,0.0
2025-09-28T13:00:00.000,0.0,0.0,0.0,0.0,0,0,0.0
2025-09-28T13:05:00.000,0.0,0.0,0.0,0.0,0,0,0.0
2025-09-28T13:10:00.000,0.0,0.0,0.0,0.0,0,0,0.0
2025-09-28T13:15:00.000,0.0,0.0,0.0,0.0,0,0,0.0
2025-09-28T13:20:00.000,0.0,0.0,0.0,0.0,0,0,0.0
2025-09-28T13:25:00.000,0.0,0.0,0.0,0.0,0,0,0.0
2025-09-28T13:30:00.000,0.0,0.0,0.0,0.0,0,0,0.0
2025-09-28T13:35:00.000,0.0,0.0,0.0,0.0,0,0,0.0
2025-09-28T13:40:00.000,0.0,0.0,0.0,0.0,0,0,0.0
2025-09-28T13:45:00.000,0.0,0.0,0.0,0.0,0,0,0.0
2025-09-28T13:50:00.000,0.0,0.0,0.0,0.0,0,0,0.0
2025-09-28T13:55:00.000,0.0,0.0,0.0,0.0,0,0,0.0
2025-09-28T14:00:00.000,0.0,0.0,0.0,0.0,0,0,0.0
2025-09-28T14:05:00.000,0.0,0.0,0.0,0.0,0,0,0.0
2025-09-28T14:10:00.000,0.0,0.0,0.0,0.0,0,0,0.0
2025-09-28T14:15:00.000,0.0,0.0,0.0,0.0,0,0,0.0
2025-09-28T14:20:00.000,0.0,0.0,0.0,0.0,0,0,0.0
2025-09-28T14:25:00.000,0.0,0.0,0.0,0.0,0,0,0.0
2025-09-28T14:30:00.000,0.0,0.0,0.0,0.0,0,0,0.0
2025-09-28T14:35:00.000,0.0,0.0,0.0,0.0,0,0,0.0
2025-09-28T14:40:00.000,0.0,0.0,0.0,0.0,0,0,0.0
2025-09-28T14:45:00.000,0.0,0.0,0.0,0.0,0,0,0.0
2025-09-28T14:50:00.000,0.0,0.0,0.0,0.0,0,0,0.0
2025-09-28T14:55:00.000,0.0,0.0,0.0,0.0,0,0,0.0
2025-09-28T15:00:00.000,0.0,0.0,0.0,0.0,0,0,0.0
2025-09-28T15:05:00.000,0.0,0.0,0.0,0.0,0,0,0.0
2025-09-28T15:10:00.000,0.0,0.0,0.0,0.0,0,0,0.0
2025-09-28T15:15:00.000,0.0,0.0,0.0,0.0,0,0,0.0
2025-09-28T15:20:00.000,0.0,0.0,0.0,0.0,0,0,0.0
2025-09-28T15:25:00.000,0.0,0.0,0.0,0.0,0,0,0.0
2025-09-28T15:30:00.000,0.0,0.0,0.0,0.0,0,0,0.0
2025-09-28T15:35:00.000,0.0,0.0,0.0,0.0,0,0,0.0
2025-09-28T15:40:00.000,0.0,0.0,0.0,0.0,0,0,0.0
2025-09-28T15:45:00.000,0.0,0.0,0.0,0.0,0,0,0.0
2025-09-28T15:50:00.000,0.0,0.0,0.0,0.0,0,0,0.0
2025-09-28T15:55:00.000,0.0,0.0,0.0,0.0,0,0,0.0
2025-09-28T16:00:00.000,0.0,0.0,0.0,0.0,0,0,0.0
2025-09-29T09:30:00.000,664.36,664.76,664.14,664.29,1856594,27551,664.39
2025-09-29T09:35:00.000,664.29,664.45,663.91,663.95,1328485,17297,664.31
2025-09-29T09:40:00.000,663.935,664.47,663.725,664.4106,1393829,18439,664.23
2025-09-29T09:45:00.000,664.405,664.745,664.35,664.64,1221373,17490,664.3
2025-09-29T09:50:00.000,664.64,664.69,664.09,664.63,1512680,16767,664.32
2025-09-29T09:55:00.000,664.65,664.73,664.27,664.525,902764,13624,664.35
2025-09-29T10:00:00.000,664.53,664.83,664.07,664.18,1349264,16137,664.36
2025-09-29T10:05:00.000,664.185,665.28,664.05,665.09,1032836,15172,664.39
2025-09-29T10:10:00.000,665.09,665.11,664.435,664.67,853661,11504,664.42
2025-09-29T10:15:00.000,664.69,664.79,664.17,664.1712,729101,11358,664.42
2025-09-29T10:20:00.000,664.18,664.89,663.99,664.84,971994,17647,664.42
2025-09-29T10:25:00.000,664.84,664.98,664.71,664.76,651361,8332,664.44
2025-09-29T10:30:00.000,664.76,664.887,664.585,664.86,637720,8960,664.45
2025-09-29T10:35:00.000,664.87,664.93,664.54,664.785,611693,8840,664.46
2025-09-29T10:40:00.000,664.78,665.07,664.73,665.0,475180,7870,664.48
2025-09-29T10:45:00.000,665.0,665.17,664.84,664.91,630027,7996,664.5
2025-09-29T10:50:00.000,664.91,664.97,664.57,664.6465,775989,7978,664.5
2025-09-29T10:55:00.000,664.65,664.7,664.29,664.46,735765,8897,664.5
2025-09-29T11:00:00.000,664.45,664.6573,664.37,664.54,480471,7868,664.5
2025-09-29T11:05:00.000,664.55,664.59,664.23,664.26,439619,7285,664.5
2025-09-29T11:10:00.000,664.26,664.2999,663.72,663.78,774304,9926,664.47
2025-09-29T11:15:00.000,663.78,663.78,663.21,663.62,1346948,15967,664.4
2025-09-29T11:20:00.000,663.61,664.01,663.43,663.6211,946834,12332,664.37
2025-09-29T11:25:00.000,663.63,663.83,663.48,663.53,530428,8589,664.35
2025-09-29T11:30:00.000,663.54,663.655,663.275,663.4,762948,10721,664.32
2025-09-29T11:35:00.000,663.4,663.49,662.995,663.41,994548,10282,664.29
2025-09-29T11:40:00.000,663.41,663.56,663.19,663.53,414030,7343,664.28
2025-09-29T11:45:00.000,663.535,663.57,663.1801,663.2188,327607,5856,664.26
2025-09-29T11:50:00.000,663.22,663.25,662.84,663.165,986711,9923,664.23
2025-09-29T11:55:00.000,663.19,663.36,662.9,663.31,946608,11231,664.18
2025-09-29T12:00:00.000,663.31,663.4856,662.935,663.0299,652906,8256,664.16
2025-09-29T12:05:00.000,663.03,663.285,662.94,663.28,404673,5911,664.14
2025-09-29T12:10:00.000,663.29,663.785,663.2701,663.72,1376947,7385,664.13
2025-09-29T12:15:00.000,663.725,663.8,663.045,663.475,632928,6673,664.11
2025-09-29T12:20:00.000,663.48,663.695,663.305,663.655,719047,5021,664.11
2025-09-29T12:25:00.000,663.65,663.7,663.42,663.47,539117,4969,664.1
2025-09-29T12:30:00.000,663.48,663.7,663.47,663.6,228772,4092,664.1
2025-09-29T12:35:00.000,663.6,663.605,663.31,663.38,230309,3748,664.09
2025-09-29T12:40:00.000,663.4,663.61,663.07,663.09,500950,4940,664.08
2025-09-29T12:45:00.000,663.09,663.27,663.0,663.17,478382,5968,664.07
2025-09-29T12:50:00.000,663.15,663.19,662.86,662.89,307399,4625,664.06
2025-09-29T12:55:00.000,662.9,663.1197,662.85,663.04,541366,4593,664.05
2025-09-29T13:00:00.000,663.05,663.0856,662.42,662.565,1281410,9016,664.01
2025-09-29T13:05:00.000,662.57,662.805,662.5478,662.69,434010,6456,663.99
2025-09-29T13:10:00.000,662.7,662.83,662.49,662.5544,395470,5663,663.98
2025-09-29T13:15:00.000,662.55,662.82,662.4,662.7,492721,6933,663.96
2025-09-29T13:20:00.000,662.7,662.7,662.45,662.57,552189,5071,663.94
2025-09-29T13:25:00.000,662.57,662.74,662.4899,662.56,587650,6262,663.92
2025-09-29T13:30:00.000,662.57,662.62,662.19,662.4499,745174,9823,663.89
2025-09-29T13:35:00.000,662.44,662.54,662.33,662.51,369488,5832,663.87
2025-09-29T13:40:00.000,662.51,662.7,662.5,662.57,486844,6795,663.85
2025-09-29T13:45:00.000,662.55,662.77,662.5201,662.6,389445,5943,663.84
2025-09-29T13:50:00.000,662.61,663.09,662.6,663.04,674601,7291,663.82
2025-09-29T13:55:00.000,663.04,663.05,662.84,662.94,756873,5838,663.81
2025-09-29T14:00:00.000,662.94,663.21,662.9,663.13,890934,6619,663.8
2025-09-29T14:05:00.000,663.125,663.24,662.95,662.97,414126,5035,663.79
2025-09-29T14:10:00.000,662.97,663.32,662.91,663.26,595388,5915,663.78
2025-09-29T14:15:00.000,663.25,663.3612,663.1502,663.3,321694,4248,663.77
2025-09-29T14:20:00.000,663.29,663.46,663.23,663.455,405507,4884,663.77
2025-09-29T14:25:00.000,663.46,663.595,663.38,663.46,601028,5433,663.76
2025-09-29T14:30:00.000,663.47,663.58,663.42,663.435,501262,4055,663.76
2025-09-29T14:35:00.000,663.44,663.475,663.2,663.2205,787870,6105,663.75
2025-09-29T14:40:00.000,663.23,663.3,663.06,663.25,750573,5411,663.74
2025-09-29T14:45:00.000,663.25,663.475,663.25,663.37,564763,5147,663.74
2025-09-29T14:50:00.000,663.37,663.375,663.2,663.26,411061,4557,663.74
2025-09-29T14:55:00.000,663.25,663.395,663.2,663.35,606433,5621,663.73
2025-09-29T15:00:00.000,663.345,663.345,662.97,663.15,681330,7077,663.72
2025-09-29T15:05:00.000,663.16,663.18,662.53,662.68,1097812,9985,663.7
2025-09-29T15:10:00.000,662.68,662.91,662.41,662.51,936771,8243,663.68
2025-09-29T15:15:00.000,662.515,662.515,661.86,662.3099,2593334,19639,663.6
2025-09-29T15:20:00.000,662.3,662.65,662.27,662.555,820725,8043,663.58
2025-09-29T15:25:00.000,662.55,662.84,662.52,662.645,787477,8355,663.57
2025-09-29T15:30:00.000,662.64,662.96,662.61,662.9407,740496,8859,663.55
2025-09-29T15:35:00.000,662.95,663.19,662.91,663.145,1429785,10348,663.54
2025-09-29T15:40:00.000,663.145,663.43,663.09,663.26,1231469,11484,663.54
2025-09-29T15:45:00.000,663.26,663.655,663.26,663.56,1887263,15179,663.53
2025-09-29T15:50:00.000,663.56,663.76,663.155,663.17,2611531,23176,663.53
2025-09-29T15:55:00.000,663.16,663.67,663.02,663.61,3899276,32283,663.51
2025-09-29T16:00:00.000,663.61,663.61,663.61,663.61,2661,3,663.51
2025-09-30T09:30:00.000,662.93,663.21,662.39,662.45,1642289,22201,662.87
2025-09-30T09:35:00.000,662.47,662.72,662.22,662.435,1112519,15141,662.71
2025-09-30T09:40:00.000,662.44,663.0844,662.4,663.07,1032558,13666,662.7
2025-09-30T09:45:00.000,663.08,663.28,662.47,662.71,1161020,13020,662.76
2025-09-30T09:50:00.000,662.7,662.77,662.09,662.165,1043253,13065,662.7
2025-09-30T09:55:00.000,662.16,663.13,661.9693,663.08,787337,9239,662.68
2025-09-30T10:00:00.000,663.05,663.5512,663.01,663.23,1053241,17578,662.77
2025-09-30T10:05:00.000,663.245,663.275,662.4,662.46,1041788,12983,662.76
2025-09-30T10:10:00.000,662.43,662.775,662.235,662.688,854010,11306,662.74
2025-09-30T10:15:00.000,662.68,663.37,662.65,662.95,1569688,9675,662.76
2025-09-30T10:20:00.000,662.96,663.3525,662.73,662.86,477864,7373,662.77
2025-09-30T10:25:00.000,662.85,663.0,662.638,662.8571,551767,8034,662.77
2025-09-30T10:30:00.000,662.85,663.28,662.51,662.61,719375,9052,662.78
2025-09-30T10:35:00.000,662.64,662.795,661.72,661.79,869155,11142,662.74
2025-09-30T10:40:00.000,661.77,662.45,661.691,662.37,723636,9554,662.71
2025-09-30T10:45:00.000,662.36,663.29,662.36,663.1507,805427,9860,662.72
2025-09-30T10:50:00.000,663.14,663.21,662.74,662.85,536810,7295,662.73
2025-09-30T10:55:00.000,662.84,663.38,662.8244,663.22,608101,8540,662.74
2025-09-30T11:00:00.000,663.22,663.63,663.13,663.5,566494,7409,662.76
2025-09-30T11:05:00.000,663.51,663.62,663.14,663.405,606790,5971,662.78
2025-09-30T11:10:00.000,663.42,663.4601,662.8312,662.855,401437,6361,662.78
2025-09-30T11:15:00.000,662.85,662.95,662.38,662.5,407061,5994,662.78
2025-09-30T11:20:00.000,662.48,662.62,662.12,662.37,888347,11140,662.76
2025-09-30T11:25:00.000,662.38,662.44,661.61,662.225,938137,10975,662.73
2025-09-30T11:30:00.000,662.23,662.68,662.15,662.575,710251,9369,662.72
2025-09-30T11:35:00.000,662.59,662.595,661.98,662.0,623700,7967,662.71
2025-09-30T11:40:00.000,662.02,662.2,661.89,662.06,510712,6682,662.69
2025-09-30T11:45:00.000,662.07,662.715,662.01,662.698,372210,5674,662.68
2025-09-30T11:50:00.000,662.695,662.99,662.56,662.89,614541,6633,662.69
2025-09-30T11:55:00.000,662.88,663.16,662.5,663.0,440643,6333,662.69
2025-09-30T12:00:00.000,662.99,663.16,662.82,662.85,346331,5425,662.69
2025-09-30T12:05:00.000,662.86,663.1,662.59,662.8244,782792,5874,662.7
2025-09-30T12:10:00.000,662.81,662.855,662.6,662.8,900499,4722,662.7
2025-09-30T12:15:00.000,662.795,663.28,662.725,663.275,283628,4880,662.7
2025-09-30T12:20:00.000,663.27,664.0527,663.26,663.43,919522,10661,662.74
2025-09-30T12:25:00.000,663.44,663.58,663.2,663.405,455811,4812,662.75
2025-09-30T12:30:00.000,663.41,663.645,663.36,663.39,274328,4037,662.75
2025-09-30T12:35:00.000,663.4,663.56,663.27,663.46,427370,3843,662.76
2025-09-30T12:40:00.000,663.4651,663.665,663.26,663.665,261911,4107,662.77
2025-09-30T12:45:00.000,663.64,663.665,663.07,663.205,379015,4839,662.78
2025-09-30T12:50:00.000,663.22,663.365,662.9801,663.07,318489,4134,662.78
2025-09-30T12:55:00.000,663.08,663.1449,662.615,662.819,434577,5899,662.78
2025-09-30T13:00:00.000,662.81,662.91,662.5715,662.63,414932,5788,662.78
2025-09-30T13:05:00.000,662.6201,662.78,662.49,662.63,336715,4798,662.78
2025-09-30T13:10:00.000,662.64,662.685,662.09,662.41,579299,7966,662.77
2025-09-30T13:15:00.000,662.3999,662.6,662.2794,662.4599,466601,6091,662.76
2025-09-30T13:20:00.000,662.45,662.46,661.98,662.0339,512001,6440,662.75
2025-09-30T13:25:00.000,662.03,662.1983,661.78,662.13,746087,9504,662.73
2025-09-30T13:30:00.000,662.12,662.2,661.812,662.17,686192,10160,662.72
2025-09-30T13:35:00.000,662.165,662.33,661.86,662.1,433002,6617,662.71
2025-09-30T13:40:00.000,662.1,662.39,662.08,662.22,394442,6058,662.71
2025-09-30T13:45:00.000,662.21,662.71,662.2,662.71,345604,5241,662.7
2025-09-30T13:50:00.000,662.71,663.085,662.71,663.02,677048,7492,662.71
2025-09-30T13:55:00.000,663.0273,663.07,662.39,662.53,382658,5091,662.71
2025-09-30T14:00:00.000,662.51,662.6751,662.425,662.575,386727,4749,662.71
2025-09-30T14:05:00.000,662.57,663.2209,662.56,663.1751,916240,8045,662.71
2025-09-30T14:10:00.000,663.179,663.79,663.179,663.69,1045436,10394,662.74
2025-09-30T14:15:00.000,663.7,664.015,663.46,663.68,1089109,11121,662.77
2025-09-30T14:20:00.000,663.68,663.915,663.5024,663.815,766591,7393,662.79
2025-09-30T14:25:00.000,663.81,664.03,663.7601,663.88,467571,6120,662.8
2025-09-30T14:30:00.000,663.87,663.975,663.6,663.74,369847,5055,662.81
2025-09-30T14:35:00.000,663.72,664.02,663.695,663.97,438752,5689,662.82
2025-09-30T14:40:00.000,663.97,664.33,663.935,664.28,780424,7962,662.85
2025-09-30T14:45:00.000,664.27,664.5799,664.16,664.55,643489,7738,662.87
2025-09-30T14:50:00.000,664.55,664.63,664.32,664.44,536094,6493,662.89
2025-09-30T14:55:00.000,664.43,664.62,664.335,664.422,601511,6931,662.92
2025-09-30T15:00:00.000,664.42,664.78,664.405,664.4675,752537,9106,662.95
2025-09-30T15:05:00.000,664.46,664.83,664.36,664.72,1824112,8675,662.98
2025-09-30T15:10:00.000,664.72,664.8578,664.62,664.64,894510,8727,663.01
2025-09-30T15:15:00.000,664.64,664.79,664.4707,664.785,752296,7616,663.04
2025-09-30T15:20:00.000,664.785,665.27,664.785,665.2,1056503,10994,663.09
2025-09-30T15:25:00.000,665.2,665.51,665.15,665.37,1231419,12475,663.15
2025-09-30T15:30:00.000,665.38,665.715,665.34,665.5,814332,9524,663.2
2025-09-30T15:35:00.000,665.5,665.59,665.26,665.41,1203065,11994,663.26
2025-09-30T15:40:00.000,665.4,665.41,664.85,665.015,1850146,15109,663.31
2025-09-30T15:45:00.000,665.01,665.98,664.995,665.95,2777991,25868,663.43
2025-09-30T15:50:00.000,665.95,666.61,665.51,666.41,4131015,36327,663.65
2025-09-30T15:55:00.000,666.4,666.65,665.97,666.11,8104927,50928,664.02
2025-09-30T16:00:00.000,666.09,666.09,666.09,666.09,300,1,664.02
