timestamp,open,high,low,close,volume,count,vwap
2023-06-01T09:30:00.000,418.09,418.28,417.18,417.22,1736986,16428,417.64
2023-06-01T09:35:00.000,417.22,417.67,417.03,417.66,1517031,12912,417.49
2023-06-01T09:40:00.000,417.66,417.68,417.12,417.32,955164,9772,417.47
2023-06-01T09:45:00.000,417.32,417.34,416.92,417.18,1012972,10745,417.41
2023-06-01T09:50:00.000,417.18,417.31,416.79,417.0792,1128872,11555,417.35
2023-06-01T09:55:00.000,417.07,417.39,416.87,417.2,1043424,11301,417.32
2023-06-01T10:00:00.000,417.27,418.08,417.21,417.865,1408491,14537,417.36
2023-06-01T10:05:00.000,417.87,418.2847,417.8492,418.07,1010232,9814,417.44
2023-06-01T10:10:00.000,418.1,418.56,418.03,418.52,974940,9971,417.51
2023-06-01T10:15:00.000,418.515,418.75,417.88,418.01,1791915,14881,417.62
2023-06-01T10:20:00.000,418.01,418.07,417.51,417.6075,778921,8945,417.63
2023-06-01T10:25:00.000,417.6192,418.11,417.4101,418.01,1192019,8984,417.64
2023-06-01T10:30:00.000,418.01,418.16,417.87,418.05,792088,6185,417.65
2023-06-01T10:35:00.000,418.08,418.48,417.99,418.415,544594,5260,417.67
2023-06-01T10:40:00.000,418.41,419.28,418.3597,419.2,1557626,13095,417.8
2023-06-01T10:45:00.000,419.19,419.75,418.98,419.27,1975640,15756,417.97
2023-06-01T10:50:00.000,419.3,419.52,419.225,419.465,745456,7331,418.02
2023-06-01T10:55:00.000,419.47,419.56,419.265,419.37,964296,8575,418.09
2023-06-01T11:00:00.000,419.38,419.51,419.18,419.42,667265,6500,418.13
2023-06-01T11:05:00.000,419.43,419.59,419.2665,419.34,558333,5264,418.16
2023-06-01T11:10:00.000,419.33,419.9,419.25,419.8,1096396,8656,418.23
2023-06-01T11:15:00.000,419.81,420.31,419.81,419.93,1438682,11513,418.35
2023-06-01T11:20:00.000,419.93,420.11,419.69,420.1,985135,7623,418.41
2023-06-01T11:25:00.000,420.1018,420.31,419.97,420.17,755360,6791,418.46
2023-06-01T11:30:00.000,420.18,420.5,420.09,420.36,889364,7716,418.52
2023-06-01T11:35:00.000,420.37,420.58,420.18,420.2384,818463,7052,418.57
2023-06-01T11:40:00.000,420.23,420.71,420.205,420.54,875282,8352,418.63
2023-06-01T11:45:00.000,420.55,420.83,420.51,420.7913,690703,6065,418.68
2023-06-01T11:50:00.000,420.8,421.06,420.71,420.87,1065631,9299,418.76
2023-06-01T11:55:00.000,420.8899,421.0942,420.78,421.055,942820,8360,418.82
2023-06-01T12:00:00.000,421.06,421.51,421.06,421.23,1360087,10824,418.92
2023-06-01T12:05:00.000,421.23,421.35,421.09,421.26,1368145,9632,419.02
2023-06-01T12:10:00.000,421.2523,421.4,421.16,421.3,1028324,6871,419.07
2023-06-01T12:15:00.000,421.31,421.56,421.14,421.5,624114,6025,419.11
2023-06-01T12:20:00.000,421.51,421.845,421.451,421.655,1211142,9615,419.2
2023-06-01T12:25:00.000,421.65,421.74,421.58,421.74,542647,5053,419.23
2023-06-01T12:30:00.000,421.75,421.81,421.54,421.6,1320105,5975,419.28
2023-06-01T12:35:00.000,421.61,421.73,421.54,421.66,583097,4855,419.32
2023-06-01T12:40:00.000,421.67,421.7,421.49,421.51,531906,4900,419.35
2023-06-01T12:45:00.000,421.5099,421.63,421.2625,421.62,831733,5169,419.38
2023-06-01T12:50:00.000,421.63,421.68,421.5,421.64,383911,3810,419.4
2023-06-01T12:55:00.000,421.65,421.77,421.54,421.662,501057,4448,419.43
2023-06-01T13:00:00.000,421.67,421.77,421.51,421.57,476402,4090,419.45
2023-06-01T13:05:00.000,421.575,421.77,421.46,421.47,665722,4011,419.47
2023-06-01T13:10:00.000,421.47,421.76,421.42,421.7565,374752,3889,419.49
2023-06-01T13:15:00.000,421.7599,421.76,421.5631,421.635,331791,3334,419.51
2023-06-01T13:20:00.000,421.62,421.9399,421.35,421.505,773989,7714,419.54
2023-06-01T13:25:00.000,421.51,421.56,421.27,421.5,671436,6016,419.57
2023-06-01T13:30:00.000,421.5,421.55,421.31,421.4791,504850,5030,419.59
2023-06-01T13:35:00.000,421.48,421.575,421.3896,421.47,486838,4768,419.61
2023-06-01T13:40:00.000,421.4699,421.59,421.33,421.565,411083,4214,419.63
2023-06-01T13:45:00.000,421.57,421.845,421.55,421.84,300177,3354,419.64
2023-06-01T13:50:00.000,421.845,422.02,421.76,421.985,394050,4398,419.66
2023-06-01T13:55:00.000,421.98,422.08,421.79,422.08,410476,4462,419.68
2023-06-01T14:00:00.000,422.08,422.105,421.73,421.9495,707316,6360,419.72
2023-06-01T14:05:00.000,421.945,422.22,421.91,422.16,568779,5688,419.74
2023-06-01T14:10:00.000,422.15,422.17,421.96,422.01,332990,3657,419.76
2023-06-01T14:15:00.000,422.02,422.195,421.83,421.9,532743,5078,419.78
2023-06-01T14:20:00.000,421.9,422.125,421.89,422.06,398495,4222,419.8
2023-06-01T14:25:00.000,422.07,422.16,421.96,422.04,338719,3564,419.82
2023-06-01T14:30:00.000,422.045,422.09,421.88,421.8804,672554,4430,419.84
2023-06-01T14:35:00.000,421.89,422.0809,421.795,421.88,782637,5096,419.86
2023-06-01T14:40:00.000,421.88,422.05,421.84,421.98,410031,4500,419.88
2023-06-01T14:45:00.000,421.99,422.14,421.91,422.1,310395,3337,419.89
2023-06-01T14:50:00.000,422.105,422.4292,421.67,422.315,719996,6438,419.92
2023-06-01T14:55:00.000,422.315,422.5,422.22,422.43,1130546,6174,419.95
2023-06-01T15:00:00.000,422.432,422.81,422.39,422.81,1920550,9564,420.01
2023-06-01T15:05:00.000,422.805,422.9,422.65,422.685,1037830,8419,420.06
2023-06-01T15:10:00.000,422.68,422.83,422.61,422.825,1685757,7550,420.1
2023-06-01T15:15:00.000,422.83,422.92,422.59,422.6,864935,7423,420.14
2023-06-01T15:20:00.000,422.6,422.69,422.23,422.245,1181394,8612,420.18
2023-06-01T15:25:00.000,422.24,422.32,421.79,421.9,1673704,9630,420.23
2023-06-01T15:30:00.000,421.895,421.98,421.25,421.38,2234136,17515,420.28
2023-06-01T15:35:00.000,421.38,421.4,420.89,421.0099,2064594,16112,420.31
2023-06-01T15:40:00.000,421.0,421.33,420.87,421.25,1967412,15568,420.33
2023-06-01T15:45:00.000,421.24,421.76,421.18,421.74,1719320,12724,420.36
2023-06-01T15:50:00.000,421.73,421.74,421.13,421.41,3025722,19829,420.4
2023-06-01T15:55:00.000,421.43,421.84,421.355,421.81,4351626,24054,420.48
2023-06-01T16:00:00.000,421.81,421.81,421.81,421.81,125,2,420.48
2023-06-02T09:30:00.000,424.5,425.64,424.44,425.6,2529165,21417,425.14
2023-06-02T09:35:00.000,425.61,425.9,425.61,425.83,1582329,13793,425.38
2023-06-02T09:40:00.000,425.84,426.375,425.835,426.02,1516871,14818,425.59
2023-06-02T09:45:00.000,426.02,426.16,425.11,425.39,1889750,17254,425.59
2023-06-02T09:50:00.000,425.38,425.62,425.14,425.35,1414370,13848,425.55
2023-06-02T09:55:00.000,425.365,425.46,424.3,424.37,1510667,15506,425.46
2023-06-02T10:00:00.000,424.365,424.815,423.95,424.725,1521113,14330,425.32
2023-06-02T10:05:00.000,424.72,425.12,424.6301,424.78,1569824,11390,425.28
2023-06-02T10:10:00.000,424.77,425.79,424.73,425.65,1036580,9966,425.29
2023-06-02T10:15:00.000,425.64,425.83,425.07,425.31,1153511,10461,425.31
2023-06-02T10:20:00.000,425.34,425.64,424.915,424.9512,1124154,10294,425.29
2023-06-02T10:25:00.000,424.95,425.615,424.77,425.51,1532553,10317,425.29
2023-06-02T10:30:00.000,425.51,425.66,425.14,425.4201,898760,8529,425.29
2023-06-02T10:35:00.000,425.43,426.07,425.3601,425.9801,1074245,8369,425.31
2023-06-02T10:40:00.000,425.99,426.29,425.7599,426.2401,950963,9413,425.34
2023-06-02T10:45:00.000,426.26,426.74,426.22,426.505,1131675,10446,425.4
2023-06-02T10:50:00.000,426.515,426.68,426.24,426.565,838413,8526,425.44
2023-06-02T10:55:00.000,426.56,426.9,426.515,426.83,918751,8248,425.49
2023-06-02T11:00:00.000,426.835,427.62,426.835,427.48,2205553,16609,425.64
2023-06-02T11:05:00.000,427.48,427.52,426.98,427.16,1232206,11305,425.71
2023-06-02T11:10:00.000,427.17,427.43,427.17,427.21,733896,6948,425.75
2023-06-02T11:15:00.000,427.21,427.44,427.2,427.3,571109,6014,425.78
2023-06-02T11:20:00.000,427.32,427.66,427.32,427.47,706010,7199,425.82
2023-06-02T11:25:00.000,427.45,427.69,427.37,427.545,959952,8020,425.88
2023-06-02T11:30:00.000,427.56,427.69,427.33,427.41,1309485,11139,425.95
2023-06-02T11:35:00.000,427.4,427.42,426.98,427.05,794294,8273,425.98
2023-06-02T11:40:00.000,427.045,427.325,427.02,427.24,592782,6006,426.01
2023-06-02T11:45:00.000,427.24,427.25,426.88,426.97,1126092,6747,426.03
2023-06-02T11:50:00.000,426.97,427.19,426.76,427.1699,796351,7586,426.05
2023-06-02T11:55:00.000,427.16,427.545,427.13,427.44,1086348,10307,426.09
2023-06-02T12:00:00.000,427.45,427.56,427.17,427.225,444829,5348,426.1
2023-06-02T12:05:00.000,427.225,427.5,427.2,427.305,596668,6338,426.12
2023-06-02T12:10:00.000,427.32,427.41,427.04,427.145,630839,6259,426.14
2023-06-02T12:15:00.000,427.14,427.14,426.9301,427.0725,526785,5938,426.15
2023-06-02T12:20:00.000,427.07,427.33,427.03,427.26,455281,5297,426.17
2023-06-02T12:25:00.000,427.27,427.45,427.23,427.44,396197,4563,426.18
2023-06-02T12:30:00.000,427.46,427.585,427.29,427.525,426020,4913,426.19
2023-06-02T12:35:00.000,427.525,427.695,427.4999,427.6492,608980,4263,426.2
2023-06-02T12:40:00.000,427.65,427.73,427.44,427.67,507597,5669,426.22
2023-06-02T12:45:00.000,427.68,428.09,427.67,427.89,750335,7523,426.25
2023-06-02T12:50:00.000,427.88,428.0499,427.87,428.0175,363531,4061,426.27
2023-06-02T12:55:00.000,428.02,428.14,427.92,428.015,1182977,5355,426.29
2023-06-02T13:00:00.000,428.02,428.05,427.75,427.89,466580,5211,426.31
2023-06-02T13:05:00.000,427.89,428.1801,427.88,428.06,669581,5280,426.32
2023-06-02T13:10:00.000,428.055,428.06,427.67,427.82,638330,6400,426.34
2023-06-02T13:15:00.000,427.8218,428.08,427.7701,427.99,470631,4997,426.36
2023-06-02T13:20:00.000,427.99,428.3699,427.99,428.2618,970330,6780,426.39
2023-06-02T13:25:00.000,428.26,428.385,428.16,428.26,458944,5223,426.41
2023-06-02T13:30:00.000,428.27,428.34,427.97,428.05,882663,7465,426.43
2023-06-02T13:35:00.000,428.05,428.1,427.88,428.02,871112,4376,426.44
2023-06-02T13:40:00.000,428.025,428.05,427.78,427.9,631314,6497,426.46
2023-06-02T13:45:00.000,427.9,428.06,427.715,427.99,504076,5578,426.48
2023-06-02T13:50:00.000,428.0,428.07,427.89,428.02,374610,4853,426.49
2023-06-02T13:55:00.000,428.02,428.18,427.92,428.14,524447,5861,426.51
2023-06-02T14:00:00.000,428.145,428.28,428.02,428.1,499883,5386,426.52
2023-06-02T14:05:00.000,428.09,428.09,427.47,427.73,1028322,8770,426.55
2023-06-02T14:10:00.000,427.725,427.78,427.54,427.54,542089,4871,426.56
2023-06-02T14:15:00.000,427.545,427.72,427.51,427.68,486882,4975,426.57
2023-06-02T14:20:00.000,427.66,428.06,427.64,428.0,576528,5066,426.59
2023-06-02T14:25:00.000,428.0,428.0667,427.8,427.9224,939099,5169,426.6
2023-06-02T14:30:00.000,427.925,428.23,427.88,428.0739,709054,5859,426.62
2023-06-02T14:35:00.000,428.08,428.27,428.0,428.2,409090,4926,426.63
2023-06-02T14:40:00.000,428.22,428.29,428.12,428.265,339765,4109,426.64
2023-06-02T14:45:00.000,428.27,428.44,428.24,428.338,403045,4594,426.65
2023-06-02T14:50:00.000,428.34,428.41,428.195,428.21,637894,5692,426.67
2023-06-02T14:55:00.000,428.21,428.34,428.06,428.332,710025,6133,426.69
2023-06-02T15:00:00.000,428.34,428.66,428.335,428.59,722417,6435,426.72
2023-06-02T15:05:00.000,428.5999,428.74,428.34,428.3701,773544,7460,426.74
2023-06-02T15:10:00.000,428.38,428.53,428.23,428.46,699258,6832,426.76
2023-06-02T15:15:00.000,428.49,428.665,428.47,428.6,551620,5650,426.78
2023-06-02T15:20:00.000,428.61,428.61,428.3,428.335,891331,7938,426.81
2023-06-02T15:25:00.000,428.33,428.335,428.05,428.095,1198355,7637,426.83
2023-06-02T15:30:00.000,428.095,428.24,427.93,428.105,1185984,9514,426.86
2023-06-02T15:35:00.000,428.11,428.31,428.09,428.21,918510,7045,426.88
2023-06-02T15:40:00.000,428.2,428.4,428.01,428.09,1356075,10386,426.9
2023-06-02T15:45:00.000,428.09,428.39,427.97,428.21,1748583,14450,426.94
2023-06-02T15:50:00.000,428.21,428.26,427.92,428.1812,3570775,19562,426.99
2023-06-02T15:55:00.000,428.18,428.22,427.71,427.91,8139610,32222,427.09
2023-06-02T16:00:00.000,427.9,427.9,427.9,427.9,483,1,427.09
2023-06-03T09:30:00.000,0.0,0.0,0.0,0.0,0,0,0.0
2023-06-03T09:35:00.000,0.0,0.0,0.0,0.0,0,0,0.0
2023-06-03T09:40:00.000,0.0,0.0,0.0,0.0,0,0,0.0
2023-06-03T09:45:00.000,0.0,0.0,0.0,0.0,0,0,0.0
2023-06-03T09:50:00.000,0.0,0.0,0.0,0.0,0,0,0.0
2023-06-03T09:55:00.000,0.0,0.0,0.0,0.0,0,0,0.0
2023-06-03T10:00:00.000,0.0,0.0,0.0,0.0,0,0,0.0
2023-06-03T10:05:00.000,0.0,0.0,0.0,0.0,0,0,0.0
2023-06-03T10:10:00.000,0.0,0.0,0.0,0.0,0,0,0.0
2023-06-03T10:15:00.000,0.0,0.0,0.0,0.0,0,0,0.0
2023-06-03T10:20:00.000,0.0,0.0,0.0,0.0,0,0,0.0
2023-06-03T10:25:00.000,0.0,0.0,0.0,0.0,0,0,0.0
2023-06-03T10:30:00.000,0.0,0.0,0.0,0.0,0,0,0.0
2023-06-03T10:35:00.000,0.0,0.0,0.0,0.0,0,0,0.0
2023-06-03T10:40:00.000,0.0,0.0,0.0,0.0,0,0,0.0
2023-06-03T10:45:00.000,0.0,0.0,0.0,0.0,0,0,0.0
2023-06-03T10:50:00.000,0.0,0.0,0.0,0.0,0,0,0.0
2023-06-03T10:55:00.000,0.0,0.0,0.0,0.0,0,0,0.0
2023-06-03T11:00:00.000,0.0,0.0,0.0,0.0,0,0,0.0
2023-06-03T11:05:00.000,0.0,0.0,0.0,0.0,0,0,0.0
2023-06-03T11:10:00.000,0.0,0.0,0.0,0.0,0,0,0.0
2023-06-03T11:15:00.000,0.0,0.0,0.0,0.0,0,0,0.0
2023-06-03T11:20:00.000,0.0,0.0,0.0,0.0,0,0,0.0
2023-06-03T11:25:00.000,0.0,0.0,0.0,0.0,0,0,0.0
2023-06-03T11:30:00.000,0.0,0.0,0.0,0.0,0,0,0.0
2023-06-03T11:35:00.000,0.0,0.0,0.0,0.0,0,0,0.0
2023-06-03T11:40:00.000,0.0,0.0,0.0,0.0,0,0,0.0
2023-06-03T11:45:00.000,0.0,0.0,0.0,0.0,0,0,0.0
2023-06-03T11:50:00.000,0.0,0.0,0.0,0.0,0,0,0.0
2023-06-03T11:55:00.000,0.0,0.0,0.0,0.0,0,0,0.0
2023-06-03T12:00:00.000,0.0,0.0,0.0,0.0,0,0,0.0
2023-06-03T12:05:00.000,0.0,0.0,0.0,0.0,0,0,0.0
2023-06-03T12:10:00.000,0.0,0.0,0.0,0.0,0,0,0.0
2023-06-03T12:15:00.000,0.0,0.0,0.0,0.0,0,0,0.0
2023-06-03T12:20:00.000,0.0,0.0,0.0,0.0,0,0,0.0
2023-06-03T12:25:00.000,0.0,0.0,0.0,0.0,0,0,0.0
2023-06-03T12:30:00.000,0.0,0.0,0.0,0.0,0,0,0.0
2023-06-03T12:35:00.000,0.0,0.0,0.0,0.0,0,0,0.0
2023-06-03T12:40:00.000,0.0,0.0,0.0,0.0,0,0,0.0
2023-06-03T12:45:00.000,0.0,0.0,0.0,0.0,0,0,0.0
2023-06-03T12:50:00.000,0.0,0.0,0.0,0.0,0,0,0.0
2023-06-03T12:55:00.000,0.0,0.0,0.0,0.0,0,0,0.0
2023-06-03T13:00:00.000,0.0,0.0,0.0,0.0,0,0,0.0
2023-06-03T13:05:00.000,0.0,0.0,0.0,0.0,0,0,0.0
2023-06-03T13:10:00.000,0.0,0.0,0.0,0.0,0,0,0.0
2023-06-03T13:15:00.000,0.0,0.0,0.0,0.0,0,0,0.0
2023-06-03T13:20:00.000,0.0,0.0,0.0,0.0,0,0,0.0
2023-06-03T13:25:00.000,0.0,0.0,0.0,0.0,0,0,0.0
2023-06-03T13:30:00.000,0.0,0.0,0.0,0.0,0,0,0.0
2023-06-03T13:35:00.000,0.0,0.0,0.0,0.0,0,0,0.0
2023-06-03T13:40:00.000,0.0,0.0,0.0,0.0,0,0,0.0
2023-06-03T13:45:00.000,0.0,0.0,0.0,0.0,0,0,0.0
2023-06-03T13:50:00.000,0.0,0.0,0.0,0.0,0,0,0.0
2023-06-03T13:55:00.000,0.0,0.0,0.0,0.0,0,0,0.0
2023-06-03T14:00:00.000,0.0,0.0,0.0,0.0,0,0,0.0
2023-06-03T14:05:00.000,0.0,0.0,0.0,0.0,0,0,0.0
2023-06-03T14:10:00.000,0.0,0.0,0.0,0.0,0,0,0.0
2023-06-03T14:15:00.000,0.0,0.0,0.0,0.0,0,0,0.0
2023-06-03T14:20:00.000,0.0,0.0,0.0,0.0,0,0,0.0
2023-06-03T14:25:00.000,0.0,0.0,0.0,0.0,0,0,0.0
2023-06-03T14:30:00.000,0.0,0.0,0.0,0.0,0,0,0.0
2023-06-03T14:35:00.000,0.0,0.0,0.0,0.0,0,0,0.0
2023-06-03T14:40:00.000,0.0,0.0,0.0,0.0,0,0,0.0
2023-06-03T14:45:00.000,0.0,0.0,0.0,0.0,0,0,0.0
2023-06-03T14:50:00.000,0.0,0.0,0.0,0.0,0,0,0.0
2023-06-03T14:55:00.000,0.0,0.0,0.0,0.0,0,0,0.0
2023-06-03T15:00:00.000,0.0,0.0,0.0,0.0,0,0,0.0
2023-06-03T15:05:00.000,0.0,0.0,0.0,0.0,0,0,0.0
2023-06-03T15:10:00.000,0.0,0.0,0.0,0.0,0,0,0.0
2023-06-03T15:15:00.000,0.0,0.0,0.0,0.0,0,0,0.0
2023-06-03T15:20:00.000,0.0,0.0,0.0,0.0,0,0,0.0
2023-06-03T15:25:00.000,0.0,0.0,0.0,0.0,0,0,0.0
2023-06-03T15:30:00.000,0.0,0.0,0.0,0.0,0,0,0.0
2023-06-03T15:35:00.000,0.0,0.0,0.0,0.0,0,0,0.0
2023-06-03T15:40:00.000,0.0,0.0,0.0,0.0,0,0,0.0
2023-06-03T15:45:00.000,0.0,0.0,0.0,0.0,0,0,0.0
2023-06-03T15:50:00.000,0.0,0.0,0.0,0.0,0,0,0.0
2023-06-03T15:55:00.000,0.0,0.0,0.0,0.0,0,0,0.0
2023-06-03T16:00:00.000,0.0,0.0,0.0,0.0,0,0,0.0
2023-06-04T09:30:00.000,0.0,0.0,0.0,0.0,0,0,0.0
2023-06-04T09:35:00.000,0.0,0.0,0.0,0.0,0,0,0.0
2023-06-04T09:40:00.000,0.0,0.0,0.0,0.0,0,0,0.0
2023-06-04T09:45:00.000,0.0,0.0,0.0,0.0,0,0,0.0
2023-06-04T09:50:00.000,0.0,0.0,0.0,0.0,0,0,0.0
2023-06-04T09:55:00.000,0.0,0.0,0.0,0.0,0,0,0.0
2023-06-04T10:00:00.000,0.0,0.0,0.0,0.0,0,0,0.0
2023-06-04T10:05:00.000,0.0,0.0,0.0,0.0,0,0,0.0
2023-06-04T10:10:00.000,0.0,0.0,0.0,0.0,0,0,0.0
2023-06-04T10:15:00.000,0.0,0.0,0.0,0.0,0,0,0.0
2023-06-04T10:20:00.000,0.0,0.0,0.0,0.0,0,0,0.0
2023-06-04T10:25:00.000,0.0,0.0,0.0,0.0,0,0,0.0
2023-06-04T10:30:00.000,0.0,0.0,0.0,0.0,0,0,0.0
2023-06-04T10:35:00.000,0.0,0.0,0.0,0.0,0,0,0.0
2023-06-04T10:40:00.000,0.0,0.0,0.0,0.0,0,0,0.0
2023-06-04T10:45:00.000,0.0,0.0,0.0,0.0,0,0,0.0
2023-06-04T10:50:00.000,0.0,0.0,0.0,0.0,0,0,0.0
2023-06-04T10:55:00.000,0.0,0.0,0.0,0.0,0,0,0.0
2023-06-04T11:00:00.000,0.0,0.0,0.0,0.0,0,0,0.0
2023-06-04T11:05:00.000,0.0,0.0,0.0,0.0,0,0,0.0
2023-06-04T11:10:00.000,0.0,0.0,0.0,0.0,0,0,0.0
2023-06-04T11:15:00.000,0.0,0.0,0.0,0.0,0,0,0.0
2023-06-04T11:20:00.000,0.0,0.0,0.0,0.0,0,0,0.0
2023-06-04T11:25:00.000,0.0,0.0,0.0,0.0,0,0,0.0
2023-06-04T11:30:00.000,0.0,0.0,0.0,0.0,0,0,0.0
2023-06-04T11:35:00.000,0.0,0.0,0.0,0.0,0,0,0.0
2023-06-04T11:40:00.000,0.0,0.0,0.0,0.0,0,0,0.0
2023-06-04T11:45:00.000,0.0,0.0,0.0,0.0,0,0,0.0
2023-06-04T11:50:00.000,0.0,0.0,0.0,0.0,0,0,0.0
2023-06-04T11:55:00.000,0.0,0.0,0.0,0.0,0,0,0.0
2023-06-04T12:00:00.000,0.0,0.0,0.0,0.0,0,0,0.0
2023-06-04T12:05:00.000,0.0,0.0,0.0,0.0,0,0,0.0
2023-06-04T12:10:00.000,0.0,0.0,0.0,0.0,0,0,0.0
2023-06-04T12:15:00.000,0.0,0.0,0.0,0.0,0,0,0.0
2023-06-04T12:20:00.000,0.0,0.0,0.0,0.0,0,0,0.0
2023-06-04T12:25:00.000,0.0,0.0,0.0,0.0,0,0,0.0
2023-06-04T12:30:00.000,0.0,0.0,0.0,0.0,0,0,0.0
2023-06-04T12:35:00.000,0.0,0.0,0.0,0.0,0,0,0.0
2023-06-04T12:40:00.000,0.0,0.0,0.0,0.0,0,0,0.0
2023-06-04T12:45:00.000,0.0,0.0,0.0,0.0,0,0,0.0
2023-06-04T12:50:00.000,0.0,0.0,0.0,0.0,0,0,0.0
2023-06-04T12:55:00.000,0.0,0.0,0.0,0.0,0,0,0.0
2023-06-04T13:00:00.000,0.0,0.0,0.0,0.0,0,0,0.0
2023-06-04T13:05:00.000,0.0,0.0,0.0,0.0,0,0,0.0
2023-06-04T13:10:00.000,0.0,0.0,0.0,0.0,0,0,0.0
2023-06-04T13:15:00.000,0.0,0.0,0.0,0.0,0,0,0.0
2023-06-04T13:20:00.000,0.0,0.0,0.0,0.0,0,0,0.0
2023-06-04T13:25:00.000,0.0,0.0,0.0,0.0,0,0,0.0
2023-06-04T13:30:00.000,0.0,0.0,0.0,0.0,0,0,0.0
2023-06-04T13:35:00.000,0.0,0.0,0.0,0.0,0,0,0.0
2023-06-04T13:40:00.000,0.0,0.0,0.0,0.0,0,0,0.0
2023-06-04T13:45:00.000,0.0,0.0,0.0,0.0,0,0,0.0
2023-06-04T13:50:00.000,0.0,0.0,0.0,0.0,0,0,0.0
2023-06-04T13:55:00.000,0.0,0.0,0.0,0.0,0,0,0.0
2023-06-04T14:00:00.000,0.0,0.0,0.0,0.0,0,0,0.0
2023-06-04T14:05:00.000,0.0,0.0,0.0,0.0,0,0,0.0
2023-06-04T14:10:00.000,0.0,0.0,0.0,0.0,0,0,0.0
2023-06-04T14:15:00.000,0.0,0.0,0.0,0.0,0,0,0.0
2023-06-04T14:20:00.000,0.0,0.0,0.0,0.0,0,0,0.0
2023-06-04T14:25:00.000,0.0,0.0,0.0,0.0,0,0,0.0
2023-06-04T14:30:00.000,0.0,0.0,0.0,0.0,0,0,0.0
2023-06-04T14:35:00.000,0.0,0.0,0.0,0.0,0,0,0.0
2023-06-04T14:40:00.000,0.0,0.0,0.0,0.0,0,0,0.0
2023-06-04T14:45:00.000,0.0,0.0,0.0,0.0,0,0,0.0
2023-06-04T14:50:00.000,0.0,0.0,0.0,0.0,0,0,0.0
2023-06-04T14:55:00.000,0.0,0.0,0.0,0.0,0,0,0.0
2023-06-04T15:00:00.000,0.0,0.0,0.0,0.0,0,0,0.0
2023-06-04T15:05:00.000,0.0,0.0,0.0,0.0,0,0,0.0
2023-06-04T15:10:00.000,0.0,0.0,0.0,0.0,0,0,0.0
2023-06-04T15:15:00.000,0.0,0.0,0.0,0.0,0,0,0.0
2023-06-04T15:20:00.000,0.0,0.0,0.0,0.0,0,0,0.0
2023-06-04T15:25:00.000,0.0,0.0,0.0,0.0,0,0,0.0
2023-06-04T15:30:00.000,0.0,0.0,0.0,0.0,0,0,0.0
2023-06-04T15:35:00.000,0.0,0.0,0.0,0.0,0,0,0.0
2023-06-04T15:40:00.000,0.0,0.0,0.0,0.0,0,0,0.0
2023-06-04T15:45:00.000,0.0,0.0,0.0,0.0,0,0,0.0
2023-06-04T15:50:00.000,0.0,0.0,0.0,0.0,0,0,0.0
2023-06-04T15:55:00.000,0.0,0.0,0.0,0.0,0,0,0.0
2023-06-04T16:00:00.000,0.0,0.0,0.0,0.0,0,0,0.0
2023-06-05T09:30:00.000,428.3,429.67,428.16,428.61,1219133,14355,428.41
2023-06-05T09:35:00.000,428.61,429.15,428.3952,428.77,996686,8507,428.52
2023-06-05T09:40:00.000,428.77,429.15,428.4599,428.97,492284,5577,428.58
2023-06-05T09:45:00.000,428.99,429.15,428.56,428.83,1049667,6699,428.63
2023-06-05T09:50:00.000,428.78,428.84,428.37,428.38,237259,2737,428.63
2023-06-05T09:55:00.000,428.38,428.55,427.89,428.2799,1012113,11562,428.57
2023-06-05T10:00:00.000,428.26,429.46,428.26,428.64,1086646,10353,428.61
2023-06-05T10:05:00.000,428.65,428.75,427.99,428.17,892285,7376,428.58
2023-06-05T10:10:00.000,428.16,428.49,427.72,427.915,914246,9372,428.51
2023-06-05T10:15:00.000,427.92,428.19,427.63,427.98,1049784,8487,428.44
2023-06-05T10:20:00.000,428.0,428.14,427.67,427.96,636321,7640,428.41
2023-06-05T10:25:00.000,427.97,428.14,427.75,427.88,779201,6762,428.38
2023-06-05T10:30:00.000,427.885,428.335,427.7828,428.26,1276301,9089,428.36
2023-06-05T10:35:00.000,428.25,428.475,428.03,428.1,1102349,8804,428.35
2023-06-05T10:40:00.000,428.11,428.47,428.02,428.445,897636,8075,428.34
2023-06-05T10:45:00.000,428.45,428.81,428.4,428.67,4212214,7181,428.36
2023-06-05T10:50:00.000,428.675,428.9101,428.5299,428.716,1086121,5618,428.38
2023-06-05T10:55:00.000,428.73,428.85,428.381,428.58,1373297,6287,428.39
2023-06-05T11:00:00.000,428.575,428.87,428.45,428.46,484791,4843,428.4
2023-06-05T11:05:00.000,428.47,428.84,428.38,428.84,415754,4555,428.4
2023-06-05T11:10:00.000,428.835,428.86,428.55,428.6,1449229,4951,428.41
2023-06-05T11:15:00.000,428.61,428.76,428.56,428.69,732084,5044,428.42
2023-06-05T11:20:00.000,428.69,428.73,428.42,428.65,375833,4796,428.42
2023-06-05T11:25:00.000,428.66,429.01,428.51,428.9,756607,7527,428.44
2023-06-05T11:30:00.000,428.8801,429.13,428.86,429.0,619716,6692,428.46
2023-06-05T11:35:00.000,429.01,429.03,428.63,428.82,724496,6695,428.48
2023-06-05T11:40:00.000,428.83,429.03,428.69,428.94,408165,4583,428.49
2023-06-05T11:45:00.000,428.94,429.03,428.84,428.995,525959,5226,428.5
2023-06-05T11:50:00.000,428.99,429.13,428.93,429.065,306042,3540,428.51
2023-06-05T11:55:00.000,429.08,429.16,428.81,428.934,508012,4578,428.52
2023-06-05T12:00:00.000,428.95,429.09,428.51,428.5473,456068,5221,428.53
2023-06-05T12:05:00.000,428.555,429.05,428.53,429.05,368635,3881,428.53
2023-06-05T12:10:00.000,429.06,429.37,428.96,429.35,541134,5086,428.55
2023-06-05T12:15:00.000,429.365,429.47,429.26,429.31,484601,4863,428.57
2023-06-05T12:20:00.000,429.31,429.34,429.015,429.1301,584820,4507,428.58
2023-06-05T12:25:00.000,429.1382,429.32,429.01,429.2787,331948,3708,428.59
2023-06-05T12:30:00.000,429.29,429.37,429.2,429.24,262272,3301,428.6
2023-06-05T12:35:00.000,429.24,429.29,429.095,429.21,325476,3445,428.61
2023-06-05T12:40:00.000,429.205,429.35,429.16,429.2999,325623,3753,428.62
2023-06-05T12:45:00.000,429.3,429.465,429.27,429.37,308042,3461,428.63
2023-06-05T12:50:00.000,429.3783,429.55,429.3783,429.43,378565,4408,428.64
2023-06-05T12:55:00.000,429.44,429.5699,429.35,429.5603,317675,3502,428.65
2023-06-05T13:00:00.000,429.56,429.62,429.315,429.3622,690131,6184,428.67
2023-06-05T13:05:00.000,429.37,429.59,429.32,429.5794,576489,4369,428.69
2023-06-05T13:10:00.000,429.575,429.59,429.24,429.2599,425747,4785,428.7
2023-06-05T13:15:00.000,429.255,429.275,428.9106,429.145,709784,6764,428.71
2023-06-05T13:20:00.000,429.14,429.19,428.96,429.0873,334960,3412,428.72
2023-06-05T13:25:00.000,429.08,429.09,428.29,428.5101,817795,7834,428.71
2023-06-05T13:30:00.000,428.545,428.565,428.25,428.4199,827692,8099,428.7
2023-06-05T13:35:00.000,428.41,428.41,428.04,428.29,899318,7895,428.69
2023-06-05T13:40:00.000,428.29,428.37,428.18,428.2192,442081,4594,428.68
2023-06-05T13:45:00.000,428.21,428.46,428.18,428.3113,487992,4879,428.68
2023-06-05T13:50:00.000,428.315,428.33,428.15,428.21,322575,3748,428.67
2023-06-05T13:55:00.000,428.21,428.56,428.06,428.4999,608352,5738,428.66
2023-06-05T14:00:00.000,428.51,428.56,428.295,428.41,476645,4537,428.66
2023-06-05T14:05:00.000,428.41,428.41,427.85,428.1,933228,9231,428.64
2023-06-05T14:10:00.000,428.1,428.1701,427.72,427.9399,655581,6411,428.63
2023-06-05T14:15:00.000,427.94,428.2,427.83,428.1201,537341,5100,428.62
2023-06-05T14:20:00.000,428.125,428.29,427.97,428.1653,540400,5258,428.61
2023-06-05T14:25:00.000,428.1695,428.19,427.68,427.9989,564612,6131,428.6
2023-06-05T14:30:00.000,428.0,428.0699,426.38,426.628,1858599,17948,428.52
2023-06-05T14:35:00.000,426.635,427.22,426.55,426.66,1473271,12805,428.46
2023-06-05T14:40:00.000,426.67,427.18,426.63,427.035,655197,6873,428.43
2023-06-05T14:45:00.000,427.04,427.0594,426.56,426.7208,624449,6366,428.4
2023-06-05T14:50:00.000,426.725,427.42,426.43,427.36,923254,9157,428.37
2023-06-05T14:55:00.000,427.36,427.7,427.33,427.65,912225,7683,428.35
2023-06-05T15:00:00.000,427.66,427.79,426.4622,426.6595,1358758,12434,428.31
2023-06-05T15:05:00.000,426.65,427.01,426.37,426.5,1052669,10241,428.27
2023-06-05T15:10:00.000,426.505,427.3,426.47,427.2301,789117,7821,428.24
2023-06-05T15:15:00.000,427.235,427.33,426.95,427.09,789654,7586,428.22
2023-06-05T15:20:00.000,427.09,427.44,427.05,427.39,532144,5777,428.21
2023-06-05T15:25:00.000,427.4,427.41,427.0,427.1899,1038225,5905,428.2
2023-06-05T15:30:00.000,427.18,427.375,427.07,427.15,775554,7780,428.19
2023-06-05T15:35:00.000,427.14,427.42,426.98,427.3599,811182,7615,428.17
2023-06-05T15:40:00.000,427.35,427.58,427.32,427.45,970194,8948,428.15
2023-06-05T15:45:00.000,427.455,427.5587,427.16,427.52,1332167,10318,428.13
2023-06-05T15:50:00.000,427.53,427.7,427.26,427.27,1623131,12121,428.11
2023-06-05T15:55:00.000,427.26,427.36,427.06,427.1,4575391,21180,428.05
2023-06-05T16:00:00.000,427.08,427.08,427.08,427.08,262,3,428.05
2023-06-06T09:30:00.000,426.67,426.72,426.05,426.2,1537673,12587,426.35
2023-06-06T09:35:00.000,426.19,426.36,425.99,426.235,967493,8902,426.29
2023-06-06T09:40:00.000,426.24,426.6,426.22,426.4599,767705,7431,426.31
2023-06-06T09:45:00.000,426.46,426.79,426.2901,426.75,625404,7006,426.34
2023-06-06T09:50:00.000,426.745,426.8,426.46,426.6,796451,7792,426.39
2023-06-06T09:55:00.000,426.59,426.71,426.43,426.6,388256,5243,426.4
2023-06-06T10:00:00.000,426.6,426.91,426.51,426.59,651896,7197,426.43
2023-06-06T10:05:00.000,426.6,427.35,426.57,427.335,982202,9567,426.52
2023-06-06T10:10:00.000,427.34,427.63,427.15,427.22,1142517,9701,426.64
2023-06-06T10:15:00.000,427.22,427.5,426.955,427.475,633972,6748,426.69
2023-06-06T10:20:00.000,427.49,427.57,427.32,427.4801,1168845,8618,426.76
2023-06-06T10:25:00.000,427.495,427.595,427.37,427.4214,689912,5180,426.8
2023-06-06T10:30:00.000,427.43,427.72,427.41,427.49,655166,5860,426.85
2023-06-06T10:35:00.000,427.49,427.575,427.28,427.34,562861,5258,426.88
2023-06-06T10:40:00.000,427.34,427.63,427.3,427.63,461775,4498,426.9
2023-06-06T10:45:00.000,427.62,428.3393,427.62,428.28,1786102,10557,427.02
2023-06-06T10:50:00.000,428.285,428.445,428.02,428.1,1064256,8215,427.12
2023-06-06T10:55:00.000,428.09,428.11,427.86,428.09,947233,7205,427.17
2023-06-06T11:00:00.000,428.1,428.25,427.91,428.18,577755,5287,427.21
2023-06-06T11:05:00.000,428.17,428.2,427.91,427.975,707885,4727,427.23
2023-06-06T11:10:00.000,427.9784,428.0799,427.78,427.82,381848,3762,427.25
2023-06-06T11:15:00.000,427.84,428.09,427.82,427.95,868042,3910,427.27
2023-06-06T11:20:00.000,427.96,428.03,427.3721,427.4,715276,6117,427.28
2023-06-06T11:25:00.000,427.395,427.56,426.86,427.46,892849,7632,427.28
2023-06-06T11:30:00.000,427.478,427.82,427.42,427.53,429858,4152,427.29
2023-06-06T11:35:00.000,427.53,427.94,427.5,427.8899,417994,3922,427.3
2023-06-06T11:40:00.000,427.885,427.91,427.585,427.79,462039,4399,427.31
2023-06-06T11:45:00.000,427.79,428.28,427.755,428.15,641223,5063,427.33
2023-06-06T11:50:00.000,428.15,428.26,428.01,428.095,412204,3837,427.34
2023-06-06T11:55:00.000,428.088,428.23,428.03,428.15,508606,3620,427.36
2023-06-06T12:00:00.000,428.15,428.45,428.12,428.24,472334,4672,427.38
2023-06-06T12:05:00.000,428.235,428.25,427.69,427.91,570117,5035,427.39
2023-06-06T12:10:00.000,427.92,428.01,427.68,427.72,497462,4339,427.4
2023-06-06T12:15:00.000,427.72,427.8482,427.675,427.8,346265,3535,427.4
2023-06-06T12:20:00.000,427.8,427.8499,427.55,427.62,279380,3058,427.41
2023-06-06T12:25:00.000,427.61,427.91,427.57,427.63,409107,3897,427.41
2023-06-06T12:30:00.000,427.64,427.78,427.6,427.75,242843,2896,427.42
2023-06-06T12:35:00.000,427.745,427.78,427.2251,427.36,428526,4725,427.42
2023-06-06T12:40:00.000,427.37,427.43,426.99,427.28,751363,6779,427.41
2023-06-06T12:45:00.000,427.28,427.38,427.08,427.11,381776,4090,427.41
2023-06-06T12:50:00.000,427.0999,427.37,427.01,427.153,454300,4664,427.4
2023-06-06T12:55:00.000,427.1499,427.22,426.73,426.91,655494,6250,427.39
2023-06-06T13:00:00.000,426.92,427.08,426.87,427.005,426151,3971,427.39
2023-06-06T13:05:00.000,427.0001,427.49,426.94,427.44,556436,4998,427.38
2023-06-06T13:10:00.000,427.45,427.705,427.41,427.685,403211,4634,427.39
2023-06-06T13:15:00.000,427.68,427.86,427.4,427.4801,640498,6178,427.39
2023-06-06T13:20:00.000,427.49,427.505,427.0,427.27,719851,7733,427.39
2023-06-06T13:25:00.000,427.2699,427.28,426.77,427.23,678205,6887,427.38
2023-06-06T13:30:00.000,427.23,427.35,427.01,427.19,568251,5793,427.38
2023-06-06T13:35:00.000,427.19,427.34,427.13,427.22,332988,3400,427.38
2023-06-06T13:40:00.000,427.22,427.28,427.01,427.058,314800,3206,427.37
2023-06-06T13:45:00.000,427.0585,427.24,427.0,427.0199,458765,4197,427.37
2023-06-06T13:50:00.000,427.015,427.17,426.84,426.96,321584,3196,427.36
2023-06-06T13:55:00.000,426.94,426.94,426.565,426.86,753605,6845,427.35
2023-06-06T14:00:00.000,426.87,426.88,426.565,426.72,882550,8034,427.33
2023-06-06T14:05:00.000,426.715,426.95,426.595,426.92,566229,4945,427.32
2023-06-06T14:10:00.000,426.93,427.22,426.85,427.18,570816,5423,427.32
2023-06-06T14:15:00.000,427.18,427.1999,426.9984,427.095,394711,4271,427.31
2023-06-06T14:20:00.000,427.09,427.18,426.88,427.1191,418218,4317,427.31
2023-06-06T14:25:00.000,427.1199,427.43,427.1,427.395,474668,4720,427.31
2023-06-06T14:30:00.000,427.4,427.48,427.27,427.37,310591,3749,427.31
2023-06-06T14:35:00.000,427.3762,427.4199,427.27,427.37,395636,4010,427.31
2023-06-06T14:40:00.000,427.37,427.59,427.33,427.4915,995873,3857,427.31
2023-06-06T14:45:00.000,427.5,427.59,427.43,427.51,252537,3199,427.31
2023-06-06T14:50:00.000,427.515,427.72,427.49,427.61,327511,3905,427.32
2023-06-06T14:55:00.000,427.61,427.755,427.59,427.7,714188,4542,427.32
2023-06-06T15:00:00.000,427.7,427.97,427.7,427.86,937465,6004,427.33
2023-06-06T15:05:00.000,427.865,428.04,427.74,427.9001,580305,5503,427.34
2023-06-06T15:10:00.000,427.9,427.9399,427.75,427.7568,367475,4287,427.34
2023-06-06T15:15:00.000,427.75,428.015,427.7,428.005,842853,5516,427.35
2023-06-06T15:20:00.000,428.005,428.12,427.95,428.12,517761,5596,427.36
2023-06-06T15:25:00.000,428.12,428.19,427.935,428.11,664698,7008,427.37
2023-06-06T15:30:00.000,428.12,428.24,428.03,428.14,835484,6467,427.38
2023-06-06T15:35:00.000,428.14,428.19,427.62,427.74,991540,9623,427.39
2023-06-06T15:40:00.000,427.745,428.085,427.48,428.02,1539995,11981,427.4
2023-06-06T15:45:00.000,428.02,428.125,427.9001,428.03,2095249,12335,427.43
2023-06-06T15:50:00.000,428.01,428.28,427.99,428.245,2125704,15988,427.46
2023-06-06T15:55:00.000,428.25,428.5772,428.01,428.04,3920853,26500,427.53
2023-06-06T16:00:00.000,428.04,428.04,428.04,428.04,262,1,427.53
2023-06-07T09:30:00.000,428.44,429.07,428.34,429.05,1516016,14216,428.69
2023-06-07T09:35:00.000,429.05,429.4579,428.72,429.27,1137603,11180,428.86
2023-06-07T09:40:00.000,429.28,429.59,429.21,429.49,1498157,12500,429.05
2023-06-07T09:45:00.000,429.495,429.54,429.19,429.29,850688,8952,429.1
2023-06-07T09:50:00.000,429.29,429.62,429.01,429.01,1535310,9308,429.14
2023-06-07T09:55:00.000,429.015,429.31,428.87,429.29,862038,8744,429.14
2023-06-07T10:00:00.000,429.295,429.4,428.4,428.84,1442190,13888,429.1
2023-06-07T10:05:00.000,428.8593,429.05,428.67,428.795,1028634,9809,429.07
2023-06-07T10:10:00.000,428.81,429.07,428.62,428.66,739216,7456,429.06
2023-06-07T10:15:00.000,428.66,428.84,428.3,428.5699,1030340,9337,429.01
2023-06-07T10:20:00.000,428.56,428.69,428.1,428.18,1073364,9834,428.96
2023-06-07T10:25:00.000,428.17,428.46,427.96,428.385,1088165,9989,428.89
2023-06-07T10:30:00.000,428.38,428.658,428.05,428.1,684504,6672,428.87
2023-06-07T10:35:00.000,428.1,428.1,427.59,427.9,1246873,11731,428.78
2023-06-07T10:40:00.000,427.91,427.91,427.36,427.46,1063929,9974,428.7
2023-06-07T10:45:00.000,427.46,427.78,427.368,427.45,1059805,8806,428.63
2023-06-07T10:50:00.000,427.45,427.5976,427.03,427.3,1470466,8993,428.56
2023-06-07T10:55:00.000,427.31,427.73,427.21,427.67,1258533,8681,428.5
2023-06-07T11:00:00.000,427.67,427.92,427.49,427.85,667011,6680,428.47
2023-06-07T11:05:00.000,427.85,427.93,427.59,427.7923,467451,4712,428.46
2023-06-07T11:10:00.000,427.8,427.807,427.43,427.71,716603,6495,428.43
2023-06-07T11:15:00.000,427.72,427.73,427.27,427.4751,650765,6579,428.4
2023-06-07T11:20:00.000,427.47,427.67,427.3,427.45,630886,6382,428.37
2023-06-07T11:25:00.000,427.42,427.85,427.37,427.7491,477093,5123,428.36
2023-06-07T11:30:00.000,427.76,428.2,427.73,428.09,1308052,8105,428.34
2023-06-07T11:35:00.000,428.08,428.13,427.605,427.75,437989,4565,428.33
2023-06-07T11:40:00.000,427.76,427.78,427.305,427.3201,1923162,4473,428.32
2023-06-07T11:45:00.000,427.32,427.73,427.32,427.68,390020,4082,428.31
2023-06-07T11:50:00.000,427.69,427.71,426.88,427.21,802563,7859,428.27
2023-06-07T11:55:00.000,427.2,427.21,426.8,426.895,652322,6275,428.24
2023-06-07T12:00:00.000,426.91,427.37,426.84,427.33,664339,5624,428.22
2023-06-07T12:05:00.000,427.35,427.43,427.18,427.34,483228,4293,428.2
2023-06-07T12:10:00.000,427.34,427.39,427.05,427.1692,412421,4172,428.18
2023-06-07T12:15:00.000,427.17,427.2645,427.0505,427.0799,504372,4704,428.17
2023-06-07T12:20:00.000,427.075,427.16,426.78,426.91,622335,6040,428.14
2023-06-07T12:25:00.000,426.91,426.93,426.655,426.86,1156085,7335,428.1
2023-06-07T12:30:00.000,426.87,427.36,426.86,427.2729,536314,5482,428.09
2023-06-07T12:35:00.000,427.28,427.39,427.14,427.3,1121474,3764,428.08
2023-06-07T12:40:00.000,427.29,427.51,427.22,427.49,369139,4351,428.07
2023-06-07T12:45:00.000,427.49,427.55,427.1822,427.22,732586,4397,428.06
2023-06-07T12:50:00.000,427.22,427.31,426.72,426.7799,549302,5640,428.04
2023-06-07T12:55:00.000,426.78,426.94,426.65,426.88,481312,4672,428.02
2023-06-07T13:00:00.000,426.89,426.9475,426.65,426.681,420067,4065,428.01
2023-06-07T13:05:00.000,426.68,427.03,426.44,427.0299,1214060,8574,427.97
2023-06-07T13:10:00.000,427.01,427.2001,426.56,426.63,785314,6940,427.95
2023-06-07T13:15:00.000,426.62,426.85,426.34,426.3988,590754,5445,427.92
2023-06-07T13:20:00.000,426.4,426.5599,426.14,426.44,630591,5989,427.9
2023-06-07T13:25:00.000,426.415,426.83,426.33,426.56,551112,5279,427.88
2023-06-07T13:30:00.000,426.565,426.65,426.19,426.27,753612,7328,427.85
2023-06-07T13:35:00.000,426.28,426.41,426.11,426.15,703751,5962,427.82
2023-06-07T13:40:00.000,426.16,426.535,426.13,426.515,569352,4992,427.79
2023-06-07T13:45:00.000,426.52,426.71,426.28,426.35,666502,5455,427.77
2023-06-07T13:50:00.000,426.32,426.54,426.22,426.46,630084,5072,427.75
2023-06-07T13:55:00.000,426.47,426.85,426.47,426.715,821622,5516,427.73
2023-06-07T14:00:00.000,426.71,427.01,426.695,426.96,548156,5293,427.72
2023-06-07T14:05:00.000,426.95,427.13,426.95,427.0485,436492,4382,427.72
2023-06-07T14:10:00.000,427.06,427.105,426.58,426.9588,629735,6001,427.7
2023-06-07T14:15:00.000,426.95,427.18,426.92,427.17,543465,5144,427.69
2023-06-07T14:20:00.000,427.1717,427.395,426.9405,427.1517,738936,5853,427.69
2023-06-07T14:25:00.000,427.168,427.2,426.805,427.0082,665276,3581,427.68
2023-06-07T14:30:00.000,427.005,427.055,426.6,426.61,507389,5022,427.67
2023-06-07T14:35:00.000,426.6,426.83,426.28,426.75,753411,6763,427.65
2023-06-07T14:40:00.000,426.755,426.83,426.55,426.68,483822,4734,427.64
2023-06-07T14:45:00.000,426.67,426.8,426.5,426.58,374775,4130,427.63
2023-06-07T14:50:00.000,426.57,426.83,426.44,426.8,417886,4245,427.62
2023-06-07T14:55:00.000,426.8,427.02,426.64,426.97,773225,5555,427.62
2023-06-07T15:00:00.000,426.96,427.11,426.77,426.935,508630,5647,427.61
2023-06-07T15:05:00.000,426.94,427.12,426.74,426.7784,456176,4646,427.6
2023-06-07T15:10:00.000,426.77,426.78,426.4,426.67,624213,5913,427.59
2023-06-07T15:15:00.000,426.67,427.025,426.67,426.92,632473,5731,427.58
2023-06-07T15:20:00.000,426.92,427.25,426.87,426.965,751402,7025,427.57
2023-06-07T15:25:00.000,426.96,426.97,426.55,426.91,610151,5847,427.56
2023-06-07T15:30:00.000,426.905,427.15,426.67,426.7,1265441,8587,427.55
2023-06-07T15:35:00.000,426.71,426.92,426.39,426.43,1849602,9186,427.53
2023-06-07T15:40:00.000,426.425,426.64,426.215,426.57,1574028,11639,427.5
2023-06-07T15:45:00.000,426.58,426.63,426.26,426.57,1558029,11700,427.47
2023-06-07T15:50:00.000,426.57,426.94,426.35,426.4298,3852586,23380,427.43
2023-06-07T15:55:00.000,426.415,426.7,426.115,426.6,7594836,28808,427.33
2023-06-07T16:00:00.000,426.59,426.59,426.59,426.59,1000,1,427.33
2023-06-08T09:30:00.000,426.62,427.12,426.5,426.8209,1434644,13804,426.75
2023-06-08T09:35:00.000,426.82,427.09,426.62,426.635,832204,9148,426.79
2023-06-08T09:40:00.000,426.6301,426.92,426.5,426.66,883846,9208,426.76
2023-06-08T09:45:00.000,426.66,426.68,425.95,426.22,1033174,10503,426.63
2023-06-08T09:50:00.000,426.22,426.5,425.92,426.065,771831,9228,426.57
2023-06-08T09:55:00.000,426.06,426.58,425.82,426.5,712240,8497,426.53
2023-06-08T10:00:00.000,426.505,426.76,426.31,426.66,1081683,7830,426.53
2023-06-08T10:05:00.000,426.65,427.3,426.65,426.91,935797,9614,426.58
2023-06-08T10:10:00.000,426.91,427.15,426.8,427.1216,529379,6071,426.61
2023-06-08T10:15:00.000,427.14,427.39,426.96,427.13,815865,8524,426.66
2023-06-08T10:20:00.000,427.14,427.41,426.96,427.28,713379,7155,426.7
2023-06-08T10:25:00.000,427.27,427.46,426.92,427.39,735456,7316,426.74
2023-06-08T10:30:00.000,427.4,427.63,427.175,427.29,865020,8048,426.8
2023-06-08T10:35:00.000,427.285,427.43,426.94,427.18,613153,5671,426.82
2023-06-08T10:40:00.000,427.17,427.66,427.17,427.5,482421,4881,426.84
2023-06-08T10:45:00.000,427.52,427.84,427.52,427.66,682232,6333,426.89
2023-06-08T10:50:00.000,427.67,427.87,427.5923,427.8141,525684,5221,426.92
2023-06-08T10:55:00.000,427.81,428.03,427.79,427.97,1054500,8371,427.0
2023-06-08T11:00:00.000,427.98,428.12,427.81,427.94,682940,6417,427.04
2023-06-08T11:05:00.000,427.945,428.07,427.875,428.0684,517369,4901,427.07
2023-06-08T11:10:00.000,428.07,428.19,427.83,427.975,440122,4823,427.1
2023-06-08T11:15:00.000,427.9727,428.065,427.78,427.93,444039,4221,427.12
2023-06-08T11:20:00.000,427.941,428.175,427.92,428.15,437615,4890,427.14
2023-06-08T11:25:00.000,428.13,428.2673,427.96,428.26,480843,4679,427.17
2023-06-08T11:30:00.000,428.25,428.35,428.13,428.17,1179532,6279,427.21
2023-06-08T11:35:00.000,428.18,428.22,428.0525,428.15,461618,4320,427.23
2023-06-08T11:40:00.000,428.155,428.26,428.1,428.17,452936,4588,427.26
2023-06-08T11:45:00.000,428.18,428.28,427.93,428.04,413546,3801,427.27
2023-06-08T11:50:00.000,428.0425,428.18,427.9,428.15,451624,4556,427.29
2023-06-08T11:55:00.000,428.16,428.35,427.93,428.0,480944,4619,427.31
2023-06-08T12:00:00.000,428.0,428.11,427.71,428.11,587441,5941,427.33
2023-06-08T12:05:00.000,428.1,428.26,427.95,428.0301,305903,3558,427.34
2023-06-08T12:10:00.000,428.04,428.26,428.02,428.14,362514,3636,427.35
2023-06-08T12:15:00.000,428.155,428.49,428.0599,428.39,411871,3796,427.37
2023-06-08T12:20:00.000,428.4,428.75,428.39,428.6711,693046,6248,427.41
2023-06-08T12:25:00.000,428.68,429.2,428.59,429.1,1348158,10193,427.5
2023-06-08T12:30:00.000,429.095,429.12,428.88,428.9103,778216,7011,427.55
2023-06-08T12:35:00.000,428.92,428.96,428.58,428.64,927251,7046,427.6
2023-06-08T12:40:00.000,428.64,428.79,428.5,428.7242,346203,3485,427.61
2023-06-08T12:45:00.000,428.72,428.72,428.335,428.37,441190,4090,427.63
2023-06-08T12:50:00.000,428.37,428.6,428.35,428.58,284074,3202,427.63
2023-06-08T12:55:00.000,428.58,428.75,428.54,428.6215,440115,2965,427.64
2023-06-08T13:00:00.000,428.63,428.71,428.55,428.62,335887,2805,427.65
2023-06-08T13:05:00.000,428.625,428.8,428.575,428.7909,431461,3465,427.67
2023-06-08T13:10:00.000,428.79,428.82,428.61,428.68,755663,3237,427.68
2023-06-08T13:15:00.000,428.67,428.795,428.61,428.795,259879,2913,427.69
2023-06-08T13:20:00.000,428.795,428.83,428.3201,428.52,499984,4783,427.71
2023-06-08T13:25:00.000,428.52,428.62,428.39,428.39,306224,3274,427.71
2023-06-08T13:30:00.000,428.39,428.48,428.17,428.26,1569768,5577,427.73
2023-06-08T13:35:00.000,428.26,428.37,428.07,428.1,556516,5150,427.74
2023-06-08T13:40:00.000,428.095,428.13,427.89,427.99,592581,5900,427.74
2023-06-08T13:45:00.000,428.0,428.0,427.71,427.9,596182,5382,427.74
2023-06-08T13:50:00.000,427.902,428.2,427.83,428.02,598302,5538,427.75
2023-06-08T13:55:00.000,428.03,428.21,427.98,428.21,348276,3249,427.75
2023-06-08T14:00:00.000,428.215,428.4,428.16,428.3521,517774,4628,427.76
2023-06-08T14:05:00.000,428.35,428.41,428.07,428.18,449479,3600,427.77
2023-06-08T14:10:00.000,428.169,428.34,427.99,428.3107,447900,4289,427.77
2023-06-08T14:15:00.000,428.3,428.61,428.28,428.58,411475,4292,427.78
2023-06-08T14:20:00.000,428.59,428.6693,428.52,428.56,268844,2903,427.78
2023-06-08T14:25:00.000,428.57,428.71,428.52,428.675,276915,2805,427.79
2023-06-08T14:30:00.000,428.68,428.98,428.68,428.912,769028,6443,427.81
2023-06-08T14:35:00.000,428.92,428.99,428.84,428.93,554407,4728,427.83
2023-06-08T14:40:00.000,428.94,429.08,428.89,429.05,527772,4790,427.85
2023-06-08T14:45:00.000,429.06,429.08,428.81,428.9,500141,4455,427.86
2023-06-08T14:50:00.000,428.89,429.055,428.84,428.9699,769054,4281,427.88
2023-06-08T14:55:00.000,428.965,429.0607,428.92,428.95,338768,3375,427.89
2023-06-08T15:00:00.000,428.96,429.04,428.9,428.98,400812,4011,427.9
2023-06-08T15:05:00.000,428.9801,429.1,428.8901,429.085,631731,5584,427.92
2023-06-08T15:10:00.000,429.09,429.21,428.9407,428.96,634834,6154,427.94
2023-06-08T15:15:00.000,428.9695,429.08,428.81,428.9,887448,5547,427.96
2023-06-08T15:20:00.000,428.905,429.12,428.81,429.09,517819,5312,427.97
2023-06-08T15:25:00.000,429.09,429.09,428.9,428.9516,409935,4021,427.98
2023-06-08T15:30:00.000,428.97,429.03,428.815,428.89,510500,5039,427.99
2023-06-08T15:35:00.000,428.885,429.02,428.825,428.97,565182,4867,428.01
2023-06-08T15:40:00.000,428.975,429.31,428.94,429.285,937714,7759,428.03
2023-06-08T15:45:00.000,429.28,429.43,429.09,429.38,1496848,10569,428.07
2023-06-08T15:50:00.000,429.39,429.6,429.115,429.12,1774956,13004,428.12
2023-06-08T15:55:00.000,429.11,429.31,429.02,429.125,3922929,23079,428.21
2023-06-08T16:00:00.000,429.11,429.11,429.11,429.11,662,3,428.21
2023-06-09T09:30:00.000,429.96,430.44,429.92,430.125,1569161,14315,430.13
2023-06-09T09:35:00.000,430.14,430.61,430.01,430.53,1082870,11276,430.17
2023-06-09T09:40:00.000,430.54,430.99,430.46,430.66,1622027,13178,430.39
2023-06-09T09:45:00.000,430.66,430.96,430.59,430.74,1116514,11274,430.47
2023-06-09T09:50:00.000,430.76,431.3,430.76,431.23,1243091,12242,430.59
2023-06-09T09:55:00.000,431.25,431.3,430.82,430.94,1118085,11011,430.66
2023-06-09T10:00:00.000,430.94,431.37,430.94,431.36,906967,9155,430.72
2023-06-09T10:05:00.000,431.36,431.7099,431.1325,431.23,1218822,11748,430.8
2023-06-09T10:10:00.000,431.25,431.63,431.13,431.5999,872273,8778,430.85
2023-06-09T10:15:00.000,431.595,431.9,431.58,431.88,1796159,10144,430.92
2023-06-09T10:20:00.000,431.88,431.9,431.58,431.5801,1267556,10362,430.99
2023-06-09T10:25:00.000,431.58,431.87,431.49,431.79,908574,9337,431.03
2023-06-09T10:30:00.000,431.79,431.99,431.5199,431.575,2157232,9931,431.09
2023-06-09T10:35:00.000,431.58,431.74,431.38,431.495,1436731,9509,431.12
2023-06-09T10:40:00.000,431.49,431.495,430.91,431.1799,1453911,12666,431.13
2023-06-09T10:45:00.000,431.18,431.64,430.97,430.99,1105144,9773,431.14
2023-06-09T10:50:00.000,430.99,431.025,430.5,430.88,1343790,11056,431.11
2023-06-09T10:55:00.000,430.885,431.325,430.7848,431.095,650096,6781,431.11
2023-06-09T11:00:00.000,431.11,431.65,431.0317,431.1801,449721,4789,431.11
2023-06-09T11:05:00.000,431.19,431.63,430.99,431.4599,675833,6501,431.12
2023-06-09T11:10:00.000,431.45,431.61,431.41,431.605,856456,4869,431.13
2023-06-09T11:15:00.000,431.6,431.6071,431.04,431.195,983744,8551,431.14
2023-06-09T11:20:00.000,431.19,431.19,430.595,430.6725,859829,8229,431.13
2023-06-09T11:25:00.000,430.67,430.67,429.7,429.87,2102646,18239,431.03
2023-06-09T11:30:00.000,429.86,429.86,429.3,429.625,1967781,18601,430.93
2023-06-09T11:35:00.000,429.64,430.14,429.635,429.87,1079680,8702,430.89
2023-06-09T11:40:00.000,429.87,430.2,429.84,430.18,711607,6417,430.87
2023-06-09T11:45:00.000,430.18,430.25,429.92,430.03,669383,6690,430.86
2023-06-09T11:50:00.000,430.02,430.085,429.69,429.98,541275,5588,430.84
2023-06-09T11:55:00.000,429.96,430.02,429.4091,429.4499,1004918,7439,430.81
2023-06-09T12:00:00.000,429.46,429.53,428.88,429.45,864479,8834,430.77
2023-06-09T12:05:00.000,429.45,429.72,429.36,429.395,549794,5432,430.75
2023-06-09T12:10:00.000,429.4,429.81,429.38,429.76,736969,5019,430.73
2023-06-09T12:15:00.000,429.76,429.92,429.63,429.82,586925,5645,430.72
2023-06-09T12:20:00.000,429.825,429.84,429.37,429.495,479713,5244,430.7
2023-06-09T12:25:00.000,429.5,429.57,428.88,429.205,940926,8702,430.66
2023-06-09T12:30:00.000,429.21,429.54,429.14,429.41,721672,4604,430.64
2023-06-09T12:35:00.000,429.405,429.44,428.97,429.108,519340,5283,430.62
2023-06-09T12:40:00.000,429.11,429.3888,428.87,429.33,618894,6141,430.6
2023-06-09T12:45:00.000,429.3379,429.59,429.21,429.585,415472,4356,430.58
2023-06-09T12:50:00.000,429.58,429.6701,429.48,429.61,351877,4095,430.58
2023-06-09T12:55:00.000,429.62,429.83,429.42,429.8,381287,4196,430.57
2023-06-09T13:00:00.000,429.82,429.89,429.68,429.8403,506110,4356,430.56
2023-06-09T13:05:00.000,429.86,430.08,429.8521,430.05,601691,5213,430.55
2023-06-09T13:10:00.000,430.04,430.07,429.86,429.9427,432988,4181,430.54
2023-06-09T13:15:00.000,429.95,430.045,429.72,429.7301,599888,5554,430.54
2023-06-09T13:20:00.000,429.7399,429.91,429.64,429.89,886494,3636,430.53
2023-06-09T13:25:00.000,429.9,430.16,429.805,430.155,642240,5434,430.52
2023-06-09T13:30:00.000,430.1526,430.34,430.11,430.2724,615151,6117,430.52
2023-06-09T13:35:00.000,430.28,430.33,430.18,430.255,374064,3383,430.51
2023-06-09T13:40:00.000,430.26,430.49,430.24,430.41,469156,4119,430.51
2023-06-09T13:45:00.000,430.405,430.62,430.16,430.25,1003555,7410,430.51
2023-06-09T13:50:00.000,430.26,430.44,430.14,430.39,835505,5920,430.51
2023-06-09T13:55:00.000,430.3901,430.58,430.21,430.58,515475,5242,430.51
2023-06-09T14:00:00.000,430.59,430.61,430.35,430.4,358297,3842,430.51
2023-06-09T14:05:00.000,430.39,430.535,430.37,430.49,309181,3419,430.51
2023-06-09T14:10:00.000,430.5,430.63,430.38,430.47,698623,3803,430.51
2023-06-09T14:15:00.000,430.48,430.49,430.19,430.389,980919,4474,430.5
2023-06-09T14:20:00.000,430.38,430.78,430.365,430.72,484203,5090,430.51
2023-06-09T14:25:00.000,430.72,430.745,430.26,430.42,1097918,6637,430.51
2023-06-09T14:30:00.000,430.43,430.46,430.125,430.31,646695,6358,430.5
2023-06-09T14:35:00.000,430.31,430.63,429.91,429.96,578056,5199,430.5
2023-06-09T14:40:00.000,429.945,430.17,429.87,430.13,565229,5072,430.49
2023-06-09T14:45:00.000,430.13,430.22,429.91,429.96,370996,3819,430.49
2023-06-09T14:50:00.000,429.97,430.1996,429.93,430.0,818787,3424,430.49
2023-06-09T14:55:00.000,429.99,430.3,429.98,430.25,411635,4136,430.48
2023-06-09T15:00:00.000,430.28,430.5,430.12,430.4,528549,5131,430.48
2023-06-09T15:05:00.000,430.405,430.405,429.81,429.89,724112,7109,430.48
2023-06-09T15:10:00.000,429.89,430.12,429.8,430.035,570365,5139,430.47
2023-06-09T15:15:00.000,430.07,430.229,429.73,430.17,534411,5268,430.46
2023-06-09T15:20:00.000,430.1694,430.29,430.08,430.11,328298,3743,430.46
2023-06-09T15:25:00.000,430.08,430.215,429.955,430.13,506253,4060,430.46
2023-06-09T15:30:00.000,430.12,430.3,430.02,430.1413,475547,5389,430.46
2023-06-09T15:35:00.000,430.15,430.28,429.7,430.01,1327183,9476,430.45
2023-06-09T15:40:00.000,430.005,430.22,429.965,430.0,749860,6889,430.44
2023-06-09T15:45:00.000,430.0,430.19,429.9,429.91,1214979,9032,430.44
2023-06-09T15:50:00.000,429.89,429.96,429.62,429.78,1992360,13421,430.42
2023-06-09T15:55:00.000,429.78,430.03,429.6,429.89,5050804,26652,430.37
2023-06-09T16:00:00.000,429.89,429.89,429.89,429.89,1000,3,430.37
2023-06-10T09:30:00.000,0.0,0.0,0.0,0.0,0,0,0.0
2023-06-10T09:35:00.000,0.0,0.0,0.0,0.0,0,0,0.0
2023-06-10T09:40:00.000,0.0,0.0,0.0,0.0,0,0,0.0
2023-06-10T09:45:00.000,0.0,0.0,0.0,0.0,0,0,0.0
2023-06-10T09:50:00.000,0.0,0.0,0.0,0.0,0,0,0.0
2023-06-10T09:55:00.000,0.0,0.0,0.0,0.0,0,0,0.0
2023-06-10T10:00:00.000,0.0,0.0,0.0,0.0,0,0,0.0
2023-06-10T10:05:00.000,0.0,0.0,0.0,0.0,0,0,0.0
2023-06-10T10:10:00.000,0.0,0.0,0.0,0.0,0,0,0.0
2023-06-10T10:15:00.000,0.0,0.0,0.0,0.0,0,0,0.0
2023-06-10T10:20:00.000,0.0,0.0,0.0,0.0,0,0,0.0
2023-06-10T10:25:00.000,0.0,0.0,0.0,0.0,0,0,0.0
2023-06-10T10:30:00.000,0.0,0.0,0.0,0.0,0,0,0.0
2023-06-10T10:35:00.000,0.0,0.0,0.0,0.0,0,0,0.0
2023-06-10T10:40:00.000,0.0,0.0,0.0,0.0,0,0,0.0
2023-06-10T10:45:00.000,0.0,0.0,0.0,0.0,0,0,0.0
2023-06-10T10:50:00.000,0.0,0.0,0.0,0.0,0,0,0.0
2023-06-10T10:55:00.000,0.0,0.0,0.0,0.0,0,0,0.0
2023-06-10T11:00:00.000,0.0,0.0,0.0,0.0,0,0,0.0
2023-06-10T11:05:00.000,0.0,0.0,0.0,0.0,0,0,0.0
2023-06-10T11:10:00.000,0.0,0.0,0.0,0.0,0,0,0.0
2023-06-10T11:15:00.000,0.0,0.0,0.0,0.0,0,0,0.0
2023-06-10T11:20:00.000,0.0,0.0,0.0,0.0,0,0,0.0
2023-06-10T11:25:00.000,0.0,0.0,0.0,0.0,0,0,0.0
2023-06-10T11:30:00.000,0.0,0.0,0.0,0.0,0,0,0.0
2023-06-10T11:35:00.000,0.0,0.0,0.0,0.0,0,0,0.0
2023-06-10T11:40:00.000,0.0,0.0,0.0,0.0,0,0,0.0
2023-06-10T11:45:00.000,0.0,0.0,0.0,0.0,0,0,0.0
2023-06-10T11:50:00.000,0.0,0.0,0.0,0.0,0,0,0.0
2023-06-10T11:55:00.000,0.0,0.0,0.0,0.0,0,0,0.0
2023-06-10T12:00:00.000,0.0,0.0,0.0,0.0,0,0,0.0
2023-06-10T12:05:00.000,0.0,0.0,0.0,0.0,0,0,0.0
2023-06-10T12:10:00.000,0.0,0.0,0.0,0.0,0,0,0.0
2023-06-10T12:15:00.000,0.0,0.0,0.0,0.0,0,0,0.0
2023-06-10T12:20:00.000,0.0,0.0,0.0,0.0,0,0,0.0
2023-06-10T12:25:00.000,0.0,0.0,0.0,0.0,0,0,0.0
2023-06-10T12:30:00.000,0.0,0.0,0.0,0.0,0,0,0.0
2023-06-10T12:35:00.000,0.0,0.0,0.0,0.0,0,0,0.0
2023-06-10T12:40:00.000,0.0,0.0,0.0,0.0,0,0,0.0
2023-06-10T12:45:00.000,0.0,0.0,0.0,0.0,0,0,0.0
2023-06-10T12:50:00.000,0.0,0.0,0.0,0.0,0,0,0.0
2023-06-10T12:55:00.000,0.0,0.0,0.0,0.0,0,0,0.0
2023-06-10T13:00:00.000,0.0,0.0,0.0,0.0,0,0,0.0
2023-06-10T13:05:00.000,0.0,0.0,0.0,0.0,0,0,0.0
2023-06-10T13:10:00.000,0.0,0.0,0.0,0.0,0,0,0.0
2023-06-10T13:15:00.000,0.0,0.0,0.0,0.0,0,0,0.0
2023-06-10T13:20:00.000,0.0,0.0,0.0,0.0,0,0,0.0
2023-06-10T13:25:00.000,0.0,0.0,0.0,0.0,0,0,0.0
2023-06-10T13:30:00.000,0.0,0.0,0.0,0.0,0,0,0.0
2023-06-10T13:35:00.000,0.0,0.0,0.0,0.0,0,0,0.0
2023-06-10T13:40:00.000,0.0,0.0,0.0,0.0,0,0,0.0
2023-06-10T13:45:00.000,0.0,0.0,0.0,0.0,0,0,0.0
2023-06-10T13:50:00.000,0.0,0.0,0.0,0.0,0,0,0.0
2023-06-10T13:55:00.000,0.0,0.0,0.0,0.0,0,0,0.0
2023-06-10T14:00:00.000,0.0,0.0,0.0,0.0,0,0,0.0
2023-06-10T14:05:00.000,0.0,0.0,0.0,0.0,0,0,0.0
2023-06-10T14:10:00.000,0.0,0.0,0.0,0.0,0,0,0.0
2023-06-10T14:15:00.000,0.0,0.0,0.0,0.0,0,0,0.0
2023-06-10T14:20:00.000,0.0,0.0,0.0,0.0,0,0,0.0
2023-06-10T14:25:00.000,0.0,0.0,0.0,0.0,0,0,0.0
2023-06-10T14:30:00.000,0.0,0.0,0.0,0.0,0,0,0.0
2023-06-10T14:35:00.000,0.0,0.0,0.0,0.0,0,0,0.0
2023-06-10T14:40:00.000,0.0,0.0,0.0,0.0,0,0,0.0
2023-06-10T14:45:00.000,0.0,0.0,0.0,0.0,0,0,0.0
2023-06-10T14:50:00.000,0.0,0.0,0.0,0.0,0,0,0.0
2023-06-10T14:55:00.000,0.0,0.0,0.0,0.0,0,0,0.0
2023-06-10T15:00:00.000,0.0,0.0,0.0,0.0,0,0,0.0
2023-06-10T15:05:00.000,0.0,0.0,0.0,0.0,0,0,0.0
2023-06-10T15:10:00.000,0.0,0.0,0.0,0.0,0,0,0.0
2023-06-10T15:15:00.000,0.0,0.0,0.0,0.0,0,0,0.0
2023-06-10T15:20:00.000,0.0,0.0,0.0,0.0,0,0,0.0
2023-06-10T15:25:00.000,0.0,0.0,0.0,0.0,0,0,0.0
2023-06-10T15:30:00.000,0.0,0.0,0.0,0.0,0,0,0.0
2023-06-10T15:35:00.000,0.0,0.0,0.0,0.0,0,0,0.0
2023-06-10T15:40:00.000,0.0,0.0,0.0,0.0,0,0,0.0
2023-06-10T15:45:00.000,0.0,0.0,0.0,0.0,0,0,0.0
2023-06-10T15:50:00.000,0.0,0.0,0.0,0.0,0,0,0.0
2023-06-10T15:55:00.000,0.0,0.0,0.0,0.0,0,0,0.0
2023-06-10T16:00:00.000,0.0,0.0,0.0,0.0,0,0,0.0
2023-06-11T09:30:00.000,0.0,0.0,0.0,0.0,0,0,0.0
2023-06-11T09:35:00.000,0.0,0.0,0.0,0.0,0,0,0.0
2023-06-11T09:40:00.000,0.0,0.0,0.0,0.0,0,0,0.0
2023-06-11T09:45:00.000,0.0,0.0,0.0,0.0,0,0,0.0
2023-06-11T09:50:00.000,0.0,0.0,0.0,0.0,0,0,0.0
2023-06-11T09:55:00.000,0.0,0.0,0.0,0.0,0,0,0.0
2023-06-11T10:00:00.000,0.0,0.0,0.0,0.0,0,0,0.0
2023-06-11T10:05:00.000,0.0,0.0,0.0,0.0,0,0,0.0
2023-06-11T10:10:00.000,0.0,0.0,0.0,0.0,0,0,0.0
2023-06-11T10:15:00.000,0.0,0.0,0.0,0.0,0,0,0.0
2023-06-11T10:20:00.000,0.0,0.0,0.0,0.0,0,0,0.0
2023-06-11T10:25:00.000,0.0,0.0,0.0,0.0,0,0,0.0
2023-06-11T10:30:00.000,0.0,0.0,0.0,0.0,0,0,0.0
2023-06-11T10:35:00.000,0.0,0.0,0.0,0.0,0,0,0.0
2023-06-11T10:40:00.000,0.0,0.0,0.0,0.0,0,0,0.0
2023-06-11T10:45:00.000,0.0,0.0,0.0,0.0,0,0,0.0
2023-06-11T10:50:00.000,0.0,0.0,0.0,0.0,0,0,0.0
2023-06-11T10:55:00.000,0.0,0.0,0.0,0.0,0,0,0.0
2023-06-11T11:00:00.000,0.0,0.0,0.0,0.0,0,0,0.0
2023-06-11T11:05:00.000,0.0,0.0,0.0,0.0,0,0,0.0
2023-06-11T11:10:00.000,0.0,0.0,0.0,0.0,0,0,0.0
2023-06-11T11:15:00.000,0.0,0.0,0.0,0.0,0,0,0.0
2023-06-11T11:20:00.000,0.0,0.0,0.0,0.0,0,0,0.0
2023-06-11T11:25:00.000,0.0,0.0,0.0,0.0,0,0,0.0
2023-06-11T11:30:00.000,0.0,0.0,0.0,0.0,0,0,0.0
2023-06-11T11:35:00.000,0.0,0.0,0.0,0.0,0,0,0.0
2023-06-11T11:40:00.000,0.0,0.0,0.0,0.0,0,0,0.0
2023-06-11T11:45:00.000,0.0,0.0,0.0,0.0,0,0,0.0
2023-06-11T11:50:00.000,0.0,0.0,0.0,0.0,0,0,0.0
2023-06-11T11:55:00.000,0.0,0.0,0.0,0.0,0,0,0.0
2023-06-11T12:00:00.000,0.0,0.0,0.0,0.0,0,0,0.0
2023-06-11T12:05:00.000,0.0,0.0,0.0,0.0,0,0,0.0
2023-06-11T12:10:00.000,0.0,0.0,0.0,0.0,0,0,0.0
2023-06-11T12:15:00.000,0.0,0.0,0.0,0.0,0,0,0.0
2023-06-11T12:20:00.000,0.0,0.0,0.0,0.0,0,0,0.0
2023-06-11T12:25:00.000,0.0,0.0,0.0,0.0,0,0,0.0
2023-06-11T12:30:00.000,0.0,0.0,0.0,0.0,0,0,0.0
2023-06-11T12:35:00.000,0.0,0.0,0.0,0.0,0,0,0.0
2023-06-11T12:40:00.000,0.0,0.0,0.0,0.0,0,0,0.0
2023-06-11T12:45:00.000,0.0,0.0,0.0,0.0,0,0,0.0
2023-06-11T12:50:00.000,0.0,0.0,0.0,0.0,0,0,0.0
2023-06-11T12:55:00.000,0.0,0.0,0.0,0.0,0,0,0.0
2023-06-11T13:00:00.000,0.0,0.0,0.0,0.0,0,0,0.0
2023-06-11T13:05:00.000,0.0,0.0,0.0,0.0,0,0,0.0
2023-06-11T13:10:00.000,0.0,0.0,0.0,0.0,0,0,0.0
2023-06-11T13:15:00.000,0.0,0.0,0.0,0.0,0,0,0.0
2023-06-11T13:20:00.000,0.0,0.0,0.0,0.0,0,0,0.0
2023-06-11T13:25:00.000,0.0,0.0,0.0,0.0,0,0,0.0
2023-06-11T13:30:00.000,0.0,0.0,0.0,0.0,0,0,0.0
2023-06-11T13:35:00.000,0.0,0.0,0.0,0.0,0,0,0.0
2023-06-11T13:40:00.000,0.0,0.0,0.0,0.0,0,0,0.0
2023-06-11T13:45:00.000,0.0,0.0,0.0,0.0,0,0,0.0
2023-06-11T13:50:00.000,0.0,0.0,0.0,0.0,0,0,0.0
2023-06-11T13:55:00.000,0.0,0.0,0.0,0.0,0,0,0.0
2023-06-11T14:00:00.000,0.0,0.0,0.0,0.0,0,0,0.0
2023-06-11T14:05:00.000,0.0,0.0,0.0,0.0,0,0,0.0
2023-06-11T14:10:00.000,0.0,0.0,0.0,0.0,0,0,0.0
2023-06-11T14:15:00.000,0.0,0.0,0.0,0.0,0,0,0.0
2023-06-11T14:20:00.000,0.0,0.0,0.0,0.0,0,0,0.0
2023-06-11T14:25:00.000,0.0,0.0,0.0,0.0,0,0,0.0
2023-06-11T14:30:00.000,0.0,0.0,0.0,0.0,0,0,0.0
2023-06-11T14:35:00.000,0.0,0.0,0.0,0.0,0,0,0.0
2023-06-11T14:40:00.000,0.0,0.0,0.0,0.0,0,0,0.0
2023-06-11T14:45:00.000,0.0,0.0,0.0,0.0,0,0,0.0
2023-06-11T14:50:00.000,0.0,0.0,0.0,0.0,0,0,0.0
2023-06-11T14:55:00.000,0.0,0.0,0.0,0.0,0,0,0.0
2023-06-11T15:00:00.000,0.0,0.0,0.0,0.0,0,0,0.0
2023-06-11T15:05:00.000,0.0,0.0,0.0,0.0,0,0,0.0
2023-06-11T15:10:00.000,0.0,0.0,0.0,0.0,0,0,0.0
2023-06-11T15:15:00.000,0.0,0.0,0.0,0.0,0,0,0.0
2023-06-11T15:20:00.000,0.0,0.0,0.0,0.0,0,0,0.0
2023-06-11T15:25:00.000,0.0,0.0,0.0,0.0,0,0,0.0
2023-06-11T15:30:00.000,0.0,0.0,0.0,0.0,0,0,0.0
2023-06-11T15:35:00.000,0.0,0.0,0.0,0.0,0,0,0.0
2023-06-11T15:40:00.000,0.0,0.0,0.0,0.0,0,0,0.0
2023-06-11T15:45:00.000,0.0,0.0,0.0,0.0,0,0,0.0
2023-06-11T15:50:00.000,0.0,0.0,0.0,0.0,0,0,0.0
2023-06-11T15:55:00.000,0.0,0.0,0.0,0.0,0,0,0.0
2023-06-11T16:00:00.000,0.0,0.0,0.0,0.0,0,0,0.0
2023-06-12T09:30:00.000,430.92,431.06,430.61,430.83,1206628,13354,430.81
2023-06-12T09:35:00.000,430.84,430.93,430.29,430.93,1217632,11383,430.69
2023-06-12T09:40:00.000,430.96,431.26,430.5,430.63,1231775,12321,430.76
2023-06-12T09:45:00.000,430.63,430.83,430.45,430.73,527181,6398,430.74
2023-06-12T09:50:00.000,430.725,431.01,430.65,430.905,629565,7442,430.75
2023-06-12T09:55:00.000,430.905,431.02,430.79,430.97,667484,7011,430.77
2023-06-12T10:00:00.000,430.98,431.0,430.6501,430.66,690252,7013,430.78
2023-06-12T10:05:00.000,430.66,430.74,430.3,430.5188,956218,8607,430.74
2023-06-12T10:10:00.000,430.515,430.88,430.28,430.86,602192,7080,430.72
2023-06-12T10:15:00.000,430.85,430.87,430.4101,430.54,906138,8741,430.71
2023-06-12T10:20:00.000,430.53,430.73,430.38,430.65,569561,6302,430.7
2023-06-12T10:25:00.000,430.64,430.81,430.4,430.73,642269,6707,430.69
2023-06-12T10:30:00.000,430.74,430.795,430.43,430.52,638270,6431,430.69
2023-06-12T10:35:00.000,430.515,430.52,430.17,430.31,855905,7699,430.66
2023-06-12T10:40:00.000,430.31,430.51,430.23,430.48,2987067,6177,430.64
2023-06-12T10:45:00.000,430.49,430.77,430.37,430.67,554741,4962,430.64
2023-06-12T10:50:00.000,430.68,430.77,430.39,430.42,1066154,4672,430.64
2023-06-12T10:55:00.000,430.44,430.6,430.38,430.51,500139,4650,430.63
2023-06-12T11:00:00.000,430.51,430.76,430.4,430.5,566570,5555,430.63
2023-06-12T11:05:00.000,430.49,430.745,430.34,430.44,444723,4251,430.63
2023-06-12T11:10:00.000,430.44,430.61,430.385,430.57,427981,4114,430.62
2023-06-12T11:15:00.000,430.56,430.79,430.47,430.71,567570,4836,430.62
2023-06-12T11:20:00.000,430.71,430.76,430.49,430.59,417988,4265,430.62
2023-06-12T11:25:00.000,430.58,430.76,430.49,430.68,351564,3568,430.62
2023-06-12T11:30:00.000,430.65,430.97,430.645,430.96,653977,5536,430.63
2023-06-12T11:35:00.000,430.96,431.07,430.86,430.98,532816,4878,430.64
2023-06-12T11:40:00.000,430.97,431.18,430.9632,431.14,479004,4582,430.65
2023-06-12T11:45:00.000,431.14,431.21,430.91,430.98,591003,5180,430.67
2023-06-12T11:50:00.000,430.975,431.07,430.87,430.8732,364417,3918,430.67
2023-06-12T11:55:00.000,430.8747,431.13,430.81,431.1,421075,4100,430.68
2023-06-12T12:00:00.000,431.11,431.155,430.99,431.0,470552,4364,430.69
2023-06-12T12:05:00.000,431.0,431.2,430.995,431.1802,438718,4247,430.7
2023-06-12T12:10:00.000,431.19,431.22,431.03,431.075,383802,3659,430.71
2023-06-12T12:15:00.000,431.07,431.1371,431.02,431.1,353223,3388,430.71
2023-06-12T12:20:00.000,431.1,431.17,431.0099,431.09,328164,3496,430.72
2023-06-12T12:25:00.000,431.09,431.25,431.0695,431.17,609956,3757,430.73
2023-06-12T12:30:00.000,431.18,431.315,431.1733,431.3,362081,3672,430.74
2023-06-12T12:35:00.000,431.3,431.47,431.29,431.4136,655318,4809,430.75
2023-06-12T12:40:00.000,431.4191,431.54,431.34,431.42,457891,4358,430.77
2023-06-12T12:45:00.000,431.43,431.49,431.3,431.3878,335977,3655,430.77
2023-06-12T12:50:00.000,431.38,431.5,431.38,431.41,313183,3155,430.78
2023-06-12T12:55:00.000,431.41,431.48,431.35,431.455,334196,3254,430.79
2023-06-12T13:00:00.000,431.45,431.6,431.415,431.505,500909,4739,430.81
2023-06-12T13:05:00.000,431.505,431.52,431.28,431.335,427046,4031,430.82
2023-06-12T13:10:00.000,431.34,431.49,431.3,431.43,542610,2993,430.82
2023-06-12T13:15:00.000,431.43,431.475,431.28,431.44,301590,3189,430.83
2023-06-12T13:20:00.000,431.43,431.4899,431.33,431.36,295591,2955,430.84
2023-06-12T13:25:00.000,431.36,431.44,431.28,431.32,255068,2659,430.84
2023-06-12T13:30:00.000,431.3123,431.45,431.16,431.255,488150,5266,430.85
2023-06-12T13:35:00.000,431.25,431.325,431.17,431.31,344730,3599,430.86
2023-06-12T13:40:00.000,431.31,431.53,431.28,431.48,695330,4219,430.87
2023-06-12T13:45:00.000,431.49,431.74,431.48,431.62,1829326,5405,430.88
2023-06-12T13:50:00.000,431.6295,431.65,431.53,431.61,783335,4412,430.9
2023-06-12T13:55:00.000,431.61,431.83,431.6,431.79,763648,4401,430.91
2023-06-12T14:00:00.000,431.785,431.86,431.65,431.71,752730,6213,430.93
2023-06-12T14:05:00.000,431.71,431.72,431.61,431.685,314568,3174,430.94
2023-06-12T14:10:00.000,431.69,431.77,431.65,431.6599,599930,3806,430.95
2023-06-12T14:15:00.000,431.655,431.7921,431.61,431.67,293474,3325,430.96
2023-06-12T14:20:00.000,431.67,431.737,431.58,431.72,379643,3974,430.96
2023-06-12T14:25:00.000,431.72,431.79,431.66,431.67,460120,4016,430.97
2023-06-12T14:30:00.000,431.675,431.89,431.65,431.84,410240,4356,430.98
2023-06-12T14:35:00.000,431.84,431.98,431.68,431.715,561866,5098,431.0
2023-06-12T14:40:00.000,431.715,431.9008,431.705,431.88,784067,3145,431.01
2023-06-12T14:45:00.000,431.8716,432.11,431.81,432.065,593580,5833,431.02
2023-06-12T14:50:00.000,432.06,432.36,432.05,432.265,806084,7391,431.05
2023-06-12T14:55:00.000,432.27,432.57,432.24,432.5119,1346699,8092,431.08
2023-06-12T15:00:00.000,432.52,432.77,432.41,432.68,933640,8608,431.12
2023-06-12T15:05:00.000,432.69,432.89,432.485,432.855,1151699,7972,431.16
2023-06-12T15:10:00.000,432.8528,433.44,432.825,433.2915,2050574,13223,431.24
2023-06-12T15:15:00.000,433.295,433.68,433.14,433.17,1622841,13237,431.33
2023-06-12T15:20:00.000,433.17,433.22,432.93,433.21,1252966,10497,431.39
2023-06-12T15:25:00.000,433.21,433.3,433.04,433.25,1603947,7984,431.42
2023-06-12T15:30:00.000,433.24,433.32,433.04,433.215,1175391,11046,431.47
2023-06-12T15:35:00.000,433.215,433.46,433.1,433.445,1625837,12501,431.53
2023-06-12T15:40:00.000,433.445,433.765,433.33,433.39,1724557,12500,431.6
2023-06-12T15:45:00.000,433.39,433.48,433.24,433.42,1622638,13376,431.66
2023-06-12T15:50:00.000,433.43,433.7,433.22,433.29,2401718,18295,431.74
2023-06-12T15:55:00.000,433.295,433.88,433.18,433.79,7085810,34308,431.95
2023-06-12T16:00:00.000,433.79,433.79,433.79,433.79,500,3,431.95
2023-06-13T09:30:00.000,435.32,435.84,435.09,435.81,2129686,19969,435.46
2023-06-13T09:35:00.000,435.82,436.55,435.58,436.495,1673359,16040,435.72
2023-06-13T09:40:00.000,436.49,437.18,436.26,436.61,1914961,17880,436.03
2023-06-13T09:45:00.000,436.62,436.66,435.57,436.115,1664902,16985,436.05
2023-06-13T09:50:00.000,436.12,436.16,435.64,436.01,1145251,12314,436.03
2023-06-13T09:55:00.000,436.0,436.38,435.42,435.72,1108191,11420,436.02
2023-06-13T10:00:00.000,435.73,435.95,435.48,435.81,1076156,11062,435.99
2023-06-13T10:05:00.000,435.8,436.2,435.34,435.515,1459192,11685,435.96
2023-06-13T10:10:00.000,435.49,435.63,434.83,435.2823,1338239,13694,435.88
2023-06-13T10:15:00.000,435.285,435.45,434.63,435.3,1117334,11443,435.81
2023-06-13T10:20:00.000,435.315,435.64,435.17,435.39,832748,9338,435.79
2023-06-13T10:25:00.000,435.4,435.73,435.35,435.69,751341,7526,435.78
2023-06-13T10:30:00.000,435.7,435.855,435.11,435.85,993379,9814,435.76
2023-06-13T10:35:00.000,435.84,436.17,435.75,436.08,742726,8031,435.77
2023-06-13T10:40:00.000,436.09,436.165,435.71,435.86,707094,7610,435.78
2023-06-13T10:45:00.000,435.845,436.3,435.79,436.235,1081799,7422,435.79
2023-06-13T10:50:00.000,436.235,436.395,436.01,436.1101,659410,6700,435.8
2023-06-13T10:55:00.000,436.12,436.22,435.91,436.0,573366,5695,435.81
2023-06-13T11:00:00.000,436.005,436.06,435.815,435.905,480267,5380,435.81
2023-06-13T11:05:00.000,435.9,436.235,435.69,436.16,802121,7661,435.82
2023-06-13T11:10:00.000,436.17,436.94,436.14,436.765,1221932,11139,435.86
2023-06-13T11:15:00.000,436.775,436.99,436.62,436.8009,1473439,10442,435.9
2023-06-13T11:20:00.000,436.805,437.27,436.69,436.84,1684752,12520,435.97
2023-06-13T11:25:00.000,436.835,436.975,436.62,436.72,1119694,7855,435.99
2023-06-13T11:30:00.000,436.7179,436.84,436.33,436.37,1110487,9744,436.02
2023-06-13T11:35:00.000,436.36,436.57,436.09,436.2,783069,7344,436.02
2023-06-13T11:40:00.000,436.19,436.48,436.08,436.36,705230,6667,436.03
2023-06-13T11:45:00.000,436.35,436.47,436.17,436.43,620421,6099,436.04
2023-06-13T11:50:00.000,436.41,436.7,436.3401,436.55,441301,4802,436.04
2023-06-13T11:55:00.000,436.5423,436.775,436.015,436.03,799877,7571,436.05
2023-06-13T12:00:00.000,436.035,436.06,435.72,435.9701,782709,7428,436.05
2023-06-13T12:05:00.000,435.97,436.29,435.89,436.265,440332,4795,436.05
2023-06-13T12:10:00.000,436.27,436.595,436.23,436.49,721241,5420,436.05
2023-06-13T12:15:00.000,436.49,436.61,436.44,436.55,1001277,6452,436.06
2023-06-13T12:20:00.000,436.555,436.65,436.3222,436.565,527792,5610,436.07
2023-06-13T12:25:00.000,436.57,436.7,436.25,436.615,1019011,7972,436.08
2023-06-13T12:30:00.000,436.64,436.75,436.52,436.53,547388,5623,436.09
2023-06-13T12:35:00.000,436.53,436.76,436.46,436.6798,574278,5596,436.1
2023-06-13T12:40:00.000,436.7,436.95,436.695,436.855,1186686,5783,436.11
2023-06-13T12:45:00.000,436.855,436.875,436.53,436.66,743124,6312,436.12
2023-06-13T12:50:00.000,436.65,436.89,436.6,436.76,1104847,5485,436.13
2023-06-13T12:55:00.000,436.775,437.0,436.6925,436.9901,494855,5035,436.14
2023-06-13T13:00:00.000,436.995,437.165,436.91,437.11,661002,6471,436.16
2023-06-13T13:05:00.000,437.12,437.33,436.6,436.75,2660127,10074,436.18
2023-06-13T13:10:00.000,436.745,436.78,436.43,436.655,758228,7023,436.19
2023-06-13T13:15:00.000,436.655,436.93,436.55,436.9,400623,4694,436.19
2023-06-13T13:20:00.000,436.905,437.04,436.86,436.955,622292,5529,436.21
2023-06-13T13:25:00.000,436.955,437.145,436.71,437.03,554577,5647,436.21
2023-06-13T13:30:00.000,437.04,437.125,436.89,436.98,524424,5143,436.22
2023-06-13T13:35:00.000,436.985,437.02,436.75,436.835,439378,4897,436.23
2023-06-13T13:40:00.000,436.83,437.145,436.825,437.12,891599,4152,436.24
2023-06-13T13:45:00.000,437.13,437.205,437.0029,437.145,2761686,5024,436.25
2023-06-13T13:50:00.000,437.14,437.155,436.9,436.96,456938,4682,436.25
2023-06-13T13:55:00.000,436.95,437.06,436.59,436.845,1084198,7376,436.26
2023-06-13T14:00:00.000,436.845,436.96,436.7,436.77,1054539,6668,436.27
2023-06-13T14:05:00.000,436.77,436.84,436.49,436.49,1360363,5899,436.28
2023-06-13T14:10:00.000,436.49,436.49,436.03,436.4473,2120246,11506,436.28
2023-06-13T14:15:00.000,436.45,436.59,436.21,436.51,2080843,5603,436.28
2023-06-13T14:20:00.000,436.51,436.6325,436.38,436.48,464440,4600,436.28
2023-06-13T14:25:00.000,436.48,436.55,435.6201,435.86,1058133,9876,436.27
2023-06-13T14:30:00.000,435.87,435.94,435.39,435.6599,1024065,9190,436.26
2023-06-13T14:35:00.000,435.65,435.83,435.355,435.7733,1194189,7984,436.25
2023-06-13T14:40:00.000,435.78,435.835,435.39,435.65,738302,6698,436.24
2023-06-13T14:45:00.000,435.64,435.9,435.39,435.67,1420924,6218,436.23
2023-06-13T14:50:00.000,435.665,436.035,435.64,436.01,668182,6017,436.23
2023-06-13T14:55:00.000,436.0,436.245,435.96,436.06,1226985,6528,436.23
2023-06-13T15:00:00.000,436.06,436.325,436.06,436.3199,770739,6886,436.23
2023-06-13T15:05:00.000,436.32,436.53,436.27,436.38,889718,6817,436.23
2023-06-13T15:10:00.000,436.39,436.48,436.16,436.46,612472,5863,436.23
2023-06-13T15:15:00.000,436.465,436.63,436.27,436.435,696460,6956,436.23
2023-06-13T15:20:00.000,436.42,436.74,436.255,436.34,1352953,7859,436.24
2023-06-13T15:25:00.000,436.34,436.515,436.23,436.34,713093,6790,436.24
2023-06-13T15:30:00.000,436.335,436.45,436.17,436.1727,815810,7391,436.24
2023-06-13T15:35:00.000,436.18,436.41,436.1006,436.25,1024109,9219,436.24
2023-06-13T15:40:00.000,436.25,436.605,436.12,436.195,1475590,10230,436.24
2023-06-13T15:45:00.000,436.19,436.455,436.14,436.24,1403817,10349,436.24
2023-06-13T15:50:00.000,436.24,436.56,436.105,436.5199,1918980,14381,436.24
2023-06-13T15:55:00.000,436.52,436.785,436.33,436.66,4346058,22421,436.26
2023-06-13T16:00:00.000,0.0,0.0,0.0,0.0,0,0,436.26
2023-06-14T09:30:00.000,437.01,437.19,436.51,436.9,1328464,14395,436.81
2023-06-14T09:35:00.000,436.895,437.0,436.6,436.88,689083,7654,436.81
2023-06-14T09:40:00.000,436.88,437.27,436.87,437.2,705689,7500,436.89
2023-06-14T09:45:00.000,437.2,437.48,437.2,437.42,820350,8731,437.0
2023-06-14T09:50:00.000,437.415,437.69,437.4067,437.44,905292,9734,437.11
2023-06-14T09:55:00.000,437.44,437.56,437.21,437.5,783971,9017,437.15
2023-06-14T10:00:00.000,437.51,437.72,437.35,437.72,786880,9015,437.21
2023-06-14T10:05:00.000,437.7266,438.0971,437.68,438.02,1157604,11252,437.33
2023-06-14T10:10:00.000,438.03,438.0421,437.8,437.93,537472,6258,437.37
2023-06-14T10:15:00.000,437.9291,438.11,437.87,437.9001,1254618,8015,437.43
2023-06-14T10:20:00.000,437.905,438.25,437.67,437.73,986337,9913,437.48
2023-06-14T10:25:00.000,437.72,437.9,437.49,437.71,527895,6150,437.49
2023-06-14T10:30:00.000,437.715,438.0201,437.66,437.96,625056,6054,437.51
2023-06-14T10:35:00.000,437.96,438.1176,437.81,438.03,453063,4560,437.53
2023-06-14T10:40:00.000,438.03,438.35,437.8919,437.9,640483,6174,437.57
2023-06-14T10:45:00.000,437.9,438.11,437.85,438.08,439109,4330,437.58
2023-06-14T10:50:00.000,438.085,438.11,437.865,437.87,552209,5306,437.6
2023-06-14T10:55:00.000,437.875,437.98,437.73,437.865,407859,4091,437.61
2023-06-14T11:00:00.000,437.865,438.0999,437.74,437.88,426233,4394,437.62
2023-06-14T11:05:00.000,437.885,438.0,437.76,437.995,362901,3761,437.62
2023-06-14T11:10:00.000,438.0,438.44,437.955,438.39,611588,5619,437.65
2023-06-14T11:15:00.000,438.4,438.6799,438.4,438.63,608690,5751,437.68
2023-06-14T11:20:00.000,438.63,439.035,438.57,438.98,2145112,6356,437.73
2023-06-14T11:25:00.000,438.98,439.0612,438.59,438.65,1878794,8439,437.79
2023-06-14T11:30:00.000,438.6499,438.735,438.49,438.53,1313458,5085,437.82
2023-06-14T11:35:00.000,438.51,438.71,438.5,438.55,1087405,3347,437.83
2023-06-14T11:40:00.000,438.55,438.675,438.4,438.415,390666,4266,437.85
2023-06-14T11:45:00.000,438.41,438.56,438.385,438.52,379962,3669,437.86
2023-06-14T11:50:00.000,438.52,438.55,438.33,438.37,315956,3264,437.87
2023-06-14T11:55:00.000,438.36,438.36,438.08,438.25,495321,5003,437.88
2023-06-14T12:00:00.000,438.25,438.25,437.76,437.8201,464100,4627,437.88
2023-06-14T12:05:00.000,437.83,437.9701,437.57,437.93,1105243,5343,437.88
2023-06-14T12:10:00.000,437.92,438.15,437.865,438.11,350669,3478,437.88
2023-06-14T12:15:00.000,438.102,438.4,438.04,438.3599,819577,3384,437.89
2023-06-14T12:20:00.000,438.355,438.39,438.215,438.2178,619257,3793,437.89
2023-06-14T12:25:00.000,438.23,438.26,438.09,438.1601,529387,3231,437.9
2023-06-14T12:30:00.000,438.16,438.1899,437.96,437.99,387690,3977,437.9
2023-06-14T12:35:00.000,437.98,438.0701,437.83,438.005,679898,3822,437.9
2023-06-14T12:40:00.000,438.0,438.025,437.8699,437.8699,339207,3445,437.9
2023-06-14T12:45:00.000,437.87,438.01,437.82,437.9,301280,3526,437.9
2023-06-14T12:50:00.000,437.895,438.0601,437.86,438.045,224951,2682,437.9
2023-06-14T12:55:00.000,438.0301,438.115,437.945,438.075,279464,2914,437.9
2023-06-14T13:00:00.000,438.08,438.09,437.71,437.77,428497,4259,437.9
2023-06-14T13:05:00.000,437.76,437.78,437.605,437.671,361532,3959,437.9
2023-06-14T13:10:00.000,437.678,437.69,437.28,437.4496,538275,5698,437.89
2023-06-14T13:15:00.000,437.45,437.45,437.13,437.18,479028,5295,437.88
2023-06-14T13:20:00.000,437.17,437.345,437.05,437.34,469856,5074,437.87
2023-06-14T13:25:00.000,437.32,437.3872,437.17,437.2805,387678,4218,437.86
2023-06-14T13:30:00.000,437.29,437.45,436.94,437.41,517058,6252,437.84
2023-06-14T13:35:00.000,437.41,437.435,437.17,437.37,445328,4377,437.83
2023-06-14T13:40:00.000,437.37,437.43,437.185,437.1899,694928,4153,437.83
2023-06-14T13:45:00.000,437.1914,437.38,437.05,437.365,461495,4439,437.82
2023-06-14T13:50:00.000,437.36,437.44,437.15,437.3988,442892,4313,437.81
2023-06-14T13:55:00.000,437.395,437.51,437.15,437.29,684433,5294,437.8
2023-06-14T14:00:00.000,437.29,437.32,434.92,435.46,4856776,38266,437.52
2023-06-14T14:05:00.000,435.45,435.54,433.59,434.705,3013302,20109,437.26
2023-06-14T14:10:00.000,434.69,435.39,434.24,434.89,2007422,15783,437.13
2023-06-14T14:15:00.000,434.88,434.9699,433.92,434.2818,1959854,15200,436.99
2023-06-14T14:20:00.000,434.3,434.685,433.79,433.98,2117225,13203,436.89
2023-06-14T14:25:00.000,433.97,434.55,433.63,434.49,1647796,14336,436.78
2023-06-14T14:30:00.000,434.495,435.2,433.96,434.51,2229297,17617,436.67
2023-06-14T14:35:00.000,434.49,435.85,434.45,435.21,2823516,20717,436.59
2023-06-14T14:40:00.000,435.21,436.7,435.14,436.53,2251957,19552,436.56
2023-06-14T14:45:00.000,436.54,436.92,435.89,436.89,2192451,15623,436.55
2023-06-14T14:50:00.000,436.8813,437.08,435.97,436.65,1866916,15562,436.56
2023-06-14T14:55:00.000,436.66,436.98,436.17,436.352,1049997,10561,436.56
2023-06-14T15:00:00.000,436.37,437.02,436.27,436.83,1514695,8798,436.56
2023-06-14T15:05:00.000,436.82,438.15,436.78,438.01,2528560,18653,436.6
2023-06-14T15:10:00.000,438.02,438.08,436.44,436.475,2127209,18101,436.62
2023-06-14T15:15:00.000,436.47,436.585,435.7195,436.25,1815362,14359,436.61
2023-06-14T15:20:00.000,436.24,437.3,436.09,437.02,1288396,11449,436.61
2023-06-14T15:25:00.000,437.02,437.56,436.54,436.62,1147258,10579,436.62
2023-06-14T15:30:00.000,436.66,436.96,436.16,436.76,1243985,11070,436.62
2023-06-14T15:35:00.000,436.75,437.05,436.6,436.79,898733,8350,436.62
2023-06-14T15:40:00.000,436.795,436.866,436.13,436.34,1016697,10041,436.62
2023-06-14T15:45:00.000,436.35,436.56,435.81,435.9501,1763375,13798,436.61
2023-06-14T15:50:00.000,435.95,436.25,435.13,435.98,2794041,23990,436.57
2023-06-14T15:55:00.000,435.98,437.19,435.98,437.18,5765284,33132,436.58
2023-06-14T16:00:00.000,437.17,437.18,437.17,437.18,1810,8,436.58
2023-06-15T09:30:00.000,436.33,436.74,436.23,436.4057,1580816,14446,436.44
2023-06-15T09:35:00.000,436.4,437.17,436.32,437.08,1514216,12529,436.56
2023-06-15T09:40:00.000,437.08,437.69,437.05,437.62,1468217,13158,436.84
2023-06-15T09:45:00.000,437.63,438.29,437.55,438.09,1736939,16715,437.14
2023-06-15T09:50:00.000,438.13,438.88,438.08,438.63,2458591,16564,437.47
2023-06-15T09:55:00.000,438.64,438.77,438.33,438.7109,1572501,13858,437.66
2023-06-15T10:00:00.000,438.72,439.16,438.44,438.99,1458109,13967,437.82
2023-06-15T10:05:00.000,439.01,439.51,438.71,439.2499,2694931,17319,438.02
2023-06-15T10:10:00.000,439.2438,439.43,438.95,439.0834,1063147,9702,438.11
2023-06-15T10:15:00.000,439.08,439.18,438.67,438.9798,1330102,9939,438.17
2023-06-15T10:20:00.000,438.98,439.39,438.775,438.955,991580,10000,438.22
2023-06-15T10:25:00.000,438.96,439.66,438.96,439.48,1298990,10357,438.29
2023-06-15T10:30:00.000,439.48,439.56,438.79,439.04,1476510,10843,438.35
2023-06-15T10:35:00.000,439.04,439.07,438.37,438.52,869031,8158,438.37
2023-06-15T10:40:00.000,438.52,439.22,438.45,439.09,824745,7880,438.39
2023-06-15T10:45:00.000,439.09,439.83,439.08,439.535,867514,8654,438.43
2023-06-15T10:50:00.000,439.535,439.6,438.9319,439.2995,810190,7753,438.46
2023-06-15T10:55:00.000,439.29,439.5199,439.11,439.415,680665,6145,438.48
2023-06-15T11:00:00.000,439.42,439.76,439.34,439.72,966188,6562,438.52
2023-06-15T11:05:00.000,439.71,439.88,439.22,439.68,899856,8034,438.56
2023-06-15T11:10:00.000,439.68,440.0,439.51,439.835,949594,9306,438.6
2023-06-15T11:15:00.000,439.84,440.36,439.82,439.99,1185694,10064,438.67
2023-06-15T11:20:00.000,439.99,440.37,439.95,440.31,790532,7340,438.72
2023-06-15T11:25:00.000,440.3,440.745,440.23,440.73,1175455,8421,438.77
2023-06-15T11:30:00.000,440.72,440.74,440.305,440.57,820182,7561,438.82
2023-06-15T11:35:00.000,440.57,441.0506,440.54,440.965,1300816,9226,438.9
2023-06-15T11:40:00.000,440.98,441.1301,440.65,440.74,1516069,9448,438.97
2023-06-15T11:45:00.000,440.74,440.95,440.06,440.25,1225364,9926,439.03
2023-06-15T11:50:00.000,440.24,440.655,440.17,440.62,897592,5567,439.05
2023-06-15T11:55:00.000,440.63,440.77,440.51,440.72,667064,6118,439.09
2023-06-15T12:00:00.000,440.72,440.89,440.64,440.75,581687,5626,439.11
2023-06-15T12:05:00.000,440.75,440.81,440.54,440.78,557730,5439,439.14
2023-06-15T12:10:00.000,440.78,440.84,440.38,440.3902,625086,5508,439.16
2023-06-15T12:15:00.000,440.4,440.7,440.38,440.6783,898177,4707,439.18
2023-06-15T12:20:00.000,440.68,441.015,440.6,440.92,912892,6099,439.21
2023-06-15T12:25:00.000,440.93,441.01,440.82,440.92,419116,4280,439.23
2023-06-15T12:30:00.000,440.925,441.09,440.6434,440.74,575308,5592,439.25
2023-06-15T12:35:00.000,440.74,440.94,440.59,440.9,467678,4270,439.27
2023-06-15T12:40:00.000,440.9,441.18,440.845,440.9,989496,4959,439.29
2023-06-15T12:45:00.000,440.9,440.91,440.58,440.83,449571,4652,439.31
2023-06-15T12:50:00.000,440.84,440.92,440.69,440.79,364448,3752,439.32
2023-06-15T12:55:00.000,440.78,440.9,440.61,440.85,369143,3853,439.34
2023-06-15T13:00:00.000,440.86,440.9,440.52,440.6272,406937,3961,439.35
2023-06-15T13:05:00.000,440.62,440.73,440.26,440.34,706438,4730,439.36
2023-06-15T13:10:00.000,440.345,440.54,440.17,440.17,455818,4666,439.37
2023-06-15T13:15:00.000,440.1768,440.369,440.11,440.34,794052,4381,439.38
2023-06-15T13:20:00.000,440.33,440.675,440.31,440.63,447703,4396,439.4
2023-06-15T13:25:00.000,440.63,440.89,440.54,440.88,385558,4099,439.41
2023-06-15T13:30:00.000,440.89,441.04,440.87,440.98,505994,5903,439.43
2023-06-15T13:35:00.000,440.97,441.13,440.77,440.92,523116,5163,439.44
2023-06-15T13:40:00.000,440.93,441.33,440.85,441.22,636480,5636,439.46
2023-06-15T13:45:00.000,441.23,441.54,441.215,441.51,649109,6254,439.49
2023-06-15T13:50:00.000,441.5,441.68,441.4,441.68,622905,6205,439.52
2023-06-15T13:55:00.000,441.68,441.91,441.65,441.735,1032884,8381,439.57
2023-06-15T14:00:00.000,441.74,442.015,441.7,441.755,956082,8193,439.62
2023-06-15T14:05:00.000,441.76,441.81,441.26,441.4501,1110118,7680,439.65
2023-06-15T14:10:00.000,441.46,441.68,441.36,441.38,652027,6433,439.68
2023-06-15T14:15:00.000,441.38,441.555,441.325,441.38,620616,5873,439.7
2023-06-15T14:20:00.000,441.3807,441.695,441.28,441.66,591347,6026,439.72
2023-06-15T14:25:00.000,441.655,441.9794,441.54,441.85,600704,5762,439.75
2023-06-15T14:30:00.000,441.8588,442.2,441.85,442.14,1090276,8093,439.79
2023-06-15T14:35:00.000,442.135,442.52,442.135,442.39,1061229,9221,439.84
2023-06-15T14:40:00.000,442.39,442.87,442.39,442.83,1242725,9258,439.89
2023-06-15T14:45:00.000,442.84,442.92,442.56,442.82,1085328,9700,439.95
2023-06-15T14:50:00.000,442.81,443.44,442.775,443.43,1895086,15399,440.05
2023-06-15T14:55:00.000,443.44,443.9,443.26,443.6301,1975273,14471,440.16
2023-06-15T15:00:00.000,443.64,443.86,443.06,443.15,1988506,13838,440.25
2023-06-15T15:05:00.000,443.145,443.31,442.76,443.21,2188995,12304,440.31
2023-06-15T15:10:00.000,443.2138,443.53,443.0575,443.52,1652710,10895,440.37
2023-06-15T15:15:00.000,443.52,443.76,442.99,443.06,1685366,12484,440.43
2023-06-15T15:20:00.000,443.0675,443.21,442.78,442.93,1307469,10533,440.47
2023-06-15T15:25:00.000,442.94,443.15,442.72,443.14,970372,9688,440.51
2023-06-15T15:30:00.000,443.14,443.36,443.04,443.0501,1071821,10622,440.54
2023-06-15T15:35:00.000,443.06,443.105,442.6001,442.71,2306347,15993,440.6
2023-06-15T15:40:00.000,442.71,443.079,442.68,442.7899,1871300,13189,440.64
2023-06-15T15:45:00.000,442.78,443.13,442.61,443.1,2833420,19244,440.72
2023-06-15T15:50:00.000,443.1,443.46,442.775,442.81,5295079,28750,440.85
2023-06-15T15:55:00.000,442.81,442.82,442.06,442.6,7316591,38415,440.98
2023-06-15T16:00:00.000,0.0,0.0,0.0,0.0,525,2,440.98
2023-06-16T09:30:00.000,443.02,443.18,442.26,442.65,3263367,24770,442.68
2023-06-16T09:35:00.000,442.66,442.67,441.54,441.93,2474201,17923,442.43
2023-06-16T09:40:00.000,441.93,441.99,441.23,441.45,1559878,10776,442.28
2023-06-16T09:45:00.000,441.46,441.54,440.77,441.245,1340086,13597,442.1
2023-06-16T09:50:00.000,441.245,441.47,440.92,440.98,1330052,11496,442.0
2023-06-16T09:55:00.000,440.99,441.39,440.99,441.26,1049190,8892,441.92
2023-06-16T10:00:00.000,441.3,442.03,441.255,441.8,1667028,16590,441.88
2023-06-16T10:05:00.000,441.81,441.92,441.37,441.8799,1323560,10264,441.86
2023-06-16T10:10:00.000,441.8798,442.18,441.37,441.5038,1787142,10848,441.86
2023-06-16T10:15:00.000,441.49,441.8499,441.27,441.52,1862970,8896,441.84
2023-06-16T10:20:00.000,441.53,442.0601,441.38,441.965,2002357,9501,441.83
2023-06-16T10:25:00.000,441.97,442.43,441.65,442.4,1064510,7726,441.84
2023-06-16T10:30:00.000,442.4,442.4,442.0001,442.28,970456,8781,441.86
2023-06-16T10:35:00.000,442.28,442.3,441.72,441.905,982090,7450,441.87
2023-06-16T10:40:00.000,441.905,441.94,441.15,441.1808,12220786,9671,441.84
2023-06-16T10:45:00.000,441.19,441.3699,440.92,441.19,1115445,7715,441.81
2023-06-16T10:50:00.000,441.19,441.55,441.1401,441.515,631710,5354,441.8
2023-06-16T10:55:00.000,441.53,441.83,441.4368,441.53,977309,6418,441.79
2023-06-16T11:00:00.000,441.535,441.57,441.09,441.35,862096,6333,441.78
2023-06-16T11:05:00.000,441.36,441.71,441.0,441.615,674646,6288,441.76
2023-06-16T11:10:00.000,441.62,442.0,441.56,441.9207,876198,5482,441.76
2023-06-16T11:15:00.000,441.92,441.93,441.38,441.4,1118392,5096,441.76
2023-06-16T11:20:00.000,441.415,441.56,440.83,440.97,920770,8109,441.74
2023-06-16T11:25:00.000,440.97,441.185,440.335,440.785,1280654,11101,441.68
2023-06-16T11:30:00.000,440.77,441.07,440.69,440.86,1398763,8345,441.66
2023-06-16T11:35:00.000,440.86,440.925,440.52,440.5899,1098374,7333,441.63
2023-06-16T11:40:00.000,440.585,441.06,440.535,440.935,767453,6710,441.61
2023-06-16T11:45:00.000,440.94,441.14,440.5,440.62,653046,6136,441.59
2023-06-16T11:50:00.000,440.6,440.96,440.42,440.94,732479,7018,441.56
2023-06-16T11:55:00.000,440.94,441.26,440.88,441.24,769210,6922,441.55
2023-06-16T12:00:00.000,441.25,441.33,441.075,441.27,639108,5194,441.55
2023-06-16T12:05:00.000,441.2762,441.4075,440.98,441.09,707858,4274,441.54
2023-06-16T12:10:00.000,441.11,441.3,440.99,441.0,505714,4643,441.53
2023-06-16T12:15:00.000,441.01,441.44,440.97,441.415,624272,5648,441.53
2023-06-16T12:20:00.000,441.42,441.64,441.34,441.62,615411,5956,441.53
2023-06-16T12:25:00.000,441.63,441.79,441.57,441.75,625283,6302,441.53
2023-06-16T12:30:00.000,441.75,442.01,441.68,442.0,1297409,7617,441.54
2023-06-16T12:35:00.000,442.0,442.01,441.65,441.84,541946,5264,441.54
2023-06-16T12:40:00.000,441.84,441.93,441.6892,441.76,477114,4870,441.54
2023-06-16T12:45:00.000,441.77,442.09,441.69,442.055,538764,5134,441.55
2023-06-16T12:50:00.000,442.04,442.38,442.01,442.27,820225,7429,441.56
2023-06-16T12:55:00.000,442.28,442.35,442.13,442.15,1025734,4696,441.57
2023-06-16T13:00:00.000,442.15,442.24,441.98,442.11,660933,4285,441.58
2023-06-16T13:05:00.000,442.11,442.24,441.7,441.72,526485,5355,441.58
2023-06-16T13:10:00.000,441.72,441.72,441.425,441.65,514502,5200,441.58
2023-06-16T13:15:00.000,441.65,441.76,441.58,441.685,428151,4020,441.58
2023-06-16T13:20:00.000,441.675,441.77,441.41,441.7,554404,3584,441.58
2023-06-16T13:25:00.000,441.7,441.82,441.35,441.45,422056,4311,441.58
2023-06-16T13:30:00.000,441.45,441.53,441.22,441.3,851611,5533,441.58
2023-06-16T13:35:00.000,441.3,441.36,441.03,441.2703,637671,5003,441.58
2023-06-16T13:40:00.000,441.275,441.315,441.06,441.275,657489,5892,441.57
2023-06-16T13:45:00.000,441.275,441.39,440.92,441.05,685846,6386,441.57
2023-06-16T13:50:00.000,441.04,441.39,440.97,441.3835,438479,4269,441.56
2023-06-16T13:55:00.000,441.38,441.3999,441.15,441.32,441915,4273,441.56
2023-06-16T14:00:00.000,441.33,441.43,440.84,440.93,548626,5468,441.55
2023-06-16T14:05:00.000,440.92,441.14,440.88,441.12,468694,4421,441.55
2023-06-16T14:10:00.000,441.1191,441.25,440.86,440.915,566306,5232,441.54
2023-06-16T14:15:00.000,440.9101,441.1,440.84,440.98,568514,5099,441.53
2023-06-16T14:20:00.000,440.97,441.01,440.78,440.97,444021,4569,441.53
2023-06-16T14:25:00.000,440.96,441.08,440.88,441.03,425268,4398,441.52
2023-06-16T14:30:00.000,441.03,441.04,440.37,440.54,762616,7300,441.51
2023-06-16T14:35:00.000,440.54,440.8799,440.52,440.78,455946,5015,441.5
2023-06-16T14:40:00.000,440.79,440.815,440.51,440.58,454355,4793,441.49
2023-06-16T14:45:00.000,440.58,440.65,440.35,440.4399,628759,4915,441.48
2023-06-16T14:50:00.000,440.44,440.62,440.31,440.375,834352,5357,441.47
2023-06-16T14:55:00.000,440.37,440.475,440.06,440.095,1397654,8236,441.44
2023-06-16T15:00:00.000,440.1,440.19,439.64,440.105,1669346,11763,441.4
2023-06-16T15:05:00.000,440.11,440.19,439.68,439.85,1458130,7647,441.37
2023-06-16T15:10:00.000,439.86,439.8698,439.39,439.4,843379,7748,441.35
2023-06-16T15:15:00.000,439.395,439.725,439.35,439.69,1375249,9032,441.31
2023-06-16T15:20:00.000,439.69,440.14,439.69,439.95,1554665,8902,441.29
2023-06-16T15:25:00.000,439.95,439.96,439.48,439.57,1004344,8700,441.26
2023-06-16T15:30:00.000,439.57,440.235,439.54,440.11,2086440,10637,441.23
2023-06-16T15:35:00.000,440.11,440.35,439.99,440.26,1184024,9842,441.21
2023-06-16T15:40:00.000,440.26,440.3,439.7999,439.9,1399758,7585,441.2
2023-06-16T15:45:00.000,439.9,440.29,439.84,440.015,2051169,11824,441.17
2023-06-16T15:50:00.000,440.03,440.1,439.4,439.44,2498139,17436,441.11
2023-06-16T15:55:00.000,439.44,439.51,438.97,439.43,5308682,30183,440.96
2023-06-16T16:00:00.000,439.41,439.41,439.41,439.41,1300,4,440.96
2023-06-17T09:30:00.000,0.0,0.0,0.0,0.0,0,0,0.0
2023-06-17T09:35:00.000,0.0,0.0,0.0,0.0,0,0,0.0
2023-06-17T09:40:00.000,0.0,0.0,0.0,0.0,0,0,0.0
2023-06-17T09:45:00.000,0.0,0.0,0.0,0.0,0,0,0.0
2023-06-17T09:50:00.000,0.0,0.0,0.0,0.0,0,0,0.0
2023-06-17T09:55:00.000,0.0,0.0,0.0,0.0,0,0,0.0
2023-06-17T10:00:00.000,0.0,0.0,0.0,0.0,0,0,0.0
2023-06-17T10:05:00.000,0.0,0.0,0.0,0.0,0,0,0.0
2023-06-17T10:10:00.000,0.0,0.0,0.0,0.0,0,0,0.0
2023-06-17T10:15:00.000,0.0,0.0,0.0,0.0,0,0,0.0
2023-06-17T10:20:00.000,0.0,0.0,0.0,0.0,0,0,0.0
2023-06-17T10:25:00.000,0.0,0.0,0.0,0.0,0,0,0.0
2023-06-17T10:30:00.000,0.0,0.0,0.0,0.0,0,0,0.0
2023-06-17T10:35:00.000,0.0,0.0,0.0,0.0,0,0,0.0
2023-06-17T10:40:00.000,0.0,0.0,0.0,0.0,0,0,0.0
2023-06-17T10:45:00.000,0.0,0.0,0.0,0.0,0,0,0.0
2023-06-17T10:50:00.000,0.0,0.0,0.0,0.0,0,0,0.0
2023-06-17T10:55:00.000,0.0,0.0,0.0,0.0,0,0,0.0
2023-06-17T11:00:00.000,0.0,0.0,0.0,0.0,0,0,0.0
2023-06-17T11:05:00.000,0.0,0.0,0.0,0.0,0,0,0.0
2023-06-17T11:10:00.000,0.0,0.0,0.0,0.0,0,0,0.0
2023-06-17T11:15:00.000,0.0,0.0,0.0,0.0,0,0,0.0
2023-06-17T11:20:00.000,0.0,0.0,0.0,0.0,0,0,0.0
2023-06-17T11:25:00.000,0.0,0.0,0.0,0.0,0,0,0.0
2023-06-17T11:30:00.000,0.0,0.0,0.0,0.0,0,0,0.0
2023-06-17T11:35:00.000,0.0,0.0,0.0,0.0,0,0,0.0
2023-06-17T11:40:00.000,0.0,0.0,0.0,0.0,0,0,0.0
2023-06-17T11:45:00.000,0.0,0.0,0.0,0.0,0,0,0.0
2023-06-17T11:50:00.000,0.0,0.0,0.0,0.0,0,0,0.0
2023-06-17T11:55:00.000,0.0,0.0,0.0,0.0,0,0,0.0
2023-06-17T12:00:00.000,0.0,0.0,0.0,0.0,0,0,0.0
2023-06-17T12:05:00.000,0.0,0.0,0.0,0.0,0,0,0.0
2023-06-17T12:10:00.000,0.0,0.0,0.0,0.0,0,0,0.0
2023-06-17T12:15:00.000,0.0,0.0,0.0,0.0,0,0,0.0
2023-06-17T12:20:00.000,0.0,0.0,0.0,0.0,0,0,0.0
2023-06-17T12:25:00.000,0.0,0.0,0.0,0.0,0,0,0.0
2023-06-17T12:30:00.000,0.0,0.0,0.0,0.0,0,0,0.0
2023-06-17T12:35:00.000,0.0,0.0,0.0,0.0,0,0,0.0
2023-06-17T12:40:00.000,0.0,0.0,0.0,0.0,0,0,0.0
2023-06-17T12:45:00.000,0.0,0.0,0.0,0.0,0,0,0.0
2023-06-17T12:50:00.000,0.0,0.0,0.0,0.0,0,0,0.0
2023-06-17T12:55:00.000,0.0,0.0,0.0,0.0,0,0,0.0
2023-06-17T13:00:00.000,0.0,0.0,0.0,0.0,0,0,0.0
2023-06-17T13:05:00.000,0.0,0.0,0.0,0.0,0,0,0.0
2023-06-17T13:10:00.000,0.0,0.0,0.0,0.0,0,0,0.0
2023-06-17T13:15:00.000,0.0,0.0,0.0,0.0,0,0,0.0
2023-06-17T13:20:00.000,0.0,0.0,0.0,0.0,0,0,0.0
2023-06-17T13:25:00.000,0.0,0.0,0.0,0.0,0,0,0.0
2023-06-17T13:30:00.000,0.0,0.0,0.0,0.0,0,0,0.0
2023-06-17T13:35:00.000,0.0,0.0,0.0,0.0,0,0,0.0
2023-06-17T13:40:00.000,0.0,0.0,0.0,0.0,0,0,0.0
2023-06-17T13:45:00.000,0.0,0.0,0.0,0.0,0,0,0.0
2023-06-17T13:50:00.000,0.0,0.0,0.0,0.0,0,0,0.0
2023-06-17T13:55:00.000,0.0,0.0,0.0,0.0,0,0,0.0
2023-06-17T14:00:00.000,0.0,0.0,0.0,0.0,0,0,0.0
2023-06-17T14:05:00.000,0.0,0.0,0.0,0.0,0,0,0.0
2023-06-17T14:10:00.000,0.0,0.0,0.0,0.0,0,0,0.0
2023-06-17T14:15:00.000,0.0,0.0,0.0,0.0,0,0,0.0
2023-06-17T14:20:00.000,0.0,0.0,0.0,0.0,0,0,0.0
2023-06-17T14:25:00.000,0.0,0.0,0.0,0.0,0,0,0.0
2023-06-17T14:30:00.000,0.0,0.0,0.0,0.0,0,0,0.0
2023-06-17T14:35:00.000,0.0,0.0,0.0,0.0,0,0,0.0
2023-06-17T14:40:00.000,0.0,0.0,0.0,0.0,0,0,0.0
2023-06-17T14:45:00.000,0.0,0.0,0.0,0.0,0,0,0.0
2023-06-17T14:50:00.000,0.0,0.0,0.0,0.0,0,0,0.0
2023-06-17T14:55:00.000,0.0,0.0,0.0,0.0,0,0,0.0
2023-06-17T15:00:00.000,0.0,0.0,0.0,0.0,0,0,0.0
2023-06-17T15:05:00.000,0.0,0.0,0.0,0.0,0,0,0.0
2023-06-17T15:10:00.000,0.0,0.0,0.0,0.0,0,0,0.0
2023-06-17T15:15:00.000,0.0,0.0,0.0,0.0,0,0,0.0
2023-06-17T15:20:00.000,0.0,0.0,0.0,0.0,0,0,0.0
2023-06-17T15:25:00.000,0.0,0.0,0.0,0.0,0,0,0.0
2023-06-17T15:30:00.000,0.0,0.0,0.0,0.0,0,0,0.0
2023-06-17T15:35:00.000,0.0,0.0,0.0,0.0,0,0,0.0
2023-06-17T15:40:00.000,0.0,0.0,0.0,0.0,0,0,0.0
2023-06-17T15:45:00.000,0.0,0.0,0.0,0.0,0,0,0.0
2023-06-17T15:50:00.000,0.0,0.0,0.0,0.0,0,0,0.0
2023-06-17T15:55:00.000,0.0,0.0,0.0,0.0,0,0,0.0
2023-06-17T16:00:00.000,0.0,0.0,0.0,0.0,0,0,0.0
2023-06-18T09:30:00.000,0.0,0.0,0.0,0.0,0,0,0.0
2023-06-18T09:35:00.000,0.0,0.0,0.0,0.0,0,0,0.0
2023-06-18T09:40:00.000,0.0,0.0,0.0,0.0,0,0,0.0
2023-06-18T09:45:00.000,0.0,0.0,0.0,0.0,0,0,0.0
2023-06-18T09:50:00.000,0.0,0.0,0.0,0.0,0,0,0.0
2023-06-18T09:55:00.000,0.0,0.0,0.0,0.0,0,0,0.0
2023-06-18T10:00:00.000,0.0,0.0,0.0,0.0,0,0,0.0
2023-06-18T10:05:00.000,0.0,0.0,0.0,0.0,0,0,0.0
2023-06-18T10:10:00.000,0.0,0.0,0.0,0.0,0,0,0.0
2023-06-18T10:15:00.000,0.0,0.0,0.0,0.0,0,0,0.0
2023-06-18T10:20:00.000,0.0,0.0,0.0,0.0,0,0,0.0
2023-06-18T10:25:00.000,0.0,0.0,0.0,0.0,0,0,0.0
2023-06-18T10:30:00.000,0.0,0.0,0.0,0.0,0,0,0.0
2023-06-18T10:35:00.000,0.0,0.0,0.0,0.0,0,0,0.0
2023-06-18T10:40:00.000,0.0,0.0,0.0,0.0,0,0,0.0
2023-06-18T10:45:00.000,0.0,0.0,0.0,0.0,0,0,0.0
2023-06-18T10:50:00.000,0.0,0.0,0.0,0.0,0,0,0.0
2023-06-18T10:55:00.000,0.0,0.0,0.0,0.0,0,0,0.0
2023-06-18T11:00:00.000,0.0,0.0,0.0,0.0,0,0,0.0
2023-06-18T11:05:00.000,0.0,0.0,0.0,0.0,0,0,0.0
2023-06-18T11:10:00.000,0.0,0.0,0.0,0.0,0,0,0.0
2023-06-18T11:15:00.000,0.0,0.0,0.0,0.0,0,0,0.0
2023-06-18T11:20:00.000,0.0,0.0,0.0,0.0,0,0,0.0
2023-06-18T11:25:00.000,0.0,0.0,0.0,0.0,0,0,0.0
2023-06-18T11:30:00.000,0.0,0.0,0.0,0.0,0,0,0.0
2023-06-18T11:35:00.000,0.0,0.0,0.0,0.0,0,0,0.0
2023-06-18T11:40:00.000,0.0,0.0,0.0,0.0,0,0,0.0
2023-06-18T11:45:00.000,0.0,0.0,0.0,0.0,0,0,0.0
2023-06-18T11:50:00.000,0.0,0.0,0.0,0.0,0,0,0.0
2023-06-18T11:55:00.000,0.0,0.0,0.0,0.0,0,0,0.0
2023-06-18T12:00:00.000,0.0,0.0,0.0,0.0,0,0,0.0
2023-06-18T12:05:00.000,0.0,0.0,0.0,0.0,0,0,0.0
2023-06-18T12:10:00.000,0.0,0.0,0.0,0.0,0,0,0.0
2023-06-18T12:15:00.000,0.0,0.0,0.0,0.0,0,0,0.0
2023-06-18T12:20:00.000,0.0,0.0,0.0,0.0,0,0,0.0
2023-06-18T12:25:00.000,0.0,0.0,0.0,0.0,0,0,0.0
2023-06-18T12:30:00.000,0.0,0.0,0.0,0.0,0,0,0.0
2023-06-18T12:35:00.000,0.0,0.0,0.0,0.0,0,0,0.0
2023-06-18T12:40:00.000,0.0,0.0,0.0,0.0,0,0,0.0
2023-06-18T12:45:00.000,0.0,0.0,0.0,0.0,0,0,0.0
2023-06-18T12:50:00.000,0.0,0.0,0.0,0.0,0,0,0.0
2023-06-18T12:55:00.000,0.0,0.0,0.0,0.0,0,0,0.0
2023-06-18T13:00:00.000,0.0,0.0,0.0,0.0,0,0,0.0
2023-06-18T13:05:00.000,0.0,0.0,0.0,0.0,0,0,0.0
2023-06-18T13:10:00.000,0.0,0.0,0.0,0.0,0,0,0.0
2023-06-18T13:15:00.000,0.0,0.0,0.0,0.0,0,0,0.0
2023-06-18T13:20:00.000,0.0,0.0,0.0,0.0,0,0,0.0
2023-06-18T13:25:00.000,0.0,0.0,0.0,0.0,0,0,0.0
2023-06-18T13:30:00.000,0.0,0.0,0.0,0.0,0,0,0.0
2023-06-18T13:35:00.000,0.0,0.0,0.0,0.0,0,0,0.0
2023-06-18T13:40:00.000,0.0,0.0,0.0,0.0,0,0,0.0
2023-06-18T13:45:00.000,0.0,0.0,0.0,0.0,0,0,0.0
2023-06-18T13:50:00.000,0.0,0.0,0.0,0.0,0,0,0.0
2023-06-18T13:55:00.000,0.0,0.0,0.0,0.0,0,0,0.0
2023-06-18T14:00:00.000,0.0,0.0,0.0,0.0,0,0,0.0
2023-06-18T14:05:00.000,0.0,0.0,0.0,0.0,0,0,0.0
2023-06-18T14:10:00.000,0.0,0.0,0.0,0.0,0,0,0.0
2023-06-18T14:15:00.000,0.0,0.0,0.0,0.0,0,0,0.0
2023-06-18T14:20:00.000,0.0,0.0,0.0,0.0,0,0,0.0
2023-06-18T14:25:00.000,0.0,0.0,0.0,0.0,0,0,0.0
2023-06-18T14:30:00.000,0.0,0.0,0.0,0.0,0,0,0.0
2023-06-18T14:35:00.000,0.0,0.0,0.0,0.0,0,0,0.0
2023-06-18T14:40:00.000,0.0,0.0,0.0,0.0,0,0,0.0
2023-06-18T14:45:00.000,0.0,0.0,0.0,0.0,0,0,0.0
2023-06-18T14:50:00.000,0.0,0.0,0.0,0.0,0,0,0.0
2023-06-18T14:55:00.000,0.0,0.0,0.0,0.0,0,0,0.0
2023-06-18T15:00:00.000,0.0,0.0,0.0,0.0,0,0,0.0
2023-06-18T15:05:00.000,0.0,0.0,0.0,0.0,0,0,0.0
2023-06-18T15:10:00.000,0.0,0.0,0.0,0.0,0,0,0.0
2023-06-18T15:15:00.000,0.0,0.0,0.0,0.0,0,0,0.0
2023-06-18T15:20:00.000,0.0,0.0,0.0,0.0,0,0,0.0
2023-06-18T15:25:00.000,0.0,0.0,0.0,0.0,0,0,0.0
2023-06-18T15:30:00.000,0.0,0.0,0.0,0.0,0,0,0.0
2023-06-18T15:35:00.000,0.0,0.0,0.0,0.0,0,0,0.0
2023-06-18T15:40:00.000,0.0,0.0,0.0,0.0,0,0,0.0
2023-06-18T15:45:00.000,0.0,0.0,0.0,0.0,0,0,0.0
2023-06-18T15:50:00.000,0.0,0.0,0.0,0.0,0,0,0.0
2023-06-18T15:55:00.000,0.0,0.0,0.0,0.0,0,0,0.0
2023-06-18T16:00:00.000,0.0,0.0,0.0,0.0,0,0,0.0
2023-06-19T09:30:00.000,0.0,0.0,0.0,0.0,0,0,0.0
2023-06-19T09:35:00.000,0.0,0.0,0.0,0.0,0,0,0.0
2023-06-19T09:40:00.000,0.0,0.0,0.0,0.0,0,0,0.0
2023-06-19T09:45:00.000,0.0,0.0,0.0,0.0,0,0,0.0
2023-06-19T09:50:00.000,0.0,0.0,0.0,0.0,0,0,0.0
2023-06-19T09:55:00.000,0.0,0.0,0.0,0.0,0,0,0.0
2023-06-19T10:00:00.000,0.0,0.0,0.0,0.0,0,0,0.0
2023-06-19T10:05:00.000,0.0,0.0,0.0,0.0,0,0,0.0
2023-06-19T10:10:00.000,0.0,0.0,0.0,0.0,0,0,0.0
2023-06-19T10:15:00.000,0.0,0.0,0.0,0.0,0,0,0.0
2023-06-19T10:20:00.000,0.0,0.0,0.0,0.0,0,0,0.0
2023-06-19T10:25:00.000,0.0,0.0,0.0,0.0,0,0,0.0
2023-06-19T10:30:00.000,0.0,0.0,0.0,0.0,0,0,0.0
2023-06-19T10:35:00.000,0.0,0.0,0.0,0.0,0,0,0.0
2023-06-19T10:40:00.000,0.0,0.0,0.0,0.0,0,0,0.0
2023-06-19T10:45:00.000,0.0,0.0,0.0,0.0,0,0,0.0
2023-06-19T10:50:00.000,0.0,0.0,0.0,0.0,0,0,0.0
2023-06-19T10:55:00.000,0.0,0.0,0.0,0.0,0,0,0.0
2023-06-19T11:00:00.000,0.0,0.0,0.0,0.0,0,0,0.0
2023-06-19T11:05:00.000,0.0,0.0,0.0,0.0,0,0,0.0
2023-06-19T11:10:00.000,0.0,0.0,0.0,0.0,0,0,0.0
2023-06-19T11:15:00.000,0.0,0.0,0.0,0.0,0,0,0.0
2023-06-19T11:20:00.000,0.0,0.0,0.0,0.0,0,0,0.0
2023-06-19T11:25:00.000,0.0,0.0,0.0,0.0,0,0,0.0
2023-06-19T11:30:00.000,0.0,0.0,0.0,0.0,0,0,0.0
2023-06-19T11:35:00.000,0.0,0.0,0.0,0.0,0,0,0.0
2023-06-19T11:40:00.000,0.0,0.0,0.0,0.0,0,0,0.0
2023-06-19T11:45:00.000,0.0,0.0,0.0,0.0,0,0,0.0
2023-06-19T11:50:00.000,0.0,0.0,0.0,0.0,0,0,0.0
2023-06-19T11:55:00.000,0.0,0.0,0.0,0.0,0,0,0.0
2023-06-19T12:00:00.000,0.0,0.0,0.0,0.0,0,0,0.0
2023-06-19T12:05:00.000,0.0,0.0,0.0,0.0,0,0,0.0
2023-06-19T12:10:00.000,0.0,0.0,0.0,0.0,0,0,0.0
2023-06-19T12:15:00.000,0.0,0.0,0.0,0.0,0,0,0.0
2023-06-19T12:20:00.000,0.0,0.0,0.0,0.0,0,0,0.0
2023-06-19T12:25:00.000,0.0,0.0,0.0,0.0,0,0,0.0
2023-06-19T12:30:00.000,0.0,0.0,0.0,0.0,0,0,0.0
2023-06-19T12:35:00.000,0.0,0.0,0.0,0.0,0,0,0.0
2023-06-19T12:40:00.000,0.0,0.0,0.0,0.0,0,0,0.0
2023-06-19T12:45:00.000,0.0,0.0,0.0,0.0,0,0,0.0
2023-06-19T12:50:00.000,0.0,0.0,0.0,0.0,0,0,0.0
2023-06-19T12:55:00.000,0.0,0.0,0.0,0.0,0,0,0.0
2023-06-19T13:00:00.000,0.0,0.0,0.0,0.0,0,0,0.0
2023-06-19T13:05:00.000,0.0,0.0,0.0,0.0,0,0,0.0
2023-06-19T13:10:00.000,0.0,0.0,0.0,0.0,0,0,0.0
2023-06-19T13:15:00.000,0.0,0.0,0.0,0.0,0,0,0.0
2023-06-19T13:20:00.000,0.0,0.0,0.0,0.0,0,0,0.0
2023-06-19T13:25:00.000,0.0,0.0,0.0,0.0,0,0,0.0
2023-06-19T13:30:00.000,0.0,0.0,0.0,0.0,0,0,0.0
2023-06-19T13:35:00.000,0.0,0.0,0.0,0.0,0,0,0.0
2023-06-19T13:40:00.000,0.0,0.0,0.0,0.0,0,0,0.0
2023-06-19T13:45:00.000,0.0,0.0,0.0,0.0,0,0,0.0
2023-06-19T13:50:00.000,0.0,0.0,0.0,0.0,0,0,0.0
2023-06-19T13:55:00.000,0.0,0.0,0.0,0.0,0,0,0.0
2023-06-19T14:00:00.000,0.0,0.0,0.0,0.0,0,0,0.0
2023-06-19T14:05:00.000,0.0,0.0,0.0,0.0,0,0,0.0
2023-06-19T14:10:00.000,0.0,0.0,0.0,0.0,0,0,0.0
2023-06-19T14:15:00.000,0.0,0.0,0.0,0.0,0,0,0.0
2023-06-19T14:20:00.000,0.0,0.0,0.0,0.0,0,0,0.0
2023-06-19T14:25:00.000,0.0,0.0,0.0,0.0,0,0,0.0
2023-06-19T14:30:00.000,0.0,0.0,0.0,0.0,0,0,0.0
2023-06-19T14:35:00.000,0.0,0.0,0.0,0.0,0,0,0.0
2023-06-19T14:40:00.000,0.0,0.0,0.0,0.0,0,0,0.0
2023-06-19T14:45:00.000,0.0,0.0,0.0,0.0,0,0,0.0
2023-06-19T14:50:00.000,0.0,0.0,0.0,0.0,0,0,0.0
2023-06-19T14:55:00.000,0.0,0.0,0.0,0.0,0,0,0.0
2023-06-19T15:00:00.000,0.0,0.0,0.0,0.0,0,0,0.0
2023-06-19T15:05:00.000,0.0,0.0,0.0,0.0,0,0,0.0
2023-06-19T15:10:00.000,0.0,0.0,0.0,0.0,0,0,0.0
2023-06-19T15:15:00.000,0.0,0.0,0.0,0.0,0,0,0.0
2023-06-19T15:20:00.000,0.0,0.0,0.0,0.0,0,0,0.0
2023-06-19T15:25:00.000,0.0,0.0,0.0,0.0,0,0,0.0
2023-06-19T15:30:00.000,0.0,0.0,0.0,0.0,0,0,0.0
2023-06-19T15:35:00.000,0.0,0.0,0.0,0.0,0,0,0.0
2023-06-19T15:40:00.000,0.0,0.0,0.0,0.0,0,0,0.0
2023-06-19T15:45:00.000,0.0,0.0,0.0,0.0,0,0,0.0
2023-06-19T15:50:00.000,0.0,0.0,0.0,0.0,0,0,0.0
2023-06-19T15:55:00.000,0.0,0.0,0.0,0.0,0,0,0.0
2023-06-19T16:00:00.000,0.0,0.0,0.0,0.0,0,0,0.0
2023-06-20T09:30:00.000,437.45,438.08,437.09,438.0301,2584876,22147,437.52
2023-06-20T09:35:00.000,438.05,438.17,437.82,438.05,835287,8128,437.65
2023-06-20T09:40:00.000,438.04,438.1,437.31,437.77,1161732,10344,437.65
2023-06-20T09:45:00.000,437.77,438.07,437.7,438.0,678372,6987,437.68
2023-06-20T09:50:00.000,438.01,438.03,437.56,437.59,806795,8405,437.7
2023-06-20T09:55:00.000,437.59,437.69,437.16,437.27,972662,10790,437.65
2023-06-20T10:00:00.000,437.275,437.28,436.81,437.135,1416283,12023,437.56
2023-06-20T10:05:00.000,437.12,437.22,436.855,437.0602,797933,8346,437.51
2023-06-20T10:10:00.000,437.0599,437.39,436.69,436.755,821267,9042,437.48
2023-06-20T10:15:00.000,436.75,436.77,436.06,436.16,1573378,11622,437.36
2023-06-20T10:20:00.000,436.1599,436.18,435.41,435.51,1874297,16836,437.12
2023-06-20T10:25:00.000,435.51,435.6691,435.0631,435.28,1478221,13763,436.93
2023-06-20T10:30:00.000,435.3,435.63,435.03,435.47,1679298,15314,436.76
2023-06-20T10:35:00.000,435.48,435.5582,435.23,435.3925,800473,8492,436.7
2023-06-20T10:40:00.000,435.395,435.92,435.37,435.84,1714837,9689,436.65
2023-06-20T10:45:00.000,435.85,436.015,435.78,435.942,1026516,7312,436.62
2023-06-20T10:50:00.000,435.95,436.0,435.48,435.59,885382,7993,436.59
2023-06-20T10:55:00.000,435.6,435.88,435.42,435.76,672973,6339,436.56
2023-06-20T11:00:00.000,435.77,436.31,435.77,436.085,809851,8227,436.54
2023-06-20T11:05:00.000,436.09,436.37,435.9602,436.01,631171,6271,436.53
2023-06-20T11:10:00.000,436.0188,436.0799,435.77,435.895,494659,5026,436.51
2023-06-20T11:15:00.000,435.89,435.99,435.75,435.88,560149,5102,436.5
2023-06-20T11:20:00.000,435.88,435.96,435.7,435.7501,448505,4698,436.48
2023-06-20T11:25:00.000,435.7501,435.97,435.69,435.8814,396490,4022,436.47
2023-06-20T11:30:00.000,435.9,436.245,435.875,436.035,698825,6708,436.46
2023-06-20T11:35:00.000,436.03,436.3201,436.025,436.3,490663,4672,436.45
2023-06-20T11:40:00.000,436.3,436.385,435.99,435.9901,504341,5090,436.45
2023-06-20T11:45:00.000,435.99,436.42,435.94,436.3694,485136,4425,436.44
2023-06-20T11:50:00.000,436.37,436.415,436.14,436.21,362911,3817,436.44
2023-06-20T11:55:00.000,436.21,436.39,436.05,436.06,508325,4683,436.44
2023-06-20T12:00:00.000,436.06,436.195,435.93,436.0001,478193,4151,436.43
2023-06-20T12:05:00.000,436.0,436.24,435.85,436.0001,456465,4933,436.42
2023-06-20T12:10:00.000,436.01,436.56,435.985,436.35,437221,4804,436.42
2023-06-20T12:15:00.000,436.355,436.54,436.29,436.48,470065,4807,436.42
2023-06-20T12:20:00.000,436.475,437.0,436.46,436.94,617072,6187,436.43
2023-06-20T12:25:00.000,436.95,437.36,436.92,437.2,841571,8161,436.45
2023-06-20T12:30:00.000,437.2,437.33,437.06,437.32,1005394,7787,436.48
2023-06-20T12:35:00.000,437.32,437.69,437.29,437.44,899083,7524,436.5
2023-06-20T12:40:00.000,437.44,437.9,437.44,437.7001,844657,7365,436.53
2023-06-20T12:45:00.000,437.715,437.95,437.61,437.87,681904,6407,436.56
2023-06-20T12:50:00.000,437.87,437.98,437.7,437.715,616014,5088,436.58
2023-06-20T12:55:00.000,437.71,437.89,437.605,437.825,634190,5594,436.61
2023-06-20T13:00:00.000,437.83,437.92,437.67,437.7401,2410974,4495,436.62
2023-06-20T13:05:00.000,437.73,437.79,437.4,437.6499,685167,6539,436.64
2023-06-20T13:10:00.000,437.65,437.9,437.49,437.7799,860008,4403,436.65
2023-06-20T13:15:00.000,437.78,437.99,437.78,437.9724,497500,4555,436.67
2023-06-20T13:20:00.000,437.98,438.37,437.92,438.205,830353,7618,436.7
2023-06-20T13:25:00.000,438.205,438.24,437.94,438.056,1604356,5933,436.73
2023-06-20T13:30:00.000,438.055,438.235,438.0017,438.1211,556404,5374,436.75
2023-06-20T13:35:00.000,438.13,438.135,437.77,437.835,436251,4167,436.76
2023-06-20T13:40:00.000,437.84,438.06,437.83,437.95,316333,3197,436.77
2023-06-20T13:45:00.000,437.95,438.13,437.8501,438.0498,322064,3544,436.78
2023-06-20T13:50:00.000,438.05,438.065,437.67,437.69,437433,4218,436.79
2023-06-20T13:55:00.000,437.6899,437.77,437.3,437.44,665992,5812,436.8
2023-06-20T14:00:00.000,437.44,437.6795,437.34,437.6,440368,4470,436.81
2023-06-20T14:05:00.000,437.6,437.63,437.37,437.38,381669,3563,436.82
2023-06-20T14:10:00.000,437.388,437.53,437.335,437.46,352475,3356,436.82
2023-06-20T14:15:00.000,437.46,437.74,437.46,437.7,489857,4396,436.83
2023-06-20T14:20:00.000,437.698,437.98,437.6899,437.845,458004,4853,436.84
2023-06-20T14:25:00.000,437.85,438.02,437.79,437.985,320735,3559,436.85
2023-06-20T14:30:00.000,437.995,438.025,437.7,437.75,339964,3800,436.86
2023-06-20T14:35:00.000,437.76,437.83,437.52,437.66,490087,4383,436.87
2023-06-20T14:40:00.000,437.665,437.665,437.3,437.415,531249,4793,436.87
2023-06-20T14:45:00.000,437.42,437.58,437.22,437.56,665719,4034,436.88
2023-06-20T14:50:00.000,437.5538,437.66,437.39,437.48,578267,3029,436.88
2023-06-20T14:55:00.000,437.49,437.669,437.4601,437.5801,493587,3038,436.88
2023-06-20T15:00:00.000,437.6,437.7366,437.34,437.415,424824,4247,436.89
2023-06-20T15:05:00.000,437.41,437.5399,437.24,437.51,366681,3558,436.89
2023-06-20T15:10:00.000,437.51,437.59,437.285,437.49,490937,4614,436.9
2023-06-20T15:15:00.000,437.49,437.49,437.19,437.26,516674,4988,436.9
2023-06-20T15:20:00.000,437.255,437.43,437.17,437.385,557973,5364,436.91
2023-06-20T15:25:00.000,437.39,437.515,437.22,437.45,561041,5437,436.91
2023-06-20T15:30:00.000,437.46,437.55,437.12,437.19,914316,7183,436.92
2023-06-20T15:35:00.000,437.18,437.37,437.1,437.31,654679,5808,436.92
2023-06-20T15:40:00.000,437.3,437.6,437.19,437.6,831581,7995,436.93
2023-06-20T15:45:00.000,437.59,437.71,437.445,437.695,1236877,10938,436.95
2023-06-20T15:50:00.000,437.68,438.0,437.37,437.455,1785784,13937,436.97
2023-06-20T15:55:00.000,437.46,437.53,437.2,437.23,7237132,26333,437.01
2023-06-20T16:00:00.000,437.23,437.23,437.23,437.23,189,3,437.01
2023-06-21T09:30:00.000,436.16,436.28,435.47,435.57,1471108,13107,435.78
2023-06-21T09:35:00.000,435.56,435.84,435.38,435.49,836748,9006,435.72
2023-06-21T09:40:00.000,435.5,435.67,435.2299,435.41,872850,8724,435.64
2023-06-21T09:45:00.000,435.41,435.91,435.325,435.52,729744,8135,435.63
2023-06-21T09:50:00.000,435.53,435.56,435.18,435.3,729526,8430,435.59
2023-06-21T09:55:00.000,435.28,435.41,434.84,435.24,935472,9851,435.5
2023-06-21T10:00:00.000,435.23,435.39,434.46,434.74,1180645,11847,435.38
2023-06-21T10:05:00.000,434.7401,435.05,434.38,434.685,1003390,9798,435.29
2023-06-21T10:10:00.000,434.69,435.28,434.66,435.275,771983,8576,435.26
2023-06-21T10:15:00.000,435.27,435.8106,435.16,435.24,1093384,9644,435.28
2023-06-21T10:20:00.000,435.23,435.51,435.1101,435.275,1171603,7471,435.29
2023-06-21T10:25:00.000,435.2701,435.475,435.0575,435.3401,877531,8771,435.28
2023-06-21T10:30:00.000,435.35,435.65,435.18,435.455,1219013,6898,435.29
2023-06-21T10:35:00.000,435.44,435.6399,435.18,435.55,462843,5080,435.3
2023-06-21T10:40:00.000,435.56,435.6778,434.92,434.97,859217,7294,435.3
2023-06-21T10:45:00.000,434.97,435.06,434.59,434.65,842689,7180,435.27
2023-06-21T10:50:00.000,434.66,434.95,434.33,434.875,1119322,10269,435.22
2023-06-21T10:55:00.000,434.875,435.32,434.7922,435.2616,789075,7841,435.21
2023-06-21T11:00:00.000,435.265,435.52,434.96,435.045,695222,6828,435.21
2023-06-21T11:05:00.000,435.045,435.15,434.45,434.629,1056806,7219,435.19
2023-06-21T11:10:00.000,434.62,434.85,434.5022,434.71,877324,7881,435.17
2023-06-21T11:15:00.000,434.72,434.7699,434.4508,434.4508,904835,6403,435.15
2023-06-21T11:20:00.000,434.46,435.065,434.41,434.8324,808692,7703,435.13
2023-06-21T11:25:00.000,434.8324,435.35,434.82,435.32,683494,6599,435.13
2023-06-21T11:30:00.000,435.33,435.41,435.13,435.25,559288,4885,435.14
2023-06-21T11:35:00.000,435.24,435.88,435.24,435.7502,699925,6677,435.15
2023-06-21T11:40:00.000,435.755,436.02,435.53,435.53,746259,6850,435.18
2023-06-21T11:45:00.000,435.53,435.78,435.515,435.65,372288,3707,435.18
2023-06-21T11:50:00.000,435.63,435.66,435.2099,435.2099,601305,5194,435.19
2023-06-21T11:55:00.000,435.21,435.41,435.08,435.115,517753,4849,435.19
2023-06-21T12:00:00.000,435.11,435.47,435.05,435.43,727099,6329,435.19
2023-06-21T12:05:00.000,435.46,435.78,435.31,435.64,613518,6313,435.2
2023-06-21T12:10:00.000,435.64,435.7093,435.44,435.6821,375174,3491,435.21
2023-06-21T12:15:00.000,435.662,436.21,435.64,435.8892,872743,6674,435.23
2023-06-21T12:20:00.000,435.89,436.02,435.67,435.83,776327,4777,435.24
2023-06-21T12:25:00.000,435.84,435.88,435.582,435.88,381844,3887,435.25
2023-06-21T12:30:00.000,435.89,436.17,435.83,435.875,671303,5783,435.27
2023-06-21T12:35:00.000,435.87,435.9082,435.65,435.89,718392,4352,435.28
2023-06-21T12:40:00.000,435.89,436.025,435.65,435.73,646535,3709,435.29
2023-06-21T12:45:00.000,435.73,435.73,435.31,435.31,580764,5292,435.29
2023-06-21T12:50:00.000,435.33,435.67,435.33,435.435,349108,3578,435.29
2023-06-21T12:55:00.000,435.415,435.5,435.16,435.315,621382,5731,435.29
2023-06-21T13:00:00.000,435.33,435.34,434.87,435.31,829935,7620,435.29
2023-06-21T13:05:00.000,435.31,435.52,435.17,435.52,447804,4457,435.29
2023-06-21T13:10:00.000,435.53,435.64,435.2,435.242,386138,3779,435.29
2023-06-21T13:15:00.000,435.2404,435.4201,435.15,435.2708,452093,4092,435.29
2023-06-21T13:20:00.000,435.28,435.28,434.97,435.0,748808,4313,435.29
2023-06-21T13:25:00.000,434.99,435.285,434.9001,435.11,707647,4410,435.28
2023-06-21T13:30:00.000,435.105,435.3199,435.01,435.22,392368,4191,435.28
2023-06-21T13:35:00.000,435.225,435.47,435.14,435.45,411678,3818,435.28
2023-06-21T13:40:00.000,435.45,435.52,435.17,435.3,445973,4470,435.28
2023-06-21T13:45:00.000,435.3,435.645,435.295,435.52,354827,3974,435.29
2023-06-21T13:50:00.000,435.52,435.77,435.455,435.6904,448491,4525,435.29
2023-06-21T13:55:00.000,435.68,435.89,435.565,435.8799,397078,3806,435.3
2023-06-21T14:00:00.000,435.88,435.93,435.76,435.825,347385,3728,435.3
2023-06-21T14:05:00.000,435.825,436.02,435.775,435.8,619913,5904,435.31
2023-06-21T14:10:00.000,435.78,436.09,435.7501,436.09,574065,5810,435.32
2023-06-21T14:15:00.000,436.09,436.47,436.07,436.4,827973,7430,435.34
2023-06-21T14:20:00.000,436.43,436.67,436.38,436.6101,1176947,9309,435.38
2023-06-21T14:25:00.000,436.64,436.7,436.42,436.6799,663351,6135,435.4
2023-06-21T14:30:00.000,436.67,436.99,436.64,436.85,890934,7516,435.43
2023-06-21T14:35:00.000,436.86,436.88,436.52,436.65,634057,5661,435.45
2023-06-21T14:40:00.000,436.6529,436.71,436.41,436.585,560221,5156,435.46
2023-06-21T14:45:00.000,436.58,436.625,436.3,436.35,695446,4143,435.47
2023-06-21T14:50:00.000,436.34,436.81,436.325,436.665,1081888,5381,435.49
2023-06-21T14:55:00.000,436.66,436.66,436.365,436.515,385942,4062,435.5
2023-06-21T15:00:00.000,436.52,436.52,435.965,436.0,1412043,6220,435.51
2023-06-21T15:05:00.000,436.0,436.155,435.8,436.07,648573,5590,435.52
2023-06-21T15:10:00.000,436.065,436.31,435.96,436.255,708209,4867,435.53
2023-06-21T15:15:00.000,436.26,436.3777,436.13,436.29,554158,5313,435.54
2023-06-21T15:20:00.000,436.28,436.29,435.86,435.9,1562155,6444,435.54
2023-06-21T15:25:00.000,435.9,435.9699,435.71,435.72,1089108,5973,435.55
2023-06-21T15:30:00.000,435.72,435.819,435.11,435.161,1819127,11770,435.54
2023-06-21T15:35:00.000,435.165,435.2799,434.685,435.025,1798705,14256,435.53
2023-06-21T15:40:00.000,435.04,435.39,434.925,435.29,1179621,9663,435.52
2023-06-21T15:45:00.000,435.31,435.52,435.19,435.4593,1315486,9009,435.52
2023-06-21T15:50:00.000,435.46,435.68,435.29,435.3516,3132699,15498,435.51
2023-06-21T15:55:00.000,435.36,435.38,434.625,434.93,6153241,26186,435.46
2023-06-21T16:00:00.000,434.93,434.93,434.93,434.93,750,3,435.46
2023-06-22T09:30:00.000,433.95,434.055,433.67,433.73,2220971,17919,433.84
2023-06-22T09:35:00.000,433.72,434.25,433.62,433.8601,1478490,11636,433.87
2023-06-22T09:40:00.000,433.89,434.32,433.6,434.29,989364,8721,433.89
2023-06-22T09:45:00.000,434.28,434.3299,434.03,434.25,787557,8239,433.94
2023-06-22T09:50:00.000,434.25,434.7,434.2201,434.65,961161,7774,434.01
2023-06-22T09:55:00.000,434.65,435.0899,434.63,434.7472,832401,8743,434.12
2023-06-22T10:00:00.000,434.79,434.99,434.58,434.97,579727,6499,434.17
2023-06-22T10:05:00.000,434.96,435.03,434.515,434.75,930245,6770,434.21
2023-06-22T10:10:00.000,434.75,435.77,434.73,435.72,1171917,11271,434.36
2023-06-22T10:15:00.000,435.74,436.02,435.56,435.69,1040511,9992,434.5
2023-06-22T10:20:00.000,435.64,435.7205,435.32,435.4101,683511,7741,434.56
2023-06-22T10:25:00.000,435.42,435.65,435.21,435.58,799740,7851,434.63
2023-06-22T10:30:00.000,435.59,435.85,435.4,435.59,857362,7345,434.7
2023-06-22T10:35:00.000,435.58,435.7,435.0,435.05,748253,6852,434.74
2023-06-22T10:40:00.000,435.04,435.11,434.03,434.4789,1437946,12034,434.71
2023-06-22T10:45:00.000,434.45,434.67,434.11,434.65,719887,6813,434.7
2023-06-22T10:50:00.000,434.62,434.82,434.28,434.32,604218,6039,434.69
2023-06-22T10:55:00.000,434.31,434.59,434.1625,434.5295,1626420,4111,434.69
2023-06-22T11:00:00.000,434.52,435.03,434.48,434.96,493220,4915,434.69
2023-06-22T11:05:00.000,434.97,435.4,434.95,435.06,541512,5415,434.7
2023-06-22T11:10:00.000,435.06,435.125,434.71,434.9,521195,4145,434.71
2023-06-22T11:15:00.000,434.89,435.27,434.74,435.0901,517128,4588,434.72
2023-06-22T11:20:00.000,435.095,435.33,434.7,434.93,501193,4727,434.73
2023-06-22T11:25:00.000,434.925,435.09,434.72,434.86,415437,4055,434.73
2023-06-22T11:30:00.000,434.84,435.2,434.74,435.049,436770,4481,434.73
2023-06-22T11:35:00.000,435.04,435.48,434.995,435.275,433608,4381,434.74
2023-06-22T11:40:00.000,435.26,435.83,435.25,435.73,585228,6030,434.77
2023-06-22T11:45:00.000,435.73,435.83,435.6,435.71,567004,4754,434.79
2023-06-22T11:50:00.000,435.71,435.82,435.41,435.42,388812,4404,434.81
2023-06-22T11:55:00.000,435.425,435.59,435.35,435.57,451223,4036,434.82
2023-06-22T12:00:00.000,435.58,435.59,435.0,435.17,490378,4479,434.83
2023-06-22T12:05:00.000,435.18,435.21,434.95,435.13,453618,4191,434.83
2023-06-22T12:10:00.000,435.14,435.22,434.94,435.0501,427877,4221,434.84
2023-06-22T12:15:00.000,435.08,435.33,434.97,435.0016,522301,4742,434.84
2023-06-22T12:20:00.000,435.0001,435.465,434.885,435.46,465429,4205,434.85
2023-06-22T12:25:00.000,435.455,435.4599,435.0,435.2428,268731,3060,434.86
2023-06-22T12:30:00.000,435.26,435.47,435.16,435.425,299807,2325,434.86
2023-06-22T12:35:00.000,435.44,435.67,435.31,435.355,474356,4047,434.87
2023-06-22T12:40:00.000,435.36,435.51,435.225,435.29,419164,3216,434.88
2023-06-22T12:45:00.000,435.29,435.45,435.14,435.23,329663,2896,434.88
2023-06-22T12:50:00.000,435.23,435.25,435.015,435.03,1126056,2861,434.89
2023-06-22T12:55:00.000,435.035,435.31,435.0299,435.24,670827,4092,434.89
2023-06-22T13:00:00.000,435.24,435.26,434.43,434.505,793763,7148,434.89
2023-06-22T13:05:00.000,434.5,434.92,434.415,434.65,880275,5194,434.89
2023-06-22T13:10:00.000,434.66,434.83,434.57,434.73,307560,3087,434.88
2023-06-22T13:15:00.000,434.72,434.9,434.545,434.8801,437062,3545,434.88
2023-06-22T13:20:00.000,434.88,434.98,434.75,434.95,302888,3266,434.88
2023-06-22T13:25:00.000,434.95,435.08,434.89,435.01,338481,3465,434.88
2023-06-22T13:30:00.000,435.02,435.18,434.91,434.99,435641,4468,434.89
2023-06-22T13:35:00.000,435.0,435.14,434.81,435.11,362593,3681,434.89
2023-06-22T13:40:00.000,435.12,435.46,435.1,435.45,534970,4704,434.89
2023-06-22T13:45:00.000,435.44,435.53,435.31,435.4389,383388,3608,434.9
2023-06-22T13:50:00.000,435.435,435.6,435.375,435.4899,604045,3650,434.91
2023-06-22T13:55:00.000,435.48,435.69,435.47,435.655,601211,3489,434.91
2023-06-22T14:00:00.000,435.65,435.84,435.59,435.78,566788,5144,434.93
2023-06-22T14:05:00.000,435.78,435.825,435.58,435.58,470968,4205,434.94
2023-06-22T14:10:00.000,435.58,435.78,435.55,435.71,449073,4284,434.95
2023-06-22T14:15:00.000,435.71,435.78,435.48,435.55,399644,3466,434.96
2023-06-22T14:20:00.000,435.55,435.75,435.465,435.74,314741,3286,434.96
2023-06-22T14:25:00.000,435.75,435.9891,435.66,435.945,554969,5261,434.98
2023-06-22T14:30:00.000,435.95,436.27,435.69,435.88,1523933,11522,435.02
2023-06-22T14:35:00.000,435.87,436.15,435.735,436.12,364023,3507,435.03
2023-06-22T14:40:00.000,436.12,436.17,435.94,436.1,496874,4743,435.04
2023-06-22T14:45:00.000,436.108,436.12,435.8014,435.92,626737,4090,435.05
2023-06-22T14:50:00.000,435.915,436.11,435.885,436.1093,368868,3721,435.06
2023-06-22T14:55:00.000,436.11,436.45,436.06,436.4,581927,5333,435.08
2023-06-22T15:00:00.000,436.4,436.455,436.1099,436.145,674616,5483,435.1
2023-06-22T15:05:00.000,436.15,436.31,436.03,436.1,548395,4544,435.12
2023-06-22T15:10:00.000,436.09,436.26,435.995,436.18,1060584,4901,435.13
2023-06-22T15:15:00.000,436.17,436.29,435.91,436.0595,644741,4171,435.14
2023-06-22T15:20:00.000,436.055,436.0999,435.72,435.8801,515424,4899,435.15
2023-06-22T15:25:00.000,435.8899,435.93,435.54,435.58,471225,4953,435.16
2023-06-22T15:30:00.000,435.58,435.58,435.335,435.485,1031797,7502,435.16
2023-06-22T15:35:00.000,435.49,436.02,435.46,436.02,658665,6176,435.17
2023-06-22T15:40:00.000,436.02,436.115,435.885,436.09,637800,6156,435.18
2023-06-22T15:45:00.000,436.08,436.2195,436.0,436.09,874218,8679,435.2
2023-06-22T15:50:00.000,436.09,436.465,435.95,436.455,2323070,14137,435.24
2023-06-22T15:55:00.000,436.46,436.62,436.025,436.54,5752337,29781,435.35
2023-06-22T16:00:00.000,436.54,436.54,436.54,436.54,617,2,435.35
2023-06-23T09:30:00.000,432.93,433.35,432.7117,433.3475,1990413,18192,432.97
2023-06-23T09:35:00.000,433.35,433.54,433.016,433.28,1309496,12143,433.12
2023-06-23T09:40:00.000,433.275,433.51,433.02,433.2599,997268,9763,433.15
2023-06-23T09:45:00.000,433.25,433.44,432.77,432.87,1103199,12174,433.12
2023-06-23T09:50:00.000,432.8641,433.43,432.83,433.26,1003107,11089,433.12
2023-06-23T09:55:00.000,433.26,433.589,433.12,433.405,1221908,10046,433.15
2023-06-23T10:00:00.000,433.4,433.69,433.16,433.6,1323556,10163,433.19
2023-06-23T10:05:00.000,433.605,433.89,433.4,433.795,1103751,8268,433.23
2023-06-23T10:10:00.000,433.77,433.97,433.5,433.55,1343364,8078,433.28
2023-06-23T10:15:00.000,433.55,433.965,433.51,433.94,731561,7462,433.31
2023-06-23T10:20:00.000,433.94,433.99,433.45,433.92,1224740,7618,433.33
2023-06-23T10:25:00.000,433.92,433.9799,433.47,433.6701,608624,6742,433.35
2023-06-23T10:30:00.000,433.675,433.93,433.55,433.7699,1240087,6582,433.37
2023-06-23T10:35:00.000,433.77,434.2,433.555,434.1594,544213,5123,433.39
2023-06-23T10:40:00.000,434.155,434.24,433.86,434.12,568618,5888,433.41
2023-06-23T10:45:00.000,434.12,434.145,433.7,433.819,442409,4387,433.43
2023-06-23T10:50:00.000,433.8,433.93,433.29,433.375,810641,7498,433.44
2023-06-23T10:55:00.000,433.37,433.575,433.105,433.575,675085,6083,433.43
2023-06-23T11:00:00.000,433.58,433.79,433.405,433.63,1010782,4933,433.44
2023-06-23T11:05:00.000,433.63,433.775,433.375,433.485,614160,4438,433.44
2023-06-23T11:10:00.000,433.48,433.56,433.24,433.3083,534092,4030,433.44
2023-06-23T11:15:00.000,433.305,433.45,433.19,433.265,543091,5163,433.44
2023-06-23T11:20:00.000,433.26,433.33,433.06,433.14,993749,6957,433.43
2023-06-23T11:25:00.000,433.13,433.1789,432.84,433.17,751558,7317,433.41
2023-06-23T11:30:00.000,433.16,433.31,433.005,433.16,508728,5449,433.4
2023-06-23T11:35:00.000,433.16,433.61,433.13,433.55,575318,5350,433.4
2023-06-23T11:40:00.000,433.555,433.99,433.49,433.81,830438,5729,433.42
2023-06-23T11:45:00.000,433.82,433.97,433.68,433.8,1019165,5912,433.43
2023-06-23T11:50:00.000,433.81,433.86,433.595,433.725,416245,4270,433.44
2023-06-23T11:55:00.000,433.725,433.88,433.6511,433.855,380675,3924,433.44
2023-06-23T12:00:00.000,433.86,434.11,433.8,433.81,979677,6598,433.46
2023-06-23T12:05:00.000,433.818,433.96,433.76,433.94,338490,3526,433.46
2023-06-23T12:10:00.000,433.94,434.08,433.71,433.9609,437708,4239,433.47
2023-06-23T12:15:00.000,433.97,434.46,433.9201,434.38,1413710,6696,433.5
2023-06-23T12:20:00.000,434.39,434.48,434.2,434.41,1098824,3975,433.51
2023-06-23T12:25:00.000,434.4,434.57,434.35,434.52,783434,6015,433.54
2023-06-23T12:30:00.000,434.53,434.83,434.41,434.47,954800,7625,433.58
2023-06-23T12:35:00.000,434.47,434.54,434.27,434.44,459855,4040,433.59
2023-06-23T12:40:00.000,434.43,434.62,434.36,434.515,420199,3786,433.6
2023-06-23T12:45:00.000,434.5199,434.67,434.44,434.6,466920,3837,433.62
2023-06-23T12:50:00.000,434.61,434.66,434.285,434.31,430422,4158,433.63
2023-06-23T12:55:00.000,434.31,434.58,434.2923,434.55,625570,3322,433.65
2023-06-23T13:00:00.000,434.56,434.67,434.31,434.455,342792,3271,433.66
2023-06-23T13:05:00.000,434.45,434.57,434.2,434.5589,1039672,3201,433.66
2023-06-23T13:10:00.000,434.56,434.79,434.5001,434.78,355429,3121,433.68
2023-06-23T13:15:00.000,434.78,434.83,434.64,434.69,422700,3901,433.69
2023-06-23T13:20:00.000,434.68,434.9,434.6301,434.81,437845,4150,433.7
2023-06-23T13:25:00.000,434.81,434.9,434.69,434.82,371498,3540,433.72
2023-06-23T13:30:00.000,434.82,434.94,434.71,434.79,413048,4301,433.73
2023-06-23T13:35:00.000,434.8,434.985,434.78,434.9794,464992,3892,433.75
2023-06-23T13:40:00.000,434.975,435.06,434.675,434.77,501429,4709,433.76
2023-06-23T13:45:00.000,434.775,434.81,434.6,434.68,934126,3432,433.78
2023-06-23T13:50:00.000,434.675,434.86,434.6201,434.73,257623,2676,433.78
2023-06-23T13:55:00.000,434.73,434.82,434.58,434.58,283921,2985,433.79
2023-06-23T14:00:00.000,434.575,434.66,434.38,434.4399,531089,4429,433.8
2023-06-23T14:05:00.000,434.43,434.45,434.18,434.24,574898,4743,433.81
2023-06-23T14:10:00.000,434.23,434.24,433.98,434.085,883449,6771,433.82
2023-06-23T14:15:00.000,434.08,434.23,434.02,434.1133,690919,5707,433.82
2023-06-23T14:20:00.000,434.115,434.325,434.1,434.255,444141,3929,433.83
2023-06-23T14:25:00.000,434.25,434.26,433.8899,433.995,892481,4609,433.83
2023-06-23T14:30:00.000,433.99,434.035,433.82,433.98,598684,5015,433.83
2023-06-23T14:35:00.000,433.992,434.03,433.51,433.57,731260,6178,433.83
2023-06-23T14:40:00.000,433.56,433.62,433.26,433.3299,832190,6655,433.83
2023-06-23T14:45:00.000,433.32,433.33,432.91,433.115,1191515,10255,433.8
2023-06-23T14:50:00.000,433.115,433.1987,432.89,432.95,887118,7794,433.79
2023-06-23T14:55:00.000,432.952,433.16,432.9,432.97,990389,7734,433.77
2023-06-23T15:00:00.000,432.98,432.985,432.47,432.8,1512696,12824,433.73
2023-06-23T15:05:00.000,432.79,433.2,432.7399,433.18,967897,7912,433.72
2023-06-23T15:10:00.000,433.1728,433.45,433.1,433.27,1485912,9800,433.7
2023-06-23T15:15:00.000,433.27,433.52,433.225,433.51,849085,6777,433.7
2023-06-23T15:20:00.000,433.51,433.57,433.04,433.155,1095405,8448,433.69
2023-06-23T15:25:00.000,433.155,433.22,433.005,433.125,1732956,7892,433.68
2023-06-23T15:30:00.000,433.13,433.43,433.04,433.305,1061973,8851,433.67
2023-06-23T15:35:00.000,433.31,433.65,433.29,433.535,1160890,8079,433.66
2023-06-23T15:40:00.000,433.54,433.75,433.33,433.685,1075503,6984,433.66
2023-06-23T15:45:00.000,433.69,433.77,433.44,433.58,1088213,8777,433.66
2023-06-23T15:50:00.000,433.59,433.98,433.04,433.455,3768435,19151,433.65
2023-06-23T15:55:00.000,433.46,433.84,432.96,433.21,8808626,34352,433.61
2023-06-23T16:00:00.000,433.21,433.21,433.21,433.21,189,1,433.61
2023-06-24T09:30:00.000,0.0,0.0,0.0,0.0,0,0,0.0
2023-06-24T09:35:00.000,0.0,0.0,0.0,0.0,0,0,0.0
2023-06-24T09:40:00.000,0.0,0.0,0.0,0.0,0,0,0.0
2023-06-24T09:45:00.000,0.0,0.0,0.0,0.0,0,0,0.0
2023-06-24T09:50:00.000,0.0,0.0,0.0,0.0,0,0,0.0
2023-06-24T09:55:00.000,0.0,0.0,0.0,0.0,0,0,0.0
2023-06-24T10:00:00.000,0.0,0.0,0.0,0.0,0,0,0.0
2023-06-24T10:05:00.000,0.0,0.0,0.0,0.0,0,0,0.0
2023-06-24T10:10:00.000,0.0,0.0,0.0,0.0,0,0,0.0
2023-06-24T10:15:00.000,0.0,0.0,0.0,0.0,0,0,0.0
2023-06-24T10:20:00.000,0.0,0.0,0.0,0.0,0,0,0.0
2023-06-24T10:25:00.000,0.0,0.0,0.0,0.0,0,0,0.0
2023-06-24T10:30:00.000,0.0,0.0,0.0,0.0,0,0,0.0
2023-06-24T10:35:00.000,0.0,0.0,0.0,0.0,0,0,0.0
2023-06-24T10:40:00.000,0.0,0.0,0.0,0.0,0,0,0.0
2023-06-24T10:45:00.000,0.0,0.0,0.0,0.0,0,0,0.0
2023-06-24T10:50:00.000,0.0,0.0,0.0,0.0,0,0,0.0
2023-06-24T10:55:00.000,0.0,0.0,0.0,0.0,0,0,0.0
2023-06-24T11:00:00.000,0.0,0.0,0.0,0.0,0,0,0.0
2023-06-24T11:05:00.000,0.0,0.0,0.0,0.0,0,0,0.0
2023-06-24T11:10:00.000,0.0,0.0,0.0,0.0,0,0,0.0
2023-06-24T11:15:00.000,0.0,0.0,0.0,0.0,0,0,0.0
2023-06-24T11:20:00.000,0.0,0.0,0.0,0.0,0,0,0.0
2023-06-24T11:25:00.000,0.0,0.0,0.0,0.0,0,0,0.0
2023-06-24T11:30:00.000,0.0,0.0,0.0,0.0,0,0,0.0
2023-06-24T11:35:00.000,0.0,0.0,0.0,0.0,0,0,0.0
2023-06-24T11:40:00.000,0.0,0.0,0.0,0.0,0,0,0.0
2023-06-24T11:45:00.000,0.0,0.0,0.0,0.0,0,0,0.0
2023-06-24T11:50:00.000,0.0,0.0,0.0,0.0,0,0,0.0
2023-06-24T11:55:00.000,0.0,0.0,0.0,0.0,0,0,0.0
2023-06-24T12:00:00.000,0.0,0.0,0.0,0.0,0,0,0.0
2023-06-24T12:05:00.000,0.0,0.0,0.0,0.0,0,0,0.0
2023-06-24T12:10:00.000,0.0,0.0,0.0,0.0,0,0,0.0
2023-06-24T12:15:00.000,0.0,0.0,0.0,0.0,0,0,0.0
2023-06-24T12:20:00.000,0.0,0.0,0.0,0.0,0,0,0.0
2023-06-24T12:25:00.000,0.0,0.0,0.0,0.0,0,0,0.0
2023-06-24T12:30:00.000,0.0,0.0,0.0,0.0,0,0,0.0
2023-06-24T12:35:00.000,0.0,0.0,0.0,0.0,0,0,0.0
2023-06-24T12:40:00.000,0.0,0.0,0.0,0.0,0,0,0.0
2023-06-24T12:45:00.000,0.0,0.0,0.0,0.0,0,0,0.0
2023-06-24T12:50:00.000,0.0,0.0,0.0,0.0,0,0,0.0
2023-06-24T12:55:00.000,0.0,0.0,0.0,0.0,0,0,0.0
2023-06-24T13:00:00.000,0.0,0.0,0.0,0.0,0,0,0.0
2023-06-24T13:05:00.000,0.0,0.0,0.0,0.0,0,0,0.0
2023-06-24T13:10:00.000,0.0,0.0,0.0,0.0,0,0,0.0
2023-06-24T13:15:00.000,0.0,0.0,0.0,0.0,0,0,0.0
2023-06-24T13:20:00.000,0.0,0.0,0.0,0.0,0,0,0.0
2023-06-24T13:25:00.000,0.0,0.0,0.0,0.0,0,0,0.0
2023-06-24T13:30:00.000,0.0,0.0,0.0,0.0,0,0,0.0
2023-06-24T13:35:00.000,0.0,0.0,0.0,0.0,0,0,0.0
2023-06-24T13:40:00.000,0.0,0.0,0.0,0.0,0,0,0.0
2023-06-24T13:45:00.000,0.0,0.0,0.0,0.0,0,0,0.0
2023-06-24T13:50:00.000,0.0,0.0,0.0,0.0,0,0,0.0
2023-06-24T13:55:00.000,0.0,0.0,0.0,0.0,0,0,0.0
2023-06-24T14:00:00.000,0.0,0.0,0.0,0.0,0,0,0.0
2023-06-24T14:05:00.000,0.0,0.0,0.0,0.0,0,0,0.0
2023-06-24T14:10:00.000,0.0,0.0,0.0,0.0,0,0,0.0
2023-06-24T14:15:00.000,0.0,0.0,0.0,0.0,0,0,0.0
2023-06-24T14:20:00.000,0.0,0.0,0.0,0.0,0,0,0.0
2023-06-24T14:25:00.000,0.0,0.0,0.0,0.0,0,0,0.0
2023-06-24T14:30:00.000,0.0,0.0,0.0,0.0,0,0,0.0
2023-06-24T14:35:00.000,0.0,0.0,0.0,0.0,0,0,0.0
2023-06-24T14:40:00.000,0.0,0.0,0.0,0.0,0,0,0.0
2023-06-24T14:45:00.000,0.0,0.0,0.0,0.0,0,0,0.0
2023-06-24T14:50:00.000,0.0,0.0,0.0,0.0,0,0,0.0
2023-06-24T14:55:00.000,0.0,0.0,0.0,0.0,0,0,0.0
2023-06-24T15:00:00.000,0.0,0.0,0.0,0.0,0,0,0.0
2023-06-24T15:05:00.000,0.0,0.0,0.0,0.0,0,0,0.0
2023-06-24T15:10:00.000,0.0,0.0,0.0,0.0,0,0,0.0
2023-06-24T15:15:00.000,0.0,0.0,0.0,0.0,0,0,0.0
2023-06-24T15:20:00.000,0.0,0.0,0.0,0.0,0,0,0.0
2023-06-24T15:25:00.000,0.0,0.0,0.0,0.0,0,0,0.0
2023-06-24T15:30:00.000,0.0,0.0,0.0,0.0,0,0,0.0
2023-06-24T15:35:00.000,0.0,0.0,0.0,0.0,0,0,0.0
2023-06-24T15:40:00.000,0.0,0.0,0.0,0.0,0,0,0.0
2023-06-24T15:45:00.000,0.0,0.0,0.0,0.0,0,0,0.0
2023-06-24T15:50:00.000,0.0,0.0,0.0,0.0,0,0,0.0
2023-06-24T15:55:00.000,0.0,0.0,0.0,0.0,0,0,0.0
2023-06-24T16:00:00.000,0.0,0.0,0.0,0.0,0,0,0.0
2023-06-25T09:30:00.000,0.0,0.0,0.0,0.0,0,0,0.0
2023-06-25T09:35:00.000,0.0,0.0,0.0,0.0,0,0,0.0
2023-06-25T09:40:00.000,0.0,0.0,0.0,0.0,0,0,0.0
2023-06-25T09:45:00.000,0.0,0.0,0.0,0.0,0,0,0.0
2023-06-25T09:50:00.000,0.0,0.0,0.0,0.0,0,0,0.0
2023-06-25T09:55:00.000,0.0,0.0,0.0,0.0,0,0,0.0
2023-06-25T10:00:00.000,0.0,0.0,0.0,0.0,0,0,0.0
2023-06-25T10:05:00.000,0.0,0.0,0.0,0.0,0,0,0.0
2023-06-25T10:10:00.000,0.0,0.0,0.0,0.0,0,0,0.0
2023-06-25T10:15:00.000,0.0,0.0,0.0,0.0,0,0,0.0
2023-06-25T10:20:00.000,0.0,0.0,0.0,0.0,0,0,0.0
2023-06-25T10:25:00.000,0.0,0.0,0.0,0.0,0,0,0.0
2023-06-25T10:30:00.000,0.0,0.0,0.0,0.0,0,0,0.0
2023-06-25T10:35:00.000,0.0,0.0,0.0,0.0,0,0,0.0
2023-06-25T10:40:00.000,0.0,0.0,0.0,0.0,0,0,0.0
2023-06-25T10:45:00.000,0.0,0.0,0.0,0.0,0,0,0.0
2023-06-25T10:50:00.000,0.0,0.0,0.0,0.0,0,0,0.0
2023-06-25T10:55:00.000,0.0,0.0,0.0,0.0,0,0,0.0
2023-06-25T11:00:00.000,0.0,0.0,0.0,0.0,0,0,0.0
2023-06-25T11:05:00.000,0.0,0.0,0.0,0.0,0,0,0.0
2023-06-25T11:10:00.000,0.0,0.0,0.0,0.0,0,0,0.0
2023-06-25T11:15:00.000,0.0,0.0,0.0,0.0,0,0,0.0
2023-06-25T11:20:00.000,0.0,0.0,0.0,0.0,0,0,0.0
2023-06-25T11:25:00.000,0.0,0.0,0.0,0.0,0,0,0.0
2023-06-25T11:30:00.000,0.0,0.0,0.0,0.0,0,0,0.0
2023-06-25T11:35:00.000,0.0,0.0,0.0,0.0,0,0,0.0
2023-06-25T11:40:00.000,0.0,0.0,0.0,0.0,0,0,0.0
2023-06-25T11:45:00.000,0.0,0.0,0.0,0.0,0,0,0.0
2023-06-25T11:50:00.000,0.0,0.0,0.0,0.0,0,0,0.0
2023-06-25T11:55:00.000,0.0,0.0,0.0,0.0,0,0,0.0
2023-06-25T12:00:00.000,0.0,0.0,0.0,0.0,0,0,0.0
2023-06-25T12:05:00.000,0.0,0.0,0.0,0.0,0,0,0.0
2023-06-25T12:10:00.000,0.0,0.0,0.0,0.0,0,0,0.0
2023-06-25T12:15:00.000,0.0,0.0,0.0,0.0,0,0,0.0
2023-06-25T12:20:00.000,0.0,0.0,0.0,0.0,0,0,0.0
2023-06-25T12:25:00.000,0.0,0.0,0.0,0.0,0,0,0.0
2023-06-25T12:30:00.000,0.0,0.0,0.0,0.0,0,0,0.0
2023-06-25T12:35:00.000,0.0,0.0,0.0,0.0,0,0,0.0
2023-06-25T12:40:00.000,0.0,0.0,0.0,0.0,0,0,0.0
2023-06-25T12:45:00.000,0.0,0.0,0.0,0.0,0,0,0.0
2023-06-25T12:50:00.000,0.0,0.0,0.0,0.0,0,0,0.0
2023-06-25T12:55:00.000,0.0,0.0,0.0,0.0,0,0,0.0
2023-06-25T13:00:00.000,0.0,0.0,0.0,0.0,0,0,0.0
2023-06-25T13:05:00.000,0.0,0.0,0.0,0.0,0,0,0.0
2023-06-25T13:10:00.000,0.0,0.0,0.0,0.0,0,0,0.0
2023-06-25T13:15:00.000,0.0,0.0,0.0,0.0,0,0,0.0
2023-06-25T13:20:00.000,0.0,0.0,0.0,0.0,0,0,0.0
2023-06-25T13:25:00.000,0.0,0.0,0.0,0.0,0,0,0.0
2023-06-25T13:30:00.000,0.0,0.0,0.0,0.0,0,0,0.0
2023-06-25T13:35:00.000,0.0,0.0,0.0,0.0,0,0,0.0
2023-06-25T13:40:00.000,0.0,0.0,0.0,0.0,0,0,0.0
2023-06-25T13:45:00.000,0.0,0.0,0.0,0.0,0,0,0.0
2023-06-25T13:50:00.000,0.0,0.0,0.0,0.0,0,0,0.0
2023-06-25T13:55:00.000,0.0,0.0,0.0,0.0,0,0,0.0
2023-06-25T14:00:00.000,0.0,0.0,0.0,0.0,0,0,0.0
2023-06-25T14:05:00.000,0.0,0.0,0.0,0.0,0,0,0.0
2023-06-25T14:10:00.000,0.0,0.0,0.0,0.0,0,0,0.0
2023-06-25T14:15:00.000,0.0,0.0,0.0,0.0,0,0,0.0
2023-06-25T14:20:00.000,0.0,0.0,0.0,0.0,0,0,0.0
2023-06-25T14:25:00.000,0.0,0.0,0.0,0.0,0,0,0.0
2023-06-25T14:30:00.000,0.0,0.0,0.0,0.0,0,0,0.0
2023-06-25T14:35:00.000,0.0,0.0,0.0,0.0,0,0,0.0
2023-06-25T14:40:00.000,0.0,0.0,0.0,0.0,0,0,0.0
2023-06-25T14:45:00.000,0.0,0.0,0.0,0.0,0,0,0.0
2023-06-25T14:50:00.000,0.0,0.0,0.0,0.0,0,0,0.0
2023-06-25T14:55:00.000,0.0,0.0,0.0,0.0,0,0,0.0
2023-06-25T15:00:00.000,0.0,0.0,0.0,0.0,0,0,0.0
2023-06-25T15:05:00.000,0.0,0.0,0.0,0.0,0,0,0.0
2023-06-25T15:10:00.000,0.0,0.0,0.0,0.0,0,0,0.0
2023-06-25T15:15:00.000,0.0,0.0,0.0,0.0,0,0,0.0
2023-06-25T15:20:00.000,0.0,0.0,0.0,0.0,0,0,0.0
2023-06-25T15:25:00.000,0.0,0.0,0.0,0.0,0,0,0.0
2023-06-25T15:30:00.000,0.0,0.0,0.0,0.0,0,0,0.0
2023-06-25T15:35:00.000,0.0,0.0,0.0,0.0,0,0,0.0
2023-06-25T15:40:00.000,0.0,0.0,0.0,0.0,0,0,0.0
2023-06-25T15:45:00.000,0.0,0.0,0.0,0.0,0,0,0.0
2023-06-25T15:50:00.000,0.0,0.0,0.0,0.0,0,0,0.0
2023-06-25T15:55:00.000,0.0,0.0,0.0,0.0,0,0,0.0
2023-06-25T16:00:00.000,0.0,0.0,0.0,0.0,0,0,0.0
2023-06-26T09:30:00.000,432.62,433.3892,432.6,433.37,1023967,11315,432.91
2023-06-26T09:35:00.000,433.38,433.75,433.37,433.65,956879,9025,433.2
2023-06-26T09:40:00.000,433.645,434.13,433.63,434.09,860054,7249,433.4
2023-06-26T09:45:00.000,434.09,434.41,433.985,434.0,992759,7948,433.61
2023-06-26T09:50:00.000,434.0,434.44,433.85,434.269,700333,7269,433.71
2023-06-26T09:55:00.000,434.26,434.38,434.07,434.27,708778,7669,433.78
2023-06-26T10:00:00.000,434.27,434.47,434.05,434.19,609260,6740,433.83
2023-06-26T10:05:00.000,434.19,434.61,434.17,434.22,1369613,6677,433.88
2023-06-26T10:10:00.000,434.21,434.3,433.73,434.3,807263,9132,433.89
2023-06-26T10:15:00.000,434.28,434.56,434.07,434.1,591934,7015,433.93
2023-06-26T10:20:00.000,434.09,434.145,433.76,433.98,681350,7178,433.93
2023-06-26T10:25:00.000,433.99,434.15,433.74,433.98,508040,6101,433.93
2023-06-26T10:30:00.000,433.99,434.005,433.205,433.44,1027647,8347,433.9
2023-06-26T10:35:00.000,433.42,433.52,432.86,432.89,962845,9528,433.83
2023-06-26T10:40:00.000,432.885,433.05,432.28,433.0,1841375,14365,433.68
2023-06-26T10:45:00.000,433.0,433.5,432.925,433.4999,729368,5588,433.65
2023-06-26T10:50:00.000,433.48,433.7299,433.3,433.47,763250,6245,433.64
2023-06-26T10:55:00.000,433.47,433.5,433.22,433.5,471537,4496,433.63
2023-06-26T11:00:00.000,433.49,433.52,432.975,433.01,461163,4652,433.62
2023-06-26T11:05:00.000,433.0,433.0,432.57,432.83,884220,7348,433.57
2023-06-26T11:10:00.000,432.82,432.99,432.67,432.82,449656,4406,433.55
2023-06-26T11:15:00.000,432.81,433.01,432.48,432.51,702614,6409,433.52
2023-06-26T11:20:00.000,432.5,432.63,432.275,432.355,866883,6705,433.47
2023-06-26T11:25:00.000,432.35,432.68,432.34,432.4901,707844,5840,433.43
2023-06-26T11:30:00.000,432.48,432.94,432.36,432.78,664175,5947,433.41
2023-06-26T11:35:00.000,432.7885,433.01,432.73,432.81,346224,3372,433.4
2023-06-26T11:40:00.000,432.81,432.97,432.3735,432.55,411911,4416,433.38
2023-06-26T11:45:00.000,432.56,433.01,432.5,432.9309,450350,4247,433.37
2023-06-26T11:50:00.000,432.94,433.13,432.89,433.075,556540,5429,433.36
2023-06-26T11:55:00.000,433.07,433.22,432.86,433.15,440647,4345,433.35
2023-06-26T12:00:00.000,433.15,433.2796,432.8,432.8382,495814,4588,433.35
2023-06-26T12:05:00.000,432.84,432.865,432.05,432.1579,1114221,10179,433.3
2023-06-26T12:10:00.000,432.15,432.25,431.84,432.22,993327,8462,433.24
2023-06-26T12:15:00.000,432.2,432.64,432.085,432.33,927857,6913,433.21
2023-06-26T12:20:00.000,432.32,432.73,432.13,432.57,466418,4840,433.19
2023-06-26T12:25:00.000,432.56,432.605,432.31,432.35,308394,3348,433.19
2023-06-26T12:30:00.000,432.35,432.43,432.09,432.16,410183,4327,433.17
2023-06-26T12:35:00.000,432.155,432.39,431.965,432.05,457413,4436,433.15
2023-06-26T12:40:00.000,432.06,432.14,431.65,431.865,761345,7386,433.12
2023-06-26T12:45:00.000,431.86,432.17,431.735,431.89,623309,5780,433.09
2023-06-26T12:50:00.000,431.88,432.18,431.8701,432.16,454651,4514,433.07
2023-06-26T12:55:00.000,432.17,432.4,432.03,432.39,471094,4445,433.06
2023-06-26T13:00:00.000,432.395,432.51,432.23,432.25,480009,4632,433.05
2023-06-26T13:05:00.000,432.24,432.38,432.1,432.22,260120,2860,433.04
2023-06-26T13:10:00.000,432.24,432.375,431.965,432.15,389759,4085,433.03
2023-06-26T13:15:00.000,432.15,432.43,432.11,432.34,276267,3415,433.02
2023-06-26T13:20:00.000,432.3318,432.55,432.21,432.29,305198,3659,433.02
2023-06-26T13:25:00.000,432.3,432.68,431.975,432.5991,477026,5216,433.01
2023-06-26T13:30:00.000,432.6,432.6897,432.3993,432.4535,320591,4425,433.0
2023-06-26T13:35:00.000,432.47,432.545,432.27,432.52,361193,3768,432.99
2023-06-26T13:40:00.000,432.5184,432.715,432.31,432.33,710221,5022,432.99
2023-06-26T13:45:00.000,432.34,432.59,432.29,432.49,369895,3361,432.98
2023-06-26T13:50:00.000,432.48,432.49,432.17,432.2599,406232,3979,432.97
2023-06-26T13:55:00.000,432.2599,432.38,432.1,432.1879,391255,3748,432.96
2023-06-26T14:00:00.000,432.18,432.32,432.005,432.245,463233,4513,432.95
2023-06-26T14:05:00.000,432.245,432.245,431.92,432.04,429897,4521,432.94
2023-06-26T14:10:00.000,432.02,432.22,431.93,432.04,309098,4076,432.93
2023-06-26T14:15:00.000,432.035,432.14,431.85,431.94,676482,4252,432.92
2023-06-26T14:20:00.000,431.94,432.032,431.75,431.79,352626,3934,432.91
2023-06-26T14:25:00.000,431.785,432.15,431.77,432.115,393434,4248,432.9
2023-06-26T14:30:00.000,432.11,432.565,432.0401,432.52,507111,4994,432.89
2023-06-26T14:35:00.000,432.52,432.85,432.45,432.82,507125,4753,432.89
2023-06-26T14:40:00.000,432.83,432.8899,432.69,432.805,618244,4745,432.89
2023-06-26T14:45:00.000,432.82,432.8799,432.66,432.825,467774,4309,432.89
2023-06-26T14:50:00.000,432.83,432.9,432.54,432.7599,535064,4739,432.88
2023-06-26T14:55:00.000,432.76,432.85,432.54,432.665,434437,4123,432.88
2023-06-26T15:00:00.000,432.67,432.86,432.64,432.845,356570,3692,432.88
2023-06-26T15:05:00.000,432.8461,432.92,432.705,432.865,419147,4364,432.88
2023-06-26T15:10:00.000,432.875,432.9,432.68,432.81,622539,3881,432.88
2023-06-26T15:15:00.000,432.81,432.9,432.65,432.76,481999,4409,432.88
2023-06-26T15:20:00.000,432.76,432.88,432.45,432.599,676201,5905,432.87
2023-06-26T15:25:00.000,432.6,432.72,432.535,432.639,540376,4153,432.87
2023-06-26T15:30:00.000,432.64,432.85,432.47,432.75,823682,8242,432.87
2023-06-26T15:35:00.000,432.75,432.8,432.62,432.67,863607,5862,432.86
2023-06-26T15:40:00.000,432.67,432.69,432.1901,432.1905,1454850,10704,432.85
2023-06-26T15:45:00.000,432.195,432.2,431.52,431.9,2365839,17658,432.8
2023-06-26T15:50:00.000,431.9,431.9301,431.64,431.79,3621020,20691,432.72
2023-06-26T15:55:00.000,431.8,431.81,431.19,431.43,7772508,29039,432.57
2023-06-26T16:00:00.000,431.42,431.42,431.42,431.42,978,2,432.57
2023-06-27T09:30:00.000,432.35,432.8,432.24,432.7101,1343860,14333,432.48
2023-06-27T09:35:00.000,432.72,433.3,432.7,433.03,1296347,15176,432.74
2023-06-27T09:40:00.000,433.02,433.175,432.85,432.96,783035,7340,432.81
2023-06-27T09:45:00.000,432.94,433.01,432.23,432.55,1142221,11438,432.76
2023-06-27T09:50:00.000,432.53,432.9399,432.4327,432.65,661805,7182,432.75
2023-06-27T09:55:00.000,432.65,432.79,432.43,432.73,583458,6826,432.73
2023-06-27T10:00:00.000,432.72,432.98,432.31,432.79,1083303,9221,432.73
2023-06-27T10:05:00.000,432.785,432.79,432.18,432.4101,1105077,10367,432.69
2023-06-27T10:10:00.000,432.41,432.43,431.88,432.395,926518,9492,432.63
2023-06-27T10:15:00.000,432.39,432.81,432.3,432.75,857638,8042,432.63
2023-06-27T10:20:00.000,432.745,433.035,432.59,432.84,718993,7770,432.64
2023-06-27T10:25:00.000,432.8362,433.11,432.72,432.8,653001,6883,432.65
2023-06-27T10:30:00.000,432.81,433.24,432.6,432.99,860108,8561,432.67
2023-06-27T10:35:00.000,432.99,433.2,432.85,433.1003,568713,5263,432.69
2023-06-27T10:40:00.000,433.11,433.2,432.8,432.91,711878,6064,432.71
2023-06-27T10:45:00.000,432.91,433.205,432.82,433.1099,506258,5112,432.72
2023-06-27T10:50:00.000,433.08,433.43,433.08,433.3026,1157566,8152,432.75
2023-06-27T10:55:00.000,433.3,433.37,433.02,433.35,780739,5364,432.77
2023-06-27T11:00:00.000,433.35,433.46,432.87,432.94,702223,6743,432.79
2023-06-27T11:05:00.000,432.94,433.13,432.77,432.955,516757,4775,432.8
2023-06-27T11:10:00.000,432.95,433.075,432.54,433.0501,808009,6203,432.8
2023-06-27T11:15:00.000,433.0578,433.3,432.94,433.27,549682,5018,432.81
2023-06-27T11:20:00.000,433.275,433.57,433.21,433.44,670346,5664,432.83
2023-06-27T11:25:00.000,433.45,433.93,433.28,433.83,908445,7986,432.87
2023-06-27T11:30:00.000,433.825,433.97,433.7636,433.8466,782423,6736,432.91
2023-06-27T11:35:00.000,433.845,434.19,433.7701,434.12,654414,6134,432.94
2023-06-27T11:40:00.000,434.11,434.1401,433.92,434.06,613193,5596,432.97
2023-06-27T11:45:00.000,434.08,434.17,433.83,433.915,414407,4037,432.99
2023-06-27T11:50:00.000,433.93,434.25,433.925,434.23,516278,4447,433.02
2023-06-27T11:55:00.000,434.235,434.32,434.1195,434.2099,566343,4872,433.05
2023-06-27T12:00:00.000,434.21,434.35,434.1,434.315,430192,4100,433.07
2023-06-27T12:05:00.000,434.32,434.445,434.16,434.2009,463107,4298,433.09
2023-06-27T12:10:00.000,434.2,434.37,434.14,434.3204,303601,3403,433.11
2023-06-27T12:15:00.000,434.32,434.42,434.1,434.19,512549,4456,433.13
2023-06-27T12:20:00.000,434.195,434.43,434.13,434.41,351916,3159,433.15
2023-06-27T12:25:00.000,434.415,434.72,434.41,434.64,517912,4758,433.18
2023-06-27T12:30:00.000,434.64,434.72,434.495,434.68,470340,4303,433.2
2023-06-27T12:35:00.000,434.685,435.07,434.64,435.05,562835,4953,433.24
2023-06-27T12:40:00.000,435.06,435.17,434.94,435.16,486785,4638,433.27
2023-06-27T12:45:00.000,435.15,435.32,435.15,435.26,544187,5184,433.31
2023-06-27T12:50:00.000,435.26,435.35,435.15,435.1875,493667,4059,433.34
2023-06-27T12:55:00.000,435.18,435.27,434.92,435.0799,572517,4932,433.38
2023-06-27T13:00:00.000,435.07,435.14,434.97,435.076,441084,3184,433.4
2023-06-27T13:05:00.000,435.0662,435.1,434.78,434.96,452614,4339,433.42
2023-06-27T13:10:00.000,434.95,435.17,434.9,435.1202,404989,3164,433.44
2023-06-27T13:15:00.000,435.125,435.4,435.025,435.35,420021,3855,433.47
2023-06-27T13:20:00.000,435.355,435.67,435.25,435.64,839019,5735,433.51
2023-06-27T13:25:00.000,435.65,435.69,435.445,435.53,859235,4502,433.55
2023-06-27T13:30:00.000,435.54,435.91,435.54,435.77,857914,5473,433.59
2023-06-27T13:35:00.000,435.77,435.8199,435.662,435.775,307869,2924,433.61
2023-06-27T13:40:00.000,435.772,436.01,435.772,435.88,490820,4453,433.64
2023-06-27T13:45:00.000,435.885,436.16,435.88,436.1201,536860,5174,433.68
2023-06-27T13:50:00.000,436.125,436.28,436.0698,436.17,956694,5542,433.74
2023-06-27T13:55:00.000,436.17,436.25,436.01,436.225,569024,4755,433.78
2023-06-27T14:00:00.000,436.23,436.31,436.13,436.27,545281,4516,433.81
2023-06-27T14:05:00.000,436.26,436.39,436.095,436.21,521236,4488,433.85
2023-06-27T14:10:00.000,436.205,436.52,436.205,436.455,763520,5896,433.91
2023-06-27T14:15:00.000,436.46,436.59,436.34,436.475,1012420,5629,433.96
2023-06-27T14:20:00.000,436.48,436.565,436.42,436.51,361586,3517,433.99
2023-06-27T14:25:00.000,436.5001,436.53,436.355,436.485,629120,5782,434.03
2023-06-27T14:30:00.000,436.49,436.63,436.46,436.51,971444,5961,434.08
2023-06-27T14:35:00.000,436.525,436.625,436.35,436.365,734436,4443,434.11
2023-06-27T14:40:00.000,436.36,436.37,436.11,436.2329,2031572,6405,434.15
2023-06-27T14:45:00.000,436.23,436.43,436.09,436.39,795188,4880,434.17
2023-06-27T14:50:00.000,436.3891,436.57,436.33,436.47,733614,4367,434.2
2023-06-27T14:55:00.000,436.47,436.5286,436.1,436.135,1142587,4760,434.23
2023-06-27T15:00:00.000,436.15,436.49,436.145,436.37,570282,4678,434.26
2023-06-27T15:05:00.000,436.35,436.53,436.34,436.435,464808,4452,434.29
2023-06-27T15:10:00.000,436.435,436.5,436.18,436.49,2790707,5497,434.31
2023-06-27T15:15:00.000,436.48,436.53,436.255,436.33,1051473,4815,434.33
2023-06-27T15:20:00.000,436.34,436.415,436.22,436.4057,414992,4090,434.35
2023-06-27T15:25:00.000,436.4006,436.769,436.38,436.74,900532,6810,434.4
2023-06-27T15:30:00.000,436.74,436.81,436.35,436.42,872633,7441,434.44
2023-06-27T15:35:00.000,436.415,436.445,436.265,436.36,1012902,6346,434.47
2023-06-27T15:40:00.000,436.36,436.58,436.345,436.535,992208,7344,434.52
2023-06-27T15:45:00.000,436.54,436.725,436.485,436.63,1517409,8699,434.57
2023-06-27T15:50:00.000,436.63,436.63,436.17,436.33,3067147,15591,434.67
2023-06-27T15:55:00.000,436.34,436.395,436.08,436.14,4431622,21556,434.79
2023-06-27T16:00:00.000,436.13,436.13,436.13,436.13,451,1,434.79
2023-06-28T09:30:00.000,435.05,435.14,434.63,434.89,1588309,14741,434.86
2023-06-28T09:35:00.000,434.89,435.08,434.79,435.03,1484579,12722,434.89
2023-06-28T09:40:00.000,435.03,435.28,434.88,434.9001,1170584,10977,434.95
2023-06-28T09:45:00.000,434.9,434.945,434.41,434.7344,1344822,12914,434.89
2023-06-28T09:50:00.000,434.73,434.95,434.43,434.68,848590,9246,434.86
2023-06-28T09:55:00.000,434.69,435.29,434.63,435.2,844687,9075,434.88
2023-06-28T10:00:00.000,435.19,435.2,434.65,434.84,658280,7625,434.88
2023-06-28T10:05:00.000,434.84,435.05,434.67,434.8899,512008,5966,434.88
2023-06-28T10:10:00.000,434.88,434.92,434.44,434.775,775040,8211,434.86
2023-06-28T10:15:00.000,434.77,435.51,434.665,435.5,971831,9970,434.88
2023-06-28T10:20:00.000,435.49,435.675,435.09,435.14,1027401,9791,434.93
2023-06-28T10:25:00.000,435.15,435.56,435.115,435.52,584732,6446,434.95
2023-06-28T10:30:00.000,435.53,435.91,435.47,435.8422,982036,8541,435.01
2023-06-28T10:35:00.000,435.85,436.4,435.85,436.165,1403330,9943,435.12
2023-06-28T10:40:00.000,436.17,436.37,436.05,436.0507,782637,7261,435.18
2023-06-28T10:45:00.000,436.05,436.3708,435.93,436.3708,678023,6076,435.22
2023-06-28T10:50:00.000,436.37,436.47,436.08,436.22,693006,6117,435.26
2023-06-28T10:55:00.000,436.21,436.27,435.81,435.8788,906798,7242,435.31
2023-06-28T11:00:00.000,435.87,436.1,435.87,436.0841,642871,5514,435.33
2023-06-28T11:05:00.000,436.08,436.26,435.935,436.12,437532,4210,435.35
2023-06-28T11:10:00.000,436.12,436.31,435.56,435.7813,851269,7190,435.37
2023-06-28T11:15:00.000,435.78,436.29,435.56,436.23,909386,6005,435.39
2023-06-28T11:20:00.000,436.24,436.255,435.63,435.63,622661,5575,435.41
2023-06-28T11:25:00.000,435.62,436.05,435.39,436.05,723851,6260,435.42
2023-06-28T11:30:00.000,436.05,436.3909,435.98,436.33,722053,5900,435.44
2023-06-28T11:35:00.000,436.33,436.69,436.29,436.56,582008,5242,435.47
2023-06-28T11:40:00.000,436.56,436.73,436.4501,436.69,450558,4442,435.49
2023-06-28T11:45:00.000,436.7,436.71,436.39,436.44,376396,3476,435.51
2023-06-28T11:50:00.000,436.44,436.52,436.33,436.4,277494,2895,435.52
2023-06-28T11:55:00.000,436.4,436.63,436.35,436.625,377555,3656,435.53
2023-06-28T12:00:00.000,436.62,436.635,436.38,436.59,362189,3692,435.55
2023-06-28T12:05:00.000,436.59,436.96,436.5199,436.93,743810,6235,435.58
2023-06-28T12:10:00.000,436.94,437.25,436.87,437.19,717496,6352,435.62
2023-06-28T12:15:00.000,437.19,437.44,437.19,437.33,677344,5433,435.67
2023-06-28T12:20:00.000,437.33,437.36,436.95,437.12,569353,5606,435.7
2023-06-28T12:25:00.000,437.11,437.135,436.28,436.53,773025,7328,435.72
2023-06-28T12:30:00.000,436.52,436.55,436.16,436.34,921461,7767,435.74
2023-06-28T12:35:00.000,436.32,436.44,436.098,436.24,538531,5146,435.75
2023-06-28T12:40:00.000,436.24,436.3558,435.3,435.415,963422,9094,435.76
2023-06-28T12:45:00.000,435.415,435.75,435.2696,435.44,1261401,10162,435.75
2023-06-28T12:50:00.000,435.42,435.53,434.63,434.87,1670494,10184,435.73
2023-06-28T12:55:00.000,434.85,435.26,434.56,435.17,970507,7930,435.7
2023-06-28T13:00:00.000,435.14,435.25,434.67,435.08,816311,7337,435.69
2023-06-28T13:05:00.000,435.09,435.39,435.04,435.1034,512128,4353,435.68
2023-06-28T13:10:00.000,435.11,435.2099,434.8,435.2,523073,5443,435.67
2023-06-28T13:15:00.000,435.2,435.328,435.05,435.2701,509811,5000,435.66
2023-06-28T13:20:00.000,435.29,435.66,435.2,435.535,626301,5083,435.66
2023-06-28T13:25:00.000,435.54,435.79,435.495,435.78,419836,3854,435.66
2023-06-28T13:30:00.000,435.78,435.97,435.3,435.3,930758,7703,435.66
2023-06-28T13:35:00.000,435.3,435.58,435.28,435.48,401037,3654,435.66
2023-06-28T13:40:00.000,435.485,435.55,435.19,435.3701,321485,3884,435.65
2023-06-28T13:45:00.000,435.37,435.47,435.13,435.2467,263697,3047,435.65
2023-06-28T13:50:00.000,435.23,435.36,435.04,435.345,411472,4101,435.65
2023-06-28T13:55:00.000,435.35,435.58,435.1224,435.38,437334,4345,435.64
2023-06-28T14:00:00.000,435.3901,435.78,435.28,435.71,519638,4835,435.64
2023-06-28T14:05:00.000,435.72,435.84,435.64,435.68,344162,3384,435.64
2023-06-28T14:10:00.000,435.69,435.87,435.64,435.75,440077,4304,435.65
2023-06-28T14:15:00.000,435.76,435.8901,435.64,435.835,346883,3419,435.65
2023-06-28T14:20:00.000,435.825,435.96,435.775,435.92,447000,4357,435.65
2023-06-28T14:25:00.000,435.925,436.04,435.75,435.83,426593,4257,435.65
2023-06-28T14:30:00.000,435.84,435.96,435.735,435.9,355950,3346,435.65
2023-06-28T14:35:00.000,435.89,435.93,435.49,435.54,427257,3744,435.65
2023-06-28T14:40:00.000,435.54,435.87,435.38,435.7599,497260,4701,435.65
2023-06-28T14:45:00.000,435.7584,435.76,435.51,435.5301,363892,3090,435.65
2023-06-28T14:50:00.000,435.52,435.66,435.41,435.575,485982,3343,435.65
2023-06-28T14:55:00.000,435.58,435.59,435.35,435.525,468686,4255,435.65
2023-06-28T15:00:00.000,435.525,435.665,435.06,435.1301,690155,6087,435.64
2023-06-28T15:05:00.000,435.11,435.19,434.59,435.085,1384415,9445,435.63
2023-06-28T15:10:00.000,435.09,435.5104,435.04,435.4681,711503,6097,435.62
2023-06-28T15:15:00.000,435.46,435.68,435.36,435.67,744743,5992,435.62
2023-06-28T15:20:00.000,435.67,435.795,435.58,435.73,636970,5165,435.62
2023-06-28T15:25:00.000,435.73,435.8,435.255,435.34,700234,5799,435.62
2023-06-28T15:30:00.000,435.33,435.49,435.22,435.33,799804,6029,435.61
2023-06-28T15:35:00.000,435.34,435.3799,435.16,435.31,1355044,6286,435.61
2023-06-28T15:40:00.000,435.31,435.6,435.29,435.345,895389,6766,435.61
2023-06-28T15:45:00.000,435.35,435.565,435.27,435.42,1306141,8665,435.6
2023-06-28T15:50:00.000,435.42,435.9,435.24,435.51,1730137,12012,435.6
2023-06-28T15:55:00.000,435.51,436.43,435.35,436.38,7234820,26953,435.62
2023-06-28T16:00:00.000,436.38,436.39,436.38,436.39,3025,8,435.62
2023-06-29T09:30:00.000,435.96,436.392,435.54,436.38,2158909,17767,435.91
2023-06-29T09:35:00.000,436.37,436.9499,436.16,436.88,1124257,10235,436.13
2023-06-29T09:40:00.000,436.88,436.98,436.37,436.4,1011547,9115,436.28
2023-06-29T09:45:00.000,436.41,436.845,436.23,436.78,752263,8320,436.32
2023-06-29T09:50:00.000,436.78,436.95,436.61,436.79,631947,6770,436.37
2023-06-29T09:55:00.000,436.78,436.86,436.49,436.7,632628,6724,436.4
2023-06-29T10:00:00.000,436.73,437.15,436.6474,437.11,620012,7067,436.45
2023-06-29T10:05:00.000,437.14,437.37,436.1,436.37,1471886,13319,436.47
2023-06-29T10:10:00.000,436.36,436.71,436.06,436.67,999321,7687,436.46
2023-06-29T10:15:00.000,436.68,436.91,436.625,436.75,633522,6562,436.48
2023-06-29T10:20:00.000,436.76,437.3,436.64,436.68,882004,8844,436.52
2023-06-29T10:25:00.000,436.69,436.96,436.61,436.68,633906,6670,436.53
2023-06-29T10:30:00.000,436.69,436.94,436.28,436.9,1081502,8679,436.54
2023-06-29T10:35:00.000,436.9,436.93,436.44,436.7,756126,6449,436.55
2023-06-29T10:40:00.000,436.69,436.88,436.2201,436.48,758136,6293,436.55
2023-06-29T10:45:00.000,436.475,436.5,435.91,436.36,1100392,7148,436.53
2023-06-29T10:50:00.000,436.36,436.51,436.1521,436.31,420953,4199,436.52
2023-06-29T10:55:00.000,436.3294,436.6599,436.2,436.4,485085,4439,436.52
2023-06-29T11:00:00.000,436.4,436.81,436.32,436.79,432909,4336,436.52
2023-06-29T11:05:00.000,436.795,437.19,436.69,437.02,784636,6933,436.54
2023-06-29T11:10:00.000,437.02,437.28,436.92,437.135,563785,5031,436.56
2023-06-29T11:15:00.000,437.14,437.44,437.06,437.25,746255,5902,436.59
2023-06-29T11:20:00.000,437.245,437.48,437.225,437.48,791416,4661,436.61
2023-06-29T11:25:00.000,437.48,437.69,437.285,437.63,874582,6186,436.64
2023-06-29T11:30:00.000,437.6362,437.76,437.35,437.39,702955,6362,436.67
2023-06-29T11:35:00.000,437.39,437.545,437.21,437.545,542557,4235,436.69
2023-06-29T11:40:00.000,437.53,437.86,437.37,437.39,1098782,8908,436.74
2023-06-29T11:45:00.000,437.4,437.58,437.365,437.49,358066,3646,436.75
2023-06-29T11:50:00.000,437.5,437.85,437.5,437.81,554488,4801,436.77
2023-06-29T11:55:00.000,437.81,437.88,437.53,437.71,467483,4177,436.79
2023-06-29T12:00:00.000,437.72,437.94,437.48,437.56,539246,5415,436.81
2023-06-29T12:05:00.000,437.57,437.74,437.41,437.71,373829,3875,436.83
2023-06-29T12:10:00.000,437.71,437.79,437.33,437.48,493646,4424,436.84
2023-06-29T12:15:00.000,437.48,437.77,437.26,437.72,358085,3604,436.85
2023-06-29T12:20:00.000,437.71,437.9799,437.7,437.93,459717,4471,436.87
2023-06-29T12:25:00.000,437.925,438.195,437.8,438.09,894106,6613,436.91
2023-06-29T12:30:00.000,438.0824,438.205,437.87,438.11,530623,4851,436.93
2023-06-29T12:35:00.000,438.13,438.19,437.94,438.045,332514,3406,436.95
2023-06-29T12:40:00.000,438.04,438.17,437.95,438.12,368811,3321,436.96
2023-06-29T12:45:00.000,438.12,438.28,438.05,438.09,789206,4214,436.98
2023-06-29T12:50:00.000,438.08,438.14,437.94,437.97,549435,4682,437.01
2023-06-29T12:55:00.000,437.9536,438.05,437.41,437.68,761068,5717,437.02
2023-06-29T13:00:00.000,437.67,437.7,437.41,437.42,586628,4719,437.03
2023-06-29T13:05:00.000,437.41,437.5,436.93,437.475,1009282,7513,437.04
2023-06-29T13:10:00.000,437.465,437.5,437.21,437.4399,408145,3781,437.04
2023-06-29T13:15:00.000,437.43,437.7,437.41,437.66,323423,3060,437.05
2023-06-29T13:20:00.000,437.67,437.76,437.59,437.655,248479,2421,437.05
2023-06-29T13:25:00.000,437.65,437.75,437.49,437.72,314685,3039,437.06
2023-06-29T13:30:00.000,437.72,437.7699,437.36,437.55,531816,4778,437.07
2023-06-29T13:35:00.000,437.55,437.58,437.37,437.56,245004,2587,437.07
2023-06-29T13:40:00.000,437.572,437.66,437.34,437.47,490716,4512,437.08
2023-06-29T13:45:00.000,437.45,437.53,437.31,437.49,268108,2901,437.08
2023-06-29T13:50:00.000,437.5,437.65,437.44,437.585,258489,2597,437.08
2023-06-29T13:55:00.000,437.59,437.64,436.96,437.1,630522,5675,437.09
2023-06-29T14:00:00.000,437.095,437.095,436.5,436.71,1065513,8411,437.08
2023-06-29T14:05:00.000,436.72,436.79,436.39,436.57,1314722,6834,437.06
2023-06-29T14:10:00.000,436.5825,436.9,436.5,436.8928,791456,4607,437.06
2023-06-29T14:15:00.000,436.89,437.07,436.88,437.035,598522,3444,437.06
2023-06-29T14:20:00.000,437.038,437.28,437.03,437.23,1218338,3537,437.06
2023-06-29T14:25:00.000,437.23,437.3,437.09,437.22,444131,3695,437.06
2023-06-29T14:30:00.000,437.23,437.27,437.095,437.14,270100,2651,437.06
2023-06-29T14:35:00.000,437.14,437.36,437.14,437.27,320179,3130,437.06
2023-06-29T14:40:00.000,437.27,437.27,436.86,437.1515,598282,4860,437.06
2023-06-29T14:45:00.000,437.15,437.39,437.12,437.2215,478976,4200,437.06
2023-06-29T14:50:00.000,437.2201,437.26,436.98,437.1499,257027,2799,437.07
2023-06-29T14:55:00.000,437.1473,437.4108,437.06,437.4108,396347,3446,437.07
2023-06-29T15:00:00.000,437.42,437.6,437.375,437.56,384222,3788,437.07
2023-06-29T15:05:00.000,437.5609,437.65,437.48,437.63,387022,3492,437.08
2023-06-29T15:10:00.000,437.62,437.67,437.4701,437.57,520680,5121,437.08
2023-06-29T15:15:00.000,437.58,437.8,437.43,437.53,620166,5788,437.09
2023-06-29T15:20:00.000,437.53,437.68,437.35,437.52,418886,3747,437.09
2023-06-29T15:25:00.000,437.52,437.71,437.5,437.668,496150,4383,437.1
2023-06-29T15:30:00.000,437.66,437.865,437.54,437.665,534088,5026,437.11
2023-06-29T15:35:00.000,437.66,437.7198,437.37,437.3999,709155,5773,437.11
2023-06-29T15:40:00.000,437.39,437.42,437.18,437.2,842469,7529,437.11
2023-06-29T15:45:00.000,437.2,437.6,437.145,437.57,1407537,9967,437.12
2023-06-29T15:50:00.000,437.57,438.13,437.42,437.69,2367374,15658,437.16
2023-06-29T15:55:00.000,437.69,438.17,437.5111,438.14,5798103,21465,437.22
2023-06-29T16:00:00.000,438.15,438.15,438.15,438.15,100,1,437.22
2023-06-30T09:30:00.000,441.44,441.8301,441.11,441.705,2763470,18756,441.48
2023-06-30T09:35:00.000,441.71,441.9,441.57,441.89,1177254,10249,441.57
2023-06-30T09:40:00.000,441.9,442.4,441.815,442.26,1870301,13807,441.76
2023-06-30T09:45:00.000,442.28,442.51,441.86,442.47,1564228,12344,441.86
2023-06-30T09:50:00.000,442.48,442.54,442.23,442.38,1054386,9782,441.92
2023-06-30T09:55:00.000,442.38,442.6695,442.28,442.32,1322015,10720,442.0
2023-06-30T10:00:00.000,442.34,442.82,442.32,442.64,1955090,12844,442.08
2023-06-30T10:05:00.000,442.65,442.86,442.6,442.8201,1213589,9725,442.15
2023-06-30T10:10:00.000,442.83,443.078,442.79,442.87,1402566,12248,442.23
2023-06-30T10:15:00.000,442.88,443.185,442.88,443.1783,1241381,10724,442.3
2023-06-30T10:20:00.000,443.175,443.32,442.7,442.71,1641504,13118,442.38
2023-06-30T10:25:00.000,442.72,443.055,442.72,443.0,917785,8221,442.41
2023-06-30T10:30:00.000,443.0,443.36,442.97,442.99,1615041,12941,442.47
2023-06-30T10:35:00.000,442.995,443.01,442.41,442.68,1668476,11732,442.48
2023-06-30T10:40:00.000,442.67,442.83,442.52,442.555,951490,8157,442.49
2023-06-30T10:45:00.000,442.55,442.69,442.12,442.2,751062,6936,442.49
2023-06-30T10:50:00.000,442.195,442.7699,442.04,442.74,1563778,8657,442.49
2023-06-30T10:55:00.000,442.74,442.86,442.495,442.655,1253598,5924,442.49
2023-06-30T11:00:00.000,442.66,442.85,442.52,442.75,623718,5500,442.5
2023-06-30T11:05:00.000,442.76,442.95,442.69,442.95,690207,6057,442.51
2023-06-30T11:10:00.000,442.945,443.12,442.795,442.95,832625,6750,442.52
2023-06-30T11:15:00.000,442.96,443.075,442.89,442.96,560652,4608,442.53
2023-06-30T11:20:00.000,442.96,442.9999,442.78,442.82,566996,4894,442.54
2023-06-30T11:25:00.000,442.81,442.82,442.52,442.695,709292,6094,442.54
2023-06-30T11:30:00.000,442.68,442.685,442.21,442.33,735182,6015,442.54
2023-06-30T11:35:00.000,442.3299,442.5,442.27,442.28,478376,3847,442.54
2023-06-30T11:40:00.000,442.28,442.315,442.05,442.07,552611,4843,442.53
2023-06-30T11:45:00.000,442.07,442.27,442.01,442.2,636647,5622,442.52
2023-06-30T11:50:00.000,442.202,442.26,442.01,442.08,492145,4565,442.52
2023-06-30T11:55:00.000,442.07,442.46,442.01,442.46,956179,7818,442.51
2023-06-30T12:00:00.000,442.46,442.61,442.41,442.58,439812,4052,442.51
2023-06-30T12:05:00.000,442.57,442.64,442.22,442.31,716425,5915,442.51
2023-06-30T12:10:00.000,442.3,442.54,442.295,442.51,959368,3608,442.51
2023-06-30T12:15:00.000,442.51,442.7158,442.48,442.71,462527,3897,442.51
2023-06-30T12:20:00.000,442.71,443.0,442.695,442.97,532636,4499,442.51
2023-06-30T12:25:00.000,442.98,443.0592,442.87,443.0501,1059013,4742,442.52
2023-06-30T12:30:00.000,443.06,443.19,443.0,443.04,1169528,5379,442.53
2023-06-30T12:35:00.000,443.04,443.17,442.99,443.06,495890,3768,442.54
2023-06-30T12:40:00.000,443.07,443.14,443.03,443.075,416178,3735,442.54
2023-06-30T12:45:00.000,443.07,443.37,443.06,443.28,659163,5340,442.56
2023-06-30T12:50:00.000,443.28,443.45,443.21,443.42,939993,5075,442.57
2023-06-30T12:55:00.000,443.4199,443.61,443.4,443.49,1312542,7407,442.6
2023-06-30T13:00:00.000,443.5,443.565,443.26,443.35,897438,7522,442.61
2023-06-30T13:05:00.000,443.355,443.595,443.33,443.455,694147,3701,442.62
2023-06-30T13:10:00.000,443.455,443.5699,443.29,443.42,558995,4071,442.64
2023-06-30T13:15:00.000,443.41,443.54,443.37,443.445,479176,4172,442.64
2023-06-30T13:20:00.000,443.45,443.56,443.3596,443.4885,435636,3716,442.65
2023-06-30T13:25:00.000,443.49,443.56,443.42,443.5201,359563,3271,442.66
2023-06-30T13:30:00.000,443.53,443.95,443.52,443.87,1195098,9454,442.69
2023-06-30T13:35:00.000,443.865,443.9,443.5515,443.5694,789619,6303,442.71
2023-06-30T13:40:00.000,443.56,443.67,443.445,443.55,779698,3889,442.72
2023-06-30T13:45:00.000,443.555,443.835,443.4899,443.83,460633,3820,442.73
2023-06-30T13:50:00.000,443.83,443.83,443.69,443.69,306492,2857,442.74
2023-06-30T13:55:00.000,443.6901,443.81,443.63,443.8,368173,3079,442.75
2023-06-30T14:00:00.000,443.8,443.91,443.72,443.7931,450946,3927,442.76
2023-06-30T14:05:00.000,443.795,443.95,443.79,443.87,586331,5064,442.77
2023-06-30T14:10:00.000,443.86,443.87,443.63,443.745,763605,4675,442.78
2023-06-30T14:15:00.000,443.74,443.92,443.7101,443.765,852781,3126,442.79
2023-06-30T14:20:00.000,443.77,443.805,443.665,443.7393,387110,3578,442.8
2023-06-30T14:25:00.000,443.74,444.13,443.69,444.06,779050,7409,442.81
2023-06-30T14:30:00.000,444.06,444.1,443.815,443.96,559794,5155,442.83
2023-06-30T14:35:00.000,443.95,444.08,443.88,444.07,536800,5121,442.84
2023-06-30T14:40:00.000,444.07,444.08,443.88,444.032,748486,4720,442.85
2023-06-30T14:45:00.000,444.03,444.06,443.76,443.95,744698,4766,442.86
2023-06-30T14:50:00.000,443.95,444.06,443.89,443.94,994740,4180,442.87
2023-06-30T14:55:00.000,443.94,443.94,443.61,443.88,769501,6263,442.88
2023-06-30T15:00:00.000,443.88,443.955,443.67,443.78,645821,5226,442.89
2023-06-30T15:05:00.000,443.77,443.855,443.59,443.77,508743,5026,442.9
2023-06-30T15:10:00.000,443.77,444.025,443.72,444.02,879723,5702,442.91
2023-06-30T15:15:00.000,444.015,444.14,443.91,443.96,932639,7179,442.93
2023-06-30T15:20:00.000,443.9599,443.97,443.66,443.8283,851867,7245,442.95
2023-06-30T15:25:00.000,443.82,444.05,443.74,444.02,1117150,6916,442.96
2023-06-30T15:30:00.000,444.02,444.05,443.81,443.965,1270832,7116,442.97
2023-06-30T15:35:00.000,443.96,444.2075,443.91,444.14,1196953,9317,443.0
2023-06-30T15:40:00.000,444.13,444.1825,443.81,443.89,2275857,10982,443.02
2023-06-30T15:45:00.000,443.88,443.91,443.63,443.85,2553316,14725,443.05
2023-06-30T15:50:00.000,443.85,444.3,443.7,444.29,3029264,18936,443.09
2023-06-30T15:55:00.000,444.29,444.29,443.18,443.25,8824817,40400,443.15
2023-06-30T16:00:00.000,0.0,0.0,0.0,0.0,0,0,443.15
