timestamp,open,high,low,close,volume,count,vwap
2026-01-01T09:30:00.000,0.0,0.0,0.0,0.0,0,0,0.0
2026-01-01T09:35:00.000,0.0,0.0,0.0,0.0,0,0,0.0
2026-01-01T09:40:00.000,0.0,0.0,0.0,0.0,0,0,0.0
2026-01-01T09:45:00.000,0.0,0.0,0.0,0.0,0,0,0.0
2026-01-01T09:50:00.000,0.0,0.0,0.0,0.0,0,0,0.0
2026-01-01T09:55:00.000,0.0,0.0,0.0,0.0,0,0,0.0
2026-01-01T10:00:00.000,0.0,0.0,0.0,0.0,0,0,0.0
2026-01-01T10:05:00.000,0.0,0.0,0.0,0.0,0,0,0.0
2026-01-01T10:10:00.000,0.0,0.0,0.0,0.0,0,0,0.0
2026-01-01T10:15:00.000,0.0,0.0,0.0,0.0,0,0,0.0
2026-01-01T10:20:00.000,0.0,0.0,0.0,0.0,0,0,0.0
2026-01-01T10:25:00.000,0.0,0.0,0.0,0.0,0,0,0.0
2026-01-01T10:30:00.000,0.0,0.0,0.0,0.0,0,0,0.0
2026-01-01T10:35:00.000,0.0,0.0,0.0,0.0,0,0,0.0
2026-01-01T10:40:00.000,0.0,0.0,0.0,0.0,0,0,0.0
2026-01-01T10:45:00.000,0.0,0.0,0.0,0.0,0,0,0.0
2026-01-01T10:50:00.000,0.0,0.0,0.0,0.0,0,0,0.0
2026-01-01T10:55:00.000,0.0,0.0,0.0,0.0,0,0,0.0
2026-01-01T11:00:00.000,0.0,0.0,0.0,0.0,0,0,0.0
2026-01-01T11:05:00.000,0.0,0.0,0.0,0.0,0,0,0.0
2026-01-01T11:10:00.000,0.0,0.0,0.0,0.0,0,0,0.0
2026-01-01T11:15:00.000,0.0,0.0,0.0,0.0,0,0,0.0
2026-01-01T11:20:00.000,0.0,0.0,0.0,0.0,0,0,0.0
2026-01-01T11:25:00.000,0.0,0.0,0.0,0.0,0,0,0.0
2026-01-01T11:30:00.000,0.0,0.0,0.0,0.0,0,0,0.0
2026-01-01T11:35:00.000,0.0,0.0,0.0,0.0,0,0,0.0
2026-01-01T11:40:00.000,0.0,0.0,0.0,0.0,0,0,0.0
2026-01-01T11:45:00.000,0.0,0.0,0.0,0.0,0,0,0.0
2026-01-01T11:50:00.000,0.0,0.0,0.0,0.0,0,0,0.0
2026-01-01T11:55:00.000,0.0,0.0,0.0,0.0,0,0,0.0
2026-01-01T12:00:00.000,0.0,0.0,0.0,0.0,0,0,0.0
2026-01-01T12:05:00.000,0.0,0.0,0.0,0.0,0,0,0.0
2026-01-01T12:10:00.000,0.0,0.0,0.0,0.0,0,0,0.0
2026-01-01T12:15:00.000,0.0,0.0,0.0,0.0,0,0,0.0
2026-01-01T12:20:00.000,0.0,0.0,0.0,0.0,0,0,0.0
2026-01-01T12:25:00.000,0.0,0.0,0.0,0.0,0,0,0.0
2026-01-01T12:30:00.000,0.0,0.0,0.0,0.0,0,0,0.0
2026-01-01T12:35:00.000,0.0,0.0,0.0,0.0,0,0,0.0
2026-01-01T12:40:00.000,0.0,0.0,0.0,0.0,0,0,0.0
2026-01-01T12:45:00.000,0.0,0.0,0.0,0.0,0,0,0.0
2026-01-01T12:50:00.000,0.0,0.0,0.0,0.0,0,0,0.0
2026-01-01T12:55:00.000,0.0,0.0,0.0,0.0,0,0,0.0
2026-01-01T13:00:00.000,0.0,0.0,0.0,0.0,0,0,0.0
2026-01-01T13:05:00.000,0.0,0.0,0.0,0.0,0,0,0.0
2026-01-01T13:10:00.000,0.0,0.0,0.0,0.0,0,0,0.0
2026-01-01T13:15:00.000,0.0,0.0,0.0,0.0,0,0,0.0
2026-01-01T13:20:00.000,0.0,0.0,0.0,0.0,0,0,0.0
2026-01-01T13:25:00.000,0.0,0.0,0.0,0.0,0,0,0.0
2026-01-01T13:30:00.000,0.0,0.0,0.0,0.0,0,0,0.0
2026-01-01T13:35:00.000,0.0,0.0,0.0,0.0,0,0,0.0
2026-01-01T13:40:00.000,0.0,0.0,0.0,0.0,0,0,0.0
2026-01-01T13:45:00.000,0.0,0.0,0.0,0.0,0,0,0.0
2026-01-01T13:50:00.000,0.0,0.0,0.0,0.0,0,0,0.0
2026-01-01T13:55:00.000,0.0,0.0,0.0,0.0,0,0,0.0
2026-01-01T14:00:00.000,0.0,0.0,0.0,0.0,0,0,0.0
2026-01-01T14:05:00.000,0.0,0.0,0.0,0.0,0,0,0.0
2026-01-01T14:10:00.000,0.0,0.0,0.0,0.0,0,0,0.0
2026-01-01T14:15:00.000,0.0,0.0,0.0,0.0,0,0,0.0
2026-01-01T14:20:00.000,0.0,0.0,0.0,0.0,0,0,0.0
2026-01-01T14:25:00.000,0.0,0.0,0.0,0.0,0,0,0.0
2026-01-01T14:30:00.000,0.0,0.0,0.0,0.0,0,0,0.0
2026-01-01T14:35:00.000,0.0,0.0,0.0,0.0,0,0,0.0
2026-01-01T14:40:00.000,0.0,0.0,0.0,0.0,0,0,0.0
2026-01-01T14:45:00.000,0.0,0.0,0.0,0.0,0,0,0.0
2026-01-01T14:50:00.000,0.0,0.0,0.0,0.0,0,0,0.0
2026-01-01T14:55:00.000,0.0,0.0,0.0,0.0,0,0,0.0
2026-01-01T15:00:00.000,0.0,0.0,0.0,0.0,0,0,0.0
2026-01-01T15:05:00.000,0.0,0.0,0.0,0.0,0,0,0.0
2026-01-01T15:10:00.000,0.0,0.0,0.0,0.0,0,0,0.0
2026-01-01T15:15:00.000,0.0,0.0,0.0,0.0,0,0,0.0
2026-01-01T15:20:00.000,0.0,0.0,0.0,0.0,0,0,0.0
2026-01-01T15:25:00.000,0.0,0.0,0.0,0.0,0,0,0.0
2026-01-01T15:30:00.000,0.0,0.0,0.0,0.0,0,0,0.0
2026-01-01T15:35:00.000,0.0,0.0,0.0,0.0,0,0,0.0
2026-01-01T15:40:00.000,0.0,0.0,0.0,0.0,0,0,0.0
2026-01-01T15:45:00.000,0.0,0.0,0.0,0.0,0,0,0.0
2026-01-01T15:50:00.000,0.0,0.0,0.0,0.0,0,0,0.0
2026-01-01T15:55:00.000,0.0,0.0,0.0,0.0,0,0,0.0
2026-01-01T16:00:00.000,0.0,0.0,0.0,0.0,0,0,0.0
2026-01-02T09:30:00.000,685.71,686.15,684.49,684.772,2688331,44652,685.36
2026-01-02T09:35:00.000,684.78,685.23,684.2701,684.5,1721017,24237,685.13
2026-01-02T09:40:00.000,684.49,685.04,684.12,684.9302,1318902,22225,684.99
2026-01-02T09:45:00.000,684.96,686.38,684.76,686.03,1897193,29319,685.16
2026-01-02T09:50:00.000,686.03,686.84,685.92,686.2,1399172,22946,685.35
2026-01-02T09:55:00.000,686.21,686.47,685.96,686.19,889827,14984,685.43
2026-01-02T10:00:00.000,686.21,686.87,686.19,686.43,1328049,22223,685.56
2026-01-02T10:05:00.000,686.43,686.48,685.7,685.79,1006050,31854,685.6
2026-01-02T10:10:00.000,685.76,685.965,684.12,684.35,1832267,27950,685.52
2026-01-02T10:15:00.000,684.34,684.4187,683.45,683.85,2279147,28950,685.35
2026-01-02T10:20:00.000,683.86,683.88,682.0,682.125,1821388,30886,685.07
2026-01-02T10:25:00.000,682.12,682.61,681.58,682.45,2323277,33325,684.72
2026-01-02T10:30:00.000,682.45,683.62,682.1,683.52,1334205,20673,684.6
2026-01-02T10:35:00.000,683.51,683.95,682.97,683.6675,1353293,19109,684.53
2026-01-02T10:40:00.000,683.67,684.59,683.53,684.125,1322611,20248,684.51
2026-01-02T10:45:00.000,684.15,684.43,683.29,683.32,1034965,16971,684.49
2026-01-02T10:50:00.000,683.33,683.5,681.98,682.97,1243204,21475,684.4
2026-01-02T10:55:00.000,682.98,683.34,681.1,681.455,1996238,29720,684.24
2026-01-02T11:00:00.000,681.46,681.57,680.81,681.045,1856116,28680,684.06
2026-01-02T11:05:00.000,681.03,681.535,680.68,681.44,1290675,22210,683.94
2026-01-02T11:10:00.000,681.43,681.87,680.42,681.84,1225570,18879,683.84
2026-01-02T11:15:00.000,681.83,682.34,681.27,681.58,999648,17215,683.78
2026-01-02T11:20:00.000,681.59,682.3151,681.185,682.19,695558,13301,683.74
2026-01-02T11:25:00.000,682.18,682.4,681.78,681.81,729176,14349,683.71
2026-01-02T11:30:00.000,681.81,682.59,681.54,682.39,752554,14728,683.67
2026-01-02T11:35:00.000,682.39,682.65,681.7804,681.9,729568,13644,683.64
2026-01-02T11:40:00.000,681.88,682.02,681.42,681.45,938247,12937,683.61
2026-01-02T11:45:00.000,681.44,681.66,681.16,681.33,1181247,13228,683.57
2026-01-02T11:50:00.000,681.33,681.47,680.28,680.57,867108,14327,683.51
2026-01-02T11:55:00.000,680.56,681.185,680.445,681.158,718058,11951,683.47
2026-01-02T12:00:00.000,681.15,681.31,680.64,680.888,506321,10278,683.44
2026-01-02T12:05:00.000,680.87,681.465,680.87,681.16,788928,10087,683.41
2026-01-02T12:10:00.000,681.16,682.375,681.14,682.3,802477,12856,683.38
2026-01-02T12:15:00.000,682.305,682.5,682.12,682.16,514577,9949,683.36
2026-01-02T12:20:00.000,682.155,682.454,682.07,682.16,313890,6764,683.36
2026-01-02T12:25:00.000,682.15,682.45,681.85,682.45,1383259,7752,683.35
2026-01-02T12:30:00.000,682.45,682.8009,682.1,682.2444,571660,10082,683.33
2026-01-02T12:35:00.000,682.24,682.4,681.7944,682.01,433112,8371,683.32
2026-01-02T12:40:00.000,682.0101,682.21,681.71,682.025,356513,7130,683.31
2026-01-02T12:45:00.000,682.03,682.28,681.0,681.1745,534921,9903,683.29
2026-01-02T12:50:00.000,681.14,681.47,680.98,681.39,688731,9504,683.26
2026-01-02T12:55:00.000,681.36,681.67,681.01,681.18,487264,8919,683.24
2026-01-02T13:00:00.000,681.18,681.58,681.08,681.332,487198,7101,683.23
2026-01-02T13:05:00.000,681.34,681.425,680.785,681.0,533075,6830,683.21
2026-01-02T13:10:00.000,681.01,681.309,680.76,680.83,303253,5824,683.2
2026-01-02T13:15:00.000,680.83,681.52,680.64,681.42,581225,7460,683.18
2026-01-02T13:20:00.000,681.4,681.7886,681.08,681.16,386337,7021,683.16
2026-01-02T13:25:00.000,681.16,681.27,680.82,680.98,405232,7251,683.14
2026-01-02T13:30:00.000,680.98,681.09,680.8,680.92,353744,6243,683.13
2026-01-02T13:35:00.000,680.93,681.36,680.7544,681.08,476298,7115,683.12
2026-01-02T13:40:00.000,681.06,681.16,680.7583,681.125,429080,6299,683.1
2026-01-02T13:45:00.000,681.1301,681.35,680.15,680.1801,590336,9334,683.08
2026-01-02T13:50:00.000,680.185,680.58,679.82,680.522,1034117,15484,683.01
2026-01-02T13:55:00.000,680.53,680.54,680.07,680.525,523384,8407,682.99
2026-01-02T14:00:00.000,680.525,681.07,680.35,681.025,930887,13349,682.94
2026-01-02T14:05:00.000,681.025,681.67,681.01,681.6,958560,14700,682.92
2026-01-02T14:10:00.000,681.595,682.54,681.39,682.38,1209637,16951,682.9
2026-01-02T14:15:00.000,682.37,682.59,682.068,682.17,896562,14426,682.89
2026-01-02T14:20:00.000,682.16,682.89,681.9,682.87,841756,12873,682.88
2026-01-02T14:25:00.000,682.875,683.12,682.6,682.95,664533,11029,682.88
2026-01-02T14:30:00.000,682.94,683.66,682.9,683.57,1308659,17650,682.89
2026-01-02T14:35:00.000,683.58,683.85,683.26,683.62,912296,13184,682.9
2026-01-02T14:40:00.000,683.62,683.95,683.51,683.565,800025,11530,682.91
2026-01-02T14:45:00.000,683.56,683.76,683.35,683.65,744403,12290,682.92
2026-01-02T14:50:00.000,683.67,683.71,683.17,683.475,914453,12243,682.93
2026-01-02T14:55:00.000,683.475,683.56,682.89,683.13,715818,11027,682.93
2026-01-02T15:00:00.000,683.13,683.59,682.85,683.36,666884,10377,682.93
2026-01-02T15:05:00.000,683.36,683.52,683.13,683.345,687330,10288,682.94
2026-01-02T15:10:00.000,683.35,683.68,683.2,683.21,902500,13808,682.95
2026-01-02T15:15:00.000,683.21,683.661,683.1,683.595,709863,9881,682.95
2026-01-02T15:20:00.000,683.59,683.7,683.26,683.3301,1024079,12260,682.96
2026-01-02T15:25:00.000,683.335,683.47,683.0,683.24,705351,8788,682.96
2026-01-02T15:30:00.000,683.24,683.42,682.94,683.035,941448,11477,682.96
2026-01-02T15:35:00.000,683.04,683.42,683.0,683.04,699723,10244,682.97
2026-01-02T15:40:00.000,683.04,683.09,682.5701,682.6299,930551,13298,682.96
2026-01-02T15:45:00.000,682.61,682.73,682.07,682.28,1711830,19746,682.95
2026-01-02T15:50:00.000,682.27,683.06,682.14,682.485,2013801,24807,682.94
2026-01-02T15:55:00.000,682.48,683.35,682.25,683.17,4625144,44087,682.93
2026-01-02T16:00:00.000,683.17,683.17,683.17,683.17,200,1,682.93
2026-01-03T09:30:00.000,0.0,0.0,0.0,0.0,0,0,0.0
2026-01-03T09:35:00.000,0.0,0.0,0.0,0.0,0,0,0.0
2026-01-03T09:40:00.000,0.0,0.0,0.0,0.0,0,0,0.0
2026-01-03T09:45:00.000,0.0,0.0,0.0,0.0,0,0,0.0
2026-01-03T09:50:00.000,0.0,0.0,0.0,0.0,0,0,0.0
2026-01-03T09:55:00.000,0.0,0.0,0.0,0.0,0,0,0.0
2026-01-03T10:00:00.000,0.0,0.0,0.0,0.0,0,0,0.0
2026-01-03T10:05:00.000,0.0,0.0,0.0,0.0,0,0,0.0
2026-01-03T10:10:00.000,0.0,0.0,0.0,0.0,0,0,0.0
2026-01-03T10:15:00.000,0.0,0.0,0.0,0.0,0,0,0.0
2026-01-03T10:20:00.000,0.0,0.0,0.0,0.0,0,0,0.0
2026-01-03T10:25:00.000,0.0,0.0,0.0,0.0,0,0,0.0
2026-01-03T10:30:00.000,0.0,0.0,0.0,0.0,0,0,0.0
2026-01-03T10:35:00.000,0.0,0.0,0.0,0.0,0,0,0.0
2026-01-03T10:40:00.000,0.0,0.0,0.0,0.0,0,0,0.0
2026-01-03T10:45:00.000,0.0,0.0,0.0,0.0,0,0,0.0
2026-01-03T10:50:00.000,0.0,0.0,0.0,0.0,0,0,0.0
2026-01-03T10:55:00.000,0.0,0.0,0.0,0.0,0,0,0.0
2026-01-03T11:00:00.000,0.0,0.0,0.0,0.0,0,0,0.0
2026-01-03T11:05:00.000,0.0,0.0,0.0,0.0,0,0,0.0
2026-01-03T11:10:00.000,0.0,0.0,0.0,0.0,0,0,0.0
2026-01-03T11:15:00.000,0.0,0.0,0.0,0.0,0,0,0.0
2026-01-03T11:20:00.000,0.0,0.0,0.0,0.0,0,0,0.0
2026-01-03T11:25:00.000,0.0,0.0,0.0,0.0,0,0,0.0
2026-01-03T11:30:00.000,0.0,0.0,0.0,0.0,0,0,0.0
2026-01-03T11:35:00.000,0.0,0.0,0.0,0.0,0,0,0.0
2026-01-03T11:40:00.000,0.0,0.0,0.0,0.0,0,0,0.0
2026-01-03T11:45:00.000,0.0,0.0,0.0,0.0,0,0,0.0
2026-01-03T11:50:00.000,0.0,0.0,0.0,0.0,0,0,0.0
2026-01-03T11:55:00.000,0.0,0.0,0.0,0.0,0,0,0.0
2026-01-03T12:00:00.000,0.0,0.0,0.0,0.0,0,0,0.0
2026-01-03T12:05:00.000,0.0,0.0,0.0,0.0,0,0,0.0
2026-01-03T12:10:00.000,0.0,0.0,0.0,0.0,0,0,0.0
2026-01-03T12:15:00.000,0.0,0.0,0.0,0.0,0,0,0.0
2026-01-03T12:20:00.000,0.0,0.0,0.0,0.0,0,0,0.0
2026-01-03T12:25:00.000,0.0,0.0,0.0,0.0,0,0,0.0
2026-01-03T12:30:00.000,0.0,0.0,0.0,0.0,0,0,0.0
2026-01-03T12:35:00.000,0.0,0.0,0.0,0.0,0,0,0.0
2026-01-03T12:40:00.000,0.0,0.0,0.0,0.0,0,0,0.0
2026-01-03T12:45:00.000,0.0,0.0,0.0,0.0,0,0,0.0
2026-01-03T12:50:00.000,0.0,0.0,0.0,0.0,0,0,0.0
2026-01-03T12:55:00.000,0.0,0.0,0.0,0.0,0,0,0.0
2026-01-03T13:00:00.000,0.0,0.0,0.0,0.0,0,0,0.0
2026-01-03T13:05:00.000,0.0,0.0,0.0,0.0,0,0,0.0
2026-01-03T13:10:00.000,0.0,0.0,0.0,0.0,0,0,0.0
2026-01-03T13:15:00.000,0.0,0.0,0.0,0.0,0,0,0.0
2026-01-03T13:20:00.000,0.0,0.0,0.0,0.0,0,0,0.0
2026-01-03T13:25:00.000,0.0,0.0,0.0,0.0,0,0,0.0
2026-01-03T13:30:00.000,0.0,0.0,0.0,0.0,0,0,0.0
2026-01-03T13:35:00.000,0.0,0.0,0.0,0.0,0,0,0.0
2026-01-03T13:40:00.000,0.0,0.0,0.0,0.0,0,0,0.0
2026-01-03T13:45:00.000,0.0,0.0,0.0,0.0,0,0,0.0
2026-01-03T13:50:00.000,0.0,0.0,0.0,0.0,0,0,0.0
2026-01-03T13:55:00.000,0.0,0.0,0.0,0.0,0,0,0.0
2026-01-03T14:00:00.000,0.0,0.0,0.0,0.0,0,0,0.0
2026-01-03T14:05:00.000,0.0,0.0,0.0,0.0,0,0,0.0
2026-01-03T14:10:00.000,0.0,0.0,0.0,0.0,0,0,0.0
2026-01-03T14:15:00.000,0.0,0.0,0.0,0.0,0,0,0.0
2026-01-03T14:20:00.000,0.0,0.0,0.0,0.0,0,0,0.0
2026-01-03T14:25:00.000,0.0,0.0,0.0,0.0,0,0,0.0
2026-01-03T14:30:00.000,0.0,0.0,0.0,0.0,0,0,0.0
2026-01-03T14:35:00.000,0.0,0.0,0.0,0.0,0,0,0.0
2026-01-03T14:40:00.000,0.0,0.0,0.0,0.0,0,0,0.0
2026-01-03T14:45:00.000,0.0,0.0,0.0,0.0,0,0,0.0
2026-01-03T14:50:00.000,0.0,0.0,0.0,0.0,0,0,0.0
2026-01-03T14:55:00.000,0.0,0.0,0.0,0.0,0,0,0.0
2026-01-03T15:00:00.000,0.0,0.0,0.0,0.0,0,0,0.0
2026-01-03T15:05:00.000,0.0,0.0,0.0,0.0,0,0,0.0
2026-01-03T15:10:00.000,0.0,0.0,0.0,0.0,0,0,0.0
2026-01-03T15:15:00.000,0.0,0.0,0.0,0.0,0,0,0.0
2026-01-03T15:20:00.000,0.0,0.0,0.0,0.0,0,0,0.0
2026-01-03T15:25:00.000,0.0,0.0,0.0,0.0,0,0,0.0
2026-01-03T15:30:00.000,0.0,0.0,0.0,0.0,0,0,0.0
2026-01-03T15:35:00.000,0.0,0.0,0.0,0.0,0,0,0.0
2026-01-03T15:40:00.000,0.0,0.0,0.0,0.0,0,0,0.0
2026-01-03T15:45:00.000,0.0,0.0,0.0,0.0,0,0,0.0
2026-01-03T15:50:00.000,0.0,0.0,0.0,0.0,0,0,0.0
2026-01-03T15:55:00.000,0.0,0.0,0.0,0.0,0,0,0.0
2026-01-03T16:00:00.000,0.0,0.0,0.0,0.0,0,0,0.0
2026-01-04T09:30:00.000,0.0,0.0,0.0,0.0,0,0,0.0
2026-01-04T09:35:00.000,0.0,0.0,0.0,0.0,0,0,0.0
2026-01-04T09:40:00.000,0.0,0.0,0.0,0.0,0,0,0.0
2026-01-04T09:45:00.000,0.0,0.0,0.0,0.0,0,0,0.0
2026-01-04T09:50:00.000,0.0,0.0,0.0,0.0,0,0,0.0
2026-01-04T09:55:00.000,0.0,0.0,0.0,0.0,0,0,0.0
2026-01-04T10:00:00.000,0.0,0.0,0.0,0.0,0,0,0.0
2026-01-04T10:05:00.000,0.0,0.0,0.0,0.0,0,0,0.0
2026-01-04T10:10:00.000,0.0,0.0,0.0,0.0,0,0,0.0
2026-01-04T10:15:00.000,0.0,0.0,0.0,0.0,0,0,0.0
2026-01-04T10:20:00.000,0.0,0.0,0.0,0.0,0,0,0.0
2026-01-04T10:25:00.000,0.0,0.0,0.0,0.0,0,0,0.0
2026-01-04T10:30:00.000,0.0,0.0,0.0,0.0,0,0,0.0
2026-01-04T10:35:00.000,0.0,0.0,0.0,0.0,0,0,0.0
2026-01-04T10:40:00.000,0.0,0.0,0.0,0.0,0,0,0.0
2026-01-04T10:45:00.000,0.0,0.0,0.0,0.0,0,0,0.0
2026-01-04T10:50:00.000,0.0,0.0,0.0,0.0,0,0,0.0
2026-01-04T10:55:00.000,0.0,0.0,0.0,0.0,0,0,0.0
2026-01-04T11:00:00.000,0.0,0.0,0.0,0.0,0,0,0.0
2026-01-04T11:05:00.000,0.0,0.0,0.0,0.0,0,0,0.0
2026-01-04T11:10:00.000,0.0,0.0,0.0,0.0,0,0,0.0
2026-01-04T11:15:00.000,0.0,0.0,0.0,0.0,0,0,0.0
2026-01-04T11:20:00.000,0.0,0.0,0.0,0.0,0,0,0.0
2026-01-04T11:25:00.000,0.0,0.0,0.0,0.0,0,0,0.0
2026-01-04T11:30:00.000,0.0,0.0,0.0,0.0,0,0,0.0
2026-01-04T11:35:00.000,0.0,0.0,0.0,0.0,0,0,0.0
2026-01-04T11:40:00.000,0.0,0.0,0.0,0.0,0,0,0.0
2026-01-04T11:45:00.000,0.0,0.0,0.0,0.0,0,0,0.0
2026-01-04T11:50:00.000,0.0,0.0,0.0,0.0,0,0,0.0
2026-01-04T11:55:00.000,0.0,0.0,0.0,0.0,0,0,0.0
2026-01-04T12:00:00.000,0.0,0.0,0.0,0.0,0,0,0.0
2026-01-04T12:05:00.000,0.0,0.0,0.0,0.0,0,0,0.0
2026-01-04T12:10:00.000,0.0,0.0,0.0,0.0,0,0,0.0
2026-01-04T12:15:00.000,0.0,0.0,0.0,0.0,0,0,0.0
2026-01-04T12:20:00.000,0.0,0.0,0.0,0.0,0,0,0.0
2026-01-04T12:25:00.000,0.0,0.0,0.0,0.0,0,0,0.0
2026-01-04T12:30:00.000,0.0,0.0,0.0,0.0,0,0,0.0
2026-01-04T12:35:00.000,0.0,0.0,0.0,0.0,0,0,0.0
2026-01-04T12:40:00.000,0.0,0.0,0.0,0.0,0,0,0.0
2026-01-04T12:45:00.000,0.0,0.0,0.0,0.0,0,0,0.0
2026-01-04T12:50:00.000,0.0,0.0,0.0,0.0,0,0,0.0
2026-01-04T12:55:00.000,0.0,0.0,0.0,0.0,0,0,0.0
2026-01-04T13:00:00.000,0.0,0.0,0.0,0.0,0,0,0.0
2026-01-04T13:05:00.000,0.0,0.0,0.0,0.0,0,0,0.0
2026-01-04T13:10:00.000,0.0,0.0,0.0,0.0,0,0,0.0
2026-01-04T13:15:00.000,0.0,0.0,0.0,0.0,0,0,0.0
2026-01-04T13:20:00.000,0.0,0.0,0.0,0.0,0,0,0.0
2026-01-04T13:25:00.000,0.0,0.0,0.0,0.0,0,0,0.0
2026-01-04T13:30:00.000,0.0,0.0,0.0,0.0,0,0,0.0
2026-01-04T13:35:00.000,0.0,0.0,0.0,0.0,0,0,0.0
2026-01-04T13:40:00.000,0.0,0.0,0.0,0.0,0,0,0.0
2026-01-04T13:45:00.000,0.0,0.0,0.0,0.0,0,0,0.0
2026-01-04T13:50:00.000,0.0,0.0,0.0,0.0,0,0,0.0
2026-01-04T13:55:00.000,0.0,0.0,0.0,0.0,0,0,0.0
2026-01-04T14:00:00.000,0.0,0.0,0.0,0.0,0,0,0.0
2026-01-04T14:05:00.000,0.0,0.0,0.0,0.0,0,0,0.0
2026-01-04T14:10:00.000,0.0,0.0,0.0,0.0,0,0,0.0
2026-01-04T14:15:00.000,0.0,0.0,0.0,0.0,0,0,0.0
2026-01-04T14:20:00.000,0.0,0.0,0.0,0.0,0,0,0.0
2026-01-04T14:25:00.000,0.0,0.0,0.0,0.0,0,0,0.0
2026-01-04T14:30:00.000,0.0,0.0,0.0,0.0,0,0,0.0
2026-01-04T14:35:00.000,0.0,0.0,0.0,0.0,0,0,0.0
2026-01-04T14:40:00.000,0.0,0.0,0.0,0.0,0,0,0.0
2026-01-04T14:45:00.000,0.0,0.0,0.0,0.0,0,0,0.0
2026-01-04T14:50:00.000,0.0,0.0,0.0,0.0,0,0,0.0
2026-01-04T14:55:00.000,0.0,0.0,0.0,0.0,0,0,0.0
2026-01-04T15:00:00.000,0.0,0.0,0.0,0.0,0,0,0.0
2026-01-04T15:05:00.000,0.0,0.0,0.0,0.0,0,0,0.0
2026-01-04T15:10:00.000,0.0,0.0,0.0,0.0,0,0,0.0
2026-01-04T15:15:00.000,0.0,0.0,0.0,0.0,0,0,0.0
2026-01-04T15:20:00.000,0.0,0.0,0.0,0.0,0,0,0.0
2026-01-04T15:25:00.000,0.0,0.0,0.0,0.0,0,0,0.0
2026-01-04T15:30:00.000,0.0,0.0,0.0,0.0,0,0,0.0
2026-01-04T15:35:00.000,0.0,0.0,0.0,0.0,0,0,0.0
2026-01-04T15:40:00.000,0.0,0.0,0.0,0.0,0,0,0.0
2026-01-04T15:45:00.000,0.0,0.0,0.0,0.0,0,0,0.0
2026-01-04T15:50:00.000,0.0,0.0,0.0,0.0,0,0,0.0
2026-01-04T15:55:00.000,0.0,0.0,0.0,0.0,0,0,0.0
2026-01-04T16:00:00.000,0.0,0.0,0.0,0.0,0,0,0.0
2026-01-05T09:30:00.000,686.54,687.64,686.375,687.06,3112480,52478,687.11
2026-01-05T09:35:00.000,687.07,687.255,686.56,686.98,1808949,28777,687.05
2026-01-05T09:40:00.000,687.0,687.545,686.68,687.4,1987374,24509,687.07
2026-01-05T09:45:00.000,687.4,687.88,686.85,687.15,1728072,26169,687.15
2026-01-05T09:50:00.000,687.14,687.31,686.51,686.98,1162201,19058,687.12
2026-01-05T09:55:00.000,686.97,687.34,686.67,687.06,903567,15539,687.11
2026-01-05T10:00:00.000,687.08,687.7999,686.63,687.66,1219798,20537,687.13
2026-01-05T10:05:00.000,687.66,687.95,687.195,687.6899,944612,17378,687.16
2026-01-05T10:10:00.000,687.69,687.825,687.24,687.61,712985,13177,687.18
2026-01-05T10:15:00.000,687.61,687.9101,687.28,687.9,767613,14593,687.2
2026-01-05T10:20:00.000,687.9186,688.115,687.68,688.09,800252,14398,687.24
2026-01-05T10:25:00.000,688.08,688.61,687.69,688.5256,1219064,20671,687.32
2026-01-05T10:30:00.000,688.52,688.82,688.405,688.64,1054380,17453,687.39
2026-01-05T10:35:00.000,688.63,688.689,687.96,688.0793,1082909,25534,687.45
2026-01-05T10:40:00.000,688.078,688.385,687.97,688.05,537533,11057,687.47
2026-01-05T10:45:00.000,688.05,688.5,688.04,688.38,1220829,11379,687.5
2026-01-05T10:50:00.000,688.37,688.46,688.085,688.17,633942,10281,687.51
2026-01-05T10:55:00.000,688.17,688.59,688.05,688.32,585716,10817,687.54
2026-01-05T11:00:00.000,688.32,688.39,687.96,688.19,757810,11716,687.56
2026-01-05T11:05:00.000,688.2,688.55,688.09,688.55,584429,10971,687.58
2026-01-05T11:10:00.000,688.53,688.72,688.36,688.3602,708029,11547,687.61
2026-01-05T11:15:00.000,688.365,688.56,688.225,688.265,446030,8991,687.62
2026-01-05T11:20:00.000,688.26,688.82,688.26,688.77,474916,9355,687.64
2026-01-05T11:25:00.000,688.76,688.87,688.53,688.64,795140,10412,687.67
2026-01-05T11:30:00.000,688.63,688.86,688.4434,688.4799,885405,12728,687.7
2026-01-05T11:35:00.000,688.48,688.95,688.425,688.85,612147,11013,687.73
2026-01-05T11:40:00.000,688.86,688.9156,688.65,688.86,725021,8871,687.75
2026-01-05T11:45:00.000,688.87,689.25,688.8,689.22,903154,10764,687.79
2026-01-05T11:50:00.000,689.22,689.43,688.995,689.065,1046209,13638,687.84
2026-01-05T11:55:00.000,689.06,689.11,688.782,688.91,1213352,13530,687.88
2026-01-05T12:00:00.000,688.91,689.13,688.9,689.08,1566971,10200,687.9
2026-01-05T12:05:00.000,689.07,689.115,688.82,688.87,496961,9692,687.92
2026-01-05T12:10:00.000,688.87,689.05,688.79,688.98,316273,6945,687.93
2026-01-05T12:15:00.000,688.985,689.04,688.6,688.69,413892,6970,687.94
2026-01-05T12:20:00.000,688.67,688.7,688.42,688.515,452038,7682,687.95
2026-01-05T12:25:00.000,688.5,688.55,688.21,688.35,580308,9792,687.96
2026-01-05T12:30:00.000,688.3599,688.55,688.203,688.275,480383,8644,687.96
2026-01-05T12:35:00.000,688.29,688.61,688.25,688.53,405802,6992,687.97
2026-01-05T12:40:00.000,688.52,688.6,688.305,688.36,372907,6906,687.98
2026-01-05T12:45:00.000,688.36,688.79,688.335,688.67,344990,6597,687.98
2026-01-05T12:50:00.000,688.66,688.68,688.28,688.46,347087,6423,687.99
2026-01-05T12:55:00.000,688.46,688.64,688.315,688.58,407775,7257,687.99
2026-01-05T13:00:00.000,688.57,688.75,688.49,688.65,294832,5601,688.0
2026-01-05T13:05:00.000,688.66,688.67,688.1,688.38,388856,6868,688.0
2026-01-05T13:10:00.000,688.39,688.52,688.33,688.42,340512,6347,688.01
2026-01-05T13:15:00.000,688.42,688.42,687.65,688.01,879459,12737,688.01
2026-01-05T13:20:00.000,688.0099,688.23,687.785,688.21,578890,9578,688.01
2026-01-05T13:25:00.000,688.215,688.42,688.09,688.38,516437,8419,688.01
2026-01-05T13:30:00.000,688.36,688.57,688.31,688.5,405970,7763,688.01
2026-01-05T13:35:00.000,688.51,688.56,688.3,688.49,376045,6779,688.02
2026-01-05T13:40:00.000,688.49,688.67,688.4736,688.59,376560,6328,688.02
2026-01-05T13:45:00.000,688.595,688.775,688.595,688.6,440524,6233,688.03
2026-01-05T13:50:00.000,688.6,688.665,688.48,688.65,283186,5367,688.04
2026-01-05T13:55:00.000,688.64,688.64,688.45,688.54,253709,4954,688.04
2026-01-05T14:00:00.000,688.54,688.715,688.505,688.6,344426,6207,688.04
2026-01-05T14:05:00.000,688.59,688.595,688.345,688.425,412316,6079,688.05
2026-01-05T14:10:00.000,688.42,688.435,688.16,688.27,451640,7036,688.05
2026-01-05T14:15:00.000,688.2788,688.39,688.19,688.31,352323,6207,688.05
2026-01-05T14:20:00.000,688.31,688.37,688.19,688.2101,411423,5263,688.05
2026-01-05T14:25:00.000,688.22,688.3857,688.13,688.185,497160,7695,688.06
2026-01-05T14:30:00.000,688.19,688.2999,688.14,688.18,626127,6980,688.06
2026-01-05T14:35:00.000,688.18,688.21,687.7,687.845,559220,8721,688.06
2026-01-05T14:40:00.000,687.84,687.84,687.29,687.66,890578,13335,688.05
2026-01-05T14:45:00.000,687.65,688.0,687.65,687.805,801341,9564,688.04
2026-01-05T14:50:00.000,687.8098,687.8098,687.56,687.61,406955,6382,688.04
2026-01-05T14:55:00.000,687.62,687.86,687.52,687.6198,512164,7228,688.03
2026-01-05T15:00:00.000,687.615,687.745,687.5101,687.6,586384,7893,688.03
2026-01-05T15:05:00.000,687.6,688.02,687.58,687.96,604473,8352,688.03
2026-01-05T15:10:00.000,687.96,688.24,687.94,688.13,582152,8752,688.03
2026-01-05T15:15:00.000,688.13,688.225,687.89,687.96,509563,6981,688.03
2026-01-05T15:20:00.000,687.95,688.0,687.78,687.96,803107,7534,688.03
2026-01-05T15:25:00.000,687.96,688.02,687.86,687.966,528372,7194,688.02
2026-01-05T15:30:00.000,687.965,688.12,687.82,687.925,766750,9629,688.02
2026-01-05T15:35:00.000,687.93,688.095,687.911,688.01,819627,10031,688.02
2026-01-05T15:40:00.000,688.01,688.0162,687.79,687.81,745734,9566,688.02
2026-01-05T15:45:00.000,687.8075,688.04,687.77,687.85,1323434,16290,688.02
2026-01-05T15:50:00.000,687.85,687.98,687.27,687.305,2098808,22482,688.0
2026-01-05T15:55:00.000,687.31,687.77,687.16,687.73,5873039,44590,687.94
2026-01-05T16:00:00.000,687.73,687.73,687.73,687.73,148,1,687.94
2026-01-06T09:30:00.000,687.93,688.66,687.86,688.37,1840305,30698,688.3
2026-01-06T09:35:00.000,688.38,688.46,687.99,688.17,1271707,21274,688.26
2026-01-06T09:40:00.000,688.18,688.525,687.78,688.49,1161887,20000,688.22
2026-01-06T09:45:00.000,688.49,689.39,688.48,689.235,1384653,21804,688.41
2026-01-06T09:50:00.000,689.2301,689.88,689.21,689.7201,1560128,23944,688.65
2026-01-06T09:55:00.000,689.72,690.16,689.65,690.075,1351565,21847,688.85
2026-01-06T10:00:00.000,690.075,690.38,689.99,690.125,1351322,22340,689.04
2026-01-06T10:05:00.000,690.13,690.6,690.09,690.19,1266747,20029,689.19
2026-01-06T10:10:00.000,690.19,690.64,690.11,690.605,1020559,17171,689.28
2026-01-06T10:15:00.000,690.61,690.69,690.275,690.51,1085119,21122,689.39
2026-01-06T10:20:00.000,690.51,690.6513,690.12,690.53,758880,13853,689.44
2026-01-06T10:25:00.000,690.53,690.86,690.492,690.6599,788394,13734,689.51
2026-01-06T10:30:00.000,690.65,690.65,690.04,690.11,797999,14138,689.55
2026-01-06T10:35:00.000,690.1,690.22,689.8,689.87,1295994,19490,689.58
2026-01-06T10:40:00.000,689.87,690.13,689.68,689.79,860189,15138,689.6
2026-01-06T10:45:00.000,689.78,690.01,689.57,689.845,1067645,16199,689.61
2026-01-06T10:50:00.000,689.84,689.97,689.0,689.24,1036346,17785,689.6
2026-01-06T10:55:00.000,689.24,689.24,688.695,689.105,1394789,20005,689.56
2026-01-06T11:00:00.000,689.1,689.1,688.58,688.6427,1006687,16863,689.53
2026-01-06T11:05:00.000,688.65,688.91,688.3,688.855,1086533,18515,689.48
2026-01-06T11:10:00.000,688.86,689.1198,688.75,688.865,690337,13204,689.47
2026-01-06T11:15:00.000,688.865,689.1099,688.73,689.0399,558420,10434,689.45
2026-01-06T11:20:00.000,689.03,689.5,688.825,689.39,427772,9857,689.45
2026-01-06T11:25:00.000,689.38,689.43,688.91,689.045,669931,12459,689.44
2026-01-06T11:30:00.000,689.05,689.35,688.98,689.34,850815,15903,689.43
2026-01-06T11:35:00.000,689.34,689.345,688.8,689.18,668557,12508,689.42
2026-01-06T11:40:00.000,689.19,689.215916,688.62,688.75,806972,15312,689.41
2026-01-06T11:45:00.000,688.75,689.37,688.73,689.34,1391619,9110,689.4
2026-01-06T11:50:00.000,689.33,689.526,689.25,689.345,440104,9014,689.4
2026-01-06T11:55:00.000,689.33,689.46,688.98,689.43,479167,9521,689.39
2026-01-06T12:00:00.000,689.43,689.455,689.155,689.38,284105,6329,689.39
2026-01-06T12:05:00.000,689.38,689.87,689.37,689.82,512274,8151,689.4
2026-01-06T12:10:00.000,689.83,689.98,689.7188,689.8542,394344,7589,689.41
2026-01-06T12:15:00.000,689.85,690.1367,689.85,690.03,475310,7856,689.42
2026-01-06T12:20:00.000,690.03,690.535,690.03,690.4,705002,10286,689.44
2026-01-06T12:25:00.000,690.4,690.62,690.34,690.39,713595,11136,689.46
2026-01-06T12:30:00.000,690.39,690.76,690.37,690.75,673761,10302,689.48
2026-01-06T12:35:00.000,690.75,691.1,690.72,690.82,946211,13054,689.52
2026-01-06T12:40:00.000,690.825,690.86,690.6,690.7873,547640,9261,689.54
2026-01-06T12:45:00.000,690.79,690.94,690.61,690.78,439782,11793,689.56
2026-01-06T12:50:00.000,690.78,690.98,690.725,690.9075,346661,6545,689.57
2026-01-06T12:55:00.000,690.9,691.045,690.84,690.945,374639,6355,689.58
2026-01-06T13:00:00.000,690.95,690.98,690.66,690.77,451261,7665,689.6
2026-01-06T13:05:00.000,690.77,690.835,690.55,690.805,480629,7535,689.61
2026-01-06T13:10:00.000,690.805,690.96,690.76,690.93,359011,5595,689.63
2026-01-06T13:15:00.000,690.9221,691.2,690.92,691.12,597423,8266,689.65
2026-01-06T13:20:00.000,691.12,691.16,690.925,691.045,376205,6863,689.66
2026-01-06T13:25:00.000,691.04,691.085,690.83,690.8702,283963,5233,689.67
2026-01-06T13:30:00.000,690.88,691.03,690.65,690.76,387643,7533,689.68
2026-01-06T13:35:00.000,690.76,691.04,690.76,691.03,280329,5411,689.69
2026-01-06T13:40:00.000,691.02,691.445,691.02,691.37,570752,9269,689.71
2026-01-06T13:45:00.000,691.37,691.685,691.36,691.5876,770803,10933,689.75
2026-01-06T13:50:00.000,691.59,691.67,691.51,691.5655,463280,7924,689.77
2026-01-06T13:55:00.000,691.56,691.725,691.505,691.72,457753,8131,689.79
2026-01-06T14:00:00.000,691.72,691.87,691.67,691.72,676840,10243,689.82
2026-01-06T14:05:00.000,691.72,691.84,691.69,691.78,441352,7623,689.84
2026-01-06T14:10:00.000,691.79,692.125,691.79,692.085,640933,10287,689.88
2026-01-06T14:15:00.000,692.08,692.1,691.945,692.0442,491215,8086,689.9
2026-01-06T14:20:00.000,692.0432,692.16,691.96,692.095,408244,7168,689.92
2026-01-06T14:25:00.000,692.0959,692.12,691.935,691.94,470791,7655,689.94
2026-01-06T14:30:00.000,691.948,692.08,691.91,692.025,528329,8110,689.97
2026-01-06T14:35:00.000,692.02,692.0994,691.895,691.93,623281,8564,689.99
2026-01-06T14:40:00.000,691.94,692.165,691.94,692.08,490542,7202,690.02
2026-01-06T14:45:00.000,692.08,692.13,691.99,692.01,341572,6289,690.03
2026-01-06T14:50:00.000,692.0199,692.0301,691.82,691.845,514831,7575,690.05
2026-01-06T14:55:00.000,691.8401,691.94,691.82,691.875,452715,7637,690.07
2026-01-06T15:00:00.000,691.875,692.21,691.825,692.11,585795,9570,690.09
2026-01-06T15:05:00.000,692.11,692.176,691.975,692.005,482335,7769,690.11
2026-01-06T15:10:00.000,692.005,692.125,691.91,692.06,492780,8279,690.13
2026-01-06T15:15:00.000,692.06,692.24,691.965,692.02,859153,11917,690.16
2026-01-06T15:20:00.000,692.03,692.08,691.97,691.975,497727,9042,690.18
2026-01-06T15:25:00.000,691.98,692.04,691.9401,691.96,520858,8554,690.2
2026-01-06T15:30:00.000,691.96,692.035,691.93,691.995,1238147,9808,690.23
2026-01-06T15:35:00.000,692.0,692.235,691.92,692.18,1133935,14124,690.27
2026-01-06T15:40:00.000,692.175,692.26,692.06,692.08,881435,12795,690.3
2026-01-06T15:45:00.000,692.08,692.19,692.035,692.09,935592,13224,690.33
2026-01-06T15:50:00.000,692.08,692.31,691.97,692.23,2007020,24694,690.39
2026-01-06T15:55:00.000,692.23,692.315,691.8,691.8,4627348,41444,690.5
2026-01-06T16:00:00.000,0.0,0.0,0.0,0.0,0,0,690.5
2026-01-07T09:30:00.000,692.19,692.43,691.71,691.8644,1614743,28281,692.01
2026-01-07T09:35:00.000,691.87,692.42,691.87,692.41,1038905,17854,692.08
2026-01-07T09:40:00.000,692.42,692.795,692.2513,692.7413,1161167,19059,692.23
2026-01-07T09:45:00.000,692.7421,693.09,692.63,692.69,1268919,19744,692.39
2026-01-07T09:50:00.000,692.69,692.85,692.38,692.56,799412,13956,692.42
2026-01-07T09:55:00.000,692.57,692.835,692.49,692.5665,630631,10738,692.44
2026-01-07T10:00:00.000,692.6,692.77,691.595,691.905,1560132,22903,692.35
2026-01-07T10:05:00.000,691.91,692.3,691.75,691.97,1015011,16561,692.31
2026-01-07T10:10:00.000,691.97,692.01,691.53,691.62,765345,13510,692.27
2026-01-07T10:15:00.000,691.62,691.64,691.12,691.25,1197417,22772,692.17
2026-01-07T10:20:00.000,691.24,691.68,691.1,691.57,961438,16286,692.12
2026-01-07T10:25:00.000,691.58,691.9395,691.26,691.672,716397,12722,692.09
2026-01-07T10:30:00.000,691.67,692.16,691.43,692.121,963962,16518,692.07
2026-01-07T10:35:00.000,692.12,692.52,690.96,691.8,2083871,27512,692.04
2026-01-07T10:40:00.000,691.81,692.25,691.53,691.73,1021747,18495,692.03
2026-01-07T10:45:00.000,691.73,692.425,691.67,692.39,697000,13800,692.04
2026-01-07T10:50:00.000,692.4,692.51,692.26,692.42,605773,10586,692.05
2026-01-07T10:55:00.000,692.4198,692.6,692.33,692.505,496561,9550,692.06
2026-01-07T11:00:00.000,692.51,692.825,692.44,692.72,629826,11155,692.08
2026-01-07T11:05:00.000,692.72,692.755,692.546,692.62,439822,9420,692.09
2026-01-07T11:10:00.000,692.64,692.66,692.42,692.585,444940,8869,692.1
2026-01-07T11:15:00.000,692.585,692.705,692.535,692.62,414797,8248,692.11
2026-01-07T11:20:00.000,692.61,692.61,692.31,692.395,535304,9238,692.12
2026-01-07T11:25:00.000,692.39,692.41,691.92,692.25,656015,11346,692.12
2026-01-07T11:30:00.000,692.25,692.53,692.1683,692.345,750161,10659,692.13
2026-01-07T11:35:00.000,692.37,692.485,692.27,692.43,389034,8149,692.13
2026-01-07T11:40:00.000,692.43,693.25,692.425,693.2001,785409,11196,692.15
2026-01-07T11:45:00.000,693.21,693.43,693.11,693.18,856362,13071,692.19
2026-01-07T11:50:00.000,693.175,693.33,693.04,693.33,530225,9257,692.22
2026-01-07T11:55:00.000,693.34,693.56,693.33,693.505,607798,10329,692.25
2026-01-07T12:00:00.000,693.52,693.73,693.47,693.68,580281,9142,692.28
2026-01-07T12:05:00.000,693.67,693.96,693.67,693.83,600732,8920,692.31
2026-01-07T12:10:00.000,693.83,693.86,693.62,693.7102,593857,8804,692.34
2026-01-07T12:15:00.000,693.715,693.785,693.56,693.77,414763,7361,692.36
2026-01-07T12:20:00.000,693.775,693.9499,693.77,693.9,450488,5756,692.38
2026-01-07T12:25:00.000,693.8944,693.905,693.6,693.6596,473363,6237,692.39
2026-01-07T12:30:00.000,693.66,693.715,693.405,693.52,543114,7420,692.42
2026-01-07T12:35:00.000,693.51,693.57,693.34,693.5699,374357,6438,692.43
2026-01-07T12:40:00.000,693.565,693.78,693.425,693.75,492792,7699,692.45
2026-01-07T12:45:00.000,693.75,693.79,693.35,693.395,702694,8650,692.47
2026-01-07T12:50:00.000,693.39,693.4,692.78,693.07,1038554,13330,692.49
2026-01-07T12:55:00.000,693.07,693.215,692.905,692.99,554737,8403,692.5
2026-01-07T13:00:00.000,692.99,693.01,692.765,692.87,607388,7123,692.51
2026-01-07T13:05:00.000,692.86,692.99,692.8101,692.8768,415808,6789,692.51
2026-01-07T13:10:00.000,692.875,692.875,692.59,692.7799,594059,8211,692.52
2026-01-07T13:15:00.000,692.78,692.78,692.225,692.41,896775,12201,692.51
2026-01-07T13:20:00.000,692.405,692.47,692.15,692.37,561008,8113,692.51
2026-01-07T13:25:00.000,692.36,692.41,692.04,692.13,633786,9575,692.51
2026-01-07T13:30:00.000,692.13,692.59,692.13,692.58,632612,9862,692.5
2026-01-07T13:35:00.000,692.575,692.6,692.3926,692.51,589523,8627,692.5
2026-01-07T13:40:00.000,692.51,692.84,692.51,692.73,554576,8250,692.51
2026-01-07T13:45:00.000,692.73,692.95,692.5824,692.945,570994,7604,692.51
2026-01-07T13:50:00.000,692.945,693.145,692.9,693.0,624563,7708,692.52
2026-01-07T13:55:00.000,693.0,693.05,692.615,692.825,644396,8951,692.52
2026-01-07T14:00:00.000,692.83,692.89,692.6,692.89,611746,8075,692.53
2026-01-07T14:05:00.000,692.885,692.89,692.28,692.36,848514,8699,692.53
2026-01-07T14:10:00.000,692.36,692.375,691.72,691.965,1323715,16902,692.51
2026-01-07T14:15:00.000,691.965,692.3655,691.45,691.96,1070171,14579,692.49
2026-01-07T14:20:00.000,691.95,691.99,691.61,691.685,555704,8652,692.48
2026-01-07T14:25:00.000,691.7,691.74,691.49,691.68,530574,8113,692.47
2026-01-07T14:30:00.000,691.68,692.07,691.58,692.03,612412,8795,692.46
2026-01-07T14:35:00.000,692.02,692.16,691.925,692.05,607132,8192,692.46
2026-01-07T14:40:00.000,692.05,692.06,691.705,691.96,498131,7127,692.45
2026-01-07T14:45:00.000,691.955,692.02,691.82,691.91,366354,6601,692.45
2026-01-07T14:50:00.000,691.91,691.975,691.725,691.945,602263,7104,692.44
2026-01-07T14:55:00.000,691.94,691.955,691.72,691.74,1597622,7463,692.43
2026-01-07T15:00:00.000,691.75,691.815,691.565,691.73,753205,7882,692.43
2026-01-07T15:05:00.000,691.72,691.76,691.35,691.4375,732236,10570,692.41
2026-01-07T15:10:00.000,691.43,691.44,690.7,690.78,1366666,16633,692.37
2026-01-07T15:15:00.000,690.78,691.1,690.49,691.08,1203741,15037,692.34
2026-01-07T15:20:00.000,691.07,691.12,690.57,690.5907,1236421,11977,692.32
2026-01-07T15:25:00.000,690.6,690.67,690.1175,690.36,1521659,18416,692.26
2026-01-07T15:30:00.000,690.36,690.37,689.725,689.77,1809506,21912,692.19
2026-01-07T15:35:00.000,689.765,689.77,689.38,689.45,1922433,22707,692.1
2026-01-07T15:40:00.000,689.46,689.838,689.32,689.65,1478018,19330,692.04
2026-01-07T15:45:00.000,689.66,689.78,689.47,689.645,2126000,22062,691.97
2026-01-07T15:50:00.000,689.645,689.96,689.62,689.83,2049507,23062,691.9
2026-01-07T15:55:00.000,689.83,689.83,689.35,689.59,4273776,36088,691.77
2026-01-07T16:00:00.000,689.585,689.585,689.58,689.58,2102,9,691.77
2026-01-08T09:30:00.000,688.82,689.3,688.315,688.395,2401462,34719,688.78
2026-01-08T09:35:00.000,688.4,689.26,688.36,688.425,1469376,23780,688.75
2026-01-08T09:40:00.000,688.43,688.8,687.58,687.825,1780701,28613,688.56
2026-01-08T09:45:00.000,687.83,689.01,687.49,688.64,1683074,24894,688.47
2026-01-08T09:50:00.000,688.635,689.16,688.22,688.8,1220187,21209,688.5
2026-01-08T09:55:00.000,688.81,688.95,688.22,688.28,988395,18804,688.51
2026-01-08T10:00:00.000,688.28,688.65,687.85,688.54,1638965,26372,688.45
2026-01-08T10:05:00.000,688.54,689.85,688.39,689.79,1778964,27200,688.55
2026-01-08T10:10:00.000,689.8,689.815,689.31,689.68,1237687,17577,688.64
2026-01-08T10:15:00.000,689.68,690.02,689.52,689.79,860532,18691,688.7
2026-01-08T10:20:00.000,689.79,689.97,689.5,689.74,651669,12062,688.74
2026-01-08T10:25:00.000,689.73,689.93,689.398,689.63,738825,12616,688.78
2026-01-08T10:30:00.000,689.65,689.85,689.2,689.43,587401,12315,688.8
2026-01-08T10:35:00.000,689.425,689.56,688.6515,689.44,1168692,18815,688.82
2026-01-08T10:40:00.000,689.435,689.97,689.26,689.71,882840,15173,688.86
2026-01-08T10:45:00.000,689.695,689.93,689.05,689.19,858560,14273,688.88
2026-01-08T10:50:00.000,689.18,689.35,688.53,688.58,810326,14193,688.89
2026-01-08T10:55:00.000,688.57,689.89,688.51,689.84,1265720,18986,688.9
2026-01-08T11:00:00.000,689.85,689.975,689.62,689.9,876503,14951,688.94
2026-01-08T11:05:00.000,689.895,689.9195,689.02,689.1199,681077,13057,688.95
2026-01-08T11:10:00.000,689.12,689.46,688.85,688.91,812470,14613,688.96
2026-01-08T11:15:00.000,688.91,689.24,688.65,689.105,786453,14469,688.96
2026-01-08T11:20:00.000,689.12,689.565,689.0,689.15,519150,11328,688.97
2026-01-08T11:25:00.000,689.14,689.47,688.85,689.08,489100,10423,688.97
2026-01-08T11:30:00.000,689.08,689.49,688.92,689.15,599065,11929,688.98
2026-01-08T11:35:00.000,689.14,689.37,688.44,689.225,700054,12839,688.97
2026-01-08T11:40:00.000,689.23,689.705,689.18,689.6,659479,11225,688.98
2026-01-08T11:45:00.000,689.61,690.085,689.56,689.82,641264,11341,689.0
2026-01-08T11:50:00.000,689.84,689.88,689.15,689.295,613174,10329,689.01
2026-01-08T11:55:00.000,689.3,689.97,689.23,689.9,596202,10473,689.02
2026-01-08T12:00:00.000,689.89,689.94,689.44,689.59,453098,8088,689.03
2026-01-08T12:05:00.000,689.585,689.7999,689.42,689.5,378243,7028,689.04
2026-01-08T12:10:00.000,689.48,689.595,689.26,689.51,441980,7687,689.04
2026-01-08T12:15:00.000,689.5,689.96,689.39,689.92,298407,6346,689.05
2026-01-08T12:20:00.000,689.95,690.0,689.53,689.535,456595,7603,689.06
2026-01-08T12:25:00.000,689.53,689.53,689.12,689.35,393279,6873,689.06
2026-01-08T12:30:00.000,689.34,689.985,689.3243,689.88,425814,7539,689.07
2026-01-08T12:35:00.000,689.86,690.04,689.78,689.92,336685,6196,689.08
2026-01-08T12:40:00.000,689.92,690.22,689.8575,690.0593,477757,8009,689.09
2026-01-08T12:45:00.000,690.06,690.25,689.93,690.19,379599,6515,689.11
2026-01-08T12:50:00.000,690.19,690.615,690.19,690.47,667303,9239,689.13
2026-01-08T12:55:00.000,690.48,690.52,690.04,690.09,392466,6729,689.14
2026-01-08T13:00:00.000,690.09,690.19,689.77,689.86,678149,8728,689.16
2026-01-08T13:05:00.000,689.85,689.85,689.49,689.6299,617149,8875,689.17
2026-01-08T13:10:00.000,689.63,689.67,688.83,688.935,726451,9524,689.17
2026-01-08T13:15:00.000,688.925,689.64,688.79,689.63,587728,8694,689.17
2026-01-08T13:20:00.000,689.65,689.7265,689.2309,689.41,534540,7698,689.17
2026-01-08T13:25:00.000,689.41,689.63,689.25,689.5,337279,5596,689.17
2026-01-08T13:30:00.000,689.5,689.56,689.26,689.3,399664,6977,689.18
2026-01-08T13:35:00.000,689.3,689.56,689.25,689.28,265164,5001,689.18
2026-01-08T13:40:00.000,689.28,689.495,689.245,689.42,297030,5183,689.18
2026-01-08T13:45:00.000,689.41,689.805,689.2401,689.635,299867,5348,689.18
2026-01-08T13:50:00.000,689.64,689.7,689.02,689.03,445751,6691,689.18
2026-01-08T13:55:00.000,689.0,689.15,688.76,688.89,416334,6587,689.18
2026-01-08T14:00:00.000,688.89,689.33,688.7,689.17,579329,9005,689.18
2026-01-08T14:05:00.000,689.17,689.34,689.06,689.06,366766,5922,689.18
2026-01-08T14:10:00.000,689.07,689.105,688.61,688.67,491084,7883,689.17
2026-01-08T14:15:00.000,688.67,688.995,688.28,688.97,747621,10977,689.16
2026-01-08T14:20:00.000,688.98,689.35,688.85,688.95,543043,8457,689.16
2026-01-08T14:25:00.000,688.95,688.98,688.73,688.92,280565,5543,689.16
2026-01-08T14:30:00.000,688.93,689.33,688.885,688.995,565303,7091,689.16
2026-01-08T14:35:00.000,688.99,689.05,688.72,688.755,429571,5760,689.16
2026-01-08T14:40:00.000,688.76,688.928,688.5899,688.69,295499,5413,689.16
2026-01-08T14:45:00.000,688.7,688.91,688.65,688.88,332922,6038,689.15
2026-01-08T14:50:00.000,688.86,689.14,688.76,688.89,303055,5479,689.15
2026-01-08T14:55:00.000,688.89,688.89,688.57,688.86,708405,7515,689.15
2026-01-08T15:00:00.000,688.85,689.08,688.71,688.965,426940,6407,689.14
2026-01-08T15:05:00.000,688.96,689.01,688.73,688.89,456484,5904,689.14
2026-01-08T15:10:00.000,688.88,689.315,688.87,689.265,646743,9195,689.14
2026-01-08T15:15:00.000,689.27,689.32,688.936,688.98,477865,7310,689.14
2026-01-08T15:20:00.000,688.98,689.3,688.85,689.11,466369,8120,689.14
2026-01-08T15:25:00.000,689.12,689.65,689.12,689.575,773325,10469,689.15
2026-01-08T15:30:00.000,689.57,689.88,689.555,689.875,1079467,12953,689.16
2026-01-08T15:35:00.000,689.88,690.055,689.49,689.535,1240518,12798,689.17
2026-01-08T15:40:00.000,689.54,689.705,689.255,689.44,896324,11258,689.18
2026-01-08T15:45:00.000,689.43,689.655,689.345,689.55,895115,13060,689.18
2026-01-08T15:50:00.000,689.54,689.87,689.28,689.75,1282987,19389,689.19
2026-01-08T15:55:00.000,689.75,689.86,689.39,689.44,3221865,31889,689.22
2026-01-08T16:00:00.000,689.45,689.46,689.45,689.46,1799,4,689.22
2026-01-09T09:30:00.000,690.63,691.24,690.46,690.92,2253983,33793,690.8
2026-01-09T09:35:00.000,690.925,692.295,690.9,691.9599,1849284,29032,691.19
2026-01-09T09:40:00.000,691.96,692.2,691.2,691.38,1348554,21911,691.35
2026-01-09T09:45:00.000,691.37,691.87,690.51,691.01,1454662,22857,691.31
2026-01-09T09:50:00.000,690.99,691.74,690.67,691.42,1283993,21039,691.28
2026-01-09T09:55:00.000,691.41,691.64,690.67,691.51,911458,15110,691.28
2026-01-09T10:00:00.000,691.56,691.98,690.56,690.6,1515556,29606,691.28
2026-01-09T10:05:00.000,690.61,690.7,689.18,689.58,2023325,30464,691.07
2026-01-09T10:10:00.000,689.615,691.32,689.47,691.28,1560414,23249,691.0
2026-01-09T10:15:00.000,691.28,691.62,690.89,691.53,1064471,18023,691.02
2026-01-09T10:20:00.000,691.55,692.55,691.23,692.465,1175533,18697,691.09
2026-01-09T10:25:00.000,692.48,693.34,692.395,693.13,1426880,22517,691.24
2026-01-09T10:30:00.000,693.13,693.45,692.62,693.2,1683085,24398,691.41
2026-01-09T10:35:00.000,693.2,693.29,692.76,692.7627,1004232,17154,691.49
2026-01-09T10:40:00.000,692.765,692.87,691.64,691.67,1131911,18096,691.52
2026-01-09T10:45:00.000,691.68,692.12,691.28,691.48,1246419,19367,691.53
2026-01-09T10:50:00.000,691.47,692.12,691.43,691.51,661429,12565,691.53
2026-01-09T10:55:00.000,691.51,692.0,691.3,691.93,682219,13051,691.54
2026-01-09T11:00:00.000,691.94,692.73,691.93,692.6,831493,14445,691.57
2026-01-09T11:05:00.000,692.6,693.19,692.525,693.115,846518,15378,691.61
2026-01-09T11:10:00.000,693.105,693.65,692.84,693.455,1289670,18669,691.68
2026-01-09T11:15:00.000,693.455,693.555,693.24,693.39,962538,14533,691.74
2026-01-09T11:20:00.000,693.385,693.55,693.155,693.26,585104,10895,691.77
2026-01-09T11:25:00.000,693.255,693.26,692.82,692.8599,541159,10302,691.8
2026-01-09T11:30:00.000,692.85,693.12,692.575,692.6784,477983,9739,691.81
2026-01-09T11:35:00.000,692.67,693.095,692.545,692.98,623883,10805,691.83
2026-01-09T11:40:00.000,692.98,693.25,692.69,693.165,410442,8151,691.85
2026-01-09T11:45:00.000,693.15,693.71,693.14,693.66,653496,11303,691.88
2026-01-09T11:50:00.000,693.6646,694.03,693.66,693.95,959913,13628,691.94
2026-01-09T11:55:00.000,693.95,694.02,693.78,693.89,595901,9479,691.97
2026-01-09T12:00:00.000,693.88,694.215,693.72,694.215,571840,9142,692.0
2026-01-09T12:05:00.000,694.22,694.275,694.06,694.115,533040,8076,692.03
2026-01-09T12:10:00.000,694.13,694.19,693.87,694.18,447414,7451,692.06
2026-01-09T12:15:00.000,694.17,694.18,693.76,693.82,375568,6641,692.08
2026-01-09T12:20:00.000,693.815,694.26,693.8,694.23,460901,7046,692.1
2026-01-09T12:25:00.000,694.2301,694.38,694.165,694.22,422339,7262,692.13
2026-01-09T12:30:00.000,694.23,694.5,694.16,694.43,507742,7249,692.16
2026-01-09T12:35:00.000,694.43,694.45,694.24,694.33,427575,6257,692.18
2026-01-09T12:40:00.000,694.32,694.32,694.01,694.09,308155,6197,692.2
2026-01-09T12:45:00.000,694.085,694.31,694.005,694.15,461274,7317,692.22
2026-01-09T12:50:00.000,694.16,694.39,694.01,694.055,464643,7578,692.25
2026-01-09T12:55:00.000,694.059,694.22,693.95,693.975,416725,7135,692.26
2026-01-09T13:00:00.000,693.96,693.96,693.645,693.7099,539583,8304,692.28
2026-01-09T13:05:00.000,693.71,694.0101,693.47,693.5,463466,7356,692.3
2026-01-09T13:10:00.000,693.5,693.73,693.495,693.675,428787,6840,692.32
2026-01-09T13:15:00.000,693.67,693.86,693.6,693.63,277231,5877,692.32
2026-01-09T13:20:00.000,693.63,693.74,693.54,693.59,322336,5446,692.33
2026-01-09T13:25:00.000,693.59,693.89,693.36,693.87,478994,7415,692.35
2026-01-09T13:30:00.000,693.87,694.28,693.855,694.2511,336357,7086,692.36
2026-01-09T13:35:00.000,694.24,694.735,694.23,694.705,682682,9276,692.4
2026-01-09T13:40:00.000,694.71,694.8899,694.4995,694.52,693132,9196,692.44
2026-01-09T13:45:00.000,694.52,694.665,694.44,694.61,468387,6719,692.46
2026-01-09T13:50:00.000,694.61,694.6399,694.42,694.525,410354,5996,692.48
2026-01-09T13:55:00.000,694.53,694.67,694.44,694.53,375859,5931,692.5
2026-01-09T14:00:00.000,694.52,694.5751,694.36,694.5,427346,6666,692.52
2026-01-09T14:05:00.000,694.495,694.678,694.415,694.67,311490,5088,692.53
2026-01-09T14:10:00.000,694.665,694.77,694.505,694.57,398523,6422,692.55
2026-01-09T14:15:00.000,694.57,694.82,694.57,694.74,353033,5903,692.57
2026-01-09T14:20:00.000,694.74,694.845,694.69,694.78,369081,6414,692.58
2026-01-09T14:25:00.000,694.78,694.84,694.65,694.81,330430,5945,692.6
2026-01-09T14:30:00.000,694.805,694.89,694.715,694.75,549954,8364,692.62
2026-01-09T14:35:00.000,694.75,694.85,694.715,694.77,483066,7239,692.65
2026-01-09T14:40:00.000,694.77,694.85,694.71,694.81,389864,5515,692.66
2026-01-09T14:45:00.000,694.81,695.08,694.755,695.02,491274,7664,692.68
2026-01-09T14:50:00.000,695.01,695.23,695.01,695.06,607120,7990,692.72
2026-01-09T14:55:00.000,695.07,695.07,694.87,694.8999,626423,8324,692.74
2026-01-09T15:00:00.000,694.89,695.15,694.8101,695.0,435376,6729,692.76
2026-01-09T15:05:00.000,695.0,695.07,694.89,694.9259,485511,5973,692.78
2026-01-09T15:10:00.000,694.93,694.96,694.76,694.8165,470953,7334,692.8
2026-01-09T15:15:00.000,694.82,694.99,694.76,694.946,531190,7875,692.82
2026-01-09T15:20:00.000,694.96,695.275,694.95,695.22,937779,10268,692.86
2026-01-09T15:25:00.000,695.215,695.31,695.0,695.025,793234,9245,692.89
2026-01-09T15:30:00.000,695.02,695.12,694.92,695.1099,787786,10180,692.92
2026-01-09T15:35:00.000,695.1,695.11,694.82,694.84,1051313,10611,692.95
2026-01-09T15:40:00.000,694.85,694.9,694.68,694.82,1536853,13933,692.99
2026-01-09T15:45:00.000,694.81,694.9198,694.675,694.715,1169165,13832,693.03
2026-01-09T15:50:00.000,694.71,694.825,694.36,694.55,2926193,24878,693.1
2026-01-09T15:55:00.000,694.54,694.54,693.9,693.99,4151368,39095,693.18
2026-01-09T16:00:00.000,694.02,694.03,694.01,694.03,1544,9,693.18
2026-01-10T09:30:00.000,0.0,0.0,0.0,0.0,0,0,0.0
2026-01-10T09:35:00.000,0.0,0.0,0.0,0.0,0,0,0.0
2026-01-10T09:40:00.000,0.0,0.0,0.0,0.0,0,0,0.0
2026-01-10T09:45:00.000,0.0,0.0,0.0,0.0,0,0,0.0
2026-01-10T09:50:00.000,0.0,0.0,0.0,0.0,0,0,0.0
2026-01-10T09:55:00.000,0.0,0.0,0.0,0.0,0,0,0.0
2026-01-10T10:00:00.000,0.0,0.0,0.0,0.0,0,0,0.0
2026-01-10T10:05:00.000,0.0,0.0,0.0,0.0,0,0,0.0
2026-01-10T10:10:00.000,0.0,0.0,0.0,0.0,0,0,0.0
2026-01-10T10:15:00.000,0.0,0.0,0.0,0.0,0,0,0.0
2026-01-10T10:20:00.000,0.0,0.0,0.0,0.0,0,0,0.0
2026-01-10T10:25:00.000,0.0,0.0,0.0,0.0,0,0,0.0
2026-01-10T10:30:00.000,0.0,0.0,0.0,0.0,0,0,0.0
2026-01-10T10:35:00.000,0.0,0.0,0.0,0.0,0,0,0.0
2026-01-10T10:40:00.000,0.0,0.0,0.0,0.0,0,0,0.0
2026-01-10T10:45:00.000,0.0,0.0,0.0,0.0,0,0,0.0
2026-01-10T10:50:00.000,0.0,0.0,0.0,0.0,0,0,0.0
2026-01-10T10:55:00.000,0.0,0.0,0.0,0.0,0,0,0.0
2026-01-10T11:00:00.000,0.0,0.0,0.0,0.0,0,0,0.0
2026-01-10T11:05:00.000,0.0,0.0,0.0,0.0,0,0,0.0
2026-01-10T11:10:00.000,0.0,0.0,0.0,0.0,0,0,0.0
2026-01-10T11:15:00.000,0.0,0.0,0.0,0.0,0,0,0.0
2026-01-10T11:20:00.000,0.0,0.0,0.0,0.0,0,0,0.0
2026-01-10T11:25:00.000,0.0,0.0,0.0,0.0,0,0,0.0
2026-01-10T11:30:00.000,0.0,0.0,0.0,0.0,0,0,0.0
2026-01-10T11:35:00.000,0.0,0.0,0.0,0.0,0,0,0.0
2026-01-10T11:40:00.000,0.0,0.0,0.0,0.0,0,0,0.0
2026-01-10T11:45:00.000,0.0,0.0,0.0,0.0,0,0,0.0
2026-01-10T11:50:00.000,0.0,0.0,0.0,0.0,0,0,0.0
2026-01-10T11:55:00.000,0.0,0.0,0.0,0.0,0,0,0.0
2026-01-10T12:00:00.000,0.0,0.0,0.0,0.0,0,0,0.0
2026-01-10T12:05:00.000,0.0,0.0,0.0,0.0,0,0,0.0
2026-01-10T12:10:00.000,0.0,0.0,0.0,0.0,0,0,0.0
2026-01-10T12:15:00.000,0.0,0.0,0.0,0.0,0,0,0.0
2026-01-10T12:20:00.000,0.0,0.0,0.0,0.0,0,0,0.0
2026-01-10T12:25:00.000,0.0,0.0,0.0,0.0,0,0,0.0
2026-01-10T12:30:00.000,0.0,0.0,0.0,0.0,0,0,0.0
2026-01-10T12:35:00.000,0.0,0.0,0.0,0.0,0,0,0.0
2026-01-10T12:40:00.000,0.0,0.0,0.0,0.0,0,0,0.0
2026-01-10T12:45:00.000,0.0,0.0,0.0,0.0,0,0,0.0
2026-01-10T12:50:00.000,0.0,0.0,0.0,0.0,0,0,0.0
2026-01-10T12:55:00.000,0.0,0.0,0.0,0.0,0,0,0.0
2026-01-10T13:00:00.000,0.0,0.0,0.0,0.0,0,0,0.0
2026-01-10T13:05:00.000,0.0,0.0,0.0,0.0,0,0,0.0
2026-01-10T13:10:00.000,0.0,0.0,0.0,0.0,0,0,0.0
2026-01-10T13:15:00.000,0.0,0.0,0.0,0.0,0,0,0.0
2026-01-10T13:20:00.000,0.0,0.0,0.0,0.0,0,0,0.0
2026-01-10T13:25:00.000,0.0,0.0,0.0,0.0,0,0,0.0
2026-01-10T13:30:00.000,0.0,0.0,0.0,0.0,0,0,0.0
2026-01-10T13:35:00.000,0.0,0.0,0.0,0.0,0,0,0.0
2026-01-10T13:40:00.000,0.0,0.0,0.0,0.0,0,0,0.0
2026-01-10T13:45:00.000,0.0,0.0,0.0,0.0,0,0,0.0
2026-01-10T13:50:00.000,0.0,0.0,0.0,0.0,0,0,0.0
2026-01-10T13:55:00.000,0.0,0.0,0.0,0.0,0,0,0.0
2026-01-10T14:00:00.000,0.0,0.0,0.0,0.0,0,0,0.0
2026-01-10T14:05:00.000,0.0,0.0,0.0,0.0,0,0,0.0
2026-01-10T14:10:00.000,0.0,0.0,0.0,0.0,0,0,0.0
2026-01-10T14:15:00.000,0.0,0.0,0.0,0.0,0,0,0.0
2026-01-10T14:20:00.000,0.0,0.0,0.0,0.0,0,0,0.0
2026-01-10T14:25:00.000,0.0,0.0,0.0,0.0,0,0,0.0
2026-01-10T14:30:00.000,0.0,0.0,0.0,0.0,0,0,0.0
2026-01-10T14:35:00.000,0.0,0.0,0.0,0.0,0,0,0.0
2026-01-10T14:40:00.000,0.0,0.0,0.0,0.0,0,0,0.0
2026-01-10T14:45:00.000,0.0,0.0,0.0,0.0,0,0,0.0
2026-01-10T14:50:00.000,0.0,0.0,0.0,0.0,0,0,0.0
2026-01-10T14:55:00.000,0.0,0.0,0.0,0.0,0,0,0.0
2026-01-10T15:00:00.000,0.0,0.0,0.0,0.0,0,0,0.0
2026-01-10T15:05:00.000,0.0,0.0,0.0,0.0,0,0,0.0
2026-01-10T15:10:00.000,0.0,0.0,0.0,0.0,0,0,0.0
2026-01-10T15:15:00.000,0.0,0.0,0.0,0.0,0,0,0.0
2026-01-10T15:20:00.000,0.0,0.0,0.0,0.0,0,0,0.0
2026-01-10T15:25:00.000,0.0,0.0,0.0,0.0,0,0,0.0
2026-01-10T15:30:00.000,0.0,0.0,0.0,0.0,0,0,0.0
2026-01-10T15:35:00.000,0.0,0.0,0.0,0.0,0,0,0.0
2026-01-10T15:40:00.000,0.0,0.0,0.0,0.0,0,0,0.0
2026-01-10T15:45:00.000,0.0,0.0,0.0,0.0,0,0,0.0
2026-01-10T15:50:00.000,0.0,0.0,0.0,0.0,0,0,0.0
2026-01-10T15:55:00.000,0.0,0.0,0.0,0.0,0,0,0.0
2026-01-10T16:00:00.000,0.0,0.0,0.0,0.0,0,0,0.0
2026-01-11T09:30:00.000,0.0,0.0,0.0,0.0,0,0,0.0
2026-01-11T09:35:00.000,0.0,0.0,0.0,0.0,0,0,0.0
2026-01-11T09:40:00.000,0.0,0.0,0.0,0.0,0,0,0.0
2026-01-11T09:45:00.000,0.0,0.0,0.0,0.0,0,0,0.0
2026-01-11T09:50:00.000,0.0,0.0,0.0,0.0,0,0,0.0
2026-01-11T09:55:00.000,0.0,0.0,0.0,0.0,0,0,0.0
2026-01-11T10:00:00.000,0.0,0.0,0.0,0.0,0,0,0.0
2026-01-11T10:05:00.000,0.0,0.0,0.0,0.0,0,0,0.0
2026-01-11T10:10:00.000,0.0,0.0,0.0,0.0,0,0,0.0
2026-01-11T10:15:00.000,0.0,0.0,0.0,0.0,0,0,0.0
2026-01-11T10:20:00.000,0.0,0.0,0.0,0.0,0,0,0.0
2026-01-11T10:25:00.000,0.0,0.0,0.0,0.0,0,0,0.0
2026-01-11T10:30:00.000,0.0,0.0,0.0,0.0,0,0,0.0
2026-01-11T10:35:00.000,0.0,0.0,0.0,0.0,0,0,0.0
2026-01-11T10:40:00.000,0.0,0.0,0.0,0.0,0,0,0.0
2026-01-11T10:45:00.000,0.0,0.0,0.0,0.0,0,0,0.0
2026-01-11T10:50:00.000,0.0,0.0,0.0,0.0,0,0,0.0
2026-01-11T10:55:00.000,0.0,0.0,0.0,0.0,0,0,0.0
2026-01-11T11:00:00.000,0.0,0.0,0.0,0.0,0,0,0.0
2026-01-11T11:05:00.000,0.0,0.0,0.0,0.0,0,0,0.0
2026-01-11T11:10:00.000,0.0,0.0,0.0,0.0,0,0,0.0
2026-01-11T11:15:00.000,0.0,0.0,0.0,0.0,0,0,0.0
2026-01-11T11:20:00.000,0.0,0.0,0.0,0.0,0,0,0.0
2026-01-11T11:25:00.000,0.0,0.0,0.0,0.0,0,0,0.0
2026-01-11T11:30:00.000,0.0,0.0,0.0,0.0,0,0,0.0
2026-01-11T11:35:00.000,0.0,0.0,0.0,0.0,0,0,0.0
2026-01-11T11:40:00.000,0.0,0.0,0.0,0.0,0,0,0.0
2026-01-11T11:45:00.000,0.0,0.0,0.0,0.0,0,0,0.0
2026-01-11T11:50:00.000,0.0,0.0,0.0,0.0,0,0,0.0
2026-01-11T11:55:00.000,0.0,0.0,0.0,0.0,0,0,0.0
2026-01-11T12:00:00.000,0.0,0.0,0.0,0.0,0,0,0.0
2026-01-11T12:05:00.000,0.0,0.0,0.0,0.0,0,0,0.0
2026-01-11T12:10:00.000,0.0,0.0,0.0,0.0,0,0,0.0
2026-01-11T12:15:00.000,0.0,0.0,0.0,0.0,0,0,0.0
2026-01-11T12:20:00.000,0.0,0.0,0.0,0.0,0,0,0.0
2026-01-11T12:25:00.000,0.0,0.0,0.0,0.0,0,0,0.0
2026-01-11T12:30:00.000,0.0,0.0,0.0,0.0,0,0,0.0
2026-01-11T12:35:00.000,0.0,0.0,0.0,0.0,0,0,0.0
2026-01-11T12:40:00.000,0.0,0.0,0.0,0.0,0,0,0.0
2026-01-11T12:45:00.000,0.0,0.0,0.0,0.0,0,0,0.0
2026-01-11T12:50:00.000,0.0,0.0,0.0,0.0,0,0,0.0
2026-01-11T12:55:00.000,0.0,0.0,0.0,0.0,0,0,0.0
2026-01-11T13:00:00.000,0.0,0.0,0.0,0.0,0,0,0.0
2026-01-11T13:05:00.000,0.0,0.0,0.0,0.0,0,0,0.0
2026-01-11T13:10:00.000,0.0,0.0,0.0,0.0,0,0,0.0
2026-01-11T13:15:00.000,0.0,0.0,0.0,0.0,0,0,0.0
2026-01-11T13:20:00.000,0.0,0.0,0.0,0.0,0,0,0.0
2026-01-11T13:25:00.000,0.0,0.0,0.0,0.0,0,0,0.0
2026-01-11T13:30:00.000,0.0,0.0,0.0,0.0,0,0,0.0
2026-01-11T13:35:00.000,0.0,0.0,0.0,0.0,0,0,0.0
2026-01-11T13:40:00.000,0.0,0.0,0.0,0.0,0,0,0.0
2026-01-11T13:45:00.000,0.0,0.0,0.0,0.0,0,0,0.0
2026-01-11T13:50:00.000,0.0,0.0,0.0,0.0,0,0,0.0
2026-01-11T13:55:00.000,0.0,0.0,0.0,0.0,0,0,0.0
2026-01-11T14:00:00.000,0.0,0.0,0.0,0.0,0,0,0.0
2026-01-11T14:05:00.000,0.0,0.0,0.0,0.0,0,0,0.0
2026-01-11T14:10:00.000,0.0,0.0,0.0,0.0,0,0,0.0
2026-01-11T14:15:00.000,0.0,0.0,0.0,0.0,0,0,0.0
2026-01-11T14:20:00.000,0.0,0.0,0.0,0.0,0,0,0.0
2026-01-11T14:25:00.000,0.0,0.0,0.0,0.0,0,0,0.0
2026-01-11T14:30:00.000,0.0,0.0,0.0,0.0,0,0,0.0
2026-01-11T14:35:00.000,0.0,0.0,0.0,0.0,0,0,0.0
2026-01-11T14:40:00.000,0.0,0.0,0.0,0.0,0,0,0.0
2026-01-11T14:45:00.000,0.0,0.0,0.0,0.0,0,0,0.0
2026-01-11T14:50:00.000,0.0,0.0,0.0,0.0,0,0,0.0
2026-01-11T14:55:00.000,0.0,0.0,0.0,0.0,0,0,0.0
2026-01-11T15:00:00.000,0.0,0.0,0.0,0.0,0,0,0.0
2026-01-11T15:05:00.000,0.0,0.0,0.0,0.0,0,0,0.0
2026-01-11T15:10:00.000,0.0,0.0,0.0,0.0,0,0,0.0
2026-01-11T15:15:00.000,0.0,0.0,0.0,0.0,0,0,0.0
2026-01-11T15:20:00.000,0.0,0.0,0.0,0.0,0,0,0.0
2026-01-11T15:25:00.000,0.0,0.0,0.0,0.0,0,0,0.0
2026-01-11T15:30:00.000,0.0,0.0,0.0,0.0,0,0,0.0
2026-01-11T15:35:00.000,0.0,0.0,0.0,0.0,0,0,0.0
2026-01-11T15:40:00.000,0.0,0.0,0.0,0.0,0,0,0.0
2026-01-11T15:45:00.000,0.0,0.0,0.0,0.0,0,0,0.0
2026-01-11T15:50:00.000,0.0,0.0,0.0,0.0,0,0,0.0
2026-01-11T15:55:00.000,0.0,0.0,0.0,0.0,0,0,0.0
2026-01-11T16:00:00.000,0.0,0.0,0.0,0.0,0,0,0.0
2026-01-12T09:30:00.000,690.68,692.26,690.63,691.88,2746812,48887,691.52
2026-01-12T09:35:00.000,691.89,692.75,691.66,692.675,1776952,28058,691.81
2026-01-12T09:40:00.000,692.68,693.23,692.4001,692.7499,1809169,28767,692.11
2026-01-12T09:45:00.000,692.76,693.17,692.54,693.0199,1247492,21476,692.22
2026-01-12T09:50:00.000,693.02,693.75,692.87,693.435,1353835,21943,692.41
2026-01-12T09:55:00.000,693.41,693.9,693.38,693.63,1097320,17229,692.55
2026-01-12T10:00:00.000,693.64,693.79,693.17,693.33,1250586,22319,692.66
2026-01-12T10:05:00.000,693.33,693.55,693.17,693.22,759457,14083,692.7
2026-01-12T10:10:00.000,693.21,693.44,693.0,693.3199,1121046,18323,692.74
2026-01-12T10:15:00.000,693.32,693.53,693.07,693.4388,932011,15559,692.78
2026-01-12T10:20:00.000,693.45,693.81,693.1801,693.54,890884,15984,692.82
2026-01-12T10:25:00.000,693.55,693.66,693.35,693.57,656136,12833,692.85
2026-01-12T10:30:00.000,693.565,693.61,692.99,693.14,868765,21692,692.87
2026-01-12T10:35:00.000,693.13,693.435,692.96,693.4,774299,13763,692.89
2026-01-12T10:40:00.000,693.41,693.495,693.01,693.395,819144,15158,692.9
2026-01-12T10:45:00.000,693.39,693.51,693.06,693.45,567633,11452,692.91
2026-01-12T10:50:00.000,693.45,693.81,693.245,693.765,591782,10956,692.93
2026-01-12T10:55:00.000,693.77,694.06,693.665,693.91,699133,12875,692.96
2026-01-12T11:00:00.000,693.915,693.96,693.66,693.9,663373,12311,692.99
2026-01-12T11:05:00.000,693.895,694.13,693.87,694.075,632940,10170,693.01
2026-01-12T11:10:00.000,694.07,694.48,694.06,694.48,750463,14343,693.06
2026-01-12T11:15:00.000,694.47,694.68,694.38,694.56,959557,15035,693.12
2026-01-12T11:20:00.000,694.55,694.67,694.2,694.42,914227,13063,693.16
2026-01-12T11:25:00.000,694.42,694.45,694.0,694.23,603099,10584,693.19
2026-01-12T11:30:00.000,694.24,694.41,694.07,694.37,393304,7647,693.2
2026-01-12T11:35:00.000,694.37,694.52,694.32,694.425,430946,9113,693.23
2026-01-12T11:40:00.000,694.44,694.6,694.27,694.335,325874,7932,693.24
2026-01-12T11:45:00.000,694.34,694.69,694.2,694.65,977596,9701,693.28
2026-01-12T11:50:00.000,694.66,694.75,694.55,694.7,385942,8835,693.3
2026-01-12T11:55:00.000,694.71,694.86,694.53,694.56,467809,10100,693.32
2026-01-12T12:00:00.000,694.56,694.8399,694.44,694.69,431946,8582,693.34
2026-01-12T12:05:00.000,694.7,694.735,694.36,694.405,358027,7238,693.36
2026-01-12T12:10:00.000,694.4,694.6782,694.4,694.59,356054,7059,693.37
2026-01-12T12:15:00.000,694.58,694.59,694.25,694.34,387717,6578,693.39
2026-01-12T12:20:00.000,694.35,694.64,694.29,694.43,641757,7336,693.41
2026-01-12T12:25:00.000,694.42,694.56,694.3,694.535,423759,5815,693.43
2026-01-12T12:30:00.000,694.53,694.55,694.31,694.38,361674,5999,693.44
2026-01-12T12:35:00.000,694.385,694.45,694.17,694.1711,363885,6105,693.45
2026-01-12T12:40:00.000,694.1721,694.48,694.1,694.44,344642,5915,693.46
2026-01-12T12:45:00.000,694.45,694.64,694.41,694.565,319506,5640,693.47
2026-01-12T12:50:00.000,694.575,694.75,694.43,694.7202,332939,5618,693.48
2026-01-12T12:55:00.000,694.72,694.76,694.63,694.6601,345576,5803,693.49
2026-01-12T13:00:00.000,694.67,694.945,694.585,694.935,432277,6798,693.51
2026-01-12T13:05:00.000,694.93,695.055,694.88,694.995,483340,7836,693.53
2026-01-12T13:10:00.000,694.995,695.025,694.89,694.945,400554,6591,693.55
2026-01-12T13:15:00.000,694.95,695.0,694.81,694.94,359323,6465,693.56
2026-01-12T13:20:00.000,694.945,695.2,694.93,695.1,413420,7313,693.58
2026-01-12T13:25:00.000,695.1,695.17,694.99,695.125,483710,7452,693.6
2026-01-12T13:30:00.000,695.125,695.15,694.94,695.01,375582,7603,693.62
2026-01-12T13:35:00.000,695.015,695.14,694.93,695.11,393171,6811,693.64
2026-01-12T13:40:00.000,695.1,695.16,694.995,695.095,501057,7369,693.66
2026-01-12T13:45:00.000,695.09,695.355,695.085,695.27,484659,6906,693.68
2026-01-12T13:50:00.000,695.27,695.39,695.15,695.15,384802,5857,693.7
2026-01-12T13:55:00.000,695.16,695.24,695.14,695.215,349941,4233,693.7
2026-01-12T14:00:00.000,695.21,695.21,694.99,695.025,546239,7551,693.72
2026-01-12T14:05:00.000,695.02,695.24,694.945,695.2257,378132,5543,693.74
2026-01-12T14:10:00.000,695.22,695.28,695.18,695.265,564464,6977,693.76
2026-01-12T14:15:00.000,695.255,695.44,695.2225,695.36,417870,6659,693.78
2026-01-12T14:20:00.000,695.37,695.46,695.3001,695.39,675810,6505,693.8
2026-01-12T14:25:00.000,695.39,695.4165,695.3,695.32,454359,5695,693.81
2026-01-12T14:30:00.000,695.32,695.865,695.295,695.67,973079,11074,693.85
2026-01-12T14:35:00.000,695.67,695.68,695.525,695.57,436245,6181,693.87
2026-01-12T14:40:00.000,695.56,695.68,695.525,695.625,407860,5898,693.89
2026-01-12T14:45:00.000,695.63,695.81,695.62,695.81,450601,6784,693.91
2026-01-12T14:50:00.000,695.81,695.92,695.74,695.86,462134,6583,693.93
2026-01-12T14:55:00.000,695.869,696.03,695.825,695.945,608994,7180,693.95
2026-01-12T15:00:00.000,695.945,696.09,695.78,695.815,731486,9597,693.99
2026-01-12T15:05:00.000,695.82,695.93,695.78,695.84,535877,6440,694.0
2026-01-12T15:10:00.000,695.83,695.865,695.53,695.615,775123,7782,694.02
2026-01-12T15:15:00.000,695.61,695.6229,695.42,695.49,748241,8469,694.04
2026-01-12T15:20:00.000,695.49,695.5,695.18,695.28,1019181,10027,694.07
2026-01-12T15:25:00.000,695.28,695.43,695.23,695.32,860719,10009,694.09
2026-01-12T15:30:00.000,695.32,695.45,695.245,695.37,857860,9601,694.11
2026-01-12T15:35:00.000,695.38,695.38,695.23,695.32,681766,9125,694.12
2026-01-12T15:40:00.000,695.31,695.37,695.18,695.325,863733,11351,694.14
2026-01-12T15:45:00.000,695.32,695.55,695.275,695.525,2279340,13875,694.17
2026-01-12T15:50:00.000,695.52,695.74,695.16,695.64,1609155,19888,694.21
2026-01-12T15:55:00.000,695.63,695.635,695.14,695.16,2943505,29353,694.27
2026-01-12T16:00:00.000,0.0,0.0,0.0,0.0,0,0,694.27
2026-01-13T09:30:00.000,695.49,695.91,695.3,695.85,2292575,35686,695.6
2026-01-13T09:35:00.000,695.85,696.05,695.38,695.8,1448601,22263,695.66
2026-01-13T09:40:00.000,695.81,696.09,694.9,695.15,2040159,30497,695.59
2026-01-13T09:45:00.000,695.14,695.205,694.45,694.81,2153461,33020,695.4
2026-01-13T09:50:00.000,694.82,695.1,694.275,694.41,1399858,24184,695.28
2026-01-13T09:55:00.000,694.41,694.93,694.23,694.245,785644,13503,695.23
2026-01-13T10:00:00.000,694.23,694.51,693.17,693.78,1518967,29598,695.04
2026-01-13T10:05:00.000,693.79,694.2199,693.48,693.535,898275,17720,694.96
2026-01-13T10:10:00.000,693.53,693.67,693.26,693.4599,794492,13785,694.87
2026-01-13T10:15:00.000,693.46,693.46,692.74,693.155,957824,16482,694.75
2026-01-13T10:20:00.000,693.16,693.2,692.27,692.44,1154328,18989,694.59
2026-01-13T10:25:00.000,692.44,692.765,692.09,692.73,1490751,19881,694.42
2026-01-13T10:30:00.000,692.72,693.43,692.5652,693.15,1225072,21141,694.32
2026-01-13T10:35:00.000,693.15,693.76,693.01,693.205,979100,17095,694.27
2026-01-13T10:40:00.000,693.2,693.41,692.96,693.085,613665,12496,694.24
2026-01-13T10:45:00.000,693.085,693.39,692.64,692.71,567404,12029,694.21
2026-01-13T10:50:00.000,692.68,693.65,692.65,693.63,715481,12781,694.18
2026-01-13T10:55:00.000,693.62,694.04,693.4944,693.76,685042,13340,694.16
2026-01-13T11:00:00.000,693.76,693.93,693.54,693.68,621553,11237,694.15
2026-01-13T11:05:00.000,693.69,693.96,693.54,693.8,407745,8969,694.14
2026-01-13T11:10:00.000,693.805,693.99,693.69,693.845,370699,8591,694.14
2026-01-13T11:15:00.000,693.84,694.2801,693.83,693.99,695730,12446,694.14
2026-01-13T11:20:00.000,693.98,694.075,693.67,693.76,493829,10662,694.13
2026-01-13T11:25:00.000,693.76,693.77,692.41,693.4801,1092785,18643,694.09
2026-01-13T11:30:00.000,693.48,694.13,693.25,694.085,724887,13666,694.08
2026-01-13T11:35:00.000,694.09,694.23,693.78,694.17,616260,11217,694.08
2026-01-13T11:40:00.000,694.175,694.84,694.04,694.595,932117,13607,694.1
2026-01-13T11:45:00.000,694.59,694.77,694.36,694.74,445940,9654,694.1
2026-01-13T11:50:00.000,694.74,695.125,694.735,695.065,918960,13524,694.13
2026-01-13T11:55:00.000,695.06,695.2,694.86,694.92,830043,12795,694.16
2026-01-13T12:00:00.000,694.92,695.11,694.8,695.05,525839,9200,694.17
2026-01-13T12:05:00.000,695.05,695.12,694.66,694.69,424899,7016,694.18
2026-01-13T12:10:00.000,694.68,694.915,694.59,694.88,310416,6255,694.19
2026-01-13T12:15:00.000,694.88,694.94,693.93,694.25,677858,11000,694.19
2026-01-13T12:20:00.000,694.23,694.8199,694.14,694.74,473203,7838,694.19
2026-01-13T12:25:00.000,694.73,694.73,694.24,694.56,436544,6866,694.2
2026-01-13T12:30:00.000,694.55,694.715,693.45,694.51,1363767,18163,694.2
2026-01-13T12:35:00.000,694.5,694.55,694.14,694.14,529259,7401,694.2
2026-01-13T12:40:00.000,694.15,694.2,693.61,693.69,488533,8434,694.19
2026-01-13T12:45:00.000,693.7,693.99,693.515,693.95,644914,9880,694.18
2026-01-13T12:50:00.000,693.94,694.08,693.18,693.37,632662,10664,694.17
2026-01-13T12:55:00.000,693.38,693.38,692.525,692.94,754942,11185,694.15
2026-01-13T13:00:00.000,692.92,692.99,692.42,692.6,971390,12685,694.11
2026-01-13T13:05:00.000,692.6,693.17,692.59,692.715,775135,10901,694.08
2026-01-13T13:10:00.000,692.72,693.37,692.52,693.3501,644608,10374,694.06
2026-01-13T13:15:00.000,693.36,693.49,693.12,693.16,363415,6841,694.06
2026-01-13T13:20:00.000,693.16,693.21,692.68,692.91,446076,7122,694.04
2026-01-13T13:25:00.000,692.92,693.125,692.725,692.92,290471,5552,694.03
2026-01-13T13:30:00.000,692.91,693.43,692.76,693.3,468325,8287,694.02
2026-01-13T13:35:00.000,693.3,693.65,693.28,693.58,326283,5914,694.02
2026-01-13T13:40:00.000,693.57,693.615,693.06,693.11,560139,8368,694.01
2026-01-13T13:45:00.000,693.125,693.39,692.93,693.04,446740,7359,694.0
2026-01-13T13:50:00.000,693.04,693.04,692.54,692.97,530543,8819,693.99
2026-01-13T13:55:00.000,692.97,693.07,692.59,692.8,460594,8100,693.97
2026-01-13T14:00:00.000,692.8,693.055,692.36,692.455,671288,10528,693.95
2026-01-13T14:05:00.000,692.47,692.74,692.27,692.36,721667,9389,693.93
2026-01-13T14:10:00.000,692.35,692.56,692.23,692.37,613983,9595,693.91
2026-01-13T14:15:00.000,692.38,693.05,692.34,692.75,974027,15595,693.89
2026-01-13T14:20:00.000,692.74,693.08,692.59,692.75,717239,12087,693.87
2026-01-13T14:25:00.000,692.76,693.065,692.52,693.01,443693,7960,693.86
2026-01-13T14:30:00.000,693.005,693.16,692.84,692.87,500875,8444,693.85
2026-01-13T14:35:00.000,692.87,693.01,692.71,692.88,427421,7856,693.84
2026-01-13T14:40:00.000,692.89,693.14,692.82,692.86,497340,8481,693.83
2026-01-13T14:45:00.000,692.86,692.89,692.57,692.74,769188,9032,693.82
2026-01-13T14:50:00.000,692.74,693.055,692.72,693.0,471509,7947,693.81
2026-01-13T14:55:00.000,692.9999,693.205,692.78,692.92,677828,10732,693.8
2026-01-13T15:00:00.000,692.92,692.92,692.52,692.69,878964,11407,693.78
2026-01-13T15:05:00.000,692.68,692.855,692.5501,692.655,616632,9711,693.77
2026-01-13T15:10:00.000,692.65,692.65,692.32,692.375,811550,11049,693.74
2026-01-13T15:15:00.000,692.38,692.58,692.34,692.51,874020,11201,693.72
2026-01-13T15:20:00.000,692.5,692.52,692.17,692.38,832595,10910,693.7
2026-01-13T15:25:00.000,692.37,692.39,691.94,692.0,751547,11603,693.68
2026-01-13T15:30:00.000,692.0,692.07,691.35,691.595,1482540,16363,693.63
2026-01-13T15:35:00.000,691.6,692.015,691.4,691.985,1289395,16483,693.59
2026-01-13T15:40:00.000,691.99,692.31,691.99,692.24,1421158,15939,693.56
2026-01-13T15:45:00.000,692.26,692.47,692.02,692.34,1602012,17905,693.53
2026-01-13T15:50:00.000,692.34,693.435,692.11,693.43,2783828,30439,693.5
2026-01-13T15:55:00.000,693.43,693.96,693.22,693.75,4430565,40583,693.5
2026-01-13T16:00:00.000,0.0,0.0,0.0,0.0,0,0,693.5
2026-01-14T09:30:00.000,691.0,691.7,689.87,691.575,2749673,40516,690.81
2026-01-14T09:35:00.000,691.58,691.72,690.36,690.62,1599993,24214,690.88
2026-01-14T09:40:00.000,690.63,691.05,689.45,689.57,1891027,30578,690.64
2026-01-14T09:45:00.000,689.56,690.49,689.105,690.15,1845698,28844,690.43
2026-01-14T09:50:00.000,690.14,690.18,689.28,689.71,1369360,24187,690.32
2026-01-14T09:55:00.000,689.7105,689.75,688.66,688.72,1427858,24580,690.19
2026-01-14T10:00:00.000,688.72,688.74,687.67,688.29,2397828,44009,689.82
2026-01-14T10:05:00.000,688.26,688.93,688.05,688.88,1146785,24326,689.73
2026-01-14T10:10:00.000,688.89,690.6342,688.45,690.59,1881045,31369,689.71
2026-01-14T10:15:00.000,690.59,690.85,689.982,690.16,1049784,18586,689.75
2026-01-14T10:20:00.000,690.17,690.4,689.59,689.86,946290,16603,689.76
2026-01-14T10:25:00.000,689.87,689.99,688.73,688.76,815006,15349,689.75
2026-01-14T10:30:00.000,688.75,688.75,687.99,688.12,1162243,20707,689.66
2026-01-14T10:35:00.000,688.14,688.7399,687.92,688.7201,1055434,19608,689.6
2026-01-14T10:40:00.000,688.71,689.01,687.66,687.815,930295,17788,689.54
2026-01-14T10:45:00.000,687.81,688.02,686.595,686.665,1743354,26092,689.38
2026-01-14T10:50:00.000,686.67,687.07,686.51,687.06,1404156,20896,689.25
2026-01-14T10:55:00.000,687.06,687.505,686.99,687.16,1041995,18343,689.17
2026-01-14T11:00:00.000,687.16,687.595,687.065,687.57,631934,13259,689.12
2026-01-14T11:05:00.000,687.58,687.66,687.01,687.18,602559,12072,689.08
2026-01-14T11:10:00.000,687.18,687.58,686.99,687.38,608216,12571,689.04
2026-01-14T11:15:00.000,687.39,687.71,687.2616,687.67,585386,11298,689.01
2026-01-14T11:20:00.000,687.67,688.88,687.67,688.82,1159448,17607,688.99
2026-01-14T11:25:00.000,688.82,689.33,688.635,689.15,990325,16023,688.99
2026-01-14T11:30:00.000,689.16,689.47,688.62,688.77,1311431,18061,688.99
2026-01-14T11:35:00.000,688.775,688.775,687.99,688.38,639820,12785,688.97
2026-01-14T11:40:00.000,688.36,688.38,687.52,687.5256,631000,12289,688.95
2026-01-14T11:45:00.000,687.53,687.53,686.77,686.885,998248,17636,688.89
2026-01-14T11:50:00.000,686.88,686.88,686.2,686.44,1174064,19810,688.81
2026-01-14T11:55:00.000,686.43,686.66,686.13,686.59,916844,16389,688.75
2026-01-14T12:00:00.000,686.58,687.13,686.33,686.6,747348,12212,688.71
2026-01-14T12:05:00.000,686.59,687.34,686.56,687.2999,508016,10360,688.68
2026-01-14T12:10:00.000,687.29,687.35,686.96,687.22,442383,8597,688.67
2026-01-14T12:15:00.000,687.22,687.22,686.04,686.56,657537,11277,688.63
2026-01-14T12:20:00.000,686.57,686.85,686.24,686.83,500164,9535,688.6
2026-01-14T12:25:00.000,686.85,687.315,686.72,687.0999,675779,10542,688.58
2026-01-14T12:30:00.000,687.09,687.09,686.25,686.32,674962,11235,688.55
2026-01-14T12:35:00.000,686.33,686.7748,686.29,686.55,464484,9194,688.52
2026-01-14T12:40:00.000,686.55,686.95,686.51,686.92,503910,9589,688.5
2026-01-14T12:45:00.000,686.915,687.45,686.88,687.18,636694,11026,688.48
2026-01-14T12:50:00.000,687.17,687.18,686.19,686.515,637613,11296,688.45
2026-01-14T12:55:00.000,686.52,686.73,686.27,686.6377,434319,8194,688.43
2026-01-14T13:00:00.000,686.63,687.22,686.51,687.13,536450,9093,688.41
2026-01-14T13:05:00.000,687.12,687.2599,686.84,687.14,399553,7462,688.4
2026-01-14T13:10:00.000,687.12,687.435,686.85,687.33,440761,8231,688.39
2026-01-14T13:15:00.000,687.32,687.39,686.86,687.08,446713,8392,688.37
2026-01-14T13:20:00.000,687.08,687.42,687.05,687.185,414100,7745,688.36
2026-01-14T13:25:00.000,687.18,687.65,686.94,687.6,438324,8504,688.35
2026-01-14T13:30:00.000,687.59,687.83,686.61,686.78,704402,12462,688.34
2026-01-14T13:35:00.000,686.79,686.92,686.26,686.46,631855,10584,688.31
2026-01-14T13:40:00.000,686.45,686.905,686.45,686.895,438839,7952,688.3
2026-01-14T13:45:00.000,686.89,687.36,686.78,687.095,596262,9629,688.28
2026-01-14T13:50:00.000,687.1,688.02,687.06,687.78,765343,11924,688.27
2026-01-14T13:55:00.000,687.79,688.24,687.6,688.11,581670,9562,688.27
2026-01-14T14:00:00.000,688.11,688.21,687.81,687.9325,920027,14625,688.26
2026-01-14T14:05:00.000,687.92,688.01,687.63,687.84,623086,11291,688.26
2026-01-14T14:10:00.000,687.84,688.0458,687.61,687.99,474765,8391,688.25
2026-01-14T14:15:00.000,687.995,688.17,687.75,688.125,552054,8894,688.25
2026-01-14T14:20:00.000,688.14,688.315,687.9,688.11,569275,9526,688.25
2026-01-14T14:25:00.000,688.11,688.21,687.88,688.125,538841,8860,688.25
2026-01-14T14:30:00.000,688.13,688.37,687.92,688.0,595898,9022,688.25
2026-01-14T14:35:00.000,688.0,688.24,687.62,688.195,458150,8485,688.24
2026-01-14T14:40:00.000,688.2,688.365,688.0,688.125,996213,8899,688.24
2026-01-14T14:45:00.000,688.13,688.38,687.99,688.27,396383,7734,688.24
2026-01-14T14:50:00.000,688.28,688.59,688.17,688.21,490910,9236,688.24
2026-01-14T14:55:00.000,688.22,688.3063,687.93,688.06,788253,11732,688.24
2026-01-14T15:00:00.000,688.05,688.7,687.32,688.335,2038814,31066,688.24
2026-01-14T15:05:00.000,688.35,689.69,688.3,689.175,1917063,23693,688.27
2026-01-14T15:10:00.000,689.17,689.48,688.695,688.75,2139973,16409,688.28
2026-01-14T15:15:00.000,688.75,688.87,688.18,688.6,720776,12777,688.28
2026-01-14T15:20:00.000,688.65,688.99,688.35,688.94,925874,11080,688.29
2026-01-14T15:25:00.000,688.94,689.171,688.68,689.15,1172093,11403,688.3
2026-01-14T15:30:00.000,689.15,690.17,689.12,689.935,1951534,20421,688.33
2026-01-14T15:35:00.000,689.94,690.44,689.835,690.19,1815977,19460,688.37
2026-01-14T15:40:00.000,690.18,690.36,689.1,689.14,1796365,20689,688.41
2026-01-14T15:45:00.000,689.155,689.24,688.62,688.68,1982771,23945,688.43
2026-01-14T15:50:00.000,688.68,689.74,688.65,689.645,3108864,32694,688.45
2026-01-14T15:55:00.000,689.645,690.64,689.64,690.44,7190724,50846,688.56
2026-01-14T16:00:00.000,0.0,0.0,0.0,0.0,0,0,688.56
2026-01-15T09:30:00.000,694.57,694.69,693.97,694.29,2948793,39632,694.35
2026-01-15T09:35:00.000,694.28,694.41,693.725,694.03,1535275,24511,694.24
2026-01-15T09:40:00.000,694.05,694.47,693.54,694.06,1458858,23110,694.19
2026-01-15T09:45:00.000,694.07,694.5535,693.8,694.24,1281211,19371,694.19
2026-01-15T09:50:00.000,694.23,694.25,693.18,694.02,1353636,22100,694.09
2026-01-15T09:55:00.000,694.03,694.26,693.61,693.61,825433,15194,694.07
2026-01-15T10:00:00.000,693.61,694.04,693.52,693.655,820275,16669,694.05
2026-01-15T10:05:00.000,693.66,693.91,693.27,693.89,953691,18236,694.01
2026-01-15T10:10:00.000,693.8901,694.2,693.53,694.0,1000574,19268,694.0
2026-01-15T10:15:00.000,694.0,694.32,693.67,694.03,835047,16634,693.99
2026-01-15T10:20:00.000,694.04,694.72,693.825,694.465,848442,21484,694.01
2026-01-15T10:25:00.000,694.47,694.51,693.615,693.94,925607,16912,694.01
2026-01-15T10:30:00.000,693.94,694.62,693.87,694.59,794421,15928,694.02
2026-01-15T10:35:00.000,694.58,694.9,694.37,694.63,1323556,21044,694.08
2026-01-15T10:40:00.000,694.63,694.815,693.865,693.91,792250,15186,694.1
2026-01-15T10:45:00.000,693.91,694.04,693.25,693.28,1462905,22773,694.05
2026-01-15T10:50:00.000,693.28,693.6291,692.99,693.4,1152047,18862,694.01
2026-01-15T10:55:00.000,693.395,694.59,693.05,694.45,1537630,23899,694.0
2026-01-15T11:00:00.000,694.45,694.88,694.34,694.8,1015597,16608,694.03
2026-01-15T11:05:00.000,694.82,694.84,694.435,694.675,946463,12660,694.05
2026-01-15T11:10:00.000,694.67,694.68,694.35,694.49,531647,10139,694.06
2026-01-15T11:15:00.000,694.48,694.93,694.36,694.87,713400,10563,694.07
2026-01-15T11:20:00.000,694.87,695.16,694.63,695.06,864772,12715,694.09
2026-01-15T11:25:00.000,695.05,695.05,694.55,694.815,543516,11515,694.11
2026-01-15T11:30:00.000,694.81,695.02,694.5699,694.59,539573,10843,694.12
2026-01-15T11:35:00.000,694.585,694.93,694.48,694.88,412888,9605,694.13
2026-01-15T11:40:00.000,694.89,695.03,694.74,694.955,339887,8851,694.14
2026-01-15T11:45:00.000,694.96,695.195,694.725,695.1,453640,10171,694.15
2026-01-15T11:50:00.000,695.105,695.345,694.92,695.085,686690,12448,694.18
2026-01-15T11:55:00.000,695.075,695.14,694.875,695.03,435772,9389,694.19
2026-01-15T12:00:00.000,695.0399,695.43,694.895,695.37,552089,9588,694.21
2026-01-15T12:05:00.000,695.37,695.45,695.2,695.345,519596,7694,694.23
2026-01-15T12:10:00.000,695.35,695.36,694.965,695.01,395399,7670,694.24
2026-01-15T12:15:00.000,695.01,695.08,694.7,695.0651,454096,8648,694.25
2026-01-15T12:20:00.000,695.05,695.095,694.8,694.86,285215,6269,694.26
2026-01-15T12:25:00.000,694.86,694.91,694.39,694.45,650055,10333,694.27
2026-01-15T12:30:00.000,694.45,694.66,694.21,694.39,682413,11333,694.27
2026-01-15T12:35:00.000,694.39,694.6,694.2,694.485,480034,8802,694.27
2026-01-15T12:40:00.000,694.485,694.74,694.38,694.7245,370520,7069,694.27
2026-01-15T12:45:00.000,694.72,695.0199,694.55,694.62,541710,9071,694.28
2026-01-15T12:50:00.000,694.61,694.8,694.38,694.42,349599,7029,694.28
2026-01-15T12:55:00.000,694.42,694.48,693.905,693.98,619436,10216,694.28
2026-01-15T13:00:00.000,693.98,694.54,693.88,694.525,741428,10495,694.28
2026-01-15T13:05:00.000,694.53,694.78,694.37,694.71,428507,7308,694.28
2026-01-15T13:10:00.000,694.705,694.8,694.38,694.57,430518,7467,694.29
2026-01-15T13:15:00.000,694.57,694.63,694.37,694.57,472755,7576,694.29
2026-01-15T13:20:00.000,694.58,694.82,694.54,694.72,390796,6506,694.29
2026-01-15T13:25:00.000,694.73,694.905,694.57,694.885,372710,6330,694.3
2026-01-15T13:30:00.000,694.88,695.145,694.84,695.085,500741,9059,694.31
2026-01-15T13:35:00.000,695.09,695.25,694.79,694.92,420599,7731,694.32
2026-01-15T13:40:00.000,694.92,695.05,694.82,694.98,300309,5682,694.32
2026-01-15T13:45:00.000,694.98,695.06,694.815,694.85,326405,6030,694.33
2026-01-15T13:50:00.000,694.86,694.92,694.615,694.765,377055,6986,694.33
2026-01-15T13:55:00.000,694.77,694.835,694.65,694.7158,261251,5269,694.33
2026-01-15T14:00:00.000,694.71,694.71,694.07,694.2,759410,10989,694.33
2026-01-15T14:05:00.000,694.2,694.49,693.79,694.48,622060,10154,694.33
2026-01-15T14:10:00.000,694.48,694.65,694.205,694.355,433688,8100,694.33
2026-01-15T14:15:00.000,694.36,694.49,694.133,694.2724,525081,8479,694.33
2026-01-15T14:20:00.000,694.27,694.38,693.992,694.17,367625,7607,694.33
2026-01-15T14:25:00.000,694.17,694.18,693.52,693.61,862628,13774,694.32
2026-01-15T14:30:00.000,693.61,693.615,692.63,693.21,1573752,22960,694.27
2026-01-15T14:35:00.000,693.22,693.47,692.97,693.43,671408,12376,694.26
2026-01-15T14:40:00.000,693.42,693.7376,693.26,693.39,892430,13590,694.24
2026-01-15T14:45:00.000,693.38,693.5,693.15,693.43,698638,11081,694.23
2026-01-15T14:50:00.000,693.43,693.62,693.13,693.17,655655,10412,694.22
2026-01-15T14:55:00.000,693.18,693.185,692.58,692.78,787892,12548,694.19
2026-01-15T15:00:00.000,692.77,693.0,692.37,692.84,953815,14505,694.16
2026-01-15T15:05:00.000,692.85,693.03,692.61,692.69,696670,11306,694.15
2026-01-15T15:10:00.000,692.68,692.89,692.41,692.47,764356,11775,694.12
2026-01-15T15:15:00.000,692.46,692.49,691.66,691.69,1538708,19693,694.06
2026-01-15T15:20:00.000,691.68,692.02,691.2907,691.66,1555919,20047,693.99
2026-01-15T15:25:00.000,691.66,691.91,691.4,691.83,1143838,16971,693.94
2026-01-15T15:30:00.000,691.835,691.96,691.49,691.86,1043738,16309,693.9
2026-01-15T15:35:00.000,691.86,692.25,691.41,691.72,1442821,17744,693.85
2026-01-15T15:40:00.000,691.72,692.035,691.545,691.67,1276678,16510,693.81
2026-01-15T15:45:00.000,691.67,691.865,691.3799,691.47,1804622,21076,693.76
2026-01-15T15:50:00.000,691.48,691.93,691.25,691.93,2368663,25262,693.69
2026-01-15T15:55:00.000,691.93,692.23,691.54,692.18,3963478,38220,693.59
2026-01-15T16:00:00.000,692.19,692.19,692.19,692.19,3254,9,693.59
2026-01-16T09:30:00.000,693.66,694.25,693.29,693.958,2347629,31610,693.79
2026-01-16T09:35:00.000,693.95,694.21,693.64,693.75,1054204,17304,693.83
2026-01-16T09:40:00.000,693.77,693.8201,693.11,693.135,1234559,17616,693.74
2026-01-16T09:45:00.000,693.14,693.86,693.14,693.39,993250,17467,693.71
2026-01-16T09:50:00.000,693.41,693.49,692.68,692.88,932934,17071,693.62
2026-01-16T09:55:00.000,692.87,692.885,691.93,691.96,1519777,22546,693.39
2026-01-16T10:00:00.000,691.96,692.39,691.59,692.105,1829835,26290,693.12
2026-01-16T10:05:00.000,692.11,692.81,692.11,692.7,1348836,21278,693.04
2026-01-16T10:10:00.000,692.7,692.805,692.14,692.28,876290,16543,693.0
2026-01-16T10:15:00.000,692.27,692.48,691.5,691.61,1044271,17968,692.93
2026-01-16T10:20:00.000,691.61,692.575,691.59,692.5558,1073100,25917,692.86
2026-01-16T10:25:00.000,692.55,692.555,691.595,691.65,1020630,17765,692.8
2026-01-16T10:30:00.000,691.65,691.74,690.97,691.1,1228984,21475,692.69
2026-01-16T10:35:00.000,691.09,691.13,690.6,690.74,1388801,22939,692.55
2026-01-16T10:40:00.000,690.72,690.74,690.1,690.69,1634773,23286,692.38
2026-01-16T10:45:00.000,690.7,691.2,690.43,691.16,5338069,15470,692.31
2026-01-16T10:50:00.000,691.15,691.4,690.7917,691.35,968429,15877,692.25
2026-01-16T10:55:00.000,691.36,691.88,691.21,691.86,843475,14846,692.22
2026-01-16T11:00:00.000,691.85,692.12,691.555,691.7,1211745,16933,692.21
2026-01-16T11:05:00.000,691.7,692.44,691.62,692.43,937012,16113,692.2
2026-01-16T11:10:00.000,692.43,692.66,692.06,692.29,1149498,17748,692.21
2026-01-16T11:15:00.000,692.29,692.47,692.13,692.41,1731299,11474,692.21
2026-01-16T11:20:00.000,692.41,692.82,692.41,692.48,640875,12144,692.22
2026-01-16T11:25:00.000,692.48,692.8,692.26,692.715,795605,11643,692.23
2026-01-16T11:30:00.000,692.72,693.09,692.665,692.7218,626700,11718,692.24
2026-01-16T11:35:00.000,692.71,693.07,692.69,692.9101,376922,8237,692.25
2026-01-16T11:40:00.000,692.915,693.21,692.83,693.15,362151,8532,692.26
2026-01-16T11:45:00.000,693.16,693.47,692.9601,693.09,1126210,12048,692.29
2026-01-16T11:50:00.000,693.085,693.42,692.65,692.85,776191,11929,692.31
2026-01-16T11:55:00.000,692.85,692.87,692.13,692.665,573993,11905,692.31
2026-01-16T12:00:00.000,692.65,692.73,692.46,692.65,433778,8249,692.31
2026-01-16T12:05:00.000,692.67,692.96,692.52,692.6,371669,7533,692.32
2026-01-16T12:10:00.000,692.58,692.82,692.53,692.74,264320,6249,692.32
2026-01-16T12:15:00.000,692.75,692.92,692.578,692.72,295028,6699,692.33
2026-01-16T12:20:00.000,692.7,692.9699,692.67,692.69,565596,6218,692.33
2026-01-16T12:25:00.000,692.69,692.755,692.4301,692.52,401929,5430,692.33
2026-01-16T12:30:00.000,692.52,692.69,692.25,692.65,500123,7439,692.33
2026-01-16T12:35:00.000,692.65,692.91,692.55,692.6,381815,7166,692.34
2026-01-16T12:40:00.000,692.6,692.74,692.435,692.675,286854,5853,692.34
2026-01-16T12:45:00.000,692.67,692.67,692.18,692.29,305450,6530,692.34
2026-01-16T12:50:00.000,692.27,692.425,692.08,692.32,390161,6964,692.34
2026-01-16T12:55:00.000,692.31,692.5,691.89,691.93,366515,7271,692.34
2026-01-16T13:00:00.000,691.94,692.4219,691.82,692.335,455786,7859,692.33
2026-01-16T13:05:00.000,692.33,692.695,692.29,692.685,431231,7069,692.34
2026-01-16T13:10:00.000,692.6841,692.72,692.45,692.565,232331,5346,692.34
2026-01-16T13:15:00.000,692.565,693.02,692.56,692.97,276835,5565,692.34
2026-01-16T13:20:00.000,692.97,693.12,692.87,693.09,277306,5476,692.35
2026-01-16T13:25:00.000,693.1,693.2,692.93,693.0,382564,6360,692.35
2026-01-16T13:30:00.000,693.0,693.25,692.95,693.195,613798,6189,692.36
2026-01-16T13:35:00.000,693.19,693.195,692.9401,692.96,305609,5327,692.37
2026-01-16T13:40:00.000,692.96,693.05,692.765,692.865,317390,5385,692.37
2026-01-16T13:45:00.000,692.87,693.005,692.71,692.81,220119,4554,692.37
2026-01-16T13:50:00.000,692.8,692.89,692.62,692.75,335248,6118,692.38
2026-01-16T13:55:00.000,692.74,692.8,692.5842,692.64,221886,4714,692.38
2026-01-16T14:00:00.000,692.63,693.46,692.605,693.41,921729,12459,692.39
2026-01-16T14:05:00.000,693.42,693.71,693.2599,693.325,850485,10786,692.41
2026-01-16T14:10:00.000,693.33,693.33,692.465,692.54,631946,11158,692.42
2026-01-16T14:15:00.000,692.535,692.68,692.07,692.1799,691638,10212,692.42
2026-01-16T14:20:00.000,692.17,692.46,692.07,692.31,495425,8621,692.42
2026-01-16T14:25:00.000,692.31,692.32,691.96,692.04,653767,11070,692.41
2026-01-16T14:30:00.000,692.05,692.575,692.01,692.44,596944,10159,692.41
2026-01-16T14:35:00.000,692.44,692.915,692.33,692.685,686347,11166,692.41
2026-01-16T14:40:00.000,692.685,693.0,692.62,692.7,531832,8985,692.42
2026-01-16T14:45:00.000,692.71,692.8978,692.71,692.785,390400,6883,692.42
2026-01-16T14:50:00.000,692.79,692.965,692.68,692.905,472027,7771,692.43
2026-01-16T14:55:00.000,692.905,692.93,692.59,692.68,636688,8983,692.43
2026-01-16T15:00:00.000,692.67,692.79,692.5,692.65,501542,7945,692.43
2026-01-16T15:05:00.000,692.65,692.75,692.5,692.69,321814,7001,692.43
2026-01-16T15:10:00.000,692.6925,692.87,692.6,692.76,484837,8721,692.44
2026-01-16T15:15:00.000,692.76,692.79,692.4714,692.582,451564,7783,692.44
2026-01-16T15:20:00.000,692.58,692.6899,692.47,692.505,744184,7634,692.44
2026-01-16T15:25:00.000,692.5,692.54,692.155,692.155,616261,10268,692.44
2026-01-16T15:30:00.000,692.15,692.21,691.795,692.03,1118871,17026,692.43
2026-01-16T15:35:00.000,692.02,692.41,691.91,692.29,1023695,15993,692.42
2026-01-16T15:40:00.000,692.295,692.295,692.0,692.015,822661,12580,692.42
2026-01-16T15:45:00.000,692.01,692.03,691.6,691.96,1399698,18618,692.4
2026-01-16T15:50:00.000,691.97,692.4885,691.77,692.34,2373313,30290,692.4
2026-01-16T15:55:00.000,692.34,692.34,691.47,691.58,4666343,45635,692.36
2026-01-16T16:00:00.000,691.6,691.6,691.6,691.6,3410,4,692.36
2026-01-17T09:30:00.000,0.0,0.0,0.0,0.0,0,0,0.0
2026-01-17T09:35:00.000,0.0,0.0,0.0,0.0,0,0,0.0
2026-01-17T09:40:00.000,0.0,0.0,0.0,0.0,0,0,0.0
2026-01-17T09:45:00.000,0.0,0.0,0.0,0.0,0,0,0.0
2026-01-17T09:50:00.000,0.0,0.0,0.0,0.0,0,0,0.0
2026-01-17T09:55:00.000,0.0,0.0,0.0,0.0,0,0,0.0
2026-01-17T10:00:00.000,0.0,0.0,0.0,0.0,0,0,0.0
2026-01-17T10:05:00.000,0.0,0.0,0.0,0.0,0,0,0.0
2026-01-17T10:10:00.000,0.0,0.0,0.0,0.0,0,0,0.0
2026-01-17T10:15:00.000,0.0,0.0,0.0,0.0,0,0,0.0
2026-01-17T10:20:00.000,0.0,0.0,0.0,0.0,0,0,0.0
2026-01-17T10:25:00.000,0.0,0.0,0.0,0.0,0,0,0.0
2026-01-17T10:30:00.000,0.0,0.0,0.0,0.0,0,0,0.0
2026-01-17T10:35:00.000,0.0,0.0,0.0,0.0,0,0,0.0
2026-01-17T10:40:00.000,0.0,0.0,0.0,0.0,0,0,0.0
2026-01-17T10:45:00.000,0.0,0.0,0.0,0.0,0,0,0.0
2026-01-17T10:50:00.000,0.0,0.0,0.0,0.0,0,0,0.0
2026-01-17T10:55:00.000,0.0,0.0,0.0,0.0,0,0,0.0
2026-01-17T11:00:00.000,0.0,0.0,0.0,0.0,0,0,0.0
2026-01-17T11:05:00.000,0.0,0.0,0.0,0.0,0,0,0.0
2026-01-17T11:10:00.000,0.0,0.0,0.0,0.0,0,0,0.0
2026-01-17T11:15:00.000,0.0,0.0,0.0,0.0,0,0,0.0
2026-01-17T11:20:00.000,0.0,0.0,0.0,0.0,0,0,0.0
2026-01-17T11:25:00.000,0.0,0.0,0.0,0.0,0,0,0.0
2026-01-17T11:30:00.000,0.0,0.0,0.0,0.0,0,0,0.0
2026-01-17T11:35:00.000,0.0,0.0,0.0,0.0,0,0,0.0
2026-01-17T11:40:00.000,0.0,0.0,0.0,0.0,0,0,0.0
2026-01-17T11:45:00.000,0.0,0.0,0.0,0.0,0,0,0.0
2026-01-17T11:50:00.000,0.0,0.0,0.0,0.0,0,0,0.0
2026-01-17T11:55:00.000,0.0,0.0,0.0,0.0,0,0,0.0
2026-01-17T12:00:00.000,0.0,0.0,0.0,0.0,0,0,0.0
2026-01-17T12:05:00.000,0.0,0.0,0.0,0.0,0,0,0.0
2026-01-17T12:10:00.000,0.0,0.0,0.0,0.0,0,0,0.0
2026-01-17T12:15:00.000,0.0,0.0,0.0,0.0,0,0,0.0
2026-01-17T12:20:00.000,0.0,0.0,0.0,0.0,0,0,0.0
2026-01-17T12:25:00.000,0.0,0.0,0.0,0.0,0,0,0.0
2026-01-17T12:30:00.000,0.0,0.0,0.0,0.0,0,0,0.0
2026-01-17T12:35:00.000,0.0,0.0,0.0,0.0,0,0,0.0
2026-01-17T12:40:00.000,0.0,0.0,0.0,0.0,0,0,0.0
2026-01-17T12:45:00.000,0.0,0.0,0.0,0.0,0,0,0.0
2026-01-17T12:50:00.000,0.0,0.0,0.0,0.0,0,0,0.0
2026-01-17T12:55:00.000,0.0,0.0,0.0,0.0,0,0,0.0
2026-01-17T13:00:00.000,0.0,0.0,0.0,0.0,0,0,0.0
2026-01-17T13:05:00.000,0.0,0.0,0.0,0.0,0,0,0.0
2026-01-17T13:10:00.000,0.0,0.0,0.0,0.0,0,0,0.0
2026-01-17T13:15:00.000,0.0,0.0,0.0,0.0,0,0,0.0
2026-01-17T13:20:00.000,0.0,0.0,0.0,0.0,0,0,0.0
2026-01-17T13:25:00.000,0.0,0.0,0.0,0.0,0,0,0.0
2026-01-17T13:30:00.000,0.0,0.0,0.0,0.0,0,0,0.0
2026-01-17T13:35:00.000,0.0,0.0,0.0,0.0,0,0,0.0
2026-01-17T13:40:00.000,0.0,0.0,0.0,0.0,0,0,0.0
2026-01-17T13:45:00.000,0.0,0.0,0.0,0.0,0,0,0.0
2026-01-17T13:50:00.000,0.0,0.0,0.0,0.0,0,0,0.0
2026-01-17T13:55:00.000,0.0,0.0,0.0,0.0,0,0,0.0
2026-01-17T14:00:00.000,0.0,0.0,0.0,0.0,0,0,0.0
2026-01-17T14:05:00.000,0.0,0.0,0.0,0.0,0,0,0.0
2026-01-17T14:10:00.000,0.0,0.0,0.0,0.0,0,0,0.0
2026-01-17T14:15:00.000,0.0,0.0,0.0,0.0,0,0,0.0
2026-01-17T14:20:00.000,0.0,0.0,0.0,0.0,0,0,0.0
2026-01-17T14:25:00.000,0.0,0.0,0.0,0.0,0,0,0.0
2026-01-17T14:30:00.000,0.0,0.0,0.0,0.0,0,0,0.0
2026-01-17T14:35:00.000,0.0,0.0,0.0,0.0,0,0,0.0
2026-01-17T14:40:00.000,0.0,0.0,0.0,0.0,0,0,0.0
2026-01-17T14:45:00.000,0.0,0.0,0.0,0.0,0,0,0.0
2026-01-17T14:50:00.000,0.0,0.0,0.0,0.0,0,0,0.0
2026-01-17T14:55:00.000,0.0,0.0,0.0,0.0,0,0,0.0
2026-01-17T15:00:00.000,0.0,0.0,0.0,0.0,0,0,0.0
2026-01-17T15:05:00.000,0.0,0.0,0.0,0.0,0,0,0.0
2026-01-17T15:10:00.000,0.0,0.0,0.0,0.0,0,0,0.0
2026-01-17T15:15:00.000,0.0,0.0,0.0,0.0,0,0,0.0
2026-01-17T15:20:00.000,0.0,0.0,0.0,0.0,0,0,0.0
2026-01-17T15:25:00.000,0.0,0.0,0.0,0.0,0,0,0.0
2026-01-17T15:30:00.000,0.0,0.0,0.0,0.0,0,0,0.0
2026-01-17T15:35:00.000,0.0,0.0,0.0,0.0,0,0,0.0
2026-01-17T15:40:00.000,0.0,0.0,0.0,0.0,0,0,0.0
2026-01-17T15:45:00.000,0.0,0.0,0.0,0.0,0,0,0.0
2026-01-17T15:50:00.000,0.0,0.0,0.0,0.0,0,0,0.0
2026-01-17T15:55:00.000,0.0,0.0,0.0,0.0,0,0,0.0
2026-01-17T16:00:00.000,0.0,0.0,0.0,0.0,0,0,0.0
2026-01-18T09:30:00.000,0.0,0.0,0.0,0.0,0,0,0.0
2026-01-18T09:35:00.000,0.0,0.0,0.0,0.0,0,0,0.0
2026-01-18T09:40:00.000,0.0,0.0,0.0,0.0,0,0,0.0
2026-01-18T09:45:00.000,0.0,0.0,0.0,0.0,0,0,0.0
2026-01-18T09:50:00.000,0.0,0.0,0.0,0.0,0,0,0.0
2026-01-18T09:55:00.000,0.0,0.0,0.0,0.0,0,0,0.0
2026-01-18T10:00:00.000,0.0,0.0,0.0,0.0,0,0,0.0
2026-01-18T10:05:00.000,0.0,0.0,0.0,0.0,0,0,0.0
2026-01-18T10:10:00.000,0.0,0.0,0.0,0.0,0,0,0.0
2026-01-18T10:15:00.000,0.0,0.0,0.0,0.0,0,0,0.0
2026-01-18T10:20:00.000,0.0,0.0,0.0,0.0,0,0,0.0
2026-01-18T10:25:00.000,0.0,0.0,0.0,0.0,0,0,0.0
2026-01-18T10:30:00.000,0.0,0.0,0.0,0.0,0,0,0.0
2026-01-18T10:35:00.000,0.0,0.0,0.0,0.0,0,0,0.0
2026-01-18T10:40:00.000,0.0,0.0,0.0,0.0,0,0,0.0
2026-01-18T10:45:00.000,0.0,0.0,0.0,0.0,0,0,0.0
2026-01-18T10:50:00.000,0.0,0.0,0.0,0.0,0,0,0.0
2026-01-18T10:55:00.000,0.0,0.0,0.0,0.0,0,0,0.0
2026-01-18T11:00:00.000,0.0,0.0,0.0,0.0,0,0,0.0
2026-01-18T11:05:00.000,0.0,0.0,0.0,0.0,0,0,0.0
2026-01-18T11:10:00.000,0.0,0.0,0.0,0.0,0,0,0.0
2026-01-18T11:15:00.000,0.0,0.0,0.0,0.0,0,0,0.0
2026-01-18T11:20:00.000,0.0,0.0,0.0,0.0,0,0,0.0
2026-01-18T11:25:00.000,0.0,0.0,0.0,0.0,0,0,0.0
2026-01-18T11:30:00.000,0.0,0.0,0.0,0.0,0,0,0.0
2026-01-18T11:35:00.000,0.0,0.0,0.0,0.0,0,0,0.0
2026-01-18T11:40:00.000,0.0,0.0,0.0,0.0,0,0,0.0
2026-01-18T11:45:00.000,0.0,0.0,0.0,0.0,0,0,0.0
2026-01-18T11:50:00.000,0.0,0.0,0.0,0.0,0,0,0.0
2026-01-18T11:55:00.000,0.0,0.0,0.0,0.0,0,0,0.0
2026-01-18T12:00:00.000,0.0,0.0,0.0,0.0,0,0,0.0
2026-01-18T12:05:00.000,0.0,0.0,0.0,0.0,0,0,0.0
2026-01-18T12:10:00.000,0.0,0.0,0.0,0.0,0,0,0.0
2026-01-18T12:15:00.000,0.0,0.0,0.0,0.0,0,0,0.0
2026-01-18T12:20:00.000,0.0,0.0,0.0,0.0,0,0,0.0
2026-01-18T12:25:00.000,0.0,0.0,0.0,0.0,0,0,0.0
2026-01-18T12:30:00.000,0.0,0.0,0.0,0.0,0,0,0.0
2026-01-18T12:35:00.000,0.0,0.0,0.0,0.0,0,0,0.0
2026-01-18T12:40:00.000,0.0,0.0,0.0,0.0,0,0,0.0
2026-01-18T12:45:00.000,0.0,0.0,0.0,0.0,0,0,0.0
2026-01-18T12:50:00.000,0.0,0.0,0.0,0.0,0,0,0.0
2026-01-18T12:55:00.000,0.0,0.0,0.0,0.0,0,0,0.0
2026-01-18T13:00:00.000,0.0,0.0,0.0,0.0,0,0,0.0
2026-01-18T13:05:00.000,0.0,0.0,0.0,0.0,0,0,0.0
2026-01-18T13:10:00.000,0.0,0.0,0.0,0.0,0,0,0.0
2026-01-18T13:15:00.000,0.0,0.0,0.0,0.0,0,0,0.0
2026-01-18T13:20:00.000,0.0,0.0,0.0,0.0,0,0,0.0
2026-01-18T13:25:00.000,0.0,0.0,0.0,0.0,0,0,0.0
2026-01-18T13:30:00.000,0.0,0.0,0.0,0.0,0,0,0.0
2026-01-18T13:35:00.000,0.0,0.0,0.0,0.0,0,0,0.0
2026-01-18T13:40:00.000,0.0,0.0,0.0,0.0,0,0,0.0
2026-01-18T13:45:00.000,0.0,0.0,0.0,0.0,0,0,0.0
2026-01-18T13:50:00.000,0.0,0.0,0.0,0.0,0,0,0.0
2026-01-18T13:55:00.000,0.0,0.0,0.0,0.0,0,0,0.0
2026-01-18T14:00:00.000,0.0,0.0,0.0,0.0,0,0,0.0
2026-01-18T14:05:00.000,0.0,0.0,0.0,0.0,0,0,0.0
2026-01-18T14:10:00.000,0.0,0.0,0.0,0.0,0,0,0.0
2026-01-18T14:15:00.000,0.0,0.0,0.0,0.0,0,0,0.0
2026-01-18T14:20:00.000,0.0,0.0,0.0,0.0,0,0,0.0
2026-01-18T14:25:00.000,0.0,0.0,0.0,0.0,0,0,0.0
2026-01-18T14:30:00.000,0.0,0.0,0.0,0.0,0,0,0.0
2026-01-18T14:35:00.000,0.0,0.0,0.0,0.0,0,0,0.0
2026-01-18T14:40:00.000,0.0,0.0,0.0,0.0,0,0,0.0
2026-01-18T14:45:00.000,0.0,0.0,0.0,0.0,0,0,0.0
2026-01-18T14:50:00.000,0.0,0.0,0.0,0.0,0,0,0.0
2026-01-18T14:55:00.000,0.0,0.0,0.0,0.0,0,0,0.0
2026-01-18T15:00:00.000,0.0,0.0,0.0,0.0,0,0,0.0
2026-01-18T15:05:00.000,0.0,0.0,0.0,0.0,0,0,0.0
2026-01-18T15:10:00.000,0.0,0.0,0.0,0.0,0,0,0.0
2026-01-18T15:15:00.000,0.0,0.0,0.0,0.0,0,0,0.0
2026-01-18T15:20:00.000,0.0,0.0,0.0,0.0,0,0,0.0
2026-01-18T15:25:00.000,0.0,0.0,0.0,0.0,0,0,0.0
2026-01-18T15:30:00.000,0.0,0.0,0.0,0.0,0,0,0.0
2026-01-18T15:35:00.000,0.0,0.0,0.0,0.0,0,0,0.0
2026-01-18T15:40:00.000,0.0,0.0,0.0,0.0,0,0,0.0
2026-01-18T15:45:00.000,0.0,0.0,0.0,0.0,0,0,0.0
2026-01-18T15:50:00.000,0.0,0.0,0.0,0.0,0,0,0.0
2026-01-18T15:55:00.000,0.0,0.0,0.0,0.0,0,0,0.0
2026-01-18T16:00:00.000,0.0,0.0,0.0,0.0,0,0,0.0
2026-01-19T09:30:00.000,0.0,0.0,0.0,0.0,0,0,0.0
2026-01-19T09:35:00.000,0.0,0.0,0.0,0.0,0,0,0.0
2026-01-19T09:40:00.000,0.0,0.0,0.0,0.0,0,0,0.0
2026-01-19T09:45:00.000,0.0,0.0,0.0,0.0,0,0,0.0
2026-01-19T09:50:00.000,0.0,0.0,0.0,0.0,0,0,0.0
2026-01-19T09:55:00.000,0.0,0.0,0.0,0.0,0,0,0.0
2026-01-19T10:00:00.000,0.0,0.0,0.0,0.0,0,0,0.0
2026-01-19T10:05:00.000,0.0,0.0,0.0,0.0,0,0,0.0
2026-01-19T10:10:00.000,0.0,0.0,0.0,0.0,0,0,0.0
2026-01-19T10:15:00.000,0.0,0.0,0.0,0.0,0,0,0.0
2026-01-19T10:20:00.000,0.0,0.0,0.0,0.0,0,0,0.0
2026-01-19T10:25:00.000,0.0,0.0,0.0,0.0,0,0,0.0
2026-01-19T10:30:00.000,0.0,0.0,0.0,0.0,0,0,0.0
2026-01-19T10:35:00.000,0.0,0.0,0.0,0.0,0,0,0.0
2026-01-19T10:40:00.000,0.0,0.0,0.0,0.0,0,0,0.0
2026-01-19T10:45:00.000,0.0,0.0,0.0,0.0,0,0,0.0
2026-01-19T10:50:00.000,0.0,0.0,0.0,0.0,0,0,0.0
2026-01-19T10:55:00.000,0.0,0.0,0.0,0.0,0,0,0.0
2026-01-19T11:00:00.000,0.0,0.0,0.0,0.0,0,0,0.0
2026-01-19T11:05:00.000,0.0,0.0,0.0,0.0,0,0,0.0
2026-01-19T11:10:00.000,0.0,0.0,0.0,0.0,0,0,0.0
2026-01-19T11:15:00.000,0.0,0.0,0.0,0.0,0,0,0.0
2026-01-19T11:20:00.000,0.0,0.0,0.0,0.0,0,0,0.0
2026-01-19T11:25:00.000,0.0,0.0,0.0,0.0,0,0,0.0
2026-01-19T11:30:00.000,0.0,0.0,0.0,0.0,0,0,0.0
2026-01-19T11:35:00.000,0.0,0.0,0.0,0.0,0,0,0.0
2026-01-19T11:40:00.000,0.0,0.0,0.0,0.0,0,0,0.0
2026-01-19T11:45:00.000,0.0,0.0,0.0,0.0,0,0,0.0
2026-01-19T11:50:00.000,0.0,0.0,0.0,0.0,0,0,0.0
2026-01-19T11:55:00.000,0.0,0.0,0.0,0.0,0,0,0.0
2026-01-19T12:00:00.000,0.0,0.0,0.0,0.0,0,0,0.0
2026-01-19T12:05:00.000,0.0,0.0,0.0,0.0,0,0,0.0
2026-01-19T12:10:00.000,0.0,0.0,0.0,0.0,0,0,0.0
2026-01-19T12:15:00.000,0.0,0.0,0.0,0.0,0,0,0.0
2026-01-19T12:20:00.000,0.0,0.0,0.0,0.0,0,0,0.0
2026-01-19T12:25:00.000,0.0,0.0,0.0,0.0,0,0,0.0
2026-01-19T12:30:00.000,0.0,0.0,0.0,0.0,0,0,0.0
2026-01-19T12:35:00.000,0.0,0.0,0.0,0.0,0,0,0.0
2026-01-19T12:40:00.000,0.0,0.0,0.0,0.0,0,0,0.0
2026-01-19T12:45:00.000,0.0,0.0,0.0,0.0,0,0,0.0
2026-01-19T12:50:00.000,0.0,0.0,0.0,0.0,0,0,0.0
2026-01-19T12:55:00.000,0.0,0.0,0.0,0.0,0,0,0.0
2026-01-19T13:00:00.000,0.0,0.0,0.0,0.0,0,0,0.0
2026-01-19T13:05:00.000,0.0,0.0,0.0,0.0,0,0,0.0
2026-01-19T13:10:00.000,0.0,0.0,0.0,0.0,0,0,0.0
2026-01-19T13:15:00.000,0.0,0.0,0.0,0.0,0,0,0.0
2026-01-19T13:20:00.000,0.0,0.0,0.0,0.0,0,0,0.0
2026-01-19T13:25:00.000,0.0,0.0,0.0,0.0,0,0,0.0
2026-01-19T13:30:00.000,0.0,0.0,0.0,0.0,0,0,0.0
2026-01-19T13:35:00.000,0.0,0.0,0.0,0.0,0,0,0.0
2026-01-19T13:40:00.000,0.0,0.0,0.0,0.0,0,0,0.0
2026-01-19T13:45:00.000,0.0,0.0,0.0,0.0,0,0,0.0
2026-01-19T13:50:00.000,0.0,0.0,0.0,0.0,0,0,0.0
2026-01-19T13:55:00.000,0.0,0.0,0.0,0.0,0,0,0.0
2026-01-19T14:00:00.000,0.0,0.0,0.0,0.0,0,0,0.0
2026-01-19T14:05:00.000,0.0,0.0,0.0,0.0,0,0,0.0
2026-01-19T14:10:00.000,0.0,0.0,0.0,0.0,0,0,0.0
2026-01-19T14:15:00.000,0.0,0.0,0.0,0.0,0,0,0.0
2026-01-19T14:20:00.000,0.0,0.0,0.0,0.0,0,0,0.0
2026-01-19T14:25:00.000,0.0,0.0,0.0,0.0,0,0,0.0
2026-01-19T14:30:00.000,0.0,0.0,0.0,0.0,0,0,0.0
2026-01-19T14:35:00.000,0.0,0.0,0.0,0.0,0,0,0.0
2026-01-19T14:40:00.000,0.0,0.0,0.0,0.0,0,0,0.0
2026-01-19T14:45:00.000,0.0,0.0,0.0,0.0,0,0,0.0
2026-01-19T14:50:00.000,0.0,0.0,0.0,0.0,0,0,0.0
2026-01-19T14:55:00.000,0.0,0.0,0.0,0.0,0,0,0.0
2026-01-19T15:00:00.000,0.0,0.0,0.0,0.0,0,0,0.0
2026-01-19T15:05:00.000,0.0,0.0,0.0,0.0,0,0,0.0
2026-01-19T15:10:00.000,0.0,0.0,0.0,0.0,0,0,0.0
2026-01-19T15:15:00.000,0.0,0.0,0.0,0.0,0,0,0.0
2026-01-19T15:20:00.000,0.0,0.0,0.0,0.0,0,0,0.0
2026-01-19T15:25:00.000,0.0,0.0,0.0,0.0,0,0,0.0
2026-01-19T15:30:00.000,0.0,0.0,0.0,0.0,0,0,0.0
2026-01-19T15:35:00.000,0.0,0.0,0.0,0.0,0,0,0.0
2026-01-19T15:40:00.000,0.0,0.0,0.0,0.0,0,0,0.0
2026-01-19T15:45:00.000,0.0,0.0,0.0,0.0,0,0,0.0
2026-01-19T15:50:00.000,0.0,0.0,0.0,0.0,0,0,0.0
2026-01-19T15:55:00.000,0.0,0.0,0.0,0.0,0,0,0.0
2026-01-19T16:00:00.000,0.0,0.0,0.0,0.0,0,0,0.0
2026-01-20T09:30:00.000,681.49,682.71,681.39,682.65,4335587,68160,682.05
2026-01-20T09:35:00.000,682.64,682.92,681.86,682.47,2593046,38632,682.17
2026-01-20T09:40:00.000,682.48,683.27,681.6,683.185,2689975,40686,682.2
2026-01-20T09:45:00.000,683.19,683.19,681.82,682.2955,2115004,35824,682.22
2026-01-20T09:50:00.000,682.3,683.31,682.07,682.37,1856664,32502,682.29
2026-01-20T09:55:00.000,682.375,682.92,681.975,682.18,1841540,28530,682.3
2026-01-20T10:00:00.000,682.16,682.27,681.2,681.89,1883987,31629,682.24
2026-01-20T10:05:00.000,681.89,682.29,680.96,681.11,2070056,33590,682.17
2026-01-20T10:10:00.000,681.105,681.68,680.91,681.675,1361044,25290,682.11
2026-01-20T10:15:00.000,681.67,682.05,681.2,681.28,1363946,23167,682.08
2026-01-20T10:20:00.000,681.28,683.385,681.2,683.055,1655367,26801,682.11
2026-01-20T10:25:00.000,683.04,684.01,683.04,683.8788,1577159,24975,682.21
2026-01-20T10:30:00.000,683.85,684.62,683.67,684.52,1381033,23146,682.31
2026-01-20T10:35:00.000,684.52,684.62,683.86,684.08,1062138,19891,682.38
2026-01-20T10:40:00.000,684.09,684.77,683.96,684.27,1587515,22358,682.45
2026-01-20T10:45:00.000,684.26,684.38,683.59,683.705,1498043,20911,682.49
2026-01-20T10:50:00.000,683.71,683.72,683.135,683.3019,1581778,22211,682.52
2026-01-20T10:55:00.000,683.3,683.88,682.93,683.8,1229871,20970,682.55
2026-01-20T11:00:00.000,683.81,684.21,683.36,683.47,1328816,20695,682.59
2026-01-20T11:05:00.000,683.46,683.98,682.94,683.76,829659,15953,682.61
2026-01-20T11:10:00.000,683.76,684.56,683.74,683.93,791014,15191,682.65
2026-01-20T11:15:00.000,683.92,684.0,683.46,683.69,591278,11505,682.66
2026-01-20T11:20:00.000,683.69,683.93,682.9766,682.99,555751,11901,682.68
2026-01-20T11:25:00.000,682.97,683.89,682.58,683.84,1119127,16916,682.69
2026-01-20T11:30:00.000,683.83,683.87,683.2884,683.83,771563,13000,682.7
2026-01-20T11:35:00.000,683.83,684.265,683.67,684.265,526271,10804,682.72
2026-01-20T11:40:00.000,684.25,684.345,682.89,682.96,857583,14872,682.74
2026-01-20T11:45:00.000,682.96,683.3,682.66,683.2937,678496,13010,682.74
2026-01-20T11:50:00.000,683.29,683.82,682.32,682.49,1125734,18834,682.75
2026-01-20T11:55:00.000,682.48,683.87,682.37,683.69,856908,14656,682.76
2026-01-20T12:00:00.000,683.67,683.905,683.33,683.4,614193,12703,682.77
2026-01-20T12:05:00.000,683.39,683.67,682.89,682.94,970040,13182,682.79
2026-01-20T12:10:00.000,682.93,683.31,682.58,683.01,1046719,11361,682.79
2026-01-20T12:15:00.000,683.005,683.2,682.59,682.72,423751,8954,682.79
2026-01-20T12:20:00.000,682.73,682.78,682.24,682.2848,588028,11323,682.79
2026-01-20T12:25:00.000,682.28,682.625,682.12,682.395,616271,11112,682.78
2026-01-20T12:30:00.000,682.39,682.39,681.505,681.6,820806,14140,682.76
2026-01-20T12:35:00.000,681.59,682.01,681.37,681.71,1397183,15142,682.74
2026-01-20T12:40:00.000,681.71,682.21,681.3,681.34,1000866,11090,682.73
2026-01-20T12:45:00.000,681.34,681.345,680.64,680.715,1068955,17845,682.69
2026-01-20T12:50:00.000,680.72,681.16,680.45,680.975,911106,13403,682.65
2026-01-20T12:55:00.000,680.96,681.24,680.77,681.08,843840,9237,682.63
2026-01-20T13:00:00.000,681.08,681.48,680.93,680.985,650441,11508,682.62
2026-01-20T13:05:00.000,680.99,681.25,680.88,680.89,336812,7579,682.61
2026-01-20T13:10:00.000,680.9,681.425,680.86,681.135,485565,8692,682.59
2026-01-20T13:15:00.000,681.13,681.15,680.67,680.85,453362,8735,682.58
2026-01-20T13:20:00.000,680.85,680.855,680.37,680.4,529300,9314,682.56
2026-01-20T13:25:00.000,680.4,680.63,680.225,680.29,451106,8229,682.54
2026-01-20T13:30:00.000,680.28,680.42,679.75,679.85,917791,18225,682.5
2026-01-20T13:35:00.000,679.83,680.055,679.36,679.42,825414,13680,682.45
2026-01-20T13:40:00.000,679.43,679.59,679.073,679.13,729900,12169,682.41
2026-01-20T13:45:00.000,679.13,679.28,678.89,678.9,759592,13065,682.37
2026-01-20T13:50:00.000,678.89,678.89,678.025,678.1058,1123231,16777,682.29
2026-01-20T13:55:00.000,678.11,679.2105,678.11,678.72,1350064,19432,682.21
2026-01-20T14:00:00.000,678.73,679.27,678.665,678.715,1173710,18037,682.15
2026-01-20T14:05:00.000,678.73,679.02,678.52,678.61,873346,13041,682.1
2026-01-20T14:10:00.000,678.595,678.77,678.138,678.47,801907,12284,682.05
2026-01-20T14:15:00.000,678.47,678.47,677.9,678.12,1361452,12306,682.0
2026-01-20T14:20:00.000,678.135,678.31,677.84,678.12,564769,10064,681.97
2026-01-20T14:25:00.000,678.1,678.12,677.69,678.04,913826,11338,681.93
2026-01-20T14:30:00.000,678.04,678.06,677.29,677.505,1041264,15656,681.86
2026-01-20T14:35:00.000,677.5,678.19,677.34,678.07,778674,12311,681.81
2026-01-20T14:40:00.000,678.075,678.48,677.7401,677.845,896332,14281,681.76
2026-01-20T14:45:00.000,677.83,677.98,677.625,677.825581,631567,10894,681.72
2026-01-20T14:50:00.000,677.84,678.1396,677.5702,678.09,753986,12547,681.68
2026-01-20T14:55:00.000,678.1,678.2,677.55,677.83,713684,12439,681.64
2026-01-20T15:00:00.000,677.85,677.85,677.44,677.62,1087273,11500,681.6
2026-01-20T15:05:00.000,677.62,677.8367,677.38,677.47,817746,12857,681.55
2026-01-20T15:10:00.000,677.47,677.89,676.9528,677.04,1319333,17871,681.48
2026-01-20T15:15:00.000,677.05,678.15,676.97,677.56,2487642,25604,681.37
2026-01-20T15:20:00.000,677.56,677.56,676.93,677.17,1037764,16969,681.31
2026-01-20T15:25:00.000,677.17,677.79,677.06,677.39,2026288,22970,681.22
2026-01-20T15:30:00.000,677.4,677.74,677.12,677.44,1404702,19434,681.15
2026-01-20T15:35:00.000,677.44,677.6,676.91,677.015,1559156,20089,681.07
2026-01-20T15:40:00.000,677.005,677.22,676.64,676.95,1854388,22035,680.98
2026-01-20T15:45:00.000,676.96,677.275,676.86,677.1,2431331,23590,680.9
2026-01-20T15:50:00.000,677.105,677.41,676.58,676.79,2676965,33926,680.78
2026-01-20T15:55:00.000,676.809,677.66,676.57,677.61,7290537,60749,680.54
2026-01-20T16:00:00.000,677.63,677.63,677.63,677.63,280,1,680.54
2026-01-21T09:30:00.000,679.65,680.46,679.19,679.55,4049404,59011,679.66
2026-01-21T09:35:00.000,679.55,680.7,679.27,680.12,2596711,39654,679.76
2026-01-21T09:40:00.000,680.13,680.235,678.97,680.0023,2290529,37541,679.74
2026-01-21T09:45:00.000,680.01,681.275,680.0,681.16,1622061,27685,679.87
2026-01-21T09:50:00.000,681.15,681.73,680.9,681.61,1563949,26358,680.06
2026-01-21T09:55:00.000,681.6,682.675,681.54,682.49,1339953,22040,680.27
2026-01-21T10:00:00.000,682.48,682.8,682.22,682.25,1380823,23683,680.48
2026-01-21T10:05:00.000,682.26,682.81,682.1,682.15,1077438,20636,680.61
2026-01-21T10:10:00.000,682.145,682.38,681.65,682.29,1231218,21930,680.71
2026-01-21T10:15:00.000,682.3,683.42,682.28,682.76,1299185,21673,680.87
2026-01-21T10:20:00.000,682.76,682.91,682.03,682.73,931861,21823,680.94
2026-01-21T10:25:00.000,682.76,683.13,682.25,683.02,768713,14641,681.01
2026-01-21T10:30:00.000,683.02,683.98,682.94,683.785,1344602,19992,681.16
2026-01-21T10:35:00.000,683.79,684.495,683.73,684.0912,1199583,18857,681.3
2026-01-21T10:40:00.000,684.1,684.605,684.02,684.48,812698,16044,681.41
2026-01-21T10:45:00.000,684.48,685.075,684.48,684.69,1111294,16564,681.55
2026-01-21T10:50:00.000,684.71,685.1,684.62,685.08,837540,14692,681.66
2026-01-21T10:55:00.000,685.07,685.13,684.67,684.7321,681552,12673,681.75
2026-01-21T11:00:00.000,684.73,684.82,684.4,684.4,725211,13154,681.82
2026-01-21T11:05:00.000,684.41,684.635,684.05,684.15,1008481,16145,681.91
2026-01-21T11:10:00.000,684.1654,684.84,684.06,684.18,1005595,14884,681.99
2026-01-21T11:15:00.000,684.18,684.61,684.02,684.1001,667731,12096,682.05
2026-01-21T11:20:00.000,684.12,684.27,683.84,684.12,831543,14506,682.1
2026-01-21T11:25:00.000,684.1299,684.56,683.83,684.25,705932,13847,682.15
2026-01-21T11:30:00.000,684.25,684.3,683.41,683.57,1409907,23331,682.21
2026-01-21T11:35:00.000,683.565,683.61,681.79,681.86,1675908,27121,682.23
2026-01-21T11:40:00.000,681.85,683.54,681.18,681.25,2422709,31036,682.21
2026-01-21T11:45:00.000,681.25,681.92,680.95,681.65,1686610,25933,682.17
2026-01-21T11:50:00.000,681.65,681.815,680.67,680.88,1113626,19929,682.14
2026-01-21T11:55:00.000,680.87,680.96,679.91,680.045,1447097,24970,682.07
2026-01-21T12:00:00.000,680.05,680.74,679.95,679.99,1268656,20998,682.02
2026-01-21T12:05:00.000,679.97,680.15,679.27,679.54,1105931,18062,681.96
2026-01-21T12:10:00.000,679.53,679.84,678.16,678.37,1367953,22937,681.86
2026-01-21T12:15:00.000,678.38,679.74,678.13,679.31,1686905,23600,681.76
2026-01-21T12:20:00.000,679.32,680.25,679.03,680.085,1462494,16854,681.71
2026-01-21T12:25:00.000,680.07,680.33,679.4,679.85,1009147,15039,681.67
2026-01-21T12:30:00.000,679.865,679.87,679.03,679.43,916350,15224,681.63
2026-01-21T12:35:00.000,679.4,679.9,679.01,679.64,697070,12484,681.6
2026-01-21T12:40:00.000,679.63,680.03,679.28,679.28,715339,12016,681.57
2026-01-21T12:45:00.000,679.275,679.73,678.99,679.63,733769,11886,681.54
2026-01-21T12:50:00.000,679.62,680.695,679.33,680.565,936361,15187,681.51
2026-01-21T12:55:00.000,680.56,680.97,680.16,680.63,1022609,17205,681.49
2026-01-21T13:00:00.000,680.62,680.77,678.63,678.83,931642,14549,681.46
2026-01-21T13:05:00.000,678.83,679.62,678.83,679.49,836492,14904,681.42
2026-01-21T13:10:00.000,679.49,680.76,679.44,680.2,845913,14745,681.41
2026-01-21T13:15:00.000,680.21,680.43,679.905,679.965,684181,12046,681.39
2026-01-21T13:20:00.000,679.97,680.245,679.51,679.64,923724,11656,681.37
2026-01-21T13:25:00.000,679.65,680.76,679.54,680.57,587742,11132,681.36
2026-01-21T13:30:00.000,680.57,680.835,680.34,680.66,760982,13547,681.35
2026-01-21T13:35:00.000,680.66,680.86,679.78,680.305,573284,12422,681.34
2026-01-21T13:40:00.000,680.31,680.445,679.93,680.05,425924,9141,681.33
2026-01-21T13:45:00.000,680.05,681.2,679.72,681.11,862151,15472,681.32
2026-01-21T13:50:00.000,681.11,681.5,680.96,681.07,672142,11962,681.32
2026-01-21T13:55:00.000,681.08,681.14,680.48,680.99,581678,10986,681.31
2026-01-21T14:00:00.000,680.99,681.24,680.45,680.53,598577,10644,681.31
2026-01-21T14:05:00.000,680.5214,680.62,679.93,680.24,553164,10730,681.3
2026-01-21T14:10:00.000,680.25,680.72,680.06,680.07,606100,10599,681.29
2026-01-21T14:15:00.000,680.105,680.5399,679.87,680.37,493657,8804,681.28
2026-01-21T14:20:00.000,680.38,680.95,680.07,680.84,490000,8970,681.28
2026-01-21T14:25:00.000,680.82,685.02,680.38,684.4,4808202,61092,681.41
2026-01-21T14:30:00.000,684.41,685.48,684.33,685.43,3363700,43994,681.58
2026-01-21T14:35:00.000,685.43,686.68,685.26,686.39,2813017,36384,681.76
2026-01-21T14:40:00.000,686.41,687.52,685.95,687.24,3900565,32321,681.92
2026-01-21T14:45:00.000,687.24,688.28,687.23,688.22,3162033,40535,682.16
2026-01-21T14:50:00.000,688.21,688.71,687.14,687.69,2207943,29139,682.29
2026-01-21T14:55:00.000,687.68,688.51,687.54,688.475,1701946,23024,682.4
2026-01-21T15:00:00.000,688.475,688.735,687.58,687.73,1561216,24228,682.51
2026-01-21T15:05:00.000,687.73,687.89,686.94,687.362,1336512,22134,682.58
2026-01-21T15:10:00.000,687.36,687.57,686.97,687.12,1335187,19499,682.66
2026-01-21T15:15:00.000,687.12,687.26,686.16,686.32,2159692,27044,682.75
2026-01-21T15:20:00.000,686.32,686.7,685.96,686.21,1417280,22603,682.8
2026-01-21T15:25:00.000,686.2197,686.22,685.315,685.355,1319958,19150,682.85
2026-01-21T15:30:00.000,685.35,685.935,684.75,685.77,2520841,32410,682.91
2026-01-21T15:35:00.000,685.76,686.16,685.74,685.8,1560488,18725,682.95
2026-01-21T15:40:00.000,685.81,686.08,685.32,685.45,1322989,18250,682.98
2026-01-21T15:45:00.000,685.44,685.64,685.16,685.53,2236897,22065,683.02
2026-01-21T15:50:00.000,685.53,685.53,684.63,685.3,3286154,40539,683.08
2026-01-21T15:55:00.000,685.29,685.51,684.825,685.33,5095716,55233,683.18
2026-01-21T16:00:00.000,685.32,685.32,685.32,685.32,1540,1,683.18
2026-01-22T09:30:00.000,689.85,690.36,689.44,689.94,2929796,39317,689.99
2026-01-22T09:35:00.000,689.94,690.53,689.52,690.34,2284424,31628,689.97
2026-01-22T09:40:00.000,690.34,690.67,688.92,689.4,2193786,33391,689.93
2026-01-22T09:45:00.000,689.4,689.54,687.62,687.8799,1991476,31545,689.64
2026-01-22T09:50:00.000,687.876,688.72,687.62,688.475,1502588,23066,689.44
2026-01-22T09:55:00.000,688.47,688.605,687.38,687.89,1300336,22496,689.27
2026-01-22T10:00:00.000,687.89,688.015,686.97,687.33,1926338,32253,689.04
2026-01-22T10:05:00.000,687.32,687.555,686.92,687.33,1001017,18718,688.92
2026-01-22T10:10:00.000,687.36,687.87,687.08,687.3213,1049207,19013,688.83
2026-01-22T10:15:00.000,687.35,688.03,687.13,687.68,866108,15596,688.77
2026-01-22T10:20:00.000,687.665,688.53,687.41,687.42,1239723,19751,688.72
2026-01-22T10:25:00.000,687.41,688.61,687.28,688.44,792888,14841,688.7
2026-01-22T10:30:00.000,688.46,688.9393,688.05,688.85,929470,16131,688.69
2026-01-22T10:35:00.000,688.85,689.1199,688.66,688.985,616398,11978,688.7
2026-01-22T10:40:00.000,688.98,689.24,688.61,689.225,446194,9902,688.7
2026-01-22T10:45:00.000,689.22,689.49,689.095,689.195,760144,12100,688.72
2026-01-22T10:50:00.000,689.14,689.18,688.74,688.85,588138,11568,688.73
2026-01-22T10:55:00.000,688.84,688.9988,688.58,688.63,584981,11316,688.73
2026-01-22T11:00:00.000,688.62,689.18,688.58,689.12,598741,11742,688.74
2026-01-22T11:05:00.000,689.12,689.46,688.99,689.37,588804,11063,688.75
2026-01-22T11:10:00.000,689.38,689.73,689.204,689.67,550089,9630,688.77
2026-01-22T11:15:00.000,689.67,689.85,689.23,689.57,547082,10111,688.78
2026-01-22T11:20:00.000,689.57,689.8505,689.55,689.82,418977,8203,688.8
2026-01-22T11:25:00.000,689.82,690.0469,689.695,689.8,1105954,10814,688.83
2026-01-22T11:30:00.000,689.8,689.96,689.62,689.861,407360,8523,688.84
2026-01-22T11:35:00.000,689.86,689.97,689.67,689.9073,301613,6744,688.85
2026-01-22T11:40:00.000,689.88,690.22,689.805,690.075,411569,8753,688.87
2026-01-22T11:45:00.000,690.09,690.36,690.085,690.205,406693,8320,688.89
2026-01-22T11:50:00.000,690.21,690.5,690.11,690.22,406809,8609,688.91
2026-01-22T11:55:00.000,690.22,690.22,689.65,689.715,497878,9666,688.93
2026-01-22T12:00:00.000,689.71,690.05,689.405,690.0101,483603,8375,688.94
2026-01-22T12:05:00.000,690.02,690.42,689.79,690.33,820662,11164,688.97
2026-01-22T12:10:00.000,690.35,690.558,690.15,690.345,497905,7295,688.99
2026-01-22T12:15:00.000,690.38,690.44,689.94,690.16,455936,7407,689.01
2026-01-22T12:20:00.000,690.155,690.185,689.76,690.16,421341,7406,689.02
2026-01-22T12:25:00.000,690.17,690.24,689.9,690.23,380102,7422,689.03
2026-01-22T12:30:00.000,690.24,690.88,690.24,690.815,688156,10929,689.07
2026-01-22T12:35:00.000,690.83,690.83,690.55,690.61,380906,6399,689.09
2026-01-22T12:40:00.000,690.61,690.92,690.6,690.75,328942,5994,689.1
2026-01-22T12:45:00.000,690.75,690.91,690.67,690.805,245174,4796,689.12
2026-01-22T12:50:00.000,690.81,691.08,690.785,690.92,367627,6252,689.14
2026-01-22T12:55:00.000,690.93,691.08,690.715,690.955,405392,6457,689.16
2026-01-22T13:00:00.000,690.95,691.1,690.52,690.9501,682319,10151,689.19
2026-01-22T13:05:00.000,690.96,691.125,690.78,690.88,388728,6392,689.21
2026-01-22T13:10:00.000,690.88,690.885,690.37,690.46,445636,6892,689.23
2026-01-22T13:15:00.000,690.47,690.65,690.27,690.4954,393519,6566,689.24
2026-01-22T13:20:00.000,690.505,690.76,690.45,690.65,319736,5276,689.26
2026-01-22T13:25:00.000,690.66,690.67,690.41,690.45,298913,5237,689.27
2026-01-22T13:30:00.000,690.44,690.84,690.39,690.7011,515035,7410,689.28
2026-01-22T13:35:00.000,690.685,690.79,690.58,690.76,199530,4239,689.29
2026-01-22T13:40:00.000,690.76,690.78,690.29,690.36,467435,5526,689.3
2026-01-22T13:45:00.000,690.36,690.62,690.355,690.47,331236,5541,689.31
2026-01-22T13:50:00.000,690.48,690.5384,690.14,690.195,346936,5686,689.32
2026-01-22T13:55:00.000,690.21,690.22,689.83,690.025,481957,7926,689.33
2026-01-22T14:00:00.000,690.01,690.63,689.97,690.58,893790,11340,689.35
2026-01-22T14:05:00.000,690.585,690.84,690.495,690.6919,703926,8734,689.37
2026-01-22T14:10:00.000,690.7,690.96,690.54,690.7,531482,7447,689.39
2026-01-22T14:15:00.000,690.7,690.76,690.5,690.655,952079,6235,689.4
2026-01-22T14:20:00.000,690.66,690.87,690.565,690.81,507549,6885,689.41
2026-01-22T14:25:00.000,690.81,690.85,690.6,690.66,357006,6736,689.42
2026-01-22T14:30:00.000,690.66,690.735,690.34,690.37,527044,8318,689.44
2026-01-22T14:35:00.000,690.3658,690.45,689.83,689.93,877608,12065,689.45
2026-01-22T14:40:00.000,689.91,690.13,689.69,689.745,931206,12618,689.46
2026-01-22T14:45:00.000,689.75,689.83,689.535,689.61,715911,10463,689.47
2026-01-22T14:50:00.000,689.61,689.85,689.3799,689.43,533308,8411,689.47
2026-01-22T14:55:00.000,689.43,689.55,688.74,688.77,1262517,15936,689.46
2026-01-22T15:00:00.000,688.76,689.15,688.61,689.01,1205851,15930,689.44
2026-01-22T15:05:00.000,689.0,689.195,688.82,688.875,690674,9579,689.44
2026-01-22T15:10:00.000,688.88,689.225,688.86,689.19,672358,10482,689.43
2026-01-22T15:15:00.000,689.19,689.51,689.075,689.2,1141874,8898,689.43
2026-01-22T15:20:00.000,689.2,689.3,688.8,688.85,646562,9728,689.42
2026-01-22T15:25:00.000,688.845,688.85,688.13,688.16,996928,14323,689.4
2026-01-22T15:30:00.000,688.16,688.2605,687.725,687.91,1464652,18513,689.37
2026-01-22T15:35:00.000,687.9,688.04,687.595,687.84,1476517,15321,689.34
2026-01-22T15:40:00.000,687.83,688.29,687.685,688.17,1117101,17083,689.31
2026-01-22T15:45:00.000,688.17,688.61,688.17,688.59,1087913,16957,689.29
2026-01-22T15:50:00.000,688.6,688.9201,688.495,688.82,1572138,22058,689.28
2026-01-22T15:55:00.000,688.81,689.045,688.655,688.93,3666479,37572,689.25
2026-01-22T16:00:00.000,688.93,688.93,688.93,688.93,1450,2,689.25
2026-01-23T09:30:00.000,688.15,688.68,687.62,687.72,1889876,29048,688.17
2026-01-23T09:35:00.000,687.72,688.125,687.235,687.425,1277747,19393,687.95
2026-01-23T09:40:00.000,687.42,688.195,687.16,687.941,1342120,20821,687.92
2026-01-23T09:45:00.000,688.0,688.45,687.3,687.34,930630,14961,687.91
2026-01-23T09:50:00.000,687.33,688.13,687.27,687.946,911338,14516,687.87
2026-01-23T09:55:00.000,687.94,688.81,687.885,688.77,828098,12470,687.94
2026-01-23T10:00:00.000,688.83,689.44,688.77,689.2801,961977,15958,688.08
2026-01-23T10:05:00.000,689.29,689.36,688.92,689.12,836099,23665,688.18
2026-01-23T10:10:00.000,689.11,689.225,688.49,688.63,658819,13458,688.23
2026-01-23T10:15:00.000,688.63,689.0,688.35,688.425,824782,13590,688.25
2026-01-23T10:20:00.000,688.42,689.75,688.31,689.555,934941,16353,688.34
2026-01-23T10:25:00.000,689.55,689.8501,689.1345,689.325,917480,14960,688.43
2026-01-23T10:30:00.000,689.32,689.605,689.21,689.53,515897,11457,688.47
2026-01-23T10:35:00.000,689.525,689.82,689.5,689.78,561342,11048,688.52
2026-01-23T10:40:00.000,689.77,689.887,689.63,689.69,467758,10046,688.56
2026-01-23T10:45:00.000,689.69,690.39,689.5303,690.31,731607,11829,688.63
2026-01-23T10:50:00.000,690.32,690.48,690.08,690.45,535775,9486,688.7
2026-01-23T10:55:00.000,690.47,690.71,690.36,690.48,887768,13702,688.8
2026-01-23T11:00:00.000,690.47,690.96,690.47,690.8,929298,13982,688.91
2026-01-23T11:05:00.000,690.8,690.84,690.21,690.635,822726,12607,688.98
2026-01-23T11:10:00.000,690.62,690.73,690.46,690.58,467692,9474,689.02
2026-01-23T11:15:00.000,690.595,690.81,690.355,690.67,432044,8666,689.06
2026-01-23T11:20:00.000,690.665,690.665,690.225,690.43,460808,9432,689.09
2026-01-23T11:25:00.000,690.42,690.55,689.92,690.07,374477,8719,689.11
2026-01-23T11:30:00.000,690.06,690.31,689.42,689.66,690905,12760,689.13
2026-01-23T11:35:00.000,689.66,690.569,689.515,690.44,564871,9951,689.16
2026-01-23T11:40:00.000,690.43,690.605,690.0,690.4202,507739,9718,689.19
2026-01-23T11:45:00.000,690.42,690.615,690.01,690.45,472263,8304,689.21
2026-01-23T11:50:00.000,690.45,690.54,689.87,690.07,490213,9267,689.24
2026-01-23T11:55:00.000,690.08,690.11,689.66,689.7481,633113,10696,689.25
2026-01-23T12:00:00.000,689.75,690.16,689.35,690.04,699341,11313,689.27
2026-01-23T12:05:00.000,690.0344,690.125,689.73,689.88,327329,6257,689.27
2026-01-23T12:10:00.000,689.9,690.26,689.82,690.245,359980,6506,689.29
2026-01-23T12:15:00.000,690.245,690.3,689.79,690.03,375328,6573,689.3
2026-01-23T12:20:00.000,690.02,690.11,689.75,689.78,312288,5901,689.3
2026-01-23T12:25:00.000,689.78,690.35,689.7742,690.19,344575,6234,689.31
2026-01-23T12:30:00.000,690.198,690.28,689.65,689.7185,526596,8721,689.33
2026-01-23T12:35:00.000,689.715,690.0367,689.7,689.85,374338,6000,689.33
2026-01-23T12:40:00.000,689.83,689.89,688.72,688.805,970305,14443,689.33
2026-01-23T12:45:00.000,688.81,689.18,688.45,688.845,855095,13130,689.31
2026-01-23T12:50:00.000,688.84,688.93,687.96,688.12,906432,13277,689.28
2026-01-23T12:55:00.000,688.12,688.4986,687.73,687.99,777351,12490,689.24
2026-01-23T13:00:00.000,687.98,688.46,687.86,688.34,816888,12534,689.21
2026-01-23T13:05:00.000,688.345,688.8199,687.9,688.815,620587,9914,689.2
2026-01-23T13:10:00.000,688.82,689.04,688.41,688.47,514705,9098,689.19
2026-01-23T13:15:00.000,688.48,689.03,688.39,688.7754,556792,8991,689.18
2026-01-23T13:20:00.000,688.77,689.0,688.4,688.8,354701,7637,689.18
2026-01-23T13:25:00.000,688.79,689.135,688.765,688.92,347287,6959,689.17
2026-01-23T13:30:00.000,688.94,689.13,688.418,688.55,460155,7746,689.17
2026-01-23T13:35:00.000,688.545,689.28,688.52,689.105,394892,7732,689.17
2026-01-23T13:40:00.000,689.11,689.14,688.69,688.74,340530,6852,689.16
2026-01-23T13:45:00.000,688.74,688.94,688.37,688.82,337802,6438,689.16
2026-01-23T13:50:00.000,688.8,689.01,688.56,688.79,341585,5588,689.16
2026-01-23T13:55:00.000,688.8,689.13,688.7138,688.97,282497,5496,689.15
2026-01-23T14:00:00.000,688.97,689.59,688.91,689.48,478076,8784,689.15
2026-01-23T14:05:00.000,689.49,689.845,689.4109,689.72,842062,9301,689.16
2026-01-23T14:10:00.000,689.72,689.8395,689.382,689.5,599708,8232,689.17
2026-01-23T14:15:00.000,689.51,689.81,689.45,689.72,279805,5381,689.17
2026-01-23T14:20:00.000,689.715,690.1995,689.65,690.02,588240,8681,689.19
2026-01-23T14:25:00.000,690.025,690.15,689.54,689.5479,794318,10676,689.2
2026-01-23T14:30:00.000,689.55,689.86,689.44,689.59,712834,8172,689.21
2026-01-23T14:35:00.000,689.61,689.7972,689.15,689.25,627253,7292,689.22
2026-01-23T14:40:00.000,689.25,689.595,688.94,689.46,646616,9026,689.22
2026-01-23T14:45:00.000,689.47,689.59,689.19,689.19,320478,5830,689.22
2026-01-23T14:50:00.000,689.19,689.54,689.135,689.375,434304,7148,689.22
2026-01-23T14:55:00.000,689.37,689.66,689.35,689.53,422795,6945,689.22
2026-01-23T15:00:00.000,689.52,689.585,689.2,689.225,960776,8247,689.23
2026-01-23T15:05:00.000,689.23,689.39,688.84,688.85,566334,9104,689.22
2026-01-23T15:10:00.000,688.84,689.27,688.51,689.15,750156,11277,689.22
2026-01-23T15:15:00.000,689.16,689.55,689.14,689.36,633292,9199,689.22
2026-01-23T15:20:00.000,689.35,689.38,689.01,689.07,476614,7750,689.22
2026-01-23T15:25:00.000,689.07,689.15,688.81,688.845,514427,8886,689.22
2026-01-23T15:30:00.000,688.84,688.919,688.55,688.86,1409520,11049,689.21
2026-01-23T15:35:00.000,688.845,688.97,688.57,688.93,1337586,12131,689.2
2026-01-23T15:40:00.000,688.9297,689.35,688.92,689.22,779073,11537,689.2
2026-01-23T15:45:00.000,689.225,689.42,689.14,689.4001,897598,14106,689.2
2026-01-23T15:50:00.000,689.39,689.46,688.84,689.075,1538430,21184,689.2
2026-01-23T15:55:00.000,689.07,689.61,688.84,689.185,3327353,36791,689.2
2026-01-23T16:00:00.000,689.18,689.18,689.18,689.18,240,3,689.2
2026-01-24T09:30:00.000,0.0,0.0,0.0,0.0,0,0,0.0
2026-01-24T09:35:00.000,0.0,0.0,0.0,0.0,0,0,0.0
2026-01-24T09:40:00.000,0.0,0.0,0.0,0.0,0,0,0.0
2026-01-24T09:45:00.000,0.0,0.0,0.0,0.0,0,0,0.0
2026-01-24T09:50:00.000,0.0,0.0,0.0,0.0,0,0,0.0
2026-01-24T09:55:00.000,0.0,0.0,0.0,0.0,0,0,0.0
2026-01-24T10:00:00.000,0.0,0.0,0.0,0.0,0,0,0.0
2026-01-24T10:05:00.000,0.0,0.0,0.0,0.0,0,0,0.0
2026-01-24T10:10:00.000,0.0,0.0,0.0,0.0,0,0,0.0
2026-01-24T10:15:00.000,0.0,0.0,0.0,0.0,0,0,0.0
2026-01-24T10:20:00.000,0.0,0.0,0.0,0.0,0,0,0.0
2026-01-24T10:25:00.000,0.0,0.0,0.0,0.0,0,0,0.0
2026-01-24T10:30:00.000,0.0,0.0,0.0,0.0,0,0,0.0
2026-01-24T10:35:00.000,0.0,0.0,0.0,0.0,0,0,0.0
2026-01-24T10:40:00.000,0.0,0.0,0.0,0.0,0,0,0.0
2026-01-24T10:45:00.000,0.0,0.0,0.0,0.0,0,0,0.0
2026-01-24T10:50:00.000,0.0,0.0,0.0,0.0,0,0,0.0
2026-01-24T10:55:00.000,0.0,0.0,0.0,0.0,0,0,0.0
2026-01-24T11:00:00.000,0.0,0.0,0.0,0.0,0,0,0.0
2026-01-24T11:05:00.000,0.0,0.0,0.0,0.0,0,0,0.0
2026-01-24T11:10:00.000,0.0,0.0,0.0,0.0,0,0,0.0
2026-01-24T11:15:00.000,0.0,0.0,0.0,0.0,0,0,0.0
2026-01-24T11:20:00.000,0.0,0.0,0.0,0.0,0,0,0.0
2026-01-24T11:25:00.000,0.0,0.0,0.0,0.0,0,0,0.0
2026-01-24T11:30:00.000,0.0,0.0,0.0,0.0,0,0,0.0
2026-01-24T11:35:00.000,0.0,0.0,0.0,0.0,0,0,0.0
2026-01-24T11:40:00.000,0.0,0.0,0.0,0.0,0,0,0.0
2026-01-24T11:45:00.000,0.0,0.0,0.0,0.0,0,0,0.0
2026-01-24T11:50:00.000,0.0,0.0,0.0,0.0,0,0,0.0
2026-01-24T11:55:00.000,0.0,0.0,0.0,0.0,0,0,0.0
2026-01-24T12:00:00.000,0.0,0.0,0.0,0.0,0,0,0.0
2026-01-24T12:05:00.000,0.0,0.0,0.0,0.0,0,0,0.0
2026-01-24T12:10:00.000,0.0,0.0,0.0,0.0,0,0,0.0
2026-01-24T12:15:00.000,0.0,0.0,0.0,0.0,0,0,0.0
2026-01-24T12:20:00.000,0.0,0.0,0.0,0.0,0,0,0.0
2026-01-24T12:25:00.000,0.0,0.0,0.0,0.0,0,0,0.0
2026-01-24T12:30:00.000,0.0,0.0,0.0,0.0,0,0,0.0
2026-01-24T12:35:00.000,0.0,0.0,0.0,0.0,0,0,0.0
2026-01-24T12:40:00.000,0.0,0.0,0.0,0.0,0,0,0.0
2026-01-24T12:45:00.000,0.0,0.0,0.0,0.0,0,0,0.0
2026-01-24T12:50:00.000,0.0,0.0,0.0,0.0,0,0,0.0
2026-01-24T12:55:00.000,0.0,0.0,0.0,0.0,0,0,0.0
2026-01-24T13:00:00.000,0.0,0.0,0.0,0.0,0,0,0.0
2026-01-24T13:05:00.000,0.0,0.0,0.0,0.0,0,0,0.0
2026-01-24T13:10:00.000,0.0,0.0,0.0,0.0,0,0,0.0
2026-01-24T13:15:00.000,0.0,0.0,0.0,0.0,0,0,0.0
2026-01-24T13:20:00.000,0.0,0.0,0.0,0.0,0,0,0.0
2026-01-24T13:25:00.000,0.0,0.0,0.0,0.0,0,0,0.0
2026-01-24T13:30:00.000,0.0,0.0,0.0,0.0,0,0,0.0
2026-01-24T13:35:00.000,0.0,0.0,0.0,0.0,0,0,0.0
2026-01-24T13:40:00.000,0.0,0.0,0.0,0.0,0,0,0.0
2026-01-24T13:45:00.000,0.0,0.0,0.0,0.0,0,0,0.0
2026-01-24T13:50:00.000,0.0,0.0,0.0,0.0,0,0,0.0
2026-01-24T13:55:00.000,0.0,0.0,0.0,0.0,0,0,0.0
2026-01-24T14:00:00.000,0.0,0.0,0.0,0.0,0,0,0.0
2026-01-24T14:05:00.000,0.0,0.0,0.0,0.0,0,0,0.0
2026-01-24T14:10:00.000,0.0,0.0,0.0,0.0,0,0,0.0
2026-01-24T14:15:00.000,0.0,0.0,0.0,0.0,0,0,0.0
2026-01-24T14:20:00.000,0.0,0.0,0.0,0.0,0,0,0.0
2026-01-24T14:25:00.000,0.0,0.0,0.0,0.0,0,0,0.0
2026-01-24T14:30:00.000,0.0,0.0,0.0,0.0,0,0,0.0
2026-01-24T14:35:00.000,0.0,0.0,0.0,0.0,0,0,0.0
2026-01-24T14:40:00.000,0.0,0.0,0.0,0.0,0,0,0.0
2026-01-24T14:45:00.000,0.0,0.0,0.0,0.0,0,0,0.0
2026-01-24T14:50:00.000,0.0,0.0,0.0,0.0,0,0,0.0
2026-01-24T14:55:00.000,0.0,0.0,0.0,0.0,0,0,0.0
2026-01-24T15:00:00.000,0.0,0.0,0.0,0.0,0,0,0.0
2026-01-24T15:05:00.000,0.0,0.0,0.0,0.0,0,0,0.0
2026-01-24T15:10:00.000,0.0,0.0,0.0,0.0,0,0,0.0
2026-01-24T15:15:00.000,0.0,0.0,0.0,0.0,0,0,0.0
2026-01-24T15:20:00.000,0.0,0.0,0.0,0.0,0,0,0.0
2026-01-24T15:25:00.000,0.0,0.0,0.0,0.0,0,0,0.0
2026-01-24T15:30:00.000,0.0,0.0,0.0,0.0,0,0,0.0
2026-01-24T15:35:00.000,0.0,0.0,0.0,0.0,0,0,0.0
2026-01-24T15:40:00.000,0.0,0.0,0.0,0.0,0,0,0.0
2026-01-24T15:45:00.000,0.0,0.0,0.0,0.0,0,0,0.0
2026-01-24T15:50:00.000,0.0,0.0,0.0,0.0,0,0,0.0
2026-01-24T15:55:00.000,0.0,0.0,0.0,0.0,0,0,0.0
2026-01-24T16:00:00.000,0.0,0.0,0.0,0.0,0,0,0.0
2026-01-25T09:30:00.000,0.0,0.0,0.0,0.0,0,0,0.0
2026-01-25T09:35:00.000,0.0,0.0,0.0,0.0,0,0,0.0
2026-01-25T09:40:00.000,0.0,0.0,0.0,0.0,0,0,0.0
2026-01-25T09:45:00.000,0.0,0.0,0.0,0.0,0,0,0.0
2026-01-25T09:50:00.000,0.0,0.0,0.0,0.0,0,0,0.0
2026-01-25T09:55:00.000,0.0,0.0,0.0,0.0,0,0,0.0
2026-01-25T10:00:00.000,0.0,0.0,0.0,0.0,0,0,0.0
2026-01-25T10:05:00.000,0.0,0.0,0.0,0.0,0,0,0.0
2026-01-25T10:10:00.000,0.0,0.0,0.0,0.0,0,0,0.0
2026-01-25T10:15:00.000,0.0,0.0,0.0,0.0,0,0,0.0
2026-01-25T10:20:00.000,0.0,0.0,0.0,0.0,0,0,0.0
2026-01-25T10:25:00.000,0.0,0.0,0.0,0.0,0,0,0.0
2026-01-25T10:30:00.000,0.0,0.0,0.0,0.0,0,0,0.0
2026-01-25T10:35:00.000,0.0,0.0,0.0,0.0,0,0,0.0
2026-01-25T10:40:00.000,0.0,0.0,0.0,0.0,0,0,0.0
2026-01-25T10:45:00.000,0.0,0.0,0.0,0.0,0,0,0.0
2026-01-25T10:50:00.000,0.0,0.0,0.0,0.0,0,0,0.0
2026-01-25T10:55:00.000,0.0,0.0,0.0,0.0,0,0,0.0
2026-01-25T11:00:00.000,0.0,0.0,0.0,0.0,0,0,0.0
2026-01-25T11:05:00.000,0.0,0.0,0.0,0.0,0,0,0.0
2026-01-25T11:10:00.000,0.0,0.0,0.0,0.0,0,0,0.0
2026-01-25T11:15:00.000,0.0,0.0,0.0,0.0,0,0,0.0
2026-01-25T11:20:00.000,0.0,0.0,0.0,0.0,0,0,0.0
2026-01-25T11:25:00.000,0.0,0.0,0.0,0.0,0,0,0.0
2026-01-25T11:30:00.000,0.0,0.0,0.0,0.0,0,0,0.0
2026-01-25T11:35:00.000,0.0,0.0,0.0,0.0,0,0,0.0
2026-01-25T11:40:00.000,0.0,0.0,0.0,0.0,0,0,0.0
2026-01-25T11:45:00.000,0.0,0.0,0.0,0.0,0,0,0.0
2026-01-25T11:50:00.000,0.0,0.0,0.0,0.0,0,0,0.0
2026-01-25T11:55:00.000,0.0,0.0,0.0,0.0,0,0,0.0
2026-01-25T12:00:00.000,0.0,0.0,0.0,0.0,0,0,0.0
2026-01-25T12:05:00.000,0.0,0.0,0.0,0.0,0,0,0.0
2026-01-25T12:10:00.000,0.0,0.0,0.0,0.0,0,0,0.0
2026-01-25T12:15:00.000,0.0,0.0,0.0,0.0,0,0,0.0
2026-01-25T12:20:00.000,0.0,0.0,0.0,0.0,0,0,0.0
2026-01-25T12:25:00.000,0.0,0.0,0.0,0.0,0,0,0.0
2026-01-25T12:30:00.000,0.0,0.0,0.0,0.0,0,0,0.0
2026-01-25T12:35:00.000,0.0,0.0,0.0,0.0,0,0,0.0
2026-01-25T12:40:00.000,0.0,0.0,0.0,0.0,0,0,0.0
2026-01-25T12:45:00.000,0.0,0.0,0.0,0.0,0,0,0.0
2026-01-25T12:50:00.000,0.0,0.0,0.0,0.0,0,0,0.0
2026-01-25T12:55:00.000,0.0,0.0,0.0,0.0,0,0,0.0
2026-01-25T13:00:00.000,0.0,0.0,0.0,0.0,0,0,0.0
2026-01-25T13:05:00.000,0.0,0.0,0.0,0.0,0,0,0.0
2026-01-25T13:10:00.000,0.0,0.0,0.0,0.0,0,0,0.0
2026-01-25T13:15:00.000,0.0,0.0,0.0,0.0,0,0,0.0
2026-01-25T13:20:00.000,0.0,0.0,0.0,0.0,0,0,0.0
2026-01-25T13:25:00.000,0.0,0.0,0.0,0.0,0,0,0.0
2026-01-25T13:30:00.000,0.0,0.0,0.0,0.0,0,0,0.0
2026-01-25T13:35:00.000,0.0,0.0,0.0,0.0,0,0,0.0
2026-01-25T13:40:00.000,0.0,0.0,0.0,0.0,0,0,0.0
2026-01-25T13:45:00.000,0.0,0.0,0.0,0.0,0,0,0.0
2026-01-25T13:50:00.000,0.0,0.0,0.0,0.0,0,0,0.0
2026-01-25T13:55:00.000,0.0,0.0,0.0,0.0,0,0,0.0
2026-01-25T14:00:00.000,0.0,0.0,0.0,0.0,0,0,0.0
2026-01-25T14:05:00.000,0.0,0.0,0.0,0.0,0,0,0.0
2026-01-25T14:10:00.000,0.0,0.0,0.0,0.0,0,0,0.0
2026-01-25T14:15:00.000,0.0,0.0,0.0,0.0,0,0,0.0
2026-01-25T14:20:00.000,0.0,0.0,0.0,0.0,0,0,0.0
2026-01-25T14:25:00.000,0.0,0.0,0.0,0.0,0,0,0.0
2026-01-25T14:30:00.000,0.0,0.0,0.0,0.0,0,0,0.0
2026-01-25T14:35:00.000,0.0,0.0,0.0,0.0,0,0,0.0
2026-01-25T14:40:00.000,0.0,0.0,0.0,0.0,0,0,0.0
2026-01-25T14:45:00.000,0.0,0.0,0.0,0.0,0,0,0.0
2026-01-25T14:50:00.000,0.0,0.0,0.0,0.0,0,0,0.0
2026-01-25T14:55:00.000,0.0,0.0,0.0,0.0,0,0,0.0
2026-01-25T15:00:00.000,0.0,0.0,0.0,0.0,0,0,0.0
2026-01-25T15:05:00.000,0.0,0.0,0.0,0.0,0,0,0.0
2026-01-25T15:10:00.000,0.0,0.0,0.0,0.0,0,0,0.0
2026-01-25T15:15:00.000,0.0,0.0,0.0,0.0,0,0,0.0
2026-01-25T15:20:00.000,0.0,0.0,0.0,0.0,0,0,0.0
2026-01-25T15:25:00.000,0.0,0.0,0.0,0.0,0,0,0.0
2026-01-25T15:30:00.000,0.0,0.0,0.0,0.0,0,0,0.0
2026-01-25T15:35:00.000,0.0,0.0,0.0,0.0,0,0,0.0
2026-01-25T15:40:00.000,0.0,0.0,0.0,0.0,0,0,0.0
2026-01-25T15:45:00.000,0.0,0.0,0.0,0.0,0,0,0.0
2026-01-25T15:50:00.000,0.0,0.0,0.0,0.0,0,0,0.0
2026-01-25T15:55:00.000,0.0,0.0,0.0,0.0,0,0,0.0
2026-01-25T16:00:00.000,0.0,0.0,0.0,0.0,0,0,0.0
2026-01-26T09:30:00.000,690.49,691.325,689.92,691.28,2077326,36408,690.77
2026-01-26T09:35:00.000,691.28,691.98,691.27,691.71,1702499,25313,691.18
2026-01-26T09:40:00.000,691.71,692.29,691.4,692.185,1485792,24835,691.4
2026-01-26T09:45:00.000,692.19,692.5446,692.15,692.21,1077221,18712,691.56
2026-01-26T09:50:00.000,692.21,692.63,692.07,692.385,1079676,17503,691.68
2026-01-26T09:55:00.000,692.39,692.63,692.22,692.265,810122,12944,691.74
2026-01-26T10:00:00.000,692.26,692.37,691.98,692.21,670028,13623,691.77
2026-01-26T10:05:00.000,692.21,692.39,691.94,691.97,472068,10571,691.79
2026-01-26T10:10:00.000,691.97,692.67,691.75,692.585,698839,22568,691.82
2026-01-26T10:15:00.000,692.58,693.14,692.49,693.095,905083,16291,691.9
2026-01-26T10:20:00.000,693.1,693.4,693.1,693.35,991877,14889,692.02
2026-01-26T10:25:00.000,693.35,693.36,692.51,692.55,995722,16279,692.09
2026-01-26T10:30:00.000,692.54,693.07,692.38,692.85,734786,15058,692.12
2026-01-26T10:35:00.000,692.83,693.02,692.65,692.78,417901,9596,692.14
2026-01-26T10:40:00.000,692.78,692.815,692.23,692.31,757808,13915,692.16
2026-01-26T10:45:00.000,692.3,693.115,692.3,692.93,524258,10616,692.18
2026-01-26T10:50:00.000,692.94,693.3388,692.88,693.15,734712,11643,692.21
2026-01-26T10:55:00.000,693.14,693.31,692.89,692.975,712294,10916,692.25
2026-01-26T11:00:00.000,692.98,693.08,692.74,692.92,561540,11893,692.27
2026-01-26T11:05:00.000,692.92,692.97,692.62,692.85,379552,8868,692.28
2026-01-26T11:10:00.000,692.85,692.9375,692.645,692.83,372615,8601,692.29
2026-01-26T11:15:00.000,692.82,692.888,692.39,692.48,379820,8837,692.3
2026-01-26T11:20:00.000,692.47,693.035,692.23,692.95,645134,11511,692.31
2026-01-26T11:25:00.000,692.96,693.28,692.87,693.11,592268,9174,692.33
2026-01-26T11:30:00.000,693.11,693.36,692.96,692.97,498267,9821,692.35
2026-01-26T11:35:00.000,692.97,693.25,692.84,693.02,509328,10000,692.37
2026-01-26T11:40:00.000,693.02,693.12,692.865,692.925,249200,7019,692.38
2026-01-26T11:45:00.000,692.91,693.11,692.775,692.97,387502,7663,692.39
2026-01-26T11:50:00.000,692.98,693.2,692.92,693.1,311182,7540,692.4
2026-01-26T11:55:00.000,693.11,693.23,692.985,693.12,228275,6564,692.4
2026-01-26T12:00:00.000,693.1,693.68,693.03,693.5448,484707,9783,692.42
2026-01-26T12:05:00.000,693.55,693.7099,693.4501,693.4501,464742,8545,692.45
2026-01-26T12:10:00.000,693.46,693.57,693.295,693.495,251010,6271,692.46
2026-01-26T12:15:00.000,693.495,693.6794,693.43,693.5,257840,5778,692.47
2026-01-26T12:20:00.000,693.5,693.6601,693.4546,693.55,240110,4794,692.48
2026-01-26T12:25:00.000,693.55,693.645,693.49,693.506848,390117,5687,692.5
2026-01-26T12:30:00.000,693.5,693.568,693.24,693.3999,619418,7503,692.52
2026-01-26T12:35:00.000,693.4,693.52,693.308,693.44,324079,5893,692.53
2026-01-26T12:40:00.000,693.44,693.58,693.33,693.56,249675,5096,692.54
2026-01-26T12:45:00.000,693.56,693.56,693.1,693.1758,362239,6408,692.55
2026-01-26T12:50:00.000,693.18,693.385,693.03,693.26,299584,5757,692.56
2026-01-26T12:55:00.000,693.27,693.3775,693.09,693.24,271615,5853,692.57
2026-01-26T13:00:00.000,693.24,693.36,693.05,693.19,263519,5448,692.57
2026-01-26T13:05:00.000,693.19,693.225,692.9,692.995,339636,6119,692.58
2026-01-26T13:10:00.000,692.995,693.1301,692.972,693.055,242607,5035,692.58
2026-01-26T13:15:00.000,693.05,693.485,692.935,693.43,360032,6236,692.59
2026-01-26T13:20:00.000,693.42,693.73,693.372,693.675,478884,5760,692.61
2026-01-26T13:25:00.000,693.68,693.87,693.515,693.79,402067,5969,692.62
2026-01-26T13:30:00.000,693.78,694.13,693.74,694.03,519560,8252,692.65
2026-01-26T13:35:00.000,694.035,694.06,693.66,693.68,376838,6447,692.66
2026-01-26T13:40:00.000,693.68,693.74,693.47,693.535,432026,6582,692.68
2026-01-26T13:45:00.000,693.53,693.56,693.33,693.52,356853,5838,692.69
2026-01-26T13:50:00.000,693.525,693.69,693.455,693.68,307489,5175,692.7
2026-01-26T13:55:00.000,693.68,693.695,693.47,693.59,211394,4240,692.7
2026-01-26T14:00:00.000,693.58,693.74,693.48,693.585,457482,6568,692.72
2026-01-26T14:05:00.000,693.59,693.87,693.5,693.78,446211,7309,692.73
2026-01-26T14:10:00.000,693.79,693.98,693.76,693.8179,421920,7006,692.75
2026-01-26T14:15:00.000,693.81,693.91,693.71,693.81,312778,5961,692.76
2026-01-26T14:20:00.000,693.81,693.82,693.46,693.53,321474,5763,692.77
2026-01-26T14:25:00.000,693.545,693.85,693.48,693.82,379007,6218,692.78
2026-01-26T14:30:00.000,693.825,693.925,693.66,693.715,442030,6885,692.79
2026-01-26T14:35:00.000,693.72,693.83,693.57,693.75,319774,5695,692.8
2026-01-26T14:40:00.000,693.75,694.0,693.69,693.86,405811,5835,692.81
2026-01-26T14:45:00.000,693.87,693.94,693.67,693.755,532540,7717,692.83
2026-01-26T14:50:00.000,693.75,693.8401,693.6099,693.64,369066,6231,692.84
2026-01-26T14:55:00.000,693.64,693.835,693.54,693.59,563302,8447,692.85
2026-01-26T15:00:00.000,693.6,693.73,693.42,693.725,530372,8079,692.86
2026-01-26T15:05:00.000,693.71,693.75,693.62,693.69,594581,7347,692.87
2026-01-26T15:10:00.000,693.69,693.74,693.55,693.65,541800,7188,692.88
2026-01-26T15:15:00.000,693.65,693.68,693.44,693.54,777054,7218,692.89
2026-01-26T15:20:00.000,693.53,693.74,693.47,693.65,900560,9380,692.91
2026-01-26T15:25:00.000,693.65,693.659,693.515,693.57,458945,7546,692.91
2026-01-26T15:30:00.000,693.575,693.82,693.54,693.7103,797520,9102,692.93
2026-01-26T15:35:00.000,693.71,693.87,693.66,693.68,870841,9489,692.94
2026-01-26T15:40:00.000,693.68,693.72,693.43,693.58,1214498,13441,692.96
2026-01-26T15:45:00.000,693.58,693.7867,693.52,693.66,1289104,12758,692.98
2026-01-26T15:50:00.000,693.66,693.66,692.9,693.055,3228387,30626,692.99
2026-01-26T15:55:00.000,693.05,693.1,692.62,692.71,4800631,37288,692.98
2026-01-26T16:00:00.000,692.71,692.71,692.71,692.71,1899,4,692.98
2026-01-27T09:30:00.000,694.18,694.34,693.84,694.23,1568710,25282,694.12
2026-01-27T09:35:00.000,694.23,694.365,693.575,693.575,1003100,15861,694.05
2026-01-27T09:40:00.000,693.58,694.4,693.57,694.09,913007,15789,694.06
2026-01-27T09:45:00.000,694.1,694.56,694.1,694.48,812896,13663,694.11
2026-01-27T09:50:00.000,694.48,695.35,694.48,695.27,1225862,18681,694.31
2026-01-27T09:55:00.000,695.27,695.48,695.14,695.17,902772,14354,694.45
2026-01-27T10:00:00.000,695.18,695.44,695.06,695.12,647176,16840,694.52
2026-01-27T10:05:00.000,695.115,695.27,694.51,695.245,1109588,17534,694.56
2026-01-27T10:10:00.000,695.25,695.38,694.98,695.15,743897,13107,694.61
2026-01-27T10:15:00.000,695.13,695.3,694.945,695.245,538849,9760,694.64
2026-01-27T10:20:00.000,695.245,695.41,694.965,695.12,434125,8276,694.67
2026-01-27T10:25:00.000,695.12,695.13,694.77,694.78,432213,9091,694.68
2026-01-27T10:30:00.000,694.77,695.31,694.715,695.285,566463,10697,694.69
2026-01-27T10:35:00.000,695.28,695.7,695.26,695.54,716511,12166,694.74
2026-01-27T10:40:00.000,695.54,695.905,695.5,695.82,705329,9276,694.78
2026-01-27T10:45:00.000,695.81,696.14,695.79,696.015,728711,11120,694.85
2026-01-27T10:50:00.000,696.01,696.025,695.815,695.91,534935,9636,694.9
2026-01-27T10:55:00.000,695.9,696.005,695.7413,696.0,333540,7485,694.92
2026-01-27T11:00:00.000,696.0,696.16,695.98,696.09,502403,9994,694.96
2026-01-27T11:05:00.000,696.08,696.23,696.005,696.09,625291,10458,695.01
2026-01-27T11:10:00.000,696.09,696.27,696.06,696.215,957628,8540,695.05
2026-01-27T11:15:00.000,696.215,696.4799,696.105,696.43,447940,8925,695.08
2026-01-27T11:20:00.000,696.44,696.48,696.27,696.39,528053,9543,695.12
2026-01-27T11:25:00.000,696.38,696.41,696.18,696.19,333484,7484,695.15
2026-01-27T11:30:00.000,696.19,696.405,696.135,696.2501,477023,8628,695.18
2026-01-27T11:35:00.000,696.26,696.48,696.22,696.41,449118,8039,695.21
2026-01-27T11:40:00.000,696.41,696.53,696.3293,696.3293,446442,8071,695.24
2026-01-27T11:45:00.000,696.33,696.42,696.19,696.355,658671,8877,695.27
2026-01-27T11:50:00.000,696.36,696.36,696.11,696.14,353701,7584,695.29
2026-01-27T11:55:00.000,696.14,696.245,696.01,696.01,839007,8271,695.31
2026-01-27T12:00:00.000,696.01,696.14,695.95,696.045,376361,5614,695.32
2026-01-27T12:05:00.000,696.05,696.11,695.86,695.965,917240,6540,695.34
2026-01-27T12:10:00.000,695.96,695.97,695.75,695.77,265958,4847,695.34
2026-01-27T12:15:00.000,695.77,695.79,695.38,695.54,904551,10594,695.35
2026-01-27T12:20:00.000,695.54,695.77,695.5,695.655,536310,6866,695.36
2026-01-27T12:25:00.000,695.655,696.12,695.6399,695.985,357067,5743,695.37
2026-01-27T12:30:00.000,695.98,696.08,695.715,695.755,383689,5676,695.38
2026-01-27T12:35:00.000,695.73,695.8,695.56,695.7199,243987,4853,695.38
2026-01-27T12:40:00.000,695.72,695.95,695.595,695.67,337663,5595,695.39
2026-01-27T12:45:00.000,695.67,695.79,695.57,695.7,284202,5047,695.39
2026-01-27T12:50:00.000,695.7,695.77,695.505,695.54,323534,5452,695.39
2026-01-27T12:55:00.000,695.55,695.585,695.38,695.425,242246,4452,695.39
2026-01-27T13:00:00.000,695.42,695.45,694.91,695.1,547826,7973,695.39
2026-01-27T13:05:00.000,695.08,695.195,694.93,695.09,920526,6240,695.38
2026-01-27T13:10:00.000,695.09,695.4642,694.97,695.43,461170,6114,695.38
2026-01-27T13:15:00.000,695.42,695.7,695.4,695.69,304940,5110,695.38
2026-01-27T13:20:00.000,695.6913,695.97,695.675,695.95,318058,4893,695.39
2026-01-27T13:25:00.000,695.95,695.959,695.67,695.795,236051,4374,695.39
2026-01-27T13:30:00.000,695.8,696.165,695.8,696.011,461766,7059,695.4
2026-01-27T13:35:00.000,696.02,696.025,695.82,695.8701,260045,4801,695.4
2026-01-27T13:40:00.000,695.875,695.915,695.71,695.76,233442,4212,695.41
2026-01-27T13:45:00.000,695.76,695.98,695.72,695.91,225349,4063,695.41
2026-01-27T13:50:00.000,695.915,696.06,695.91,696.005,187646,3815,695.42
2026-01-27T13:55:00.000,696.005,696.21,695.96,696.03,340614,5057,695.42
2026-01-27T14:00:00.000,696.02,696.02,695.8,695.9099,598748,6619,695.43
2026-01-27T14:05:00.000,695.925,695.98,695.74,695.855,379011,4276,695.43
2026-01-27T14:10:00.000,695.84,696.05,695.76,695.965,286759,4552,695.44
2026-01-27T14:15:00.000,695.96,696.06,695.92,695.98,233461,4255,695.44
2026-01-27T14:20:00.000,695.97,696.1,695.96,696.08,204842,3750,695.45
2026-01-27T14:25:00.000,696.08,696.2,696.025,696.17,272594,4237,695.45
2026-01-27T14:30:00.000,696.17,696.36,696.17,696.21,425121,5903,695.46
2026-01-27T14:35:00.000,696.22,696.22,696.1,696.185,466263,5590,695.48
2026-01-27T14:40:00.000,696.18,696.2,696.035,696.16,358928,5026,695.48
2026-01-27T14:45:00.000,696.16,696.17,696.0,696.145,199358,4341,695.49
2026-01-27T14:50:00.000,696.14,696.19,696.03,696.15,249114,4750,695.49
2026-01-27T14:55:00.000,696.145,696.165,696.025,696.075,294156,5061,695.5
2026-01-27T15:00:00.000,696.07,696.19,696.0,696.1501,281177,5382,695.5
2026-01-27T15:05:00.000,696.16,696.16,696.0233,696.12,310284,5248,695.51
2026-01-27T15:10:00.000,696.125,696.4,696.12,696.3675,749135,7659,695.52
2026-01-27T15:15:00.000,696.37,696.38,696.185,696.28,554631,7089,695.54
2026-01-27T15:20:00.000,696.27,696.355,696.155,696.1587,459182,6637,695.55
2026-01-27T15:25:00.000,696.155,696.16,695.94,695.9999,614653,9802,695.55
2026-01-27T15:30:00.000,695.99,696.09,695.81,696.09,626403,9660,695.56
2026-01-27T15:35:00.000,696.09,696.09,695.92,696.02,430416,7274,695.57
2026-01-27T15:40:00.000,696.015,696.0578,695.84,695.975,665191,10630,695.57
2026-01-27T15:45:00.000,695.96,696.16,695.82,696.14,1059286,13067,695.58
2026-01-27T15:50:00.000,696.14,696.18,695.64,695.68,1772081,21891,695.59
2026-01-27T15:55:00.000,695.68,695.78,695.4,695.54,4258777,39066,695.59
2026-01-27T16:00:00.000,695.55,695.55,695.55,695.55,1100,3,695.59
2026-01-28T09:30:00.000,697.05,697.7,697.01,697.35,2054103,29181,697.34
2026-01-28T09:35:00.000,697.34,697.53,696.95,697.13,1490426,23000,697.26
2026-01-28T09:40:00.000,697.135,697.7,697.075,697.65,1228986,18825,697.29
2026-01-28T09:45:00.000,697.645,697.84,696.9,697.165,1298151,19452,697.31
2026-01-28T09:50:00.000,697.16,697.71,697.1099,697.6901,742846,13304,697.32
2026-01-28T09:55:00.000,697.69,697.695,697.07,697.12,791083,11913,697.34
2026-01-28T10:00:00.000,697.11,697.32,696.79,697.02,863945,14197,697.31
2026-01-28T10:05:00.000,697.03,697.075,696.46,696.62,1011276,14387,697.27
2026-01-28T10:10:00.000,696.61,696.645,696.1035,696.11,964894,14890,697.18
2026-01-28T10:15:00.000,696.12,696.8,696.03,696.5299,834420,13307,697.13
2026-01-28T10:20:00.000,696.5299,697.1,696.49,696.9,572988,10859,697.11
2026-01-28T10:25:00.000,696.91,696.93,696.493,696.5139,492118,14247,697.09
2026-01-28T10:30:00.000,696.52,696.79,696.1417,696.155,564434,10869,697.07
2026-01-28T10:35:00.000,696.16,696.73,696.12,696.61,470942,9520,697.05
2026-01-28T10:40:00.000,696.61,696.64,695.78,695.8201,476361,10471,697.02
2026-01-28T10:45:00.000,695.82,696.0602,695.71,695.8499,674264,10801,696.96
2026-01-28T10:50:00.000,695.84,695.9,695.62,695.82,426006,8485,696.93
2026-01-28T10:55:00.000,695.81,695.96,695.54,695.555,470233,9303,696.89
2026-01-28T11:00:00.000,695.56,696.13,695.55,696.07,587893,11061,696.86
2026-01-28T11:05:00.000,696.07,696.33,695.915,696.1201,439072,8905,696.84
2026-01-28T11:10:00.000,696.13,696.305,695.84,696.01,312149,7899,696.82
2026-01-28T11:15:00.000,696.01,696.12,695.7241,695.73,320375,7322,696.81
2026-01-28T11:20:00.000,695.74,695.89,695.45,695.78,509218,9980,696.77
2026-01-28T11:25:00.000,695.775,696.15,695.64,696.1242,437368,9158,696.75
2026-01-28T11:30:00.000,696.12,696.12,695.33,695.385,589259,11506,696.71
2026-01-28T11:35:00.000,695.39,695.52,695.22,695.37,416534,9063,696.68
2026-01-28T11:40:00.000,695.36,695.38,694.78,694.85,549183,11049,696.64
2026-01-28T11:45:00.000,694.85,695.175,694.83,695.08,627941,10535,696.59
2026-01-28T11:50:00.000,695.09,695.1,694.495,694.6,593934,10127,696.53
2026-01-28T11:55:00.000,694.605,694.97,694.575,694.7218,554106,9527,696.49
2026-01-28T12:00:00.000,694.72,695.2198,694.69,695.06,499521,8712,696.45
2026-01-28T12:05:00.000,695.06,695.21,694.77,695.052,365679,6582,696.43
2026-01-28T12:10:00.000,695.06,695.52,695.04,695.455,441067,6812,696.41
2026-01-28T12:15:00.000,695.46,695.62,695.22,695.5998,488660,7025,696.38
2026-01-28T12:20:00.000,695.58,695.68,694.855,694.865,647319,6581,696.37
2026-01-28T12:25:00.000,694.863,694.915,694.68,694.855,333411,6201,696.34
2026-01-28T12:30:00.000,694.835,694.84,694.52,694.56,308094,5426,696.32
2026-01-28T12:35:00.000,694.57,694.82,694.57,694.678,462645,5621,696.3
2026-01-28T12:40:00.000,694.67,695.0,694.52,694.86,446260,6597,696.27
2026-01-28T12:45:00.000,694.84,695.095,694.705,694.95,351272,5766,696.25
2026-01-28T12:50:00.000,694.94,695.41,694.92,695.4058,337385,5566,696.24
2026-01-28T12:55:00.000,695.41,695.435,694.82,694.85,326033,5605,696.22
2026-01-28T13:00:00.000,694.84,695.07,694.56,695.04,365426,5847,696.2
2026-01-28T13:05:00.000,695.045,695.26,695.0,695.085,244706,4794,696.19
2026-01-28T13:10:00.000,695.08,695.2,694.81,695.18,362753,4917,696.18
2026-01-28T13:15:00.000,695.18,695.36,695.11,695.315,217317,4687,696.17
2026-01-28T13:20:00.000,695.315,695.43,695.18,695.2599,221952,4461,696.17
2026-01-28T13:25:00.000,695.25,695.3,695.08,695.15,252634,4183,696.16
2026-01-28T13:30:00.000,695.16,695.2706,695.01,695.05,233360,5397,696.15
2026-01-28T13:35:00.000,695.04,695.31,694.89,694.89,207138,4443,696.14
2026-01-28T13:40:00.000,694.9,695.175,694.88,695.0,224734,4109,696.13
2026-01-28T13:45:00.000,695.01,695.04,694.765,694.905,259423,4465,696.12
2026-01-28T13:50:00.000,694.905,695.17,694.86,694.97,329808,5205,696.11
2026-01-28T13:55:00.000,694.98,695.22,694.89,695.11,510310,5870,696.1
2026-01-28T14:00:00.000,695.09,695.6499,694.046,694.99,1204413,16424,696.04
2026-01-28T14:05:00.000,694.97,695.27,694.67,695.07,516481,7437,696.03
2026-01-28T14:10:00.000,695.06,695.33,694.81,694.915,471448,7766,696.01
2026-01-28T14:15:00.000,694.908,695.07,694.58,694.98,411701,6975,696.0
2026-01-28T14:20:00.000,694.97,695.31,694.55,695.22,371206,6636,695.98
2026-01-28T14:25:00.000,695.23,695.36,694.13,694.18,541017,8384,695.97
2026-01-28T14:30:00.000,694.18,696.07,693.94,695.1,2415291,32279,695.9
2026-01-28T14:35:00.000,695.09,695.52,694.67,694.69,950179,13547,695.88
2026-01-28T14:40:00.000,694.71,694.95,694.17,694.69,883329,14476,695.85
2026-01-28T14:45:00.000,694.68,695.73,694.55,695.4385,791903,12690,695.84
2026-01-28T14:50:00.000,695.43,695.84,695.18,695.67,574864,10305,695.83
2026-01-28T14:55:00.000,695.66,695.7,694.87,694.91,486147,8673,695.82
2026-01-28T15:00:00.000,694.91,695.68,694.78,695.52,470018,8241,695.82
2026-01-28T15:05:00.000,695.52,696.01,695.485,695.94,676798,8682,695.82
2026-01-28T15:10:00.000,695.95,696.19,695.745,695.79,670262,9776,695.82
2026-01-28T15:15:00.000,695.77,695.97,695.535,695.92,596207,8541,695.82
2026-01-28T15:20:00.000,695.93,696.285,695.75,696.105,679833,9291,695.82
2026-01-28T15:25:00.000,696.1,696.105,695.41,695.45,728315,9686,695.82
2026-01-28T15:30:00.000,695.44,695.59,695.12,695.12,782537,11238,695.81
2026-01-28T15:35:00.000,695.12,695.665,695.08,695.525,791746,10771,695.8
2026-01-28T15:40:00.000,695.53,695.57,695.1,695.15,797961,10471,695.79
2026-01-28T15:45:00.000,695.14,695.52,694.97,695.01,1340001,14034,695.78
2026-01-28T15:50:00.000,695.01,695.96,694.75,695.75,2501452,23005,695.77
2026-01-28T15:55:00.000,695.76,696.135,695.09,695.42,4487679,34042,695.78
2026-01-28T16:00:00.000,695.43,695.43,695.43,695.43,233,3,695.78
2026-01-29T09:30:00.000,696.39,697.06,695.66,695.915,2340245,36520,696.3
2026-01-29T09:35:00.000,695.92,695.96,694.89,695.392,1868423,30314,695.88
2026-01-29T09:40:00.000,695.4,695.57,693.17,693.205,2077878,33979,695.38
2026-01-29T09:45:00.000,693.21,694.02,692.23,693.67,2416502,37284,694.75
2026-01-29T09:50:00.000,693.68,693.68,692.15,692.98,1401237,25191,694.49
2026-01-29T09:55:00.000,692.97,693.31,691.47,691.56,1482497,24591,694.22
2026-01-29T10:00:00.000,691.57,691.64,689.63,690.39,2478997,36663,693.55
2026-01-29T10:05:00.000,690.39,690.87,689.92,690.11,1532064,26167,693.24
2026-01-29T10:10:00.000,690.1,690.88,688.96,689.17,1795941,30458,692.91
2026-01-29T10:15:00.000,689.17,690.18,689.13,689.51,1325729,24388,692.68
2026-01-29T10:20:00.000,689.5,690.78,689.26,690.14,1404665,24544,692.51
2026-01-29T10:25:00.000,690.125,690.79,688.86,688.97,1514034,24178,692.32
2026-01-29T10:30:00.000,688.97,689.31,687.89,688.0799,1656114,28789,692.05
2026-01-29T10:35:00.000,688.08,688.14,687.35,687.58,1801139,33289,691.74
2026-01-29T10:40:00.000,687.59,687.62,686.3,686.56,1869361,31345,691.41
2026-01-29T10:45:00.000,686.56,687.29,686.33,686.53,1739923,30427,691.13
2026-01-29T10:50:00.000,686.52,686.53,685.24,685.38,1703741,30596,690.83
2026-01-29T10:55:00.000,685.38,686.92,685.1935,686.05,1691936,29358,690.58
2026-01-29T11:00:00.000,686.07,686.32,685.16,685.225,1456482,24494,690.38
2026-01-29T11:05:00.000,685.23,685.83,684.83,685.73,1432341,27228,690.17
2026-01-29T11:10:00.000,685.75,687.64,685.28,687.6,1747065,29997,690.01
2026-01-29T11:15:00.000,687.6,688.1899,687.36,688.02,1574963,27347,689.91
2026-01-29T11:20:00.000,688.03,688.655,687.28,687.81,1446667,25800,689.85
2026-01-29T11:25:00.000,687.8,688.34,687.39,687.91,1199793,21402,689.79
2026-01-29T11:30:00.000,687.91,688.69,687.82,688.15,824970,16510,689.76
2026-01-29T11:35:00.000,688.13,688.68,687.88,688.395,761278,15383,689.73
2026-01-29T11:40:00.000,688.38,689.02,688.16,688.47,893114,15996,689.71
2026-01-29T11:45:00.000,688.48,689.04,688.15,688.735,1074415,17659,689.68
2026-01-29T11:50:00.000,688.73,688.99,688.21,688.47,1073961,14165,689.66
2026-01-29T11:55:00.000,688.52,688.89,688.235,688.705,526390,12000,689.65
2026-01-29T12:00:00.000,688.71,689.82,688.64,689.52,815587,13448,689.65
2026-01-29T12:05:00.000,689.5,689.89,689.37,689.62,701503,12182,689.65
2026-01-29T12:10:00.000,689.615,690.84,689.57,690.58,751223,13212,689.66
2026-01-29T12:15:00.000,690.59,690.9,690.33,690.82,804745,13810,689.67
2026-01-29T12:20:00.000,690.82,691.36,690.69,691.12,1001820,15026,689.7
2026-01-29T12:25:00.000,691.13,691.34,690.71,691.0301,625692,10870,689.71
2026-01-29T12:30:00.000,691.02,691.35,690.81,691.1,606164,11018,689.73
2026-01-29T12:35:00.000,691.1,691.675,691.031,691.18,557977,9831,689.75
2026-01-29T12:40:00.000,691.16,691.16,690.16,690.71,1196049,13838,689.77
2026-01-29T12:45:00.000,690.71,690.74,689.7,690.14,734714,12749,689.77
2026-01-29T12:50:00.000,690.14,690.21,688.7381,688.8499,828100,13400,689.77
2026-01-29T12:55:00.000,688.85,689.44,688.71,688.89,773869,12996,689.76
2026-01-29T13:00:00.000,688.89,690.015,688.71,689.76,754913,11298,689.75
2026-01-29T13:05:00.000,689.78,690.745,689.73,690.31,721972,11972,689.76
2026-01-29T13:10:00.000,690.3,691.15,690.3,690.89,958985,12633,689.78
2026-01-29T13:15:00.000,690.88,690.95,690.375,690.53,611289,10238,689.79
2026-01-29T13:20:00.000,690.53,690.8875,690.23,690.75,431147,8095,689.79
2026-01-29T13:25:00.000,690.74,691.03,690.31,690.97,464593,8056,689.8
2026-01-29T13:30:00.000,690.98,690.99,690.19,690.71,748290,11767,689.81
2026-01-29T13:35:00.000,690.71,691.35,690.59,691.31,660561,9884,689.82
2026-01-29T13:40:00.000,691.3,691.81,691.16,691.31,760390,10949,689.84
2026-01-29T13:45:00.000,691.34,691.4,690.94,691.32,410676,7237,689.85
2026-01-29T13:50:00.000,691.3142,691.55,691.03,691.14,435720,7319,689.86
2026-01-29T13:55:00.000,691.16,691.435,690.57,690.59,597766,10055,689.87
2026-01-29T14:00:00.000,690.59,691.2,690.225,691.0,1064646,15176,689.89
2026-01-29T14:05:00.000,691.02,691.8,690.97,691.525,846674,12875,689.91
2026-01-29T14:10:00.000,691.535,691.86,691.37,691.58,869443,11528,689.93
2026-01-29T14:15:00.000,691.57,692.21,691.395,691.86,849192,11453,689.95
2026-01-29T14:20:00.000,691.87,692.035,691.72,692.01,484380,7929,689.97
2026-01-29T14:25:00.000,692.02,692.14,691.855,692.07,479525,8161,689.98
2026-01-29T14:30:00.000,692.07,692.225,691.21,691.33,1170280,15606,690.01
2026-01-29T14:35:00.000,691.34,691.93,691.305,691.5201,619929,9919,690.02
2026-01-29T14:40:00.000,691.55,691.845,691.53,691.735,504492,8374,690.03
2026-01-29T14:45:00.000,691.74,691.915,691.22,691.315,498862,8904,690.04
2026-01-29T14:50:00.000,691.32,691.73,691.31,691.69,464409,8133,690.05
2026-01-29T14:55:00.000,691.7,691.865,691.08,691.13,878224,10432,690.07
2026-01-29T15:00:00.000,691.13,691.66,691.045,691.44,592201,10047,690.08
2026-01-29T15:05:00.000,691.445,691.96,691.375,691.8575,568404,9101,690.09
2026-01-29T15:10:00.000,691.8575,691.935,691.57,691.57,593831,9294,690.11
2026-01-29T15:15:00.000,691.55,691.755,691.43,691.74,572799,8835,690.12
2026-01-29T15:20:00.000,691.75,691.88,691.56,691.84,562890,9135,690.13
2026-01-29T15:25:00.000,691.84,692.05,691.51,691.57,960128,12274,690.15
2026-01-29T15:30:00.000,691.58,691.93,691.39,691.93,745102,11071,690.17
2026-01-29T15:35:00.000,691.94,692.875,691.83,692.625,1106836,14977,690.2
2026-01-29T15:40:00.000,692.63,692.83,692.38,692.63,1602019,16807,690.25
2026-01-29T15:45:00.000,692.62,692.88,692.46,692.84,1542714,17567,690.3
2026-01-29T15:50:00.000,692.86,693.74,692.86,693.71,2901242,29296,690.41
2026-01-29T15:55:00.000,693.72,694.79,693.58,693.97,5478889,47102,690.66
2026-01-29T16:00:00.000,693.97,693.97,693.97,693.97,607,4,690.66
2026-01-30T09:30:00.000,691.79,693.33,691.33,693.07,2731219,38312,692.38
2026-01-30T09:35:00.000,693.07,693.54,692.36,693.54,1115133,19056,692.57
2026-01-30T09:40:00.000,693.53,693.71,692.59,692.64,964667,17603,692.69
2026-01-30T09:45:00.000,692.64,692.95,691.83,692.59,1232848,21390,692.63
2026-01-30T09:50:00.000,692.61,693.3,691.94,692.31,1022300,19052,692.65
2026-01-30T09:55:00.000,692.315,692.93,691.222,691.69,1128277,19391,692.58
2026-01-30T10:00:00.000,691.67,692.62,691.64,691.73,1016754,19921,692.51
2026-01-30T10:05:00.000,691.735,693.49,691.695,693.325,981364,17673,692.53
2026-01-30T10:10:00.000,693.33,694.05,692.76,693.44,1001537,19150,692.62
2026-01-30T10:15:00.000,693.45,693.8,693.09,693.22,611117,14053,692.66
2026-01-30T10:20:00.000,693.22,693.59,692.56,692.71,726555,15861,692.68
2026-01-30T10:25:00.000,692.74,692.76,691.24,691.385,872014,24195,692.64
2026-01-30T10:30:00.000,691.38,691.84,690.89,691.75,954380,16904,692.56
2026-01-30T10:35:00.000,691.75,693.27,691.75,693.02,870981,14678,692.56
2026-01-30T10:40:00.000,693.03,693.78,692.94,693.5001,527726,11108,692.59
2026-01-30T10:45:00.000,693.5,694.21,693.37,693.52,1072889,14460,692.67
2026-01-30T10:50:00.000,693.525,693.65,692.28,692.69,634836,11630,692.69
2026-01-30T10:55:00.000,692.72,692.79,691.93,692.12,651485,10723,692.68
2026-01-30T11:00:00.000,692.1201,692.35,691.8,691.995,495684,9807,692.66
2026-01-30T11:05:00.000,692.0,692.69,691.69,691.885,553155,10722,692.65
2026-01-30T11:10:00.000,691.89,692.25,691.63,691.9699,558486,11082,692.63
2026-01-30T11:15:00.000,691.96,691.975,690.94,691.075,788546,12647,692.58
2026-01-30T11:20:00.000,691.075,691.17,690.32,690.5,947807,16465,692.5
2026-01-30T11:25:00.000,690.5,691.5425,690.255,691.06,864947,15478,692.43
2026-01-30T11:30:00.000,691.05,691.84,690.8576,690.94,641956,12963,692.4
2026-01-30T11:35:00.000,690.97,691.94,690.86,691.27,485645,10690,692.38
2026-01-30T11:40:00.000,691.26,692.43,691.235,691.89,825995,11529,692.37
2026-01-30T11:45:00.000,691.9,691.93,691.2,691.41,458010,9514,692.35
2026-01-30T11:50:00.000,691.43,691.53,690.71,691.35,527486,10797,692.33
2026-01-30T11:55:00.000,691.35,691.39,690.38,690.67,471900,9785,692.3
2026-01-30T12:00:00.000,690.68,690.77,689.59,689.64,775243,14723,692.24
2026-01-30T12:05:00.000,689.64,689.72,688.73,689.13,1021298,15742,692.13
2026-01-30T12:10:00.000,689.13,689.72,689.025,689.11,860605,14123,692.04
2026-01-30T12:15:00.000,689.12,689.54,688.89,689.45,740287,13400,691.97
2026-01-30T12:20:00.000,689.44,690.74,689.26,690.33,1190045,15313,691.91
2026-01-30T12:25:00.000,690.33,691.19,690.15,691.07,648875,11640,691.88
2026-01-30T12:30:00.000,691.065,691.53,690.27,690.39,772884,12278,691.86
2026-01-30T12:35:00.000,690.355,690.84,689.57,690.16,724819,14102,691.82
2026-01-30T12:40:00.000,690.14,690.55,689.745,690.51,456980,11457,691.8
2026-01-30T12:45:00.000,690.52,691.14,689.97,690.4,750547,12812,691.78
2026-01-30T12:50:00.000,690.39,690.735,689.77,689.84,460853,9690,691.76
2026-01-30T12:55:00.000,689.83,690.48,689.13,689.17,478881,8977,691.73
2026-01-30T13:00:00.000,689.15,689.8,688.88,689.64,561700,9503,691.69
2026-01-30T13:05:00.000,689.63,690.28,689.47,689.6,490317,8166,691.66
2026-01-30T13:10:00.000,689.6,689.67,689.12,689.2301,431553,8386,691.63
2026-01-30T13:15:00.000,689.23,689.38,688.08,688.12,690849,12340,691.58
2026-01-30T13:20:00.000,688.12,688.43,687.12,688.24,1474702,21053,691.42
2026-01-30T13:25:00.000,688.25,689.5395,688.25,689.47,796793,13762,691.37
2026-01-30T13:30:00.000,689.47,689.67,687.85,687.95,606140,11649,691.33
2026-01-30T13:35:00.000,687.96,688.93,687.88,688.63,671276,10540,691.29
2026-01-30T13:40:00.000,688.64,689.15,688.53,688.86,589066,9872,691.26
2026-01-30T13:45:00.000,688.85,690.03,688.78,690.0,752349,10454,691.24
2026-01-30T13:50:00.000,690.01,691.09,689.93,691.04,1176069,14257,691.22
2026-01-30T13:55:00.000,691.045,692.08,690.89,691.37,764608,13675,691.22
2026-01-30T14:00:00.000,691.38,692.18,691.35,691.89,1044534,14740,691.23
2026-01-30T14:05:00.000,691.9,692.7,691.81,692.09,1071549,16942,691.26
2026-01-30T14:10:00.000,692.1,692.34,691.48,691.965,784092,12811,691.27
2026-01-30T14:15:00.000,691.95,692.165,691.59,691.83,830024,11489,691.28
2026-01-30T14:20:00.000,691.83,692.43,691.82,692.13,610158,10505,691.29
2026-01-30T14:25:00.000,692.12,692.7,691.3,691.34,985706,13762,691.31
2026-01-30T14:30:00.000,691.33,692.05,690.56,691.78,1344568,18961,691.31
2026-01-30T14:35:00.000,691.73,692.02,691.4066,691.61,602657,10577,691.32
2026-01-30T14:40:00.000,691.63,691.92,691.24,691.29,549660,9202,691.32
2026-01-30T14:45:00.000,691.27,691.405,690.76,690.85,2175016,11469,691.32
2026-01-30T14:50:00.000,690.84,692.01,690.84,691.97,1090259,13001,691.32
2026-01-30T14:55:00.000,691.99,692.28,690.4458,690.57,675321,12475,691.32
2026-01-30T15:00:00.000,690.57,691.21,690.48,690.78,638932,10900,691.32
2026-01-30T15:05:00.000,690.8,690.86,689.96,690.49,2244044,11453,691.31
2026-01-30T15:10:00.000,690.49,690.68,689.96,690.015,692868,9315,691.3
2026-01-30T15:15:00.000,690.02,690.03,689.57,689.76,771970,11462,691.27
2026-01-30T15:20:00.000,689.74,690.01,689.3,689.99,913613,12261,691.25
2026-01-30T15:25:00.000,689.98,690.44,689.59,690.04,1272914,13988,691.23
2026-01-30T15:30:00.000,690.07,690.81,689.97,690.57,1255232,13993,691.22
2026-01-30T15:35:00.000,690.56,690.99,690.08,690.58,1063730,14173,691.21
2026-01-30T15:40:00.000,690.59,691.3,690.44,691.16,1023030,14664,691.21
2026-01-30T15:45:00.000,691.16,692.59,691.09,692.55,2551373,26798,691.23
2026-01-30T15:50:00.000,692.56,692.8262,690.96,691.31,3728295,38864,691.27
2026-01-30T15:55:00.000,691.31,692.09,690.82,691.85,11021527,61734,691.31
2026-01-30T16:00:00.000,691.85,691.87,691.85,691.87,80,2,691.31
2026-01-31T09:30:00.000,0.0,0.0,0.0,0.0,0,0,0.0
2026-01-31T09:35:00.000,0.0,0.0,0.0,0.0,0,0,0.0
2026-01-31T09:40:00.000,0.0,0.0,0.0,0.0,0,0,0.0
2026-01-31T09:45:00.000,0.0,0.0,0.0,0.0,0,0,0.0
2026-01-31T09:50:00.000,0.0,0.0,0.0,0.0,0,0,0.0
2026-01-31T09:55:00.000,0.0,0.0,0.0,0.0,0,0,0.0
2026-01-31T10:00:00.000,0.0,0.0,0.0,0.0,0,0,0.0
2026-01-31T10:05:00.000,0.0,0.0,0.0,0.0,0,0,0.0
2026-01-31T10:10:00.000,0.0,0.0,0.0,0.0,0,0,0.0
2026-01-31T10:15:00.000,0.0,0.0,0.0,0.0,0,0,0.0
2026-01-31T10:20:00.000,0.0,0.0,0.0,0.0,0,0,0.0
2026-01-31T10:25:00.000,0.0,0.0,0.0,0.0,0,0,0.0
2026-01-31T10:30:00.000,0.0,0.0,0.0,0.0,0,0,0.0
2026-01-31T10:35:00.000,0.0,0.0,0.0,0.0,0,0,0.0
2026-01-31T10:40:00.000,0.0,0.0,0.0,0.0,0,0,0.0
2026-01-31T10:45:00.000,0.0,0.0,0.0,0.0,0,0,0.0
2026-01-31T10:50:00.000,0.0,0.0,0.0,0.0,0,0,0.0
2026-01-31T10:55:00.000,0.0,0.0,0.0,0.0,0,0,0.0
2026-01-31T11:00:00.000,0.0,0.0,0.0,0.0,0,0,0.0
2026-01-31T11:05:00.000,0.0,0.0,0.0,0.0,0,0,0.0
2026-01-31T11:10:00.000,0.0,0.0,0.0,0.0,0,0,0.0
2026-01-31T11:15:00.000,0.0,0.0,0.0,0.0,0,0,0.0
2026-01-31T11:20:00.000,0.0,0.0,0.0,0.0,0,0,0.0
2026-01-31T11:25:00.000,0.0,0.0,0.0,0.0,0,0,0.0
2026-01-31T11:30:00.000,0.0,0.0,0.0,0.0,0,0,0.0
2026-01-31T11:35:00.000,0.0,0.0,0.0,0.0,0,0,0.0
2026-01-31T11:40:00.000,0.0,0.0,0.0,0.0,0,0,0.0
2026-01-31T11:45:00.000,0.0,0.0,0.0,0.0,0,0,0.0
2026-01-31T11:50:00.000,0.0,0.0,0.0,0.0,0,0,0.0
2026-01-31T11:55:00.000,0.0,0.0,0.0,0.0,0,0,0.0
2026-01-31T12:00:00.000,0.0,0.0,0.0,0.0,0,0,0.0
2026-01-31T12:05:00.000,0.0,0.0,0.0,0.0,0,0,0.0
2026-01-31T12:10:00.000,0.0,0.0,0.0,0.0,0,0,0.0
2026-01-31T12:15:00.000,0.0,0.0,0.0,0.0,0,0,0.0
2026-01-31T12:20:00.000,0.0,0.0,0.0,0.0,0,0,0.0
2026-01-31T12:25:00.000,0.0,0.0,0.0,0.0,0,0,0.0
2026-01-31T12:30:00.000,0.0,0.0,0.0,0.0,0,0,0.0
2026-01-31T12:35:00.000,0.0,0.0,0.0,0.0,0,0,0.0
2026-01-31T12:40:00.000,0.0,0.0,0.0,0.0,0,0,0.0
2026-01-31T12:45:00.000,0.0,0.0,0.0,0.0,0,0,0.0
2026-01-31T12:50:00.000,0.0,0.0,0.0,0.0,0,0,0.0
2026-01-31T12:55:00.000,0.0,0.0,0.0,0.0,0,0,0.0
2026-01-31T13:00:00.000,0.0,0.0,0.0,0.0,0,0,0.0
2026-01-31T13:05:00.000,0.0,0.0,0.0,0.0,0,0,0.0
2026-01-31T13:10:00.000,0.0,0.0,0.0,0.0,0,0,0.0
2026-01-31T13:15:00.000,0.0,0.0,0.0,0.0,0,0,0.0
2026-01-31T13:20:00.000,0.0,0.0,0.0,0.0,0,0,0.0
2026-01-31T13:25:00.000,0.0,0.0,0.0,0.0,0,0,0.0
2026-01-31T13:30:00.000,0.0,0.0,0.0,0.0,0,0,0.0
2026-01-31T13:35:00.000,0.0,0.0,0.0,0.0,0,0,0.0
2026-01-31T13:40:00.000,0.0,0.0,0.0,0.0,0,0,0.0
2026-01-31T13:45:00.000,0.0,0.0,0.0,0.0,0,0,0.0
2026-01-31T13:50:00.000,0.0,0.0,0.0,0.0,0,0,0.0
2026-01-31T13:55:00.000,0.0,0.0,0.0,0.0,0,0,0.0
2026-01-31T14:00:00.000,0.0,0.0,0.0,0.0,0,0,0.0
2026-01-31T14:05:00.000,0.0,0.0,0.0,0.0,0,0,0.0
2026-01-31T14:10:00.000,0.0,0.0,0.0,0.0,0,0,0.0
2026-01-31T14:15:00.000,0.0,0.0,0.0,0.0,0,0,0.0
2026-01-31T14:20:00.000,0.0,0.0,0.0,0.0,0,0,0.0
2026-01-31T14:25:00.000,0.0,0.0,0.0,0.0,0,0,0.0
2026-01-31T14:30:00.000,0.0,0.0,0.0,0.0,0,0,0.0
2026-01-31T14:35:00.000,0.0,0.0,0.0,0.0,0,0,0.0
2026-01-31T14:40:00.000,0.0,0.0,0.0,0.0,0,0,0.0
2026-01-31T14:45:00.000,0.0,0.0,0.0,0.0,0,0,0.0
2026-01-31T14:50:00.000,0.0,0.0,0.0,0.0,0,0,0.0
2026-01-31T14:55:00.000,0.0,0.0,0.0,0.0,0,0,0.0
2026-01-31T15:00:00.000,0.0,0.0,0.0,0.0,0,0,0.0
2026-01-31T15:05:00.000,0.0,0.0,0.0,0.0,0,0,0.0
2026-01-31T15:10:00.000,0.0,0.0,0.0,0.0,0,0,0.0
2026-01-31T15:15:00.000,0.0,0.0,0.0,0.0,0,0,0.0
2026-01-31T15:20:00.000,0.0,0.0,0.0,0.0,0,0,0.0
2026-01-31T15:25:00.000,0.0,0.0,0.0,0.0,0,0,0.0
2026-01-31T15:30:00.000,0.0,0.0,0.0,0.0,0,0,0.0
2026-01-31T15:35:00.000,0.0,0.0,0.0,0.0,0,0,0.0
2026-01-31T15:40:00.000,0.0,0.0,0.0,0.0,0,0,0.0
2026-01-31T15:45:00.000,0.0,0.0,0.0,0.0,0,0,0.0
2026-01-31T15:50:00.000,0.0,0.0,0.0,0.0,0,0,0.0
2026-01-31T15:55:00.000,0.0,0.0,0.0,0.0,0,0,0.0
2026-01-31T16:00:00.000,0.0,0.0,0.0,0.0,0,0,0.0
