timestamp,open,high,low,close,volume,count,vwap
2025-06-01T09:30:00.000,0.0,0.0,0.0,0.0,0,0,0.0
2025-06-01T09:35:00.000,0.0,0.0,0.0,0.0,0,0,0.0
2025-06-01T09:40:00.000,0.0,0.0,0.0,0.0,0,0,0.0
2025-06-01T09:45:00.000,0.0,0.0,0.0,0.0,0,0,0.0
2025-06-01T09:50:00.000,0.0,0.0,0.0,0.0,0,0,0.0
2025-06-01T09:55:00.000,0.0,0.0,0.0,0.0,0,0,0.0
2025-06-01T10:00:00.000,0.0,0.0,0.0,0.0,0,0,0.0
2025-06-01T10:05:00.000,0.0,0.0,0.0,0.0,0,0,0.0
2025-06-01T10:10:00.000,0.0,0.0,0.0,0.0,0,0,0.0
2025-06-01T10:15:00.000,0.0,0.0,0.0,0.0,0,0,0.0
2025-06-01T10:20:00.000,0.0,0.0,0.0,0.0,0,0,0.0
2025-06-01T10:25:00.000,0.0,0.0,0.0,0.0,0,0,0.0
2025-06-01T10:30:00.000,0.0,0.0,0.0,0.0,0,0,0.0
2025-06-01T10:35:00.000,0.0,0.0,0.0,0.0,0,0,0.0
2025-06-01T10:40:00.000,0.0,0.0,0.0,0.0,0,0,0.0
2025-06-01T10:45:00.000,0.0,0.0,0.0,0.0,0,0,0.0
2025-06-01T10:50:00.000,0.0,0.0,0.0,0.0,0,0,0.0
2025-06-01T10:55:00.000,0.0,0.0,0.0,0.0,0,0,0.0
2025-06-01T11:00:00.000,0.0,0.0,0.0,0.0,0,0,0.0
2025-06-01T11:05:00.000,0.0,0.0,0.0,0.0,0,0,0.0
2025-06-01T11:10:00.000,0.0,0.0,0.0,0.0,0,0,0.0
2025-06-01T11:15:00.000,0.0,0.0,0.0,0.0,0,0,0.0
2025-06-01T11:20:00.000,0.0,0.0,0.0,0.0,0,0,0.0
2025-06-01T11:25:00.000,0.0,0.0,0.0,0.0,0,0,0.0
2025-06-01T11:30:00.000,0.0,0.0,0.0,0.0,0,0,0.0
2025-06-01T11:35:00.000,0.0,0.0,0.0,0.0,0,0,0.0
2025-06-01T11:40:00.000,0.0,0.0,0.0,0.0,0,0,0.0
2025-06-01T11:45:00.000,0.0,0.0,0.0,0.0,0,0,0.0
2025-06-01T11:50:00.000,0.0,0.0,0.0,0.0,0,0,0.0
2025-06-01T11:55:00.000,0.0,0.0,0.0,0.0,0,0,0.0
2025-06-01T12:00:00.000,0.0,0.0,0.0,0.0,0,0,0.0
2025-06-01T12:05:00.000,0.0,0.0,0.0,0.0,0,0,0.0
2025-06-01T12:10:00.000,0.0,0.0,0.0,0.0,0,0,0.0
2025-06-01T12:15:00.000,0.0,0.0,0.0,0.0,0,0,0.0
2025-06-01T12:20:00.000,0.0,0.0,0.0,0.0,0,0,0.0
2025-06-01T12:25:00.000,0.0,0.0,0.0,0.0,0,0,0.0
2025-06-01T12:30:00.000,0.0,0.0,0.0,0.0,0,0,0.0
2025-06-01T12:35:00.000,0.0,0.0,0.0,0.0,0,0,0.0
2025-06-01T12:40:00.000,0.0,0.0,0.0,0.0,0,0,0.0
2025-06-01T12:45:00.000,0.0,0.0,0.0,0.0,0,0,0.0
2025-06-01T12:50:00.000,0.0,0.0,0.0,0.0,0,0,0.0
2025-06-01T12:55:00.000,0.0,0.0,0.0,0.0,0,0,0.0
2025-06-01T13:00:00.000,0.0,0.0,0.0,0.0,0,0,0.0
2025-06-01T13:05:00.000,0.0,0.0,0.0,0.0,0,0,0.0
2025-06-01T13:10:00.000,0.0,0.0,0.0,0.0,0,0,0.0
2025-06-01T13:15:00.000,0.0,0.0,0.0,0.0,0,0,0.0
2025-06-01T13:20:00.000,0.0,0.0,0.0,0.0,0,0,0.0
2025-06-01T13:25:00.000,0.0,0.0,0.0,0.0,0,0,0.0
2025-06-01T13:30:00.000,0.0,0.0,0.0,0.0,0,0,0.0
2025-06-01T13:35:00.000,0.0,0.0,0.0,0.0,0,0,0.0
2025-06-01T13:40:00.000,0.0,0.0,0.0,0.0,0,0,0.0
2025-06-01T13:45:00.000,0.0,0.0,0.0,0.0,0,0,0.0
2025-06-01T13:50:00.000,0.0,0.0,0.0,0.0,0,0,0.0
2025-06-01T13:55:00.000,0.0,0.0,0.0,0.0,0,0,0.0
2025-06-01T14:00:00.000,0.0,0.0,0.0,0.0,0,0,0.0
2025-06-01T14:05:00.000,0.0,0.0,0.0,0.0,0,0,0.0
2025-06-01T14:10:00.000,0.0,0.0,0.0,0.0,0,0,0.0
2025-06-01T14:15:00.000,0.0,0.0,0.0,0.0,0,0,0.0
2025-06-01T14:20:00.000,0.0,0.0,0.0,0.0,0,0,0.0
2025-06-01T14:25:00.000,0.0,0.0,0.0,0.0,0,0,0.0
2025-06-01T14:30:00.000,0.0,0.0,0.0,0.0,0,0,0.0
2025-06-01T14:35:00.000,0.0,0.0,0.0,0.0,0,0,0.0
2025-06-01T14:40:00.000,0.0,0.0,0.0,0.0,0,0,0.0
2025-06-01T14:45:00.000,0.0,0.0,0.0,0.0,0,0,0.0
2025-06-01T14:50:00.000,0.0,0.0,0.0,0.0,0,0,0.0
2025-06-01T14:55:00.000,0.0,0.0,0.0,0.0,0,0,0.0
2025-06-01T15:00:00.000,0.0,0.0,0.0,0.0,0,0,0.0
2025-06-01T15:05:00.000,0.0,0.0,0.0,0.0,0,0,0.0
2025-06-01T15:10:00.000,0.0,0.0,0.0,0.0,0,0,0.0
2025-06-01T15:15:00.000,0.0,0.0,0.0,0.0,0,0,0.0
2025-06-01T15:20:00.000,0.0,0.0,0.0,0.0,0,0,0.0
2025-06-01T15:25:00.000,0.0,0.0,0.0,0.0,0,0,0.0
2025-06-01T15:30:00.000,0.0,0.0,0.0,0.0,0,0,0.0
2025-06-01T15:35:00.000,0.0,0.0,0.0,0.0,0,0,0.0
2025-06-01T15:40:00.000,0.0,0.0,0.0,0.0,0,0,0.0
2025-06-01T15:45:00.000,0.0,0.0,0.0,0.0,0,0,0.0
2025-06-01T15:50:00.000,0.0,0.0,0.0,0.0,0,0,0.0
2025-06-01T15:55:00.000,0.0,0.0,0.0,0.0,0,0,0.0
2025-06-01T16:00:00.000,0.0,0.0,0.0,0.0,0,0,0.0
2025-06-02T09:30:00.000,587.76,589.55,587.72,589.37,1877942,26768,588.68
2025-06-02T09:35:00.000,589.38,589.74,588.97,589.72,973594,14590,588.9
2025-06-02T09:40:00.000,589.69,589.69,588.82,589.26,815307,10589,588.95
2025-06-02T09:45:00.000,589.29,589.47,588.29,588.44,1291319,14255,588.9
2025-06-02T09:50:00.000,588.41,588.45,586.7,587.22,1430968,17889,588.57
2025-06-02T09:55:00.000,587.22,587.61,586.64,586.8499,1266433,14435,588.32
2025-06-02T10:00:00.000,586.63,586.74,585.06,585.93,1857575,23182,587.84
2025-06-02T10:05:00.000,585.88,587.21,585.7025,586.9,1585640,19451,587.65
2025-06-02T10:10:00.000,586.91,587.21,586.27,586.91,1032511,13334,587.58
2025-06-02T10:15:00.000,586.91,587.62,586.73,587.03,1022822,12238,587.55
2025-06-02T10:20:00.000,587.03,588.34,586.82,587.899,864076,12524,587.56
2025-06-02T10:25:00.000,587.89,588.61,587.86,588.59,879243,11489,587.61
2025-06-02T10:30:00.000,588.58,589.94,588.33,589.26,1079043,24008,587.68
2025-06-02T10:35:00.000,589.27,589.56,588.12,588.35,1445558,17514,587.79
2025-06-02T10:40:00.000,588.37,588.8,588.2,588.5693,571224,8278,587.81
2025-06-02T10:45:00.000,588.57,589.07,588.48,588.86,455589,6961,587.83
2025-06-02T10:50:00.000,588.87,589.2,588.63,588.76,469517,7782,587.86
2025-06-02T10:55:00.000,588.75,589.48,588.62,589.33,475146,7407,587.89
2025-06-02T11:00:00.000,589.34,589.63,588.47,588.99,968247,11785,587.94
2025-06-02T11:05:00.000,588.98,589.68,588.63,588.75,756750,9549,587.98
2025-06-02T11:10:00.000,588.758,589.53,588.4893,589.27,721010,9030,588.02
2025-06-02T11:15:00.000,589.27,589.35,588.89,589.075,369897,5910,588.03
2025-06-02T11:20:00.000,589.07,589.2998,588.88,589.04,345913,5534,588.05
2025-06-02T11:25:00.000,589.06,589.2,588.325,588.54,421795,6149,588.06
2025-06-02T11:30:00.000,588.57,588.7,588.19,588.2,400720,6042,588.06
2025-06-02T11:35:00.000,588.19,588.66,588.13,588.4,355810,5884,588.07
2025-06-02T11:40:00.000,588.39,589.1,588.29,589.02,348558,5663,588.08
2025-06-02T11:45:00.000,589.03,589.43,588.89,589.33,463457,6505,588.1
2025-06-02T11:50:00.000,589.32,590.04,589.21,589.93,738225,9120,588.15
2025-06-02T11:55:00.000,589.92,590.06,589.55,589.81,417015,6258,588.17
2025-06-02T12:00:00.000,589.8,589.97,589.18,589.495,406906,6483,588.19
2025-06-02T12:05:00.000,589.51,589.67,589.28,589.64,347877,5361,588.21
2025-06-02T12:10:00.000,589.63,589.8185,589.51,589.66,243945,4759,588.22
2025-06-02T12:15:00.000,589.65,589.74,589.2801,589.67,300621,5082,588.24
2025-06-02T12:20:00.000,589.65,589.74,589.5,589.59,197067,3875,588.24
2025-06-02T12:25:00.000,589.6,589.615,588.98,589.41,327880,5679,588.25
2025-06-02T12:30:00.000,589.37,589.65,589.255,589.61,312505,5014,588.27
2025-06-02T12:35:00.000,589.62,589.75,589.21,589.53,299708,4766,588.28
2025-06-02T12:40:00.000,589.54,589.62,589.04,589.15,272502,4675,588.29
2025-06-02T12:45:00.000,589.14,589.61,589.12,589.26,269729,4292,588.3
2025-06-02T12:50:00.000,589.25,590.19,589.18,590.16,372667,5553,588.32
2025-06-02T12:55:00.000,590.16,590.17,589.91,590.0,308967,4731,588.33
2025-06-02T13:00:00.000,589.9817,590.52,589.95,590.1792,541711,5421,588.36
2025-06-02T13:05:00.000,590.18,590.57,590.1201,590.57,289051,4534,588.38
2025-06-02T13:10:00.000,590.5701,590.61,590.07,590.08,332257,5275,588.4
2025-06-02T13:15:00.000,590.08,590.399,590.06,590.2294,287323,4932,588.41
2025-06-02T13:20:00.000,590.21,590.23,589.8,590.12,343350,4964,588.43
2025-06-02T13:25:00.000,590.12,590.25,589.72,589.86,217748,4164,588.44
2025-06-02T13:30:00.000,589.85,590.22,589.8001,589.9599,270319,5730,588.45
2025-06-02T13:35:00.000,589.945,590.13,589.72,590.0598,236220,4605,588.46
2025-06-02T13:40:00.000,590.03,590.09,589.74,589.82,254813,4589,588.47
2025-06-02T13:45:00.000,589.83,589.9,589.64,589.71,353175,3988,588.48
2025-06-02T13:50:00.000,589.69,589.77,589.5,589.71,226577,4175,588.49
2025-06-02T13:55:00.000,589.7,590.145,589.59,589.98,329023,5151,588.5
2025-06-02T14:00:00.000,589.98,590.34,589.84,590.0,662982,7134,588.53
2025-06-02T14:05:00.000,589.99,590.225,589.54,589.83,562442,7676,588.55
2025-06-02T14:10:00.000,589.86,590.4451,589.77,590.29,373743,5689,588.57
2025-06-02T14:15:00.000,590.31,591.24,590.29,590.87,888926,10670,588.63
2025-06-02T14:20:00.000,590.88,591.7,590.75,591.262,928809,10729,588.7
2025-06-02T14:25:00.000,591.26,591.59,591.24,591.505,412549,5216,588.73
2025-06-02T14:30:00.000,591.5,591.79,591.32,591.37,646811,6166,588.77
2025-06-02T14:35:00.000,591.37,591.56,591.175,591.46,440710,5445,588.8
2025-06-02T14:40:00.000,591.46,591.6801,591.2,591.58,857392,6315,588.83
2025-06-02T14:45:00.000,591.58,591.63,591.45,591.45,423311,4464,588.85
2025-06-02T14:50:00.000,591.45,591.72,591.31,591.61,669963,5855,588.88
2025-06-02T14:55:00.000,591.6,591.96,591.54,591.86,525189,6458,588.92
2025-06-02T15:00:00.000,591.86,592.16,591.835,592.0499,568224,7493,588.97
2025-06-02T15:05:00.000,592.05,592.2,591.7446,591.93,595464,7163,589.02
2025-06-02T15:10:00.000,591.95,592.1001,591.78,591.8503,690273,7043,589.07
2025-06-02T15:15:00.000,591.84,591.98,591.77,591.89,458553,6017,589.1
2025-06-02T15:20:00.000,591.89,592.72,591.78,592.5499,1167914,10736,589.19
2025-06-02T15:25:00.000,592.54,592.57,592.3,592.4,747290,8738,589.25
2025-06-02T15:30:00.000,592.39,592.42,591.92,591.97,935203,10253,589.32
2025-06-02T15:35:00.000,591.98,592.2,591.84,591.93,884021,9846,589.37
2025-06-02T15:40:00.000,591.94,592.175,591.775,591.96,733705,9209,589.42
2025-06-02T15:45:00.000,591.95,592.13,591.82,591.93,927126,11512,589.47
2025-06-02T15:50:00.000,591.94,592.45,591.65,591.8802,1994008,22439,589.57
2025-06-02T15:55:00.000,591.9,592.79,591.78,592.65,4131581,31541,589.81
2025-06-02T16:00:00.000,592.63,592.64,592.62,592.62,4737,5,589.81
2025-06-03T09:30:00.000,592.34,593.25,592.0999,592.4999,1396777,16961,592.67
2025-06-03T09:35:00.000,592.5,592.73,592.05,592.29,936863,13296,592.57
2025-06-03T09:40:00.000,592.31,593.27,592.22,593.05,1054667,14227,592.65
2025-06-03T09:45:00.000,593.04,593.24,592.77,592.99,753873,10432,592.72
2025-06-03T09:50:00.000,593.0,593.08,592.56,592.79,668896,9508,592.73
2025-06-03T09:55:00.000,592.78,592.955,592.37,592.395,720248,9138,592.72
2025-06-03T10:00:00.000,592.47,593.31,592.3801,592.915,912386,11647,592.75
2025-06-03T10:05:00.000,592.89,593.22,591.85,592.67,1043851,13018,592.72
2025-06-03T10:10:00.000,592.68,593.06,592.42,592.96,669233,9208,592.72
2025-06-03T10:15:00.000,592.96,593.54,592.88,593.39,698271,9366,592.76
2025-06-03T10:20:00.000,593.4151,593.56,593.1802,593.33,525382,7170,592.8
2025-06-03T10:25:00.000,593.33,593.9,593.11,593.895,667713,8888,592.85
2025-06-03T10:30:00.000,593.89,593.89,593.28,593.36,635911,12770,592.89
2025-06-03T10:35:00.000,593.36,593.7098,593.17,593.5963,617389,8334,592.92
2025-06-03T10:40:00.000,593.6,593.73,593.43,593.6868,458892,6480,592.95
2025-06-03T10:45:00.000,593.69,594.03,593.66,593.925,575657,7718,592.99
2025-06-03T10:50:00.000,593.93,594.255,593.77,594.15,718925,8597,593.05
2025-06-03T10:55:00.000,594.16,594.41,593.99,594.37,563422,7228,593.1
2025-06-03T11:00:00.000,594.37,594.81,594.37,594.56,871609,10211,593.19
2025-06-03T11:05:00.000,594.56,594.845,594.36,594.57,606903,7372,593.25
2025-06-03T11:10:00.000,594.57,594.715,594.47,594.655,451108,6105,593.29
2025-06-03T11:15:00.000,594.65,594.75,594.48,594.715,473760,6203,593.33
2025-06-03T11:20:00.000,594.71,595.16,594.69,595.0202,773804,8672,593.41
2025-06-03T11:25:00.000,595.025,595.125,594.84,594.97,509772,6459,593.45
2025-06-03T11:30:00.000,594.96,595.14,594.83,595.02,512647,6481,593.5
2025-06-03T11:35:00.000,595.02,595.33,594.98,595.295,653553,7098,593.55
2025-06-03T11:40:00.000,595.285,595.45,595.14,595.31,411824,6225,593.58
2025-06-03T11:45:00.000,595.3,595.61,595.19,595.25,879924,9477,593.65
2025-06-03T11:50:00.000,595.25,595.36,595.04,595.3,754939,8208,593.7
2025-06-03T11:55:00.000,595.29,595.7,595.17,595.64,655248,7140,593.75
2025-06-03T12:00:00.000,595.64,595.69,595.42,595.52,639355,6411,593.79
2025-06-03T12:05:00.000,595.52,595.67,595.24,595.31,420219,5683,593.82
2025-06-03T12:10:00.000,595.32,595.71,595.32,595.7,440430,5172,593.85
2025-06-03T12:15:00.000,595.69,596.2501,595.6801,596.17,922636,9527,593.92
2025-06-03T12:20:00.000,596.17,596.17,595.7591,596.03,658189,7768,593.98
2025-06-03T12:25:00.000,596.03,596.08,595.9107,596.075,356903,4699,594.01
2025-06-03T12:30:00.000,596.08,596.47,596.02,596.34,697868,7914,594.08
2025-06-03T12:35:00.000,596.33,596.67,596.33,596.405,748327,7079,594.14
2025-06-03T12:40:00.000,596.41,596.4799,596.26,596.43,453453,6000,594.18
2025-06-03T12:45:00.000,596.44,596.468,596.28,596.37,319622,4839,594.21
2025-06-03T12:50:00.000,596.38,596.61,596.38,596.475,316141,4593,594.23
2025-06-03T12:55:00.000,596.47,596.62,596.435,596.5,319394,4162,594.26
2025-06-03T13:00:00.000,596.5,596.54,596.255,596.45,595917,6442,594.3
2025-06-03T13:05:00.000,596.46,596.73,596.46,596.59,483995,7300,594.33
2025-06-03T13:10:00.000,596.59,596.825,596.585,596.79,702155,5583,594.37
2025-06-03T13:15:00.000,596.795,597.01,596.73,596.865,660224,7006,594.42
2025-06-03T13:20:00.000,596.86,597.08,596.79,596.921,351475,5214,594.45
2025-06-03T13:25:00.000,596.91,597.0,596.705,596.75,559396,5596,594.49
2025-06-03T13:30:00.000,596.77,596.8882,596.54,596.735,590315,7809,594.54
2025-06-03T13:35:00.000,596.74,596.96,596.65,596.89,361749,5161,594.56
2025-06-03T13:40:00.000,596.88,596.97,596.51,596.68,626129,7358,594.61
2025-06-03T13:45:00.000,596.69,596.77,596.4,596.43,366171,4974,594.63
2025-06-03T13:50:00.000,596.43,596.5889,596.175,596.48,637586,7474,594.67
2025-06-03T13:55:00.000,596.48,596.55,596.06,596.11,470073,5803,594.69
2025-06-03T14:00:00.000,596.12,596.1899,594.99,595.832,1644365,16781,594.74
2025-06-03T14:05:00.000,595.84,595.91,595.3499,595.55,671567,8173,594.75
2025-06-03T14:10:00.000,595.54,595.585,594.8001,595.19,1124334,13031,594.77
2025-06-03T14:15:00.000,595.18,595.61,594.94,595.54,832124,10323,594.78
2025-06-03T14:20:00.000,595.55,595.8,595.4903,595.66,739581,8653,594.8
2025-06-03T14:25:00.000,595.67,596.195,595.53,596.15,556260,6722,594.81
2025-06-03T14:30:00.000,596.17,596.38,596.15,596.25,567393,6501,594.83
2025-06-03T14:35:00.000,596.25,596.265,595.905,596.16,543078,6075,594.85
2025-06-03T14:40:00.000,596.145,596.38,596.05,596.355,419035,5684,594.87
2025-06-03T14:45:00.000,596.36,596.47,596.28,596.35,479422,5725,594.88
2025-06-03T14:50:00.000,596.35,596.42,595.99,596.175,500379,6054,594.9
2025-06-03T14:55:00.000,596.175,596.36,596.07,596.33,411275,5792,594.91
2025-06-03T15:00:00.000,596.34,596.51,596.145,596.2,572921,7058,594.93
2025-06-03T15:05:00.000,596.2099,596.3099,596.07,596.26,651089,6367,594.95
2025-06-03T15:10:00.000,596.26,596.285,595.78,596.035,1186646,10693,594.98
2025-06-03T15:15:00.000,596.0301,596.26,595.97,596.19,604066,6584,595.0
2025-06-03T15:20:00.000,596.19,596.235,595.94,596.07,622149,6979,595.01
2025-06-03T15:25:00.000,596.06,596.275,595.8,596.26,908204,9452,595.03
2025-06-03T15:30:00.000,596.255,596.41,596.06,596.22,774168,8095,595.05
2025-06-03T15:35:00.000,596.21,596.45,596.19,596.3,917868,9673,595.08
2025-06-03T15:40:00.000,596.29,596.37,595.8,595.94,1163767,11457,595.1
2025-06-03T15:45:00.000,595.92,596.04,595.36,595.52,1513496,15815,595.13
2025-06-03T15:50:00.000,595.52,596.22,595.23,595.97,2069792,19711,595.15
2025-06-03T15:55:00.000,595.98,596.5,595.78,596.11,3612871,28471,595.22
2025-06-03T16:00:00.000,0.0,0.0,0.0,0.0,0,0,595.22
2025-06-04T09:30:00.000,596.96,597.605,596.79,597.555,1681834,19453,597.27
2025-06-04T09:35:00.000,597.58,597.915,597.37,597.77,1302144,14718,597.43
2025-06-04T09:40:00.000,597.77,597.95,597.32,597.44,887099,10611,597.48
2025-06-04T09:45:00.000,597.38,597.845,597.32,597.8,1255248,8751,597.51
2025-06-04T09:50:00.000,597.81,597.83,597.185,597.36,833059,11513,597.51
2025-06-04T09:55:00.000,597.34,597.64,597.18,597.565,502990,7466,597.5
2025-06-04T10:00:00.000,597.5,597.58,596.27,596.66,1521514,17649,597.36
2025-06-04T10:05:00.000,596.66,596.845,595.49,596.34,1875398,21142,597.1
2025-06-04T10:10:00.000,596.35,596.9201,596.33,596.81,950225,12173,597.05
2025-06-04T10:15:00.000,596.8,597.31,596.65,597.0701,756574,10438,597.05
2025-06-04T10:20:00.000,597.085,597.24,596.78,597.09,640010,9133,597.05
2025-06-04T10:25:00.000,597.08,597.7,597.07,597.585,785616,10795,597.08
2025-06-04T10:30:00.000,597.58,597.77,597.415,597.51,745321,8833,597.1
2025-06-04T10:35:00.000,597.52,597.74,597.07,597.3,968516,8030,597.11
2025-06-04T10:40:00.000,597.28,597.42,596.8,596.99,724280,10322,597.11
2025-06-04T10:45:00.000,597.0,597.41,596.71,597.2007,470631,9308,597.11
2025-06-04T10:50:00.000,597.2,597.2,596.695,597.135,550393,7122,597.11
2025-06-04T10:55:00.000,597.13,597.54,596.97,597.525,398416,5887,597.11
2025-06-04T11:00:00.000,597.54,597.68,597.34,597.53,505072,6478,597.12
2025-06-04T11:05:00.000,597.53,597.875,597.45,597.73,396998,5678,597.14
2025-06-04T11:10:00.000,597.72,597.865,597.505,597.53,453192,5351,597.15
2025-06-04T11:15:00.000,597.54,597.7,597.23,597.42,633500,6305,597.16
2025-06-04T11:20:00.000,597.43,597.53,597.13,597.335,423655,6138,597.16
2025-06-04T11:25:00.000,597.34,597.38,596.97,596.99,422869,5922,597.16
2025-06-04T11:30:00.000,596.99,597.209,596.755,597.025,549190,7783,597.15
2025-06-04T11:35:00.000,597.01,597.24,596.8,597.12,355398,5526,597.15
2025-06-04T11:40:00.000,597.12,597.41,596.41,596.5901,746923,9841,597.14
2025-06-04T11:45:00.000,596.57,597.2,596.5299,596.9,848224,9182,597.13
2025-06-04T11:50:00.000,596.89,597.31,596.885,597.06,414900,6118,597.13
2025-06-04T11:55:00.000,597.06,597.14,596.67,596.88,301686,4882,597.13
2025-06-04T12:00:00.000,596.87,596.94,596.5,596.6,479858,6317,597.12
2025-06-04T12:05:00.000,596.61,596.71,596.38,596.48,440380,5903,597.11
2025-06-04T12:10:00.000,596.475,596.54,595.7909,595.87,616460,7625,597.08
2025-06-04T12:15:00.000,595.86,596.45,595.83,596.42,839646,8265,597.05
2025-06-04T12:20:00.000,596.41,596.4351,595.9913,596.17,337171,4693,597.04
2025-06-04T12:25:00.000,596.18,596.36,595.8806,595.925,378710,5319,597.03
2025-06-04T12:30:00.000,595.91,596.38,595.87,596.11,431504,5740,597.01
2025-06-04T12:35:00.000,596.1085,596.28,595.98,596.17,335918,5028,597.0
2025-06-04T12:40:00.000,596.16,596.49,596.13,596.4776,346675,5394,596.99
2025-06-04T12:45:00.000,596.47,596.83,596.44,596.795,386354,5201,596.99
2025-06-04T12:50:00.000,596.785,596.84,596.57,596.6744,391013,5220,596.98
2025-06-04T12:55:00.000,596.66,596.82,596.62,596.77,239390,3837,596.98
2025-06-04T13:00:00.000,596.77,597.185,596.75,597.125,512775,6196,596.98
2025-06-04T13:05:00.000,597.12,597.21,597.085,597.18,296474,4260,596.98
2025-06-04T13:10:00.000,597.17,597.385,597.15,597.25,612238,5051,596.99
2025-06-04T13:15:00.000,597.26,597.3599,597.09,597.2012,354928,4181,596.99
2025-06-04T13:20:00.000,597.2084,597.36,597.18,597.22,751130,4591,596.99
2025-06-04T13:25:00.000,597.2301,597.43,597.22,597.315,273331,3958,597.0
2025-06-04T13:30:00.000,597.31,597.38,597.12,597.33,352713,5658,597.0
2025-06-04T13:35:00.000,597.33,597.565,597.2707,597.29,294589,4346,597.0
2025-06-04T13:40:00.000,597.29,597.42,597.05,597.36,396388,5723,597.01
2025-06-04T13:45:00.000,597.36,597.57,597.31,597.54,361178,4677,597.01
2025-06-04T13:50:00.000,597.53,597.575,597.38,597.475,301301,4263,597.02
2025-06-04T13:55:00.000,597.465,597.67,597.45,597.57,361181,4859,597.02
2025-06-04T14:00:00.000,597.58,597.835,597.57,597.73,469204,5560,597.03
2025-06-04T14:05:00.000,597.72,597.93,597.46,597.55,697205,5673,597.05
2025-06-04T14:10:00.000,597.56,597.66,597.37,597.51,532627,5346,597.05
2025-06-04T14:15:00.000,597.52,597.62,597.425,597.52,312184,4262,597.06
2025-06-04T14:20:00.000,597.53,597.7687,597.5299,597.565,361711,4543,597.06
2025-06-04T14:25:00.000,597.56,597.6101,597.29,597.59,527748,6775,597.07
2025-06-04T14:30:00.000,597.59,597.68,597.25,597.35,445155,5642,597.08
2025-06-04T14:35:00.000,597.34,597.48,597.205,597.37,362041,5190,597.08
2025-06-04T14:40:00.000,597.38,597.55,597.29,597.46,331457,5003,597.08
2025-06-04T14:45:00.000,597.47,597.49,597.08,597.22,667379,5163,597.08
2025-06-04T14:50:00.000,597.22,597.22,596.84,597.15,771625,8423,597.08
2025-06-04T14:55:00.000,597.1551,597.1601,596.92,597.0212,285835,4019,597.08
2025-06-04T15:00:00.000,597.03,597.23,596.9207,597.169,498995,6941,597.08
2025-06-04T15:05:00.000,597.16,597.18,596.77,596.8201,525548,6372,597.08
2025-06-04T15:10:00.000,596.82,597.1585,596.79,597.08,444875,5871,597.08
2025-06-04T15:15:00.000,597.07,597.095,596.71,596.92,496060,6345,597.08
2025-06-04T15:20:00.000,596.93,597.6,596.82,596.98,639162,6978,597.07
2025-06-04T15:25:00.000,596.98,597.04,596.89,597.03,558361,5135,597.07
2025-06-04T15:30:00.000,597.03,597.245,596.8913,596.8916,1458406,10798,597.07
2025-06-04T15:35:00.000,596.9,597.015,596.785,596.79,969207,6892,597.07
2025-06-04T15:40:00.000,596.8,596.86,596.43,596.74,1368701,12348,597.06
2025-06-04T15:45:00.000,596.75,596.94,596.46,596.53,1182623,9567,597.05
2025-06-04T15:50:00.000,596.53,596.54,596.06,596.27,1883772,18686,597.02
2025-06-04T15:55:00.000,596.28,596.5,595.89,595.9,3422965,26521,596.96
2025-06-04T16:00:00.000,595.9,595.9,595.89,595.89,949,6,596.96
2025-06-05T09:30:00.000,597.63,597.905,596.05,596.57,1838091,21291,596.99
2025-06-05T09:35:00.000,596.57,596.64,595.25,595.56,1039845,13689,596.69
2025-06-05T09:40:00.000,595.56,596.26,595.28,595.87,1230175,15153,596.43
2025-06-05T09:45:00.000,595.85,595.9,594.39,595.21,1390687,17481,596.04
2025-06-05T09:50:00.000,595.22,595.56,594.52,594.97,949752,11954,595.89
2025-06-05T09:55:00.000,594.95,595.11,593.91,594.2897,1236021,15583,595.65
2025-06-05T10:00:00.000,594.29,594.89,594.23,594.63,970152,16066,595.53
2025-06-05T10:05:00.000,594.63,595.285,594.17,594.21,934724,12038,595.47
2025-06-05T10:10:00.000,594.2,594.95,594.19,594.6888,615294,8644,595.43
2025-06-05T10:15:00.000,594.69,594.98,594.39,594.6,607290,7618,595.39
2025-06-05T10:20:00.000,594.61,595.77,594.595,595.68,739926,9660,595.39
2025-06-05T10:25:00.000,595.67,596.21,595.66,596.165,736843,10405,595.42
2025-06-05T10:30:00.000,596.16,596.3,594.95,595.03,1138599,10448,595.43
2025-06-05T10:35:00.000,595.02,596.33,594.0,595.95,1965148,21958,595.41
2025-06-05T10:40:00.000,595.95,597.52,595.02,596.57,2551929,25358,595.59
2025-06-05T10:45:00.000,596.56,597.58,596.05,596.24,2443500,19108,595.71
2025-06-05T10:50:00.000,596.23,596.75,595.94,596.7173,797911,9621,595.73
2025-06-05T10:55:00.000,596.72,597.45,596.58,597.295,894067,8512,595.78
2025-06-05T11:00:00.000,597.29,597.625,597.29,597.6,1086420,9834,595.86
2025-06-05T11:05:00.000,597.61,597.61,597.06,597.44,844594,10175,595.91
2025-06-05T11:10:00.000,597.45,597.66,597.35,597.545,420367,5926,595.94
2025-06-05T11:15:00.000,597.55,598.58,597.49,598.3711,1289736,13698,596.04
2025-06-05T11:20:00.000,598.38,598.59,598.31,598.5,594424,7938,596.1
2025-06-05T11:25:00.000,598.51,598.735,598.23,598.6601,648469,8476,596.16
2025-06-05T11:30:00.000,598.65,598.781,598.5401,598.59,681944,8041,596.23
2025-06-05T11:35:00.000,598.58,598.69,598.31,598.5131,540036,7833,596.27
2025-06-05T11:40:00.000,598.56,598.76,598.34,598.61,489490,6898,596.31
2025-06-05T11:45:00.000,598.61,598.64,598.17,598.33,403872,5991,596.34
2025-06-05T11:50:00.000,598.34,598.66,598.23,598.46,387171,6085,596.37
2025-06-05T11:55:00.000,598.46,599.0,598.34,598.7799,717515,9519,596.42
2025-06-05T12:00:00.000,598.76,598.95,598.625,598.89,403828,5877,596.45
2025-06-05T12:05:00.000,598.9,598.95,598.3,598.45,523868,7039,596.49
2025-06-05T12:10:00.000,598.45,598.56,597.98,598.03,562667,7263,596.53
2025-06-05T12:15:00.000,598.02,598.14,597.03,597.69,1040148,11968,596.56
2025-06-05T12:20:00.000,597.69,598.03,597.45,597.65,609754,6859,596.59
2025-06-05T12:25:00.000,597.66,597.99,597.45,597.89,438116,5878,596.6
2025-06-05T12:30:00.000,597.9,598.02,597.56,597.68,348462,5090,596.62
2025-06-05T12:35:00.000,597.67,597.76,597.03,597.215,504883,6819,596.63
2025-06-05T12:40:00.000,597.21,597.385,596.895,596.9,499616,6853,596.63
2025-06-05T12:45:00.000,596.9048,596.9048,594.89,595.25,2343983,22340,596.57
2025-06-05T12:50:00.000,595.25,595.68,594.26,595.26,1473871,17241,596.52
2025-06-05T12:55:00.000,595.27,595.48,594.71,594.76,910564,10122,596.48
2025-06-05T13:00:00.000,594.75,595.26,594.305,594.95,1197224,11555,596.43
2025-06-05T13:05:00.000,594.98,595.775,594.79,595.65,715197,8302,596.41
2025-06-05T13:10:00.000,595.64,596.12,595.56,596.12,572811,7064,596.4
2025-06-05T13:15:00.000,596.11,596.43,596.11,596.1101,599100,7447,596.4
2025-06-05T13:20:00.000,596.11,596.62,596.1,596.46,445842,5859,596.4
2025-06-05T13:25:00.000,596.46,596.68,596.29,596.47,364110,5201,596.4
2025-06-05T13:30:00.000,596.45,596.89,596.44,596.7284,430165,6418,596.4
2025-06-05T13:35:00.000,596.73,596.93,596.66,596.82,386457,5156,596.41
2025-06-05T13:40:00.000,596.82,596.9797,596.69,596.87,427642,6058,596.41
2025-06-05T13:45:00.000,596.88,596.95,596.46,596.6499,580749,6254,596.41
2025-06-05T13:50:00.000,596.63,596.78,596.33,596.51,605086,5423,596.41
2025-06-05T13:55:00.000,596.52,596.53,595.68,595.82,584015,7429,596.41
2025-06-05T14:00:00.000,595.84,596.02,595.06,595.18,1073768,10210,596.39
2025-06-05T14:05:00.000,595.18,595.23,594.58,594.945,955525,10398,596.36
2025-06-05T14:10:00.000,594.95,595.09,594.52,594.8,753685,9009,596.34
2025-06-05T14:15:00.000,594.8,594.8,593.06,594.51,1780920,18491,596.25
2025-06-05T14:20:00.000,594.53,595.37,594.4,595.315,763716,8737,596.23
2025-06-05T14:25:00.000,595.36,595.47,595.09,595.3388,690853,6427,596.22
2025-06-05T14:30:00.000,595.34,595.69,595.23,595.67,603295,7340,596.21
2025-06-05T14:35:00.000,595.68,596.12,595.09,595.85,1222471,12203,596.2
2025-06-05T14:40:00.000,595.86,595.88,595.18,595.63,557240,7366,596.19
2025-06-05T14:45:00.000,595.62,595.98,595.48,595.55,373232,4954,596.19
2025-06-05T14:50:00.000,595.56,595.83,595.38,595.5498,395862,5857,596.19
2025-06-05T14:55:00.000,595.53,595.92,595.14,595.24,470001,6527,596.18
2025-06-05T15:00:00.000,595.24,595.51,594.75,594.945,685721,7268,596.17
2025-06-05T15:05:00.000,594.9309,595.2595,594.811,595.0,817633,7313,596.16
2025-06-05T15:10:00.000,595.02,595.28,593.64,593.8,1979343,16450,596.11
2025-06-05T15:15:00.000,593.82,594.2,591.05,591.87,3276287,30956,595.91
2025-06-05T15:20:00.000,591.821,592.18,591.17,591.39,2488397,25926,595.73
2025-06-05T15:25:00.000,591.39,592.87,591.2,592.46,1704201,18142,595.64
2025-06-05T15:30:00.000,592.47,593.31,592.4,593.15,1851630,17204,595.57
2025-06-05T15:35:00.000,593.17,594.73,593.09,594.44,2067172,20974,595.53
2025-06-05T15:40:00.000,594.44,594.65,593.44,593.7901,1396247,14386,595.5
2025-06-05T15:45:00.000,593.79,594.48,593.7,594.29,1778987,18910,595.47
2025-06-05T15:50:00.000,594.32,594.77,592.57,592.65,2860183,28431,595.38
2025-06-05T15:55:00.000,592.65,593.17,592.2,593.01,4823012,36394,595.2
2025-06-05T16:00:00.000,592.99,592.99,592.99,592.99,4400,4,595.2
2025-06-06T09:30:00.000,598.66,599.1773,598.06,599.06,2481578,30361,598.75
2025-06-06T09:35:00.000,599.06,599.78,598.87,599.7,1651899,20860,598.97
2025-06-06T09:40:00.000,599.69,600.54,599.65,600.41,1684552,22888,599.29
2025-06-06T09:45:00.000,600.415,600.83,600.29,600.51,1517389,18839,599.56
2025-06-06T09:50:00.000,600.51,600.56,599.9875,600.18,1137708,15296,599.65
2025-06-06T09:55:00.000,600.19,600.31,599.62,600.3,1454718,17900,599.68
2025-06-06T10:00:00.000,600.31,600.48,599.61,599.72,968102,12802,599.71
2025-06-06T10:05:00.000,599.73,600.19,599.72,600.09,722184,10423,599.73
2025-06-06T10:10:00.000,600.08,600.24,599.38,599.945,759539,11186,599.73
2025-06-06T10:15:00.000,599.95,600.07,599.53,599.61,714149,8340,599.73
2025-06-06T10:20:00.000,599.6,600.09,599.51,599.95,637052,14809,599.73
2025-06-06T10:25:00.000,599.95,600.02,598.85,599.18,901786,12030,599.71
2025-06-06T10:30:00.000,599.16,599.27,598.65,599.11,687215,9487,599.68
2025-06-06T10:35:00.000,599.09,599.59,599.02,599.57,590939,8217,599.67
2025-06-06T10:40:00.000,599.55,599.94,599.49,599.65,479630,7283,599.67
2025-06-06T10:45:00.000,599.66,599.765,599.33,599.73,524144,6606,599.67
2025-06-06T10:50:00.000,599.72,599.85,599.56,599.64,406316,5668,599.67
2025-06-06T10:55:00.000,599.65,599.73,599.15,599.3,431312,6339,599.67
2025-06-06T11:00:00.000,599.29,599.65,599.21,599.61,508480,6333,599.66
2025-06-06T11:05:00.000,599.59,600.37,598.86,600.02,1069818,12994,599.68
2025-06-06T11:10:00.000,600.0193,600.05,599.53,599.76,581713,6341,599.68
2025-06-06T11:15:00.000,599.77,599.79,597.65,598.0,1445828,16780,599.6
2025-06-06T11:20:00.000,597.99,598.43,597.25,598.33,1806441,18637,599.46
2025-06-06T11:25:00.000,598.33,598.66,598.15,598.51,637483,7069,599.44
2025-06-06T11:30:00.000,598.48,598.7371,598.0801,598.39,670357,8416,599.41
2025-06-06T11:35:00.000,598.42,598.45,597.9699,598.21,580647,7976,599.38
2025-06-06T11:40:00.000,598.24,598.6301,598.11,598.51,458367,6425,599.36
2025-06-06T11:45:00.000,598.52,598.95,598.37,598.9416,488773,6320,599.35
2025-06-06T11:50:00.000,598.95,599.23,598.93,599.0,387285,5707,599.35
2025-06-06T11:55:00.000,598.98,599.12,598.335,598.6901,466902,6967,599.34
2025-06-06T12:00:00.000,598.7,598.94,598.65,598.84,357282,5572,599.33
2025-06-06T12:05:00.000,598.83,599.02,598.77,598.97,284580,4505,599.32
2025-06-06T12:10:00.000,598.97,599.39,598.885,599.15,373699,5897,599.32
2025-06-06T12:15:00.000,599.14,599.17,598.735,598.84,485180,5883,599.32
2025-06-06T12:20:00.000,598.84,598.985,598.45,598.6335,432981,6471,599.31
2025-06-06T12:25:00.000,598.64,598.75,598.38,598.59,257339,4753,599.3
2025-06-06T12:30:00.000,598.58,598.89,598.51,598.645,343706,5485,599.29
2025-06-06T12:35:00.000,598.67,598.69,598.19,598.27,504595,7347,599.28
2025-06-06T12:40:00.000,598.25,598.5189,597.52,597.84,786142,9338,599.25
2025-06-06T12:45:00.000,597.85,598.185,597.65,598.1,471724,6412,599.23
2025-06-06T12:50:00.000,598.1,598.16,597.34,597.5,563421,7678,599.2
2025-06-06T12:55:00.000,597.49,597.65,596.86,597.62,933040,11682,599.14
2025-06-06T13:00:00.000,597.61,597.81,597.44,597.54,497261,6873,599.12
2025-06-06T13:05:00.000,597.525,597.645,597.14,597.372,412489,5983,599.1
2025-06-06T13:10:00.000,597.38,597.73,597.125,597.67,1600996,5987,599.08
2025-06-06T13:15:00.000,597.65,598.23,597.48,598.22,526630,7354,599.06
2025-06-06T13:20:00.000,598.21,598.59,598.19,598.405,1732568,6717,599.05
2025-06-06T13:25:00.000,598.405,598.42,598.1,598.19,318939,4870,599.04
2025-06-06T13:30:00.000,598.2,598.6,598.2,598.435,333175,5836,599.04
2025-06-06T13:35:00.000,598.44,598.6799,598.32,598.64,253662,4612,599.04
2025-06-06T13:40:00.000,598.64,598.81,598.48,598.7711,351960,5348,599.03
2025-06-06T13:45:00.000,598.77,598.92,598.76,598.86,336493,4558,599.03
2025-06-06T13:50:00.000,598.875,599.0,598.72,598.8099,382279,4854,599.03
2025-06-06T13:55:00.000,598.8,599.05,598.8,598.95,329911,4729,599.03
2025-06-06T14:00:00.000,598.95,599.84,598.95,599.695,935110,11275,599.04
2025-06-06T14:05:00.000,599.71,599.85,599.53,599.84,404445,5696,599.05
2025-06-06T14:10:00.000,599.84,599.87,599.6601,599.71,401694,5172,599.05
2025-06-06T14:15:00.000,599.7046,600.07,599.7046,600.01,1091123,6341,599.07
2025-06-06T14:20:00.000,600.01,600.13,599.7001,599.9,631214,6810,599.08
2025-06-06T14:25:00.000,599.89,599.91,599.51,599.58,778747,7742,599.09
2025-06-06T14:30:00.000,599.59,600.64,599.57,600.23,1263269,14068,599.12
2025-06-06T14:35:00.000,600.22,600.32,599.86,599.9299,550740,6847,599.13
2025-06-06T14:40:00.000,599.93,600.22,599.62,599.805,522918,6903,599.14
2025-06-06T14:45:00.000,599.8,599.8398,599.54,599.71,400220,5469,599.15
2025-06-06T14:50:00.000,599.7,599.93,599.465,599.9,467265,6248,599.15
2025-06-06T14:55:00.000,599.89,600.0754,599.72,599.72,400062,5660,599.16
2025-06-06T15:00:00.000,599.73,599.9701,599.65,599.83,568282,7192,599.17
2025-06-06T15:05:00.000,599.84,600.06,599.64,599.66,462597,6338,599.18
2025-06-06T15:10:00.000,599.6515,599.87,599.48,599.67,489621,6613,599.18
2025-06-06T15:15:00.000,599.67,599.71,599.42,599.49,484769,6605,599.19
2025-06-06T15:20:00.000,599.49,599.49,599.18,599.305,761364,9566,599.19
2025-06-06T15:25:00.000,599.3,599.76,599.28,599.35,749935,8693,599.19
2025-06-06T15:30:00.000,599.34,599.57,599.19,599.325,661003,8501,599.2
2025-06-06T15:35:00.000,599.32,599.59,599.12,599.17,731208,9314,599.2
2025-06-06T15:40:00.000,599.17,599.34,598.99,599.31,753240,9442,599.2
2025-06-06T15:45:00.000,599.32,599.6,599.01,599.17,1201333,14148,599.2
2025-06-06T15:50:00.000,599.17,599.85,599.11,599.68,2028008,20311,599.21
2025-06-06T15:55:00.000,599.67,599.68,598.91,599.05,3997566,31082,599.22
2025-06-06T16:00:00.000,599.03,599.04,599.03,599.04,6189,4,599.22
2025-06-07T09:30:00.000,0.0,0.0,0.0,0.0,0,0,0.0
2025-06-07T09:35:00.000,0.0,0.0,0.0,0.0,0,0,0.0
2025-06-07T09:40:00.000,0.0,0.0,0.0,0.0,0,0,0.0
2025-06-07T09:45:00.000,0.0,0.0,0.0,0.0,0,0,0.0
2025-06-07T09:50:00.000,0.0,0.0,0.0,0.0,0,0,0.0
2025-06-07T09:55:00.000,0.0,0.0,0.0,0.0,0,0,0.0
2025-06-07T10:00:00.000,0.0,0.0,0.0,0.0,0,0,0.0
2025-06-07T10:05:00.000,0.0,0.0,0.0,0.0,0,0,0.0
2025-06-07T10:10:00.000,0.0,0.0,0.0,0.0,0,0,0.0
2025-06-07T10:15:00.000,0.0,0.0,0.0,0.0,0,0,0.0
2025-06-07T10:20:00.000,0.0,0.0,0.0,0.0,0,0,0.0
2025-06-07T10:25:00.000,0.0,0.0,0.0,0.0,0,0,0.0
2025-06-07T10:30:00.000,0.0,0.0,0.0,0.0,0,0,0.0
2025-06-07T10:35:00.000,0.0,0.0,0.0,0.0,0,0,0.0
2025-06-07T10:40:00.000,0.0,0.0,0.0,0.0,0,0,0.0
2025-06-07T10:45:00.000,0.0,0.0,0.0,0.0,0,0,0.0
2025-06-07T10:50:00.000,0.0,0.0,0.0,0.0,0,0,0.0
2025-06-07T10:55:00.000,0.0,0.0,0.0,0.0,0,0,0.0
2025-06-07T11:00:00.000,0.0,0.0,0.0,0.0,0,0,0.0
2025-06-07T11:05:00.000,0.0,0.0,0.0,0.0,0,0,0.0
2025-06-07T11:10:00.000,0.0,0.0,0.0,0.0,0,0,0.0
2025-06-07T11:15:00.000,0.0,0.0,0.0,0.0,0,0,0.0
2025-06-07T11:20:00.000,0.0,0.0,0.0,0.0,0,0,0.0
2025-06-07T11:25:00.000,0.0,0.0,0.0,0.0,0,0,0.0
2025-06-07T11:30:00.000,0.0,0.0,0.0,0.0,0,0,0.0
2025-06-07T11:35:00.000,0.0,0.0,0.0,0.0,0,0,0.0
2025-06-07T11:40:00.000,0.0,0.0,0.0,0.0,0,0,0.0
2025-06-07T11:45:00.000,0.0,0.0,0.0,0.0,0,0,0.0
2025-06-07T11:50:00.000,0.0,0.0,0.0,0.0,0,0,0.0
2025-06-07T11:55:00.000,0.0,0.0,0.0,0.0,0,0,0.0
2025-06-07T12:00:00.000,0.0,0.0,0.0,0.0,0,0,0.0
2025-06-07T12:05:00.000,0.0,0.0,0.0,0.0,0,0,0.0
2025-06-07T12:10:00.000,0.0,0.0,0.0,0.0,0,0,0.0
2025-06-07T12:15:00.000,0.0,0.0,0.0,0.0,0,0,0.0
2025-06-07T12:20:00.000,0.0,0.0,0.0,0.0,0,0,0.0
2025-06-07T12:25:00.000,0.0,0.0,0.0,0.0,0,0,0.0
2025-06-07T12:30:00.000,0.0,0.0,0.0,0.0,0,0,0.0
2025-06-07T12:35:00.000,0.0,0.0,0.0,0.0,0,0,0.0
2025-06-07T12:40:00.000,0.0,0.0,0.0,0.0,0,0,0.0
2025-06-07T12:45:00.000,0.0,0.0,0.0,0.0,0,0,0.0
2025-06-07T12:50:00.000,0.0,0.0,0.0,0.0,0,0,0.0
2025-06-07T12:55:00.000,0.0,0.0,0.0,0.0,0,0,0.0
2025-06-07T13:00:00.000,0.0,0.0,0.0,0.0,0,0,0.0
2025-06-07T13:05:00.000,0.0,0.0,0.0,0.0,0,0,0.0
2025-06-07T13:10:00.000,0.0,0.0,0.0,0.0,0,0,0.0
2025-06-07T13:15:00.000,0.0,0.0,0.0,0.0,0,0,0.0
2025-06-07T13:20:00.000,0.0,0.0,0.0,0.0,0,0,0.0
2025-06-07T13:25:00.000,0.0,0.0,0.0,0.0,0,0,0.0
2025-06-07T13:30:00.000,0.0,0.0,0.0,0.0,0,0,0.0
2025-06-07T13:35:00.000,0.0,0.0,0.0,0.0,0,0,0.0
2025-06-07T13:40:00.000,0.0,0.0,0.0,0.0,0,0,0.0
2025-06-07T13:45:00.000,0.0,0.0,0.0,0.0,0,0,0.0
2025-06-07T13:50:00.000,0.0,0.0,0.0,0.0,0,0,0.0
2025-06-07T13:55:00.000,0.0,0.0,0.0,0.0,0,0,0.0
2025-06-07T14:00:00.000,0.0,0.0,0.0,0.0,0,0,0.0
2025-06-07T14:05:00.000,0.0,0.0,0.0,0.0,0,0,0.0
2025-06-07T14:10:00.000,0.0,0.0,0.0,0.0,0,0,0.0
2025-06-07T14:15:00.000,0.0,0.0,0.0,0.0,0,0,0.0
2025-06-07T14:20:00.000,0.0,0.0,0.0,0.0,0,0,0.0
2025-06-07T14:25:00.000,0.0,0.0,0.0,0.0,0,0,0.0
2025-06-07T14:30:00.000,0.0,0.0,0.0,0.0,0,0,0.0
2025-06-07T14:35:00.000,0.0,0.0,0.0,0.0,0,0,0.0
2025-06-07T14:40:00.000,0.0,0.0,0.0,0.0,0,0,0.0
2025-06-07T14:45:00.000,0.0,0.0,0.0,0.0,0,0,0.0
2025-06-07T14:50:00.000,0.0,0.0,0.0,0.0,0,0,0.0
2025-06-07T14:55:00.000,0.0,0.0,0.0,0.0,0,0,0.0
2025-06-07T15:00:00.000,0.0,0.0,0.0,0.0,0,0,0.0
2025-06-07T15:05:00.000,0.0,0.0,0.0,0.0,0,0,0.0
2025-06-07T15:10:00.000,0.0,0.0,0.0,0.0,0,0,0.0
2025-06-07T15:15:00.000,0.0,0.0,0.0,0.0,0,0,0.0
2025-06-07T15:20:00.000,0.0,0.0,0.0,0.0,0,0,0.0
2025-06-07T15:25:00.000,0.0,0.0,0.0,0.0,0,0,0.0
2025-06-07T15:30:00.000,0.0,0.0,0.0,0.0,0,0,0.0
2025-06-07T15:35:00.000,0.0,0.0,0.0,0.0,0,0,0.0
2025-06-07T15:40:00.000,0.0,0.0,0.0,0.0,0,0,0.0
2025-06-07T15:45:00.000,0.0,0.0,0.0,0.0,0,0,0.0
2025-06-07T15:50:00.000,0.0,0.0,0.0,0.0,0,0,0.0
2025-06-07T15:55:00.000,0.0,0.0,0.0,0.0,0,0,0.0
2025-06-07T16:00:00.000,0.0,0.0,0.0,0.0,0,0,0.0
2025-06-08T09:30:00.000,0.0,0.0,0.0,0.0,0,0,0.0
2025-06-08T09:35:00.000,0.0,0.0,0.0,0.0,0,0,0.0
2025-06-08T09:40:00.000,0.0,0.0,0.0,0.0,0,0,0.0
2025-06-08T09:45:00.000,0.0,0.0,0.0,0.0,0,0,0.0
2025-06-08T09:50:00.000,0.0,0.0,0.0,0.0,0,0,0.0
2025-06-08T09:55:00.000,0.0,0.0,0.0,0.0,0,0,0.0
2025-06-08T10:00:00.000,0.0,0.0,0.0,0.0,0,0,0.0
2025-06-08T10:05:00.000,0.0,0.0,0.0,0.0,0,0,0.0
2025-06-08T10:10:00.000,0.0,0.0,0.0,0.0,0,0,0.0
2025-06-08T10:15:00.000,0.0,0.0,0.0,0.0,0,0,0.0
2025-06-08T10:20:00.000,0.0,0.0,0.0,0.0,0,0,0.0
2025-06-08T10:25:00.000,0.0,0.0,0.0,0.0,0,0,0.0
2025-06-08T10:30:00.000,0.0,0.0,0.0,0.0,0,0,0.0
2025-06-08T10:35:00.000,0.0,0.0,0.0,0.0,0,0,0.0
2025-06-08T10:40:00.000,0.0,0.0,0.0,0.0,0,0,0.0
2025-06-08T10:45:00.000,0.0,0.0,0.0,0.0,0,0,0.0
2025-06-08T10:50:00.000,0.0,0.0,0.0,0.0,0,0,0.0
2025-06-08T10:55:00.000,0.0,0.0,0.0,0.0,0,0,0.0
2025-06-08T11:00:00.000,0.0,0.0,0.0,0.0,0,0,0.0
2025-06-08T11:05:00.000,0.0,0.0,0.0,0.0,0,0,0.0
2025-06-08T11:10:00.000,0.0,0.0,0.0,0.0,0,0,0.0
2025-06-08T11:15:00.000,0.0,0.0,0.0,0.0,0,0,0.0
2025-06-08T11:20:00.000,0.0,0.0,0.0,0.0,0,0,0.0
2025-06-08T11:25:00.000,0.0,0.0,0.0,0.0,0,0,0.0
2025-06-08T11:30:00.000,0.0,0.0,0.0,0.0,0,0,0.0
2025-06-08T11:35:00.000,0.0,0.0,0.0,0.0,0,0,0.0
2025-06-08T11:40:00.000,0.0,0.0,0.0,0.0,0,0,0.0
2025-06-08T11:45:00.000,0.0,0.0,0.0,0.0,0,0,0.0
2025-06-08T11:50:00.000,0.0,0.0,0.0,0.0,0,0,0.0
2025-06-08T11:55:00.000,0.0,0.0,0.0,0.0,0,0,0.0
2025-06-08T12:00:00.000,0.0,0.0,0.0,0.0,0,0,0.0
2025-06-08T12:05:00.000,0.0,0.0,0.0,0.0,0,0,0.0
2025-06-08T12:10:00.000,0.0,0.0,0.0,0.0,0,0,0.0
2025-06-08T12:15:00.000,0.0,0.0,0.0,0.0,0,0,0.0
2025-06-08T12:20:00.000,0.0,0.0,0.0,0.0,0,0,0.0
2025-06-08T12:25:00.000,0.0,0.0,0.0,0.0,0,0,0.0
2025-06-08T12:30:00.000,0.0,0.0,0.0,0.0,0,0,0.0
2025-06-08T12:35:00.000,0.0,0.0,0.0,0.0,0,0,0.0
2025-06-08T12:40:00.000,0.0,0.0,0.0,0.0,0,0,0.0
2025-06-08T12:45:00.000,0.0,0.0,0.0,0.0,0,0,0.0
2025-06-08T12:50:00.000,0.0,0.0,0.0,0.0,0,0,0.0
2025-06-08T12:55:00.000,0.0,0.0,0.0,0.0,0,0,0.0
2025-06-08T13:00:00.000,0.0,0.0,0.0,0.0,0,0,0.0
2025-06-08T13:05:00.000,0.0,0.0,0.0,0.0,0,0,0.0
2025-06-08T13:10:00.000,0.0,0.0,0.0,0.0,0,0,0.0
2025-06-08T13:15:00.000,0.0,0.0,0.0,0.0,0,0,0.0
2025-06-08T13:20:00.000,0.0,0.0,0.0,0.0,0,0,0.0
2025-06-08T13:25:00.000,0.0,0.0,0.0,0.0,0,0,0.0
2025-06-08T13:30:00.000,0.0,0.0,0.0,0.0,0,0,0.0
2025-06-08T13:35:00.000,0.0,0.0,0.0,0.0,0,0,0.0
2025-06-08T13:40:00.000,0.0,0.0,0.0,0.0,0,0,0.0
2025-06-08T13:45:00.000,0.0,0.0,0.0,0.0,0,0,0.0
2025-06-08T13:50:00.000,0.0,0.0,0.0,0.0,0,0,0.0
2025-06-08T13:55:00.000,0.0,0.0,0.0,0.0,0,0,0.0
2025-06-08T14:00:00.000,0.0,0.0,0.0,0.0,0,0,0.0
2025-06-08T14:05:00.000,0.0,0.0,0.0,0.0,0,0,0.0
2025-06-08T14:10:00.000,0.0,0.0,0.0,0.0,0,0,0.0
2025-06-08T14:15:00.000,0.0,0.0,0.0,0.0,0,0,0.0
2025-06-08T14:20:00.000,0.0,0.0,0.0,0.0,0,0,0.0
2025-06-08T14:25:00.000,0.0,0.0,0.0,0.0,0,0,0.0
2025-06-08T14:30:00.000,0.0,0.0,0.0,0.0,0,0,0.0
2025-06-08T14:35:00.000,0.0,0.0,0.0,0.0,0,0,0.0
2025-06-08T14:40:00.000,0.0,0.0,0.0,0.0,0,0,0.0
2025-06-08T14:45:00.000,0.0,0.0,0.0,0.0,0,0,0.0
2025-06-08T14:50:00.000,0.0,0.0,0.0,0.0,0,0,0.0
2025-06-08T14:55:00.000,0.0,0.0,0.0,0.0,0,0,0.0
2025-06-08T15:00:00.000,0.0,0.0,0.0,0.0,0,0,0.0
2025-06-08T15:05:00.000,0.0,0.0,0.0,0.0,0,0,0.0
2025-06-08T15:10:00.000,0.0,0.0,0.0,0.0,0,0,0.0
2025-06-08T15:15:00.000,0.0,0.0,0.0,0.0,0,0,0.0
2025-06-08T15:20:00.000,0.0,0.0,0.0,0.0,0,0,0.0
2025-06-08T15:25:00.000,0.0,0.0,0.0,0.0,0,0,0.0
2025-06-08T15:30:00.000,0.0,0.0,0.0,0.0,0,0,0.0
2025-06-08T15:35:00.000,0.0,0.0,0.0,0.0,0,0,0.0
2025-06-08T15:40:00.000,0.0,0.0,0.0,0.0,0,0,0.0
2025-06-08T15:45:00.000,0.0,0.0,0.0,0.0,0,0,0.0
2025-06-08T15:50:00.000,0.0,0.0,0.0,0.0,0,0,0.0
2025-06-08T15:55:00.000,0.0,0.0,0.0,0.0,0,0,0.0
2025-06-08T16:00:00.000,0.0,0.0,0.0,0.0,0,0,0.0
2025-06-09T09:30:00.000,599.72,599.99,598.6,598.6338,1279558,20317,599.29
2025-06-09T09:35:00.000,598.66,599.06,598.49,598.83,737422,11202,599.11
2025-06-09T09:40:00.000,598.83,599.33,598.78,599.17,683807,10394,599.11
2025-06-09T09:45:00.000,599.17,599.43,598.99,599.42,1012733,14111,599.13
2025-06-09T09:50:00.000,599.41,599.46,599.17,599.4,805090,11185,599.16
2025-06-09T09:55:00.000,599.41,599.45,598.89,598.895,718341,10677,599.16
2025-06-09T10:00:00.000,598.93,599.4,598.79,599.02,906071,11368,599.16
2025-06-09T10:05:00.000,599.01,599.26,599.0,599.16,687870,9906,599.15
2025-06-09T10:10:00.000,599.15,599.64,599.12,599.615,771914,10870,599.19
2025-06-09T10:15:00.000,599.61,599.79,599.38,599.63,557095,8540,599.22
2025-06-09T10:20:00.000,599.63,599.94,599.63,599.815,706678,10003,599.27
2025-06-09T10:25:00.000,599.82,599.97,599.67,599.71,648047,16633,599.31
2025-06-09T10:30:00.000,599.71,600.4,599.59,600.055,1467380,17970,599.41
2025-06-09T10:35:00.000,600.06,600.08,599.68,599.8901,655083,9210,599.44
2025-06-09T10:40:00.000,599.9,599.975,599.4,599.46,721900,9308,599.45
2025-06-09T10:45:00.000,599.45,599.4799,599.14,599.2399,635963,8993,599.44
2025-06-09T10:50:00.000,599.22,599.545,599.03,599.27,513087,7519,599.44
2025-06-09T10:55:00.000,599.28,599.52,599.21,599.51,376475,5694,599.44
2025-06-09T11:00:00.000,599.52,599.76,599.47,599.62,556019,7045,599.44
2025-06-09T11:05:00.000,599.62,599.86,599.61,599.78,408639,5937,599.45
2025-06-09T11:10:00.000,599.78,599.86,599.505,599.531,383242,5591,599.46
2025-06-09T11:15:00.000,599.539,599.7093,599.25,599.3899,383321,5724,599.46
2025-06-09T11:20:00.000,599.3788,599.6,599.1,599.4199,334023,5346,599.46
2025-06-09T11:25:00.000,599.41,599.4589,599.05,599.215,269800,4813,599.45
2025-06-09T11:30:00.000,599.22,599.55,599.19,599.44,352980,5539,599.45
2025-06-09T11:35:00.000,599.43,599.73,599.415,599.705,412326,6253,599.46
2025-06-09T11:40:00.000,599.7,599.76,599.5,599.63,490094,5421,599.46
2025-06-09T11:45:00.000,599.65,599.79,599.52,599.675,297210,4896,599.46
2025-06-09T11:50:00.000,599.69,599.99,599.69,599.94,400119,5912,599.47
2025-06-09T11:55:00.000,599.94,600.01,599.7601,599.85,412685,5515,599.48
2025-06-09T12:00:00.000,599.86,600.015,599.68,599.87,407723,5757,599.49
2025-06-09T12:05:00.000,599.86,599.975,599.36,599.595,365756,5605,599.49
2025-06-09T12:10:00.000,599.5907,599.89,599.5,599.815,410670,6232,599.5
2025-06-09T12:15:00.000,599.8199,599.87,599.61,599.79,206911,4088,599.5
2025-06-09T12:20:00.000,599.795,600.01,599.73,599.97,332867,4883,599.51
2025-06-09T12:25:00.000,599.97,600.01,599.75,599.79,320585,5104,599.51
2025-06-09T12:30:00.000,599.78,600.1,599.78,600.085,292041,4771,599.52
2025-06-09T12:35:00.000,600.08,600.2,600.01,600.16,406434,5489,599.53
2025-06-09T12:40:00.000,600.16,600.3301,600.045,600.33,303918,4734,599.54
2025-06-09T12:45:00.000,600.33,600.52,600.24,600.4099,433490,5562,599.56
2025-06-09T12:50:00.000,600.41,601.1,600.405,600.93,898836,10384,599.61
2025-06-09T12:55:00.000,600.93,600.95,600.54,600.67,436071,5717,599.64
2025-06-09T13:00:00.000,600.69,600.845,600.545,600.7701,384022,5235,599.65
2025-06-09T13:05:00.000,600.77,600.9985,600.77,600.8,388651,5780,599.67
2025-06-09T13:10:00.000,600.8,600.87,600.49,600.6799,402745,6129,599.69
2025-06-09T13:15:00.000,600.66,600.69,600.105,600.3,408416,6029,599.7
2025-06-09T13:20:00.000,600.31,600.59,600.19,600.5802,280027,4459,599.71
2025-06-09T13:25:00.000,600.59,601.13,600.59,600.83,484055,6907,599.73
2025-06-09T13:30:00.000,600.83,600.83,600.56,600.645,323348,6071,599.74
2025-06-09T13:35:00.000,600.66,600.89,600.6,600.84,272554,4705,599.75
2025-06-09T13:40:00.000,600.84,601.03,600.762,601.02,409345,5561,599.77
2025-06-09T13:45:00.000,601.02,601.04,600.895,600.92,268887,4396,599.78
2025-06-09T13:50:00.000,600.92,601.215,600.92,601.1,382854,5684,599.8
2025-06-09T13:55:00.000,601.095,601.15,600.871,600.94,316303,4838,599.81
2025-06-09T14:00:00.000,600.94,601.08,600.82,600.85,502410,6656,599.84
2025-06-09T14:05:00.000,600.86,600.98,600.74,600.835,315367,5075,599.85
2025-06-09T14:10:00.000,600.84,601.075,600.83,601.045,318016,4994,599.86
2025-06-09T14:15:00.000,601.04,601.13,600.912,601.01,215133,3603,599.87
2025-06-09T14:20:00.000,600.99,601.15,600.98,601.07,220374,3743,599.87
2025-06-09T14:25:00.000,601.0602,601.25,601.0004,601.05,379836,5391,599.89
2025-06-09T14:30:00.000,601.02,601.165,600.965,601.0,371972,5614,599.9
2025-06-09T14:35:00.000,601.01,601.0898,600.495,600.59,627739,7630,599.92
2025-06-09T14:40:00.000,600.59,600.695,600.34,600.63,734336,8675,599.94
2025-06-09T14:45:00.000,600.64,600.935,600.6,600.79,383528,5135,599.95
2025-06-09T14:50:00.000,600.795,600.89,600.74,600.87,286759,4205,599.96
2025-06-09T14:55:00.000,600.855,601.22,600.855,600.995,888197,9438,599.99
2025-06-09T15:00:00.000,601.0,601.14,600.94,601.03,491036,5995,600.0
2025-06-09T15:05:00.000,601.03,601.075,600.74,600.8984,437894,5640,600.02
2025-06-09T15:10:00.000,600.89,601.03,600.61,600.645,398371,5804,600.03
2025-06-09T15:15:00.000,600.64,600.73,600.53,600.615,879564,5345,600.03
2025-06-09T15:20:00.000,600.62,600.67,600.33,600.48,526605,6631,600.04
2025-06-09T15:25:00.000,600.46,600.6099,600.36,600.54,576239,6071,600.04
2025-06-09T15:30:00.000,600.53,600.56,600.23,600.4,840341,8493,600.05
2025-06-09T15:35:00.000,600.4,600.74,600.36,600.41,890941,9640,600.06
2025-06-09T15:40:00.000,600.42,600.455,600.11,600.1899,1103621,9679,600.07
2025-06-09T15:45:00.000,600.19,600.3089,599.9,600.26,1193196,13128,600.07
2025-06-09T15:50:00.000,600.27,600.71,599.94,599.95,1892820,19710,600.08
2025-06-09T15:55:00.000,599.95,600.395,599.42,599.56,4896502,34929,600.06
2025-06-09T16:00:00.000,0.0,0.0,0.0,0.0,90,2,600.06
2025-06-10T09:30:00.000,600.22,600.96,600.22,600.375,1208744,15991,600.53
2025-06-10T09:35:00.000,600.36,600.98,600.28,600.82,892650,10547,600.55
2025-06-10T09:40:00.000,600.81,600.98,600.16,600.5099,825652,10192,600.59
2025-06-10T09:45:00.000,600.51,600.8499,600.34,600.775,663038,9196,600.59
2025-06-10T09:50:00.000,600.77,601.13,600.45,600.55,780493,9970,600.63
2025-06-10T09:55:00.000,600.55,600.675,600.33,600.57,706866,8975,600.62
2025-06-10T10:00:00.000,600.57,600.8872,600.51,600.74,613309,13210,600.63
2025-06-10T10:05:00.000,600.74,600.92,600.58,600.675,434175,7342,600.64
2025-06-10T10:10:00.000,600.68,601.11,600.66,600.96,636508,8910,600.67
2025-06-10T10:15:00.000,600.93,601.22,600.92,601.075,466138,7566,600.69
2025-06-10T10:20:00.000,601.0784,601.2699,600.89,601.24,521466,7524,600.72
2025-06-10T10:25:00.000,601.23,601.26,600.92,601.19,622722,8386,600.75
2025-06-10T10:30:00.000,601.2,601.29,601.0001,601.1,522082,7106,600.77
2025-06-10T10:35:00.000,601.1,601.275,601.04,601.24,423455,6490,600.79
2025-06-10T10:40:00.000,601.24,601.81,601.18,601.54,864929,9273,600.84
2025-06-10T10:45:00.000,601.54,601.61,601.34,601.47,592343,7488,600.87
2025-06-10T10:50:00.000,601.46,601.605,601.33,601.5099,395498,5875,600.89
2025-06-10T10:55:00.000,601.5,601.511,601.02,601.06,623829,8004,600.91
2025-06-10T11:00:00.000,601.07,601.39,600.93,601.3588,567594,7371,600.92
2025-06-10T11:05:00.000,601.35,601.49,601.02,601.04,510449,6431,600.94
2025-06-10T11:10:00.000,601.0388,601.3084,600.88,601.1899,507306,6842,600.95
2025-06-10T11:15:00.000,601.2002,601.38,601.095,601.29,354177,5575,600.96
2025-06-10T11:20:00.000,601.28,601.3299,601.06,601.14,440670,6391,600.97
2025-06-10T11:25:00.000,601.14,601.45,601.0807,601.175,550748,6736,600.98
2025-06-10T11:30:00.000,601.16,601.16,599.09,600.04,2371432,24979,600.84
2025-06-10T11:35:00.000,600.03,600.46,599.885,600.45,1118522,11759,600.8
2025-06-10T11:40:00.000,600.44,600.83,600.3,600.7817,695876,7699,600.78
2025-06-10T11:45:00.000,600.78,600.975,600.66,600.8607,469596,6274,600.79
2025-06-10T11:50:00.000,600.85,601.23,600.84,601.13,547710,6585,600.79
2025-06-10T11:55:00.000,601.1301,601.285,601.08,601.27,578810,4970,600.8
2025-06-10T12:00:00.000,601.26,601.82,601.225,601.6,850284,9640,600.83
2025-06-10T12:05:00.000,601.59,601.79,601.54,601.5909,462923,6099,600.85
2025-06-10T12:10:00.000,601.6,601.745,601.365,601.57,427729,5332,600.87
2025-06-10T12:15:00.000,601.56,601.72,601.46,601.64,388659,4741,600.88
2025-06-10T12:20:00.000,601.635,601.798,601.55,601.75,351091,4597,600.89
2025-06-10T12:25:00.000,601.75,601.98,601.655,601.8791,484109,6588,600.91
2025-06-10T12:30:00.000,601.88,602.0,601.82,601.965,412840,5540,600.93
2025-06-10T12:35:00.000,601.9505,602.07,601.8423,601.99,429985,6279,600.94
2025-06-10T12:40:00.000,601.98,602.0,601.74,601.77,395343,5574,600.96
2025-06-10T12:45:00.000,601.775,602.09,601.7712,601.93,436794,6050,600.98
2025-06-10T12:50:00.000,601.93,602.25,601.925,602.215,368703,5647,600.99
2025-06-10T12:55:00.000,602.21,602.29,602.11,602.17,373294,5276,601.01
2025-06-10T13:00:00.000,602.17,602.21,601.8,601.88,446207,5105,601.03
2025-06-10T13:05:00.000,601.8799,602.135,601.72,602.1,445850,6042,601.04
2025-06-10T13:10:00.000,602.0998,602.67,602.08,602.49,679559,8485,601.08
2025-06-10T13:15:00.000,602.49,602.59,602.1865,602.205,485126,6024,601.1
2025-06-10T13:20:00.000,602.22,602.4,602.18,602.21,328713,4638,601.12
2025-06-10T13:25:00.000,602.215,602.27,601.85,601.91,556850,6650,601.14
2025-06-10T13:30:00.000,601.905,601.94,601.72,601.88,452812,6315,601.15
2025-06-10T13:35:00.000,601.885,602.0087,601.78,601.84,346483,5179,601.16
2025-06-10T13:40:00.000,601.84,601.845,601.55,601.68,481638,5913,601.17
2025-06-10T13:45:00.000,601.6818,601.72,601.41,601.53,363659,4945,601.17
2025-06-10T13:50:00.000,601.53,601.755,601.5082,601.62,635487,5894,601.18
2025-06-10T13:55:00.000,601.62,601.685,601.27,601.32,410281,5491,601.18
2025-06-10T14:00:00.000,601.33,601.33,600.12,600.7,2056031,19182,601.15
2025-06-10T14:05:00.000,600.69,601.08,600.33,600.96,804266,8156,601.14
2025-06-10T14:10:00.000,600.967,600.98,600.5882,600.77,489706,5438,601.13
2025-06-10T14:15:00.000,600.76,601.06,600.73,600.95,497096,5007,601.13
2025-06-10T14:20:00.000,600.96,601.13,600.79,601.07,498165,5622,601.13
2025-06-10T14:25:00.000,601.07,601.085,600.695,600.925,546762,5422,601.12
2025-06-10T14:30:00.000,600.92,601.12,600.85,601.08,513849,6012,601.12
2025-06-10T14:35:00.000,601.074,601.41,601.074,601.28,680149,7797,601.12
2025-06-10T14:40:00.000,601.2799,601.39,601.18,601.35,360526,4922,601.13
2025-06-10T14:45:00.000,601.345,601.47,601.28,601.38,349554,4556,601.13
2025-06-10T14:50:00.000,601.3899,601.93,601.38,601.92,753835,7564,601.14
2025-06-10T14:55:00.000,601.92,602.89,601.9,602.4009,1728266,16901,601.2
2025-06-10T15:00:00.000,602.4,603.02,602.385,602.88,1318097,11177,601.24
2025-06-10T15:05:00.000,602.89,603.47,602.85,603.085,1119316,11136,601.29
2025-06-10T15:10:00.000,603.08,603.19,602.83,602.9,691962,7505,601.32
2025-06-10T15:15:00.000,602.91,602.96,602.31,602.635,998707,10767,601.35
2025-06-10T15:20:00.000,602.63,602.89,602.4918,602.78,630184,8285,601.37
2025-06-10T15:25:00.000,602.78,602.82,602.57,602.632,562558,7067,601.39
2025-06-10T15:30:00.000,602.63,602.66,602.16,602.4352,1012295,10031,601.41
2025-06-10T15:35:00.000,602.435,602.44,601.995,602.185,907895,8806,601.42
2025-06-10T15:40:00.000,602.18,602.3282,601.61,602.08,954259,10335,601.43
2025-06-10T15:45:00.000,602.1,602.22,601.84,601.925,893743,9770,601.45
2025-06-10T15:50:00.000,601.93,602.46,601.775,602.36,1823809,18186,601.47
2025-06-10T15:55:00.000,602.38,603.23,602.29,603.06,4282180,29156,601.59
2025-06-10T16:00:00.000,603.05,603.05,603.04,603.04,6786,5,601.59
2025-06-11T09:30:00.000,604.19,604.25,602.88,603.1,1757677,20087,603.43
2025-06-11T09:35:00.000,603.09,603.62,602.8,603.45,1071229,14630,603.36
2025-06-11T09:40:00.000,603.44,603.64,603.11,603.2,1015200,13193,603.35
2025-06-11T09:45:00.000,603.19,603.25,602.25,603.08,1189706,15553,603.21
2025-06-11T09:50:00.000,603.08,603.86,603.01,603.625,959214,12119,603.25
2025-06-11T09:55:00.000,603.62,603.9,603.38,603.65,626451,9036,603.29
2025-06-11T10:00:00.000,603.66,603.94,603.41,603.6,601058,9397,603.32
2025-06-11T10:05:00.000,603.61,603.96,603.3,603.93,554724,8788,603.34
2025-06-11T10:10:00.000,603.94,604.16,603.78,604.145,595669,9181,603.39
2025-06-11T10:15:00.000,604.14,604.57,604.0,604.5157,696468,14638,603.45
2025-06-11T10:20:00.000,604.52,604.68,604.35,604.6,548482,8583,603.51
2025-06-11T10:25:00.000,604.59,604.885,604.58,604.735,701393,9123,603.6
2025-06-11T10:30:00.000,604.74,604.79,604.445,604.77,619327,8607,603.65
2025-06-11T10:35:00.000,604.79,604.82,604.52,604.68,362189,6254,603.68
2025-06-11T10:40:00.000,604.69,604.755,604.38,604.755,460141,6972,603.72
2025-06-11T10:45:00.000,604.76,604.97,604.6122,604.64,454027,6586,603.76
2025-06-11T10:50:00.000,604.63,604.91,604.608,604.85,410497,5725,603.79
2025-06-11T10:55:00.000,604.8413,605.06,604.635,604.7,608197,7844,603.84
2025-06-11T11:00:00.000,604.7,604.9879,604.665,604.97,484568,6143,603.88
2025-06-11T11:05:00.000,604.96,604.965,603.68,603.74,953280,12473,603.91
2025-06-11T11:10:00.000,603.71,604.5099,603.46,604.26,930535,10388,603.92
2025-06-11T11:15:00.000,604.28,604.7601,604.26,604.67,441211,5609,603.93
2025-06-11T11:20:00.000,604.67,604.68,604.43,604.62,417392,5237,603.95
2025-06-11T11:25:00.000,604.62,604.65,604.12,604.22,429389,5973,603.96
2025-06-11T11:30:00.000,604.21,604.3,604.0,604.15,380067,5653,603.96
2025-06-11T11:35:00.000,604.14,604.44,603.99,604.055,355236,5715,603.97
2025-06-11T11:40:00.000,604.05,604.15,603.68,603.7599,421351,6452,603.96
2025-06-11T11:45:00.000,603.75,604.03,603.23,603.6601,941814,8582,603.95
2025-06-11T11:50:00.000,603.65,604.22,603.5445,604.15,736183,6702,603.95
2025-06-11T11:55:00.000,604.16,604.17,603.49,603.58,541020,7424,603.94
2025-06-11T12:00:00.000,603.59,603.87,603.23,603.35,857904,7923,603.93
2025-06-11T12:05:00.000,603.3499,603.38,602.45,603.01,1080791,12663,603.88
2025-06-11T12:10:00.000,603.02,603.07,602.225,602.79,1184137,10599,603.83
2025-06-11T12:15:00.000,602.79,603.01,602.22,602.4046,827506,8282,603.79
2025-06-11T12:20:00.000,602.41,602.66,601.96,602.56,835108,10305,603.75
2025-06-11T12:25:00.000,602.55,603.24,602.5,603.22,579495,7479,603.73
2025-06-11T12:30:00.000,603.21,603.555,603.18,603.29,573316,7474,603.72
2025-06-11T12:35:00.000,603.26,603.33,602.74,602.87,537093,7076,603.7
2025-06-11T12:40:00.000,602.87,603.17,602.74,603.06,411168,6477,603.69
2025-06-11T12:45:00.000,603.06,603.57,602.92,603.38,606739,8143,603.68
2025-06-11T12:50:00.000,603.39,603.6,603.13,603.28,425721,5807,603.68
2025-06-11T12:55:00.000,603.29,603.5,603.22,603.42,409895,4608,603.67
2025-06-11T13:00:00.000,603.405,604.1,603.26,604.04,827089,5864,603.67
2025-06-11T13:05:00.000,604.04,604.2499,603.78,604.23,492884,5889,603.68
2025-06-11T13:10:00.000,604.22,604.29,603.91,603.94,944929,5432,603.69
2025-06-11T13:15:00.000,603.95,604.19,603.76,603.99,286621,4369,603.69
2025-06-11T13:20:00.000,604.0,604.25,603.97,604.2098,252212,4155,603.69
2025-06-11T13:25:00.000,604.22,604.43,604.22,604.35,346341,4911,603.7
2025-06-11T13:30:00.000,604.35,604.445,603.91,603.955,449750,6688,603.71
2025-06-11T13:35:00.000,603.95,604.01,603.66,603.86,407682,5623,603.71
2025-06-11T13:40:00.000,603.8654,604.09,603.16,603.67,515897,6574,603.71
2025-06-11T13:45:00.000,603.67,603.7299,603.06,603.09,439230,5875,603.7
2025-06-11T13:50:00.000,603.11,603.25,602.83,603.1,438325,6038,603.7
2025-06-11T13:55:00.000,603.11,603.31,602.36,602.507,828740,7438,603.68
2025-06-11T14:00:00.000,602.51,602.78,600.38,601.07,2439213,20246,603.55
2025-06-11T14:05:00.000,601.06,601.91,600.89,601.68,1626987,14040,603.47
2025-06-11T14:10:00.000,601.68,601.69,600.4,600.41,1206559,13841,603.39
2025-06-11T14:15:00.000,600.42,600.52,599.27,600.3,2410400,22679,603.2
2025-06-11T14:20:00.000,600.3,601.06,600.21,600.885,1092532,12123,603.12
2025-06-11T14:25:00.000,600.91,601.26,600.442,600.71,995470,10739,603.07
2025-06-11T14:30:00.000,600.73,601.53,599.86,601.205,1738003,18924,602.97
2025-06-11T14:35:00.000,601.18,601.83,600.89,601.64,910944,10494,602.94
2025-06-11T14:40:00.000,601.63,602.045,601.35,601.988,772037,9158,602.92
2025-06-11T14:45:00.000,601.97,602.16,601.86,602.1,498656,6559,602.91
2025-06-11T14:50:00.000,602.08,602.08,601.255,601.375,932393,10935,602.89
2025-06-11T14:55:00.000,601.39,601.4,600.66,600.79,1157229,12034,602.84
2025-06-11T15:00:00.000,600.82,600.97,600.25,600.505,819013,10263,602.81
2025-06-11T15:05:00.000,600.5,600.87,599.93,600.74,896854,10955,602.76
2025-06-11T15:10:00.000,600.73,600.99,600.4899,600.87,564744,7591,602.74
2025-06-11T15:15:00.000,600.88,600.96,600.16,600.2,733079,9252,602.7
2025-06-11T15:20:00.000,600.19,601.02,600.1,600.89,675112,8965,602.68
2025-06-11T15:25:00.000,600.94,601.12,600.22,600.48,1110642,12043,602.63
2025-06-11T15:30:00.000,600.47,600.98,599.78,599.8199,1000800,10660,602.59
2025-06-11T15:35:00.000,599.8,600.755,599.73,600.58,1026128,11236,602.55
2025-06-11T15:40:00.000,600.57,600.85,600.27,600.73,831946,10191,602.52
2025-06-11T15:45:00.000,600.74,601.09,600.25,600.36,1041415,11506,602.48
2025-06-11T15:50:00.000,600.35,601.22,600.28,600.91,2098759,19555,602.43
2025-06-11T15:55:00.000,600.89,601.59,600.801,601.4,4431262,29483,602.35
2025-06-11T16:00:00.000,601.41,601.41,601.4,601.4,788,4,602.35
2025-06-12T09:30:00.000,600.01,600.67,599.64,599.75,1292776,15460,600.06
2025-06-12T09:35:00.000,599.76,600.53,599.52,600.32,1149884,12975,600.03
2025-06-12T09:40:00.000,600.32,600.82,600.19,600.7,854678,10088,600.14
2025-06-12T09:45:00.000,600.7,600.95,600.4,600.9099,834342,10220,600.23
2025-06-12T09:50:00.000,600.89,601.24,600.65,601.03,1038049,11432,600.36
2025-06-12T09:55:00.000,601.02,601.02,600.36,600.7699,674589,8963,600.4
2025-06-12T10:00:00.000,600.76,601.095,600.61,600.88,634211,9215,600.44
2025-06-12T10:05:00.000,600.89,601.66,600.74,601.43,997753,12607,600.55
2025-06-12T10:10:00.000,601.46,601.925,601.385,601.87,631851,8300,600.63
2025-06-12T10:15:00.000,601.87,602.35,601.7801,602.21,1003627,11485,600.79
2025-06-12T10:20:00.000,602.21,602.46,602.09,602.25,740142,8718,600.91
2025-06-12T10:25:00.000,602.25,602.64,601.98,602.48,1065634,12505,601.05
2025-06-12T10:30:00.000,602.49,602.72,602.35,602.61,771810,8233,601.14
2025-06-12T10:35:00.000,602.57,603.02,602.4301,602.89,713546,11820,601.23
2025-06-12T10:40:00.000,602.9,603.12,602.84,602.95,678008,8424,601.32
2025-06-12T10:45:00.000,602.95,603.13,602.885,603.04,574493,6927,601.39
2025-06-12T10:50:00.000,603.04,603.05,602.7801,602.8301,655221,8538,601.46
2025-06-12T10:55:00.000,602.84,602.925,602.58,602.6413,731245,8505,601.52
2025-06-12T11:00:00.000,602.65,603.62,602.65,603.49,1093526,11799,601.65
2025-06-12T11:05:00.000,603.47,603.51,603.09,603.2,806839,7200,601.71
2025-06-12T11:10:00.000,603.2093,603.295,602.94,603.19,514847,6771,601.75
2025-06-12T11:15:00.000,603.19,603.3,602.43,602.64,1246894,13760,601.82
2025-06-12T11:20:00.000,602.64,602.77,601.54,601.98,1899788,16850,601.85
2025-06-12T11:25:00.000,601.97,602.49,601.7101,602.45,1047491,11021,601.86
2025-06-12T11:30:00.000,602.45,602.61,601.97,602.27,691742,8690,601.87
2025-06-12T11:35:00.000,602.28,602.5291,602.02,602.14,453184,6404,601.88
2025-06-12T11:40:00.000,602.14,602.5,602.08,602.37,308942,4805,601.89
2025-06-12T11:45:00.000,602.355,602.39,601.86,602.01,493380,6738,601.89
2025-06-12T11:50:00.000,602.0,602.27,601.74,602.25,606957,7585,601.89
2025-06-12T11:55:00.000,602.26,602.55,602.12,602.47,451313,6203,601.9
2025-06-12T12:00:00.000,602.475,602.825,601.915,602.14,767023,9071,601.92
2025-06-12T12:05:00.000,602.1,602.78,601.99,602.655,1553703,11183,601.94
2025-06-12T12:10:00.000,602.67,603.32,602.63,602.92,666515,8615,601.96
2025-06-12T12:15:00.000,602.92,603.1,602.65,602.745,487098,6582,601.98
2025-06-12T12:20:00.000,602.75,602.9,602.17,602.2951,435740,6404,601.99
2025-06-12T12:25:00.000,602.31,603.16,602.295,603.0046,607303,7593,602.0
2025-06-12T12:30:00.000,602.99,603.0,602.02,602.83,1011282,11598,602.02
2025-06-12T12:35:00.000,602.81,603.42,602.8,603.28,565522,7289,602.04
2025-06-12T12:40:00.000,603.31,603.32,602.97,603.185,697394,7186,602.07
2025-06-12T12:45:00.000,603.19,603.29,602.83,602.86,728118,5405,602.08
2025-06-12T12:50:00.000,602.865,602.88,602.52,602.56,457065,5838,602.09
2025-06-12T12:55:00.000,602.555,602.72,602.37,602.425,427568,5244,602.1
2025-06-12T13:00:00.000,602.45,603.27,602.37,602.78,618011,6887,602.11
2025-06-12T13:05:00.000,602.78,603.11,602.62,603.03,272817,4160,602.12
2025-06-12T13:10:00.000,603.0499,603.29,602.94,603.14,339638,4865,602.13
2025-06-12T13:15:00.000,603.13,603.34,602.985,603.25,416507,5678,602.14
2025-06-12T13:20:00.000,603.26,603.3,602.98,603.01,328549,4095,602.15
2025-06-12T13:25:00.000,602.99,603.15,602.75,602.98,401679,5946,602.16
2025-06-12T13:30:00.000,602.97,603.56,602.94,603.49,469814,7418,602.17
2025-06-12T13:35:00.000,603.49,603.5604,603.27,603.38,373090,5709,602.19
2025-06-12T13:40:00.000,603.39,603.475,603.245,603.39,325443,4460,602.2
2025-06-12T13:45:00.000,603.41,603.4485,603.13,603.15,358561,5255,602.21
2025-06-12T13:50:00.000,603.16,603.39,603.1414,603.34,247998,4008,602.21
2025-06-12T13:55:00.000,603.33,603.34,602.96,603.1108,344333,5234,602.22
2025-06-12T14:00:00.000,603.11,603.29,602.995,603.21,463374,6668,602.23
2025-06-12T14:05:00.000,603.2,603.4285,603.19,603.35,364484,5179,602.24
2025-06-12T14:10:00.000,603.35,603.41,603.095,603.1,273144,4350,602.25
2025-06-12T14:15:00.000,603.095,603.32,603.07,603.2068,333216,4930,602.26
2025-06-12T14:20:00.000,603.2001,603.31,602.835,602.935,957205,5987,602.27
2025-06-12T14:25:00.000,602.93,603.06,602.42,602.81,860515,9403,602.28
2025-06-12T14:30:00.000,602.84,602.91,602.46,602.83,777233,9144,602.29
2025-06-12T14:35:00.000,602.83,603.15,602.81,603.05,583157,6935,602.3
2025-06-12T14:40:00.000,603.04,603.11,602.73,602.785,345273,4628,602.31
2025-06-12T14:45:00.000,602.79,603.07,602.63,603.0,470352,6108,602.31
2025-06-12T14:50:00.000,602.99,603.24,602.88,603.13,505658,6007,602.32
2025-06-12T14:55:00.000,603.13,603.365,602.93,603.33,643677,7318,602.34
2025-06-12T15:00:00.000,603.32,603.4777,603.16,603.37,636310,7261,602.35
2025-06-12T15:05:00.000,603.37,603.5,603.27,603.3901,525053,6434,602.36
2025-06-12T15:10:00.000,603.39,603.42,603.23,603.26,495171,6427,602.38
2025-06-12T15:15:00.000,603.255,603.55,603.24,603.485,510907,6564,602.39
2025-06-12T15:20:00.000,603.4909,603.57,603.2606,603.305,600366,7049,602.4
2025-06-12T15:25:00.000,603.29,603.32,603.08,603.2946,617801,7568,602.41
2025-06-12T15:30:00.000,603.28,603.2804,602.91,603.17,1023423,11377,602.43
2025-06-12T15:35:00.000,603.17,603.24,603.01,603.15,646291,8051,602.44
2025-06-12T15:40:00.000,603.14,603.14,602.73,602.77,1222355,10098,602.45
2025-06-12T15:45:00.000,602.76,602.855,602.545,602.65,1311184,11739,602.45
2025-06-12T15:50:00.000,602.66,602.92,602.39,602.68,1646563,17692,602.46
2025-06-12T15:55:00.000,602.69,603.72,602.69,603.72,3239757,27248,602.51
2025-06-12T16:00:00.000,603.7,603.7,603.7,603.7,6716,4,602.51
2025-06-13T09:30:00.000,598.5,600.37,598.16,599.8,2712580,29582,599.46
2025-06-13T09:35:00.000,599.82,600.21,599.27,600.04,1537182,19885,599.53
2025-06-13T09:40:00.000,600.06,600.07,599.39,599.68,925204,13873,599.57
2025-06-13T09:45:00.000,599.69,599.69,598.76,598.99,1161076,16404,599.5
2025-06-13T09:50:00.000,598.99,599.72,598.46,598.47,1231231,15284,599.43
2025-06-13T09:55:00.000,598.47,598.77,597.86,598.15,943011,11962,599.3
2025-06-13T10:00:00.000,598.17,599.167,598.03,598.38,1282201,15798,599.2
2025-06-13T10:05:00.000,598.37,598.93,598.2,598.51,747463,11825,599.16
2025-06-13T10:10:00.000,598.52,598.56,597.51,597.97,927913,12157,599.05
2025-06-13T10:15:00.000,597.98,598.19,597.67,597.805,541545,8581,599.01
2025-06-13T10:20:00.000,597.8,598.08,596.99,597.6152,1185151,14860,598.87
2025-06-13T10:25:00.000,597.6,597.73,596.63,596.77,990081,13662,598.75
2025-06-13T10:30:00.000,596.77,597.6,596.65,597.415,936481,12536,598.65
2025-06-13T10:35:00.000,597.41,598.38,597.2115,598.3,971023,12831,598.6
2025-06-13T10:40:00.000,598.32,598.94,597.945,597.97,934898,12352,598.59
2025-06-13T10:45:00.000,598.0,598.18,597.4,597.74,736823,10124,598.56
2025-06-13T10:50:00.000,597.72,599.19,597.5499,598.93,1101207,18091,598.56
2025-06-13T10:55:00.000,598.92,599.42,598.805,599.14,1009796,11062,598.58
2025-06-13T11:00:00.000,599.14,599.36,598.92,599.305,535500,7835,598.6
2025-06-13T11:05:00.000,599.3,599.71,599.27,599.46,512907,7096,598.62
2025-06-13T11:10:00.000,599.45,599.7601,599.06,599.63,666637,9024,598.64
2025-06-13T11:15:00.000,599.65,599.96,599.42,599.9201,482690,6510,598.67
2025-06-13T11:20:00.000,599.93,600.67,599.79,600.13,1185086,11120,598.73
2025-06-13T11:25:00.000,600.11,600.61,599.97,600.58,573237,6921,598.77
2025-06-13T11:30:00.000,600.57,600.95,600.505,600.67,722056,8174,598.83
2025-06-13T11:35:00.000,600.67,600.745,600.33,600.49,593094,7789,598.87
2025-06-13T11:40:00.000,600.49,601.04,600.292,600.9,698854,8456,598.92
2025-06-13T11:45:00.000,600.9,601.465,600.79,601.27,864003,10655,598.99
2025-06-13T11:50:00.000,601.28,601.71,601.28,601.6409,550962,7164,599.04
2025-06-13T11:55:00.000,601.64,601.66,601.0,601.25,841119,10468,599.11
2025-06-13T12:00:00.000,601.24,601.33,600.9001,601.0399,438600,6349,599.14
2025-06-13T12:05:00.000,601.02,601.53,600.92,601.36,441543,6076,599.17
2025-06-13T12:10:00.000,601.36,601.79,601.36,601.65,500719,7109,599.21
2025-06-13T12:15:00.000,601.66,601.85,601.35,601.695,380893,5984,599.24
2025-06-13T12:20:00.000,601.71,601.72,601.33,601.51,545963,6518,599.27
2025-06-13T12:25:00.000,601.51,601.62,600.74,600.88,468950,7353,599.3
2025-06-13T12:30:00.000,600.89,601.3,600.84,601.185,469977,6652,599.32
2025-06-13T12:35:00.000,601.21,601.37,600.64,600.64,406365,6455,599.34
2025-06-13T12:40:00.000,600.64,600.9199,600.52,600.65,433237,6183,599.36
2025-06-13T12:45:00.000,600.65,600.7,600.31,600.3301,372343,5926,599.37
2025-06-13T12:50:00.000,600.34,601.3,600.285,601.15,597083,7846,599.4
2025-06-13T12:55:00.000,601.16,601.49,601.05,601.065,546446,5960,599.42
2025-06-13T13:00:00.000,601.05,601.17,600.75,600.77,526300,5808,599.44
2025-06-13T13:05:00.000,600.78,600.84,600.37,600.39,423202,6401,599.46
2025-06-13T13:10:00.000,600.3848,600.45,599.7904,600.05,778935,9452,599.47
2025-06-13T13:15:00.000,600.05,600.07,599.17,599.68,1208577,13382,599.47
2025-06-13T13:20:00.000,599.6964,600.72,599.66,600.13,663291,8530,599.49
2025-06-13T13:25:00.000,600.13,600.21,599.5101,599.53,351260,5533,599.49
2025-06-13T13:30:00.000,599.52,600.1,599.46,599.52,536979,8269,599.5
2025-06-13T13:35:00.000,599.53,599.72,599.3,599.4,488240,6517,599.5
2025-06-13T13:40:00.000,599.4,599.76,598.96,599.43,917596,11736,599.49
2025-06-13T13:45:00.000,599.44,599.69,599.2109,599.34,631583,6077,599.49
2025-06-13T13:50:00.000,599.33,600.15,599.29,599.98,625186,8795,599.5
2025-06-13T13:55:00.000,599.97,600.01,599.65,599.78,358922,5784,599.5
2025-06-13T14:00:00.000,599.8,600.29,598.81,599.16,1187085,13194,599.5
2025-06-13T14:05:00.000,599.21,599.7,598.6,598.85,1191847,11071,599.49
2025-06-13T14:10:00.000,598.83,599.16,598.585,598.6102,723434,8651,599.48
2025-06-13T14:15:00.000,598.62,598.65,597.7375,598.56,1772631,16169,599.44
2025-06-13T14:20:00.000,598.57,598.7,597.855,598.11,939403,10728,599.41
2025-06-13T14:25:00.000,598.1,598.245,597.0,597.11,1206309,12350,599.37
2025-06-13T14:30:00.000,597.1,597.33,596.04,596.57,2204233,22833,599.24
2025-06-13T14:35:00.000,596.58,596.73,595.59,596.0301,1695227,18517,599.13
2025-06-13T14:40:00.000,596.03,596.6,595.66,596.18,1419084,14898,599.04
2025-06-13T14:45:00.000,596.2,596.93,596.06,596.2,1541739,14327,598.98
2025-06-13T14:50:00.000,596.2,597.15,596.09,597.0792,943763,11093,598.94
2025-06-13T14:55:00.000,597.06,597.36,596.56,597.21,1006724,11433,598.9
2025-06-13T15:00:00.000,597.19,597.4999,596.25,596.8,1315596,14380,598.85
2025-06-13T15:05:00.000,596.79,597.62,596.6,597.48,827824,10163,598.83
2025-06-13T15:10:00.000,597.47,597.685,596.9,597.45,958489,11287,598.8
2025-06-13T15:15:00.000,597.46,597.61,596.78,596.955,1056006,11521,598.77
2025-06-13T15:20:00.000,596.94,597.43,596.43,596.46,1299377,14966,598.73
2025-06-13T15:25:00.000,596.45,596.57,596.04,596.2692,1294056,14324,598.68
2025-06-13T15:30:00.000,596.28,596.87,595.93,596.1699,2076978,19142,598.62
2025-06-13T15:35:00.000,596.14,597.25,596.04,596.7899,1776224,19093,598.57
2025-06-13T15:40:00.000,596.78,597.1,596.07,596.145,1174048,13373,598.53
2025-06-13T15:45:00.000,596.13,596.85,595.48,596.33,2641283,27334,598.44
2025-06-13T15:50:00.000,596.33,596.74,595.77,595.98,3086723,28116,598.36
2025-06-13T15:55:00.000,595.96,597.12,595.78,596.95,4785375,37939,598.24
2025-06-13T16:00:00.000,596.95,596.95,596.95,596.95,4531,2,598.24
2025-06-14T09:30:00.000,0.0,0.0,0.0,0.0,0,0,0.0
2025-06-14T09:35:00.000,0.0,0.0,0.0,0.0,0,0,0.0
2025-06-14T09:40:00.000,0.0,0.0,0.0,0.0,0,0,0.0
2025-06-14T09:45:00.000,0.0,0.0,0.0,0.0,0,0,0.0
2025-06-14T09:50:00.000,0.0,0.0,0.0,0.0,0,0,0.0
2025-06-14T09:55:00.000,0.0,0.0,0.0,0.0,0,0,0.0
2025-06-14T10:00:00.000,0.0,0.0,0.0,0.0,0,0,0.0
2025-06-14T10:05:00.000,0.0,0.0,0.0,0.0,0,0,0.0
2025-06-14T10:10:00.000,0.0,0.0,0.0,0.0,0,0,0.0
2025-06-14T10:15:00.000,0.0,0.0,0.0,0.0,0,0,0.0
2025-06-14T10:20:00.000,0.0,0.0,0.0,0.0,0,0,0.0
2025-06-14T10:25:00.000,0.0,0.0,0.0,0.0,0,0,0.0
2025-06-14T10:30:00.000,0.0,0.0,0.0,0.0,0,0,0.0
2025-06-14T10:35:00.000,0.0,0.0,0.0,0.0,0,0,0.0
2025-06-14T10:40:00.000,0.0,0.0,0.0,0.0,0,0,0.0
2025-06-14T10:45:00.000,0.0,0.0,0.0,0.0,0,0,0.0
2025-06-14T10:50:00.000,0.0,0.0,0.0,0.0,0,0,0.0
2025-06-14T10:55:00.000,0.0,0.0,0.0,0.0,0,0,0.0
2025-06-14T11:00:00.000,0.0,0.0,0.0,0.0,0,0,0.0
2025-06-14T11:05:00.000,0.0,0.0,0.0,0.0,0,0,0.0
2025-06-14T11:10:00.000,0.0,0.0,0.0,0.0,0,0,0.0
2025-06-14T11:15:00.000,0.0,0.0,0.0,0.0,0,0,0.0
2025-06-14T11:20:00.000,0.0,0.0,0.0,0.0,0,0,0.0
2025-06-14T11:25:00.000,0.0,0.0,0.0,0.0,0,0,0.0
2025-06-14T11:30:00.000,0.0,0.0,0.0,0.0,0,0,0.0
2025-06-14T11:35:00.000,0.0,0.0,0.0,0.0,0,0,0.0
2025-06-14T11:40:00.000,0.0,0.0,0.0,0.0,0,0,0.0
2025-06-14T11:45:00.000,0.0,0.0,0.0,0.0,0,0,0.0
2025-06-14T11:50:00.000,0.0,0.0,0.0,0.0,0,0,0.0
2025-06-14T11:55:00.000,0.0,0.0,0.0,0.0,0,0,0.0
2025-06-14T12:00:00.000,0.0,0.0,0.0,0.0,0,0,0.0
2025-06-14T12:05:00.000,0.0,0.0,0.0,0.0,0,0,0.0
2025-06-14T12:10:00.000,0.0,0.0,0.0,0.0,0,0,0.0
2025-06-14T12:15:00.000,0.0,0.0,0.0,0.0,0,0,0.0
2025-06-14T12:20:00.000,0.0,0.0,0.0,0.0,0,0,0.0
2025-06-14T12:25:00.000,0.0,0.0,0.0,0.0,0,0,0.0
2025-06-14T12:30:00.000,0.0,0.0,0.0,0.0,0,0,0.0
2025-06-14T12:35:00.000,0.0,0.0,0.0,0.0,0,0,0.0
2025-06-14T12:40:00.000,0.0,0.0,0.0,0.0,0,0,0.0
2025-06-14T12:45:00.000,0.0,0.0,0.0,0.0,0,0,0.0
2025-06-14T12:50:00.000,0.0,0.0,0.0,0.0,0,0,0.0
2025-06-14T12:55:00.000,0.0,0.0,0.0,0.0,0,0,0.0
2025-06-14T13:00:00.000,0.0,0.0,0.0,0.0,0,0,0.0
2025-06-14T13:05:00.000,0.0,0.0,0.0,0.0,0,0,0.0
2025-06-14T13:10:00.000,0.0,0.0,0.0,0.0,0,0,0.0
2025-06-14T13:15:00.000,0.0,0.0,0.0,0.0,0,0,0.0
2025-06-14T13:20:00.000,0.0,0.0,0.0,0.0,0,0,0.0
2025-06-14T13:25:00.000,0.0,0.0,0.0,0.0,0,0,0.0
2025-06-14T13:30:00.000,0.0,0.0,0.0,0.0,0,0,0.0
2025-06-14T13:35:00.000,0.0,0.0,0.0,0.0,0,0,0.0
2025-06-14T13:40:00.000,0.0,0.0,0.0,0.0,0,0,0.0
2025-06-14T13:45:00.000,0.0,0.0,0.0,0.0,0,0,0.0
2025-06-14T13:50:00.000,0.0,0.0,0.0,0.0,0,0,0.0
2025-06-14T13:55:00.000,0.0,0.0,0.0,0.0,0,0,0.0
2025-06-14T14:00:00.000,0.0,0.0,0.0,0.0,0,0,0.0
2025-06-14T14:05:00.000,0.0,0.0,0.0,0.0,0,0,0.0
2025-06-14T14:10:00.000,0.0,0.0,0.0,0.0,0,0,0.0
2025-06-14T14:15:00.000,0.0,0.0,0.0,0.0,0,0,0.0
2025-06-14T14:20:00.000,0.0,0.0,0.0,0.0,0,0,0.0
2025-06-14T14:25:00.000,0.0,0.0,0.0,0.0,0,0,0.0
2025-06-14T14:30:00.000,0.0,0.0,0.0,0.0,0,0,0.0
2025-06-14T14:35:00.000,0.0,0.0,0.0,0.0,0,0,0.0
2025-06-14T14:40:00.000,0.0,0.0,0.0,0.0,0,0,0.0
2025-06-14T14:45:00.000,0.0,0.0,0.0,0.0,0,0,0.0
2025-06-14T14:50:00.000,0.0,0.0,0.0,0.0,0,0,0.0
2025-06-14T14:55:00.000,0.0,0.0,0.0,0.0,0,0,0.0
2025-06-14T15:00:00.000,0.0,0.0,0.0,0.0,0,0,0.0
2025-06-14T15:05:00.000,0.0,0.0,0.0,0.0,0,0,0.0
2025-06-14T15:10:00.000,0.0,0.0,0.0,0.0,0,0,0.0
2025-06-14T15:15:00.000,0.0,0.0,0.0,0.0,0,0,0.0
2025-06-14T15:20:00.000,0.0,0.0,0.0,0.0,0,0,0.0
2025-06-14T15:25:00.000,0.0,0.0,0.0,0.0,0,0,0.0
2025-06-14T15:30:00.000,0.0,0.0,0.0,0.0,0,0,0.0
2025-06-14T15:35:00.000,0.0,0.0,0.0,0.0,0,0,0.0
2025-06-14T15:40:00.000,0.0,0.0,0.0,0.0,0,0,0.0
2025-06-14T15:45:00.000,0.0,0.0,0.0,0.0,0,0,0.0
2025-06-14T15:50:00.000,0.0,0.0,0.0,0.0,0,0,0.0
2025-06-14T15:55:00.000,0.0,0.0,0.0,0.0,0,0,0.0
2025-06-14T16:00:00.000,0.0,0.0,0.0,0.0,0,0,0.0
2025-06-15T09:30:00.000,0.0,0.0,0.0,0.0,0,0,0.0
2025-06-15T09:35:00.000,0.0,0.0,0.0,0.0,0,0,0.0
2025-06-15T09:40:00.000,0.0,0.0,0.0,0.0,0,0,0.0
2025-06-15T09:45:00.000,0.0,0.0,0.0,0.0,0,0,0.0
2025-06-15T09:50:00.000,0.0,0.0,0.0,0.0,0,0,0.0
2025-06-15T09:55:00.000,0.0,0.0,0.0,0.0,0,0,0.0
2025-06-15T10:00:00.000,0.0,0.0,0.0,0.0,0,0,0.0
2025-06-15T10:05:00.000,0.0,0.0,0.0,0.0,0,0,0.0
2025-06-15T10:10:00.000,0.0,0.0,0.0,0.0,0,0,0.0
2025-06-15T10:15:00.000,0.0,0.0,0.0,0.0,0,0,0.0
2025-06-15T10:20:00.000,0.0,0.0,0.0,0.0,0,0,0.0
2025-06-15T10:25:00.000,0.0,0.0,0.0,0.0,0,0,0.0
2025-06-15T10:30:00.000,0.0,0.0,0.0,0.0,0,0,0.0
2025-06-15T10:35:00.000,0.0,0.0,0.0,0.0,0,0,0.0
2025-06-15T10:40:00.000,0.0,0.0,0.0,0.0,0,0,0.0
2025-06-15T10:45:00.000,0.0,0.0,0.0,0.0,0,0,0.0
2025-06-15T10:50:00.000,0.0,0.0,0.0,0.0,0,0,0.0
2025-06-15T10:55:00.000,0.0,0.0,0.0,0.0,0,0,0.0
2025-06-15T11:00:00.000,0.0,0.0,0.0,0.0,0,0,0.0
2025-06-15T11:05:00.000,0.0,0.0,0.0,0.0,0,0,0.0
2025-06-15T11:10:00.000,0.0,0.0,0.0,0.0,0,0,0.0
2025-06-15T11:15:00.000,0.0,0.0,0.0,0.0,0,0,0.0
2025-06-15T11:20:00.000,0.0,0.0,0.0,0.0,0,0,0.0
2025-06-15T11:25:00.000,0.0,0.0,0.0,0.0,0,0,0.0
2025-06-15T11:30:00.000,0.0,0.0,0.0,0.0,0,0,0.0
2025-06-15T11:35:00.000,0.0,0.0,0.0,0.0,0,0,0.0
2025-06-15T11:40:00.000,0.0,0.0,0.0,0.0,0,0,0.0
2025-06-15T11:45:00.000,0.0,0.0,0.0,0.0,0,0,0.0
2025-06-15T11:50:00.000,0.0,0.0,0.0,0.0,0,0,0.0
2025-06-15T11:55:00.000,0.0,0.0,0.0,0.0,0,0,0.0
2025-06-15T12:00:00.000,0.0,0.0,0.0,0.0,0,0,0.0
2025-06-15T12:05:00.000,0.0,0.0,0.0,0.0,0,0,0.0
2025-06-15T12:10:00.000,0.0,0.0,0.0,0.0,0,0,0.0
2025-06-15T12:15:00.000,0.0,0.0,0.0,0.0,0,0,0.0
2025-06-15T12:20:00.000,0.0,0.0,0.0,0.0,0,0,0.0
2025-06-15T12:25:00.000,0.0,0.0,0.0,0.0,0,0,0.0
2025-06-15T12:30:00.000,0.0,0.0,0.0,0.0,0,0,0.0
2025-06-15T12:35:00.000,0.0,0.0,0.0,0.0,0,0,0.0
2025-06-15T12:40:00.000,0.0,0.0,0.0,0.0,0,0,0.0
2025-06-15T12:45:00.000,0.0,0.0,0.0,0.0,0,0,0.0
2025-06-15T12:50:00.000,0.0,0.0,0.0,0.0,0,0,0.0
2025-06-15T12:55:00.000,0.0,0.0,0.0,0.0,0,0,0.0
2025-06-15T13:00:00.000,0.0,0.0,0.0,0.0,0,0,0.0
2025-06-15T13:05:00.000,0.0,0.0,0.0,0.0,0,0,0.0
2025-06-15T13:10:00.000,0.0,0.0,0.0,0.0,0,0,0.0
2025-06-15T13:15:00.000,0.0,0.0,0.0,0.0,0,0,0.0
2025-06-15T13:20:00.000,0.0,0.0,0.0,0.0,0,0,0.0
2025-06-15T13:25:00.000,0.0,0.0,0.0,0.0,0,0,0.0
2025-06-15T13:30:00.000,0.0,0.0,0.0,0.0,0,0,0.0
2025-06-15T13:35:00.000,0.0,0.0,0.0,0.0,0,0,0.0
2025-06-15T13:40:00.000,0.0,0.0,0.0,0.0,0,0,0.0
2025-06-15T13:45:00.000,0.0,0.0,0.0,0.0,0,0,0.0
2025-06-15T13:50:00.000,0.0,0.0,0.0,0.0,0,0,0.0
2025-06-15T13:55:00.000,0.0,0.0,0.0,0.0,0,0,0.0
2025-06-15T14:00:00.000,0.0,0.0,0.0,0.0,0,0,0.0
2025-06-15T14:05:00.000,0.0,0.0,0.0,0.0,0,0,0.0
2025-06-15T14:10:00.000,0.0,0.0,0.0,0.0,0,0,0.0
2025-06-15T14:15:00.000,0.0,0.0,0.0,0.0,0,0,0.0
2025-06-15T14:20:00.000,0.0,0.0,0.0,0.0,0,0,0.0
2025-06-15T14:25:00.000,0.0,0.0,0.0,0.0,0,0,0.0
2025-06-15T14:30:00.000,0.0,0.0,0.0,0.0,0,0,0.0
2025-06-15T14:35:00.000,0.0,0.0,0.0,0.0,0,0,0.0
2025-06-15T14:40:00.000,0.0,0.0,0.0,0.0,0,0,0.0
2025-06-15T14:45:00.000,0.0,0.0,0.0,0.0,0,0,0.0
2025-06-15T14:50:00.000,0.0,0.0,0.0,0.0,0,0,0.0
2025-06-15T14:55:00.000,0.0,0.0,0.0,0.0,0,0,0.0
2025-06-15T15:00:00.000,0.0,0.0,0.0,0.0,0,0,0.0
2025-06-15T15:05:00.000,0.0,0.0,0.0,0.0,0,0,0.0
2025-06-15T15:10:00.000,0.0,0.0,0.0,0.0,0,0,0.0
2025-06-15T15:15:00.000,0.0,0.0,0.0,0.0,0,0,0.0
2025-06-15T15:20:00.000,0.0,0.0,0.0,0.0,0,0,0.0
2025-06-15T15:25:00.000,0.0,0.0,0.0,0.0,0,0,0.0
2025-06-15T15:30:00.000,0.0,0.0,0.0,0.0,0,0,0.0
2025-06-15T15:35:00.000,0.0,0.0,0.0,0.0,0,0,0.0
2025-06-15T15:40:00.000,0.0,0.0,0.0,0.0,0,0,0.0
2025-06-15T15:45:00.000,0.0,0.0,0.0,0.0,0,0,0.0
2025-06-15T15:50:00.000,0.0,0.0,0.0,0.0,0,0,0.0
2025-06-15T15:55:00.000,0.0,0.0,0.0,0.0,0,0,0.0
2025-06-15T16:00:00.000,0.0,0.0,0.0,0.0,0,0,0.0
2025-06-16T09:30:00.000,600.4,601.55,600.22,601.53,2271211,27597,601.0
2025-06-16T09:35:00.000,601.53,601.67,601.095,601.491,1450335,16604,601.16
2025-06-16T09:40:00.000,601.5,601.705,601.2101,601.36,972184,12013,601.22
2025-06-16T09:45:00.000,601.37,602.41,601.26,602.135,1721837,19395,601.37
2025-06-16T09:50:00.000,602.14,603.17,601.88,602.79,1995915,21804,601.64
2025-06-16T09:55:00.000,602.79,603.41,602.66,603.05,1593640,18716,601.87
2025-06-16T10:00:00.000,603.07,603.64,603.05,603.435,1232830,19111,602.03
2025-06-16T10:05:00.000,603.45,603.6,602.97,603.019,1164567,18230,602.13
2025-06-16T10:10:00.000,602.98,603.72,602.965,603.67,1107547,10894,602.22
2025-06-16T10:15:00.000,603.66,604.05,603.48,603.97,1174041,11451,602.33
2025-06-16T10:20:00.000,603.9708,604.13,603.78,603.97,1079265,10189,602.42
2025-06-16T10:25:00.000,603.98,604.19,603.77,604.07,800433,10186,602.5
2025-06-16T10:30:00.000,604.07,604.45,604.06,604.32,1097765,11139,602.6
2025-06-16T10:35:00.000,604.311,604.38,603.79,604.01,975924,12124,602.68
2025-06-16T10:40:00.000,604.01,604.25,603.71,604.2,658793,9009,602.72
2025-06-16T10:45:00.000,604.2,604.35,603.88,603.93,768629,9474,602.78
2025-06-16T10:50:00.000,603.93,604.15,603.815,603.875,614592,8330,602.81
2025-06-16T10:55:00.000,603.87,604.0001,603.71,603.9188,1084144,6865,602.84
2025-06-16T11:00:00.000,603.92,604.09,603.575,603.76,932421,9199,602.88
2025-06-16T11:05:00.000,603.76,603.79,603.45,603.53,569695,8039,602.89
2025-06-16T11:10:00.000,603.53,603.7491,603.48,603.67,636825,8444,602.91
2025-06-16T11:15:00.000,603.69,604.04,603.6,603.87,625075,8553,602.94
2025-06-16T11:20:00.000,603.875,604.09,603.74,604.0,576579,7923,602.96
2025-06-16T11:25:00.000,604.0,604.06,603.27,603.378,870111,11091,602.98
2025-06-16T11:30:00.000,603.38,603.63,603.31,603.46,549624,7480,602.99
2025-06-16T11:35:00.000,603.46,603.74,603.22,603.51,872984,11838,603.01
2025-06-16T11:40:00.000,603.52,603.705,603.46,603.54,428599,6124,603.02
2025-06-16T11:45:00.000,603.54,603.84,603.5,603.69,366716,5755,603.02
2025-06-16T11:50:00.000,603.68,603.7,603.2,603.24,513729,6609,603.03
2025-06-16T11:55:00.000,603.23,603.32,602.77,603.1399,1178691,13004,603.03
2025-06-16T12:00:00.000,603.14,603.44,602.83,603.04,511368,6717,603.03
2025-06-16T12:05:00.000,603.05,603.19,602.85,603.075,368942,5107,603.03
2025-06-16T12:10:00.000,603.085,603.4,602.96,603.29,251332,4430,603.03
2025-06-16T12:15:00.000,603.28,603.5899,603.16,603.415,331996,5279,603.04
2025-06-16T12:20:00.000,603.41,603.66,603.205,603.2979,372213,5700,603.04
2025-06-16T12:25:00.000,603.29,603.315,602.9,603.02,550701,6584,603.04
2025-06-16T12:30:00.000,603.02,603.21,602.98,602.99,317794,4413,603.04
2025-06-16T12:35:00.000,602.99,603.19,602.805,602.9795,481721,5836,603.04
2025-06-16T12:40:00.000,602.98,602.99,602.51,602.61,469870,6012,603.04
2025-06-16T12:45:00.000,602.6199,602.92,602.47,602.72,508976,6383,603.03
2025-06-16T12:50:00.000,602.72,603.18,602.67,603.06,1237603,5471,603.03
2025-06-16T12:55:00.000,603.05,603.06,602.52,602.73,493652,4807,603.03
2025-06-16T13:00:00.000,602.73,602.84,602.58,602.675,460458,4879,603.02
2025-06-16T13:05:00.000,602.68,602.76,602.401,602.7599,451413,5630,603.02
2025-06-16T13:10:00.000,602.76,602.84,602.35,602.43,461268,5650,603.01
2025-06-16T13:15:00.000,602.42,602.74,602.3301,602.72,500093,6084,603.01
2025-06-16T13:20:00.000,602.71,602.92,602.675,602.82,435678,5507,603.0
2025-06-16T13:25:00.000,602.81,603.56,602.8,603.38,754728,9599,603.01
2025-06-16T13:30:00.000,603.39,603.71,603.27,603.48,788177,10687,603.02
2025-06-16T13:35:00.000,603.48,603.54,603.09,603.11,494330,6755,603.02
2025-06-16T13:40:00.000,603.09,603.4,603.07,603.095,412928,5669,603.02
2025-06-16T13:45:00.000,603.11,603.2588,602.91,603.03,387866,5487,603.02
2025-06-16T13:50:00.000,603.03,603.16,602.62,602.63,487952,6536,603.02
2025-06-16T13:55:00.000,602.63,602.6499,602.13,602.3099,785529,9198,603.01
2025-06-16T14:00:00.000,602.31,602.66,602.255,602.628,513665,6328,603.0
2025-06-16T14:05:00.000,602.63,602.87,602.49,602.56,416430,5411,603.0
2025-06-16T14:10:00.000,602.54,602.65,602.36,602.64,405377,5079,602.99
2025-06-16T14:15:00.000,602.64,602.69,602.37,602.47,611883,4780,602.99
2025-06-16T14:20:00.000,602.47,602.73,602.26,602.705,756228,6086,602.98
2025-06-16T14:25:00.000,602.71,602.749,602.52,602.56,339352,4674,602.98
2025-06-16T14:30:00.000,602.57,602.65,602.3,602.39,795517,5526,602.97
2025-06-16T14:35:00.000,602.39,602.41,602.14,602.289,490937,5942,602.97
2025-06-16T14:40:00.000,602.28,602.39,602.21,602.29,431532,5595,602.96
2025-06-16T14:45:00.000,602.28,602.3,601.99,601.99,778953,7235,602.95
2025-06-16T14:50:00.000,601.98,602.45,601.85,602.435,738801,9063,602.94
2025-06-16T14:55:00.000,602.43,602.77,602.43,602.5046,619078,7573,602.93
2025-06-16T15:00:00.000,602.5,602.62,602.18,602.25,542641,6435,602.92
2025-06-16T15:05:00.000,602.26,602.26,601.89,601.9299,686494,6836,602.91
2025-06-16T15:10:00.000,601.93,602.24,601.73,601.9501,1060875,11720,602.89
2025-06-16T15:15:00.000,601.95,602.21,601.79,601.8,2245516,7587,602.88
2025-06-16T15:20:00.000,601.79,602.47,601.64,602.13,1318011,13903,602.86
2025-06-16T15:25:00.000,602.12,602.6,602.01,602.05,913487,9699,602.84
2025-06-16T15:30:00.000,602.04,602.2,601.79,601.93,1246830,9925,602.83
2025-06-16T15:35:00.000,601.91,602.2,601.9,602.025,984756,9697,602.82
2025-06-16T15:40:00.000,602.025,602.27,602.005,602.25,869640,9291,602.81
2025-06-16T15:45:00.000,602.25,602.67,602.22,602.475,1478872,15308,602.8
2025-06-16T15:50:00.000,602.47,602.7,601.99,602.46,1909934,19415,602.78
2025-06-16T15:55:00.000,602.47,602.8,601.79,602.71,4596792,38081,602.74
2025-06-16T16:00:00.000,602.71,602.71,602.71,602.71,1906,3,602.74
2025-06-17T09:30:00.000,600.21,600.88,599.95,600.43,1653855,17391,600.45
2025-06-17T09:35:00.000,600.43,600.565,599.95,600.545,1087705,13294,600.39
2025-06-17T09:40:00.000,600.54,600.79,599.77,599.99,1321062,16229,600.36
2025-06-17T09:45:00.000,600.0,600.54,599.18,600.23,1167249,14182,600.33
2025-06-17T09:50:00.000,600.2,600.92,599.96,600.485,974656,12070,600.36
2025-06-17T09:55:00.000,600.49,600.95,600.24,600.865,1077046,11485,600.4
2025-06-17T10:00:00.000,600.86,601.24,600.3309,600.49,994839,12074,600.44
2025-06-17T10:05:00.000,600.5,601.17,600.39,601.155,924684,9435,600.47
2025-06-17T10:10:00.000,601.16,601.64,601.075,601.52,959653,10782,600.56
2025-06-17T10:15:00.000,601.52,601.6,601.06,601.1903,581183,8297,600.6
2025-06-17T10:20:00.000,601.21,601.43,601.002,601.08,454956,6705,600.63
2025-06-17T10:25:00.000,601.0785,601.2999,601.01,601.17,432377,6286,600.65
2025-06-17T10:30:00.000,601.14,601.4,601.08,601.0801,420182,10031,600.67
2025-06-17T10:35:00.000,601.08,601.0801,600.62,600.9899,639741,8503,600.68
2025-06-17T10:40:00.000,600.99,601.01,600.48,600.61,611927,8314,600.68
2025-06-17T10:45:00.000,600.61,601.08,600.56,600.95,425241,6112,600.68
2025-06-17T10:50:00.000,600.94,601.17,600.69,600.84,944794,8249,600.69
2025-06-17T10:55:00.000,600.83,600.88,600.37,600.4799,444801,6451,600.69
2025-06-17T11:00:00.000,600.49,601.0213,600.39,600.97,453114,6786,600.69
2025-06-17T11:05:00.000,600.98,601.215,600.915,601.19,454291,6118,600.7
2025-06-17T11:10:00.000,601.19,601.75,601.16,601.66,664136,7976,600.73
2025-06-17T11:15:00.000,601.66,601.675,600.89,601.2,685435,8359,600.75
2025-06-17T11:20:00.000,601.18,601.2099,600.76,600.875,740503,6555,600.76
2025-06-17T11:25:00.000,600.87,600.8788,600.38,600.47,490672,6439,600.75
2025-06-17T11:30:00.000,600.47,600.63,600.23,600.4601,571579,7031,600.74
2025-06-17T11:35:00.000,600.45,600.8381,600.22,600.6,552939,7444,600.74
2025-06-17T11:40:00.000,600.6,601.13,600.59,601.0512,383834,5278,600.74
2025-06-17T11:45:00.000,601.05,601.17,600.5,600.85,620117,7181,600.75
2025-06-17T11:50:00.000,600.86,601.22,600.77,601.02,503371,4762,600.75
2025-06-17T11:55:00.000,601.01,601.01,600.64,600.705,455088,6230,600.75
2025-06-17T12:00:00.000,600.74,601.38,600.71,601.245,566104,6621,600.76
2025-06-17T12:05:00.000,601.22,601.4,600.54,600.96,1009349,11855,600.77
2025-06-17T12:10:00.000,600.95,601.47,600.94,601.42,489332,6207,600.78
2025-06-17T12:15:00.000,601.41,601.5801,601.2893,601.432,403260,5253,600.79
2025-06-17T12:20:00.000,601.43,601.55,601.13,601.16,392906,4861,600.8
2025-06-17T12:25:00.000,601.1578,601.36,601.11,601.15,213633,3857,600.8
2025-06-17T12:30:00.000,601.15,601.49,601.03,601.475,317243,4224,600.81
2025-06-17T12:35:00.000,601.48,601.59,601.33,601.35,308831,4487,600.82
2025-06-17T12:40:00.000,601.33,601.37,600.46,600.72,644078,8180,600.82
2025-06-17T12:45:00.000,600.73,601.1,600.15,600.55,951782,10803,600.81
2025-06-17T12:50:00.000,600.54,600.71,600.2,600.37,956428,10404,600.8
2025-06-17T12:55:00.000,600.38,600.39,599.5,599.78,1223023,12585,600.76
2025-06-17T13:00:00.000,599.79,600.1807,599.45,600.0,1300788,10052,600.72
2025-06-17T13:05:00.000,600.0,600.02,599.47,600.0,688427,8313,600.7
2025-06-17T13:10:00.000,599.98,600.2,599.87,599.97,552671,6122,600.68
2025-06-17T13:15:00.000,599.97,600.04,599.635,599.67,582510,7145,600.67
2025-06-17T13:20:00.000,599.67,599.7495,599.3,599.4799,709806,7728,600.65
2025-06-17T13:25:00.000,599.47,599.47,598.99,599.0,1202389,9979,600.61
2025-06-17T13:30:00.000,598.99,599.64,598.57,599.59,1333696,12734,600.56
2025-06-17T13:35:00.000,599.59,599.9,599.22,599.38,574273,7536,600.54
2025-06-17T13:40:00.000,599.37,599.7,598.79,598.87,558656,7422,600.52
2025-06-17T13:45:00.000,598.87,599.05,597.6909,598.12,1689221,19143,600.42
2025-06-17T13:50:00.000,598.11,598.32,597.41,598.1601,1164684,14205,600.34
2025-06-17T13:55:00.000,598.18,598.6501,598.02,598.02,912874,10797,600.3
2025-06-17T14:00:00.000,598.02,598.02,597.09,597.41,1767866,18193,600.17
2025-06-17T14:05:00.000,597.41,597.9654,597.4,597.935,977492,12663,600.11
2025-06-17T14:10:00.000,597.93,598.18,597.64,597.71,708690,8847,600.08
2025-06-17T14:15:00.000,597.7,597.91,597.4,597.67,777869,9342,600.03
2025-06-17T14:20:00.000,597.65,597.83,597.41,597.43,656109,8181,600.0
2025-06-17T14:25:00.000,597.44,597.5675,596.96,597.39,1558527,18516,599.9
2025-06-17T14:30:00.000,597.4,597.9,597.31,597.86,868030,10768,599.86
2025-06-17T14:35:00.000,597.86,598.005,597.31,597.47,899014,11379,599.82
2025-06-17T14:40:00.000,597.43,597.54,596.76,597.25,972016,12187,599.76
2025-06-17T14:45:00.000,597.26,597.67,597.15,597.39,712677,9396,599.73
2025-06-17T14:50:00.000,597.38,597.57,597.2,597.5299,541276,7451,599.7
2025-06-17T14:55:00.000,597.54,598.16,597.51,598.12,1039476,12519,599.67
2025-06-17T15:00:00.000,598.12,598.22,597.55,597.62,1007159,9938,599.64
2025-06-17T15:05:00.000,597.62,597.85,597.38,597.81,768235,9688,599.61
2025-06-17T15:10:00.000,597.805,598.21,597.55,597.92,1040836,11854,599.57
2025-06-17T15:15:00.000,597.9,598.09,597.64,597.7399,857504,10007,599.54
2025-06-17T15:20:00.000,597.72,598.3288,597.7,598.28,753335,9181,599.52
2025-06-17T15:25:00.000,598.27,598.37,598.125,598.25,571523,7098,599.51
2025-06-17T15:30:00.000,598.24,598.36,597.9,598.15,835385,9782,599.49
2025-06-17T15:35:00.000,598.165,598.38,597.94,597.97,985465,10951,599.47
2025-06-17T15:40:00.000,597.96,598.1,597.55,597.9,1083539,12599,599.44
2025-06-17T15:45:00.000,597.9,598.34,597.82,598.31,1473798,14963,599.41
2025-06-17T15:50:00.000,598.31,598.61,597.65,597.83,2094093,22103,599.36
2025-06-17T15:55:00.000,597.83,598.05,597.29,597.55,4681826,39696,599.23
2025-06-17T16:00:00.000,597.57,597.57,597.56,597.56,7464,5,599.23
2025-06-18T09:30:00.000,598.44,598.45,597.36,597.5152,1578777,17958,597.88
2025-06-18T09:35:00.000,597.52,598.26,597.495,598.105,889891,10331,597.89
2025-06-18T09:40:00.000,598.13,598.35,597.87,598.18,741699,9571,597.94
2025-06-18T09:45:00.000,598.17,598.88,598.12,598.81,761096,9368,598.04
2025-06-18T09:50:00.000,598.81,599.5882,598.78,599.1825,989380,11482,598.26
2025-06-18T09:55:00.000,599.18,599.37,599.11,599.12,665492,7821,598.38
2025-06-18T10:00:00.000,599.13,599.78,598.73,599.58,999718,12062,598.5
2025-06-18T10:05:00.000,599.58,599.92,599.33,599.595,852624,9420,598.61
2025-06-18T10:10:00.000,599.6,600.22,599.41,600.08,862022,9306,598.72
2025-06-18T10:15:00.000,600.0818,600.62,600.02,600.4,874929,9037,598.86
2025-06-18T10:20:00.000,600.39,600.9201,600.38,600.74,1123765,11038,599.02
2025-06-18T10:25:00.000,600.75,601.04,600.745,600.7708,657717,9061,599.14
2025-06-18T10:30:00.000,600.78,601.21,600.72,601.12,854088,9107,599.24
2025-06-18T10:35:00.000,601.12,601.2,600.86,601.14,786912,7322,599.33
2025-06-18T10:40:00.000,601.15,601.2,600.65,601.015,917871,8822,599.41
2025-06-18T10:45:00.000,601.03,601.22,600.64,600.835,435015,6419,599.46
2025-06-18T10:50:00.000,600.83,600.99,600.57,600.61,360104,9577,599.5
2025-06-18T10:55:00.000,600.61,600.9,600.54,600.84,309432,4965,599.52
2025-06-18T11:00:00.000,600.83,600.9,600.645,600.86,529076,4217,599.55
2025-06-18T11:05:00.000,600.85,600.8701,600.35,600.44,367514,5403,599.57
2025-06-18T11:10:00.000,600.44,600.57,600.31,600.37,279901,4367,599.59
2025-06-18T11:15:00.000,600.37,600.49,600.22,600.27,300238,4607,599.6
2025-06-18T11:20:00.000,600.27,600.36,600.08,600.1192,368687,4597,599.62
2025-06-18T11:25:00.000,600.1098,600.26,599.895,600.1,439002,6075,599.63
2025-06-18T11:30:00.000,600.13,600.355,600.03,600.11,825516,4934,599.64
2025-06-18T11:35:00.000,600.1108,600.195,599.89,600.175,403029,4506,599.65
2025-06-18T11:40:00.000,600.17,600.255,599.68,599.9648,520851,7097,599.66
2025-06-18T11:45:00.000,599.96,600.24,599.8612,600.17,294599,4278,599.66
2025-06-18T11:50:00.000,600.16,600.52,600.12,600.4618,465961,4908,599.68
2025-06-18T11:55:00.000,600.48,600.51,599.62,599.7393,625305,6908,599.68
2025-06-18T12:00:00.000,599.72,600.01,599.43,600.0099,480951,5964,599.68
2025-06-18T12:05:00.000,600.01,600.32,599.78,600.24,529985,5280,599.69
2025-06-18T12:10:00.000,600.23,600.29,600.02,600.18,397006,3987,599.7
2025-06-18T12:15:00.000,600.1802,600.24,599.79,599.855,278115,4306,599.7
2025-06-18T12:20:00.000,599.84,600.125,599.82,599.935,277692,2775,599.7
2025-06-18T12:25:00.000,599.929,600.01,599.4,599.495,348262,4666,599.7
2025-06-18T12:30:00.000,599.49,599.74,599.38,599.641,576002,4399,599.7
2025-06-18T12:35:00.000,599.64,599.7,599.4,599.68,220642,3500,599.7
2025-06-18T12:40:00.000,599.6991,599.79,599.525,599.745,265806,3639,599.69
2025-06-18T12:45:00.000,599.74,599.8499,599.5,599.569,232369,3667,599.69
2025-06-18T12:50:00.000,599.5599,600.11,599.5,599.5488,521966,5976,599.7
2025-06-18T12:55:00.000,599.53,599.77,599.43,599.465,466335,3865,599.69
2025-06-18T13:00:00.000,599.46,599.7,599.32,599.6001,492785,5339,599.69
2025-06-18T13:05:00.000,599.6,599.64,599.41,599.585,205308,3124,599.69
2025-06-18T13:10:00.000,599.62,599.705,599.31,599.45,302729,4275,599.69
2025-06-18T13:15:00.000,599.45,599.63,599.4001,599.49,204037,3543,599.68
2025-06-18T13:20:00.000,599.48,599.505,598.98,599.115,366687,4749,599.68
2025-06-18T13:25:00.000,599.1,599.18,598.82,598.875,312674,4517,599.67
2025-06-18T13:30:00.000,598.88,599.0,598.04,598.42,861181,10437,599.62
2025-06-18T13:35:00.000,598.38,598.895,598.06,598.87,753878,6735,599.6
2025-06-18T13:40:00.000,598.86,599.34,598.71,599.27,409621,5587,599.59
2025-06-18T13:45:00.000,599.28,599.76,599.2519,599.47,452587,5443,599.59
2025-06-18T13:50:00.000,599.46,599.87,599.26,599.79,318943,4762,599.59
2025-06-18T13:55:00.000,599.78,599.9699,599.43,599.52,2851754,5544,599.59
2025-06-18T14:00:00.000,599.61,601.0,598.6,598.62,1857108,20383,599.61
2025-06-18T14:05:00.000,598.61,599.59,598.45,599.07,992725,9777,599.59
2025-06-18T14:10:00.000,599.02,599.51,598.7,599.4,603011,7633,599.58
2025-06-18T14:15:00.000,599.42,599.71,599.0596,599.11,675331,6995,599.58
2025-06-18T14:20:00.000,599.09,599.23,598.7,599.06,469959,6616,599.57
2025-06-18T14:25:00.000,599.059,599.54,598.97,599.34,456586,6030,599.57
2025-06-18T14:30:00.000,599.35,600.25,599.07,600.1,2516825,7988,599.57
2025-06-18T14:35:00.000,600.11,600.1199,598.88,599.71,1401210,12289,599.57
2025-06-18T14:40:00.000,599.71,600.87,599.51,600.375,1363131,14080,599.6
2025-06-18T14:45:00.000,600.37,600.37,599.37,599.51,835989,9795,599.6
2025-06-18T14:50:00.000,599.54,599.54,598.19,598.59,1273856,14394,599.58
2025-06-18T14:55:00.000,598.59,598.64,596.67,597.27,2182191,24067,599.45
2025-06-18T15:00:00.000,597.27,598.17,596.47,598.04,2438182,22660,599.33
2025-06-18T15:05:00.000,598.05,598.35,597.21,597.38,1212066,11943,599.29
2025-06-18T15:10:00.000,597.36,598.77,596.81,598.38,1897068,20841,599.23
2025-06-18T15:15:00.000,598.4,598.4,597.72,598.25,1127908,10963,599.2
2025-06-18T15:20:00.000,598.25,598.93,598.09,598.491,1036631,11371,599.19
2025-06-18T15:25:00.000,598.49,598.51,596.88,596.92,1414518,14469,599.15
2025-06-18T15:30:00.000,596.89,597.94,596.63,597.82,1201969,11421,599.11
2025-06-18T15:35:00.000,597.81,598.41,597.62,598.17,913169,10357,599.09
2025-06-18T15:40:00.000,598.15,598.77,597.93,598.76,871643,10624,599.08
2025-06-18T15:45:00.000,598.75,598.795,598.24,598.35,1322095,13112,599.07
2025-06-18T15:50:00.000,598.36,598.72,597.52,597.57,1835330,20481,599.04
2025-06-18T15:55:00.000,597.57,597.93,597.03,597.46,3885091,32324,598.92
2025-06-18T16:00:00.000,597.45,597.46,597.45,597.45,340,3,598.92
2025-06-19T09:30:00.000,0.0,0.0,0.0,0.0,0,0,0.0
2025-06-19T09:35:00.000,0.0,0.0,0.0,0.0,0,0,0.0
2025-06-19T09:40:00.000,0.0,0.0,0.0,0.0,0,0,0.0
2025-06-19T09:45:00.000,0.0,0.0,0.0,0.0,0,0,0.0
2025-06-19T09:50:00.000,0.0,0.0,0.0,0.0,0,0,0.0
2025-06-19T09:55:00.000,0.0,0.0,0.0,0.0,0,0,0.0
2025-06-19T10:00:00.000,0.0,0.0,0.0,0.0,0,0,0.0
2025-06-19T10:05:00.000,0.0,0.0,0.0,0.0,0,0,0.0
2025-06-19T10:10:00.000,0.0,0.0,0.0,0.0,0,0,0.0
2025-06-19T10:15:00.000,0.0,0.0,0.0,0.0,0,0,0.0
2025-06-19T10:20:00.000,0.0,0.0,0.0,0.0,0,0,0.0
2025-06-19T10:25:00.000,0.0,0.0,0.0,0.0,0,0,0.0
2025-06-19T10:30:00.000,0.0,0.0,0.0,0.0,0,0,0.0
2025-06-19T10:35:00.000,0.0,0.0,0.0,0.0,0,0,0.0
2025-06-19T10:40:00.000,0.0,0.0,0.0,0.0,0,0,0.0
2025-06-19T10:45:00.000,0.0,0.0,0.0,0.0,0,0,0.0
2025-06-19T10:50:00.000,0.0,0.0,0.0,0.0,0,0,0.0
2025-06-19T10:55:00.000,0.0,0.0,0.0,0.0,0,0,0.0
2025-06-19T11:00:00.000,0.0,0.0,0.0,0.0,0,0,0.0
2025-06-19T11:05:00.000,0.0,0.0,0.0,0.0,0,0,0.0
2025-06-19T11:10:00.000,0.0,0.0,0.0,0.0,0,0,0.0
2025-06-19T11:15:00.000,0.0,0.0,0.0,0.0,0,0,0.0
2025-06-19T11:20:00.000,0.0,0.0,0.0,0.0,0,0,0.0
2025-06-19T11:25:00.000,0.0,0.0,0.0,0.0,0,0,0.0
2025-06-19T11:30:00.000,0.0,0.0,0.0,0.0,0,0,0.0
2025-06-19T11:35:00.000,0.0,0.0,0.0,0.0,0,0,0.0
2025-06-19T11:40:00.000,0.0,0.0,0.0,0.0,0,0,0.0
2025-06-19T11:45:00.000,0.0,0.0,0.0,0.0,0,0,0.0
2025-06-19T11:50:00.000,0.0,0.0,0.0,0.0,0,0,0.0
2025-06-19T11:55:00.000,0.0,0.0,0.0,0.0,0,0,0.0
2025-06-19T12:00:00.000,0.0,0.0,0.0,0.0,0,0,0.0
2025-06-19T12:05:00.000,0.0,0.0,0.0,0.0,0,0,0.0
2025-06-19T12:10:00.000,0.0,0.0,0.0,0.0,0,0,0.0
2025-06-19T12:15:00.000,0.0,0.0,0.0,0.0,0,0,0.0
2025-06-19T12:20:00.000,0.0,0.0,0.0,0.0,0,0,0.0
2025-06-19T12:25:00.000,0.0,0.0,0.0,0.0,0,0,0.0
2025-06-19T12:30:00.000,0.0,0.0,0.0,0.0,0,0,0.0
2025-06-19T12:35:00.000,0.0,0.0,0.0,0.0,0,0,0.0
2025-06-19T12:40:00.000,0.0,0.0,0.0,0.0,0,0,0.0
2025-06-19T12:45:00.000,0.0,0.0,0.0,0.0,0,0,0.0
2025-06-19T12:50:00.000,0.0,0.0,0.0,0.0,0,0,0.0
2025-06-19T12:55:00.000,0.0,0.0,0.0,0.0,0,0,0.0
2025-06-19T13:00:00.000,0.0,0.0,0.0,0.0,0,0,0.0
2025-06-19T13:05:00.000,0.0,0.0,0.0,0.0,0,0,0.0
2025-06-19T13:10:00.000,0.0,0.0,0.0,0.0,0,0,0.0
2025-06-19T13:15:00.000,0.0,0.0,0.0,0.0,0,0,0.0
2025-06-19T13:20:00.000,0.0,0.0,0.0,0.0,0,0,0.0
2025-06-19T13:25:00.000,0.0,0.0,0.0,0.0,0,0,0.0
2025-06-19T13:30:00.000,0.0,0.0,0.0,0.0,0,0,0.0
2025-06-19T13:35:00.000,0.0,0.0,0.0,0.0,0,0,0.0
2025-06-19T13:40:00.000,0.0,0.0,0.0,0.0,0,0,0.0
2025-06-19T13:45:00.000,0.0,0.0,0.0,0.0,0,0,0.0
2025-06-19T13:50:00.000,0.0,0.0,0.0,0.0,0,0,0.0
2025-06-19T13:55:00.000,0.0,0.0,0.0,0.0,0,0,0.0
2025-06-19T14:00:00.000,0.0,0.0,0.0,0.0,0,0,0.0
2025-06-19T14:05:00.000,0.0,0.0,0.0,0.0,0,0,0.0
2025-06-19T14:10:00.000,0.0,0.0,0.0,0.0,0,0,0.0
2025-06-19T14:15:00.000,0.0,0.0,0.0,0.0,0,0,0.0
2025-06-19T14:20:00.000,0.0,0.0,0.0,0.0,0,0,0.0
2025-06-19T14:25:00.000,0.0,0.0,0.0,0.0,0,0,0.0
2025-06-19T14:30:00.000,0.0,0.0,0.0,0.0,0,0,0.0
2025-06-19T14:35:00.000,0.0,0.0,0.0,0.0,0,0,0.0
2025-06-19T14:40:00.000,0.0,0.0,0.0,0.0,0,0,0.0
2025-06-19T14:45:00.000,0.0,0.0,0.0,0.0,0,0,0.0
2025-06-19T14:50:00.000,0.0,0.0,0.0,0.0,0,0,0.0
2025-06-19T14:55:00.000,0.0,0.0,0.0,0.0,0,0,0.0
2025-06-19T15:00:00.000,0.0,0.0,0.0,0.0,0,0,0.0
2025-06-19T15:05:00.000,0.0,0.0,0.0,0.0,0,0,0.0
2025-06-19T15:10:00.000,0.0,0.0,0.0,0.0,0,0,0.0
2025-06-19T15:15:00.000,0.0,0.0,0.0,0.0,0,0,0.0
2025-06-19T15:20:00.000,0.0,0.0,0.0,0.0,0,0,0.0
2025-06-19T15:25:00.000,0.0,0.0,0.0,0.0,0,0,0.0
2025-06-19T15:30:00.000,0.0,0.0,0.0,0.0,0,0,0.0
2025-06-19T15:35:00.000,0.0,0.0,0.0,0.0,0,0,0.0
2025-06-19T15:40:00.000,0.0,0.0,0.0,0.0,0,0,0.0
2025-06-19T15:45:00.000,0.0,0.0,0.0,0.0,0,0,0.0
2025-06-19T15:50:00.000,0.0,0.0,0.0,0.0,0,0,0.0
2025-06-19T15:55:00.000,0.0,0.0,0.0,0.0,0,0,0.0
2025-06-19T16:00:00.000,0.0,0.0,0.0,0.0,0,0,0.0
2025-06-20T09:30:00.000,598.38,598.62,597.65,598.31,2018140,25346,598.13
2025-06-20T09:35:00.000,598.29,599.2,598.27,599.14,3238075,18032,598.39
2025-06-20T09:40:00.000,599.16,599.45,598.91,599.3393,1003605,11998,598.56
2025-06-20T09:45:00.000,599.33,599.46,597.92,597.96,1376493,16519,598.57
2025-06-20T09:50:00.000,597.99,598.01,597.38,597.72,1170159,15348,598.43
2025-06-20T09:55:00.000,597.72,597.8,597.16,597.35,725868,9652,598.35
2025-06-20T10:00:00.000,597.35,597.59,597.1,597.45,1054871,11625,598.25
2025-06-20T10:05:00.000,597.46,597.58,596.72,597.0,883126,12181,598.15
2025-06-20T10:10:00.000,597.02,597.18,596.62,597.06,905425,9644,598.07
2025-06-20T10:15:00.000,597.06,597.33,596.74,597.22,618773,8384,598.02
2025-06-20T10:20:00.000,597.22,597.42,595.84,595.875,794260,11292,597.93
2025-06-20T10:25:00.000,595.862,596.4048,595.3112,596.15,1632274,16819,597.7
2025-06-20T10:30:00.000,596.16,596.25,595.73,595.77,632454,9079,597.62
2025-06-20T10:35:00.000,595.78,596.47,595.72,596.28,673163,17364,597.57
2025-06-20T10:40:00.000,596.27,596.61,594.72,595.2814,1627981,19085,597.37
2025-06-20T10:45:00.000,595.3,595.3,594.58,594.88,965768,11404,597.25
2025-06-20T10:50:00.000,594.86,594.86,593.98,594.09,2214824,15883,597.06
2025-06-20T10:55:00.000,594.08,594.81,593.99,594.38,765828,10579,596.96
2025-06-20T11:00:00.000,594.37,594.39,593.5,593.655,1212578,14804,596.77
2025-06-20T11:05:00.000,593.65,594.48,593.56,594.2888,934127,10719,596.67
2025-06-20T11:10:00.000,594.3,595.15,594.23,595.12,852837,10714,596.59
2025-06-20T11:15:00.000,595.11,595.63,594.96,595.48,687073,7970,596.56
2025-06-20T11:20:00.000,595.49,595.52,594.94,595.31,638744,7697,596.53
2025-06-20T11:25:00.000,595.27,595.555,595.0401,595.11,427527,5996,596.51
2025-06-20T11:30:00.000,595.09,595.9,595.0401,595.87,625334,8568,596.48
2025-06-20T11:35:00.000,595.87,596.295,595.68,596.245,748979,7711,596.47
2025-06-20T11:40:00.000,596.24,596.37,595.98,596.3,8615233,7754,596.47
2025-06-20T11:45:00.000,596.3,596.33,595.8148,596.13,633119,7312,596.46
2025-06-20T11:50:00.000,596.16,596.17,594.8999,594.92,779115,9832,596.43
2025-06-20T11:55:00.000,594.92,595.09,594.6,594.702,620127,7353,596.41
2025-06-20T12:00:00.000,594.71,594.83,594.44,594.64,576457,6404,596.38
2025-06-20T12:05:00.000,594.62,595.06,594.5,595.01,591256,8411,596.34
2025-06-20T12:10:00.000,594.98,595.3548,594.48,594.59,531128,7572,596.32
2025-06-20T12:15:00.000,594.58,594.8,594.225,594.785,807530,7227,596.29
2025-06-20T12:20:00.000,594.8,594.98,594.38,594.92,440558,6215,596.27
2025-06-20T12:25:00.000,594.92,595.14,594.61,594.93,373462,5735,596.25
2025-06-20T12:30:00.000,594.92,595.33,594.91,595.21,312059,4936,596.24
2025-06-20T12:35:00.000,595.16,595.54,595.13,595.43,296718,4771,596.23
2025-06-20T12:40:00.000,595.4454,595.47,594.88,595.248,383231,5627,596.22
2025-06-20T12:45:00.000,595.24,595.5588,594.96,595.02,354513,5092,596.21
2025-06-20T12:50:00.000,595.01,595.58,594.94,595.48,422141,5785,596.19
2025-06-20T12:55:00.000,595.47,595.7,594.92,595.315,795471,8914,596.18
2025-06-20T13:00:00.000,595.33,595.85,595.045,595.06,587068,7222,596.16
2025-06-20T13:05:00.000,595.04,595.16,594.74,595.0499,385957,5390,596.15
2025-06-20T13:10:00.000,595.0307,595.48,594.89,595.34,360111,4927,596.14
2025-06-20T13:15:00.000,595.34,595.97,594.7401,594.77,2496535,8705,596.12
2025-06-20T13:20:00.000,594.765,594.98,594.43,594.55,488294,5906,596.1
2025-06-20T13:25:00.000,594.55,594.65,593.54,593.555,842393,11094,596.05
2025-06-20T13:30:00.000,593.545,593.7,593.21,593.49,828599,11684,595.99
2025-06-20T13:35:00.000,593.49,593.7099,592.86,593.015,853360,11225,595.93
2025-06-20T13:40:00.000,593.03,593.9,592.9903,593.41,926097,9382,595.87
2025-06-20T13:45:00.000,593.41,593.72,593.31,593.4999,418576,6321,595.85
2025-06-20T13:50:00.000,593.5,593.82,593.45,593.72,574603,6234,595.82
2025-06-20T13:55:00.000,593.73,594.1,593.71,594.04,465469,6331,595.8
2025-06-20T14:00:00.000,594.03,594.39,593.89,594.34,546198,6774,595.78
2025-06-20T14:05:00.000,594.325,594.4,594.1648,594.32,528474,5773,595.76
2025-06-20T14:10:00.000,594.3,594.46,594.26,594.385,487733,5209,595.74
2025-06-20T14:15:00.000,594.37,595.31,594.3301,595.28,589120,7736,595.73
2025-06-20T14:20:00.000,595.3,595.35,595.03,595.2408,610719,6631,595.72
2025-06-20T14:25:00.000,595.235,595.26,594.76,594.88,543203,7272,595.71
2025-06-20T14:30:00.000,594.88,595.225,594.75,595.0799,394232,5800,595.71
2025-06-20T14:35:00.000,595.08,595.2,594.65,594.8,592635,5291,595.7
2025-06-20T14:40:00.000,594.81,594.9182,594.5201,594.6169,592094,6304,595.69
2025-06-20T14:45:00.000,594.61,594.7901,594.47,594.58,303570,4789,595.68
2025-06-20T14:50:00.000,594.57,594.57,594.29,594.4,525106,5371,595.67
2025-06-20T14:55:00.000,594.4,594.44,593.36,593.6,948252,12466,595.63
2025-06-20T15:00:00.000,593.62,594.01,593.33,593.67,818320,10133,595.6
2025-06-20T15:05:00.000,593.64,593.97,593.505,593.64,634655,7791,595.57
2025-06-20T15:10:00.000,593.65,593.95,593.51,593.68,836052,7558,595.55
2025-06-20T15:15:00.000,593.64,593.84,593.4501,593.765,528975,6532,595.52
2025-06-20T15:20:00.000,593.77,593.94,593.52,593.73,760847,7708,595.5
2025-06-20T15:25:00.000,593.73,593.82,593.24,593.47,841886,8530,595.47
2025-06-20T15:30:00.000,593.46,593.795,593.46,593.7,1009685,10287,595.44
2025-06-20T15:35:00.000,593.69,593.9195,593.3848,593.52,1378355,13514,595.39
2025-06-20T15:40:00.000,593.51,593.78,593.3101,593.68,1482942,10073,595.36
2025-06-20T15:45:00.000,593.67,593.8299,593.47,593.5,1072253,13304,595.33
2025-06-20T15:50:00.000,593.5,594.485,593.25,594.21,2549967,26725,595.28
2025-06-20T15:55:00.000,594.2,594.97,593.78,594.23,5971267,47693,595.18
2025-06-20T16:00:00.000,594.23,594.23,594.23,594.23,5800,2,595.18
2025-06-21T09:30:00.000,0.0,0.0,0.0,0.0,0,0,0.0
2025-06-21T09:35:00.000,0.0,0.0,0.0,0.0,0,0,0.0
2025-06-21T09:40:00.000,0.0,0.0,0.0,0.0,0,0,0.0
2025-06-21T09:45:00.000,0.0,0.0,0.0,0.0,0,0,0.0
2025-06-21T09:50:00.000,0.0,0.0,0.0,0.0,0,0,0.0
2025-06-21T09:55:00.000,0.0,0.0,0.0,0.0,0,0,0.0
2025-06-21T10:00:00.000,0.0,0.0,0.0,0.0,0,0,0.0
2025-06-21T10:05:00.000,0.0,0.0,0.0,0.0,0,0,0.0
2025-06-21T10:10:00.000,0.0,0.0,0.0,0.0,0,0,0.0
2025-06-21T10:15:00.000,0.0,0.0,0.0,0.0,0,0,0.0
2025-06-21T10:20:00.000,0.0,0.0,0.0,0.0,0,0,0.0
2025-06-21T10:25:00.000,0.0,0.0,0.0,0.0,0,0,0.0
2025-06-21T10:30:00.000,0.0,0.0,0.0,0.0,0,0,0.0
2025-06-21T10:35:00.000,0.0,0.0,0.0,0.0,0,0,0.0
2025-06-21T10:40:00.000,0.0,0.0,0.0,0.0,0,0,0.0
2025-06-21T10:45:00.000,0.0,0.0,0.0,0.0,0,0,0.0
2025-06-21T10:50:00.000,0.0,0.0,0.0,0.0,0,0,0.0
2025-06-21T10:55:00.000,0.0,0.0,0.0,0.0,0,0,0.0
2025-06-21T11:00:00.000,0.0,0.0,0.0,0.0,0,0,0.0
2025-06-21T11:05:00.000,0.0,0.0,0.0,0.0,0,0,0.0
2025-06-21T11:10:00.000,0.0,0.0,0.0,0.0,0,0,0.0
2025-06-21T11:15:00.000,0.0,0.0,0.0,0.0,0,0,0.0
2025-06-21T11:20:00.000,0.0,0.0,0.0,0.0,0,0,0.0
2025-06-21T11:25:00.000,0.0,0.0,0.0,0.0,0,0,0.0
2025-06-21T11:30:00.000,0.0,0.0,0.0,0.0,0,0,0.0
2025-06-21T11:35:00.000,0.0,0.0,0.0,0.0,0,0,0.0
2025-06-21T11:40:00.000,0.0,0.0,0.0,0.0,0,0,0.0
2025-06-21T11:45:00.000,0.0,0.0,0.0,0.0,0,0,0.0
2025-06-21T11:50:00.000,0.0,0.0,0.0,0.0,0,0,0.0
2025-06-21T11:55:00.000,0.0,0.0,0.0,0.0,0,0,0.0
2025-06-21T12:00:00.000,0.0,0.0,0.0,0.0,0,0,0.0
2025-06-21T12:05:00.000,0.0,0.0,0.0,0.0,0,0,0.0
2025-06-21T12:10:00.000,0.0,0.0,0.0,0.0,0,0,0.0
2025-06-21T12:15:00.000,0.0,0.0,0.0,0.0,0,0,0.0
2025-06-21T12:20:00.000,0.0,0.0,0.0,0.0,0,0,0.0
2025-06-21T12:25:00.000,0.0,0.0,0.0,0.0,0,0,0.0
2025-06-21T12:30:00.000,0.0,0.0,0.0,0.0,0,0,0.0
2025-06-21T12:35:00.000,0.0,0.0,0.0,0.0,0,0,0.0
2025-06-21T12:40:00.000,0.0,0.0,0.0,0.0,0,0,0.0
2025-06-21T12:45:00.000,0.0,0.0,0.0,0.0,0,0,0.0
2025-06-21T12:50:00.000,0.0,0.0,0.0,0.0,0,0,0.0
2025-06-21T12:55:00.000,0.0,0.0,0.0,0.0,0,0,0.0
2025-06-21T13:00:00.000,0.0,0.0,0.0,0.0,0,0,0.0
2025-06-21T13:05:00.000,0.0,0.0,0.0,0.0,0,0,0.0
2025-06-21T13:10:00.000,0.0,0.0,0.0,0.0,0,0,0.0
2025-06-21T13:15:00.000,0.0,0.0,0.0,0.0,0,0,0.0
2025-06-21T13:20:00.000,0.0,0.0,0.0,0.0,0,0,0.0
2025-06-21T13:25:00.000,0.0,0.0,0.0,0.0,0,0,0.0
2025-06-21T13:30:00.000,0.0,0.0,0.0,0.0,0,0,0.0
2025-06-21T13:35:00.000,0.0,0.0,0.0,0.0,0,0,0.0
2025-06-21T13:40:00.000,0.0,0.0,0.0,0.0,0,0,0.0
2025-06-21T13:45:00.000,0.0,0.0,0.0,0.0,0,0,0.0
2025-06-21T13:50:00.000,0.0,0.0,0.0,0.0,0,0,0.0
2025-06-21T13:55:00.000,0.0,0.0,0.0,0.0,0,0,0.0
2025-06-21T14:00:00.000,0.0,0.0,0.0,0.0,0,0,0.0
2025-06-21T14:05:00.000,0.0,0.0,0.0,0.0,0,0,0.0
2025-06-21T14:10:00.000,0.0,0.0,0.0,0.0,0,0,0.0
2025-06-21T14:15:00.000,0.0,0.0,0.0,0.0,0,0,0.0
2025-06-21T14:20:00.000,0.0,0.0,0.0,0.0,0,0,0.0
2025-06-21T14:25:00.000,0.0,0.0,0.0,0.0,0,0,0.0
2025-06-21T14:30:00.000,0.0,0.0,0.0,0.0,0,0,0.0
2025-06-21T14:35:00.000,0.0,0.0,0.0,0.0,0,0,0.0
2025-06-21T14:40:00.000,0.0,0.0,0.0,0.0,0,0,0.0
2025-06-21T14:45:00.000,0.0,0.0,0.0,0.0,0,0,0.0
2025-06-21T14:50:00.000,0.0,0.0,0.0,0.0,0,0,0.0
2025-06-21T14:55:00.000,0.0,0.0,0.0,0.0,0,0,0.0
2025-06-21T15:00:00.000,0.0,0.0,0.0,0.0,0,0,0.0
2025-06-21T15:05:00.000,0.0,0.0,0.0,0.0,0,0,0.0
2025-06-21T15:10:00.000,0.0,0.0,0.0,0.0,0,0,0.0
2025-06-21T15:15:00.000,0.0,0.0,0.0,0.0,0,0,0.0
2025-06-21T15:20:00.000,0.0,0.0,0.0,0.0,0,0,0.0
2025-06-21T15:25:00.000,0.0,0.0,0.0,0.0,0,0,0.0
2025-06-21T15:30:00.000,0.0,0.0,0.0,0.0,0,0,0.0
2025-06-21T15:35:00.000,0.0,0.0,0.0,0.0,0,0,0.0
2025-06-21T15:40:00.000,0.0,0.0,0.0,0.0,0,0,0.0
2025-06-21T15:45:00.000,0.0,0.0,0.0,0.0,0,0,0.0
2025-06-21T15:50:00.000,0.0,0.0,0.0,0.0,0,0,0.0
2025-06-21T15:55:00.000,0.0,0.0,0.0,0.0,0,0,0.0
2025-06-21T16:00:00.000,0.0,0.0,0.0,0.0,0,0,0.0
2025-06-22T09:30:00.000,0.0,0.0,0.0,0.0,0,0,0.0
2025-06-22T09:35:00.000,0.0,0.0,0.0,0.0,0,0,0.0
2025-06-22T09:40:00.000,0.0,0.0,0.0,0.0,0,0,0.0
2025-06-22T09:45:00.000,0.0,0.0,0.0,0.0,0,0,0.0
2025-06-22T09:50:00.000,0.0,0.0,0.0,0.0,0,0,0.0
2025-06-22T09:55:00.000,0.0,0.0,0.0,0.0,0,0,0.0
2025-06-22T10:00:00.000,0.0,0.0,0.0,0.0,0,0,0.0
2025-06-22T10:05:00.000,0.0,0.0,0.0,0.0,0,0,0.0
2025-06-22T10:10:00.000,0.0,0.0,0.0,0.0,0,0,0.0
2025-06-22T10:15:00.000,0.0,0.0,0.0,0.0,0,0,0.0
2025-06-22T10:20:00.000,0.0,0.0,0.0,0.0,0,0,0.0
2025-06-22T10:25:00.000,0.0,0.0,0.0,0.0,0,0,0.0
2025-06-22T10:30:00.000,0.0,0.0,0.0,0.0,0,0,0.0
2025-06-22T10:35:00.000,0.0,0.0,0.0,0.0,0,0,0.0
2025-06-22T10:40:00.000,0.0,0.0,0.0,0.0,0,0,0.0
2025-06-22T10:45:00.000,0.0,0.0,0.0,0.0,0,0,0.0
2025-06-22T10:50:00.000,0.0,0.0,0.0,0.0,0,0,0.0
2025-06-22T10:55:00.000,0.0,0.0,0.0,0.0,0,0,0.0
2025-06-22T11:00:00.000,0.0,0.0,0.0,0.0,0,0,0.0
2025-06-22T11:05:00.000,0.0,0.0,0.0,0.0,0,0,0.0
2025-06-22T11:10:00.000,0.0,0.0,0.0,0.0,0,0,0.0
2025-06-22T11:15:00.000,0.0,0.0,0.0,0.0,0,0,0.0
2025-06-22T11:20:00.000,0.0,0.0,0.0,0.0,0,0,0.0
2025-06-22T11:25:00.000,0.0,0.0,0.0,0.0,0,0,0.0
2025-06-22T11:30:00.000,0.0,0.0,0.0,0.0,0,0,0.0
2025-06-22T11:35:00.000,0.0,0.0,0.0,0.0,0,0,0.0
2025-06-22T11:40:00.000,0.0,0.0,0.0,0.0,0,0,0.0
2025-06-22T11:45:00.000,0.0,0.0,0.0,0.0,0,0,0.0
2025-06-22T11:50:00.000,0.0,0.0,0.0,0.0,0,0,0.0
2025-06-22T11:55:00.000,0.0,0.0,0.0,0.0,0,0,0.0
2025-06-22T12:00:00.000,0.0,0.0,0.0,0.0,0,0,0.0
2025-06-22T12:05:00.000,0.0,0.0,0.0,0.0,0,0,0.0
2025-06-22T12:10:00.000,0.0,0.0,0.0,0.0,0,0,0.0
2025-06-22T12:15:00.000,0.0,0.0,0.0,0.0,0,0,0.0
2025-06-22T12:20:00.000,0.0,0.0,0.0,0.0,0,0,0.0
2025-06-22T12:25:00.000,0.0,0.0,0.0,0.0,0,0,0.0
2025-06-22T12:30:00.000,0.0,0.0,0.0,0.0,0,0,0.0
2025-06-22T12:35:00.000,0.0,0.0,0.0,0.0,0,0,0.0
2025-06-22T12:40:00.000,0.0,0.0,0.0,0.0,0,0,0.0
2025-06-22T12:45:00.000,0.0,0.0,0.0,0.0,0,0,0.0
2025-06-22T12:50:00.000,0.0,0.0,0.0,0.0,0,0,0.0
2025-06-22T12:55:00.000,0.0,0.0,0.0,0.0,0,0,0.0
2025-06-22T13:00:00.000,0.0,0.0,0.0,0.0,0,0,0.0
2025-06-22T13:05:00.000,0.0,0.0,0.0,0.0,0,0,0.0
2025-06-22T13:10:00.000,0.0,0.0,0.0,0.0,0,0,0.0
2025-06-22T13:15:00.000,0.0,0.0,0.0,0.0,0,0,0.0
2025-06-22T13:20:00.000,0.0,0.0,0.0,0.0,0,0,0.0
2025-06-22T13:25:00.000,0.0,0.0,0.0,0.0,0,0,0.0
2025-06-22T13:30:00.000,0.0,0.0,0.0,0.0,0,0,0.0
2025-06-22T13:35:00.000,0.0,0.0,0.0,0.0,0,0,0.0
2025-06-22T13:40:00.000,0.0,0.0,0.0,0.0,0,0,0.0
2025-06-22T13:45:00.000,0.0,0.0,0.0,0.0,0,0,0.0
2025-06-22T13:50:00.000,0.0,0.0,0.0,0.0,0,0,0.0
2025-06-22T13:55:00.000,0.0,0.0,0.0,0.0,0,0,0.0
2025-06-22T14:00:00.000,0.0,0.0,0.0,0.0,0,0,0.0
2025-06-22T14:05:00.000,0.0,0.0,0.0,0.0,0,0,0.0
2025-06-22T14:10:00.000,0.0,0.0,0.0,0.0,0,0,0.0
2025-06-22T14:15:00.000,0.0,0.0,0.0,0.0,0,0,0.0
2025-06-22T14:20:00.000,0.0,0.0,0.0,0.0,0,0,0.0
2025-06-22T14:25:00.000,0.0,0.0,0.0,0.0,0,0,0.0
2025-06-22T14:30:00.000,0.0,0.0,0.0,0.0,0,0,0.0
2025-06-22T14:35:00.000,0.0,0.0,0.0,0.0,0,0,0.0
2025-06-22T14:40:00.000,0.0,0.0,0.0,0.0,0,0,0.0
2025-06-22T14:45:00.000,0.0,0.0,0.0,0.0,0,0,0.0
2025-06-22T14:50:00.000,0.0,0.0,0.0,0.0,0,0,0.0
2025-06-22T14:55:00.000,0.0,0.0,0.0,0.0,0,0,0.0
2025-06-22T15:00:00.000,0.0,0.0,0.0,0.0,0,0,0.0
2025-06-22T15:05:00.000,0.0,0.0,0.0,0.0,0,0,0.0
2025-06-22T15:10:00.000,0.0,0.0,0.0,0.0,0,0,0.0
2025-06-22T15:15:00.000,0.0,0.0,0.0,0.0,0,0,0.0
2025-06-22T15:20:00.000,0.0,0.0,0.0,0.0,0,0,0.0
2025-06-22T15:25:00.000,0.0,0.0,0.0,0.0,0,0,0.0
2025-06-22T15:30:00.000,0.0,0.0,0.0,0.0,0,0,0.0
2025-06-22T15:35:00.000,0.0,0.0,0.0,0.0,0,0,0.0
2025-06-22T15:40:00.000,0.0,0.0,0.0,0.0,0,0,0.0
2025-06-22T15:45:00.000,0.0,0.0,0.0,0.0,0,0,0.0
2025-06-22T15:50:00.000,0.0,0.0,0.0,0.0,0,0,0.0
2025-06-22T15:55:00.000,0.0,0.0,0.0,0.0,0,0,0.0
2025-06-22T16:00:00.000,0.0,0.0,0.0,0.0,0,0,0.0
2025-06-23T09:30:00.000,595.04,595.08,593.6,594.02,2187562,31400,594.2
2025-06-23T09:35:00.000,594.03,595.62,593.88,595.57,1282442,16536,594.47
2025-06-23T09:40:00.000,595.57,595.78,595.36,595.47,892557,11709,594.69
2025-06-23T09:45:00.000,595.52,596.27,595.45,596.14,1079454,12648,594.93
2025-06-23T09:50:00.000,596.15,596.5882,595.895,596.51,794248,10660,595.09
2025-06-23T09:55:00.000,596.51,596.67,596.1201,596.65,761588,9616,595.23
2025-06-23T10:00:00.000,596.66,597.38,596.66,597.3,1190164,14294,595.5
2025-06-23T10:05:00.000,597.32,597.985,597.31,597.76,1218347,14354,595.8
2025-06-23T10:10:00.000,597.76,597.83,597.045,597.61,1198227,13020,595.97
2025-06-23T10:15:00.000,597.62,598.13,597.37,597.93,758122,13752,596.09
2025-06-23T10:20:00.000,597.925,598.29,597.73,597.96,792008,13489,596.21
2025-06-23T10:25:00.000,597.97,597.985,597.3513,597.54,741369,9818,596.3
2025-06-23T10:30:00.000,597.55,597.77,597.28,597.71,629007,7286,596.34
2025-06-23T10:35:00.000,597.69,597.77,597.17,597.2552,983555,9504,596.4
2025-06-23T10:40:00.000,597.26,597.47,597.2,597.445,472586,7206,596.43
2025-06-23T10:45:00.000,597.45,597.735,597.0,597.07,620590,8513,596.47
2025-06-23T10:50:00.000,597.075,597.27,596.84,596.965,545304,7448,596.48
2025-06-23T10:55:00.000,596.965,597.14,596.42,596.465,1197615,10424,596.5
2025-06-23T11:00:00.000,596.47,597.4,596.4,597.23,938836,10246,596.52
2025-06-23T11:05:00.000,597.24,597.585,597.19,597.44,467170,6514,596.54
2025-06-23T11:10:00.000,597.44,597.58,597.2,597.56,637960,5948,596.56
2025-06-23T11:15:00.000,597.56,597.66,597.4,597.4946,356353,5933,596.58
2025-06-23T11:20:00.000,597.5,597.545,597.06,597.13,391742,6106,596.59
2025-06-23T11:25:00.000,597.14,597.209,596.345,596.39,709449,9312,596.6
2025-06-23T11:30:00.000,596.38,596.73,596.11,596.55,718827,9708,596.59
2025-06-23T11:35:00.000,596.5509,596.7,596.23,596.3082,448243,6509,596.59
2025-06-23T11:40:00.000,596.3,596.43,595.8,596.09,672682,9156,596.58
2025-06-23T11:45:00.000,596.08,596.215,595.87,596.13,461133,6851,596.56
2025-06-23T11:50:00.000,596.12,596.36,595.82,595.86,516113,7316,596.55
2025-06-23T11:55:00.000,595.87,596.33,595.75,595.86,620140,8263,596.54
2025-06-23T12:00:00.000,595.86,596.0199,595.405,595.95,713235,8999,596.52
2025-06-23T12:05:00.000,595.94,595.97,595.62,595.64,417587,6074,596.5
2025-06-23T12:10:00.000,595.64,596.08,595.53,595.75,432645,5977,596.49
2025-06-23T12:15:00.000,595.76,595.96,595.42,595.62,470973,6593,596.48
2025-06-23T12:20:00.000,595.64,595.72,594.955,595.04,679317,8928,596.44
2025-06-23T12:25:00.000,595.04,595.04,594.16,594.31,997985,11860,596.37
2025-06-23T12:30:00.000,594.28,594.3,593.06,593.1201,2002321,19013,596.21
2025-06-23T12:35:00.000,593.1,593.46,591.89,593.295,3453905,37401,595.84
2025-06-23T12:40:00.000,593.32,595.01,592.71,594.6534,2880268,24423,595.71
2025-06-23T12:45:00.000,594.63,595.46,593.87,594.71,1532234,17105,595.67
2025-06-23T12:50:00.000,594.69,594.76,593.81,594.32,979623,12391,595.64
2025-06-23T12:55:00.000,594.32,594.47,593.48,593.58,1186268,13742,595.58
2025-06-23T13:00:00.000,593.61,595.0,593.19,594.76,1697600,18987,595.52
2025-06-23T13:05:00.000,594.79,595.43,594.16,595.17,995995,12185,595.5
2025-06-23T13:10:00.000,595.1701,596.05,595.11,595.6,1202924,13160,595.51
2025-06-23T13:15:00.000,595.575,596.49,595.57,596.39,868588,10087,595.52
2025-06-23T13:20:00.000,596.41,597.11,596.22,596.91,957641,11552,595.54
2025-06-23T13:25:00.000,596.9,598.0,596.76,597.71,1727962,17412,595.6
2025-06-23T13:30:00.000,597.75,598.68,597.715,598.27,1501366,16159,595.69
2025-06-23T13:35:00.000,598.3,599.34,598.26,598.92,1839392,12408,595.77
2025-06-23T13:40:00.000,598.92,599.035,598.3,598.72,1193796,11296,595.82
2025-06-23T13:45:00.000,598.72,599.23,598.71,598.72,879954,10612,595.88
2025-06-23T13:50:00.000,598.75,598.8012,598.18,598.27,884380,9306,595.92
2025-06-23T13:55:00.000,598.29,598.71,598.29,598.53,634328,5951,595.94
2025-06-23T14:00:00.000,598.54,598.92,598.38,598.8404,972825,8111,595.99
2025-06-23T14:05:00.000,598.81,599.13,598.67,598.74,653756,6772,596.03
2025-06-23T14:10:00.000,598.73,599.07,598.72,598.8352,430636,5343,596.06
2025-06-23T14:15:00.000,598.82,599.07,598.59,599.0,598464,7238,596.09
2025-06-23T14:20:00.000,599.0,599.02,598.59,598.6012,609746,6511,596.12
2025-06-23T14:25:00.000,598.62,598.77,598.32,598.36,389716,5702,596.14
2025-06-23T14:30:00.000,598.37,598.8,598.37,598.67,739449,8231,596.17
2025-06-23T14:35:00.000,598.66,598.73,598.44,598.5,627765,6565,596.2
2025-06-23T14:40:00.000,598.49,598.65,598.24,598.52,585454,7030,596.22
2025-06-23T14:45:00.000,598.51,598.55,598.24,598.27,695720,6938,596.25
2025-06-23T14:50:00.000,598.28,598.38,597.99,598.19,719643,7859,596.27
2025-06-23T14:55:00.000,598.17,598.525,598.04,598.5086,486760,5982,596.29
2025-06-23T15:00:00.000,598.51,599.44,598.41,599.22,1248669,12895,596.35
2025-06-23T15:05:00.000,599.21,599.21,598.77,598.885,642240,7404,596.38
2025-06-23T15:10:00.000,598.9,599.11,598.75,598.91,539289,6567,596.4
2025-06-23T15:15:00.000,598.91,599.08,598.6,598.67,732906,8093,596.43
2025-06-23T15:20:00.000,598.67,599.11,598.5499,599.04,809993,8259,596.47
2025-06-23T15:25:00.000,599.04,599.34,598.955,599.24,744172,7263,596.5
2025-06-23T15:30:00.000,599.235,599.33,599.0401,599.1702,796954,8502,596.53
2025-06-23T15:35:00.000,599.18,599.37,599.08,599.29,921043,8822,596.57
2025-06-23T15:40:00.000,599.2808,599.2948,598.92,599.11,812567,9733,596.6
2025-06-23T15:45:00.000,599.1,599.355,598.958,599.2,1305491,12291,596.64
2025-06-23T15:50:00.000,599.2,600.27,599.09,599.9,2620511,27422,596.76
2025-06-23T15:55:00.000,599.9,600.54,599.69,600.13,4338887,36154,596.97
2025-06-23T16:00:00.000,600.11,600.11,600.11,600.11,2500,1,596.97
2025-06-24T09:30:00.000,604.33,604.78,603.94,604.39,1866466,22350,604.36
2025-06-24T09:35:00.000,604.4,605.07,604.379,604.93,1435603,16597,604.52
2025-06-24T09:40:00.000,604.92,605.385,604.92,604.97,1065315,12523,604.68
2025-06-24T09:45:00.000,604.97,605.45,604.84,604.88,1536076,16312,604.82
2025-06-24T09:50:00.000,604.88,604.925,604.42,604.499,1169699,12562,604.8
2025-06-24T09:55:00.000,604.5,604.5999,603.8,604.05,1146187,13901,604.72
2025-06-24T10:00:00.000,604.02,604.58,603.8104,604.39,962882,10782,604.67
2025-06-24T10:05:00.000,604.39,604.57,603.41,604.12,1353370,14590,604.59
2025-06-24T10:10:00.000,604.13,604.3099,603.97,604.08,782852,9659,604.56
2025-06-24T10:15:00.000,604.085,604.61,604.06,604.525,844484,10483,604.55
2025-06-24T10:20:00.000,604.54,604.905,604.52,604.88,616055,8612,604.56
2025-06-24T10:25:00.000,604.88,604.96,604.34,604.5999,754640,8731,604.56
2025-06-24T10:30:00.000,604.6,604.985,604.53,604.97,699500,8279,604.58
2025-06-24T10:35:00.000,604.975,604.99,604.73,604.841,423478,9224,604.58
2025-06-24T10:40:00.000,604.835,605.33,604.78,605.24,713235,9719,604.61
2025-06-24T10:45:00.000,605.2401,605.355,605.04,605.105,574304,7660,604.63
2025-06-24T10:50:00.000,605.1,605.26,604.94,605.2212,710639,7067,604.64
2025-06-24T10:55:00.000,605.21,605.325,604.55,604.95,812051,10687,604.66
2025-06-24T11:00:00.000,604.96,605.56,604.94,605.3,992379,12371,604.69
2025-06-24T11:05:00.000,605.3,605.59,604.97,605.13,838583,10772,604.72
2025-06-24T11:10:00.000,605.1387,605.47,605.12,605.385,417480,6146,604.73
2025-06-24T11:15:00.000,605.38,605.55,605.303,605.355,380604,5773,604.74
2025-06-24T11:20:00.000,605.345,605.82,605.295,605.65,465378,6721,604.76
2025-06-24T11:25:00.000,605.66,605.77,605.6,605.755,381519,5481,604.78
2025-06-24T11:30:00.000,605.76,605.94,605.66,605.91,425351,6220,604.8
2025-06-24T11:35:00.000,605.91,606.1001,605.8,605.99,512523,7504,604.82
2025-06-24T11:40:00.000,605.99,606.12,605.865,605.99,517885,7035,604.85
2025-06-24T11:45:00.000,605.995,606.16,605.85,606.12,450905,6478,604.87
2025-06-24T11:50:00.000,606.13,606.165,605.71,605.8682,475452,6064,604.9
2025-06-24T11:55:00.000,605.86,606.01,605.66,605.755,387392,5691,604.91
2025-06-24T12:00:00.000,605.77,606.11,605.655,606.075,468880,6464,604.93
2025-06-24T12:05:00.000,606.07,606.08,605.89,605.975,300000,4882,604.94
2025-06-24T12:10:00.000,605.98,606.195,605.94,606.08,371352,5138,604.96
2025-06-24T12:15:00.000,606.09,606.28,606.08,606.18,371615,5259,604.98
2025-06-24T12:20:00.000,606.185,606.3601,606.04,606.33,391355,5167,604.99
2025-06-24T12:25:00.000,606.33,606.595,606.22,606.492,524030,6552,605.03
2025-06-24T12:30:00.000,606.5,606.75,606.48,606.55,529642,6468,605.06
2025-06-24T12:35:00.000,606.55,606.81,606.49,606.775,483594,5840,605.09
2025-06-24T12:40:00.000,606.78,607.175,606.75,607.13,832640,8180,605.14
2025-06-24T12:45:00.000,607.13,607.17,606.7599,606.78,457482,5691,605.17
2025-06-24T12:50:00.000,606.782,606.9,606.64,606.6548,337275,4686,605.19
2025-06-24T12:55:00.000,606.65,606.735,606.32,606.6399,582872,6488,605.22
2025-06-24T13:00:00.000,606.65,606.93,606.589,606.77,539375,5327,605.25
2025-06-24T13:05:00.000,606.785,606.885,606.55,606.68,329870,4643,605.26
2025-06-24T13:10:00.000,606.68,606.91,606.67,606.8101,578145,4051,605.28
2025-06-24T13:15:00.000,606.805,606.9601,606.74,606.855,353793,4988,605.29
2025-06-24T13:20:00.000,606.855,606.9,606.33,606.44,1063385,11440,605.33
2025-06-24T13:25:00.000,606.44,606.57,606.3,606.33,395876,5392,605.35
2025-06-24T13:30:00.000,606.34,606.69,606.33,606.55,424242,6724,605.36
2025-06-24T13:35:00.000,606.5412,606.7,606.46,606.6101,296704,4600,605.37
2025-06-24T13:40:00.000,606.6135,606.95,606.59,606.865,361234,4956,605.39
2025-06-24T13:45:00.000,606.865,607.1899,606.77,607.05,364403,5080,605.4
2025-06-24T13:50:00.000,607.05,607.36,606.98,607.32,556166,6905,605.43
2025-06-24T13:55:00.000,607.32,607.32,607.1101,607.1701,439033,5169,605.46
2025-06-24T14:00:00.000,607.18,607.46,607.14,607.28,797314,7738,605.5
2025-06-24T14:05:00.000,607.27,607.31,607.03,607.2575,794678,6394,605.53
2025-06-24T14:10:00.000,607.255,607.345,606.95,606.96,457754,5591,605.55
2025-06-24T14:15:00.000,606.9688,607.175,606.965,607.06,349053,4548,605.57
2025-06-24T14:20:00.000,607.06,607.17,607.03,607.099,275592,3823,605.58
2025-06-24T14:25:00.000,607.1,607.215,606.97,607.0,443026,4901,605.59
2025-06-24T14:30:00.000,607.02,607.02,606.87,606.925,397195,5296,605.6
2025-06-24T14:35:00.000,606.935,607.33,606.91,607.13,556784,6681,605.63
2025-06-24T14:40:00.000,607.13,607.285,607.06,607.1541,309105,4476,605.64
2025-06-24T14:45:00.000,607.1521,607.3,607.02,607.0899,505574,5737,605.66
2025-06-24T14:50:00.000,607.08,607.2,607.03,607.075,445314,5157,605.68
2025-06-24T14:55:00.000,607.08,607.35,607.02,607.305,445938,5614,605.69
2025-06-24T15:00:00.000,607.31,607.62,607.3,607.51,745652,9325,605.73
2025-06-24T15:05:00.000,607.5,607.64,607.41,607.545,1972705,6349,605.76
2025-06-24T15:10:00.000,607.545,607.55,607.35,607.55,1213356,5962,605.78
2025-06-24T15:15:00.000,607.545,607.635,607.47,607.49,570062,7025,605.8
2025-06-24T15:20:00.000,607.495,607.69,607.455,607.5854,482599,6133,605.82
2025-06-24T15:25:00.000,607.585,607.63,607.455,607.505,577295,7069,605.85
2025-06-24T15:30:00.000,607.51,607.8499,607.43,607.61,1022615,10167,605.88
2025-06-24T15:35:00.000,607.61,607.77,607.58,607.65,1328063,9462,605.93
2025-06-24T15:40:00.000,607.645,607.76,607.57,607.67,931602,9649,605.97
2025-06-24T15:45:00.000,607.67,607.8,607.46,607.68,1480612,13828,606.01
2025-06-24T15:50:00.000,607.69,607.76,607.0799,607.085,3318941,21855,606.08
2025-06-24T15:55:00.000,607.08,607.255,606.75,606.77,4122331,31752,606.15
2025-06-24T16:00:00.000,606.76,606.76,606.76,606.76,223,3,606.15
2025-06-25T09:30:00.000,607.91,608.3536,607.75,608.15,1867068,22046,607.98
2025-06-25T09:35:00.000,608.15,608.61,608.03,608.295,1320685,15276,608.08
2025-06-25T09:40:00.000,608.3,608.48,608.14,608.29,1069283,12843,608.14
2025-06-25T09:45:00.000,608.29,608.415,607.875,607.88,1136021,13812,608.15
2025-06-25T09:50:00.000,607.88,607.89,607.45,607.78,1645235,18432,608.04
2025-06-25T09:55:00.000,607.78,608.4,607.75,608.16,1211738,12197,608.05
2025-06-25T10:00:00.000,608.17,608.3499,607.79,607.9712,686837,9286,608.05
2025-06-25T10:05:00.000,607.98,608.23,607.79,607.9452,803969,9944,608.05
2025-06-25T10:10:00.000,607.9407,607.975,607.31,607.46,756782,9956,608.02
2025-06-25T10:15:00.000,607.47,607.81,607.31,607.49,826568,12797,607.99
2025-06-25T10:20:00.000,607.48,607.72,607.315,607.6,738537,11544,607.96
2025-06-25T10:25:00.000,607.59,607.93,607.47,607.69,824659,10416,607.95
2025-06-25T10:30:00.000,607.7,607.915,607.6,607.76,485760,7351,607.94
2025-06-25T10:35:00.000,607.77,607.91,607.5674,607.64,475810,7100,607.93
2025-06-25T10:40:00.000,607.63,608.185,607.51,608.14,691331,8928,607.93
2025-06-25T10:45:00.000,608.14,608.41,607.86,607.96,949659,10266,607.94
2025-06-25T10:50:00.000,607.97,608.01,607.65,607.7,582397,7633,607.94
2025-06-25T10:55:00.000,607.7,607.96,607.62,607.765,525371,6724,607.93
2025-06-25T11:00:00.000,607.76,607.805,607.22,607.3,628472,8338,607.92
2025-06-25T11:05:00.000,607.31,607.49,606.99,607.06,703041,8901,607.89
2025-06-25T11:10:00.000,607.06,607.3,606.86,607.08,1005887,10262,607.84
2025-06-25T11:15:00.000,607.08,607.22,606.94,606.97,634221,7801,607.81
2025-06-25T11:20:00.000,606.965,607.15,606.89,607.12,1125480,7439,607.79
2025-06-25T11:25:00.000,607.12,607.33,607.08,607.155,695170,7370,607.77
2025-06-25T11:30:00.000,607.16,607.17,606.48,606.675,832098,10061,607.73
2025-06-25T11:35:00.000,606.67,607.09,606.59,606.975,620200,7297,607.71
2025-06-25T11:40:00.000,606.98,607.03,606.68,606.8901,530068,6862,607.69
2025-06-25T11:45:00.000,606.89,606.945,606.69,606.89,444782,6145,607.67
2025-06-25T11:50:00.000,606.89,607.06,606.795,607.005,393229,5519,607.66
2025-06-25T11:55:00.000,607.01,607.12,606.815,606.89,423036,5663,607.65
2025-06-25T12:00:00.000,606.89,607.2,606.85,607.04,420274,5677,607.64
2025-06-25T12:05:00.000,607.02,607.13,606.85,606.89,257848,4312,607.63
2025-06-25T12:10:00.000,606.88,607.14,606.8,607.13,286011,4808,607.63
2025-06-25T12:15:00.000,607.125,607.27,606.99,607.06,382519,5492,607.62
2025-06-25T12:20:00.000,607.06,607.08,606.82,607.0,298478,4521,607.61
2025-06-25T12:25:00.000,606.995,607.1,606.86,606.975,1074805,4145,607.61
2025-06-25T12:30:00.000,606.98,607.1,606.8599,606.8914,259258,4197,607.6
2025-06-25T12:35:00.000,606.89,607.04,606.71,606.965,788517,4316,607.59
2025-06-25T12:40:00.000,606.975,607.02,606.78,606.79,293778,4344,607.58
2025-06-25T12:45:00.000,606.785,606.86,606.46,606.51,490889,6194,607.57
2025-06-25T12:50:00.000,606.53,606.89,606.42,606.6687,486095,6407,607.55
2025-06-25T12:55:00.000,606.65,606.86,606.63,606.71,238408,3825,607.55
2025-06-25T13:00:00.000,606.705,606.845,606.48,606.495,348452,4371,607.53
2025-06-25T13:05:00.000,606.49,606.57,606.2769,606.305,436172,5615,607.52
2025-06-25T13:10:00.000,606.29,606.62,606.26,606.605,392427,5607,607.5
2025-06-25T13:15:00.000,606.61,606.76,606.54,606.7252,544938,6206,607.49
2025-06-25T13:20:00.000,606.73,607.14,606.73,607.115,756682,7925,607.47
2025-06-25T13:25:00.000,607.12,607.125,606.94,607.02,361935,4492,607.47
2025-06-25T13:30:00.000,607.015,607.08,606.48,606.625,580501,7747,607.46
2025-06-25T13:35:00.000,606.62,606.62,606.35,606.42,650040,7297,607.44
2025-06-25T13:40:00.000,606.42,606.425,605.54,606.14,1511993,12960,607.38
2025-06-25T13:45:00.000,606.148,606.56,606.07,606.5202,2085619,7089,607.37
2025-06-25T13:50:00.000,606.5187,606.82,606.32,606.5,686060,6882,607.35
2025-06-25T13:55:00.000,606.47,606.47,606.14,606.24,340795,4665,607.34
2025-06-25T14:00:00.000,606.27,606.47,606.05,606.43,745693,8050,607.32
2025-06-25T14:05:00.000,606.43,606.52,606.14,606.305,356567,4921,607.31
2025-06-25T14:10:00.000,606.3,606.46,606.26,606.37,310462,4618,607.31
2025-06-25T14:15:00.000,606.37,606.51,606.3,606.37,318614,4602,607.3
2025-06-25T14:20:00.000,606.37,606.55,606.33,606.43,240664,3863,607.29
2025-06-25T14:25:00.000,606.4288,606.49,606.28,606.3799,327079,4780,607.29
2025-06-25T14:30:00.000,606.38,606.41,606.06,606.2149,477756,5433,607.27
2025-06-25T14:35:00.000,606.225,606.385,606.165,606.28,368078,4783,607.26
2025-06-25T14:40:00.000,606.29,606.455,606.22,606.29,289748,4154,607.26
2025-06-25T14:45:00.000,606.295,606.4099,606.2301,606.305,344581,4664,607.25
2025-06-25T14:50:00.000,606.305,606.48,606.21,606.32,317120,4751,607.24
2025-06-25T14:55:00.000,606.33,606.51,606.3,606.42,323913,4477,607.24
2025-06-25T15:00:00.000,606.43,606.8,606.4,606.64,499210,6933,607.23
2025-06-25T15:05:00.000,606.64,607.08,606.61,606.985,841748,8943,607.22
2025-06-25T15:10:00.000,606.99,607.37,606.99,607.21,705912,8335,607.22
2025-06-25T15:15:00.000,607.215,607.32,607.06,607.25,442174,5920,607.22
2025-06-25T15:20:00.000,607.25,607.35,607.13,607.17,449100,5953,607.22
2025-06-25T15:25:00.000,607.175,607.2501,606.9948,606.9948,397603,5619,607.22
2025-06-25T15:30:00.000,606.99,607.08,606.525,606.61,1092159,10833,607.21
2025-06-25T15:35:00.000,606.6,606.64,606.37,606.442,918998,9117,607.2
2025-06-25T15:40:00.000,606.44,606.84,606.41,606.7753,865959,8180,607.19
2025-06-25T15:45:00.000,606.77,606.86,606.45,606.515,758322,8709,607.18
2025-06-25T15:50:00.000,606.52,607.0,606.46,606.49,1684729,16362,607.16
2025-06-25T15:55:00.000,606.49,607.2,606.41,607.08,4386170,29826,607.14
2025-06-25T16:00:00.000,607.08,607.09,607.08,607.09,900,4,607.14
2025-06-26T09:30:00.000,608.99,609.33,608.77,609.2106,1581905,17866,609.06
2025-06-26T09:35:00.000,609.21,609.38,608.8,609.11,1071580,12962,609.05
2025-06-26T09:40:00.000,609.11,609.38,608.82,609.27,1007145,10284,609.07
2025-06-26T09:45:00.000,609.28,609.39,608.53,608.735,1231844,14147,609.02
2025-06-26T09:50:00.000,608.74,608.88,608.37,608.79,907860,11455,608.96
2025-06-26T09:55:00.000,608.79,609.22,608.7,609.12,699946,9542,608.96
2025-06-26T10:00:00.000,609.13,609.67,609.13,609.47,1061276,12331,609.04
2025-06-26T10:05:00.000,609.47,609.58,609.07,609.165,3645482,9688,609.06
2025-06-26T10:10:00.000,609.17,609.54,609.14,609.382,1161865,7129,609.07
2025-06-26T10:15:00.000,609.39,609.5799,609.2701,609.47,622497,6765,609.09
2025-06-26T10:20:00.000,609.48,609.77,609.46,609.72,708136,8557,609.13
2025-06-26T10:25:00.000,609.72,609.98,609.63,609.945,578902,7826,609.17
2025-06-26T10:30:00.000,609.93,610.58,609.92,610.39,1423352,15951,609.31
2025-06-26T10:35:00.000,610.38,610.4,610.195,610.25,653581,7728,609.36
2025-06-26T10:40:00.000,610.27,610.33,610.01,610.01,629053,10068,609.4
2025-06-26T10:45:00.000,610.01,610.42,609.95,610.39,1200691,6835,609.43
2025-06-26T10:50:00.000,610.38,610.465,610.22,610.4525,467778,5964,609.46
2025-06-26T10:55:00.000,610.45,610.46,610.31,610.3693,540355,5139,609.49
2025-06-26T11:00:00.000,610.37,610.72,610.335,610.69,503060,7058,609.52
2025-06-26T11:05:00.000,610.695,610.7299,610.51,610.58,713737,5254,609.55
2025-06-26T11:10:00.000,610.58,610.59,610.41,610.47,474178,6291,609.58
2025-06-26T11:15:00.000,610.475,610.82,610.445,610.69,582425,6804,609.62
2025-06-26T11:20:00.000,610.7,610.865,610.62,610.715,556095,6141,609.65
2025-06-26T11:25:00.000,610.73,610.73,610.06,610.09,717117,8184,609.67
2025-06-26T11:30:00.000,610.07,610.34,609.83,610.34,1098585,9509,609.69
2025-06-26T11:35:00.000,610.33,610.58,610.28,610.58,676475,6910,609.71
2025-06-26T11:40:00.000,610.58,610.61,610.325,610.365,1132731,4703,609.73
2025-06-26T11:45:00.000,610.36,610.6599,610.355,610.425,267848,4420,609.74
2025-06-26T11:50:00.000,610.42,610.66,610.3,610.58,355467,4976,609.75
2025-06-26T11:55:00.000,610.58,610.62,610.34,610.53,265189,4156,609.76
2025-06-26T12:00:00.000,610.52,611.05,610.46,610.98,915295,8475,609.79
2025-06-26T12:05:00.000,610.99,611.0787,610.8499,610.86,390836,5357,609.81
2025-06-26T12:10:00.000,610.8608,611.02,610.78,610.87,438996,5586,609.84
2025-06-26T12:15:00.000,610.89,611.005,610.85,610.965,320120,4741,609.85
2025-06-26T12:20:00.000,610.965,611.1283,610.945,610.99,324890,4695,609.87
2025-06-26T12:25:00.000,611.0,611.11,610.83,610.88,363274,4673,609.88
2025-06-26T12:30:00.000,610.9,611.125,610.85,611.07,348653,4510,609.9
2025-06-26T12:35:00.000,611.08,611.105,610.79,610.835,256727,3944,609.91
2025-06-26T12:40:00.000,610.84,610.925,610.76,610.7751,383685,3785,609.92
2025-06-26T12:45:00.000,610.78,610.94,610.675,610.83,292286,3783,609.93
2025-06-26T12:50:00.000,610.835,610.99,610.73,610.76,525212,3681,609.94
2025-06-26T12:55:00.000,610.76,610.845,610.68,610.845,762743,3259,609.95
2025-06-26T13:00:00.000,610.8329,611.02,610.64,610.9799,488900,4045,609.96
2025-06-26T13:05:00.000,610.97,611.09,610.8802,610.9652,476413,2834,609.97
2025-06-26T13:10:00.000,610.9688,611.19,610.9688,611.115,426320,3958,609.99
2025-06-26T13:15:00.000,611.12,611.28,610.88,611.0248,1167641,5569,610.0
2025-06-26T13:20:00.000,611.02,611.2052,610.995,611.105,320347,4173,610.01
2025-06-26T13:25:00.000,611.11,611.265,611.1,611.19,1116361,4458,610.03
2025-06-26T13:30:00.000,611.2,611.42,611.2,611.34,1130817,6000,610.05
2025-06-26T13:35:00.000,611.33,611.475,611.325,611.45,472987,5805,610.07
2025-06-26T13:40:00.000,611.44,611.59,611.4,611.55,804879,5505,610.09
2025-06-26T13:45:00.000,611.55,611.5765,611.3,611.31,609519,4691,610.11
2025-06-26T13:50:00.000,611.31,611.41,611.27,611.295,597587,4512,610.12
2025-06-26T13:55:00.000,611.3,611.42,611.25,611.271,1321088,4673,610.14
2025-06-26T14:00:00.000,611.28,611.42,611.15,611.32,824241,6234,610.16
2025-06-26T14:05:00.000,611.32,611.91,611.315,611.585,1451596,11606,610.21
2025-06-26T14:10:00.000,611.59,611.845,611.48,611.815,523253,5937,610.24
2025-06-26T14:15:00.000,611.82,612.12,611.8,611.88,771852,8301,610.28
2025-06-26T14:20:00.000,611.89,612.07,611.85,612.005,345975,4476,610.3
2025-06-26T14:25:00.000,612.0,612.05,611.71,611.72,411674,5053,610.32
2025-06-26T14:30:00.000,611.73,611.9,611.73,611.885,483170,4546,610.34
2025-06-26T14:35:00.000,611.89,611.915,611.54,611.56,543631,6325,610.36
2025-06-26T14:40:00.000,611.56,611.61,611.47,611.605,467949,5900,610.38
2025-06-26T14:45:00.000,611.605,611.75,611.095,611.27,1405959,8616,610.4
2025-06-26T14:50:00.000,611.26,611.435,611.17,611.335,680282,7408,610.42
2025-06-26T14:55:00.000,611.34,611.49,611.22,611.45,554104,6309,610.44
2025-06-26T15:00:00.000,611.44,611.67,611.4,611.61,511756,6291,610.45
2025-06-26T15:05:00.000,611.62,611.635,611.42,611.53,475334,5302,610.47
2025-06-26T15:10:00.000,611.53,611.645,611.39,611.42,537413,6058,610.48
2025-06-26T15:15:00.000,611.41,611.65,611.26,611.62,847840,9778,610.5
2025-06-26T15:20:00.000,611.61,611.82,611.5,611.73,862547,8215,610.53
2025-06-26T15:25:00.000,611.73,611.77,611.6,611.64,649923,6494,610.55
2025-06-26T15:30:00.000,611.63,611.7,611.48,611.6,1126767,10718,610.58
2025-06-26T15:35:00.000,611.6,611.655,611.39,611.421,951193,9000,610.6
2025-06-26T15:40:00.000,611.42,611.47,611.29,611.36,915624,9179,610.62
2025-06-26T15:45:00.000,611.37,611.66,611.23,611.63,1552674,12247,610.64
2025-06-26T15:50:00.000,611.64,612.2,611.43,611.94,3673906,26771,610.71
2025-06-26T15:55:00.000,611.94,612.31,611.53,611.89,7032095,42085,610.86
2025-06-26T16:00:00.000,611.88,611.88,611.88,611.88,809,1,610.86
2025-06-27T09:30:00.000,612.88,613.33,612.7,613.08,1492598,18904,613.09
2025-06-27T09:35:00.000,613.09,613.65,613.0006,613.595,1133239,13928,613.19
2025-06-27T09:40:00.000,613.61,613.705,613.34,613.6352,714061,9537,613.27
2025-06-27T09:45:00.000,613.635,613.855,613.62,613.81,707377,9301,613.36
2025-06-27T09:50:00.000,613.82,614.17,613.78,614.1648,721770,9137,613.45
2025-06-27T09:55:00.000,614.16,614.6599,614.16,614.36,1113524,12433,613.64
2025-06-27T10:00:00.000,614.37,615.245,614.37,615.1,1156008,13535,613.86
2025-06-27T10:05:00.000,615.11,615.39,614.9,615.0525,1131141,13369,614.04
2025-06-27T10:10:00.000,615.05,615.5,615.045,615.095,973554,12007,614.16
2025-06-27T10:15:00.000,615.08,615.258,614.79,615.01,793643,9576,614.22
2025-06-27T10:20:00.000,615.01,615.335,614.82,614.8499,602700,11201,614.27
2025-06-27T10:25:00.000,614.83,614.945,614.555,614.905,683477,8777,614.3
2025-06-27T10:30:00.000,614.91,614.98,614.6,614.805,514515,7602,614.32
2025-06-27T10:35:00.000,614.81,615.55,614.65,615.2301,2062809,14994,614.39
2025-06-27T10:40:00.000,615.25,615.49,615.125,615.375,524574,7799,614.42
2025-06-27T10:45:00.000,615.38,615.48,615.27,615.39,376182,5725,614.44
2025-06-27T10:50:00.000,615.395,615.43,614.75,615.1099,861332,8029,614.47
2025-06-27T10:55:00.000,615.11,615.12,614.6,614.81,621218,7646,614.48
2025-06-27T11:00:00.000,614.82,615.06,614.6,615.035,486492,6837,614.49
2025-06-27T11:05:00.000,615.035,615.3,614.99,615.16,424444,6085,614.51
2025-06-27T11:10:00.000,615.16,615.38,615.16,615.21,408733,5845,614.53
2025-06-27T11:15:00.000,615.21,615.235,614.84,615.0549,357191,5110,614.53
2025-06-27T11:20:00.000,615.06,615.2788,614.85,615.235,1545236,5158,614.55
2025-06-27T11:25:00.000,615.24,615.39,615.17,615.34,480354,6019,614.57
2025-06-27T11:30:00.000,615.34,615.675,615.3001,615.67,2530923,7666,614.59
2025-06-27T11:35:00.000,615.675,615.93,615.63,615.9,621526,8090,614.63
2025-06-27T11:40:00.000,615.89,616.09,615.8,616.01,746102,9038,614.69
2025-06-27T11:45:00.000,616.01,616.09,615.83,616.0701,586614,5922,614.72
2025-06-27T11:50:00.000,616.08,616.1,615.855,616.02,352163,4848,614.74
2025-06-27T11:55:00.000,616.02,616.07,615.866,615.902,349443,4755,614.76
2025-06-27T12:00:00.000,615.9,615.92,615.69,615.86,547665,6676,614.79
2025-06-27T12:05:00.000,615.865,616.08,615.865,616.04,355037,5116,614.81
2025-06-27T12:10:00.000,616.03,616.24,615.98,616.1651,486853,6113,614.84
2025-06-27T12:15:00.000,616.1887,616.2,615.85,615.93,695057,6020,614.86
2025-06-27T12:20:00.000,615.925,616.12,615.88,616.06,569154,4498,614.87
2025-06-27T12:25:00.000,616.05,616.35,616.0,616.315,431104,5785,614.9
2025-06-27T12:30:00.000,616.315,616.39,616.21,616.31,317167,4454,614.92
2025-06-27T12:35:00.000,616.33,616.33,616.1,616.1953,400582,5073,614.94
2025-06-27T12:40:00.000,616.2,616.2887,615.89,615.975,520106,6169,614.97
2025-06-27T12:45:00.000,615.97,616.06,615.67,615.75,810506,5998,614.99
2025-06-27T12:50:00.000,615.75,615.94,615.645,615.82,761320,5873,615.0
2025-06-27T12:55:00.000,615.82,616.05,615.76,615.97,330076,4817,615.01
2025-06-27T13:00:00.000,615.955,615.955,615.54,615.71,387067,4964,615.02
2025-06-27T13:05:00.000,615.7,615.81,615.655,615.775,390551,3717,615.03
2025-06-27T13:10:00.000,615.78,615.96,615.77,615.9,307537,4356,615.04
2025-06-27T13:15:00.000,615.8999,615.9099,615.54,615.7,221618,3936,615.04
2025-06-27T13:20:00.000,615.695,615.695,615.26,615.4799,544092,5972,615.05
2025-06-27T13:25:00.000,615.47,615.53,615.2999,615.39,318083,4488,615.06
2025-06-27T13:30:00.000,615.4,615.58,615.21,615.22,711869,6815,615.06
2025-06-27T13:35:00.000,615.21,615.41,615.04,615.39,435506,5914,615.06
2025-06-27T13:40:00.000,615.395,615.55,614.29,614.805,1185020,13918,615.06
2025-06-27T13:45:00.000,614.8,614.8,613.59,613.93,2006791,20904,615.0
2025-06-27T13:50:00.000,613.91,614.28,613.58,613.92,999841,10976,614.96
2025-06-27T13:55:00.000,613.9,614.3,613.27,614.155,1242268,12727,614.92
2025-06-27T14:00:00.000,614.16,614.3,613.8,614.02,827942,8919,614.9
2025-06-27T14:05:00.000,614.02,614.38,613.97,614.04,538885,6544,614.89
2025-06-27T14:10:00.000,614.035,614.155,613.42,613.5899,669832,7297,614.86
2025-06-27T14:15:00.000,613.581,613.71,612.755,613.07,942625,9992,614.82
2025-06-27T14:20:00.000,613.07,613.23,612.73,613.05,1062826,11087,614.77
2025-06-27T14:25:00.000,613.06,613.24,612.33,612.33,882671,9498,614.72
2025-06-27T14:30:00.000,612.34,612.57,611.82,612.48,1710028,17478,614.61
2025-06-27T14:35:00.000,612.48,612.6,611.54,611.59,1301564,12576,614.54
2025-06-27T14:40:00.000,611.59,611.75,611.02,611.73,1791054,18655,614.41
2025-06-27T14:45:00.000,611.73,612.24,611.57,611.649,1353996,14422,614.33
2025-06-27T14:50:00.000,611.66,611.67,610.83,611.19,1540325,13678,614.22
2025-06-27T14:55:00.000,611.17,611.33,610.905,611.19,1769188,13140,614.13
2025-06-27T15:00:00.000,611.185,611.7748,611.01,611.72,1175843,12790,614.06
2025-06-27T15:05:00.000,611.72,612.01,611.49,611.78,999265,10215,614.02
2025-06-27T15:10:00.000,611.78,612.33,611.76,612.32,1066692,11181,613.97
2025-06-27T15:15:00.000,612.33,612.44,611.97,612.11,1142753,10117,613.94
2025-06-27T15:20:00.000,612.11,612.515,612.11,612.51,1683791,10025,613.9
2025-06-27T15:25:00.000,612.5,612.71,612.285,612.385,1149086,9274,613.87
2025-06-27T15:30:00.000,612.38,612.77,612.38,612.715,1345724,10267,613.84
2025-06-27T15:35:00.000,612.71,612.94,612.51,612.88,1667653,9710,613.82
2025-06-27T15:40:00.000,612.89,613.245,612.89,613.16,963262,9525,613.81
2025-06-27T15:45:00.000,613.17,613.62,613.06,613.145,1328149,13579,613.8
2025-06-27T15:50:00.000,613.12,614.4,612.99,614.22,3932421,32582,613.8
2025-06-27T15:55:00.000,614.22,615.14,614.19,614.86,7017906,48349,613.91
2025-06-27T16:00:00.000,614.86,614.86,614.86,614.86,7000,2,613.91
2025-06-28T09:30:00.000,0.0,0.0,0.0,0.0,0,0,0.0
2025-06-28T09:35:00.000,0.0,0.0,0.0,0.0,0,0,0.0
2025-06-28T09:40:00.000,0.0,0.0,0.0,0.0,0,0,0.0
2025-06-28T09:45:00.000,0.0,0.0,0.0,0.0,0,0,0.0
2025-06-28T09:50:00.000,0.0,0.0,0.0,0.0,0,0,0.0
2025-06-28T09:55:00.000,0.0,0.0,0.0,0.0,0,0,0.0
2025-06-28T10:00:00.000,0.0,0.0,0.0,0.0,0,0,0.0
2025-06-28T10:05:00.000,0.0,0.0,0.0,0.0,0,0,0.0
2025-06-28T10:10:00.000,0.0,0.0,0.0,0.0,0,0,0.0
2025-06-28T10:15:00.000,0.0,0.0,0.0,0.0,0,0,0.0
2025-06-28T10:20:00.000,0.0,0.0,0.0,0.0,0,0,0.0
2025-06-28T10:25:00.000,0.0,0.0,0.0,0.0,0,0,0.0
2025-06-28T10:30:00.000,0.0,0.0,0.0,0.0,0,0,0.0
2025-06-28T10:35:00.000,0.0,0.0,0.0,0.0,0,0,0.0
2025-06-28T10:40:00.000,0.0,0.0,0.0,0.0,0,0,0.0
2025-06-28T10:45:00.000,0.0,0.0,0.0,0.0,0,0,0.0
2025-06-28T10:50:00.000,0.0,0.0,0.0,0.0,0,0,0.0
2025-06-28T10:55:00.000,0.0,0.0,0.0,0.0,0,0,0.0
2025-06-28T11:00:00.000,0.0,0.0,0.0,0.0,0,0,0.0
2025-06-28T11:05:00.000,0.0,0.0,0.0,0.0,0,0,0.0
2025-06-28T11:10:00.000,0.0,0.0,0.0,0.0,0,0,0.0
2025-06-28T11:15:00.000,0.0,0.0,0.0,0.0,0,0,0.0
2025-06-28T11:20:00.000,0.0,0.0,0.0,0.0,0,0,0.0
2025-06-28T11:25:00.000,0.0,0.0,0.0,0.0,0,0,0.0
2025-06-28T11:30:00.000,0.0,0.0,0.0,0.0,0,0,0.0
2025-06-28T11:35:00.000,0.0,0.0,0.0,0.0,0,0,0.0
2025-06-28T11:40:00.000,0.0,0.0,0.0,0.0,0,0,0.0
2025-06-28T11:45:00.000,0.0,0.0,0.0,0.0,0,0,0.0
2025-06-28T11:50:00.000,0.0,0.0,0.0,0.0,0,0,0.0
2025-06-28T11:55:00.000,0.0,0.0,0.0,0.0,0,0,0.0
2025-06-28T12:00:00.000,0.0,0.0,0.0,0.0,0,0,0.0
2025-06-28T12:05:00.000,0.0,0.0,0.0,0.0,0,0,0.0
2025-06-28T12:10:00.000,0.0,0.0,0.0,0.0,0,0,0.0
2025-06-28T12:15:00.000,0.0,0.0,0.0,0.0,0,0,0.0
2025-06-28T12:20:00.000,0.0,0.0,0.0,0.0,0,0,0.0
2025-06-28T12:25:00.000,0.0,0.0,0.0,0.0,0,0,0.0
2025-06-28T12:30:00.000,0.0,0.0,0.0,0.0,0,0,0.0
2025-06-28T12:35:00.000,0.0,0.0,0.0,0.0,0,0,0.0
2025-06-28T12:40:00.000,0.0,0.0,0.0,0.0,0,0,0.0
2025-06-28T12:45:00.000,0.0,0.0,0.0,0.0,0,0,0.0
2025-06-28T12:50:00.000,0.0,0.0,0.0,0.0,0,0,0.0
2025-06-28T12:55:00.000,0.0,0.0,0.0,0.0,0,0,0.0
2025-06-28T13:00:00.000,0.0,0.0,0.0,0.0,0,0,0.0
2025-06-28T13:05:00.000,0.0,0.0,0.0,0.0,0,0,0.0
2025-06-28T13:10:00.000,0.0,0.0,0.0,0.0,0,0,0.0
2025-06-28T13:15:00.000,0.0,0.0,0.0,0.0,0,0,0.0
2025-06-28T13:20:00.000,0.0,0.0,0.0,0.0,0,0,0.0
2025-06-28T13:25:00.000,0.0,0.0,0.0,0.0,0,0,0.0
2025-06-28T13:30:00.000,0.0,0.0,0.0,0.0,0,0,0.0
2025-06-28T13:35:00.000,0.0,0.0,0.0,0.0,0,0,0.0
2025-06-28T13:40:00.000,0.0,0.0,0.0,0.0,0,0,0.0
2025-06-28T13:45:00.000,0.0,0.0,0.0,0.0,0,0,0.0
2025-06-28T13:50:00.000,0.0,0.0,0.0,0.0,0,0,0.0
2025-06-28T13:55:00.000,0.0,0.0,0.0,0.0,0,0,0.0
2025-06-28T14:00:00.000,0.0,0.0,0.0,0.0,0,0,0.0
2025-06-28T14:05:00.000,0.0,0.0,0.0,0.0,0,0,0.0
2025-06-28T14:10:00.000,0.0,0.0,0.0,0.0,0,0,0.0
2025-06-28T14:15:00.000,0.0,0.0,0.0,0.0,0,0,0.0
2025-06-28T14:20:00.000,0.0,0.0,0.0,0.0,0,0,0.0
2025-06-28T14:25:00.000,0.0,0.0,0.0,0.0,0,0,0.0
2025-06-28T14:30:00.000,0.0,0.0,0.0,0.0,0,0,0.0
2025-06-28T14:35:00.000,0.0,0.0,0.0,0.0,0,0,0.0
2025-06-28T14:40:00.000,0.0,0.0,0.0,0.0,0,0,0.0
2025-06-28T14:45:00.000,0.0,0.0,0.0,0.0,0,0,0.0
2025-06-28T14:50:00.000,0.0,0.0,0.0,0.0,0,0,0.0
2025-06-28T14:55:00.000,0.0,0.0,0.0,0.0,0,0,0.0
2025-06-28T15:00:00.000,0.0,0.0,0.0,0.0,0,0,0.0
2025-06-28T15:05:00.000,0.0,0.0,0.0,0.0,0,0,0.0
2025-06-28T15:10:00.000,0.0,0.0,0.0,0.0,0,0,0.0
2025-06-28T15:15:00.000,0.0,0.0,0.0,0.0,0,0,0.0
2025-06-28T15:20:00.000,0.0,0.0,0.0,0.0,0,0,0.0
2025-06-28T15:25:00.000,0.0,0.0,0.0,0.0,0,0,0.0
2025-06-28T15:30:00.000,0.0,0.0,0.0,0.0,0,0,0.0
2025-06-28T15:35:00.000,0.0,0.0,0.0,0.0,0,0,0.0
2025-06-28T15:40:00.000,0.0,0.0,0.0,0.0,0,0,0.0
2025-06-28T15:45:00.000,0.0,0.0,0.0,0.0,0,0,0.0
2025-06-28T15:50:00.000,0.0,0.0,0.0,0.0,0,0,0.0
2025-06-28T15:55:00.000,0.0,0.0,0.0,0.0,0,0,0.0
2025-06-28T16:00:00.000,0.0,0.0,0.0,0.0,0,0,0.0
2025-06-29T09:30:00.000,0.0,0.0,0.0,0.0,0,0,0.0
2025-06-29T09:35:00.000,0.0,0.0,0.0,0.0,0,0,0.0
2025-06-29T09:40:00.000,0.0,0.0,0.0,0.0,0,0,0.0
2025-06-29T09:45:00.000,0.0,0.0,0.0,0.0,0,0,0.0
2025-06-29T09:50:00.000,0.0,0.0,0.0,0.0,0,0,0.0
2025-06-29T09:55:00.000,0.0,0.0,0.0,0.0,0,0,0.0
2025-06-29T10:00:00.000,0.0,0.0,0.0,0.0,0,0,0.0
2025-06-29T10:05:00.000,0.0,0.0,0.0,0.0,0,0,0.0
2025-06-29T10:10:00.000,0.0,0.0,0.0,0.0,0,0,0.0
2025-06-29T10:15:00.000,0.0,0.0,0.0,0.0,0,0,0.0
2025-06-29T10:20:00.000,0.0,0.0,0.0,0.0,0,0,0.0
2025-06-29T10:25:00.000,0.0,0.0,0.0,0.0,0,0,0.0
2025-06-29T10:30:00.000,0.0,0.0,0.0,0.0,0,0,0.0
2025-06-29T10:35:00.000,0.0,0.0,0.0,0.0,0,0,0.0
2025-06-29T10:40:00.000,0.0,0.0,0.0,0.0,0,0,0.0
2025-06-29T10:45:00.000,0.0,0.0,0.0,0.0,0,0,0.0
2025-06-29T10:50:00.000,0.0,0.0,0.0,0.0,0,0,0.0
2025-06-29T10:55:00.000,0.0,0.0,0.0,0.0,0,0,0.0
2025-06-29T11:00:00.000,0.0,0.0,0.0,0.0,0,0,0.0
2025-06-29T11:05:00.000,0.0,0.0,0.0,0.0,0,0,0.0
2025-06-29T11:10:00.000,0.0,0.0,0.0,0.0,0,0,0.0
2025-06-29T11:15:00.000,0.0,0.0,0.0,0.0,0,0,0.0
2025-06-29T11:20:00.000,0.0,0.0,0.0,0.0,0,0,0.0
2025-06-29T11:25:00.000,0.0,0.0,0.0,0.0,0,0,0.0
2025-06-29T11:30:00.000,0.0,0.0,0.0,0.0,0,0,0.0
2025-06-29T11:35:00.000,0.0,0.0,0.0,0.0,0,0,0.0
2025-06-29T11:40:00.000,0.0,0.0,0.0,0.0,0,0,0.0
2025-06-29T11:45:00.000,0.0,0.0,0.0,0.0,0,0,0.0
2025-06-29T11:50:00.000,0.0,0.0,0.0,0.0,0,0,0.0
2025-06-29T11:55:00.000,0.0,0.0,0.0,0.0,0,0,0.0
2025-06-29T12:00:00.000,0.0,0.0,0.0,0.0,0,0,0.0
2025-06-29T12:05:00.000,0.0,0.0,0.0,0.0,0,0,0.0
2025-06-29T12:10:00.000,0.0,0.0,0.0,0.0,0,0,0.0
2025-06-29T12:15:00.000,0.0,0.0,0.0,0.0,0,0,0.0
2025-06-29T12:20:00.000,0.0,0.0,0.0,0.0,0,0,0.0
2025-06-29T12:25:00.000,0.0,0.0,0.0,0.0,0,0,0.0
2025-06-29T12:30:00.000,0.0,0.0,0.0,0.0,0,0,0.0
2025-06-29T12:35:00.000,0.0,0.0,0.0,0.0,0,0,0.0
2025-06-29T12:40:00.000,0.0,0.0,0.0,0.0,0,0,0.0
2025-06-29T12:45:00.000,0.0,0.0,0.0,0.0,0,0,0.0
2025-06-29T12:50:00.000,0.0,0.0,0.0,0.0,0,0,0.0
2025-06-29T12:55:00.000,0.0,0.0,0.0,0.0,0,0,0.0
2025-06-29T13:00:00.000,0.0,0.0,0.0,0.0,0,0,0.0
2025-06-29T13:05:00.000,0.0,0.0,0.0,0.0,0,0,0.0
2025-06-29T13:10:00.000,0.0,0.0,0.0,0.0,0,0,0.0
2025-06-29T13:15:00.000,0.0,0.0,0.0,0.0,0,0,0.0
2025-06-29T13:20:00.000,0.0,0.0,0.0,0.0,0,0,0.0
2025-06-29T13:25:00.000,0.0,0.0,0.0,0.0,0,0,0.0
2025-06-29T13:30:00.000,0.0,0.0,0.0,0.0,0,0,0.0
2025-06-29T13:35:00.000,0.0,0.0,0.0,0.0,0,0,0.0
2025-06-29T13:40:00.000,0.0,0.0,0.0,0.0,0,0,0.0
2025-06-29T13:45:00.000,0.0,0.0,0.0,0.0,0,0,0.0
2025-06-29T13:50:00.000,0.0,0.0,0.0,0.0,0,0,0.0
2025-06-29T13:55:00.000,0.0,0.0,0.0,0.0,0,0,0.0
2025-06-29T14:00:00.000,0.0,0.0,0.0,0.0,0,0,0.0
2025-06-29T14:05:00.000,0.0,0.0,0.0,0.0,0,0,0.0
2025-06-29T14:10:00.000,0.0,0.0,0.0,0.0,0,0,0.0
2025-06-29T14:15:00.000,0.0,0.0,0.0,0.0,0,0,0.0
2025-06-29T14:20:00.000,0.0,0.0,0.0,0.0,0,0,0.0
2025-06-29T14:25:00.000,0.0,0.0,0.0,0.0,0,0,0.0
2025-06-29T14:30:00.000,0.0,0.0,0.0,0.0,0,0,0.0
2025-06-29T14:35:00.000,0.0,0.0,0.0,0.0,0,0,0.0
2025-06-29T14:40:00.000,0.0,0.0,0.0,0.0,0,0,0.0
2025-06-29T14:45:00.000,0.0,0.0,0.0,0.0,0,0,0.0
2025-06-29T14:50:00.000,0.0,0.0,0.0,0.0,0,0,0.0
2025-06-29T14:55:00.000,0.0,0.0,0.0,0.0,0,0,0.0
2025-06-29T15:00:00.000,0.0,0.0,0.0,0.0,0,0,0.0
2025-06-29T15:05:00.000,0.0,0.0,0.0,0.0,0,0,0.0
2025-06-29T15:10:00.000,0.0,0.0,0.0,0.0,0,0,0.0
2025-06-29T15:15:00.000,0.0,0.0,0.0,0.0,0,0,0.0
2025-06-29T15:20:00.000,0.0,0.0,0.0,0.0,0,0,0.0
2025-06-29T15:25:00.000,0.0,0.0,0.0,0.0,0,0,0.0
2025-06-29T15:30:00.000,0.0,0.0,0.0,0.0,0,0,0.0
2025-06-29T15:35:00.000,0.0,0.0,0.0,0.0,0,0,0.0
2025-06-29T15:40:00.000,0.0,0.0,0.0,0.0,0,0,0.0
2025-06-29T15:45:00.000,0.0,0.0,0.0,0.0,0,0,0.0
2025-06-29T15:50:00.000,0.0,0.0,0.0,0.0,0,0,0.0
2025-06-29T15:55:00.000,0.0,0.0,0.0,0.0,0,0,0.0
2025-06-29T16:00:00.000,0.0,0.0,0.0,0.0,0,0,0.0
2025-06-30T09:30:00.000,617.38,617.49,616.4593,616.66,2229673,29324,616.94
2025-06-30T09:35:00.000,616.66,616.91,616.19,616.75,1354562,17856,616.81
2025-06-30T09:40:00.000,616.745,616.775,616.24,616.39,809902,10969,616.77
2025-06-30T09:45:00.000,616.41,616.72,615.96,616.17,918419,14612,616.71
2025-06-30T09:50:00.000,616.18,616.65,616.11,616.35,1042304,14571,616.66
2025-06-30T09:55:00.000,616.35,616.69,616.29,616.433,809074,11337,616.64
2025-06-30T10:00:00.000,616.44,616.65,616.3,616.48,878313,11704,616.62
2025-06-30T10:05:00.000,616.49,616.585,616.11,616.39,951062,11780,616.59
2025-06-30T10:10:00.000,616.38,616.78,616.34,616.62,758492,10590,616.59
2025-06-30T10:15:00.000,616.63,616.82,616.33,616.63,772407,9436,616.59
2025-06-30T10:20:00.000,616.63,616.6391,615.93,616.345,869460,12908,616.56
2025-06-30T10:25:00.000,616.33,616.73,616.15,616.7,653028,15048,616.55
2025-06-30T10:30:00.000,616.7,616.775,616.3,616.35,423153,7596,616.55
2025-06-30T10:35:00.000,616.36,616.37,615.79,615.91,750156,10175,616.52
2025-06-30T10:40:00.000,615.89,616.25,615.688,615.9093,604625,9239,616.5
2025-06-30T10:45:00.000,615.9,616.21,615.7219,616.145,603072,8414,616.48
2025-06-30T10:50:00.000,616.1548,616.155,615.845,615.96,470323,7938,616.46
2025-06-30T10:55:00.000,615.9799,616.15,615.922,616.01,419102,6817,616.45
2025-06-30T11:00:00.000,616.01,616.3,615.815,616.26,1000963,12279,616.43
2025-06-30T11:05:00.000,616.26,616.59,616.252,616.56,659774,9711,616.42
2025-06-30T11:10:00.000,616.56,616.575,615.82,615.965,909497,8176,616.41
2025-06-30T11:15:00.000,615.965,616.01,615.71,615.871,741091,8431,616.39
2025-06-30T11:20:00.000,615.87,616.115,615.79,616.1,1963164,5889,616.39
2025-06-30T11:25:00.000,616.1,616.34,616.025,616.205,1128486,8790,616.38
2025-06-30T11:30:00.000,616.21,616.7,616.1,616.63,911801,7603,616.38
2025-06-30T11:35:00.000,616.63,616.73,616.51,616.69,469480,6934,616.39
2025-06-30T11:40:00.000,616.685,616.84,616.475,616.7548,392673,6172,616.39
2025-06-30T11:45:00.000,616.76,616.92,616.63,616.8279,430340,6491,616.4
2025-06-30T11:50:00.000,616.83,616.925,616.67,616.695,521817,7162,616.41
2025-06-30T11:55:00.000,616.695,616.73,616.39,616.465,631691,6217,616.41
2025-06-30T12:00:00.000,616.47,616.82,616.465,616.82,511054,5633,616.41
2025-06-30T12:05:00.000,616.83,616.895,616.7001,616.89,322671,4974,616.42
2025-06-30T12:10:00.000,616.89,616.9,616.63,616.67,308872,4754,616.42
2025-06-30T12:15:00.000,616.6701,616.86,616.11,616.285,389182,5594,616.42
2025-06-30T12:20:00.000,616.285,616.37,616.17,616.23,302268,4877,616.42
2025-06-30T12:25:00.000,616.23,616.41,616.195,616.2551,359627,5677,616.42
2025-06-30T12:30:00.000,616.24,616.65,616.195,616.639,474662,6651,616.42
2025-06-30T12:35:00.000,616.635,616.81,616.57,616.72,582334,6329,616.43
2025-06-30T12:40:00.000,616.72,617.105,616.72,616.93,595687,7509,616.44
2025-06-30T12:45:00.000,616.93,617.13,616.92,617.0,379158,5506,616.45
2025-06-30T12:50:00.000,617.0,617.1,616.87,616.98,421302,5473,616.45
2025-06-30T12:55:00.000,616.98,617.0552,616.5792,616.64,388967,5669,616.46
2025-06-30T13:00:00.000,616.64,616.82,616.5252,616.57,349746,5128,616.46
2025-06-30T13:05:00.000,616.57,616.62,616.35,616.58,717212,5555,616.46
2025-06-30T13:10:00.000,616.585,616.7299,616.47,616.49,489279,4773,616.46
2025-06-30T13:15:00.000,616.48,616.565,616.32,616.43,905607,5358,616.46
2025-06-30T13:20:00.000,616.435,616.5,616.23,616.375,455360,3929,616.46
2025-06-30T13:25:00.000,616.37,616.57,616.22,616.515,463687,4799,616.46
2025-06-30T13:30:00.000,616.515,616.565,616.071,616.1398,640670,6532,616.46
2025-06-30T13:35:00.000,616.125,616.28,615.965,616.135,427904,6033,616.45
2025-06-30T13:40:00.000,616.135,616.2899,615.94,616.01,1126137,6586,616.45
2025-06-30T13:45:00.000,616.025,616.205,615.97,616.1093,403069,5483,616.44
2025-06-30T13:50:00.000,616.1,616.2799,616.0,616.095,491684,5751,616.44
2025-06-30T13:55:00.000,616.09,616.64,615.04,615.84,1691847,19224,616.4
2025-06-30T14:00:00.000,615.847,616.28,615.8,616.105,848804,9258,616.39
2025-06-30T14:05:00.000,616.12,616.44,615.85,615.945,1013572,9470,616.39
2025-06-30T14:10:00.000,615.95,615.995,615.63,615.97,1361285,9750,616.37
2025-06-30T14:15:00.000,615.96,616.2599,615.92,616.1025,448286,5634,616.37
2025-06-30T14:20:00.000,616.105,616.4149,616.1049,616.26,661625,5839,616.36
2025-06-30T14:25:00.000,616.28,616.31,616.03,616.045,329956,4696,616.36
2025-06-30T14:30:00.000,616.04,616.11,615.5708,615.72,691855,8787,616.35
2025-06-30T14:35:00.000,615.725,615.83,615.6,615.705,559145,6057,616.35
2025-06-30T14:40:00.000,615.7,615.83,615.32,615.71,953508,9947,616.33
2025-06-30T14:45:00.000,615.71,616.1402,615.705,615.93,1096006,11687,616.32
2025-06-30T14:50:00.000,615.92,616.29,615.91,616.27,709535,8336,616.32
2025-06-30T14:55:00.000,616.27,616.94,616.265,616.93,1343826,15009,616.33
2025-06-30T15:00:00.000,616.935,617.24,616.91,617.22,1026546,11379,616.35
2025-06-30T15:05:00.000,617.21,617.37,616.98,617.18,1252369,13178,616.37
2025-06-30T15:10:00.000,617.18,617.45,617.0624,617.29,1253029,11901,616.39
2025-06-30T15:15:00.000,617.3,617.3,616.975,617.175,1452698,13676,616.42
2025-06-30T15:20:00.000,617.17,617.815,617.145,617.742,1617085,16439,616.46
2025-06-30T15:25:00.000,617.74,618.25,617.73,617.9,1616282,17352,616.51
2025-06-30T15:30:00.000,617.9,618.04,617.6,617.98,1862279,17446,616.56
2025-06-30T15:35:00.000,617.97,618.1,617.4,617.55,1909195,18531,616.6
2025-06-30T15:40:00.000,617.56,618.13,617.54,617.82,2024017,19158,616.65
2025-06-30T15:45:00.000,617.82,618.53,617.71,618.33,2640320,25119,616.71
2025-06-30T15:50:00.000,618.32,619.22,618.03,619.0501,5351695,41759,616.87
2025-06-30T15:55:00.000,619.06,619.13,617.8,617.88,7664833,49718,617.05
2025-06-30T16:00:00.000,617.91,617.91,617.9,617.9,7342,5,617.05
