timestamp,open,high,low,close,volume,count,vwap
2024-05-01T09:30:00.000,501.38,501.75,501.16,501.7,1536915,16105,501.43
2024-05-01T09:35:00.000,501.71,501.83,501.3624,501.4201,603805,8567,501.47
2024-05-01T09:40:00.000,501.42,501.42,500.92,500.995,663619,8514,501.37
2024-05-01T09:45:00.000,501.01,501.11,500.78,500.97,661880,7525,501.29
2024-05-01T09:50:00.000,500.97,501.11,500.67,500.7,588623,7186,501.23
2024-05-01T09:55:00.000,500.71,500.91,500.4187,500.81,533998,6067,501.15
2024-05-01T10:00:00.000,500.83,501.29,500.12,500.33,1316653,13538,501.03
2024-05-01T10:05:00.000,500.34,501.04,500.28,500.49,744364,8381,500.99
2024-05-01T10:10:00.000,500.5,500.8312,500.08,500.68,810279,13786,500.92
2024-05-01T10:15:00.000,500.67,500.82,500.44,500.67,516889,13550,500.9
2024-05-01T10:20:00.000,500.67,500.84,500.34,500.3999,452108,11970,500.88
2024-05-01T10:25:00.000,500.38,501.09,500.3432,500.79,447945,8646,500.87
2024-05-01T10:30:00.000,500.82,501.015,500.58,500.95,453017,5876,500.87
2024-05-01T10:35:00.000,500.965,501.245,500.93,501.145,518705,6474,500.88
2024-05-01T10:40:00.000,501.14,501.14,500.71,501.04,405194,5628,500.88
2024-05-01T10:45:00.000,501.06,501.34,500.98,501.195,322424,5006,500.89
2024-05-01T10:50:00.000,501.18,501.36,501.09,501.27,282359,4428,500.9
2024-05-01T10:55:00.000,501.26,501.61,501.16,501.345,401660,4989,500.92
2024-05-01T11:00:00.000,501.34,501.44,501.1,501.37,581638,5271,500.93
2024-05-01T11:05:00.000,501.37,501.49,500.77,500.805,415773,4210,500.94
2024-05-01T11:10:00.000,500.81,500.88,500.57,500.62,391908,4666,500.93
2024-05-01T11:15:00.000,500.63,500.68,500.05,500.21,639736,6590,500.9
2024-05-01T11:20:00.000,500.22,500.68,500.1435,500.535,487803,5678,500.88
2024-05-01T11:25:00.000,500.54,500.84,500.45,500.84,638997,6359,500.87
2024-05-01T11:30:00.000,500.84,500.975,500.63,500.91,342477,4364,500.87
2024-05-01T11:35:00.000,500.91,501.075,500.76,501.075,378475,3913,500.87
2024-05-01T11:40:00.000,501.09,501.4,501.055,501.315,422466,4594,500.88
2024-05-01T11:45:00.000,501.32,501.36,500.86,500.8699,333275,4053,500.88
2024-05-01T11:50:00.000,500.85,500.94,500.38,500.47,419039,4879,500.88
2024-05-01T11:55:00.000,500.46,500.68,500.22,500.24,316531,3695,500.87
2024-05-01T12:00:00.000,500.24,500.49,499.865,500.44,564471,8189,500.85
2024-05-01T12:05:00.000,500.45,500.525,500.2089,500.52,271861,3244,500.84
2024-05-01T12:10:00.000,500.52,501.065,500.52,500.94,322051,3860,500.84
2024-05-01T12:15:00.000,500.945,501.06,500.6505,500.73,256651,3376,500.84
2024-05-01T12:20:00.000,500.72,500.99,500.645,500.77,242916,3162,500.84
2024-05-01T12:25:00.000,500.76,501.15,500.75,501.05,250435,3237,500.84
2024-05-01T12:30:00.000,501.05,501.075,500.65,500.71,347806,3650,500.84
2024-05-01T12:35:00.000,500.7,500.91,500.57,500.6901,223942,3194,500.84
2024-05-01T12:40:00.000,500.68,500.77,500.45,500.5301,271342,3204,500.84
2024-05-01T12:45:00.000,500.53,500.715,500.5,500.645,199598,2639,500.83
2024-05-01T12:50:00.000,500.62,500.72,500.32,500.6073,309426,3166,500.83
2024-05-01T12:55:00.000,500.6,500.74,500.29,500.425,287917,3216,500.82
2024-05-01T13:00:00.000,500.42,500.62,500.22,500.31,272126,2949,500.82
2024-05-01T13:05:00.000,500.29,500.428,500.12,500.26,317156,3222,500.81
2024-05-01T13:10:00.000,500.23,500.37,500.01,500.04,227337,2725,500.8
2024-05-01T13:15:00.000,500.045,500.206,499.925,499.9501,305917,3598,500.79
2024-05-01T13:20:00.000,499.95,500.745,499.95,500.68,371701,4360,500.78
2024-05-01T13:25:00.000,500.68,500.79,500.5,500.72,220598,3088,500.78
2024-05-01T13:30:00.000,500.73,501.0501,500.69,501.035,262902,4074,500.78
2024-05-01T13:35:00.000,501.04,501.3903,500.99,500.99,393902,4909,500.79
2024-05-01T13:40:00.000,501.0101,501.0641,500.64,500.7,319878,4166,500.79
2024-05-01T13:45:00.000,500.7,501.1,500.63,500.985,255476,3434,500.79
2024-05-01T13:50:00.000,500.98,501.03,500.78,501.03,344744,3802,500.79
2024-05-01T13:55:00.000,501.03,501.14,500.79,500.99,409077,3942,500.8
2024-05-01T14:00:00.000,501.03,502.14,500.75,502.02,2270252,19217,500.88
2024-05-01T14:05:00.000,502.01,502.29,501.2,501.42,1293957,13561,500.92
2024-05-01T14:10:00.000,501.38,501.57,500.83,501.33,672932,7225,500.93
2024-05-01T14:15:00.000,501.325,501.73,501.24,501.549,466815,5514,500.93
2024-05-01T14:20:00.000,501.54,501.87,501.31,501.75,493582,5067,500.94
2024-05-01T14:25:00.000,501.72,503.169,501.62,503.06,941333,9523,501.0
2024-05-01T14:30:00.000,503.07,503.31,500.94,503.0601,2244865,17825,501.09
2024-05-01T14:35:00.000,503.0501,504.43,501.22,504.16,2159148,18902,501.22
2024-05-01T14:40:00.000,504.15,506.89,503.82,506.82,3031175,23695,501.56
2024-05-01T14:45:00.000,506.81,506.98,505.1,506.31,1989869,17341,501.8
2024-05-01T14:50:00.000,506.33,507.24,506.33,507.07,1445497,14338,501.97
2024-05-01T14:55:00.000,507.1,507.43,506.3,507.34,1678888,16486,502.18
2024-05-01T15:00:00.000,507.35,508.19,506.67,506.71,2142612,21196,502.44
2024-05-01T15:05:00.000,506.73,507.69,506.23,507.32,1802281,15853,502.6
2024-05-01T15:10:00.000,507.33,507.59,506.6,507.3101,1142152,12716,502.71
2024-05-01T15:15:00.000,507.3,507.74,506.79,506.9,1330623,11583,502.8
2024-05-01T15:20:00.000,506.9,507.09,505.48,506.9701,1973548,18448,502.92
2024-05-01T15:25:00.000,506.975,507.52,506.2,506.465,1160535,11750,503.01
2024-05-01T15:30:00.000,506.48,506.49,504.44,504.6899,2226859,21852,503.11
2024-05-01T15:35:00.000,504.7,504.73,502.42,503.05,2443042,21981,503.13
2024-05-01T15:40:00.000,503.05,503.91,502.49,503.2,2184623,18233,503.12
2024-05-01T15:45:00.000,503.18,504.05,502.62,503.45,1926950,15722,503.13
2024-05-01T15:50:00.000,503.44,503.44,500.86,500.93,3866356,28068,503.06
2024-05-01T15:55:00.000,500.92,501.25,500.08,500.25,5718605,38092,502.84
2024-05-01T16:00:00.000,500.25,500.27,500.25,500.27,2807,4,502.84
2024-05-02T09:30:00.000,504.15,504.68,503.09,503.09,2048306,19076,503.97
2024-05-02T09:35:00.000,503.11,503.11,502.43,502.6,1338146,13092,503.49
2024-05-02T09:40:00.000,502.61,502.901,502.34,502.47,1036490,10075,503.29
2024-05-02T09:45:00.000,502.5,502.69,501.68,501.7,939843,9894,503.1
2024-05-02T09:50:00.000,501.7,502.28,501.6604,502.13,830073,7198,502.96
2024-05-02T09:55:00.000,502.16,502.35,501.91,501.99,610834,5783,502.89
2024-05-02T10:00:00.000,501.98,502.02,500.65,501.2912,1259252,12208,502.64
2024-05-02T10:05:00.000,501.3,501.48,499.55,499.7688,1162741,12321,502.35
2024-05-02T10:10:00.000,499.78,501.02,499.73,500.8,1084493,16751,502.15
2024-05-02T10:15:00.000,500.8,501.3,500.73,501.025,720382,13328,502.08
2024-05-02T10:20:00.000,501.05,502.01,500.74,502.0,908971,13965,502.02
2024-05-02T10:25:00.000,502.0,502.2099,501.755,502.02,765604,8026,502.02
2024-05-02T10:30:00.000,502.02,502.54,501.9,502.38,624856,5980,502.03
2024-05-02T10:35:00.000,502.39,502.39,501.57,501.86,832015,7113,502.03
2024-05-02T10:40:00.000,501.86,502.04,500.6684,501.04,852957,8094,501.98
2024-05-02T10:45:00.000,501.03,501.96,500.6,501.85,601703,6365,501.96
2024-05-02T10:50:00.000,501.82,501.83,501.4806,501.66,450124,4784,501.95
2024-05-02T10:55:00.000,501.7,502.64,501.65,502.44,562869,5265,501.96
2024-05-02T11:00:00.000,502.45,502.65,502.14,502.5169,549538,4976,501.97
2024-05-02T11:05:00.000,502.5,503.12,502.27,503.05,719452,6438,502.0
2024-05-02T11:10:00.000,503.05,503.12,502.81,502.97,426457,4450,502.02
2024-05-02T11:15:00.000,502.98,503.06,502.725,502.76,380625,3794,502.04
2024-05-02T11:20:00.000,502.7701,502.9499,502.5,502.6899,414379,4469,502.06
2024-05-02T11:25:00.000,502.69,502.75,501.99,502.13,516053,5678,502.06
2024-05-02T11:30:00.000,502.13,502.3078,501.38,501.8301,693512,6618,502.05
2024-05-02T11:35:00.000,501.83,502.05,501.725,501.88,369452,3952,502.05
2024-05-02T11:40:00.000,501.87,502.435,501.83,502.265,406522,4330,502.05
2024-05-02T11:45:00.000,502.27,502.42,502.08,502.26,305464,3014,502.06
2024-05-02T11:50:00.000,502.2804,502.84,502.155,502.79,345970,3869,502.06
2024-05-02T11:55:00.000,502.79,502.98,502.725,502.765,373995,3771,502.08
2024-05-02T12:00:00.000,502.77,502.86,502.53,502.71,412149,4212,502.09
2024-05-02T12:05:00.000,502.7076,502.73,502.18,502.26,481274,4837,502.1
2024-05-02T12:10:00.000,502.26,502.34,501.84,501.92,596609,5738,502.1
2024-05-02T12:15:00.000,501.93,502.1,501.69,501.9,392490,3919,502.09
2024-05-02T12:20:00.000,501.88,502.35,501.7501,502.32,386229,3957,502.09
2024-05-02T12:25:00.000,502.31,502.4473,502.12,502.29,315787,3074,502.09
2024-05-02T12:30:00.000,502.29,502.32,501.66,501.87,657941,3839,502.09
2024-05-02T12:35:00.000,501.865,502.13,501.32,502.05,801836,5159,502.08
2024-05-02T12:40:00.000,502.057,502.385,502.03,502.29,517366,3483,502.08
2024-05-02T12:45:00.000,502.29,502.385,502.115,502.33,259332,2759,502.08
2024-05-02T12:50:00.000,502.34,502.475,502.11,502.205,361771,3131,502.09
2024-05-02T12:55:00.000,502.2,502.32,501.88,502.295,374585,3410,502.09
2024-05-02T13:00:00.000,502.33,502.55,502.3,502.5,277915,3037,502.09
2024-05-02T13:05:00.000,502.49,502.97,502.37,502.87,560850,4220,502.1
2024-05-02T13:10:00.000,502.86,503.64,502.79,503.4209,554269,5292,502.13
2024-05-02T13:15:00.000,503.425,503.66,503.33,503.36,395780,3721,502.14
2024-05-02T13:20:00.000,503.35,503.72,503.25,503.6799,308211,3113,502.16
2024-05-02T13:25:00.000,503.665,504.14,503.54,504.1199,441412,4278,502.18
2024-05-02T13:30:00.000,504.12,504.38,503.62,503.7,573187,5659,502.22
2024-05-02T13:35:00.000,503.7076,503.9,503.3887,503.7089,463585,4568,502.24
2024-05-02T13:40:00.000,503.72,503.97,503.46,503.89,443487,3742,502.26
2024-05-02T13:45:00.000,503.9,504.0661,503.7,503.76,430565,3348,502.28
2024-05-02T13:50:00.000,503.74,503.95,503.595,503.595,284018,2806,502.29
2024-05-02T13:55:00.000,503.61,504.01,503.59,503.85,462467,4380,502.32
2024-05-02T14:00:00.000,503.86,504.21,503.68,504.13,397812,4182,502.34
2024-05-02T14:05:00.000,504.13,504.65,503.965,504.5,490417,4694,502.36
2024-05-02T14:10:00.000,504.48,504.7,504.27,504.36,419272,4465,502.39
2024-05-02T14:15:00.000,504.36,504.5,503.96,504.12,469333,4889,502.41
2024-05-02T14:20:00.000,504.1201,504.24,503.98,504.24,423531,3836,502.43
2024-05-02T14:25:00.000,504.25,504.52,504.18,504.5,474136,3869,502.46
2024-05-02T14:30:00.000,504.5,504.95,504.395,504.82,527158,4715,502.49
2024-05-02T14:35:00.000,504.81,505.04,504.8,504.8312,728411,7568,502.54
2024-05-02T14:40:00.000,504.8401,505.01,504.61,504.75,719616,6729,502.58
2024-05-02T14:45:00.000,504.7599,505.28,504.595,505.13,609104,5956,502.62
2024-05-02T14:50:00.000,505.13,505.63,505.065,505.18,718074,5962,502.67
2024-05-02T14:55:00.000,505.2,505.565,505.2,505.45,635920,5528,502.71
2024-05-02T15:00:00.000,505.46,505.49,504.81,505.18,1219326,10316,502.79
2024-05-02T15:05:00.000,505.2,505.74,505.165,505.735,701597,6176,502.83
2024-05-02T15:10:00.000,505.7402,505.89,504.97,505.19,985059,8334,502.9
2024-05-02T15:15:00.000,505.2,505.48,504.92,505.09,595558,6086,502.93
2024-05-02T15:20:00.000,505.1,505.6592,505.01,505.5,508586,4994,502.96
2024-05-02T15:25:00.000,505.49,505.58,505.3,505.3199,982216,4513,502.98
2024-05-02T15:30:00.000,505.31,505.3999,504.64,504.645,1052587,9722,503.03
2024-05-02T15:35:00.000,504.65,504.74,504.155,504.5,1147470,10381,503.07
2024-05-02T15:40:00.000,504.52,504.65,504.07,504.1296,849046,7801,503.09
2024-05-02T15:45:00.000,504.12,504.51,503.86,504.4,1320653,10705,503.12
2024-05-02T15:50:00.000,504.39,504.5,504.09,504.21,1240038,11976,503.14
2024-05-02T15:55:00.000,504.23,505.13,504.075,505.02,4688977,26987,503.27
2024-05-02T16:00:00.000,505.01,505.01,505.01,505.01,820,5,503.27
2024-05-03T09:30:00.000,511.16,511.39,510.14,510.175,2520789,23201,510.88
2024-05-03T09:35:00.000,510.175,510.28,509.61,510.2188,1582540,15206,510.55
2024-05-03T09:40:00.000,510.23,511.13,510.18,511.05,1216837,9752,510.6
2024-05-03T09:45:00.000,511.04,511.59,510.84,511.41,1237178,13337,510.74
2024-05-03T09:50:00.000,511.38,511.79,510.95,511.68,1068499,10997,510.83
2024-05-03T09:55:00.000,511.68,511.98,511.47,511.57,770420,8274,510.92
2024-05-03T10:00:00.000,511.59,512.55,509.69,509.92,2696967,23914,510.9
2024-05-03T10:05:00.000,509.91,510.81,509.53,510.13,1674272,16083,510.79
2024-05-03T10:10:00.000,510.11,510.41,509.23,509.645,1062039,14929,510.71
2024-05-03T10:15:00.000,509.67,510.11,509.41,509.6299,922158,15951,510.65
2024-05-03T10:20:00.000,509.62,509.7612,508.94,509.55,1068616,17193,510.56
2024-05-03T10:25:00.000,509.51,510.15,508.64,509.67,1129967,13287,510.47
2024-05-03T10:30:00.000,509.67,510.23,509.08,509.17,871591,9298,510.43
2024-05-03T10:35:00.000,509.17,509.65,508.675,509.57,838506,8198,510.38
2024-05-03T10:40:00.000,509.58,510.34,509.29,510.27,865801,9030,510.35
2024-05-03T10:45:00.000,510.27,510.41,509.96,510.08,698842,7363,510.34
2024-05-03T10:50:00.000,510.07,510.09,509.11,509.3,880723,8169,510.31
2024-05-03T10:55:00.000,509.29,509.56,509.08,509.17,635138,5497,510.28
2024-05-03T11:00:00.000,509.17,509.46,509.01,509.1099,799126,5732,510.25
2024-05-03T11:05:00.000,509.1,509.58,508.655,508.84,876062,6348,510.23
2024-05-03T11:10:00.000,508.8301,509.05,508.56,508.85,618422,5967,510.19
2024-05-03T11:15:00.000,508.82,509.54,508.795,509.36,636946,6612,510.16
2024-05-03T11:20:00.000,509.39,509.76,509.14,509.41,552789,5410,510.15
2024-05-03T11:25:00.000,509.42,509.86,509.41,509.735,463616,4537,510.14
2024-05-03T11:30:00.000,509.75,510.335,509.7401,510.32,844822,5668,510.13
2024-05-03T11:35:00.000,510.31,510.502,510.16,510.35,696847,6248,510.14
2024-05-03T11:40:00.000,510.37,510.68,510.24,510.2511,776514,6738,510.15
2024-05-03T11:45:00.000,510.26,510.555,509.98,510.19,649329,5697,510.15
2024-05-03T11:50:00.000,510.19,510.78,510.14,510.69,1030212,5707,510.16
2024-05-03T11:55:00.000,510.71,510.92,510.45,510.485,609467,5425,510.17
2024-05-03T12:00:00.000,510.48,510.88,510.475,510.6975,496670,4888,510.18
2024-05-03T12:05:00.000,510.69,510.95,510.62,510.95,383768,3787,510.19
2024-05-03T12:10:00.000,510.95,511.02,510.55,510.575,516592,4901,510.2
2024-05-03T12:15:00.000,510.58,510.805,509.0401,510.5913,379630,4176,510.2
2024-05-03T12:20:00.000,510.6,510.96,510.42,510.87,431728,4150,510.21
2024-05-03T12:25:00.000,510.85,511.1099,510.8,510.89,483760,4473,510.22
2024-05-03T12:30:00.000,510.92,511.09,510.77,510.96,503135,4779,510.23
2024-05-03T12:35:00.000,510.96,511.38,510.9,511.315,448941,4557,510.24
2024-05-03T12:40:00.000,511.34,511.3986,511.08,511.16,371167,3854,510.25
2024-05-03T12:45:00.000,511.15,511.325,510.95,511.034,1006565,4368,510.27
2024-05-03T12:50:00.000,511.04,511.07,510.6,510.62,426636,4516,510.28
2024-05-03T12:55:00.000,510.6,510.74,510.4271,510.7,408792,4123,510.28
2024-05-03T13:00:00.000,510.71,510.915,510.6,510.815,362721,3491,510.28
2024-05-03T13:05:00.000,510.81,511.1606,510.76,511.0001,249404,2781,510.29
2024-05-03T13:10:00.000,511.0089,511.37,510.9501,511.36,375458,4001,510.3
2024-05-03T13:15:00.000,511.34,511.4885,511.04,511.18,571109,5379,510.31
2024-05-03T13:20:00.000,511.19,511.205,510.97,511.095,354597,3722,510.32
2024-05-03T13:25:00.000,511.09,511.27,511.01,511.1101,278154,3105,510.33
2024-05-03T13:30:00.000,511.11,511.225,510.68,511.125,553349,5262,510.34
2024-05-03T13:35:00.000,511.11,511.34,511.025,511.34,308405,3505,510.34
2024-05-03T13:40:00.000,511.335,511.54,511.0401,511.11,525954,5107,510.36
2024-05-03T13:45:00.000,511.1002,511.4099,510.99,511.3,537201,3254,510.36
2024-05-03T13:50:00.000,511.31,511.47,511.24,511.42,254623,2916,510.37
2024-05-03T13:55:00.000,511.43,511.62,511.285,511.3,368733,4060,510.38
2024-05-03T14:00:00.000,511.29,511.56,511.29,511.5001,296790,3082,510.39
2024-05-03T14:05:00.000,511.5,511.84,511.41,511.7999,414083,5184,510.4
2024-05-03T14:10:00.000,511.8,511.935,511.63,511.655,466294,5220,510.42
2024-05-03T14:15:00.000,511.66,511.97,511.66,511.949,364240,3595,510.43
2024-05-03T14:20:00.000,511.94,511.95,511.75,511.8302,255218,2739,510.43
2024-05-03T14:25:00.000,511.83,511.99,511.74,511.75,258796,3075,510.44
2024-05-03T14:30:00.000,511.74,511.97,511.725,511.85,293845,3336,510.45
2024-05-03T14:35:00.000,511.854,511.99,511.53,511.54,488509,5319,510.47
2024-05-03T14:40:00.000,511.535,511.87,511.34,511.62,551978,4825,510.48
2024-05-03T14:45:00.000,511.62,511.725,511.4,511.66,403553,3922,510.49
2024-05-03T14:50:00.000,511.66,511.82,511.5688,511.6,373912,3802,510.51
2024-05-03T14:55:00.000,511.59,511.68,511.24,511.54,509874,4748,510.52
2024-05-03T15:00:00.000,511.54,511.73,511.25,511.73,514953,4780,510.53
2024-05-03T15:05:00.000,511.72,511.8499,511.655,511.745,908178,4106,510.54
2024-05-03T15:10:00.000,511.74,511.83,511.41,511.55,803037,5131,510.55
2024-05-03T15:15:00.000,511.54,511.78,511.37,511.4301,706905,5944,510.57
2024-05-03T15:20:00.000,511.44,511.545,511.3,511.43,751247,5066,510.58
2024-05-03T15:25:00.000,511.44,511.7,511.35,511.64,648256,5285,510.59
2024-05-03T15:30:00.000,511.64,511.655,511.19,511.22,899020,6192,510.6
2024-05-03T15:35:00.000,511.23,511.755,511.14,511.585,1127905,7593,510.62
2024-05-03T15:40:00.000,511.58,511.74,511.4,511.505,778248,5797,510.63
2024-05-03T15:45:00.000,511.51,511.57,511.16,511.17,1112413,9746,510.65
2024-05-03T15:50:00.000,511.16,511.72,511.16,511.5101,1914030,15975,510.68
2024-05-03T15:55:00.000,511.51,511.515,511.14,511.29,4674861,27465,510.73
2024-05-03T16:00:00.000,511.28,511.28,511.28,511.28,667,3,510.73
2024-05-04T09:30:00.000,0.0,0.0,0.0,0.0,0,0,0.0
2024-05-04T09:35:00.000,0.0,0.0,0.0,0.0,0,0,0.0
2024-05-04T09:40:00.000,0.0,0.0,0.0,0.0,0,0,0.0
2024-05-04T09:45:00.000,0.0,0.0,0.0,0.0,0,0,0.0
2024-05-04T09:50:00.000,0.0,0.0,0.0,0.0,0,0,0.0
2024-05-04T09:55:00.000,0.0,0.0,0.0,0.0,0,0,0.0
2024-05-04T10:00:00.000,0.0,0.0,0.0,0.0,0,0,0.0
2024-05-04T10:05:00.000,0.0,0.0,0.0,0.0,0,0,0.0
2024-05-04T10:10:00.000,0.0,0.0,0.0,0.0,0,0,0.0
2024-05-04T10:15:00.000,0.0,0.0,0.0,0.0,0,0,0.0
2024-05-04T10:20:00.000,0.0,0.0,0.0,0.0,0,0,0.0
2024-05-04T10:25:00.000,0.0,0.0,0.0,0.0,0,0,0.0
2024-05-04T10:30:00.000,0.0,0.0,0.0,0.0,0,0,0.0
2024-05-04T10:35:00.000,0.0,0.0,0.0,0.0,0,0,0.0
2024-05-04T10:40:00.000,0.0,0.0,0.0,0.0,0,0,0.0
2024-05-04T10:45:00.000,0.0,0.0,0.0,0.0,0,0,0.0
2024-05-04T10:50:00.000,0.0,0.0,0.0,0.0,0,0,0.0
2024-05-04T10:55:00.000,0.0,0.0,0.0,0.0,0,0,0.0
2024-05-04T11:00:00.000,0.0,0.0,0.0,0.0,0,0,0.0
2024-05-04T11:05:00.000,0.0,0.0,0.0,0.0,0,0,0.0
2024-05-04T11:10:00.000,0.0,0.0,0.0,0.0,0,0,0.0
2024-05-04T11:15:00.000,0.0,0.0,0.0,0.0,0,0,0.0
2024-05-04T11:20:00.000,0.0,0.0,0.0,0.0,0,0,0.0
2024-05-04T11:25:00.000,0.0,0.0,0.0,0.0,0,0,0.0
2024-05-04T11:30:00.000,0.0,0.0,0.0,0.0,0,0,0.0
2024-05-04T11:35:00.000,0.0,0.0,0.0,0.0,0,0,0.0
2024-05-04T11:40:00.000,0.0,0.0,0.0,0.0,0,0,0.0
2024-05-04T11:45:00.000,0.0,0.0,0.0,0.0,0,0,0.0
2024-05-04T11:50:00.000,0.0,0.0,0.0,0.0,0,0,0.0
2024-05-04T11:55:00.000,0.0,0.0,0.0,0.0,0,0,0.0
2024-05-04T12:00:00.000,0.0,0.0,0.0,0.0,0,0,0.0
2024-05-04T12:05:00.000,0.0,0.0,0.0,0.0,0,0,0.0
2024-05-04T12:10:00.000,0.0,0.0,0.0,0.0,0,0,0.0
2024-05-04T12:15:00.000,0.0,0.0,0.0,0.0,0,0,0.0
2024-05-04T12:20:00.000,0.0,0.0,0.0,0.0,0,0,0.0
2024-05-04T12:25:00.000,0.0,0.0,0.0,0.0,0,0,0.0
2024-05-04T12:30:00.000,0.0,0.0,0.0,0.0,0,0,0.0
2024-05-04T12:35:00.000,0.0,0.0,0.0,0.0,0,0,0.0
2024-05-04T12:40:00.000,0.0,0.0,0.0,0.0,0,0,0.0
2024-05-04T12:45:00.000,0.0,0.0,0.0,0.0,0,0,0.0
2024-05-04T12:50:00.000,0.0,0.0,0.0,0.0,0,0,0.0
2024-05-04T12:55:00.000,0.0,0.0,0.0,0.0,0,0,0.0
2024-05-04T13:00:00.000,0.0,0.0,0.0,0.0,0,0,0.0
2024-05-04T13:05:00.000,0.0,0.0,0.0,0.0,0,0,0.0
2024-05-04T13:10:00.000,0.0,0.0,0.0,0.0,0,0,0.0
2024-05-04T13:15:00.000,0.0,0.0,0.0,0.0,0,0,0.0
2024-05-04T13:20:00.000,0.0,0.0,0.0,0.0,0,0,0.0
2024-05-04T13:25:00.000,0.0,0.0,0.0,0.0,0,0,0.0
2024-05-04T13:30:00.000,0.0,0.0,0.0,0.0,0,0,0.0
2024-05-04T13:35:00.000,0.0,0.0,0.0,0.0,0,0,0.0
2024-05-04T13:40:00.000,0.0,0.0,0.0,0.0,0,0,0.0
2024-05-04T13:45:00.000,0.0,0.0,0.0,0.0,0,0,0.0
2024-05-04T13:50:00.000,0.0,0.0,0.0,0.0,0,0,0.0
2024-05-04T13:55:00.000,0.0,0.0,0.0,0.0,0,0,0.0
2024-05-04T14:00:00.000,0.0,0.0,0.0,0.0,0,0,0.0
2024-05-04T14:05:00.000,0.0,0.0,0.0,0.0,0,0,0.0
2024-05-04T14:10:00.000,0.0,0.0,0.0,0.0,0,0,0.0
2024-05-04T14:15:00.000,0.0,0.0,0.0,0.0,0,0,0.0
2024-05-04T14:20:00.000,0.0,0.0,0.0,0.0,0,0,0.0
2024-05-04T14:25:00.000,0.0,0.0,0.0,0.0,0,0,0.0
2024-05-04T14:30:00.000,0.0,0.0,0.0,0.0,0,0,0.0
2024-05-04T14:35:00.000,0.0,0.0,0.0,0.0,0,0,0.0
2024-05-04T14:40:00.000,0.0,0.0,0.0,0.0,0,0,0.0
2024-05-04T14:45:00.000,0.0,0.0,0.0,0.0,0,0,0.0
2024-05-04T14:50:00.000,0.0,0.0,0.0,0.0,0,0,0.0
2024-05-04T14:55:00.000,0.0,0.0,0.0,0.0,0,0,0.0
2024-05-04T15:00:00.000,0.0,0.0,0.0,0.0,0,0,0.0
2024-05-04T15:05:00.000,0.0,0.0,0.0,0.0,0,0,0.0
2024-05-04T15:10:00.000,0.0,0.0,0.0,0.0,0,0,0.0
2024-05-04T15:15:00.000,0.0,0.0,0.0,0.0,0,0,0.0
2024-05-04T15:20:00.000,0.0,0.0,0.0,0.0,0,0,0.0
2024-05-04T15:25:00.000,0.0,0.0,0.0,0.0,0,0,0.0
2024-05-04T15:30:00.000,0.0,0.0,0.0,0.0,0,0,0.0
2024-05-04T15:35:00.000,0.0,0.0,0.0,0.0,0,0,0.0
2024-05-04T15:40:00.000,0.0,0.0,0.0,0.0,0,0,0.0
2024-05-04T15:45:00.000,0.0,0.0,0.0,0.0,0,0,0.0
2024-05-04T15:50:00.000,0.0,0.0,0.0,0.0,0,0,0.0
2024-05-04T15:55:00.000,0.0,0.0,0.0,0.0,0,0,0.0
2024-05-04T16:00:00.000,0.0,0.0,0.0,0.0,0,0,0.0
2024-05-05T09:30:00.000,0.0,0.0,0.0,0.0,0,0,0.0
2024-05-05T09:35:00.000,0.0,0.0,0.0,0.0,0,0,0.0
2024-05-05T09:40:00.000,0.0,0.0,0.0,0.0,0,0,0.0
2024-05-05T09:45:00.000,0.0,0.0,0.0,0.0,0,0,0.0
2024-05-05T09:50:00.000,0.0,0.0,0.0,0.0,0,0,0.0
2024-05-05T09:55:00.000,0.0,0.0,0.0,0.0,0,0,0.0
2024-05-05T10:00:00.000,0.0,0.0,0.0,0.0,0,0,0.0
2024-05-05T10:05:00.000,0.0,0.0,0.0,0.0,0,0,0.0
2024-05-05T10:10:00.000,0.0,0.0,0.0,0.0,0,0,0.0
2024-05-05T10:15:00.000,0.0,0.0,0.0,0.0,0,0,0.0
2024-05-05T10:20:00.000,0.0,0.0,0.0,0.0,0,0,0.0
2024-05-05T10:25:00.000,0.0,0.0,0.0,0.0,0,0,0.0
2024-05-05T10:30:00.000,0.0,0.0,0.0,0.0,0,0,0.0
2024-05-05T10:35:00.000,0.0,0.0,0.0,0.0,0,0,0.0
2024-05-05T10:40:00.000,0.0,0.0,0.0,0.0,0,0,0.0
2024-05-05T10:45:00.000,0.0,0.0,0.0,0.0,0,0,0.0
2024-05-05T10:50:00.000,0.0,0.0,0.0,0.0,0,0,0.0
2024-05-05T10:55:00.000,0.0,0.0,0.0,0.0,0,0,0.0
2024-05-05T11:00:00.000,0.0,0.0,0.0,0.0,0,0,0.0
2024-05-05T11:05:00.000,0.0,0.0,0.0,0.0,0,0,0.0
2024-05-05T11:10:00.000,0.0,0.0,0.0,0.0,0,0,0.0
2024-05-05T11:15:00.000,0.0,0.0,0.0,0.0,0,0,0.0
2024-05-05T11:20:00.000,0.0,0.0,0.0,0.0,0,0,0.0
2024-05-05T11:25:00.000,0.0,0.0,0.0,0.0,0,0,0.0
2024-05-05T11:30:00.000,0.0,0.0,0.0,0.0,0,0,0.0
2024-05-05T11:35:00.000,0.0,0.0,0.0,0.0,0,0,0.0
2024-05-05T11:40:00.000,0.0,0.0,0.0,0.0,0,0,0.0
2024-05-05T11:45:00.000,0.0,0.0,0.0,0.0,0,0,0.0
2024-05-05T11:50:00.000,0.0,0.0,0.0,0.0,0,0,0.0
2024-05-05T11:55:00.000,0.0,0.0,0.0,0.0,0,0,0.0
2024-05-05T12:00:00.000,0.0,0.0,0.0,0.0,0,0,0.0
2024-05-05T12:05:00.000,0.0,0.0,0.0,0.0,0,0,0.0
2024-05-05T12:10:00.000,0.0,0.0,0.0,0.0,0,0,0.0
2024-05-05T12:15:00.000,0.0,0.0,0.0,0.0,0,0,0.0
2024-05-05T12:20:00.000,0.0,0.0,0.0,0.0,0,0,0.0
2024-05-05T12:25:00.000,0.0,0.0,0.0,0.0,0,0,0.0
2024-05-05T12:30:00.000,0.0,0.0,0.0,0.0,0,0,0.0
2024-05-05T12:35:00.000,0.0,0.0,0.0,0.0,0,0,0.0
2024-05-05T12:40:00.000,0.0,0.0,0.0,0.0,0,0,0.0
2024-05-05T12:45:00.000,0.0,0.0,0.0,0.0,0,0,0.0
2024-05-05T12:50:00.000,0.0,0.0,0.0,0.0,0,0,0.0
2024-05-05T12:55:00.000,0.0,0.0,0.0,0.0,0,0,0.0
2024-05-05T13:00:00.000,0.0,0.0,0.0,0.0,0,0,0.0
2024-05-05T13:05:00.000,0.0,0.0,0.0,0.0,0,0,0.0
2024-05-05T13:10:00.000,0.0,0.0,0.0,0.0,0,0,0.0
2024-05-05T13:15:00.000,0.0,0.0,0.0,0.0,0,0,0.0
2024-05-05T13:20:00.000,0.0,0.0,0.0,0.0,0,0,0.0
2024-05-05T13:25:00.000,0.0,0.0,0.0,0.0,0,0,0.0
2024-05-05T13:30:00.000,0.0,0.0,0.0,0.0,0,0,0.0
2024-05-05T13:35:00.000,0.0,0.0,0.0,0.0,0,0,0.0
2024-05-05T13:40:00.000,0.0,0.0,0.0,0.0,0,0,0.0
2024-05-05T13:45:00.000,0.0,0.0,0.0,0.0,0,0,0.0
2024-05-05T13:50:00.000,0.0,0.0,0.0,0.0,0,0,0.0
2024-05-05T13:55:00.000,0.0,0.0,0.0,0.0,0,0,0.0
2024-05-05T14:00:00.000,0.0,0.0,0.0,0.0,0,0,0.0
2024-05-05T14:05:00.000,0.0,0.0,0.0,0.0,0,0,0.0
2024-05-05T14:10:00.000,0.0,0.0,0.0,0.0,0,0,0.0
2024-05-05T14:15:00.000,0.0,0.0,0.0,0.0,0,0,0.0
2024-05-05T14:20:00.000,0.0,0.0,0.0,0.0,0,0,0.0
2024-05-05T14:25:00.000,0.0,0.0,0.0,0.0,0,0,0.0
2024-05-05T14:30:00.000,0.0,0.0,0.0,0.0,0,0,0.0
2024-05-05T14:35:00.000,0.0,0.0,0.0,0.0,0,0,0.0
2024-05-05T14:40:00.000,0.0,0.0,0.0,0.0,0,0,0.0
2024-05-05T14:45:00.000,0.0,0.0,0.0,0.0,0,0,0.0
2024-05-05T14:50:00.000,0.0,0.0,0.0,0.0,0,0,0.0
2024-05-05T14:55:00.000,0.0,0.0,0.0,0.0,0,0,0.0
2024-05-05T15:00:00.000,0.0,0.0,0.0,0.0,0,0,0.0
2024-05-05T15:05:00.000,0.0,0.0,0.0,0.0,0,0,0.0
2024-05-05T15:10:00.000,0.0,0.0,0.0,0.0,0,0,0.0
2024-05-05T15:15:00.000,0.0,0.0,0.0,0.0,0,0,0.0
2024-05-05T15:20:00.000,0.0,0.0,0.0,0.0,0,0,0.0
2024-05-05T15:25:00.000,0.0,0.0,0.0,0.0,0,0,0.0
2024-05-05T15:30:00.000,0.0,0.0,0.0,0.0,0,0,0.0
2024-05-05T15:35:00.000,0.0,0.0,0.0,0.0,0,0,0.0
2024-05-05T15:40:00.000,0.0,0.0,0.0,0.0,0,0,0.0
2024-05-05T15:45:00.000,0.0,0.0,0.0,0.0,0,0,0.0
2024-05-05T15:50:00.000,0.0,0.0,0.0,0.0,0,0,0.0
2024-05-05T15:55:00.000,0.0,0.0,0.0,0.0,0,0,0.0
2024-05-05T16:00:00.000,0.0,0.0,0.0,0.0,0,0,0.0
2024-05-06T09:30:00.000,513.75,513.79,513.3,513.61,1756943,18371,513.53
2024-05-06T09:35:00.000,513.64,514.14,513.5,513.94,921906,10233,513.63
2024-05-06T09:40:00.000,513.95,514.2575,513.88,514.19,858267,8851,513.74
2024-05-06T09:45:00.000,514.18,514.36,514.14,514.28,626809,7467,513.81
2024-05-06T09:50:00.000,514.27,514.35,514.08,514.1403,710799,7362,513.87
2024-05-06T09:55:00.000,514.15,514.27,514.0,514.205,621196,6225,513.9
2024-05-06T10:00:00.000,514.21,514.32,514.065,514.18,530589,6572,513.92
2024-05-06T10:05:00.000,514.19,514.56,514.19,514.49,1601036,6443,513.96
2024-05-06T10:10:00.000,514.49,514.505,514.16,514.39,532635,5994,513.98
2024-05-06T10:15:00.000,514.41,514.52,514.0521,514.17,519903,11605,514.0
2024-05-06T10:20:00.000,514.18,514.43,514.04,514.39,449292,12142,514.02
2024-05-06T10:25:00.000,514.39,514.5299,514.25,514.3,474846,12047,514.03
2024-05-06T10:30:00.000,514.31,514.425,514.17,514.24,453293,8545,514.05
2024-05-06T10:35:00.000,514.23,514.515,514.19,514.4899,323947,4360,514.06
2024-05-06T10:40:00.000,514.4887,514.64,514.37,514.41,596323,6299,514.09
2024-05-06T10:45:00.000,514.4,514.42,514.1799,514.36,367398,4785,514.09
2024-05-06T10:50:00.000,514.37,514.49,514.275,514.28,281559,3971,514.1
2024-05-06T10:55:00.000,514.28,514.395,514.18,514.29,341063,4549,514.11
2024-05-06T11:00:00.000,514.29,514.32,513.92,513.9301,560669,5227,514.11
2024-05-06T11:05:00.000,513.94,514.34,513.8401,514.34,499015,4543,514.11
2024-05-06T11:10:00.000,514.355,514.405,514.02,514.12,375659,4343,514.11
2024-05-06T11:15:00.000,514.12,514.22,514.03,514.19,217006,3186,514.11
2024-05-06T11:20:00.000,514.2,514.298,514.02,514.14,288951,3907,514.11
2024-05-06T11:25:00.000,514.15,514.15,513.961,514.1,291379,3604,514.11
2024-05-06T11:30:00.000,514.11,514.18,513.99,514.12,315351,3752,514.11
2024-05-06T11:35:00.000,514.115,514.3298,514.03,514.18,307337,3799,514.11
2024-05-06T11:40:00.000,514.17,514.35,514.155,514.3425,238937,3040,514.11
2024-05-06T11:45:00.000,514.345,514.54,514.33,514.415,288361,3653,514.12
2024-05-06T11:50:00.000,514.4,514.46,514.295,514.34,452158,2735,514.12
2024-05-06T11:55:00.000,514.35,514.46,514.31,514.36,241089,2803,514.13
2024-05-06T12:00:00.000,514.36,514.36,514.156,514.245,225526,3224,514.13
2024-05-06T12:05:00.000,514.25,514.2992,514.14,514.17,223067,2983,514.13
2024-05-06T12:10:00.000,514.17,514.2,514.08,514.109,209918,2750,514.13
2024-05-06T12:15:00.000,514.11,514.15,513.96,514.0,313571,3280,514.13
2024-05-06T12:20:00.000,513.99,514.01,513.7,513.945,770824,5138,514.12
2024-05-06T12:25:00.000,513.94,514.22,513.895,514.17,378167,4630,514.12
2024-05-06T12:30:00.000,514.17,514.38,514.11,514.25,389802,4656,514.12
2024-05-06T12:35:00.000,514.26,514.47,514.22,514.43,315075,3964,514.12
2024-05-06T12:40:00.000,514.43,514.47,514.29,514.4,269587,3197,514.13
2024-05-06T12:45:00.000,514.41,514.73,514.17,514.42,954214,7090,514.15
2024-05-06T12:50:00.000,514.4182,514.455,514.18,514.34,289190,3297,514.15
2024-05-06T12:55:00.000,514.36,514.69,514.312,514.68,255110,3229,514.15
2024-05-06T13:00:00.000,514.68,514.96,514.63,514.755,494243,5235,514.17
2024-05-06T13:05:00.000,514.76,514.785,514.52,514.53,446119,5100,514.18
2024-05-06T13:10:00.000,514.545,514.57,514.37,514.5,252933,3485,514.19
2024-05-06T13:15:00.000,514.5014,514.61,514.245,514.3499,233410,3110,514.19
2024-05-06T13:20:00.000,514.35,514.61,514.34,514.61,217839,2936,514.19
2024-05-06T13:25:00.000,514.59,514.66,514.49,514.61,257719,3329,514.2
2024-05-06T13:30:00.000,514.62,514.7391,514.545,514.67,248386,4118,514.2
2024-05-06T13:35:00.000,514.66,514.77,514.645,514.7,480452,3316,514.21
2024-05-06T13:40:00.000,514.71,514.92,514.62,514.89,253409,3188,514.21
2024-05-06T13:45:00.000,514.91,514.99,514.7599,514.79,275414,3387,514.22
2024-05-06T13:50:00.000,514.79,515.02,514.77,515.01,283807,3859,514.23
2024-05-06T13:55:00.000,515.02,515.04,514.87,514.89,488422,3030,514.24
2024-05-06T14:00:00.000,514.885,515.18,514.82,515.12,447280,4876,514.25
2024-05-06T14:05:00.000,515.12,515.18,515.01,515.125,280589,3480,514.26
2024-05-06T14:10:00.000,515.13,515.26,515.075,515.1,299997,3643,514.27
2024-05-06T14:15:00.000,515.1,515.21,515.1,515.14,530927,3464,514.28
2024-05-06T14:20:00.000,515.15,515.37,514.93,515.32,447026,5104,514.3
2024-05-06T14:25:00.000,515.312,515.77,515.3,515.585,668539,6833,514.33
2024-05-06T14:30:00.000,515.58,515.615,515.39,515.565,667066,4075,514.35
2024-05-06T14:35:00.000,515.565,515.6,515.305,515.32,419994,4778,514.37
2024-05-06T14:40:00.000,515.33,515.435,515.23,515.325,386683,3965,514.38
2024-05-06T14:45:00.000,515.32,515.568,515.29,515.47,333619,4005,514.4
2024-05-06T14:50:00.000,515.47,515.515,515.33,515.48,296337,3557,514.41
2024-05-06T14:55:00.000,515.49,515.609,515.3798,515.41,392360,3802,514.42
2024-05-06T15:00:00.000,515.4,515.45,515.09,515.3789,477566,5361,514.44
2024-05-06T15:05:00.000,515.375,515.44,515.2769,515.35,370119,3797,514.45
2024-05-06T15:10:00.000,515.35,515.39,515.09,515.1,465066,4964,514.47
2024-05-06T15:15:00.000,515.1099,515.2,514.88,515.17,554272,5651,514.48
2024-05-06T15:20:00.000,515.1539,515.32,515.13,515.22,414951,4310,514.49
2024-05-06T15:25:00.000,515.21,515.3,515.0651,515.115,391601,4006,514.5
2024-05-06T15:30:00.000,515.11,515.17,514.93,515.04,673078,6841,514.51
2024-05-06T15:35:00.000,515.035,515.37,514.99,515.36,855656,5796,514.52
2024-05-06T15:40:00.000,515.37,515.5399,515.27,515.5,787005,7521,514.54
2024-05-06T15:45:00.000,515.5,515.76,515.34,515.7196,1055538,10329,514.58
2024-05-06T15:50:00.000,515.72,516.16,515.44,516.15,1658007,15083,514.63
2024-05-06T15:55:00.000,516.16,516.61,516.0375,516.6,4145881,23588,514.81
2024-05-06T16:00:00.000,0.0,0.0,0.0,0.0,0,0,514.81
2024-05-07T09:30:00.000,517.56,517.93,517.33,517.7488,1379306,13200,517.65
2024-05-07T09:35:00.000,517.75,517.86,517.45,517.55,727403,7618,517.64
2024-05-07T09:40:00.000,517.57,517.74,517.45,517.534,667236,7023,517.63
2024-05-07T09:45:00.000,517.56,517.845,517.25,517.35,646128,7552,517.62
2024-05-07T09:50:00.000,517.34,517.55,517.17,517.51,629750,7699,517.58
2024-05-07T09:55:00.000,517.51,517.61,517.165,517.18,488570,5944,517.55
2024-05-07T10:00:00.000,517.21,517.4,516.945,517.26,659153,7646,517.51
2024-05-07T10:05:00.000,517.26,517.4901,517.18,517.41,367191,5159,517.5
2024-05-07T10:10:00.000,517.4,517.75,517.36,517.6899,568966,11825,517.5
2024-05-07T10:15:00.000,517.68,517.72,517.5599,517.67,422886,11593,517.51
2024-05-07T10:20:00.000,517.67,517.78,517.21,517.3599,601998,12780,517.5
2024-05-07T10:25:00.000,517.3501,517.51,517.27,517.31,357599,5558,517.5
2024-05-07T10:30:00.000,517.29,517.47,517.25,517.345,299738,4582,517.49
2024-05-07T10:35:00.000,517.3398,517.54,517.28,517.35,285975,4107,517.49
2024-05-07T10:40:00.000,517.3553,517.435,517.24,517.305,469303,4193,517.48
2024-05-07T10:45:00.000,517.305,517.72,517.27,517.69,370298,4293,517.48
2024-05-07T10:50:00.000,517.72,517.97,517.66,517.95,400261,4495,517.5
2024-05-07T10:55:00.000,517.95,518.24,517.85,518.125,836258,6332,517.54
2024-05-07T11:00:00.000,518.13,518.28,518.02,518.09,568862,4915,517.57
2024-05-07T11:05:00.000,518.085,518.15,517.95,518.015,396608,3682,517.59
2024-05-07T11:10:00.000,518.02,518.215,518.02,518.11,379367,4213,517.61
2024-05-07T11:15:00.000,518.1199,518.25,518.0,518.03,573140,5043,517.63
2024-05-07T11:20:00.000,518.0451,518.2224,517.85,518.055,436115,4318,517.64
2024-05-07T11:25:00.000,518.05,518.21,517.94,517.98,334900,3570,517.65
2024-05-07T11:30:00.000,517.97,518.1099,517.69,517.77,372066,3904,517.66
2024-05-07T11:35:00.000,517.78,517.98,517.73,517.8,341943,3248,517.67
2024-05-07T11:40:00.000,517.8,518.07,517.785,518.04,241455,2971,517.67
2024-05-07T11:45:00.000,518.04,518.15,517.91,518.03,364826,3830,517.68
2024-05-07T11:50:00.000,518.04,518.195,518.04,518.17,221981,2932,517.69
2024-05-07T11:55:00.000,518.16,518.165,517.89,518.08,227514,3006,517.69
2024-05-07T12:00:00.000,518.0888,518.1194,517.985,518.065,179674,2525,517.7
2024-05-07T12:05:00.000,518.07,518.25,518.03,518.2199,408698,3008,517.7
2024-05-07T12:10:00.000,518.2102,518.295,518.055,518.08,258275,3158,517.71
2024-05-07T12:15:00.000,518.07,518.2124,518.005,518.21,214459,2615,517.72
2024-05-07T12:20:00.000,518.21,518.23,518.055,518.23,162327,2212,517.72
2024-05-07T12:25:00.000,518.24,518.25,518.16,518.17,185692,2598,517.73
2024-05-07T12:30:00.000,518.175,518.2,517.805,517.825,437464,4525,517.74
2024-05-07T12:35:00.000,517.815,518.03,517.76,518.02,1310331,3347,517.74
2024-05-07T12:40:00.000,518.025,518.16,517.83,517.97,361231,3839,517.74
2024-05-07T12:45:00.000,517.96,517.99,517.8,517.9876,241866,2682,517.75
2024-05-07T12:50:00.000,517.98,517.985,517.5701,517.75,315137,3772,517.75
2024-05-07T12:55:00.000,517.74,517.93,517.66,517.89,191517,2499,517.75
2024-05-07T13:00:00.000,517.895,518.16,517.89,517.96,307567,2978,517.75
2024-05-07T13:05:00.000,517.96,518.09,517.895,518.065,141982,1964,517.75
2024-05-07T13:10:00.000,518.07,518.23,518.0101,518.07,254290,2783,517.76
2024-05-07T13:15:00.000,518.0699,518.195,518.0,518.17,775828,4648,517.77
2024-05-07T13:20:00.000,518.17,518.48,518.17,518.42,334809,3532,517.78
2024-05-07T13:25:00.000,518.42,518.48,518.3,518.4199,330237,3367,517.79
2024-05-07T13:30:00.000,518.4101,518.57,518.3,518.33,423003,4802,517.8
2024-05-07T13:35:00.000,518.315,518.3993,518.1729,518.23,266686,2872,517.81
2024-05-07T13:40:00.000,518.23,518.23,517.93,518.085,531308,4200,517.82
2024-05-07T13:45:00.000,518.09,518.1598,517.2,517.27,554488,5153,517.82
2024-05-07T13:50:00.000,517.23,517.7,517.085,517.35,680302,6964,517.8
2024-05-07T13:55:00.000,517.34,517.3677,516.79,516.99,702026,6621,517.78
2024-05-07T14:00:00.000,517.0,517.42,516.985,517.396,542368,5243,517.77
2024-05-07T14:05:00.000,517.4,517.44,516.91,517.1,460743,4297,517.76
2024-05-07T14:10:00.000,517.11,517.41,517.07,517.2,924380,4889,517.75
2024-05-07T14:15:00.000,517.19,517.2181,516.77,516.82,552865,4934,517.73
2024-05-07T14:20:00.000,516.815,517.12,516.76,516.92,448736,4629,517.72
2024-05-07T14:25:00.000,516.9099,517.01,516.7,516.84,683068,4366,517.7
2024-05-07T14:30:00.000,516.83,516.96,516.45,516.59,665471,7458,517.67
2024-05-07T14:35:00.000,516.59,516.77,516.4501,516.6616,574835,5493,517.65
2024-05-07T14:40:00.000,516.65,517.085,516.61,517.05,539458,5423,517.63
2024-05-07T14:45:00.000,517.05,517.08,516.8401,516.96,256122,3027,517.63
2024-05-07T14:50:00.000,516.945,517.05,516.73,516.8679,444927,4063,517.62
2024-05-07T14:55:00.000,516.86,517.055,516.83,517.015,264552,3089,517.61
2024-05-07T15:00:00.000,517.02,517.12,516.81,516.97,338637,3857,517.6
2024-05-07T15:05:00.000,516.97,517.23,516.9001,517.15,307272,3516,517.6
2024-05-07T15:10:00.000,517.14,517.23,517.0197,517.13,458154,4758,517.59
2024-05-07T15:15:00.000,517.14,517.15,516.68,516.96,387852,4763,517.58
2024-05-07T15:20:00.000,516.97,517.29,516.85,517.205,589732,5928,517.57
2024-05-07T15:25:00.000,517.205,517.245,517.05,517.17,402840,3903,517.57
2024-05-07T15:30:00.000,517.175,517.23,516.98,517.04,306113,4057,517.56
2024-05-07T15:35:00.000,517.05,517.32,517.0398,517.29,710543,5024,517.56
2024-05-07T15:40:00.000,517.29,517.348,516.98,517.02,597124,6156,517.55
2024-05-07T15:45:00.000,517.04,517.41,517.04,517.4,969645,7396,517.54
2024-05-07T15:50:00.000,517.4,517.86,517.4,517.7,3213935,21378,517.56
2024-05-07T15:55:00.000,517.7,517.71,517.1,517.2,5058050,28353,517.54
2024-05-07T16:00:00.000,517.2,517.2,517.2,517.2,200,1,517.54
2024-05-08T09:30:00.000,515.26,515.775,515.14,515.5984,1131144,11122,515.51
2024-05-08T09:35:00.000,515.61,515.935,515.39,515.89,761347,6700,515.6
2024-05-08T09:40:00.000,515.885,515.89,515.56,515.86,534247,5653,515.64
2024-05-08T09:45:00.000,515.88,516.38,515.84,516.2951,950212,9132,515.77
2024-05-08T09:50:00.000,516.29,516.3875,516.16,516.3,543150,5869,515.84
2024-05-08T09:55:00.000,516.295,516.53,516.2,516.5085,584501,6620,515.9
2024-05-08T10:00:00.000,516.495,516.68,516.33,516.51,740270,7578,515.98
2024-05-08T10:05:00.000,516.52,516.54,516.25,516.27,471244,4726,516.01
2024-05-08T10:10:00.000,516.27,516.44,516.04,516.1757,408310,9452,516.02
2024-05-08T10:15:00.000,516.18,516.51,516.15,516.395,309650,10568,516.04
2024-05-08T10:20:00.000,516.39,516.9197,516.3799,516.78,765987,11526,516.09
2024-05-08T10:25:00.000,516.79,517.12,516.775,516.9,449044,6598,516.14
2024-05-08T10:30:00.000,516.905,516.995,516.79,516.85,369151,4582,516.17
2024-05-08T10:35:00.000,516.85,516.91,516.695,516.83,324899,3701,516.2
2024-05-08T10:40:00.000,516.83,517.185,516.79,517.13,491160,4894,516.25
2024-05-08T10:45:00.000,517.125,517.7171,517.105,517.575,772610,6559,516.35
2024-05-08T10:50:00.000,517.58,517.625,517.405,517.53,323227,3490,516.39
2024-05-08T10:55:00.000,517.54,517.545,517.2499,517.395,407444,3849,516.42
2024-05-08T11:00:00.000,517.395,517.6797,517.26,517.305,481120,4404,516.47
2024-05-08T11:05:00.000,517.2989,517.365,517.05,517.1201,465370,4196,516.5
2024-05-08T11:10:00.000,517.13,517.1699,516.94,516.985,377227,3547,516.52
2024-05-08T11:15:00.000,517.0,517.025,516.635,516.975,702390,6546,516.54
2024-05-08T11:20:00.000,516.98,517.05,516.82,517.045,328209,3507,516.55
2024-05-08T11:25:00.000,517.05,517.22,517.01,517.03,441591,3727,516.57
2024-05-08T11:30:00.000,517.02,517.26,516.88,517.08,415025,4043,516.58
2024-05-08T11:35:00.000,517.1,517.13,516.93,516.9595,203893,2620,516.59
2024-05-08T11:40:00.000,516.96,517.07,516.71,516.797,287965,3026,516.6
2024-05-08T11:45:00.000,516.7981,516.89,516.64,516.88,357579,3597,516.6
2024-05-08T11:50:00.000,516.89,517.015,516.8,516.845,216952,2529,516.61
2024-05-08T11:55:00.000,516.84,516.97,516.735,516.81,209768,2453,516.61
2024-05-08T12:00:00.000,516.8,517.03,516.63,516.88,740051,5465,516.62
2024-05-08T12:05:00.000,516.88,516.96,516.785,516.83,173343,1966,516.62
2024-05-08T12:10:00.000,516.84,516.935,516.6788,516.88,193035,2518,516.62
2024-05-08T12:15:00.000,516.89,517.08,516.82,517.075,167394,2305,516.62
2024-05-08T12:20:00.000,517.08,517.12,516.82,516.8498,216725,2535,516.63
2024-05-08T12:25:00.000,516.89,517.01,516.8,516.83,438462,2006,516.63
2024-05-08T12:30:00.000,516.83,516.86,516.66,516.721,663837,2777,516.63
2024-05-08T12:35:00.000,516.72,516.72,516.26,516.54,402496,4472,516.63
2024-05-08T12:40:00.000,516.55,516.73,516.5,516.58,239417,2470,516.63
2024-05-08T12:45:00.000,516.57,516.96,516.57,516.78,298399,3179,516.63
2024-05-08T12:50:00.000,516.78,516.7995,516.595,516.715,174450,2223,516.63
2024-05-08T12:55:00.000,516.71,516.7896,516.48,516.63,200510,2393,516.63
2024-05-08T13:00:00.000,516.64,516.83,516.1,516.7499,541944,4956,516.63
2024-05-08T13:05:00.000,516.749,516.87,516.625,516.625,253860,3040,516.63
2024-05-08T13:10:00.000,516.62,516.71,516.38,516.6501,285083,2937,516.63
2024-05-08T13:15:00.000,516.65,516.69,516.53,516.55,229287,2597,516.63
2024-05-08T13:20:00.000,516.549,516.59,516.17,516.28,391017,3252,516.63
2024-05-08T13:25:00.000,516.28,516.445,516.22,516.29,244621,2586,516.62
2024-05-08T13:30:00.000,516.28,516.521,516.2,516.3901,214071,3190,516.62
2024-05-08T13:35:00.000,516.4,516.5,516.29,516.37,151612,2030,516.62
2024-05-08T13:40:00.000,516.38,516.79,516.304,516.77,386303,3082,516.62
2024-05-08T13:45:00.000,516.77,516.92,516.69,516.83,278322,3423,516.62
2024-05-08T13:50:00.000,516.8101,516.97,516.79,516.895,261724,2853,516.62
2024-05-08T13:55:00.000,516.89,517.1001,516.885,517.07,243869,2883,516.63
2024-05-08T14:00:00.000,517.07,517.23,517.04,517.1,278532,3199,516.63
2024-05-08T14:05:00.000,517.11,517.205,516.9197,517.1891,201813,2503,516.64
2024-05-08T14:10:00.000,517.1851,517.35,517.11,517.29,242093,2803,516.64
2024-05-08T14:15:00.000,517.29,517.395,517.21,517.3,242660,2861,516.65
2024-05-08T14:20:00.000,517.3,517.35,516.955,517.0275,317901,4014,516.66
2024-05-08T14:25:00.000,517.02,517.33,516.94,517.26,315401,3393,516.66
2024-05-08T14:30:00.000,517.27,517.42,517.1801,517.285,279704,3074,516.67
2024-05-08T14:35:00.000,517.295,517.3,517.0801,517.2303,186023,2453,516.68
2024-05-08T14:40:00.000,517.24,517.35,517.07,517.185,180102,2295,516.68
2024-05-08T14:45:00.000,517.19,517.32,517.1198,517.205,173672,2349,516.68
2024-05-08T14:50:00.000,517.205,517.215,517.06,517.105,235700,2572,516.69
2024-05-08T14:55:00.000,517.105,517.19,516.89,517.0099,570295,3695,516.69
2024-05-08T15:00:00.000,517.0,517.005,516.5699,516.85,467664,4922,516.69
2024-05-08T15:05:00.000,516.855,517.03,516.76,516.99,560457,3219,516.7
2024-05-08T15:10:00.000,517.0,517.09,516.87,517.02,330569,3317,516.7
2024-05-08T15:15:00.000,517.01,517.329,516.945,517.29,343197,3844,516.71
2024-05-08T15:20:00.000,517.29,517.47,517.2,517.44,783224,4802,516.72
2024-05-08T15:25:00.000,517.44,517.45,517.29,517.31,622654,3933,516.73
2024-05-08T15:30:00.000,517.305,517.53,517.27,517.42,455914,4766,516.74
2024-05-08T15:35:00.000,517.425,517.4468,517.3,517.34,415827,3741,516.75
2024-05-08T15:40:00.000,517.33,517.49,517.28,517.4387,449611,4748,516.76
2024-05-08T15:45:00.000,517.43,517.69,517.408,517.6,788523,7153,516.78
2024-05-08T15:50:00.000,517.6,517.74,517.38,517.5,1827421,14521,516.83
2024-05-08T15:55:00.000,517.51,517.67,517.19,517.19,2919566,22927,516.89
2024-05-08T16:00:00.000,517.18,517.18,517.18,517.18,566,6,516.89
2024-05-09T09:30:00.000,517.38,517.77,517.34,517.6,955672,10727,517.58
2024-05-09T09:35:00.000,517.61,517.79,517.22,517.2434,631612,6495,517.53
2024-05-09T09:40:00.000,517.25,517.27,516.705,516.995,822751,7698,517.31
2024-05-09T09:45:00.000,517.0,517.17,516.88,516.995,508019,5277,517.26
2024-05-09T09:50:00.000,516.99,517.47,516.94,517.359,585665,5809,517.26
2024-05-09T09:55:00.000,517.36,517.62,517.33,517.5818,370786,4537,517.27
2024-05-09T10:00:00.000,517.58,517.96,517.505,517.95,740687,7724,517.36
2024-05-09T10:05:00.000,517.96,518.215,517.8501,517.99,859051,8526,517.46
2024-05-09T10:10:00.000,517.99,518.39,517.65,517.725,734243,14333,517.53
2024-05-09T10:15:00.000,517.73,518.01,517.54,517.68,520036,11460,517.55
2024-05-09T10:20:00.000,517.6868,518.28,517.66,518.2,413443,11866,517.58
2024-05-09T10:25:00.000,518.1932,518.305,517.97,518.065,432669,5242,517.61
2024-05-09T10:30:00.000,518.06,518.515,518.06,518.38,484364,5718,517.65
2024-05-09T10:35:00.000,518.39,519.17,518.3858,518.95,902707,9191,517.77
2024-05-09T10:40:00.000,518.95,519.11,518.77,518.9204,782288,6131,517.85
2024-05-09T10:45:00.000,518.94,519.03,518.695,518.98,368357,4281,517.89
2024-05-09T10:50:00.000,518.98,519.2701,518.9,519.25,394875,4492,517.93
2024-05-09T10:55:00.000,519.255,519.28,518.93,519.165,509037,5148,517.99
2024-05-09T11:00:00.000,519.16,519.435,519.14,519.2801,553463,5204,518.04
2024-05-09T11:05:00.000,519.28,519.51,519.27,519.285,398940,4642,518.08
2024-05-09T11:10:00.000,519.28,519.36,519.11,519.275,442056,4588,518.13
2024-05-09T11:15:00.000,519.28,519.38,519.06,519.18,517965,4941,518.17
2024-05-09T11:20:00.000,519.18,519.3,519.01,519.07,384494,3883,518.2
2024-05-09T11:25:00.000,519.07,519.36,519.0,519.34,622089,3815,518.23
2024-05-09T11:30:00.000,519.34,519.455,519.18,519.32,314200,3313,518.25
2024-05-09T11:35:00.000,519.31,519.35,518.96,519.05,289252,3352,518.27
2024-05-09T11:40:00.000,519.06,519.08,518.84,518.89,308054,3522,518.28
2024-05-09T11:45:00.000,518.9,518.95,518.61,518.835,495480,4674,518.3
2024-05-09T11:50:00.000,518.83,518.83,518.59,518.66,250240,2841,518.31
2024-05-09T11:55:00.000,518.65,518.65,518.34,518.5,405780,4128,518.31
2024-05-09T12:00:00.000,518.49,518.66,518.37,518.57,289498,3279,518.32
2024-05-09T12:05:00.000,518.56,518.7388,518.49,518.715,293830,3055,518.32
2024-05-09T12:10:00.000,518.715,518.87,518.68,518.87,237468,2818,518.33
2024-05-09T12:15:00.000,518.87,518.93,518.5817,518.73,275243,3050,518.34
2024-05-09T12:20:00.000,518.73,518.95,518.6672,518.95,183909,2107,518.34
2024-05-09T12:25:00.000,518.96,518.97,518.75,518.8,170220,2066,518.35
2024-05-09T12:30:00.000,518.81,518.83,518.53,518.64,242810,2811,518.35
2024-05-09T12:35:00.000,518.63,519.06,518.63,518.985,295805,3024,518.36
2024-05-09T12:40:00.000,518.98,519.1099,518.9601,519.1,201299,2379,518.37
2024-05-09T12:45:00.000,519.09,519.27,518.98,519.125,267976,2963,518.38
2024-05-09T12:50:00.000,519.13,519.27,519.115,519.23,196534,2409,518.39
2024-05-09T12:55:00.000,519.225,519.37,519.11,519.2199,252818,2937,518.4
2024-05-09T13:00:00.000,519.21,519.64,518.99,519.5591,585189,5060,518.43
2024-05-09T13:05:00.000,519.56,519.63,519.295,519.36,364367,3681,518.45
2024-05-09T13:10:00.000,519.3577,519.59,519.31,519.42,209909,2402,518.46
2024-05-09T13:15:00.000,519.44,519.46,519.17,519.28,494870,3149,518.47
2024-05-09T13:20:00.000,519.25,519.25,518.79,518.9987,474544,4860,518.48
2024-05-09T13:25:00.000,519.007,519.5199,519.007,519.5,375208,3826,518.5
2024-05-09T13:30:00.000,519.5,519.52,519.32,519.375,182519,2860,518.5
2024-05-09T13:35:00.000,519.375,519.465,519.25,519.36,275493,2882,518.51
2024-05-09T13:40:00.000,519.36,519.435,519.24,519.43,219296,2479,518.52
2024-05-09T13:45:00.000,519.44,519.58,519.225,519.31,237967,2887,518.53
2024-05-09T13:50:00.000,519.32,519.35,519.17,519.21,178369,2450,518.54
2024-05-09T13:55:00.000,519.205,519.32,519.15,519.2,186719,2076,518.54
2024-05-09T14:00:00.000,519.19,519.19,518.95,519.115,277985,3359,518.55
2024-05-09T14:05:00.000,519.125,519.2599,519.105,519.15,166648,2584,518.55
2024-05-09T14:10:00.000,519.1551,519.255,519.05,519.1,202574,2574,518.56
2024-05-09T14:15:00.000,519.1,519.33,519.03,519.215,227904,2864,518.56
2024-05-09T14:20:00.000,519.21,519.24,518.93,519.0458,282942,2755,518.57
2024-05-09T14:25:00.000,519.045,519.51,519.045,519.48,294246,3737,518.58
2024-05-09T14:30:00.000,519.49,519.62,519.3401,519.355,246888,3296,518.59
2024-05-09T14:35:00.000,519.36,519.725,519.355,519.625,266063,3184,518.6
2024-05-09T14:40:00.000,519.63,519.7,519.55,519.6723,243887,2829,518.61
2024-05-09T14:45:00.000,519.67,519.8599,519.66,519.78,324151,3812,518.62
2024-05-09T14:50:00.000,519.785,519.95,519.76,519.82,316334,3743,518.64
2024-05-09T14:55:00.000,519.815,520.06,519.81,519.9,506855,5571,518.66
2024-05-09T15:00:00.000,519.9,519.9301,519.68,519.8101,503937,5081,518.69
2024-05-09T15:05:00.000,519.815,520.045,519.78,519.89,406560,3811,518.71
2024-05-09T15:10:00.000,519.89,519.89,519.645,519.7801,330456,3456,518.72
2024-05-09T15:15:00.000,519.785,519.8,519.5997,519.75,441429,4503,518.74
2024-05-09T15:20:00.000,519.755,519.88,519.58,519.74,392494,4113,518.75
2024-05-09T15:25:00.000,519.735,519.8,519.6095,519.67,352138,3685,518.76
2024-05-09T15:30:00.000,519.63,519.774,519.58,519.7699,416712,4270,518.77
2024-05-09T15:35:00.000,519.77,520.06,519.69,519.82,773675,5708,518.79
2024-05-09T15:40:00.000,519.84,519.85,519.57,519.69,499600,5482,518.81
2024-05-09T15:45:00.000,519.68,519.8,519.62,519.705,611797,6816,518.83
2024-05-09T15:50:00.000,519.7,520.2074,519.7,519.9691,1887034,17011,518.9
2024-05-09T15:55:00.000,519.96,520.19,519.7704,520.13,5094510,26434,519.06
2024-05-09T16:00:00.000,520.13,520.13,520.13,520.13,458,2,519.06
2024-05-10T09:30:00.000,521.81,522.135,521.36,522.12,1663731,15454,521.71
2024-05-10T09:35:00.000,522.11,522.26,521.805,522.1589,846322,8039,521.84
2024-05-10T09:40:00.000,522.15,522.47,522.1301,522.26,833383,7946,521.96
2024-05-10T09:45:00.000,522.26,522.635,522.21,522.465,858124,7449,522.05
2024-05-10T09:50:00.000,522.46,522.56,522.16,522.3675,638494,6442,522.09
2024-05-10T09:55:00.000,522.37,522.55,522.335,522.42,405264,4145,522.12
2024-05-10T10:00:00.000,522.41,522.43,521.39,521.73,1383306,11217,522.03
2024-05-10T10:05:00.000,521.725,522.03,521.67,521.785,795182,8709,522.01
2024-05-10T10:10:00.000,521.78,521.795,521.32,521.5,734066,11459,521.97
2024-05-10T10:15:00.000,521.49,521.63,521.16,521.23,677957,13579,521.93
2024-05-10T10:20:00.000,521.21,521.34,520.91,521.2599,762009,14196,521.87
2024-05-10T10:25:00.000,521.28,521.295,520.6,520.78,798483,12472,521.8
2024-05-10T10:30:00.000,520.77,520.8499,520.5,520.73,719812,7176,521.74
2024-05-10T10:35:00.000,520.73,521.05,520.5,521.029,709376,7283,521.68
2024-05-10T10:40:00.000,521.02,521.37,521.0,521.13,712129,7132,521.66
2024-05-10T10:45:00.000,521.12,521.1399,520.78,520.93,488987,5303,521.63
2024-05-10T10:50:00.000,520.92,521.1,520.03,520.09,807029,7899,521.56
2024-05-10T10:55:00.000,520.08,520.58,520.01,520.48,682502,6411,521.5
2024-05-10T11:00:00.000,520.5,520.605,520.295,520.42,395277,3956,521.47
2024-05-10T11:05:00.000,520.425,520.63,520.1,520.265,498776,5352,521.44
2024-05-10T11:10:00.000,520.28,520.535,520.14,520.36,597148,4016,521.42
2024-05-10T11:15:00.000,520.35,520.52,520.19,520.2431,281889,3461,521.4
2024-05-10T11:20:00.000,520.25,520.5,520.185,520.3,361356,3985,521.37
2024-05-10T11:25:00.000,520.32,520.63,520.26,520.54,442394,4309,521.35
2024-05-10T11:30:00.000,520.55,520.66,520.3,520.43,752298,4368,521.32
2024-05-10T11:35:00.000,520.43,520.51,519.91,520.15,775646,5598,521.29
2024-05-10T11:40:00.000,520.15,520.22,519.59,519.79,632831,5702,521.24
2024-05-10T11:45:00.000,519.785,520.135,519.615,520.085,567703,5461,521.2
2024-05-10T11:50:00.000,520.09,520.32,520.05,520.105,321743,3852,521.18
2024-05-10T11:55:00.000,520.11,520.46,520.11,520.365,319218,3667,521.17
2024-05-10T12:00:00.000,520.37,520.38,519.93,519.9682,575967,5279,521.14
2024-05-10T12:05:00.000,519.98,520.29,519.83,520.26,392451,4193,521.12
2024-05-10T12:10:00.000,520.26,520.46,520.18,520.39,216761,3214,521.11
2024-05-10T12:15:00.000,520.3899,520.52,520.3016,520.32,401626,4453,521.1
2024-05-10T12:20:00.000,520.3242,520.5,520.21,520.5,237731,2962,521.09
2024-05-10T12:25:00.000,520.5119,520.5401,520.2,520.31,310946,3306,521.08
2024-05-10T12:30:00.000,520.31,520.49,520.27,520.31,261267,2909,521.07
2024-05-10T12:35:00.000,520.31,520.445,520.09,520.19,287619,3149,521.06
2024-05-10T12:40:00.000,520.19,520.355,520.19,520.28,170206,2257,521.05
2024-05-10T12:45:00.000,520.29,520.76,520.265,520.695,332634,4021,521.05
2024-05-10T12:50:00.000,520.7,520.745,520.5,520.64,362377,3216,521.04
2024-05-10T12:55:00.000,520.64,520.77,520.48,520.53,431691,3815,521.03
2024-05-10T13:00:00.000,520.535,520.62,520.29,520.4285,354604,3679,521.02
2024-05-10T13:05:00.000,520.425,520.455,520.1013,520.1599,285819,3182,521.02
2024-05-10T13:10:00.000,520.14,520.265,520.04,520.18,236668,2639,521.01
2024-05-10T13:15:00.000,520.185,520.335,520.16,520.245,183084,2347,521.0
2024-05-10T13:20:00.000,520.25,520.2709,520.05,520.13,278804,2979,520.99
2024-05-10T13:25:00.000,520.13,520.24,520.005,520.11,362947,3686,520.98
2024-05-10T13:30:00.000,520.13,520.2997,520.1103,520.22,188893,3382,520.97
2024-05-10T13:35:00.000,520.22,520.35,520.13,520.27,241872,2927,520.97
2024-05-10T13:40:00.000,520.27,520.335,520.0901,520.14,253119,2751,520.96
2024-05-10T13:45:00.000,520.15,520.19,519.91,520.19,291281,3654,520.95
2024-05-10T13:50:00.000,520.1803,520.5,520.1803,520.48,302566,3836,520.94
2024-05-10T13:55:00.000,520.48,520.84,520.44,520.8,488688,5077,520.94
2024-05-10T14:00:00.000,520.79,520.82,520.41,520.4727,386028,3741,520.93
2024-05-10T14:05:00.000,520.4799,520.82,520.43,520.815,333610,3811,520.93
2024-05-10T14:10:00.000,520.82,520.91,520.71,520.7399,319323,3081,520.93
2024-05-10T14:15:00.000,520.74,520.9499,520.71,520.87,304179,3305,520.93
2024-05-10T14:20:00.000,520.87,520.87,520.63,520.64,420318,3283,520.92
2024-05-10T14:25:00.000,520.64,520.7,520.52,520.67,296280,3046,520.92
2024-05-10T14:30:00.000,520.66,520.6701,520.24,520.39,389814,3997,520.91
2024-05-10T14:35:00.000,520.38,520.41,520.115,520.34,273336,3362,520.91
2024-05-10T14:40:00.000,520.34,520.65,520.31,520.6101,318803,3333,520.9
2024-05-10T14:45:00.000,520.61,520.72,520.51,520.67,165362,2409,520.9
2024-05-10T14:50:00.000,520.67,520.94,520.67,520.705,320496,3773,520.9
2024-05-10T14:55:00.000,520.71,520.945,520.675,520.9321,222198,2846,520.9
2024-05-10T15:00:00.000,520.93,520.96,520.62,520.92,311940,3698,520.9
2024-05-10T15:05:00.000,520.93,520.95,520.73,520.82,222581,2995,520.9
2024-05-10T15:10:00.000,520.825,520.95,520.755,520.81,256909,3050,520.9
2024-05-10T15:15:00.000,520.81,521.1,520.7799,521.0603,313268,3857,520.9
2024-05-10T15:20:00.000,521.06,521.13,520.89,521.0592,296341,3465,520.9
2024-05-10T15:25:00.000,521.055,521.1399,520.9251,521.03,626170,4296,520.9
2024-05-10T15:30:00.000,521.03,521.12,520.76,521.01,512249,5176,520.9
2024-05-10T15:35:00.000,521.01,521.19,520.89,521.115,478947,5164,520.9
2024-05-10T15:40:00.000,521.12,521.16,520.86,520.87,428121,4954,520.91
2024-05-10T15:45:00.000,520.87,520.98,520.76,520.7799,1006026,7537,520.91
2024-05-10T15:50:00.000,520.78,521.34,520.78,521.3001,1080502,10447,520.91
2024-05-10T15:55:00.000,521.31,521.34,520.81,520.84,3590400,21099,520.93
2024-05-10T16:00:00.000,520.84,520.84,520.84,520.84,767,1,520.93
2024-05-11T09:30:00.000,0.0,0.0,0.0,0.0,0,0,0.0
2024-05-11T09:35:00.000,0.0,0.0,0.0,0.0,0,0,0.0
2024-05-11T09:40:00.000,0.0,0.0,0.0,0.0,0,0,0.0
2024-05-11T09:45:00.000,0.0,0.0,0.0,0.0,0,0,0.0
2024-05-11T09:50:00.000,0.0,0.0,0.0,0.0,0,0,0.0
2024-05-11T09:55:00.000,0.0,0.0,0.0,0.0,0,0,0.0
2024-05-11T10:00:00.000,0.0,0.0,0.0,0.0,0,0,0.0
2024-05-11T10:05:00.000,0.0,0.0,0.0,0.0,0,0,0.0
2024-05-11T10:10:00.000,0.0,0.0,0.0,0.0,0,0,0.0
2024-05-11T10:15:00.000,0.0,0.0,0.0,0.0,0,0,0.0
2024-05-11T10:20:00.000,0.0,0.0,0.0,0.0,0,0,0.0
2024-05-11T10:25:00.000,0.0,0.0,0.0,0.0,0,0,0.0
2024-05-11T10:30:00.000,0.0,0.0,0.0,0.0,0,0,0.0
2024-05-11T10:35:00.000,0.0,0.0,0.0,0.0,0,0,0.0
2024-05-11T10:40:00.000,0.0,0.0,0.0,0.0,0,0,0.0
2024-05-11T10:45:00.000,0.0,0.0,0.0,0.0,0,0,0.0
2024-05-11T10:50:00.000,0.0,0.0,0.0,0.0,0,0,0.0
2024-05-11T10:55:00.000,0.0,0.0,0.0,0.0,0,0,0.0
2024-05-11T11:00:00.000,0.0,0.0,0.0,0.0,0,0,0.0
2024-05-11T11:05:00.000,0.0,0.0,0.0,0.0,0,0,0.0
2024-05-11T11:10:00.000,0.0,0.0,0.0,0.0,0,0,0.0
2024-05-11T11:15:00.000,0.0,0.0,0.0,0.0,0,0,0.0
2024-05-11T11:20:00.000,0.0,0.0,0.0,0.0,0,0,0.0
2024-05-11T11:25:00.000,0.0,0.0,0.0,0.0,0,0,0.0
2024-05-11T11:30:00.000,0.0,0.0,0.0,0.0,0,0,0.0
2024-05-11T11:35:00.000,0.0,0.0,0.0,0.0,0,0,0.0
2024-05-11T11:40:00.000,0.0,0.0,0.0,0.0,0,0,0.0
2024-05-11T11:45:00.000,0.0,0.0,0.0,0.0,0,0,0.0
2024-05-11T11:50:00.000,0.0,0.0,0.0,0.0,0,0,0.0
2024-05-11T11:55:00.000,0.0,0.0,0.0,0.0,0,0,0.0
2024-05-11T12:00:00.000,0.0,0.0,0.0,0.0,0,0,0.0
2024-05-11T12:05:00.000,0.0,0.0,0.0,0.0,0,0,0.0
2024-05-11T12:10:00.000,0.0,0.0,0.0,0.0,0,0,0.0
2024-05-11T12:15:00.000,0.0,0.0,0.0,0.0,0,0,0.0
2024-05-11T12:20:00.000,0.0,0.0,0.0,0.0,0,0,0.0
2024-05-11T12:25:00.000,0.0,0.0,0.0,0.0,0,0,0.0
2024-05-11T12:30:00.000,0.0,0.0,0.0,0.0,0,0,0.0
2024-05-11T12:35:00.000,0.0,0.0,0.0,0.0,0,0,0.0
2024-05-11T12:40:00.000,0.0,0.0,0.0,0.0,0,0,0.0
2024-05-11T12:45:00.000,0.0,0.0,0.0,0.0,0,0,0.0
2024-05-11T12:50:00.000,0.0,0.0,0.0,0.0,0,0,0.0
2024-05-11T12:55:00.000,0.0,0.0,0.0,0.0,0,0,0.0
2024-05-11T13:00:00.000,0.0,0.0,0.0,0.0,0,0,0.0
2024-05-11T13:05:00.000,0.0,0.0,0.0,0.0,0,0,0.0
2024-05-11T13:10:00.000,0.0,0.0,0.0,0.0,0,0,0.0
2024-05-11T13:15:00.000,0.0,0.0,0.0,0.0,0,0,0.0
2024-05-11T13:20:00.000,0.0,0.0,0.0,0.0,0,0,0.0
2024-05-11T13:25:00.000,0.0,0.0,0.0,0.0,0,0,0.0
2024-05-11T13:30:00.000,0.0,0.0,0.0,0.0,0,0,0.0
2024-05-11T13:35:00.000,0.0,0.0,0.0,0.0,0,0,0.0
2024-05-11T13:40:00.000,0.0,0.0,0.0,0.0,0,0,0.0
2024-05-11T13:45:00.000,0.0,0.0,0.0,0.0,0,0,0.0
2024-05-11T13:50:00.000,0.0,0.0,0.0,0.0,0,0,0.0
2024-05-11T13:55:00.000,0.0,0.0,0.0,0.0,0,0,0.0
2024-05-11T14:00:00.000,0.0,0.0,0.0,0.0,0,0,0.0
2024-05-11T14:05:00.000,0.0,0.0,0.0,0.0,0,0,0.0
2024-05-11T14:10:00.000,0.0,0.0,0.0,0.0,0,0,0.0
2024-05-11T14:15:00.000,0.0,0.0,0.0,0.0,0,0,0.0
2024-05-11T14:20:00.000,0.0,0.0,0.0,0.0,0,0,0.0
2024-05-11T14:25:00.000,0.0,0.0,0.0,0.0,0,0,0.0
2024-05-11T14:30:00.000,0.0,0.0,0.0,0.0,0,0,0.0
2024-05-11T14:35:00.000,0.0,0.0,0.0,0.0,0,0,0.0
2024-05-11T14:40:00.000,0.0,0.0,0.0,0.0,0,0,0.0
2024-05-11T14:45:00.000,0.0,0.0,0.0,0.0,0,0,0.0
2024-05-11T14:50:00.000,0.0,0.0,0.0,0.0,0,0,0.0
2024-05-11T14:55:00.000,0.0,0.0,0.0,0.0,0,0,0.0
2024-05-11T15:00:00.000,0.0,0.0,0.0,0.0,0,0,0.0
2024-05-11T15:05:00.000,0.0,0.0,0.0,0.0,0,0,0.0
2024-05-11T15:10:00.000,0.0,0.0,0.0,0.0,0,0,0.0
2024-05-11T15:15:00.000,0.0,0.0,0.0,0.0,0,0,0.0
2024-05-11T15:20:00.000,0.0,0.0,0.0,0.0,0,0,0.0
2024-05-11T15:25:00.000,0.0,0.0,0.0,0.0,0,0,0.0
2024-05-11T15:30:00.000,0.0,0.0,0.0,0.0,0,0,0.0
2024-05-11T15:35:00.000,0.0,0.0,0.0,0.0,0,0,0.0
2024-05-11T15:40:00.000,0.0,0.0,0.0,0.0,0,0,0.0
2024-05-11T15:45:00.000,0.0,0.0,0.0,0.0,0,0,0.0
2024-05-11T15:50:00.000,0.0,0.0,0.0,0.0,0,0,0.0
2024-05-11T15:55:00.000,0.0,0.0,0.0,0.0,0,0,0.0
2024-05-11T16:00:00.000,0.0,0.0,0.0,0.0,0,0,0.0
2024-05-12T09:30:00.000,0.0,0.0,0.0,0.0,0,0,0.0
2024-05-12T09:35:00.000,0.0,0.0,0.0,0.0,0,0,0.0
2024-05-12T09:40:00.000,0.0,0.0,0.0,0.0,0,0,0.0
2024-05-12T09:45:00.000,0.0,0.0,0.0,0.0,0,0,0.0
2024-05-12T09:50:00.000,0.0,0.0,0.0,0.0,0,0,0.0
2024-05-12T09:55:00.000,0.0,0.0,0.0,0.0,0,0,0.0
2024-05-12T10:00:00.000,0.0,0.0,0.0,0.0,0,0,0.0
2024-05-12T10:05:00.000,0.0,0.0,0.0,0.0,0,0,0.0
2024-05-12T10:10:00.000,0.0,0.0,0.0,0.0,0,0,0.0
2024-05-12T10:15:00.000,0.0,0.0,0.0,0.0,0,0,0.0
2024-05-12T10:20:00.000,0.0,0.0,0.0,0.0,0,0,0.0
2024-05-12T10:25:00.000,0.0,0.0,0.0,0.0,0,0,0.0
2024-05-12T10:30:00.000,0.0,0.0,0.0,0.0,0,0,0.0
2024-05-12T10:35:00.000,0.0,0.0,0.0,0.0,0,0,0.0
2024-05-12T10:40:00.000,0.0,0.0,0.0,0.0,0,0,0.0
2024-05-12T10:45:00.000,0.0,0.0,0.0,0.0,0,0,0.0
2024-05-12T10:50:00.000,0.0,0.0,0.0,0.0,0,0,0.0
2024-05-12T10:55:00.000,0.0,0.0,0.0,0.0,0,0,0.0
2024-05-12T11:00:00.000,0.0,0.0,0.0,0.0,0,0,0.0
2024-05-12T11:05:00.000,0.0,0.0,0.0,0.0,0,0,0.0
2024-05-12T11:10:00.000,0.0,0.0,0.0,0.0,0,0,0.0
2024-05-12T11:15:00.000,0.0,0.0,0.0,0.0,0,0,0.0
2024-05-12T11:20:00.000,0.0,0.0,0.0,0.0,0,0,0.0
2024-05-12T11:25:00.000,0.0,0.0,0.0,0.0,0,0,0.0
2024-05-12T11:30:00.000,0.0,0.0,0.0,0.0,0,0,0.0
2024-05-12T11:35:00.000,0.0,0.0,0.0,0.0,0,0,0.0
2024-05-12T11:40:00.000,0.0,0.0,0.0,0.0,0,0,0.0
2024-05-12T11:45:00.000,0.0,0.0,0.0,0.0,0,0,0.0
2024-05-12T11:50:00.000,0.0,0.0,0.0,0.0,0,0,0.0
2024-05-12T11:55:00.000,0.0,0.0,0.0,0.0,0,0,0.0
2024-05-12T12:00:00.000,0.0,0.0,0.0,0.0,0,0,0.0
2024-05-12T12:05:00.000,0.0,0.0,0.0,0.0,0,0,0.0
2024-05-12T12:10:00.000,0.0,0.0,0.0,0.0,0,0,0.0
2024-05-12T12:15:00.000,0.0,0.0,0.0,0.0,0,0,0.0
2024-05-12T12:20:00.000,0.0,0.0,0.0,0.0,0,0,0.0
2024-05-12T12:25:00.000,0.0,0.0,0.0,0.0,0,0,0.0
2024-05-12T12:30:00.000,0.0,0.0,0.0,0.0,0,0,0.0
2024-05-12T12:35:00.000,0.0,0.0,0.0,0.0,0,0,0.0
2024-05-12T12:40:00.000,0.0,0.0,0.0,0.0,0,0,0.0
2024-05-12T12:45:00.000,0.0,0.0,0.0,0.0,0,0,0.0
2024-05-12T12:50:00.000,0.0,0.0,0.0,0.0,0,0,0.0
2024-05-12T12:55:00.000,0.0,0.0,0.0,0.0,0,0,0.0
2024-05-12T13:00:00.000,0.0,0.0,0.0,0.0,0,0,0.0
2024-05-12T13:05:00.000,0.0,0.0,0.0,0.0,0,0,0.0
2024-05-12T13:10:00.000,0.0,0.0,0.0,0.0,0,0,0.0
2024-05-12T13:15:00.000,0.0,0.0,0.0,0.0,0,0,0.0
2024-05-12T13:20:00.000,0.0,0.0,0.0,0.0,0,0,0.0
2024-05-12T13:25:00.000,0.0,0.0,0.0,0.0,0,0,0.0
2024-05-12T13:30:00.000,0.0,0.0,0.0,0.0,0,0,0.0
2024-05-12T13:35:00.000,0.0,0.0,0.0,0.0,0,0,0.0
2024-05-12T13:40:00.000,0.0,0.0,0.0,0.0,0,0,0.0
2024-05-12T13:45:00.000,0.0,0.0,0.0,0.0,0,0,0.0
2024-05-12T13:50:00.000,0.0,0.0,0.0,0.0,0,0,0.0
2024-05-12T13:55:00.000,0.0,0.0,0.0,0.0,0,0,0.0
2024-05-12T14:00:00.000,0.0,0.0,0.0,0.0,0,0,0.0
2024-05-12T14:05:00.000,0.0,0.0,0.0,0.0,0,0,0.0
2024-05-12T14:10:00.000,0.0,0.0,0.0,0.0,0,0,0.0
2024-05-12T14:15:00.000,0.0,0.0,0.0,0.0,0,0,0.0
2024-05-12T14:20:00.000,0.0,0.0,0.0,0.0,0,0,0.0
2024-05-12T14:25:00.000,0.0,0.0,0.0,0.0,0,0,0.0
2024-05-12T14:30:00.000,0.0,0.0,0.0,0.0,0,0,0.0
2024-05-12T14:35:00.000,0.0,0.0,0.0,0.0,0,0,0.0
2024-05-12T14:40:00.000,0.0,0.0,0.0,0.0,0,0,0.0
2024-05-12T14:45:00.000,0.0,0.0,0.0,0.0,0,0,0.0
2024-05-12T14:50:00.000,0.0,0.0,0.0,0.0,0,0,0.0
2024-05-12T14:55:00.000,0.0,0.0,0.0,0.0,0,0,0.0
2024-05-12T15:00:00.000,0.0,0.0,0.0,0.0,0,0,0.0
2024-05-12T15:05:00.000,0.0,0.0,0.0,0.0,0,0,0.0
2024-05-12T15:10:00.000,0.0,0.0,0.0,0.0,0,0,0.0
2024-05-12T15:15:00.000,0.0,0.0,0.0,0.0,0,0,0.0
2024-05-12T15:20:00.000,0.0,0.0,0.0,0.0,0,0,0.0
2024-05-12T15:25:00.000,0.0,0.0,0.0,0.0,0,0,0.0
2024-05-12T15:30:00.000,0.0,0.0,0.0,0.0,0,0,0.0
2024-05-12T15:35:00.000,0.0,0.0,0.0,0.0,0,0,0.0
2024-05-12T15:40:00.000,0.0,0.0,0.0,0.0,0,0,0.0
2024-05-12T15:45:00.000,0.0,0.0,0.0,0.0,0,0,0.0
2024-05-12T15:50:00.000,0.0,0.0,0.0,0.0,0,0,0.0
2024-05-12T15:55:00.000,0.0,0.0,0.0,0.0,0,0,0.0
2024-05-12T16:00:00.000,0.0,0.0,0.0,0.0,0,0,0.0
2024-05-13T09:30:00.000,522.56,522.67,521.825,521.83,1461344,17194,522.37
2024-05-13T09:35:00.000,521.84,522.06,521.5,521.5494,695498,6948,522.19
2024-05-13T09:40:00.000,521.545,521.58,521.23,521.42,843090,8363,521.96
2024-05-13T09:45:00.000,521.42,521.43,521.1,521.3,717601,7611,521.83
2024-05-13T09:50:00.000,521.315,521.55,521.29,521.5,520055,5302,521.79
2024-05-13T09:55:00.000,521.495,521.78,521.34,521.695,626664,5939,521.76
2024-05-13T10:00:00.000,521.68,521.72,521.51,521.715,472064,5031,521.75
2024-05-13T10:05:00.000,521.73,521.75,521.49,521.64,309894,4334,521.74
2024-05-13T10:10:00.000,521.65,521.66,521.38,521.5,473520,5580,521.72
2024-05-13T10:15:00.000,521.5,521.7169,521.47,521.59,357532,8926,521.72
2024-05-13T10:20:00.000,521.58,521.74,521.505,521.71,289075,10418,521.71
2024-05-13T10:25:00.000,521.71,521.845,521.61,521.67,360519,11177,521.71
2024-05-13T10:30:00.000,521.665,521.67,521.18,521.29,514166,10474,521.69
2024-05-13T10:35:00.000,521.28,521.46,521.2099,521.37,410487,4406,521.67
2024-05-13T10:40:00.000,521.37,521.45,521.1899,521.31,344072,3993,521.66
2024-05-13T10:45:00.000,521.3,521.44,521.19,521.39,394955,3828,521.64
2024-05-13T10:50:00.000,521.39,521.42,521.22,521.2547,359053,4330,521.63
2024-05-13T10:55:00.000,521.26,521.36,521.12,521.26,311198,4177,521.62
2024-05-13T11:00:00.000,521.27,521.3307,520.95,521.1001,525694,5633,521.59
2024-05-13T11:05:00.000,521.11,521.24,521.04,521.15,230163,2943,521.58
2024-05-13T11:10:00.000,521.15,521.39,521.137,521.33,237652,3071,521.57
2024-05-13T11:15:00.000,521.32,521.46,521.23,521.315,274596,3198,521.57
2024-05-13T11:20:00.000,521.32,521.34,521.0502,521.2309,269812,3356,521.56
2024-05-13T11:25:00.000,521.23,521.23,520.8,520.92,577633,4206,521.55
2024-05-13T11:30:00.000,520.92,521.0011,520.4,520.92,594363,6179,521.5
2024-05-13T11:35:00.000,520.91,520.93,520.73,520.85,285092,3033,521.49
2024-05-13T11:40:00.000,520.855,520.89,520.7226,520.805,212855,2883,521.48
2024-05-13T11:45:00.000,520.8,520.9,520.72,520.84,316910,3380,521.46
2024-05-13T11:50:00.000,520.845,521.114,520.84,521.114,310920,3766,521.45
2024-05-13T11:55:00.000,521.12,521.14,521.01,521.0404,228955,3012,521.44
2024-05-13T12:00:00.000,521.045,521.21,521.01,521.19,225471,2841,521.44
2024-05-13T12:05:00.000,521.195,521.375,521.1701,521.33,255736,3282,521.43
2024-05-13T12:10:00.000,521.33,521.36,521.155,521.16,215730,2843,521.43
2024-05-13T12:15:00.000,521.16,521.28,521.09,521.23,157099,2288,521.43
2024-05-13T12:20:00.000,521.225,521.32,521.18,521.265,117777,2160,521.43
2024-05-13T12:25:00.000,521.26,521.345,521.22,521.285,190686,2346,521.42
2024-05-13T12:30:00.000,521.29,521.35,521.24,521.29,149228,1996,521.42
2024-05-13T12:35:00.000,521.285,521.35,521.195,521.25,161546,2082,521.42
2024-05-13T12:40:00.000,521.25,521.2871,521.08,521.15,271875,2736,521.42
2024-05-13T12:45:00.000,521.14,521.2171,521.0899,521.175,213568,2344,521.41
2024-05-13T12:50:00.000,521.17,521.25,521.06,521.085,227687,2654,521.41
2024-05-13T12:55:00.000,521.085,521.17,520.995,521.005,198340,2284,521.4
2024-05-13T13:00:00.000,521.0,521.0,520.635,520.635,377474,3924,521.39
2024-05-13T13:05:00.000,520.64,520.67,520.055,520.12,784910,7511,521.34
2024-05-13T13:10:00.000,520.12,520.4301,519.74,520.415,604820,6724,521.29
2024-05-13T13:15:00.000,520.42,520.8,520.3,520.7,634851,4023,521.28
2024-05-13T13:20:00.000,520.7,520.92,520.6601,520.76,286513,2872,521.27
2024-05-13T13:25:00.000,520.77,520.89,520.67,520.8665,214616,2681,521.27
2024-05-13T13:30:00.000,520.865,520.9,520.645,520.6597,194390,3521,521.26
2024-05-13T13:35:00.000,520.66,520.74,520.52,520.5599,359494,3701,521.25
2024-05-13T13:40:00.000,520.55,520.625,520.43,520.545,185899,2582,521.24
2024-05-13T13:45:00.000,520.5236,520.615,520.385,520.4901,209885,2662,521.23
2024-05-13T13:50:00.000,520.49,520.6,520.401,520.57,204011,2797,521.23
2024-05-13T13:55:00.000,520.56,520.73,520.49,520.6888,217258,2932,521.22
2024-05-13T14:00:00.000,520.68,520.6834,520.315,520.45,362625,4406,521.21
2024-05-13T14:05:00.000,520.44,520.59,520.4,520.56,202513,2564,521.2
2024-05-13T14:10:00.000,520.55,520.6981,520.5098,520.565,211661,2687,521.19
2024-05-13T14:15:00.000,520.57,520.755,520.525,520.735,288110,3127,521.19
2024-05-13T14:20:00.000,520.7395,520.81,520.67,520.755,225807,2384,521.18
2024-05-13T14:25:00.000,520.73,520.84,520.69,520.795,270210,2458,521.18
2024-05-13T14:30:00.000,520.795,520.9,520.64,520.87,749922,2740,521.17
2024-05-13T14:35:00.000,520.87,520.95,520.84,520.91,339337,3138,521.17
2024-05-13T14:40:00.000,520.91,520.95,520.81,520.925,316332,3067,521.16
2024-05-13T14:45:00.000,520.93,520.99,520.71,520.74,284446,3093,521.16
2024-05-13T14:50:00.000,520.735,520.84,520.65,520.725,184897,2443,521.16
2024-05-13T14:55:00.000,520.71,520.92,520.66,520.92,488009,2658,521.15
2024-05-13T15:00:00.000,520.905,521.04,520.85,520.96,281050,3137,521.15
2024-05-13T15:05:00.000,520.95,520.97,520.78,520.81,222460,2547,521.15
2024-05-13T15:10:00.000,520.815,520.99,520.72,520.93,215634,2820,521.14
2024-05-13T15:15:00.000,520.92,521.115,520.92,521.09,195652,2683,521.14
2024-05-13T15:20:00.000,521.1,521.1395,520.7,520.71,640958,4238,521.14
2024-05-13T15:25:00.000,520.7117,520.8399,520.47,520.79,656008,4269,521.13
2024-05-13T15:30:00.000,520.785,520.95,520.725,520.91,325428,3725,521.13
2024-05-13T15:35:00.000,520.91,521.1,520.8702,521.0,353212,4464,521.13
2024-05-13T15:40:00.000,520.99,521.0498,520.855,520.99,779707,5037,521.12
2024-05-13T15:45:00.000,520.99,521.0,520.6897,520.72,699349,6676,521.11
2024-05-13T15:50:00.000,520.73,521.01,520.68,520.835,990019,9247,521.1
2024-05-13T15:55:00.000,520.83,521.02,520.645,520.91,3005260,16450,521.08
2024-05-13T16:00:00.000,520.9,520.9,520.9,520.9,108,1,521.08
2024-05-14T09:30:00.000,521.11,521.43,521.0,521.06,1269793,11152,521.21
2024-05-14T09:35:00.000,521.07,521.3199,520.88,521.28,870156,6781,521.17
2024-05-14T09:40:00.000,521.27,521.68,521.175,521.53,1109341,7398,521.27
2024-05-14T09:45:00.000,521.53,521.67,521.4,521.46,1007913,4784,521.32
2024-05-14T09:50:00.000,521.46,521.665,521.4,521.55,280707,3531,521.33
2024-05-14T09:55:00.000,521.55,521.57,521.2,521.3,829583,3891,521.34
2024-05-14T10:00:00.000,521.27,521.59,521.21,521.41,405898,5018,521.34
2024-05-14T10:05:00.000,521.415,521.86,521.215,521.86,721510,6767,521.38
2024-05-14T10:10:00.000,521.8597,521.97,521.5015,521.62,640929,10886,521.43
2024-05-14T10:15:00.000,521.61,521.695,520.96,521.1,946340,13925,521.41
2024-05-14T10:20:00.000,521.11,522.09,521.11,522.065,511653,12383,521.43
2024-05-14T10:25:00.000,522.08,522.41,522.065,522.23,1130704,9185,521.51
2024-05-14T10:30:00.000,522.23,522.28,521.925,522.025,642112,4728,521.54
2024-05-14T10:35:00.000,522.0203,522.06,520.64,521.085,862739,9103,521.51
2024-05-14T10:40:00.000,521.08,521.16,520.68,521.13,560926,5730,521.47
2024-05-14T10:45:00.000,521.12,521.3171,520.88,521.1101,516093,4038,521.46
2024-05-14T10:50:00.000,521.11,521.38,521.01,521.17,886844,3795,521.45
2024-05-14T10:55:00.000,521.185,521.77,521.12,521.765,400573,4270,521.45
2024-05-14T11:00:00.000,521.77,521.91,521.52,521.66,299392,3640,521.45
2024-05-14T11:05:00.000,521.6587,521.82,521.56,521.79,524481,2979,521.46
2024-05-14T11:10:00.000,521.78,521.8368,521.65,521.775,314095,3405,521.47
2024-05-14T11:15:00.000,521.78,522.13,521.665,521.67,524077,5087,521.49
2024-05-14T11:20:00.000,521.68,521.77,521.57,521.69,196672,2554,521.49
2024-05-14T11:25:00.000,521.69,521.93,521.605,521.92,249885,2974,521.49
2024-05-14T11:30:00.000,521.93,521.93,521.41,521.41,574694,3717,521.5
2024-05-14T11:35:00.000,521.41,521.47,521.2,521.2981,239371,3103,521.49
2024-05-14T11:40:00.000,521.29,521.49,521.1,521.2,276276,3140,521.49
2024-05-14T11:45:00.000,521.21,521.29,520.96,521.23,272104,3346,521.48
2024-05-14T11:50:00.000,521.24,521.405,521.18,521.24,189616,2700,521.48
2024-05-14T11:55:00.000,521.245,521.3,521.07,521.09,161809,2123,521.48
2024-05-14T12:00:00.000,521.095,521.1599,520.94,521.03,577150,3243,521.47
2024-05-14T12:05:00.000,521.04,521.2699,520.985,521.22,233804,3018,521.46
2024-05-14T12:10:00.000,521.23,521.3,521.075,521.14,262857,3210,521.46
2024-05-14T12:15:00.000,521.16,521.175,521.01,521.05,451583,2313,521.45
2024-05-14T12:20:00.000,521.05,521.11,520.82,520.875,307233,3678,521.44
2024-05-14T12:25:00.000,520.87,520.98,520.81,520.95,208085,2348,521.44
2024-05-14T12:30:00.000,520.94,520.98,520.79,520.9,208661,2624,521.43
2024-05-14T12:35:00.000,520.91,521.0099,520.74,520.8,186605,2395,521.42
2024-05-14T12:40:00.000,520.7951,520.94,520.7401,520.76,220345,2515,521.41
2024-05-14T12:45:00.000,520.76,520.8986,520.68,520.8199,225962,2986,521.41
2024-05-14T12:50:00.000,520.82,521.04,520.76,520.85,449847,2525,521.4
2024-05-14T12:55:00.000,520.85,521.0,520.82,520.98,414042,2342,521.4
2024-05-14T13:00:00.000,520.98,521.03,520.65,520.8399,316046,3311,521.38
2024-05-14T13:05:00.000,520.84,520.885,520.59,520.71,191747,2490,521.38
2024-05-14T13:10:00.000,520.7199,520.847,520.635,520.67,217627,2438,521.37
2024-05-14T13:15:00.000,520.67,520.81,520.56,520.81,246995,2898,521.36
2024-05-14T13:20:00.000,520.8,520.93,520.67,520.87,187833,2344,521.35
2024-05-14T13:25:00.000,520.87,521.07,520.82,521.0409,231789,2664,521.35
2024-05-14T13:30:00.000,521.05,521.13,520.975,521.01,174050,2549,521.35
2024-05-14T13:35:00.000,521.0,521.19,521.0,521.1101,174358,2347,521.34
2024-05-14T13:40:00.000,521.11,521.485,521.11,521.43,343897,3682,521.34
2024-05-14T13:45:00.000,521.43,521.43,521.265,521.265,277344,2734,521.34
2024-05-14T13:50:00.000,521.2697,521.31,521.115,521.2891,594732,2693,521.34
2024-05-14T13:55:00.000,521.28,521.36,521.15,521.29,356580,3007,521.34
2024-05-14T14:00:00.000,521.28,521.51,521.23,521.48,316885,3572,521.34
2024-05-14T14:05:00.000,521.48,521.77,521.43,521.66,227810,2977,521.34
2024-05-14T14:10:00.000,521.67,522.28,521.63,522.1608,536631,5416,521.36
2024-05-14T14:15:00.000,522.17,522.365,522.15,522.281,529895,5486,521.38
2024-05-14T14:20:00.000,522.28,522.375,522.235,522.36,359778,3881,521.4
2024-05-14T14:25:00.000,522.36,522.36,522.21,522.32,368261,3579,521.41
2024-05-14T14:30:00.000,522.32,522.78,522.185,522.715,691422,6684,521.45
2024-05-14T14:35:00.000,522.73,523.04,522.58,522.96,577801,5846,521.48
2024-05-14T14:40:00.000,522.95,523.5225,522.95,523.17,1171915,9207,521.57
2024-05-14T14:45:00.000,523.18,523.25,522.865,523.08,678867,5351,521.61
2024-05-14T14:50:00.000,523.08,523.18,522.925,523.155,422001,4035,521.64
2024-05-14T14:55:00.000,523.16,523.365,523.13,523.2687,429781,4103,521.66
2024-05-14T15:00:00.000,523.255,523.41,523.12,523.2003,455708,4486,521.69
2024-05-14T15:05:00.000,523.205,523.21,522.985,523.18,683728,3998,521.71
2024-05-14T15:10:00.000,523.185,523.43,523.14,523.185,730691,4578,521.74
2024-05-14T15:15:00.000,523.19,523.52,523.085,523.45,650367,5826,521.78
2024-05-14T15:20:00.000,523.455,523.78,523.35,523.495,628226,6460,521.82
2024-05-14T15:25:00.000,523.495,523.5,523.275,523.4414,595399,5741,521.85
2024-05-14T15:30:00.000,523.44,523.45,523.28,523.4,425854,4855,521.87
2024-05-14T15:35:00.000,523.4,523.4,523.2,523.25,467633,5293,521.89
2024-05-14T15:40:00.000,523.2599,523.68,523.23,523.65,887578,7928,521.94
2024-05-14T15:45:00.000,523.65,523.6879,523.26,523.29,857394,8901,521.98
2024-05-14T15:50:00.000,523.28,523.805,523.28,523.7951,3324949,21991,522.12
2024-05-14T15:55:00.000,523.795,523.83,523.26,523.29,5072621,27232,522.32
2024-05-14T16:00:00.000,523.29,523.29,523.29,523.29,1275,2,522.32
2024-05-15T09:30:00.000,525.83,526.53,525.71,526.45,1536404,15510,526.09
2024-05-15T09:35:00.000,526.45,526.75,526.04,526.38,1297018,12357,526.24
2024-05-15T09:40:00.000,526.38,526.8,526.1,526.18,906027,9519,526.29
2024-05-15T09:45:00.000,526.17,526.4,525.6,525.7111,1050574,10278,526.24
2024-05-15T09:50:00.000,525.7,525.715,525.18,525.3799,1167822,10437,526.06
2024-05-15T09:55:00.000,525.4,525.725,525.28,525.67,674903,6840,526.01
2024-05-15T10:00:00.000,525.67,526.24,525.635,526.22,824163,9038,526.0
2024-05-15T10:05:00.000,526.22,526.56,526.08,526.31,886593,8718,526.04
2024-05-15T10:10:00.000,526.32,526.39,525.97,526.16,686996,11550,526.05
2024-05-15T10:15:00.000,526.17,526.47,526.01,526.395,430004,12155,526.06
2024-05-15T10:20:00.000,526.395,526.64,526.345,526.505,447280,11436,526.08
2024-05-15T10:25:00.000,526.5,526.56,526.27,526.39,484605,8222,526.09
2024-05-15T10:30:00.000,526.41,526.86,526.32,526.74,437904,5684,526.11
2024-05-15T10:35:00.000,526.74,527.11,526.7,526.9201,695408,7563,526.16
2024-05-15T10:40:00.000,526.925,527.19,526.83,527.18,459097,5558,526.19
2024-05-15T10:45:00.000,527.17,527.23,527.045,527.195,524561,6103,526.23
2024-05-15T10:50:00.000,527.19,527.25,526.925,526.95,565500,6584,526.27
2024-05-15T10:55:00.000,526.955,527.16,526.94,527.15,329387,4291,526.29
2024-05-15T11:00:00.000,527.16,527.2804,527.142,527.1788,411338,5729,526.31
2024-05-15T11:05:00.000,527.18,527.86,527.17,527.6793,581399,6746,526.36
2024-05-15T11:10:00.000,527.67,527.96,527.5801,527.9388,430078,4787,526.4
2024-05-15T11:15:00.000,527.9399,528.08,527.8,528.0283,735834,6919,526.47
2024-05-15T11:20:00.000,528.02,528.0901,527.85,527.88,401201,4257,526.51
2024-05-15T11:25:00.000,527.8998,528.11,527.685,528.08,482071,4924,526.55
2024-05-15T11:30:00.000,528.075,528.17,528.0,528.005,407460,4751,526.59
2024-05-15T11:35:00.000,528.0,528.04,527.73,527.81,473679,4685,526.62
2024-05-15T11:40:00.000,527.82,528.065,527.815,527.9399,312778,3595,526.64
2024-05-15T11:45:00.000,527.93,528.04,527.78,527.86,235765,3074,526.66
2024-05-15T11:50:00.000,527.85,527.99,527.84,527.9299,258426,3023,526.68
2024-05-15T11:55:00.000,527.93,528.03,527.77,527.8812,410085,4278,526.7
2024-05-15T12:00:00.000,527.89,527.9105,527.5073,527.6901,465084,4705,526.73
2024-05-15T12:05:00.000,527.69,527.77,527.415,527.75,449304,4588,526.75
2024-05-15T12:10:00.000,527.75,527.94,527.75,527.85,246732,3120,526.76
2024-05-15T12:15:00.000,527.86,527.86,527.695,527.845,203774,2804,526.77
2024-05-15T12:20:00.000,527.84,527.94,527.67,527.89,350048,3991,526.79
2024-05-15T12:25:00.000,527.8901,528.06,527.79,528.05,237837,3230,526.8
2024-05-15T12:30:00.000,528.04,528.13,527.945,528.11,259984,3235,526.82
2024-05-15T12:35:00.000,528.11,528.25,528.06,528.095,446312,4283,526.84
2024-05-15T12:40:00.000,528.1,528.21,528.06,528.11,251583,3259,526.86
2024-05-15T12:45:00.000,528.11,528.405,528.08,528.24,345188,4052,526.88
2024-05-15T12:50:00.000,528.24,528.475,528.235,528.4599,247221,3108,526.9
2024-05-15T12:55:00.000,528.44,528.59,528.415,528.5353,345257,3656,526.92
2024-05-15T13:00:00.000,528.56,528.67,528.52,528.66,276484,3446,526.94
2024-05-15T13:05:00.000,528.66,528.73,528.525,528.53,275905,3431,526.96
2024-05-15T13:10:00.000,528.53,528.76,528.5,528.74,340160,3818,526.99
2024-05-15T13:15:00.000,528.75,528.845,528.59,528.62,427861,4764,527.02
2024-05-15T13:20:00.000,528.625,528.71,528.485,528.54,351950,4072,527.04
2024-05-15T13:25:00.000,528.54,528.81,528.415,528.79,425883,4496,527.07
2024-05-15T13:30:00.000,528.7915,528.805,528.61,528.745,287252,3726,527.08
2024-05-15T13:35:00.000,528.74,528.95,528.7112,528.77,346240,4132,527.11
2024-05-15T13:40:00.000,528.76,528.795,528.5482,528.76,346077,4043,527.13
2024-05-15T13:45:00.000,528.76,528.8,528.34,528.55,388036,4597,527.15
2024-05-15T13:50:00.000,528.54,528.92,528.515,528.92,272936,3458,527.16
2024-05-15T13:55:00.000,528.92,528.99,528.83,528.96,247054,3525,527.18
2024-05-15T14:00:00.000,528.96,529.02,528.8,529.015,377793,4363,527.2
2024-05-15T14:05:00.000,529.01,529.16,528.98,529.14,367532,4296,527.23
2024-05-15T14:10:00.000,529.14,529.43,529.06,529.41,807374,5259,527.26
2024-05-15T14:15:00.000,529.405,529.429,528.86,529.09,736638,6920,527.31
2024-05-15T14:20:00.000,529.08,529.11,528.83,528.9889,460097,4459,527.34
2024-05-15T14:25:00.000,528.9899,529.15,528.855,528.97,368159,4214,527.36
2024-05-15T14:30:00.000,528.9899,529.005,528.6785,528.73,666736,5848,527.38
2024-05-15T14:35:00.000,528.735,529.0199,528.6,528.96,811083,5537,527.41
2024-05-15T14:40:00.000,528.965,529.01,528.765,528.82,206488,2982,527.42
2024-05-15T14:45:00.000,528.82,528.92,528.645,528.695,374767,4195,527.43
2024-05-15T14:50:00.000,528.69,528.95,528.675,528.915,493335,3576,527.45
2024-05-15T14:55:00.000,528.91,529.0025,528.76,528.995,238692,3199,527.46
2024-05-15T15:00:00.000,528.995,528.995,528.77,528.85,851559,3890,527.47
2024-05-15T15:05:00.000,528.855,528.98,528.7,528.935,444530,4822,527.49
2024-05-15T15:10:00.000,528.93,529.07,528.845,528.89,437669,4709,527.51
2024-05-15T15:15:00.000,528.89,529.11,528.82,529.08,621882,4368,527.53
2024-05-15T15:20:00.000,529.07,529.3,529.0312,529.16,507615,5634,527.55
2024-05-15T15:25:00.000,529.15,529.2,529.04,529.06,713179,6531,527.58
2024-05-15T15:30:00.000,529.05,529.1896,528.95,529.18,750084,7518,527.62
2024-05-15T15:35:00.000,529.17,529.235,529.1,529.1701,1199284,6640,527.65
2024-05-15T15:40:00.000,529.1719,529.41,529.16,529.34,930977,8692,527.69
2024-05-15T15:45:00.000,529.345,529.47,529.255,529.29,1650476,13025,527.77
2024-05-15T15:50:00.000,529.29,529.6819,529.11,529.645,2495309,21058,527.87
2024-05-15T15:55:00.000,529.64,530.08,529.43,529.76,6594068,33967,528.12
2024-05-15T16:00:00.000,0.0,0.0,0.0,0.0,95,1,528.12
2024-05-16T09:30:00.000,529.88,530.24,529.86,530.1,1064602,10975,530.06
2024-05-16T09:35:00.000,530.1,530.33,529.96,530.25,606009,8533,530.1
2024-05-16T09:40:00.000,530.235,530.235,529.94,530.0275,552796,6974,530.09
2024-05-16T09:45:00.000,530.02,530.22,530.02,530.18,363265,4960,530.09
2024-05-16T09:50:00.000,530.19,530.29,530.105,530.21,361380,4995,530.1
2024-05-16T09:55:00.000,530.22,530.2799,530.0,530.22,545068,6543,530.11
2024-05-16T10:00:00.000,530.21,530.2712,530.01,530.11,436366,5351,530.11
2024-05-16T10:05:00.000,530.105,530.225,529.55,530.0688,807038,9685,530.08
2024-05-16T10:10:00.000,530.07,530.46,530.06,530.35,557194,12368,530.1
2024-05-16T10:15:00.000,530.36,530.63,530.35,530.5801,547239,12241,530.14
2024-05-16T10:20:00.000,530.58,530.77,530.46,530.72,553558,12296,530.18
2024-05-16T10:25:00.000,530.72,530.78,530.61,530.63,405436,6854,530.21
2024-05-16T10:30:00.000,530.64,530.75,530.52,530.5603,420927,4502,530.24
2024-05-16T10:35:00.000,530.57,530.76,530.51,530.62,357356,3731,530.25
2024-05-16T10:40:00.000,530.63,530.93,530.57,530.909,286868,3858,530.27
2024-05-16T10:45:00.000,530.9,531.0,530.8723,530.92,366920,4174,530.3
2024-05-16T10:50:00.000,530.93,531.09,530.86,531.08,362115,4433,530.33
2024-05-16T10:55:00.000,531.1,531.47,531.035,531.375,1590774,6873,530.4
2024-05-16T11:00:00.000,531.38,531.5218,531.26,531.38,524842,5115,530.45
2024-05-16T11:05:00.000,531.4,531.44,531.185,531.35,363488,3994,530.48
2024-05-16T11:10:00.000,531.3387,531.34,530.66,530.78,620943,6937,530.51
2024-05-16T11:15:00.000,530.78,530.78,530.52,530.74,667355,5534,530.52
2024-05-16T11:20:00.000,530.7474,530.85,530.53,530.78,482237,4624,530.52
2024-05-16T11:25:00.000,530.78,531.15,530.74,531.14,638651,4342,530.54
2024-05-16T11:30:00.000,531.1401,531.35,531.035,531.3,391297,4098,530.56
2024-05-16T11:35:00.000,531.3,531.33,530.76,530.91,1338958,4051,530.57
2024-05-16T11:40:00.000,530.91,531.03,530.755,531.02,321766,3501,530.58
2024-05-16T11:45:00.000,531.02,531.03,530.79,530.83,241266,2795,530.59
2024-05-16T11:50:00.000,530.83,531.0,530.77,530.99,185562,2470,530.59
2024-05-16T11:55:00.000,530.99,531.02,530.865,530.91,220685,2174,530.59
2024-05-16T12:00:00.000,530.92,530.92,530.3,530.53,598511,6339,530.59
2024-05-16T12:05:00.000,530.53,530.615,530.3899,530.54,356884,3240,530.59
2024-05-16T12:10:00.000,530.54,530.76,530.52,530.71,218341,2742,530.59
2024-05-16T12:15:00.000,530.71,530.7127,530.44,530.47,296250,2838,530.59
2024-05-16T12:20:00.000,530.4609,530.6,530.28,530.6,300775,2821,530.59
2024-05-16T12:25:00.000,530.6,530.64,530.44,530.51,160892,2002,530.59
2024-05-16T12:30:00.000,530.51,530.51,530.19,530.425,326887,3391,530.58
2024-05-16T12:35:00.000,530.425,530.53,530.25,530.515,185651,2410,530.58
2024-05-16T12:40:00.000,530.51,530.54,530.34,530.525,178337,2234,530.58
2024-05-16T12:45:00.000,530.53,530.68,530.41,530.57,171236,2573,530.58
2024-05-16T12:50:00.000,530.58,530.75,530.54,530.75,202008,2689,530.58
2024-05-16T12:55:00.000,530.745,530.79,530.61,530.7191,319230,3098,530.58
2024-05-16T13:00:00.000,530.725,530.74,530.41,530.53,224741,2784,530.58
2024-05-16T13:05:00.000,530.5208,530.75,530.485,530.72,234578,2707,530.58
2024-05-16T13:10:00.000,530.71,530.785,530.58,530.765,286498,2645,530.58
2024-05-16T13:15:00.000,530.77,530.85,530.6199,530.705,319615,2949,530.59
2024-05-16T13:20:00.000,530.71,530.78,529.56,529.63,981056,8777,530.56
2024-05-16T13:25:00.000,529.625,530.135,529.42,529.79,724750,6310,530.53
2024-05-16T13:30:00.000,529.77,530.0971,529.77,530.02,408789,3911,530.52
2024-05-16T13:35:00.000,530.02,530.02,529.575,529.7,459956,4368,530.5
2024-05-16T13:40:00.000,529.69,529.89,529.52,529.82,363973,3907,530.49
2024-05-16T13:45:00.000,529.81,529.845,529.3303,529.52,419248,4331,530.47
2024-05-16T13:50:00.000,529.525,530.02,529.475,529.981,419711,4257,530.46
2024-05-16T13:55:00.000,529.98,530.13,529.88,530.05,285299,3063,530.45
2024-05-16T14:00:00.000,530.055,530.06,529.8099,529.85,533027,4520,530.44
2024-05-16T14:05:00.000,529.85,529.95,529.5,529.59,395777,4302,530.43
2024-05-16T14:10:00.000,529.58,529.67,529.08,529.105,558352,5462,530.4
2024-05-16T14:15:00.000,529.1,529.375,529.0201,529.33,460245,4869,530.38
2024-05-16T14:20:00.000,529.32,529.675,529.305,529.645,310143,3775,530.37
2024-05-16T14:25:00.000,529.65,529.6599,529.31,529.465,352810,4194,530.36
2024-05-16T14:30:00.000,529.46,529.83,529.46,529.66,343883,4162,530.35
2024-05-16T14:35:00.000,529.67,529.87,529.62,529.77,287917,2929,530.34
2024-05-16T14:40:00.000,529.77,530.09,529.77,530.02,334571,3713,530.34
2024-05-16T14:45:00.000,530.02,530.09,529.8401,529.94,274278,3479,530.33
2024-05-16T14:50:00.000,529.93,530.0,529.79,529.9999,207640,2700,530.33
2024-05-16T14:55:00.000,530.0,530.13,529.83,530.09,343717,3693,530.32
2024-05-16T15:00:00.000,530.1,530.1699,529.9,530.11,583912,3948,530.32
2024-05-16T15:05:00.000,530.12,530.2,530.02,530.1692,392959,4361,530.32
2024-05-16T15:10:00.000,530.165,530.17,529.93,530.04,571223,4822,530.31
2024-05-16T15:15:00.000,530.04,530.14,529.87,530.05,452313,4393,530.31
2024-05-16T15:20:00.000,530.05,530.1,529.87,529.92,272056,3416,530.3
2024-05-16T15:25:00.000,529.9196,529.995,529.825,529.89,381301,4115,530.3
2024-05-16T15:30:00.000,529.89,529.94,529.38,529.58,581477,6001,530.29
2024-05-16T15:35:00.000,529.58,529.69,528.91,529.19,1116193,8659,530.25
2024-05-16T15:40:00.000,529.1899,529.31,528.92,529.035,796959,7478,530.23
2024-05-16T15:45:00.000,529.04,529.255,528.91,529.05,881613,9045,530.19
2024-05-16T15:50:00.000,529.06,529.98,529.06,529.94,2732927,21920,530.15
2024-05-16T15:55:00.000,529.94,529.94,528.54,528.66,5179560,30478,530.02
2024-05-16T16:00:00.000,0.0,0.0,0.0,0.0,4,1,530.02
2024-05-17T09:30:00.000,528.81,529.2,528.67,528.76,1441992,13512,528.95
2024-05-17T09:35:00.000,528.76,529.02,528.67,528.78,568159,6128,528.91
2024-05-17T09:40:00.000,528.8,528.8,528.48,528.55,633382,6504,528.84
2024-05-17T09:45:00.000,528.56,528.8,528.36,528.66,935534,6237,528.8
2024-05-17T09:50:00.000,528.66,528.7501,528.53,528.66,352409,3797,528.78
2024-05-17T09:55:00.000,528.67,528.81,528.52,528.745,514697,5211,528.77
2024-05-17T10:00:00.000,528.76,528.925,528.71,528.9,462851,5304,528.77
2024-05-17T10:05:00.000,528.89,528.94,528.43,528.57,608784,6112,528.75
2024-05-17T10:10:00.000,528.575,528.665,528.342,528.565,426141,7433,528.73
2024-05-17T10:15:00.000,528.57,528.69,528.47,528.585,320920,9692,528.72
2024-05-17T10:20:00.000,528.575,528.965,528.575,528.935,445942,11241,528.73
2024-05-17T10:25:00.000,528.94,529.18,528.86,529.17,512193,10751,528.75
2024-05-17T10:30:00.000,529.17,529.2718,528.98,529.26,665776,6459,528.79
2024-05-17T10:35:00.000,529.26,529.29,529.0003,529.1,568959,4849,528.81
2024-05-17T10:40:00.000,529.1,529.25,529.065,529.2114,378427,3976,528.83
2024-05-17T10:45:00.000,529.215,529.3,529.17,529.2301,851668,3929,528.84
2024-05-17T10:50:00.000,529.24,529.2499,529.08,529.21,445858,4111,528.86
2024-05-17T10:55:00.000,529.205,529.21,529.022,529.11,322460,3216,528.87
2024-05-17T11:00:00.000,529.11,529.125,528.39,528.515,647214,5950,528.86
2024-05-17T11:05:00.000,528.5199,528.88,528.452,528.82,939948,4623,528.86
2024-05-17T11:10:00.000,528.83,528.92,528.66,528.87,1339238,2844,528.85
2024-05-17T11:15:00.000,528.85,528.93,528.715,528.79,300411,3000,528.85
2024-05-17T11:20:00.000,528.79,528.83,528.55,528.62,297592,3148,528.85
2024-05-17T11:25:00.000,528.62,528.84,528.62,528.76,233023,2422,528.85
2024-05-17T11:30:00.000,528.76,528.77,528.41,528.545,473476,3208,528.84
2024-05-17T11:35:00.000,528.545,528.56,528.3399,528.4,284627,3075,528.83
2024-05-17T11:40:00.000,528.4099,528.52,528.31,528.45,239010,2906,528.82
2024-05-17T11:45:00.000,528.445,528.56,528.27,528.275,310226,2910,528.82
2024-05-17T11:50:00.000,528.27,528.72,528.27,528.66,425653,3516,528.81
2024-05-17T11:55:00.000,528.66,528.8799,528.65,528.83,221554,2828,528.81
2024-05-17T12:00:00.000,528.83,529.0295,528.7847,528.92,311996,3173,528.81
2024-05-17T12:05:00.000,528.92,528.92,528.58,528.7901,357063,3999,528.81
2024-05-17T12:10:00.000,528.79,528.83,528.63,528.7097,286272,2834,528.81
2024-05-17T12:15:00.000,528.705,528.87,528.705,528.765,211810,2752,528.8
2024-05-17T12:20:00.000,528.77,528.78,528.4595,528.5901,261293,2934,528.8
2024-05-17T12:25:00.000,528.59,528.645,528.4999,528.56,205202,2243,528.8
2024-05-17T12:30:00.000,528.5599,528.6401,528.41,528.62,338551,3109,528.79
2024-05-17T12:35:00.000,528.62,528.71,528.6,528.64,242053,2634,528.79
2024-05-17T12:40:00.000,528.635,528.64,528.3,528.365,585475,3214,528.78
2024-05-17T12:45:00.000,528.3638,528.515,528.05,528.505,726590,4184,528.77
2024-05-17T12:50:00.000,528.51,528.765,528.5,528.74,323239,3309,528.77
2024-05-17T12:55:00.000,528.725,528.8301,528.71,528.7899,449418,3087,528.77
2024-05-17T13:00:00.000,528.78,528.89,528.6902,528.83,166733,2174,528.77
2024-05-17T13:05:00.000,528.81,528.9,528.715,528.88,632687,2898,528.77
2024-05-17T13:10:00.000,528.87,528.88,528.715,528.8499,300590,2679,528.77
2024-05-17T13:15:00.000,528.85,528.9,528.505,528.52,275178,2777,528.77
2024-05-17T13:20:00.000,528.53,528.69,528.485,528.6,304324,2816,528.77
2024-05-17T13:25:00.000,528.5999,528.725,528.56,528.695,699818,2287,528.77
2024-05-17T13:30:00.000,528.7,528.82,528.58,528.61,253846,3399,528.76
2024-05-17T13:35:00.000,528.59,528.87,528.5,528.825,509950,2963,528.76
2024-05-17T13:40:00.000,528.82,528.88,528.76,528.85,386372,1676,528.76
2024-05-17T13:45:00.000,528.86,528.87,528.68,528.715,167355,2021,528.76
2024-05-17T13:50:00.000,528.7101,528.86,528.67,528.73,670371,2082,528.76
2024-05-17T13:55:00.000,528.72,528.77,528.651,528.72,665557,2048,528.76
2024-05-17T14:00:00.000,528.725,528.76,528.28,528.29,342161,3756,528.76
2024-05-17T14:05:00.000,528.29,528.575,528.27,528.395,935190,3448,528.75
2024-05-17T14:10:00.000,528.4,528.43,527.71,527.82,897787,6579,528.73
2024-05-17T14:15:00.000,527.83,528.1,527.69,527.955,1335377,5290,528.71
2024-05-17T14:20:00.000,527.9489,527.97,527.32,527.7,822715,7160,528.67
2024-05-17T14:25:00.000,527.7,527.97,527.6834,527.91,478940,4799,528.65
2024-05-17T14:30:00.000,527.9,528.17,527.88,528.0,1504717,4294,528.64
2024-05-17T14:35:00.000,528.005,528.19,527.9814,528.125,390201,3602,528.63
2024-05-17T14:40:00.000,528.12,528.17,527.91,527.97,557188,3142,528.63
2024-05-17T14:45:00.000,527.9713,528.295,527.96,528.26,366322,3441,528.62
2024-05-17T14:50:00.000,528.27,528.61,528.24,528.59,832583,3765,528.62
2024-05-17T14:55:00.000,528.6,528.94,528.56,528.8051,2034900,6356,528.62
2024-05-17T15:00:00.000,528.81,528.87,528.62,528.83,484029,4607,528.62
2024-05-17T15:05:00.000,528.83,528.955,528.695,528.9,376203,3713,528.63
2024-05-17T15:10:00.000,528.89,528.96,528.78,528.91,278377,3184,528.63
2024-05-17T15:15:00.000,528.92,529.1599,528.86,529.04,584278,5714,528.64
2024-05-17T15:20:00.000,529.05,529.31,529.0399,529.21,477576,5294,528.65
2024-05-17T15:25:00.000,529.2,529.295,529.015,529.22,409222,3984,528.65
2024-05-17T15:30:00.000,529.21,529.2499,528.99,529.09,1323441,5279,528.66
2024-05-17T15:35:00.000,529.09,529.29,529.06,529.1621,414723,4409,528.67
2024-05-17T15:40:00.000,529.17,529.26,528.91,529.0587,620979,5578,528.68
2024-05-17T15:45:00.000,529.06,529.12,528.85,528.9186,1138501,6942,528.69
2024-05-17T15:50:00.000,528.91,529.25,528.76,529.125,1384183,10446,528.7
2024-05-17T15:55:00.000,529.12,529.52,528.95,529.43,5252089,20439,528.76
2024-05-17T16:00:00.000,529.42,529.42,529.42,529.42,899,3,528.76
2024-05-18T09:30:00.000,0.0,0.0,0.0,0.0,0,0,0.0
2024-05-18T09:35:00.000,0.0,0.0,0.0,0.0,0,0,0.0
2024-05-18T09:40:00.000,0.0,0.0,0.0,0.0,0,0,0.0
2024-05-18T09:45:00.000,0.0,0.0,0.0,0.0,0,0,0.0
2024-05-18T09:50:00.000,0.0,0.0,0.0,0.0,0,0,0.0
2024-05-18T09:55:00.000,0.0,0.0,0.0,0.0,0,0,0.0
2024-05-18T10:00:00.000,0.0,0.0,0.0,0.0,0,0,0.0
2024-05-18T10:05:00.000,0.0,0.0,0.0,0.0,0,0,0.0
2024-05-18T10:10:00.000,0.0,0.0,0.0,0.0,0,0,0.0
2024-05-18T10:15:00.000,0.0,0.0,0.0,0.0,0,0,0.0
2024-05-18T10:20:00.000,0.0,0.0,0.0,0.0,0,0,0.0
2024-05-18T10:25:00.000,0.0,0.0,0.0,0.0,0,0,0.0
2024-05-18T10:30:00.000,0.0,0.0,0.0,0.0,0,0,0.0
2024-05-18T10:35:00.000,0.0,0.0,0.0,0.0,0,0,0.0
2024-05-18T10:40:00.000,0.0,0.0,0.0,0.0,0,0,0.0
2024-05-18T10:45:00.000,0.0,0.0,0.0,0.0,0,0,0.0
2024-05-18T10:50:00.000,0.0,0.0,0.0,0.0,0,0,0.0
2024-05-18T10:55:00.000,0.0,0.0,0.0,0.0,0,0,0.0
2024-05-18T11:00:00.000,0.0,0.0,0.0,0.0,0,0,0.0
2024-05-18T11:05:00.000,0.0,0.0,0.0,0.0,0,0,0.0
2024-05-18T11:10:00.000,0.0,0.0,0.0,0.0,0,0,0.0
2024-05-18T11:15:00.000,0.0,0.0,0.0,0.0,0,0,0.0
2024-05-18T11:20:00.000,0.0,0.0,0.0,0.0,0,0,0.0
2024-05-18T11:25:00.000,0.0,0.0,0.0,0.0,0,0,0.0
2024-05-18T11:30:00.000,0.0,0.0,0.0,0.0,0,0,0.0
2024-05-18T11:35:00.000,0.0,0.0,0.0,0.0,0,0,0.0
2024-05-18T11:40:00.000,0.0,0.0,0.0,0.0,0,0,0.0
2024-05-18T11:45:00.000,0.0,0.0,0.0,0.0,0,0,0.0
2024-05-18T11:50:00.000,0.0,0.0,0.0,0.0,0,0,0.0
2024-05-18T11:55:00.000,0.0,0.0,0.0,0.0,0,0,0.0
2024-05-18T12:00:00.000,0.0,0.0,0.0,0.0,0,0,0.0
2024-05-18T12:05:00.000,0.0,0.0,0.0,0.0,0,0,0.0
2024-05-18T12:10:00.000,0.0,0.0,0.0,0.0,0,0,0.0
2024-05-18T12:15:00.000,0.0,0.0,0.0,0.0,0,0,0.0
2024-05-18T12:20:00.000,0.0,0.0,0.0,0.0,0,0,0.0
2024-05-18T12:25:00.000,0.0,0.0,0.0,0.0,0,0,0.0
2024-05-18T12:30:00.000,0.0,0.0,0.0,0.0,0,0,0.0
2024-05-18T12:35:00.000,0.0,0.0,0.0,0.0,0,0,0.0
2024-05-18T12:40:00.000,0.0,0.0,0.0,0.0,0,0,0.0
2024-05-18T12:45:00.000,0.0,0.0,0.0,0.0,0,0,0.0
2024-05-18T12:50:00.000,0.0,0.0,0.0,0.0,0,0,0.0
2024-05-18T12:55:00.000,0.0,0.0,0.0,0.0,0,0,0.0
2024-05-18T13:00:00.000,0.0,0.0,0.0,0.0,0,0,0.0
2024-05-18T13:05:00.000,0.0,0.0,0.0,0.0,0,0,0.0
2024-05-18T13:10:00.000,0.0,0.0,0.0,0.0,0,0,0.0
2024-05-18T13:15:00.000,0.0,0.0,0.0,0.0,0,0,0.0
2024-05-18T13:20:00.000,0.0,0.0,0.0,0.0,0,0,0.0
2024-05-18T13:25:00.000,0.0,0.0,0.0,0.0,0,0,0.0
2024-05-18T13:30:00.000,0.0,0.0,0.0,0.0,0,0,0.0
2024-05-18T13:35:00.000,0.0,0.0,0.0,0.0,0,0,0.0
2024-05-18T13:40:00.000,0.0,0.0,0.0,0.0,0,0,0.0
2024-05-18T13:45:00.000,0.0,0.0,0.0,0.0,0,0,0.0
2024-05-18T13:50:00.000,0.0,0.0,0.0,0.0,0,0,0.0
2024-05-18T13:55:00.000,0.0,0.0,0.0,0.0,0,0,0.0
2024-05-18T14:00:00.000,0.0,0.0,0.0,0.0,0,0,0.0
2024-05-18T14:05:00.000,0.0,0.0,0.0,0.0,0,0,0.0
2024-05-18T14:10:00.000,0.0,0.0,0.0,0.0,0,0,0.0
2024-05-18T14:15:00.000,0.0,0.0,0.0,0.0,0,0,0.0
2024-05-18T14:20:00.000,0.0,0.0,0.0,0.0,0,0,0.0
2024-05-18T14:25:00.000,0.0,0.0,0.0,0.0,0,0,0.0
2024-05-18T14:30:00.000,0.0,0.0,0.0,0.0,0,0,0.0
2024-05-18T14:35:00.000,0.0,0.0,0.0,0.0,0,0,0.0
2024-05-18T14:40:00.000,0.0,0.0,0.0,0.0,0,0,0.0
2024-05-18T14:45:00.000,0.0,0.0,0.0,0.0,0,0,0.0
2024-05-18T14:50:00.000,0.0,0.0,0.0,0.0,0,0,0.0
2024-05-18T14:55:00.000,0.0,0.0,0.0,0.0,0,0,0.0
2024-05-18T15:00:00.000,0.0,0.0,0.0,0.0,0,0,0.0
2024-05-18T15:05:00.000,0.0,0.0,0.0,0.0,0,0,0.0
2024-05-18T15:10:00.000,0.0,0.0,0.0,0.0,0,0,0.0
2024-05-18T15:15:00.000,0.0,0.0,0.0,0.0,0,0,0.0
2024-05-18T15:20:00.000,0.0,0.0,0.0,0.0,0,0,0.0
2024-05-18T15:25:00.000,0.0,0.0,0.0,0.0,0,0,0.0
2024-05-18T15:30:00.000,0.0,0.0,0.0,0.0,0,0,0.0
2024-05-18T15:35:00.000,0.0,0.0,0.0,0.0,0,0,0.0
2024-05-18T15:40:00.000,0.0,0.0,0.0,0.0,0,0,0.0
2024-05-18T15:45:00.000,0.0,0.0,0.0,0.0,0,0,0.0
2024-05-18T15:50:00.000,0.0,0.0,0.0,0.0,0,0,0.0
2024-05-18T15:55:00.000,0.0,0.0,0.0,0.0,0,0,0.0
2024-05-18T16:00:00.000,0.0,0.0,0.0,0.0,0,0,0.0
2024-05-19T09:30:00.000,0.0,0.0,0.0,0.0,0,0,0.0
2024-05-19T09:35:00.000,0.0,0.0,0.0,0.0,0,0,0.0
2024-05-19T09:40:00.000,0.0,0.0,0.0,0.0,0,0,0.0
2024-05-19T09:45:00.000,0.0,0.0,0.0,0.0,0,0,0.0
2024-05-19T09:50:00.000,0.0,0.0,0.0,0.0,0,0,0.0
2024-05-19T09:55:00.000,0.0,0.0,0.0,0.0,0,0,0.0
2024-05-19T10:00:00.000,0.0,0.0,0.0,0.0,0,0,0.0
2024-05-19T10:05:00.000,0.0,0.0,0.0,0.0,0,0,0.0
2024-05-19T10:10:00.000,0.0,0.0,0.0,0.0,0,0,0.0
2024-05-19T10:15:00.000,0.0,0.0,0.0,0.0,0,0,0.0
2024-05-19T10:20:00.000,0.0,0.0,0.0,0.0,0,0,0.0
2024-05-19T10:25:00.000,0.0,0.0,0.0,0.0,0,0,0.0
2024-05-19T10:30:00.000,0.0,0.0,0.0,0.0,0,0,0.0
2024-05-19T10:35:00.000,0.0,0.0,0.0,0.0,0,0,0.0
2024-05-19T10:40:00.000,0.0,0.0,0.0,0.0,0,0,0.0
2024-05-19T10:45:00.000,0.0,0.0,0.0,0.0,0,0,0.0
2024-05-19T10:50:00.000,0.0,0.0,0.0,0.0,0,0,0.0
2024-05-19T10:55:00.000,0.0,0.0,0.0,0.0,0,0,0.0
2024-05-19T11:00:00.000,0.0,0.0,0.0,0.0,0,0,0.0
2024-05-19T11:05:00.000,0.0,0.0,0.0,0.0,0,0,0.0
2024-05-19T11:10:00.000,0.0,0.0,0.0,0.0,0,0,0.0
2024-05-19T11:15:00.000,0.0,0.0,0.0,0.0,0,0,0.0
2024-05-19T11:20:00.000,0.0,0.0,0.0,0.0,0,0,0.0
2024-05-19T11:25:00.000,0.0,0.0,0.0,0.0,0,0,0.0
2024-05-19T11:30:00.000,0.0,0.0,0.0,0.0,0,0,0.0
2024-05-19T11:35:00.000,0.0,0.0,0.0,0.0,0,0,0.0
2024-05-19T11:40:00.000,0.0,0.0,0.0,0.0,0,0,0.0
2024-05-19T11:45:00.000,0.0,0.0,0.0,0.0,0,0,0.0
2024-05-19T11:50:00.000,0.0,0.0,0.0,0.0,0,0,0.0
2024-05-19T11:55:00.000,0.0,0.0,0.0,0.0,0,0,0.0
2024-05-19T12:00:00.000,0.0,0.0,0.0,0.0,0,0,0.0
2024-05-19T12:05:00.000,0.0,0.0,0.0,0.0,0,0,0.0
2024-05-19T12:10:00.000,0.0,0.0,0.0,0.0,0,0,0.0
2024-05-19T12:15:00.000,0.0,0.0,0.0,0.0,0,0,0.0
2024-05-19T12:20:00.000,0.0,0.0,0.0,0.0,0,0,0.0
2024-05-19T12:25:00.000,0.0,0.0,0.0,0.0,0,0,0.0
2024-05-19T12:30:00.000,0.0,0.0,0.0,0.0,0,0,0.0
2024-05-19T12:35:00.000,0.0,0.0,0.0,0.0,0,0,0.0
2024-05-19T12:40:00.000,0.0,0.0,0.0,0.0,0,0,0.0
2024-05-19T12:45:00.000,0.0,0.0,0.0,0.0,0,0,0.0
2024-05-19T12:50:00.000,0.0,0.0,0.0,0.0,0,0,0.0
2024-05-19T12:55:00.000,0.0,0.0,0.0,0.0,0,0,0.0
2024-05-19T13:00:00.000,0.0,0.0,0.0,0.0,0,0,0.0
2024-05-19T13:05:00.000,0.0,0.0,0.0,0.0,0,0,0.0
2024-05-19T13:10:00.000,0.0,0.0,0.0,0.0,0,0,0.0
2024-05-19T13:15:00.000,0.0,0.0,0.0,0.0,0,0,0.0
2024-05-19T13:20:00.000,0.0,0.0,0.0,0.0,0,0,0.0
2024-05-19T13:25:00.000,0.0,0.0,0.0,0.0,0,0,0.0
2024-05-19T13:30:00.000,0.0,0.0,0.0,0.0,0,0,0.0
2024-05-19T13:35:00.000,0.0,0.0,0.0,0.0,0,0,0.0
2024-05-19T13:40:00.000,0.0,0.0,0.0,0.0,0,0,0.0
2024-05-19T13:45:00.000,0.0,0.0,0.0,0.0,0,0,0.0
2024-05-19T13:50:00.000,0.0,0.0,0.0,0.0,0,0,0.0
2024-05-19T13:55:00.000,0.0,0.0,0.0,0.0,0,0,0.0
2024-05-19T14:00:00.000,0.0,0.0,0.0,0.0,0,0,0.0
2024-05-19T14:05:00.000,0.0,0.0,0.0,0.0,0,0,0.0
2024-05-19T14:10:00.000,0.0,0.0,0.0,0.0,0,0,0.0
2024-05-19T14:15:00.000,0.0,0.0,0.0,0.0,0,0,0.0
2024-05-19T14:20:00.000,0.0,0.0,0.0,0.0,0,0,0.0
2024-05-19T14:25:00.000,0.0,0.0,0.0,0.0,0,0,0.0
2024-05-19T14:30:00.000,0.0,0.0,0.0,0.0,0,0,0.0
2024-05-19T14:35:00.000,0.0,0.0,0.0,0.0,0,0,0.0
2024-05-19T14:40:00.000,0.0,0.0,0.0,0.0,0,0,0.0
2024-05-19T14:45:00.000,0.0,0.0,0.0,0.0,0,0,0.0
2024-05-19T14:50:00.000,0.0,0.0,0.0,0.0,0,0,0.0
2024-05-19T14:55:00.000,0.0,0.0,0.0,0.0,0,0,0.0
2024-05-19T15:00:00.000,0.0,0.0,0.0,0.0,0,0,0.0
2024-05-19T15:05:00.000,0.0,0.0,0.0,0.0,0,0,0.0
2024-05-19T15:10:00.000,0.0,0.0,0.0,0.0,0,0,0.0
2024-05-19T15:15:00.000,0.0,0.0,0.0,0.0,0,0,0.0
2024-05-19T15:20:00.000,0.0,0.0,0.0,0.0,0,0,0.0
2024-05-19T15:25:00.000,0.0,0.0,0.0,0.0,0,0,0.0
2024-05-19T15:30:00.000,0.0,0.0,0.0,0.0,0,0,0.0
2024-05-19T15:35:00.000,0.0,0.0,0.0,0.0,0,0,0.0
2024-05-19T15:40:00.000,0.0,0.0,0.0,0.0,0,0,0.0
2024-05-19T15:45:00.000,0.0,0.0,0.0,0.0,0,0,0.0
2024-05-19T15:50:00.000,0.0,0.0,0.0,0.0,0,0,0.0
2024-05-19T15:55:00.000,0.0,0.0,0.0,0.0,0,0,0.0
2024-05-19T16:00:00.000,0.0,0.0,0.0,0.0,0,0,0.0
2024-05-20T09:30:00.000,529.57,530.12,529.47,530.11,891845,14668,529.79
2024-05-20T09:35:00.000,530.11,530.25,530.0209,530.12,545666,4477,529.93
2024-05-20T09:40:00.000,530.12,530.26,530.01,530.16,335814,4240,529.96
2024-05-20T09:45:00.000,530.14,530.46,530.12,530.4513,426117,5244,530.03
2024-05-20T09:50:00.000,530.46,531.135,530.455,531.1,689018,7090,530.22
2024-05-20T09:55:00.000,531.1,531.23,530.96,531.1679,560377,5561,530.36
2024-05-20T10:00:00.000,531.19,531.23,530.74,530.9101,556354,5668,530.44
2024-05-20T10:05:00.000,530.915,531.06,530.7,531.03,358040,4387,530.48
2024-05-20T10:10:00.000,531.04,531.15,530.945,531.02,269591,3836,530.51
2024-05-20T10:15:00.000,531.02,531.23,530.92,531.18,362859,7764,530.56
2024-05-20T10:20:00.000,531.2,531.3494,531.13,531.1597,360397,11341,530.6
2024-05-20T10:25:00.000,531.155,531.28,531.01,531.28,606571,10513,530.63
2024-05-20T10:30:00.000,531.29,531.32,531.11,531.115,198698,9566,530.65
2024-05-20T10:35:00.000,531.115,531.225,531.04,531.09,246357,3718,530.67
2024-05-20T10:40:00.000,531.09,531.4,531.09,531.265,262796,3408,530.69
2024-05-20T10:45:00.000,531.27,531.43,531.175,531.43,201775,2727,530.71
2024-05-20T10:50:00.000,531.44,531.48,531.26,531.335,218188,3579,530.73
2024-05-20T10:55:00.000,531.34,531.34,531.08,531.2399,188740,3152,530.74
2024-05-20T11:00:00.000,531.23,531.28,531.11,531.1201,183360,3055,530.75
2024-05-20T11:05:00.000,531.13,531.23,531.07,531.12,256627,3626,530.76
2024-05-20T11:10:00.000,531.13,531.25,531.13,531.19,126680,2200,530.77
2024-05-20T11:15:00.000,531.19,531.2,530.95,531.085,293869,3368,530.78
2024-05-20T11:20:00.000,531.09,531.34,530.98,531.3299,182065,2466,530.79
2024-05-20T11:25:00.000,531.33,531.46,531.3001,531.39,226712,2798,530.81
2024-05-20T11:30:00.000,531.4,531.5601,531.33,531.49,284638,3415,530.83
2024-05-20T11:35:00.000,531.4801,531.52,531.29,531.37,212609,2403,530.84
2024-05-20T11:40:00.000,531.371,531.371,531.0,531.075,225600,2979,530.85
2024-05-20T11:45:00.000,531.0799,531.11,530.92,530.975,274504,3228,530.85
2024-05-20T11:50:00.000,530.98,531.06,530.88,530.895,245669,2779,530.86
2024-05-20T11:55:00.000,530.9,531.09,530.815,531.0013,260820,2866,530.86
2024-05-20T12:00:00.000,531.0,531.19,530.99,531.17,161163,2199,530.86
2024-05-20T12:05:00.000,531.1721,531.22,531.05,531.075,217051,2531,530.87
2024-05-20T12:10:00.000,531.08,531.09,530.76,530.894,386285,3088,530.87
2024-05-20T12:15:00.000,530.89,530.96,530.755,530.84,167442,2279,530.87
2024-05-20T12:20:00.000,530.85,531.0,530.68,530.72,204922,2512,530.87
2024-05-20T12:25:00.000,530.71,530.82,530.635,530.79,342960,2600,530.87
2024-05-20T12:30:00.000,530.79,530.89,530.71,530.79,211973,2348,530.86
2024-05-20T12:35:00.000,530.79,531.09,530.7761,531.01,165228,2342,530.86
2024-05-20T12:40:00.000,531.02,531.148,530.97,531.09,168352,2372,530.87
2024-05-20T12:45:00.000,531.1,531.12,530.89,530.89,195525,2276,530.87
2024-05-20T12:50:00.000,530.89,531.17,530.89,531.1,180295,2249,530.87
2024-05-20T12:55:00.000,531.1,531.23,531.04,531.22,189700,2187,530.88
2024-05-20T13:00:00.000,531.21,531.2268,531.0401,531.19,351961,1869,530.88
2024-05-20T13:05:00.000,531.18,531.22,531.04,531.18,249850,2096,530.88
2024-05-20T13:10:00.000,531.195,531.2,531.07,531.17,141118,1835,530.89
2024-05-20T13:15:00.000,531.16,531.28,530.98,531.05,517256,3106,530.89
2024-05-20T13:20:00.000,531.045,531.06,530.79,530.825,195665,2472,530.89
2024-05-20T13:25:00.000,530.82,530.94,530.18,530.35,908936,4715,530.88
2024-05-20T13:30:00.000,530.35,530.445,530.18,530.4,342527,4490,530.86
2024-05-20T13:35:00.000,530.4,530.4,530.235,530.3399,200082,2892,530.86
2024-05-20T13:40:00.000,530.33,530.43,530.2009,530.41,187015,2354,530.85
2024-05-20T13:45:00.000,530.415,530.52,530.22,530.2201,690292,2826,530.84
2024-05-20T13:50:00.000,530.225,530.35,530.095,530.165,212986,2395,530.84
2024-05-20T13:55:00.000,530.16,530.29,530.06,530.2465,440298,2374,530.83
2024-05-20T14:00:00.000,530.25,530.3299,530.06,530.08,238770,2783,530.82
2024-05-20T14:05:00.000,530.08,530.1101,529.17,529.7699,633959,7184,530.77
2024-05-20T14:10:00.000,529.77,529.94,529.63,529.79,526359,4288,530.74
2024-05-20T14:15:00.000,529.78,529.965,529.5,529.705,382309,3891,530.71
2024-05-20T14:20:00.000,529.71,529.89,529.71,529.7777,339845,3350,530.69
2024-05-20T14:25:00.000,529.79,530.189,529.77,530.185,282191,3337,530.68
2024-05-20T14:30:00.000,530.18,530.34,530.1,530.155,367310,3926,530.67
2024-05-20T14:35:00.000,530.16,530.35,530.1404,530.27,197543,2363,530.67
2024-05-20T14:40:00.000,530.26,530.44,530.255,530.37,199638,2365,530.66
2024-05-20T14:45:00.000,530.385,530.43,530.16,530.22,308558,3525,530.66
2024-05-20T14:50:00.000,530.21,530.24,530.0,530.09,229526,2669,530.65
2024-05-20T14:55:00.000,530.09,530.09,529.89,529.895,199419,2279,530.64
2024-05-20T15:00:00.000,529.895,530.02,529.765,529.95,251693,2981,530.63
2024-05-20T15:05:00.000,529.95,530.17,529.85,530.14,332216,3127,530.62
2024-05-20T15:10:00.000,530.145,530.315,530.13,530.295,332878,3591,530.62
2024-05-20T15:15:00.000,530.29,530.405,530.19,530.205,432022,4240,530.61
2024-05-20T15:20:00.000,530.2001,530.2699,530.07,530.135,296713,3683,530.6
2024-05-20T15:25:00.000,530.135,530.27,530.05,530.2615,338120,3729,530.6
2024-05-20T15:30:00.000,530.27,530.33,529.935,530.01,692220,4449,530.59
2024-05-20T15:35:00.000,530.0197,530.19,529.86,530.135,947896,4761,530.57
2024-05-20T15:40:00.000,530.13,530.18,529.875,529.97,460142,4662,530.56
2024-05-20T15:45:00.000,529.95,529.96,529.58,529.695,676299,6133,530.54
2024-05-20T15:50:00.000,529.69,529.86,529.56,529.785,890083,8685,530.51
2024-05-20T15:55:00.000,529.785,530.06,529.5,530.02,4102963,17574,530.41
2024-05-20T16:00:00.000,530.02,530.02,530.02,530.02,400,5,530.41
2024-05-21T09:30:00.000,529.28,529.605,529.07,529.52,856169,10470,529.31
2024-05-21T09:35:00.000,529.52,529.61,529.32,529.52,503832,5741,529.37
2024-05-21T09:40:00.000,529.54,529.71,529.45,529.68,275706,4685,529.4
2024-05-21T09:45:00.000,529.66,529.66,529.33,529.5899,415655,6338,529.42
2024-05-21T09:50:00.000,529.6,529.69,529.49,529.665,216516,3487,529.44
2024-05-21T09:55:00.000,529.66,529.67,529.465,529.52,358431,4291,529.46
2024-05-21T10:00:00.000,529.53,529.8813,529.52,529.85,362986,4958,529.49
2024-05-21T10:05:00.000,529.86,529.88,529.7,529.85,183386,3333,529.51
2024-05-21T10:10:00.000,529.8496,529.98,529.6412,529.8599,313763,8280,529.54
2024-05-21T10:15:00.000,529.85,529.92,529.71,529.76,146456,9331,529.55
2024-05-21T10:20:00.000,529.78,529.93,529.73,529.88,224086,9808,529.56
2024-05-21T10:25:00.000,529.8797,530.03,529.86,530.015,198300,6619,529.58
2024-05-21T10:30:00.000,530.02,530.25,529.93,530.2068,340719,5003,529.62
2024-05-21T10:35:00.000,530.21,530.59,530.17,530.415,343851,4523,529.68
2024-05-21T10:40:00.000,530.42,530.53,530.35,530.39,208457,2843,529.71
2024-05-21T10:45:00.000,530.39,530.48,530.2687,530.455,204022,3197,529.74
2024-05-21T10:50:00.000,530.45,530.48,530.21,530.235,143939,2489,529.75
2024-05-21T10:55:00.000,530.22,530.37,530.15,530.36,298610,2942,529.78
2024-05-21T11:00:00.000,530.35,530.4401,530.26,530.36,258157,2515,529.8
2024-05-21T11:05:00.000,530.35,530.3699,530.2301,530.29,142692,2189,529.81
2024-05-21T11:10:00.000,530.3,530.31,530.1901,530.29,159630,2241,529.82
2024-05-21T11:15:00.000,530.34,530.63,530.31,530.53,684650,4570,529.87
2024-05-21T11:20:00.000,530.53,530.73,530.53,530.7,251661,3112,529.9
2024-05-21T11:25:00.000,530.705,530.705,530.485,530.5001,170746,2538,529.92
2024-05-21T11:30:00.000,530.51,530.5197,530.25,530.265,183597,2594,529.93
2024-05-21T11:35:00.000,530.2648,530.42,530.24,530.35,251499,2499,529.94
2024-05-21T11:40:00.000,530.3591,530.37,530.07,530.255,195816,2509,529.95
2024-05-21T11:45:00.000,530.255,530.28,530.14,530.205,424777,2053,529.95
2024-05-21T11:50:00.000,530.22,530.24,529.82,530.12,315186,3422,529.96
2024-05-21T11:55:00.000,530.12,530.12,529.95,529.97,199380,2248,529.96
2024-05-21T12:00:00.000,529.97,529.97,529.855,529.92,414548,3271,529.96
2024-05-21T12:05:00.000,529.91,529.97,529.82,529.845,254443,3482,529.96
2024-05-21T12:10:00.000,529.845,530.25,529.84,530.115,355713,4184,529.96
2024-05-21T12:15:00.000,530.13,530.3,530.13,530.25,282406,3595,529.97
2024-05-21T12:20:00.000,530.25,530.26,530.145,530.16,456067,3186,529.98
2024-05-21T12:25:00.000,530.16,530.2,530.0,530.195,400359,3915,529.98
2024-05-21T12:30:00.000,530.19,530.28,530.08,530.08,305293,3565,529.99
2024-05-21T12:35:00.000,530.09,530.1,529.97,530.04,234115,2770,529.99
2024-05-21T12:40:00.000,530.035,530.12,529.88,529.9699,220496,2484,529.99
2024-05-21T12:45:00.000,529.97,530.095,529.9,530.0898,128347,2050,529.99
2024-05-21T12:50:00.000,530.085,530.21,529.97,530.0,214076,2817,529.99
2024-05-21T12:55:00.000,529.99,530.015,529.8,529.95,184152,2458,529.99
2024-05-21T13:00:00.000,529.945,529.97,529.735,529.96,170265,2284,529.99
2024-05-21T13:05:00.000,529.95,530.13,529.93,530.04,166141,2074,529.99
2024-05-21T13:10:00.000,530.04,530.04,529.64,529.83,158990,2453,529.99
2024-05-21T13:15:00.000,529.83,529.955,529.83,529.9,122513,2058,529.99
2024-05-21T13:20:00.000,529.8999,529.965,529.775,529.8,136936,2053,529.98
2024-05-21T13:25:00.000,529.8,530.145,529.8,530.135,176957,2362,529.98
2024-05-21T13:30:00.000,530.14,530.195,530.07,530.12,121729,2507,529.99
2024-05-21T13:35:00.000,530.12,530.395,530.115,530.355,150175,2272,529.99
2024-05-21T13:40:00.000,530.36,530.53,530.305,530.49,220397,3084,530.0
2024-05-21T13:45:00.000,530.485,530.56,530.37,530.4499,362209,2151,530.0
2024-05-21T13:50:00.000,530.44,530.61,530.44,530.57,287269,2780,530.01
2024-05-21T13:55:00.000,530.57,530.78,530.57,530.7601,377007,3657,530.03
2024-05-21T14:00:00.000,530.77,530.79,530.42,530.4877,276825,3233,530.05
2024-05-21T14:05:00.000,530.47,530.69,530.47,530.65,706397,2237,530.05
2024-05-21T14:10:00.000,530.65,530.73,530.39,530.53,187825,2801,530.06
2024-05-21T14:15:00.000,530.535,530.63,530.47,530.49,163155,2399,530.07
2024-05-21T14:20:00.000,530.49,530.53,530.39,530.445,157167,2232,530.07
2024-05-21T14:25:00.000,530.445,530.485,530.35,530.39,174948,2686,530.07
2024-05-21T14:30:00.000,530.395,530.68,530.37,530.57,549308,3415,530.08
2024-05-21T14:35:00.000,530.5799,530.58,530.33,530.35,177350,2527,530.09
2024-05-21T14:40:00.000,530.345,530.38,530.1658,530.215,442915,2612,530.09
2024-05-21T14:45:00.000,530.215,530.365,530.175,530.355,195185,2344,530.09
2024-05-21T14:50:00.000,530.35,530.4,530.26,530.31,405110,2364,530.09
2024-05-21T14:55:00.000,530.32,530.42,530.31,530.4099,130256,2009,530.1
2024-05-21T15:00:00.000,530.4,530.48,530.305,530.32,166384,2089,530.1
2024-05-21T15:05:00.000,530.32,530.52,530.24,530.455,208393,2607,530.1
2024-05-21T15:10:00.000,530.455,530.89,530.455,530.82,837926,3672,530.12
2024-05-21T15:15:00.000,530.81,530.96,530.73,530.9,261147,3072,530.13
2024-05-21T15:20:00.000,530.9,530.9,530.6604,530.76,255396,2723,530.14
2024-05-21T15:25:00.000,530.76,530.825,530.585,530.825,514537,2712,530.15
2024-05-21T15:30:00.000,530.81,531.15,530.78,531.1299,423318,4375,530.17
2024-05-21T15:35:00.000,531.13,531.52,531.126,531.23,728133,4668,530.2
2024-05-21T15:40:00.000,531.23,531.23,530.93,530.99,361586,4615,530.21
2024-05-21T15:45:00.000,530.99,531.0075,530.83,530.905,756106,5431,530.23
2024-05-21T15:50:00.000,530.9,531.35,530.85,531.3099,830662,8275,530.26
2024-05-21T15:55:00.000,531.3,531.43,531.08,531.32,4308153,22529,530.43
2024-05-21T16:00:00.000,531.33,531.33,531.33,531.33,615,3,530.43
2024-05-22T09:30:00.000,530.65,530.9304,530.625,530.89,676675,6604,530.75
2024-05-22T09:35:00.000,530.89,530.9583,530.7,530.87,430501,4709,530.78
2024-05-22T09:40:00.000,530.88,531.0804,530.6504,531.05,361822,4187,530.81
2024-05-22T09:45:00.000,531.06,531.11,530.95,531.085,288188,3257,530.84
2024-05-22T09:50:00.000,531.085,531.19,531.04,531.16,258907,3110,530.88
2024-05-22T09:55:00.000,531.16,531.18,531.01,531.15,190574,2518,530.89
2024-05-22T10:00:00.000,531.145,531.28,530.99,531.05,342227,4499,530.92
2024-05-22T10:05:00.000,531.05,531.23,530.95,531.01,307554,3772,530.94
2024-05-22T10:10:00.000,531.03,531.25,530.95,531.155,225403,6674,530.95
2024-05-22T10:15:00.000,531.155,531.25,530.97,531.05,187807,9715,530.96
2024-05-22T10:20:00.000,531.055,531.145,530.9,531.0,214642,9197,530.96
2024-05-22T10:25:00.000,531.01,531.17,530.94,531.125,139794,6523,530.96
2024-05-22T10:30:00.000,531.13,531.15,531.02,531.09,184449,2604,530.97
2024-05-22T10:35:00.000,531.08,531.1,530.981,531.0351,142218,2404,530.97
2024-05-22T10:40:00.000,531.03,531.135,530.78,530.87,189662,2660,530.97
2024-05-22T10:45:00.000,530.86,531.0093,530.845,530.96,191266,2330,530.97
2024-05-22T10:50:00.000,530.96,531.045,530.95,530.99,113257,1809,530.97
2024-05-22T10:55:00.000,530.99,531.18,530.97,531.12,175884,2171,530.97
2024-05-22T11:00:00.000,531.13,531.23,531.0613,531.2,227578,2508,530.98
2024-05-22T11:05:00.000,531.19,531.38,531.19,531.285,305406,2809,531.0
2024-05-22T11:10:00.000,531.29,531.34,531.21,531.28,251106,2104,531.01
2024-05-22T11:15:00.000,531.285,531.315,531.11,531.19,149726,2053,531.02
2024-05-22T11:20:00.000,531.2,531.26,531.03,531.065,153442,1862,531.02
2024-05-22T11:25:00.000,531.07,531.13,531.0,531.0358,123942,1839,531.02
2024-05-22T11:30:00.000,531.04,531.05,530.885,530.95,188816,2453,531.02
2024-05-22T11:35:00.000,530.96,531.0,530.89,530.965,156967,2065,531.02
2024-05-22T11:40:00.000,530.965,531.02,530.9099,530.95,89610,1575,531.02
2024-05-22T11:45:00.000,530.95,530.97,530.825,530.85,156093,2230,531.01
2024-05-22T11:50:00.000,530.84,530.84,530.16,530.52,645722,5922,530.96
2024-05-22T11:55:00.000,530.5399,530.73,530.49,530.71,236124,2367,530.95
2024-05-22T12:00:00.000,530.69,530.76,530.63,530.7383,154634,2143,530.95
2024-05-22T12:05:00.000,530.73,530.93,530.69,530.8804,212622,2425,530.94
2024-05-22T12:10:00.000,530.89,531.02,530.85,531.0,217388,2235,530.94
2024-05-22T12:15:00.000,530.99,531.07,530.93,530.95,141894,1883,530.95
2024-05-22T12:20:00.000,530.94,531.1,530.9,531.0,175691,2245,530.95
2024-05-22T12:25:00.000,531.0,531.075,530.95,531.025,172816,1826,530.95
2024-05-22T12:30:00.000,531.03,531.06,530.85,530.96,405543,1839,530.95
2024-05-22T12:35:00.000,530.95,531.02,530.8303,531.0,147984,1722,530.95
2024-05-22T12:40:00.000,530.995,531.17,530.99,531.13,220729,2066,530.95
2024-05-22T12:45:00.000,531.1303,531.16,530.77,530.8289,225954,2370,530.95
2024-05-22T12:50:00.000,530.8299,530.8901,530.67,530.85,174083,2130,530.95
2024-05-22T12:55:00.000,530.85,530.96,530.82,530.8625,370029,1498,530.95
2024-05-22T13:00:00.000,530.85,531.07,530.85,530.99,200560,2450,530.95
2024-05-22T13:05:00.000,530.99,531.12,530.96,531.08,154715,1544,530.95
2024-05-22T13:10:00.000,531.08,531.17,531.06,531.15,193942,1889,530.95
2024-05-22T13:15:00.000,531.15,531.24,531.095,531.11,294617,2983,530.96
2024-05-22T13:20:00.000,531.11,531.16,531.025,531.07,426291,1739,530.96
2024-05-22T13:25:00.000,531.08,531.105,530.9,530.915,112042,1808,530.96
2024-05-22T13:30:00.000,530.91,530.92,530.7,530.7875,230385,2933,530.96
2024-05-22T13:35:00.000,530.78,530.78,529.83,530.12,1008775,7077,530.91
2024-05-22T13:40:00.000,530.14,530.23,529.56,529.675,576618,5168,530.86
2024-05-22T13:45:00.000,529.64,529.995,529.43,529.7899,613509,5369,530.8
2024-05-22T13:50:00.000,529.78,529.9399,529.7,529.72,526757,3424,530.77
2024-05-22T13:55:00.000,529.725,530.03,529.5199,529.9995,375154,3172,530.74
2024-05-22T14:00:00.000,529.98,529.98,528.2901,529.07,1263179,11067,530.6
2024-05-22T14:05:00.000,529.08,529.57,528.96,529.36,568347,5199,530.55
2024-05-22T14:10:00.000,529.36,529.54,529.09,529.27,323712,3664,530.52
2024-05-22T14:15:00.000,529.26,529.36,528.84,529.08,920992,4356,530.48
2024-05-22T14:20:00.000,529.07,529.08,528.002,528.5008,927842,7265,530.36
2024-05-22T14:25:00.000,528.53,528.66,527.77,527.81,475911,5135,530.3
2024-05-22T14:30:00.000,527.82,528.19,527.7488,528.0,630706,4973,530.22
2024-05-22T14:35:00.000,527.99,528.17,527.73,527.97,579750,5147,530.15
2024-05-22T14:40:00.000,527.96,528.11,527.6,527.7899,687037,4495,530.09
2024-05-22T14:45:00.000,527.78,528.59,527.74,528.5101,672415,5461,530.03
2024-05-22T14:50:00.000,528.515,528.57,528.25,528.3,467166,4071,529.99
2024-05-22T14:55:00.000,528.3015,528.63,528.2,528.57,660247,3802,529.96
2024-05-22T15:00:00.000,528.56,528.7905,528.4701,528.775,485040,4687,529.93
2024-05-22T15:05:00.000,528.77,528.87,528.69,528.82,316042,3173,529.91
2024-05-22T15:10:00.000,528.83,528.84,528.49,528.5301,495396,3043,529.89
2024-05-22T15:15:00.000,528.54,528.86,527.8,527.9801,556027,4713,529.86
2024-05-22T15:20:00.000,528.01,528.78,528.01,528.745,374602,3080,529.83
2024-05-22T15:25:00.000,528.745,528.78,528.495,528.76,312254,3072,529.82
2024-05-22T15:30:00.000,528.76,529.83,528.74,529.52,955530,6251,529.8
2024-05-22T15:35:00.000,529.5158,529.68,529.11,529.16,515496,4405,529.79
2024-05-22T15:40:00.000,529.1695,529.2807,528.57,528.67,593133,5273,529.77
2024-05-22T15:45:00.000,528.66,528.95,528.41,528.46,1391329,6228,529.74
2024-05-22T15:50:00.000,528.4502,528.89,528.015,528.84,2880002,17845,529.61
2024-05-22T15:55:00.000,528.85,529.83,528.55,529.82,4276757,22290,529.57
2024-05-22T16:00:00.000,0.0,0.0,0.0,0.0,0,0,529.57
2024-05-23T09:30:00.000,532.96,533.07,531.81,531.86,2053454,15299,532.45
2024-05-23T09:35:00.000,531.84,532.07,531.6209,531.84,827143,7724,532.29
2024-05-23T09:40:00.000,531.83,531.83,531.3499,531.77,749238,6806,532.15
2024-05-23T09:45:00.000,531.68,531.72,530.66,530.97,884144,9212,531.96
2024-05-23T09:50:00.000,530.98,531.03,529.545,529.74,1046436,9886,531.62
2024-05-23T09:55:00.000,529.73,529.987,529.59,529.96,698955,6863,531.42
2024-05-23T10:00:00.000,529.93,530.55,529.56,530.0699,709686,7824,531.29
2024-05-23T10:05:00.000,530.06,530.3699,529.7903,530.285,427245,4744,531.23
2024-05-23T10:10:00.000,530.29,530.93,530.27,530.77,394991,9959,531.2
2024-05-23T10:15:00.000,530.8,530.99,530.28,530.44,339935,10758,531.18
2024-05-23T10:20:00.000,530.44,530.5,529.73,530.07,458800,11221,531.12
2024-05-23T10:25:00.000,530.05,530.45,529.83,530.4499,353639,6694,531.08
2024-05-23T10:30:00.000,530.46,530.54,529.985,530.175,372407,4412,531.05
2024-05-23T10:35:00.000,530.17,530.86,530.15,530.86,314634,3813,531.03
2024-05-23T10:40:00.000,530.85,530.8801,530.31,530.3601,303829,3948,531.02
2024-05-23T10:45:00.000,530.38,530.55,530.04,530.09,308935,3793,531.0
2024-05-23T10:50:00.000,530.0888,530.1,529.55,529.5649,412370,4475,530.95
2024-05-23T10:55:00.000,529.57,529.62,529.01,529.05,550914,5009,530.87
2024-05-23T11:00:00.000,529.06,529.8385,528.98,529.66,462916,5463,530.81
2024-05-23T11:05:00.000,529.6401,530.62,529.3902,530.5311,719355,5619,530.76
2024-05-23T11:10:00.000,530.55,530.685,530.21,530.375,374809,3894,530.75
2024-05-23T11:15:00.000,530.38,530.55,530.151,530.26,424966,4000,530.74
2024-05-23T11:20:00.000,530.27,530.58,530.2699,530.48,190099,2349,530.73
2024-05-23T11:25:00.000,530.47,530.6387,530.36,530.525,173110,2478,530.73
2024-05-23T11:30:00.000,530.535,530.755,530.52,530.71,234654,2911,530.73
2024-05-23T11:35:00.000,530.715,531.16,530.6335,531.08,317351,3430,530.73
2024-05-23T11:40:00.000,531.085,531.16,530.885,531.0,328087,3082,530.74
2024-05-23T11:45:00.000,531.0033,531.075,530.9,531.04,179884,2417,530.74
2024-05-23T11:50:00.000,531.0301,531.39,531.02,531.255,336368,3429,530.75
2024-05-23T11:55:00.000,531.2501,531.484,531.065,531.08,343248,3637,530.76
2024-05-23T12:00:00.000,531.08,531.42,530.92,531.18,359141,2572,530.77
2024-05-23T12:05:00.000,531.18,531.18,530.625,530.82,264639,3166,530.77
2024-05-23T12:10:00.000,530.815,530.84,530.37,530.6,681897,4574,530.76
2024-05-23T12:15:00.000,530.58,530.86,530.55,530.82,204765,2692,530.76
2024-05-23T12:20:00.000,530.81,531.07,530.7496,531.035,265446,2562,530.76
2024-05-23T12:25:00.000,531.03,531.25,530.97,531.245,157027,2038,530.77
2024-05-23T12:30:00.000,531.2327,531.34,531.13,531.16,145698,2034,530.77
2024-05-23T12:35:00.000,531.1707,531.345,531.04,531.0501,166457,2170,530.78
2024-05-23T12:40:00.000,531.05,531.09,530.58,530.63,258065,2737,530.78
2024-05-23T12:45:00.000,530.6304,530.6398,529.94,530.1,361251,4054,530.77
2024-05-23T12:50:00.000,530.09,530.12,529.58,529.8103,307377,3185,530.75
2024-05-23T12:55:00.000,529.8,530.0,529.54,529.54,326249,2996,530.73
2024-05-23T13:00:00.000,529.56,529.705,529.25,529.41,353886,3416,530.71
2024-05-23T13:05:00.000,529.37,529.6698,529.32,529.3801,261540,2537,530.69
2024-05-23T13:10:00.000,529.3811,529.7901,529.2801,529.735,308346,2823,530.68
2024-05-23T13:15:00.000,529.72,529.84,529.18,529.25,411180,3309,530.66
2024-05-23T13:20:00.000,529.245,529.32,528.83,529.228,423851,4140,530.62
2024-05-23T13:25:00.000,529.24,529.5541,529.05,529.4804,490285,2755,530.61
2024-05-23T13:30:00.000,529.48,529.48,528.98,529.075,256346,3605,530.59
2024-05-23T13:35:00.000,529.08,529.085,527.94,528.02,788650,5884,530.54
2024-05-23T13:40:00.000,528.014,528.69,527.51,527.6401,671299,5852,530.46
2024-05-23T13:45:00.000,527.65,527.9097,527.51,527.6,324196,3499,530.42
2024-05-23T13:50:00.000,527.6,527.91,527.0436,527.23,447422,4561,530.36
2024-05-23T13:55:00.000,527.235,527.26,526.57,526.7,701327,5370,530.25
2024-05-23T14:00:00.000,526.72,526.85,526.06,526.07,837436,6065,530.15
2024-05-23T14:05:00.000,526.08,526.56,525.76,526.47,1107647,9263,529.97
2024-05-23T14:10:00.000,526.46,526.65,525.98,526.3139,339636,4041,529.92
2024-05-23T14:15:00.000,526.32,526.68,525.49,525.5,618338,5978,529.83
2024-05-23T14:20:00.000,525.5,526.18,525.46,525.47,592459,5812,529.74
2024-05-23T14:25:00.000,525.4601,526.21,525.4601,525.7101,589043,5382,529.66
2024-05-23T14:30:00.000,525.71,525.74,525.2,525.545,1297421,5676,529.58
2024-05-23T14:35:00.000,525.56,526.18,525.33,526.14,532818,4982,529.5
2024-05-23T14:40:00.000,526.125,526.31,525.57,525.6,376659,4140,529.46
2024-05-23T14:45:00.000,525.62,525.8,525.16,525.32,477146,4651,529.39
2024-05-23T14:50:00.000,525.31,525.41,524.85,524.94,938324,6298,529.3
2024-05-23T14:55:00.000,524.96,525.12,524.865,524.94,375930,4043,529.24
2024-05-23T15:00:00.000,524.94,525.58,524.88,525.06,648709,5839,529.16
2024-05-23T15:05:00.000,525.07,525.25,524.75,525.14,485635,5211,529.09
2024-05-23T15:10:00.000,525.1571,525.215,524.72,525.15,569237,5196,529.02
2024-05-23T15:15:00.000,525.17,525.48,524.82,525.31,1488737,6139,528.94
2024-05-23T15:20:00.000,525.31,525.66,525.045,525.16,544537,5258,528.88
2024-05-23T15:25:00.000,525.155,525.4,525.0,525.19,618444,4803,528.84
2024-05-23T15:30:00.000,525.2,525.66,525.19,525.58,689420,7107,528.77
2024-05-23T15:35:00.000,525.61,525.84,525.535,525.77,2286782,5460,528.73
2024-05-23T15:40:00.000,525.77,525.91,525.35,525.77,648496,6754,528.68
2024-05-23T15:45:00.000,525.77,525.79,525.3,525.6701,1163793,7144,528.62
2024-05-23T15:50:00.000,525.68,526.26,525.37,525.97,2913487,16627,528.42
2024-05-23T15:55:00.000,525.95,526.04,525.39,525.95,4134465,24144,528.14
2024-05-23T16:00:00.000,525.96,525.96,525.95,525.95,689,2,528.14
2024-05-24T09:30:00.000,527.85,527.98,527.28,527.935,1773644,14313,527.61
2024-05-24T09:35:00.000,527.94,528.095,527.6,527.63,567998,6314,527.67
2024-05-24T09:40:00.000,527.6,527.96,527.52,527.918,750575,7092,527.68
2024-05-24T09:45:00.000,527.91,528.03,527.25,527.44,804344,6902,527.69
2024-05-24T09:50:00.000,527.44,527.44,526.881,526.93,449532,4918,527.63
2024-05-24T09:55:00.000,526.9406,527.34,526.9406,527.202,308088,3732,527.6
2024-05-24T10:00:00.000,527.25,528.32,527.23,527.85,800162,7454,527.64
2024-05-24T10:05:00.000,527.86,528.14,527.66,527.84,327007,4386,527.65
2024-05-24T10:10:00.000,527.8399,528.21,527.73,527.77,353327,7012,527.67
2024-05-24T10:15:00.000,527.79,528.2499,527.78,528.2,294704,9690,527.69
2024-05-24T10:20:00.000,528.19,528.46,528.025,528.38,351914,10971,527.72
2024-05-24T10:25:00.000,528.39,528.74,528.3,528.61,358277,10487,527.76
2024-05-24T10:30:00.000,528.6,528.685,528.4401,528.61,316732,4087,527.79
2024-05-24T10:35:00.000,528.6,528.61,528.205,528.29,373670,4121,527.82
2024-05-24T10:40:00.000,528.27,528.38,527.86,527.95,248894,3490,527.83
2024-05-24T10:45:00.000,527.9493,528.51,527.84,528.4705,357946,3736,527.84
2024-05-24T10:50:00.000,528.47,528.78,528.42,528.7687,240832,2802,527.87
2024-05-24T10:55:00.000,528.77,529.12,528.77,529.03,377794,3703,527.91
2024-05-24T11:00:00.000,529.02,529.76,528.89,529.72,886425,6967,528.04
2024-05-24T11:05:00.000,529.7199,529.88,529.61,529.83,548078,4952,528.14
2024-05-24T11:10:00.000,529.82,530.25,529.7949,530.21,567759,5214,528.24
2024-05-24T11:15:00.000,530.205,530.27,529.92,530.01,701476,4135,528.31
2024-05-24T11:20:00.000,530.01,530.03,529.8,529.9499,350894,3109,528.35
2024-05-24T11:25:00.000,529.95,529.95,529.65,529.7,626374,3847,528.4
2024-05-24T11:30:00.000,529.71,530.054,529.7,530.01,278624,2936,528.43
2024-05-24T11:35:00.000,530.02,530.02,529.1099,529.151,586741,5982,528.48
2024-05-24T11:40:00.000,529.1495,529.61,529.14,529.51,249196,2932,528.49
2024-05-24T11:45:00.000,529.51,529.51,529.15,529.25,248020,3000,528.51
2024-05-24T11:50:00.000,529.25,529.48,529.0,529.48,420269,3603,528.53
2024-05-24T11:55:00.000,529.4766,529.52,529.25,529.45,194374,2435,528.54
2024-05-24T12:00:00.000,529.44,529.5899,529.355,529.56,170674,2364,528.55
2024-05-24T12:05:00.000,529.545,529.7199,529.45,529.57,440424,3247,528.58
2024-05-24T12:10:00.000,529.57,529.86,529.57,529.765,157182,2250,528.6
2024-05-24T12:15:00.000,529.765,529.98,529.67,529.9,176830,2246,528.61
2024-05-24T12:20:00.000,529.9,529.9,529.71,529.83,155128,1866,528.62
2024-05-24T12:25:00.000,529.82,530.01,529.71,529.79,203389,2571,528.64
2024-05-24T12:30:00.000,529.78,529.8627,529.6201,529.68,202423,2382,528.65
2024-05-24T12:35:00.000,529.67,529.71,529.39,529.4299,284702,3325,528.67
2024-05-24T12:40:00.000,529.42,529.59,529.32,529.49,165485,2160,528.67
2024-05-24T12:45:00.000,529.47,529.54,529.35,529.455,217056,2459,528.68
2024-05-24T12:50:00.000,529.45,529.78,529.35,529.78,185327,2264,528.69
2024-05-24T12:55:00.000,529.77,529.775,529.24,529.255,409865,3323,528.71
2024-05-24T13:00:00.000,529.26,529.5,529.17,529.18,151618,2279,528.72
2024-05-24T13:05:00.000,529.17,529.28,529.06,529.11,180722,2262,528.72
2024-05-24T13:10:00.000,529.11,529.55,529.07,529.53,157917,2068,528.73
2024-05-24T13:15:00.000,529.53,529.59,529.325,529.48,436329,1823,528.73
2024-05-24T13:20:00.000,529.48,529.67,529.395,529.6695,108075,1737,528.74
2024-05-24T13:25:00.000,529.67,529.87,529.585,529.6287,207754,2435,528.75
2024-05-24T13:30:00.000,529.61,529.61,529.255,529.355,191041,2814,528.75
2024-05-24T13:35:00.000,529.365,529.55,529.3639,529.535,133763,1859,528.76
2024-05-24T13:40:00.000,529.54,529.54,529.25,529.39,131856,1766,528.76
2024-05-24T13:45:00.000,529.39,529.42,529.24,529.42,323258,2831,528.77
2024-05-24T13:50:00.000,529.425,529.58,529.4,529.535,653807,2494,528.79
2024-05-24T13:55:00.000,529.535,529.755,529.5206,529.565,629370,2701,528.8
2024-05-24T14:00:00.000,529.53,529.95,529.5,529.89,369433,3334,528.82
2024-05-24T14:05:00.000,529.885,530.1,529.73,530.05,238091,2803,528.84
2024-05-24T14:10:00.000,530.05,530.06,529.68,529.87,338893,2907,528.85
2024-05-24T14:15:00.000,529.86,530.07,529.85,529.94,213249,2407,528.86
2024-05-24T14:20:00.000,529.945,529.96,529.36,529.365,239253,3044,528.87
2024-05-24T14:25:00.000,529.37,529.54,529.36,529.4299,234858,2587,528.88
2024-05-24T14:30:00.000,529.43,529.52,529.22,529.27,309609,3178,528.89
2024-05-24T14:35:00.000,529.28,529.59,529.166,529.56,257590,2957,528.89
2024-05-24T14:40:00.000,529.5753,529.61,529.39,529.465,171815,2166,528.9
2024-05-24T14:45:00.000,529.45,529.6,529.41,529.485,189341,2107,528.9
2024-05-24T14:50:00.000,529.48,529.56,529.25,529.275,182492,2110,528.91
2024-05-24T14:55:00.000,529.27,529.36,529.06,529.0899,238176,2806,528.91
2024-05-24T15:00:00.000,529.08,529.09,528.28,528.59,825337,6625,528.9
2024-05-24T15:05:00.000,528.59,528.88,528.53,528.76,322297,2989,528.9
2024-05-24T15:10:00.000,528.75,528.9898,528.74,528.815,231148,2579,528.9
2024-05-24T15:15:00.000,528.806,529.09,528.71,529.05,202109,2586,528.9
2024-05-24T15:20:00.000,529.04,529.05,528.83,528.96,292145,2843,528.9
2024-05-24T15:25:00.000,528.955,529.13,528.8687,528.93,230263,2825,528.9
2024-05-24T15:30:00.000,528.93,529.252,528.77,529.245,379933,4276,528.9
2024-05-24T15:35:00.000,529.245,529.53,529.08,529.33,504979,4670,528.91
2024-05-24T15:40:00.000,529.33,529.34,528.92,528.96,712410,4875,528.92
2024-05-24T15:45:00.000,528.95,529.2,528.82,528.82,755738,5377,528.92
2024-05-24T15:50:00.000,528.83,529.25,528.8,529.22,870202,7940,528.92
2024-05-24T15:55:00.000,529.2,529.58,529.02,529.5,2924713,15328,528.95
2024-05-24T16:00:00.000,0.0,0.0,0.0,0.0,50,1,528.95
2024-05-25T09:30:00.000,0.0,0.0,0.0,0.0,0,0,0.0
2024-05-25T09:35:00.000,0.0,0.0,0.0,0.0,0,0,0.0
2024-05-25T09:40:00.000,0.0,0.0,0.0,0.0,0,0,0.0
2024-05-25T09:45:00.000,0.0,0.0,0.0,0.0,0,0,0.0
2024-05-25T09:50:00.000,0.0,0.0,0.0,0.0,0,0,0.0
2024-05-25T09:55:00.000,0.0,0.0,0.0,0.0,0,0,0.0
2024-05-25T10:00:00.000,0.0,0.0,0.0,0.0,0,0,0.0
2024-05-25T10:05:00.000,0.0,0.0,0.0,0.0,0,0,0.0
2024-05-25T10:10:00.000,0.0,0.0,0.0,0.0,0,0,0.0
2024-05-25T10:15:00.000,0.0,0.0,0.0,0.0,0,0,0.0
2024-05-25T10:20:00.000,0.0,0.0,0.0,0.0,0,0,0.0
2024-05-25T10:25:00.000,0.0,0.0,0.0,0.0,0,0,0.0
2024-05-25T10:30:00.000,0.0,0.0,0.0,0.0,0,0,0.0
2024-05-25T10:35:00.000,0.0,0.0,0.0,0.0,0,0,0.0
2024-05-25T10:40:00.000,0.0,0.0,0.0,0.0,0,0,0.0
2024-05-25T10:45:00.000,0.0,0.0,0.0,0.0,0,0,0.0
2024-05-25T10:50:00.000,0.0,0.0,0.0,0.0,0,0,0.0
2024-05-25T10:55:00.000,0.0,0.0,0.0,0.0,0,0,0.0
2024-05-25T11:00:00.000,0.0,0.0,0.0,0.0,0,0,0.0
2024-05-25T11:05:00.000,0.0,0.0,0.0,0.0,0,0,0.0
2024-05-25T11:10:00.000,0.0,0.0,0.0,0.0,0,0,0.0
2024-05-25T11:15:00.000,0.0,0.0,0.0,0.0,0,0,0.0
2024-05-25T11:20:00.000,0.0,0.0,0.0,0.0,0,0,0.0
2024-05-25T11:25:00.000,0.0,0.0,0.0,0.0,0,0,0.0
2024-05-25T11:30:00.000,0.0,0.0,0.0,0.0,0,0,0.0
2024-05-25T11:35:00.000,0.0,0.0,0.0,0.0,0,0,0.0
2024-05-25T11:40:00.000,0.0,0.0,0.0,0.0,0,0,0.0
2024-05-25T11:45:00.000,0.0,0.0,0.0,0.0,0,0,0.0
2024-05-25T11:50:00.000,0.0,0.0,0.0,0.0,0,0,0.0
2024-05-25T11:55:00.000,0.0,0.0,0.0,0.0,0,0,0.0
2024-05-25T12:00:00.000,0.0,0.0,0.0,0.0,0,0,0.0
2024-05-25T12:05:00.000,0.0,0.0,0.0,0.0,0,0,0.0
2024-05-25T12:10:00.000,0.0,0.0,0.0,0.0,0,0,0.0
2024-05-25T12:15:00.000,0.0,0.0,0.0,0.0,0,0,0.0
2024-05-25T12:20:00.000,0.0,0.0,0.0,0.0,0,0,0.0
2024-05-25T12:25:00.000,0.0,0.0,0.0,0.0,0,0,0.0
2024-05-25T12:30:00.000,0.0,0.0,0.0,0.0,0,0,0.0
2024-05-25T12:35:00.000,0.0,0.0,0.0,0.0,0,0,0.0
2024-05-25T12:40:00.000,0.0,0.0,0.0,0.0,0,0,0.0
2024-05-25T12:45:00.000,0.0,0.0,0.0,0.0,0,0,0.0
2024-05-25T12:50:00.000,0.0,0.0,0.0,0.0,0,0,0.0
2024-05-25T12:55:00.000,0.0,0.0,0.0,0.0,0,0,0.0
2024-05-25T13:00:00.000,0.0,0.0,0.0,0.0,0,0,0.0
2024-05-25T13:05:00.000,0.0,0.0,0.0,0.0,0,0,0.0
2024-05-25T13:10:00.000,0.0,0.0,0.0,0.0,0,0,0.0
2024-05-25T13:15:00.000,0.0,0.0,0.0,0.0,0,0,0.0
2024-05-25T13:20:00.000,0.0,0.0,0.0,0.0,0,0,0.0
2024-05-25T13:25:00.000,0.0,0.0,0.0,0.0,0,0,0.0
2024-05-25T13:30:00.000,0.0,0.0,0.0,0.0,0,0,0.0
2024-05-25T13:35:00.000,0.0,0.0,0.0,0.0,0,0,0.0
2024-05-25T13:40:00.000,0.0,0.0,0.0,0.0,0,0,0.0
2024-05-25T13:45:00.000,0.0,0.0,0.0,0.0,0,0,0.0
2024-05-25T13:50:00.000,0.0,0.0,0.0,0.0,0,0,0.0
2024-05-25T13:55:00.000,0.0,0.0,0.0,0.0,0,0,0.0
2024-05-25T14:00:00.000,0.0,0.0,0.0,0.0,0,0,0.0
2024-05-25T14:05:00.000,0.0,0.0,0.0,0.0,0,0,0.0
2024-05-25T14:10:00.000,0.0,0.0,0.0,0.0,0,0,0.0
2024-05-25T14:15:00.000,0.0,0.0,0.0,0.0,0,0,0.0
2024-05-25T14:20:00.000,0.0,0.0,0.0,0.0,0,0,0.0
2024-05-25T14:25:00.000,0.0,0.0,0.0,0.0,0,0,0.0
2024-05-25T14:30:00.000,0.0,0.0,0.0,0.0,0,0,0.0
2024-05-25T14:35:00.000,0.0,0.0,0.0,0.0,0,0,0.0
2024-05-25T14:40:00.000,0.0,0.0,0.0,0.0,0,0,0.0
2024-05-25T14:45:00.000,0.0,0.0,0.0,0.0,0,0,0.0
2024-05-25T14:50:00.000,0.0,0.0,0.0,0.0,0,0,0.0
2024-05-25T14:55:00.000,0.0,0.0,0.0,0.0,0,0,0.0
2024-05-25T15:00:00.000,0.0,0.0,0.0,0.0,0,0,0.0
2024-05-25T15:05:00.000,0.0,0.0,0.0,0.0,0,0,0.0
2024-05-25T15:10:00.000,0.0,0.0,0.0,0.0,0,0,0.0
2024-05-25T15:15:00.000,0.0,0.0,0.0,0.0,0,0,0.0
2024-05-25T15:20:00.000,0.0,0.0,0.0,0.0,0,0,0.0
2024-05-25T15:25:00.000,0.0,0.0,0.0,0.0,0,0,0.0
2024-05-25T15:30:00.000,0.0,0.0,0.0,0.0,0,0,0.0
2024-05-25T15:35:00.000,0.0,0.0,0.0,0.0,0,0,0.0
2024-05-25T15:40:00.000,0.0,0.0,0.0,0.0,0,0,0.0
2024-05-25T15:45:00.000,0.0,0.0,0.0,0.0,0,0,0.0
2024-05-25T15:50:00.000,0.0,0.0,0.0,0.0,0,0,0.0
2024-05-25T15:55:00.000,0.0,0.0,0.0,0.0,0,0,0.0
2024-05-25T16:00:00.000,0.0,0.0,0.0,0.0,0,0,0.0
2024-05-26T09:30:00.000,0.0,0.0,0.0,0.0,0,0,0.0
2024-05-26T09:35:00.000,0.0,0.0,0.0,0.0,0,0,0.0
2024-05-26T09:40:00.000,0.0,0.0,0.0,0.0,0,0,0.0
2024-05-26T09:45:00.000,0.0,0.0,0.0,0.0,0,0,0.0
2024-05-26T09:50:00.000,0.0,0.0,0.0,0.0,0,0,0.0
2024-05-26T09:55:00.000,0.0,0.0,0.0,0.0,0,0,0.0
2024-05-26T10:00:00.000,0.0,0.0,0.0,0.0,0,0,0.0
2024-05-26T10:05:00.000,0.0,0.0,0.0,0.0,0,0,0.0
2024-05-26T10:10:00.000,0.0,0.0,0.0,0.0,0,0,0.0
2024-05-26T10:15:00.000,0.0,0.0,0.0,0.0,0,0,0.0
2024-05-26T10:20:00.000,0.0,0.0,0.0,0.0,0,0,0.0
2024-05-26T10:25:00.000,0.0,0.0,0.0,0.0,0,0,0.0
2024-05-26T10:30:00.000,0.0,0.0,0.0,0.0,0,0,0.0
2024-05-26T10:35:00.000,0.0,0.0,0.0,0.0,0,0,0.0
2024-05-26T10:40:00.000,0.0,0.0,0.0,0.0,0,0,0.0
2024-05-26T10:45:00.000,0.0,0.0,0.0,0.0,0,0,0.0
2024-05-26T10:50:00.000,0.0,0.0,0.0,0.0,0,0,0.0
2024-05-26T10:55:00.000,0.0,0.0,0.0,0.0,0,0,0.0
2024-05-26T11:00:00.000,0.0,0.0,0.0,0.0,0,0,0.0
2024-05-26T11:05:00.000,0.0,0.0,0.0,0.0,0,0,0.0
2024-05-26T11:10:00.000,0.0,0.0,0.0,0.0,0,0,0.0
2024-05-26T11:15:00.000,0.0,0.0,0.0,0.0,0,0,0.0
2024-05-26T11:20:00.000,0.0,0.0,0.0,0.0,0,0,0.0
2024-05-26T11:25:00.000,0.0,0.0,0.0,0.0,0,0,0.0
2024-05-26T11:30:00.000,0.0,0.0,0.0,0.0,0,0,0.0
2024-05-26T11:35:00.000,0.0,0.0,0.0,0.0,0,0,0.0
2024-05-26T11:40:00.000,0.0,0.0,0.0,0.0,0,0,0.0
2024-05-26T11:45:00.000,0.0,0.0,0.0,0.0,0,0,0.0
2024-05-26T11:50:00.000,0.0,0.0,0.0,0.0,0,0,0.0
2024-05-26T11:55:00.000,0.0,0.0,0.0,0.0,0,0,0.0
2024-05-26T12:00:00.000,0.0,0.0,0.0,0.0,0,0,0.0
2024-05-26T12:05:00.000,0.0,0.0,0.0,0.0,0,0,0.0
2024-05-26T12:10:00.000,0.0,0.0,0.0,0.0,0,0,0.0
2024-05-26T12:15:00.000,0.0,0.0,0.0,0.0,0,0,0.0
2024-05-26T12:20:00.000,0.0,0.0,0.0,0.0,0,0,0.0
2024-05-26T12:25:00.000,0.0,0.0,0.0,0.0,0,0,0.0
2024-05-26T12:30:00.000,0.0,0.0,0.0,0.0,0,0,0.0
2024-05-26T12:35:00.000,0.0,0.0,0.0,0.0,0,0,0.0
2024-05-26T12:40:00.000,0.0,0.0,0.0,0.0,0,0,0.0
2024-05-26T12:45:00.000,0.0,0.0,0.0,0.0,0,0,0.0
2024-05-26T12:50:00.000,0.0,0.0,0.0,0.0,0,0,0.0
2024-05-26T12:55:00.000,0.0,0.0,0.0,0.0,0,0,0.0
2024-05-26T13:00:00.000,0.0,0.0,0.0,0.0,0,0,0.0
2024-05-26T13:05:00.000,0.0,0.0,0.0,0.0,0,0,0.0
2024-05-26T13:10:00.000,0.0,0.0,0.0,0.0,0,0,0.0
2024-05-26T13:15:00.000,0.0,0.0,0.0,0.0,0,0,0.0
2024-05-26T13:20:00.000,0.0,0.0,0.0,0.0,0,0,0.0
2024-05-26T13:25:00.000,0.0,0.0,0.0,0.0,0,0,0.0
2024-05-26T13:30:00.000,0.0,0.0,0.0,0.0,0,0,0.0
2024-05-26T13:35:00.000,0.0,0.0,0.0,0.0,0,0,0.0
2024-05-26T13:40:00.000,0.0,0.0,0.0,0.0,0,0,0.0
2024-05-26T13:45:00.000,0.0,0.0,0.0,0.0,0,0,0.0
2024-05-26T13:50:00.000,0.0,0.0,0.0,0.0,0,0,0.0
2024-05-26T13:55:00.000,0.0,0.0,0.0,0.0,0,0,0.0
2024-05-26T14:00:00.000,0.0,0.0,0.0,0.0,0,0,0.0
2024-05-26T14:05:00.000,0.0,0.0,0.0,0.0,0,0,0.0
2024-05-26T14:10:00.000,0.0,0.0,0.0,0.0,0,0,0.0
2024-05-26T14:15:00.000,0.0,0.0,0.0,0.0,0,0,0.0
2024-05-26T14:20:00.000,0.0,0.0,0.0,0.0,0,0,0.0
2024-05-26T14:25:00.000,0.0,0.0,0.0,0.0,0,0,0.0
2024-05-26T14:30:00.000,0.0,0.0,0.0,0.0,0,0,0.0
2024-05-26T14:35:00.000,0.0,0.0,0.0,0.0,0,0,0.0
2024-05-26T14:40:00.000,0.0,0.0,0.0,0.0,0,0,0.0
2024-05-26T14:45:00.000,0.0,0.0,0.0,0.0,0,0,0.0
2024-05-26T14:50:00.000,0.0,0.0,0.0,0.0,0,0,0.0
2024-05-26T14:55:00.000,0.0,0.0,0.0,0.0,0,0,0.0
2024-05-26T15:00:00.000,0.0,0.0,0.0,0.0,0,0,0.0
2024-05-26T15:05:00.000,0.0,0.0,0.0,0.0,0,0,0.0
2024-05-26T15:10:00.000,0.0,0.0,0.0,0.0,0,0,0.0
2024-05-26T15:15:00.000,0.0,0.0,0.0,0.0,0,0,0.0
2024-05-26T15:20:00.000,0.0,0.0,0.0,0.0,0,0,0.0
2024-05-26T15:25:00.000,0.0,0.0,0.0,0.0,0,0,0.0
2024-05-26T15:30:00.000,0.0,0.0,0.0,0.0,0,0,0.0
2024-05-26T15:35:00.000,0.0,0.0,0.0,0.0,0,0,0.0
2024-05-26T15:40:00.000,0.0,0.0,0.0,0.0,0,0,0.0
2024-05-26T15:45:00.000,0.0,0.0,0.0,0.0,0,0,0.0
2024-05-26T15:50:00.000,0.0,0.0,0.0,0.0,0,0,0.0
2024-05-26T15:55:00.000,0.0,0.0,0.0,0.0,0,0,0.0
2024-05-26T16:00:00.000,0.0,0.0,0.0,0.0,0,0,0.0
2024-05-27T09:30:00.000,0.0,0.0,0.0,0.0,0,0,0.0
2024-05-27T09:35:00.000,0.0,0.0,0.0,0.0,0,0,0.0
2024-05-27T09:40:00.000,0.0,0.0,0.0,0.0,0,0,0.0
2024-05-27T09:45:00.000,0.0,0.0,0.0,0.0,0,0,0.0
2024-05-27T09:50:00.000,0.0,0.0,0.0,0.0,0,0,0.0
2024-05-27T09:55:00.000,0.0,0.0,0.0,0.0,0,0,0.0
2024-05-27T10:00:00.000,0.0,0.0,0.0,0.0,0,0,0.0
2024-05-27T10:05:00.000,0.0,0.0,0.0,0.0,0,0,0.0
2024-05-27T10:10:00.000,0.0,0.0,0.0,0.0,0,0,0.0
2024-05-27T10:15:00.000,0.0,0.0,0.0,0.0,0,0,0.0
2024-05-27T10:20:00.000,0.0,0.0,0.0,0.0,0,0,0.0
2024-05-27T10:25:00.000,0.0,0.0,0.0,0.0,0,0,0.0
2024-05-27T10:30:00.000,0.0,0.0,0.0,0.0,0,0,0.0
2024-05-27T10:35:00.000,0.0,0.0,0.0,0.0,0,0,0.0
2024-05-27T10:40:00.000,0.0,0.0,0.0,0.0,0,0,0.0
2024-05-27T10:45:00.000,0.0,0.0,0.0,0.0,0,0,0.0
2024-05-27T10:50:00.000,0.0,0.0,0.0,0.0,0,0,0.0
2024-05-27T10:55:00.000,0.0,0.0,0.0,0.0,0,0,0.0
2024-05-27T11:00:00.000,0.0,0.0,0.0,0.0,0,0,0.0
2024-05-27T11:05:00.000,0.0,0.0,0.0,0.0,0,0,0.0
2024-05-27T11:10:00.000,0.0,0.0,0.0,0.0,0,0,0.0
2024-05-27T11:15:00.000,0.0,0.0,0.0,0.0,0,0,0.0
2024-05-27T11:20:00.000,0.0,0.0,0.0,0.0,0,0,0.0
2024-05-27T11:25:00.000,0.0,0.0,0.0,0.0,0,0,0.0
2024-05-27T11:30:00.000,0.0,0.0,0.0,0.0,0,0,0.0
2024-05-27T11:35:00.000,0.0,0.0,0.0,0.0,0,0,0.0
2024-05-27T11:40:00.000,0.0,0.0,0.0,0.0,0,0,0.0
2024-05-27T11:45:00.000,0.0,0.0,0.0,0.0,0,0,0.0
2024-05-27T11:50:00.000,0.0,0.0,0.0,0.0,0,0,0.0
2024-05-27T11:55:00.000,0.0,0.0,0.0,0.0,0,0,0.0
2024-05-27T12:00:00.000,0.0,0.0,0.0,0.0,0,0,0.0
2024-05-27T12:05:00.000,0.0,0.0,0.0,0.0,0,0,0.0
2024-05-27T12:10:00.000,0.0,0.0,0.0,0.0,0,0,0.0
2024-05-27T12:15:00.000,0.0,0.0,0.0,0.0,0,0,0.0
2024-05-27T12:20:00.000,0.0,0.0,0.0,0.0,0,0,0.0
2024-05-27T12:25:00.000,0.0,0.0,0.0,0.0,0,0,0.0
2024-05-27T12:30:00.000,0.0,0.0,0.0,0.0,0,0,0.0
2024-05-27T12:35:00.000,0.0,0.0,0.0,0.0,0,0,0.0
2024-05-27T12:40:00.000,0.0,0.0,0.0,0.0,0,0,0.0
2024-05-27T12:45:00.000,0.0,0.0,0.0,0.0,0,0,0.0
2024-05-27T12:50:00.000,0.0,0.0,0.0,0.0,0,0,0.0
2024-05-27T12:55:00.000,0.0,0.0,0.0,0.0,0,0,0.0
2024-05-27T13:00:00.000,0.0,0.0,0.0,0.0,0,0,0.0
2024-05-27T13:05:00.000,0.0,0.0,0.0,0.0,0,0,0.0
2024-05-27T13:10:00.000,0.0,0.0,0.0,0.0,0,0,0.0
2024-05-27T13:15:00.000,0.0,0.0,0.0,0.0,0,0,0.0
2024-05-27T13:20:00.000,0.0,0.0,0.0,0.0,0,0,0.0
2024-05-27T13:25:00.000,0.0,0.0,0.0,0.0,0,0,0.0
2024-05-27T13:30:00.000,0.0,0.0,0.0,0.0,0,0,0.0
2024-05-27T13:35:00.000,0.0,0.0,0.0,0.0,0,0,0.0
2024-05-27T13:40:00.000,0.0,0.0,0.0,0.0,0,0,0.0
2024-05-27T13:45:00.000,0.0,0.0,0.0,0.0,0,0,0.0
2024-05-27T13:50:00.000,0.0,0.0,0.0,0.0,0,0,0.0
2024-05-27T13:55:00.000,0.0,0.0,0.0,0.0,0,0,0.0
2024-05-27T14:00:00.000,0.0,0.0,0.0,0.0,0,0,0.0
2024-05-27T14:05:00.000,0.0,0.0,0.0,0.0,0,0,0.0
2024-05-27T14:10:00.000,0.0,0.0,0.0,0.0,0,0,0.0
2024-05-27T14:15:00.000,0.0,0.0,0.0,0.0,0,0,0.0
2024-05-27T14:20:00.000,0.0,0.0,0.0,0.0,0,0,0.0
2024-05-27T14:25:00.000,0.0,0.0,0.0,0.0,0,0,0.0
2024-05-27T14:30:00.000,0.0,0.0,0.0,0.0,0,0,0.0
2024-05-27T14:35:00.000,0.0,0.0,0.0,0.0,0,0,0.0
2024-05-27T14:40:00.000,0.0,0.0,0.0,0.0,0,0,0.0
2024-05-27T14:45:00.000,0.0,0.0,0.0,0.0,0,0,0.0
2024-05-27T14:50:00.000,0.0,0.0,0.0,0.0,0,0,0.0
2024-05-27T14:55:00.000,0.0,0.0,0.0,0.0,0,0,0.0
2024-05-27T15:00:00.000,0.0,0.0,0.0,0.0,0,0,0.0
2024-05-27T15:05:00.000,0.0,0.0,0.0,0.0,0,0,0.0
2024-05-27T15:10:00.000,0.0,0.0,0.0,0.0,0,0,0.0
2024-05-27T15:15:00.000,0.0,0.0,0.0,0.0,0,0,0.0
2024-05-27T15:20:00.000,0.0,0.0,0.0,0.0,0,0,0.0
2024-05-27T15:25:00.000,0.0,0.0,0.0,0.0,0,0,0.0
2024-05-27T15:30:00.000,0.0,0.0,0.0,0.0,0,0,0.0
2024-05-27T15:35:00.000,0.0,0.0,0.0,0.0,0,0,0.0
2024-05-27T15:40:00.000,0.0,0.0,0.0,0.0,0,0,0.0
2024-05-27T15:45:00.000,0.0,0.0,0.0,0.0,0,0,0.0
2024-05-27T15:50:00.000,0.0,0.0,0.0,0.0,0,0,0.0
2024-05-27T15:55:00.000,0.0,0.0,0.0,0.0,0,0,0.0
2024-05-27T16:00:00.000,0.0,0.0,0.0,0.0,0,0,0.0
2024-05-28T09:30:00.000,530.27,530.51,530.1,530.36,1086114,14353,530.28
2024-05-28T09:35:00.000,530.36,530.45,529.93,530.23,639513,6679,530.25
2024-05-28T09:40:00.000,530.24,530.33,529.9,529.9195,439260,4885,530.22
2024-05-28T09:45:00.000,529.9,529.95,529.4,529.5299,768405,8157,530.05
2024-05-28T09:50:00.000,529.53,530.0,529.41,529.45,338882,3624,530.0
2024-05-28T09:55:00.000,529.4569,529.53,529.12,529.355,427490,4263,529.92
2024-05-28T10:00:00.000,529.35,529.72,529.0,529.59,1013046,6724,529.84
2024-05-28T10:05:00.000,529.59,529.69,529.45,529.67,262230,3774,529.82
2024-05-28T10:10:00.000,529.68,529.7,529.365,529.37,262916,3713,529.81
2024-05-28T10:15:00.000,529.38,529.86,529.22,529.65,430719,4953,529.78
2024-05-28T10:20:00.000,529.65,529.7,529.21,529.65,300045,11940,529.77
2024-05-28T10:25:00.000,529.6465,529.67,529.3627,529.56,281268,9658,529.76
2024-05-28T10:30:00.000,529.54,529.805,529.44,529.5601,257378,10475,529.76
2024-05-28T10:35:00.000,529.56,529.63,529.16,529.21,316101,8005,529.74
2024-05-28T10:40:00.000,529.21,529.8,529.16,529.765,280151,3486,529.73
2024-05-28T10:45:00.000,529.74,530.0499,529.71,529.93,251761,3371,529.74
2024-05-28T10:50:00.000,529.98,530.16,529.814,529.85,270961,2685,529.74
2024-05-28T10:55:00.000,529.8687,529.96,529.755,529.9179,174279,2694,529.74
2024-05-28T11:00:00.000,529.91,529.96,529.435,529.4687,309156,3736,529.74
2024-05-28T11:05:00.000,529.45,529.625,529.361,529.5099,168483,2709,529.73
2024-05-28T11:10:00.000,529.51,529.87,529.47,529.77,199038,2862,529.73
2024-05-28T11:15:00.000,529.77,529.78,529.53,529.745,160817,2710,529.73
2024-05-28T11:20:00.000,529.75,529.89,529.71,529.88,188376,2789,529.73
2024-05-28T11:25:00.000,529.88,529.89,529.8,529.86,156353,2453,529.74
2024-05-28T11:30:00.000,529.87,530.1,529.66,529.71,167473,3240,529.74
2024-05-28T11:35:00.000,529.74,529.89,529.64,529.82,188170,2708,529.74
2024-05-28T11:40:00.000,529.8499,530.0501,529.81,529.93,129450,2584,529.74
2024-05-28T11:45:00.000,529.92,530.0699,529.87,529.95,106276,1991,529.74
2024-05-28T11:50:00.000,529.93,530.06,529.8934,529.965,125120,2208,529.75
2024-05-28T11:55:00.000,529.97,530.06,529.915,530.0004,81817,1806,529.75
2024-05-28T12:00:00.000,530.0,530.14,529.8913,529.8913,106368,2129,529.75
2024-05-28T12:05:00.000,529.89,529.96,529.77,529.9299,131070,2232,529.75
2024-05-28T12:10:00.000,529.92,530.295,529.895,530.268,186668,2747,529.76
2024-05-28T12:15:00.000,530.27,530.28,529.8,529.87,156105,2344,529.76
2024-05-28T12:20:00.000,529.86,529.9777,529.73,529.925,117848,2326,529.76
2024-05-28T12:25:00.000,529.925,529.93,529.65,529.805,143853,2376,529.76
2024-05-28T12:30:00.000,529.805,529.87,529.64,529.84,130964,2266,529.76
2024-05-28T12:35:00.000,529.835,530.1201,529.78,530.11,164199,2667,529.77
2024-05-28T12:40:00.000,530.11,530.2201,530.04,530.13,241761,2999,529.77
2024-05-28T12:45:00.000,530.13,530.25,529.86,529.9999,173485,2813,529.78
2024-05-28T12:50:00.000,530.0,530.19,529.965,530.06,150306,2242,529.78
2024-05-28T12:55:00.000,530.05,530.05,529.69,529.7375,187503,2925,529.78
2024-05-28T13:00:00.000,529.7574,529.93,529.15,529.3,417877,4883,529.77
2024-05-28T13:05:00.000,529.265,529.79,529.21,529.745,312423,3031,529.77
2024-05-28T13:10:00.000,529.75,529.88,529.66,529.8,224634,2438,529.77
2024-05-28T13:15:00.000,529.8,529.82,529.54,529.77,125420,1859,529.77
2024-05-28T13:20:00.000,529.755,529.81,529.49,529.58,133804,1952,529.77
2024-05-28T13:25:00.000,529.565,529.635,529.45,529.48,111663,1926,529.76
2024-05-28T13:30:00.000,529.475,529.76,529.29,529.7599,162828,3128,529.76
2024-05-28T13:35:00.000,529.745,529.85,529.675,529.81,201909,2737,529.76
2024-05-28T13:40:00.000,529.81,529.81,529.5,529.62,240049,2856,529.76
2024-05-28T13:45:00.000,529.625,529.63,529.07,529.0901,329742,3762,529.75
2024-05-28T13:50:00.000,529.095,529.16,528.51,528.72,627336,5657,529.71
2024-05-28T13:55:00.000,528.72,528.93,528.58,528.79,263939,3265,529.69
2024-05-28T14:00:00.000,528.78,529.11,528.552,529.11,551010,4303,529.66
2024-05-28T14:05:00.000,529.115,529.27,528.985,529.16,277043,2811,529.65
2024-05-28T14:10:00.000,529.16,529.35,529.03,529.13,208712,2671,529.64
2024-05-28T14:15:00.000,529.15,529.156,528.76,528.945,259682,3423,529.63
2024-05-28T14:20:00.000,528.93,528.97,528.5327,528.605,561651,3379,529.61
2024-05-28T14:25:00.000,528.575,528.6799,528.21,528.27,651069,6035,529.56
2024-05-28T14:30:00.000,528.26,528.27,527.58,527.62,828294,6361,529.5
2024-05-28T14:35:00.000,527.62,527.64,527.11,527.335,747375,6508,529.41
2024-05-28T14:40:00.000,527.35,527.8,527.33,527.48,441605,4394,529.36
2024-05-28T14:45:00.000,527.51,527.645,527.23,527.56,273865,3259,529.33
2024-05-28T14:50:00.000,527.55,527.67,527.28,527.64,242481,2663,529.31
2024-05-28T14:55:00.000,527.64,528.35,527.63,528.29,356778,3993,529.29
2024-05-28T15:00:00.000,528.29,528.49,528.1,528.18,350008,3678,529.27
2024-05-28T15:05:00.000,528.13,528.54,528.12,528.53,539818,3406,529.25
2024-05-28T15:10:00.000,528.53,528.54,528.0902,528.32,349464,3523,529.24
2024-05-28T15:15:00.000,528.31,528.535,528.06,528.44,249039,3146,529.23
2024-05-28T15:20:00.000,528.455,528.62,528.22,528.61,888398,3408,529.21
2024-05-28T15:25:00.000,528.62,528.98,528.3,528.35,341534,3745,529.21
2024-05-28T15:30:00.000,528.35,528.974,528.29,528.86,393656,4181,529.2
2024-05-28T15:35:00.000,528.85,529.1,528.67,528.79,447236,4118,529.19
2024-05-28T15:40:00.000,528.78,528.87,528.54,528.565,337681,3911,529.18
2024-05-28T15:45:00.000,528.55,528.81,528.42,528.48,458721,5159,529.17
2024-05-28T15:50:00.000,528.48,529.11,528.48,529.07,1245538,9658,529.16
2024-05-28T15:55:00.000,529.1,529.9,529.03,529.87,3639674,18610,529.2
2024-05-28T16:00:00.000,529.87,529.87,529.87,529.87,1516,1,529.2
2024-05-29T09:30:00.000,525.68,526.02,525.46,525.615,1214702,11981,525.72
2024-05-29T09:35:00.000,525.625,525.92,525.425,525.845,820010,7882,525.69
2024-05-29T09:40:00.000,525.85,525.88,525.43,525.515,640058,7291,525.67
2024-05-29T09:45:00.000,525.51,525.83,525.37,525.685,608063,7616,525.66
2024-05-29T09:50:00.000,525.6901,526.405,525.69,526.335,715960,7210,525.75
2024-05-29T09:55:00.000,526.33,526.42,526.13,526.205,393141,4799,525.79
2024-05-29T10:00:00.000,526.19,526.5437,526.01,526.2501,382501,4882,525.83
2024-05-29T10:05:00.000,526.33,526.51,526.01,526.2,475064,4984,525.87
2024-05-29T10:10:00.000,526.22,526.51,526.2,526.4,463856,7517,525.9
2024-05-29T10:15:00.000,526.425,526.6,526.41,526.49,413036,11499,525.94
2024-05-29T10:20:00.000,526.485,526.74,525.86,526.6901,582544,12956,525.98
2024-05-29T10:25:00.000,526.695,526.97,526.6,526.73,425213,10066,526.02
2024-05-29T10:30:00.000,526.756,527.06,526.756,526.8701,335685,4278,526.06
2024-05-29T10:35:00.000,526.9,527.305,526.9,527.2246,448893,5101,526.12
2024-05-29T10:40:00.000,527.225,527.23,526.91,526.93,373183,3850,526.16
2024-05-29T10:45:00.000,526.94,527.15,526.8099,527.09,366923,3563,526.19
2024-05-29T10:50:00.000,527.11,527.23,526.77,526.9199,215703,2986,526.21
2024-05-29T10:55:00.000,526.9,527.07,526.7,527.03,216692,2803,526.23
2024-05-29T11:00:00.000,527.02,527.07,526.65,526.7901,210356,2450,526.24
2024-05-29T11:05:00.000,526.79,526.83,526.34,526.34,225741,2890,526.25
2024-05-29T11:10:00.000,526.3488,526.44,526.06,526.15,245832,3060,526.25
2024-05-29T11:15:00.000,526.16,526.3199,526.03,526.251,284694,2908,526.24
2024-05-29T11:20:00.000,526.2613,526.61,526.25,526.61,264948,3022,526.25
2024-05-29T11:25:00.000,526.61,526.715,526.46,526.48,311947,2687,526.26
2024-05-29T11:30:00.000,526.48,526.48,526.151,526.27,284457,2697,526.26
2024-05-29T11:35:00.000,526.265,526.7099,526.235,526.555,274689,2849,526.27
2024-05-29T11:40:00.000,526.55,526.6,526.28,526.46,261118,2942,526.27
2024-05-29T11:45:00.000,526.45,526.45,526.17,526.3196,224921,2537,526.27
2024-05-29T11:50:00.000,526.3297,526.615,526.3,526.61,131448,2141,526.27
2024-05-29T11:55:00.000,526.605,526.725,526.41,526.6,244399,2766,526.28
2024-05-29T12:00:00.000,526.61,526.61,526.13,526.2699,595209,5183,526.28
2024-05-29T12:05:00.000,526.27,526.36,526.17,526.31,140071,1946,526.28
2024-05-29T12:10:00.000,526.31,526.36,526.01,526.035,423968,3791,526.28
2024-05-29T12:15:00.000,526.03,526.48,525.98,526.469,540745,4105,526.28
2024-05-29T12:20:00.000,526.48,526.74,526.45,526.665,252540,3153,526.28
2024-05-29T12:25:00.000,526.665,526.92,526.62,526.82,249060,3083,526.29
2024-05-29T12:30:00.000,526.82,526.92,526.62,526.85,261503,3133,526.3
2024-05-29T12:35:00.000,526.845,527.165,526.77,527.045,258724,3048,526.31
2024-05-29T12:40:00.000,527.05,527.0595,526.73,526.78,374142,3350,526.33
2024-05-29T12:45:00.000,526.77,527.07,526.76,526.94,233690,2605,526.34
2024-05-29T12:50:00.000,526.96,527.31,526.96,527.13,331183,3409,526.35
2024-05-29T12:55:00.000,527.13,527.275,527.03,527.0999,251543,2335,526.37
2024-05-29T13:00:00.000,527.1,527.1704,526.43,526.65,478233,4632,526.38
2024-05-29T13:05:00.000,526.6599,526.9,526.38,526.77,367302,3959,526.38
2024-05-29T13:10:00.000,526.76,526.86,526.45,526.49,164226,2242,526.38
2024-05-29T13:15:00.000,526.4799,526.59,526.34,526.4295,273697,2577,526.38
2024-05-29T13:20:00.000,526.425,526.73,526.38,526.6,243161,2404,526.39
2024-05-29T13:25:00.000,526.6,526.96,526.505,526.9301,304526,3024,526.39
2024-05-29T13:30:00.000,526.93,526.93,526.51,526.55,261006,3180,526.4
2024-05-29T13:35:00.000,526.54,526.59,526.19,526.385,353133,3766,526.4
2024-05-29T13:40:00.000,526.385,526.5099,526.17,526.315,240098,2502,526.4
2024-05-29T13:45:00.000,526.32,526.49,526.25,526.47,183271,2128,526.39
2024-05-29T13:50:00.000,526.47,527.14,526.45,527.1,436152,4378,526.41
2024-05-29T13:55:00.000,527.09,527.2,526.89,527.01,292587,2900,526.42
2024-05-29T14:00:00.000,527.03,527.14,526.84,527.01,328638,2930,526.43
2024-05-29T14:05:00.000,527.0,527.14,526.78,527.03,295560,2511,526.43
2024-05-29T14:10:00.000,527.05,527.12,526.825,526.97,201335,2105,526.44
2024-05-29T14:15:00.000,526.965,526.985,526.69,526.78,192894,2261,526.44
2024-05-29T14:20:00.000,526.77,526.87,526.65,526.8287,179534,2323,526.44
2024-05-29T14:25:00.000,526.85,526.914,526.59,526.59,255704,2606,526.45
2024-05-29T14:30:00.000,526.58,526.63,526.25,526.45,476506,2703,526.45
2024-05-29T14:35:00.000,526.49,526.57,526.22,526.305,281387,2561,526.45
2024-05-29T14:40:00.000,526.3,526.81,526.23,526.5799,319947,3239,526.45
2024-05-29T14:45:00.000,526.57,526.575,526.05,526.16,792819,4742,526.44
2024-05-29T14:50:00.000,526.155,526.319,526.0686,526.29,252049,2662,526.44
2024-05-29T14:55:00.000,526.29,526.42,526.07,526.165,265365,2833,526.44
2024-05-29T15:00:00.000,526.165,526.41,526.15,526.29,219972,2565,526.44
2024-05-29T15:05:00.000,526.28,526.44,526.08,526.185,274613,2970,526.43
2024-05-29T15:10:00.000,526.19,526.5,526.01,526.46,270192,3205,526.43
2024-05-29T15:15:00.000,526.47,526.56,526.34,526.47,813383,3139,526.43
2024-05-29T15:20:00.000,526.46,526.88,526.43,526.87,292119,3688,526.44
2024-05-29T15:25:00.000,526.875,527.19,526.78,526.86,787660,5709,526.45
2024-05-29T15:30:00.000,526.85,526.89,526.54,526.83,1250032,4595,526.45
2024-05-29T15:35:00.000,526.82,527.19,526.75,527.11,397384,4298,526.46
2024-05-29T15:40:00.000,527.1,527.1,526.62,526.705,530747,4802,526.47
2024-05-29T15:45:00.000,526.7,526.81,526.4,526.41,669854,6117,526.47
2024-05-29T15:50:00.000,526.41,526.52,525.73,525.805,1437693,11585,526.45
2024-05-29T15:55:00.000,525.81,526.13,525.56,526.11,5649787,20872,526.37
2024-05-29T16:00:00.000,526.11,526.11,526.11,526.11,100,1,526.37
2024-05-30T09:30:00.000,524.52,524.99,524.21,524.42,1170152,11240,524.57
2024-05-30T09:35:00.000,524.43,524.52,523.92,524.315,812594,8624,524.42
2024-05-30T09:40:00.000,524.315,524.63,524.26,524.38,457270,5261,524.43
2024-05-30T09:45:00.000,524.38,524.49,524.135,524.23,409901,4882,524.42
2024-05-30T09:50:00.000,524.23,524.56,524.09,524.48,276232,3798,524.41
2024-05-30T09:55:00.000,524.47,524.65,524.16,524.59,445148,4408,524.42
2024-05-30T10:00:00.000,524.61,524.769,524.21,524.7178,595612,5536,524.43
2024-05-30T10:05:00.000,524.72,524.82,524.37,524.42,353475,4722,524.45
2024-05-30T10:10:00.000,524.42,524.46,523.37,523.64,912327,13271,524.36
2024-05-30T10:15:00.000,523.634,523.92,523.46,523.7399,419439,11980,524.31
2024-05-30T10:20:00.000,523.7312,524.2899,523.69,524.08,487355,11979,524.29
2024-05-30T10:25:00.000,524.09,524.2,523.76,524.0,279491,7397,524.28
2024-05-30T10:30:00.000,523.98,524.08,523.56,523.6,312889,4201,524.25
2024-05-30T10:35:00.000,523.5924,523.83,523.29,523.39,508292,4537,524.21
2024-05-30T10:40:00.000,523.39,523.49,523.06,523.4,348252,4467,524.17
2024-05-30T10:45:00.000,523.4,523.64,523.34,523.525,349499,3960,524.14
2024-05-30T10:50:00.000,523.5401,523.7399,523.3,523.5111,340003,3801,524.11
2024-05-30T10:55:00.000,523.515,523.62,523.39,523.41,169686,2790,524.1
2024-05-30T11:00:00.000,523.38,523.6499,523.1,523.115,292284,4121,524.08
2024-05-30T11:05:00.000,523.1099,523.54,522.89,523.5099,317140,4939,524.05
2024-05-30T11:10:00.000,523.5,523.5772,523.35,523.39,162567,2600,524.04
2024-05-30T11:15:00.000,523.3901,523.89,523.35,523.86,348216,4261,524.02
2024-05-30T11:20:00.000,523.86,523.89,523.61,523.7259,240726,3394,524.02
2024-05-30T11:25:00.000,523.725,524.0,523.725,523.95,335948,3588,524.01
2024-05-30T11:30:00.000,523.945,524.37,523.88,524.33,385268,4523,524.02
2024-05-30T11:35:00.000,524.35,524.38,523.9299,524.1095,418430,4456,524.02
2024-05-30T11:40:00.000,524.1,524.305,523.935,523.9495,241719,3044,524.02
2024-05-30T11:45:00.000,523.95,524.08,523.84,523.86,306612,3474,524.02
2024-05-30T11:50:00.000,523.85,524.04,523.785,523.8699,165944,2238,524.02
2024-05-30T11:55:00.000,523.86,523.95,523.69,523.7,156703,2328,524.02
2024-05-30T12:00:00.000,523.715,524.21,523.695,524.17,298009,3352,524.02
2024-05-30T12:05:00.000,524.18,524.38,524.03,524.12,272399,3133,524.02
2024-05-30T12:10:00.000,524.13,524.26,524.0701,524.25,106161,2064,524.02
2024-05-30T12:15:00.000,524.265,524.44,524.2496,524.37,225543,2848,524.03
2024-05-30T12:20:00.000,524.38,524.54,524.14,524.3799,244037,3042,524.03
2024-05-30T12:25:00.000,524.37,524.4,523.98,524.04,163354,2150,524.03
2024-05-30T12:30:00.000,524.04,524.4351,523.94,524.4351,220525,2683,524.04
2024-05-30T12:35:00.000,524.43,524.58,524.34,524.42,153124,2300,524.04
2024-05-30T12:40:00.000,524.42,524.45,524.29,524.36,147392,2162,524.05
2024-05-30T12:45:00.000,524.36,524.6,524.285,524.325,224952,2656,524.05
2024-05-30T12:50:00.000,524.325,524.715,524.2475,524.5299,246701,3261,524.06
2024-05-30T12:55:00.000,524.53,524.669,524.45,524.669,243267,2946,524.07
2024-05-30T13:00:00.000,524.67,525.0,524.5099,524.5999,393211,4076,524.09
2024-05-30T13:05:00.000,524.59,524.93,524.58,524.78,481274,2675,524.1
2024-05-30T13:10:00.000,524.78,525.14,524.775,525.01,310329,3261,524.12
2024-05-30T13:15:00.000,525.015,525.07,524.7,524.73,245939,2984,524.13
2024-05-30T13:20:00.000,524.75,524.99,524.69,524.93,283574,3028,524.14
2024-05-30T13:25:00.000,524.945,524.965,524.82,524.965,111431,1851,524.15
2024-05-30T13:30:00.000,524.96,525.08,524.875,524.895,178294,2930,524.16
2024-05-30T13:35:00.000,524.895,525.05,524.78,524.9,355554,2298,524.16
2024-05-30T13:40:00.000,524.925,525.2,524.92,525.065,410165,2210,524.17
2024-05-30T13:45:00.000,525.06,525.13,524.74,524.775,181863,2434,524.18
2024-05-30T13:50:00.000,524.775,524.79,524.535,524.7201,282625,2741,524.19
2024-05-30T13:55:00.000,524.7299,524.7851,524.58,524.78,299784,2052,524.19
2024-05-30T14:00:00.000,524.78,524.83,524.435,524.45,200016,2858,524.2
2024-05-30T14:05:00.000,524.45,524.5899,524.36,524.54,203210,2297,524.2
2024-05-30T14:10:00.000,524.54,524.545,524.31,524.345,472206,2712,524.21
2024-05-30T14:15:00.000,524.35,524.39,523.6,524.23,528312,5536,524.2
2024-05-30T14:20:00.000,524.24,524.3498,523.8801,524.0899,222792,2609,524.2
2024-05-30T14:25:00.000,524.08,524.21,523.81,524.19,302000,3473,524.2
2024-05-30T14:30:00.000,524.18,524.45,524.14,524.22,240745,3064,524.2
2024-05-30T14:35:00.000,524.222,524.222,523.86,523.87,269814,2984,524.19
2024-05-30T14:40:00.000,523.87,524.03,523.79,523.92,264604,3118,524.19
2024-05-30T14:45:00.000,523.9299,524.12,523.75,523.8801,356272,3824,524.19
2024-05-30T14:50:00.000,523.88,524.16,523.85,523.8999,793450,2961,524.18
2024-05-30T14:55:00.000,523.9,524.1033,523.85,524.07,234981,2389,524.18
2024-05-30T15:00:00.000,524.07,524.22,523.775,523.85,421701,3793,524.18
2024-05-30T15:05:00.000,523.845,524.1,523.7,523.805,355723,3468,524.17
2024-05-30T15:10:00.000,523.8,523.9,523.6901,523.87,257606,2862,524.17
2024-05-30T15:15:00.000,523.86,524.03,523.73,523.77,285070,3250,524.16
2024-05-30T15:20:00.000,523.76,523.775,522.85,522.93,1170726,7050,524.14
2024-05-30T15:25:00.000,522.92,523.42,522.86,523.3805,971223,6161,524.11
2024-05-30T15:30:00.000,523.38,523.57,522.83,522.9451,1158006,6128,524.08
2024-05-30T15:35:00.000,522.94,522.96,522.5,522.67,745709,7142,524.04
2024-05-30T15:40:00.000,522.6602,522.81,522.35,522.54,996004,6962,524.0
2024-05-30T15:45:00.000,522.52,522.52,521.35,521.5938,1609111,13473,523.89
2024-05-30T15:50:00.000,521.59,522.77,521.33,522.63,2359577,16479,523.78
2024-05-30T15:55:00.000,522.67,523.1703,522.3,522.63,4524115,26833,523.64
2024-05-30T16:00:00.000,0.0,0.0,0.0,0.0,74,1,523.64
2024-05-31T09:30:00.000,523.59,523.95,523.36,523.5311,1036050,10029,523.61
2024-05-31T09:35:00.000,523.55,524.46,523.55,524.4599,744595,6746,523.81
2024-05-31T09:40:00.000,524.46,524.81,524.35,524.62,607372,5885,524.0
2024-05-31T09:45:00.000,524.63,524.7,523.45,523.76,586682,5889,524.0
2024-05-31T09:50:00.000,523.77,523.82,523.1205,523.13,527285,5026,523.9
2024-05-31T09:55:00.000,523.15,523.39,522.94,523.15,408548,4264,523.83
2024-05-31T10:00:00.000,523.14,523.2,522.48,523.06,666574,7137,523.68
2024-05-31T10:05:00.000,523.0475,523.21,522.889,523.04,311153,3811,523.64
2024-05-31T10:10:00.000,523.06,523.07,521.89,521.9701,488159,8334,523.54
2024-05-31T10:15:00.000,521.97,522.12,521.5,521.64,815605,14025,523.32
2024-05-31T10:20:00.000,521.64,521.9,520.86,520.955,760756,14360,523.11
2024-05-31T10:25:00.000,520.955,521.55,520.955,521.105,687899,15230,522.95
2024-05-31T10:30:00.000,521.09,521.1,520.38,520.59,945724,9466,522.7
2024-05-31T10:35:00.000,520.585,520.86,520.32,520.82,856309,8138,522.5
2024-05-31T10:40:00.000,520.81,520.84,520.345,520.47,746110,6018,522.41
2024-05-31T10:45:00.000,520.45,520.75,520.27,520.375,571918,6382,522.31
2024-05-31T10:50:00.000,520.375,520.53,520.23,520.4099,383679,4801,522.24
2024-05-31T10:55:00.000,520.41,521.15,520.35,520.87,587757,5916,522.17
2024-05-31T11:00:00.000,520.88,520.94,520.18,520.35,420798,5373,522.12
2024-05-31T11:05:00.000,520.36,520.58,520.13,520.505,391186,4606,522.06
2024-05-31T11:10:00.000,520.5,520.69,520.29,520.54,427764,4596,522.01
2024-05-31T11:15:00.000,520.53,520.67,520.1,520.14,518285,5357,521.94
2024-05-31T11:20:00.000,520.13,520.41,520.03,520.295,433730,4414,521.88
2024-05-31T11:25:00.000,520.295,520.3,520.032,520.15,538497,3265,521.85
2024-05-31T11:30:00.000,520.12,520.12,519.62,519.9572,746632,8846,521.75
2024-05-31T11:35:00.000,519.94,520.2399,519.81,519.83,619761,4328,521.71
2024-05-31T11:40:00.000,519.82,520.15,519.82,519.92,336758,4079,521.68
2024-05-31T11:45:00.000,519.87,520.16,519.87,519.9401,204938,2831,521.66
2024-05-31T11:50:00.000,519.95,520.11,519.7,519.705,347051,3561,521.62
2024-05-31T11:55:00.000,519.7095,519.8,519.58,519.69,502537,4315,521.56
2024-05-31T12:00:00.000,519.69,519.79,519.2512,519.41,853092,5428,521.49
2024-05-31T12:05:00.000,519.42,519.5,519.255,519.32,609265,3382,521.44
2024-05-31T12:10:00.000,519.32,519.42,519.05,519.05,534804,4368,521.39
2024-05-31T12:15:00.000,519.08,519.13,518.71,518.79,531821,5869,521.32
2024-05-31T12:20:00.000,518.78,518.92,518.36,518.9,893151,5917,521.22
2024-05-31T12:25:00.000,518.885,518.92,518.68,518.81,421828,4047,521.17
2024-05-31T12:30:00.000,518.8,519.09,518.76,518.965,374957,3908,521.13
2024-05-31T12:35:00.000,518.96,519.2,518.72,519.2,411631,4496,521.08
2024-05-31T12:40:00.000,519.2,519.455,519.0801,519.3295,689038,5518,521.02
2024-05-31T12:45:00.000,519.325,519.52,519.14,519.26,449448,3973,520.99
2024-05-31T12:50:00.000,519.27,519.44,519.02,519.3299,204869,2629,520.97
2024-05-31T12:55:00.000,519.33,519.56,519.26,519.53,251246,2948,520.95
2024-05-31T13:00:00.000,519.53,519.94,519.52,519.81,468085,4542,520.93
2024-05-31T13:05:00.000,519.8,520.0899,519.735,520.05,390564,3956,520.91
2024-05-31T13:10:00.000,520.045,520.35,520.04,520.29,276609,2905,520.9
2024-05-31T13:15:00.000,520.28,520.56,520.27,520.4401,530454,4981,520.89
2024-05-31T13:20:00.000,520.44,520.7001,520.355,520.68,279646,3174,520.89
2024-05-31T13:25:00.000,520.685,520.935,520.67,520.815,320288,3694,520.89
2024-05-31T13:30:00.000,520.82,521.02,520.69,520.7777,476180,5125,520.89
2024-05-31T13:35:00.000,520.77,520.8513,520.55,520.565,497572,4255,520.88
2024-05-31T13:40:00.000,520.565,520.79,520.45,520.745,510610,3644,520.88
2024-05-31T13:45:00.000,520.74,520.97,520.698,520.905,551798,2969,520.88
2024-05-31T13:50:00.000,520.91,521.04,520.52,520.589,344710,3588,520.88
2024-05-31T13:55:00.000,520.585,520.8699,520.585,520.85,353669,3113,520.87
2024-05-31T14:00:00.000,520.86,520.895,520.64,520.665,320139,3414,520.87
2024-05-31T14:05:00.000,520.6525,520.89,520.58,520.79,442319,4265,520.87
2024-05-31T14:10:00.000,520.795,521.25,520.74,520.95,710212,4769,520.87
2024-05-31T14:15:00.000,520.95,521.295,520.95,521.25,369815,3362,520.88
2024-05-31T14:20:00.000,521.24,521.24,521.06,521.16,279573,2979,520.88
2024-05-31T14:25:00.000,521.1651,521.23,520.74,520.7799,284736,3192,520.88
2024-05-31T14:30:00.000,520.78,520.95,520.59,520.7,846347,3344,520.88
2024-05-31T14:35:00.000,520.7,521.105,520.7,521.06,460268,3230,520.88
2024-05-31T14:40:00.000,521.05,521.75,521.0,521.7025,610295,5463,520.89
2024-05-31T14:45:00.000,521.71,521.8,521.3,521.38,533456,4686,520.9
2024-05-31T14:50:00.000,521.37,521.42,520.87,521.04,296026,3454,520.9
2024-05-31T14:55:00.000,521.036,521.57,521.01,521.47,393716,3968,520.91
2024-05-31T15:00:00.000,521.465,521.54,521.035,521.37,402263,4126,520.91
2024-05-31T15:05:00.000,521.37,521.98,521.3699,521.9,663375,5487,520.93
2024-05-31T15:10:00.000,521.89,522.22,521.81,522.14,590403,5558,520.95
2024-05-31T15:15:00.000,522.13,522.25,521.89,522.16,645213,4765,520.97
2024-05-31T15:20:00.000,522.1699,522.555,522.1303,522.535,697598,5639,521.0
2024-05-31T15:25:00.000,522.54,522.75,522.245,522.25,1350065,6557,521.04
2024-05-31T15:30:00.000,522.24,522.66,522.0,522.47,1142266,7340,521.07
2024-05-31T15:35:00.000,522.47,522.66,522.416,522.59,751673,6242,521.1
2024-05-31T15:40:00.000,522.59,523.92,522.47,523.81,1418897,11203,521.19
2024-05-31T15:45:00.000,523.82,524.69,523.74,524.665,2046109,13929,521.33
2024-05-31T15:50:00.000,524.67,526.16,524.56,525.845,6098944,31715,521.87
2024-05-31T15:55:00.000,525.84,527.5,525.73,527.34,14384185,56638,522.92
2024-05-31T16:00:00.000,527.35,527.35,527.35,527.35,103,1,522.92
