timestamp,open,high,low,close,volume,count,vwap
2026-03-01T09:30:00.000,0.0,0.0,0.0,0.0,0,0,0.0
2026-03-01T09:35:00.000,0.0,0.0,0.0,0.0,0,0,0.0
2026-03-01T09:40:00.000,0.0,0.0,0.0,0.0,0,0,0.0
2026-03-01T09:45:00.000,0.0,0.0,0.0,0.0,0,0,0.0
2026-03-01T09:50:00.000,0.0,0.0,0.0,0.0,0,0,0.0
2026-03-01T09:55:00.000,0.0,0.0,0.0,0.0,0,0,0.0
2026-03-01T10:00:00.000,0.0,0.0,0.0,0.0,0,0,0.0
2026-03-01T10:05:00.000,0.0,0.0,0.0,0.0,0,0,0.0
2026-03-01T10:10:00.000,0.0,0.0,0.0,0.0,0,0,0.0
2026-03-01T10:15:00.000,0.0,0.0,0.0,0.0,0,0,0.0
2026-03-01T10:20:00.000,0.0,0.0,0.0,0.0,0,0,0.0
2026-03-01T10:25:00.000,0.0,0.0,0.0,0.0,0,0,0.0
2026-03-01T10:30:00.000,0.0,0.0,0.0,0.0,0,0,0.0
2026-03-01T10:35:00.000,0.0,0.0,0.0,0.0,0,0,0.0
2026-03-01T10:40:00.000,0.0,0.0,0.0,0.0,0,0,0.0
2026-03-01T10:45:00.000,0.0,0.0,0.0,0.0,0,0,0.0
2026-03-01T10:50:00.000,0.0,0.0,0.0,0.0,0,0,0.0
2026-03-01T10:55:00.000,0.0,0.0,0.0,0.0,0,0,0.0
2026-03-01T11:00:00.000,0.0,0.0,0.0,0.0,0,0,0.0
2026-03-01T11:05:00.000,0.0,0.0,0.0,0.0,0,0,0.0
2026-03-01T11:10:00.000,0.0,0.0,0.0,0.0,0,0,0.0
2026-03-01T11:15:00.000,0.0,0.0,0.0,0.0,0,0,0.0
2026-03-01T11:20:00.000,0.0,0.0,0.0,0.0,0,0,0.0
2026-03-01T11:25:00.000,0.0,0.0,0.0,0.0,0,0,0.0
2026-03-01T11:30:00.000,0.0,0.0,0.0,0.0,0,0,0.0
2026-03-01T11:35:00.000,0.0,0.0,0.0,0.0,0,0,0.0
2026-03-01T11:40:00.000,0.0,0.0,0.0,0.0,0,0,0.0
2026-03-01T11:45:00.000,0.0,0.0,0.0,0.0,0,0,0.0
2026-03-01T11:50:00.000,0.0,0.0,0.0,0.0,0,0,0.0
2026-03-01T11:55:00.000,0.0,0.0,0.0,0.0,0,0,0.0
2026-03-01T12:00:00.000,0.0,0.0,0.0,0.0,0,0,0.0
2026-03-01T12:05:00.000,0.0,0.0,0.0,0.0,0,0,0.0
2026-03-01T12:10:00.000,0.0,0.0,0.0,0.0,0,0,0.0
2026-03-01T12:15:00.000,0.0,0.0,0.0,0.0,0,0,0.0
2026-03-01T12:20:00.000,0.0,0.0,0.0,0.0,0,0,0.0
2026-03-01T12:25:00.000,0.0,0.0,0.0,0.0,0,0,0.0
2026-03-01T12:30:00.000,0.0,0.0,0.0,0.0,0,0,0.0
2026-03-01T12:35:00.000,0.0,0.0,0.0,0.0,0,0,0.0
2026-03-01T12:40:00.000,0.0,0.0,0.0,0.0,0,0,0.0
2026-03-01T12:45:00.000,0.0,0.0,0.0,0.0,0,0,0.0
2026-03-01T12:50:00.000,0.0,0.0,0.0,0.0,0,0,0.0
2026-03-01T12:55:00.000,0.0,0.0,0.0,0.0,0,0,0.0
2026-03-01T13:00:00.000,0.0,0.0,0.0,0.0,0,0,0.0
2026-03-01T13:05:00.000,0.0,0.0,0.0,0.0,0,0,0.0
2026-03-01T13:10:00.000,0.0,0.0,0.0,0.0,0,0,0.0
2026-03-01T13:15:00.000,0.0,0.0,0.0,0.0,0,0,0.0
2026-03-01T13:20:00.000,0.0,0.0,0.0,0.0,0,0,0.0
2026-03-01T13:25:00.000,0.0,0.0,0.0,0.0,0,0,0.0
2026-03-01T13:30:00.000,0.0,0.0,0.0,0.0,0,0,0.0
2026-03-01T13:35:00.000,0.0,0.0,0.0,0.0,0,0,0.0
2026-03-01T13:40:00.000,0.0,0.0,0.0,0.0,0,0,0.0
2026-03-01T13:45:00.000,0.0,0.0,0.0,0.0,0,0,0.0
2026-03-01T13:50:00.000,0.0,0.0,0.0,0.0,0,0,0.0
2026-03-01T13:55:00.000,0.0,0.0,0.0,0.0,0,0,0.0
2026-03-01T14:00:00.000,0.0,0.0,0.0,0.0,0,0,0.0
2026-03-01T14:05:00.000,0.0,0.0,0.0,0.0,0,0,0.0
2026-03-01T14:10:00.000,0.0,0.0,0.0,0.0,0,0,0.0
2026-03-01T14:15:00.000,0.0,0.0,0.0,0.0,0,0,0.0
2026-03-01T14:20:00.000,0.0,0.0,0.0,0.0,0,0,0.0
2026-03-01T14:25:00.000,0.0,0.0,0.0,0.0,0,0,0.0
2026-03-01T14:30:00.000,0.0,0.0,0.0,0.0,0,0,0.0
2026-03-01T14:35:00.000,0.0,0.0,0.0,0.0,0,0,0.0
2026-03-01T14:40:00.000,0.0,0.0,0.0,0.0,0,0,0.0
2026-03-01T14:45:00.000,0.0,0.0,0.0,0.0,0,0,0.0
2026-03-01T14:50:00.000,0.0,0.0,0.0,0.0,0,0,0.0
2026-03-01T14:55:00.000,0.0,0.0,0.0,0.0,0,0,0.0
2026-03-01T15:00:00.000,0.0,0.0,0.0,0.0,0,0,0.0
2026-03-01T15:05:00.000,0.0,0.0,0.0,0.0,0,0,0.0
2026-03-01T15:10:00.000,0.0,0.0,0.0,0.0,0,0,0.0
2026-03-01T15:15:00.000,0.0,0.0,0.0,0.0,0,0,0.0
2026-03-01T15:20:00.000,0.0,0.0,0.0,0.0,0,0,0.0
2026-03-01T15:25:00.000,0.0,0.0,0.0,0.0,0,0,0.0
2026-03-01T15:30:00.000,0.0,0.0,0.0,0.0,0,0,0.0
2026-03-01T15:35:00.000,0.0,0.0,0.0,0.0,0,0,0.0
2026-03-01T15:40:00.000,0.0,0.0,0.0,0.0,0,0,0.0
2026-03-01T15:45:00.000,0.0,0.0,0.0,0.0,0,0,0.0
2026-03-01T15:50:00.000,0.0,0.0,0.0,0.0,0,0,0.0
2026-03-01T15:55:00.000,0.0,0.0,0.0,0.0,0,0,0.0
2026-03-01T16:00:00.000,0.0,0.0,0.0,0.0,0,0,0.0
2026-03-02T09:30:00.000,678.7,681.48,678.02,681.2,2873054,35529,679.8
2026-03-02T09:35:00.000,681.21,682.46,680.83,681.0088,2294946,32069,680.62
2026-03-02T09:40:00.000,680.995,682.3386,680.98,682.08,1257038,18153,680.82
2026-03-02T09:45:00.000,682.07,683.37,681.7514,683.22,1706146,18905,681.19
2026-03-02T09:50:00.000,683.23,683.31,681.88,682.51,1633342,20967,681.42
2026-03-02T09:55:00.000,682.51,683.11,681.97,683.0,1022067,15597,681.54
2026-03-02T10:00:00.000,682.95,684.46,681.96,684.24,1614643,25136,681.79
2026-03-02T10:05:00.000,684.26,684.94,683.89,684.21,1627969,23147,682.11
2026-03-02T10:10:00.000,684.22,685.325,684.21,684.9197,1612148,23758,682.4
2026-03-02T10:15:00.000,684.935,685.36,684.32,684.65,1424172,21837,682.6
2026-03-02T10:20:00.000,684.615,684.83,683.49,684.14,1297224,20360,682.72
2026-03-02T10:25:00.000,684.14,684.42,683.07,683.43,1021747,16369,682.77
2026-03-02T10:30:00.000,683.42,683.87,682.55,682.97,983392,15839,682.78
2026-03-02T10:35:00.000,682.99,683.979,682.42,683.93,1012764,14546,682.8
2026-03-02T10:40:00.000,683.92,684.33,683.45,684.3,742348,10715,682.84
2026-03-02T10:45:00.000,684.33,684.84,683.76,684.12,1043352,14471,682.9
2026-03-02T10:50:00.000,684.13,684.52,683.27,683.36,729093,12474,682.93
2026-03-02T10:55:00.000,683.36,684.3,683.16,684.21,775260,9684,682.95
2026-03-02T11:00:00.000,684.19,684.7,683.63,684.68,846388,10895,682.99
2026-03-02T11:05:00.000,684.67,685.58,684.42,685.5,848692,12183,683.05
2026-03-02T11:10:00.000,685.51,685.67,685.16,685.3,1181875,16509,683.16
2026-03-02T11:15:00.000,685.3,685.34,684.6625,684.73,549081,9064,683.2
2026-03-02T11:20:00.000,684.7,684.93,684.4,684.65,568921,8169,683.22
2026-03-02T11:25:00.000,684.645,684.74,682.95,683.22,1541395,20884,683.24
2026-03-02T11:30:00.000,683.22,683.96,682.92,683.83,903563,13460,683.24
2026-03-02T11:35:00.000,683.86,685.18,683.52,685.14,764785,11242,683.27
2026-03-02T11:40:00.000,685.15,686.525,685.12,686.44,1356826,16883,683.38
2026-03-02T11:45:00.000,686.45,686.97,686.31,686.475,1058510,15320,683.49
2026-03-02T11:50:00.000,686.475,686.5565,685.99,686.12,924435,14040,683.56
2026-03-02T11:55:00.000,686.12,686.52,685.91,686.235,552095,9397,683.6
2026-03-02T12:00:00.000,686.24,686.4,685.85,686.32,521606,8636,683.64
2026-03-02T12:05:00.000,686.3,686.62,685.88,686.11,504036,8031,683.68
2026-03-02T12:10:00.000,686.11,686.41,685.71,686.365,587506,9454,683.71
2026-03-02T12:15:00.000,686.37,687.09,686.325,687.04,555854,8851,683.76
2026-03-02T12:20:00.000,687.04,687.19,686.69,687.03,611667,9162,683.81
2026-03-02T12:25:00.000,687.04,687.05,686.454,686.4837,492117,7459,683.85
2026-03-02T12:30:00.000,686.48,686.73,686.09,686.11,432036,7701,683.88
2026-03-02T12:35:00.000,686.11,686.69,686.08,686.265,314729,5656,683.9
2026-03-02T12:40:00.000,686.27,686.88,686.15,686.69,433333,7456,683.93
2026-03-02T12:45:00.000,686.7,687.0,686.555,686.82,430263,7551,683.96
2026-03-02T12:50:00.000,686.82,687.31,686.65,687.145,490181,7821,683.99
2026-03-02T12:55:00.000,687.131,687.31,686.71,687.2199,418185,7086,684.02
2026-03-02T13:00:00.000,687.22,687.42,687.09,687.22,363726,5389,684.05
2026-03-02T13:05:00.000,687.25,687.41,686.93,686.93,297347,4821,684.07
2026-03-02T13:10:00.000,686.925,687.0969,686.83,687.01,322533,5468,684.1
2026-03-02T13:15:00.000,686.99,687.02,686.54,686.56,296580,5631,684.11
2026-03-02T13:20:00.000,686.57,686.6,686.1002,686.43,418372,7673,684.14
2026-03-02T13:25:00.000,686.42,686.87,686.24,686.72,331182,5689,684.16
2026-03-02T13:30:00.000,686.75,686.84,686.435,686.56,361329,6911,684.18
2026-03-02T13:35:00.000,686.56,686.565,686.07,686.2,403085,7566,684.19
2026-03-02T13:40:00.000,686.2,686.335,685.785,686.25,497478,8642,684.21
2026-03-02T13:45:00.000,686.22,686.235,685.3099,685.83,536250,8699,684.23
2026-03-02T13:50:00.000,685.82,686.01,685.5299,685.72,343651,6573,684.24
2026-03-02T13:55:00.000,685.73,685.75,685.225,685.28,658869,7926,684.26
2026-03-02T14:00:00.000,685.27,685.74,685.19,685.66,620731,10030,684.27
2026-03-02T14:05:00.000,685.66,686.48,685.52,686.44,512544,7945,684.29
2026-03-02T14:10:00.000,686.45,686.99,686.39,686.93,665939,9825,684.32
2026-03-02T14:15:00.000,686.93,687.79,686.93,687.68,1021915,13510,684.39
2026-03-02T14:20:00.000,687.675,688.21,687.625,687.7,844059,11912,684.46
2026-03-02T14:25:00.000,687.6923,688.28,687.55,688.2,563946,7800,684.5
2026-03-02T14:30:00.000,688.21,688.5499,688.13,688.37,846281,11024,684.56
2026-03-02T14:35:00.000,688.36,688.62,688.24,688.255,648845,8947,684.61
2026-03-02T14:40:00.000,688.25,688.45,687.97,688.06,499536,7329,684.65
2026-03-02T14:45:00.000,688.06,688.41,688.04,688.26,358313,5654,684.67
2026-03-02T14:50:00.000,688.26,688.53,688.1,688.4601,342896,5599,684.7
2026-03-02T14:55:00.000,688.46,688.52,688.14,688.195,448518,6473,684.73
2026-03-02T15:00:00.000,688.19,688.33,687.875,688.025,571465,8583,684.76
2026-03-02T15:05:00.000,688.04,688.16,685.96,686.188,2559292,31929,684.86
2026-03-02T15:10:00.000,686.19,686.22,685.12,685.26,2572760,30665,684.89
2026-03-02T15:15:00.000,685.26,686.58,684.89,686.04,2116083,25362,684.93
2026-03-02T15:20:00.000,686.07,686.3,685.4405,685.63,1128568,16208,684.94
2026-03-02T15:25:00.000,685.63,686.05,685.24,685.35,1070390,13708,684.95
2026-03-02T15:30:00.000,685.35,686.09,685.2,686.02,753887,10692,684.96
2026-03-02T15:35:00.000,686.02,686.41,685.62,686.09,866943,12064,684.98
2026-03-02T15:40:00.000,686.09,686.295,685.56,686.23,760091,11794,684.99
2026-03-02T15:45:00.000,686.22,686.68,685.965,686.33,1324835,17237,685.02
2026-03-02T15:50:00.000,686.34,686.76,685.98,686.74,1952267,23902,685.05
2026-03-02T15:55:00.000,686.76,687.31,686.325,686.37,7032971,49006,685.19
2026-03-02T16:00:00.000,686.35,686.35,686.35,686.35,460,3,685.19
2026-03-03T09:30:00.000,675.06,676.44,674.44,674.54,4160583,53743,675.66
2026-03-03T09:35:00.000,674.55,677.1,674.125,675.76,2703560,39946,675.7
2026-03-03T09:40:00.000,675.76,675.995,673.22,673.44,1851642,29229,675.45
2026-03-03T09:45:00.000,673.44,674.8,672.46,672.47,2671968,34841,675.04
2026-03-03T09:50:00.000,672.49,673.9291,672.25,673.28,2450418,34218,674.7
2026-03-03T09:55:00.000,673.26,673.48,671.95,672.38,1508486,24383,674.49
2026-03-03T10:00:00.000,672.36,673.93,671.78,672.18,2403041,35366,674.25
2026-03-03T10:05:00.000,672.16,673.24,671.63,672.35,1958663,27460,674.08
2026-03-03T10:10:00.000,672.35,673.56,671.69,672.64,1921636,30150,673.95
2026-03-03T10:15:00.000,672.62,672.95,670.88,671.06,2740852,34285,673.74
2026-03-03T10:20:00.000,671.06,671.11,669.87,670.45,2080988,34368,673.46
2026-03-03T10:25:00.000,670.45,670.62,669.66,669.85,1915268,27631,673.23
2026-03-03T10:30:00.000,669.85,671.8744,669.78,671.03,2044060,33721,673.07
2026-03-03T10:35:00.000,671.05,672.23,670.82,671.7,1243777,21269,673.01
2026-03-03T10:40:00.000,671.68,672.5,670.96,671.23,2181153,26389,672.95
2026-03-03T10:45:00.000,671.23,672.17,670.73,671.3099,1223989,22213,672.89
2026-03-03T10:50:00.000,671.26,671.6,670.34,670.61,1099594,20237,672.83
2026-03-03T10:55:00.000,670.6,672.11,670.53,671.98,1413442,24859,672.77
2026-03-03T11:00:00.000,671.96,673.55,671.75,673.46,1562700,24949,672.76
2026-03-03T11:05:00.000,673.47,674.92,673.42,674.54,1680012,25744,672.83
2026-03-03T11:10:00.000,674.57,675.28,674.24,675.03,1064399,16665,672.88
2026-03-03T11:15:00.000,675.03,676.17,675.0,675.28,1235229,19292,672.96
2026-03-03T11:20:00.000,675.29,676.395,674.98,676.35,1360198,20997,673.05
2026-03-03T11:25:00.000,676.33,676.58,675.8,676.02,1113613,16850,673.13
2026-03-03T11:30:00.000,676.0,676.08,674.66,675.79,1066109,17178,673.18
2026-03-03T11:35:00.000,675.78,676.57,675.55,676.08,1142437,11111,673.22
2026-03-03T11:40:00.000,676.0553,676.85,675.26,676.68,1102372,19056,673.29
2026-03-03T11:45:00.000,676.69,678.45,676.6306,677.6,1836398,27979,673.46
2026-03-03T11:50:00.000,677.6,677.97,677.23,677.92,847838,13398,673.53
2026-03-03T11:55:00.000,677.95,678.29,677.36,677.56,797952,10994,673.6
2026-03-03T12:00:00.000,677.57,677.92,676.79,677.44,837054,15630,673.66
2026-03-03T12:05:00.000,677.44,677.83,676.65,676.7699,701095,13292,673.71
2026-03-03T12:10:00.000,676.8,677.17,676.37,677.11,562528,10811,673.74
2026-03-03T12:15:00.000,677.13,677.7,676.65,677.58,449378,8895,673.77
2026-03-03T12:20:00.000,677.58,678.28,676.91,678.27,625887,10754,673.82
2026-03-03T12:25:00.000,678.28,678.49,677.74,678.32,611258,9442,673.87
2026-03-03T12:30:00.000,678.32,678.36,676.315,676.5,812977,13050,673.92
2026-03-03T12:35:00.000,676.51,677.12,676.08,676.78,622216,10908,673.95
2026-03-03T12:40:00.000,676.78,678.41,676.74,678.29,613795,10310,673.99
2026-03-03T12:45:00.000,678.26,678.474,677.68,678.26,616604,9857,674.03
2026-03-03T12:50:00.000,678.27,678.31,676.905,677.07,673993,11272,674.08
2026-03-03T12:55:00.000,677.05,677.75,676.88,677.42,412386,7716,674.1
2026-03-03T13:00:00.000,677.39,678.78,677.38,678.42,597116,9262,674.14
2026-03-03T13:05:00.000,678.45,678.91,678.17,678.81,398076,7166,674.17
2026-03-03T13:10:00.000,678.81,678.89,677.62,678.07,520045,9832,674.21
2026-03-03T13:15:00.000,678.0901,678.82,678.04,678.66,377704,6833,674.23
2026-03-03T13:20:00.000,678.65,680.08,678.62,680.04,986819,13858,674.32
2026-03-03T13:25:00.000,680.04,680.43,679.67,679.82,973387,13124,674.41
2026-03-03T13:30:00.000,679.82,680.78,679.67,680.56,691917,10506,674.48
2026-03-03T13:35:00.000,680.55,681.35,680.25,681.33,965897,12705,674.58
2026-03-03T13:40:00.000,681.35,681.87,680.86,681.085,1372156,16312,674.71
2026-03-03T13:45:00.000,681.1,681.48,680.45,681.41,1033563,11633,674.79
2026-03-03T13:50:00.000,681.41,681.91,681.21,681.43,939921,11998,674.87
2026-03-03T13:55:00.000,681.4,681.58,680.93,681.26,495476,7755,674.92
2026-03-03T14:00:00.000,681.24,681.47,680.77,681.22,743073,10775,674.99
2026-03-03T14:05:00.000,681.22,681.34,679.98,680.08,812209,12260,675.06
2026-03-03T14:10:00.000,680.09,680.67,679.665,680.58,912701,13971,675.13
2026-03-03T14:15:00.000,680.59,681.1609,680.47,680.98,474949,7525,675.17
2026-03-03T14:20:00.000,681.0,681.52,680.95,680.98,492544,7685,675.21
2026-03-03T14:25:00.000,680.94,681.09,680.4,680.5,423688,7656,675.25
2026-03-03T14:30:00.000,680.5,680.72,679.45,679.66,701107,11601,675.29
2026-03-03T14:35:00.000,679.65,681.82,679.275,681.0,1808120,26138,675.43
2026-03-03T14:40:00.000,681.01,682.0,680.78,681.94,1009162,14628,675.52
2026-03-03T14:45:00.000,681.955,682.61,681.84,682.03,1472989,15398,675.63
2026-03-03T14:50:00.000,682.03,682.4,680.85,681.42,1039865,14920,675.71
2026-03-03T14:55:00.000,681.43,681.53,680.67,681.233,643533,10120,675.76
2026-03-03T15:00:00.000,681.25,681.95,680.87,681.19,770667,12466,675.81
2026-03-03T15:05:00.000,681.16,681.59,680.75,681.48,630766,11345,675.85
2026-03-03T15:10:00.000,681.46,681.79,680.73,680.745,697380,9710,675.9
2026-03-03T15:15:00.000,680.72,681.08,680.18,680.49,1102237,14760,675.97
2026-03-03T15:20:00.000,680.5,681.01,680.31,680.705,804432,10711,676.02
2026-03-03T15:25:00.000,680.715,681.305,680.16,681.05,810565,11437,676.06
2026-03-03T15:30:00.000,681.04,681.32,680.77,680.8,795604,11644,676.11
2026-03-03T15:35:00.000,680.81,681.51,680.29,680.57,977294,14478,676.17
2026-03-03T15:40:00.000,680.59,680.84,680.2,680.45,926690,12629,676.22
2026-03-03T15:45:00.000,680.44,680.77,680.0,680.48,1363718,16934,676.28
2026-03-03T15:50:00.000,680.47,680.64,679.21,680.09,1834795,26520,676.35
2026-03-03T15:55:00.000,680.08,680.41,679.755,680.27,3335804,34949,676.47
2026-03-03T16:00:00.000,680.27,680.27,680.27,680.27,4410,1,676.47
2026-03-04T09:30:00.000,681.63,683.518,681.4,682.8,2018543,24917,682.48
2026-03-04T09:35:00.000,682.82,682.91,680.74,680.99,1568303,22875,682.05
2026-03-04T09:40:00.000,681.02,681.04,680.02,680.21,1155750,17327,681.66
2026-03-04T09:45:00.000,680.2,681.73,679.62,680.86,1053883,16269,681.46
2026-03-04T09:50:00.000,680.86,681.7475,680.25,681.47,707738,12479,681.41
2026-03-04T09:55:00.000,681.5,681.58,680.74,681.303,566386,8642,681.38
2026-03-04T10:00:00.000,681.41,682.67,680.87,681.58,1308238,19691,681.47
2026-03-04T10:05:00.000,681.56,683.3,681.37,683.11,853231,12489,681.55
2026-03-04T10:10:00.000,683.15,683.76,682.5,683.21,878149,14260,681.7
2026-03-04T10:15:00.000,683.27,684.52,683.15,684.45,1126476,15784,681.91
2026-03-04T10:20:00.000,684.46,685.57,684.27,685.535,1520416,22784,682.29
2026-03-04T10:25:00.000,685.525,686.27,685.115,686.15,1555045,22241,682.67
2026-03-04T10:30:00.000,686.14,686.31,685.35,685.37,1400042,19632,682.96
2026-03-04T10:35:00.000,685.37,685.52,684.52,684.62,1066793,17080,683.09
2026-03-04T10:40:00.000,684.63,684.91,684.35,684.47,1112458,16215,683.18
2026-03-04T10:45:00.000,684.48,684.69,683.88,684.57,995362,13764,683.24
2026-03-04T10:50:00.000,684.57,685.09,684.08,684.985,948289,12403,683.31
2026-03-04T10:55:00.000,684.965,685.9,684.91,685.83,744924,10805,683.39
2026-03-04T11:00:00.000,685.84,686.64,685.84,686.24,1338312,18414,683.57
2026-03-04T11:05:00.000,686.25,686.3193,685.51,685.66,1067290,15956,683.68
2026-03-04T11:10:00.000,685.68,685.72,684.33,684.54,1487495,18527,683.73
2026-03-04T11:15:00.000,684.56,685.15,684.29,684.52,1057045,13859,683.77
2026-03-04T11:20:00.000,684.52,684.96,684.18,684.4543,699603,10377,683.79
2026-03-04T11:25:00.000,684.44,685.45,684.32,685.19,822805,11650,683.83
2026-03-04T11:30:00.000,685.18,685.84,685.06,685.53,503982,8905,683.86
2026-03-04T11:35:00.000,685.53,685.84,684.85,685.09,944652,14341,683.92
2026-03-04T11:40:00.000,685.08,686.3,685.04,686.13,820229,12068,683.97
2026-03-04T11:45:00.000,686.14,686.4,685.86,686.11,855233,11974,684.04
2026-03-04T11:50:00.000,686.11,686.29,685.58,686.075,728516,10231,684.08
2026-03-04T11:55:00.000,686.08,686.28,685.68,685.78,484252,7941,684.11
2026-03-04T12:00:00.000,685.795,686.3101,685.53,686.27,506681,8657,684.14
2026-03-04T12:05:00.000,686.27,686.36,685.86,686.085,563745,9840,684.17
2026-03-04T12:10:00.000,686.1,686.315,685.99,686.04,362897,6721,684.19
2026-03-04T12:15:00.000,686.04,686.14,685.81,685.94,465663,8017,684.22
2026-03-04T12:20:00.000,685.92,686.14,685.38,685.8,972480,11151,684.24
2026-03-04T12:25:00.000,685.79,686.1,685.31,685.325,497825,9354,684.27
2026-03-04T12:30:00.000,685.35,685.52,684.58,685.45,905974,14073,684.29
2026-03-04T12:35:00.000,685.47,686.1,685.31,686.04,530580,7831,684.31
2026-03-04T12:40:00.000,686.05,686.22,685.5601,685.81,834373,8442,684.33
2026-03-04T12:45:00.000,685.79,686.13,685.76,685.93,700768,5664,684.34
2026-03-04T12:50:00.000,685.94,686.42,685.79,686.32,427281,7308,684.36
2026-03-04T12:55:00.000,686.33,686.42,685.9,686.19,464277,7485,684.39
2026-03-04T13:00:00.000,686.2,686.49,685.95,686.0,618388,9797,684.42
2026-03-04T13:05:00.000,686.0,686.42,685.775,686.24,491627,8224,684.44
2026-03-04T13:10:00.000,686.255,686.35,685.8399,685.935,483101,7987,684.46
2026-03-04T13:15:00.000,685.93,685.98,685.61,685.61,493772,8502,684.47
2026-03-04T13:20:00.000,685.6,685.93,685.38,685.61,585981,10068,684.49
2026-03-04T13:25:00.000,685.62,686.16,685.51,686.105,378483,6744,684.5
2026-03-04T13:30:00.000,686.11,686.71,686.1,686.35,645478,10009,684.53
2026-03-04T13:35:00.000,686.3485,686.6801,686.32,686.375,383561,6650,684.55
2026-03-04T13:40:00.000,686.3862,686.79,686.365,686.54,429300,7509,684.57
2026-03-04T13:45:00.000,686.55,686.77,686.26,686.74,471252,8549,684.59
2026-03-04T13:50:00.000,686.74,686.87,686.59,686.62,359765,6813,684.61
2026-03-04T13:55:00.000,686.62,686.63,686.2,686.545,641660,10333,684.64
2026-03-04T14:00:00.000,686.55,686.91,686.39,686.8201,473046,7506,684.66
2026-03-04T14:05:00.000,686.83,686.88,686.61,686.73,340747,5766,684.68
2026-03-04T14:10:00.000,686.7295,686.95,686.66,686.835,337587,5384,684.69
2026-03-04T14:15:00.000,686.84,686.96,686.73,686.795,365225,5792,684.71
2026-03-04T14:20:00.000,686.79,686.91,686.61,686.8401,308796,5670,684.72
2026-03-04T14:25:00.000,686.845,686.86,686.4701,686.6,395635,6929,684.74
2026-03-04T14:30:00.000,686.61,686.81,686.445,686.52,417918,6275,684.76
2026-03-04T14:35:00.000,686.51,686.88,686.495,686.865,503515,7414,684.78
2026-03-04T14:40:00.000,686.88,686.94,686.51,686.68,461077,8194,684.79
2026-03-04T14:45:00.000,686.69,686.85,686.5,686.8362,450885,7368,684.81
2026-03-04T14:50:00.000,686.84,687.09,686.7901,687.0,479167,7690,684.83
2026-03-04T14:55:00.000,686.995,687.0,686.74,686.81,372066,6224,684.85
2026-03-04T15:00:00.000,686.815,687.005,686.66,686.91,495715,7541,684.87
2026-03-04T15:05:00.000,686.92,686.99,686.355,686.49,546042,8849,684.89
2026-03-04T15:10:00.000,686.49,686.49,686.075,686.2,613852,9756,684.91
2026-03-04T15:15:00.000,686.2,686.3,685.925,685.955,918226,9909,684.92
2026-03-04T15:20:00.000,685.948,686.07,685.475,685.75,831985,11741,684.94
2026-03-04T15:25:00.000,685.74,686.28,685.74,686.23,822687,10969,684.95
2026-03-04T15:30:00.000,686.24,686.3798,685.93,685.9899,704058,10504,684.97
2026-03-04T15:35:00.000,685.985,686.36,685.94,686.16,633048,9520,684.98
2026-03-04T15:40:00.000,686.15,686.63,686.06,686.505,842826,12092,685.0
2026-03-04T15:45:00.000,686.5,686.62,686.25,686.32,1141660,14519,685.03
2026-03-04T15:50:00.000,686.32,686.325,685.36,685.98,2642434,30768,685.06
2026-03-04T15:55:00.000,685.98,686.185,685.13,685.16,5235293,36273,685.1
2026-03-04T16:00:00.000,0.0,0.0,0.0,0.0,0,0,685.1
2026-03-05T09:30:00.000,682.08,684.15,681.85,684.13,1848865,22680,682.86
2026-03-05T09:35:00.000,684.13,684.45,683.09,683.68,1481675,22470,683.33
2026-03-05T09:40:00.000,683.66,683.73,682.43,682.71,1388891,21341,683.28
2026-03-05T09:45:00.000,682.71,683.77,682.16,682.811,1336414,22383,683.21
2026-03-05T09:50:00.000,682.81,683.93,682.59,683.86,944578,17232,683.24
2026-03-05T09:55:00.000,683.84,685.1012,683.59,685.1,1387728,17967,683.41
2026-03-05T10:00:00.000,685.09,685.53,684.19,684.25,1590687,22146,683.68
2026-03-05T10:05:00.000,684.25,684.34,682.895,683.52,1252796,20898,683.68
2026-03-05T10:10:00.000,683.53,684.3999,683.05,684.2889,1739976,16476,683.69
2026-03-05T10:15:00.000,684.3,684.35,682.74,682.8401,944177,14879,683.66
2026-03-05T10:20:00.000,682.84,682.85,681.04,681.045,1398903,17191,683.52
2026-03-05T10:25:00.000,681.0444,681.47,680.33,680.82,2118046,21732,683.22
2026-03-05T10:30:00.000,680.83,680.87,679.32,680.18,2430554,28800,682.83
2026-03-05T10:35:00.000,680.18,681.1601,679.83,681.07,1439783,18345,682.67
2026-03-05T10:40:00.000,681.12,681.81,680.89,681.23,1016712,14299,682.6
2026-03-05T10:45:00.000,681.21,682.05,681.12,681.27,717286,11406,682.56
2026-03-05T10:50:00.000,681.29,682.58,681.18,682.11,966472,13500,682.55
2026-03-05T10:55:00.000,682.11,682.26,681.29,682.1,868619,15046,682.52
2026-03-05T11:00:00.000,682.11,682.36,680.81,680.85,967381,14064,682.48
2026-03-05T11:05:00.000,680.81,681.145,680.065,680.11,1114049,14740,682.4
2026-03-05T11:10:00.000,680.09,680.355,679.15,679.81,1630198,21638,682.24
2026-03-05T11:15:00.000,679.8,680.18,679.01,679.145,2745410,16822,682.12
2026-03-05T11:20:00.000,679.15,680.31,679.11,679.73,1237007,17974,682.01
2026-03-05T11:25:00.000,679.685,680.17,679.41,679.535,879001,13162,681.95
2026-03-05T11:30:00.000,679.53,680.7899,679.46,680.1,1276341,18943,681.87
2026-03-05T11:35:00.000,680.12,680.955,679.93,680.57,1034816,16261,681.82
2026-03-05T11:40:00.000,680.6,681.04,679.86,680.22,965610,15824,681.78
2026-03-05T11:45:00.000,680.24,681.19,680.215,680.67,763233,12514,681.76
2026-03-05T11:50:00.000,680.66,681.02,680.245,680.88,710430,11623,681.73
2026-03-05T11:55:00.000,680.88,681.35,680.82,681.06,825484,12966,681.72
2026-03-05T12:00:00.000,681.055,682.4,680.83,682.33,907031,13935,681.72
2026-03-05T12:05:00.000,682.33,682.42,680.97,681.01,1039335,13557,681.72
2026-03-05T12:10:00.000,680.97,681.14,680.17,680.55,813360,13139,681.69
2026-03-05T12:15:00.000,680.54,680.58,679.1698,679.3,738412,13281,681.66
2026-03-05T12:20:00.000,679.3,679.67,678.94,679.4,811446,13295,681.61
2026-03-05T12:25:00.000,679.41,679.66,678.49,678.51,1077059,16652,681.54
2026-03-05T12:30:00.000,678.51,678.805,677.24,677.34,1672421,18745,681.42
2026-03-05T12:35:00.000,677.32,678.62,677.08,678.01,1770998,26630,681.27
2026-03-05T12:40:00.000,678.01,678.42,676.95,677.26,1042068,16490,681.18
2026-03-05T12:45:00.000,677.25,677.3,676.3,676.465,1019804,16266,681.09
2026-03-05T12:50:00.000,676.46,677.37,676.105,676.47,1357191,22066,680.96
2026-03-05T12:55:00.000,676.46,676.78,676.03,676.46,1084445,17015,680.86
2026-03-05T13:00:00.000,676.45,677.1801,676.31,677.06,1048551,16830,680.77
2026-03-05T13:05:00.000,677.02,677.91,676.8,677.79,940916,15603,680.71
2026-03-05T13:10:00.000,677.8,678.26,677.29,678.02,682441,11679,680.67
2026-03-05T13:15:00.000,678.01,678.225,676.2901,676.38,732422,11770,680.62
2026-03-05T13:20:00.000,676.39,677.3726,676.36,676.93,668710,11603,680.57
2026-03-05T13:25:00.000,676.93,677.0,675.9,676.3,788605,13479,680.51
2026-03-05T13:30:00.000,676.28,677.0288,675.82,676.3699,654408,11402,680.46
2026-03-05T13:35:00.000,676.35,677.03,676.2301,676.7,681225,11420,680.41
2026-03-05T13:40:00.000,676.75,677.96,676.7,677.79,741082,12364,680.38
2026-03-05T13:45:00.000,677.79,677.85,676.69,676.905,684235,12544,680.34
2026-03-05T13:50:00.000,676.89,676.92,675.94,676.07,621451,10859,680.3
2026-03-05T13:55:00.000,676.06,677.015,676.06,676.62,623138,11233,680.26
2026-03-05T14:00:00.000,676.6,677.12,676.38,676.75,965734,16490,680.2
2026-03-05T14:05:00.000,676.7599,677.325,676.72,676.96,598224,11257,680.17
2026-03-05T14:10:00.000,676.96,677.45,676.58,677.34,442676,8693,680.14
2026-03-05T14:15:00.000,677.32,677.39,676.6593,677.32,593235,10429,680.11
2026-03-05T14:20:00.000,677.33,677.79,676.83,677.21,563029,9868,680.09
2026-03-05T14:25:00.000,677.21,677.415,676.29,676.67,960300,12441,680.05
2026-03-05T14:30:00.000,676.67,676.67,675.61,675.99,1018162,16192,679.98
2026-03-05T14:35:00.000,675.99,676.37,675.67,676.315,698322,11722,679.93
2026-03-05T14:40:00.000,676.32,677.05,676.29,677.0385,657077,11416,679.9
2026-03-05T14:45:00.000,677.01,677.495,676.56,677.28,557923,9433,679.88
2026-03-05T14:50:00.000,677.31,677.73,676.7159,676.73,632135,9649,679.85
2026-03-05T14:55:00.000,676.7,677.27,676.45,677.09,698312,11805,679.82
2026-03-05T15:00:00.000,677.07,678.15,676.39,677.9601,1294091,21332,679.77
2026-03-05T15:05:00.000,677.94,678.47,676.78,678.25,1422224,23685,679.73
2026-03-05T15:10:00.000,678.255,679.09,678.17,678.815,1368450,20402,679.71
2026-03-05T15:15:00.000,678.83,679.46,678.39,679.11,1539595,18477,679.69
2026-03-05T15:20:00.000,679.1,679.8369,678.87,679.82,1264582,18682,679.69
2026-03-05T15:25:00.000,679.82,680.46,679.392,679.46,1552296,20810,679.69
2026-03-05T15:30:00.000,679.47,680.18,679.17,680.05,1111429,13979,679.69
2026-03-05T15:35:00.000,680.04,680.48,679.88,680.04,873963,15019,679.7
2026-03-05T15:40:00.000,680.05,680.16,679.59,679.98,1115085,18324,679.7
2026-03-05T15:45:00.000,679.98,680.52,679.41,680.5108,1346629,20995,679.71
2026-03-05T15:50:00.000,680.52,681.44,680.325,681.36,4112834,39394,679.76
2026-03-05T15:55:00.000,681.36,681.75,680.96,681.44,8729416,63437,679.9
2026-03-05T16:00:00.000,681.43,681.43,681.43,681.43,2920,1,679.9
2026-03-06T09:30:00.000,673.41,674.06,672.02,672.41,2890220,41821,672.8
2026-03-06T09:35:00.000,672.39,672.58,670.4,671.11,2336610,33841,672.07
2026-03-06T09:40:00.000,671.12,672.19,670.76,670.98,2170349,30115,671.86
2026-03-06T09:45:00.000,671.0,671.8322,670.0,670.73,2055926,30504,671.6
2026-03-06T09:50:00.000,670.72,672.13,670.452,670.73,1686447,25922,671.55
2026-03-06T09:55:00.000,670.73,671.18,669.76,670.87,2004764,23032,671.41
2026-03-06T10:00:00.000,670.91,673.13,670.84,672.83,1963091,28754,671.55
2026-03-06T10:05:00.000,672.83,673.0499,670.84,670.98,1456363,19332,671.58
2026-03-06T10:10:00.000,670.97,673.3,670.791,673.23,1181411,20543,671.62
2026-03-06T10:15:00.000,673.19,673.5188,672.62,673.41,1238607,17900,671.73
2026-03-06T10:20:00.000,673.4199,674.36,673.14,674.02,1139335,17695,671.85
2026-03-06T10:25:00.000,674.02,674.26,673.53,674.17,896578,14524,671.94
2026-03-06T10:30:00.000,674.13,675.0,674.12,674.9,1229897,18006,672.07
2026-03-06T10:35:00.000,674.9,675.915,674.83,675.6,1273532,17810,672.26
2026-03-06T10:40:00.000,675.59,675.59,674.165,674.72,1297172,20293,672.4
2026-03-06T10:45:00.000,674.7,674.9,673.51,673.77,849292,13535,672.45
2026-03-06T10:50:00.000,673.8,673.84,672.46,673.41,1196074,16679,672.47
2026-03-06T10:55:00.000,673.41,675.4,673.41,674.92,1249358,16805,672.58
2026-03-06T11:00:00.000,674.96,676.01,674.69,675.9,896993,12751,672.66
2026-03-06T11:05:00.000,675.9,675.99,674.78,674.89,858845,14272,672.74
2026-03-06T11:10:00.000,674.9,675.01,674.065,674.19,796128,13449,672.79
2026-03-06T11:15:00.000,674.18,675.08,673.97,674.91,793153,12348,672.83
2026-03-06T11:20:00.000,674.88,675.0399,673.435,674.425,937308,12892,672.86
2026-03-06T11:25:00.000,674.42,674.66,673.8,674.42,676074,10768,672.89
2026-03-06T11:30:00.000,674.43,674.6,673.4,673.68,710563,11744,672.91
2026-03-06T11:35:00.000,673.65,675.18,673.57,674.94,661747,9659,672.94
2026-03-06T11:40:00.000,674.95,675.23,674.38,674.51,514079,8485,672.97
2026-03-06T11:45:00.000,674.5,675.68,674.45,675.35,643498,9462,673.01
2026-03-06T11:50:00.000,675.34,676.0,674.505,674.62,674846,11412,673.06
2026-03-06T11:55:00.000,674.64,675.51,674.15,674.97,752894,12395,673.1
2026-03-06T12:00:00.000,674.98,675.84,674.57,675.26,566984,10053,673.12
2026-03-06T12:05:00.000,675.25,675.33,673.64,673.98,923600,12878,673.15
2026-03-06T12:10:00.000,673.98,674.36,673.66,673.97,483600,8399,673.16
2026-03-06T12:15:00.000,673.95,674.47,673.44,674.42,591697,9767,673.17
2026-03-06T12:20:00.000,674.4,675.17,674.06,674.51,481520,8252,673.19
2026-03-06T12:25:00.000,674.52,674.56,673.35,673.81,859155,10723,673.2
2026-03-06T12:30:00.000,673.8,674.16,673.6,674.09,443109,6835,673.21
2026-03-06T12:35:00.000,674.09,674.1,672.5913,672.89,1013457,15553,673.21
2026-03-06T12:40:00.000,672.93,673.12,672.03,672.6299,898763,13851,673.19
2026-03-06T12:45:00.000,672.62,673.52,672.6,673.35,671910,9823,673.19
2026-03-06T12:50:00.000,673.32,673.97,673.03,673.22,626342,10496,673.19
2026-03-06T12:55:00.000,673.21,673.83,672.95,673.08,645824,7647,673.19
2026-03-06T13:00:00.000,673.09,674.29,672.97,673.56,703121,10508,673.2
2026-03-06T13:05:00.000,673.56,674.49,673.4,674.1801,579000,8585,673.21
2026-03-06T13:10:00.000,674.21,676.11,673.92,675.83,1314683,17685,673.27
2026-03-06T13:15:00.000,675.83,676.1,675.21,675.875,1251812,13992,673.32
2026-03-06T13:20:00.000,675.86,676.025,674.98,675.32,649776,10790,673.35
2026-03-06T13:25:00.000,675.32,675.39,674.245,674.64,622897,10215,673.37
2026-03-06T13:30:00.000,674.67,675.3,674.33,674.92,654067,10491,673.39
2026-03-06T13:35:00.000,674.92,674.97,673.97,674.39,1131715,10859,673.4
2026-03-06T13:40:00.000,674.37,674.87,674.21,674.62,644576,7801,673.41
2026-03-06T13:45:00.000,674.65,674.77,674.2,674.74,528551,7464,673.42
2026-03-06T13:50:00.000,674.75,674.79,673.69,673.9,780295,10796,673.43
2026-03-06T13:55:00.000,673.9,674.42,673.71,674.04,510911,7138,673.43
2026-03-06T14:00:00.000,674.07,674.4,673.87,673.9,471108,8626,673.44
2026-03-06T14:05:00.000,673.89,674.73,673.78,674.53,462337,8466,673.45
2026-03-06T14:10:00.000,674.53,675.43,674.47,675.17,615690,9811,673.47
2026-03-06T14:15:00.000,675.16,675.29,674.42,675.04,664491,10188,673.49
2026-03-06T14:20:00.000,675.03,675.185,674.15,674.28,621332,9753,673.5
2026-03-06T14:25:00.000,674.29,675.08,673.95,674.92,535251,8551,673.51
2026-03-06T14:30:00.000,674.91,675.39,674.75,675.05,707247,8216,673.53
2026-03-06T14:35:00.000,675.07,675.26,674.24,674.73,555144,8796,673.54
2026-03-06T14:40:00.000,674.77,675.64,674.63,674.655,834473,9823,673.56
2026-03-06T14:45:00.000,674.65,674.81,674.18,674.57,860190,8317,673.57
2026-03-06T14:50:00.000,674.55,675.04,674.22,674.93,751478,10263,673.58
2026-03-06T14:55:00.000,674.93,675.14,674.73,675.01,1028049,11931,673.6
2026-03-06T15:00:00.000,675.0,675.97,674.97,675.73,994597,14202,673.64
2026-03-06T15:05:00.000,675.72,675.79,674.91,674.94,725880,9237,673.65
2026-03-06T15:10:00.000,674.95,675.1,673.46,673.94,1582011,21604,673.66
2026-03-06T15:15:00.000,673.95,674.44,673.49,673.88,1001559,14933,673.66
2026-03-06T15:20:00.000,673.89,673.95,672.86,672.93,1240122,18381,673.66
2026-03-06T15:25:00.000,672.94,672.99,671.98,672.23,1841691,24152,673.62
2026-03-06T15:30:00.000,672.23,672.58,671.69,671.92,1567288,22681,673.59
2026-03-06T15:35:00.000,671.91,672.335,671.14,672.22,1735437,21577,673.54
2026-03-06T15:40:00.000,672.25,673.4,671.81,672.51,1884241,25276,673.52
2026-03-06T15:45:00.000,672.5,673.04,672.41,672.8401,1621950,25040,673.51
2026-03-06T15:50:00.000,672.84,673.05,671.76,672.6,3360054,38778,673.45
2026-03-06T15:55:00.000,672.59,673.23,672.09,672.46,6381532,62857,673.39
2026-03-06T16:00:00.000,672.47,672.47,672.47,672.47,4461,3,673.39
2026-03-07T09:30:00.000,0.0,0.0,0.0,0.0,0,0,0.0
2026-03-07T09:35:00.000,0.0,0.0,0.0,0.0,0,0,0.0
2026-03-07T09:40:00.000,0.0,0.0,0.0,0.0,0,0,0.0
2026-03-07T09:45:00.000,0.0,0.0,0.0,0.0,0,0,0.0
2026-03-07T09:50:00.000,0.0,0.0,0.0,0.0,0,0,0.0
2026-03-07T09:55:00.000,0.0,0.0,0.0,0.0,0,0,0.0
2026-03-07T10:00:00.000,0.0,0.0,0.0,0.0,0,0,0.0
2026-03-07T10:05:00.000,0.0,0.0,0.0,0.0,0,0,0.0
2026-03-07T10:10:00.000,0.0,0.0,0.0,0.0,0,0,0.0
2026-03-07T10:15:00.000,0.0,0.0,0.0,0.0,0,0,0.0
2026-03-07T10:20:00.000,0.0,0.0,0.0,0.0,0,0,0.0
2026-03-07T10:25:00.000,0.0,0.0,0.0,0.0,0,0,0.0
2026-03-07T10:30:00.000,0.0,0.0,0.0,0.0,0,0,0.0
2026-03-07T10:35:00.000,0.0,0.0,0.0,0.0,0,0,0.0
2026-03-07T10:40:00.000,0.0,0.0,0.0,0.0,0,0,0.0
2026-03-07T10:45:00.000,0.0,0.0,0.0,0.0,0,0,0.0
2026-03-07T10:50:00.000,0.0,0.0,0.0,0.0,0,0,0.0
2026-03-07T10:55:00.000,0.0,0.0,0.0,0.0,0,0,0.0
2026-03-07T11:00:00.000,0.0,0.0,0.0,0.0,0,0,0.0
2026-03-07T11:05:00.000,0.0,0.0,0.0,0.0,0,0,0.0
2026-03-07T11:10:00.000,0.0,0.0,0.0,0.0,0,0,0.0
2026-03-07T11:15:00.000,0.0,0.0,0.0,0.0,0,0,0.0
2026-03-07T11:20:00.000,0.0,0.0,0.0,0.0,0,0,0.0
2026-03-07T11:25:00.000,0.0,0.0,0.0,0.0,0,0,0.0
2026-03-07T11:30:00.000,0.0,0.0,0.0,0.0,0,0,0.0
2026-03-07T11:35:00.000,0.0,0.0,0.0,0.0,0,0,0.0
2026-03-07T11:40:00.000,0.0,0.0,0.0,0.0,0,0,0.0
2026-03-07T11:45:00.000,0.0,0.0,0.0,0.0,0,0,0.0
2026-03-07T11:50:00.000,0.0,0.0,0.0,0.0,0,0,0.0
2026-03-07T11:55:00.000,0.0,0.0,0.0,0.0,0,0,0.0
2026-03-07T12:00:00.000,0.0,0.0,0.0,0.0,0,0,0.0
2026-03-07T12:05:00.000,0.0,0.0,0.0,0.0,0,0,0.0
2026-03-07T12:10:00.000,0.0,0.0,0.0,0.0,0,0,0.0
2026-03-07T12:15:00.000,0.0,0.0,0.0,0.0,0,0,0.0
2026-03-07T12:20:00.000,0.0,0.0,0.0,0.0,0,0,0.0
2026-03-07T12:25:00.000,0.0,0.0,0.0,0.0,0,0,0.0
2026-03-07T12:30:00.000,0.0,0.0,0.0,0.0,0,0,0.0
2026-03-07T12:35:00.000,0.0,0.0,0.0,0.0,0,0,0.0
2026-03-07T12:40:00.000,0.0,0.0,0.0,0.0,0,0,0.0
2026-03-07T12:45:00.000,0.0,0.0,0.0,0.0,0,0,0.0
2026-03-07T12:50:00.000,0.0,0.0,0.0,0.0,0,0,0.0
2026-03-07T12:55:00.000,0.0,0.0,0.0,0.0,0,0,0.0
2026-03-07T13:00:00.000,0.0,0.0,0.0,0.0,0,0,0.0
2026-03-07T13:05:00.000,0.0,0.0,0.0,0.0,0,0,0.0
2026-03-07T13:10:00.000,0.0,0.0,0.0,0.0,0,0,0.0
2026-03-07T13:15:00.000,0.0,0.0,0.0,0.0,0,0,0.0
2026-03-07T13:20:00.000,0.0,0.0,0.0,0.0,0,0,0.0
2026-03-07T13:25:00.000,0.0,0.0,0.0,0.0,0,0,0.0
2026-03-07T13:30:00.000,0.0,0.0,0.0,0.0,0,0,0.0
2026-03-07T13:35:00.000,0.0,0.0,0.0,0.0,0,0,0.0
2026-03-07T13:40:00.000,0.0,0.0,0.0,0.0,0,0,0.0
2026-03-07T13:45:00.000,0.0,0.0,0.0,0.0,0,0,0.0
2026-03-07T13:50:00.000,0.0,0.0,0.0,0.0,0,0,0.0
2026-03-07T13:55:00.000,0.0,0.0,0.0,0.0,0,0,0.0
2026-03-07T14:00:00.000,0.0,0.0,0.0,0.0,0,0,0.0
2026-03-07T14:05:00.000,0.0,0.0,0.0,0.0,0,0,0.0
2026-03-07T14:10:00.000,0.0,0.0,0.0,0.0,0,0,0.0
2026-03-07T14:15:00.000,0.0,0.0,0.0,0.0,0,0,0.0
2026-03-07T14:20:00.000,0.0,0.0,0.0,0.0,0,0,0.0
2026-03-07T14:25:00.000,0.0,0.0,0.0,0.0,0,0,0.0
2026-03-07T14:30:00.000,0.0,0.0,0.0,0.0,0,0,0.0
2026-03-07T14:35:00.000,0.0,0.0,0.0,0.0,0,0,0.0
2026-03-07T14:40:00.000,0.0,0.0,0.0,0.0,0,0,0.0
2026-03-07T14:45:00.000,0.0,0.0,0.0,0.0,0,0,0.0
2026-03-07T14:50:00.000,0.0,0.0,0.0,0.0,0,0,0.0
2026-03-07T14:55:00.000,0.0,0.0,0.0,0.0,0,0,0.0
2026-03-07T15:00:00.000,0.0,0.0,0.0,0.0,0,0,0.0
2026-03-07T15:05:00.000,0.0,0.0,0.0,0.0,0,0,0.0
2026-03-07T15:10:00.000,0.0,0.0,0.0,0.0,0,0,0.0
2026-03-07T15:15:00.000,0.0,0.0,0.0,0.0,0,0,0.0
2026-03-07T15:20:00.000,0.0,0.0,0.0,0.0,0,0,0.0
2026-03-07T15:25:00.000,0.0,0.0,0.0,0.0,0,0,0.0
2026-03-07T15:30:00.000,0.0,0.0,0.0,0.0,0,0,0.0
2026-03-07T15:35:00.000,0.0,0.0,0.0,0.0,0,0,0.0
2026-03-07T15:40:00.000,0.0,0.0,0.0,0.0,0,0,0.0
2026-03-07T15:45:00.000,0.0,0.0,0.0,0.0,0,0,0.0
2026-03-07T15:50:00.000,0.0,0.0,0.0,0.0,0,0,0.0
2026-03-07T15:55:00.000,0.0,0.0,0.0,0.0,0,0,0.0
2026-03-07T16:00:00.000,0.0,0.0,0.0,0.0,0,0,0.0
2026-03-08T09:30:00.000,0.0,0.0,0.0,0.0,0,0,0.0
2026-03-08T09:35:00.000,0.0,0.0,0.0,0.0,0,0,0.0
2026-03-08T09:40:00.000,0.0,0.0,0.0,0.0,0,0,0.0
2026-03-08T09:45:00.000,0.0,0.0,0.0,0.0,0,0,0.0
2026-03-08T09:50:00.000,0.0,0.0,0.0,0.0,0,0,0.0
2026-03-08T09:55:00.000,0.0,0.0,0.0,0.0,0,0,0.0
2026-03-08T10:00:00.000,0.0,0.0,0.0,0.0,0,0,0.0
2026-03-08T10:05:00.000,0.0,0.0,0.0,0.0,0,0,0.0
2026-03-08T10:10:00.000,0.0,0.0,0.0,0.0,0,0,0.0
2026-03-08T10:15:00.000,0.0,0.0,0.0,0.0,0,0,0.0
2026-03-08T10:20:00.000,0.0,0.0,0.0,0.0,0,0,0.0
2026-03-08T10:25:00.000,0.0,0.0,0.0,0.0,0,0,0.0
2026-03-08T10:30:00.000,0.0,0.0,0.0,0.0,0,0,0.0
2026-03-08T10:35:00.000,0.0,0.0,0.0,0.0,0,0,0.0
2026-03-08T10:40:00.000,0.0,0.0,0.0,0.0,0,0,0.0
2026-03-08T10:45:00.000,0.0,0.0,0.0,0.0,0,0,0.0
2026-03-08T10:50:00.000,0.0,0.0,0.0,0.0,0,0,0.0
2026-03-08T10:55:00.000,0.0,0.0,0.0,0.0,0,0,0.0
2026-03-08T11:00:00.000,0.0,0.0,0.0,0.0,0,0,0.0
2026-03-08T11:05:00.000,0.0,0.0,0.0,0.0,0,0,0.0
2026-03-08T11:10:00.000,0.0,0.0,0.0,0.0,0,0,0.0
2026-03-08T11:15:00.000,0.0,0.0,0.0,0.0,0,0,0.0
2026-03-08T11:20:00.000,0.0,0.0,0.0,0.0,0,0,0.0
2026-03-08T11:25:00.000,0.0,0.0,0.0,0.0,0,0,0.0
2026-03-08T11:30:00.000,0.0,0.0,0.0,0.0,0,0,0.0
2026-03-08T11:35:00.000,0.0,0.0,0.0,0.0,0,0,0.0
2026-03-08T11:40:00.000,0.0,0.0,0.0,0.0,0,0,0.0
2026-03-08T11:45:00.000,0.0,0.0,0.0,0.0,0,0,0.0
2026-03-08T11:50:00.000,0.0,0.0,0.0,0.0,0,0,0.0
2026-03-08T11:55:00.000,0.0,0.0,0.0,0.0,0,0,0.0
2026-03-08T12:00:00.000,0.0,0.0,0.0,0.0,0,0,0.0
2026-03-08T12:05:00.000,0.0,0.0,0.0,0.0,0,0,0.0
2026-03-08T12:10:00.000,0.0,0.0,0.0,0.0,0,0,0.0
2026-03-08T12:15:00.000,0.0,0.0,0.0,0.0,0,0,0.0
2026-03-08T12:20:00.000,0.0,0.0,0.0,0.0,0,0,0.0
2026-03-08T12:25:00.000,0.0,0.0,0.0,0.0,0,0,0.0
2026-03-08T12:30:00.000,0.0,0.0,0.0,0.0,0,0,0.0
2026-03-08T12:35:00.000,0.0,0.0,0.0,0.0,0,0,0.0
2026-03-08T12:40:00.000,0.0,0.0,0.0,0.0,0,0,0.0
2026-03-08T12:45:00.000,0.0,0.0,0.0,0.0,0,0,0.0
2026-03-08T12:50:00.000,0.0,0.0,0.0,0.0,0,0,0.0
2026-03-08T12:55:00.000,0.0,0.0,0.0,0.0,0,0,0.0
2026-03-08T13:00:00.000,0.0,0.0,0.0,0.0,0,0,0.0
2026-03-08T13:05:00.000,0.0,0.0,0.0,0.0,0,0,0.0
2026-03-08T13:10:00.000,0.0,0.0,0.0,0.0,0,0,0.0
2026-03-08T13:15:00.000,0.0,0.0,0.0,0.0,0,0,0.0
2026-03-08T13:20:00.000,0.0,0.0,0.0,0.0,0,0,0.0
2026-03-08T13:25:00.000,0.0,0.0,0.0,0.0,0,0,0.0
2026-03-08T13:30:00.000,0.0,0.0,0.0,0.0,0,0,0.0
2026-03-08T13:35:00.000,0.0,0.0,0.0,0.0,0,0,0.0
2026-03-08T13:40:00.000,0.0,0.0,0.0,0.0,0,0,0.0
2026-03-08T13:45:00.000,0.0,0.0,0.0,0.0,0,0,0.0
2026-03-08T13:50:00.000,0.0,0.0,0.0,0.0,0,0,0.0
2026-03-08T13:55:00.000,0.0,0.0,0.0,0.0,0,0,0.0
2026-03-08T14:00:00.000,0.0,0.0,0.0,0.0,0,0,0.0
2026-03-08T14:05:00.000,0.0,0.0,0.0,0.0,0,0,0.0
2026-03-08T14:10:00.000,0.0,0.0,0.0,0.0,0,0,0.0
2026-03-08T14:15:00.000,0.0,0.0,0.0,0.0,0,0,0.0
2026-03-08T14:20:00.000,0.0,0.0,0.0,0.0,0,0,0.0
2026-03-08T14:25:00.000,0.0,0.0,0.0,0.0,0,0,0.0
2026-03-08T14:30:00.000,0.0,0.0,0.0,0.0,0,0,0.0
2026-03-08T14:35:00.000,0.0,0.0,0.0,0.0,0,0,0.0
2026-03-08T14:40:00.000,0.0,0.0,0.0,0.0,0,0,0.0
2026-03-08T14:45:00.000,0.0,0.0,0.0,0.0,0,0,0.0
2026-03-08T14:50:00.000,0.0,0.0,0.0,0.0,0,0,0.0
2026-03-08T14:55:00.000,0.0,0.0,0.0,0.0,0,0,0.0
2026-03-08T15:00:00.000,0.0,0.0,0.0,0.0,0,0,0.0
2026-03-08T15:05:00.000,0.0,0.0,0.0,0.0,0,0,0.0
2026-03-08T15:10:00.000,0.0,0.0,0.0,0.0,0,0,0.0
2026-03-08T15:15:00.000,0.0,0.0,0.0,0.0,0,0,0.0
2026-03-08T15:20:00.000,0.0,0.0,0.0,0.0,0,0,0.0
2026-03-08T15:25:00.000,0.0,0.0,0.0,0.0,0,0,0.0
2026-03-08T15:30:00.000,0.0,0.0,0.0,0.0,0,0,0.0
2026-03-08T15:35:00.000,0.0,0.0,0.0,0.0,0,0,0.0
2026-03-08T15:40:00.000,0.0,0.0,0.0,0.0,0,0,0.0
2026-03-08T15:45:00.000,0.0,0.0,0.0,0.0,0,0,0.0
2026-03-08T15:50:00.000,0.0,0.0,0.0,0.0,0,0,0.0
2026-03-08T15:55:00.000,0.0,0.0,0.0,0.0,0,0,0.0
2026-03-08T16:00:00.000,0.0,0.0,0.0,0.0,0,0,0.0
2026-03-09T09:30:00.000,666.39,667.63,665.74,666.35,2433768,31893,666.72
2026-03-09T09:35:00.000,666.355,666.57,664.64,664.75,1978086,31278,666.21
2026-03-09T09:40:00.000,664.74,664.9,663.64,664.37,1657009,25094,665.66
2026-03-09T09:45:00.000,664.38,664.91,663.36,663.68,1659240,25409,665.35
2026-03-09T09:50:00.000,663.67,664.2,662.73,663.16,1481936,25263,665.05
2026-03-09T09:55:00.000,663.15,664.91,662.7,664.08,1448981,23190,664.92
2026-03-09T10:00:00.000,664.05,665.87,663.75,665.84,1277769,19792,664.9
2026-03-09T10:05:00.000,665.8,665.96,662.87,663.515,2015229,30817,664.74
2026-03-09T10:10:00.000,663.5,663.57,662.39,663.13,1358688,21558,664.57
2026-03-09T10:15:00.000,663.15,664.18,662.84,663.93,1096622,20717,664.5
2026-03-09T10:20:00.000,663.8855,665.66,663.02,665.29,1215992,19682,664.5
2026-03-09T10:25:00.000,665.3,665.555,663.63,664.06,996439,17900,664.5
2026-03-09T10:30:00.000,664.03,665.2,663.98,664.98,1091834,16708,664.51
2026-03-09T10:35:00.000,664.96,666.52,664.76,666.04,914642,14631,664.57
2026-03-09T10:40:00.000,666.02,666.92,665.62,666.9,920636,14758,664.64
2026-03-09T10:45:00.000,666.91,667.75,666.7,667.62,1092206,16798,664.77
2026-03-09T10:50:00.000,667.61,668.17,667.06,668.12,985691,17100,664.89
2026-03-09T10:55:00.000,668.12,668.31,667.12,667.58,1050878,16770,665.02
2026-03-09T11:00:00.000,667.58,668.68,667.58,668.51,850673,14984,665.12
2026-03-09T11:05:00.000,668.51,668.71,667.82,668.05,795204,13605,665.22
2026-03-09T11:10:00.000,668.04,668.8399,667.97,668.77,746193,12338,665.3
2026-03-09T11:15:00.000,668.78,669.33,668.35,668.87,945550,14709,665.43
2026-03-09T11:20:00.000,668.87,669.48,668.58,669.34,1092283,17171,665.57
2026-03-09T11:25:00.000,669.33,669.92,669.0,669.77,1059009,16735,665.71
2026-03-09T11:30:00.000,669.77,669.81,668.67,668.85,938785,15273,665.82
2026-03-09T11:35:00.000,668.85,669.0,668.48,668.6,680918,11738,665.88
2026-03-09T11:40:00.000,668.6,668.86,668.37,668.51,722314,12635,665.94
2026-03-09T11:45:00.000,668.5,669.46,668.38,669.12,790790,12493,666.01
2026-03-09T11:50:00.000,669.13,669.79,668.93,669.6101,754778,12437,666.08
2026-03-09T11:55:00.000,669.6,669.89,669.3203,669.44,546356,8928,666.14
2026-03-09T12:00:00.000,669.46,670.26,669.1699,669.6691,704919,11163,666.21
2026-03-09T12:05:00.000,669.67,670.1,669.56,669.85,555886,8793,666.26
2026-03-09T12:10:00.000,669.86,670.19,669.52,669.89,530756,8219,666.32
2026-03-09T12:15:00.000,669.89,670.02,669.52,669.93,484497,7658,666.36
2026-03-09T12:20:00.000,669.93,670.63,669.25,670.49,966597,13525,666.46
2026-03-09T12:25:00.000,670.49,671.6,670.28,670.87,1190856,16519,666.6
2026-03-09T12:30:00.000,670.87,671.01,669.89,670.84,1163864,16412,666.72
2026-03-09T12:35:00.000,670.81,671.37,670.75,671.09,779637,10845,666.79
2026-03-09T12:40:00.000,671.09,671.94,671.08,671.85,628505,8852,666.86
2026-03-09T12:45:00.000,671.8415,672.25,671.69,671.98,744238,10468,666.95
2026-03-09T12:50:00.000,671.97,672.05,671.429,671.54,720350,11431,667.03
2026-03-09T12:55:00.000,671.53,671.95,671.19,671.2699,601385,10231,667.1
2026-03-09T13:00:00.000,671.275,671.36,670.38,670.79,968602,14843,667.18
2026-03-09T13:05:00.000,670.79,670.92,670.315,670.74,532787,8633,667.22
2026-03-09T13:10:00.000,670.76,671.02,670.41,670.65,451312,8139,667.25
2026-03-09T13:15:00.000,670.645,670.79,669.69,669.75,620700,10282,667.29
2026-03-09T13:20:00.000,669.75,669.88,668.985,669.02,931700,14151,667.33
2026-03-09T13:25:00.000,669.04,669.11,668.71,668.845,763833,10983,667.36
2026-03-09T13:30:00.000,668.84,669.12,668.63,668.81,738560,11181,667.38
2026-03-09T13:35:00.000,668.83,669.0,668.43,668.46,670435,8755,667.4
2026-03-09T13:40:00.000,668.46,668.76,668.09,668.22,751709,11052,667.41
2026-03-09T13:45:00.000,668.24,669.08,668.19,668.61,738108,11123,667.43
2026-03-09T13:50:00.000,668.61,669.25,668.48,669.1632,524350,8747,667.45
2026-03-09T13:55:00.000,669.15,669.34,668.67,668.815,492121,8009,667.46
2026-03-09T14:00:00.000,668.84,669.33,668.77,669.06,722067,9939,667.48
2026-03-09T14:05:00.000,669.06,669.79,668.96,669.12,819617,11761,667.51
2026-03-09T14:10:00.000,669.115,669.79,669.0,669.55,600548,9938,667.54
2026-03-09T14:15:00.000,669.55,670.27,669.35,670.21,557187,8646,667.56
2026-03-09T14:20:00.000,670.21,670.87,669.59,670.1,969787,14335,667.6
2026-03-09T14:25:00.000,670.09,670.23,669.89,670.06,632434,8466,667.63
2026-03-09T14:30:00.000,670.06,671.19,670.0,671.06,798277,11779,667.67
2026-03-09T14:35:00.000,671.08,671.3,670.76,670.95,763427,10968,667.72
2026-03-09T14:40:00.000,670.94,671.03,670.63,670.8599,678973,10813,667.76
2026-03-09T14:45:00.000,670.85,671.24,670.78,670.94,387809,7145,667.78
2026-03-09T14:50:00.000,670.935,671.23,670.7,670.9,632429,6817,667.8
2026-03-09T14:55:00.000,670.8901,670.8901,669.9378,670.08,869197,11753,667.84
2026-03-09T15:00:00.000,670.1,670.58,669.91,670.27,524635,8590,667.86
2026-03-09T15:05:00.000,670.26,670.4,669.9,670.3364,556234,8730,667.88
2026-03-09T15:10:00.000,670.3403,670.75,670.32,670.45,642560,9117,667.91
2026-03-09T15:15:00.000,670.45,673.54,670.32,673.41,2626744,30247,668.05
2026-03-09T15:20:00.000,673.41,675.7,672.98,675.13,5261212,57230,668.5
2026-03-09T15:25:00.000,675.15,677.515,674.72,677.39,3161645,40896,668.83
2026-03-09T15:30:00.000,677.37,678.515,675.88,678.42,2369436,33216,669.12
2026-03-09T15:35:00.000,678.42,679.92,677.26,679.66,2759268,35659,669.42
2026-03-09T15:40:00.000,679.66,679.67,676.97,677.875,2358237,33782,669.67
2026-03-09T15:45:00.000,677.89,678.51,677.36,678.02,1472849,20307,669.8
2026-03-09T15:50:00.000,678.02,678.03,676.77,677.13,2480290,33007,670.01
2026-03-09T15:55:00.000,677.15,678.76,676.91,678.31,4659648,53677,670.45
2026-03-09T16:00:00.000,0.0,0.0,0.0,0.0,0,0,670.45
2026-03-10T09:30:00.000,677.72,678.785,677.14,677.59,1790650,25014,678.05
2026-03-10T09:35:00.000,677.59,677.79,676.77,677.2575,1407958,22079,677.72
2026-03-10T09:40:00.000,677.24,677.77,675.83,677.18,1331031,21190,677.44
2026-03-10T09:45:00.000,677.17,677.53,676.3,677.29,887543,16383,677.36
2026-03-10T09:50:00.000,677.34,677.37,676.3,676.305,820497,14363,677.3
2026-03-10T09:55:00.000,676.31,676.58,675.49,675.85,863696,14969,677.13
2026-03-10T10:00:00.000,675.83,676.25,674.9443,676.17,1010959,16018,676.96
2026-03-10T10:05:00.000,676.19,677.03,674.76,674.92,772396,13107,676.86
2026-03-10T10:10:00.000,674.91,675.69,674.83,675.53,673777,11692,676.75
2026-03-10T10:15:00.000,675.53,676.45,674.82,676.27,753497,15023,676.66
2026-03-10T10:20:00.000,676.2543,677.49,676.165,677.19,798940,12602,676.68
2026-03-10T10:25:00.000,677.21,678.05,677.17,677.62,670879,11727,676.74
2026-03-10T10:30:00.000,677.64,679.14,677.63,678.97,670962,10837,676.83
2026-03-10T10:35:00.000,678.94,679.57,678.61,679.57,709886,11458,676.96
2026-03-10T10:40:00.000,679.57,680.25,679.31,680.03,1037226,14525,677.18
2026-03-10T10:45:00.000,680.04,680.375,679.56,680.37,982874,13850,677.36
2026-03-10T10:50:00.000,680.35,680.8,680.26,680.77,665892,10345,677.49
2026-03-10T10:55:00.000,680.77,681.16,680.68,681.14,975148,13939,677.68
2026-03-10T11:00:00.000,681.13,681.685,681.02,681.37,1226435,17384,677.95
2026-03-10T11:05:00.000,681.39,681.41,680.465,680.59,953538,14260,678.1
2026-03-10T11:10:00.000,680.6,680.8,680.23,680.4,595779,8952,678.16
2026-03-10T11:15:00.000,680.4,681.53,680.37,681.43,600336,8819,678.25
2026-03-10T11:20:00.000,681.42,681.58,681.01,681.16,569650,9183,678.34
2026-03-10T11:25:00.000,681.19,681.27,680.9,681.11,414886,7048,678.39
2026-03-10T11:30:00.000,681.1,681.1709,680.44,680.55,573030,8872,678.45
2026-03-10T11:35:00.000,680.545,681.06,680.53,681.02,472131,7251,678.5
2026-03-10T11:40:00.000,681.05,681.9499,680.78,681.49,691464,10794,678.59
2026-03-10T11:45:00.000,681.49,681.61,680.83,681.2,561015,7659,678.65
2026-03-10T11:50:00.000,681.21,681.72,680.87,680.93,595907,9363,678.71
2026-03-10T11:55:00.000,680.929,681.46,680.85,681.37,495692,7557,678.76
2026-03-10T12:00:00.000,681.36,681.4,680.37,680.54,677271,9291,678.81
2026-03-10T12:05:00.000,680.57,680.57,679.68,680.05,693389,9971,678.84
2026-03-10T12:10:00.000,680.045,680.85,679.94,680.5,592328,9023,678.88
2026-03-10T12:15:00.000,680.495,681.25,680.26,680.98,568615,8640,678.92
2026-03-10T12:20:00.000,680.99,681.01,680.3,680.692,598665,9231,678.95
2026-03-10T12:25:00.000,680.68,681.34,680.42,680.6,742830,11920,679.01
2026-03-10T12:30:00.000,680.61,681.4,680.61,681.38,1147049,14237,679.08
2026-03-10T12:35:00.000,681.38,681.66,681.24,681.6,616125,9187,679.13
2026-03-10T12:40:00.000,681.58,681.65,681.25,681.54,499131,8601,679.17
2026-03-10T12:45:00.000,681.55,681.58,680.62,680.88,645636,8423,679.2
2026-03-10T12:50:00.000,680.89,681.82,680.7313,681.64,821098,10390,679.24
2026-03-10T12:55:00.000,681.64,681.74,681.35,681.45,417329,6699,679.27
2026-03-10T13:00:00.000,681.45,682.08,681.27,681.865,873374,13070,679.34
2026-03-10T13:05:00.000,681.872,682.35,681.81,682.0501,771066,11611,679.41
2026-03-10T13:10:00.000,682.03,682.34,681.58,681.8101,685238,10800,679.46
2026-03-10T13:15:00.000,681.83,682.73,681.76,682.675,971378,11963,679.53
2026-03-10T13:20:00.000,682.67,682.8,682.32,682.68,736622,9692,679.59
2026-03-10T13:25:00.000,682.68,683.36,682.57,683.265,906377,12375,679.68
2026-03-10T13:30:00.000,683.25,683.25,681.98,682.05,1011530,15429,679.76
2026-03-10T13:35:00.000,682.07,682.2,680.63,681.34,1429536,19212,679.82
2026-03-10T13:40:00.000,681.31,681.79,681.0,681.29,838031,11587,679.85
2026-03-10T13:45:00.000,681.2822,682.48,681.18,682.088,649223,9835,679.88
2026-03-10T13:50:00.000,682.04,682.59,682.0,682.38,532378,7948,679.91
2026-03-10T13:55:00.000,682.36,682.4,681.825,682.047,486815,7981,679.94
2026-03-10T14:00:00.000,682.05,682.19,681.73,682.05,874156,11174,679.98
2026-03-10T14:05:00.000,682.06,682.1,681.31,681.46,586330,8650,680.01
2026-03-10T14:10:00.000,681.45,682.02,678.6,678.61,1973987,28528,680.03
2026-03-10T14:15:00.000,678.65,679.81,677.675,678.05,3207277,42010,679.94
2026-03-10T14:20:00.000,678.04,679.06,677.38,678.425,2157426,29544,679.86
2026-03-10T14:25:00.000,678.43,680.15,678.38,679.35,1462592,21946,679.85
2026-03-10T14:30:00.000,679.315,680.37,678.92,679.74,1089012,14671,679.84
2026-03-10T14:35:00.000,679.72,680.11,678.38,678.94,1250976,15884,679.83
2026-03-10T14:40:00.000,678.93,679.45,678.44,678.73,733923,10573,679.82
2026-03-10T14:45:00.000,678.72,679.42,678.53,678.95,482774,8495,679.81
2026-03-10T14:50:00.000,678.98,679.8,678.43,678.8768,675679,9784,679.81
2026-03-10T14:55:00.000,678.89,679.16,678.4,678.5,457223,8007,679.8
2026-03-10T15:00:00.000,678.52,679.0,678.2899,678.51,614196,11800,679.79
2026-03-10T15:05:00.000,678.5,678.935,678.06,678.74,818902,13586,679.77
2026-03-10T15:10:00.000,678.69,679.0475,678.14,678.94,659117,11720,679.75
2026-03-10T15:15:00.000,678.945,679.53,678.73,679.33,583193,10668,679.75
2026-03-10T15:20:00.000,679.31,679.41,677.86,678.62,1366305,17885,679.72
2026-03-10T15:25:00.000,678.63,678.64,677.41,677.41,776276,11967,679.7
2026-03-10T15:30:00.000,677.42,677.6194,676.75,677.03,1068264,17584,679.65
2026-03-10T15:35:00.000,677.04,677.65,676.61,677.5,1305473,19102,679.6
2026-03-10T15:40:00.000,677.5,678.32,676.81,677.455,1959378,30512,679.54
2026-03-10T15:45:00.000,677.45,677.77,676.47,676.77,1139296,18204,679.5
2026-03-10T15:50:00.000,676.78,677.0197,676.25,676.75,1650451,21529,679.44
2026-03-10T15:55:00.000,676.75,677.19,676.23,677.07,3291697,36656,679.32
2026-03-10T16:00:00.000,677.05,677.05,677.05,677.05,303,1,679.32
2026-03-11T09:30:00.000,677.58,678.38,677.52,677.7899,1474076,20161,677.93
2026-03-11T09:35:00.000,677.77,678.44,677.61,678.39,851926,15369,677.95
2026-03-11T09:40:00.000,678.38,678.5,677.17,677.35,837363,14107,677.95
2026-03-11T09:45:00.000,677.36,677.92,676.42,676.69,1085100,15995,677.74
2026-03-11T09:50:00.000,676.71,677.6495,676.13,677.04,910595,14013,677.59
2026-03-11T09:55:00.000,677.04,678.17,676.53,677.89,912113,14176,677.54
2026-03-11T10:00:00.000,677.9,680.08,677.69,678.3491,2443517,31654,677.97
2026-03-11T10:05:00.000,678.35,679.05,677.43,677.9999,1024569,16117,678.0
2026-03-11T10:10:00.000,678.0,678.28,677.02,678.0401,789320,12145,677.98
2026-03-11T10:15:00.000,678.03,678.26,676.94,677.8009,568429,9558,677.96
2026-03-11T10:20:00.000,677.75,677.87,676.12,676.13,690179,10356,677.91
2026-03-11T10:25:00.000,676.12,676.31,675.195,676.14,1053033,14731,677.73
2026-03-11T10:30:00.000,676.14,676.81,675.2,675.4983,858920,12170,677.61
2026-03-11T10:35:00.000,675.5175,677.15,675.46,676.73,662467,11241,677.56
2026-03-11T10:40:00.000,676.7341,677.65,676.52,677.345,562707,8981,677.54
2026-03-11T10:45:00.000,677.35,677.79,676.99,677.71,547954,7726,677.53
2026-03-11T10:50:00.000,677.69,677.93,677.44,677.8,361463,6427,677.54
2026-03-11T10:55:00.000,677.82,678.38,677.52,678.07,435264,7820,677.55
2026-03-11T11:00:00.000,678.08,678.64,676.92,677.85,1020136,11242,677.55
2026-03-11T11:05:00.000,677.86,677.91,676.94,677.11,431980,6827,677.55
2026-03-11T11:10:00.000,677.1,677.52,675.28,675.8,957484,13941,677.47
2026-03-11T11:15:00.000,675.785,675.8399,674.88,675.4,983345,13539,677.36
2026-03-11T11:20:00.000,675.41,676.34,675.18,676.24,828465,11531,677.29
2026-03-11T11:25:00.000,676.24,676.53,674.59,674.67,853038,11312,677.23
2026-03-11T11:30:00.000,674.68,675.17,674.1,674.8881,1011139,14257,677.1
2026-03-11T11:35:00.000,674.9,675.29,674.68,674.87,457020,7494,677.06
2026-03-11T11:40:00.000,674.86,675.14,674.21,674.245,455280,7737,677.01
2026-03-11T11:45:00.000,674.26,674.35,673.64,673.99,716848,10960,676.92
2026-03-11T11:50:00.000,674.05,674.99,673.985,674.99,657780,9141,676.85
2026-03-11T11:55:00.000,674.92,675.04,674.16,674.2018,453420,7969,676.81
2026-03-11T12:00:00.000,674.19,674.29,673.56,673.674,674609,9288,676.75
2026-03-11T12:05:00.000,673.67,674.045,673.51,673.72,458035,7636,676.7
2026-03-11T12:10:00.000,673.7,674.4,673.58,674.37,1350131,9529,676.63
2026-03-11T12:15:00.000,674.34,674.51,673.81,673.86,389211,6628,676.59
2026-03-11T12:20:00.000,673.87,674.7299,673.73,674.39,498352,7945,676.55
2026-03-11T12:25:00.000,674.3826,674.74,674.08,674.705,457408,6991,676.52
2026-03-11T12:30:00.000,674.7,675.905,674.65,675.79,749602,11609,676.48
2026-03-11T12:35:00.000,675.8,675.93,675.09,675.35,457120,7404,676.47
2026-03-11T12:40:00.000,675.35,676.0175,675.28,675.48,435506,7353,676.46
2026-03-11T12:45:00.000,675.48,675.78,675.15,675.33,410600,6842,676.44
2026-03-11T12:50:00.000,675.33,676.0566,675.31,675.955,310277,5231,676.44
2026-03-11T12:55:00.000,675.96,676.32,675.73,676.29,361266,6941,676.43
2026-03-11T13:00:00.000,676.24,676.55,676.08,676.13,379420,6757,676.43
2026-03-11T13:05:00.000,676.13,676.56,676.065,676.16,340855,5958,676.43
2026-03-11T13:10:00.000,676.17,676.23,675.54,675.7678,1003187,8832,676.42
2026-03-11T13:15:00.000,675.76,676.06,675.33,675.52,479483,7474,676.41
2026-03-11T13:20:00.000,675.56,676.24,675.53,676.24,251395,4771,676.41
2026-03-11T13:25:00.000,676.23,676.77,676.11,676.46,422906,6833,676.41
2026-03-11T13:30:00.000,676.46,676.6399,675.98,676.14,368069,6518,676.41
2026-03-11T13:35:00.000,676.13,676.3,673.34,674.33,1802503,25633,676.3
2026-03-11T13:40:00.000,674.38,674.99,673.75,674.53,1158967,15667,676.23
2026-03-11T13:45:00.000,674.54,675.0,674.23,674.86,594201,9678,676.21
2026-03-11T13:50:00.000,674.83,675.78,674.83,675.01,562245,9152,676.19
2026-03-11T13:55:00.000,675.02,675.25,674.48,674.99,498077,7917,676.17
2026-03-11T14:00:00.000,674.99,675.23,674.74,675.05,665779,8515,676.15
2026-03-11T14:05:00.000,675.06,675.125,674.29,674.37,452990,6673,676.14
2026-03-11T14:10:00.000,674.35,674.45,673.7,674.34,872539,10173,676.09
2026-03-11T14:15:00.000,674.36,675.03,674.2,674.82,516897,7890,676.07
2026-03-11T14:20:00.000,674.83,675.22,674.33,674.8,554101,7981,676.06
2026-03-11T14:25:00.000,674.76,675.51,674.59,675.27,530179,8039,676.04
2026-03-11T14:30:00.000,675.27,675.56,675.14,675.53,1236741,14193,676.03
2026-03-11T14:35:00.000,675.54,675.57,674.99,675.02,897357,12094,676.01
2026-03-11T14:40:00.000,675.02,675.2,674.79,675.0588,542977,9562,676.0
2026-03-11T14:45:00.000,675.07,675.29,674.76,674.8078,436192,5540,675.99
2026-03-11T14:50:00.000,674.815,675.71,674.815,675.4901,466622,8021,675.98
2026-03-11T14:55:00.000,675.49,675.79,675.02,675.25,505025,8250,675.98
2026-03-11T15:00:00.000,675.26,675.47,674.47,674.88,982070,9629,675.96
2026-03-11T15:05:00.000,674.87,675.0,674.565,674.815,501889,7392,675.95
2026-03-11T15:10:00.000,674.83,674.95,674.34,674.49,493670,7914,675.94
2026-03-11T15:15:00.000,674.485,675.03,674.32,674.92,697012,8587,675.92
2026-03-11T15:20:00.000,674.925,675.07,674.5,674.88,676445,9332,675.9
2026-03-11T15:25:00.000,674.865,675.26,674.79,674.975,605752,9145,675.89
2026-03-11T15:30:00.000,674.99,675.89,674.75,675.745,761817,11620,675.88
2026-03-11T15:35:00.000,675.78,676.0,675.47,675.845,890302,11923,675.88
2026-03-11T15:40:00.000,675.86,676.25,675.69,676.0761,570966,9534,675.88
2026-03-11T15:45:00.000,676.07,676.23,675.5,675.63,911065,12270,675.88
2026-03-11T15:50:00.000,675.64,676.39,675.41,676.35,1721586,18016,675.88
2026-03-11T15:55:00.000,676.35,676.6,676.14,676.35,2815710,32033,675.9
2026-03-11T16:00:00.000,676.35,676.35,676.35,676.35,107,1,675.9
2026-03-12T09:30:00.000,671.16,671.37,669.88,670.85,2569369,35813,670.64
2026-03-12T09:35:00.000,670.84,671.65,670.41,671.4,1687890,27466,670.78
2026-03-12T09:40:00.000,671.36,671.55,670.23,670.29,1343616,24208,670.78
2026-03-12T09:45:00.000,670.28,670.28,668.745,670.18,2327593,33518,670.39
2026-03-12T09:50:00.000,670.18,670.91,669.04,669.05,1543120,24178,670.34
2026-03-12T09:55:00.000,669.02,669.2499,668.183,668.87,1555600,23815,670.1
2026-03-12T10:00:00.000,668.87,670.92,668.81,670.29,1889643,24089,670.09
2026-03-12T10:05:00.000,670.3,670.64,669.7,670.32,1262201,18026,670.1
2026-03-12T10:10:00.000,670.34,671.14,670.13,670.97,949191,15939,670.14
2026-03-12T10:15:00.000,670.99,671.2,669.54,669.6,1163509,19372,670.15
2026-03-12T10:20:00.000,669.57,669.66,669.04,669.34,1000010,15325,670.1
2026-03-12T10:25:00.000,669.33,669.94,668.05,668.06,1072031,17366,670.04
2026-03-12T10:30:00.000,668.06,668.25,667.64,668.0,1396883,20024,669.89
2026-03-12T10:35:00.000,668.0,668.7,667.3,667.96,1357254,18275,669.77
2026-03-12T10:40:00.000,667.96,669.12,667.6001,668.955,1018613,15872,669.7
2026-03-12T10:45:00.000,668.93,670.551,668.14,668.4,1998712,27892,669.68
2026-03-12T10:50:00.000,668.38,668.684,668.08,668.48,1154975,17641,669.62
2026-03-12T10:55:00.000,668.48,668.93,668.32,668.5,923041,14392,669.58
2026-03-12T11:00:00.000,668.51,668.8,667.67,668.15,1055955,16455,669.52
2026-03-12T11:05:00.000,668.11,668.43,667.85,667.92,656801,10501,669.49
2026-03-12T11:10:00.000,667.9,667.905,666.92,667.38,1218397,17080,669.4
2026-03-12T11:15:00.000,667.38,667.74,667.12,667.325,847770,13474,669.34
2026-03-12T11:20:00.000,667.33,667.91,667.06,667.85,923796,13748,669.29
2026-03-12T11:25:00.000,667.84,668.75,667.78,668.18,1069336,18263,669.26
2026-03-12T11:30:00.000,668.18,668.58,667.67,667.87,777727,15210,669.23
2026-03-12T11:35:00.000,667.872,670.03,667.24,669.96,1709989,24864,669.18
2026-03-12T11:40:00.000,669.94,670.31,668.65,669.8,2307941,30941,669.21
2026-03-12T11:45:00.000,669.82,670.02,668.47,669.16,1619761,22008,669.21
2026-03-12T11:50:00.000,669.18,669.68,668.69,669.545,788592,11290,669.21
2026-03-12T11:55:00.000,669.5442,669.57,668.85,669.2999,812074,12762,669.21
2026-03-12T12:00:00.000,669.31,670.05,669.05,670.02,735813,12242,669.22
2026-03-12T12:05:00.000,670.01,670.31,667.67,667.84,1288970,18557,669.21
2026-03-12T12:10:00.000,667.85,668.96,667.73,668.92,883936,13679,669.2
2026-03-12T12:15:00.000,668.89,670.03,668.84,669.65,896459,12905,669.2
2026-03-12T12:20:00.000,669.665,671.31,669.6,669.76,1941752,23716,669.26
2026-03-12T12:25:00.000,669.77,669.84,668.66,668.84,1089616,14447,669.26
2026-03-12T12:30:00.000,668.77,669.71,668.34,669.26,924187,13527,669.25
2026-03-12T12:35:00.000,669.24,670.29,669.12,670.0601,956740,14517,669.26
2026-03-12T12:40:00.000,670.09,670.14,669.4,669.691,800051,11485,669.27
2026-03-12T12:45:00.000,669.67,669.79,668.04,668.8359,659889,11277,669.26
2026-03-12T12:50:00.000,668.81,669.26,668.08,668.4519,677033,10695,669.25
2026-03-12T12:55:00.000,668.43,668.99,668.19,668.83,526342,8503,669.25
2026-03-12T13:00:00.000,668.82,669.75,668.685,669.71,594877,10347,669.24
2026-03-12T13:05:00.000,669.7,670.3099,668.77,668.95,740246,11288,669.25
2026-03-12T13:10:00.000,668.9,669.49,668.6199,668.6986,462917,7442,669.25
2026-03-12T13:15:00.000,668.69,668.93,668.11,668.13,752451,9388,669.24
2026-03-12T13:20:00.000,668.12,669.38,667.99,669.04,1002200,10404,669.23
2026-03-12T13:25:00.000,669.04,669.31,668.38,668.56,524867,8960,669.23
2026-03-12T13:30:00.000,668.56,669.2,668.53,668.86,589186,8634,669.23
2026-03-12T13:35:00.000,668.86,669.53,668.84,669.48,872368,9741,669.23
2026-03-12T13:40:00.000,669.5,669.75,668.4504,668.54,899928,10883,669.23
2026-03-12T13:45:00.000,668.54,668.79,667.95,668.23,876543,11187,669.21
2026-03-12T13:50:00.000,668.21,668.81,668.07,668.08,525891,8626,669.2
2026-03-12T13:55:00.000,668.09,668.26,667.2701,668.1601,1478978,15278,669.17
2026-03-12T14:00:00.000,668.17,668.99,668.17,668.53,1181626,14607,669.16
2026-03-12T14:05:00.000,668.54,669.16,668.22,668.67,584331,9008,669.15
2026-03-12T14:10:00.000,668.69,668.98,668.52,668.9198,444891,8060,669.15
2026-03-12T14:15:00.000,668.92,669.22,668.19,668.25,623160,10279,669.15
2026-03-12T14:20:00.000,668.28,668.3787,667.78,668.1148,1040145,11616,669.13
2026-03-12T14:25:00.000,668.1,668.29,667.6901,668.19,698537,11049,669.11
2026-03-12T14:30:00.000,668.18,668.48,667.78,667.845,685444,9933,669.11
2026-03-12T14:35:00.000,667.85,668.05,667.48,667.875,1980549,12088,669.09
2026-03-12T14:40:00.000,667.88,667.955,667.51,667.6984,744224,11484,669.07
2026-03-12T14:45:00.000,667.68,667.9199,667.4,667.46,660362,10422,669.06
2026-03-12T14:50:00.000,667.455,668.18,667.44,667.8,674224,11406,669.05
2026-03-12T14:55:00.000,667.79,667.79,667.2,667.329,976209,14280,669.03
2026-03-12T15:00:00.000,667.32,668.05,666.87,667.325,1556162,20039,669.0
2026-03-12T15:05:00.000,667.32,667.94,667.176,667.61,1160318,16128,668.97
2026-03-12T15:10:00.000,667.61,667.89,666.99,667.525,1000599,14681,668.95
2026-03-12T15:15:00.000,667.54,667.94,667.3,667.732,1430659,16435,668.93
2026-03-12T15:20:00.000,667.73,668.39,667.56,667.86,1244756,15368,668.92
2026-03-12T15:25:00.000,667.85,668.16,667.6615,667.98,911957,13034,668.91
2026-03-12T15:30:00.000,667.99,668.65,667.9166,668.3,1146459,14746,668.9
2026-03-12T15:35:00.000,668.29,668.4,667.6599,667.93,1095234,15551,668.89
2026-03-12T15:40:00.000,667.92,667.94,667.04,667.18,1425299,20057,668.86
2026-03-12T15:45:00.000,667.175,667.22,666.49,666.72,2153340,28884,668.81
2026-03-12T15:50:00.000,666.72,666.94,666.13,666.77,2280355,32674,668.75
2026-03-12T15:55:00.000,666.78,667.07,665.9027,666.05,4672057,56072,668.62
2026-03-12T16:00:00.000,666.05,666.05,666.05,666.05,1050,4,668.62
2026-03-13T09:30:00.000,669.27,670.31,669.15,669.785,2303096,35883,669.76
2026-03-13T09:35:00.000,669.78,670.69,668.96,670.38,1457232,21609,669.79
2026-03-13T09:40:00.000,670.4,671.97,670.116,671.94,1479912,22151,670.15
2026-03-13T09:45:00.000,671.92,672.335,671.08,671.12,1951268,27408,670.57
2026-03-13T09:50:00.000,671.13,671.86,670.64,671.6913,1109973,17897,670.65
2026-03-13T09:55:00.000,671.71,671.72,670.37,670.53,1348615,18064,670.69
2026-03-13T10:00:00.000,670.54,671.25,669.73,670.08,1131105,16633,670.66
2026-03-13T10:05:00.000,670.09,670.53,669.12,669.33,924245,13246,670.59
2026-03-13T10:10:00.000,669.3,669.5,668.78,668.86,1064481,13476,670.48
2026-03-13T10:15:00.000,668.85,669.09,667.73,668.18,1276578,19971,670.28
2026-03-13T10:20:00.000,668.18,669.08,668.11,668.65,929545,13657,670.18
2026-03-13T10:25:00.000,668.66,669.27,668.23,668.8401,879702,12017,670.1
2026-03-13T10:30:00.000,668.87,670.23,668.69,669.5,885604,13666,670.08
2026-03-13T10:35:00.000,669.51,669.54,668.43,668.88,671455,11519,670.03
2026-03-13T10:40:00.000,668.88,668.88,667.22,667.29,911242,14792,669.93
2026-03-13T10:45:00.000,667.29,667.38,666.29,667.05,1544285,24066,669.69
2026-03-13T10:50:00.000,667.05,667.6,666.45,666.53,1136246,17906,669.53
2026-03-13T10:55:00.000,666.51,666.85,664.99,665.33,1854080,21524,669.28
2026-03-13T11:00:00.000,665.34,665.71,664.53,665.1,1439409,23442,669.02
2026-03-13T11:05:00.000,665.12,666.18,664.9,666.17,1197468,19890,668.85
2026-03-13T11:10:00.000,666.17,666.94,665.74,666.85,1114041,18739,668.75
2026-03-13T11:15:00.000,666.85,666.9,665.8,665.835,893904,13024,668.68
2026-03-13T11:20:00.000,665.83,666.37,664.775,664.79,967556,16202,668.58
2026-03-13T11:25:00.000,664.79,664.91,664.43,664.59,1200682,18151,668.42
2026-03-13T11:30:00.000,664.57,665.33,664.32,665.14,1003409,16138,668.3
2026-03-13T11:35:00.000,665.14,665.3,663.97,664.63,1033171,16011,668.17
2026-03-13T11:40:00.000,664.6,664.86,663.35,663.69,978848,15101,668.04
2026-03-13T11:45:00.000,663.645,665.16,663.27,664.34,1698062,27939,667.84
2026-03-13T11:50:00.000,664.345,664.45,663.31,663.892,901662,14934,667.74
2026-03-13T11:55:00.000,663.88,663.96,663.1,663.38,808644,13130,667.64
2026-03-13T12:00:00.000,663.36,664.29,663.34,663.91,834216,13362,667.55
2026-03-13T12:05:00.000,663.93,664.69,663.63,664.45,683742,10693,667.49
2026-03-13T12:10:00.000,664.47,664.965,663.4187,663.97,800049,13562,667.43
2026-03-13T12:15:00.000,663.98,664.27,663.46,663.79,643956,11472,667.36
2026-03-13T12:20:00.000,663.78,664.6,663.62,664.13,788762,11053,667.31
2026-03-13T12:25:00.000,664.13,664.52,663.56,664.32,737871,10939,667.26
2026-03-13T12:30:00.000,664.31,664.87,664.0,664.11,805457,12940,667.2
2026-03-13T12:35:00.000,664.11,665.23,664.1,664.4,954249,14199,667.15
2026-03-13T12:40:00.000,664.36,664.8,663.72,663.75,667309,11618,667.11
2026-03-13T12:45:00.000,663.74,664.07,663.24,664.03,808436,12053,667.05
2026-03-13T12:50:00.000,664.03,664.97,663.91,664.84,672879,11288,667.01
2026-03-13T12:55:00.000,664.83,664.97,663.135,663.335,1076096,17540,666.94
2026-03-13T13:00:00.000,663.32,663.69,663.29,663.47,730824,9648,666.89
2026-03-13T13:05:00.000,663.47,664.11,663.13,663.92,592284,10325,666.85
2026-03-13T13:10:00.000,663.93,664.72,663.33,664.72,838337,11690,666.81
2026-03-13T13:15:00.000,664.75,665.08,664.18,664.77,558317,8909,666.78
2026-03-13T13:20:00.000,664.78,664.81,663.79,664.47,458732,8252,666.76
2026-03-13T13:25:00.000,664.45,664.65,663.85,664.37,593555,9163,666.73
2026-03-13T13:30:00.000,664.35,664.52,663.74,664.0199,600447,10182,666.7
2026-03-13T13:35:00.000,664.02,664.29,663.72,664.13,824982,8450,666.67
2026-03-13T13:40:00.000,664.14,664.25,663.44,663.94,680068,9608,666.64
2026-03-13T13:45:00.000,663.94,664.17,662.4,662.47,1151656,16909,666.57
2026-03-13T13:50:00.000,662.46,662.87,662.08,662.645,1306334,16249,666.49
2026-03-13T13:55:00.000,662.66,663.04,662.34,662.63,892999,12762,666.44
2026-03-13T14:00:00.000,662.64,663.3,662.57,663.1519,802380,13660,666.38
2026-03-13T14:05:00.000,663.15,663.31,662.75,663.13,612594,10983,666.35
2026-03-13T14:10:00.000,663.13,663.52,663.0439,663.38,739291,11518,666.31
2026-03-13T14:15:00.000,663.37,663.73,662.8201,662.945,807736,10624,666.27
2026-03-13T14:20:00.000,662.94,663.1,662.45,662.7,479442,8431,666.24
2026-03-13T14:25:00.000,662.7,663.41,662.64,663.34,541269,9087,666.21
2026-03-13T14:30:00.000,663.33,664.23,663.1,663.97,640988,10298,666.18
2026-03-13T14:35:00.000,663.97,664.46,663.885,664.15,564250,9412,666.16
2026-03-13T14:40:00.000,664.16,664.56,663.9818,664.43,473166,7861,666.14
2026-03-13T14:45:00.000,664.41,664.67,664.23,664.56,670226,9565,666.13
2026-03-13T14:50:00.000,664.56,664.81,664.18,664.54,536629,9645,666.11
2026-03-13T14:55:00.000,664.55,664.55,663.94,664.18,603784,10693,666.1
2026-03-13T15:00:00.000,664.18,664.2,663.58,663.6,799576,12212,666.07
2026-03-13T15:05:00.000,663.59,663.85,663.255,663.68,867915,13005,666.03
2026-03-13T15:10:00.000,663.67,663.99,663.4,663.535,1153757,12473,666.01
2026-03-13T15:15:00.000,663.54,663.91,663.4,663.59,1281807,16258,665.96
2026-03-13T15:20:00.000,663.58,663.58,662.51,662.74,892705,14133,665.92
2026-03-13T15:25:00.000,662.72,662.77,662.16,662.37,1017852,13639,665.87
2026-03-13T15:30:00.000,662.37,663.0,662.34,662.4799,989132,13503,665.83
2026-03-13T15:35:00.000,662.47,662.575,661.77,661.805,1154317,16523,665.78
2026-03-13T15:40:00.000,661.8,661.965,661.36,661.69,1255476,16833,665.71
2026-03-13T15:45:00.000,661.69,661.988,661.4,661.89,1633739,19842,665.64
2026-03-13T15:50:00.000,661.9,662.265,661.535,662.05,2496786,25530,665.52
2026-03-13T15:55:00.000,662.05,662.495,661.88,662.3,3848146,41573,665.36
2026-03-13T16:00:00.000,662.3,662.3,662.3,662.3,560,2,665.36
2026-03-14T09:30:00.000,0.0,0.0,0.0,0.0,0,0,0.0
2026-03-14T09:35:00.000,0.0,0.0,0.0,0.0,0,0,0.0
2026-03-14T09:40:00.000,0.0,0.0,0.0,0.0,0,0,0.0
2026-03-14T09:45:00.000,0.0,0.0,0.0,0.0,0,0,0.0
2026-03-14T09:50:00.000,0.0,0.0,0.0,0.0,0,0,0.0
2026-03-14T09:55:00.000,0.0,0.0,0.0,0.0,0,0,0.0
2026-03-14T10:00:00.000,0.0,0.0,0.0,0.0,0,0,0.0
2026-03-14T10:05:00.000,0.0,0.0,0.0,0.0,0,0,0.0
2026-03-14T10:10:00.000,0.0,0.0,0.0,0.0,0,0,0.0
2026-03-14T10:15:00.000,0.0,0.0,0.0,0.0,0,0,0.0
2026-03-14T10:20:00.000,0.0,0.0,0.0,0.0,0,0,0.0
2026-03-14T10:25:00.000,0.0,0.0,0.0,0.0,0,0,0.0
2026-03-14T10:30:00.000,0.0,0.0,0.0,0.0,0,0,0.0
2026-03-14T10:35:00.000,0.0,0.0,0.0,0.0,0,0,0.0
2026-03-14T10:40:00.000,0.0,0.0,0.0,0.0,0,0,0.0
2026-03-14T10:45:00.000,0.0,0.0,0.0,0.0,0,0,0.0
2026-03-14T10:50:00.000,0.0,0.0,0.0,0.0,0,0,0.0
2026-03-14T10:55:00.000,0.0,0.0,0.0,0.0,0,0,0.0
2026-03-14T11:00:00.000,0.0,0.0,0.0,0.0,0,0,0.0
2026-03-14T11:05:00.000,0.0,0.0,0.0,0.0,0,0,0.0
2026-03-14T11:10:00.000,0.0,0.0,0.0,0.0,0,0,0.0
2026-03-14T11:15:00.000,0.0,0.0,0.0,0.0,0,0,0.0
2026-03-14T11:20:00.000,0.0,0.0,0.0,0.0,0,0,0.0
2026-03-14T11:25:00.000,0.0,0.0,0.0,0.0,0,0,0.0
2026-03-14T11:30:00.000,0.0,0.0,0.0,0.0,0,0,0.0
2026-03-14T11:35:00.000,0.0,0.0,0.0,0.0,0,0,0.0
2026-03-14T11:40:00.000,0.0,0.0,0.0,0.0,0,0,0.0
2026-03-14T11:45:00.000,0.0,0.0,0.0,0.0,0,0,0.0
2026-03-14T11:50:00.000,0.0,0.0,0.0,0.0,0,0,0.0
2026-03-14T11:55:00.000,0.0,0.0,0.0,0.0,0,0,0.0
2026-03-14T12:00:00.000,0.0,0.0,0.0,0.0,0,0,0.0
2026-03-14T12:05:00.000,0.0,0.0,0.0,0.0,0,0,0.0
2026-03-14T12:10:00.000,0.0,0.0,0.0,0.0,0,0,0.0
2026-03-14T12:15:00.000,0.0,0.0,0.0,0.0,0,0,0.0
2026-03-14T12:20:00.000,0.0,0.0,0.0,0.0,0,0,0.0
2026-03-14T12:25:00.000,0.0,0.0,0.0,0.0,0,0,0.0
2026-03-14T12:30:00.000,0.0,0.0,0.0,0.0,0,0,0.0
2026-03-14T12:35:00.000,0.0,0.0,0.0,0.0,0,0,0.0
2026-03-14T12:40:00.000,0.0,0.0,0.0,0.0,0,0,0.0
2026-03-14T12:45:00.000,0.0,0.0,0.0,0.0,0,0,0.0
2026-03-14T12:50:00.000,0.0,0.0,0.0,0.0,0,0,0.0
2026-03-14T12:55:00.000,0.0,0.0,0.0,0.0,0,0,0.0
2026-03-14T13:00:00.000,0.0,0.0,0.0,0.0,0,0,0.0
2026-03-14T13:05:00.000,0.0,0.0,0.0,0.0,0,0,0.0
2026-03-14T13:10:00.000,0.0,0.0,0.0,0.0,0,0,0.0
2026-03-14T13:15:00.000,0.0,0.0,0.0,0.0,0,0,0.0
2026-03-14T13:20:00.000,0.0,0.0,0.0,0.0,0,0,0.0
2026-03-14T13:25:00.000,0.0,0.0,0.0,0.0,0,0,0.0
2026-03-14T13:30:00.000,0.0,0.0,0.0,0.0,0,0,0.0
2026-03-14T13:35:00.000,0.0,0.0,0.0,0.0,0,0,0.0
2026-03-14T13:40:00.000,0.0,0.0,0.0,0.0,0,0,0.0
2026-03-14T13:45:00.000,0.0,0.0,0.0,0.0,0,0,0.0
2026-03-14T13:50:00.000,0.0,0.0,0.0,0.0,0,0,0.0
2026-03-14T13:55:00.000,0.0,0.0,0.0,0.0,0,0,0.0
2026-03-14T14:00:00.000,0.0,0.0,0.0,0.0,0,0,0.0
2026-03-14T14:05:00.000,0.0,0.0,0.0,0.0,0,0,0.0
2026-03-14T14:10:00.000,0.0,0.0,0.0,0.0,0,0,0.0
2026-03-14T14:15:00.000,0.0,0.0,0.0,0.0,0,0,0.0
2026-03-14T14:20:00.000,0.0,0.0,0.0,0.0,0,0,0.0
2026-03-14T14:25:00.000,0.0,0.0,0.0,0.0,0,0,0.0
2026-03-14T14:30:00.000,0.0,0.0,0.0,0.0,0,0,0.0
2026-03-14T14:35:00.000,0.0,0.0,0.0,0.0,0,0,0.0
2026-03-14T14:40:00.000,0.0,0.0,0.0,0.0,0,0,0.0
2026-03-14T14:45:00.000,0.0,0.0,0.0,0.0,0,0,0.0
2026-03-14T14:50:00.000,0.0,0.0,0.0,0.0,0,0,0.0
2026-03-14T14:55:00.000,0.0,0.0,0.0,0.0,0,0,0.0
2026-03-14T15:00:00.000,0.0,0.0,0.0,0.0,0,0,0.0
2026-03-14T15:05:00.000,0.0,0.0,0.0,0.0,0,0,0.0
2026-03-14T15:10:00.000,0.0,0.0,0.0,0.0,0,0,0.0
2026-03-14T15:15:00.000,0.0,0.0,0.0,0.0,0,0,0.0
2026-03-14T15:20:00.000,0.0,0.0,0.0,0.0,0,0,0.0
2026-03-14T15:25:00.000,0.0,0.0,0.0,0.0,0,0,0.0
2026-03-14T15:30:00.000,0.0,0.0,0.0,0.0,0,0,0.0
2026-03-14T15:35:00.000,0.0,0.0,0.0,0.0,0,0,0.0
2026-03-14T15:40:00.000,0.0,0.0,0.0,0.0,0,0,0.0
2026-03-14T15:45:00.000,0.0,0.0,0.0,0.0,0,0,0.0
2026-03-14T15:50:00.000,0.0,0.0,0.0,0.0,0,0,0.0
2026-03-14T15:55:00.000,0.0,0.0,0.0,0.0,0,0,0.0
2026-03-14T16:00:00.000,0.0,0.0,0.0,0.0,0,0,0.0
2026-03-15T09:30:00.000,0.0,0.0,0.0,0.0,0,0,0.0
2026-03-15T09:35:00.000,0.0,0.0,0.0,0.0,0,0,0.0
2026-03-15T09:40:00.000,0.0,0.0,0.0,0.0,0,0,0.0
2026-03-15T09:45:00.000,0.0,0.0,0.0,0.0,0,0,0.0
2026-03-15T09:50:00.000,0.0,0.0,0.0,0.0,0,0,0.0
2026-03-15T09:55:00.000,0.0,0.0,0.0,0.0,0,0,0.0
2026-03-15T10:00:00.000,0.0,0.0,0.0,0.0,0,0,0.0
2026-03-15T10:05:00.000,0.0,0.0,0.0,0.0,0,0,0.0
2026-03-15T10:10:00.000,0.0,0.0,0.0,0.0,0,0,0.0
2026-03-15T10:15:00.000,0.0,0.0,0.0,0.0,0,0,0.0
2026-03-15T10:20:00.000,0.0,0.0,0.0,0.0,0,0,0.0
2026-03-15T10:25:00.000,0.0,0.0,0.0,0.0,0,0,0.0
2026-03-15T10:30:00.000,0.0,0.0,0.0,0.0,0,0,0.0
2026-03-15T10:35:00.000,0.0,0.0,0.0,0.0,0,0,0.0
2026-03-15T10:40:00.000,0.0,0.0,0.0,0.0,0,0,0.0
2026-03-15T10:45:00.000,0.0,0.0,0.0,0.0,0,0,0.0
2026-03-15T10:50:00.000,0.0,0.0,0.0,0.0,0,0,0.0
2026-03-15T10:55:00.000,0.0,0.0,0.0,0.0,0,0,0.0
2026-03-15T11:00:00.000,0.0,0.0,0.0,0.0,0,0,0.0
2026-03-15T11:05:00.000,0.0,0.0,0.0,0.0,0,0,0.0
2026-03-15T11:10:00.000,0.0,0.0,0.0,0.0,0,0,0.0
2026-03-15T11:15:00.000,0.0,0.0,0.0,0.0,0,0,0.0
2026-03-15T11:20:00.000,0.0,0.0,0.0,0.0,0,0,0.0
2026-03-15T11:25:00.000,0.0,0.0,0.0,0.0,0,0,0.0
2026-03-15T11:30:00.000,0.0,0.0,0.0,0.0,0,0,0.0
2026-03-15T11:35:00.000,0.0,0.0,0.0,0.0,0,0,0.0
2026-03-15T11:40:00.000,0.0,0.0,0.0,0.0,0,0,0.0
2026-03-15T11:45:00.000,0.0,0.0,0.0,0.0,0,0,0.0
2026-03-15T11:50:00.000,0.0,0.0,0.0,0.0,0,0,0.0
2026-03-15T11:55:00.000,0.0,0.0,0.0,0.0,0,0,0.0
2026-03-15T12:00:00.000,0.0,0.0,0.0,0.0,0,0,0.0
2026-03-15T12:05:00.000,0.0,0.0,0.0,0.0,0,0,0.0
2026-03-15T12:10:00.000,0.0,0.0,0.0,0.0,0,0,0.0
2026-03-15T12:15:00.000,0.0,0.0,0.0,0.0,0,0,0.0
2026-03-15T12:20:00.000,0.0,0.0,0.0,0.0,0,0,0.0
2026-03-15T12:25:00.000,0.0,0.0,0.0,0.0,0,0,0.0
2026-03-15T12:30:00.000,0.0,0.0,0.0,0.0,0,0,0.0
2026-03-15T12:35:00.000,0.0,0.0,0.0,0.0,0,0,0.0
2026-03-15T12:40:00.000,0.0,0.0,0.0,0.0,0,0,0.0
2026-03-15T12:45:00.000,0.0,0.0,0.0,0.0,0,0,0.0
2026-03-15T12:50:00.000,0.0,0.0,0.0,0.0,0,0,0.0
2026-03-15T12:55:00.000,0.0,0.0,0.0,0.0,0,0,0.0
2026-03-15T13:00:00.000,0.0,0.0,0.0,0.0,0,0,0.0
2026-03-15T13:05:00.000,0.0,0.0,0.0,0.0,0,0,0.0
2026-03-15T13:10:00.000,0.0,0.0,0.0,0.0,0,0,0.0
2026-03-15T13:15:00.000,0.0,0.0,0.0,0.0,0,0,0.0
2026-03-15T13:20:00.000,0.0,0.0,0.0,0.0,0,0,0.0
2026-03-15T13:25:00.000,0.0,0.0,0.0,0.0,0,0,0.0
2026-03-15T13:30:00.000,0.0,0.0,0.0,0.0,0,0,0.0
2026-03-15T13:35:00.000,0.0,0.0,0.0,0.0,0,0,0.0
2026-03-15T13:40:00.000,0.0,0.0,0.0,0.0,0,0,0.0
2026-03-15T13:45:00.000,0.0,0.0,0.0,0.0,0,0,0.0
2026-03-15T13:50:00.000,0.0,0.0,0.0,0.0,0,0,0.0
2026-03-15T13:55:00.000,0.0,0.0,0.0,0.0,0,0,0.0
2026-03-15T14:00:00.000,0.0,0.0,0.0,0.0,0,0,0.0
2026-03-15T14:05:00.000,0.0,0.0,0.0,0.0,0,0,0.0
2026-03-15T14:10:00.000,0.0,0.0,0.0,0.0,0,0,0.0
2026-03-15T14:15:00.000,0.0,0.0,0.0,0.0,0,0,0.0
2026-03-15T14:20:00.000,0.0,0.0,0.0,0.0,0,0,0.0
2026-03-15T14:25:00.000,0.0,0.0,0.0,0.0,0,0,0.0
2026-03-15T14:30:00.000,0.0,0.0,0.0,0.0,0,0,0.0
2026-03-15T14:35:00.000,0.0,0.0,0.0,0.0,0,0,0.0
2026-03-15T14:40:00.000,0.0,0.0,0.0,0.0,0,0,0.0
2026-03-15T14:45:00.000,0.0,0.0,0.0,0.0,0,0,0.0
2026-03-15T14:50:00.000,0.0,0.0,0.0,0.0,0,0,0.0
2026-03-15T14:55:00.000,0.0,0.0,0.0,0.0,0,0,0.0
2026-03-15T15:00:00.000,0.0,0.0,0.0,0.0,0,0,0.0
2026-03-15T15:05:00.000,0.0,0.0,0.0,0.0,0,0,0.0
2026-03-15T15:10:00.000,0.0,0.0,0.0,0.0,0,0,0.0
2026-03-15T15:15:00.000,0.0,0.0,0.0,0.0,0,0,0.0
2026-03-15T15:20:00.000,0.0,0.0,0.0,0.0,0,0,0.0
2026-03-15T15:25:00.000,0.0,0.0,0.0,0.0,0,0,0.0
2026-03-15T15:30:00.000,0.0,0.0,0.0,0.0,0,0,0.0
2026-03-15T15:35:00.000,0.0,0.0,0.0,0.0,0,0,0.0
2026-03-15T15:40:00.000,0.0,0.0,0.0,0.0,0,0,0.0
2026-03-15T15:45:00.000,0.0,0.0,0.0,0.0,0,0,0.0
2026-03-15T15:50:00.000,0.0,0.0,0.0,0.0,0,0,0.0
2026-03-15T15:55:00.000,0.0,0.0,0.0,0.0,0,0,0.0
2026-03-15T16:00:00.000,0.0,0.0,0.0,0.0,0,0,0.0
2026-03-16T09:30:00.000,668.38,668.88,667.69,668.57,2035721,36222,668.43
2026-03-16T09:35:00.000,668.58,669.08,668.5,669.01,1326891,20569,668.59
2026-03-16T09:40:00.000,669.02,669.76,668.7,669.64,1359691,21679,668.8
2026-03-16T09:45:00.000,669.63,670.61,669.47,669.99,1728264,25760,669.17
2026-03-16T09:50:00.000,669.98,670.03,669.55,669.8,1402561,18973,669.26
2026-03-16T09:55:00.000,669.81,670.9,669.49,670.8,1245963,20470,669.41
2026-03-16T10:00:00.000,670.8,670.89,669.99,670.32,900622,17709,669.5
2026-03-16T10:05:00.000,670.33,671.06,670.05,670.8,811071,15335,669.59
2026-03-16T10:10:00.000,670.8,671.4,670.4299,670.64,1145596,20794,669.72
2026-03-16T10:15:00.000,670.65,671.21,670.4,670.57,1181615,27516,669.8
2026-03-16T10:20:00.000,670.58,671.35,670.51,670.995,889401,12321,669.85
2026-03-16T10:25:00.000,670.99,671.14,670.25,670.27,903666,14428,669.9
2026-03-16T10:30:00.000,670.27,670.35,668.97,669.075,1134978,19477,669.88
2026-03-16T10:35:00.000,669.07,669.6513,668.33,668.4,1537582,21921,669.82
2026-03-16T10:40:00.000,668.4,668.76,668.05,668.22,1122161,19233,669.73
2026-03-16T10:45:00.000,668.21,668.66,667.8,668.024,1065006,16489,669.65
2026-03-16T10:50:00.000,668.02,669.265,667.575,669.1875,1083482,16711,669.58
2026-03-16T10:55:00.000,669.17,669.83,668.88,669.83,700450,13156,669.57
2026-03-16T11:00:00.000,669.84,669.87,668.92,669.06,665076,12969,669.57
2026-03-16T11:05:00.000,669.06,669.3,668.62,669.29,516308,9663,669.55
2026-03-16T11:10:00.000,669.29,669.56,668.66,669.3901,542603,9783,669.54
2026-03-16T11:15:00.000,669.38,669.67,668.82,669.6607,488580,10418,669.53
2026-03-16T11:20:00.000,669.69,670.3,669.46,670.16,1132400,11682,669.54
2026-03-16T11:25:00.000,670.17,670.32,669.69,670.06,501504,10346,669.55
2026-03-16T11:30:00.000,670.04,670.58,670.03,670.42,707298,12408,669.57
2026-03-16T11:35:00.000,670.44,670.64,670.16,670.18,445129,8986,669.59
2026-03-16T11:40:00.000,670.16,670.24,669.74,669.87,527830,10328,669.59
2026-03-16T11:45:00.000,669.86,670.29,669.8,670.115,289557,6792,669.6
2026-03-16T11:50:00.000,670.13,670.13,669.08,669.41,1107040,13385,669.6
2026-03-16T11:55:00.000,669.41,669.61,668.44,668.47,814379,14715,669.58
2026-03-16T12:00:00.000,668.47,668.89,668.21,668.23,699752,11396,669.55
2026-03-16T12:05:00.000,668.23,669.15,668.18,668.7399,506548,8670,669.54
2026-03-16T12:10:00.000,668.74,669.19,668.53,668.8707,661693,8604,669.52
2026-03-16T12:15:00.000,668.86,669.1,668.395,668.63,598985,8375,669.51
2026-03-16T12:20:00.000,668.62,668.7,667.36,667.4,3582805,16174,669.46
2026-03-16T12:25:00.000,667.39,667.82,667.15,667.45,1593577,16225,669.39
2026-03-16T12:30:00.000,667.42,667.93,667.12,667.5,673158,11794,669.35
2026-03-16T12:35:00.000,667.53,668.21,667.505,668.2,561955,9837,669.32
2026-03-16T12:40:00.000,668.19,668.89,667.9,668.64,384179,7713,669.31
2026-03-16T12:45:00.000,668.65,668.81,668.25,668.52,427804,8015,669.3
2026-03-16T12:50:00.000,668.53,669.074,668.39,668.57,403972,7413,669.29
2026-03-16T12:55:00.000,668.57,668.81,668.27,668.425,448631,5848,669.29
2026-03-16T13:00:00.000,668.43,669.53,668.406,668.69,889722,15314,669.28
2026-03-16T13:05:00.000,668.72,669.19,668.59,668.93,357858,6713,669.28
2026-03-16T13:10:00.000,668.93,669.64,668.93,669.35,481194,8887,669.28
2026-03-16T13:15:00.000,669.36,669.44,668.88,669.275,318194,6254,669.28
2026-03-16T13:20:00.000,669.28,669.75,669.23,669.5,534982,8300,669.28
2026-03-16T13:25:00.000,669.5181,669.74,669.14,669.2,557499,8846,669.28
2026-03-16T13:30:00.000,669.2,669.56,668.87,669.08,368211,8363,669.28
2026-03-16T13:35:00.000,669.05,669.32,668.85,668.9,281962,5802,669.28
2026-03-16T13:40:00.000,668.9001,669.1,668.61,668.66,368453,7033,669.28
2026-03-16T13:45:00.000,668.66,669.2,668.2,668.36,753286,8790,669.27
2026-03-16T13:50:00.000,668.35,668.87,667.98,668.61,725325,9552,669.26
2026-03-16T13:55:00.000,668.59,668.99,668.47,668.755,293030,5138,669.25
2026-03-16T14:00:00.000,668.76,669.165,668.66,669.165,2539216,8694,669.25
2026-03-16T14:05:00.000,669.16,669.77,669.0,669.52,998851,14861,669.25
2026-03-16T14:10:00.000,669.52,669.72,669.25,669.55,457165,7561,669.26
2026-03-16T14:15:00.000,669.54,670.06,669.47,669.82,725680,11440,669.27
2026-03-16T14:20:00.000,669.81,670.08,669.6374,669.95,397613,7728,669.27
2026-03-16T14:25:00.000,669.96,670.035,669.55,669.8,555819,9450,669.28
2026-03-16T14:30:00.000,669.8,669.99,669.5901,669.92,436966,7516,669.28
2026-03-16T14:35:00.000,669.92,670.1599,669.69,670.07,625871,9719,669.29
2026-03-16T14:40:00.000,670.06,670.24,669.8875,670.18,652131,8976,669.3
2026-03-16T14:45:00.000,670.2,670.31,670.04,670.075,753979,10309,669.32
2026-03-16T14:50:00.000,670.08,670.08,669.71,669.74,598491,9635,669.32
2026-03-16T14:55:00.000,669.74,669.82,669.49,669.605,741709,7996,669.33
2026-03-16T15:00:00.000,669.605,670.0,669.39,669.58,635140,10009,669.33
2026-03-16T15:05:00.000,669.58,671.37,669.24,671.34,1079571,15487,669.35
2026-03-16T15:10:00.000,671.34,672.07,669.65,669.85,2028054,26334,669.4
2026-03-16T15:15:00.000,669.835,670.3,669.39,669.41,1057468,14863,669.41
2026-03-16T15:20:00.000,669.41,669.74,668.96,669.15,1180029,14308,669.41
2026-03-16T15:25:00.000,669.14,669.51,668.69,669.27,1816534,20424,669.4
2026-03-16T15:30:00.000,669.27,669.3975,668.92,668.97,1179973,16306,669.39
2026-03-16T15:35:00.000,668.97,669.43,668.8,668.9699,1021883,14241,669.38
2026-03-16T15:40:00.000,668.96,669.12,668.42,668.6003,975816,12718,669.37
2026-03-16T15:45:00.000,668.59,668.86,668.42,668.76,1608639,19798,669.35
2026-03-16T15:50:00.000,668.77,669.05,668.47,668.645,1993434,24806,669.33
2026-03-16T15:55:00.000,668.65,669.23,668.64,668.96,3719357,34747,669.32
2026-03-16T16:00:00.000,668.96,668.96,668.96,668.96,866,2,669.32
2026-03-17T09:30:00.000,672.39,673.83,671.91,673.44,2033140,30649,672.91
2026-03-17T09:35:00.000,673.46,673.93,673.19,673.905,1428249,18416,673.14
2026-03-17T09:40:00.000,673.9,673.97,673.45,673.51,952062,14150,673.27
2026-03-17T09:45:00.000,673.5,674.44,673.37,674.2498,1343002,19153,673.46
2026-03-17T09:50:00.000,674.245,674.26,673.67,674.0581,1152307,17415,673.54
2026-03-17T09:55:00.000,674.05,674.17,673.66,673.89,664944,12223,673.57
2026-03-17T10:00:00.000,673.88,673.91,672.98,673.2,1711617,22140,673.54
2026-03-17T10:05:00.000,673.21,673.555,673.125,673.27,584453,10454,673.53
2026-03-17T10:10:00.000,673.28,673.35,672.285,672.3,1041718,21670,673.45
2026-03-17T10:15:00.000,672.3,672.6,671.56,672.6,1378742,20763,673.3
2026-03-17T10:20:00.000,672.59,672.92,672.31,672.4802,630628,11314,673.27
2026-03-17T10:25:00.000,672.5,672.77,672.05,672.56,679497,11565,673.22
2026-03-17T10:30:00.000,672.57,673.12,672.14,673.03,563324,10147,673.2
2026-03-17T10:35:00.000,673.04,673.27,672.33,672.51,746954,12624,673.18
2026-03-17T10:40:00.000,672.51,673.38,672.25,673.28,586870,10724,673.17
2026-03-17T10:45:00.000,673.28,673.47,673.06,673.3,481632,9824,673.17
2026-03-17T10:50:00.000,673.305,673.37,672.97,673.125,598906,9870,673.17
2026-03-17T10:55:00.000,673.13,673.33,672.9,673.03,389532,8477,673.17
2026-03-17T11:00:00.000,673.02,673.27,672.44,672.5,485361,9462,673.17
2026-03-17T11:05:00.000,672.49,672.62,671.81,671.83,1081023,16742,673.1
2026-03-17T11:10:00.000,671.82,672.24,671.66,671.93,930566,14504,673.05
2026-03-17T11:15:00.000,671.92,672.69,671.91,672.44,631722,11599,673.02
2026-03-17T11:20:00.000,672.4103,672.63,671.6,672.11,732680,13084,672.99
2026-03-17T11:25:00.000,672.11,672.54,671.63,671.635,647159,9754,672.97
2026-03-17T11:30:00.000,671.63,672.19,671.16,671.25,1021940,10957,672.93
2026-03-17T11:35:00.000,671.26,671.52,670.3,670.81,1510796,19107,672.79
2026-03-17T11:40:00.000,670.82,671.28,670.59,671.21,1105515,12322,672.73
2026-03-17T11:45:00.000,671.2,671.65,670.94,670.94,425972,8719,672.71
2026-03-17T11:50:00.000,670.97,671.63,670.97,671.358,590913,9376,672.68
2026-03-17T11:55:00.000,671.3599,671.51,670.83,671.01,670359,8721,672.64
2026-03-17T12:00:00.000,671.02,671.1,670.31,670.59,723834,10813,672.59
2026-03-17T12:05:00.000,670.6,671.0,669.7,670.71,1042085,13819,672.52
2026-03-17T12:10:00.000,670.68,671.4,670.6,670.71,1561514,12244,672.47
2026-03-17T12:15:00.000,670.725,671.5665,670.56,671.5665,420389,7507,672.45
2026-03-17T12:20:00.000,671.55,671.59,671.02,671.48,402320,6969,672.44
2026-03-17T12:25:00.000,671.49,671.49,670.96,671.21,399403,6543,672.42
2026-03-17T12:30:00.000,671.2,671.43,670.745,671.17,522120,8827,672.4
2026-03-17T12:35:00.000,671.17,671.515,670.72,670.89,364861,6994,672.38
2026-03-17T12:40:00.000,670.89,671.55,670.79,671.545,402849,7417,672.36
2026-03-17T12:45:00.000,671.54,671.64,671.14,671.31,453116,7982,672.35
2026-03-17T12:50:00.000,671.31,671.49,671.09,671.25,430850,7130,672.33
2026-03-17T12:55:00.000,671.245,671.43,670.91,670.95,410278,7114,672.32
2026-03-17T13:00:00.000,670.94,671.94,670.93,671.83,497249,8230,672.31
2026-03-17T13:05:00.000,671.84,671.89,671.61,671.81,445235,7743,672.3
2026-03-17T13:10:00.000,671.82,671.88,671.23,671.59,514306,9123,672.29
2026-03-17T13:15:00.000,671.58,671.585,671.265,671.41,313535,6297,672.28
2026-03-17T13:20:00.000,671.42,671.6199,671.12,671.4616,548751,8087,672.27
2026-03-17T13:25:00.000,671.46,671.705,671.265,671.53,235881,4160,672.26
2026-03-17T13:30:00.000,671.53,671.71,671.33,671.455,296648,5668,672.25
2026-03-17T13:35:00.000,671.45,671.975,671.415,671.91,369216,6269,672.25
2026-03-17T13:40:00.000,671.9,671.94,671.19,671.29,358154,6936,672.24
2026-03-17T13:45:00.000,671.33,671.5,671.03,671.3301,605345,9402,672.23
2026-03-17T13:50:00.000,671.33,671.9512,671.175,671.8401,590947,9700,672.22
2026-03-17T13:55:00.000,671.84,671.87,671.63,671.7,446769,7959,672.21
2026-03-17T14:00:00.000,671.7,672.0,671.41,671.9,2240850,9562,672.2
2026-03-17T14:05:00.000,671.9,672.23,671.675,672.21,1096160,10556,672.2
2026-03-17T14:10:00.000,672.205,672.3,671.86,671.86,472229,7254,672.2
2026-03-17T14:15:00.000,671.87,671.9863,671.72,671.79,346433,6196,672.19
2026-03-17T14:20:00.000,671.8,671.82,670.93,670.96,812323,10839,672.18
2026-03-17T14:25:00.000,670.95,671.24,670.86,670.9,613668,10348,672.16
2026-03-17T14:30:00.000,670.9,671.19,670.74,671.09,612325,9650,672.15
2026-03-17T14:35:00.000,671.0925,671.2,670.92,671.04,852775,9395,672.13
2026-03-17T14:40:00.000,671.04,671.2,670.79,670.86,473778,8078,672.12
2026-03-17T14:45:00.000,670.86,671.18,670.83,671.12,460096,7408,672.11
2026-03-17T14:50:00.000,671.11,671.44,670.91,671.4,517101,7872,672.1
2026-03-17T14:55:00.000,671.4,671.4,670.85,671.0899,524126,8501,672.08
2026-03-17T15:00:00.000,671.09,671.34,670.97,671.01,573044,9125,672.07
2026-03-17T15:05:00.000,671.0,671.03,670.59,670.99,796065,11949,672.05
2026-03-17T15:10:00.000,670.99,671.23,670.9693,671.19,1148238,8485,672.04
2026-03-17T15:15:00.000,671.195,671.605,671.14,671.42,810262,11066,672.03
2026-03-17T15:20:00.000,671.41,671.45,671.1,671.17,778030,8612,672.02
2026-03-17T15:25:00.000,671.18,671.22,670.97,671.04,787521,11140,672.01
2026-03-17T15:30:00.000,671.04,671.28,670.945,670.99,793464,12569,671.99
2026-03-17T15:35:00.000,671.0,671.14,670.94,670.99,514962,9178,671.98
2026-03-17T15:40:00.000,670.99,671.15,670.75,670.86,1054343,11706,671.96
2026-03-17T15:45:00.000,670.87,671.21,670.85,671.175,1120530,13589,671.95
2026-03-17T15:50:00.000,671.18,671.28,670.58,671.205,2681896,21493,671.9
2026-03-17T15:55:00.000,671.2,671.2,670.47,670.73,3981971,33368,671.84
2026-03-17T16:00:00.000,670.73,670.73,670.72,670.72,1040,2,671.84
2026-03-18T09:30:00.000,668.36,669.07,667.88,668.77,1915839,26480,668.49
2026-03-18T09:35:00.000,668.78,669.3,668.5,669.09,1454797,22655,668.69
2026-03-18T09:40:00.000,669.08,669.56,668.265,668.7301,1379239,20602,668.78
2026-03-18T09:45:00.000,668.72,669.72,668.51,669.085,1033827,17582,668.84
2026-03-18T09:50:00.000,669.1,669.32,668.54,668.75,845636,14661,668.84
2026-03-18T09:55:00.000,668.77,669.29,668.35,669.28,896443,15185,668.83
2026-03-18T10:00:00.000,669.28,669.41,667.93,668.46,803912,14924,668.82
2026-03-18T10:05:00.000,668.47,669.37,668.21,668.88,676887,12710,668.81
2026-03-18T10:10:00.000,668.85,668.9,667.16,667.16,1100538,17850,668.71
2026-03-18T10:15:00.000,667.16,667.84,667.13,667.54,718682,17116,668.63
2026-03-18T10:20:00.000,667.54,667.7,667.21,667.28,573335,11261,668.57
2026-03-18T10:25:00.000,667.3,667.37,665.72,665.96,1237589,19978,668.33
2026-03-18T10:30:00.000,665.97,666.94,665.9,666.2199,1025775,16249,668.18
2026-03-18T10:35:00.000,666.24,666.57,665.9535,666.1099,623897,12059,668.1
2026-03-18T10:40:00.000,666.1,666.28,665.73,665.94,583145,12006,668.01
2026-03-18T10:45:00.000,665.91,666.46,665.66,665.92,583411,11985,667.94
2026-03-18T10:50:00.000,665.927,666.42,665.88,666.22,500571,10262,667.89
2026-03-18T10:55:00.000,666.22,667.155,666.1625,667.14,812184,14556,667.83
2026-03-18T11:00:00.000,667.13,667.715,666.74,667.2,954718,15852,667.8
2026-03-18T11:05:00.000,667.17,668.0,667.13,667.94,554792,10542,667.79
2026-03-18T11:10:00.000,667.96,667.974,667.35,667.51,586969,11242,667.79
2026-03-18T11:15:00.000,667.51,667.725,666.79,666.858,528303,10654,667.78
2026-03-18T11:20:00.000,666.87,667.17,666.4,667.13,593073,10490,667.75
2026-03-18T11:25:00.000,667.11,667.28,666.89,666.9342,348962,7948,667.74
2026-03-18T11:30:00.000,666.91,667.62,666.8,667.3301,515544,9968,667.73
2026-03-18T11:35:00.000,667.34,667.57,667.08,667.35,405216,8560,667.72
2026-03-18T11:40:00.000,667.34,667.41,666.72,667.13,422654,8856,667.71
2026-03-18T11:45:00.000,667.13,667.38,666.7,666.87,414416,8143,667.7
2026-03-18T11:50:00.000,666.87,667.33,666.67,667.33,398216,8286,667.68
2026-03-18T11:55:00.000,667.32,667.465,666.935,667.04,488976,8331,667.67
2026-03-18T12:00:00.000,667.03,667.06,666.51,666.88,388721,7048,667.66
2026-03-18T12:05:00.000,666.89,667.08,666.6,666.71,336388,6493,667.65
2026-03-18T12:10:00.000,666.7,667.4101,666.4918,667.3,433227,7070,667.63
2026-03-18T12:15:00.000,667.31,667.36,666.808,667.35,288777,5638,667.63
2026-03-18T12:20:00.000,667.36,667.58,667.18,667.41,262107,5070,667.63
2026-03-18T12:25:00.000,667.405,667.44,667.0,667.07,368820,6962,667.62
2026-03-18T12:30:00.000,667.07,667.296,666.27,666.35,536260,10181,667.6
2026-03-18T12:35:00.000,666.34,666.82,665.83,666.685,585664,10298,667.57
2026-03-18T12:40:00.000,666.685,666.83,666.36,666.5,294760,5738,667.56
2026-03-18T12:45:00.000,666.49,666.72,666.24,666.6,242413,5040,667.55
2026-03-18T12:50:00.000,666.585,667.12,666.395,667.02,326090,6237,667.55
2026-03-18T12:55:00.000,667.02,667.2,666.45,666.55,387231,6253,667.54
2026-03-18T13:00:00.000,666.54,666.63,665.76,666.3,729927,9494,667.51
2026-03-18T13:05:00.000,666.29,666.44,665.8721,665.93,468241,5926,667.49
2026-03-18T13:10:00.000,665.93,666.11,665.43,665.65,504442,8724,667.46
2026-03-18T13:15:00.000,665.64,666.02,665.46,665.95,549680,9258,667.43
2026-03-18T13:20:00.000,665.95,666.13,665.815,666.06,353976,6741,667.41
2026-03-18T13:25:00.000,666.065,666.08,665.69,665.84,508705,6419,667.39
2026-03-18T13:30:00.000,665.84,666.02,665.29,666.01,572796,10444,667.36
2026-03-18T13:35:00.000,666.03,666.53,666.02,666.375,593460,9797,667.34
2026-03-18T13:40:00.000,666.375,666.4,665.82,665.92,549491,8444,667.32
2026-03-18T13:45:00.000,665.92,666.65,665.84,666.16,627968,10435,667.3
2026-03-18T13:50:00.000,666.16,666.5301,665.9212,666.53,256225,4635,667.29
2026-03-18T13:55:00.000,666.55,666.87,666.3,666.72,493960,7543,667.28
2026-03-18T14:00:00.000,666.71,667.44,666.47,667.08,1191485,15876,667.27
2026-03-18T14:05:00.000,667.06,667.1,666.44,666.49,443816,7336,667.26
2026-03-18T14:10:00.000,666.5,666.76,666.195,666.56,490697,8048,667.25
2026-03-18T14:15:00.000,666.55,666.57,665.39,665.65,928383,14627,667.21
2026-03-18T14:20:00.000,665.63,666.0,665.38,665.78,495067,7381,667.19
2026-03-18T14:25:00.000,665.78,666.17,665.6,666.12,563426,8123,667.17
2026-03-18T14:30:00.000,666.11,666.3,664.62,664.68,948251,15965,667.13
2026-03-18T14:35:00.000,664.69,666.17,664.51,664.76,1350279,19594,667.06
2026-03-18T14:40:00.000,664.74,665.54,664.41,664.99,1250653,18038,667.0
2026-03-18T14:45:00.000,664.96,665.08,664.59,664.67,764738,13115,666.96
2026-03-18T14:50:00.000,664.66,664.7,663.43,663.62,1362182,21632,666.86
2026-03-18T14:55:00.000,663.64,664.04,663.32,663.41,1128306,17576,666.78
2026-03-18T15:00:00.000,663.4,664.44,663.26,664.43,1799268,16780,666.71
2026-03-18T15:05:00.000,664.43,664.72,664.11,664.46,1220374,17092,666.65
2026-03-18T15:10:00.000,664.43,664.43,663.63,663.95,1387044,13707,666.6
2026-03-18T15:15:00.000,663.94,664.03,663.33,663.335,843140,13025,666.54
2026-03-18T15:20:00.000,663.33,663.48,662.685,662.745,1371068,20698,666.45
2026-03-18T15:25:00.000,662.74,663.21,662.68,662.91,1302974,16820,666.35
2026-03-18T15:30:00.000,662.9,663.2192,662.61,663.06,1675251,19308,666.25
2026-03-18T15:35:00.000,663.07,663.11,662.4,662.51,1405222,18420,666.16
2026-03-18T15:40:00.000,662.51,662.65,661.77,662.015,1654717,22864,666.04
2026-03-18T15:45:00.000,662.01,662.18,661.62,661.885,1797033,24661,665.91
2026-03-18T15:50:00.000,661.89,662.37,661.78,661.995,2516578,34106,665.75
2026-03-18T15:55:00.000,661.99,662.125,661.19,661.51,5200384,55868,665.43
2026-03-18T16:00:00.000,661.54,661.54,661.53,661.53,5500,3,665.43
2026-03-19T09:30:00.000,656.97,657.0,655.17,656.18,4284561,66058,656.02
2026-03-19T09:35:00.000,656.185,657.0,655.32,656.25,2577981,32576,656.0
2026-03-19T09:40:00.000,656.24,657.65,656.01,657.34,2043739,33961,656.22
2026-03-19T09:45:00.000,657.33,657.96,656.56,657.9325,2102027,33574,656.41
2026-03-19T09:50:00.000,657.93,658.96,657.69,658.8,1749579,25724,656.63
2026-03-19T09:55:00.000,658.8,658.83,657.84,658.66,1028351,20055,656.76
2026-03-19T10:00:00.000,658.64,659.17,658.19,658.33,989270,22911,656.9
2026-03-19T10:05:00.000,658.35,658.93,658.06,658.26,804066,18538,656.98
2026-03-19T10:10:00.000,658.27,659.47,657.97,658.11,1314819,23389,657.13
2026-03-19T10:15:00.000,658.1,658.3636,657.24,657.635,1116179,18610,657.17
2026-03-19T10:20:00.000,657.65,658.17,656.7,656.9,1190023,19640,657.17
2026-03-19T10:25:00.000,656.93,657.23,656.04,656.33,1024323,16696,657.15
2026-03-19T10:30:00.000,656.34,658.54,656.26,658.44,1168548,20822,657.16
2026-03-19T10:35:00.000,658.43,659.064,657.07,657.35,1237673,19177,657.22
2026-03-19T10:40:00.000,657.35,658.3391,657.24,657.435,644188,13440,657.23
2026-03-19T10:45:00.000,657.48,658.03,657.08,658.02,591492,13274,657.24
2026-03-19T10:50:00.000,658.01,658.43,657.53,657.86,892046,14474,657.26
2026-03-19T10:55:00.000,657.86,658.4,657.33,657.7985,862310,16782,657.28
2026-03-19T11:00:00.000,657.79,658.57,657.51,658.56,1451232,14179,657.3
2026-03-19T11:05:00.000,658.56,659.71,658.31,658.8,1543472,21362,657.38
2026-03-19T11:10:00.000,658.77,659.39,658.65,659.3593,733316,14848,657.42
2026-03-19T11:15:00.000,659.36,659.6499,658.045,658.11,1049634,17046,657.48
2026-03-19T11:20:00.000,658.16,658.35,657.45,657.53,1104748,18762,657.49
2026-03-19T11:25:00.000,657.54,658.01,657.21,657.72,920987,16118,657.5
2026-03-19T11:30:00.000,657.72,657.83,656.78,656.81,1032923,16623,657.49
2026-03-19T11:35:00.000,656.79,657.17,656.36,656.82,1227561,17627,657.46
2026-03-19T11:40:00.000,656.884,657.28,656.49,656.51,953850,17081,657.44
2026-03-19T11:45:00.000,656.51,657.26,656.18,656.97,878906,15509,657.42
2026-03-19T11:50:00.000,656.9699,657.22,656.645,656.69,675967,11540,657.41
2026-03-19T11:55:00.000,656.7,657.95,656.7,657.925,1668865,24586,657.42
2026-03-19T12:00:00.000,657.91,658.93,657.43,658.37,1236474,15911,657.45
2026-03-19T12:05:00.000,658.37,659.04,658.15,658.5,893839,12524,657.47
2026-03-19T12:10:00.000,658.53,658.56,657.615,657.815,953387,16385,657.49
2026-03-19T12:15:00.000,657.83,658.08,657.34,657.56,552018,10161,657.49
2026-03-19T12:20:00.000,657.57,657.88,657.12,657.54,952742,11187,657.49
2026-03-19T12:25:00.000,657.53,658.14,657.42,657.95,864281,13076,657.49
2026-03-19T12:30:00.000,657.98,658.17,657.48,657.84,653434,10570,657.5
2026-03-19T12:35:00.000,657.84,658.09,657.27,658.01,1196190,11286,657.5
2026-03-19T12:40:00.000,658.02,658.71,657.86,658.19,969868,11896,657.52
2026-03-19T12:45:00.000,658.2,658.32,657.49,657.62,712087,10146,657.52
2026-03-19T12:50:00.000,657.62,657.69,656.61,657.04,652049,11116,657.51
2026-03-19T12:55:00.000,657.04,657.31,656.77,657.168,617938,10230,657.51
2026-03-19T13:00:00.000,657.16,657.355,656.53,656.55,849307,8601,657.5
2026-03-19T13:05:00.000,656.5451,656.72,655.705,655.855,779702,13549,657.48
2026-03-19T13:10:00.000,655.84,656.25,655.61,655.82,747736,12947,657.45
2026-03-19T13:15:00.000,655.815,656.9001,655.68,656.89,810773,12506,657.43
2026-03-19T13:20:00.000,656.88,657.55,656.57,657.23,795697,11048,657.43
2026-03-19T13:25:00.000,657.24,657.51,656.95,657.12,613415,9911,657.43
2026-03-19T13:30:00.000,657.1,657.49,656.67,656.77,978760,11033,657.42
2026-03-19T13:35:00.000,656.75,656.87,656.29,656.3,603068,7555,657.41
2026-03-19T13:40:00.000,656.29,656.72,656.16,656.54,447135,7225,657.41
2026-03-19T13:45:00.000,656.555,656.85,656.34,656.725,300570,5957,657.4
2026-03-19T13:50:00.000,656.72,657.88,656.67,657.73,733641,10719,657.4
2026-03-19T13:55:00.000,657.725,657.735,657.1599,657.24,716517,7945,657.4
2026-03-19T14:00:00.000,657.23,657.29,656.63,656.72,913829,11526,657.39
2026-03-19T14:05:00.000,656.725,657.47,656.65,657.24,1315762,12906,657.39
2026-03-19T14:10:00.000,657.27,658.62,657.265,658.35,1028097,15810,657.4
2026-03-19T14:15:00.000,658.36,658.53,657.73,658.18,702135,11919,657.41
2026-03-19T14:20:00.000,658.19,658.3,657.69,657.825,853414,9705,657.41
2026-03-19T14:25:00.000,657.82,657.945,657.1699,657.175,552121,9629,657.42
2026-03-19T14:30:00.000,657.18,657.32,656.82,657.19,908395,10887,657.41
2026-03-19T14:35:00.000,657.19,657.38,656.58,656.8,619189,11155,657.41
2026-03-19T14:40:00.000,656.81,656.89,656.32,656.48,957667,11755,657.4
2026-03-19T14:45:00.000,656.49,656.84,656.375,656.65,620455,11470,657.39
2026-03-19T14:50:00.000,656.65,657.0401,656.33,657.0,568623,9896,657.38
2026-03-19T14:55:00.000,657.02,658.81,656.88,658.45,1882009,26479,657.4
2026-03-19T15:00:00.000,658.44,660.73,658.39,660.36,3603543,42476,657.53
2026-03-19T15:05:00.000,660.37,662.98,660.37,661.71,4904244,66491,657.84
2026-03-19T15:10:00.000,661.71,662.66,660.67,661.85,2437311,40369,657.97
2026-03-19T15:15:00.000,661.87,662.3,661.17,661.84,1743576,26252,658.06
2026-03-19T15:20:00.000,661.86,661.92,660.46,660.62,1520528,20666,658.12
2026-03-19T15:25:00.000,660.62,660.69,659.66,660.25,2163422,23041,658.16
2026-03-19T15:30:00.000,660.24,660.74,659.75,659.94,1457010,19932,658.2
2026-03-19T15:35:00.000,659.93,660.39,658.97,660.33,1521702,22492,658.23
2026-03-19T15:40:00.000,660.35,660.63,659.94,660.27,1569637,22624,658.27
2026-03-19T15:45:00.000,660.26,660.49,659.81,660.01,1827561,28361,658.31
2026-03-19T15:50:00.000,659.98,660.2,659.53,659.74,1724488,26224,658.34
2026-03-19T15:55:00.000,659.75,660.25,659.59,659.735,3403199,45152,658.4
2026-03-19T16:00:00.000,0.0,0.0,0.0,0.0,0,0,658.4
2026-03-20T09:30:00.000,656.51,656.55,654.86,655.06,2337431,30996,655.75
2026-03-20T09:35:00.000,655.06,655.5,654.65,654.835,2700622,26100,655.43
2026-03-20T09:40:00.000,654.84,656.32,654.71,656.2599,1560250,23359,655.43
2026-03-20T09:45:00.000,656.25,656.69,655.33,655.56,1309334,21754,655.53
2026-03-20T09:50:00.000,655.53,655.58,653.94,654.51,1932443,28595,655.31
2026-03-20T09:55:00.000,654.51,654.69,653.0,653.15,1781489,29440,655.03
2026-03-20T10:00:00.000,653.17,653.63,652.48,653.09,2074141,30151,654.69
2026-03-20T10:05:00.000,653.08,653.8111,652.56,652.91,1101247,20201,654.58
2026-03-20T10:10:00.000,652.92,653.33,651.48,651.77,1492226,24659,654.35
2026-03-20T10:15:00.000,651.75,652.55,651.64,652.18,1050506,17969,654.21
2026-03-20T10:20:00.000,652.16,652.45,651.6,652.07,1110393,18160,654.08
2026-03-20T10:25:00.000,652.06,652.32,651.63,651.86,966319,17021,653.96
2026-03-20T10:30:00.000,651.86,653.225,651.85,653.18,1456589,19492,653.89
2026-03-20T10:35:00.000,653.18,653.5,651.98,652.5,1309797,22692,653.83
2026-03-20T10:40:00.000,652.5,652.86,652.24,652.37,844239,14005,653.78
2026-03-20T10:45:00.000,652.37,652.925,652.23,652.76,592038,12701,653.75
2026-03-20T10:50:00.000,652.74,652.86,651.2,651.29,12561192,20911,653.66
2026-03-20T10:55:00.000,651.31,652.7,651.29,652.12,2062337,18617,653.59
2026-03-20T11:00:00.000,652.11,653.09,651.7099,652.02,1308607,20551,653.54
2026-03-20T11:05:00.000,652.05,652.57,651.68,652.24,606737,11584,653.5
2026-03-20T11:10:00.000,652.25,653.2599,652.16,653.12,774807,13642,653.48
2026-03-20T11:15:00.000,653.13,653.19,652.09,652.146,668504,12913,653.46
2026-03-20T11:20:00.000,652.12,654.16,651.87,652.4,1974080,22563,653.44
2026-03-20T11:25:00.000,652.43,652.69,651.5,651.92,1122661,16344,653.39
2026-03-20T11:30:00.000,651.94,652.7302,651.73,652.56,656237,12499,653.37
2026-03-20T11:35:00.000,652.57,652.85,651.98,652.3,575882,11337,653.35
2026-03-20T11:40:00.000,652.3,652.85,652.03,652.6199,456356,9235,653.34
2026-03-20T11:45:00.000,652.59,652.75,652.02,652.4946,544818,10544,653.32
2026-03-20T11:50:00.000,652.5,652.96,652.05,652.93,619933,10380,653.31
2026-03-20T11:55:00.000,652.93,653.26,652.55,652.945,5639165,10652,653.3
2026-03-20T12:00:00.000,652.97,653.87,652.78,653.6884,1124556,11186,653.3
2026-03-20T12:05:00.000,653.68,653.68,652.86,653.17,1100422,14501,653.3
2026-03-20T12:10:00.000,653.18,653.65,653.11,653.35,499282,8371,653.3
2026-03-20T12:15:00.000,653.35,653.83,652.83,653.8,2411271,9686,653.3
2026-03-20T12:20:00.000,653.82,653.99,653.49,653.6,734854,7966,653.31
2026-03-20T12:25:00.000,653.59,653.6399,652.96,653.1,1005548,9902,653.31
2026-03-20T12:30:00.000,653.1,653.12,651.96,652.59,1184799,13370,653.29
2026-03-20T12:35:00.000,652.6,652.85,652.15,652.48,559999,9682,653.28
2026-03-20T12:40:00.000,652.47,652.77,652.32,652.51,943640,7429,653.27
2026-03-20T12:45:00.000,652.5,652.62,652.07,652.416,465686,8177,653.26
2026-03-20T12:50:00.000,652.41,652.72,651.95,652.57,539764,9404,653.25
2026-03-20T12:55:00.000,652.55,653.4,652.52,652.77,715710,11790,653.24
2026-03-20T13:00:00.000,652.76,653.2,652.76,653.11,912471,8483,653.24
2026-03-20T13:05:00.000,653.12,653.25,651.75,652.85,1590399,21406,653.21
2026-03-20T13:10:00.000,652.87,653.12,652.24,652.32,691069,9314,653.2
2026-03-20T13:15:00.000,652.35,652.59,652.07,652.1999,467541,7952,653.19
2026-03-20T13:20:00.000,652.2,652.73,652.11,652.36,689581,8252,653.18
2026-03-20T13:25:00.000,652.37,652.48,651.98,652.16,428352,7499,653.17
2026-03-20T13:30:00.000,652.19,652.37,651.32,651.49,720110,12222,653.15
2026-03-20T13:35:00.000,651.48,651.79,650.68,651.45,1013514,16875,653.11
2026-03-20T13:40:00.000,651.45,651.73,650.96,651.135,707694,11138,653.08
2026-03-20T13:45:00.000,651.14,651.25,650.55,650.82,854883,12639,653.04
2026-03-20T13:50:00.000,650.81,651.51,650.67,651.342,805728,11839,653.01
2026-03-20T13:55:00.000,651.35,651.69,651.21,651.4,928246,9428,652.99
2026-03-20T14:00:00.000,651.41,651.695,650.78,650.81,1128545,15257,652.95
2026-03-20T14:05:00.000,650.81,651.2,650.51,650.845,1155546,20241,652.91
2026-03-20T14:10:00.000,650.84,650.85,650.31,650.59,990515,14203,652.86
2026-03-20T14:15:00.000,650.6,650.73,650.13,650.49,1717227,13546,652.82
2026-03-20T14:20:00.000,650.48,650.66,648.66,648.975,3202077,42518,652.64
2026-03-20T14:25:00.000,648.975,649.85,648.97,649.43,1922852,23573,652.54
2026-03-20T14:30:00.000,649.43,649.655,648.87,648.95,1188355,16008,652.48
2026-03-20T14:35:00.000,648.965,649.0931,648.16,648.34,1488427,23584,652.38
2026-03-20T14:40:00.000,648.35,648.7,647.92,648.16,1951032,23041,652.29
2026-03-20T14:45:00.000,648.16,648.43,647.74,647.94,1633635,19746,652.2
2026-03-20T14:50:00.000,647.93,648.26,647.67,647.97,1451869,19180,652.1
2026-03-20T14:55:00.000,647.96,648.2,647.64,648.07,1830027,22883,651.99
2026-03-20T15:00:00.000,648.08,648.645,648.0575,648.17,1846167,24372,651.9
2026-03-20T15:05:00.000,648.16,648.24,647.62,647.94,1783319,20173,651.82
2026-03-20T15:10:00.000,647.93,647.97,647.305,647.76,1697414,23341,651.73
2026-03-20T15:15:00.000,647.7572,648.04,647.57,648.02,1059576,15396,651.67
2026-03-20T15:20:00.000,648.025,648.025,646.78,646.87,2445822,24543,651.57
2026-03-20T15:25:00.000,646.87,647.35,646.795,647.12,2993369,27249,651.45
2026-03-20T15:30:00.000,647.13,647.4,646.07,646.18,2555946,31195,651.32
2026-03-20T15:35:00.000,646.19,646.31,644.72,645.57,3381228,43024,651.09
2026-03-20T15:40:00.000,645.56,647.0,645.44,646.92,3568165,43040,650.91
2026-03-20T15:45:00.000,646.92,646.92,645.87,646.02,4652688,47286,650.73
2026-03-20T15:50:00.000,646.02,647.91,645.81,647.81,3900185,45981,650.58
2026-03-20T15:55:00.000,647.82,648.54,647.75,648.54,9798928,105765,650.37
2026-03-20T16:00:00.000,648.51,648.53,648.51,648.51,2140,9,650.37
2026-03-21T09:30:00.000,0.0,0.0,0.0,0.0,0,0,0.0
2026-03-21T09:35:00.000,0.0,0.0,0.0,0.0,0,0,0.0
2026-03-21T09:40:00.000,0.0,0.0,0.0,0.0,0,0,0.0
2026-03-21T09:45:00.000,0.0,0.0,0.0,0.0,0,0,0.0
2026-03-21T09:50:00.000,0.0,0.0,0.0,0.0,0,0,0.0
2026-03-21T09:55:00.000,0.0,0.0,0.0,0.0,0,0,0.0
2026-03-21T10:00:00.000,0.0,0.0,0.0,0.0,0,0,0.0
2026-03-21T10:05:00.000,0.0,0.0,0.0,0.0,0,0,0.0
2026-03-21T10:10:00.000,0.0,0.0,0.0,0.0,0,0,0.0
2026-03-21T10:15:00.000,0.0,0.0,0.0,0.0,0,0,0.0
2026-03-21T10:20:00.000,0.0,0.0,0.0,0.0,0,0,0.0
2026-03-21T10:25:00.000,0.0,0.0,0.0,0.0,0,0,0.0
2026-03-21T10:30:00.000,0.0,0.0,0.0,0.0,0,0,0.0
2026-03-21T10:35:00.000,0.0,0.0,0.0,0.0,0,0,0.0
2026-03-21T10:40:00.000,0.0,0.0,0.0,0.0,0,0,0.0
2026-03-21T10:45:00.000,0.0,0.0,0.0,0.0,0,0,0.0
2026-03-21T10:50:00.000,0.0,0.0,0.0,0.0,0,0,0.0
2026-03-21T10:55:00.000,0.0,0.0,0.0,0.0,0,0,0.0
2026-03-21T11:00:00.000,0.0,0.0,0.0,0.0,0,0,0.0
2026-03-21T11:05:00.000,0.0,0.0,0.0,0.0,0,0,0.0
2026-03-21T11:10:00.000,0.0,0.0,0.0,0.0,0,0,0.0
2026-03-21T11:15:00.000,0.0,0.0,0.0,0.0,0,0,0.0
2026-03-21T11:20:00.000,0.0,0.0,0.0,0.0,0,0,0.0
2026-03-21T11:25:00.000,0.0,0.0,0.0,0.0,0,0,0.0
2026-03-21T11:30:00.000,0.0,0.0,0.0,0.0,0,0,0.0
2026-03-21T11:35:00.000,0.0,0.0,0.0,0.0,0,0,0.0
2026-03-21T11:40:00.000,0.0,0.0,0.0,0.0,0,0,0.0
2026-03-21T11:45:00.000,0.0,0.0,0.0,0.0,0,0,0.0
2026-03-21T11:50:00.000,0.0,0.0,0.0,0.0,0,0,0.0
2026-03-21T11:55:00.000,0.0,0.0,0.0,0.0,0,0,0.0
2026-03-21T12:00:00.000,0.0,0.0,0.0,0.0,0,0,0.0
2026-03-21T12:05:00.000,0.0,0.0,0.0,0.0,0,0,0.0
2026-03-21T12:10:00.000,0.0,0.0,0.0,0.0,0,0,0.0
2026-03-21T12:15:00.000,0.0,0.0,0.0,0.0,0,0,0.0
2026-03-21T12:20:00.000,0.0,0.0,0.0,0.0,0,0,0.0
2026-03-21T12:25:00.000,0.0,0.0,0.0,0.0,0,0,0.0
2026-03-21T12:30:00.000,0.0,0.0,0.0,0.0,0,0,0.0
2026-03-21T12:35:00.000,0.0,0.0,0.0,0.0,0,0,0.0
2026-03-21T12:40:00.000,0.0,0.0,0.0,0.0,0,0,0.0
2026-03-21T12:45:00.000,0.0,0.0,0.0,0.0,0,0,0.0
2026-03-21T12:50:00.000,0.0,0.0,0.0,0.0,0,0,0.0
2026-03-21T12:55:00.000,0.0,0.0,0.0,0.0,0,0,0.0
2026-03-21T13:00:00.000,0.0,0.0,0.0,0.0,0,0,0.0
2026-03-21T13:05:00.000,0.0,0.0,0.0,0.0,0,0,0.0
2026-03-21T13:10:00.000,0.0,0.0,0.0,0.0,0,0,0.0
2026-03-21T13:15:00.000,0.0,0.0,0.0,0.0,0,0,0.0
2026-03-21T13:20:00.000,0.0,0.0,0.0,0.0,0,0,0.0
2026-03-21T13:25:00.000,0.0,0.0,0.0,0.0,0,0,0.0
2026-03-21T13:30:00.000,0.0,0.0,0.0,0.0,0,0,0.0
2026-03-21T13:35:00.000,0.0,0.0,0.0,0.0,0,0,0.0
2026-03-21T13:40:00.000,0.0,0.0,0.0,0.0,0,0,0.0
2026-03-21T13:45:00.000,0.0,0.0,0.0,0.0,0,0,0.0
2026-03-21T13:50:00.000,0.0,0.0,0.0,0.0,0,0,0.0
2026-03-21T13:55:00.000,0.0,0.0,0.0,0.0,0,0,0.0
2026-03-21T14:00:00.000,0.0,0.0,0.0,0.0,0,0,0.0
2026-03-21T14:05:00.000,0.0,0.0,0.0,0.0,0,0,0.0
2026-03-21T14:10:00.000,0.0,0.0,0.0,0.0,0,0,0.0
2026-03-21T14:15:00.000,0.0,0.0,0.0,0.0,0,0,0.0
2026-03-21T14:20:00.000,0.0,0.0,0.0,0.0,0,0,0.0
2026-03-21T14:25:00.000,0.0,0.0,0.0,0.0,0,0,0.0
2026-03-21T14:30:00.000,0.0,0.0,0.0,0.0,0,0,0.0
2026-03-21T14:35:00.000,0.0,0.0,0.0,0.0,0,0,0.0
2026-03-21T14:40:00.000,0.0,0.0,0.0,0.0,0,0,0.0
2026-03-21T14:45:00.000,0.0,0.0,0.0,0.0,0,0,0.0
2026-03-21T14:50:00.000,0.0,0.0,0.0,0.0,0,0,0.0
2026-03-21T14:55:00.000,0.0,0.0,0.0,0.0,0,0,0.0
2026-03-21T15:00:00.000,0.0,0.0,0.0,0.0,0,0,0.0
2026-03-21T15:05:00.000,0.0,0.0,0.0,0.0,0,0,0.0
2026-03-21T15:10:00.000,0.0,0.0,0.0,0.0,0,0,0.0
2026-03-21T15:15:00.000,0.0,0.0,0.0,0.0,0,0,0.0
2026-03-21T15:20:00.000,0.0,0.0,0.0,0.0,0,0,0.0
2026-03-21T15:25:00.000,0.0,0.0,0.0,0.0,0,0,0.0
2026-03-21T15:30:00.000,0.0,0.0,0.0,0.0,0,0,0.0
2026-03-21T15:35:00.000,0.0,0.0,0.0,0.0,0,0,0.0
2026-03-21T15:40:00.000,0.0,0.0,0.0,0.0,0,0,0.0
2026-03-21T15:45:00.000,0.0,0.0,0.0,0.0,0,0,0.0
2026-03-21T15:50:00.000,0.0,0.0,0.0,0.0,0,0,0.0
2026-03-21T15:55:00.000,0.0,0.0,0.0,0.0,0,0,0.0
2026-03-21T16:00:00.000,0.0,0.0,0.0,0.0,0,0,0.0
2026-03-22T09:30:00.000,0.0,0.0,0.0,0.0,0,0,0.0
2026-03-22T09:35:00.000,0.0,0.0,0.0,0.0,0,0,0.0
2026-03-22T09:40:00.000,0.0,0.0,0.0,0.0,0,0,0.0
2026-03-22T09:45:00.000,0.0,0.0,0.0,0.0,0,0,0.0
2026-03-22T09:50:00.000,0.0,0.0,0.0,0.0,0,0,0.0
2026-03-22T09:55:00.000,0.0,0.0,0.0,0.0,0,0,0.0
2026-03-22T10:00:00.000,0.0,0.0,0.0,0.0,0,0,0.0
2026-03-22T10:05:00.000,0.0,0.0,0.0,0.0,0,0,0.0
2026-03-22T10:10:00.000,0.0,0.0,0.0,0.0,0,0,0.0
2026-03-22T10:15:00.000,0.0,0.0,0.0,0.0,0,0,0.0
2026-03-22T10:20:00.000,0.0,0.0,0.0,0.0,0,0,0.0
2026-03-22T10:25:00.000,0.0,0.0,0.0,0.0,0,0,0.0
2026-03-22T10:30:00.000,0.0,0.0,0.0,0.0,0,0,0.0
2026-03-22T10:35:00.000,0.0,0.0,0.0,0.0,0,0,0.0
2026-03-22T10:40:00.000,0.0,0.0,0.0,0.0,0,0,0.0
2026-03-22T10:45:00.000,0.0,0.0,0.0,0.0,0,0,0.0
2026-03-22T10:50:00.000,0.0,0.0,0.0,0.0,0,0,0.0
2026-03-22T10:55:00.000,0.0,0.0,0.0,0.0,0,0,0.0
2026-03-22T11:00:00.000,0.0,0.0,0.0,0.0,0,0,0.0
2026-03-22T11:05:00.000,0.0,0.0,0.0,0.0,0,0,0.0
2026-03-22T11:10:00.000,0.0,0.0,0.0,0.0,0,0,0.0
2026-03-22T11:15:00.000,0.0,0.0,0.0,0.0,0,0,0.0
2026-03-22T11:20:00.000,0.0,0.0,0.0,0.0,0,0,0.0
2026-03-22T11:25:00.000,0.0,0.0,0.0,0.0,0,0,0.0
2026-03-22T11:30:00.000,0.0,0.0,0.0,0.0,0,0,0.0
2026-03-22T11:35:00.000,0.0,0.0,0.0,0.0,0,0,0.0
2026-03-22T11:40:00.000,0.0,0.0,0.0,0.0,0,0,0.0
2026-03-22T11:45:00.000,0.0,0.0,0.0,0.0,0,0,0.0
2026-03-22T11:50:00.000,0.0,0.0,0.0,0.0,0,0,0.0
2026-03-22T11:55:00.000,0.0,0.0,0.0,0.0,0,0,0.0
2026-03-22T12:00:00.000,0.0,0.0,0.0,0.0,0,0,0.0
2026-03-22T12:05:00.000,0.0,0.0,0.0,0.0,0,0,0.0
2026-03-22T12:10:00.000,0.0,0.0,0.0,0.0,0,0,0.0
2026-03-22T12:15:00.000,0.0,0.0,0.0,0.0,0,0,0.0
2026-03-22T12:20:00.000,0.0,0.0,0.0,0.0,0,0,0.0
2026-03-22T12:25:00.000,0.0,0.0,0.0,0.0,0,0,0.0
2026-03-22T12:30:00.000,0.0,0.0,0.0,0.0,0,0,0.0
2026-03-22T12:35:00.000,0.0,0.0,0.0,0.0,0,0,0.0
2026-03-22T12:40:00.000,0.0,0.0,0.0,0.0,0,0,0.0
2026-03-22T12:45:00.000,0.0,0.0,0.0,0.0,0,0,0.0
2026-03-22T12:50:00.000,0.0,0.0,0.0,0.0,0,0,0.0
2026-03-22T12:55:00.000,0.0,0.0,0.0,0.0,0,0,0.0
2026-03-22T13:00:00.000,0.0,0.0,0.0,0.0,0,0,0.0
2026-03-22T13:05:00.000,0.0,0.0,0.0,0.0,0,0,0.0
2026-03-22T13:10:00.000,0.0,0.0,0.0,0.0,0,0,0.0
2026-03-22T13:15:00.000,0.0,0.0,0.0,0.0,0,0,0.0
2026-03-22T13:20:00.000,0.0,0.0,0.0,0.0,0,0,0.0
2026-03-22T13:25:00.000,0.0,0.0,0.0,0.0,0,0,0.0
2026-03-22T13:30:00.000,0.0,0.0,0.0,0.0,0,0,0.0
2026-03-22T13:35:00.000,0.0,0.0,0.0,0.0,0,0,0.0
2026-03-22T13:40:00.000,0.0,0.0,0.0,0.0,0,0,0.0
2026-03-22T13:45:00.000,0.0,0.0,0.0,0.0,0,0,0.0
2026-03-22T13:50:00.000,0.0,0.0,0.0,0.0,0,0,0.0
2026-03-22T13:55:00.000,0.0,0.0,0.0,0.0,0,0,0.0
2026-03-22T14:00:00.000,0.0,0.0,0.0,0.0,0,0,0.0
2026-03-22T14:05:00.000,0.0,0.0,0.0,0.0,0,0,0.0
2026-03-22T14:10:00.000,0.0,0.0,0.0,0.0,0,0,0.0
2026-03-22T14:15:00.000,0.0,0.0,0.0,0.0,0,0,0.0
2026-03-22T14:20:00.000,0.0,0.0,0.0,0.0,0,0,0.0
2026-03-22T14:25:00.000,0.0,0.0,0.0,0.0,0,0,0.0
2026-03-22T14:30:00.000,0.0,0.0,0.0,0.0,0,0,0.0
2026-03-22T14:35:00.000,0.0,0.0,0.0,0.0,0,0,0.0
2026-03-22T14:40:00.000,0.0,0.0,0.0,0.0,0,0,0.0
2026-03-22T14:45:00.000,0.0,0.0,0.0,0.0,0,0,0.0
2026-03-22T14:50:00.000,0.0,0.0,0.0,0.0,0,0,0.0
2026-03-22T14:55:00.000,0.0,0.0,0.0,0.0,0,0,0.0
2026-03-22T15:00:00.000,0.0,0.0,0.0,0.0,0,0,0.0
2026-03-22T15:05:00.000,0.0,0.0,0.0,0.0,0,0,0.0
2026-03-22T15:10:00.000,0.0,0.0,0.0,0.0,0,0,0.0
2026-03-22T15:15:00.000,0.0,0.0,0.0,0.0,0,0,0.0
2026-03-22T15:20:00.000,0.0,0.0,0.0,0.0,0,0,0.0
2026-03-22T15:25:00.000,0.0,0.0,0.0,0.0,0,0,0.0
2026-03-22T15:30:00.000,0.0,0.0,0.0,0.0,0,0,0.0
2026-03-22T15:35:00.000,0.0,0.0,0.0,0.0,0,0,0.0
2026-03-22T15:40:00.000,0.0,0.0,0.0,0.0,0,0,0.0
2026-03-22T15:45:00.000,0.0,0.0,0.0,0.0,0,0,0.0
2026-03-22T15:50:00.000,0.0,0.0,0.0,0.0,0,0,0.0
2026-03-22T15:55:00.000,0.0,0.0,0.0,0.0,0,0,0.0
2026-03-22T16:00:00.000,0.0,0.0,0.0,0.0,0,0,0.0
2026-03-23T09:30:00.000,658.07,658.38,656.62,656.77,3306099,50883,657.42
2026-03-23T09:35:00.000,656.78,658.33,656.07,658.3,2856658,42353,657.33
2026-03-23T09:40:00.000,658.28,659.54,656.98,657.995,3078039,47269,657.73
2026-03-23T09:45:00.000,658.01,659.02,657.39,659.0,2271316,32504,657.8
2026-03-23T09:50:00.000,659.005,660.11,658.66,659.56,2524759,36781,658.09
2026-03-23T09:55:00.000,659.55,660.25,658.73,660.22,1716787,27198,658.24
2026-03-23T10:00:00.000,660.2,660.78,659.1216,659.24,2053295,33293,658.46
2026-03-23T10:05:00.000,659.26,659.92,658.58,659.65,1520329,27902,658.53
2026-03-23T10:10:00.000,659.65,660.49,659.25,660.14,2052827,26115,658.64
2026-03-23T10:15:00.000,660.15,661.18,660.09,661.17,1745824,26581,658.8
2026-03-23T10:20:00.000,661.17,662.27,660.78,661.81,1758009,27762,659.01
2026-03-23T10:25:00.000,661.79,661.89,660.57,660.99,1343516,19482,659.13
2026-03-23T10:30:00.000,660.98,661.29,660.35,660.99,1349522,20675,659.21
2026-03-23T10:35:00.000,660.99,661.4,660.17,660.52,984928,16892,659.25
2026-03-23T10:40:00.000,660.5,660.8,660.1,660.39,862624,14181,659.27
2026-03-23T10:45:00.000,660.42,661.8,659.95,661.335,899341,18339,659.33
2026-03-23T10:50:00.000,661.31,661.37,660.41,660.9,1166765,14722,659.37
2026-03-23T10:55:00.000,660.89,661.4,660.56,661.05,581236,12697,659.4
2026-03-23T11:00:00.000,661.07,662.615,660.84,662.36,1928684,26741,659.54
2026-03-23T11:05:00.000,662.37,662.55,661.89,662.23,1019991,16404,659.63
2026-03-23T11:10:00.000,662.24,662.6,661.74,662.02,1288968,19945,659.72
2026-03-23T11:15:00.000,662.02,662.19,661.38,661.455,679766,13760,659.76
2026-03-23T11:20:00.000,661.43,662.105,660.77,661.96,1146283,18276,659.81
2026-03-23T11:25:00.000,661.94,661.98,660.7,660.89,938469,16751,659.84
2026-03-23T11:30:00.000,660.9,661.33,660.48,660.66,1088211,14256,659.87
2026-03-23T11:35:00.000,660.65,660.69,659.21,659.28,1543260,24208,659.86
2026-03-23T11:40:00.000,659.27,659.78,658.83,659.23,1519115,24958,659.84
2026-03-23T11:45:00.000,659.23,659.275,658.12,658.71,2363675,26372,659.79
2026-03-23T11:50:00.000,658.7,659.0,657.1,657.32,2291846,35533,659.7
2026-03-23T11:55:00.000,657.31,657.43,655.83,656.01,2973966,42344,659.5
2026-03-23T12:00:00.000,655.99,657.19,655.95,656.49,2121877,32693,659.38
2026-03-23T12:05:00.000,656.48,657.43,656.125,656.94,1353767,21625,659.32
2026-03-23T12:10:00.000,656.925,657.63,656.56,657.1,1009064,17636,659.27
2026-03-23T12:15:00.000,657.07,657.23,655.89,656.04,850253,14691,659.23
2026-03-23T12:20:00.000,656.04,656.31,655.38,655.68,1037601,18465,659.16
2026-03-23T12:25:00.000,655.65,655.68,653.94,654.1088,1582313,23765,659.04
2026-03-23T12:30:00.000,654.12,655.62,653.99,655.59,1441022,22361,658.93
2026-03-23T12:35:00.000,655.6,656.23,655.31,655.46,1021015,17501,658.88
2026-03-23T12:40:00.000,655.44,656.19,655.43,656.06,798017,14097,658.83
2026-03-23T12:45:00.000,656.05,656.73,655.73,656.3199,884999,14276,658.8
2026-03-23T12:50:00.000,656.31,656.74,655.54,655.9,605071,11561,658.77
2026-03-23T12:55:00.000,655.88,656.11,655.085,655.58,714814,10829,658.74
2026-03-23T13:00:00.000,655.6,656.12,655.0,655.075,541537,11007,658.72
2026-03-23T13:05:00.000,655.08,656.25,654.88,656.11,553207,10455,658.69
2026-03-23T13:10:00.000,656.11,656.21,655.31,655.3401,544847,10694,658.66
2026-03-23T13:15:00.000,655.34,655.55,654.66,655.19,504264,9964,658.64
2026-03-23T13:20:00.000,655.17,655.2,654.31,654.78,623413,11483,658.6
2026-03-23T13:25:00.000,654.77,655.63,654.67,655.28,877781,9866,658.57
2026-03-23T13:30:00.000,655.28,657.15,655.26,657.07,1080516,16727,658.53
2026-03-23T13:35:00.000,657.09,658.24,657.07,657.82,1835035,25926,658.51
2026-03-23T13:40:00.000,657.81,657.83,656.43,656.78,939307,13760,658.49
2026-03-23T13:45:00.000,656.8,656.958,656.29,656.77,508950,11544,658.48
2026-03-23T13:50:00.000,656.72,657.47,656.6,657.43,825713,10383,658.47
2026-03-23T13:55:00.000,657.42,658.25,657.1609,658.06,576489,10649,658.46
2026-03-23T14:00:00.000,658.09,658.31,657.74,658.15,696292,13223,658.46
2026-03-23T14:05:00.000,658.14,658.22,656.53,657.45,1842374,28555,658.43
2026-03-23T14:10:00.000,657.45,658.08,657.43,657.64,717777,11269,658.42
2026-03-23T14:15:00.000,657.62,657.81,657.06,657.41,558054,9558,658.41
2026-03-23T14:20:00.000,657.41,657.58,657.17,657.545,552903,9145,658.4
2026-03-23T14:25:00.000,657.54,657.9,657.26,657.39,739161,12414,658.4
2026-03-23T14:30:00.000,657.41,658.93,657.41,658.85,1303084,18211,658.39
2026-03-23T14:35:00.000,658.84,659.65,657.72,658.97,1885465,27404,658.41
2026-03-23T14:40:00.000,658.99,659.14,658.47,658.77,1498171,15783,658.42
2026-03-23T14:45:00.000,658.77,659.27,658.53,659.16,630614,10307,658.42
2026-03-23T14:50:00.000,659.17,659.26,658.58,658.86,708350,10382,658.42
2026-03-23T14:55:00.000,658.87,659.15,658.62,658.95,670737,10517,658.43
2026-03-23T15:00:00.000,658.95,659.02,658.41,658.59,580471,9851,658.43
2026-03-23T15:05:00.000,658.57,658.81,658.37,658.69,575785,9944,658.43
2026-03-23T15:10:00.000,658.69,658.78,658.1,658.13,648165,10468,658.43
2026-03-23T15:15:00.000,658.135,658.355,657.58,657.845,870582,13016,658.42
2026-03-23T15:20:00.000,657.86,657.94,657.41,657.54,1292170,12425,658.42
2026-03-23T15:25:00.000,657.54,657.7395,657.03,657.33,1025027,14072,658.4
2026-03-23T15:30:00.000,657.32,657.6,657.2,657.3301,786702,11531,658.4
2026-03-23T15:35:00.000,657.34,657.78,657.17,657.6,1232633,14869,658.39
2026-03-23T15:40:00.000,657.595,657.93,657.38,657.92,1022925,15676,658.38
2026-03-23T15:45:00.000,657.92,658.35,657.49,657.825,1571711,19625,658.37
2026-03-23T15:50:00.000,657.82,657.9,656.73,656.73,3001574,35468,658.33
2026-03-23T15:55:00.000,656.74,656.86,655.37,655.375,6285895,55922,658.19
2026-03-23T16:00:00.000,655.38,655.38,655.38,655.38,2804,1,658.19
2026-03-24T09:30:00.000,651.32,652.86,650.87,652.79,2485742,29793,651.85
2026-03-24T09:35:00.000,652.84,653.04,651.13,651.3,1517600,23202,651.95
2026-03-24T09:40:00.000,651.31,651.44,649.88,650.73,1619289,24120,651.58
2026-03-24T09:45:00.000,650.76,651.637,650.15,650.18,1083317,18624,651.48
2026-03-24T09:50:00.000,650.17,650.97,649.89,650.35,1033904,18559,651.33
2026-03-24T09:55:00.000,650.39,651.56,650.28,651.48,872922,16615,651.3
2026-03-24T10:00:00.000,651.48,652.38,651.2262,652.32,1166264,20420,651.37
2026-03-24T10:05:00.000,652.32,653.56,651.61,653.41,1072031,18767,651.51
2026-03-24T10:10:00.000,653.42,653.5857,651.545,652.61,1359856,22480,651.65
2026-03-24T10:15:00.000,652.605,652.71,651.7,652.57,886904,15757,651.69
2026-03-24T10:20:00.000,652.56,652.93,651.74,652.31,911342,16876,651.74
2026-03-24T10:25:00.000,652.31,653.41,651.83,652.49,1000177,17301,651.8
2026-03-24T10:30:00.000,652.51,653.43,652.35,653.35,887666,14675,651.86
2026-03-24T10:35:00.000,653.36,653.48,652.2,652.71,840084,15950,651.91
2026-03-24T10:40:00.000,652.72,653.77,652.49,653.744,894504,15897,651.98
2026-03-24T10:45:00.000,653.75,654.14,652.67,652.7501,1474614,21114,652.09
2026-03-24T10:50:00.000,652.76,655.94,652.21,654.43,2878383,43073,652.42
2026-03-24T10:55:00.000,654.43,655.62,651.22,653.94,3031593,40160,652.67
2026-03-24T11:00:00.000,653.98,655.54,653.92,654.925,1456728,22882,652.8
2026-03-24T11:05:00.000,654.9,655.24,654.59,654.92,572189,11626,652.85
2026-03-24T11:10:00.000,654.94,655.5,654.44,655.25,772585,14127,652.91
2026-03-24T11:15:00.000,655.25,655.89,655.11,655.7,907550,16020,653.0
2026-03-24T11:20:00.000,655.68,656.44,655.33,656.38,1073063,17875,653.1
2026-03-24T11:25:00.000,656.39,656.83,655.78,656.04,1322201,15256,653.2
2026-03-24T11:30:00.000,656.06,656.38,655.29,655.74,477917,10281,653.24
2026-03-24T11:35:00.000,655.73,656.54,655.67,656.27,368694,8246,653.27
2026-03-24T11:40:00.000,656.25,656.52,656.01,656.24,468488,9224,653.32
2026-03-24T11:45:00.000,656.23,656.68,656.05,656.56,514557,9591,653.36
2026-03-24T11:50:00.000,656.56,657.03,656.39,656.44,526134,9164,653.42
2026-03-24T11:55:00.000,656.45,656.465,654.91,655.04,1322198,20535,653.5
2026-03-24T12:00:00.000,655.05,655.2893,654.4,654.68,909594,12969,653.54
2026-03-24T12:05:00.000,654.69,655.1166,654.3,655.085,662714,10242,653.56
2026-03-24T12:10:00.000,655.0801,655.21,654.56,655.0,601264,9792,653.58
2026-03-24T12:15:00.000,654.99,656.12,654.89,655.91,673056,10198,653.62
2026-03-24T12:20:00.000,655.91,656.25,655.535,656.01,687670,7448,653.65
2026-03-24T12:25:00.000,656.01,656.09,655.55,655.96,873750,9841,653.68
2026-03-24T12:30:00.000,655.97,656.12,655.42,655.43,365147,6844,653.7
2026-03-24T12:35:00.000,655.45,655.49,654.09,654.18,697338,11358,653.72
2026-03-24T12:40:00.000,654.2,655.25,654.04,655.25,929260,9628,653.74
2026-03-24T12:45:00.000,655.27,655.77,654.95,655.08,482899,7639,653.75
2026-03-24T12:50:00.000,655.08,655.62,654.98,655.08,413518,6879,653.77
2026-03-24T12:55:00.000,655.1,655.39,654.43,655.15,494905,8560,653.78
2026-03-24T13:00:00.000,655.13,655.39,653.54,653.59,725657,12339,653.79
2026-03-24T13:05:00.000,653.58,653.66,652.72,653.02,1616505,22169,653.77
2026-03-24T13:10:00.000,653.03,653.37,652.55,652.94,1033170,15285,653.75
2026-03-24T13:15:00.000,652.93,653.25,652.62,652.82,619476,10913,653.74
2026-03-24T13:20:00.000,652.82,653.39,652.7,653.05,700922,11654,653.73
2026-03-24T13:25:00.000,653.1,653.515,652.87,653.405,486134,8789,653.73
2026-03-24T13:30:00.000,653.4,654.05,652.9,652.96,666510,11733,653.72
2026-03-24T13:35:00.000,652.97,653.53,652.705,653.38,542933,9101,653.72
2026-03-24T13:40:00.000,653.38,653.705,652.45,652.59,689254,11232,653.71
2026-03-24T13:45:00.000,652.61,653.11,652.38,652.85,472424,11573,653.7
2026-03-24T13:50:00.000,652.86,653.84,652.7099,653.15,822119,13448,653.69
2026-03-24T13:55:00.000,653.16,654.34,652.97,654.3,1857977,28449,653.7
2026-03-24T14:00:00.000,654.3,654.98,653.95,654.26,1184246,15718,653.71
2026-03-24T14:05:00.000,654.27,654.39,653.71,653.79,537607,8645,653.71
2026-03-24T14:10:00.000,653.78,654.0325,653.59,653.82,552624,6430,653.71
2026-03-24T14:15:00.000,653.85,654.24,653.2,654.04,864747,13376,653.71
2026-03-24T14:20:00.000,654.06,654.37,653.72,654.1,1072309,9964,653.72
2026-03-24T14:25:00.000,654.1,654.87,654.0,654.59,790833,12762,653.73
2026-03-24T14:30:00.000,654.59,655.8,654.28,654.96,974278,15103,653.75
2026-03-24T14:35:00.000,654.95,656.59,654.92,656.51,1157299,17366,653.79
2026-03-24T14:40:00.000,656.51,656.52,654.7602,655.32,1403636,20035,653.83
2026-03-24T14:45:00.000,655.33,655.44,654.75,655.02,627144,10529,653.85
2026-03-24T14:50:00.000,655.0,655.77,654.97,655.24,810667,10448,653.87
2026-03-24T14:55:00.000,655.25,655.26,654.44,654.86,745403,11178,653.88
2026-03-24T15:00:00.000,654.83,655.6,654.8,655.13,694098,10278,653.89
2026-03-24T15:05:00.000,655.1201,655.395,654.835,655.31,696719,9627,653.91
2026-03-24T15:10:00.000,655.3,655.68,655.21,655.65,547287,7765,653.92
2026-03-24T15:15:00.000,655.66,655.69,654.96,655.22,848070,13174,653.93
2026-03-24T15:20:00.000,655.24,655.32,654.73,655.05,761966,11530,653.95
2026-03-24T15:25:00.000,655.05,655.18,654.31,654.45,697863,10488,653.96
2026-03-24T15:30:00.000,654.45,654.775,653.96,654.1084,1204109,17476,653.96
2026-03-24T15:35:00.000,654.11,654.13,653.58,653.98,1049453,16168,653.96
2026-03-24T15:40:00.000,653.96,654.32,653.79,653.82,981942,14138,653.96
2026-03-24T15:45:00.000,653.82,653.83,653.16,653.55,1478093,18902,653.95
2026-03-24T15:50:00.000,653.56,653.67,652.78,652.87,1569025,21962,653.93
2026-03-24T15:55:00.000,652.87,653.31,652.56,653.2,3762728,39834,653.89
2026-03-24T16:00:00.000,0.0,0.0,0.0,0.0,0,0,653.89
2026-03-25T09:30:00.000,658.67,660.25,658.6,659.68,2032822,30210,659.65
2026-03-25T09:35:00.000,659.7,660.89,659.5109,659.91,2019155,29740,659.94
2026-03-25T09:40:00.000,659.92,660.52,658.75,658.9,1739129,28645,659.92
2026-03-25T09:45:00.000,658.91,659.18,657.75,657.81,1415993,21840,659.66
2026-03-25T09:50:00.000,657.82,657.93,656.68,656.76,1831503,27271,659.16
2026-03-25T09:55:00.000,656.78,657.59,656.42,656.49,1609913,24921,658.84
2026-03-25T10:00:00.000,656.56,657.485,655.67,657.002,1883747,28849,658.5
2026-03-25T10:05:00.000,657.005,657.53,656.425,657.1,1590167,22614,658.34
2026-03-25T10:10:00.000,657.12,658.12,656.64,658.06,1166840,19373,658.27
2026-03-25T10:15:00.000,658.06,658.2663,657.44,657.6107,864266,15815,658.25
2026-03-25T10:20:00.000,657.63,658.55,657.17,657.4,1360533,22091,658.23
2026-03-25T10:25:00.000,657.4,660.5,657.225,658.14,1852383,26811,658.22
2026-03-25T10:30:00.000,658.16,658.77,657.65,658.76,972766,16374,658.22
2026-03-25T10:35:00.000,658.77,659.03,657.85,658.22,847367,15668,658.23
2026-03-25T10:40:00.000,658.23,658.975,657.87,658.435,933471,16695,658.24
2026-03-25T10:45:00.000,658.44,659.08,658.38,658.91,805498,15039,658.25
2026-03-25T10:50:00.000,658.9,659.25,658.63,658.75,777408,15778,658.27
2026-03-25T10:55:00.000,658.76,659.08,658.43,658.69,757613,16035,658.29
2026-03-25T11:00:00.000,658.69,659.0078,658.38,658.76,607632,12917,658.3
2026-03-25T11:05:00.000,658.77,658.89,657.12,657.23,986153,18196,658.28
2026-03-25T11:10:00.000,657.25,657.56,656.47,656.57,1468388,24257,658.21
2026-03-25T11:15:00.000,656.56,656.81,654.24,655.14,3611257,49590,657.85
2026-03-25T11:20:00.000,655.15,657.32,655.0844,656.92,1485221,23865,657.77
2026-03-25T11:25:00.000,656.92,657.8725,656.71,657.84,1347577,19253,657.75
2026-03-25T11:30:00.000,657.85,658.24,657.6,657.9,1096073,17546,657.76
2026-03-25T11:35:00.000,657.91,657.95,656.6,656.755,1170081,19497,657.74
2026-03-25T11:40:00.000,656.755,657.07,656.12,656.68,694718,12710,657.72
2026-03-25T11:45:00.000,656.68,656.85,656.27,656.68,593058,10797,657.7
2026-03-25T11:50:00.000,656.67,657.0799,656.39,656.75,707161,11813,657.69
2026-03-25T11:55:00.000,656.75,657.41,656.36,657.0,964533,15341,657.67
2026-03-25T12:00:00.000,657.0,657.2,656.39,656.44,698568,12036,657.65
2026-03-25T12:05:00.000,656.45,656.858,656.01,656.61,630431,11000,657.63
2026-03-25T12:10:00.000,656.61,656.72,656.12,656.57,506767,9510,657.62
2026-03-25T12:15:00.000,656.56,656.75,656.125,656.36,416746,8492,657.61
2026-03-25T12:20:00.000,656.38,657.7,656.15,657.69,777849,13377,657.59
2026-03-25T12:25:00.000,657.7,658.07,657.23,657.5,1306946,19524,657.59
2026-03-25T12:30:00.000,657.46,658.315,657.06,658.07,828091,14248,657.59
2026-03-25T12:35:00.000,658.07,658.31,657.75,658.1,706818,13357,657.6
2026-03-25T12:40:00.000,658.1,658.17,657.66,657.97,743768,12357,657.6
2026-03-25T12:45:00.000,657.97,658.09,657.44,657.63,1154946,12314,657.61
2026-03-25T12:50:00.000,657.63,658.13,657.1,658.065,660066,12217,657.61
2026-03-25T12:55:00.000,658.07,658.16,657.52,657.75,560597,10417,657.61
2026-03-25T13:00:00.000,657.75,658.28,657.21,657.5,817279,14167,657.61
2026-03-25T13:05:00.000,657.52,657.62,656.96,656.985,724912,12554,657.61
2026-03-25T13:10:00.000,656.985,657.77,656.915,657.59,582094,10841,657.6
2026-03-25T13:15:00.000,657.59,657.62,656.92,657.28,621460,11458,657.6
2026-03-25T13:20:00.000,657.29,658.015,657.2,657.66,633430,11648,657.6
2026-03-25T13:25:00.000,657.67,658.32,657.63,658.02,705618,12344,657.6
2026-03-25T13:30:00.000,658.04,658.27,657.56,658.23,635718,12136,657.61
2026-03-25T13:35:00.000,658.24,658.705,658.15,658.62,711154,11996,657.62
2026-03-25T13:40:00.000,658.59,659.38,658.36,658.835,1093366,17463,657.64
2026-03-25T13:45:00.000,658.835,658.86,658.03,658.095,707572,17256,657.65
2026-03-25T13:50:00.000,658.1,658.72,657.33,657.48,1419017,22560,657.65
2026-03-25T13:55:00.000,657.49,658.79,657.34,657.9,1029419,16767,657.66
2026-03-25T14:00:00.000,657.89,658.07,657.56,657.82,619408,10740,657.66
2026-03-25T14:05:00.000,657.82,658.255,657.56,657.78,521092,10131,657.66
2026-03-25T14:10:00.000,657.8,658.145,657.74,657.98,498653,9374,657.67
2026-03-25T14:15:00.000,657.98,658.52,657.85,657.91,762703,13682,657.67
2026-03-25T14:20:00.000,657.908,658.21,657.81,658.01,444541,8302,657.67
2026-03-25T14:25:00.000,658.0,658.0707,657.41,657.515,426608,7412,657.67
2026-03-25T14:30:00.000,657.51,657.81,657.43,657.66,746986,10703,657.67
2026-03-25T14:35:00.000,657.66,657.7,657.385,657.58,482538,9107,657.67
2026-03-25T14:40:00.000,657.59,657.65,657.07,657.31,589408,10976,657.67
2026-03-25T14:45:00.000,657.31,657.36,657.04,657.11,516058,9745,657.67
2026-03-25T14:50:00.000,657.11,657.24,656.97,657.1799,978976,9953,657.66
2026-03-25T14:55:00.000,657.1715,657.18,655.64,656.5,1873465,28473,657.62
2026-03-25T15:00:00.000,656.49,656.52,655.58,656.06,1418500,21021,657.58
2026-03-25T15:05:00.000,656.06,656.3,655.9,656.11,1061180,10712,657.57
2026-03-25T15:10:00.000,656.11,656.4759,655.84,656.43,725791,13049,657.56
2026-03-25T15:15:00.000,656.4272,657.0,656.4,656.85,1503129,22646,657.54
2026-03-25T15:20:00.000,656.86,657.3201,656.765,656.9825,820230,13755,657.53
2026-03-25T15:25:00.000,656.99,657.09,656.48,656.51,790027,13382,657.52
2026-03-25T15:30:00.000,656.51,656.57,656.14,656.28,724028,12322,657.51
2026-03-25T15:35:00.000,656.28,656.42,655.755,656.08,886391,14541,657.49
2026-03-25T15:40:00.000,656.08,656.65,655.99,656.21,1643317,18166,657.48
2026-03-25T15:45:00.000,656.21,656.32,655.97,656.13,1171595,16095,657.46
2026-03-25T15:50:00.000,656.14,656.85,656.14,656.62,1499556,23723,657.44
2026-03-25T15:55:00.000,656.64,657.06,656.22,656.74,3121559,43512,657.4
2026-03-25T16:00:00.000,0.0,0.0,0.0,0.0,0,0,657.4
2026-03-26T09:30:00.000,652.06,652.12,651.02,651.63,2223299,34640,651.52
2026-03-26T09:35:00.000,651.63,651.74,650.76,650.82,1536569,26566,651.43
2026-03-26T09:40:00.000,650.81,653.05,650.73,653.0,1731646,27684,651.52
2026-03-26T09:45:00.000,653.02,654.09,652.93,653.405,2211245,34967,652.1
2026-03-26T09:50:00.000,653.41,654.63,653.23,654.425,1902051,31254,652.46
2026-03-26T09:55:00.000,654.425,654.55,652.78,654.47,2301364,37331,652.72
2026-03-26T10:00:00.000,654.47,654.69,653.79,653.965,1237208,21033,652.87
2026-03-26T10:05:00.000,653.95,654.83,653.5,653.92,1312151,21687,652.97
2026-03-26T10:10:00.000,653.9,654.45,653.365,654.43,669081,13337,653.01
2026-03-26T10:15:00.000,654.43,654.84,653.88,653.99,772617,15150,653.08
2026-03-26T10:20:00.000,653.97,654.71,653.72,654.24,615274,13908,653.13
2026-03-26T10:25:00.000,654.24,654.46,653.58,653.62,690774,14841,653.16
2026-03-26T10:30:00.000,653.62,654.45,653.6099,654.32,646943,14165,653.2
2026-03-26T10:35:00.000,654.33,654.37,653.47,653.77,905700,14146,653.22
2026-03-26T10:40:00.000,653.78,654.85,652.43,652.66,2319347,35013,653.24
2026-03-26T10:45:00.000,652.66,653.17,652.2,652.5117,1943989,26480,653.19
2026-03-26T10:50:00.000,652.54,652.86,651.41,651.4199,1580878,27200,653.12
2026-03-26T10:55:00.000,651.42,652.46,650.82,652.21,1917850,30929,653.02
2026-03-26T11:00:00.000,652.22,652.68,652.03,652.11,1342047,21242,652.99
2026-03-26T11:05:00.000,652.1,652.91,651.98,652.23,1083877,20178,652.96
2026-03-26T11:10:00.000,652.23,652.78,652.22,652.23,586484,11957,652.95
2026-03-26T11:15:00.000,652.26,652.44,651.58,651.88,1063856,14601,652.93
2026-03-26T11:20:00.000,651.87,652.26,651.76,652.03,878273,13647,652.9
2026-03-26T11:25:00.000,652.04,652.18,651.66,651.71,617565,12682,652.88
2026-03-26T11:30:00.000,651.71,651.71,650.87,651.29,832999,15592,652.84
2026-03-26T11:35:00.000,651.32,652.1704,651.21,651.64,508136,11173,652.82
2026-03-26T11:40:00.000,651.63,651.84,651.1,651.22,556887,11151,652.8
2026-03-26T11:45:00.000,651.24,652.35,651.0,651.6,1157515,19474,652.76
2026-03-26T11:50:00.000,651.6,652.09,651.42,651.84,687750,12375,652.74
2026-03-26T11:55:00.000,651.86,651.89,651.27,651.52,521553,9669,652.72
2026-03-26T12:00:00.000,651.49,651.66,651.1,651.23,535905,9714,652.7
2026-03-26T12:05:00.000,651.22,651.69,651.05,651.435,1011547,13306,652.67
2026-03-26T12:10:00.000,651.44,651.59,650.8503,651.34,582897,11219,652.65
2026-03-26T12:15:00.000,651.32,651.32,649.84,650.82,1111265,21296,652.59
2026-03-26T12:20:00.000,650.83,650.84,649.8,650.36,1042859,16671,652.54
2026-03-26T12:25:00.000,650.36,650.43,649.29,649.47,1136733,17123,652.48
2026-03-26T12:30:00.000,649.4913,649.545,648.89,649.39,1141980,22607,652.39
2026-03-26T12:35:00.000,649.41,649.68,649.04,649.13,615503,11531,652.35
2026-03-26T12:40:00.000,649.12,649.63,649.0499,649.48,412098,8089,652.32
2026-03-26T12:45:00.000,649.5,649.69,648.93,649.1,497963,9506,652.28
2026-03-26T12:50:00.000,649.13,649.57,648.98,649.48,526971,9949,652.25
2026-03-26T12:55:00.000,649.48,649.72,649.3,649.64,326618,7163,652.23
2026-03-26T13:00:00.000,649.64,650.1,649.38,649.44,572764,11304,652.2
2026-03-26T13:05:00.000,649.43,649.72,649.37,649.53,240891,5541,652.18
2026-03-26T13:10:00.000,649.52,649.52,648.9,648.99,516050,9029,652.15
2026-03-26T13:15:00.000,648.985,649.3,648.91,649.17,400964,7452,652.13
2026-03-26T13:20:00.000,649.17,649.19,648.27,648.33,830692,14568,652.06
2026-03-26T13:25:00.000,648.33,648.64,647.98,648.62,924061,15216,652.0
2026-03-26T13:30:00.000,648.62,648.955,648.23,648.95,581072,11158,651.96
2026-03-26T13:35:00.000,648.93,649.06,648.46,648.5,418564,8197,651.94
2026-03-26T13:40:00.000,648.495,648.5,647.8,647.94,502585,9582,651.9
2026-03-26T13:45:00.000,647.95,648.09,647.57,647.58,791617,14144,651.84
2026-03-26T13:50:00.000,647.57,647.58,647.05,647.12,1954858,18941,651.75
2026-03-26T13:55:00.000,647.12,647.2025,646.44,646.67,1054103,17378,651.65
2026-03-26T14:00:00.000,646.655,647.57,646.64,647.21,1318424,22893,651.54
2026-03-26T14:05:00.000,647.21,647.43,646.95,647.32,741847,14200,651.48
2026-03-26T14:10:00.000,647.31,647.385,646.89,647.055,802388,15269,651.42
2026-03-26T14:15:00.000,647.06,647.11,646.71,646.87,562558,11534,651.38
2026-03-26T14:20:00.000,646.865,647.17,646.5601,647.08,699446,13893,651.32
2026-03-26T14:25:00.000,647.075,647.25,646.49,646.6,899258,15814,651.25
2026-03-26T14:30:00.000,646.61,647.21,646.58,647.135,757374,14251,651.2
2026-03-26T14:35:00.000,647.14,647.45,646.975,647.39,806231,14274,651.14
2026-03-26T14:40:00.000,647.39,647.54,646.81,647.135,856913,14615,651.09
2026-03-26T14:45:00.000,647.13,647.51,646.86,647.44,1628485,13876,651.04
2026-03-26T14:50:00.000,647.44,647.65,647.27,647.52,742631,12379,651.0
2026-03-26T14:55:00.000,647.51,647.51,647.06,647.43,699224,12500,650.96
2026-03-26T15:00:00.000,647.44,647.52,646.62,646.705,1411948,18140,650.89
2026-03-26T15:05:00.000,646.705,646.76,646.0,646.23,1161705,19489,650.81
2026-03-26T15:10:00.000,646.24,646.325,645.87,646.245,1018066,18085,650.74
2026-03-26T15:15:00.000,646.26,646.71,646.22,646.56,1106947,14466,650.68
2026-03-26T15:20:00.000,646.55,646.61,646.07,646.125,686272,12953,650.63
2026-03-26T15:25:00.000,646.12,646.23,645.85,646.21,1129986,14968,650.57
2026-03-26T15:30:00.000,646.21,646.27,645.44,645.73,1516795,20531,650.47
2026-03-26T15:35:00.000,645.73,646.15,645.63,645.84,1034974,17297,650.41
2026-03-26T15:40:00.000,645.83,646.05,645.4,645.51,1413717,19380,650.33
2026-03-26T15:45:00.000,645.5,645.75,645.32,645.71,2158953,25227,650.21
2026-03-26T15:50:00.000,645.72,645.865,644.97,645.005,2218499,32416,650.06
2026-03-26T15:55:00.000,645.0,645.51,644.82,645.095,4994152,56741,649.75
2026-03-26T16:00:00.000,645.095,645.095,645.09,645.09,6152,4,649.75
2026-03-27T09:30:00.000,642.5,642.66,640.35,640.495,2165339,34992,641.49
2026-03-27T09:35:00.000,640.5,641.3,639.77,640.975,2342278,27878,641.01
2026-03-27T09:40:00.000,640.97,641.54,640.55,641.06,1393323,22178,641.0
2026-03-27T09:45:00.000,641.06,642.46,641.02,641.87,1429738,23806,641.2
2026-03-27T09:50:00.000,641.88,642.0212,639.92,640.0099,1441687,23287,641.12
2026-03-27T09:55:00.000,640.01,640.03,638.594,639.05,1593568,23984,640.82
2026-03-27T10:00:00.000,639.03,639.78,638.66,639.49,1386281,23792,640.61
2026-03-27T10:05:00.000,639.5,639.72,638.69,638.85,1126983,21046,640.48
2026-03-27T10:10:00.000,638.86,639.9801,638.81,639.71,1449550,21801,640.38
2026-03-27T10:15:00.000,639.71,640.745,639.57,640.55,1242150,20780,640.38
2026-03-27T10:20:00.000,640.53,640.8,639.4301,639.765,770295,14688,640.36
2026-03-27T10:25:00.000,639.8,640.36,639.08,639.1,716226,13584,640.33
2026-03-27T10:30:00.000,639.1,640.0,639.04,639.6,605675,12474,640.3
2026-03-27T10:35:00.000,639.62,639.75,638.715,638.83,614440,13218,640.26
2026-03-27T10:40:00.000,638.85,639.29,638.75,639.091,685054,11772,640.22
2026-03-27T10:45:00.000,639.1,640.25,638.3,640.23,1112444,18452,640.16
2026-03-27T10:50:00.000,640.22,640.588,639.45,639.5466,869653,15247,640.16
2026-03-27T10:55:00.000,639.58,640.41,639.55,640.19,696955,12878,640.15
2026-03-27T11:00:00.000,640.19,640.87,639.96,640.72,831399,15378,640.16
2026-03-27T11:05:00.000,640.73,641.27,640.005,640.165,1121889,16334,640.18
2026-03-27T11:10:00.000,640.17,640.32,639.595,639.76,755576,13883,640.17
2026-03-27T11:15:00.000,639.77,639.875,639.07,639.3,1048289,17574,640.14
2026-03-27T11:20:00.000,639.31,641.49,638.9401,640.23,1863168,27878,640.15
2026-03-27T11:25:00.000,640.25,641.03,640.05,640.96,932563,16778,640.17
2026-03-27T11:30:00.000,640.99,641.99,640.69,641.78,1268036,18778,640.22
2026-03-27T11:35:00.000,641.78,642.14,640.99,641.14,777765,14520,640.26
2026-03-27T11:40:00.000,641.13,641.13,640.17,640.69,826017,14361,640.27
2026-03-27T11:45:00.000,640.69,641.16,640.57,641.07,480942,9570,640.28
2026-03-27T11:50:00.000,641.07,641.415,640.69,640.85,672330,11115,640.3
2026-03-27T11:55:00.000,640.85,640.97,640.11,640.28,770971,12619,640.3
2026-03-27T12:00:00.000,640.3,640.43,639.79,639.98,616347,10882,640.3
2026-03-27T12:05:00.000,639.98,640.0599,639.16,639.18,656414,11066,640.28
2026-03-27T12:10:00.000,639.19,639.525,638.86,639.525,699925,11303,640.26
2026-03-27T12:15:00.000,639.52,639.59,639.03,639.165,671727,10496,640.24
2026-03-27T12:20:00.000,639.17,639.58,639.0,639.02,782814,10516,640.22
2026-03-27T12:25:00.000,639.03,639.07,638.58,638.89,819963,12971,640.19
2026-03-27T12:30:00.000,638.88,639.05,638.75,638.81,456005,7989,640.17
2026-03-27T12:35:00.000,638.81,638.91,638.18,638.32,861079,14368,640.13
2026-03-27T12:40:00.000,638.32,638.86,638.08,638.59,874735,13247,640.09
2026-03-27T12:45:00.000,638.6,639.565,638.45,639.48,1084617,14676,640.07
2026-03-27T12:50:00.000,639.48,639.63,638.81,638.91,777944,11540,640.05
2026-03-27T12:55:00.000,638.91,639.05,638.62,638.7,496290,7818,640.04
2026-03-27T13:00:00.000,638.7,638.84,638.14,638.46,1144965,13913,640.0
2026-03-27T13:05:00.000,638.47,639.93,638.14,638.83,1680512,24119,639.96
2026-03-27T13:10:00.000,638.82,638.94,638.12,638.38,520497,9618,639.94
2026-03-27T13:15:00.000,638.41,638.45,637.76,637.89,680701,12503,639.91
2026-03-27T13:20:00.000,637.89,637.91,637.4,637.58,839848,12400,639.87
2026-03-27T13:25:00.000,637.57,637.57,636.59,636.62,1281359,18531,639.79
2026-03-27T13:30:00.000,636.62,637.19,636.6,637.11,815426,13942,639.74
2026-03-27T13:35:00.000,637.11,637.25,636.85,636.965,564681,10697,639.7
2026-03-27T13:40:00.000,636.96,637.0,636.35,636.48,923659,12581,639.65
2026-03-27T13:45:00.000,636.48,636.835,636.37,636.43,673355,11343,639.61
2026-03-27T13:50:00.000,636.4,636.57,636.21,636.4,843630,10929,639.57
2026-03-27T13:55:00.000,636.41,636.52,635.94,636.13,919159,22050,639.51
2026-03-27T14:00:00.000,636.1398,636.305,635.831,635.875,818698,12247,639.46
2026-03-27T14:05:00.000,635.87,636.12,635.38,635.415,857299,13387,639.39
2026-03-27T14:10:00.000,635.415,635.61,635.13,635.51,1018533,15815,639.32
2026-03-27T14:15:00.000,635.51,636.16,635.32,636.105,1584289,18655,639.24
2026-03-27T14:20:00.000,636.1,636.34,635.59,635.7,974848,14724,639.18
2026-03-27T14:25:00.000,635.71,636.03,635.53,635.77,690620,9750,639.15
2026-03-27T14:30:00.000,635.765,635.96,635.5,635.82,767606,11191,639.11
2026-03-27T14:35:00.000,635.83,636.06,635.52,635.75,752902,9685,639.07
2026-03-27T14:40:00.000,635.77,636.73,635.46,635.96,1540606,18400,639.01
2026-03-27T14:45:00.000,635.98,636.16,635.65,635.67,642916,10738,638.97
2026-03-27T14:50:00.000,635.67,635.87,635.2,635.37,773310,12117,638.93
2026-03-27T14:55:00.000,635.37,635.51,635.22,635.38,1049675,10319,638.89
2026-03-27T15:00:00.000,635.38,635.68,634.72,634.79,1381438,18624,638.82
2026-03-27T15:05:00.000,634.79,634.94,634.52,634.72,1411802,15500,638.75
2026-03-27T15:10:00.000,634.715,635.18,634.53,635.05,1117746,16861,638.69
2026-03-27T15:15:00.000,635.06,635.6099,634.97,635.41,1415043,18875,638.62
2026-03-27T15:20:00.000,635.4,635.41,634.87,635.18,1595447,17357,638.55
2026-03-27T15:25:00.000,635.16,635.165,634.69,634.859,1045773,15542,638.49
2026-03-27T15:30:00.000,634.86,635.34,634.69,635.29,1384415,18641,638.42
2026-03-27T15:35:00.000,635.3,635.35,634.77,634.79,1214128,16267,638.36
2026-03-27T15:40:00.000,634.79,634.81,634.05,634.17,1861926,24111,638.27
2026-03-27T15:45:00.000,634.15,634.195,633.26,633.85,2899057,31572,638.12
2026-03-27T15:50:00.000,633.85,634.28,633.105,634.05,2916082,37445,637.95
2026-03-27T15:55:00.000,634.06,635.15,634.04,634.08,6695796,59809,637.7
2026-03-27T16:00:00.000,634.08,634.08,634.08,634.08,40,1,637.7
2026-03-28T09:30:00.000,0.0,0.0,0.0,0.0,0,0,0.0
2026-03-28T09:35:00.000,0.0,0.0,0.0,0.0,0,0,0.0
2026-03-28T09:40:00.000,0.0,0.0,0.0,0.0,0,0,0.0
2026-03-28T09:45:00.000,0.0,0.0,0.0,0.0,0,0,0.0
2026-03-28T09:50:00.000,0.0,0.0,0.0,0.0,0,0,0.0
2026-03-28T09:55:00.000,0.0,0.0,0.0,0.0,0,0,0.0
2026-03-28T10:00:00.000,0.0,0.0,0.0,0.0,0,0,0.0
2026-03-28T10:05:00.000,0.0,0.0,0.0,0.0,0,0,0.0
2026-03-28T10:10:00.000,0.0,0.0,0.0,0.0,0,0,0.0
2026-03-28T10:15:00.000,0.0,0.0,0.0,0.0,0,0,0.0
2026-03-28T10:20:00.000,0.0,0.0,0.0,0.0,0,0,0.0
2026-03-28T10:25:00.000,0.0,0.0,0.0,0.0,0,0,0.0
2026-03-28T10:30:00.000,0.0,0.0,0.0,0.0,0,0,0.0
2026-03-28T10:35:00.000,0.0,0.0,0.0,0.0,0,0,0.0
2026-03-28T10:40:00.000,0.0,0.0,0.0,0.0,0,0,0.0
2026-03-28T10:45:00.000,0.0,0.0,0.0,0.0,0,0,0.0
2026-03-28T10:50:00.000,0.0,0.0,0.0,0.0,0,0,0.0
2026-03-28T10:55:00.000,0.0,0.0,0.0,0.0,0,0,0.0
2026-03-28T11:00:00.000,0.0,0.0,0.0,0.0,0,0,0.0
2026-03-28T11:05:00.000,0.0,0.0,0.0,0.0,0,0,0.0
2026-03-28T11:10:00.000,0.0,0.0,0.0,0.0,0,0,0.0
2026-03-28T11:15:00.000,0.0,0.0,0.0,0.0,0,0,0.0
2026-03-28T11:20:00.000,0.0,0.0,0.0,0.0,0,0,0.0
2026-03-28T11:25:00.000,0.0,0.0,0.0,0.0,0,0,0.0
2026-03-28T11:30:00.000,0.0,0.0,0.0,0.0,0,0,0.0
2026-03-28T11:35:00.000,0.0,0.0,0.0,0.0,0,0,0.0
2026-03-28T11:40:00.000,0.0,0.0,0.0,0.0,0,0,0.0
2026-03-28T11:45:00.000,0.0,0.0,0.0,0.0,0,0,0.0
2026-03-28T11:50:00.000,0.0,0.0,0.0,0.0,0,0,0.0
2026-03-28T11:55:00.000,0.0,0.0,0.0,0.0,0,0,0.0
2026-03-28T12:00:00.000,0.0,0.0,0.0,0.0,0,0,0.0
2026-03-28T12:05:00.000,0.0,0.0,0.0,0.0,0,0,0.0
2026-03-28T12:10:00.000,0.0,0.0,0.0,0.0,0,0,0.0
2026-03-28T12:15:00.000,0.0,0.0,0.0,0.0,0,0,0.0
2026-03-28T12:20:00.000,0.0,0.0,0.0,0.0,0,0,0.0
2026-03-28T12:25:00.000,0.0,0.0,0.0,0.0,0,0,0.0
2026-03-28T12:30:00.000,0.0,0.0,0.0,0.0,0,0,0.0
2026-03-28T12:35:00.000,0.0,0.0,0.0,0.0,0,0,0.0
2026-03-28T12:40:00.000,0.0,0.0,0.0,0.0,0,0,0.0
2026-03-28T12:45:00.000,0.0,0.0,0.0,0.0,0,0,0.0
2026-03-28T12:50:00.000,0.0,0.0,0.0,0.0,0,0,0.0
2026-03-28T12:55:00.000,0.0,0.0,0.0,0.0,0,0,0.0
2026-03-28T13:00:00.000,0.0,0.0,0.0,0.0,0,0,0.0
2026-03-28T13:05:00.000,0.0,0.0,0.0,0.0,0,0,0.0
2026-03-28T13:10:00.000,0.0,0.0,0.0,0.0,0,0,0.0
2026-03-28T13:15:00.000,0.0,0.0,0.0,0.0,0,0,0.0
2026-03-28T13:20:00.000,0.0,0.0,0.0,0.0,0,0,0.0
2026-03-28T13:25:00.000,0.0,0.0,0.0,0.0,0,0,0.0
2026-03-28T13:30:00.000,0.0,0.0,0.0,0.0,0,0,0.0
2026-03-28T13:35:00.000,0.0,0.0,0.0,0.0,0,0,0.0
2026-03-28T13:40:00.000,0.0,0.0,0.0,0.0,0,0,0.0
2026-03-28T13:45:00.000,0.0,0.0,0.0,0.0,0,0,0.0
2026-03-28T13:50:00.000,0.0,0.0,0.0,0.0,0,0,0.0
2026-03-28T13:55:00.000,0.0,0.0,0.0,0.0,0,0,0.0
2026-03-28T14:00:00.000,0.0,0.0,0.0,0.0,0,0,0.0
2026-03-28T14:05:00.000,0.0,0.0,0.0,0.0,0,0,0.0
2026-03-28T14:10:00.000,0.0,0.0,0.0,0.0,0,0,0.0
2026-03-28T14:15:00.000,0.0,0.0,0.0,0.0,0,0,0.0
2026-03-28T14:20:00.000,0.0,0.0,0.0,0.0,0,0,0.0
2026-03-28T14:25:00.000,0.0,0.0,0.0,0.0,0,0,0.0
2026-03-28T14:30:00.000,0.0,0.0,0.0,0.0,0,0,0.0
2026-03-28T14:35:00.000,0.0,0.0,0.0,0.0,0,0,0.0
2026-03-28T14:40:00.000,0.0,0.0,0.0,0.0,0,0,0.0
2026-03-28T14:45:00.000,0.0,0.0,0.0,0.0,0,0,0.0
2026-03-28T14:50:00.000,0.0,0.0,0.0,0.0,0,0,0.0
2026-03-28T14:55:00.000,0.0,0.0,0.0,0.0,0,0,0.0
2026-03-28T15:00:00.000,0.0,0.0,0.0,0.0,0,0,0.0
2026-03-28T15:05:00.000,0.0,0.0,0.0,0.0,0,0,0.0
2026-03-28T15:10:00.000,0.0,0.0,0.0,0.0,0,0,0.0
2026-03-28T15:15:00.000,0.0,0.0,0.0,0.0,0,0,0.0
2026-03-28T15:20:00.000,0.0,0.0,0.0,0.0,0,0,0.0
2026-03-28T15:25:00.000,0.0,0.0,0.0,0.0,0,0,0.0
2026-03-28T15:30:00.000,0.0,0.0,0.0,0.0,0,0,0.0
2026-03-28T15:35:00.000,0.0,0.0,0.0,0.0,0,0,0.0
2026-03-28T15:40:00.000,0.0,0.0,0.0,0.0,0,0,0.0
2026-03-28T15:45:00.000,0.0,0.0,0.0,0.0,0,0,0.0
2026-03-28T15:50:00.000,0.0,0.0,0.0,0.0,0,0,0.0
2026-03-28T15:55:00.000,0.0,0.0,0.0,0.0,0,0,0.0
2026-03-28T16:00:00.000,0.0,0.0,0.0,0.0,0,0,0.0
2026-03-29T09:30:00.000,0.0,0.0,0.0,0.0,0,0,0.0
2026-03-29T09:35:00.000,0.0,0.0,0.0,0.0,0,0,0.0
2026-03-29T09:40:00.000,0.0,0.0,0.0,0.0,0,0,0.0
2026-03-29T09:45:00.000,0.0,0.0,0.0,0.0,0,0,0.0
2026-03-29T09:50:00.000,0.0,0.0,0.0,0.0,0,0,0.0
2026-03-29T09:55:00.000,0.0,0.0,0.0,0.0,0,0,0.0
2026-03-29T10:00:00.000,0.0,0.0,0.0,0.0,0,0,0.0
2026-03-29T10:05:00.000,0.0,0.0,0.0,0.0,0,0,0.0
2026-03-29T10:10:00.000,0.0,0.0,0.0,0.0,0,0,0.0
2026-03-29T10:15:00.000,0.0,0.0,0.0,0.0,0,0,0.0
2026-03-29T10:20:00.000,0.0,0.0,0.0,0.0,0,0,0.0
2026-03-29T10:25:00.000,0.0,0.0,0.0,0.0,0,0,0.0
2026-03-29T10:30:00.000,0.0,0.0,0.0,0.0,0,0,0.0
2026-03-29T10:35:00.000,0.0,0.0,0.0,0.0,0,0,0.0
2026-03-29T10:40:00.000,0.0,0.0,0.0,0.0,0,0,0.0
2026-03-29T10:45:00.000,0.0,0.0,0.0,0.0,0,0,0.0
2026-03-29T10:50:00.000,0.0,0.0,0.0,0.0,0,0,0.0
2026-03-29T10:55:00.000,0.0,0.0,0.0,0.0,0,0,0.0
2026-03-29T11:00:00.000,0.0,0.0,0.0,0.0,0,0,0.0
2026-03-29T11:05:00.000,0.0,0.0,0.0,0.0,0,0,0.0
2026-03-29T11:10:00.000,0.0,0.0,0.0,0.0,0,0,0.0
2026-03-29T11:15:00.000,0.0,0.0,0.0,0.0,0,0,0.0
2026-03-29T11:20:00.000,0.0,0.0,0.0,0.0,0,0,0.0
2026-03-29T11:25:00.000,0.0,0.0,0.0,0.0,0,0,0.0
2026-03-29T11:30:00.000,0.0,0.0,0.0,0.0,0,0,0.0
2026-03-29T11:35:00.000,0.0,0.0,0.0,0.0,0,0,0.0
2026-03-29T11:40:00.000,0.0,0.0,0.0,0.0,0,0,0.0
2026-03-29T11:45:00.000,0.0,0.0,0.0,0.0,0,0,0.0
2026-03-29T11:50:00.000,0.0,0.0,0.0,0.0,0,0,0.0
2026-03-29T11:55:00.000,0.0,0.0,0.0,0.0,0,0,0.0
2026-03-29T12:00:00.000,0.0,0.0,0.0,0.0,0,0,0.0
2026-03-29T12:05:00.000,0.0,0.0,0.0,0.0,0,0,0.0
2026-03-29T12:10:00.000,0.0,0.0,0.0,0.0,0,0,0.0
2026-03-29T12:15:00.000,0.0,0.0,0.0,0.0,0,0,0.0
2026-03-29T12:20:00.000,0.0,0.0,0.0,0.0,0,0,0.0
2026-03-29T12:25:00.000,0.0,0.0,0.0,0.0,0,0,0.0
2026-03-29T12:30:00.000,0.0,0.0,0.0,0.0,0,0,0.0
2026-03-29T12:35:00.000,0.0,0.0,0.0,0.0,0,0,0.0
2026-03-29T12:40:00.000,0.0,0.0,0.0,0.0,0,0,0.0
2026-03-29T12:45:00.000,0.0,0.0,0.0,0.0,0,0,0.0
2026-03-29T12:50:00.000,0.0,0.0,0.0,0.0,0,0,0.0
2026-03-29T12:55:00.000,0.0,0.0,0.0,0.0,0,0,0.0
2026-03-29T13:00:00.000,0.0,0.0,0.0,0.0,0,0,0.0
2026-03-29T13:05:00.000,0.0,0.0,0.0,0.0,0,0,0.0
2026-03-29T13:10:00.000,0.0,0.0,0.0,0.0,0,0,0.0
2026-03-29T13:15:00.000,0.0,0.0,0.0,0.0,0,0,0.0
2026-03-29T13:20:00.000,0.0,0.0,0.0,0.0,0,0,0.0
2026-03-29T13:25:00.000,0.0,0.0,0.0,0.0,0,0,0.0
2026-03-29T13:30:00.000,0.0,0.0,0.0,0.0,0,0,0.0
2026-03-29T13:35:00.000,0.0,0.0,0.0,0.0,0,0,0.0
2026-03-29T13:40:00.000,0.0,0.0,0.0,0.0,0,0,0.0
2026-03-29T13:45:00.000,0.0,0.0,0.0,0.0,0,0,0.0
2026-03-29T13:50:00.000,0.0,0.0,0.0,0.0,0,0,0.0
2026-03-29T13:55:00.000,0.0,0.0,0.0,0.0,0,0,0.0
2026-03-29T14:00:00.000,0.0,0.0,0.0,0.0,0,0,0.0
2026-03-29T14:05:00.000,0.0,0.0,0.0,0.0,0,0,0.0
2026-03-29T14:10:00.000,0.0,0.0,0.0,0.0,0,0,0.0
2026-03-29T14:15:00.000,0.0,0.0,0.0,0.0,0,0,0.0
2026-03-29T14:20:00.000,0.0,0.0,0.0,0.0,0,0,0.0
2026-03-29T14:25:00.000,0.0,0.0,0.0,0.0,0,0,0.0
2026-03-29T14:30:00.000,0.0,0.0,0.0,0.0,0,0,0.0
2026-03-29T14:35:00.000,0.0,0.0,0.0,0.0,0,0,0.0
2026-03-29T14:40:00.000,0.0,0.0,0.0,0.0,0,0,0.0
2026-03-29T14:45:00.000,0.0,0.0,0.0,0.0,0,0,0.0
2026-03-29T14:50:00.000,0.0,0.0,0.0,0.0,0,0,0.0
2026-03-29T14:55:00.000,0.0,0.0,0.0,0.0,0,0,0.0
2026-03-29T15:00:00.000,0.0,0.0,0.0,0.0,0,0,0.0
2026-03-29T15:05:00.000,0.0,0.0,0.0,0.0,0,0,0.0
2026-03-29T15:10:00.000,0.0,0.0,0.0,0.0,0,0,0.0
2026-03-29T15:15:00.000,0.0,0.0,0.0,0.0,0,0,0.0
2026-03-29T15:20:00.000,0.0,0.0,0.0,0.0,0,0,0.0
2026-03-29T15:25:00.000,0.0,0.0,0.0,0.0,0,0,0.0
2026-03-29T15:30:00.000,0.0,0.0,0.0,0.0,0,0,0.0
2026-03-29T15:35:00.000,0.0,0.0,0.0,0.0,0,0,0.0
2026-03-29T15:40:00.000,0.0,0.0,0.0,0.0,0,0,0.0
2026-03-29T15:45:00.000,0.0,0.0,0.0,0.0,0,0,0.0
2026-03-29T15:50:00.000,0.0,0.0,0.0,0.0,0,0,0.0
2026-03-29T15:55:00.000,0.0,0.0,0.0,0.0,0,0,0.0
2026-03-29T16:00:00.000,0.0,0.0,0.0,0.0,0,0,0.0
2026-03-30T09:30:00.000,640.11,640.37,638.78,638.85,2149582,39118,639.74
2026-03-30T09:35:00.000,638.86,638.93,637.78,637.95,1573575,24608,639.09
2026-03-30T09:40:00.000,637.91,637.91,636.78,637.17,1532219,25392,638.54
2026-03-30T09:45:00.000,637.16,637.4761,635.97,636.095,1229565,22981,638.17
2026-03-30T09:50:00.000,636.1,636.63,635.74,635.765,1275866,23545,637.85
2026-03-30T09:55:00.000,635.73,635.85,634.68,635.07,1704071,28559,637.38
2026-03-30T10:00:00.000,635.055,636.27,635.0,636.04,1578447,27260,637.13
2026-03-30T10:05:00.000,636.035,636.19,635.19,636.16,1278535,22897,636.99
2026-03-30T10:10:00.000,636.12,636.81,635.73,636.51,1220243,22060,636.93
2026-03-30T10:15:00.000,636.5,636.69,635.39,635.89,1020473,19326,636.86
2026-03-30T10:20:00.000,635.86,636.43,635.68,636.3,757422,15392,636.82
2026-03-30T10:25:00.000,636.31,636.545,635.6,635.86,966631,17887,636.78
2026-03-30T10:30:00.000,635.85,636.54,635.79,635.96,806008,15524,636.75
2026-03-30T10:35:00.000,635.97,636.14,635.24,635.86,1284261,18052,636.68
2026-03-30T10:40:00.000,635.87,636.27,634.76,634.95,1189815,19476,636.6
2026-03-30T10:45:00.000,634.95,636.95,634.73,635.76,1892680,32472,636.54
2026-03-30T10:50:00.000,635.77,636.39,635.51,636.26,1034535,17991,636.51
2026-03-30T10:55:00.000,636.25,637.58,635.89,637.51,1281260,20889,636.52
2026-03-30T11:00:00.000,637.51,638.38,637.49,638.3601,1580429,22667,636.61
2026-03-30T11:05:00.000,638.38,638.8,636.65,636.86,1211417,18319,636.65
2026-03-30T11:10:00.000,636.81,637.25,636.41,636.52,621953,13234,636.65
2026-03-30T11:15:00.000,636.52,636.57,635.56,636.41,1113891,16936,636.63
2026-03-30T11:20:00.000,636.43,636.87,636.17,636.78,752795,14175,636.63
2026-03-30T11:25:00.000,636.78,637.11,636.4,636.46,1966995,12892,636.63
2026-03-30T11:30:00.000,636.45,637.68,636.04,637.57,815702,14002,636.64
2026-03-30T11:35:00.000,637.59,638.16,637.29,637.39,887255,14778,636.67
2026-03-30T11:40:00.000,637.388,638.09,637.21,637.99,830000,11320,636.7
2026-03-30T11:45:00.000,637.99,638.085,637.48,637.79,608978,11763,636.72
2026-03-30T11:50:00.000,637.795,638.475,637.74,637.93,679934,11416,636.75
2026-03-30T11:55:00.000,637.93,637.93,637.18,637.34,924386,13007,636.77
2026-03-30T12:00:00.000,637.34,637.46,636.19,636.2899,705588,11634,636.77
2026-03-30T12:05:00.000,636.28,636.6107,636.08,636.35,730659,11265,636.76
2026-03-30T12:10:00.000,636.34,636.89,636.23,636.72,479821,8644,636.76
2026-03-30T12:15:00.000,636.68,636.7293,635.98,636.1501,351171,7318,636.75
2026-03-30T12:20:00.000,636.15,636.43,635.63,635.8,776872,11016,636.74
2026-03-30T12:25:00.000,635.8151,635.89,635.165,635.26,742578,11933,636.71
2026-03-30T12:30:00.000,635.27,635.76,635.12,635.555,647601,10805,636.69
2026-03-30T12:35:00.000,635.56,636.01,635.36,635.86,429066,7869,636.68
2026-03-30T12:40:00.000,635.85,635.85,635.45,635.595,400557,7167,636.67
2026-03-30T12:45:00.000,635.6,635.65,635.26,635.38,296913,5708,636.66
2026-03-30T12:50:00.000,635.37,635.77,635.19,635.2,517301,6825,636.65
2026-03-30T12:55:00.000,635.2,635.4199,634.985,635.3,1560909,9798,636.63
2026-03-30T13:00:00.000,635.295,635.85,634.84,634.88,708472,10922,636.61
2026-03-30T13:05:00.000,634.88,635.62,634.795,635.4,569284,8391,636.59
2026-03-30T13:10:00.000,635.4,635.51,634.46,634.55,606418,10191,636.56
2026-03-30T13:15:00.000,634.54,634.738,633.78,634.085,960005,16486,636.51
2026-03-30T13:20:00.000,634.085,634.26,633.455,633.7126,975924,15816,636.45
2026-03-30T13:25:00.000,633.7,633.88,633.24,633.4,1016083,17262,636.38
2026-03-30T13:30:00.000,633.4,633.46,632.82,632.925,1233907,21472,636.29
2026-03-30T13:35:00.000,632.92,633.66,632.71,633.62,1156918,19160,636.22
2026-03-30T13:40:00.000,633.61,634.35,633.45,634.21,910207,13510,636.18
2026-03-30T13:45:00.000,634.215,634.63,633.6,633.6403,1457040,25319,636.12
2026-03-30T13:50:00.000,633.64,633.79,633.42,633.5,843788,11570,636.09
2026-03-30T13:55:00.000,633.5,633.63,633.2,633.57,584799,9236,636.06
2026-03-30T14:00:00.000,633.56,633.75,633.2,633.29,858313,12647,636.01
2026-03-30T14:05:00.000,633.29,633.6,632.855,632.94,972076,15231,635.96
2026-03-30T14:10:00.000,632.96,633.41,632.86,633.26,801719,13641,635.92
2026-03-30T14:15:00.000,633.24,633.53,632.97,633.46,812884,11240,635.88
2026-03-30T14:20:00.000,633.45,633.67,632.98,633.05,723125,10600,635.85
2026-03-30T14:25:00.000,633.05,633.08,632.26,632.28,931912,15326,635.79
2026-03-30T14:30:00.000,632.29,632.72,632.26,632.615,2592630,12632,635.75
2026-03-30T14:35:00.000,632.6,633.17,632.48,632.495,815230,12641,635.71
2026-03-30T14:40:00.000,632.49,632.71,632.38,632.46,1094414,13279,635.65
2026-03-30T14:45:00.000,632.48,632.74,632.18,632.245,806279,13073,635.61
2026-03-30T14:50:00.000,632.24,632.31,631.63,631.835,1090821,16878,635.54
2026-03-30T14:55:00.000,631.84,632.05,631.45,631.75,924657,14518,635.49
2026-03-30T15:00:00.000,631.75,631.92,631.37,631.52,1023373,15298,635.42
2026-03-30T15:05:00.000,631.51,631.52,630.41,630.46,1671497,26034,635.3
2026-03-30T15:10:00.000,630.46,630.54,629.625,629.94,1833576,28957,635.16
2026-03-30T15:15:00.000,629.9481,630.3525,629.9075,630.03,1145795,17709,635.07
2026-03-30T15:20:00.000,630.03,630.26,629.75,629.88,1311389,18757,634.98
2026-03-30T15:25:00.000,629.8601,629.94,629.28,629.58,1274952,20688,634.89
2026-03-30T15:30:00.000,629.585,630.06,629.35,629.45,1529508,18194,634.8
2026-03-30T15:35:00.000,629.47,630.6999,629.45,630.22,1957132,21572,634.71
2026-03-30T15:40:00.000,630.23,631.08,630.21,630.735,1246637,19010,634.64
2026-03-30T15:45:00.000,630.7299,631.47,630.67,631.08,1763435,22485,634.56
2026-03-30T15:50:00.000,631.09,632.1,630.79,632.03,2608589,32036,634.47
2026-03-30T15:55:00.000,632.02,632.6402,631.5,632.02,4919762,48383,634.34
2026-03-30T16:00:00.000,632.0,632.0,632.0,632.0,2591,3,634.34
2026-03-31T09:30:00.000,638.94,639.77,638.31,639.73,2934000,36639,639.17
2026-03-31T09:35:00.000,639.73,639.91,638.79,639.8991,1352710,19641,639.21
2026-03-31T09:40:00.000,639.87,640.53,639.1,639.26,1836978,24772,639.42
2026-03-31T09:45:00.000,639.29,641.83,639.28,641.82,2030440,25881,639.72
2026-03-31T09:50:00.000,641.83,642.48,641.28,642.33,1658408,22890,640.09
2026-03-31T09:55:00.000,642.31,642.71,641.3707,642.63,1634909,25696,640.38
2026-03-31T10:00:00.000,642.64,642.95,642.06,642.38,1527572,22293,640.63
2026-03-31T10:05:00.000,642.36,642.38,641.11,641.215,2082279,25943,640.74
2026-03-31T10:10:00.000,641.22,641.98,641.13,641.49,1364380,23046,640.81
2026-03-31T10:15:00.000,641.5,642.36,640.99,641.97,1412569,20384,640.87
2026-03-31T10:20:00.000,641.98,642.44,640.89,642.18,1032200,16896,640.92
2026-03-31T10:25:00.000,642.19,642.7,641.81,642.5,878108,15419,640.98
2026-03-31T10:30:00.000,642.48,642.65,641.845,642.265,887575,16200,641.04
2026-03-31T10:35:00.000,642.26,642.42,640.84,641.08,1219586,20122,641.06
2026-03-31T10:40:00.000,641.08,641.51,639.96,640.2516,1475871,22176,641.03
2026-03-31T10:45:00.000,640.25,640.49,639.3699,639.41,1307760,19441,640.98
2026-03-31T10:50:00.000,639.41,639.54,638.52,638.67,1510923,20973,640.87
2026-03-31T10:55:00.000,638.65,638.81,637.98,638.68,1556591,24116,640.72
2026-03-31T11:00:00.000,638.69,640.19,638.67,639.97,3645839,22495,640.65
2026-03-31T11:05:00.000,639.96,641.28,639.87,640.585,1714769,25273,640.65
2026-03-31T11:10:00.000,640.57,642.04,640.33,641.945,988205,16624,640.67
2026-03-31T11:15:00.000,641.93,642.29,641.51,641.74,2038884,20811,640.72
2026-03-31T11:20:00.000,641.75,641.78,640.88,641.73,1147420,15867,640.75
2026-03-31T11:25:00.000,641.73,641.9,640.52,640.68,1041190,15116,640.76
2026-03-31T11:30:00.000,640.68,640.75,639.92,640.7,1131063,15527,640.75
2026-03-31T11:35:00.000,640.68,641.29,640.67,640.9588,837450,12896,640.75
2026-03-31T11:40:00.000,640.97,641.08,640.54,640.76,747370,10644,640.75
2026-03-31T11:45:00.000,640.74,640.76,640.1,640.415,677333,10506,640.75
2026-03-31T11:50:00.000,640.41,641.19,640.225,640.63,891191,13158,640.75
2026-03-31T11:55:00.000,640.6307,640.81,639.69,639.79,790598,12760,640.74
2026-03-31T12:00:00.000,639.79,641.18,639.52,640.595,872011,11384,640.73
2026-03-31T12:05:00.000,640.6,641.67,640.6,641.37,796307,11672,640.74
2026-03-31T12:10:00.000,641.37,641.45,640.4301,641.27,650156,10546,640.75
2026-03-31T12:15:00.000,641.27,641.92,641.27,641.5,638020,9827,640.76
2026-03-31T12:20:00.000,641.51,642.45,641.4,642.45,727148,10072,640.77
2026-03-31T12:25:00.000,642.42,642.63,641.9688,642.12,1031775,11590,640.8
2026-03-31T12:30:00.000,642.11,642.14,641.71,641.96,544614,8897,640.81
2026-03-31T12:35:00.000,641.96,644.94,641.65,644.89,2160445,29064,640.93
2026-03-31T12:40:00.000,644.87,649.46,644.78,647.09,7660598,94103,641.84
2026-03-31T12:45:00.000,647.09,647.98,644.9,646.31,3363611,45824,642.1
2026-03-31T12:50:00.000,646.31,647.89,645.17,646.28,2677026,34077,642.3
2026-03-31T12:55:00.000,646.27,646.76,645.51,646.64,1402640,19924,642.38
2026-03-31T13:00:00.000,646.66,648.55,646.57,648.06,1872644,25084,642.53
2026-03-31T13:05:00.000,648.06,648.14,645.44,646.47,1631049,21995,642.64
2026-03-31T13:10:00.000,646.5,647.59,646.3,647.49,1070529,15352,642.7
2026-03-31T13:15:00.000,647.5,648.51,647.47,648.3,976088,13827,642.77
2026-03-31T13:20:00.000,648.31,648.44,647.66,647.855,771653,11833,642.83
2026-03-31T13:25:00.000,647.86,647.95,646.79,647.0,1201901,17765,642.91
2026-03-31T13:30:00.000,647.03,648.3,646.95,648.13,885150,15202,642.97
2026-03-31T13:35:00.000,648.12,648.41,646.2,646.87,2868183,32807,643.11
2026-03-31T13:40:00.000,646.84,647.48,646.3,646.71,1372387,15152,643.17
2026-03-31T13:45:00.000,646.72,647.55,646.45,647.1365,1040018,17019,643.22
2026-03-31T13:50:00.000,647.18,647.49,646.89,647.2,636179,10139,643.25
2026-03-31T13:55:00.000,647.2,647.23,646.14,646.415,1259826,15461,643.29
2026-03-31T14:00:00.000,646.41,647.61,646.39,647.0,1082413,16488,643.35
2026-03-31T14:05:00.000,647.01,647.93,646.98,647.66,1212488,14517,643.4
2026-03-31T14:10:00.000,647.66,647.7,646.83,647.49,711205,11228,643.43
2026-03-31T14:15:00.000,647.47,648.13,647.44,647.82,969715,14114,643.49
2026-03-31T14:20:00.000,647.83,647.89,647.2,647.29,549066,8808,643.52
2026-03-31T14:25:00.000,647.31,648.24,646.97,647.7,1119501,15723,643.57
2026-03-31T14:30:00.000,647.71,647.87,647.2,647.56,918196,14258,643.62
2026-03-31T14:35:00.000,647.56,648.66,647.42,648.2897,1086655,13031,643.68
2026-03-31T14:40:00.000,648.285,648.33,647.63,647.975,1008306,14390,643.73
2026-03-31T14:45:00.000,647.99,648.705,647.89,648.3194,1455039,15769,643.79
2026-03-31T14:50:00.000,648.33,648.9,648.29,648.68,926312,11255,643.83
2026-03-31T14:55:00.000,648.68,648.88,648.51,648.64,654923,8784,643.86
2026-03-31T15:00:00.000,648.64,649.17,648.5775,648.9402,806387,12041,643.91
2026-03-31T15:05:00.000,648.94,648.96,648.0,648.3,1387850,20220,643.98
2026-03-31T15:10:00.000,648.29,649.23,648.26,649.07,2015321,18416,644.06
2026-03-31T15:15:00.000,649.08,649.64,648.95,649.25,1230317,17375,644.13
2026-03-31T15:20:00.000,649.252,649.91,649.17,649.62,1300993,18024,644.21
2026-03-31T15:25:00.000,649.62,649.67,649.15,649.402,1492409,19318,644.29
2026-03-31T15:30:00.000,649.42,650.02,649.35,649.71,1425301,19783,644.37
2026-03-31T15:35:00.000,649.72,650.61,649.66,650.45,2284094,24204,644.48
2026-03-31T15:40:00.000,650.46,650.61,649.835,650.178,1884279,25502,644.59
2026-03-31T15:45:00.000,650.17,651.05,649.97,650.87,2917871,26415,644.73
2026-03-31T15:50:00.000,650.88,651.54,649.69,649.9,5811120,60339,645.0
2026-03-31T15:55:00.000,649.91,650.74,649.32,650.235,10640668,88215,645.4
2026-03-31T16:00:00.000,0.0,0.0,0.0,0.0,0,0,645.4
