timestamp,open,high,low,close,volume,count,vwap
2024-08-01T09:30:00.000,552.57,553.58,552.32,553.49,1623668,14624,552.79
2024-08-01T09:35:00.000,553.5,553.62,552.87,553.51,718605,8640,552.94
2024-08-01T09:40:00.000,553.5,554.74,553.34,554.58,780162,8781,553.22
2024-08-01T09:45:00.000,554.6,554.8688,554.32,554.45,684238,8385,553.46
2024-08-01T09:50:00.000,554.45,554.56,553.47,553.9688,556823,7329,553.53
2024-08-01T09:55:00.000,553.96,554.61,553.8,554.04,429626,5428,553.58
2024-08-01T10:00:00.000,553.99,554.33,553.07,553.21,997597,10890,553.59
2024-08-01T10:05:00.000,553.2,553.36,552.04,552.135,1127176,9677,553.46
2024-08-01T10:10:00.000,552.14,552.84,551.97,552.065,707465,6853,553.38
2024-08-01T10:15:00.000,552.0799,552.2699,551.19,551.46,713708,12786,553.25
2024-08-01T10:20:00.000,551.48,551.675,550.12,550.9,1265335,15950,552.95
2024-08-01T10:25:00.000,550.94,551.07,549.81,549.8301,861132,14605,552.78
2024-08-01T10:30:00.000,549.87,550.25,548.98,549.975,964328,16484,552.48
2024-08-01T10:35:00.000,549.99,549.9997,548.66,549.25,840366,9224,552.24
2024-08-01T10:40:00.000,549.26,549.45,548.47,548.7,520965,6045,552.12
2024-08-01T10:45:00.000,548.68,548.73,547.24,547.41,1332217,9160,551.84
2024-08-01T10:50:00.000,547.37,548.4,547.365,547.87,747032,7746,551.62
2024-08-01T10:55:00.000,547.9,548.3455,547.36,547.47,592108,6134,551.46
2024-08-01T11:00:00.000,547.47,547.68,546.16,546.18,595118,7105,551.28
2024-08-01T11:05:00.000,546.18,546.82,546.03,546.27,604768,6771,551.09
2024-08-01T11:10:00.000,546.28,546.68,546.16,546.35,507192,5529,550.94
2024-08-01T11:15:00.000,546.335,547.1699,546.2,546.87,573595,6899,550.8
2024-08-01T11:20:00.000,546.86,547.09,546.05,546.4469,614463,5984,550.68
2024-08-01T11:25:00.000,546.44,546.9399,546.0,546.17,396419,5235,550.59
2024-08-01T11:30:00.000,546.11,546.58,545.71,545.86,489105,5352,550.46
2024-08-01T11:35:00.000,545.85,545.92,545.41,545.54,568088,5075,550.35
2024-08-01T11:40:00.000,545.52,545.52,544.58,544.62,617590,7147,550.17
2024-08-01T11:45:00.000,544.6199,544.68,544.17,544.54,563533,6247,550.0
2024-08-01T11:50:00.000,544.54,545.31,544.45,544.97,665847,6917,549.83
2024-08-01T11:55:00.000,544.9799,545.48,544.65,544.72,581295,6068,549.7
2024-08-01T12:00:00.000,544.72,545.486,544.52,545.3769,542160,5416,549.59
2024-08-01T12:05:00.000,545.36,546.24,545.13,545.83,845422,6242,549.49
2024-08-01T12:10:00.000,545.82,545.99,545.31,545.8599,761420,5262,549.4
2024-08-01T12:15:00.000,545.86,546.4054,545.58,545.67,564964,5463,549.32
2024-08-01T12:20:00.000,545.68,545.825,544.47,544.5,670585,5760,549.22
2024-08-01T12:25:00.000,544.5,545.1699,544.39,545.03,786343,7454,549.07
2024-08-01T12:30:00.000,545.05,545.05,544.3,544.36,687587,7274,548.95
2024-08-01T12:35:00.000,544.37,544.84,543.79,543.79,518827,5750,548.86
2024-08-01T12:40:00.000,543.81,543.94,543.21,543.71,659139,6985,548.73
2024-08-01T12:45:00.000,543.7199,544.17,543.56,543.935,620113,6026,548.62
2024-08-01T12:50:00.000,543.94,543.96,543.14,543.88,449596,4772,548.54
2024-08-01T12:55:00.000,543.87,544.22,543.61,543.74,461905,4891,548.46
2024-08-01T13:00:00.000,543.73,543.95,543.31,543.6765,381063,4231,548.4
2024-08-01T13:05:00.000,543.69,543.73,542.71,542.91,541508,5903,548.3
2024-08-01T13:10:00.000,542.93,543.05,542.61,542.71,541428,6029,548.21
2024-08-01T13:15:00.000,542.72,542.92,542.23,542.27,641691,6295,548.08
2024-08-01T13:20:00.000,542.24,542.43,541.98,542.1291,557882,6009,547.97
2024-08-01T13:25:00.000,542.13,542.69,541.82,542.3,1015266,6786,547.86
2024-08-01T13:30:00.000,542.3,542.33,541.88,541.93,833768,7421,547.74
2024-08-01T13:35:00.000,541.96,542.13,541.0605,541.0699,837083,6479,547.62
2024-08-01T13:40:00.000,541.07,541.2499,540.58,540.99,609754,6810,547.5
2024-08-01T13:45:00.000,540.99,541.38,540.595,540.7199,573862,6121,547.39
2024-08-01T13:50:00.000,540.6892,541.81,540.47,541.7987,710579,7170,547.27
2024-08-01T13:55:00.000,541.78,542.6,541.21,542.56,833366,7109,547.15
2024-08-01T14:00:00.000,542.54,542.8596,541.6145,541.6791,772739,6548,547.04
2024-08-01T14:05:00.000,541.64,542.05,541.26,541.3414,578830,5632,546.95
2024-08-01T14:10:00.000,541.34,541.61,540.79,540.96,801568,5876,546.86
2024-08-01T14:15:00.000,540.97,541.07,540.2,540.34,685506,6541,546.77
2024-08-01T14:20:00.000,540.35,541.25,540.33,540.64,852453,7482,546.63
2024-08-01T14:25:00.000,540.64,540.6999,539.8199,540.26,643487,7352,546.52
2024-08-01T14:30:00.000,540.24,540.4,539.74,539.94,786636,5466,546.43
2024-08-01T14:35:00.000,539.93,540.44,539.92,540.3368,585555,5268,546.36
2024-08-01T14:40:00.000,540.34,540.83,539.76,539.805,815914,6635,546.26
2024-08-01T14:45:00.000,539.805,540.13,539.43,539.53,671724,7396,546.15
2024-08-01T14:50:00.000,539.52,540.25,539.52,539.645,471455,5812,546.09
2024-08-01T14:55:00.000,539.63,540.37,539.57,539.9789,469663,5571,546.02
2024-08-01T15:00:00.000,539.975,540.57,539.79,540.35,481031,5894,545.96
2024-08-01T15:05:00.000,540.34,540.47,539.7,540.28,505528,5711,545.89
2024-08-01T15:10:00.000,540.3,541.08,540.12,540.58,663455,6093,545.82
2024-08-01T15:15:00.000,540.57,541.0,540.1599,540.94,819160,5957,545.75
2024-08-01T15:20:00.000,540.95,541.2,540.48,541.08,676624,6668,545.68
2024-08-01T15:25:00.000,541.09,541.7,540.84,541.47,867711,8617,545.6
2024-08-01T15:30:00.000,541.46,542.2,541.31,541.45,924113,9046,545.53
2024-08-01T15:35:00.000,541.49,542.43,541.46,542.38,755007,7654,545.47
2024-08-01T15:40:00.000,542.32,542.36,541.16,541.36,845629,8446,545.41
2024-08-01T15:45:00.000,541.38,542.93,541.36,542.56,1412214,12121,545.32
2024-08-01T15:50:00.000,542.61,543.47,541.435,541.81,4073321,28558,545.11
2024-08-01T15:55:00.000,541.83,543.21,541.83,543.04,5580850,39614,544.87
2024-08-01T16:00:00.000,543.04,543.04,543.04,543.04,837,1,544.87
2024-08-02T09:30:00.000,535.75,535.83,534.01,534.05,2354914,23961,535.13
2024-08-02T09:35:00.000,534.04,536.34,534.01,536.33,1354906,15485,535.05
2024-08-02T09:40:00.000,536.34,536.99,535.94,536.19,1375752,12874,535.4
2024-08-02T09:45:00.000,536.16,536.67,534.82,535.685,959479,10930,535.44
2024-08-02T09:50:00.000,535.67,536.37,534.73,534.86,856660,10000,535.44
2024-08-02T09:55:00.000,534.88,535.39,533.89,534.13,1083632,10659,535.33
2024-08-02T10:00:00.000,534.13,534.96,533.85,533.87,970849,10095,535.21
2024-08-02T10:05:00.000,533.87,533.89,531.14,531.65,1411806,16819,534.79
2024-08-02T10:10:00.000,531.64,531.64,529.76,529.9,1537281,18263,534.24
2024-08-02T10:15:00.000,529.93,531.28,529.93,530.13,1484772,20574,533.83
2024-08-02T10:20:00.000,530.16,530.5499,529.59,529.87,1138451,19328,533.52
2024-08-02T10:25:00.000,529.88,531.09,529.78,530.48,1642511,21243,533.22
2024-08-02T10:30:00.000,530.495,531.29,530.15,530.28,1171383,18589,533.05
2024-08-02T10:35:00.000,530.31,530.36,529.16,529.18,960368,11418,532.88
2024-08-02T10:40:00.000,529.19,530.158,529.0401,529.69,1002336,11086,532.7
2024-08-02T10:45:00.000,529.72,531.22,529.57,531.22,1179294,10478,532.58
2024-08-02T10:50:00.000,531.1872,531.5,529.995,530.04,778194,8942,532.51
2024-08-02T10:55:00.000,530.1,530.3727,529.02,529.26,859123,8432,532.4
2024-08-02T11:00:00.000,529.27,529.58,528.82,529.0,754995,9177,532.29
2024-08-02T11:05:00.000,528.97,529.29,528.66,529.09,835428,8327,532.19
2024-08-02T11:10:00.000,529.1,530.07,528.8957,529.22,670832,7714,532.12
2024-08-02T11:15:00.000,529.21,529.73,529.04,529.15,1125046,10170,531.99
2024-08-02T11:20:00.000,529.17,529.75,528.6,529.65,1017350,8461,531.91
2024-08-02T11:25:00.000,529.66,529.97,528.81,529.42,682755,8324,531.84
2024-08-02T11:30:00.000,529.43,530.12,529.2,529.96,806200,8668,531.78
2024-08-02T11:35:00.000,529.93,531.33,529.7417,530.77,923013,9745,531.74
2024-08-02T11:40:00.000,530.76,532.03,530.68,532.0,2239566,10410,531.73
2024-08-02T11:45:00.000,531.96,532.42,531.32,531.84,995671,9586,531.73
2024-08-02T11:50:00.000,531.8393,532.08,531.295,531.35,590966,6718,531.73
2024-08-02T11:55:00.000,531.36,532.82,531.36,532.18,926575,8679,531.75
2024-08-02T12:00:00.000,532.19,532.65,531.63,532.58,688879,7914,531.75
2024-08-02T12:05:00.000,532.55,532.88,531.86,531.93,568893,6741,531.77
2024-08-02T12:10:00.000,531.89,532.01,531.03,531.4899,878807,7698,531.76
2024-08-02T12:15:00.000,531.51,532.44,531.42,532.38,520858,6541,531.76
2024-08-02T12:20:00.000,532.38,533.12,532.24,532.48,718636,6835,531.78
2024-08-02T12:25:00.000,532.46,533.21,532.26,532.72,490143,5418,531.79
2024-08-02T12:30:00.000,532.7,533.05,532.16,532.7,457096,5574,531.8
2024-08-02T12:35:00.000,532.72,532.85,532.17,532.645,389633,4565,531.81
2024-08-02T12:40:00.000,532.6,533.52,532.5701,532.93,432872,5241,531.82
2024-08-02T12:45:00.000,532.93,533.18,532.16,532.28,455236,5489,531.83
2024-08-02T12:50:00.000,532.29,532.29,530.96,531.12,604190,7156,531.83
2024-08-02T12:55:00.000,531.09,531.75,530.57,531.255,524815,6204,531.82
2024-08-02T13:00:00.000,531.24,531.65,530.54,530.98,478459,6006,531.81
2024-08-02T13:05:00.000,530.99,531.57,530.89,531.36,593342,5639,531.8
2024-08-02T13:10:00.000,531.38,532.02,530.77,531.875,428644,5367,531.8
2024-08-02T13:15:00.000,531.85,532.01,531.31,531.58,424051,5212,531.79
2024-08-02T13:20:00.000,531.65,531.66,530.681,530.73,940541,4037,531.79
2024-08-02T13:25:00.000,530.73,531.19,530.51,530.58,438354,5072,531.78
2024-08-02T13:30:00.000,530.57,530.73,530.1,530.48,542667,6595,531.76
2024-08-02T13:35:00.000,530.49,530.5291,530.1021,530.25,353411,4394,531.75
2024-08-02T13:40:00.000,530.28,530.42,529.74,530.25,533140,6200,531.73
2024-08-02T13:45:00.000,530.23,530.61,529.8901,529.8901,388015,4412,531.72
2024-08-02T13:50:00.000,529.9,530.36,529.66,529.71,442507,4380,531.71
2024-08-02T13:55:00.000,529.74,530.41,529.7399,530.2212,513008,4549,531.69
2024-08-02T14:00:00.000,530.22,530.23,529.56,529.8299,511835,5724,531.67
2024-08-02T14:05:00.000,529.86,530.39,529.79,529.92,383640,4927,531.66
2024-08-02T14:10:00.000,529.9,530.23,529.79,529.9001,452403,4934,531.64
2024-08-02T14:15:00.000,529.89,530.12,529.54,529.88,481017,5389,531.62
2024-08-02T14:20:00.000,529.87,530.84,529.79,530.78,572218,6692,531.61
2024-08-02T14:25:00.000,530.79,531.78,530.71,531.75,760466,6056,531.6
2024-08-02T14:30:00.000,531.73,532.41,531.43,531.75,702116,6742,531.61
2024-08-02T14:35:00.000,531.74,531.75,530.97,531.24,529081,5854,531.6
2024-08-02T14:40:00.000,531.27,531.66,531.1332,531.22,315222,4415,531.6
2024-08-02T14:45:00.000,531.2,531.95,530.87,531.27,531521,5781,531.6
2024-08-02T14:50:00.000,531.29,531.58,531.05,531.52,330635,3815,531.6
2024-08-02T14:55:00.000,531.5129,531.92,530.865,530.91,472156,5230,531.59
2024-08-02T15:00:00.000,530.9,531.78,530.88,531.27,593535,6044,531.59
2024-08-02T15:05:00.000,531.3,531.58,530.63,531.34,683054,6528,531.58
2024-08-02T15:10:00.000,531.32,531.8338,530.85,531.74,783088,6163,531.58
2024-08-02T15:15:00.000,531.7,532.05,531.41,531.7605,478327,5472,531.58
2024-08-02T15:20:00.000,531.77,531.95,531.16,531.7,531600,6065,531.58
2024-08-02T15:25:00.000,531.72,532.618,531.44,532.32,747969,8066,531.59
2024-08-02T15:30:00.000,532.35,532.885,532.095,532.19,1165006,9305,531.6
2024-08-02T15:35:00.000,532.22,532.365,530.95,530.95,1231330,11961,531.6
2024-08-02T15:40:00.000,530.94,531.89,530.7,531.87,2101102,12603,531.59
2024-08-02T15:45:00.000,531.83,532.47,531.47,531.525,1261802,10507,531.59
2024-08-02T15:50:00.000,531.51,532.0,530.52,531.98,1899836,18508,531.58
2024-08-02T15:55:00.000,531.99,533.17,531.99,532.98,4368626,31164,531.67
2024-08-02T16:00:00.000,533.03,533.03,533.03,533.03,100,1,531.67
2024-08-03T09:30:00.000,0.0,0.0,0.0,0.0,0,0,0.0
2024-08-03T09:35:00.000,0.0,0.0,0.0,0.0,0,0,0.0
2024-08-03T09:40:00.000,0.0,0.0,0.0,0.0,0,0,0.0
2024-08-03T09:45:00.000,0.0,0.0,0.0,0.0,0,0,0.0
2024-08-03T09:50:00.000,0.0,0.0,0.0,0.0,0,0,0.0
2024-08-03T09:55:00.000,0.0,0.0,0.0,0.0,0,0,0.0
2024-08-03T10:00:00.000,0.0,0.0,0.0,0.0,0,0,0.0
2024-08-03T10:05:00.000,0.0,0.0,0.0,0.0,0,0,0.0
2024-08-03T10:10:00.000,0.0,0.0,0.0,0.0,0,0,0.0
2024-08-03T10:15:00.000,0.0,0.0,0.0,0.0,0,0,0.0
2024-08-03T10:20:00.000,0.0,0.0,0.0,0.0,0,0,0.0
2024-08-03T10:25:00.000,0.0,0.0,0.0,0.0,0,0,0.0
2024-08-03T10:30:00.000,0.0,0.0,0.0,0.0,0,0,0.0
2024-08-03T10:35:00.000,0.0,0.0,0.0,0.0,0,0,0.0
2024-08-03T10:40:00.000,0.0,0.0,0.0,0.0,0,0,0.0
2024-08-03T10:45:00.000,0.0,0.0,0.0,0.0,0,0,0.0
2024-08-03T10:50:00.000,0.0,0.0,0.0,0.0,0,0,0.0
2024-08-03T10:55:00.000,0.0,0.0,0.0,0.0,0,0,0.0
2024-08-03T11:00:00.000,0.0,0.0,0.0,0.0,0,0,0.0
2024-08-03T11:05:00.000,0.0,0.0,0.0,0.0,0,0,0.0
2024-08-03T11:10:00.000,0.0,0.0,0.0,0.0,0,0,0.0
2024-08-03T11:15:00.000,0.0,0.0,0.0,0.0,0,0,0.0
2024-08-03T11:20:00.000,0.0,0.0,0.0,0.0,0,0,0.0
2024-08-03T11:25:00.000,0.0,0.0,0.0,0.0,0,0,0.0
2024-08-03T11:30:00.000,0.0,0.0,0.0,0.0,0,0,0.0
2024-08-03T11:35:00.000,0.0,0.0,0.0,0.0,0,0,0.0
2024-08-03T11:40:00.000,0.0,0.0,0.0,0.0,0,0,0.0
2024-08-03T11:45:00.000,0.0,0.0,0.0,0.0,0,0,0.0
2024-08-03T11:50:00.000,0.0,0.0,0.0,0.0,0,0,0.0
2024-08-03T11:55:00.000,0.0,0.0,0.0,0.0,0,0,0.0
2024-08-03T12:00:00.000,0.0,0.0,0.0,0.0,0,0,0.0
2024-08-03T12:05:00.000,0.0,0.0,0.0,0.0,0,0,0.0
2024-08-03T12:10:00.000,0.0,0.0,0.0,0.0,0,0,0.0
2024-08-03T12:15:00.000,0.0,0.0,0.0,0.0,0,0,0.0
2024-08-03T12:20:00.000,0.0,0.0,0.0,0.0,0,0,0.0
2024-08-03T12:25:00.000,0.0,0.0,0.0,0.0,0,0,0.0
2024-08-03T12:30:00.000,0.0,0.0,0.0,0.0,0,0,0.0
2024-08-03T12:35:00.000,0.0,0.0,0.0,0.0,0,0,0.0
2024-08-03T12:40:00.000,0.0,0.0,0.0,0.0,0,0,0.0
2024-08-03T12:45:00.000,0.0,0.0,0.0,0.0,0,0,0.0
2024-08-03T12:50:00.000,0.0,0.0,0.0,0.0,0,0,0.0
2024-08-03T12:55:00.000,0.0,0.0,0.0,0.0,0,0,0.0
2024-08-03T13:00:00.000,0.0,0.0,0.0,0.0,0,0,0.0
2024-08-03T13:05:00.000,0.0,0.0,0.0,0.0,0,0,0.0
2024-08-03T13:10:00.000,0.0,0.0,0.0,0.0,0,0,0.0
2024-08-03T13:15:00.000,0.0,0.0,0.0,0.0,0,0,0.0
2024-08-03T13:20:00.000,0.0,0.0,0.0,0.0,0,0,0.0
2024-08-03T13:25:00.000,0.0,0.0,0.0,0.0,0,0,0.0
2024-08-03T13:30:00.000,0.0,0.0,0.0,0.0,0,0,0.0
2024-08-03T13:35:00.000,0.0,0.0,0.0,0.0,0,0,0.0
2024-08-03T13:40:00.000,0.0,0.0,0.0,0.0,0,0,0.0
2024-08-03T13:45:00.000,0.0,0.0,0.0,0.0,0,0,0.0
2024-08-03T13:50:00.000,0.0,0.0,0.0,0.0,0,0,0.0
2024-08-03T13:55:00.000,0.0,0.0,0.0,0.0,0,0,0.0
2024-08-03T14:00:00.000,0.0,0.0,0.0,0.0,0,0,0.0
2024-08-03T14:05:00.000,0.0,0.0,0.0,0.0,0,0,0.0
2024-08-03T14:10:00.000,0.0,0.0,0.0,0.0,0,0,0.0
2024-08-03T14:15:00.000,0.0,0.0,0.0,0.0,0,0,0.0
2024-08-03T14:20:00.000,0.0,0.0,0.0,0.0,0,0,0.0
2024-08-03T14:25:00.000,0.0,0.0,0.0,0.0,0,0,0.0
2024-08-03T14:30:00.000,0.0,0.0,0.0,0.0,0,0,0.0
2024-08-03T14:35:00.000,0.0,0.0,0.0,0.0,0,0,0.0
2024-08-03T14:40:00.000,0.0,0.0,0.0,0.0,0,0,0.0
2024-08-03T14:45:00.000,0.0,0.0,0.0,0.0,0,0,0.0
2024-08-03T14:50:00.000,0.0,0.0,0.0,0.0,0,0,0.0
2024-08-03T14:55:00.000,0.0,0.0,0.0,0.0,0,0,0.0
2024-08-03T15:00:00.000,0.0,0.0,0.0,0.0,0,0,0.0
2024-08-03T15:05:00.000,0.0,0.0,0.0,0.0,0,0,0.0
2024-08-03T15:10:00.000,0.0,0.0,0.0,0.0,0,0,0.0
2024-08-03T15:15:00.000,0.0,0.0,0.0,0.0,0,0,0.0
2024-08-03T15:20:00.000,0.0,0.0,0.0,0.0,0,0,0.0
2024-08-03T15:25:00.000,0.0,0.0,0.0,0.0,0,0,0.0
2024-08-03T15:30:00.000,0.0,0.0,0.0,0.0,0,0,0.0
2024-08-03T15:35:00.000,0.0,0.0,0.0,0.0,0,0,0.0
2024-08-03T15:40:00.000,0.0,0.0,0.0,0.0,0,0,0.0
2024-08-03T15:45:00.000,0.0,0.0,0.0,0.0,0,0,0.0
2024-08-03T15:50:00.000,0.0,0.0,0.0,0.0,0,0,0.0
2024-08-03T15:55:00.000,0.0,0.0,0.0,0.0,0,0,0.0
2024-08-03T16:00:00.000,0.0,0.0,0.0,0.0,0,0,0.0
2024-08-04T09:30:00.000,0.0,0.0,0.0,0.0,0,0,0.0
2024-08-04T09:35:00.000,0.0,0.0,0.0,0.0,0,0,0.0
2024-08-04T09:40:00.000,0.0,0.0,0.0,0.0,0,0,0.0
2024-08-04T09:45:00.000,0.0,0.0,0.0,0.0,0,0,0.0
2024-08-04T09:50:00.000,0.0,0.0,0.0,0.0,0,0,0.0
2024-08-04T09:55:00.000,0.0,0.0,0.0,0.0,0,0,0.0
2024-08-04T10:00:00.000,0.0,0.0,0.0,0.0,0,0,0.0
2024-08-04T10:05:00.000,0.0,0.0,0.0,0.0,0,0,0.0
2024-08-04T10:10:00.000,0.0,0.0,0.0,0.0,0,0,0.0
2024-08-04T10:15:00.000,0.0,0.0,0.0,0.0,0,0,0.0
2024-08-04T10:20:00.000,0.0,0.0,0.0,0.0,0,0,0.0
2024-08-04T10:25:00.000,0.0,0.0,0.0,0.0,0,0,0.0
2024-08-04T10:30:00.000,0.0,0.0,0.0,0.0,0,0,0.0
2024-08-04T10:35:00.000,0.0,0.0,0.0,0.0,0,0,0.0
2024-08-04T10:40:00.000,0.0,0.0,0.0,0.0,0,0,0.0
2024-08-04T10:45:00.000,0.0,0.0,0.0,0.0,0,0,0.0
2024-08-04T10:50:00.000,0.0,0.0,0.0,0.0,0,0,0.0
2024-08-04T10:55:00.000,0.0,0.0,0.0,0.0,0,0,0.0
2024-08-04T11:00:00.000,0.0,0.0,0.0,0.0,0,0,0.0
2024-08-04T11:05:00.000,0.0,0.0,0.0,0.0,0,0,0.0
2024-08-04T11:10:00.000,0.0,0.0,0.0,0.0,0,0,0.0
2024-08-04T11:15:00.000,0.0,0.0,0.0,0.0,0,0,0.0
2024-08-04T11:20:00.000,0.0,0.0,0.0,0.0,0,0,0.0
2024-08-04T11:25:00.000,0.0,0.0,0.0,0.0,0,0,0.0
2024-08-04T11:30:00.000,0.0,0.0,0.0,0.0,0,0,0.0
2024-08-04T11:35:00.000,0.0,0.0,0.0,0.0,0,0,0.0
2024-08-04T11:40:00.000,0.0,0.0,0.0,0.0,0,0,0.0
2024-08-04T11:45:00.000,0.0,0.0,0.0,0.0,0,0,0.0
2024-08-04T11:50:00.000,0.0,0.0,0.0,0.0,0,0,0.0
2024-08-04T11:55:00.000,0.0,0.0,0.0,0.0,0,0,0.0
2024-08-04T12:00:00.000,0.0,0.0,0.0,0.0,0,0,0.0
2024-08-04T12:05:00.000,0.0,0.0,0.0,0.0,0,0,0.0
2024-08-04T12:10:00.000,0.0,0.0,0.0,0.0,0,0,0.0
2024-08-04T12:15:00.000,0.0,0.0,0.0,0.0,0,0,0.0
2024-08-04T12:20:00.000,0.0,0.0,0.0,0.0,0,0,0.0
2024-08-04T12:25:00.000,0.0,0.0,0.0,0.0,0,0,0.0
2024-08-04T12:30:00.000,0.0,0.0,0.0,0.0,0,0,0.0
2024-08-04T12:35:00.000,0.0,0.0,0.0,0.0,0,0,0.0
2024-08-04T12:40:00.000,0.0,0.0,0.0,0.0,0,0,0.0
2024-08-04T12:45:00.000,0.0,0.0,0.0,0.0,0,0,0.0
2024-08-04T12:50:00.000,0.0,0.0,0.0,0.0,0,0,0.0
2024-08-04T12:55:00.000,0.0,0.0,0.0,0.0,0,0,0.0
2024-08-04T13:00:00.000,0.0,0.0,0.0,0.0,0,0,0.0
2024-08-04T13:05:00.000,0.0,0.0,0.0,0.0,0,0,0.0
2024-08-04T13:10:00.000,0.0,0.0,0.0,0.0,0,0,0.0
2024-08-04T13:15:00.000,0.0,0.0,0.0,0.0,0,0,0.0
2024-08-04T13:20:00.000,0.0,0.0,0.0,0.0,0,0,0.0
2024-08-04T13:25:00.000,0.0,0.0,0.0,0.0,0,0,0.0
2024-08-04T13:30:00.000,0.0,0.0,0.0,0.0,0,0,0.0
2024-08-04T13:35:00.000,0.0,0.0,0.0,0.0,0,0,0.0
2024-08-04T13:40:00.000,0.0,0.0,0.0,0.0,0,0,0.0
2024-08-04T13:45:00.000,0.0,0.0,0.0,0.0,0,0,0.0
2024-08-04T13:50:00.000,0.0,0.0,0.0,0.0,0,0,0.0
2024-08-04T13:55:00.000,0.0,0.0,0.0,0.0,0,0,0.0
2024-08-04T14:00:00.000,0.0,0.0,0.0,0.0,0,0,0.0
2024-08-04T14:05:00.000,0.0,0.0,0.0,0.0,0,0,0.0
2024-08-04T14:10:00.000,0.0,0.0,0.0,0.0,0,0,0.0
2024-08-04T14:15:00.000,0.0,0.0,0.0,0.0,0,0,0.0
2024-08-04T14:20:00.000,0.0,0.0,0.0,0.0,0,0,0.0
2024-08-04T14:25:00.000,0.0,0.0,0.0,0.0,0,0,0.0
2024-08-04T14:30:00.000,0.0,0.0,0.0,0.0,0,0,0.0
2024-08-04T14:35:00.000,0.0,0.0,0.0,0.0,0,0,0.0
2024-08-04T14:40:00.000,0.0,0.0,0.0,0.0,0,0,0.0
2024-08-04T14:45:00.000,0.0,0.0,0.0,0.0,0,0,0.0
2024-08-04T14:50:00.000,0.0,0.0,0.0,0.0,0,0,0.0
2024-08-04T14:55:00.000,0.0,0.0,0.0,0.0,0,0,0.0
2024-08-04T15:00:00.000,0.0,0.0,0.0,0.0,0,0,0.0
2024-08-04T15:05:00.000,0.0,0.0,0.0,0.0,0,0,0.0
2024-08-04T15:10:00.000,0.0,0.0,0.0,0.0,0,0,0.0
2024-08-04T15:15:00.000,0.0,0.0,0.0,0.0,0,0,0.0
2024-08-04T15:20:00.000,0.0,0.0,0.0,0.0,0,0,0.0
2024-08-04T15:25:00.000,0.0,0.0,0.0,0.0,0,0,0.0
2024-08-04T15:30:00.000,0.0,0.0,0.0,0.0,0,0,0.0
2024-08-04T15:35:00.000,0.0,0.0,0.0,0.0,0,0,0.0
2024-08-04T15:40:00.000,0.0,0.0,0.0,0.0,0,0,0.0
2024-08-04T15:45:00.000,0.0,0.0,0.0,0.0,0,0,0.0
2024-08-04T15:50:00.000,0.0,0.0,0.0,0.0,0,0,0.0
2024-08-04T15:55:00.000,0.0,0.0,0.0,0.0,0,0,0.0
2024-08-04T16:00:00.000,0.0,0.0,0.0,0.0,0,0,0.0
2024-08-05T09:30:00.000,511.64,513.37,510.27,512.23,6198285,65016,511.55
2024-08-05T09:35:00.000,512.22,515.98,511.61,515.72,3574203,40101,512.26
2024-08-05T09:40:00.000,515.725,515.73,513.11,514.11,6147578,57468,512.94
2024-08-05T09:45:00.000,514.11,517.14,513.76,516.91,4043577,40876,513.55
2024-08-05T09:50:00.000,516.91,518.04,515.95,516.23,2690334,31477,513.99
2024-08-05T09:55:00.000,516.23,516.71,515.19,515.22,2153523,22035,514.16
2024-08-05T10:00:00.000,515.25,520.93,515.25,519.32,3690091,39862,514.93
2024-08-05T10:05:00.000,519.34,519.75,516.79,517.46,1864659,22743,515.14
2024-08-05T10:10:00.000,517.46,517.74,515.82,517.655,1446745,19375,515.22
2024-08-05T10:15:00.000,517.61,518.47,516.69,518.23,1506373,17815,515.33
2024-08-05T10:20:00.000,518.19,519.6874,515.7,516.37,1573314,17232,515.42
2024-08-05T10:25:00.000,516.32,517.82,514.61,514.64,1100608,15016,515.44
2024-08-05T10:30:00.000,514.65,517.37,514.62,517.2151,1168246,13678,515.45
2024-08-05T10:35:00.000,517.29,517.93,516.02,517.13,1024896,16609,515.49
2024-08-05T10:40:00.000,517.11,517.5,516.1,516.205,958562,17548,515.52
2024-08-05T10:45:00.000,516.22,517.36,515.96,516.51,959233,18034,515.55
2024-08-05T10:50:00.000,516.515,519.17,515.81,518.5099,1312448,20109,515.62
2024-08-05T10:55:00.000,518.47,518.67,516.15,516.43,1204495,18206,515.67
2024-08-05T11:00:00.000,516.41,517.1,515.35,516.42,1026419,18199,515.68
2024-08-05T11:05:00.000,516.391,519.94,516.39,519.37,1588294,19441,515.78
2024-08-05T11:10:00.000,519.35,520.34,518.65,519.82,1251728,14837,515.89
2024-08-05T11:15:00.000,519.79,520.55,519.44,519.65,1242586,14203,515.99
2024-08-05T11:20:00.000,519.62,521.0,519.36,520.87,892424,12023,516.08
2024-08-05T11:25:00.000,520.85,520.9198,519.53,519.68,968657,11323,516.15
2024-08-05T11:30:00.000,519.675,520.79,519.403,520.15,927336,11083,516.22
2024-08-05T11:35:00.000,520.14,521.95,519.74,521.25,1587747,17280,516.36
2024-08-05T11:40:00.000,521.22,521.38,519.73,520.02,804817,11551,516.43
2024-08-05T11:45:00.000,520.07,520.97,519.71,519.91,805353,10123,516.48
2024-08-05T11:50:00.000,519.94,520.57,519.1,520.32,946062,11271,516.54
2024-08-05T11:55:00.000,520.26,520.72,519.72,520.4201,614214,8726,516.58
2024-08-05T12:00:00.000,520.41,521.36,519.695,520.97,979408,8738,516.63
2024-08-05T12:05:00.000,520.91,521.4,520.29,521.31,551947,6571,516.67
2024-08-05T12:10:00.000,521.31,521.6207,520.77,521.46,558694,7385,516.71
2024-08-05T12:15:00.000,521.53,522.34,521.41,522.28,996407,8860,516.78
2024-08-05T12:20:00.000,522.28,522.76,521.69,522.71,735391,8716,516.85
2024-08-05T12:25:00.000,522.67,523.58,522.51,523.57,1092344,10032,516.95
2024-08-05T12:30:00.000,523.55,523.55,521.8,522.05,1429755,12995,517.06
2024-08-05T12:35:00.000,522.02,522.02,520.51,521.03,907387,10831,517.13
2024-08-05T12:40:00.000,521.01,521.67,520.44,520.74,703432,8441,517.18
2024-08-05T12:45:00.000,520.74,520.7599,519.79,520.05,897429,9730,517.22
2024-08-05T12:50:00.000,520.05,520.16,519.095,519.095,631106,7723,517.24
2024-08-05T12:55:00.000,519.12,519.4,518.44,518.91,774527,9769,517.26
2024-08-05T13:00:00.000,518.9,519.38,518.49,518.79,806175,7975,517.28
2024-08-05T13:05:00.000,518.7501,519.98,518.25,519.31,1072728,10563,517.31
2024-08-05T13:10:00.000,519.31,519.94,518.85,519.48,731956,7514,517.33
2024-08-05T13:15:00.000,519.46,520.23,519.4,519.96,741051,7350,517.36
2024-08-05T13:20:00.000,519.98,520.63,519.8,520.04,781268,6446,517.39
2024-08-05T13:25:00.000,520.039,520.8,519.56,519.66,556911,6466,517.41
2024-08-05T13:30:00.000,519.64,520.365,519.47,520.28,596216,7028,517.43
2024-08-05T13:35:00.000,520.23,520.42,519.69,520.1,482434,5639,517.44
2024-08-05T13:40:00.000,520.06,520.88,519.72,520.0,690838,8204,517.47
2024-08-05T13:45:00.000,519.98,520.22,519.48,519.56,683640,6642,517.49
2024-08-05T13:50:00.000,519.57,520.19,519.36,519.47,659565,7947,517.51
2024-08-05T13:55:00.000,519.51,519.98,518.71,519.06,751050,6721,517.53
2024-08-05T14:00:00.000,519.04,519.18,517.79,518.01,1044529,10683,517.54
2024-08-05T14:05:00.000,518.01,518.775,517.87,518.6084,717413,6534,517.55
2024-08-05T14:10:00.000,518.61,518.92,517.77,517.91,733707,6675,517.55
2024-08-05T14:15:00.000,517.92,518.89,517.73,518.52,571813,6365,517.56
2024-08-05T14:20:00.000,518.63,518.97,518.16,518.28,471848,5894,517.57
2024-08-05T14:25:00.000,518.335,519.15,518.22,518.95,613195,5369,517.57
2024-08-05T14:30:00.000,518.91,519.4,518.49,518.525,661349,6381,517.58
2024-08-05T14:35:00.000,518.51,518.99,517.82,517.93,901140,8455,517.59
2024-08-05T14:40:00.000,517.915,518.01,516.46,516.5901,1122097,12023,517.59
2024-08-05T14:45:00.000,516.59,516.93,515.72,515.835,1150731,11491,517.57
2024-08-05T14:50:00.000,515.86,517.3,515.85,516.265,961814,9999,517.56
2024-08-05T14:55:00.000,516.24,516.41,515.61,515.72,809637,7900,517.54
2024-08-05T15:00:00.000,515.73,517.2,515.73,517.1001,1353080,10295,517.52
2024-08-05T15:05:00.000,517.1,517.1,515.86,515.865,906033,8450,517.51
2024-08-05T15:10:00.000,515.86,516.45,515.41,515.47,842828,8750,517.49
2024-08-05T15:15:00.000,515.45,515.93,515.31,515.73,870366,9008,517.47
2024-08-05T15:20:00.000,515.71,516.59,515.57,516.245,943533,8714,517.45
2024-08-05T15:25:00.000,516.26,516.69,515.8,516.43,934570,9196,517.44
2024-08-05T15:30:00.000,516.45,516.92,515.52,516.3,1381996,10975,517.42
2024-08-05T15:35:00.000,516.283,516.91,515.99,516.22,1954607,14729,517.4
2024-08-05T15:40:00.000,516.23,516.52,515.2,515.26,1680319,14335,517.37
2024-08-05T15:45:00.000,515.25,515.77,514.93,515.26,2889629,21740,517.31
2024-08-05T15:50:00.000,515.24,516.59,514.88,515.74,5482783,39156,517.24
2024-08-05T15:55:00.000,515.77,517.75,515.76,517.41,9742118,56045,517.18
2024-08-05T16:00:00.000,517.41,517.41,517.41,517.41,100,1,517.18
2024-08-06T09:30:00.000,519.22,520.54,518.7,519.46,2995604,28178,519.46
2024-08-06T09:35:00.000,519.47,519.9058,518.95,519.59,1332283,13011,519.43
2024-08-06T09:40:00.000,519.62,519.97,517.92,518.53,1526500,16632,519.21
2024-08-06T09:45:00.000,518.52,519.98,517.87,519.83,1214619,13048,519.16
2024-08-06T09:50:00.000,519.8,521.8772,519.32,521.68,1424401,15046,519.45
2024-08-06T09:55:00.000,521.685,522.44,521.23,521.8858,1136128,12547,519.72
2024-08-06T10:00:00.000,521.89,522.8104,521.18,522.67,895142,11633,519.92
2024-08-06T10:05:00.000,522.66,523.9249,522.03,523.7731,1000293,11661,520.2
2024-08-06T10:10:00.000,523.8,523.95,522.79,523.17,778743,12637,520.39
2024-08-06T10:15:00.000,523.18,523.8218,522.5,523.6627,691803,15965,520.54
2024-08-06T10:20:00.000,523.64,524.07,523.13,524.0,951061,16222,520.73
2024-08-06T10:25:00.000,524.0,524.29,522.83,522.93,1419571,16275,520.91
2024-08-06T10:30:00.000,523.0,523.37,522.15,523.3,791398,11353,521.0
2024-08-06T10:35:00.000,523.29,524.62,523.18,524.03,825501,10164,521.15
2024-08-06T10:40:00.000,524.05,525.06,523.83,524.96,1027226,8446,521.28
2024-08-06T10:45:00.000,524.92,526.51,524.7,526.2,1015139,10084,521.51
2024-08-06T10:50:00.000,526.18,526.2042,525.21,525.7,928573,9394,521.7
2024-08-06T10:55:00.000,525.7,525.735,524.9,525.39,494344,7285,521.79
2024-08-06T11:00:00.000,525.39,525.7,525.095,525.367,463145,6303,521.87
2024-08-06T11:05:00.000,525.37,525.85,525.24,525.495,522612,5640,521.94
2024-08-06T11:10:00.000,525.47,525.58,524.28,524.52,655932,7254,522.01
2024-08-06T11:15:00.000,524.51,524.84,523.78,524.36,542417,6990,522.07
2024-08-06T11:20:00.000,524.3201,524.48,523.53,524.0,522808,6866,522.12
2024-08-06T11:25:00.000,524.0,524.36,522.39,522.42,745961,8688,522.16
2024-08-06T11:30:00.000,522.46,523.82,522.41,523.69,1047117,8252,522.19
2024-08-06T11:35:00.000,523.71,524.21,523.13,523.79,571682,6622,522.22
2024-08-06T11:40:00.000,523.78,524.29,523.38,524.11,497460,5920,522.26
2024-08-06T11:45:00.000,524.11,525.14,523.66,525.06,450902,6133,522.3
2024-08-06T11:50:00.000,525.07,526.03,525.07,525.55,570615,5999,522.35
2024-08-06T11:55:00.000,525.55,525.94,525.36,525.9,385755,4894,522.4
2024-08-06T12:00:00.000,525.9,526.39,525.62,525.94,447932,5897,522.47
2024-08-06T12:05:00.000,525.96,526.31,525.57,525.9395,413255,3647,522.49
2024-08-06T12:10:00.000,525.9,526.425,525.83,526.42,305100,3871,522.53
2024-08-06T12:15:00.000,526.41,526.955,526.25,526.78,491177,5458,522.61
2024-08-06T12:20:00.000,526.7647,526.91,525.8913,526.31,425466,5181,522.67
2024-08-06T12:25:00.000,526.3,526.3,525.55,525.98,329292,4602,522.71
2024-08-06T12:30:00.000,526.02,526.35,525.77,526.23,396054,3912,522.74
2024-08-06T12:35:00.000,526.23,526.25,525.51,526.19,381632,4708,522.78
2024-08-06T12:40:00.000,526.19,526.4903,526.07,526.145,238682,3693,522.81
2024-08-06T12:45:00.000,526.21,526.7,526.19,526.24,408788,4022,522.85
2024-08-06T12:50:00.000,526.26,527.8899,526.26,527.69,758667,7450,522.94
2024-08-06T12:55:00.000,527.695,528.05,527.57,527.63,630350,5865,523.03
2024-08-06T13:00:00.000,527.63,528.1561,527.36,527.96,488107,5165,523.1
2024-08-06T13:05:00.000,527.97,528.02,527.45,527.76,376452,4794,523.15
2024-08-06T13:10:00.000,527.8,527.87,527.4535,527.66,370822,3442,523.19
2024-08-06T13:15:00.000,527.69,527.84,527.21,527.47,349601,4832,523.24
2024-08-06T13:20:00.000,527.48,527.88,527.06,527.375,348590,4491,523.28
2024-08-06T13:25:00.000,527.34,527.8801,527.23,527.8501,417530,3879,523.32
2024-08-06T13:30:00.000,527.88,528.1,527.6083,527.88,343183,4867,523.36
2024-08-06T13:35:00.000,527.86,528.26,527.68,528.06,515128,4390,523.42
2024-08-06T13:40:00.000,528.03,528.15,527.28,527.56,437355,4747,523.47
2024-08-06T13:45:00.000,527.61,527.9,527.15,527.78,607764,5290,523.53
2024-08-06T13:50:00.000,527.827,528.2,527.64,528.11,1184844,3902,523.57
2024-08-06T13:55:00.000,528.11,528.45,527.8,527.93,509095,4905,523.64
2024-08-06T14:00:00.000,527.92,528.02,527.42,527.51,734590,6713,523.72
2024-08-06T14:05:00.000,527.51,527.7,526.9,527.09,708753,8340,523.79
2024-08-06T14:10:00.000,527.08,527.59,527.08,527.22,339050,4353,523.82
2024-08-06T14:15:00.000,527.22,528.13,527.2,528.1,445753,5354,523.87
2024-08-06T14:20:00.000,528.1,528.83,528.03,528.65,441564,5436,523.92
2024-08-06T14:25:00.000,528.65,528.91,528.4801,528.8903,413143,5381,523.97
2024-08-06T14:30:00.000,528.9,529.4,528.44,529.32,534072,6075,524.04
2024-08-06T14:35:00.000,529.35,529.62,529.17,529.36,746159,7047,524.15
2024-08-06T14:40:00.000,529.35,529.41,528.97,529.38,447907,5063,524.2
2024-08-06T14:45:00.000,529.38,529.75,529.18,529.49,475208,5253,524.27
2024-08-06T14:50:00.000,529.47,529.71,529.18,529.52,385017,4382,524.32
2024-08-06T14:55:00.000,529.525,529.61,527.47,527.47,950684,10519,524.41
2024-08-06T15:00:00.000,527.51,527.56,525.62,525.85,1359250,13177,524.49
2024-08-06T15:05:00.000,525.8201,526.32,525.06,525.94,1497977,13376,524.53
2024-08-06T15:10:00.000,525.9,526.56,525.68,526.06,829248,8152,524.56
2024-08-06T15:15:00.000,526.08,526.21,525.01,525.68,759685,7856,524.58
2024-08-06T15:20:00.000,525.69,527.55,525.5026,527.48,811232,8711,524.61
2024-08-06T15:25:00.000,527.49,527.65,526.42,526.7204,730405,8336,524.65
2024-08-06T15:30:00.000,526.75,526.98,526.15,526.74,1099715,8964,524.69
2024-08-06T15:35:00.000,526.73,527.03,526.25,526.27,917143,9176,524.73
2024-08-06T15:40:00.000,526.26,526.62,525.62,525.65,1081447,9486,524.75
2024-08-06T15:45:00.000,525.66,526.15,524.47,524.56,2251291,17855,524.77
2024-08-06T15:50:00.000,524.53,525.38,523.17,523.3,4390278,29972,524.71
2024-08-06T15:55:00.000,523.3,523.75,521.97,522.19,6730081,42916,524.48
2024-08-06T16:00:00.000,522.19,522.19,522.19,522.19,298,3,524.48
2024-08-07T09:30:00.000,528.47,529.16,527.94,528.76,2019180,18382,528.49
2024-08-07T09:35:00.000,528.72,530.17,528.5699,529.68,1102241,12141,528.81
2024-08-07T09:40:00.000,529.69,530.06,529.1,529.845,954678,9643,528.98
2024-08-07T09:45:00.000,529.85,530.35,529.445,530.07,1135614,10444,529.17
2024-08-07T09:50:00.000,530.05,530.48,529.82,530.3001,643054,7735,529.28
2024-08-07T09:55:00.000,530.29,531.19,529.75,531.01,807172,8972,529.43
2024-08-07T10:00:00.000,531.04,531.59,530.14,530.18,884402,10021,529.62
2024-08-07T10:05:00.000,530.2,531.13,529.7999,531.06,533374,7347,529.67
2024-08-07T10:10:00.000,531.05,531.25,530.155,530.285,549571,9198,529.75
2024-08-07T10:15:00.000,530.32,530.7489,528.7206,529.03,929640,16755,529.74
2024-08-07T10:20:00.000,529.02,530.04,529.02,529.69,530383,12674,529.73
2024-08-07T10:25:00.000,529.7,529.74,528.28,528.75,692995,15068,529.68
2024-08-07T10:30:00.000,528.78,529.48,528.46,529.04,965989,9228,529.64
2024-08-07T10:35:00.000,529.035,529.4499,528.61,528.7,405831,5343,529.62
2024-08-07T10:40:00.000,528.68,530.1,528.63,530.09,516742,5973,529.61
2024-08-07T10:45:00.000,530.13,531.04,530.02,530.67,497323,6172,529.65
2024-08-07T10:50:00.000,530.65,530.91,530.11,530.25,569562,5668,529.69
2024-08-07T10:55:00.000,530.25,530.7,530.13,530.415,293599,4001,529.71
2024-08-07T11:00:00.000,530.47,530.97,529.96,530.8899,360675,5102,529.73
2024-08-07T11:05:00.000,530.87,531.15,530.52,530.77,367350,5366,529.76
2024-08-07T11:10:00.000,530.77,530.9204,529.61,529.86,533956,6718,529.77
2024-08-07T11:15:00.000,529.84,530.1518,529.0,529.34,435804,5951,529.76
2024-08-07T11:20:00.000,529.32,529.63,529.11,529.23,302057,4274,529.76
2024-08-07T11:25:00.000,529.24,529.68,528.88,529.51,441711,5061,529.74
2024-08-07T11:30:00.000,529.55,529.94,529.34,529.54,316107,4226,529.74
2024-08-07T11:35:00.000,529.6,530.0,529.46,529.58,260709,3965,529.74
2024-08-07T11:40:00.000,529.55,529.72,528.13,528.19,452853,6258,529.72
2024-08-07T11:45:00.000,528.2,528.3,527.08,527.6,785292,9252,529.63
2024-08-07T11:50:00.000,527.6,528.26,527.37,527.9405,442184,5873,529.58
2024-08-07T11:55:00.000,527.95,528.266,527.68,528.02,270044,3706,529.56
2024-08-07T12:00:00.000,528.03,528.055,525.82,526.18,626197,7718,529.47
2024-08-07T12:05:00.000,526.18,526.95,526.05,526.56,690010,6680,529.37
2024-08-07T12:10:00.000,526.54,527.4,526.41,527.275,410441,5016,529.31
2024-08-07T12:15:00.000,527.3,527.44,526.89,527.03,254019,3448,529.28
2024-08-07T12:20:00.000,527.01,527.87,526.81,527.795,371839,4653,529.25
2024-08-07T12:25:00.000,527.8,528.08,527.34,527.66,420641,4613,529.22
2024-08-07T12:30:00.000,527.66,527.82,527.24,527.72,318283,3682,529.2
2024-08-07T12:35:00.000,527.72,527.8,527.115,527.15,186612,3027,529.18
2024-08-07T12:40:00.000,527.185,527.52,526.17,526.18,457611,4448,529.14
2024-08-07T12:45:00.000,526.21,526.6,525.44,525.56,721340,6840,529.03
2024-08-07T12:50:00.000,525.57,525.58,524.65,525.12,861545,8152,528.88
2024-08-07T12:55:00.000,525.13,525.629,524.88,525.075,469376,5142,528.81
2024-08-07T13:00:00.000,525.065,525.38,524.27,524.7399,784858,7501,528.68
2024-08-07T13:05:00.000,524.72,525.13,523.8,523.87,572852,5982,528.58
2024-08-07T13:10:00.000,523.85,524.2,523.02,523.45,861667,8887,528.41
2024-08-07T13:15:00.000,523.44,523.44,522.29,522.71,636552,7045,528.27
2024-08-07T13:20:00.000,522.73,524.04,522.71,523.97,888741,8645,528.12
2024-08-07T13:25:00.000,523.96,524.6798,523.54,523.65,705279,7039,528.02
2024-08-07T13:30:00.000,523.64,524.35,523.55,524.28,459580,5555,527.95
2024-08-07T13:35:00.000,524.3,524.9899,524.19,524.42,562425,5466,527.89
2024-08-07T13:40:00.000,524.4,524.7295,523.6,523.72,418119,4003,527.83
2024-08-07T13:45:00.000,523.739,524.0057,522.23,522.32,549943,6178,527.74
2024-08-07T13:50:00.000,522.37,522.62,521.79,522.31,894296,8031,527.57
2024-08-07T13:55:00.000,522.28,522.3,521.49,522.04,597823,5847,527.46
2024-08-07T14:00:00.000,522.03,522.21,521.5,521.74,655439,6970,527.35
2024-08-07T14:05:00.000,521.72,521.9499,520.86,521.055,849132,7245,527.21
2024-08-07T14:10:00.000,521.07,521.26,519.96,520.0,979284,9227,527.04
2024-08-07T14:15:00.000,520.0,520.45,519.435,519.81,1221298,11660,526.79
2024-08-07T14:20:00.000,519.85,520.59,519.71,520.25,1469444,8580,526.6
2024-08-07T14:25:00.000,520.25,521.25,520.25,520.66,985301,7828,526.47
2024-08-07T14:30:00.000,520.65,520.74,519.62,519.85,624990,6745,526.36
2024-08-07T14:35:00.000,519.82,520.34,519.45,519.98,780358,7352,526.22
2024-08-07T14:40:00.000,519.98,520.63,519.91,519.9804,637717,6511,526.13
2024-08-07T14:45:00.000,519.96,520.38,518.83,519.43,1178120,10222,525.95
2024-08-07T14:50:00.000,519.5,519.52,518.94,519.26,523892,4937,525.87
2024-08-07T14:55:00.000,519.25,519.98,519.22,519.5066,701984,6880,525.77
2024-08-07T15:00:00.000,519.45,521.64,519.35,521.64,783211,8175,525.67
2024-08-07T15:05:00.000,521.6,522.0787,520.94,521.2276,928125,8263,525.59
2024-08-07T15:10:00.000,521.23,521.76,520.58,520.82,739540,7138,525.51
2024-08-07T15:15:00.000,520.83,521.63,520.82,521.47,630844,5982,525.45
2024-08-07T15:20:00.000,521.46,522.1,520.73,521.09,858412,9270,525.38
2024-08-07T15:25:00.000,521.05,521.19,520.41,521.07,691409,6176,525.31
2024-08-07T15:30:00.000,521.04,521.555,520.37,520.95,1287011,12054,525.18
2024-08-07T15:35:00.000,520.94,521.79,520.8,521.07,801066,8053,525.12
2024-08-07T15:40:00.000,521.06,521.18,520.22,520.48,945340,8971,525.03
2024-08-07T15:45:00.000,520.48,521.17,520.39,521.01,872691,8834,524.96
2024-08-07T15:50:00.000,521.02,521.16,518.73,519.02,1874141,16081,524.78
2024-08-07T15:55:00.000,519.04,519.17,518.0519,518.65,4806062,31470,524.3
2024-08-07T16:00:00.000,0.0,0.0,0.0,0.0,0,0,524.3
2024-08-08T09:30:00.000,523.91,524.34,523.17,523.94,2344897,19708,523.72
2024-08-08T09:35:00.000,523.92,524.38,523.03,523.56,957317,9934,523.73
2024-08-08T09:40:00.000,523.56,524.15,522.94,522.98,748818,8282,523.71
2024-08-08T09:45:00.000,523.01,523.75,522.0,522.32,880802,9516,523.56
2024-08-08T09:50:00.000,522.32,524.48,521.84,524.41,840092,9479,523.48
2024-08-08T09:55:00.000,524.42,525.05,524.06,525.04,902394,9531,523.61
2024-08-08T10:00:00.000,525.05,526.47,524.66,526.25,1237166,13243,523.94
2024-08-08T10:05:00.000,526.28,526.42,525.26,526.08,927421,9991,524.14
2024-08-08T10:10:00.000,526.06,526.43,525.5,526.3595,644704,10745,524.26
2024-08-08T10:15:00.000,526.29,527.14,526.14,526.52,760131,14991,524.44
2024-08-08T10:20:00.000,526.53,527.05,525.94,526.93,593875,14209,524.54
2024-08-08T10:25:00.000,526.95,527.99,526.78,527.87,792847,15545,524.74
2024-08-08T10:30:00.000,527.82,527.96,527.24,527.71,604630,6425,524.88
2024-08-08T10:35:00.000,527.72,528.27,527.48,527.8,808305,8443,525.07
2024-08-08T10:40:00.000,527.8,528.07,527.22,527.22,652218,6893,525.19
2024-08-08T10:45:00.000,527.2,528.34,527.2,528.33,493657,5702,525.28
2024-08-08T10:50:00.000,528.3,528.45,527.75,527.87,576231,5091,525.36
2024-08-08T10:55:00.000,527.91,528.25,527.66,528.2,387850,4815,525.42
2024-08-08T11:00:00.000,528.19,528.26,527.58,528.02,352208,4463,525.48
2024-08-08T11:05:00.000,528.03,528.28,527.61,528.02,451545,4796,525.53
2024-08-08T11:10:00.000,527.99,528.06,526.53,526.63,600202,7503,525.58
2024-08-08T11:15:00.000,526.61,527.01,526.405,526.61,500867,5575,525.61
2024-08-08T11:20:00.000,526.66,528.02,526.652,527.99,371339,4582,525.65
2024-08-08T11:25:00.000,527.98,528.48,527.8,527.82,417291,5373,525.71
2024-08-08T11:30:00.000,527.81,528.45,527.81,528.01,354012,4642,525.76
2024-08-08T11:35:00.000,527.99,528.11,527.46,527.65,537536,5694,525.82
2024-08-08T11:40:00.000,527.63,527.63,527.18,527.51,376294,4882,525.85
2024-08-08T11:45:00.000,527.5,527.5083,526.85,526.96,423376,5326,525.88
2024-08-08T11:50:00.000,526.96,527.85,526.93,527.785,208617,3207,525.9
2024-08-08T11:55:00.000,527.78,528.055,527.6,527.675,360047,4477,525.93
2024-08-08T12:00:00.000,527.675,528.48,527.58,528.4477,416952,4895,525.97
2024-08-08T12:05:00.000,528.44,529.01,528.39,528.79,541841,6203,526.05
2024-08-08T12:10:00.000,528.78,529.0162,528.17,528.4899,449989,4706,526.1
2024-08-08T12:15:00.000,528.45,528.59,528.05,528.47,291886,3902,526.13
2024-08-08T12:20:00.000,528.49,528.82,528.4889,528.64,201536,2888,526.15
2024-08-08T12:25:00.000,528.65,528.89,528.31,528.3905,311025,3744,526.19
2024-08-08T12:30:00.000,528.4,528.42,527.34,527.58,574538,5869,526.22
2024-08-08T12:35:00.000,527.6,527.64,526.76,526.91,689105,6005,526.25
2024-08-08T12:40:00.000,526.96,527.32,526.65,527.22,282342,3826,526.25
2024-08-08T12:45:00.000,527.2,527.93,527.17,527.9,263795,3755,526.27
2024-08-08T12:50:00.000,527.86,528.29,527.43,528.2399,434016,3348,526.28
2024-08-08T12:55:00.000,528.25,528.38,527.6,527.85,240476,3140,526.3
2024-08-08T13:00:00.000,527.83,528.12,526.98,527.2,607280,5652,526.33
2024-08-08T13:05:00.000,527.33,527.85,526.735,527.83,472710,5486,526.34
2024-08-08T13:10:00.000,527.79,528.28,527.67,528.09,314302,3662,526.36
2024-08-08T13:15:00.000,528.11,529.09,527.99,529.08,434885,4422,526.39
2024-08-08T13:20:00.000,529.07,529.39,528.86,529.04,709451,6724,526.45
2024-08-08T13:25:00.000,529.02,529.98,528.96,529.95,612675,6062,526.52
2024-08-08T13:30:00.000,529.96,530.42,529.85,530.21,596076,7255,526.6
2024-08-08T13:35:00.000,530.17,530.23,529.69,530.19,368243,4675,526.64
2024-08-08T13:40:00.000,530.17,530.305,529.96,530.03,253386,3631,526.67
2024-08-08T13:45:00.000,530.06,530.38,530.0,530.23,285307,3781,526.7
2024-08-08T13:50:00.000,530.22,530.52,530.0,530.31,328490,3929,526.74
2024-08-08T13:55:00.000,530.28,530.289,529.95,530.24,412001,3726,526.77
2024-08-08T14:00:00.000,530.21,530.86,530.0,530.78,533123,5508,526.84
2024-08-08T14:05:00.000,530.8,531.09,530.551,530.66,575338,5754,526.92
2024-08-08T14:10:00.000,530.665,530.94,530.56,530.84,424088,3449,526.96
2024-08-08T14:15:00.000,530.84,531.27,530.735,531.18,593673,4879,527.02
2024-08-08T14:20:00.000,531.18,531.29,530.85,531.1301,383964,4663,527.07
2024-08-08T14:25:00.000,531.15,531.22,529.9501,530.35,662379,6370,527.14
2024-08-08T14:30:00.000,530.36,530.91,530.29,530.73,369086,4332,527.18
2024-08-08T14:35:00.000,530.71,530.79,530.12,530.17,357196,4545,527.21
2024-08-08T14:40:00.000,530.19,530.21,529.51,529.75,923258,7267,527.27
2024-08-08T14:45:00.000,529.76,530.34,529.61,530.1299,418379,4688,527.31
2024-08-08T14:50:00.000,530.11,530.38,529.9,530.13,260514,3398,527.33
2024-08-08T14:55:00.000,530.15,530.55,530.1,530.13,285705,3543,527.35
2024-08-08T15:00:00.000,530.12,530.13,529.24,529.27,453160,5214,527.38
2024-08-08T15:05:00.000,529.2925,530.4693,529.03,530.2803,605899,6111,527.42
2024-08-08T15:10:00.000,530.3,530.7299,530.17,530.18,413725,4991,527.46
2024-08-08T15:15:00.000,530.23,530.4599,529.86,530.0,324049,4001,527.48
2024-08-08T15:20:00.000,530.0,530.65,529.86,530.2,487855,5878,527.52
2024-08-08T15:25:00.000,530.2,530.38,529.25,529.31,798629,8228,527.57
2024-08-08T15:30:00.000,529.32,529.47,528.34,528.96,863621,9554,527.6
2024-08-08T15:35:00.000,528.97,529.19,528.2,528.95,1069021,9819,527.63
2024-08-08T15:40:00.000,528.95,530.62,528.9,530.5399,1032709,10080,527.68
2024-08-08T15:45:00.000,530.51,530.53,529.66,530.01,1404458,10969,527.76
2024-08-08T15:50:00.000,530.04,530.51,529.55,529.94,1322703,14591,527.83
2024-08-08T15:55:00.000,529.95,531.03,529.235,530.63,5838152,32772,528.08
2024-08-08T16:00:00.000,0.0,0.0,0.0,0.0,0,0,528.08
2024-08-09T09:30:00.000,529.81,530.42,529.47,530.05,1323749,13819,529.88
2024-08-09T09:35:00.000,530.07,531.1101,529.47,530.785,731878,8327,530.03
2024-08-09T09:40:00.000,530.8,530.8,529.209,529.25,860663,8840,529.97
2024-08-09T09:45:00.000,529.26,529.79,528.63,528.66,858735,9050,529.77
2024-08-09T09:50:00.000,528.67,529.71,528.56,529.7,658310,7176,529.68
2024-08-09T09:55:00.000,529.69,529.94,528.845,529.27,469654,5259,529.64
2024-08-09T10:00:00.000,529.24,530.49,528.8,530.49,651808,7877,529.64
2024-08-09T10:05:00.000,530.4496,530.64,529.9,530.19,799362,8521,529.73
2024-08-09T10:10:00.000,530.18,531.81,530.18,531.44,735457,9314,529.88
2024-08-09T10:15:00.000,531.44,531.6247,530.46,530.66,600107,14301,529.96
2024-08-09T10:20:00.000,530.63,531.1685,530.38,530.79,332416,10841,529.99
2024-08-09T10:25:00.000,530.779,531.01,530.4,530.61,352015,11630,530.01
2024-08-09T10:30:00.000,530.65,530.78,529.6,529.86,600421,12097,530.01
2024-08-09T10:35:00.000,529.94,530.35,529.38,530.04,618575,6930,530.0
2024-08-09T10:40:00.000,530.0494,530.82,529.95,530.13,364399,5132,530.01
2024-08-09T10:45:00.000,530.15,531.13,530.14,530.91,423036,4686,530.04
2024-08-09T10:50:00.000,530.91,531.72,530.77,531.41,360074,4348,530.08
2024-08-09T10:55:00.000,531.41,532.1599,531.29,531.5,532557,5872,530.16
2024-08-09T11:00:00.000,531.51,532.2,531.51,532.1859,464265,3451,530.19
2024-08-09T11:05:00.000,532.13,532.6499,531.88,531.995,433692,5652,530.26
2024-08-09T11:10:00.000,531.99,532.12,531.53,531.77,399592,4612,530.32
2024-08-09T11:15:00.000,531.77,532.09,531.67,531.88,322856,3723,530.36
2024-08-09T11:20:00.000,531.87,531.91,531.31,531.63,303709,3820,530.38
2024-08-09T11:25:00.000,531.63,532.015,530.82,530.84,405068,4940,530.42
2024-08-09T11:30:00.000,530.9,531.53,530.72,531.53,233316,3198,530.43
2024-08-09T11:35:00.000,531.53,531.55,530.75,530.995,250963,3567,530.44
2024-08-09T11:40:00.000,531.01,531.38,530.7,531.15,362534,3951,530.45
2024-08-09T11:45:00.000,531.18,531.71,531.0624,531.5,1237205,4441,530.48
2024-08-09T11:50:00.000,531.5,531.84,531.2499,531.6,212272,3166,530.49
2024-08-09T11:55:00.000,531.59,531.61,530.12,530.302,365083,4658,530.5
2024-08-09T12:00:00.000,530.32,530.66,530.18,530.34,304112,3856,530.49
2024-08-09T12:05:00.000,530.3137,530.5743,530.02,530.17,223076,2979,530.49
2024-08-09T12:10:00.000,530.17,530.23,529.9,530.15,239145,3246,530.48
2024-08-09T12:15:00.000,530.12,530.27,529.86,530.09,164115,2584,530.48
2024-08-09T12:20:00.000,530.07,530.37,529.8,529.8243,145069,2712,530.48
2024-08-09T12:25:00.000,529.83,530.48,529.83,530.3,154409,2587,530.48
2024-08-09T12:30:00.000,530.29,530.88,530.23,530.58,219737,3278,530.48
2024-08-09T12:35:00.000,530.6,531.12,530.56,531.02,335862,2848,530.48
2024-08-09T12:40:00.000,531.04,531.1,530.73,531.02,266129,2995,530.49
2024-08-09T12:45:00.000,531.02,531.27,530.57,531.2299,228731,2552,530.5
2024-08-09T12:50:00.000,531.22,531.4,530.83,530.92,173246,2529,530.5
2024-08-09T12:55:00.000,530.9094,531.46,530.8201,531.44,202587,2681,530.51
2024-08-09T13:00:00.000,531.44,531.8,531.31,531.7,252937,3900,530.52
2024-08-09T13:05:00.000,531.71,531.91,531.42,531.91,220660,3664,530.54
2024-08-09T13:10:00.000,531.92,532.79,531.9,532.715,340841,5365,530.57
2024-08-09T13:15:00.000,532.73,533.36,532.69,533.22,603535,7302,530.65
2024-08-09T13:20:00.000,533.22,533.3675,532.96,533.03,279134,4449,530.68
2024-08-09T13:25:00.000,533.04,534.14,533.04,534.12,616073,6292,530.75
2024-08-09T13:30:00.000,534.13,534.51,533.707,534.175,586821,6880,530.85
2024-08-09T13:35:00.000,534.175,534.32,533.9,534.05,685479,5742,530.94
2024-08-09T13:40:00.000,534.06,534.13,533.2,533.44,688682,5503,531.0
2024-08-09T13:45:00.000,533.46,533.665,533.21,533.315,286688,3772,531.03
2024-08-09T13:50:00.000,533.32,533.47,532.34,532.6225,394639,4573,531.06
2024-08-09T13:55:00.000,532.6138,532.83,532.4046,532.5999,236213,3005,531.08
2024-08-09T14:00:00.000,532.62,532.96,532.19,532.47,439133,4572,531.11
2024-08-09T14:05:00.000,532.47,532.85,532.31,532.84,337740,3850,531.13
2024-08-09T14:10:00.000,532.85,532.9,531.7095,532.15,437873,4667,531.15
2024-08-09T14:15:00.000,532.13,532.26,531.8004,532.24,299764,3737,531.16
2024-08-09T14:20:00.000,532.23,532.27,531.7847,531.85,360492,3769,531.17
2024-08-09T14:25:00.000,531.85,532.21,531.69,532.02,209938,3078,531.18
2024-08-09T14:30:00.000,532.01,532.2485,531.58,531.75,309881,3764,531.19
2024-08-09T14:35:00.000,531.75,532.32,531.47,532.22,297059,3698,531.19
2024-08-09T14:40:00.000,532.2,532.4688,532.12,532.39,368496,3859,531.21
2024-08-09T14:45:00.000,532.39,532.79,532.33,532.45,314595,3778,531.23
2024-08-09T14:50:00.000,532.43,532.52,531.69,531.99,331978,3853,531.23
2024-08-09T14:55:00.000,531.955,532.49,531.58,532.4191,362388,4794,531.24
2024-08-09T15:00:00.000,532.38,532.609,531.88,532.05,300205,3741,531.25
2024-08-09T15:05:00.000,532.04,532.71,532.03,532.59,618607,5978,531.28
2024-08-09T15:10:00.000,532.575,532.88,532.46,532.68,423016,4755,531.3
2024-08-09T15:15:00.000,532.69,533.16,532.64,533.1,445509,5060,531.33
2024-08-09T15:20:00.000,533.1,533.1,532.16,532.475,546364,5960,531.35
2024-08-09T15:25:00.000,532.465,533.01,532.35,532.73,353897,4168,531.37
2024-08-09T15:30:00.000,532.74,533.27,532.69,532.96,407196,5082,531.39
2024-08-09T15:35:00.000,532.97,533.4,532.6696,532.7,874794,8689,531.44
2024-08-09T15:40:00.000,532.7,533.16,532.5125,532.705,624171,6766,531.47
2024-08-09T15:45:00.000,532.7,533.13,532.66,533.02,726472,7889,531.5
2024-08-09T15:50:00.000,533.02,533.24,532.06,532.3,1114743,11631,531.54
2024-08-09T15:55:00.000,532.35,533.41,532.11,532.91,2823550,21492,531.64
2024-08-09T16:00:00.000,532.91,532.91,532.91,532.91,692,3,531.64
2024-08-10T09:30:00.000,0.0,0.0,0.0,0.0,0,0,0.0
2024-08-10T09:35:00.000,0.0,0.0,0.0,0.0,0,0,0.0
2024-08-10T09:40:00.000,0.0,0.0,0.0,0.0,0,0,0.0
2024-08-10T09:45:00.000,0.0,0.0,0.0,0.0,0,0,0.0
2024-08-10T09:50:00.000,0.0,0.0,0.0,0.0,0,0,0.0
2024-08-10T09:55:00.000,0.0,0.0,0.0,0.0,0,0,0.0
2024-08-10T10:00:00.000,0.0,0.0,0.0,0.0,0,0,0.0
2024-08-10T10:05:00.000,0.0,0.0,0.0,0.0,0,0,0.0
2024-08-10T10:10:00.000,0.0,0.0,0.0,0.0,0,0,0.0
2024-08-10T10:15:00.000,0.0,0.0,0.0,0.0,0,0,0.0
2024-08-10T10:20:00.000,0.0,0.0,0.0,0.0,0,0,0.0
2024-08-10T10:25:00.000,0.0,0.0,0.0,0.0,0,0,0.0
2024-08-10T10:30:00.000,0.0,0.0,0.0,0.0,0,0,0.0
2024-08-10T10:35:00.000,0.0,0.0,0.0,0.0,0,0,0.0
2024-08-10T10:40:00.000,0.0,0.0,0.0,0.0,0,0,0.0
2024-08-10T10:45:00.000,0.0,0.0,0.0,0.0,0,0,0.0
2024-08-10T10:50:00.000,0.0,0.0,0.0,0.0,0,0,0.0
2024-08-10T10:55:00.000,0.0,0.0,0.0,0.0,0,0,0.0
2024-08-10T11:00:00.000,0.0,0.0,0.0,0.0,0,0,0.0
2024-08-10T11:05:00.000,0.0,0.0,0.0,0.0,0,0,0.0
2024-08-10T11:10:00.000,0.0,0.0,0.0,0.0,0,0,0.0
2024-08-10T11:15:00.000,0.0,0.0,0.0,0.0,0,0,0.0
2024-08-10T11:20:00.000,0.0,0.0,0.0,0.0,0,0,0.0
2024-08-10T11:25:00.000,0.0,0.0,0.0,0.0,0,0,0.0
2024-08-10T11:30:00.000,0.0,0.0,0.0,0.0,0,0,0.0
2024-08-10T11:35:00.000,0.0,0.0,0.0,0.0,0,0,0.0
2024-08-10T11:40:00.000,0.0,0.0,0.0,0.0,0,0,0.0
2024-08-10T11:45:00.000,0.0,0.0,0.0,0.0,0,0,0.0
2024-08-10T11:50:00.000,0.0,0.0,0.0,0.0,0,0,0.0
2024-08-10T11:55:00.000,0.0,0.0,0.0,0.0,0,0,0.0
2024-08-10T12:00:00.000,0.0,0.0,0.0,0.0,0,0,0.0
2024-08-10T12:05:00.000,0.0,0.0,0.0,0.0,0,0,0.0
2024-08-10T12:10:00.000,0.0,0.0,0.0,0.0,0,0,0.0
2024-08-10T12:15:00.000,0.0,0.0,0.0,0.0,0,0,0.0
2024-08-10T12:20:00.000,0.0,0.0,0.0,0.0,0,0,0.0
2024-08-10T12:25:00.000,0.0,0.0,0.0,0.0,0,0,0.0
2024-08-10T12:30:00.000,0.0,0.0,0.0,0.0,0,0,0.0
2024-08-10T12:35:00.000,0.0,0.0,0.0,0.0,0,0,0.0
2024-08-10T12:40:00.000,0.0,0.0,0.0,0.0,0,0,0.0
2024-08-10T12:45:00.000,0.0,0.0,0.0,0.0,0,0,0.0
2024-08-10T12:50:00.000,0.0,0.0,0.0,0.0,0,0,0.0
2024-08-10T12:55:00.000,0.0,0.0,0.0,0.0,0,0,0.0
2024-08-10T13:00:00.000,0.0,0.0,0.0,0.0,0,0,0.0
2024-08-10T13:05:00.000,0.0,0.0,0.0,0.0,0,0,0.0
2024-08-10T13:10:00.000,0.0,0.0,0.0,0.0,0,0,0.0
2024-08-10T13:15:00.000,0.0,0.0,0.0,0.0,0,0,0.0
2024-08-10T13:20:00.000,0.0,0.0,0.0,0.0,0,0,0.0
2024-08-10T13:25:00.000,0.0,0.0,0.0,0.0,0,0,0.0
2024-08-10T13:30:00.000,0.0,0.0,0.0,0.0,0,0,0.0
2024-08-10T13:35:00.000,0.0,0.0,0.0,0.0,0,0,0.0
2024-08-10T13:40:00.000,0.0,0.0,0.0,0.0,0,0,0.0
2024-08-10T13:45:00.000,0.0,0.0,0.0,0.0,0,0,0.0
2024-08-10T13:50:00.000,0.0,0.0,0.0,0.0,0,0,0.0
2024-08-10T13:55:00.000,0.0,0.0,0.0,0.0,0,0,0.0
2024-08-10T14:00:00.000,0.0,0.0,0.0,0.0,0,0,0.0
2024-08-10T14:05:00.000,0.0,0.0,0.0,0.0,0,0,0.0
2024-08-10T14:10:00.000,0.0,0.0,0.0,0.0,0,0,0.0
2024-08-10T14:15:00.000,0.0,0.0,0.0,0.0,0,0,0.0
2024-08-10T14:20:00.000,0.0,0.0,0.0,0.0,0,0,0.0
2024-08-10T14:25:00.000,0.0,0.0,0.0,0.0,0,0,0.0
2024-08-10T14:30:00.000,0.0,0.0,0.0,0.0,0,0,0.0
2024-08-10T14:35:00.000,0.0,0.0,0.0,0.0,0,0,0.0
2024-08-10T14:40:00.000,0.0,0.0,0.0,0.0,0,0,0.0
2024-08-10T14:45:00.000,0.0,0.0,0.0,0.0,0,0,0.0
2024-08-10T14:50:00.000,0.0,0.0,0.0,0.0,0,0,0.0
2024-08-10T14:55:00.000,0.0,0.0,0.0,0.0,0,0,0.0
2024-08-10T15:00:00.000,0.0,0.0,0.0,0.0,0,0,0.0
2024-08-10T15:05:00.000,0.0,0.0,0.0,0.0,0,0,0.0
2024-08-10T15:10:00.000,0.0,0.0,0.0,0.0,0,0,0.0
2024-08-10T15:15:00.000,0.0,0.0,0.0,0.0,0,0,0.0
2024-08-10T15:20:00.000,0.0,0.0,0.0,0.0,0,0,0.0
2024-08-10T15:25:00.000,0.0,0.0,0.0,0.0,0,0,0.0
2024-08-10T15:30:00.000,0.0,0.0,0.0,0.0,0,0,0.0
2024-08-10T15:35:00.000,0.0,0.0,0.0,0.0,0,0,0.0
2024-08-10T15:40:00.000,0.0,0.0,0.0,0.0,0,0,0.0
2024-08-10T15:45:00.000,0.0,0.0,0.0,0.0,0,0,0.0
2024-08-10T15:50:00.000,0.0,0.0,0.0,0.0,0,0,0.0
2024-08-10T15:55:00.000,0.0,0.0,0.0,0.0,0,0,0.0
2024-08-10T16:00:00.000,0.0,0.0,0.0,0.0,0,0,0.0
2024-08-11T09:30:00.000,0.0,0.0,0.0,0.0,0,0,0.0
2024-08-11T09:35:00.000,0.0,0.0,0.0,0.0,0,0,0.0
2024-08-11T09:40:00.000,0.0,0.0,0.0,0.0,0,0,0.0
2024-08-11T09:45:00.000,0.0,0.0,0.0,0.0,0,0,0.0
2024-08-11T09:50:00.000,0.0,0.0,0.0,0.0,0,0,0.0
2024-08-11T09:55:00.000,0.0,0.0,0.0,0.0,0,0,0.0
2024-08-11T10:00:00.000,0.0,0.0,0.0,0.0,0,0,0.0
2024-08-11T10:05:00.000,0.0,0.0,0.0,0.0,0,0,0.0
2024-08-11T10:10:00.000,0.0,0.0,0.0,0.0,0,0,0.0
2024-08-11T10:15:00.000,0.0,0.0,0.0,0.0,0,0,0.0
2024-08-11T10:20:00.000,0.0,0.0,0.0,0.0,0,0,0.0
2024-08-11T10:25:00.000,0.0,0.0,0.0,0.0,0,0,0.0
2024-08-11T10:30:00.000,0.0,0.0,0.0,0.0,0,0,0.0
2024-08-11T10:35:00.000,0.0,0.0,0.0,0.0,0,0,0.0
2024-08-11T10:40:00.000,0.0,0.0,0.0,0.0,0,0,0.0
2024-08-11T10:45:00.000,0.0,0.0,0.0,0.0,0,0,0.0
2024-08-11T10:50:00.000,0.0,0.0,0.0,0.0,0,0,0.0
2024-08-11T10:55:00.000,0.0,0.0,0.0,0.0,0,0,0.0
2024-08-11T11:00:00.000,0.0,0.0,0.0,0.0,0,0,0.0
2024-08-11T11:05:00.000,0.0,0.0,0.0,0.0,0,0,0.0
2024-08-11T11:10:00.000,0.0,0.0,0.0,0.0,0,0,0.0
2024-08-11T11:15:00.000,0.0,0.0,0.0,0.0,0,0,0.0
2024-08-11T11:20:00.000,0.0,0.0,0.0,0.0,0,0,0.0
2024-08-11T11:25:00.000,0.0,0.0,0.0,0.0,0,0,0.0
2024-08-11T11:30:00.000,0.0,0.0,0.0,0.0,0,0,0.0
2024-08-11T11:35:00.000,0.0,0.0,0.0,0.0,0,0,0.0
2024-08-11T11:40:00.000,0.0,0.0,0.0,0.0,0,0,0.0
2024-08-11T11:45:00.000,0.0,0.0,0.0,0.0,0,0,0.0
2024-08-11T11:50:00.000,0.0,0.0,0.0,0.0,0,0,0.0
2024-08-11T11:55:00.000,0.0,0.0,0.0,0.0,0,0,0.0
2024-08-11T12:00:00.000,0.0,0.0,0.0,0.0,0,0,0.0
2024-08-11T12:05:00.000,0.0,0.0,0.0,0.0,0,0,0.0
2024-08-11T12:10:00.000,0.0,0.0,0.0,0.0,0,0,0.0
2024-08-11T12:15:00.000,0.0,0.0,0.0,0.0,0,0,0.0
2024-08-11T12:20:00.000,0.0,0.0,0.0,0.0,0,0,0.0
2024-08-11T12:25:00.000,0.0,0.0,0.0,0.0,0,0,0.0
2024-08-11T12:30:00.000,0.0,0.0,0.0,0.0,0,0,0.0
2024-08-11T12:35:00.000,0.0,0.0,0.0,0.0,0,0,0.0
2024-08-11T12:40:00.000,0.0,0.0,0.0,0.0,0,0,0.0
2024-08-11T12:45:00.000,0.0,0.0,0.0,0.0,0,0,0.0
2024-08-11T12:50:00.000,0.0,0.0,0.0,0.0,0,0,0.0
2024-08-11T12:55:00.000,0.0,0.0,0.0,0.0,0,0,0.0
2024-08-11T13:00:00.000,0.0,0.0,0.0,0.0,0,0,0.0
2024-08-11T13:05:00.000,0.0,0.0,0.0,0.0,0,0,0.0
2024-08-11T13:10:00.000,0.0,0.0,0.0,0.0,0,0,0.0
2024-08-11T13:15:00.000,0.0,0.0,0.0,0.0,0,0,0.0
2024-08-11T13:20:00.000,0.0,0.0,0.0,0.0,0,0,0.0
2024-08-11T13:25:00.000,0.0,0.0,0.0,0.0,0,0,0.0
2024-08-11T13:30:00.000,0.0,0.0,0.0,0.0,0,0,0.0
2024-08-11T13:35:00.000,0.0,0.0,0.0,0.0,0,0,0.0
2024-08-11T13:40:00.000,0.0,0.0,0.0,0.0,0,0,0.0
2024-08-11T13:45:00.000,0.0,0.0,0.0,0.0,0,0,0.0
2024-08-11T13:50:00.000,0.0,0.0,0.0,0.0,0,0,0.0
2024-08-11T13:55:00.000,0.0,0.0,0.0,0.0,0,0,0.0
2024-08-11T14:00:00.000,0.0,0.0,0.0,0.0,0,0,0.0
2024-08-11T14:05:00.000,0.0,0.0,0.0,0.0,0,0,0.0
2024-08-11T14:10:00.000,0.0,0.0,0.0,0.0,0,0,0.0
2024-08-11T14:15:00.000,0.0,0.0,0.0,0.0,0,0,0.0
2024-08-11T14:20:00.000,0.0,0.0,0.0,0.0,0,0,0.0
2024-08-11T14:25:00.000,0.0,0.0,0.0,0.0,0,0,0.0
2024-08-11T14:30:00.000,0.0,0.0,0.0,0.0,0,0,0.0
2024-08-11T14:35:00.000,0.0,0.0,0.0,0.0,0,0,0.0
2024-08-11T14:40:00.000,0.0,0.0,0.0,0.0,0,0,0.0
2024-08-11T14:45:00.000,0.0,0.0,0.0,0.0,0,0,0.0
2024-08-11T14:50:00.000,0.0,0.0,0.0,0.0,0,0,0.0
2024-08-11T14:55:00.000,0.0,0.0,0.0,0.0,0,0,0.0
2024-08-11T15:00:00.000,0.0,0.0,0.0,0.0,0,0,0.0
2024-08-11T15:05:00.000,0.0,0.0,0.0,0.0,0,0,0.0
2024-08-11T15:10:00.000,0.0,0.0,0.0,0.0,0,0,0.0
2024-08-11T15:15:00.000,0.0,0.0,0.0,0.0,0,0,0.0
2024-08-11T15:20:00.000,0.0,0.0,0.0,0.0,0,0,0.0
2024-08-11T15:25:00.000,0.0,0.0,0.0,0.0,0,0,0.0
2024-08-11T15:30:00.000,0.0,0.0,0.0,0.0,0,0,0.0
2024-08-11T15:35:00.000,0.0,0.0,0.0,0.0,0,0,0.0
2024-08-11T15:40:00.000,0.0,0.0,0.0,0.0,0,0,0.0
2024-08-11T15:45:00.000,0.0,0.0,0.0,0.0,0,0,0.0
2024-08-11T15:50:00.000,0.0,0.0,0.0,0.0,0,0,0.0
2024-08-11T15:55:00.000,0.0,0.0,0.0,0.0,0,0,0.0
2024-08-11T16:00:00.000,0.0,0.0,0.0,0.0,0,0,0.0
2024-08-12T09:30:00.000,534.21,534.48,533.97,534.31,1719524,15945,534.2
2024-08-12T09:35:00.000,534.31,534.47,533.05,533.23,712895,7940,534.08
2024-08-12T09:40:00.000,533.26,533.42,531.94,532.0415,795720,8485,533.8
2024-08-12T09:45:00.000,532.06,532.28,531.22,531.44,748834,8199,533.41
2024-08-12T09:50:00.000,531.48,532.28,531.42,531.827,497269,6081,533.24
2024-08-12T09:55:00.000,531.77,532.0548,530.95,531.41,590422,6619,533.03
2024-08-12T10:00:00.000,531.44,532.15,531.23,531.98,480217,6439,532.92
2024-08-12T10:05:00.000,532.02,533.3893,531.835,533.3893,530395,7068,532.9
2024-08-12T10:10:00.000,533.37,533.83,533.19,533.7601,393149,5728,532.93
2024-08-12T10:15:00.000,533.78,534.05,533.54,533.81,400869,6055,532.98
2024-08-12T10:20:00.000,533.85,534.475,533.73,534.2301,538680,14054,533.07
2024-08-12T10:25:00.000,534.27,534.73,534.0,534.19,648571,14083,533.17
2024-08-12T10:30:00.000,534.18,534.66,534.05,534.62,437797,12057,533.23
2024-08-12T10:35:00.000,534.63,535.0,534.48,534.85,359974,11137,533.29
2024-08-12T10:40:00.000,534.88,535.21,534.6299,534.64,498461,6332,533.38
2024-08-12T10:45:00.000,534.62,535.2,534.45,535.15,560767,5776,533.47
2024-08-12T10:50:00.000,535.14,535.21,534.77,535.0,368855,4668,533.53
2024-08-12T10:55:00.000,534.98,535.31,534.8,535.21,269938,3566,533.57
2024-08-12T11:00:00.000,535.22,535.73,535.11,535.59,399406,4665,533.63
2024-08-12T11:05:00.000,535.59,535.64,535.14,535.2,547237,3910,533.68
2024-08-12T11:10:00.000,535.23,535.655,535.22,535.22,233473,3425,533.71
2024-08-12T11:15:00.000,535.215,535.35,534.92,535.13,306836,4125,533.75
2024-08-12T11:20:00.000,535.15,535.24,532.03,532.08,780190,9268,533.73
2024-08-12T11:25:00.000,532.1,532.9756,531.86,532.89,1063033,10189,533.62
2024-08-12T11:30:00.000,532.86,532.865,532.13,532.64,469671,5238,533.58
2024-08-12T11:35:00.000,532.65,532.99,532.39,532.735,452777,4864,533.56
2024-08-12T11:40:00.000,532.76,533.04,532.4,532.96,347557,4395,533.54
2024-08-12T11:45:00.000,532.95,533.41,532.555,533.4,331497,4176,533.53
2024-08-12T11:50:00.000,533.395,534.38,533.3,534.325,509551,5490,533.54
2024-08-12T11:55:00.000,534.3,534.97,534.14,534.83,343254,4107,533.56
2024-08-12T12:00:00.000,534.8325,535.15,534.385,534.52,418939,4882,533.59
2024-08-12T12:05:00.000,534.54,534.63,533.84,534.3,743476,4791,533.61
2024-08-12T12:10:00.000,534.29,534.41,533.97,534.2224,218214,2928,533.62
2024-08-12T12:15:00.000,534.28,534.3387,533.76,533.98,308058,3609,533.62
2024-08-12T12:20:00.000,533.96,534.27,533.78,534.21,262599,3380,533.63
2024-08-12T12:25:00.000,534.19,534.33,533.82,534.08,210032,2736,533.63
2024-08-12T12:30:00.000,534.07,534.44,533.85,533.8999,256793,3130,533.64
2024-08-12T12:35:00.000,533.85,534.37,533.62,534.3,275918,3146,533.65
2024-08-12T12:40:00.000,534.31,534.4299,533.7705,534.12,190982,2418,533.65
2024-08-12T12:45:00.000,534.14,534.56,532.895,534.35,151492,2207,533.66
2024-08-12T12:50:00.000,534.24,534.3,533.86,534.11,170029,2217,533.66
2024-08-12T12:55:00.000,534.13,534.21,532.74,532.76,492746,5578,533.65
2024-08-12T13:00:00.000,532.78,532.8745,532.1,532.7401,446065,5006,533.62
2024-08-12T13:05:00.000,532.73,532.93,532.54,532.8905,200112,2999,533.61
2024-08-12T13:10:00.000,532.89,533.145,532.64,533.08,187539,2912,533.61
2024-08-12T13:15:00.000,533.05,533.74,533.05,533.7,250370,3335,533.61
2024-08-12T13:20:00.000,533.68,534.23,533.59,533.85,290783,4279,533.61
2024-08-12T13:25:00.000,533.79,533.79,532.86,533.4399,294333,4128,533.61
2024-08-12T13:30:00.000,533.44,533.81,533.43,533.8001,122144,2822,533.61
2024-08-12T13:35:00.000,533.8,533.8708,533.0901,533.5,190769,2924,533.6
2024-08-12T13:40:00.000,533.51,533.61,532.84,533.055,159185,2689,533.6
2024-08-12T13:45:00.000,533.01,533.2437,532.52,532.52,259317,3412,533.59
2024-08-12T13:50:00.000,532.5,532.55,531.76,532.22,400448,5030,533.57
2024-08-12T13:55:00.000,532.23,532.53,532.18,532.43,300407,3317,533.55
2024-08-12T14:00:00.000,532.42,532.87,532.3,532.7302,385959,3366,533.54
2024-08-12T14:05:00.000,532.73,532.76,532.18,532.39,501808,3623,533.52
2024-08-12T14:10:00.000,532.4099,532.96,532.35,532.91,283560,3265,533.51
2024-08-12T14:15:00.000,532.89,533.0,532.55,532.62,176945,2492,533.51
2024-08-12T14:20:00.000,532.609,533.16,532.49,532.49,303934,3397,533.5
2024-08-12T14:25:00.000,532.48,532.95,532.45,532.64,232968,2947,533.49
2024-08-12T14:30:00.000,532.62,532.85,532.39,532.72,234324,2685,533.48
2024-08-12T14:35:00.000,532.73,533.0661,532.6,532.94,204901,2704,533.48
2024-08-12T14:40:00.000,532.91,533.08,532.62,532.92,251898,3032,533.47
2024-08-12T14:45:00.000,532.93,533.05,532.71,532.9127,430558,3249,533.46
2024-08-12T14:50:00.000,532.92,533.21,532.8,532.965,290805,3161,533.46
2024-08-12T14:55:00.000,532.93,533.2599,532.922,533.2099,279058,3394,533.46
2024-08-12T15:00:00.000,533.21,533.23,532.76,533.01,283245,3586,533.45
2024-08-12T15:05:00.000,532.99,532.99,532.46,532.68,343369,3936,533.44
2024-08-12T15:10:00.000,532.67,533.15,532.44,532.6,764333,4726,533.43
2024-08-12T15:15:00.000,532.61,532.91,532.36,532.75,766106,5362,533.41
2024-08-12T15:20:00.000,532.74,532.91,532.49,532.83,271570,3557,533.41
2024-08-12T15:25:00.000,532.86,533.0,532.61,532.63,343862,3197,533.4
2024-08-12T15:30:00.000,532.65,533.02,532.52,532.56,287617,3893,533.39
2024-08-12T15:35:00.000,532.55,532.71,532.05,532.27,603508,6658,533.37
2024-08-12T15:40:00.000,532.27,532.4,531.94,532.11,887976,7662,533.34
2024-08-12T15:45:00.000,532.11,532.34,531.93,532.14,839916,9160,533.31
2024-08-12T15:50:00.000,532.12,532.685,531.765,532.33,1444525,13961,533.26
2024-08-12T15:55:00.000,532.34,533.3,532.19,533.25,2758129,21782,533.21
2024-08-12T16:00:00.000,533.25,533.25,533.25,533.25,700,3,533.21
2024-08-13T09:30:00.000,536.53,537.69,536.28,537.4075,1698816,16903,536.81
2024-08-13T09:35:00.000,537.41,537.63,537.02,537.14,782177,8518,536.97
2024-08-13T09:40:00.000,537.18,537.66,537.05,537.59,535381,5574,537.02
2024-08-13T09:45:00.000,537.6,538.265,537.6,538.07,757682,7560,537.19
2024-08-13T09:50:00.000,538.12,538.45,537.81,537.87,526684,6837,537.3
2024-08-13T09:55:00.000,537.87,538.07,537.13,537.78,687233,7217,537.33
2024-08-13T10:00:00.000,537.79,537.93,537.195,537.4201,836672,7319,537.36
2024-08-13T10:05:00.000,537.44,537.73,536.89,537.1328,687156,7278,537.35
2024-08-13T10:10:00.000,537.16,537.62,536.8101,537.1799,982069,8917,537.35
2024-08-13T10:15:00.000,537.18,537.3792,536.58,536.89,519849,12780,537.32
2024-08-13T10:20:00.000,536.87,537.329,536.77,537.275,357621,11209,537.31
2024-08-13T10:25:00.000,537.2698,537.53,537.039,537.48,288162,10666,537.31
2024-08-13T10:30:00.000,537.46,537.46,536.33,536.88,399549,7544,537.28
2024-08-13T10:35:00.000,536.89,537.41,536.89,537.41,262477,3801,537.28
2024-08-13T10:40:00.000,537.4,537.79,537.31,537.68,369229,3479,537.28
2024-08-13T10:45:00.000,537.69,538.41,537.62,538.41,424022,4217,537.31
2024-08-13T10:50:00.000,538.41,538.54,538.03,538.335,297488,4074,537.34
2024-08-13T10:55:00.000,538.33,538.45,538.16,538.33,220658,3258,537.36
2024-08-13T11:00:00.000,538.35,538.689,538.2364,538.66,1359806,3788,537.4
2024-08-13T11:05:00.000,538.66,538.77,538.4,538.41,337219,3750,537.42
2024-08-13T11:10:00.000,538.415,538.65,538.17,538.51,322601,4107,537.45
2024-08-13T11:15:00.000,538.5,538.69,538.4701,538.61,181044,2630,537.47
2024-08-13T11:20:00.000,538.61,538.98,538.58,538.91,513443,3919,537.5
2024-08-13T11:25:00.000,538.919,538.94,538.59,538.68,252473,3419,537.52
2024-08-13T11:30:00.000,538.68,538.84,538.51,538.78,183555,3264,537.54
2024-08-13T11:35:00.000,538.785,538.88,538.559,538.81,184445,2637,537.56
2024-08-13T11:40:00.000,538.8,538.97,538.665,538.74,449729,3157,537.58
2024-08-13T11:45:00.000,538.74,539.19,538.645,539.14,207438,3302,537.61
2024-08-13T11:50:00.000,539.1295,539.2833,538.97,539.2833,609207,2703,537.63
2024-08-13T11:55:00.000,539.23,539.2894,538.93,539.0,248467,3093,537.66
2024-08-13T12:00:00.000,539.01,539.16,538.73,539.15,244613,3188,537.68
2024-08-13T12:05:00.000,539.15,539.49,539.08,539.31,495742,3082,537.72
2024-08-13T12:10:00.000,539.32,539.4,539.165,539.35,240794,3364,537.74
2024-08-13T12:15:00.000,539.36,539.87,539.315,539.86,472926,4553,537.82
2024-08-13T12:20:00.000,539.85,540.175,539.74,539.7801,454149,5660,537.89
2024-08-13T12:25:00.000,539.79,539.95,539.52,539.69,334913,3846,537.93
2024-08-13T12:30:00.000,539.7,539.715,539.27,539.61,488647,4030,537.96
2024-08-13T12:35:00.000,539.615,539.97,539.47,539.955,228021,2827,537.99
2024-08-13T12:40:00.000,539.955,540.35,539.925,540.29,396557,4308,538.05
2024-08-13T12:45:00.000,540.295,540.84,540.15,540.8116,566207,4848,538.12
2024-08-13T12:50:00.000,540.85,541.12,540.78,540.94,437869,4814,538.2
2024-08-13T12:55:00.000,540.94,541.1,540.88,541.03,339016,3846,538.26
2024-08-13T13:00:00.000,541.04,541.04,540.58,540.62,382059,4584,538.32
2024-08-13T13:05:00.000,540.62,540.95,540.54,540.7999,203987,2703,538.35
2024-08-13T13:10:00.000,540.78,540.95,540.655,540.91,262945,3071,538.39
2024-08-13T13:15:00.000,540.92,540.92,540.64,540.91,258465,3239,538.43
2024-08-13T13:20:00.000,540.9,540.9,540.62,540.67,232044,2975,538.46
2024-08-13T13:25:00.000,540.66,540.81,540.555,540.745,147965,2380,538.47
2024-08-13T13:30:00.000,540.75,541.02,540.42,540.49,511882,4037,538.51
2024-08-13T13:35:00.000,540.49,540.76,540.46,540.73,299620,2782,538.53
2024-08-13T13:40:00.000,540.755,540.9,540.68,540.79,182224,2678,538.55
2024-08-13T13:45:00.000,540.795,540.8,539.48,540.2792,760862,7689,538.61
2024-08-13T13:50:00.000,540.2813,540.59,540.04,540.56,282775,3449,538.64
2024-08-13T13:55:00.000,540.5972,540.82,540.55,540.72,253445,3160,538.66
2024-08-13T14:00:00.000,540.73,540.83,540.57,540.69,307016,3499,538.7
2024-08-13T14:05:00.000,540.68,540.8516,540.58,540.77,233192,2966,538.72
2024-08-13T14:10:00.000,540.78,541.03,540.69,540.9,211425,2603,538.74
2024-08-13T14:15:00.000,540.89,540.99,540.28,540.55,280885,3349,538.77
2024-08-13T14:20:00.000,540.52,540.9,540.5,540.81,223367,2680,538.79
2024-08-13T14:25:00.000,540.81,540.93,540.74,540.92,194116,2444,538.81
2024-08-13T14:30:00.000,540.92,541.07,540.8,541.05,315212,3369,538.84
2024-08-13T14:35:00.000,541.0587,541.43,541.0587,541.37,465019,4351,538.88
2024-08-13T14:40:00.000,541.37,541.4,541.1599,541.23,414228,3215,538.92
2024-08-13T14:45:00.000,541.22,541.38,541.09,541.3441,210746,2637,538.94
2024-08-13T14:50:00.000,541.34,541.48,541.202,541.4,622093,2938,538.96
2024-08-13T14:55:00.000,541.39,541.48,541.31,541.42,230400,2730,538.99
2024-08-13T15:00:00.000,541.41,541.6897,541.31,541.4,397905,3697,539.02
2024-08-13T15:05:00.000,541.39,541.39,540.93,541.11,482325,4993,539.06
2024-08-13T15:10:00.000,541.12,541.22,540.93,540.955,490078,4379,539.11
2024-08-13T15:15:00.000,540.95,541.125,540.75,540.91,526227,4340,539.14
2024-08-13T15:20:00.000,540.91,541.28,540.61,541.2,608203,5564,539.18
2024-08-13T15:25:00.000,541.185,541.24,540.96,541.2099,318798,3573,539.21
2024-08-13T15:30:00.000,541.2,541.32,541.05,541.16,563564,4903,539.25
2024-08-13T15:35:00.000,541.15,541.3,540.94,541.1325,556865,5241,539.29
2024-08-13T15:40:00.000,541.14,541.37,541.05,541.35,1143411,6316,539.35
2024-08-13T15:45:00.000,541.34,542.12,541.29,542.01,2024400,11529,539.49
2024-08-13T15:50:00.000,542.0,542.03,541.04,541.2834,1802283,14541,539.6
2024-08-13T15:55:00.000,541.26,542.28,541.09,542.0,5122279,25803,539.88
2024-08-13T16:00:00.000,542.0,542.01,542.0,542.01,518,4,539.88
2024-08-14T09:30:00.000,542.85,543.27,542.23,542.27,1385485,11987,542.86
2024-08-14T09:35:00.000,542.27,542.72,541.83,542.6001,710287,8941,542.69
2024-08-14T09:40:00.000,542.615,542.66,541.5,541.65,704072,8381,542.5
2024-08-14T09:45:00.000,541.67,542.41,541.55,541.94,852366,7025,542.4
2024-08-14T09:50:00.000,541.95,542.21,541.57,541.65,485711,6210,542.34
2024-08-14T09:55:00.000,541.63,541.82,541.29,541.49,548818,6357,542.23
2024-08-14T10:00:00.000,541.495,541.76,541.19,541.72,438140,5938,542.17
2024-08-14T10:05:00.000,541.71,541.76,541.13,541.55,402001,5226,542.11
2024-08-14T10:10:00.000,541.55,541.6099,540.84,541.18,403472,6648,542.04
2024-08-14T10:15:00.000,541.21,541.56,541.02,541.52,353561,12322,541.99
2024-08-14T10:20:00.000,541.52,541.98,541.31,541.93,458196,11557,541.98
2024-08-14T10:25:00.000,541.92,542.0,541.34,541.865,278652,10122,541.97
2024-08-14T10:30:00.000,541.885,541.96,540.18,540.23,637495,11189,541.87
2024-08-14T10:35:00.000,540.24,541.075,540.12,540.97,349021,4656,541.82
2024-08-14T10:40:00.000,540.96,541.64,540.88,541.19,297697,3943,541.8
2024-08-14T10:45:00.000,541.21,541.92,541.12,541.92,319610,3668,541.79
2024-08-14T10:50:00.000,541.9,542.13,541.63,542.1201,463750,5205,541.8
2024-08-14T10:55:00.000,542.12,542.42,542.02,542.36,323227,3978,541.81
2024-08-14T11:00:00.000,542.364,542.81,542.3,542.73,384557,4310,541.84
2024-08-14T11:05:00.000,542.73,542.8052,542.25,542.37,299603,3924,541.86
2024-08-14T11:10:00.000,542.36,542.8,542.34,542.75,343656,2986,541.88
2024-08-14T11:15:00.000,542.75,542.82,542.54,542.72,220907,2921,541.9
2024-08-14T11:20:00.000,542.72,542.91,542.64,542.76,220936,3052,541.91
2024-08-14T11:25:00.000,542.78,543.17,542.78,543.1577,179139,2629,541.93
2024-08-14T11:30:00.000,543.2,543.96,543.1887,543.7299,670399,5784,542.01
2024-08-14T11:35:00.000,543.75,544.04,543.65,543.97,479119,4147,542.09
2024-08-14T11:40:00.000,543.975,544.085,543.4701,543.5,408004,4765,542.15
2024-08-14T11:45:00.000,543.53,544.01,543.505,543.86,390669,3815,542.2
2024-08-14T11:50:00.000,543.86,544.39,543.79,544.29,331017,3995,542.25
2024-08-14T11:55:00.000,544.3,544.78,544.3,544.68,321598,3950,542.31
2024-08-14T12:00:00.000,544.67,544.8332,544.49,544.74,350114,3596,542.37
2024-08-14T12:05:00.000,544.755,544.96,544.57,544.615,344682,3467,542.43
2024-08-14T12:10:00.000,544.62,544.8,544.37,544.5201,176398,2876,542.46
2024-08-14T12:15:00.000,544.49,544.61,543.65,543.8,485854,4710,542.51
2024-08-14T12:20:00.000,543.82,544.0602,542.42,542.74,618613,6319,542.54
2024-08-14T12:25:00.000,542.69,542.83,542.14,542.645,657628,5378,542.54
2024-08-14T12:30:00.000,542.65,542.99,542.42,542.8699,313489,3394,542.54
2024-08-14T12:35:00.000,542.87,543.13,542.636,543.105,332289,3119,542.55
2024-08-14T12:40:00.000,543.0912,543.25,541.94,542.01,351396,4234,542.55
2024-08-14T12:45:00.000,542.02,542.42,541.8,542.23,281674,3071,542.54
2024-08-14T12:50:00.000,542.25,543.0588,542.24,543.02,276931,3262,542.54
2024-08-14T12:55:00.000,543.02,543.16,542.77,543.08,286940,3228,542.55
2024-08-14T13:00:00.000,543.07,543.08,542.73,542.87,220739,2241,542.55
2024-08-14T13:05:00.000,542.87,543.5499,542.83,543.25,261454,3362,542.57
2024-08-14T13:10:00.000,543.25,543.3,542.4803,542.98,229316,2600,542.57
2024-08-14T13:15:00.000,542.9688,543.3,542.905,543.16,152156,1964,542.57
2024-08-14T13:20:00.000,543.17,543.24,542.78,543.0771,189488,1937,542.58
2024-08-14T13:25:00.000,543.1,543.23,542.71,543.22,156613,2046,542.58
2024-08-14T13:30:00.000,543.16,543.54,543.035,543.36,153049,2758,542.59
2024-08-14T13:35:00.000,543.3882,543.62,543.09,543.21,194301,2189,542.59
2024-08-14T13:40:00.000,543.19,543.39,542.9101,543.28,388922,2803,542.6
2024-08-14T13:45:00.000,543.215,543.52,543.215,543.43,129387,1941,542.61
2024-08-14T13:50:00.000,543.44,543.57,543.12,543.4899,164843,2266,542.61
2024-08-14T13:55:00.000,543.48,543.57,543.2423,543.28,128315,1908,542.62
2024-08-14T14:00:00.000,543.23,543.25,542.63,542.985,358228,3697,542.62
2024-08-14T14:05:00.000,543.0,543.1925,542.87,543.0,262850,3049,542.63
2024-08-14T14:10:00.000,542.98,543.165,542.89,542.9642,257433,2972,542.63
2024-08-14T14:15:00.000,542.97,543.17,542.86,542.96,194347,2509,542.64
2024-08-14T14:20:00.000,542.91,543.42,542.91,543.275,233918,2313,542.64
2024-08-14T14:25:00.000,543.27,543.3899,543.18,543.3775,155564,2174,542.65
2024-08-14T14:30:00.000,543.35,543.56,543.27,543.45,267310,3121,542.66
2024-08-14T14:35:00.000,543.48,543.71,543.2752,543.53,245984,2877,542.67
2024-08-14T14:40:00.000,543.54,543.71,543.4451,543.6003,334275,3278,542.68
2024-08-14T14:45:00.000,543.57,543.74,543.45,543.5395,285294,3070,542.69
2024-08-14T14:50:00.000,543.55,543.9,543.49,543.83,195082,2577,542.7
2024-08-14T14:55:00.000,543.83,544.35,543.82,544.28,328292,3461,542.72
2024-08-14T15:00:00.000,544.27,544.28,543.9,544.06,282968,3114,542.74
2024-08-14T15:05:00.000,544.06,544.3,543.9,543.9492,238261,2800,542.75
2024-08-14T15:10:00.000,543.94,544.0261,542.8865,542.995,759352,6634,542.78
2024-08-14T15:15:00.000,543.0,543.29,542.845,543.15,365701,3571,542.78
2024-08-14T15:20:00.000,543.13,543.33,542.95,543.23,478227,3632,542.79
2024-08-14T15:25:00.000,543.25,543.33,543.08,543.11,500930,3082,542.79
2024-08-14T15:30:00.000,543.11,543.24,542.8,542.82,433671,4449,542.79
2024-08-14T15:35:00.000,542.82,543.22,542.75,543.2,521497,4534,542.8
2024-08-14T15:40:00.000,543.21,543.52,543.05,543.465,648751,4728,542.81
2024-08-14T15:45:00.000,543.45,543.74,543.24,543.7,663218,5696,542.82
2024-08-14T15:50:00.000,543.72,544.33,543.33,544.2,2000692,13403,542.88
2024-08-14T15:55:00.000,544.22,544.69,543.73,543.78,4965820,23508,543.05
2024-08-14T16:00:00.000,543.78,543.78,543.78,543.78,585,2,543.05
2024-08-15T09:30:00.000,549.5,550.15,549.31,549.85,1777651,16273,549.7
2024-08-15T09:35:00.000,549.85,550.22,549.58,549.79,964802,10690,549.76
2024-08-15T09:40:00.000,549.8,549.97,548.95,549.2832,1324777,10656,549.65
2024-08-15T09:45:00.000,549.32,549.79,549.02,549.77,709335,7276,549.61
2024-08-15T09:50:00.000,549.79,549.9,549.47,549.76,819155,7672,549.63
2024-08-15T09:55:00.000,549.785,550.29,549.785,550.17,715210,7670,549.67
2024-08-15T10:00:00.000,550.17,550.63,549.4001,549.4875,1013579,10738,549.73
2024-08-15T10:05:00.000,549.5,549.52,549.0172,549.14,784400,8690,549.68
2024-08-15T10:10:00.000,549.14,549.83,548.88,549.75,613602,10116,549.66
2024-08-15T10:15:00.000,549.76,549.9943,549.5,549.97,570539,12972,549.66
2024-08-15T10:20:00.000,549.98,550.21,549.73,550.08,420018,12085,549.68
2024-08-15T10:25:00.000,550.08,550.67,549.9901,550.4,655119,14334,549.72
2024-08-15T10:30:00.000,550.4,550.68,550.36,550.65,787456,10048,549.77
2024-08-15T10:35:00.000,550.61,550.9368,550.4623,550.74,599224,6844,549.82
2024-08-15T10:40:00.000,550.7,550.92,550.61,550.89,385623,4618,549.85
2024-08-15T10:45:00.000,550.86,551.25,550.8,550.925,758332,6976,549.91
2024-08-15T10:50:00.000,550.93,551.04,550.72,550.915,474283,4725,549.95
2024-08-15T10:55:00.000,550.92,550.97,550.66,550.9331,438883,5296,549.97
2024-08-15T11:00:00.000,550.92,551.365,550.7882,551.36,377751,4830,550.0
2024-08-15T11:05:00.000,551.35,551.41,551.08,551.29,496733,4753,550.03
2024-08-15T11:10:00.000,551.28,551.61,551.255,551.55,371343,4659,550.07
2024-08-15T11:15:00.000,551.55,551.89,551.44,551.67,638406,6011,550.14
2024-08-15T11:20:00.000,551.67,551.795,551.55,551.77,423656,4856,550.18
2024-08-15T11:25:00.000,551.765,551.83,551.3647,551.385,314735,4168,550.21
2024-08-15T11:30:00.000,551.39,551.68,551.28,551.53,276632,3692,550.23
2024-08-15T11:35:00.000,551.515,551.73,551.3582,551.63,347414,4288,550.25
2024-08-15T11:40:00.000,551.63,552.035,551.6,551.9107,416555,4989,550.29
2024-08-15T11:45:00.000,551.92,551.98,551.725,551.97,380666,3358,550.31
2024-08-15T11:50:00.000,551.96,552.13,551.8,551.95,348084,4118,550.35
2024-08-15T11:55:00.000,551.95,552.06,551.61,551.61,278498,3437,550.37
2024-08-15T12:00:00.000,551.61,552.1,551.58,552.0898,427473,3638,550.4
2024-08-15T12:05:00.000,552.0805,552.09,551.91,551.97,240960,3012,550.42
2024-08-15T12:10:00.000,551.99,552.18,551.87,551.965,425968,2979,550.46
2024-08-15T12:15:00.000,551.97,552.44,551.95,552.3,278548,3483,550.48
2024-08-15T12:20:00.000,552.32,552.71,552.3101,552.6,552626,4023,550.52
2024-08-15T12:25:00.000,552.585,552.585,552.36,552.58,443144,3711,550.56
2024-08-15T12:30:00.000,552.58,552.62,552.26,552.43,261697,3411,550.58
2024-08-15T12:35:00.000,552.42,552.48,552.15,552.18,423857,3793,550.61
2024-08-15T12:40:00.000,552.18,552.25,551.65,551.84,533536,4727,550.63
2024-08-15T12:45:00.000,551.84,551.98,551.261,551.63,537087,5134,550.66
2024-08-15T12:50:00.000,551.64,551.84,551.54,551.75,326204,3545,550.67
2024-08-15T12:55:00.000,551.75,552.0,551.61,551.93,258877,2956,550.68
2024-08-15T13:00:00.000,551.94,551.95,551.55,551.785,258582,3058,550.69
2024-08-15T13:05:00.000,551.789,551.87,551.52,551.52,242624,2721,550.71
2024-08-15T13:10:00.000,551.55,551.855,551.445,551.77,273024,3091,550.72
2024-08-15T13:15:00.000,551.7782,551.9349,551.66,551.8,228442,2781,550.73
2024-08-15T13:20:00.000,551.81,552.04,551.7,551.805,228830,2935,550.74
2024-08-15T13:25:00.000,551.81,552.3,551.79,552.05,264861,3137,550.75
2024-08-15T13:30:00.000,552.04,552.36,552.03,552.3229,202717,3211,550.76
2024-08-15T13:35:00.000,552.32,552.42,552.235,552.38,186895,2819,550.78
2024-08-15T13:40:00.000,552.37,552.47,552.22,552.335,366305,2885,550.79
2024-08-15T13:45:00.000,552.33,552.5687,552.33,552.52,255379,2747,550.81
2024-08-15T13:50:00.000,552.52,552.67,552.48,552.55,337362,3473,550.83
2024-08-15T13:55:00.000,552.55,552.68,552.425,552.645,256639,3052,550.85
2024-08-15T14:00:00.000,552.65,552.9,552.5104,552.84,467898,4196,550.88
2024-08-15T14:05:00.000,552.84,552.92,552.68,552.75,511834,3935,550.91
2024-08-15T14:10:00.000,552.7505,552.81,552.51,552.51,329859,3415,550.93
2024-08-15T14:15:00.000,552.52,552.775,552.45,552.73,430714,4523,550.95
2024-08-15T14:20:00.000,552.73,552.78,552.56,552.68,202814,3355,550.96
2024-08-15T14:25:00.000,552.67,552.91,552.62,552.8,700639,4226,550.97
2024-08-15T14:30:00.000,552.81,552.885,552.69,552.78,688473,4612,550.99
2024-08-15T14:35:00.000,552.785,552.95,552.72,552.85,301322,3182,551.02
2024-08-15T14:40:00.000,552.86,553.0698,552.765,553.04,268151,3072,551.03
2024-08-15T14:45:00.000,553.03,553.09,552.89,552.9901,671422,3220,551.05
2024-08-15T14:50:00.000,552.99,552.99,552.63,552.89,601689,4372,551.08
2024-08-15T14:55:00.000,552.89,552.9937,552.7814,552.92,374176,2612,551.1
2024-08-15T15:00:00.000,552.92,552.92,552.45,552.8001,342245,3725,551.12
2024-08-15T15:05:00.000,552.815,553.05,552.68,553.02,521072,3613,551.14
2024-08-15T15:10:00.000,553.03,553.03,552.63,552.83,504434,4658,551.17
2024-08-15T15:15:00.000,552.835,553.0699,552.7501,552.98,641267,4577,551.19
2024-08-15T15:20:00.000,552.98,553.18,552.84,553.05,700505,3407,551.22
2024-08-15T15:25:00.000,553.0384,553.15,552.82,553.07,668979,5401,551.26
2024-08-15T15:30:00.000,553.07,553.26,552.96,553.225,994671,5661,551.3
2024-08-15T15:35:00.000,553.22,553.36,553.1,553.25,779111,4871,551.34
2024-08-15T15:40:00.000,553.25,553.29,553.03,553.06,1141345,5863,551.39
2024-08-15T15:45:00.000,553.05,553.08,552.54,552.66,2119407,12030,551.46
2024-08-15T15:50:00.000,552.67,552.7199,551.91,552.21,3165511,19779,551.52
2024-08-15T15:55:00.000,552.22,553.14,551.99,553.0678,6288701,34344,551.64
2024-08-15T16:00:00.000,0.0,0.0,0.0,0.0,0,0,551.64
2024-08-16T09:30:00.000,551.42,552.06,551.26,551.83,1448597,12916,551.65
2024-08-16T09:35:00.000,551.83,552.08,551.63,551.91,439404,5037,551.7
2024-08-16T09:40:00.000,551.89,552.4,551.83,551.96,585516,5910,551.8
2024-08-16T09:45:00.000,551.97,552.32,551.74,552.22,377391,4395,551.83
2024-08-16T09:50:00.000,552.21,552.63,552.17,552.4495,484981,5267,551.92
2024-08-16T09:55:00.000,552.4,552.6,552.04,552.27,365092,4481,551.96
2024-08-16T10:00:00.000,552.21,553.36,552.15,552.9,639869,7792,552.1
2024-08-16T10:05:00.000,552.92,553.24,552.59,552.83,313157,5068,552.15
2024-08-16T10:10:00.000,552.82,552.9925,552.67,552.8605,305459,3865,552.17
2024-08-16T10:15:00.000,552.87,553.47,552.87,553.45,409123,11247,552.22
2024-08-16T10:20:00.000,553.44,553.62,553.01,553.045,291579,10339,552.28
2024-08-16T10:25:00.000,553.06,553.22,552.84,552.968,357473,11018,552.32
2024-08-16T10:30:00.000,552.9384,553.16,552.57,552.71,1350649,10008,552.34
2024-08-16T10:35:00.000,552.72,553.024,552.36,552.79,589930,4487,552.37
2024-08-16T10:40:00.000,552.79,552.79,552.28,552.515,372404,3543,552.38
2024-08-16T10:45:00.000,552.54,552.8,551.645,551.87,1272891,4629,552.37
2024-08-16T10:50:00.000,551.8748,552.8283,551.8748,552.13,471246,5013,552.37
2024-08-16T10:55:00.000,552.14,552.52,552.01,552.18,541914,3351,552.36
2024-08-16T11:00:00.000,552.16,552.585,552.042,552.56,290704,3071,552.36
2024-08-16T11:05:00.000,552.56,552.725,552.2251,552.47,315053,3559,552.37
2024-08-16T11:10:00.000,552.5,552.6499,552.235,552.5201,296539,3247,552.37
2024-08-16T11:15:00.000,552.52,552.6148,552.1,552.38,1692581,3461,552.37
2024-08-16T11:20:00.000,552.37,552.52,551.98,552.51,347257,3035,552.37
2024-08-16T11:25:00.000,552.52,552.78,552.33,552.68,576788,2823,552.37
2024-08-16T11:30:00.000,552.68,552.83,552.47,552.5,695231,3041,552.38
2024-08-16T11:35:00.000,552.52,552.99,552.52,552.84,329142,2629,552.39
2024-08-16T11:40:00.000,552.86,553.12,552.83,553.06,169732,2624,552.4
2024-08-16T11:45:00.000,553.065,553.2816,553.045,553.12,165237,2149,552.41
2024-08-16T11:50:00.000,553.11,553.36,552.8467,553.32,194064,2421,552.42
2024-08-16T11:55:00.000,553.315,553.52,553.28,553.35,213522,2340,552.44
2024-08-16T12:00:00.000,553.34,553.43,553.06,553.23,511465,2930,552.46
2024-08-16T12:05:00.000,553.23,553.52,553.1527,553.47,144851,2202,552.47
2024-08-16T12:10:00.000,553.49,553.95,553.48,553.95,337087,3741,552.51
2024-08-16T12:15:00.000,553.95,554.16,553.92,554.04,434982,3262,552.55
2024-08-16T12:20:00.000,554.04,554.12,553.8502,554.1,256310,2897,552.58
2024-08-16T12:25:00.000,554.11,554.13,553.71,553.895,226229,2718,552.6
2024-08-16T12:30:00.000,553.9,554.15,553.77,554.09,203882,2583,552.63
2024-08-16T12:35:00.000,554.09,554.28,554.01,554.215,154983,2150,552.64
2024-08-16T12:40:00.000,554.2195,554.2223,553.96,554.12,244712,2639,552.67
2024-08-16T12:45:00.000,554.1001,554.22,553.943,554.2155,140749,2156,552.69
2024-08-16T12:50:00.000,554.21,554.46,554.1505,554.455,113884,1886,552.7
2024-08-16T12:55:00.000,554.46,555.02,554.4,554.81,299291,3746,552.75
2024-08-16T13:00:00.000,554.82,554.91,554.44,554.6,474735,3460,552.8
2024-08-16T13:05:00.000,554.6,554.71,554.29,554.4,165440,2309,552.82
2024-08-16T13:10:00.000,554.41,554.61,554.37,554.51,188194,2219,552.84
2024-08-16T13:15:00.000,554.51,554.65,554.31,554.6301,150662,2101,552.85
2024-08-16T13:20:00.000,554.64,554.69,554.49,554.66,2141462,2129,552.87
2024-08-16T13:25:00.000,554.67,554.75,554.32,554.59,221347,2474,552.9
2024-08-16T13:30:00.000,554.5899,554.72,554.5427,554.595,266846,2519,552.91
2024-08-16T13:35:00.000,554.6196,554.75,554.55,554.72,171323,1830,552.94
2024-08-16T13:40:00.000,554.73,554.86,554.55,554.86,148755,1993,552.95
2024-08-16T13:45:00.000,554.85,554.86,554.48,554.6199,200880,2023,552.97
2024-08-16T13:50:00.000,554.61,554.61,553.96,554.1,345390,3876,553.0
2024-08-16T13:55:00.000,554.1013,554.55,554.1013,554.55,218211,2609,553.02
2024-08-16T14:00:00.000,554.56,554.56,554.14,554.185,442795,4131,553.05
2024-08-16T14:05:00.000,554.175,554.21,553.9001,553.9501,371150,2697,553.07
2024-08-16T14:10:00.000,553.95,554.0843,553.81,553.92,130529,1929,553.08
2024-08-16T14:15:00.000,553.93,554.34,553.92,554.32,855806,2208,553.09
2024-08-16T14:20:00.000,554.33,554.33,553.94,553.9999,228234,2026,553.1
2024-08-16T14:25:00.000,554.0,554.33,554.0,554.29,735119,1979,553.11
2024-08-16T14:30:00.000,554.29,554.38,554.145,554.3526,214276,2322,553.12
2024-08-16T14:35:00.000,554.37,554.4565,554.22,554.3,170958,2257,553.14
2024-08-16T14:40:00.000,554.3151,554.4,553.97,553.98,192745,2081,553.14
2024-08-16T14:45:00.000,553.97,554.16,553.9,554.14,139749,1810,553.15
2024-08-16T14:50:00.000,554.16,554.47,554.01,554.44,154023,2015,553.16
2024-08-16T14:55:00.000,554.445,554.73,554.4203,554.585,327262,3375,553.18
2024-08-16T15:00:00.000,554.57,554.71,554.4101,554.48,237812,2562,553.2
2024-08-16T15:05:00.000,554.49,554.66,554.35,554.38,232525,2341,553.22
2024-08-16T15:10:00.000,554.37,554.47,554.24,554.365,405450,3587,553.24
2024-08-16T15:15:00.000,554.36,554.41,554.24,554.36,328967,2592,553.25
2024-08-16T15:20:00.000,554.34,554.35,554.07,554.2,266201,2765,553.26
2024-08-16T15:25:00.000,554.19,554.31,554.07,554.1,364051,3252,553.28
2024-08-16T15:30:00.000,554.095,554.37,554.01,554.31,935799,4241,553.3
2024-08-16T15:35:00.000,554.32,554.46,554.22,554.31,558494,4249,553.32
2024-08-16T15:40:00.000,554.3,554.42,554.02,554.03,760008,6382,553.36
2024-08-16T15:45:00.000,554.025,554.11,553.55,553.74,1101810,8495,553.38
2024-08-16T15:50:00.000,553.72,554.01,553.6,553.89,1007570,9361,553.39
2024-08-16T15:55:00.000,553.89,554.33,553.79,554.21,2205579,14903,553.46
2024-08-16T16:00:00.000,554.23,554.23,554.21,554.21,769,3,553.46
2024-08-17T09:30:00.000,0.0,0.0,0.0,0.0,0,0,0.0
2024-08-17T09:35:00.000,0.0,0.0,0.0,0.0,0,0,0.0
2024-08-17T09:40:00.000,0.0,0.0,0.0,0.0,0,0,0.0
2024-08-17T09:45:00.000,0.0,0.0,0.0,0.0,0,0,0.0
2024-08-17T09:50:00.000,0.0,0.0,0.0,0.0,0,0,0.0
2024-08-17T09:55:00.000,0.0,0.0,0.0,0.0,0,0,0.0
2024-08-17T10:00:00.000,0.0,0.0,0.0,0.0,0,0,0.0
2024-08-17T10:05:00.000,0.0,0.0,0.0,0.0,0,0,0.0
2024-08-17T10:10:00.000,0.0,0.0,0.0,0.0,0,0,0.0
2024-08-17T10:15:00.000,0.0,0.0,0.0,0.0,0,0,0.0
2024-08-17T10:20:00.000,0.0,0.0,0.0,0.0,0,0,0.0
2024-08-17T10:25:00.000,0.0,0.0,0.0,0.0,0,0,0.0
2024-08-17T10:30:00.000,0.0,0.0,0.0,0.0,0,0,0.0
2024-08-17T10:35:00.000,0.0,0.0,0.0,0.0,0,0,0.0
2024-08-17T10:40:00.000,0.0,0.0,0.0,0.0,0,0,0.0
2024-08-17T10:45:00.000,0.0,0.0,0.0,0.0,0,0,0.0
2024-08-17T10:50:00.000,0.0,0.0,0.0,0.0,0,0,0.0
2024-08-17T10:55:00.000,0.0,0.0,0.0,0.0,0,0,0.0
2024-08-17T11:00:00.000,0.0,0.0,0.0,0.0,0,0,0.0
2024-08-17T11:05:00.000,0.0,0.0,0.0,0.0,0,0,0.0
2024-08-17T11:10:00.000,0.0,0.0,0.0,0.0,0,0,0.0
2024-08-17T11:15:00.000,0.0,0.0,0.0,0.0,0,0,0.0
2024-08-17T11:20:00.000,0.0,0.0,0.0,0.0,0,0,0.0
2024-08-17T11:25:00.000,0.0,0.0,0.0,0.0,0,0,0.0
2024-08-17T11:30:00.000,0.0,0.0,0.0,0.0,0,0,0.0
2024-08-17T11:35:00.000,0.0,0.0,0.0,0.0,0,0,0.0
2024-08-17T11:40:00.000,0.0,0.0,0.0,0.0,0,0,0.0
2024-08-17T11:45:00.000,0.0,0.0,0.0,0.0,0,0,0.0
2024-08-17T11:50:00.000,0.0,0.0,0.0,0.0,0,0,0.0
2024-08-17T11:55:00.000,0.0,0.0,0.0,0.0,0,0,0.0
2024-08-17T12:00:00.000,0.0,0.0,0.0,0.0,0,0,0.0
2024-08-17T12:05:00.000,0.0,0.0,0.0,0.0,0,0,0.0
2024-08-17T12:10:00.000,0.0,0.0,0.0,0.0,0,0,0.0
2024-08-17T12:15:00.000,0.0,0.0,0.0,0.0,0,0,0.0
2024-08-17T12:20:00.000,0.0,0.0,0.0,0.0,0,0,0.0
2024-08-17T12:25:00.000,0.0,0.0,0.0,0.0,0,0,0.0
2024-08-17T12:30:00.000,0.0,0.0,0.0,0.0,0,0,0.0
2024-08-17T12:35:00.000,0.0,0.0,0.0,0.0,0,0,0.0
2024-08-17T12:40:00.000,0.0,0.0,0.0,0.0,0,0,0.0
2024-08-17T12:45:00.000,0.0,0.0,0.0,0.0,0,0,0.0
2024-08-17T12:50:00.000,0.0,0.0,0.0,0.0,0,0,0.0
2024-08-17T12:55:00.000,0.0,0.0,0.0,0.0,0,0,0.0
2024-08-17T13:00:00.000,0.0,0.0,0.0,0.0,0,0,0.0
2024-08-17T13:05:00.000,0.0,0.0,0.0,0.0,0,0,0.0
2024-08-17T13:10:00.000,0.0,0.0,0.0,0.0,0,0,0.0
2024-08-17T13:15:00.000,0.0,0.0,0.0,0.0,0,0,0.0
2024-08-17T13:20:00.000,0.0,0.0,0.0,0.0,0,0,0.0
2024-08-17T13:25:00.000,0.0,0.0,0.0,0.0,0,0,0.0
2024-08-17T13:30:00.000,0.0,0.0,0.0,0.0,0,0,0.0
2024-08-17T13:35:00.000,0.0,0.0,0.0,0.0,0,0,0.0
2024-08-17T13:40:00.000,0.0,0.0,0.0,0.0,0,0,0.0
2024-08-17T13:45:00.000,0.0,0.0,0.0,0.0,0,0,0.0
2024-08-17T13:50:00.000,0.0,0.0,0.0,0.0,0,0,0.0
2024-08-17T13:55:00.000,0.0,0.0,0.0,0.0,0,0,0.0
2024-08-17T14:00:00.000,0.0,0.0,0.0,0.0,0,0,0.0
2024-08-17T14:05:00.000,0.0,0.0,0.0,0.0,0,0,0.0
2024-08-17T14:10:00.000,0.0,0.0,0.0,0.0,0,0,0.0
2024-08-17T14:15:00.000,0.0,0.0,0.0,0.0,0,0,0.0
2024-08-17T14:20:00.000,0.0,0.0,0.0,0.0,0,0,0.0
2024-08-17T14:25:00.000,0.0,0.0,0.0,0.0,0,0,0.0
2024-08-17T14:30:00.000,0.0,0.0,0.0,0.0,0,0,0.0
2024-08-17T14:35:00.000,0.0,0.0,0.0,0.0,0,0,0.0
2024-08-17T14:40:00.000,0.0,0.0,0.0,0.0,0,0,0.0
2024-08-17T14:45:00.000,0.0,0.0,0.0,0.0,0,0,0.0
2024-08-17T14:50:00.000,0.0,0.0,0.0,0.0,0,0,0.0
2024-08-17T14:55:00.000,0.0,0.0,0.0,0.0,0,0,0.0
2024-08-17T15:00:00.000,0.0,0.0,0.0,0.0,0,0,0.0
2024-08-17T15:05:00.000,0.0,0.0,0.0,0.0,0,0,0.0
2024-08-17T15:10:00.000,0.0,0.0,0.0,0.0,0,0,0.0
2024-08-17T15:15:00.000,0.0,0.0,0.0,0.0,0,0,0.0
2024-08-17T15:20:00.000,0.0,0.0,0.0,0.0,0,0,0.0
2024-08-17T15:25:00.000,0.0,0.0,0.0,0.0,0,0,0.0
2024-08-17T15:30:00.000,0.0,0.0,0.0,0.0,0,0,0.0
2024-08-17T15:35:00.000,0.0,0.0,0.0,0.0,0,0,0.0
2024-08-17T15:40:00.000,0.0,0.0,0.0,0.0,0,0,0.0
2024-08-17T15:45:00.000,0.0,0.0,0.0,0.0,0,0,0.0
2024-08-17T15:50:00.000,0.0,0.0,0.0,0.0,0,0,0.0
2024-08-17T15:55:00.000,0.0,0.0,0.0,0.0,0,0,0.0
2024-08-17T16:00:00.000,0.0,0.0,0.0,0.0,0,0,0.0
2024-08-18T09:30:00.000,0.0,0.0,0.0,0.0,0,0,0.0
2024-08-18T09:35:00.000,0.0,0.0,0.0,0.0,0,0,0.0
2024-08-18T09:40:00.000,0.0,0.0,0.0,0.0,0,0,0.0
2024-08-18T09:45:00.000,0.0,0.0,0.0,0.0,0,0,0.0
2024-08-18T09:50:00.000,0.0,0.0,0.0,0.0,0,0,0.0
2024-08-18T09:55:00.000,0.0,0.0,0.0,0.0,0,0,0.0
2024-08-18T10:00:00.000,0.0,0.0,0.0,0.0,0,0,0.0
2024-08-18T10:05:00.000,0.0,0.0,0.0,0.0,0,0,0.0
2024-08-18T10:10:00.000,0.0,0.0,0.0,0.0,0,0,0.0
2024-08-18T10:15:00.000,0.0,0.0,0.0,0.0,0,0,0.0
2024-08-18T10:20:00.000,0.0,0.0,0.0,0.0,0,0,0.0
2024-08-18T10:25:00.000,0.0,0.0,0.0,0.0,0,0,0.0
2024-08-18T10:30:00.000,0.0,0.0,0.0,0.0,0,0,0.0
2024-08-18T10:35:00.000,0.0,0.0,0.0,0.0,0,0,0.0
2024-08-18T10:40:00.000,0.0,0.0,0.0,0.0,0,0,0.0
2024-08-18T10:45:00.000,0.0,0.0,0.0,0.0,0,0,0.0
2024-08-18T10:50:00.000,0.0,0.0,0.0,0.0,0,0,0.0
2024-08-18T10:55:00.000,0.0,0.0,0.0,0.0,0,0,0.0
2024-08-18T11:00:00.000,0.0,0.0,0.0,0.0,0,0,0.0
2024-08-18T11:05:00.000,0.0,0.0,0.0,0.0,0,0,0.0
2024-08-18T11:10:00.000,0.0,0.0,0.0,0.0,0,0,0.0
2024-08-18T11:15:00.000,0.0,0.0,0.0,0.0,0,0,0.0
2024-08-18T11:20:00.000,0.0,0.0,0.0,0.0,0,0,0.0
2024-08-18T11:25:00.000,0.0,0.0,0.0,0.0,0,0,0.0
2024-08-18T11:30:00.000,0.0,0.0,0.0,0.0,0,0,0.0
2024-08-18T11:35:00.000,0.0,0.0,0.0,0.0,0,0,0.0
2024-08-18T11:40:00.000,0.0,0.0,0.0,0.0,0,0,0.0
2024-08-18T11:45:00.000,0.0,0.0,0.0,0.0,0,0,0.0
2024-08-18T11:50:00.000,0.0,0.0,0.0,0.0,0,0,0.0
2024-08-18T11:55:00.000,0.0,0.0,0.0,0.0,0,0,0.0
2024-08-18T12:00:00.000,0.0,0.0,0.0,0.0,0,0,0.0
2024-08-18T12:05:00.000,0.0,0.0,0.0,0.0,0,0,0.0
2024-08-18T12:10:00.000,0.0,0.0,0.0,0.0,0,0,0.0
2024-08-18T12:15:00.000,0.0,0.0,0.0,0.0,0,0,0.0
2024-08-18T12:20:00.000,0.0,0.0,0.0,0.0,0,0,0.0
2024-08-18T12:25:00.000,0.0,0.0,0.0,0.0,0,0,0.0
2024-08-18T12:30:00.000,0.0,0.0,0.0,0.0,0,0,0.0
2024-08-18T12:35:00.000,0.0,0.0,0.0,0.0,0,0,0.0
2024-08-18T12:40:00.000,0.0,0.0,0.0,0.0,0,0,0.0
2024-08-18T12:45:00.000,0.0,0.0,0.0,0.0,0,0,0.0
2024-08-18T12:50:00.000,0.0,0.0,0.0,0.0,0,0,0.0
2024-08-18T12:55:00.000,0.0,0.0,0.0,0.0,0,0,0.0
2024-08-18T13:00:00.000,0.0,0.0,0.0,0.0,0,0,0.0
2024-08-18T13:05:00.000,0.0,0.0,0.0,0.0,0,0,0.0
2024-08-18T13:10:00.000,0.0,0.0,0.0,0.0,0,0,0.0
2024-08-18T13:15:00.000,0.0,0.0,0.0,0.0,0,0,0.0
2024-08-18T13:20:00.000,0.0,0.0,0.0,0.0,0,0,0.0
2024-08-18T13:25:00.000,0.0,0.0,0.0,0.0,0,0,0.0
2024-08-18T13:30:00.000,0.0,0.0,0.0,0.0,0,0,0.0
2024-08-18T13:35:00.000,0.0,0.0,0.0,0.0,0,0,0.0
2024-08-18T13:40:00.000,0.0,0.0,0.0,0.0,0,0,0.0
2024-08-18T13:45:00.000,0.0,0.0,0.0,0.0,0,0,0.0
2024-08-18T13:50:00.000,0.0,0.0,0.0,0.0,0,0,0.0
2024-08-18T13:55:00.000,0.0,0.0,0.0,0.0,0,0,0.0
2024-08-18T14:00:00.000,0.0,0.0,0.0,0.0,0,0,0.0
2024-08-18T14:05:00.000,0.0,0.0,0.0,0.0,0,0,0.0
2024-08-18T14:10:00.000,0.0,0.0,0.0,0.0,0,0,0.0
2024-08-18T14:15:00.000,0.0,0.0,0.0,0.0,0,0,0.0
2024-08-18T14:20:00.000,0.0,0.0,0.0,0.0,0,0,0.0
2024-08-18T14:25:00.000,0.0,0.0,0.0,0.0,0,0,0.0
2024-08-18T14:30:00.000,0.0,0.0,0.0,0.0,0,0,0.0
2024-08-18T14:35:00.000,0.0,0.0,0.0,0.0,0,0,0.0
2024-08-18T14:40:00.000,0.0,0.0,0.0,0.0,0,0,0.0
2024-08-18T14:45:00.000,0.0,0.0,0.0,0.0,0,0,0.0
2024-08-18T14:50:00.000,0.0,0.0,0.0,0.0,0,0,0.0
2024-08-18T14:55:00.000,0.0,0.0,0.0,0.0,0,0,0.0
2024-08-18T15:00:00.000,0.0,0.0,0.0,0.0,0,0,0.0
2024-08-18T15:05:00.000,0.0,0.0,0.0,0.0,0,0,0.0
2024-08-18T15:10:00.000,0.0,0.0,0.0,0.0,0,0,0.0
2024-08-18T15:15:00.000,0.0,0.0,0.0,0.0,0,0,0.0
2024-08-18T15:20:00.000,0.0,0.0,0.0,0.0,0,0,0.0
2024-08-18T15:25:00.000,0.0,0.0,0.0,0.0,0,0,0.0
2024-08-18T15:30:00.000,0.0,0.0,0.0,0.0,0,0,0.0
2024-08-18T15:35:00.000,0.0,0.0,0.0,0.0,0,0,0.0
2024-08-18T15:40:00.000,0.0,0.0,0.0,0.0,0,0,0.0
2024-08-18T15:45:00.000,0.0,0.0,0.0,0.0,0,0,0.0
2024-08-18T15:50:00.000,0.0,0.0,0.0,0.0,0,0,0.0
2024-08-18T15:55:00.000,0.0,0.0,0.0,0.0,0,0,0.0
2024-08-18T16:00:00.000,0.0,0.0,0.0,0.0,0,0,0.0
2024-08-19T09:30:00.000,554.73,555.42,554.65,555.22,1038210,13270,554.98
2024-08-19T09:35:00.000,555.24,555.35,554.52,554.89,628889,7295,554.99
2024-08-19T09:40:00.000,554.89,555.5313,554.89,555.1701,424093,5417,555.04
2024-08-19T09:45:00.000,555.19,555.48,555.01,555.3,440670,5780,555.07
2024-08-19T09:50:00.000,555.3,555.38,554.8101,554.86,384984,5339,555.08
2024-08-19T09:55:00.000,554.88,555.12,554.65,554.98,361298,4994,555.06
2024-08-19T10:00:00.000,554.98,555.29,554.62,555.03,458103,6085,555.05
2024-08-19T10:05:00.000,555.02,555.6388,554.85,555.475,385720,5606,555.07
2024-08-19T10:10:00.000,555.46,555.68,555.2,555.26,306138,4689,555.1
2024-08-19T10:15:00.000,555.24,555.36,553.86,554.02,602948,8101,555.02
2024-08-19T10:20:00.000,554.02,555.0699,553.96,554.94,449842,13073,554.98
2024-08-19T10:25:00.000,554.96,555.5,554.82,555.355,254275,10829,554.99
2024-08-19T10:30:00.000,555.36,555.72,555.27,555.52,281817,11884,555.01
2024-08-19T10:35:00.000,555.515,555.6,555.2901,555.55,180368,9497,555.02
2024-08-19T10:40:00.000,555.565,555.78,555.3445,555.6005,168511,4924,555.03
2024-08-19T10:45:00.000,555.61,555.99,555.61,555.8671,235302,3482,555.06
2024-08-19T10:50:00.000,555.86,556.6766,555.86,556.51,584155,5946,555.16
2024-08-19T10:55:00.000,556.5,556.54,556.2,556.52,269316,3288,555.2
2024-08-19T11:00:00.000,556.53,556.73,556.4,556.64,255942,3040,555.25
2024-08-19T11:05:00.000,556.63,556.75,556.53,556.71,276745,3452,555.29
2024-08-19T11:10:00.000,556.7167,556.735,556.36,556.38,243429,3338,555.33
2024-08-19T11:15:00.000,556.39,556.54,556.15,556.36,445066,4078,555.37
2024-08-19T11:20:00.000,556.35,556.62,556.21,556.615,179359,2720,555.39
2024-08-19T11:25:00.000,556.62,556.6475,556.445,556.515,341436,2907,555.42
2024-08-19T11:30:00.000,556.51,556.84,556.36,556.721,286938,3105,555.45
2024-08-19T11:35:00.000,556.73,556.7899,556.45,556.495,565041,3282,555.53
2024-08-19T11:40:00.000,556.5,556.68,556.4325,556.61,137332,2294,555.54
2024-08-19T11:45:00.000,556.6,556.73,556.51,556.595,222124,2454,555.57
2024-08-19T11:50:00.000,556.5901,556.96,556.5301,556.84,269233,3141,555.59
2024-08-19T11:55:00.000,556.8316,556.8999,555.78,556.1926,584528,4336,555.62
2024-08-19T12:00:00.000,556.21,556.46,555.93,556.17,368877,3004,555.63
2024-08-19T12:05:00.000,556.17,556.385,556.12,556.38,125357,1970,555.64
2024-08-19T12:10:00.000,556.36,556.6,556.35,556.45,227395,2851,555.65
2024-08-19T12:15:00.000,556.44,556.67,556.31,556.62,163565,2266,555.66
2024-08-19T12:20:00.000,556.61,556.715,556.515,556.58,160686,2231,555.68
2024-08-19T12:25:00.000,556.57,556.83,556.55,556.77,147086,2317,555.69
2024-08-19T12:30:00.000,556.77,556.78,556.5,556.58,196636,2697,555.7
2024-08-19T12:35:00.000,556.6,556.87,556.56,556.82,184367,2298,555.72
2024-08-19T12:40:00.000,556.82,556.99,556.81,556.9275,288922,2376,555.73
2024-08-19T12:45:00.000,556.9203,557.0099,556.82,556.99,132344,2128,555.74
2024-08-19T12:50:00.000,557.02,557.47,557.01,557.3899,388942,3942,555.79
2024-08-19T12:55:00.000,557.37,557.45,557.23,557.31,234380,2736,555.82
2024-08-19T13:00:00.000,557.3,557.395,557.205,557.31,180871,2149,555.84
2024-08-19T13:05:00.000,557.32,557.43,557.2001,557.38,159387,2139,555.86
2024-08-19T13:10:00.000,557.385,557.395,556.94,557.03,308760,3274,555.88
2024-08-19T13:15:00.000,557.03,557.26,556.94,557.2105,335631,2769,555.9
2024-08-19T13:20:00.000,557.2199,557.2514,557.1,557.14,132008,1895,555.91
2024-08-19T13:25:00.000,557.13,557.34,557.06,557.12,186014,2430,555.93
2024-08-19T13:30:00.000,557.13,557.21,556.89,557.16,184875,3370,555.94
2024-08-19T13:35:00.000,557.16,557.27,557.11,557.225,137125,2560,555.95
2024-08-19T13:40:00.000,557.2382,557.3584,557.135,557.28,279332,3052,555.98
2024-08-19T13:45:00.000,557.28,557.375,557.23,557.315,154639,2217,555.99
2024-08-19T13:50:00.000,557.32,557.379,557.21,557.36,451720,2065,556.0
2024-08-19T13:55:00.000,557.34,557.56,557.31,557.55,292035,2612,556.02
2024-08-19T14:00:00.000,557.54,557.72,557.48,557.63,487798,4205,556.07
2024-08-19T14:05:00.000,557.64,557.71,557.515,557.58,337331,3210,556.1
2024-08-19T14:10:00.000,557.575,557.575,557.43,557.525,206899,2723,556.12
2024-08-19T14:15:00.000,557.525,557.5937,557.45,557.53,204645,2436,556.14
2024-08-19T14:20:00.000,557.545,557.645,557.355,557.6013,250234,2873,556.16
2024-08-19T14:25:00.000,557.6,557.76,557.51,557.7,258787,3073,556.18
2024-08-19T14:30:00.000,557.7,557.805,557.69,557.805,174867,2399,556.2
2024-08-19T14:35:00.000,557.79,557.83,557.7,557.8,263329,3011,556.22
2024-08-19T14:40:00.000,557.81,558.45,557.8,558.39,500428,5701,556.28
2024-08-19T14:45:00.000,558.4,558.48,558.29,558.37,322382,3629,556.32
2024-08-19T14:50:00.000,558.37,558.4,558.2,558.31,211352,2809,556.34
2024-08-19T14:55:00.000,558.31,558.33,558.045,558.1583,305319,3176,556.37
2024-08-19T15:00:00.000,558.16,558.17,557.84,557.86,333867,3704,556.4
2024-08-19T15:05:00.000,557.87,558.12,557.81,558.04,282850,3157,556.42
2024-08-19T15:10:00.000,558.04,558.05,557.87,558.0199,306759,3244,556.45
2024-08-19T15:15:00.000,558.01,558.17,557.96,558.17,305294,3343,556.47
2024-08-19T15:20:00.000,558.169,558.17,558.01,558.13,459484,3808,556.51
2024-08-19T15:25:00.000,558.12,558.3,557.96,558.2,705203,6052,556.57
2024-08-19T15:30:00.000,558.2,558.28,558.04,558.12,525580,4560,556.61
2024-08-19T15:35:00.000,558.11,558.13,557.94,558.07,1025267,5565,556.66
2024-08-19T15:40:00.000,558.06,558.31,558.0,558.26,943956,6612,556.72
2024-08-19T15:45:00.000,558.25,558.28,558.05,558.11,2495080,6404,556.82
2024-08-19T15:50:00.000,558.09,559.07,558.09,558.99,1490572,11977,556.91
2024-08-19T15:55:00.000,558.99,559.58,558.89,559.56,3932015,23700,557.14
2024-08-19T16:00:00.000,559.56,559.56,559.56,559.56,636,1,557.15
2024-08-20T09:30:00.000,559.15,559.76,559.14,559.712,1076575,9762,559.44
2024-08-20T09:35:00.000,559.72,559.89,559.6,559.74,434400,4455,559.52
2024-08-20T09:40:00.000,559.72,560.1395,559.705,560.1,438745,5084,559.61
2024-08-20T09:45:00.000,560.11,560.25,559.9101,560.14,341983,3936,559.69
2024-08-20T09:50:00.000,560.18,560.4467,560.08,560.42,365933,4348,559.76
2024-08-20T09:55:00.000,560.42,560.84,560.3989,560.745,1388261,5267,559.89
2024-08-20T10:00:00.000,560.75,560.82,560.1412,560.2701,390254,5402,559.95
2024-08-20T10:05:00.000,560.3,560.42,560.195,560.35,225840,3404,559.97
2024-08-20T10:10:00.000,560.33,560.335,559.08,559.4518,730134,9154,559.9
2024-08-20T10:15:00.000,559.46,559.48,558.87,559.02,684448,14678,559.81
2024-08-20T10:20:00.000,559.03,559.22,558.83,558.99,466029,12823,559.74
2024-08-20T10:25:00.000,559.015,559.24,558.79,559.11,409522,11365,559.68
2024-08-20T10:30:00.000,559.1,559.23,558.81,559.04,457608,8737,559.63
2024-08-20T10:35:00.000,559.035,559.035,558.2,558.21,719830,7847,559.51
2024-08-20T10:40:00.000,558.22,558.66,557.96,557.9799,676937,6104,559.41
2024-08-20T10:45:00.000,557.98,558.87,557.98,558.7599,364804,4384,559.37
2024-08-20T10:50:00.000,558.75,558.975,558.58,558.86,307137,3554,559.35
2024-08-20T10:55:00.000,558.86,558.9599,558.24,558.38,350415,3840,559.32
2024-08-20T11:00:00.000,558.38,558.519,558.23,558.36,223625,3010,559.29
2024-08-20T11:05:00.000,558.35,558.61,558.23,558.49,234589,2974,559.28
2024-08-20T11:10:00.000,558.47,558.56,558.24,558.2408,218434,3039,559.25
2024-08-20T11:15:00.000,558.24,558.49,558.16,558.415,525490,3162,559.23
2024-08-20T11:20:00.000,558.3602,558.66,558.3,558.465,378887,5085,559.2
2024-08-20T11:25:00.000,558.493,558.54,557.88,557.97,291858,3683,559.17
2024-08-20T11:30:00.000,557.96,558.35,557.89,558.23,211496,2813,559.15
2024-08-20T11:35:00.000,558.22,558.67,558.1501,558.46,215310,3130,559.14
2024-08-20T11:40:00.000,558.47,558.62,557.97,558.08,230966,2950,559.12
2024-08-20T11:45:00.000,558.05,558.1599,557.84,558.03,395325,3039,559.1
2024-08-20T11:50:00.000,558.035,558.7,557.95,558.68,231263,2912,559.08
2024-08-20T11:55:00.000,558.6609,559.3205,558.56,559.29,460774,4797,559.07
2024-08-20T12:00:00.000,559.29,559.43,558.96,559.14,344474,4303,559.08
2024-08-20T12:05:00.000,559.13,559.28,559.08,559.23,129971,1989,559.08
2024-08-20T12:10:00.000,559.24,559.35,558.88,558.9644,192123,2447,559.08
2024-08-20T12:15:00.000,558.98,559.0,558.35,558.38,230884,3118,559.07
2024-08-20T12:20:00.000,558.37,558.68,558.22,558.3801,254984,3203,559.06
2024-08-20T12:25:00.000,558.37,558.64,558.28,558.585,231796,2608,559.05
2024-08-20T12:30:00.000,558.58,558.75,558.36,558.57,205416,2480,559.04
2024-08-20T12:35:00.000,558.56,558.6498,558.29,558.61,97168,1809,559.04
2024-08-20T12:40:00.000,558.6,558.6399,558.41,558.5,230668,2139,559.03
2024-08-20T12:45:00.000,558.49,558.6899,558.4,558.6602,101997,1758,559.03
2024-08-20T12:50:00.000,558.68,558.74,558.1403,558.32,127782,2080,559.02
2024-08-20T12:55:00.000,558.31,558.3685,558.02,558.05,102011,1978,559.01
2024-08-20T13:00:00.000,558.05,558.05,557.325,557.62,401182,4391,558.97
2024-08-20T13:05:00.000,557.64,558.21,557.505,558.21,367382,3001,558.96
2024-08-20T13:10:00.000,558.2,558.25,557.88,557.9738,152157,2046,558.95
2024-08-20T13:15:00.000,557.94,558.17,557.78,558.07,252877,2682,558.93
2024-08-20T13:20:00.000,558.06,558.09,557.82,557.99,160634,2281,558.92
2024-08-20T13:25:00.000,557.98,558.29,557.89,558.1799,169949,2376,558.91
2024-08-20T13:30:00.000,558.17,558.22,557.97,558.09,215012,2630,558.9
2024-08-20T13:35:00.000,558.1001,558.1001,557.69,558.01,193399,2508,558.89
2024-08-20T13:40:00.000,558.0,558.29,557.97,558.256,295535,2130,558.88
2024-08-20T13:45:00.000,558.26,558.44,558.148,558.39,383011,2502,558.88
2024-08-20T13:50:00.000,558.38,558.48,558.267,558.29,127296,1961,558.87
2024-08-20T13:55:00.000,558.3,558.37,558.2222,558.325,141309,1921,558.87
2024-08-20T14:00:00.000,558.31,558.61,558.2,558.57,481413,4998,558.86
2024-08-20T14:05:00.000,558.57,558.86,558.49,558.75,197269,2438,558.85
2024-08-20T14:10:00.000,558.73,559.2,558.69,559.14,294454,3146,558.85
2024-08-20T14:15:00.000,559.12,559.47,559.12,559.44,238034,2880,558.86
2024-08-20T14:20:00.000,559.435,559.7399,559.32,559.705,317509,3636,558.87
2024-08-20T14:25:00.000,559.71,559.71,559.3,559.4099,314449,3281,558.88
2024-08-20T14:30:00.000,559.39,559.48,559.3,559.335,183010,2394,558.89
2024-08-20T14:35:00.000,559.33,559.48,559.27,559.39,163165,2220,558.89
2024-08-20T14:40:00.000,559.39,559.47,559.25,559.26,124805,1890,558.9
2024-08-20T14:45:00.000,559.27,559.33,559.08,559.2399,284396,2927,558.9
2024-08-20T14:50:00.000,559.25,559.35,558.81,559.09,428332,3542,558.9
2024-08-20T14:55:00.000,559.09,559.16,558.95,559.08,237158,3040,558.91
2024-08-20T15:00:00.000,559.08,559.16,558.93,559.09,197968,2755,558.91
2024-08-20T15:05:00.000,559.075,559.23,558.95,558.9895,323574,2441,558.91
2024-08-20T15:10:00.000,558.99,559.09,558.87,558.935,249076,2917,558.91
2024-08-20T15:15:00.000,558.93,558.98,558.665,558.8794,249112,3318,558.91
2024-08-20T15:20:00.000,558.86,559.0025,558.765,558.88,425525,3406,558.91
2024-08-20T15:25:00.000,558.9,558.93,558.64,558.68,222799,2972,558.91
2024-08-20T15:30:00.000,558.67,558.81,558.61,558.78,297152,3724,558.9
2024-08-20T15:35:00.000,558.78,558.92,558.6,558.6491,625090,3684,558.9
2024-08-20T15:40:00.000,558.638,558.78,558.44,558.48,576486,4197,558.89
2024-08-20T15:45:00.000,558.465,558.89,558.45,558.855,648401,6011,558.89
2024-08-20T15:50:00.000,558.87,559.17,558.52,558.6,1256483,10415,558.88
2024-08-20T15:55:00.000,558.6,558.735,558.4,558.62,2090025,15604,558.85
2024-08-20T16:00:00.000,0.0,0.0,0.0,0.0,32,1,558.85
2024-08-21T09:30:00.000,559.77,559.93,559.35,559.49,1232404,11549,559.61
2024-08-21T09:35:00.000,559.48,559.99,559.41,559.925,468804,5397,559.64
2024-08-21T09:40:00.000,559.94,560.17,559.535,560.02,417048,5327,559.68
2024-08-21T09:45:00.000,560.02,560.26,559.8238,559.88,329713,4422,559.73
2024-08-21T09:50:00.000,559.9,560.13,559.79,560.0001,246135,3441,559.75
2024-08-21T09:55:00.000,560.03,560.45,560.02,560.35,317740,4019,559.8
2024-08-21T10:00:00.000,560.37,560.8495,560.285,560.38,633972,8165,559.92
2024-08-21T10:05:00.000,560.4,560.49,560.12,560.29,368310,4851,559.95
2024-08-21T10:10:00.000,560.2701,560.49,559.25,559.48,453084,6589,559.94
2024-08-21T10:15:00.000,559.48,560.25,559.02,560.185,638876,14384,559.89
2024-08-21T10:20:00.000,560.19,560.34,560.1,560.15,308556,10503,559.91
2024-08-21T10:25:00.000,560.19,560.47,559.9201,560.1595,418484,10043,559.93
2024-08-21T10:30:00.000,560.18,560.405,559.5,560.2,455664,11224,559.93
2024-08-21T10:35:00.000,560.22,561.45,560.14,561.27,655097,7846,560.03
2024-08-21T10:40:00.000,561.2795,562.11,561.26,561.81,682225,7420,560.2
2024-08-21T10:45:00.000,561.83,562.0001,560.62,560.6499,625884,6227,560.27
2024-08-21T10:50:00.000,560.62,560.71,558.58,558.7,885211,10224,560.18
2024-08-21T10:55:00.000,558.68,559.4699,558.598,559.28,417228,4479,560.13
2024-08-21T11:00:00.000,559.225,559.37,558.55,559.36,606705,4101,560.08
2024-08-21T11:05:00.000,559.39,559.78,559.35,559.6,236201,2929,560.07
2024-08-21T11:10:00.000,559.59,560.33,559.5815,560.21,402749,4120,560.07
2024-08-21T11:15:00.000,560.16,560.329,559.96,560.06,223745,2645,560.07
2024-08-21T11:20:00.000,560.065,560.19,559.86,559.9501,290917,2941,560.07
2024-08-21T11:25:00.000,559.96,560.23,559.81,560.0,477307,2415,560.07
2024-08-21T11:30:00.000,559.99,560.0,559.6406,559.6959,174024,2636,560.07
2024-08-21T11:35:00.000,559.73,560.18,559.73,559.885,115079,1925,560.06
2024-08-21T11:40:00.000,559.89,560.0699,559.61,559.83,130897,2143,560.06
2024-08-21T11:45:00.000,559.85,560.13,559.155,559.21,163721,2387,560.06
2024-08-21T11:50:00.000,559.24,559.33,558.81,559.09,684452,3354,560.03
2024-08-21T11:55:00.000,559.1,559.1,558.63,558.89,418821,2713,559.99
2024-08-21T12:00:00.000,558.89,558.893,557.99,558.21,474402,4830,559.93
2024-08-21T12:05:00.000,558.22,558.73,558.2,558.57,434038,3556,559.9
2024-08-21T12:10:00.000,558.59,558.96,558.53,558.83,173526,2394,559.88
2024-08-21T12:15:00.000,558.8,559.11,558.67,559.1095,231780,2367,559.86
2024-08-21T12:20:00.000,559.08,559.4275,559.02,559.37,364257,2664,559.85
2024-08-21T12:25:00.000,559.38,559.51,559.3,559.43,200174,2267,559.85
2024-08-21T12:30:00.000,559.43,559.69,559.35,559.655,126596,2212,559.84
2024-08-21T12:35:00.000,559.69,559.83,559.595,559.72,224607,2536,559.84
2024-08-21T12:40:00.000,559.73,559.92,559.64,559.875,273060,2041,559.84
2024-08-21T12:45:00.000,559.87,559.98,559.8,559.9,167347,1851,559.84
2024-08-21T12:50:00.000,559.91,560.0,559.72,559.971,304904,1911,559.84
2024-08-21T12:55:00.000,559.97,560.31,559.86,560.13,183366,2200,559.84
2024-08-21T13:00:00.000,560.14,560.37,559.981,560.3675,224747,2284,559.85
2024-08-21T13:05:00.000,560.34,560.35,560.01,560.05,186778,1989,559.85
2024-08-21T13:10:00.000,560.05,560.2377,559.97,560.0601,102998,1671,559.86
2024-08-21T13:15:00.000,560.06,560.15,559.94,560.07,141124,1615,559.86
2024-08-21T13:20:00.000,560.07,560.17,559.94,560.0,115604,1579,559.86
2024-08-21T13:25:00.000,560.03,560.13,559.96,560.02,67540,1225,559.86
2024-08-21T13:30:00.000,560.02,560.28,560.02,560.179,136409,2441,559.86
2024-08-21T13:35:00.000,560.18,560.23,559.94,560.215,94967,1655,559.86
2024-08-21T13:40:00.000,560.21,560.21,559.88,559.995,136614,1750,559.86
2024-08-21T13:45:00.000,559.9999,560.41,559.995,560.35,214308,2180,559.87
2024-08-21T13:50:00.000,560.335,560.49,560.3,560.44,202463,2686,559.87
2024-08-21T13:55:00.000,560.44,560.54,560.31,560.3999,197462,2656,559.88
2024-08-21T14:00:00.000,560.43,561.18,560.23,560.61,629960,6965,559.91
2024-08-21T14:05:00.000,560.63,560.8,560.18,560.49,392961,4379,559.92
2024-08-21T14:10:00.000,560.5,560.79,560.34,560.59,158756,2342,559.93
2024-08-21T14:15:00.000,560.585,560.79,560.48,560.68,228122,2593,559.94
2024-08-21T14:20:00.000,560.68,560.8172,560.56,560.7701,128028,1906,559.94
2024-08-21T14:25:00.000,560.78,561.27,560.77,561.2526,257491,3296,559.96
2024-08-21T14:30:00.000,561.25,561.71,561.25,561.4999,447013,4591,559.99
2024-08-21T14:35:00.000,561.49,561.5,560.38,560.73,614935,4935,560.02
2024-08-21T14:40:00.000,560.74,560.79,560.51,560.67,306261,3193,560.03
2024-08-21T14:45:00.000,560.68,560.7901,560.33,560.688,311837,3249,560.04
2024-08-21T14:50:00.000,560.695,561.02,560.61,560.96,217416,2767,560.05
2024-08-21T14:55:00.000,560.94,560.96,560.59,560.75,305544,3075,560.06
2024-08-21T15:00:00.000,560.74,560.89,560.16,560.33,307968,3560,560.06
2024-08-21T15:05:00.000,560.33,560.405,559.73,559.98,344110,3963,560.06
2024-08-21T15:10:00.000,559.96,560.32,559.96,560.08,432055,4179,560.06
2024-08-21T15:15:00.000,560.075,560.13,559.82,559.9,1054318,3574,560.06
2024-08-21T15:20:00.000,559.91,559.92,559.22,559.67,761994,5913,560.05
2024-08-21T15:25:00.000,559.67,560.2,559.61,560.1,515805,4047,560.05
2024-08-21T15:30:00.000,560.08,560.11,559.77,560.0,240557,3134,560.05
2024-08-21T15:35:00.000,559.99,560.1317,559.79,560.12,459541,4451,560.04
2024-08-21T15:40:00.000,560.11,560.18,559.75,559.9392,386661,4150,560.04
2024-08-21T15:45:00.000,559.93,560.34,559.8763,560.245,680326,6276,560.04
2024-08-21T15:50:00.000,560.26,560.91,560.2,560.8,2368876,15546,560.08
2024-08-21T15:55:00.000,560.78,561.05,560.63,560.7,3843881,18922,560.15
2024-08-21T16:00:00.000,560.7,560.71,560.7,560.71,355,3,560.15
2024-08-22T09:30:00.000,562.56,563.14,562.36,562.9427,1003684,9473,562.78
2024-08-22T09:35:00.000,562.97,563.03,562.5923,562.67,484051,5736,562.78
2024-08-22T09:40:00.000,562.68,563.0,562.5824,562.725,380650,4660,562.78
2024-08-22T09:45:00.000,562.73,563.18,562.03,562.14,890293,9057,562.66
2024-08-22T09:50:00.000,562.13,562.55,561.63,562.53,739126,7698,562.54
2024-08-22T09:55:00.000,562.53,562.91,562.17,562.3599,644366,6144,562.55
2024-08-22T10:00:00.000,562.38,562.475,562.0,562.17,521714,5470,562.51
2024-08-22T10:05:00.000,562.15,562.29,560.91,561.0,709483,8840,562.38
2024-08-22T10:10:00.000,561.04,561.15,560.5301,561.025,563071,8960,562.24
2024-08-22T10:15:00.000,561.02,561.14,560.6114,560.8,450456,11855,562.16
2024-08-22T10:20:00.000,560.81,561.14,560.59,561.14,310297,10657,562.1
2024-08-22T10:25:00.000,561.14,561.43,560.83,561.11,460265,12274,562.04
2024-08-22T10:30:00.000,561.1,561.105,560.26,560.78,520291,10330,561.94
2024-08-22T10:35:00.000,560.77,561.14,560.74,561.01,264754,3554,561.9
2024-08-22T10:40:00.000,561.01,561.12,560.68,560.72,211829,3018,561.88
2024-08-22T10:45:00.000,560.73,560.98,560.16,560.305,221135,3143,561.84
2024-08-22T10:50:00.000,560.2937,560.84,560.25,560.7215,221428,3205,561.81
2024-08-22T10:55:00.000,560.73,560.92,560.43,560.53,264118,3176,561.78
2024-08-22T11:00:00.000,560.53,561.23,560.5,560.98,252307,3210,561.75
2024-08-22T11:05:00.000,560.96,561.2499,560.3,560.4501,221116,3003,561.73
2024-08-22T11:10:00.000,560.45,560.6,560.1,560.34,262521,3320,561.69
2024-08-22T11:15:00.000,560.35,560.46,559.49,559.52,214313,3500,561.66
2024-08-22T11:20:00.000,559.53,559.57,559.04,559.325,433144,5135,561.55
2024-08-22T11:25:00.000,559.315,559.53,559.11,559.1684,286434,3808,561.49
2024-08-22T11:30:00.000,559.16,559.3,558.84,559.02,324949,4328,561.42
2024-08-22T11:35:00.000,559.03,559.33,558.51,558.53,412679,4686,561.32
2024-08-22T11:40:00.000,558.53,558.81,557.355,557.45,882718,7237,561.14
2024-08-22T11:45:00.000,557.45,558.06,557.15,557.2299,716165,7509,560.93
2024-08-22T11:50:00.000,557.26,557.7178,557.06,557.45,1143744,4702,560.84
2024-08-22T11:55:00.000,557.46,558.225,557.33,557.7401,348711,4571,560.76
2024-08-22T12:00:00.000,557.73,558.43,557.72,558.33,274588,4036,560.7
2024-08-22T12:05:00.000,558.345,558.61,558.21,558.58,619272,4242,560.63
2024-08-22T12:10:00.000,558.57,558.665,558.26,558.41,376910,3461,560.56
2024-08-22T12:15:00.000,558.44,558.69,558.265,558.69,170942,2527,560.54
2024-08-22T12:20:00.000,558.69,559.37,558.69,559.32,382088,4472,560.5
2024-08-22T12:25:00.000,559.3,559.92,559.22,559.68,315493,3817,560.49
2024-08-22T12:30:00.000,559.68,560.05,559.61,559.84,369768,3834,560.47
2024-08-22T12:35:00.000,559.84,560.05,559.75,559.75,283006,3173,560.46
2024-08-22T12:40:00.000,559.74,560.07,559.6601,559.87,665277,2487,560.45
2024-08-22T12:45:00.000,559.86,559.89,559.08,559.2,386784,4149,560.43
2024-08-22T12:50:00.000,559.21,559.29,557.76,557.7901,598798,5740,560.36
2024-08-22T12:55:00.000,557.8,557.8399,557.261,557.58,549951,5680,560.27
2024-08-22T13:00:00.000,557.5894,557.65,556.97,557.41,617141,5540,560.17
2024-08-22T13:05:00.000,557.37,557.61,556.89,557.58,533174,5289,560.08
2024-08-22T13:10:00.000,557.57,558.42,557.37,557.45,511289,5159,560.02
2024-08-22T13:15:00.000,557.4603,558.12,557.45,557.8608,219419,2893,559.99
2024-08-22T13:20:00.000,557.88,558.07,557.62,557.89,631125,3586,559.95
2024-08-22T13:25:00.000,557.87,557.91,557.48,557.4801,318543,2307,559.93
2024-08-22T13:30:00.000,557.49,557.63,556.14,556.56,730742,8563,559.81
2024-08-22T13:35:00.000,556.55,557.2799,556.41,556.96,556111,4343,559.75
2024-08-22T13:40:00.000,556.97,557.0492,556.54,556.81,310535,3764,559.7
2024-08-22T13:45:00.000,556.8,556.85,556.01,556.03,260642,3611,559.67
2024-08-22T13:50:00.000,556.02,556.39,555.25,555.3,533310,5333,559.6
2024-08-22T13:55:00.000,555.32,555.64,555.24,555.52,357919,4949,559.53
2024-08-22T14:00:00.000,555.53,555.69,555.265,555.465,481046,5062,559.44
2024-08-22T14:05:00.000,555.489,556.13,555.34,556.12,519848,4558,559.38
2024-08-22T14:10:00.000,556.13,556.44,555.8,556.42,378761,4858,559.33
2024-08-22T14:15:00.000,556.41,557.0621,556.41,557.01,364588,4529,559.29
2024-08-22T14:20:00.000,557.02,557.11,556.58,556.71,301300,3553,559.26
2024-08-22T14:25:00.000,556.69,557.08,556.4402,557.0499,241945,3009,559.24
2024-08-22T14:30:00.000,557.04,557.065,556.66,556.8,211511,2907,559.22
2024-08-22T14:35:00.000,556.79,556.9499,556.67,556.79,314453,2518,559.2
2024-08-22T14:40:00.000,556.78,557.03,556.65,556.89,230635,2872,559.18
2024-08-22T14:45:00.000,556.88,557.3,556.735,556.77,502480,4138,559.15
2024-08-22T14:50:00.000,556.78,556.83,556.46,556.47,252165,3438,559.12
2024-08-22T14:55:00.000,556.47,556.71,555.89,556.0,326741,4553,559.09
2024-08-22T15:00:00.000,556.03,557.18,556.025,557.011,575736,6283,559.04
2024-08-22T15:05:00.000,557.0,557.06,556.63,556.71,405946,3757,559.0
2024-08-22T15:10:00.000,556.73,556.87,556.49,556.75,442412,3588,558.98
2024-08-22T15:15:00.000,556.735,557.0,556.27,556.49,498234,4259,558.95
2024-08-22T15:20:00.000,556.49,556.5,555.55,555.69,538304,4928,558.91
2024-08-22T15:25:00.000,555.67,555.97,555.6,555.78,319632,4369,558.88
2024-08-22T15:30:00.000,555.83,556.22,555.7001,555.71,919367,5047,558.84
2024-08-22T15:35:00.000,555.72,556.04,555.46,555.7799,478125,5177,558.79
2024-08-22T15:40:00.000,555.8,555.8413,555.405,555.57,655174,5517,558.74
2024-08-22T15:45:00.000,555.6,556.35,555.54,556.2215,1229595,7821,558.66
2024-08-22T15:50:00.000,556.23,556.49,555.08,555.5354,2017515,14070,558.52
2024-08-22T15:55:00.000,555.54,556.36,554.98,556.21,6631655,27268,558.12
2024-08-22T16:00:00.000,556.2,556.2,556.2,556.2,300,2,558.12
2024-08-23T09:30:00.000,559.53,559.6201,558.83,559.1933,1545656,15828,559.27
2024-08-23T09:35:00.000,559.18,559.65,559.18,559.58,532985,5823,559.33
2024-08-23T09:40:00.000,559.61,559.71,559.18,559.32,470273,5316,559.35
2024-08-23T09:45:00.000,559.32,559.79,559.32,559.64,291625,3863,559.37
2024-08-23T09:50:00.000,559.65,559.72,559.13,559.65,463688,5641,559.38
2024-08-23T09:55:00.000,559.64,559.83,559.4001,559.78,379651,4935,559.4
2024-08-23T10:00:00.000,559.77,562.19,559.77,561.7,1678876,17519,559.98
2024-08-23T10:05:00.000,561.73,562.17,560.48,562.0401,1191897,12715,560.24
2024-08-23T10:10:00.000,562.02,563.09,562.02,562.28,969879,11476,560.55
2024-08-23T10:15:00.000,562.31,562.97,560.66,561.2,1296550,19836,560.69
2024-08-23T10:20:00.000,561.24,562.81,560.89,562.77,728681,15031,560.77
2024-08-23T10:25:00.000,562.74,563.08,562.09,562.69,849023,15537,560.93
2024-08-23T10:30:00.000,562.71,562.85,561.84,561.935,1120937,16123,561.02
2024-08-23T10:35:00.000,561.94,561.96,561.175,561.44,822912,9473,561.06
2024-08-23T10:40:00.000,561.46,561.97,561.0,561.82,614090,6915,561.08
2024-08-23T10:45:00.000,561.82,561.91,558.51,559.23,1313072,12872,560.95
2024-08-23T10:50:00.000,559.21,559.73,558.35,559.71,872139,9197,560.83
2024-08-23T10:55:00.000,559.66,560.6999,559.5002,560.53,725057,7388,560.8
2024-08-23T11:00:00.000,560.5,560.64,559.82,560.4587,377857,4794,560.79
2024-08-23T11:05:00.000,560.41,560.865,560.24,560.705,330182,3822,560.78
2024-08-23T11:10:00.000,560.68,561.41,559.52,561.38,625682,6896,560.77
2024-08-23T11:15:00.000,561.37,562.4,561.2501,562.09,506456,5756,560.8
2024-08-23T11:20:00.000,562.11,562.17,561.5,561.855,303148,4101,560.81
2024-08-23T11:25:00.000,561.82,562.24,561.2105,561.645,444756,5414,560.84
2024-08-23T11:30:00.000,561.66,561.92,561.54,561.71,205495,3002,560.85
2024-08-23T11:35:00.000,561.72,562.02,561.6,561.99,277468,3643,560.86
2024-08-23T11:40:00.000,561.9887,562.5,560.91,561.18,717346,5232,560.88
2024-08-23T11:45:00.000,561.15,561.2,560.27,560.99,410851,5013,560.88
2024-08-23T11:50:00.000,560.94,561.0,560.1806,560.48,397829,4463,560.87
2024-08-23T11:55:00.000,560.475,560.87,559.95,560.0,295394,3931,560.87
2024-08-23T12:00:00.000,560.01,560.16,558.88,559.22,615822,6992,560.82
2024-08-23T12:05:00.000,559.25,559.44,558.47,559.355,803942,5701,560.78
2024-08-23T12:10:00.000,559.37,559.4471,558.48,558.68,317318,3212,560.77
2024-08-23T12:15:00.000,558.7,559.27,558.3,559.185,525104,5756,560.72
2024-08-23T12:20:00.000,559.19,559.27,558.68,558.68,244418,3056,560.7
2024-08-23T12:25:00.000,558.7,558.74,558.01,558.56,401444,4658,560.66
2024-08-23T12:30:00.000,558.59,559.15,558.49,559.03,300072,3544,560.64
2024-08-23T12:35:00.000,559.03,559.5,558.93,559.04,329186,4100,560.62
2024-08-23T12:40:00.000,559.03,559.09,557.52,557.85,407579,5152,560.58
2024-08-23T12:45:00.000,557.85,558.0491,557.29,557.98,523187,4738,560.53
2024-08-23T12:50:00.000,557.96,559.0311,557.96,558.865,296600,3546,560.51
2024-08-23T12:55:00.000,558.8686,559.71,558.85,559.2923,359064,4292,560.49
2024-08-23T13:00:00.000,559.25,559.52,558.96,559.3,307961,3604,560.47
2024-08-23T13:05:00.000,559.28,559.59,559.23,559.33,117117,1977,560.47
2024-08-23T13:10:00.000,559.33,559.5,559.1,559.4554,125804,2183,560.46
2024-08-23T13:15:00.000,559.4611,559.8601,559.38,559.6,226016,2756,560.46
2024-08-23T13:20:00.000,559.58,560.04,559.54,559.94,210817,2717,560.45
2024-08-23T13:25:00.000,559.94,560.43,559.89,560.27,220938,3093,560.45
2024-08-23T13:30:00.000,560.27,560.54,560.22,560.34,328750,4089,560.45
2024-08-23T13:35:00.000,560.32,560.59,560.17,560.52,147061,2475,560.45
2024-08-23T13:40:00.000,560.52,561.0,560.37,560.9205,251672,2989,560.45
2024-08-23T13:45:00.000,560.93,560.98,560.31,560.4761,322601,3116,560.45
2024-08-23T13:50:00.000,560.48,560.67,560.17,560.56,287786,3271,560.45
2024-08-23T13:55:00.000,560.55,560.58,560.16,560.39,253129,2805,560.45
2024-08-23T14:00:00.000,560.39,560.74,560.2,560.732,284167,2974,560.45
2024-08-23T14:05:00.000,560.728,560.8,560.48,560.628,303155,2957,560.45
2024-08-23T14:10:00.000,560.64,560.98,560.4901,560.9,408531,4020,560.46
2024-08-23T14:15:00.000,560.882,561.02,560.725,560.8501,184592,2335,560.46
2024-08-23T14:20:00.000,560.89,560.91,560.255,560.88,237744,2921,560.46
2024-08-23T14:25:00.000,560.91,560.977,560.69,560.86,160317,2327,560.46
2024-08-23T14:30:00.000,560.86,560.87,560.6,560.64,215272,2494,560.46
2024-08-23T14:35:00.000,560.63,560.91,560.4899,560.78,347402,2688,560.47
2024-08-23T14:40:00.000,560.79,561.12,560.72,560.96,319352,3576,560.47
2024-08-23T14:45:00.000,560.97,561.19,560.94,561.03,220070,2572,560.47
2024-08-23T14:50:00.000,561.03,561.17,560.89,561.02,225663,2365,560.48
2024-08-23T14:55:00.000,561.01,561.1,560.37,560.76,388274,3805,560.48
2024-08-23T15:00:00.000,560.76,560.77,560.1623,560.49,293480,3303,560.48
2024-08-23T15:05:00.000,560.46,560.8888,560.43,560.8888,201163,2573,560.48
2024-08-23T15:10:00.000,560.885,561.79,560.88,561.6,501522,5588,560.5
2024-08-23T15:15:00.000,561.54,561.7275,561.31,561.65,370746,3687,560.51
2024-08-23T15:20:00.000,561.66,562.0,561.54,561.915,419565,4177,560.52
2024-08-23T15:25:00.000,561.91,562.27,561.83,562.17,538051,5028,560.55
2024-08-23T15:30:00.000,562.17,562.28,561.71,561.9,754829,5339,560.57
2024-08-23T15:35:00.000,561.89,561.92,561.34,561.52,790467,4961,560.59
2024-08-23T15:40:00.000,561.51,561.8191,561.23,561.245,1004814,4881,560.6
2024-08-23T15:45:00.000,561.26,561.8,560.71,561.695,1547671,9911,560.63
2024-08-23T15:50:00.000,561.7,562.5,561.33,562.48,1450895,14362,560.67
2024-08-23T15:55:00.000,562.47,562.68,561.94,562.09,3016250,23143,560.8
2024-08-23T16:00:00.000,562.09,562.09,562.09,562.09,368,1,560.8
2024-08-24T09:30:00.000,0.0,0.0,0.0,0.0,0,0,0.0
2024-08-24T09:35:00.000,0.0,0.0,0.0,0.0,0,0,0.0
2024-08-24T09:40:00.000,0.0,0.0,0.0,0.0,0,0,0.0
2024-08-24T09:45:00.000,0.0,0.0,0.0,0.0,0,0,0.0
2024-08-24T09:50:00.000,0.0,0.0,0.0,0.0,0,0,0.0
2024-08-24T09:55:00.000,0.0,0.0,0.0,0.0,0,0,0.0
2024-08-24T10:00:00.000,0.0,0.0,0.0,0.0,0,0,0.0
2024-08-24T10:05:00.000,0.0,0.0,0.0,0.0,0,0,0.0
2024-08-24T10:10:00.000,0.0,0.0,0.0,0.0,0,0,0.0
2024-08-24T10:15:00.000,0.0,0.0,0.0,0.0,0,0,0.0
2024-08-24T10:20:00.000,0.0,0.0,0.0,0.0,0,0,0.0
2024-08-24T10:25:00.000,0.0,0.0,0.0,0.0,0,0,0.0
2024-08-24T10:30:00.000,0.0,0.0,0.0,0.0,0,0,0.0
2024-08-24T10:35:00.000,0.0,0.0,0.0,0.0,0,0,0.0
2024-08-24T10:40:00.000,0.0,0.0,0.0,0.0,0,0,0.0
2024-08-24T10:45:00.000,0.0,0.0,0.0,0.0,0,0,0.0
2024-08-24T10:50:00.000,0.0,0.0,0.0,0.0,0,0,0.0
2024-08-24T10:55:00.000,0.0,0.0,0.0,0.0,0,0,0.0
2024-08-24T11:00:00.000,0.0,0.0,0.0,0.0,0,0,0.0
2024-08-24T11:05:00.000,0.0,0.0,0.0,0.0,0,0,0.0
2024-08-24T11:10:00.000,0.0,0.0,0.0,0.0,0,0,0.0
2024-08-24T11:15:00.000,0.0,0.0,0.0,0.0,0,0,0.0
2024-08-24T11:20:00.000,0.0,0.0,0.0,0.0,0,0,0.0
2024-08-24T11:25:00.000,0.0,0.0,0.0,0.0,0,0,0.0
2024-08-24T11:30:00.000,0.0,0.0,0.0,0.0,0,0,0.0
2024-08-24T11:35:00.000,0.0,0.0,0.0,0.0,0,0,0.0
2024-08-24T11:40:00.000,0.0,0.0,0.0,0.0,0,0,0.0
2024-08-24T11:45:00.000,0.0,0.0,0.0,0.0,0,0,0.0
2024-08-24T11:50:00.000,0.0,0.0,0.0,0.0,0,0,0.0
2024-08-24T11:55:00.000,0.0,0.0,0.0,0.0,0,0,0.0
2024-08-24T12:00:00.000,0.0,0.0,0.0,0.0,0,0,0.0
2024-08-24T12:05:00.000,0.0,0.0,0.0,0.0,0,0,0.0
2024-08-24T12:10:00.000,0.0,0.0,0.0,0.0,0,0,0.0
2024-08-24T12:15:00.000,0.0,0.0,0.0,0.0,0,0,0.0
2024-08-24T12:20:00.000,0.0,0.0,0.0,0.0,0,0,0.0
2024-08-24T12:25:00.000,0.0,0.0,0.0,0.0,0,0,0.0
2024-08-24T12:30:00.000,0.0,0.0,0.0,0.0,0,0,0.0
2024-08-24T12:35:00.000,0.0,0.0,0.0,0.0,0,0,0.0
2024-08-24T12:40:00.000,0.0,0.0,0.0,0.0,0,0,0.0
2024-08-24T12:45:00.000,0.0,0.0,0.0,0.0,0,0,0.0
2024-08-24T12:50:00.000,0.0,0.0,0.0,0.0,0,0,0.0
2024-08-24T12:55:00.000,0.0,0.0,0.0,0.0,0,0,0.0
2024-08-24T13:00:00.000,0.0,0.0,0.0,0.0,0,0,0.0
2024-08-24T13:05:00.000,0.0,0.0,0.0,0.0,0,0,0.0
2024-08-24T13:10:00.000,0.0,0.0,0.0,0.0,0,0,0.0
2024-08-24T13:15:00.000,0.0,0.0,0.0,0.0,0,0,0.0
2024-08-24T13:20:00.000,0.0,0.0,0.0,0.0,0,0,0.0
2024-08-24T13:25:00.000,0.0,0.0,0.0,0.0,0,0,0.0
2024-08-24T13:30:00.000,0.0,0.0,0.0,0.0,0,0,0.0
2024-08-24T13:35:00.000,0.0,0.0,0.0,0.0,0,0,0.0
2024-08-24T13:40:00.000,0.0,0.0,0.0,0.0,0,0,0.0
2024-08-24T13:45:00.000,0.0,0.0,0.0,0.0,0,0,0.0
2024-08-24T13:50:00.000,0.0,0.0,0.0,0.0,0,0,0.0
2024-08-24T13:55:00.000,0.0,0.0,0.0,0.0,0,0,0.0
2024-08-24T14:00:00.000,0.0,0.0,0.0,0.0,0,0,0.0
2024-08-24T14:05:00.000,0.0,0.0,0.0,0.0,0,0,0.0
2024-08-24T14:10:00.000,0.0,0.0,0.0,0.0,0,0,0.0
2024-08-24T14:15:00.000,0.0,0.0,0.0,0.0,0,0,0.0
2024-08-24T14:20:00.000,0.0,0.0,0.0,0.0,0,0,0.0
2024-08-24T14:25:00.000,0.0,0.0,0.0,0.0,0,0,0.0
2024-08-24T14:30:00.000,0.0,0.0,0.0,0.0,0,0,0.0
2024-08-24T14:35:00.000,0.0,0.0,0.0,0.0,0,0,0.0
2024-08-24T14:40:00.000,0.0,0.0,0.0,0.0,0,0,0.0
2024-08-24T14:45:00.000,0.0,0.0,0.0,0.0,0,0,0.0
2024-08-24T14:50:00.000,0.0,0.0,0.0,0.0,0,0,0.0
2024-08-24T14:55:00.000,0.0,0.0,0.0,0.0,0,0,0.0
2024-08-24T15:00:00.000,0.0,0.0,0.0,0.0,0,0,0.0
2024-08-24T15:05:00.000,0.0,0.0,0.0,0.0,0,0,0.0
2024-08-24T15:10:00.000,0.0,0.0,0.0,0.0,0,0,0.0
2024-08-24T15:15:00.000,0.0,0.0,0.0,0.0,0,0,0.0
2024-08-24T15:20:00.000,0.0,0.0,0.0,0.0,0,0,0.0
2024-08-24T15:25:00.000,0.0,0.0,0.0,0.0,0,0,0.0
2024-08-24T15:30:00.000,0.0,0.0,0.0,0.0,0,0,0.0
2024-08-24T15:35:00.000,0.0,0.0,0.0,0.0,0,0,0.0
2024-08-24T15:40:00.000,0.0,0.0,0.0,0.0,0,0,0.0
2024-08-24T15:45:00.000,0.0,0.0,0.0,0.0,0,0,0.0
2024-08-24T15:50:00.000,0.0,0.0,0.0,0.0,0,0,0.0
2024-08-24T15:55:00.000,0.0,0.0,0.0,0.0,0,0,0.0
2024-08-24T16:00:00.000,0.0,0.0,0.0,0.0,0,0,0.0
2024-08-25T09:30:00.000,0.0,0.0,0.0,0.0,0,0,0.0
2024-08-25T09:35:00.000,0.0,0.0,0.0,0.0,0,0,0.0
2024-08-25T09:40:00.000,0.0,0.0,0.0,0.0,0,0,0.0
2024-08-25T09:45:00.000,0.0,0.0,0.0,0.0,0,0,0.0
2024-08-25T09:50:00.000,0.0,0.0,0.0,0.0,0,0,0.0
2024-08-25T09:55:00.000,0.0,0.0,0.0,0.0,0,0,0.0
2024-08-25T10:00:00.000,0.0,0.0,0.0,0.0,0,0,0.0
2024-08-25T10:05:00.000,0.0,0.0,0.0,0.0,0,0,0.0
2024-08-25T10:10:00.000,0.0,0.0,0.0,0.0,0,0,0.0
2024-08-25T10:15:00.000,0.0,0.0,0.0,0.0,0,0,0.0
2024-08-25T10:20:00.000,0.0,0.0,0.0,0.0,0,0,0.0
2024-08-25T10:25:00.000,0.0,0.0,0.0,0.0,0,0,0.0
2024-08-25T10:30:00.000,0.0,0.0,0.0,0.0,0,0,0.0
2024-08-25T10:35:00.000,0.0,0.0,0.0,0.0,0,0,0.0
2024-08-25T10:40:00.000,0.0,0.0,0.0,0.0,0,0,0.0
2024-08-25T10:45:00.000,0.0,0.0,0.0,0.0,0,0,0.0
2024-08-25T10:50:00.000,0.0,0.0,0.0,0.0,0,0,0.0
2024-08-25T10:55:00.000,0.0,0.0,0.0,0.0,0,0,0.0
2024-08-25T11:00:00.000,0.0,0.0,0.0,0.0,0,0,0.0
2024-08-25T11:05:00.000,0.0,0.0,0.0,0.0,0,0,0.0
2024-08-25T11:10:00.000,0.0,0.0,0.0,0.0,0,0,0.0
2024-08-25T11:15:00.000,0.0,0.0,0.0,0.0,0,0,0.0
2024-08-25T11:20:00.000,0.0,0.0,0.0,0.0,0,0,0.0
2024-08-25T11:25:00.000,0.0,0.0,0.0,0.0,0,0,0.0
2024-08-25T11:30:00.000,0.0,0.0,0.0,0.0,0,0,0.0
2024-08-25T11:35:00.000,0.0,0.0,0.0,0.0,0,0,0.0
2024-08-25T11:40:00.000,0.0,0.0,0.0,0.0,0,0,0.0
2024-08-25T11:45:00.000,0.0,0.0,0.0,0.0,0,0,0.0
2024-08-25T11:50:00.000,0.0,0.0,0.0,0.0,0,0,0.0
2024-08-25T11:55:00.000,0.0,0.0,0.0,0.0,0,0,0.0
2024-08-25T12:00:00.000,0.0,0.0,0.0,0.0,0,0,0.0
2024-08-25T12:05:00.000,0.0,0.0,0.0,0.0,0,0,0.0
2024-08-25T12:10:00.000,0.0,0.0,0.0,0.0,0,0,0.0
2024-08-25T12:15:00.000,0.0,0.0,0.0,0.0,0,0,0.0
2024-08-25T12:20:00.000,0.0,0.0,0.0,0.0,0,0,0.0
2024-08-25T12:25:00.000,0.0,0.0,0.0,0.0,0,0,0.0
2024-08-25T12:30:00.000,0.0,0.0,0.0,0.0,0,0,0.0
2024-08-25T12:35:00.000,0.0,0.0,0.0,0.0,0,0,0.0
2024-08-25T12:40:00.000,0.0,0.0,0.0,0.0,0,0,0.0
2024-08-25T12:45:00.000,0.0,0.0,0.0,0.0,0,0,0.0
2024-08-25T12:50:00.000,0.0,0.0,0.0,0.0,0,0,0.0
2024-08-25T12:55:00.000,0.0,0.0,0.0,0.0,0,0,0.0
2024-08-25T13:00:00.000,0.0,0.0,0.0,0.0,0,0,0.0
2024-08-25T13:05:00.000,0.0,0.0,0.0,0.0,0,0,0.0
2024-08-25T13:10:00.000,0.0,0.0,0.0,0.0,0,0,0.0
2024-08-25T13:15:00.000,0.0,0.0,0.0,0.0,0,0,0.0
2024-08-25T13:20:00.000,0.0,0.0,0.0,0.0,0,0,0.0
2024-08-25T13:25:00.000,0.0,0.0,0.0,0.0,0,0,0.0
2024-08-25T13:30:00.000,0.0,0.0,0.0,0.0,0,0,0.0
2024-08-25T13:35:00.000,0.0,0.0,0.0,0.0,0,0,0.0
2024-08-25T13:40:00.000,0.0,0.0,0.0,0.0,0,0,0.0
2024-08-25T13:45:00.000,0.0,0.0,0.0,0.0,0,0,0.0
2024-08-25T13:50:00.000,0.0,0.0,0.0,0.0,0,0,0.0
2024-08-25T13:55:00.000,0.0,0.0,0.0,0.0,0,0,0.0
2024-08-25T14:00:00.000,0.0,0.0,0.0,0.0,0,0,0.0
2024-08-25T14:05:00.000,0.0,0.0,0.0,0.0,0,0,0.0
2024-08-25T14:10:00.000,0.0,0.0,0.0,0.0,0,0,0.0
2024-08-25T14:15:00.000,0.0,0.0,0.0,0.0,0,0,0.0
2024-08-25T14:20:00.000,0.0,0.0,0.0,0.0,0,0,0.0
2024-08-25T14:25:00.000,0.0,0.0,0.0,0.0,0,0,0.0
2024-08-25T14:30:00.000,0.0,0.0,0.0,0.0,0,0,0.0
2024-08-25T14:35:00.000,0.0,0.0,0.0,0.0,0,0,0.0
2024-08-25T14:40:00.000,0.0,0.0,0.0,0.0,0,0,0.0
2024-08-25T14:45:00.000,0.0,0.0,0.0,0.0,0,0,0.0
2024-08-25T14:50:00.000,0.0,0.0,0.0,0.0,0,0,0.0
2024-08-25T14:55:00.000,0.0,0.0,0.0,0.0,0,0,0.0
2024-08-25T15:00:00.000,0.0,0.0,0.0,0.0,0,0,0.0
2024-08-25T15:05:00.000,0.0,0.0,0.0,0.0,0,0,0.0
2024-08-25T15:10:00.000,0.0,0.0,0.0,0.0,0,0,0.0
2024-08-25T15:15:00.000,0.0,0.0,0.0,0.0,0,0,0.0
2024-08-25T15:20:00.000,0.0,0.0,0.0,0.0,0,0,0.0
2024-08-25T15:25:00.000,0.0,0.0,0.0,0.0,0,0,0.0
2024-08-25T15:30:00.000,0.0,0.0,0.0,0.0,0,0,0.0
2024-08-25T15:35:00.000,0.0,0.0,0.0,0.0,0,0,0.0
2024-08-25T15:40:00.000,0.0,0.0,0.0,0.0,0,0,0.0
2024-08-25T15:45:00.000,0.0,0.0,0.0,0.0,0,0,0.0
2024-08-25T15:50:00.000,0.0,0.0,0.0,0.0,0,0,0.0
2024-08-25T15:55:00.000,0.0,0.0,0.0,0.0,0,0,0.0
2024-08-25T16:00:00.000,0.0,0.0,0.0,0.0,0,0,0.0
2024-08-26T09:30:00.000,563.18,563.91,562.8,563.74,1839437,18438,563.3
2024-08-26T09:35:00.000,563.745,563.9,563.12,563.62,840545,9508,563.37
2024-08-26T09:40:00.000,563.61,563.6321,562.97,563.35,579483,7186,563.35
2024-08-26T09:45:00.000,563.36,563.48,562.93,563.11,526101,6276,563.32
2024-08-26T09:50:00.000,563.12,563.35,562.68,562.77,475056,5748,563.29
2024-08-26T09:55:00.000,562.79,563.14,562.7669,563.0,355278,4796,563.26
2024-08-26T10:00:00.000,563.02,563.1701,562.55,562.98,375785,5591,563.24
2024-08-26T10:05:00.000,562.9844,563.06,562.11,562.19,511422,7974,563.17
2024-08-26T10:10:00.000,562.19,562.37,561.87,562.14,780568,6829,563.08
2024-08-26T10:15:00.000,562.11,562.2,561.5,561.7196,442801,6182,563.0
2024-08-26T10:20:00.000,561.72,562.04,561.65,561.94,305675,11603,562.95
2024-08-26T10:25:00.000,561.94,562.22,561.71,561.9,448853,12014,562.92
2024-08-26T10:30:00.000,561.9,561.92,560.94,561.1,439275,13748,562.83
2024-08-26T10:35:00.000,561.09,561.27,560.16,560.32,648117,14564,562.67
2024-08-26T10:40:00.000,560.32,560.955,560.22,560.677,460375,9804,562.57
2024-08-26T10:45:00.000,560.65,561.05,560.62,560.68,315705,4287,562.51
2024-08-26T10:50:00.000,560.67,561.09,560.55,560.835,349744,4323,562.45
2024-08-26T10:55:00.000,560.84,561.245,560.7,561.11,255310,3881,562.42
2024-08-26T11:00:00.000,561.1,561.33,560.98,561.125,283655,3713,562.38
2024-08-26T11:05:00.000,561.149,561.15,560.55,560.8,281446,3856,562.34
2024-08-26T11:10:00.000,560.77,561.15,560.58,561.07,375472,3248,562.3
2024-08-26T11:15:00.000,561.04,561.05,560.4801,560.84,247550,3571,562.27
2024-08-26T11:20:00.000,560.84,561.13,560.57,560.875,192159,3082,562.25
2024-08-26T11:25:00.000,560.87,560.89,560.4701,560.64,193827,2529,562.23
2024-08-26T11:30:00.000,560.63,560.7,560.26,560.57,253212,3457,562.19
2024-08-26T11:35:00.000,560.57,560.59,560.3,560.4962,179042,2494,562.17
2024-08-26T11:40:00.000,560.47,560.98,560.39,560.5001,225491,3017,562.14
2024-08-26T11:45:00.000,560.5,560.6,559.85,560.552,315220,4397,562.09
2024-08-26T11:50:00.000,560.54,560.6499,559.9724,560.07,197159,2773,562.06
2024-08-26T11:55:00.000,560.045,560.16,559.78,559.995,203456,3118,562.03
2024-08-26T12:00:00.000,559.98,560.1389,559.72,560.1,207653,2931,561.99
2024-08-26T12:05:00.000,560.09,560.2093,559.7901,559.95,409227,2495,561.97
2024-08-26T12:10:00.000,559.98,560.32,559.855,560.03,209192,2647,561.94
2024-08-26T12:15:00.000,560.03,560.5,559.995,560.415,315377,3068,561.9
2024-08-26T12:20:00.000,560.4163,561.18,560.3901,561.0121,253144,3523,561.88
2024-08-26T12:25:00.000,561.0,561.2327,560.86,561.15,171785,2435,561.87
2024-08-26T12:30:00.000,561.18,561.5,561.12,561.2,249687,2926,561.86
2024-08-26T12:35:00.000,561.19,561.41,561.1253,561.33,160245,1952,561.86
2024-08-26T12:40:00.000,561.33,561.5,561.2,561.48,195351,2575,561.85
2024-08-26T12:45:00.000,561.48,561.65,561.37,561.51,251628,2822,561.85
2024-08-26T12:50:00.000,561.51,561.66,561.19,561.3598,174631,2438,561.84
2024-08-26T12:55:00.000,561.3595,561.55,561.3589,561.5,193459,2225,561.84
2024-08-26T13:00:00.000,561.48,561.71,561.34,561.69,208224,2683,561.83
2024-08-26T13:05:00.000,561.7,561.7,560.99,561.22,185764,2568,561.83
2024-08-26T13:10:00.000,561.2291,561.44,560.86,561.3101,194769,2945,561.82
2024-08-26T13:15:00.000,561.3307,561.38,560.85,560.935,147318,2237,561.81
2024-08-26T13:20:00.000,560.95,561.39,560.84,561.22,147699,2331,561.81
2024-08-26T13:25:00.000,561.23,561.46,560.91,560.96,159755,2329,561.8
2024-08-26T13:30:00.000,560.96,561.1,560.8201,560.975,108267,2688,561.8
2024-08-26T13:35:00.000,560.99,561.01,559.8211,559.97,384013,3819,561.77
2024-08-26T13:40:00.000,559.96,560.27,559.885,560.08,268814,3748,561.75
2024-08-26T13:45:00.000,560.08,560.11,559.2,559.42,379044,4682,561.7
2024-08-26T13:50:00.000,559.42,559.54,559.25,559.47,313487,3077,561.67
2024-08-26T13:55:00.000,559.47,559.62,559.22,559.5,183633,2891,561.65
2024-08-26T14:00:00.000,559.51,559.83,559.2901,559.38,299519,3291,561.61
2024-08-26T14:05:00.000,559.37,559.6,559.05,559.28,271255,2986,561.58
2024-08-26T14:10:00.000,559.27,559.73,559.1201,559.696,646852,3127,561.54
2024-08-26T14:15:00.000,559.69,559.77,559.45,559.72,191535,2189,561.52
2024-08-26T14:20:00.000,559.73,560.28,559.73,560.131,254386,2867,561.5
2024-08-26T14:25:00.000,560.14,560.36,559.95,560.26,161073,2382,561.49
2024-08-26T14:30:00.000,560.24,560.39,560.0227,560.2675,189824,2816,561.48
2024-08-26T14:35:00.000,560.262,560.8299,560.262,560.5773,250345,2950,561.46
2024-08-26T14:40:00.000,560.56,560.8999,560.56,560.78,370221,2670,561.46
2024-08-26T14:45:00.000,560.78,560.91,560.5305,560.59,228052,2784,561.45
2024-08-26T14:50:00.000,560.58,560.7499,560.3326,560.398,220404,2707,561.44
2024-08-26T14:55:00.000,560.39,560.9,560.39,560.84,213752,2692,561.43
2024-08-26T15:00:00.000,560.82,560.89,560.6,560.6213,242090,2948,561.42
2024-08-26T15:05:00.000,560.626,560.67,560.31,560.49,216113,2454,561.41
2024-08-26T15:10:00.000,560.4998,560.84,560.49,560.69,275189,3447,561.4
2024-08-26T15:15:00.000,560.69,560.74,560.38,560.64,248482,3059,561.39
2024-08-26T15:20:00.000,560.62,560.82,560.54,560.64,283115,3265,561.38
2024-08-26T15:25:00.000,560.66,560.76,560.415,560.45,331981,3060,561.38
2024-08-26T15:30:00.000,560.45,560.59,560.2,560.5,266715,3352,561.37
2024-08-26T15:35:00.000,560.5171,560.55,560.23,560.25,358969,3043,561.36
2024-08-26T15:40:00.000,560.25,560.62,560.1708,560.205,381243,4849,561.34
2024-08-26T15:45:00.000,560.21,560.32,560.0,560.0499,489071,5163,561.32
2024-08-26T15:50:00.000,560.07,560.64,560.07,560.35,1114900,9934,561.28
2024-08-26T15:55:00.000,560.36,560.83,559.85,560.73,4667095,21873,561.15
2024-08-26T16:00:00.000,0.0,0.0,0.0,0.0,0,0,561.15
2024-08-27T09:30:00.000,559.49,559.61,558.795,559.23,814130,8313,559.29
2024-08-27T09:35:00.000,559.2,559.38,558.54,558.62,736797,5453,559.17
2024-08-27T09:40:00.000,558.62,559.12,558.32,558.91,588480,5817,559.05
2024-08-27T09:45:00.000,558.93,559.4642,558.503,559.25,459295,5817,559.04
2024-08-27T09:50:00.000,559.23,560.22,559.17,560.05,692872,6733,559.25
2024-08-27T09:55:00.000,560.05,560.21,559.551,559.825,506506,5183,559.35
2024-08-27T10:00:00.000,559.84,560.27,559.63,559.985,758502,7084,559.46
2024-08-27T10:05:00.000,560.05,560.16,559.82,560.1099,178357,3496,559.48
2024-08-27T10:10:00.000,560.07,560.42,559.79,559.95,514158,7324,559.55
2024-08-27T10:15:00.000,559.92,560.26,559.58,560.1072,276162,11794,559.57
2024-08-27T10:20:00.000,560.12,561.0,559.945,560.8051,282909,11309,559.62
2024-08-27T10:25:00.000,560.8,561.13,560.6,561.075,360071,10558,559.69
2024-08-27T10:30:00.000,561.04,561.45,560.95,561.05,454704,9260,559.81
2024-08-27T10:35:00.000,561.06,561.37,560.875,561.26,293350,4019,559.86
2024-08-27T10:40:00.000,561.25,561.43,561.175,561.37,305677,3867,559.93
2024-08-27T10:45:00.000,561.37,561.47,561.02,561.27,406193,4573,560.01
2024-08-27T10:50:00.000,561.2699,561.56,561.0,561.29,330578,4393,560.06
2024-08-27T10:55:00.000,561.31,561.71,561.2,561.63,325591,3830,560.12
2024-08-27T11:00:00.000,561.63,562.05,561.57,561.87,380279,4801,560.2
2024-08-27T11:05:00.000,561.88,562.04,561.6301,561.88,252540,3377,560.24
2024-08-27T11:10:00.000,561.9,561.97,561.56,561.71,257247,3626,560.29
2024-08-27T11:15:00.000,561.71,561.81,559.46,561.169,461828,4539,560.35
2024-08-27T11:20:00.000,561.155,561.49,561.06,561.17,263782,3224,560.37
2024-08-27T11:25:00.000,561.16,561.16,560.75,560.79,289053,3689,560.39
2024-08-27T11:30:00.000,560.78,560.87,559.811,560.23,523640,4908,560.39
2024-08-27T11:35:00.000,560.235,560.58,560.17,560.42,266630,3297,560.39
2024-08-27T11:40:00.000,560.4,560.57,560.04,560.46,234925,3007,560.38
2024-08-27T11:45:00.000,560.455,560.68,560.25,560.4,384601,3131,560.39
2024-08-27T11:50:00.000,560.41,560.53,560.07,560.28,166629,2113,560.39
2024-08-27T11:55:00.000,560.25,560.72,560.22,560.68,321403,2286,560.39
2024-08-27T12:00:00.000,560.68,560.815,560.53,560.64,148002,2210,560.39
2024-08-27T12:05:00.000,560.65,560.7082,560.395,560.58,189198,2014,560.39
2024-08-27T12:10:00.000,560.58,561.17,560.5,561.1206,267305,2398,560.4
2024-08-27T12:15:00.000,561.14,561.19,560.87,560.98,176984,1991,560.41
2024-08-27T12:20:00.000,561.0,561.05,560.6901,560.9,127692,1566,560.42
2024-08-27T12:25:00.000,560.88,560.93,560.62,560.815,132129,1486,560.42
2024-08-27T12:30:00.000,560.78,561.1,560.54,560.97,145646,1972,560.43
2024-08-27T12:35:00.000,560.9601,561.06,560.5911,560.64,2027812,1654,560.43
2024-08-27T12:40:00.000,560.64,560.68,559.85,560.19,272561,2917,560.43
2024-08-27T12:45:00.000,560.1945,560.8,560.16,560.71,144994,2090,560.43
2024-08-27T12:50:00.000,560.735,561.12,560.735,560.96,217338,2369,560.44
2024-08-27T12:55:00.000,560.95,561.0,560.68,560.8,162843,1951,560.44
2024-08-27T13:00:00.000,560.8,560.96,560.755,560.91,114058,1622,560.45
2024-08-27T13:05:00.000,560.91,561.18,560.86,561.09,108923,1822,560.45
2024-08-27T13:10:00.000,561.08,561.28,561.06,561.23,110676,1781,560.46
2024-08-27T13:15:00.000,561.22,561.28,561.07,561.23,104080,1518,560.46
2024-08-27T13:20:00.000,561.23,561.45,561.18,561.2699,196352,2063,560.47
2024-08-27T13:25:00.000,561.25,561.87,561.25,561.79,263218,2720,560.49
2024-08-27T13:30:00.000,561.8,561.97,561.65,561.79,233367,3073,560.52
2024-08-27T13:35:00.000,561.78,561.95,561.61,561.72,185087,2418,560.53
2024-08-27T13:40:00.000,561.73,561.87,561.38,561.715,195391,2448,560.55
2024-08-27T13:45:00.000,561.73,561.79,561.57,561.77,92313,1575,560.55
2024-08-27T13:50:00.000,561.78,562.03,561.7501,561.97,178155,2190,560.57
2024-08-27T13:55:00.000,561.96,562.0,561.81,561.94,169149,2174,560.58
2024-08-27T14:00:00.000,561.915,562.06,561.7701,561.8926,141982,1856,560.6
2024-08-27T14:05:00.000,561.91,562.02,561.8,561.83,173559,1870,560.61
2024-08-27T14:10:00.000,561.86,561.96,561.6727,561.8301,168912,2407,560.62
2024-08-27T14:15:00.000,561.85,562.0,561.63,561.83,213105,2477,560.64
2024-08-27T14:20:00.000,561.83,561.86,561.56,561.59,215450,2273,560.65
2024-08-27T14:25:00.000,561.58,561.82,561.51,561.775,156183,2103,560.66
2024-08-27T14:30:00.000,561.77,561.85,561.531,561.65,131043,1962,560.67
2024-08-27T14:35:00.000,561.64,561.81,561.62,561.705,126823,1702,560.68
2024-08-27T14:40:00.000,561.7,561.86,561.635,561.84,165538,2049,560.69
2024-08-27T14:45:00.000,561.83,561.86,561.61,561.65,196766,2766,560.7
2024-08-27T14:50:00.000,561.67,561.82,561.36,561.58,275896,2090,560.71
2024-08-27T14:55:00.000,561.57,561.69,561.42,561.59,215414,2366,560.72
2024-08-27T15:00:00.000,561.61,561.7,561.1505,561.265,283133,2971,560.73
2024-08-27T15:05:00.000,561.2575,561.57,561.15,561.46,444230,3403,560.74
2024-08-27T15:10:00.000,561.47,561.67,561.41,561.46,303572,3250,560.75
2024-08-27T15:15:00.000,561.45,561.59,561.3955,561.455,268080,2224,560.76
2024-08-27T15:20:00.000,561.44,561.55,561.395,561.49,130997,1876,560.76
2024-08-27T15:25:00.000,561.49,561.705,561.41,561.52,442306,2456,560.77
2024-08-27T15:30:00.000,561.51,561.55,561.25,561.3611,385225,3987,560.78
2024-08-27T15:35:00.000,561.355,561.55,561.28,561.43,339777,3243,560.79
2024-08-27T15:40:00.000,561.42,561.62,561.33,561.45,592820,3407,560.81
2024-08-27T15:45:00.000,561.44,561.83,561.42,561.74,514939,5070,560.83
2024-08-27T15:50:00.000,561.7,561.73,561.13,561.24,1037397,8655,560.86
2024-08-27T15:55:00.000,561.26,561.85,561.2,561.5318,2797521,16413,560.94
2024-08-27T16:00:00.000,561.53,561.53,561.53,561.53,383,1,560.94
2024-08-28T09:30:00.000,561.21,561.65,561.05,561.09,521159,7224,561.35
2024-08-28T09:35:00.000,561.07,561.17,560.68,560.93,325631,4109,561.2
2024-08-28T09:40:00.000,560.93,561.4975,560.85,560.945,330718,4008,561.2
2024-08-28T09:45:00.000,560.985,561.1023,560.59,560.75,330858,4243,561.12
2024-08-28T09:50:00.000,560.7601,561.31,560.72,561.185,286642,3739,561.1
2024-08-28T09:55:00.000,561.18,561.39,561.04,561.08,240638,3662,561.11
2024-08-28T10:00:00.000,561.06,561.07,560.58,560.9,312084,4131,561.09
2024-08-28T10:05:00.000,560.89,561.22,560.41,561.0,318172,5149,561.06
2024-08-28T10:10:00.000,561.005,561.09,560.7,560.835,184611,3263,561.06
2024-08-28T10:15:00.000,560.8,561.13,560.74,561.1,198424,10731,561.05
2024-08-28T10:20:00.000,561.07,561.16,560.6,560.99,176994,9753,561.04
2024-08-28T10:25:00.000,560.98,561.29,560.9306,561.11,177700,9105,561.04
2024-08-28T10:30:00.000,561.09,561.31,560.83,560.87,241498,10141,561.05
2024-08-28T10:35:00.000,560.86,561.22,560.695,561.0,147642,2493,561.05
2024-08-28T10:40:00.000,561.01,561.043,560.06,560.2399,280989,4046,561.02
2024-08-28T10:45:00.000,560.24,560.33,559.45,559.81,431584,5565,560.91
2024-08-28T10:50:00.000,559.8,560.19,559.62,560.14,287663,3993,560.85
2024-08-28T10:55:00.000,560.12,560.19,559.64,559.64,185988,3657,560.82
2024-08-28T11:00:00.000,559.62,559.62,558.8601,559.31,458278,6137,560.68
2024-08-28T11:05:00.000,559.31,559.67,559.19,559.51,532105,4932,560.59
2024-08-28T11:10:00.000,559.49,559.49,558.14,558.3,627946,6599,560.43
2024-08-28T11:15:00.000,558.289,558.47,557.7,557.8399,613912,6794,560.25
2024-08-28T11:20:00.000,557.74,558.14,557.7111,557.83,256991,4272,560.17
2024-08-28T11:25:00.000,557.825,558.36,557.78,558.31,342146,4806,560.07
2024-08-28T11:30:00.000,558.32,558.32,557.72,557.97,374338,3944,559.96
2024-08-28T11:35:00.000,557.95,558.41,557.95,558.2701,895506,5375,559.8
2024-08-28T11:40:00.000,558.27,558.27,557.78,557.98,344739,3867,559.74
2024-08-28T11:45:00.000,558.0,558.21,557.82,557.985,207086,2820,559.7
2024-08-28T11:50:00.000,557.96,558.405,557.86,558.34,486782,3512,559.65
2024-08-28T11:55:00.000,558.34,558.585,558.04,558.45,424896,4448,559.59
2024-08-28T12:00:00.000,558.445,558.659,558.27,558.43,216677,2863,559.57
2024-08-28T12:05:00.000,558.411,558.44,557.93,558.19,217020,2952,559.53
2024-08-28T12:10:00.000,558.15,558.275,557.87,558.21,192822,2448,559.51
2024-08-28T12:15:00.000,558.17,558.2,557.375,557.94,291768,3810,559.46
2024-08-28T12:20:00.000,557.92,557.98,556.8925,557.17,303068,4157,559.4
2024-08-28T12:25:00.000,557.17,557.59,557.12,557.5,214707,2613,559.36
2024-08-28T12:30:00.000,557.505,558.11,557.31,557.83,204413,2988,559.33
2024-08-28T12:35:00.000,557.82,558.09,557.73,557.96,171318,2242,559.31
2024-08-28T12:40:00.000,557.93,558.21,557.86,558.15,153768,2329,559.3
2024-08-28T12:45:00.000,558.14,558.15,557.95,558.01,195337,2012,559.28
2024-08-28T12:50:00.000,558.03,558.53,557.95,558.45,191530,2608,559.27
2024-08-28T12:55:00.000,558.44,558.67,558.44,558.565,281671,2310,559.25
2024-08-28T13:00:00.000,558.555,558.87,558.4222,558.6,197084,2461,559.24
2024-08-28T13:05:00.000,558.61,558.75,558.4601,558.66,107056,1835,559.24
2024-08-28T13:10:00.000,558.66,558.67,557.655,557.76,189007,2627,559.22
2024-08-28T13:15:00.000,557.76,558.01,557.7,557.81,159389,2418,559.21
2024-08-28T13:20:00.000,557.78,557.98,557.68,557.76,154070,2175,559.19
2024-08-28T13:25:00.000,557.72,558.002,557.64,557.95,189149,2276,559.17
2024-08-28T13:30:00.000,557.965,558.3,557.87,558.23,188076,3083,559.16
2024-08-28T13:35:00.000,558.24,558.2999,557.84,557.84,164518,2141,559.14
2024-08-28T13:40:00.000,557.805,557.94,557.42,557.53,260447,2928,559.12
2024-08-28T13:45:00.000,557.545,557.68,556.99,557.12,220318,3121,559.09
2024-08-28T13:50:00.000,557.14,557.29,556.4,556.51,288283,3978,559.05
2024-08-28T13:55:00.000,556.5,556.53,555.21,555.335,808285,7584,558.89
2024-08-28T14:00:00.000,555.35,555.51,555.04,555.28,625723,7019,558.75
2024-08-28T14:05:00.000,555.27,556.2,555.25,556.11,740711,6854,558.63
2024-08-28T14:10:00.000,556.09,556.22,555.81,555.89,308169,3954,558.58
2024-08-28T14:15:00.000,555.92,556.03,555.725,555.8499,208469,3165,558.55
2024-08-28T14:20:00.000,555.82,556.1501,555.8199,555.87,259287,3513,558.51
2024-08-28T14:25:00.000,555.89,555.99,555.53,555.735,291035,3623,558.47
2024-08-28T14:30:00.000,555.73,555.91,555.55,555.77,182253,2704,558.45
2024-08-28T14:35:00.000,555.77,555.96,555.64,555.93,203314,3077,558.42
2024-08-28T14:40:00.000,555.8901,556.14,555.66,555.77,243927,3572,558.38
2024-08-28T14:45:00.000,555.78,555.84,555.5,555.7,258379,2954,558.35
2024-08-28T14:50:00.000,555.68,557.21,555.6408,557.08,369420,4491,558.31
2024-08-28T14:55:00.000,557.06,558.16,556.99,558.06,670647,5416,558.29
2024-08-28T15:00:00.000,558.04,558.78,558.01,558.54,764643,6435,558.3
2024-08-28T15:05:00.000,558.4901,558.53,557.39,557.62,931691,6563,558.28
2024-08-28T15:10:00.000,557.65,557.85,557.15,557.47,362729,4017,558.27
2024-08-28T15:15:00.000,557.49,557.93,557.49,557.91,310479,3624,558.26
2024-08-28T15:20:00.000,557.92,558.19,557.69,558.0,321615,3617,558.25
2024-08-28T15:25:00.000,558.0,558.63,558.0,558.55,341032,4006,558.26
2024-08-28T15:30:00.000,558.55,558.82,558.33,558.42,770189,5559,558.26
2024-08-28T15:35:00.000,558.41,558.51,558.08,558.21,460176,4778,558.26
2024-08-28T15:40:00.000,558.21,558.61,558.115,558.54,514764,4510,558.26
2024-08-28T15:45:00.000,558.52,558.99,558.25,558.54,1008638,8620,558.28
2024-08-28T15:50:00.000,558.55,559.36,558.38,558.985,1295798,11485,558.31
2024-08-28T15:55:00.000,558.99,559.0,558.04,558.33,4304598,22420,558.34
2024-08-28T16:00:00.000,558.34,558.34,558.33,558.33,274,4,558.34
2024-08-29T09:30:00.000,560.31,560.88,559.73,560.8,1657955,15767,560.19
2024-08-29T09:35:00.000,560.79,561.04,560.01,560.17,791288,8304,560.34
2024-08-29T09:40:00.000,560.17,560.58,559.63,559.71,507882,5984,560.29
2024-08-29T09:45:00.000,559.71,560.695,559.6,560.57,579197,6657,560.25
2024-08-29T09:50:00.000,560.56,560.61,559.37,560.16,505314,5560,560.19
2024-08-29T09:55:00.000,560.138,561.28,559.925,561.1,675820,7336,560.28
2024-08-29T10:00:00.000,561.1,561.9,560.93,561.29,613337,7879,560.41
2024-08-29T10:05:00.000,561.29,561.52,560.68,560.73,452842,5549,560.47
2024-08-29T10:10:00.000,560.76,561.41,560.7,561.165,334268,5781,560.5
2024-08-29T10:15:00.000,561.18,561.52,560.1,560.68,457787,12314,560.52
2024-08-29T10:20:00.000,560.71,561.395,560.43,561.27,349797,10867,560.54
2024-08-29T10:25:00.000,561.26,561.95,561.13,561.71,399141,11948,560.59
2024-08-29T10:30:00.000,561.735,562.31,561.68,561.7801,372870,10052,560.65
2024-08-29T10:35:00.000,561.81,562.26,561.65,562.14,404710,5235,560.72
2024-08-29T10:40:00.000,562.15,562.47,561.63,562.21,510097,5416,560.79
2024-08-29T10:45:00.000,562.19,562.67,561.9725,562.6501,383434,4519,560.86
2024-08-29T10:50:00.000,562.65,562.8,562.51,562.64,390416,4611,560.93
2024-08-29T10:55:00.000,562.63,562.68,561.79,562.12,330921,4181,560.97
2024-08-29T11:00:00.000,562.09,562.51,562.07,562.2,212703,2629,561.0
2024-08-29T11:05:00.000,562.22,562.51,562.06,562.35,171190,2482,561.02
2024-08-29T11:10:00.000,562.34,562.91,562.28,562.8701,211188,2939,561.05
2024-08-29T11:15:00.000,562.84,563.19,562.0742,562.16,363695,4662,561.1
2024-08-29T11:20:00.000,562.15,562.2399,561.47,562.0,414639,4798,561.13
2024-08-29T11:25:00.000,561.99,562.22,561.865,562.12,164987,2481,561.14
2024-08-29T11:30:00.000,562.13,562.54,562.05,562.17,213709,3154,561.16
2024-08-29T11:35:00.000,562.21,562.5,561.92,562.39,184553,2797,561.18
2024-08-29T11:40:00.000,562.39,562.43,561.93,562.02,175886,2343,561.19
2024-08-29T11:45:00.000,562.03,562.39,561.96,562.36,131089,2017,561.2
2024-08-29T11:50:00.000,562.37,562.42,562.06,562.28,160553,2193,561.21
2024-08-29T11:55:00.000,562.27,562.52,562.12,562.48,391287,2700,561.24
2024-08-29T12:00:00.000,562.48,563.08,562.42,562.8798,300654,4013,561.27
2024-08-29T12:05:00.000,562.89,563.39,562.89,563.1,264104,3437,561.31
2024-08-29T12:10:00.000,563.1,563.48,562.99,563.39,216021,2902,561.34
2024-08-29T12:15:00.000,563.39,563.54,562.73,562.93,307491,3820,561.38
2024-08-29T12:20:00.000,562.96,563.44,562.875,563.4,195638,2379,561.41
2024-08-29T12:25:00.000,563.41,563.419,563.03,563.28,232041,2518,561.44
2024-08-29T12:30:00.000,563.27,563.47,563.24,563.44,117846,1721,561.46
2024-08-29T12:35:00.000,563.44,563.51,563.21,563.38,214371,2544,561.48
2024-08-29T12:40:00.000,563.37,563.6,563.32,563.4801,142030,2293,561.5
2024-08-29T12:45:00.000,563.49,563.68,563.17,563.2,242807,2688,561.53
2024-08-29T12:50:00.000,563.19,563.32,562.67,562.865,309419,4058,561.56
2024-08-29T12:55:00.000,562.87,563.2057,562.81,563.11,216610,2605,561.58
2024-08-29T13:00:00.000,563.12,563.12,562.66,562.96,136246,2025,561.59
2024-08-29T13:05:00.000,562.97,563.03,562.5627,562.58,155189,2201,561.6
2024-08-29T13:10:00.000,562.58,562.7001,562.15,562.5,235937,3192,561.62
2024-08-29T13:15:00.000,562.5,562.52,562.3,562.45,134393,1914,561.62
2024-08-29T13:20:00.000,562.47,562.64,562.42,562.47,180666,2442,561.63
2024-08-29T13:25:00.000,562.48,562.71,562.3124,562.47,367240,2122,561.64
2024-08-29T13:30:00.000,562.46,562.65,562.37,562.52,271965,2569,561.65
2024-08-29T13:35:00.000,562.51,562.6899,562.28,562.35,119303,1793,561.65
2024-08-29T13:40:00.000,562.33,562.75,562.11,562.58,263989,2977,561.67
2024-08-29T13:45:00.000,562.58,562.61,561.96,562.1865,248683,2902,561.68
2024-08-29T13:50:00.000,562.2,562.69,562.09,562.66,177807,2345,561.68
2024-08-29T13:55:00.000,562.64,562.89,562.5684,562.85,171197,2283,561.69
2024-08-29T14:00:00.000,562.8,562.84,561.8,562.36,274844,3390,561.7
2024-08-29T14:05:00.000,562.38,562.39,562.06,562.14,130161,1968,561.71
2024-08-29T14:10:00.000,562.13,562.21,561.83,562.05,287072,3356,561.71
2024-08-29T14:15:00.000,562.0,562.05,561.7,561.81,187028,2565,561.71
2024-08-29T14:20:00.000,561.8,562.0,561.68,561.97,195560,2511,561.71
2024-08-29T14:25:00.000,561.95,562.03,560.35,560.58,705633,6166,561.69
2024-08-29T14:30:00.000,560.56,560.56,559.75,559.93,962800,7648,561.62
2024-08-29T14:35:00.000,559.92,559.96,558.31,558.5668,816519,8615,561.52
2024-08-29T14:40:00.000,558.55,559.0788,557.61,558.13,954238,8353,561.4
2024-08-29T14:45:00.000,558.13,558.51,557.18,558.42,810081,8001,561.27
2024-08-29T14:50:00.000,558.41,558.73,557.28,558.62,581149,5740,561.19
2024-08-29T14:55:00.000,558.61,559.0,558.0737,558.493,433268,4786,561.14
2024-08-29T15:00:00.000,558.48,558.64,557.75,557.9959,355977,4138,561.1
2024-08-29T15:05:00.000,558.03,558.63,557.84,558.18,421725,4635,561.05
2024-08-29T15:10:00.000,558.19,558.43,557.53,558.02,315403,4393,561.01
2024-08-29T15:15:00.000,558.08,559.13,557.86,558.515,471855,5376,560.96
2024-08-29T15:20:00.000,558.51,558.77,558.16,558.72,271663,3642,560.94
2024-08-29T15:25:00.000,558.71,559.67,558.66,559.125,438987,5236,560.91
2024-08-29T15:30:00.000,559.11,559.4,558.82,558.99,448614,4787,560.88
2024-08-29T15:35:00.000,558.96,559.95,558.85,559.36,595168,6571,560.85
2024-08-29T15:40:00.000,559.37,559.54,558.46,558.5,671140,7036,560.8
2024-08-29T15:45:00.000,558.5,558.9999,558.1099,558.1838,753259,9118,560.74
2024-08-29T15:50:00.000,558.21,558.81,557.69,557.7,826046,9723,560.67
2024-08-29T15:55:00.000,557.72,558.51,557.7,558.315,2832503,17306,560.45
2024-08-29T16:00:00.000,558.32,558.32,558.32,558.32,559,2,560.45
2024-08-30T09:30:00.000,560.77,561.42,560.45,561.2375,1421765,12795,560.82
2024-08-30T09:35:00.000,561.23,561.67,560.94,561.47,479602,5301,560.93
2024-08-30T09:40:00.000,561.46,561.9295,561.41,561.6,544928,5495,561.09
2024-08-30T09:45:00.000,561.62,561.82,560.9,560.9351,551507,5912,561.12
2024-08-30T09:50:00.000,560.95,561.85,560.41,561.52,468777,5573,561.11
2024-08-30T09:55:00.000,561.51,561.84,561.14,561.7219,260637,3574,561.13
2024-08-30T10:00:00.000,561.73,562.25,561.7181,561.9601,534285,6810,561.24
2024-08-30T10:05:00.000,561.97,562.04,561.45,561.64,360707,5214,561.28
2024-08-30T10:10:00.000,561.66,562.06,561.58,561.66,310561,4301,561.31
2024-08-30T10:15:00.000,561.66,561.9,561.28,561.675,273386,10323,561.32
2024-08-30T10:20:00.000,561.65,561.69,561.03,561.235,321816,9935,561.32
2024-08-30T10:25:00.000,561.229,561.4,560.62,561.28,312163,11074,561.31
2024-08-30T10:30:00.000,561.28,561.54,561.15,561.33,252147,10900,561.31
2024-08-30T10:35:00.000,561.37,561.82,561.35,561.67,429636,4680,561.33
2024-08-30T10:40:00.000,561.67,562.17,560.91,561.0805,404708,4920,561.36
2024-08-30T10:45:00.000,561.12,561.85,560.71,561.8095,320845,4040,561.35
2024-08-30T10:50:00.000,561.78,561.8601,561.0,561.05,234168,3140,561.36
2024-08-30T10:55:00.000,561.05,561.26,559.96,559.98,574549,5345,561.31
2024-08-30T11:00:00.000,559.995,560.5,559.53,560.4163,437428,4562,561.25
2024-08-30T11:05:00.000,560.39,560.4591,560.11,560.34,172826,2513,561.23
2024-08-30T11:10:00.000,560.325,560.39,559.95,560.19,183513,2304,561.21
2024-08-30T11:15:00.000,560.19,560.24,559.44,559.5964,387343,4259,561.15
2024-08-30T11:20:00.000,559.59,559.59,559.2,559.28,337814,4484,561.09
2024-08-30T11:25:00.000,559.25,559.38,559.07,559.19,478699,5050,561.0
2024-08-30T11:30:00.000,559.18,559.32,558.11,558.7,932267,8581,560.78
2024-08-30T11:35:00.000,558.7,559.03,558.58,558.77,358952,4454,560.72
2024-08-30T11:40:00.000,558.77,559.0892,558.75,558.8303,320014,3696,560.67
2024-08-30T11:45:00.000,558.83,559.12,558.64,558.75,245004,2990,560.64
2024-08-30T11:50:00.000,558.758,559.335,558.71,559.27,298621,3369,560.6
2024-08-30T11:55:00.000,559.27,559.4,558.82,559.145,273959,3159,560.57
2024-08-30T12:00:00.000,559.13,559.13,558.21,559.09,622263,4141,560.51
2024-08-30T12:05:00.000,559.1,559.52,559.04,559.44,330134,3611,560.48
2024-08-30T12:10:00.000,559.44,559.67,559.18,559.36,325477,3507,560.45
2024-08-30T12:15:00.000,559.37,559.46,558.86,558.9699,258841,2974,560.43
2024-08-30T12:20:00.000,558.95,559.0827,558.7401,558.88,208675,2735,560.41
2024-08-30T12:25:00.000,558.87,559.02,558.0,558.11,297963,4172,560.36
2024-08-30T12:30:00.000,558.07,558.29,557.35,557.57,450416,5409,560.28
2024-08-30T12:35:00.000,557.5299,557.8786,557.14,557.79,392312,4428,560.21
2024-08-30T12:40:00.000,557.78,558.025,557.53,557.9401,346575,3767,560.16
2024-08-30T12:45:00.000,557.919,558.25,557.74,558.17,218015,3068,560.13
2024-08-30T12:50:00.000,558.2,558.84,558.19,558.7318,219925,2808,560.11
2024-08-30T12:55:00.000,558.77,559.265,558.69,559.1001,201175,2799,560.09
2024-08-30T13:00:00.000,559.1,559.84,559.0299,559.59,338161,3778,560.08
2024-08-30T13:05:00.000,559.61,559.64,559.06,559.22,316724,3382,560.07
2024-08-30T13:10:00.000,559.23,559.52,559.22,559.48,176657,2351,560.06
2024-08-30T13:15:00.000,559.5,559.57,558.85,558.9425,211337,2809,560.05
2024-08-30T13:20:00.000,558.95,559.21,558.57,558.74,232587,2816,560.04
2024-08-30T13:25:00.000,558.72,559.0975,558.7157,558.91,130622,1657,560.03
2024-08-30T13:30:00.000,558.91,559.25,558.83,558.97,187763,3019,560.02
2024-08-30T13:35:00.000,558.95,559.31,558.93,559.0,176170,2178,560.01
2024-08-30T13:40:00.000,559.01,559.26,558.92,559.04,110627,1759,560.0
2024-08-30T13:45:00.000,559.045,559.19,558.8325,559.04,114929,1794,560.0
2024-08-30T13:50:00.000,559.05,559.3,558.92,559.25,100067,1714,559.99
2024-08-30T13:55:00.000,559.25,559.33,558.7,558.867,159818,2187,559.98
2024-08-30T14:00:00.000,558.87,559.17,558.6,559.0,671298,2740,559.97
2024-08-30T14:05:00.000,558.98,559.46,558.92,559.41,610029,4779,559.94
2024-08-30T14:10:00.000,559.4,559.63,559.225,559.49,294008,3172,559.94
2024-08-30T14:15:00.000,559.49,559.6883,559.47,559.59,459436,2544,559.93
2024-08-30T14:20:00.000,559.58,559.815,559.57,559.618,313520,2760,559.93
2024-08-30T14:25:00.000,559.62,560.07,559.59,559.67,584443,4478,559.93
2024-08-30T14:30:00.000,559.7,559.94,559.63,559.91,290835,2923,559.92
2024-08-30T14:35:00.000,559.9,560.29,559.85,560.22,397950,4043,559.93
2024-08-30T14:40:00.000,560.21,560.57,560.14,560.26,562088,4761,559.94
2024-08-30T14:45:00.000,560.27,560.54,560.205,560.535,465457,4362,559.95
2024-08-30T14:50:00.000,560.535,560.9395,560.525,560.66,648408,5400,559.97
2024-08-30T14:55:00.000,560.6515,560.705,560.45,560.7,650022,4300,559.99
2024-08-30T15:00:00.000,560.7,560.85,560.6,560.64,568259,4031,560.0
2024-08-30T15:05:00.000,560.65,560.91,560.5501,560.7206,533505,3877,560.02
2024-08-30T15:10:00.000,560.71,560.845,560.155,560.56,682680,5896,560.03
2024-08-30T15:15:00.000,560.55,560.8499,560.44,560.82,493679,4401,560.04
2024-08-30T15:20:00.000,560.82,561.66,560.82,561.48,1607413,8339,560.1
2024-08-30T15:25:00.000,561.48,561.96,561.34,561.82,971427,6665,560.14
2024-08-30T15:30:00.000,561.825,562.025,561.21,561.325,1264194,8928,560.21
2024-08-30T15:35:00.000,561.31,561.855,561.285,561.75,906147,7676,560.25
2024-08-30T15:40:00.000,561.75,562.06,561.5301,561.63,996471,7141,560.29
2024-08-30T15:45:00.000,561.62,561.98,561.55,561.97,667168,7177,560.32
2024-08-30T15:50:00.000,561.97,563.68,561.95,563.4,3764093,24139,560.6
2024-08-30T15:55:00.000,563.37,564.2,563.31,563.57,6489376,35354,561.08
2024-08-30T16:00:00.000,0.0,0.0,0.0,0.0,0,0,561.08
2024-08-31T09:30:00.000,0.0,0.0,0.0,0.0,0,0,0.0
2024-08-31T09:35:00.000,0.0,0.0,0.0,0.0,0,0,0.0
2024-08-31T09:40:00.000,0.0,0.0,0.0,0.0,0,0,0.0
2024-08-31T09:45:00.000,0.0,0.0,0.0,0.0,0,0,0.0
2024-08-31T09:50:00.000,0.0,0.0,0.0,0.0,0,0,0.0
2024-08-31T09:55:00.000,0.0,0.0,0.0,0.0,0,0,0.0
2024-08-31T10:00:00.000,0.0,0.0,0.0,0.0,0,0,0.0
2024-08-31T10:05:00.000,0.0,0.0,0.0,0.0,0,0,0.0
2024-08-31T10:10:00.000,0.0,0.0,0.0,0.0,0,0,0.0
2024-08-31T10:15:00.000,0.0,0.0,0.0,0.0,0,0,0.0
2024-08-31T10:20:00.000,0.0,0.0,0.0,0.0,0,0,0.0
2024-08-31T10:25:00.000,0.0,0.0,0.0,0.0,0,0,0.0
2024-08-31T10:30:00.000,0.0,0.0,0.0,0.0,0,0,0.0
2024-08-31T10:35:00.000,0.0,0.0,0.0,0.0,0,0,0.0
2024-08-31T10:40:00.000,0.0,0.0,0.0,0.0,0,0,0.0
2024-08-31T10:45:00.000,0.0,0.0,0.0,0.0,0,0,0.0
2024-08-31T10:50:00.000,0.0,0.0,0.0,0.0,0,0,0.0
2024-08-31T10:55:00.000,0.0,0.0,0.0,0.0,0,0,0.0
2024-08-31T11:00:00.000,0.0,0.0,0.0,0.0,0,0,0.0
2024-08-31T11:05:00.000,0.0,0.0,0.0,0.0,0,0,0.0
2024-08-31T11:10:00.000,0.0,0.0,0.0,0.0,0,0,0.0
2024-08-31T11:15:00.000,0.0,0.0,0.0,0.0,0,0,0.0
2024-08-31T11:20:00.000,0.0,0.0,0.0,0.0,0,0,0.0
2024-08-31T11:25:00.000,0.0,0.0,0.0,0.0,0,0,0.0
2024-08-31T11:30:00.000,0.0,0.0,0.0,0.0,0,0,0.0
2024-08-31T11:35:00.000,0.0,0.0,0.0,0.0,0,0,0.0
2024-08-31T11:40:00.000,0.0,0.0,0.0,0.0,0,0,0.0
2024-08-31T11:45:00.000,0.0,0.0,0.0,0.0,0,0,0.0
2024-08-31T11:50:00.000,0.0,0.0,0.0,0.0,0,0,0.0
2024-08-31T11:55:00.000,0.0,0.0,0.0,0.0,0,0,0.0
2024-08-31T12:00:00.000,0.0,0.0,0.0,0.0,0,0,0.0
2024-08-31T12:05:00.000,0.0,0.0,0.0,0.0,0,0,0.0
2024-08-31T12:10:00.000,0.0,0.0,0.0,0.0,0,0,0.0
2024-08-31T12:15:00.000,0.0,0.0,0.0,0.0,0,0,0.0
2024-08-31T12:20:00.000,0.0,0.0,0.0,0.0,0,0,0.0
2024-08-31T12:25:00.000,0.0,0.0,0.0,0.0,0,0,0.0
2024-08-31T12:30:00.000,0.0,0.0,0.0,0.0,0,0,0.0
2024-08-31T12:35:00.000,0.0,0.0,0.0,0.0,0,0,0.0
2024-08-31T12:40:00.000,0.0,0.0,0.0,0.0,0,0,0.0
2024-08-31T12:45:00.000,0.0,0.0,0.0,0.0,0,0,0.0
2024-08-31T12:50:00.000,0.0,0.0,0.0,0.0,0,0,0.0
2024-08-31T12:55:00.000,0.0,0.0,0.0,0.0,0,0,0.0
2024-08-31T13:00:00.000,0.0,0.0,0.0,0.0,0,0,0.0
2024-08-31T13:05:00.000,0.0,0.0,0.0,0.0,0,0,0.0
2024-08-31T13:10:00.000,0.0,0.0,0.0,0.0,0,0,0.0
2024-08-31T13:15:00.000,0.0,0.0,0.0,0.0,0,0,0.0
2024-08-31T13:20:00.000,0.0,0.0,0.0,0.0,0,0,0.0
2024-08-31T13:25:00.000,0.0,0.0,0.0,0.0,0,0,0.0
2024-08-31T13:30:00.000,0.0,0.0,0.0,0.0,0,0,0.0
2024-08-31T13:35:00.000,0.0,0.0,0.0,0.0,0,0,0.0
2024-08-31T13:40:00.000,0.0,0.0,0.0,0.0,0,0,0.0
2024-08-31T13:45:00.000,0.0,0.0,0.0,0.0,0,0,0.0
2024-08-31T13:50:00.000,0.0,0.0,0.0,0.0,0,0,0.0
2024-08-31T13:55:00.000,0.0,0.0,0.0,0.0,0,0,0.0
2024-08-31T14:00:00.000,0.0,0.0,0.0,0.0,0,0,0.0
2024-08-31T14:05:00.000,0.0,0.0,0.0,0.0,0,0,0.0
2024-08-31T14:10:00.000,0.0,0.0,0.0,0.0,0,0,0.0
2024-08-31T14:15:00.000,0.0,0.0,0.0,0.0,0,0,0.0
2024-08-31T14:20:00.000,0.0,0.0,0.0,0.0,0,0,0.0
2024-08-31T14:25:00.000,0.0,0.0,0.0,0.0,0,0,0.0
2024-08-31T14:30:00.000,0.0,0.0,0.0,0.0,0,0,0.0
2024-08-31T14:35:00.000,0.0,0.0,0.0,0.0,0,0,0.0
2024-08-31T14:40:00.000,0.0,0.0,0.0,0.0,0,0,0.0
2024-08-31T14:45:00.000,0.0,0.0,0.0,0.0,0,0,0.0
2024-08-31T14:50:00.000,0.0,0.0,0.0,0.0,0,0,0.0
2024-08-31T14:55:00.000,0.0,0.0,0.0,0.0,0,0,0.0
2024-08-31T15:00:00.000,0.0,0.0,0.0,0.0,0,0,0.0
2024-08-31T15:05:00.000,0.0,0.0,0.0,0.0,0,0,0.0
2024-08-31T15:10:00.000,0.0,0.0,0.0,0.0,0,0,0.0
2024-08-31T15:15:00.000,0.0,0.0,0.0,0.0,0,0,0.0
2024-08-31T15:20:00.000,0.0,0.0,0.0,0.0,0,0,0.0
2024-08-31T15:25:00.000,0.0,0.0,0.0,0.0,0,0,0.0
2024-08-31T15:30:00.000,0.0,0.0,0.0,0.0,0,0,0.0
2024-08-31T15:35:00.000,0.0,0.0,0.0,0.0,0,0,0.0
2024-08-31T15:40:00.000,0.0,0.0,0.0,0.0,0,0,0.0
2024-08-31T15:45:00.000,0.0,0.0,0.0,0.0,0,0,0.0
2024-08-31T15:50:00.000,0.0,0.0,0.0,0.0,0,0,0.0
2024-08-31T15:55:00.000,0.0,0.0,0.0,0.0,0,0,0.0
2024-08-31T16:00:00.000,0.0,0.0,0.0,0.0,0,0,0.0
