timestamp,open,high,low,close,volume,count,vwap
2024-01-01T09:30:00.000,0.0,0.0,0.0,0.0,0,0,0.0
2024-01-01T09:35:00.000,0.0,0.0,0.0,0.0,0,0,0.0
2024-01-01T09:40:00.000,0.0,0.0,0.0,0.0,0,0,0.0
2024-01-01T09:45:00.000,0.0,0.0,0.0,0.0,0,0,0.0
2024-01-01T09:50:00.000,0.0,0.0,0.0,0.0,0,0,0.0
2024-01-01T09:55:00.000,0.0,0.0,0.0,0.0,0,0,0.0
2024-01-01T10:00:00.000,0.0,0.0,0.0,0.0,0,0,0.0
2024-01-01T10:05:00.000,0.0,0.0,0.0,0.0,0,0,0.0
2024-01-01T10:10:00.000,0.0,0.0,0.0,0.0,0,0,0.0
2024-01-01T10:15:00.000,0.0,0.0,0.0,0.0,0,0,0.0
2024-01-01T10:20:00.000,0.0,0.0,0.0,0.0,0,0,0.0
2024-01-01T10:25:00.000,0.0,0.0,0.0,0.0,0,0,0.0
2024-01-01T10:30:00.000,0.0,0.0,0.0,0.0,0,0,0.0
2024-01-01T10:35:00.000,0.0,0.0,0.0,0.0,0,0,0.0
2024-01-01T10:40:00.000,0.0,0.0,0.0,0.0,0,0,0.0
2024-01-01T10:45:00.000,0.0,0.0,0.0,0.0,0,0,0.0
2024-01-01T10:50:00.000,0.0,0.0,0.0,0.0,0,0,0.0
2024-01-01T10:55:00.000,0.0,0.0,0.0,0.0,0,0,0.0
2024-01-01T11:00:00.000,0.0,0.0,0.0,0.0,0,0,0.0
2024-01-01T11:05:00.000,0.0,0.0,0.0,0.0,0,0,0.0
2024-01-01T11:10:00.000,0.0,0.0,0.0,0.0,0,0,0.0
2024-01-01T11:15:00.000,0.0,0.0,0.0,0.0,0,0,0.0
2024-01-01T11:20:00.000,0.0,0.0,0.0,0.0,0,0,0.0
2024-01-01T11:25:00.000,0.0,0.0,0.0,0.0,0,0,0.0
2024-01-01T11:30:00.000,0.0,0.0,0.0,0.0,0,0,0.0
2024-01-01T11:35:00.000,0.0,0.0,0.0,0.0,0,0,0.0
2024-01-01T11:40:00.000,0.0,0.0,0.0,0.0,0,0,0.0
2024-01-01T11:45:00.000,0.0,0.0,0.0,0.0,0,0,0.0
2024-01-01T11:50:00.000,0.0,0.0,0.0,0.0,0,0,0.0
2024-01-01T11:55:00.000,0.0,0.0,0.0,0.0,0,0,0.0
2024-01-01T12:00:00.000,0.0,0.0,0.0,0.0,0,0,0.0
2024-01-01T12:05:00.000,0.0,0.0,0.0,0.0,0,0,0.0
2024-01-01T12:10:00.000,0.0,0.0,0.0,0.0,0,0,0.0
2024-01-01T12:15:00.000,0.0,0.0,0.0,0.0,0,0,0.0
2024-01-01T12:20:00.000,0.0,0.0,0.0,0.0,0,0,0.0
2024-01-01T12:25:00.000,0.0,0.0,0.0,0.0,0,0,0.0
2024-01-01T12:30:00.000,0.0,0.0,0.0,0.0,0,0,0.0
2024-01-01T12:35:00.000,0.0,0.0,0.0,0.0,0,0,0.0
2024-01-01T12:40:00.000,0.0,0.0,0.0,0.0,0,0,0.0
2024-01-01T12:45:00.000,0.0,0.0,0.0,0.0,0,0,0.0
2024-01-01T12:50:00.000,0.0,0.0,0.0,0.0,0,0,0.0
2024-01-01T12:55:00.000,0.0,0.0,0.0,0.0,0,0,0.0
2024-01-01T13:00:00.000,0.0,0.0,0.0,0.0,0,0,0.0
2024-01-01T13:05:00.000,0.0,0.0,0.0,0.0,0,0,0.0
2024-01-01T13:10:00.000,0.0,0.0,0.0,0.0,0,0,0.0
2024-01-01T13:15:00.000,0.0,0.0,0.0,0.0,0,0,0.0
2024-01-01T13:20:00.000,0.0,0.0,0.0,0.0,0,0,0.0
2024-01-01T13:25:00.000,0.0,0.0,0.0,0.0,0,0,0.0
2024-01-01T13:30:00.000,0.0,0.0,0.0,0.0,0,0,0.0
2024-01-01T13:35:00.000,0.0,0.0,0.0,0.0,0,0,0.0
2024-01-01T13:40:00.000,0.0,0.0,0.0,0.0,0,0,0.0
2024-01-01T13:45:00.000,0.0,0.0,0.0,0.0,0,0,0.0
2024-01-01T13:50:00.000,0.0,0.0,0.0,0.0,0,0,0.0
2024-01-01T13:55:00.000,0.0,0.0,0.0,0.0,0,0,0.0
2024-01-01T14:00:00.000,0.0,0.0,0.0,0.0,0,0,0.0
2024-01-01T14:05:00.000,0.0,0.0,0.0,0.0,0,0,0.0
2024-01-01T14:10:00.000,0.0,0.0,0.0,0.0,0,0,0.0
2024-01-01T14:15:00.000,0.0,0.0,0.0,0.0,0,0,0.0
2024-01-01T14:20:00.000,0.0,0.0,0.0,0.0,0,0,0.0
2024-01-01T14:25:00.000,0.0,0.0,0.0,0.0,0,0,0.0
2024-01-01T14:30:00.000,0.0,0.0,0.0,0.0,0,0,0.0
2024-01-01T14:35:00.000,0.0,0.0,0.0,0.0,0,0,0.0
2024-01-01T14:40:00.000,0.0,0.0,0.0,0.0,0,0,0.0
2024-01-01T14:45:00.000,0.0,0.0,0.0,0.0,0,0,0.0
2024-01-01T14:50:00.000,0.0,0.0,0.0,0.0,0,0,0.0
2024-01-01T14:55:00.000,0.0,0.0,0.0,0.0,0,0,0.0
2024-01-01T15:00:00.000,0.0,0.0,0.0,0.0,0,0,0.0
2024-01-01T15:05:00.000,0.0,0.0,0.0,0.0,0,0,0.0
2024-01-01T15:10:00.000,0.0,0.0,0.0,0.0,0,0,0.0
2024-01-01T15:15:00.000,0.0,0.0,0.0,0.0,0,0,0.0
2024-01-01T15:20:00.000,0.0,0.0,0.0,0.0,0,0,0.0
2024-01-01T15:25:00.000,0.0,0.0,0.0,0.0,0,0,0.0
2024-01-01T15:30:00.000,0.0,0.0,0.0,0.0,0,0,0.0
2024-01-01T15:35:00.000,0.0,0.0,0.0,0.0,0,0,0.0
2024-01-01T15:40:00.000,0.0,0.0,0.0,0.0,0,0,0.0
2024-01-01T15:45:00.000,0.0,0.0,0.0,0.0,0,0,0.0
2024-01-01T15:50:00.000,0.0,0.0,0.0,0.0,0,0,0.0
2024-01-01T15:55:00.000,0.0,0.0,0.0,0.0,0,0,0.0
2024-01-01T16:00:00.000,0.0,0.0,0.0,0.0,0,0,0.0
2024-01-02T09:30:00.000,472.16,472.8,472.05,472.67,3311032,25028,472.51
2024-01-02T09:35:00.000,472.67,472.74,471.88,471.92,1702267,14702,472.44
2024-01-02T09:40:00.000,471.92,472.1,471.71,471.8,1742326,13966,472.27
2024-01-02T09:45:00.000,471.79,472.09,471.39,471.39,1508728,13979,472.15
2024-01-02T09:50:00.000,471.395,471.95,471.36,471.42,1544082,13824,472.07
2024-01-02T09:55:00.000,471.425,472.2701,471.39,472.27,2137504,13693,472.01
2024-01-02T10:00:00.000,472.275,472.71,472.135,472.556,1132982,12514,472.05
2024-01-02T10:05:00.000,472.56,472.57,471.98,472.29,913364,17630,472.07
2024-01-02T10:10:00.000,472.3,472.46,472.01,472.1199,1030867,10741,472.08
2024-01-02T10:15:00.000,472.12,472.3,471.96,472.06,821442,8612,472.08
2024-01-02T10:20:00.000,472.06,472.42,472.02,472.225,823805,7782,472.09
2024-01-02T10:25:00.000,472.23,472.34,471.59,471.76,1087290,9301,472.07
2024-01-02T10:30:00.000,471.77,471.77,471.4,471.515,1032020,9203,472.04
2024-01-02T10:35:00.000,471.515,471.55,471.3,471.515,766950,7657,472.01
2024-01-02T10:40:00.000,471.51,471.96,471.48,471.8601,796095,7373,472.0
2024-01-02T10:45:00.000,471.87,472.07,471.56,471.67,1246889,5373,471.99
2024-01-02T10:50:00.000,471.6698,471.89,471.6,471.7,524237,5720,471.99
2024-01-02T10:55:00.000,471.7,471.7809,471.4701,471.68,520547,5523,471.98
2024-01-02T11:00:00.000,471.67,472.15,471.63,472.105,710420,7390,471.97
2024-01-02T11:05:00.000,472.1,472.205,471.78,472.1812,576489,5708,471.97
2024-01-02T11:10:00.000,472.1875,472.45,471.96,472.16,714697,6633,471.98
2024-01-02T11:15:00.000,472.16,472.3875,472.07,472.22,635746,6028,471.99
2024-01-02T11:20:00.000,472.21,472.3205,471.98,472.085,1011402,4391,471.99
2024-01-02T11:25:00.000,472.1,472.35,472.02,472.33,549812,4746,471.99
2024-01-02T11:30:00.000,472.32,472.63,472.27,472.6,660591,6288,472.01
2024-01-02T11:35:00.000,472.6,472.63,472.39,472.43,657786,4268,472.01
2024-01-02T11:40:00.000,472.42,472.67,472.37,472.665,471901,4722,472.02
2024-01-02T11:45:00.000,472.66,473.16,472.61,473.0999,1103067,7722,472.05
2024-01-02T11:50:00.000,473.095,473.15,472.86,473.021,1368922,5805,472.08
2024-01-02T11:55:00.000,473.03,473.29,473.0,473.185,531869,5050,472.1
2024-01-02T12:00:00.000,473.19,473.355,473.14,473.23,386093,4042,472.11
2024-01-02T12:05:00.000,473.21,473.29,473.11,473.185,423148,3897,472.13
2024-01-02T12:10:00.000,473.17,473.36,473.14,473.26,1698871,4638,472.15
2024-01-02T12:15:00.000,473.26,473.26,472.77,473.02,779204,7600,472.17
2024-01-02T12:20:00.000,473.03,473.225,472.91,473.025,898529,6165,472.19
2024-01-02T12:25:00.000,473.01,473.17,472.91,472.975,393976,4055,472.2
2024-01-02T12:30:00.000,472.975,473.22,472.94,473.215,698751,4466,472.21
2024-01-02T12:35:00.000,473.22,473.52,473.19,473.49,465718,4581,472.23
2024-01-02T12:40:00.000,473.5,473.67,473.4318,473.5,716093,4249,472.25
2024-01-02T12:45:00.000,473.49,473.49,472.88,473.05,582402,4823,472.26
2024-01-02T12:50:00.000,473.05,473.07,472.7399,472.85,1027137,4799,472.27
2024-01-02T12:55:00.000,472.86,472.9,472.59,472.65,871583,5308,472.28
2024-01-02T13:00:00.000,472.65,472.65,472.41,472.52,478702,4714,472.28
2024-01-02T13:05:00.000,472.52,472.64,472.31,472.377,474407,4433,472.29
2024-01-02T13:10:00.000,472.37,472.68,472.28,472.6105,542036,5110,472.29
2024-01-02T13:15:00.000,472.615,472.78,472.49,472.69,736988,4604,472.29
2024-01-02T13:20:00.000,472.6993,472.83,472.53,472.77,363512,3387,472.3
2024-01-02T13:25:00.000,472.74,472.97,472.65,472.6605,437286,3870,472.3
2024-01-02T13:30:00.000,472.66,472.83,472.45,472.8099,1117398,5538,472.31
2024-01-02T13:35:00.000,472.79,472.91,472.72,472.8708,1156022,5652,472.32
2024-01-02T13:40:00.000,472.86,472.945,472.68,472.735,715502,4437,472.32
2024-01-02T13:45:00.000,472.74,472.9597,472.61,472.68,1102813,4283,472.33
2024-01-02T13:50:00.000,472.68,472.68,472.33,472.36,828205,4839,472.33
2024-01-02T13:55:00.000,472.37,472.43,472.0,472.1499,680407,6758,472.33
2024-01-02T14:00:00.000,472.13,472.25,471.85,471.88,846044,7476,472.32
2024-01-02T14:05:00.000,471.88,471.96,471.545,471.77,877465,7908,472.31
2024-01-02T14:10:00.000,471.75,472.085,471.69,471.91,749431,6922,472.3
2024-01-02T14:15:00.000,471.91,471.91,471.7,471.76,532663,5078,472.3
2024-01-02T14:20:00.000,471.76,471.86,471.6,471.6499,373465,4229,472.29
2024-01-02T14:25:00.000,471.64,471.94,471.62,471.8801,966792,5020,472.28
2024-01-02T14:30:00.000,471.86,472.06,471.68,471.72,713220,6432,472.27
2024-01-02T14:35:00.000,471.7279,471.78,471.52,471.53,948341,3755,472.27
2024-01-02T14:40:00.000,471.5378,471.62,471.46,471.555,1428213,6052,472.26
2024-01-02T14:45:00.000,471.55,471.66,471.35,471.374,578513,5253,472.25
2024-01-02T14:50:00.000,471.38,471.51,471.03,471.1412,1723414,8201,472.23
2024-01-02T14:55:00.000,471.14,471.19,470.92,470.925,655507,6181,472.21
2024-01-02T15:00:00.000,470.9275,470.98,470.545,470.61,1982035,12255,472.17
2024-01-02T15:05:00.000,470.62,470.895,470.49,470.67,1208427,9708,472.13
2024-01-02T15:10:00.000,470.67,470.83,470.5679,470.64,728026,6633,472.11
2024-01-02T15:15:00.000,470.645,471.07,470.525,470.96,1303624,8526,472.09
2024-01-02T15:20:00.000,470.96,471.02,470.67,470.88,1480100,8496,472.07
2024-01-02T15:25:00.000,470.88,470.975,470.7,470.91,913018,6420,472.05
2024-01-02T15:30:00.000,470.905,471.17,470.84,470.915,1675257,10661,472.03
2024-01-02T15:35:00.000,470.92,470.925,470.67,470.76,1007237,9637,472.01
2024-01-02T15:40:00.000,470.75,471.039,470.705,470.99,1928208,12137,471.98
2024-01-02T15:45:00.000,471.0,471.25,470.905,471.23,2772362,12806,471.95
2024-01-02T15:50:00.000,471.24,472.1,471.23,471.93,6482252,36598,471.95
2024-01-02T15:55:00.000,471.93,472.67,471.87,472.6,10921265,44224,472.0
2024-01-02T16:00:00.000,472.6,472.6,472.6,472.6,1183,2,472.0
2024-01-03T09:30:00.000,470.43,470.53,470.05,470.16,2416142,19153,470.29
2024-01-03T09:35:00.000,470.15,470.38,470.09,470.2101,1342770,12381,470.27
2024-01-03T09:40:00.000,470.215,470.5003,470.17,470.22,1082561,10861,470.28
2024-01-03T09:45:00.000,470.21,470.28,470.03,470.22,723791,7737,470.26
2024-01-03T09:50:00.000,470.24,470.47,470.08,470.14,1573382,9459,470.26
2024-01-03T09:55:00.000,470.134,470.19,469.65,469.97,1875355,12613,470.2
2024-01-03T10:00:00.000,469.95,470.79,469.77,470.65,1787606,16092,470.23
2024-01-03T10:05:00.000,470.66,470.96,470.0108,470.0899,950887,8472,470.25
2024-01-03T10:10:00.000,470.08,470.16,469.39,469.4,1721232,10799,470.2
2024-01-03T10:15:00.000,469.41,469.505,469.28,469.41,1403387,9980,470.12
2024-01-03T10:20:00.000,469.41,469.47,469.22,469.45,1798428,15170,470.06
2024-01-03T10:25:00.000,469.4505,469.7999,469.36,469.5,1300913,15796,470.03
2024-01-03T10:30:00.000,469.49,469.66,469.255,469.379,1630480,8881,469.99
2024-01-03T10:35:00.000,469.37,469.49,468.77,468.86,1826670,11915,469.91
2024-01-03T10:40:00.000,468.86,469.07,468.79,468.93,1291196,8082,469.87
2024-01-03T10:45:00.000,468.92,469.01,468.71,468.82,882051,7622,469.82
2024-01-03T10:50:00.000,468.8001,469.18,468.77,468.9344,845104,7781,469.79
2024-01-03T10:55:00.000,468.94,469.5,468.8107,469.39,1693651,7180,469.77
2024-01-03T11:00:00.000,469.39,469.84,469.38,469.6399,1124145,9704,469.76
2024-01-03T11:05:00.000,469.64,469.76,469.51,469.6819,2160613,6806,469.76
2024-01-03T11:10:00.000,469.6801,469.82,469.4879,469.65,480994,4968,469.75
2024-01-03T11:15:00.000,469.63,469.89,469.42,469.49,784354,4817,469.75
2024-01-03T11:20:00.000,469.5,469.74,469.42,469.545,520151,4619,469.75
2024-01-03T11:25:00.000,469.55,469.93,469.505,469.71,828447,5365,469.75
2024-01-03T11:30:00.000,469.7,469.83,469.53,469.63,1662007,4640,469.75
2024-01-03T11:35:00.000,469.64,469.72,469.38,469.4,529729,4366,469.74
2024-01-03T11:40:00.000,469.4,469.6,469.1299,469.576,989177,5932,469.73
2024-01-03T11:45:00.000,469.58,469.6175,469.41,469.54,377757,3591,469.73
2024-01-03T11:50:00.000,469.54,469.65,469.43,469.4801,387887,3550,469.72
2024-01-03T11:55:00.000,469.49,469.53,469.2201,469.2601,693788,4125,469.72
2024-01-03T12:00:00.000,469.26,469.465,469.155,469.4502,404896,3681,469.71
2024-01-03T12:05:00.000,469.45,469.58,469.18,469.22,642001,3745,469.71
2024-01-03T12:10:00.000,469.21,469.26,469.05,469.1375,454221,4271,469.7
2024-01-03T12:15:00.000,469.135,469.31,468.97,469.005,509797,4673,469.69
2024-01-03T12:20:00.000,469.01,469.23,468.975,469.19,371723,3740,469.68
2024-01-03T12:25:00.000,469.19,469.59,469.155,469.58,593579,5850,469.68
2024-01-03T12:30:00.000,469.58,469.75,469.4205,469.65,653069,6133,469.68
2024-01-03T12:35:00.000,469.65,469.7812,469.64,469.75,443246,3896,469.68
2024-01-03T12:40:00.000,469.74,470.0,469.74,469.844,674905,6003,469.68
2024-01-03T12:45:00.000,469.85,469.96,469.75,469.9102,439074,3917,469.68
2024-01-03T12:50:00.000,469.92,469.93,469.77,469.85,287722,3111,469.69
2024-01-03T12:55:00.000,469.84,470.39,469.81,470.3,686747,6715,469.7
2024-01-03T13:00:00.000,470.29,470.77,470.29,470.445,867729,9016,469.71
2024-01-03T13:05:00.000,470.44,470.49,470.27,470.3899,471833,4489,469.72
2024-01-03T13:10:00.000,470.39,470.565,470.35,470.44,307820,3366,469.73
2024-01-03T13:15:00.000,470.435,470.56,470.37,470.44,438859,4164,469.74
2024-01-03T13:20:00.000,470.44,470.4499,470.265,470.365,474855,4136,469.74
2024-01-03T13:25:00.000,470.37,470.49,470.2631,470.33,629800,3892,469.75
2024-01-03T13:30:00.000,470.34,470.43,470.055,470.08,467985,4998,469.76
2024-01-03T13:35:00.000,470.08,470.28,469.86,470.2318,623442,5327,469.76
2024-01-03T13:40:00.000,470.24,470.29,470.02,470.06,408334,4084,469.76
2024-01-03T13:45:00.000,470.06,470.215,470.0,470.135,685413,3998,469.77
2024-01-03T13:50:00.000,470.14,470.35,470.0201,470.04,410250,3794,469.77
2024-01-03T13:55:00.000,470.04,470.15,469.96,470.0825,353393,3528,469.77
2024-01-03T14:00:00.000,470.08,470.52,469.46,469.5,1936693,15369,469.78
2024-01-03T14:05:00.000,469.47,469.98,468.95,469.87,1598248,11694,469.77
2024-01-03T14:10:00.000,469.87,470.32,469.34,469.54,1262795,8870,469.77
2024-01-03T14:15:00.000,469.56,469.97,469.2204,469.78,1079501,7242,469.77
2024-01-03T14:20:00.000,469.77,469.975,469.46,469.95,601497,5904,469.77
2024-01-03T14:25:00.000,469.95,471.19,469.84,470.94,2359658,15121,469.81
2024-01-03T14:30:00.000,470.95,471.18,470.4775,470.76,1825481,13808,469.84
2024-01-03T14:35:00.000,470.75,470.8,470.34,470.65,1000387,6707,469.85
2024-01-03T14:40:00.000,470.65,471.15,470.42,470.99,700147,6653,469.87
2024-01-03T14:45:00.000,470.99,471.095,470.51,470.53,594565,5659,469.88
2024-01-03T14:50:00.000,470.55,470.645,470.34,470.415,619079,5624,469.88
2024-01-03T14:55:00.000,470.41,470.53,470.18,470.2283,1036433,4563,469.89
2024-01-03T15:00:00.000,470.23,470.29,469.677,469.7406,1090033,7264,469.89
2024-01-03T15:05:00.000,469.75,469.82,469.34,469.56,1029616,7719,469.88
2024-01-03T15:10:00.000,469.55,469.7,469.3,469.52,729936,6925,469.88
2024-01-03T15:15:00.000,469.53,469.53,469.21,469.37,1122477,6412,469.87
2024-01-03T15:20:00.000,469.38,469.57,469.13,469.1601,1307820,7904,469.86
2024-01-03T15:25:00.000,469.17,469.3,468.97,469.26,1023074,8317,469.85
2024-01-03T15:30:00.000,469.275,469.795,469.2,469.71,1267184,10674,469.84
2024-01-03T15:35:00.000,469.705,469.7899,469.3,469.54,1802347,9800,469.84
2024-01-03T15:40:00.000,469.545,469.67,468.98,469.03,1100703,10113,469.83
2024-01-03T15:45:00.000,469.03,469.2,468.92,468.94,1740800,14878,469.81
2024-01-03T15:50:00.000,468.94,469.0,468.17,468.31,5878492,33845,469.71
2024-01-03T15:55:00.000,468.31,468.955,468.3,468.73,7173032,35244,469.63
2024-01-03T16:00:00.000,468.73,468.73,468.73,468.73,605,2,469.63
2024-01-04T09:30:00.000,468.3,469.07,468.11,468.85,1847938,15370,468.57
2024-01-04T09:35:00.000,468.87,469.14,468.595,469.01,1623744,9223,468.75
2024-01-04T09:40:00.000,469.01,469.25,468.61,469.0,775718,8585,468.78
2024-01-04T09:45:00.000,468.98,469.14,468.47,468.62,819033,8036,468.78
2024-01-04T09:50:00.000,468.63,469.2301,468.59,469.11,548892,6015,468.8
2024-01-04T09:55:00.000,469.12,469.26,468.74,468.92,669913,7755,468.83
2024-01-04T10:00:00.000,468.9,469.72,468.685,469.7,1191973,19507,468.9
2024-01-04T10:05:00.000,469.705,469.97,469.45,469.96,882940,9492,468.99
2024-01-04T10:10:00.000,469.96,470.13,469.71,470.09,1469159,12384,469.13
2024-01-04T10:15:00.000,470.09,470.15,469.79,469.85,737173,7430,469.19
2024-01-04T10:20:00.000,469.85,469.88,469.52,469.7695,644884,6302,469.22
2024-01-04T10:25:00.000,469.77,469.91,469.555,469.765,509531,5244,469.24
2024-01-04T10:30:00.000,469.76,470.07,469.62,469.845,517092,5134,469.26
2024-01-04T10:35:00.000,469.86,469.98,469.7,469.705,475717,4858,469.28
2024-01-04T10:40:00.000,469.71,470.08,469.66,470.042,436775,4799,469.3
2024-01-04T10:45:00.000,470.05,470.24,469.93,470.2001,381508,3957,469.32
2024-01-04T10:50:00.000,470.19,470.22,469.82,470.06,442654,4756,469.34
2024-01-04T10:55:00.000,470.04,470.11,469.81,469.851,423977,4609,469.36
2024-01-04T11:00:00.000,469.87,470.17,469.87,470.06,304762,3756,469.37
2024-01-04T11:05:00.000,470.05,470.1898,469.98,470.18,305243,3810,469.39
2024-01-04T11:10:00.000,470.18,470.83,470.135,470.75,926798,8927,469.45
2024-01-04T11:15:00.000,470.76,470.96,470.6,470.6101,767607,7138,469.51
2024-01-04T11:20:00.000,470.62,470.87,470.615,470.85,448831,4414,469.54
2024-01-04T11:25:00.000,470.855,470.96,470.58,470.65,544850,6006,469.58
2024-01-04T11:30:00.000,470.66,470.725,470.3201,470.465,739870,6908,469.62
2024-01-04T11:35:00.000,470.46,470.82,470.44,470.55,434798,4810,469.64
2024-01-04T11:40:00.000,470.53,470.53,470.25,470.2999,515404,4462,469.66
2024-01-04T11:45:00.000,470.3,470.3988,470.02,470.04,519002,4692,469.67
2024-01-04T11:50:00.000,470.05,470.06,469.46,469.77,901152,8024,469.68
2024-01-04T11:55:00.000,469.77,469.86,469.63,469.72,391768,3924,469.68
2024-01-04T12:00:00.000,469.72,469.8382,469.26,469.57,525627,5217,469.67
2024-01-04T12:05:00.000,469.56,469.68,469.375,469.4812,441859,4600,469.67
2024-01-04T12:10:00.000,469.48,469.78,469.42,469.6099,538221,5108,469.67
2024-01-04T12:15:00.000,469.6,469.6182,469.35,469.5988,358203,3676,469.67
2024-01-04T12:20:00.000,469.61,469.775,469.42,469.47,401010,4216,469.67
2024-01-04T12:25:00.000,469.5,469.725,469.45,469.61,370946,3785,469.66
2024-01-04T12:30:00.000,469.6088,469.62,469.105,469.21,527808,4768,469.66
2024-01-04T12:35:00.000,469.2,469.475,469.03,469.42,485546,4489,469.65
2024-01-04T12:40:00.000,469.41,469.4272,468.92,469.0299,449678,4274,469.64
2024-01-04T12:45:00.000,469.03,469.04,468.665,469.015,557328,4885,469.62
2024-01-04T12:50:00.000,469.01,469.2105,468.82,469.1869,513740,4083,469.61
2024-01-04T12:55:00.000,469.18,469.18,468.86,469.132,360727,3731,469.6
2024-01-04T13:00:00.000,469.13,469.235,469.026,469.2297,269544,2683,469.6
2024-01-04T13:05:00.000,469.2216,469.3588,469.095,469.27,429827,4399,469.59
2024-01-04T13:10:00.000,469.27,469.32,468.97,469.2388,330840,3146,469.59
2024-01-04T13:15:00.000,469.22,469.34,469.025,469.1406,207341,2383,469.59
2024-01-04T13:20:00.000,469.13,469.345,469.1,469.2201,266558,2671,469.58
2024-01-04T13:25:00.000,469.22,469.4103,469.1903,469.3201,355276,3277,469.58
2024-01-04T13:30:00.000,469.33,469.455,469.21,469.325,282971,3299,469.58
2024-01-04T13:35:00.000,469.32,469.415,469.08,469.24,415598,3352,469.57
2024-01-04T13:40:00.000,469.235,469.44,469.147,469.3808,224185,2422,469.57
2024-01-04T13:45:00.000,469.4,469.46,469.27,469.36,262730,2856,469.57
2024-01-04T13:50:00.000,469.36,469.47,469.13,469.14,526133,2752,469.57
2024-01-04T13:55:00.000,469.15,469.2901,468.9701,469.07,345791,3788,469.56
2024-01-04T14:00:00.000,469.08,469.33,468.93,468.985,525446,5066,469.55
2024-01-04T14:05:00.000,468.99,469.1,468.84,468.86,972838,7438,469.53
2024-01-04T14:10:00.000,468.86,469.065,468.6201,468.9975,823256,7250,469.52
2024-01-04T14:15:00.000,468.99,469.1401,468.74,468.74,1027988,4798,469.51
2024-01-04T14:20:00.000,468.765,468.9137,468.52,468.605,804186,7717,469.49
2024-01-04T14:25:00.000,468.605,468.7692,468.5096,468.5799,812252,5554,469.47
2024-01-04T14:30:00.000,468.57,468.665,468.4,468.6,1190230,6277,469.45
2024-01-04T14:35:00.000,468.58,468.61,468.413,468.51,405095,4113,469.44
2024-01-04T14:40:00.000,468.51,468.5399,468.34,468.38,1081744,5708,469.43
2024-01-04T14:45:00.000,468.37,468.665,468.17,468.645,935819,7640,469.4
2024-01-04T14:50:00.000,468.645,468.985,468.63,468.86,1050642,6396,469.39
2024-01-04T14:55:00.000,468.85,468.96,468.55,468.68,771101,4906,469.38
2024-01-04T15:00:00.000,468.6832,468.735,468.3795,468.4699,674678,4453,469.37
2024-01-04T15:05:00.000,468.47,469.04,468.4684,468.98,812360,7023,469.36
2024-01-04T15:10:00.000,468.985,469.02,468.58,468.59,1047860,6302,469.35
2024-01-04T15:15:00.000,468.59,468.62,468.07,468.33,2272860,9347,469.32
2024-01-04T15:20:00.000,468.3201,468.44,468.13,468.23,743336,7094,469.3
2024-01-04T15:25:00.000,468.23,468.325,468.075,468.269,850658,7081,469.28
2024-01-04T15:30:00.000,468.26,468.6795,468.1632,468.505,1114299,9483,469.26
2024-01-04T15:35:00.000,468.51,468.64,468.435,468.515,844439,8094,469.24
2024-01-04T15:40:00.000,468.52,468.64,468.2,468.34,1482186,10341,469.22
2024-01-04T15:45:00.000,468.34,468.5168,467.81,467.835,2264452,16153,469.18
2024-01-04T15:50:00.000,467.83,467.97,467.05,467.25,5644067,28121,469.05
2024-01-04T15:55:00.000,467.25,467.51,467.05,467.27,8610067,33751,468.84
2024-01-04T16:00:00.000,467.27,467.27,467.27,467.27,1312,6,468.84
2024-01-05T09:30:00.000,467.49,468.11,467.13,468.07,1917421,15884,467.55
2024-01-05T09:35:00.000,468.07,468.44,467.91,467.92,1440726,12629,467.81
2024-01-05T09:40:00.000,467.92,468.21,467.55,468.02,837986,8511,467.83
2024-01-05T09:45:00.000,468.02,468.44,468.02,468.3804,811761,7269,467.91
2024-01-05T09:50:00.000,468.39,468.59,468.26,468.37,1027955,7931,467.99
2024-01-05T09:55:00.000,468.39,468.475,468.01,468.1699,943609,8463,468.02
2024-01-05T10:00:00.000,468.15,469.84,468.15,469.75,2331724,24187,468.31
2024-01-05T10:05:00.000,469.75,470.27,469.62,470.16,1524284,15115,468.55
2024-01-05T10:10:00.000,470.165,470.42,469.58,469.7299,1860799,14965,468.74
2024-01-05T10:15:00.000,469.71,469.775,469.155,469.4,1169734,9269,468.8
2024-01-05T10:20:00.000,469.39,469.79,469.16,469.7299,842206,6840,468.84
2024-01-05T10:25:00.000,469.74,469.95,469.41,469.49,948072,7727,468.89
2024-01-05T10:30:00.000,469.47,470.0,469.23,469.92,904053,8225,468.94
2024-01-05T10:35:00.000,469.935,470.06,469.68,469.69,639709,5693,468.97
2024-01-05T10:40:00.000,469.7,470.12,469.55,470.08,979571,6361,469.02
2024-01-05T10:45:00.000,470.07,470.23,469.89,469.99,637157,5773,469.06
2024-01-05T10:50:00.000,470.0,470.29,469.71,470.205,664525,5533,469.09
2024-01-05T10:55:00.000,470.21,470.36,469.94,470.14,657447,5566,469.13
2024-01-05T11:00:00.000,470.14,470.39,470.01,470.035,709880,5755,469.17
2024-01-05T11:05:00.000,470.04,470.24,469.65,469.97,856341,7915,469.2
2024-01-05T11:10:00.000,469.96,470.41,469.83,470.24,583158,4757,469.23
2024-01-05T11:15:00.000,470.24,470.44,469.325,469.42,970709,8836,469.25
2024-01-05T11:20:00.000,469.415,469.53,469.13,469.36,1116636,7188,469.25
2024-01-05T11:25:00.000,469.37,469.52,469.05,469.122,522536,4627,469.25
2024-01-05T11:30:00.000,469.13,469.4,469.07,469.22,664630,5383,469.25
2024-01-05T11:35:00.000,469.2239,469.26,468.97,469.0803,538361,4301,469.25
2024-01-05T11:40:00.000,469.08,469.13,468.86,468.89,609336,5232,469.24
2024-01-05T11:45:00.000,468.89,469.02,468.59,468.7,879711,5271,469.23
2024-01-05T11:50:00.000,468.69,468.99,468.6889,468.95,592640,4244,469.22
2024-01-05T11:55:00.000,468.94,468.98,468.61,468.79,441556,3864,469.22
2024-01-05T12:00:00.000,468.77,468.84,468.55,468.5611,666850,3367,469.21
2024-01-05T12:05:00.000,468.555,468.58,467.5,467.58,1181922,10005,469.16
2024-01-05T12:10:00.000,467.585,467.955,467.36,467.85,1052709,9094,469.11
2024-01-05T12:15:00.000,467.85,468.0,467.59,467.625,1544797,5471,469.08
2024-01-05T12:20:00.000,467.63,467.85,467.42,467.475,1320490,5625,469.05
2024-01-05T12:25:00.000,467.49,467.64,467.235,467.3803,827501,4697,469.02
2024-01-05T12:30:00.000,467.38,467.475,467.14,467.195,1246498,6261,468.98
2024-01-05T12:35:00.000,467.19,467.7899,467.15,467.4901,931327,6781,468.94
2024-01-05T12:40:00.000,467.495,467.84,467.48,467.785,484398,4575,468.93
2024-01-05T12:45:00.000,467.775,467.895,467.49,467.4901,798837,4109,468.91
2024-01-05T12:50:00.000,467.5,467.9,467.46,467.685,428395,4112,468.9
2024-01-05T12:55:00.000,467.69,467.8,467.52,467.54,1096034,3269,468.88
2024-01-05T13:00:00.000,467.525,467.58,466.8601,467.02,765395,7592,468.85
2024-01-05T13:05:00.000,467.02,467.27,466.985,467.09,750459,4654,468.83
2024-01-05T13:10:00.000,467.075,467.2569,466.87,466.91,355061,3665,468.81
2024-01-05T13:15:00.000,466.92,466.99,466.68,466.71,488935,4982,468.78
2024-01-05T13:20:00.000,466.71,467.19,466.71,467.19,500543,4734,468.76
2024-01-05T13:25:00.000,467.18,467.88,467.16,467.86,2071733,6603,468.74
2024-01-05T13:30:00.000,467.8501,468.345,467.85,468.17,895671,7941,468.72
2024-01-05T13:35:00.000,468.17,468.645,468.03,468.5999,582281,4992,468.72
2024-01-05T13:40:00.000,468.59,468.69,468.24,468.32,581510,4965,468.71
2024-01-05T13:45:00.000,468.315,468.615,468.29,468.4099,494659,4088,468.71
2024-01-05T13:50:00.000,468.41,468.6,468.26,468.42,374572,3433,468.71
2024-01-05T13:55:00.000,468.41,468.58,468.3,468.35,288885,3019,468.71
2024-01-05T14:00:00.000,468.37,468.66,468.37,468.6,370167,3499,468.71
2024-01-05T14:05:00.000,468.61,468.82,468.55,468.7201,510574,4586,468.71
2024-01-05T14:10:00.000,468.72,468.98,468.5327,468.71,680048,5773,468.71
2024-01-05T14:15:00.000,468.71,468.85,468.065,468.21,791215,6846,468.7
2024-01-05T14:20:00.000,468.22,468.49,468.1201,468.375,474905,4316,468.7
2024-01-05T14:25:00.000,468.38,468.45,468.1616,468.21,455161,4426,468.69
2024-01-05T14:30:00.000,468.2,468.39,468.1,468.25,479583,4165,468.69
2024-01-05T14:35:00.000,468.25,468.49,468.04,468.06,712211,4904,468.68
2024-01-05T14:40:00.000,468.05,468.07,467.605,467.76,701723,5829,468.67
2024-01-05T14:45:00.000,467.75,467.86,467.395,467.435,518925,4804,468.66
2024-01-05T14:50:00.000,467.44,467.48,466.775,466.845,1280871,8396,468.62
2024-01-05T14:55:00.000,466.84,467.05,466.65,466.815,999550,7868,468.59
2024-01-05T15:00:00.000,466.82,466.99,466.67,466.79,953788,5940,468.56
2024-01-05T15:05:00.000,466.7892,467.04,466.69,466.925,730473,5819,468.54
2024-01-05T15:10:00.000,466.93,467.32,466.78,467.11,758652,6178,468.52
2024-01-05T15:15:00.000,467.09,467.1701,466.85,466.9,597251,4807,468.5
2024-01-05T15:20:00.000,466.9,467.14,466.885,466.9299,782716,4919,468.48
2024-01-05T15:25:00.000,466.93,467.01,466.5,466.93,1618381,7547,468.45
2024-01-05T15:30:00.000,466.93,466.93,466.43,466.82,1038837,9439,468.42
2024-01-05T15:35:00.000,466.825,467.085,466.82,466.95,892898,6263,468.4
2024-01-05T15:40:00.000,466.94,467.51,466.88,467.5023,911661,7735,468.39
2024-01-05T15:45:00.000,467.51,467.77,467.25,467.74,1417521,8262,468.37
2024-01-05T15:50:00.000,467.74,468.135,467.62,468.11,2320552,11936,468.35
2024-01-05T15:55:00.000,468.105,468.29,467.81,467.96,4410244,21102,468.33
2024-01-05T16:00:00.000,467.97,467.97,467.97,467.97,569,3,468.33
2024-01-06T09:30:00.000,0.0,0.0,0.0,0.0,0,0,0.0
2024-01-06T09:35:00.000,0.0,0.0,0.0,0.0,0,0,0.0
2024-01-06T09:40:00.000,0.0,0.0,0.0,0.0,0,0,0.0
2024-01-06T09:45:00.000,0.0,0.0,0.0,0.0,0,0,0.0
2024-01-06T09:50:00.000,0.0,0.0,0.0,0.0,0,0,0.0
2024-01-06T09:55:00.000,0.0,0.0,0.0,0.0,0,0,0.0
2024-01-06T10:00:00.000,0.0,0.0,0.0,0.0,0,0,0.0
2024-01-06T10:05:00.000,0.0,0.0,0.0,0.0,0,0,0.0
2024-01-06T10:10:00.000,0.0,0.0,0.0,0.0,0,0,0.0
2024-01-06T10:15:00.000,0.0,0.0,0.0,0.0,0,0,0.0
2024-01-06T10:20:00.000,0.0,0.0,0.0,0.0,0,0,0.0
2024-01-06T10:25:00.000,0.0,0.0,0.0,0.0,0,0,0.0
2024-01-06T10:30:00.000,0.0,0.0,0.0,0.0,0,0,0.0
2024-01-06T10:35:00.000,0.0,0.0,0.0,0.0,0,0,0.0
2024-01-06T10:40:00.000,0.0,0.0,0.0,0.0,0,0,0.0
2024-01-06T10:45:00.000,0.0,0.0,0.0,0.0,0,0,0.0
2024-01-06T10:50:00.000,0.0,0.0,0.0,0.0,0,0,0.0
2024-01-06T10:55:00.000,0.0,0.0,0.0,0.0,0,0,0.0
2024-01-06T11:00:00.000,0.0,0.0,0.0,0.0,0,0,0.0
2024-01-06T11:05:00.000,0.0,0.0,0.0,0.0,0,0,0.0
2024-01-06T11:10:00.000,0.0,0.0,0.0,0.0,0,0,0.0
2024-01-06T11:15:00.000,0.0,0.0,0.0,0.0,0,0,0.0
2024-01-06T11:20:00.000,0.0,0.0,0.0,0.0,0,0,0.0
2024-01-06T11:25:00.000,0.0,0.0,0.0,0.0,0,0,0.0
2024-01-06T11:30:00.000,0.0,0.0,0.0,0.0,0,0,0.0
2024-01-06T11:35:00.000,0.0,0.0,0.0,0.0,0,0,0.0
2024-01-06T11:40:00.000,0.0,0.0,0.0,0.0,0,0,0.0
2024-01-06T11:45:00.000,0.0,0.0,0.0,0.0,0,0,0.0
2024-01-06T11:50:00.000,0.0,0.0,0.0,0.0,0,0,0.0
2024-01-06T11:55:00.000,0.0,0.0,0.0,0.0,0,0,0.0
2024-01-06T12:00:00.000,0.0,0.0,0.0,0.0,0,0,0.0
2024-01-06T12:05:00.000,0.0,0.0,0.0,0.0,0,0,0.0
2024-01-06T12:10:00.000,0.0,0.0,0.0,0.0,0,0,0.0
2024-01-06T12:15:00.000,0.0,0.0,0.0,0.0,0,0,0.0
2024-01-06T12:20:00.000,0.0,0.0,0.0,0.0,0,0,0.0
2024-01-06T12:25:00.000,0.0,0.0,0.0,0.0,0,0,0.0
2024-01-06T12:30:00.000,0.0,0.0,0.0,0.0,0,0,0.0
2024-01-06T12:35:00.000,0.0,0.0,0.0,0.0,0,0,0.0
2024-01-06T12:40:00.000,0.0,0.0,0.0,0.0,0,0,0.0
2024-01-06T12:45:00.000,0.0,0.0,0.0,0.0,0,0,0.0
2024-01-06T12:50:00.000,0.0,0.0,0.0,0.0,0,0,0.0
2024-01-06T12:55:00.000,0.0,0.0,0.0,0.0,0,0,0.0
2024-01-06T13:00:00.000,0.0,0.0,0.0,0.0,0,0,0.0
2024-01-06T13:05:00.000,0.0,0.0,0.0,0.0,0,0,0.0
2024-01-06T13:10:00.000,0.0,0.0,0.0,0.0,0,0,0.0
2024-01-06T13:15:00.000,0.0,0.0,0.0,0.0,0,0,0.0
2024-01-06T13:20:00.000,0.0,0.0,0.0,0.0,0,0,0.0
2024-01-06T13:25:00.000,0.0,0.0,0.0,0.0,0,0,0.0
2024-01-06T13:30:00.000,0.0,0.0,0.0,0.0,0,0,0.0
2024-01-06T13:35:00.000,0.0,0.0,0.0,0.0,0,0,0.0
2024-01-06T13:40:00.000,0.0,0.0,0.0,0.0,0,0,0.0
2024-01-06T13:45:00.000,0.0,0.0,0.0,0.0,0,0,0.0
2024-01-06T13:50:00.000,0.0,0.0,0.0,0.0,0,0,0.0
2024-01-06T13:55:00.000,0.0,0.0,0.0,0.0,0,0,0.0
2024-01-06T14:00:00.000,0.0,0.0,0.0,0.0,0,0,0.0
2024-01-06T14:05:00.000,0.0,0.0,0.0,0.0,0,0,0.0
2024-01-06T14:10:00.000,0.0,0.0,0.0,0.0,0,0,0.0
2024-01-06T14:15:00.000,0.0,0.0,0.0,0.0,0,0,0.0
2024-01-06T14:20:00.000,0.0,0.0,0.0,0.0,0,0,0.0
2024-01-06T14:25:00.000,0.0,0.0,0.0,0.0,0,0,0.0
2024-01-06T14:30:00.000,0.0,0.0,0.0,0.0,0,0,0.0
2024-01-06T14:35:00.000,0.0,0.0,0.0,0.0,0,0,0.0
2024-01-06T14:40:00.000,0.0,0.0,0.0,0.0,0,0,0.0
2024-01-06T14:45:00.000,0.0,0.0,0.0,0.0,0,0,0.0
2024-01-06T14:50:00.000,0.0,0.0,0.0,0.0,0,0,0.0
2024-01-06T14:55:00.000,0.0,0.0,0.0,0.0,0,0,0.0
2024-01-06T15:00:00.000,0.0,0.0,0.0,0.0,0,0,0.0
2024-01-06T15:05:00.000,0.0,0.0,0.0,0.0,0,0,0.0
2024-01-06T15:10:00.000,0.0,0.0,0.0,0.0,0,0,0.0
2024-01-06T15:15:00.000,0.0,0.0,0.0,0.0,0,0,0.0
2024-01-06T15:20:00.000,0.0,0.0,0.0,0.0,0,0,0.0
2024-01-06T15:25:00.000,0.0,0.0,0.0,0.0,0,0,0.0
2024-01-06T15:30:00.000,0.0,0.0,0.0,0.0,0,0,0.0
2024-01-06T15:35:00.000,0.0,0.0,0.0,0.0,0,0,0.0
2024-01-06T15:40:00.000,0.0,0.0,0.0,0.0,0,0,0.0
2024-01-06T15:45:00.000,0.0,0.0,0.0,0.0,0,0,0.0
2024-01-06T15:50:00.000,0.0,0.0,0.0,0.0,0,0,0.0
2024-01-06T15:55:00.000,0.0,0.0,0.0,0.0,0,0,0.0
2024-01-06T16:00:00.000,0.0,0.0,0.0,0.0,0,0,0.0
2024-01-07T09:30:00.000,0.0,0.0,0.0,0.0,0,0,0.0
2024-01-07T09:35:00.000,0.0,0.0,0.0,0.0,0,0,0.0
2024-01-07T09:40:00.000,0.0,0.0,0.0,0.0,0,0,0.0
2024-01-07T09:45:00.000,0.0,0.0,0.0,0.0,0,0,0.0
2024-01-07T09:50:00.000,0.0,0.0,0.0,0.0,0,0,0.0
2024-01-07T09:55:00.000,0.0,0.0,0.0,0.0,0,0,0.0
2024-01-07T10:00:00.000,0.0,0.0,0.0,0.0,0,0,0.0
2024-01-07T10:05:00.000,0.0,0.0,0.0,0.0,0,0,0.0
2024-01-07T10:10:00.000,0.0,0.0,0.0,0.0,0,0,0.0
2024-01-07T10:15:00.000,0.0,0.0,0.0,0.0,0,0,0.0
2024-01-07T10:20:00.000,0.0,0.0,0.0,0.0,0,0,0.0
2024-01-07T10:25:00.000,0.0,0.0,0.0,0.0,0,0,0.0
2024-01-07T10:30:00.000,0.0,0.0,0.0,0.0,0,0,0.0
2024-01-07T10:35:00.000,0.0,0.0,0.0,0.0,0,0,0.0
2024-01-07T10:40:00.000,0.0,0.0,0.0,0.0,0,0,0.0
2024-01-07T10:45:00.000,0.0,0.0,0.0,0.0,0,0,0.0
2024-01-07T10:50:00.000,0.0,0.0,0.0,0.0,0,0,0.0
2024-01-07T10:55:00.000,0.0,0.0,0.0,0.0,0,0,0.0
2024-01-07T11:00:00.000,0.0,0.0,0.0,0.0,0,0,0.0
2024-01-07T11:05:00.000,0.0,0.0,0.0,0.0,0,0,0.0
2024-01-07T11:10:00.000,0.0,0.0,0.0,0.0,0,0,0.0
2024-01-07T11:15:00.000,0.0,0.0,0.0,0.0,0,0,0.0
2024-01-07T11:20:00.000,0.0,0.0,0.0,0.0,0,0,0.0
2024-01-07T11:25:00.000,0.0,0.0,0.0,0.0,0,0,0.0
2024-01-07T11:30:00.000,0.0,0.0,0.0,0.0,0,0,0.0
2024-01-07T11:35:00.000,0.0,0.0,0.0,0.0,0,0,0.0
2024-01-07T11:40:00.000,0.0,0.0,0.0,0.0,0,0,0.0
2024-01-07T11:45:00.000,0.0,0.0,0.0,0.0,0,0,0.0
2024-01-07T11:50:00.000,0.0,0.0,0.0,0.0,0,0,0.0
2024-01-07T11:55:00.000,0.0,0.0,0.0,0.0,0,0,0.0
2024-01-07T12:00:00.000,0.0,0.0,0.0,0.0,0,0,0.0
2024-01-07T12:05:00.000,0.0,0.0,0.0,0.0,0,0,0.0
2024-01-07T12:10:00.000,0.0,0.0,0.0,0.0,0,0,0.0
2024-01-07T12:15:00.000,0.0,0.0,0.0,0.0,0,0,0.0
2024-01-07T12:20:00.000,0.0,0.0,0.0,0.0,0,0,0.0
2024-01-07T12:25:00.000,0.0,0.0,0.0,0.0,0,0,0.0
2024-01-07T12:30:00.000,0.0,0.0,0.0,0.0,0,0,0.0
2024-01-07T12:35:00.000,0.0,0.0,0.0,0.0,0,0,0.0
2024-01-07T12:40:00.000,0.0,0.0,0.0,0.0,0,0,0.0
2024-01-07T12:45:00.000,0.0,0.0,0.0,0.0,0,0,0.0
2024-01-07T12:50:00.000,0.0,0.0,0.0,0.0,0,0,0.0
2024-01-07T12:55:00.000,0.0,0.0,0.0,0.0,0,0,0.0
2024-01-07T13:00:00.000,0.0,0.0,0.0,0.0,0,0,0.0
2024-01-07T13:05:00.000,0.0,0.0,0.0,0.0,0,0,0.0
2024-01-07T13:10:00.000,0.0,0.0,0.0,0.0,0,0,0.0
2024-01-07T13:15:00.000,0.0,0.0,0.0,0.0,0,0,0.0
2024-01-07T13:20:00.000,0.0,0.0,0.0,0.0,0,0,0.0
2024-01-07T13:25:00.000,0.0,0.0,0.0,0.0,0,0,0.0
2024-01-07T13:30:00.000,0.0,0.0,0.0,0.0,0,0,0.0
2024-01-07T13:35:00.000,0.0,0.0,0.0,0.0,0,0,0.0
2024-01-07T13:40:00.000,0.0,0.0,0.0,0.0,0,0,0.0
2024-01-07T13:45:00.000,0.0,0.0,0.0,0.0,0,0,0.0
2024-01-07T13:50:00.000,0.0,0.0,0.0,0.0,0,0,0.0
2024-01-07T13:55:00.000,0.0,0.0,0.0,0.0,0,0,0.0
2024-01-07T14:00:00.000,0.0,0.0,0.0,0.0,0,0,0.0
2024-01-07T14:05:00.000,0.0,0.0,0.0,0.0,0,0,0.0
2024-01-07T14:10:00.000,0.0,0.0,0.0,0.0,0,0,0.0
2024-01-07T14:15:00.000,0.0,0.0,0.0,0.0,0,0,0.0
2024-01-07T14:20:00.000,0.0,0.0,0.0,0.0,0,0,0.0
2024-01-07T14:25:00.000,0.0,0.0,0.0,0.0,0,0,0.0
2024-01-07T14:30:00.000,0.0,0.0,0.0,0.0,0,0,0.0
2024-01-07T14:35:00.000,0.0,0.0,0.0,0.0,0,0,0.0
2024-01-07T14:40:00.000,0.0,0.0,0.0,0.0,0,0,0.0
2024-01-07T14:45:00.000,0.0,0.0,0.0,0.0,0,0,0.0
2024-01-07T14:50:00.000,0.0,0.0,0.0,0.0,0,0,0.0
2024-01-07T14:55:00.000,0.0,0.0,0.0,0.0,0,0,0.0
2024-01-07T15:00:00.000,0.0,0.0,0.0,0.0,0,0,0.0
2024-01-07T15:05:00.000,0.0,0.0,0.0,0.0,0,0,0.0
2024-01-07T15:10:00.000,0.0,0.0,0.0,0.0,0,0,0.0
2024-01-07T15:15:00.000,0.0,0.0,0.0,0.0,0,0,0.0
2024-01-07T15:20:00.000,0.0,0.0,0.0,0.0,0,0,0.0
2024-01-07T15:25:00.000,0.0,0.0,0.0,0.0,0,0,0.0
2024-01-07T15:30:00.000,0.0,0.0,0.0,0.0,0,0,0.0
2024-01-07T15:35:00.000,0.0,0.0,0.0,0.0,0,0,0.0
2024-01-07T15:40:00.000,0.0,0.0,0.0,0.0,0,0,0.0
2024-01-07T15:45:00.000,0.0,0.0,0.0,0.0,0,0,0.0
2024-01-07T15:50:00.000,0.0,0.0,0.0,0.0,0,0,0.0
2024-01-07T15:55:00.000,0.0,0.0,0.0,0.0,0,0,0.0
2024-01-07T16:00:00.000,0.0,0.0,0.0,0.0,0,0,0.0
2024-01-08T09:30:00.000,468.43,469.09,468.3,469.08,1825031,16843,468.77
2024-01-08T09:35:00.000,469.08,469.26,468.93,469.19,786296,7697,468.88
2024-01-08T09:40:00.000,469.19,469.31,468.52,468.88,1054603,10784,468.89
2024-01-08T09:45:00.000,468.89,469.35,468.89,469.1269,791380,7775,468.93
2024-01-08T09:50:00.000,469.12,469.32,468.64,468.96,830846,8662,468.94
2024-01-08T09:55:00.000,468.96,469.78,468.89,469.73,1101193,10167,469.02
2024-01-08T10:00:00.000,469.73,469.9196,469.35,469.895,865542,11699,469.09
2024-01-08T10:05:00.000,469.9,469.95,469.53,469.68,1059286,16697,469.18
2024-01-08T10:10:00.000,469.6787,469.81,469.38,469.4805,869892,8415,469.22
2024-01-08T10:15:00.000,469.49,469.82,469.47,469.7904,1211179,10001,469.27
2024-01-08T10:20:00.000,469.79,469.875,469.55,469.8,1598589,5199,469.29
2024-01-08T10:25:00.000,469.79,470.02,469.76,469.95,593939,4827,469.32
2024-01-08T10:30:00.000,469.96,470.43,469.96,470.42,1334564,8625,469.4
2024-01-08T10:35:00.000,470.41,470.41,470.12,470.2701,627675,5110,469.44
2024-01-08T10:40:00.000,470.27,470.44,470.26,470.38,907993,5806,469.48
2024-01-08T10:45:00.000,470.38,470.735,470.35,470.7201,674274,5193,469.53
2024-01-08T10:50:00.000,470.73,470.745,470.35,470.4,552952,4722,469.56
2024-01-08T10:55:00.000,470.4,470.505,470.28,470.36,493413,4403,469.59
2024-01-08T11:00:00.000,470.38,470.445,470.07,470.08,771684,4782,469.61
2024-01-08T11:05:00.000,470.09,470.47,470.09,470.23,445909,4306,469.62
2024-01-08T11:10:00.000,470.24,470.37,469.97,470.255,522576,5663,469.64
2024-01-08T11:15:00.000,470.275,470.415,470.16,470.41,379192,3369,469.65
2024-01-08T11:20:00.000,470.42,470.62,470.225,470.38,649357,4897,469.68
2024-01-08T11:25:00.000,470.3795,470.48,470.27,470.41,355014,3288,469.69
2024-01-08T11:30:00.000,470.41,470.62,470.38,470.5199,361475,3387,469.71
2024-01-08T11:35:00.000,470.525,470.65,470.38,470.5,667875,5652,469.74
2024-01-08T11:40:00.000,470.505,470.65,470.37,470.605,558149,4731,469.76
2024-01-08T11:45:00.000,470.605,470.81,470.5,470.6,403769,3936,469.77
2024-01-08T11:50:00.000,470.59,470.71,470.49,470.68,343124,3195,469.79
2024-01-08T11:55:00.000,470.67,470.9,470.465,470.8799,765793,6998,469.82
2024-01-08T12:00:00.000,470.88,471.25,470.8701,471.08,1413180,7453,469.87
2024-01-08T12:05:00.000,471.08,471.23,470.98,471.03,519253,5060,469.9
2024-01-08T12:10:00.000,471.0199,471.12,470.9011,470.98,447741,3677,469.92
2024-01-08T12:15:00.000,470.97,471.165,470.95,471.055,655152,2886,469.93
2024-01-08T12:20:00.000,471.045,471.0501,470.56,470.74,618148,4526,469.96
2024-01-08T12:25:00.000,470.73,470.765,470.63,470.73,314962,2806,469.97
2024-01-08T12:30:00.000,470.755,471.02,470.68,471.01,323838,3113,469.98
2024-01-08T12:35:00.000,471.0101,471.32,470.975,471.27,409837,3253,470.0
2024-01-08T12:40:00.000,471.26,471.37,471.11,471.19,507185,4065,470.02
2024-01-08T12:45:00.000,471.19,471.26,471.14,471.2199,221047,2235,470.03
2024-01-08T12:50:00.000,471.22,471.635,471.16,471.55,476187,4210,470.06
2024-01-08T12:55:00.000,471.55,471.58,471.33,471.47,427599,3862,470.08
2024-01-08T13:00:00.000,471.47,471.51,471.34,471.439,514774,3047,470.09
2024-01-08T13:05:00.000,471.43,471.72,471.43,471.52,740676,4533,470.12
2024-01-08T13:10:00.000,471.53,471.54,471.245,471.41,430003,3969,470.14
2024-01-08T13:15:00.000,471.41,471.51,471.3495,471.3715,250229,2444,470.15
2024-01-08T13:20:00.000,471.39,471.62,471.35,471.59,357730,3102,470.17
2024-01-08T13:25:00.000,471.6,471.65,471.3394,471.3797,318572,3085,470.18
2024-01-08T13:30:00.000,471.375,471.53,471.36,471.52,607440,4030,470.2
2024-01-08T13:35:00.000,471.52,471.53,471.36,471.445,269347,2949,470.21
2024-01-08T13:40:00.000,471.46,471.64,471.41,471.61,326095,3014,470.22
2024-01-08T13:45:00.000,471.61,471.9,471.61,471.77,557331,4842,470.25
2024-01-08T13:50:00.000,471.77,471.84,471.64,471.76,316646,3065,470.27
2024-01-08T13:55:00.000,471.76,472.09,471.74,472.02,567203,3542,470.29
2024-01-08T14:00:00.000,472.03,472.12,471.92,472.04,623810,5436,470.32
2024-01-08T14:05:00.000,472.03,472.1581,471.91,472.125,355648,3448,470.34
2024-01-08T14:10:00.000,472.13,472.595,472.13,472.55,760828,7351,470.38
2024-01-08T14:15:00.000,472.54,472.69,472.43,472.51,684513,6587,470.43
2024-01-08T14:20:00.000,472.51,472.58,472.38,472.57,599902,4594,470.46
2024-01-08T14:25:00.000,472.57,473.015,472.565,472.97,1072486,7559,470.53
2024-01-08T14:30:00.000,472.98,473.4,472.98,473.24,1334109,8737,470.61
2024-01-08T14:35:00.000,473.2625,473.265,473.05,473.11,908084,6409,470.68
2024-01-08T14:40:00.000,473.11,473.4,473.0803,473.26,662541,5300,470.72
2024-01-08T14:45:00.000,473.27,473.52,473.23,473.4301,879045,4916,470.77
2024-01-08T14:50:00.000,473.44,473.58,473.37,473.505,622938,4927,470.81
2024-01-08T14:55:00.000,473.51,474.0,473.5,473.7599,1126297,8531,470.89
2024-01-08T15:00:00.000,473.76,473.86,473.52,473.815,1310218,8102,470.96
2024-01-08T15:05:00.000,473.82,473.89,473.55,473.6899,741129,5173,471.01
2024-01-08T15:10:00.000,473.69,473.7,473.38,473.4459,877089,5486,471.06
2024-01-08T15:15:00.000,473.455,473.93,473.395,473.83,750363,5730,471.11
2024-01-08T15:20:00.000,473.83,473.93,473.72,473.89,688994,5418,471.14
2024-01-08T15:25:00.000,473.9,473.94,473.625,473.66,813435,6573,471.19
2024-01-08T15:30:00.000,473.66,473.88,473.58,473.87,894906,7600,471.24
2024-01-08T15:35:00.000,473.875,474.3599,470.6991,474.345,1608655,12697,471.33
2024-01-08T15:40:00.000,474.33,474.49,474.06,474.17,1882367,14119,471.45
2024-01-08T15:45:00.000,474.17,474.17,473.62,473.65,3279988,18646,471.58
2024-01-08T15:50:00.000,473.65,474.72,473.645,474.59,3616464,22094,471.76
2024-01-08T15:55:00.000,474.59,474.75,474.34,474.56,5496754,27713,472.0
2024-01-08T16:00:00.000,0.0,0.0,0.0,0.0,79,1,472.0
2024-01-09T09:30:00.000,471.87,472.11,471.74,472.08,1702864,15497,471.92
2024-01-09T09:35:00.000,472.08,472.2,471.88,471.98,891356,7953,471.97
2024-01-09T09:40:00.000,471.99,472.145,471.7,471.82,724915,7184,471.96
2024-01-09T09:45:00.000,471.8,471.8,471.35,471.62,1332032,9832,471.86
2024-01-09T09:50:00.000,471.62,471.99,471.52,471.8001,727321,6931,471.85
2024-01-09T09:55:00.000,471.8,472.17,471.7,472.1625,971256,7645,471.86
2024-01-09T10:00:00.000,472.16,472.32,471.79,471.802,1241659,16512,471.9
2024-01-09T10:05:00.000,471.805,472.345,471.57,472.3191,971309,9627,471.9
2024-01-09T10:10:00.000,472.32,472.5479,472.29,472.5432,655446,6380,471.94
2024-01-09T10:15:00.000,472.54,472.9501,472.48,472.855,940740,7806,472.02
2024-01-09T10:20:00.000,472.84,472.92,472.7155,472.76,1153796,6287,472.07
2024-01-09T10:25:00.000,472.765,472.82,472.375,472.5,1713524,5920,472.11
2024-01-09T10:30:00.000,472.49,472.705,472.28,472.65,919919,5610,472.13
2024-01-09T10:35:00.000,472.64,472.81,472.46,472.755,694609,4034,472.15
2024-01-09T10:40:00.000,472.75,472.8,472.57,472.71,1295177,4817,472.17
2024-01-09T10:45:00.000,472.7,472.77,472.45,472.68,669986,4152,472.19
2024-01-09T10:50:00.000,472.66,472.69,472.3,472.4001,396638,4059,472.19
2024-01-09T10:55:00.000,472.4,472.54,472.16,472.23,422520,4072,472.2
2024-01-09T11:00:00.000,472.22,472.78,472.21,472.73,502762,4452,472.21
2024-01-09T11:05:00.000,472.73,472.8,472.52,472.67,387309,3611,472.22
2024-01-09T11:10:00.000,472.67,472.78,472.545,472.75,415707,3685,472.24
2024-01-09T11:15:00.000,472.74,473.18,472.705,473.02,1082513,5362,472.26
2024-01-09T11:20:00.000,473.03,473.34,473.02,473.335,791297,5253,472.29
2024-01-09T11:25:00.000,473.33,473.33,473.21,473.285,482154,4384,472.32
2024-01-09T11:30:00.000,473.29,473.52,473.29,473.4731,525953,4611,472.35
2024-01-09T11:35:00.000,473.455,473.505,473.205,473.285,519261,4746,472.38
2024-01-09T11:40:00.000,473.28,473.39,473.08,473.38,377226,3664,472.4
2024-01-09T11:45:00.000,473.38,473.475,473.32,473.42,259429,3000,472.41
2024-01-09T11:50:00.000,473.425,473.845,473.4,473.79,636488,5766,472.46
2024-01-09T11:55:00.000,473.795,474.23,473.775,474.22,973157,6063,472.51
2024-01-09T12:00:00.000,474.225,474.285,473.83,474.06,958251,7544,472.59
2024-01-09T12:05:00.000,474.06,474.375,474.04,474.3382,366403,3557,472.62
2024-01-09T12:10:00.000,474.33,474.33,474.135,474.21,351685,2991,472.64
2024-01-09T12:15:00.000,474.21,474.3,473.94,473.99,484733,3283,472.67
2024-01-09T12:20:00.000,473.97,474.2468,473.96,474.21,288142,2965,472.69
2024-01-09T12:25:00.000,474.22,474.3,474.16,474.23,202051,2388,472.7
2024-01-09T12:30:00.000,474.24,474.3,474.091,474.115,315286,3131,472.72
2024-01-09T12:35:00.000,474.11,474.2199,474.06,474.1401,528003,2399,472.73
2024-01-09T12:40:00.000,474.14,474.34,474.135,474.31,318732,3210,472.75
2024-01-09T12:45:00.000,474.3,474.36,474.1101,474.16,257764,2683,472.77
2024-01-09T12:50:00.000,474.16,474.47,474.135,474.39,335261,3571,472.79
2024-01-09T12:55:00.000,474.38,474.38,474.2,474.34,209821,2437,472.8
2024-01-09T13:00:00.000,474.35,474.92,474.34,474.88,895997,5818,472.85
2024-01-09T13:05:00.000,474.88,474.93,474.065,474.125,597150,5114,472.89
2024-01-09T13:10:00.000,474.13,474.445,474.105,474.365,576840,3106,472.91
2024-01-09T13:15:00.000,474.35,474.4,474.2201,474.265,259291,2710,472.92
2024-01-09T13:20:00.000,474.265,474.34,473.93,473.965,334841,3391,472.94
2024-01-09T13:25:00.000,473.96,474.06,473.755,473.8,881613,4805,472.96
2024-01-09T13:30:00.000,473.81,473.81,473.15,473.29,888452,8031,472.97
2024-01-09T13:35:00.000,473.3,473.66,473.24,473.56,502573,3845,472.98
2024-01-09T13:40:00.000,473.57,473.64,473.4,473.53,724258,3957,472.99
2024-01-09T13:45:00.000,473.54,474.12,473.45,474.035,590915,4319,473.01
2024-01-09T13:50:00.000,474.03,474.6699,474.02,474.5112,841152,6688,473.05
2024-01-09T13:55:00.000,474.52,474.6,474.23,474.28,428054,3568,473.07
2024-01-09T14:00:00.000,474.295,474.51,474.295,474.4,396974,3541,473.08
2024-01-09T14:05:00.000,474.395,474.53,473.165,474.52,292658,3160,473.1
2024-01-09T14:10:00.000,474.5216,474.545,473.975,473.99,639810,5241,473.12
2024-01-09T14:15:00.000,474.005,474.01,473.58,473.83,720313,5754,473.13
2024-01-09T14:20:00.000,473.84,474.04,473.69,473.77,462478,3908,473.14
2024-01-09T14:25:00.000,473.78,473.8945,473.4599,473.595,514974,4235,473.15
2024-01-09T14:30:00.000,473.6,473.95,473.58,473.8699,453594,4036,473.16
2024-01-09T14:35:00.000,473.86,473.95,473.6,473.6325,372971,3399,473.17
2024-01-09T14:40:00.000,473.6284,473.735,473.35,473.485,489384,4043,473.17
2024-01-09T14:45:00.000,473.49,473.775,473.38,473.75,369855,3450,473.18
2024-01-09T14:50:00.000,473.73,473.83,473.445,473.77,461758,4056,473.18
2024-01-09T14:55:00.000,473.77,473.9,473.52,473.79,589698,3280,473.19
2024-01-09T15:00:00.000,473.79,474.02,473.77,473.9599,483445,4484,473.2
2024-01-09T15:05:00.000,473.98,474.01,473.19,473.55,853836,6827,473.21
2024-01-09T15:10:00.000,473.56,473.8684,473.54,473.631,821309,4862,473.21
2024-01-09T15:15:00.000,473.63,473.835,473.57,473.75,316282,3065,473.22
2024-01-09T15:20:00.000,473.73,474.25,473.68,473.72,475458,4350,473.23
2024-01-09T15:25:00.000,473.72,473.9,473.63,473.78,388042,3447,473.23
2024-01-09T15:30:00.000,473.765,473.85,473.58,473.67,540503,5245,473.24
2024-01-09T15:35:00.000,473.67,473.74,473.5,473.66,774165,6883,473.24
2024-01-09T15:40:00.000,473.6501,473.69,473.25,473.43,1813038,7040,473.25
2024-01-09T15:45:00.000,473.43,473.51,473.21,473.2306,1247102,8254,473.25
2024-01-09T15:50:00.000,473.24,474.03,472.93,473.955,2933995,18632,473.27
2024-01-09T15:55:00.000,473.96,474.2,473.63,473.84,5454313,26886,473.33
2024-01-09T16:00:00.000,0.0,0.0,0.0,0.0,93,1,473.33
2024-01-10T09:30:00.000,474.16,474.85,474.14,474.81,1777400,14487,474.51
2024-01-10T09:35:00.000,474.82,475.18,474.76,475.14,1161375,10188,474.7
2024-01-10T09:40:00.000,475.15,475.34,474.87,475.16,889742,7810,474.79
2024-01-10T09:45:00.000,475.165,475.25,474.85,475.09,826284,7493,474.83
2024-01-10T09:50:00.000,475.08,475.15,474.44,474.465,756427,6527,474.81
2024-01-10T09:55:00.000,474.47,474.74,474.37,474.71,558561,5280,474.78
2024-01-10T10:00:00.000,474.71,474.765,474.02,474.18,651168,15011,474.74
2024-01-10T10:05:00.000,474.18,474.32,473.87,474.3099,722131,9598,474.68
2024-01-10T10:10:00.000,474.29,474.64,474.25,474.47,603490,5877,474.66
2024-01-10T10:15:00.000,474.48,474.6773,474.28,474.33,478243,4722,474.65
2024-01-10T10:20:00.000,474.33,474.515,474.22,474.31,382598,4128,474.64
2024-01-10T10:25:00.000,474.31,474.81,474.23,474.7,421230,4779,474.64
2024-01-10T10:30:00.000,474.7,474.91,474.695,474.8499,642396,6290,474.65
2024-01-10T10:35:00.000,474.83,474.96,474.741,474.88,326691,3382,474.65
2024-01-10T10:40:00.000,474.88,475.195,474.85,475.11,536041,5191,474.67
2024-01-10T10:45:00.000,475.12,475.18,474.84,475.0802,515783,4945,474.69
2024-01-10T10:50:00.000,475.08,475.155,474.94,474.97,371270,3771,474.7
2024-01-10T10:55:00.000,474.97,475.2503,474.97,475.22,892723,4028,474.71
2024-01-10T11:00:00.000,475.23,475.275,475.07,475.13,774983,4764,474.73
2024-01-10T11:05:00.000,475.13,475.2,475.02,475.16,338672,3352,474.74
2024-01-10T11:10:00.000,475.16,475.18,474.425,474.69,622993,5595,474.74
2024-01-10T11:15:00.000,474.7,474.8,474.46,474.79,870942,4378,474.74
2024-01-10T11:20:00.000,474.7811,474.985,474.7501,474.85,400872,3639,474.74
2024-01-10T11:25:00.000,474.84,474.98,474.725,474.78,291705,2967,474.74
2024-01-10T11:30:00.000,474.79,474.885,474.555,474.65,429328,4135,474.74
2024-01-10T11:35:00.000,474.67,474.78,474.59,474.7001,364725,3181,474.74
2024-01-10T11:40:00.000,474.7,475.035,474.7,475.0001,404127,3563,474.75
2024-01-10T11:45:00.000,475.015,475.075,474.81,474.84,507620,2659,474.75
2024-01-10T11:50:00.000,474.85,474.87,474.48,474.83,427598,4136,474.75
2024-01-10T11:55:00.000,474.82,475.075,474.72,474.92,331849,3499,474.75
2024-01-10T12:00:00.000,474.93,474.9499,474.6,474.72,389739,3608,474.75
2024-01-10T12:05:00.000,474.7006,474.96,474.62,474.9325,541221,3029,474.75
2024-01-10T12:10:00.000,474.9316,475.0799,474.83,475.04,275733,2902,474.75
2024-01-10T12:15:00.000,475.04,475.125,474.8783,475.02,360531,3544,474.76
2024-01-10T12:20:00.000,475.03,475.18,475.02,475.14,347206,3359,474.76
2024-01-10T12:25:00.000,475.1412,475.155,474.94,475.12,279473,3050,474.77
2024-01-10T12:30:00.000,475.13,475.24,475.09,475.19,443447,3855,474.78
2024-01-10T12:35:00.000,475.18,475.4,475.145,475.33,601882,3593,474.79
2024-01-10T12:40:00.000,475.32,475.38,475.07,475.24,452684,3889,474.8
2024-01-10T12:45:00.000,475.23,475.35,475.15,475.32,240038,2821,474.8
2024-01-10T12:50:00.000,475.32,475.405,475.27,475.33,358217,3449,474.81
2024-01-10T12:55:00.000,475.33,475.475,475.2901,475.3897,428516,4077,474.82
2024-01-10T13:00:00.000,475.39,475.86,475.02,475.8001,1148813,8203,474.85
2024-01-10T13:05:00.000,475.81,475.9299,475.33,475.34,611616,5433,474.86
2024-01-10T13:10:00.000,475.34,475.375,474.8101,475.21,701419,6075,474.87
2024-01-10T13:15:00.000,475.19,475.51,475.09,475.36,431797,3921,474.88
2024-01-10T13:20:00.000,475.355,475.43,475.04,475.395,475175,4597,474.89
2024-01-10T13:25:00.000,475.4,475.48,475.24,475.3,447749,4241,474.9
2024-01-10T13:30:00.000,475.31,475.66,475.24,475.63,425102,4356,474.9
2024-01-10T13:35:00.000,475.63,475.64,475.2301,475.485,501399,3854,474.91
2024-01-10T13:40:00.000,475.49,475.61,475.425,475.53,303493,2941,474.92
2024-01-10T13:45:00.000,475.53,475.69,475.48,475.68,297543,3150,474.93
2024-01-10T13:50:00.000,475.6809,475.83,475.635,475.78,375590,3545,474.94
2024-01-10T13:55:00.000,475.78,475.87,475.68,475.753,461938,4073,474.95
2024-01-10T14:00:00.000,475.76,475.91,475.675,475.91,427808,3932,474.97
2024-01-10T14:05:00.000,475.905,475.96,475.76,475.8673,809532,4600,474.98
2024-01-10T14:10:00.000,475.87,476.75,475.82,476.34,1227301,10555,475.04
2024-01-10T14:15:00.000,476.33,476.66,476.33,476.6101,624923,5088,475.07
2024-01-10T14:20:00.000,476.62,476.68,476.4099,476.665,450743,4658,475.09
2024-01-10T14:25:00.000,476.66,476.83,476.48,476.62,977437,6210,475.13
2024-01-10T14:30:00.000,476.62,476.8,476.6,476.69,726256,4376,475.15
2024-01-10T14:35:00.000,476.7,476.76,476.48,476.61,769120,4654,475.17
2024-01-10T14:40:00.000,476.61,476.74,476.56,476.73,575600,4836,475.2
2024-01-10T14:45:00.000,476.74,476.96,476.735,476.81,561761,5318,475.23
2024-01-10T14:50:00.000,476.82,477.26,476.82,477.13,779161,6914,475.27
2024-01-10T14:55:00.000,477.1373,477.2801,477.09,477.25,512925,4601,475.3
2024-01-10T15:00:00.000,477.25,477.35,476.935,477.25,1123191,6756,475.34
2024-01-10T15:05:00.000,477.25,477.4481,477.09,477.364,913374,6367,475.38
2024-01-10T15:10:00.000,477.36,477.36,476.7,476.96,1579896,9159,475.43
2024-01-10T15:15:00.000,476.95,477.15,476.63,476.7399,1248802,9027,475.47
2024-01-10T15:20:00.000,476.74,476.87,475.93,476.0,1340272,11756,475.5
2024-01-10T15:25:00.000,476.01,476.49,475.885,476.22,1095357,7810,475.51
2024-01-10T15:30:00.000,476.24,476.61,476.04,476.46,671282,6795,475.52
2024-01-10T15:35:00.000,476.47,476.515,476.2,476.36,777956,6839,475.54
2024-01-10T15:40:00.000,476.36,476.41,475.81,475.91,927289,8579,475.55
2024-01-10T15:45:00.000,475.895,476.08,475.51,475.56,1471861,12122,475.56
2024-01-10T15:50:00.000,475.55,476.25,475.18,476.23,2349438,17196,475.57
2024-01-10T15:55:00.000,476.23,476.84,476.13,476.52,4757799,24538,475.65
2024-01-10T16:00:00.000,476.52,476.52,476.52,476.52,584,1,475.65
2024-01-11T09:30:00.000,477.59,477.88,476.89,477.6699,2417622,19511,477.5
2024-01-11T09:35:00.000,477.68,478.12,477.53,477.65,1121855,9630,477.6
2024-01-11T09:40:00.000,477.67,477.78,477.08,477.12,777234,7783,477.56
2024-01-11T09:45:00.000,477.13,477.175,476.16,476.21,1002201,9792,477.39
2024-01-11T09:50:00.000,476.24,476.34,475.72,476.17,866834,7719,477.2
2024-01-11T09:55:00.000,476.17,476.335,475.97,476.32,1425747,5970,477.12
2024-01-11T10:00:00.000,476.32,476.38,474.9,474.99,1058595,18433,476.93
2024-01-11T10:05:00.000,475.0,475.11,473.75,473.82,1971950,18291,476.45
2024-01-11T10:10:00.000,473.82,474.21,473.57,473.75,1175567,10577,476.17
2024-01-11T10:15:00.000,473.77,474.8304,473.64,474.8304,1328053,11927,475.95
2024-01-11T10:20:00.000,474.83,475.06,474.57,474.73,740994,6820,475.88
2024-01-11T10:25:00.000,474.73,475.0,474.62,475.0,571447,5863,475.84
2024-01-11T10:30:00.000,474.99,475.57,474.37,474.414,1240669,11275,475.77
2024-01-11T10:35:00.000,474.405,475.195,474.405,475.11,803670,7549,475.73
2024-01-11T10:40:00.000,475.12,475.2,474.7,475.0705,542726,5511,475.7
2024-01-11T10:45:00.000,475.08,475.12,474.251,474.44,541010,5508,475.67
2024-01-11T10:50:00.000,474.46,474.57,473.895,473.97,705205,7247,475.61
2024-01-11T10:55:00.000,473.98,474.3077,473.87,473.99,713673,6869,475.55
2024-01-11T11:00:00.000,474.0,474.28,473.703,473.9,960553,7339,475.49
2024-01-11T11:05:00.000,473.895,474.14,473.74,473.806,518502,5159,475.45
2024-01-11T11:10:00.000,473.8,473.98,472.73,472.75,870530,9087,475.36
2024-01-11T11:15:00.000,472.755,472.93,472.52,472.8482,1364535,9187,475.22
2024-01-11T11:20:00.000,472.83,473.2,472.79,473.17,1185521,7452,475.14
2024-01-11T11:25:00.000,473.16,473.32,472.92,473.05,653525,6006,475.08
2024-01-11T11:30:00.000,473.05,473.13,472.7602,472.79,501682,4946,475.04
2024-01-11T11:35:00.000,472.8,473.14,472.45,472.51,943352,6755,474.97
2024-01-11T11:40:00.000,472.53,472.9399,472.43,472.5,1118253,7105,474.89
2024-01-11T11:45:00.000,472.52,473.37,472.26,473.345,1160465,8699,474.82
2024-01-11T11:50:00.000,473.32,473.52,472.545,472.721,1138100,8161,474.74
2024-01-11T11:55:00.000,472.73,472.86,472.5518,472.6133,963540,4052,474.71
2024-01-11T12:00:00.000,472.63,473.17,472.55,473.0999,630753,5782,474.67
2024-01-11T12:05:00.000,473.09,473.38,472.92,473.28,454481,4346,474.64
2024-01-11T12:10:00.000,473.29,473.619,473.22,473.4435,519125,5067,474.62
2024-01-11T12:15:00.000,473.45,473.57,473.11,473.255,549060,5578,474.6
2024-01-11T12:20:00.000,473.25,473.475,472.88,473.3601,583874,5365,474.57
2024-01-11T12:25:00.000,473.36,473.49,472.92,472.94,470770,4518,474.55
2024-01-11T12:30:00.000,472.96,473.31,472.96,473.2,636899,3811,474.53
2024-01-11T12:35:00.000,473.22,473.3494,472.9988,473.3,392441,4055,474.52
2024-01-11T12:40:00.000,473.31,474.0,473.31,473.83,493650,4960,474.5
2024-01-11T12:45:00.000,473.81,474.08,473.8005,473.99,607788,3738,474.5
2024-01-11T12:50:00.000,473.99,474.355,473.985,474.12,717558,6298,474.49
2024-01-11T12:55:00.000,474.11,474.24,473.78,473.96,818957,5105,474.48
2024-01-11T13:00:00.000,473.95,474.59,473.88,474.47,702932,6310,474.48
2024-01-11T13:05:00.000,474.47,474.75,474.31,474.51,716638,6482,474.48
2024-01-11T13:10:00.000,474.52,474.82,474.475,474.75,440500,5091,474.48
2024-01-11T13:15:00.000,474.75,475.04,474.62,474.77,906601,8145,474.49
2024-01-11T13:20:00.000,474.77,474.94,474.64,474.9,1044051,5306,474.49
2024-01-11T13:25:00.000,474.9,475.0,474.65,474.75,569184,5235,474.5
2024-01-11T13:30:00.000,474.76,474.97,474.6101,474.83,611241,5709,474.5
2024-01-11T13:35:00.000,474.83,475.03,474.81,474.96,322910,3286,474.5
2024-01-11T13:40:00.000,474.96,475.07,474.89,474.9998,478599,4058,474.51
2024-01-11T13:45:00.000,474.9992,475.09,474.79,474.9189,752933,3945,474.52
2024-01-11T13:50:00.000,474.92,475.45,474.7906,475.19,795663,6591,474.53
2024-01-11T13:55:00.000,475.2,475.82,475.15,475.7588,820646,6652,474.55
2024-01-11T14:00:00.000,475.76,476.12,475.6934,475.7999,1623537,9481,474.58
2024-01-11T14:05:00.000,475.8,475.87,475.32,475.36,750237,6586,474.6
2024-01-11T14:10:00.000,475.37,475.938,475.365,475.875,522500,4674,474.61
2024-01-11T14:15:00.000,475.875,476.0,475.61,475.63,661684,5629,474.63
2024-01-11T14:20:00.000,475.64,475.86,475.43,475.55,551560,4973,474.65
2024-01-11T14:25:00.000,475.54,476.23,475.53,476.1,509336,4672,474.66
2024-01-11T14:30:00.000,476.11,476.31,475.92,476.08,822027,5917,474.68
2024-01-11T14:35:00.000,476.08,476.25,475.99,476.15,403765,3504,474.7
2024-01-11T14:40:00.000,476.15,476.43,476.06,476.0701,575161,4773,474.72
2024-01-11T14:45:00.000,476.08,476.38,476.05,476.3,532021,4570,474.73
2024-01-11T14:50:00.000,476.3,476.66,476.3,476.585,548470,4849,474.75
2024-01-11T14:55:00.000,476.58,476.979,476.56,476.81,733236,5418,474.78
2024-01-11T15:00:00.000,476.83,476.92,476.155,476.3199,613842,4995,474.81
2024-01-11T15:05:00.000,476.32,476.365,475.965,476.05,550674,4914,474.82
2024-01-11T15:10:00.000,476.05,476.19,475.55,476.06,1164828,7061,474.84
2024-01-11T15:15:00.000,476.05,476.05,475.465,475.78,813875,6948,474.85
2024-01-11T15:20:00.000,475.7701,476.16,475.725,475.975,666231,5673,474.87
2024-01-11T15:25:00.000,475.96,476.33,475.86,475.91,610478,6068,474.88
2024-01-11T15:30:00.000,475.9,476.28,475.875,476.25,626356,6265,474.9
2024-01-11T15:35:00.000,476.255,476.255,475.69,475.83,885655,7911,474.91
2024-01-11T15:40:00.000,475.835,476.05,475.69,475.88,883848,7732,474.93
2024-01-11T15:45:00.000,475.88,476.25,475.71,476.06,1256007,10126,474.95
2024-01-11T15:50:00.000,476.06,476.18,475.54,476.12,1647900,13403,474.97
2024-01-11T15:55:00.000,476.12,476.7,476.05,476.32,3981425,21052,475.07
2024-01-11T16:00:00.000,476.32,476.32,476.32,476.32,800,4,475.07
2024-01-12T09:30:00.000,477.84,478.095,477.73,477.9714,1574662,13783,477.88
2024-01-12T09:35:00.000,477.98,478.5,477.9,478.355,1163074,10047,478.02
2024-01-12T09:40:00.000,478.355,478.57,478.225,478.3796,956310,8749,478.12
2024-01-12T09:45:00.000,478.375,478.6,478.09,478.095,1145118,10517,478.19
2024-01-12T09:50:00.000,478.1,478.35,477.88,477.96,758145,7752,478.18
2024-01-12T09:55:00.000,477.98,478.05,477.0797,477.12,970203,9880,478.1
2024-01-12T10:00:00.000,477.14,477.17,476.26,476.65,1737761,23713,477.8
2024-01-12T10:05:00.000,476.64,477.5,476.545,477.28,1168604,13426,477.71
2024-01-12T10:10:00.000,477.29,477.39,476.4,476.5799,826132,7587,477.64
2024-01-12T10:15:00.000,476.57,476.95,475.9,475.99,1010739,9722,477.53
2024-01-12T10:20:00.000,476.0,476.64,476.0,476.61,833089,7664,477.44
2024-01-12T10:25:00.000,476.6,476.7,476.245,476.53,823997,6427,477.39
2024-01-12T10:30:00.000,476.52,476.9101,476.46,476.66,739559,6893,477.35
2024-01-12T10:35:00.000,476.67,476.76,476.01,476.15,651843,7269,477.3
2024-01-12T10:40:00.000,476.15,476.5,475.64,476.37,854650,8934,477.24
2024-01-12T10:45:00.000,476.37,476.57,475.695,475.725,578730,5763,477.2
2024-01-12T10:50:00.000,475.76,475.905,475.23,475.36,874318,8137,477.11
2024-01-12T10:55:00.000,475.345,475.84,475.27,475.8,875047,7834,477.04
2024-01-12T11:00:00.000,475.81,476.17,475.61,476.075,804025,7231,476.98
2024-01-12T11:05:00.000,476.07,476.56,475.83,476.48,584950,6014,476.96
2024-01-12T11:10:00.000,476.46,476.65,476.2594,476.455,550354,5227,476.94
2024-01-12T11:15:00.000,476.45,476.72,476.31,476.52,578219,5637,476.93
2024-01-12T11:20:00.000,476.51,476.6,476.2152,476.3901,560595,5299,476.92
2024-01-12T11:25:00.000,476.39,476.79,476.3702,476.5795,433254,4638,476.91
2024-01-12T11:30:00.000,476.58,476.82,476.48,476.69,407102,3749,476.91
2024-01-12T11:35:00.000,476.69,476.695,475.405,475.875,779341,7437,476.88
2024-01-12T11:40:00.000,475.88,475.995,475.55,475.81,519585,4992,476.85
2024-01-12T11:45:00.000,475.8,475.97,475.4699,475.6805,404048,4126,476.83
2024-01-12T11:50:00.000,475.7,475.9,475.47,475.75,434171,4253,476.81
2024-01-12T11:55:00.000,475.76,475.87,475.52,475.67,299333,3527,476.79
2024-01-12T12:00:00.000,475.68,475.83,475.365,475.48,393624,4375,476.77
2024-01-12T12:05:00.000,475.49,475.8199,475.47,475.6496,276429,3064,476.76
2024-01-12T12:10:00.000,475.65,476.1,475.61,475.8801,458754,4749,476.74
2024-01-12T12:15:00.000,475.895,476.25,475.81,476.19,444465,4229,476.73
2024-01-12T12:20:00.000,476.17,476.32,475.861,475.89,460070,4283,476.72
2024-01-12T12:25:00.000,475.88,475.968,475.55,475.92,406589,4118,476.71
2024-01-12T12:30:00.000,475.94,476.12,475.73,476.01,309095,3090,476.7
2024-01-12T12:35:00.000,476.01,476.01,475.61,475.8899,192210,2476,476.69
2024-01-12T12:40:00.000,475.885,476.09,475.69,476.055,263831,3173,476.68
2024-01-12T12:45:00.000,476.04,476.1,475.73,475.905,294629,2913,476.67
2024-01-12T12:50:00.000,475.9,476.42,475.8,476.39,612779,4159,476.67
2024-01-12T12:55:00.000,476.39,476.49,475.96,476.13,493897,4299,476.66
2024-01-12T13:00:00.000,476.13,476.435,476.13,476.39,322236,3302,476.65
2024-01-12T13:05:00.000,476.41,476.53,476.27,476.4897,329978,3184,476.65
2024-01-12T13:10:00.000,476.48,476.6767,476.47,476.55,460735,4028,476.65
2024-01-12T13:15:00.000,476.55,476.65,476.45,476.54,432928,3938,476.65
2024-01-12T13:20:00.000,476.55,476.74,476.32,476.53,405611,3719,476.65
2024-01-12T13:25:00.000,476.53,476.76,476.492,476.6299,252592,2769,476.65
2024-01-12T13:30:00.000,476.64,476.72,476.4901,476.65,1256380,3509,476.65
2024-01-12T13:35:00.000,476.64,476.86,476.54,476.8,310239,3155,476.65
2024-01-12T13:40:00.000,476.81,476.93,476.6901,476.78,407088,3850,476.65
2024-01-12T13:45:00.000,476.78,476.86,476.64,476.86,267480,2635,476.65
2024-01-12T13:50:00.000,476.86,476.91,476.635,476.87,288927,2757,476.65
2024-01-12T13:55:00.000,476.8711,477.02,476.73,476.931,359535,3695,476.65
2024-01-12T14:00:00.000,476.93,477.0695,476.91,477.0695,267215,2812,476.66
2024-01-12T14:05:00.000,477.07,477.18,477.016,477.1343,476221,4144,476.66
2024-01-12T14:10:00.000,477.139,477.26,477.005,477.195,323257,3177,476.67
2024-01-12T14:15:00.000,477.2,477.34,477.1298,477.185,459644,4166,476.68
2024-01-12T14:20:00.000,477.185,477.21,476.58,476.98,575141,4923,476.68
2024-01-12T14:25:00.000,476.975,477.08,476.84,476.91,343303,3259,476.68
2024-01-12T14:30:00.000,476.9099,476.93,476.28,476.48,693228,5801,476.68
2024-01-12T14:35:00.000,476.46,476.56,476.15,476.531,439020,3651,476.68
2024-01-12T14:40:00.000,476.53,476.6,476.33,476.39,290344,2971,476.68
2024-01-12T14:45:00.000,476.39,476.3936,476.21,476.37,340176,3317,476.67
2024-01-12T14:50:00.000,476.37,476.6,476.32,476.37,428805,4514,476.67
2024-01-12T14:55:00.000,476.375,476.45,476.16,476.2501,464699,4189,476.67
2024-01-12T15:00:00.000,476.26,476.275,476.07,476.19,934927,4134,476.66
2024-01-12T15:05:00.000,476.185,476.48,476.07,476.1597,506234,4757,476.65
2024-01-12T15:10:00.000,476.16,476.28,476.0596,476.1899,386308,3639,476.65
2024-01-12T15:15:00.000,476.19,476.2913,476.01,476.06,685199,4383,476.64
2024-01-12T15:20:00.000,476.07,476.145,475.76,475.8975,549096,5473,476.63
2024-01-12T15:25:00.000,475.89,476.32,475.89,476.1895,572366,5526,476.63
2024-01-12T15:30:00.000,476.19,476.465,476.08,476.4393,653369,5669,476.62
2024-01-12T15:35:00.000,476.44,476.51,476.275,476.31,737538,4778,476.62
2024-01-12T15:40:00.000,476.33,476.51,476.09,476.47,720270,6491,476.61
2024-01-12T15:45:00.000,476.47,476.71,476.44,476.71,1256256,7649,476.61
2024-01-12T15:50:00.000,476.71,476.81,476.37,476.7033,1390094,11004,476.61
2024-01-12T15:55:00.000,476.7,476.9,476.49,476.665,3821044,19716,476.62
2024-01-12T16:00:00.000,476.66,476.66,476.66,476.66,200,2,476.62
2024-01-13T09:30:00.000,0.0,0.0,0.0,0.0,0,0,0.0
2024-01-13T09:35:00.000,0.0,0.0,0.0,0.0,0,0,0.0
2024-01-13T09:40:00.000,0.0,0.0,0.0,0.0,0,0,0.0
2024-01-13T09:45:00.000,0.0,0.0,0.0,0.0,0,0,0.0
2024-01-13T09:50:00.000,0.0,0.0,0.0,0.0,0,0,0.0
2024-01-13T09:55:00.000,0.0,0.0,0.0,0.0,0,0,0.0
2024-01-13T10:00:00.000,0.0,0.0,0.0,0.0,0,0,0.0
2024-01-13T10:05:00.000,0.0,0.0,0.0,0.0,0,0,0.0
2024-01-13T10:10:00.000,0.0,0.0,0.0,0.0,0,0,0.0
2024-01-13T10:15:00.000,0.0,0.0,0.0,0.0,0,0,0.0
2024-01-13T10:20:00.000,0.0,0.0,0.0,0.0,0,0,0.0
2024-01-13T10:25:00.000,0.0,0.0,0.0,0.0,0,0,0.0
2024-01-13T10:30:00.000,0.0,0.0,0.0,0.0,0,0,0.0
2024-01-13T10:35:00.000,0.0,0.0,0.0,0.0,0,0,0.0
2024-01-13T10:40:00.000,0.0,0.0,0.0,0.0,0,0,0.0
2024-01-13T10:45:00.000,0.0,0.0,0.0,0.0,0,0,0.0
2024-01-13T10:50:00.000,0.0,0.0,0.0,0.0,0,0,0.0
2024-01-13T10:55:00.000,0.0,0.0,0.0,0.0,0,0,0.0
2024-01-13T11:00:00.000,0.0,0.0,0.0,0.0,0,0,0.0
2024-01-13T11:05:00.000,0.0,0.0,0.0,0.0,0,0,0.0
2024-01-13T11:10:00.000,0.0,0.0,0.0,0.0,0,0,0.0
2024-01-13T11:15:00.000,0.0,0.0,0.0,0.0,0,0,0.0
2024-01-13T11:20:00.000,0.0,0.0,0.0,0.0,0,0,0.0
2024-01-13T11:25:00.000,0.0,0.0,0.0,0.0,0,0,0.0
2024-01-13T11:30:00.000,0.0,0.0,0.0,0.0,0,0,0.0
2024-01-13T11:35:00.000,0.0,0.0,0.0,0.0,0,0,0.0
2024-01-13T11:40:00.000,0.0,0.0,0.0,0.0,0,0,0.0
2024-01-13T11:45:00.000,0.0,0.0,0.0,0.0,0,0,0.0
2024-01-13T11:50:00.000,0.0,0.0,0.0,0.0,0,0,0.0
2024-01-13T11:55:00.000,0.0,0.0,0.0,0.0,0,0,0.0
2024-01-13T12:00:00.000,0.0,0.0,0.0,0.0,0,0,0.0
2024-01-13T12:05:00.000,0.0,0.0,0.0,0.0,0,0,0.0
2024-01-13T12:10:00.000,0.0,0.0,0.0,0.0,0,0,0.0
2024-01-13T12:15:00.000,0.0,0.0,0.0,0.0,0,0,0.0
2024-01-13T12:20:00.000,0.0,0.0,0.0,0.0,0,0,0.0
2024-01-13T12:25:00.000,0.0,0.0,0.0,0.0,0,0,0.0
2024-01-13T12:30:00.000,0.0,0.0,0.0,0.0,0,0,0.0
2024-01-13T12:35:00.000,0.0,0.0,0.0,0.0,0,0,0.0
2024-01-13T12:40:00.000,0.0,0.0,0.0,0.0,0,0,0.0
2024-01-13T12:45:00.000,0.0,0.0,0.0,0.0,0,0,0.0
2024-01-13T12:50:00.000,0.0,0.0,0.0,0.0,0,0,0.0
2024-01-13T12:55:00.000,0.0,0.0,0.0,0.0,0,0,0.0
2024-01-13T13:00:00.000,0.0,0.0,0.0,0.0,0,0,0.0
2024-01-13T13:05:00.000,0.0,0.0,0.0,0.0,0,0,0.0
2024-01-13T13:10:00.000,0.0,0.0,0.0,0.0,0,0,0.0
2024-01-13T13:15:00.000,0.0,0.0,0.0,0.0,0,0,0.0
2024-01-13T13:20:00.000,0.0,0.0,0.0,0.0,0,0,0.0
2024-01-13T13:25:00.000,0.0,0.0,0.0,0.0,0,0,0.0
2024-01-13T13:30:00.000,0.0,0.0,0.0,0.0,0,0,0.0
2024-01-13T13:35:00.000,0.0,0.0,0.0,0.0,0,0,0.0
2024-01-13T13:40:00.000,0.0,0.0,0.0,0.0,0,0,0.0
2024-01-13T13:45:00.000,0.0,0.0,0.0,0.0,0,0,0.0
2024-01-13T13:50:00.000,0.0,0.0,0.0,0.0,0,0,0.0
2024-01-13T13:55:00.000,0.0,0.0,0.0,0.0,0,0,0.0
2024-01-13T14:00:00.000,0.0,0.0,0.0,0.0,0,0,0.0
2024-01-13T14:05:00.000,0.0,0.0,0.0,0.0,0,0,0.0
2024-01-13T14:10:00.000,0.0,0.0,0.0,0.0,0,0,0.0
2024-01-13T14:15:00.000,0.0,0.0,0.0,0.0,0,0,0.0
2024-01-13T14:20:00.000,0.0,0.0,0.0,0.0,0,0,0.0
2024-01-13T14:25:00.000,0.0,0.0,0.0,0.0,0,0,0.0
2024-01-13T14:30:00.000,0.0,0.0,0.0,0.0,0,0,0.0
2024-01-13T14:35:00.000,0.0,0.0,0.0,0.0,0,0,0.0
2024-01-13T14:40:00.000,0.0,0.0,0.0,0.0,0,0,0.0
2024-01-13T14:45:00.000,0.0,0.0,0.0,0.0,0,0,0.0
2024-01-13T14:50:00.000,0.0,0.0,0.0,0.0,0,0,0.0
2024-01-13T14:55:00.000,0.0,0.0,0.0,0.0,0,0,0.0
2024-01-13T15:00:00.000,0.0,0.0,0.0,0.0,0,0,0.0
2024-01-13T15:05:00.000,0.0,0.0,0.0,0.0,0,0,0.0
2024-01-13T15:10:00.000,0.0,0.0,0.0,0.0,0,0,0.0
2024-01-13T15:15:00.000,0.0,0.0,0.0,0.0,0,0,0.0
2024-01-13T15:20:00.000,0.0,0.0,0.0,0.0,0,0,0.0
2024-01-13T15:25:00.000,0.0,0.0,0.0,0.0,0,0,0.0
2024-01-13T15:30:00.000,0.0,0.0,0.0,0.0,0,0,0.0
2024-01-13T15:35:00.000,0.0,0.0,0.0,0.0,0,0,0.0
2024-01-13T15:40:00.000,0.0,0.0,0.0,0.0,0,0,0.0
2024-01-13T15:45:00.000,0.0,0.0,0.0,0.0,0,0,0.0
2024-01-13T15:50:00.000,0.0,0.0,0.0,0.0,0,0,0.0
2024-01-13T15:55:00.000,0.0,0.0,0.0,0.0,0,0,0.0
2024-01-13T16:00:00.000,0.0,0.0,0.0,0.0,0,0,0.0
2024-01-14T09:30:00.000,0.0,0.0,0.0,0.0,0,0,0.0
2024-01-14T09:35:00.000,0.0,0.0,0.0,0.0,0,0,0.0
2024-01-14T09:40:00.000,0.0,0.0,0.0,0.0,0,0,0.0
2024-01-14T09:45:00.000,0.0,0.0,0.0,0.0,0,0,0.0
2024-01-14T09:50:00.000,0.0,0.0,0.0,0.0,0,0,0.0
2024-01-14T09:55:00.000,0.0,0.0,0.0,0.0,0,0,0.0
2024-01-14T10:00:00.000,0.0,0.0,0.0,0.0,0,0,0.0
2024-01-14T10:05:00.000,0.0,0.0,0.0,0.0,0,0,0.0
2024-01-14T10:10:00.000,0.0,0.0,0.0,0.0,0,0,0.0
2024-01-14T10:15:00.000,0.0,0.0,0.0,0.0,0,0,0.0
2024-01-14T10:20:00.000,0.0,0.0,0.0,0.0,0,0,0.0
2024-01-14T10:25:00.000,0.0,0.0,0.0,0.0,0,0,0.0
2024-01-14T10:30:00.000,0.0,0.0,0.0,0.0,0,0,0.0
2024-01-14T10:35:00.000,0.0,0.0,0.0,0.0,0,0,0.0
2024-01-14T10:40:00.000,0.0,0.0,0.0,0.0,0,0,0.0
2024-01-14T10:45:00.000,0.0,0.0,0.0,0.0,0,0,0.0
2024-01-14T10:50:00.000,0.0,0.0,0.0,0.0,0,0,0.0
2024-01-14T10:55:00.000,0.0,0.0,0.0,0.0,0,0,0.0
2024-01-14T11:00:00.000,0.0,0.0,0.0,0.0,0,0,0.0
2024-01-14T11:05:00.000,0.0,0.0,0.0,0.0,0,0,0.0
2024-01-14T11:10:00.000,0.0,0.0,0.0,0.0,0,0,0.0
2024-01-14T11:15:00.000,0.0,0.0,0.0,0.0,0,0,0.0
2024-01-14T11:20:00.000,0.0,0.0,0.0,0.0,0,0,0.0
2024-01-14T11:25:00.000,0.0,0.0,0.0,0.0,0,0,0.0
2024-01-14T11:30:00.000,0.0,0.0,0.0,0.0,0,0,0.0
2024-01-14T11:35:00.000,0.0,0.0,0.0,0.0,0,0,0.0
2024-01-14T11:40:00.000,0.0,0.0,0.0,0.0,0,0,0.0
2024-01-14T11:45:00.000,0.0,0.0,0.0,0.0,0,0,0.0
2024-01-14T11:50:00.000,0.0,0.0,0.0,0.0,0,0,0.0
2024-01-14T11:55:00.000,0.0,0.0,0.0,0.0,0,0,0.0
2024-01-14T12:00:00.000,0.0,0.0,0.0,0.0,0,0,0.0
2024-01-14T12:05:00.000,0.0,0.0,0.0,0.0,0,0,0.0
2024-01-14T12:10:00.000,0.0,0.0,0.0,0.0,0,0,0.0
2024-01-14T12:15:00.000,0.0,0.0,0.0,0.0,0,0,0.0
2024-01-14T12:20:00.000,0.0,0.0,0.0,0.0,0,0,0.0
2024-01-14T12:25:00.000,0.0,0.0,0.0,0.0,0,0,0.0
2024-01-14T12:30:00.000,0.0,0.0,0.0,0.0,0,0,0.0
2024-01-14T12:35:00.000,0.0,0.0,0.0,0.0,0,0,0.0
2024-01-14T12:40:00.000,0.0,0.0,0.0,0.0,0,0,0.0
2024-01-14T12:45:00.000,0.0,0.0,0.0,0.0,0,0,0.0
2024-01-14T12:50:00.000,0.0,0.0,0.0,0.0,0,0,0.0
2024-01-14T12:55:00.000,0.0,0.0,0.0,0.0,0,0,0.0
2024-01-14T13:00:00.000,0.0,0.0,0.0,0.0,0,0,0.0
2024-01-14T13:05:00.000,0.0,0.0,0.0,0.0,0,0,0.0
2024-01-14T13:10:00.000,0.0,0.0,0.0,0.0,0,0,0.0
2024-01-14T13:15:00.000,0.0,0.0,0.0,0.0,0,0,0.0
2024-01-14T13:20:00.000,0.0,0.0,0.0,0.0,0,0,0.0
2024-01-14T13:25:00.000,0.0,0.0,0.0,0.0,0,0,0.0
2024-01-14T13:30:00.000,0.0,0.0,0.0,0.0,0,0,0.0
2024-01-14T13:35:00.000,0.0,0.0,0.0,0.0,0,0,0.0
2024-01-14T13:40:00.000,0.0,0.0,0.0,0.0,0,0,0.0
2024-01-14T13:45:00.000,0.0,0.0,0.0,0.0,0,0,0.0
2024-01-14T13:50:00.000,0.0,0.0,0.0,0.0,0,0,0.0
2024-01-14T13:55:00.000,0.0,0.0,0.0,0.0,0,0,0.0
2024-01-14T14:00:00.000,0.0,0.0,0.0,0.0,0,0,0.0
2024-01-14T14:05:00.000,0.0,0.0,0.0,0.0,0,0,0.0
2024-01-14T14:10:00.000,0.0,0.0,0.0,0.0,0,0,0.0
2024-01-14T14:15:00.000,0.0,0.0,0.0,0.0,0,0,0.0
2024-01-14T14:20:00.000,0.0,0.0,0.0,0.0,0,0,0.0
2024-01-14T14:25:00.000,0.0,0.0,0.0,0.0,0,0,0.0
2024-01-14T14:30:00.000,0.0,0.0,0.0,0.0,0,0,0.0
2024-01-14T14:35:00.000,0.0,0.0,0.0,0.0,0,0,0.0
2024-01-14T14:40:00.000,0.0,0.0,0.0,0.0,0,0,0.0
2024-01-14T14:45:00.000,0.0,0.0,0.0,0.0,0,0,0.0
2024-01-14T14:50:00.000,0.0,0.0,0.0,0.0,0,0,0.0
2024-01-14T14:55:00.000,0.0,0.0,0.0,0.0,0,0,0.0
2024-01-14T15:00:00.000,0.0,0.0,0.0,0.0,0,0,0.0
2024-01-14T15:05:00.000,0.0,0.0,0.0,0.0,0,0,0.0
2024-01-14T15:10:00.000,0.0,0.0,0.0,0.0,0,0,0.0
2024-01-14T15:15:00.000,0.0,0.0,0.0,0.0,0,0,0.0
2024-01-14T15:20:00.000,0.0,0.0,0.0,0.0,0,0,0.0
2024-01-14T15:25:00.000,0.0,0.0,0.0,0.0,0,0,0.0
2024-01-14T15:30:00.000,0.0,0.0,0.0,0.0,0,0,0.0
2024-01-14T15:35:00.000,0.0,0.0,0.0,0.0,0,0,0.0
2024-01-14T15:40:00.000,0.0,0.0,0.0,0.0,0,0,0.0
2024-01-14T15:45:00.000,0.0,0.0,0.0,0.0,0,0,0.0
2024-01-14T15:50:00.000,0.0,0.0,0.0,0.0,0,0,0.0
2024-01-14T15:55:00.000,0.0,0.0,0.0,0.0,0,0,0.0
2024-01-14T16:00:00.000,0.0,0.0,0.0,0.0,0,0,0.0
2024-01-15T09:30:00.000,0.0,0.0,0.0,0.0,0,0,0.0
2024-01-15T09:35:00.000,0.0,0.0,0.0,0.0,0,0,0.0
2024-01-15T09:40:00.000,0.0,0.0,0.0,0.0,0,0,0.0
2024-01-15T09:45:00.000,0.0,0.0,0.0,0.0,0,0,0.0
2024-01-15T09:50:00.000,0.0,0.0,0.0,0.0,0,0,0.0
2024-01-15T09:55:00.000,0.0,0.0,0.0,0.0,0,0,0.0
2024-01-15T10:00:00.000,0.0,0.0,0.0,0.0,0,0,0.0
2024-01-15T10:05:00.000,0.0,0.0,0.0,0.0,0,0,0.0
2024-01-15T10:10:00.000,0.0,0.0,0.0,0.0,0,0,0.0
2024-01-15T10:15:00.000,0.0,0.0,0.0,0.0,0,0,0.0
2024-01-15T10:20:00.000,0.0,0.0,0.0,0.0,0,0,0.0
2024-01-15T10:25:00.000,0.0,0.0,0.0,0.0,0,0,0.0
2024-01-15T10:30:00.000,0.0,0.0,0.0,0.0,0,0,0.0
2024-01-15T10:35:00.000,0.0,0.0,0.0,0.0,0,0,0.0
2024-01-15T10:40:00.000,0.0,0.0,0.0,0.0,0,0,0.0
2024-01-15T10:45:00.000,0.0,0.0,0.0,0.0,0,0,0.0
2024-01-15T10:50:00.000,0.0,0.0,0.0,0.0,0,0,0.0
2024-01-15T10:55:00.000,0.0,0.0,0.0,0.0,0,0,0.0
2024-01-15T11:00:00.000,0.0,0.0,0.0,0.0,0,0,0.0
2024-01-15T11:05:00.000,0.0,0.0,0.0,0.0,0,0,0.0
2024-01-15T11:10:00.000,0.0,0.0,0.0,0.0,0,0,0.0
2024-01-15T11:15:00.000,0.0,0.0,0.0,0.0,0,0,0.0
2024-01-15T11:20:00.000,0.0,0.0,0.0,0.0,0,0,0.0
2024-01-15T11:25:00.000,0.0,0.0,0.0,0.0,0,0,0.0
2024-01-15T11:30:00.000,0.0,0.0,0.0,0.0,0,0,0.0
2024-01-15T11:35:00.000,0.0,0.0,0.0,0.0,0,0,0.0
2024-01-15T11:40:00.000,0.0,0.0,0.0,0.0,0,0,0.0
2024-01-15T11:45:00.000,0.0,0.0,0.0,0.0,0,0,0.0
2024-01-15T11:50:00.000,0.0,0.0,0.0,0.0,0,0,0.0
2024-01-15T11:55:00.000,0.0,0.0,0.0,0.0,0,0,0.0
2024-01-15T12:00:00.000,0.0,0.0,0.0,0.0,0,0,0.0
2024-01-15T12:05:00.000,0.0,0.0,0.0,0.0,0,0,0.0
2024-01-15T12:10:00.000,0.0,0.0,0.0,0.0,0,0,0.0
2024-01-15T12:15:00.000,0.0,0.0,0.0,0.0,0,0,0.0
2024-01-15T12:20:00.000,0.0,0.0,0.0,0.0,0,0,0.0
2024-01-15T12:25:00.000,0.0,0.0,0.0,0.0,0,0,0.0
2024-01-15T12:30:00.000,0.0,0.0,0.0,0.0,0,0,0.0
2024-01-15T12:35:00.000,0.0,0.0,0.0,0.0,0,0,0.0
2024-01-15T12:40:00.000,0.0,0.0,0.0,0.0,0,0,0.0
2024-01-15T12:45:00.000,0.0,0.0,0.0,0.0,0,0,0.0
2024-01-15T12:50:00.000,0.0,0.0,0.0,0.0,0,0,0.0
2024-01-15T12:55:00.000,0.0,0.0,0.0,0.0,0,0,0.0
2024-01-15T13:00:00.000,0.0,0.0,0.0,0.0,0,0,0.0
2024-01-15T13:05:00.000,0.0,0.0,0.0,0.0,0,0,0.0
2024-01-15T13:10:00.000,0.0,0.0,0.0,0.0,0,0,0.0
2024-01-15T13:15:00.000,0.0,0.0,0.0,0.0,0,0,0.0
2024-01-15T13:20:00.000,0.0,0.0,0.0,0.0,0,0,0.0
2024-01-15T13:25:00.000,0.0,0.0,0.0,0.0,0,0,0.0
2024-01-15T13:30:00.000,0.0,0.0,0.0,0.0,0,0,0.0
2024-01-15T13:35:00.000,0.0,0.0,0.0,0.0,0,0,0.0
2024-01-15T13:40:00.000,0.0,0.0,0.0,0.0,0,0,0.0
2024-01-15T13:45:00.000,0.0,0.0,0.0,0.0,0,0,0.0
2024-01-15T13:50:00.000,0.0,0.0,0.0,0.0,0,0,0.0
2024-01-15T13:55:00.000,0.0,0.0,0.0,0.0,0,0,0.0
2024-01-15T14:00:00.000,0.0,0.0,0.0,0.0,0,0,0.0
2024-01-15T14:05:00.000,0.0,0.0,0.0,0.0,0,0,0.0
2024-01-15T14:10:00.000,0.0,0.0,0.0,0.0,0,0,0.0
2024-01-15T14:15:00.000,0.0,0.0,0.0,0.0,0,0,0.0
2024-01-15T14:20:00.000,0.0,0.0,0.0,0.0,0,0,0.0
2024-01-15T14:25:00.000,0.0,0.0,0.0,0.0,0,0,0.0
2024-01-15T14:30:00.000,0.0,0.0,0.0,0.0,0,0,0.0
2024-01-15T14:35:00.000,0.0,0.0,0.0,0.0,0,0,0.0
2024-01-15T14:40:00.000,0.0,0.0,0.0,0.0,0,0,0.0
2024-01-15T14:45:00.000,0.0,0.0,0.0,0.0,0,0,0.0
2024-01-15T14:50:00.000,0.0,0.0,0.0,0.0,0,0,0.0
2024-01-15T14:55:00.000,0.0,0.0,0.0,0.0,0,0,0.0
2024-01-15T15:00:00.000,0.0,0.0,0.0,0.0,0,0,0.0
2024-01-15T15:05:00.000,0.0,0.0,0.0,0.0,0,0,0.0
2024-01-15T15:10:00.000,0.0,0.0,0.0,0.0,0,0,0.0
2024-01-15T15:15:00.000,0.0,0.0,0.0,0.0,0,0,0.0
2024-01-15T15:20:00.000,0.0,0.0,0.0,0.0,0,0,0.0
2024-01-15T15:25:00.000,0.0,0.0,0.0,0.0,0,0,0.0
2024-01-15T15:30:00.000,0.0,0.0,0.0,0.0,0,0,0.0
2024-01-15T15:35:00.000,0.0,0.0,0.0,0.0,0,0,0.0
2024-01-15T15:40:00.000,0.0,0.0,0.0,0.0,0,0,0.0
2024-01-15T15:45:00.000,0.0,0.0,0.0,0.0,0,0,0.0
2024-01-15T15:50:00.000,0.0,0.0,0.0,0.0,0,0,0.0
2024-01-15T15:55:00.000,0.0,0.0,0.0,0.0,0,0,0.0
2024-01-15T16:00:00.000,0.0,0.0,0.0,0.0,0,0,0.0
2024-01-16T09:30:00.000,475.26,475.61,474.81,475.12,1826176,18477,475.21
2024-01-16T09:35:00.000,475.12,475.28,474.43,474.625,1146215,11840,475.09
2024-01-16T09:40:00.000,474.635,474.64,473.96,474.11,1438999,13455,474.8
2024-01-16T09:45:00.000,474.13,474.21,473.76,473.88,1178838,10035,474.63
2024-01-16T09:50:00.000,473.89,473.9815,473.47,473.91,1070241,9545,474.49
2024-01-16T09:55:00.000,473.9,474.55,473.8706,474.5,825712,7451,474.45
2024-01-16T10:00:00.000,474.49,474.835,474.24,474.2601,1021955,11678,474.47
2024-01-16T10:05:00.000,474.27,474.7301,474.145,474.73,903038,17157,474.46
2024-01-16T10:10:00.000,474.73,475.2,474.635,475.074,1148054,13043,474.51
2024-01-16T10:15:00.000,475.08,475.47,474.89,475.4,1015268,9627,474.57
2024-01-16T10:20:00.000,475.41,476.17,475.345,476.155,1283886,11587,474.69
2024-01-16T10:25:00.000,476.17,476.26,475.86,475.92,1056611,9465,474.79
2024-01-16T10:30:00.000,475.92,476.22,475.92,476.19,609711,6376,474.84
2024-01-16T10:35:00.000,476.18,476.26,475.59,476.13,765054,7046,474.9
2024-01-16T10:40:00.000,476.135,476.57,476.11,476.29,1092597,9241,475.0
2024-01-16T10:45:00.000,476.31,476.54,476.27,476.466,770357,5882,475.04
2024-01-16T10:50:00.000,476.46,476.59,476.1601,476.46,945323,8194,475.11
2024-01-16T10:55:00.000,476.46,476.58,476.17,476.19,674077,6078,475.16
2024-01-16T11:00:00.000,476.21,476.39,474.61,475.2,3233774,28578,475.18
2024-01-16T11:05:00.000,475.19,475.87,475.05,475.34,1109845,9749,475.2
2024-01-16T11:10:00.000,475.38,475.66,474.79,475.555,863999,7766,475.2
2024-01-16T11:15:00.000,475.57,476.13,475.26,475.855,851836,8414,475.22
2024-01-16T11:20:00.000,475.85,476.6098,475.7901,476.3574,809772,7432,475.25
2024-01-16T11:25:00.000,476.36,476.42,475.85,475.8803,507215,5335,475.27
2024-01-16T11:30:00.000,475.9,476.44,475.9,476.37,445723,4498,475.28
2024-01-16T11:35:00.000,476.395,476.4,475.69,476.02,716121,4658,475.3
2024-01-16T11:40:00.000,476.0,476.12,475.73,475.924,499012,4750,475.31
2024-01-16T11:45:00.000,475.93,475.9992,475.539,475.73,342393,3952,475.31
2024-01-16T11:50:00.000,475.74,475.874,475.3002,475.335,420822,4764,475.32
2024-01-16T11:55:00.000,475.32,475.54,475.02,475.23,609996,5649,475.31
2024-01-16T12:00:00.000,475.23,475.39,474.72,474.82,2475503,4730,475.31
2024-01-16T12:05:00.000,474.77,474.96,474.5,474.65,671446,6076,475.3
2024-01-16T12:10:00.000,474.64,474.92,474.53,474.69,480580,4255,475.29
2024-01-16T12:15:00.000,474.68,474.94,474.61,474.64,687245,4141,475.28
2024-01-16T12:20:00.000,474.65,475.035,474.62,474.91,461300,4104,475.27
2024-01-16T12:25:00.000,474.91,474.92,474.34,474.41,529187,4693,475.26
2024-01-16T12:30:00.000,474.42,474.45,474.04,474.1899,780502,7078,475.24
2024-01-16T12:35:00.000,474.18,474.69,474.15,474.5599,814988,4519,475.23
2024-01-16T12:40:00.000,474.55,474.68,474.37,474.37,407747,4090,475.22
2024-01-16T12:45:00.000,474.36,474.55,474.06,474.11,521537,4726,475.2
2024-01-16T12:50:00.000,474.08,474.45,474.05,474.225,739602,4213,475.19
2024-01-16T12:55:00.000,474.21,474.865,473.92,473.94,1630910,4177,475.18
2024-01-16T13:00:00.000,473.96,474.1796,473.83,474.16,429879,3754,475.16
2024-01-16T13:05:00.000,474.16,474.32,474.08,474.2309,379314,3858,475.15
2024-01-16T13:10:00.000,474.24,474.485,474.1801,474.4533,441646,3571,475.14
2024-01-16T13:15:00.000,474.45,475.21,474.435,474.89,1103194,9189,475.14
2024-01-16T13:20:00.000,474.9,474.939,474.4,474.65,516563,4662,475.13
2024-01-16T13:25:00.000,474.65,475.005,474.51,475.005,473291,3873,475.12
2024-01-16T13:30:00.000,475.01,475.2,474.95,475.12,1376506,5364,475.12
2024-01-16T13:35:00.000,475.11,475.13,474.48,474.5499,721354,6141,475.12
2024-01-16T13:40:00.000,474.55,474.63,474.26,474.3,519595,4392,475.11
2024-01-16T13:45:00.000,474.3,474.35,474.11,474.23,404183,3975,475.1
2024-01-16T13:50:00.000,474.215,474.265,473.78,473.914,729913,4168,475.09
2024-01-16T13:55:00.000,473.91,474.13,473.83,474.0606,682209,3915,475.08
2024-01-16T14:00:00.000,474.07,474.21,473.7,473.72,898920,4926,475.06
2024-01-16T14:05:00.000,473.7187,474.04,473.61,473.67,1034921,4294,475.04
2024-01-16T14:10:00.000,473.68,473.74,473.285,473.41,678352,5753,475.02
2024-01-16T14:15:00.000,473.4,473.44,473.06,473.1099,563842,5417,475.0
2024-01-16T14:20:00.000,473.11,473.5,473.11,473.445,1136033,5556,474.97
2024-01-16T14:25:00.000,473.46,473.86,473.43,473.5901,602601,5271,474.96
2024-01-16T14:30:00.000,473.595,473.8,473.36,473.76,1611552,6362,474.93
2024-01-16T14:35:00.000,473.76,473.83,473.5909,473.69,454453,3849,474.92
2024-01-16T14:40:00.000,473.69,473.82,473.59,473.775,504722,4132,474.9
2024-01-16T14:45:00.000,473.785,474.2763,473.72,474.19,752672,6570,474.89
2024-01-16T14:50:00.000,474.18,474.365,474.125,474.205,742362,5955,474.88
2024-01-16T14:55:00.000,474.2102,474.37,474.19,474.29,471010,4245,474.87
2024-01-16T15:00:00.000,474.28,474.48,474.14,474.235,728892,6284,474.87
2024-01-16T15:05:00.000,474.235,474.39,474.15,474.295,619519,4652,474.86
2024-01-16T15:10:00.000,474.295,474.52,474.1021,474.1099,934787,6327,474.85
2024-01-16T15:15:00.000,474.105,474.41,474.1,474.39,537145,4868,474.85
2024-01-16T15:20:00.000,474.395,474.4599,474.11,474.17,1223428,5650,474.84
2024-01-16T15:25:00.000,474.17,474.295,473.95,474.0399,1030254,8443,474.82
2024-01-16T15:30:00.000,474.05,474.17,473.775,473.8593,993145,8592,474.81
2024-01-16T15:35:00.000,473.86,474.11,473.79,474.03,1339419,9178,474.79
2024-01-16T15:40:00.000,474.035,474.165,473.88,474.11,1184055,9571,474.77
2024-01-16T15:45:00.000,474.11,474.345,473.92,474.15,2536493,17662,474.75
2024-01-16T15:50:00.000,474.14,474.59,474.02,474.5,2079145,14783,474.73
2024-01-16T15:55:00.000,474.51,475.06,474.46,474.95,4199757,22001,474.73
2024-01-16T16:00:00.000,474.95,474.95,474.95,474.95,960,2,474.73
2024-01-17T09:30:00.000,471.82,471.94,471.28,471.295,2339204,21712,471.62
2024-01-17T09:35:00.000,471.3,471.78,471.245,471.6999,1540053,12954,471.56
2024-01-17T09:40:00.000,471.69,471.7199,471.17,471.28,1079397,10278,471.53
2024-01-17T09:45:00.000,471.27,471.46,471.1201,471.36,846369,8212,471.49
2024-01-17T09:50:00.000,471.3699,471.775,471.05,471.3121,1368840,12394,471.47
2024-01-17T09:55:00.000,471.31,471.54,471.099,471.325,755851,6688,471.45
2024-01-17T10:00:00.000,471.32,471.995,471.05,471.76,1229364,18666,471.45
2024-01-17T10:05:00.000,471.76,472.12,471.58,471.87,2428267,10482,471.49
2024-01-17T10:10:00.000,471.87,472.1503,471.685,472.105,624962,6027,471.51
2024-01-17T10:15:00.000,472.11,472.26,471.5298,471.56,1318429,9107,471.55
2024-01-17T10:20:00.000,471.53,471.57,471.305,471.53,910521,7695,471.54
2024-01-17T10:25:00.000,471.54,472.11,471.54,471.84,1024980,9169,471.56
2024-01-17T10:30:00.000,471.82,471.955,471.5201,471.87,852611,7456,471.57
2024-01-17T10:35:00.000,471.85,472.27,471.5,472.235,741306,7016,471.59
2024-01-17T10:40:00.000,472.22,472.32,471.902,471.91,573149,6134,471.61
2024-01-17T10:45:00.000,471.91,472.36,471.85,472.12,666172,6770,471.63
2024-01-17T10:50:00.000,472.11,472.2493,471.86,471.89,442593,4512,471.64
2024-01-17T10:55:00.000,471.9,472.0303,471.72,472.02,490612,4533,471.64
2024-01-17T11:00:00.000,472.02,472.55,472.0,472.55,742056,6237,471.67
2024-01-17T11:05:00.000,472.555,472.77,472.41,472.48,1118803,7138,471.72
2024-01-17T11:10:00.000,472.4784,472.71,472.32,472.42,409451,4320,471.74
2024-01-17T11:15:00.000,472.43,472.57,472.23,472.475,529106,4852,471.75
2024-01-17T11:20:00.000,472.465,472.78,472.42,472.74,574037,5264,471.78
2024-01-17T11:25:00.000,472.74,472.78,472.4931,472.5,462244,4320,471.8
2024-01-17T11:30:00.000,472.505,472.67,472.37,472.6699,534541,4408,471.82
2024-01-17T11:35:00.000,472.66,472.79,472.6,472.7601,407208,3847,471.83
2024-01-17T11:40:00.000,472.75,472.78,472.56,472.6999,406317,3798,471.85
2024-01-17T11:45:00.000,472.7,472.79,472.43,472.485,803719,4234,471.86
2024-01-17T11:50:00.000,472.49,472.53,472.13,472.2001,516228,4512,471.87
2024-01-17T11:55:00.000,472.21,472.31,472.14,472.1789,349175,3570,471.87
2024-01-17T12:00:00.000,472.18,472.3,471.91,471.93,481698,4801,471.88
2024-01-17T12:05:00.000,471.94,472.07,471.81,471.825,427054,3545,471.88
2024-01-17T12:10:00.000,471.8199,472.25,471.72,472.069,520730,4337,471.88
2024-01-17T12:15:00.000,472.06,472.1123,471.8428,471.97,255371,2787,471.88
2024-01-17T12:20:00.000,471.97,472.045,471.5025,471.59,628493,5364,471.88
2024-01-17T12:25:00.000,471.58,471.68,471.4098,471.52,540423,5047,471.87
2024-01-17T12:30:00.000,471.53,471.68,471.415,471.48,439995,4210,471.86
2024-01-17T12:35:00.000,471.48,471.54,471.345,471.43,489413,3848,471.86
2024-01-17T12:40:00.000,471.435,471.54,471.12,471.3299,549091,5516,471.85
2024-01-17T12:45:00.000,471.32,471.645,471.21,471.54,693680,5056,471.84
2024-01-17T12:50:00.000,471.54,471.7999,471.46,471.7004,520758,4402,471.83
2024-01-17T12:55:00.000,471.7,471.935,471.63,471.68,466955,3507,471.83
2024-01-17T13:00:00.000,471.68,472.04,471.64,472.0348,482036,3753,471.83
2024-01-17T13:05:00.000,472.04,472.04,471.52,471.52,409310,3367,471.83
2024-01-17T13:10:00.000,471.53,471.56,471.1201,471.19,449477,3953,471.82
2024-01-17T13:15:00.000,471.2,471.2,470.95,471.105,554359,5500,471.81
2024-01-17T13:20:00.000,471.09,471.12,470.45,470.69,661004,6402,471.79
2024-01-17T13:25:00.000,470.67,470.885,470.565,470.69,605720,5120,471.77
2024-01-17T13:30:00.000,470.69,470.74,470.315,470.44,725471,6793,471.74
2024-01-17T13:35:00.000,470.43,470.56,470.22,470.3599,386087,3999,471.72
2024-01-17T13:40:00.000,470.35,470.3999,470.08,470.32,758928,6445,471.69
2024-01-17T13:45:00.000,470.33,470.38,469.87,470.02,1066104,7846,471.66
2024-01-17T13:50:00.000,470.02,470.68,470.005,470.56,1240123,8474,471.62
2024-01-17T13:55:00.000,470.57,470.77,470.37,470.6602,594897,5355,471.6
2024-01-17T14:00:00.000,470.6699,471.01,470.6,470.82,729392,6073,471.59
2024-01-17T14:05:00.000,470.81,470.815,470.56,470.72,708185,4351,471.58
2024-01-17T14:10:00.000,470.73,470.77,470.52,470.5603,267010,2834,471.57
2024-01-17T14:15:00.000,470.56,470.935,470.55,470.8605,392315,3643,471.56
2024-01-17T14:20:00.000,470.86,471.36,470.7903,471.24,814923,6873,471.55
2024-01-17T14:25:00.000,471.24,471.4,471.07,471.215,552424,5141,471.55
2024-01-17T14:30:00.000,471.22,471.46,471.19,471.2597,682854,5711,471.55
2024-01-17T14:35:00.000,471.26,471.4,471.235,471.295,374572,3374,471.54
2024-01-17T14:40:00.000,471.3,471.74,471.23,471.7003,701149,6094,471.54
2024-01-17T14:45:00.000,471.71,471.765,471.39,471.44,550249,4857,471.54
2024-01-17T14:50:00.000,471.45,471.54,471.41,471.52,410661,3895,471.54
2024-01-17T14:55:00.000,471.52,471.63,471.43,471.47,572386,4496,471.54
2024-01-17T15:00:00.000,471.47,471.55,471.05,471.11,690458,5910,471.54
2024-01-17T15:05:00.000,471.11,471.29,471.05,471.1299,488361,4410,471.53
2024-01-17T15:10:00.000,471.125,471.23,470.71,470.76,674544,5765,471.52
2024-01-17T15:15:00.000,470.77,471.21,470.75,471.15,624478,5429,471.52
2024-01-17T15:20:00.000,471.15,471.19,470.67,470.765,579182,5486,471.51
2024-01-17T15:25:00.000,470.77,470.96,470.735,470.8789,581374,5013,471.5
2024-01-17T15:30:00.000,470.88,471.31,470.83,471.2594,818613,6891,471.49
2024-01-17T15:35:00.000,471.26,471.745,471.25,471.645,913474,7711,471.5
2024-01-17T15:40:00.000,471.645,471.83,471.55,471.6,989900,7615,471.5
2024-01-17T15:45:00.000,471.6,471.91,471.6,471.72,1119279,7162,471.5
2024-01-17T15:50:00.000,471.73,472.45,471.72,472.32,2330183,16578,471.53
2024-01-17T15:55:00.000,472.32,472.61,472.13,472.275,3688045,22624,471.6
2024-01-17T16:00:00.000,472.27,472.27,472.27,472.27,1752,3,471.6
2024-01-18T09:30:00.000,474.01,474.41,473.87,474.23,1943072,17127,474.1
2024-01-18T09:35:00.000,474.23,474.44,473.72,474.1209,1226115,11905,474.08
2024-01-18T09:40:00.000,474.12,474.47,473.65,473.75,1342172,12269,474.05
2024-01-18T09:45:00.000,473.76,474.0299,473.48,473.7797,831380,8045,474.01
2024-01-18T09:50:00.000,473.77,473.8506,473.39,473.48,662287,6180,473.96
2024-01-18T09:55:00.000,473.5,473.93,473.4,473.87,1803158,6228,473.92
2024-01-18T10:00:00.000,473.875,474.1213,473.395,473.55,882558,7624,473.9
2024-01-18T10:05:00.000,473.535,473.9,473.52,473.6,602905,5799,473.89
2024-01-18T10:10:00.000,473.61,474.199,473.56,474.14,865567,11343,473.89
2024-01-18T10:15:00.000,474.13,474.34,473.795,473.88,949803,15337,473.91
2024-01-18T10:20:00.000,473.9,474.1,473.53,474.03,656421,6078,473.91
2024-01-18T10:25:00.000,474.04,474.349,473.96,474.16,635518,5692,473.93
2024-01-18T10:30:00.000,474.195,474.44,473.785,474.33,1104862,9114,473.94
2024-01-18T10:35:00.000,474.32,474.83,474.24,474.61,1319372,7462,473.98
2024-01-18T10:40:00.000,474.62,474.77,474.35,474.695,701850,6500,474.02
2024-01-18T10:45:00.000,474.7,474.83,474.41,474.825,910030,5774,474.04
2024-01-18T10:50:00.000,474.83,474.88,474.38,474.6001,775099,5288,474.07
2024-01-18T10:55:00.000,474.6,474.66,474.02,474.2701,697273,5781,474.08
2024-01-18T11:00:00.000,474.28,474.31,473.67,473.7,1136807,6845,474.07
2024-01-18T11:05:00.000,473.7,474.16,473.66,474.02,653594,5320,474.06
2024-01-18T11:10:00.000,474.0288,474.2915,473.99,474.22,609262,4784,474.07
2024-01-18T11:15:00.000,474.23,474.58,474.17,474.48,691378,4811,474.08
2024-01-18T11:20:00.000,474.48,474.71,474.41,474.5701,690594,4164,474.09
2024-01-18T11:25:00.000,474.57,474.78,474.46,474.6866,816367,4629,474.1
2024-01-18T11:30:00.000,474.69,474.94,474.61,474.92,675771,5614,474.12
2024-01-18T11:35:00.000,474.92,475.03,474.82,474.82,757340,4994,474.14
2024-01-18T11:40:00.000,474.82,474.8203,474.43,474.53,885546,5957,474.16
2024-01-18T11:45:00.000,474.53,474.65,474.1888,474.245,516902,4308,474.16
2024-01-18T11:50:00.000,474.245,474.7999,474.23,474.67,1356759,5796,474.18
2024-01-18T11:55:00.000,474.68,474.7,474.39,474.4687,498417,3522,474.18
2024-01-18T12:00:00.000,474.47,474.5521,473.36,473.4,1643435,11223,474.16
2024-01-18T12:05:00.000,473.41,473.68,473.31,473.546,984031,7130,474.13
2024-01-18T12:10:00.000,473.54,473.63,473.04,473.525,951516,7429,474.11
2024-01-18T12:15:00.000,473.5296,473.885,473.4,473.5123,584133,4907,474.1
2024-01-18T12:20:00.000,473.52,473.5997,473.265,473.37,687401,3790,474.09
2024-01-18T12:25:00.000,473.38,473.67,473.33,473.59,369343,3954,474.08
2024-01-18T12:30:00.000,473.6,473.6,473.03,473.12,573393,4800,474.06
2024-01-18T12:35:00.000,473.14,473.5,473.0,473.4627,1100531,4342,474.04
2024-01-18T12:40:00.000,473.47,473.575,473.23,473.515,459917,4111,474.03
2024-01-18T12:45:00.000,473.515,473.66,473.485,473.5912,461660,3586,474.03
2024-01-18T12:50:00.000,473.59,474.4,473.17,473.3,608654,4912,474.01
2024-01-18T12:55:00.000,473.3,473.35,473.07,473.18,366670,3585,474.0
2024-01-18T13:00:00.000,473.19,473.21,472.73,472.82,707875,5761,473.98
2024-01-18T13:05:00.000,472.83,472.97,472.42,472.91,1392017,7029,473.95
2024-01-18T13:10:00.000,472.9,472.93,472.57,472.79,1029876,4355,473.93
2024-01-18T13:15:00.000,472.79,472.99,472.595,472.73,655547,5005,473.9
2024-01-18T13:20:00.000,472.73,472.94,472.47,472.735,708458,6332,473.88
2024-01-18T13:25:00.000,472.72,472.99,472.53,472.73,640017,3601,473.87
2024-01-18T13:30:00.000,472.74,473.27,472.7,473.24,1271430,4763,473.85
2024-01-18T13:35:00.000,473.24,473.64,473.1584,473.6,490811,4203,473.85
2024-01-18T13:40:00.000,473.6001,473.99,473.48,473.87,746691,5517,473.84
2024-01-18T13:45:00.000,473.89,473.9899,473.69,473.86,554358,4457,473.84
2024-01-18T13:50:00.000,473.8501,474.1299,473.85,474.0,607452,4506,473.85
2024-01-18T13:55:00.000,474.01,474.124,473.93,473.9801,430549,3794,473.85
2024-01-18T14:00:00.000,473.98,474.41,473.975,474.32,1355442,7174,473.86
2024-01-18T14:05:00.000,474.33,474.54,474.28,474.45,612684,5238,473.87
2024-01-18T14:10:00.000,474.4501,474.78,474.41,474.695,682384,5393,473.88
2024-01-18T14:15:00.000,474.7,475.05,474.66,474.84,1192262,6912,473.9
2024-01-18T14:20:00.000,474.84,475.6,474.7,475.44,1315820,8993,473.93
2024-01-18T14:25:00.000,475.45,475.66,475.34,475.62,1110129,6319,473.97
2024-01-18T14:30:00.000,475.62,475.9499,475.595,475.61,1052554,8779,474.01
2024-01-18T14:35:00.000,475.62,475.92,475.62,475.66,801436,5036,474.03
2024-01-18T14:40:00.000,475.66,475.77,475.3,475.3499,1244259,7775,474.06
2024-01-18T14:45:00.000,475.35,475.555,474.94,475.415,1079912,8235,474.09
2024-01-18T14:50:00.000,475.43,475.89,475.3801,475.705,966730,5149,474.11
2024-01-18T14:55:00.000,475.7476,475.8799,475.56,475.74,482684,4146,474.13
2024-01-18T15:00:00.000,475.75,475.85,475.59,475.8,967234,5483,474.16
2024-01-18T15:05:00.000,475.805,476.24,475.67,476.16,920466,7033,474.19
2024-01-18T15:10:00.000,476.16,476.26,475.99,476.01,1202700,6157,474.22
2024-01-18T15:15:00.000,476.03,476.28,475.98,475.99,624030,5102,474.24
2024-01-18T15:20:00.000,475.99,476.33,475.945,476.1804,627377,5738,474.27
2024-01-18T15:25:00.000,476.18,476.41,476.15,476.41,2456729,6438,474.29
2024-01-18T15:30:00.000,476.41,476.52,476.25,476.39,830259,8175,474.32
2024-01-18T15:35:00.000,476.39,476.44,476.025,476.04,897420,8491,474.35
2024-01-18T15:40:00.000,476.03,476.4,475.9,476.35,1107088,9138,474.39
2024-01-18T15:45:00.000,476.345,476.57,476.29,476.39,1751158,10079,474.43
2024-01-18T15:50:00.000,476.38,477.06,476.3,476.59,4526212,28010,474.59
2024-01-18T15:55:00.000,476.58,476.72,476.24,476.46,4774988,25238,474.73
2024-01-18T16:00:00.000,476.46,476.46,476.46,476.46,880,3,474.73
2024-01-19T09:30:00.000,477.65,477.97,477.19,477.285,2675290,21254,477.57
2024-01-19T09:35:00.000,477.29,477.445,477.04,477.13,1019272,8740,477.47
2024-01-19T09:40:00.000,477.13,477.32,476.94,477.05,1131422,8804,477.41
2024-01-19T09:45:00.000,477.05,477.34,476.97,477.235,912101,6382,477.37
2024-01-19T09:50:00.000,477.248,477.79,477.09,477.6913,1192060,7516,477.39
2024-01-19T09:55:00.000,477.68,477.92,477.55,477.92,832532,6275,477.42
2024-01-19T10:00:00.000,477.91,478.384,477.58,477.96,1565452,20663,477.53
2024-01-19T10:05:00.000,477.96,478.03,476.9901,477.225,1375671,12416,477.51
2024-01-19T10:10:00.000,477.24,477.55,477.1,477.3491,1837196,6599,477.49
2024-01-19T10:15:00.000,477.35,477.93,477.28,477.82,761167,6146,477.5
2024-01-19T10:20:00.000,477.82,478.0599,477.36,477.66,900305,7254,477.52
2024-01-19T10:25:00.000,477.66,478.0,477.61,477.95,668882,5541,477.53
2024-01-19T10:30:00.000,477.94,477.9516,477.34,477.48,827624,6976,477.53
2024-01-19T10:35:00.000,477.47,477.986,477.46,477.86,1055357,6424,477.55
2024-01-19T10:40:00.000,477.85,478.165,477.76,478.145,604460,5808,477.56
2024-01-19T10:45:00.000,478.145,478.267,477.9,477.9104,735683,5799,477.58
2024-01-19T10:50:00.000,477.92,478.19,477.7209,478.17,785766,5207,477.6
2024-01-19T10:55:00.000,478.175,478.56,478.06,478.2803,934484,7893,477.64
2024-01-19T11:00:00.000,478.3,478.51,478.01,478.365,587195,5403,477.66
2024-01-19T11:05:00.000,478.345,478.76,478.32,478.655,624097,6079,477.69
2024-01-19T11:10:00.000,478.66,479.28,478.655,478.785,1140826,9767,477.76
2024-01-19T11:15:00.000,478.78,479.14,478.75,478.95,796281,6840,477.8
2024-01-19T11:20:00.000,478.96,479.02,478.8,479.01,8654848,5173,477.83
2024-01-19T11:25:00.000,479.015,479.105,478.77,478.85,978125,5886,477.87
2024-01-19T11:30:00.000,478.845,478.8784,478.58,478.6199,708051,6167,477.9
2024-01-19T11:35:00.000,478.62,478.63,478.31,478.46,681626,5792,477.92
2024-01-19T11:40:00.000,478.45,478.52,478.21,478.46,681201,5632,477.93
2024-01-19T11:45:00.000,478.46,478.49,478.2,478.31,433885,4002,477.94
2024-01-19T11:50:00.000,478.31,478.75,478.27,478.59,977742,5906,477.96
2024-01-19T11:55:00.000,478.585,478.93,478.4301,478.87,586730,4958,477.97
2024-01-19T12:00:00.000,478.88,479.03,478.6906,478.84,819182,4465,477.99
2024-01-19T12:05:00.000,478.84,478.8984,478.6399,478.65,305211,3071,478.0
2024-01-19T12:10:00.000,478.65,478.8075,478.28,478.74,762338,6194,478.01
2024-01-19T12:15:00.000,478.76,478.9799,478.6863,478.825,430067,3944,478.03
2024-01-19T12:20:00.000,478.825,479.17,478.71,479.1201,433367,4129,478.04
2024-01-19T12:25:00.000,479.12,479.51,479.06,479.35,899515,5964,478.07
2024-01-19T12:30:00.000,479.38,480.0,479.32,479.7,1810684,12802,478.14
2024-01-19T12:35:00.000,479.715,480.02,479.6,479.6225,1075753,9784,478.2
2024-01-19T12:40:00.000,479.6203,479.76,479.28,479.74,1028753,8885,478.24
2024-01-19T12:45:00.000,479.73,479.7399,479.44,479.62,473273,4108,478.26
2024-01-19T12:50:00.000,479.63,479.99,479.6299,479.96,449415,4306,478.28
2024-01-19T12:55:00.000,479.975,480.2,479.945,480.195,1253860,5917,478.31
2024-01-19T13:00:00.000,480.2,480.23,479.73,479.905,1028415,6437,478.35
2024-01-19T13:05:00.000,479.915,480.31,479.89,480.22,709586,5476,478.39
2024-01-19T13:10:00.000,480.22,480.58,480.165,480.46,771885,6844,478.43
2024-01-19T13:15:00.000,480.46,480.89,480.46,480.54,1473783,9985,478.5
2024-01-19T13:20:00.000,480.55,481.0,480.54,480.8303,692963,6211,478.55
2024-01-19T13:25:00.000,480.835,480.98,480.73,480.96,1128219,4951,478.58
2024-01-19T13:30:00.000,480.9501,481.155,480.94,481.04,1231877,8036,478.64
2024-01-19T13:35:00.000,481.045,481.36,481.04,481.27,791786,6171,478.69
2024-01-19T13:40:00.000,481.28,481.45,481.19,481.4,673117,5762,478.73
2024-01-19T13:45:00.000,481.4,481.48,481.1528,481.33,1691818,5228,478.77
2024-01-19T13:50:00.000,481.325,481.37,481.13,481.295,718625,4762,478.8
2024-01-19T13:55:00.000,481.3,481.71,481.3,481.6694,1083284,7212,478.85
2024-01-19T14:00:00.000,481.67,481.83,481.524,481.795,789311,6776,478.9
2024-01-19T14:05:00.000,481.8,481.93,481.71,481.91,1625701,7311,478.96
2024-01-19T14:10:00.000,481.89,482.35,481.885,482.285,1205425,6893,479.03
2024-01-19T14:15:00.000,482.27,482.37,481.82,481.935,1291127,9292,479.11
2024-01-19T14:20:00.000,481.94,482.19,481.73,482.13,921621,7351,479.17
2024-01-19T14:25:00.000,482.13,482.72,481.83,481.97,1783299,12898,479.28
2024-01-19T14:30:00.000,481.97,482.1,481.5,481.71,1270282,8133,479.33
2024-01-19T14:35:00.000,481.69,482.04,481.33,481.96,1447980,9144,479.39
2024-01-19T14:40:00.000,481.96,482.19,481.645,481.92,894251,7713,479.43
2024-01-19T14:45:00.000,481.93,482.16,481.62,482.0784,893691,6434,479.48
2024-01-19T14:50:00.000,482.08,482.11,481.7,481.97,632481,5198,479.5
2024-01-19T14:55:00.000,481.97,482.25,481.97,482.21,487468,4698,479.53
2024-01-19T15:00:00.000,482.21,482.55,482.03,482.33,1158721,7645,479.57
2024-01-19T15:05:00.000,482.33,482.51,482.23,482.26,899932,6476,479.62
2024-01-19T15:10:00.000,482.2701,482.35,482.07,482.19,844013,6775,479.65
2024-01-19T15:15:00.000,482.19,482.42,482.065,482.19,1096929,6541,479.69
2024-01-19T15:20:00.000,482.204,482.3,481.79,481.88,875905,6900,479.72
2024-01-19T15:25:00.000,481.88,482.26,481.8352,482.14,732422,6137,479.75
2024-01-19T15:30:00.000,482.14,482.2899,481.96,482.255,1059990,7280,479.78
2024-01-19T15:35:00.000,482.26,482.3895,482.05,482.08,907817,8397,479.82
2024-01-19T15:40:00.000,482.09,482.26,481.87,481.87,992465,8384,479.86
2024-01-19T15:45:00.000,481.88,482.23,481.835,482.16,3247225,9681,479.89
2024-01-19T15:50:00.000,482.15,482.4099,481.99,482.38,1541042,12344,479.94
2024-01-19T15:55:00.000,482.38,482.48,482.04,482.42,7539842,31332,480.13
2024-01-19T16:00:00.000,0.0,0.0,0.0,0.0,58,1,480.13
2024-01-20T09:30:00.000,0.0,0.0,0.0,0.0,0,0,0.0
2024-01-20T09:35:00.000,0.0,0.0,0.0,0.0,0,0,0.0
2024-01-20T09:40:00.000,0.0,0.0,0.0,0.0,0,0,0.0
2024-01-20T09:45:00.000,0.0,0.0,0.0,0.0,0,0,0.0
2024-01-20T09:50:00.000,0.0,0.0,0.0,0.0,0,0,0.0
2024-01-20T09:55:00.000,0.0,0.0,0.0,0.0,0,0,0.0
2024-01-20T10:00:00.000,0.0,0.0,0.0,0.0,0,0,0.0
2024-01-20T10:05:00.000,0.0,0.0,0.0,0.0,0,0,0.0
2024-01-20T10:10:00.000,0.0,0.0,0.0,0.0,0,0,0.0
2024-01-20T10:15:00.000,0.0,0.0,0.0,0.0,0,0,0.0
2024-01-20T10:20:00.000,0.0,0.0,0.0,0.0,0,0,0.0
2024-01-20T10:25:00.000,0.0,0.0,0.0,0.0,0,0,0.0
2024-01-20T10:30:00.000,0.0,0.0,0.0,0.0,0,0,0.0
2024-01-20T10:35:00.000,0.0,0.0,0.0,0.0,0,0,0.0
2024-01-20T10:40:00.000,0.0,0.0,0.0,0.0,0,0,0.0
2024-01-20T10:45:00.000,0.0,0.0,0.0,0.0,0,0,0.0
2024-01-20T10:50:00.000,0.0,0.0,0.0,0.0,0,0,0.0
2024-01-20T10:55:00.000,0.0,0.0,0.0,0.0,0,0,0.0
2024-01-20T11:00:00.000,0.0,0.0,0.0,0.0,0,0,0.0
2024-01-20T11:05:00.000,0.0,0.0,0.0,0.0,0,0,0.0
2024-01-20T11:10:00.000,0.0,0.0,0.0,0.0,0,0,0.0
2024-01-20T11:15:00.000,0.0,0.0,0.0,0.0,0,0,0.0
2024-01-20T11:20:00.000,0.0,0.0,0.0,0.0,0,0,0.0
2024-01-20T11:25:00.000,0.0,0.0,0.0,0.0,0,0,0.0
2024-01-20T11:30:00.000,0.0,0.0,0.0,0.0,0,0,0.0
2024-01-20T11:35:00.000,0.0,0.0,0.0,0.0,0,0,0.0
2024-01-20T11:40:00.000,0.0,0.0,0.0,0.0,0,0,0.0
2024-01-20T11:45:00.000,0.0,0.0,0.0,0.0,0,0,0.0
2024-01-20T11:50:00.000,0.0,0.0,0.0,0.0,0,0,0.0
2024-01-20T11:55:00.000,0.0,0.0,0.0,0.0,0,0,0.0
2024-01-20T12:00:00.000,0.0,0.0,0.0,0.0,0,0,0.0
2024-01-20T12:05:00.000,0.0,0.0,0.0,0.0,0,0,0.0
2024-01-20T12:10:00.000,0.0,0.0,0.0,0.0,0,0,0.0
2024-01-20T12:15:00.000,0.0,0.0,0.0,0.0,0,0,0.0
2024-01-20T12:20:00.000,0.0,0.0,0.0,0.0,0,0,0.0
2024-01-20T12:25:00.000,0.0,0.0,0.0,0.0,0,0,0.0
2024-01-20T12:30:00.000,0.0,0.0,0.0,0.0,0,0,0.0
2024-01-20T12:35:00.000,0.0,0.0,0.0,0.0,0,0,0.0
2024-01-20T12:40:00.000,0.0,0.0,0.0,0.0,0,0,0.0
2024-01-20T12:45:00.000,0.0,0.0,0.0,0.0,0,0,0.0
2024-01-20T12:50:00.000,0.0,0.0,0.0,0.0,0,0,0.0
2024-01-20T12:55:00.000,0.0,0.0,0.0,0.0,0,0,0.0
2024-01-20T13:00:00.000,0.0,0.0,0.0,0.0,0,0,0.0
2024-01-20T13:05:00.000,0.0,0.0,0.0,0.0,0,0,0.0
2024-01-20T13:10:00.000,0.0,0.0,0.0,0.0,0,0,0.0
2024-01-20T13:15:00.000,0.0,0.0,0.0,0.0,0,0,0.0
2024-01-20T13:20:00.000,0.0,0.0,0.0,0.0,0,0,0.0
2024-01-20T13:25:00.000,0.0,0.0,0.0,0.0,0,0,0.0
2024-01-20T13:30:00.000,0.0,0.0,0.0,0.0,0,0,0.0
2024-01-20T13:35:00.000,0.0,0.0,0.0,0.0,0,0,0.0
2024-01-20T13:40:00.000,0.0,0.0,0.0,0.0,0,0,0.0
2024-01-20T13:45:00.000,0.0,0.0,0.0,0.0,0,0,0.0
2024-01-20T13:50:00.000,0.0,0.0,0.0,0.0,0,0,0.0
2024-01-20T13:55:00.000,0.0,0.0,0.0,0.0,0,0,0.0
2024-01-20T14:00:00.000,0.0,0.0,0.0,0.0,0,0,0.0
2024-01-20T14:05:00.000,0.0,0.0,0.0,0.0,0,0,0.0
2024-01-20T14:10:00.000,0.0,0.0,0.0,0.0,0,0,0.0
2024-01-20T14:15:00.000,0.0,0.0,0.0,0.0,0,0,0.0
2024-01-20T14:20:00.000,0.0,0.0,0.0,0.0,0,0,0.0
2024-01-20T14:25:00.000,0.0,0.0,0.0,0.0,0,0,0.0
2024-01-20T14:30:00.000,0.0,0.0,0.0,0.0,0,0,0.0
2024-01-20T14:35:00.000,0.0,0.0,0.0,0.0,0,0,0.0
2024-01-20T14:40:00.000,0.0,0.0,0.0,0.0,0,0,0.0
2024-01-20T14:45:00.000,0.0,0.0,0.0,0.0,0,0,0.0
2024-01-20T14:50:00.000,0.0,0.0,0.0,0.0,0,0,0.0
2024-01-20T14:55:00.000,0.0,0.0,0.0,0.0,0,0,0.0
2024-01-20T15:00:00.000,0.0,0.0,0.0,0.0,0,0,0.0
2024-01-20T15:05:00.000,0.0,0.0,0.0,0.0,0,0,0.0
2024-01-20T15:10:00.000,0.0,0.0,0.0,0.0,0,0,0.0
2024-01-20T15:15:00.000,0.0,0.0,0.0,0.0,0,0,0.0
2024-01-20T15:20:00.000,0.0,0.0,0.0,0.0,0,0,0.0
2024-01-20T15:25:00.000,0.0,0.0,0.0,0.0,0,0,0.0
2024-01-20T15:30:00.000,0.0,0.0,0.0,0.0,0,0,0.0
2024-01-20T15:35:00.000,0.0,0.0,0.0,0.0,0,0,0.0
2024-01-20T15:40:00.000,0.0,0.0,0.0,0.0,0,0,0.0
2024-01-20T15:45:00.000,0.0,0.0,0.0,0.0,0,0,0.0
2024-01-20T15:50:00.000,0.0,0.0,0.0,0.0,0,0,0.0
2024-01-20T15:55:00.000,0.0,0.0,0.0,0.0,0,0,0.0
2024-01-20T16:00:00.000,0.0,0.0,0.0,0.0,0,0,0.0
2024-01-21T09:30:00.000,0.0,0.0,0.0,0.0,0,0,0.0
2024-01-21T09:35:00.000,0.0,0.0,0.0,0.0,0,0,0.0
2024-01-21T09:40:00.000,0.0,0.0,0.0,0.0,0,0,0.0
2024-01-21T09:45:00.000,0.0,0.0,0.0,0.0,0,0,0.0
2024-01-21T09:50:00.000,0.0,0.0,0.0,0.0,0,0,0.0
2024-01-21T09:55:00.000,0.0,0.0,0.0,0.0,0,0,0.0
2024-01-21T10:00:00.000,0.0,0.0,0.0,0.0,0,0,0.0
2024-01-21T10:05:00.000,0.0,0.0,0.0,0.0,0,0,0.0
2024-01-21T10:10:00.000,0.0,0.0,0.0,0.0,0,0,0.0
2024-01-21T10:15:00.000,0.0,0.0,0.0,0.0,0,0,0.0
2024-01-21T10:20:00.000,0.0,0.0,0.0,0.0,0,0,0.0
2024-01-21T10:25:00.000,0.0,0.0,0.0,0.0,0,0,0.0
2024-01-21T10:30:00.000,0.0,0.0,0.0,0.0,0,0,0.0
2024-01-21T10:35:00.000,0.0,0.0,0.0,0.0,0,0,0.0
2024-01-21T10:40:00.000,0.0,0.0,0.0,0.0,0,0,0.0
2024-01-21T10:45:00.000,0.0,0.0,0.0,0.0,0,0,0.0
2024-01-21T10:50:00.000,0.0,0.0,0.0,0.0,0,0,0.0
2024-01-21T10:55:00.000,0.0,0.0,0.0,0.0,0,0,0.0
2024-01-21T11:00:00.000,0.0,0.0,0.0,0.0,0,0,0.0
2024-01-21T11:05:00.000,0.0,0.0,0.0,0.0,0,0,0.0
2024-01-21T11:10:00.000,0.0,0.0,0.0,0.0,0,0,0.0
2024-01-21T11:15:00.000,0.0,0.0,0.0,0.0,0,0,0.0
2024-01-21T11:20:00.000,0.0,0.0,0.0,0.0,0,0,0.0
2024-01-21T11:25:00.000,0.0,0.0,0.0,0.0,0,0,0.0
2024-01-21T11:30:00.000,0.0,0.0,0.0,0.0,0,0,0.0
2024-01-21T11:35:00.000,0.0,0.0,0.0,0.0,0,0,0.0
2024-01-21T11:40:00.000,0.0,0.0,0.0,0.0,0,0,0.0
2024-01-21T11:45:00.000,0.0,0.0,0.0,0.0,0,0,0.0
2024-01-21T11:50:00.000,0.0,0.0,0.0,0.0,0,0,0.0
2024-01-21T11:55:00.000,0.0,0.0,0.0,0.0,0,0,0.0
2024-01-21T12:00:00.000,0.0,0.0,0.0,0.0,0,0,0.0
2024-01-21T12:05:00.000,0.0,0.0,0.0,0.0,0,0,0.0
2024-01-21T12:10:00.000,0.0,0.0,0.0,0.0,0,0,0.0
2024-01-21T12:15:00.000,0.0,0.0,0.0,0.0,0,0,0.0
2024-01-21T12:20:00.000,0.0,0.0,0.0,0.0,0,0,0.0
2024-01-21T12:25:00.000,0.0,0.0,0.0,0.0,0,0,0.0
2024-01-21T12:30:00.000,0.0,0.0,0.0,0.0,0,0,0.0
2024-01-21T12:35:00.000,0.0,0.0,0.0,0.0,0,0,0.0
2024-01-21T12:40:00.000,0.0,0.0,0.0,0.0,0,0,0.0
2024-01-21T12:45:00.000,0.0,0.0,0.0,0.0,0,0,0.0
2024-01-21T12:50:00.000,0.0,0.0,0.0,0.0,0,0,0.0
2024-01-21T12:55:00.000,0.0,0.0,0.0,0.0,0,0,0.0
2024-01-21T13:00:00.000,0.0,0.0,0.0,0.0,0,0,0.0
2024-01-21T13:05:00.000,0.0,0.0,0.0,0.0,0,0,0.0
2024-01-21T13:10:00.000,0.0,0.0,0.0,0.0,0,0,0.0
2024-01-21T13:15:00.000,0.0,0.0,0.0,0.0,0,0,0.0
2024-01-21T13:20:00.000,0.0,0.0,0.0,0.0,0,0,0.0
2024-01-21T13:25:00.000,0.0,0.0,0.0,0.0,0,0,0.0
2024-01-21T13:30:00.000,0.0,0.0,0.0,0.0,0,0,0.0
2024-01-21T13:35:00.000,0.0,0.0,0.0,0.0,0,0,0.0
2024-01-21T13:40:00.000,0.0,0.0,0.0,0.0,0,0,0.0
2024-01-21T13:45:00.000,0.0,0.0,0.0,0.0,0,0,0.0
2024-01-21T13:50:00.000,0.0,0.0,0.0,0.0,0,0,0.0
2024-01-21T13:55:00.000,0.0,0.0,0.0,0.0,0,0,0.0
2024-01-21T14:00:00.000,0.0,0.0,0.0,0.0,0,0,0.0
2024-01-21T14:05:00.000,0.0,0.0,0.0,0.0,0,0,0.0
2024-01-21T14:10:00.000,0.0,0.0,0.0,0.0,0,0,0.0
2024-01-21T14:15:00.000,0.0,0.0,0.0,0.0,0,0,0.0
2024-01-21T14:20:00.000,0.0,0.0,0.0,0.0,0,0,0.0
2024-01-21T14:25:00.000,0.0,0.0,0.0,0.0,0,0,0.0
2024-01-21T14:30:00.000,0.0,0.0,0.0,0.0,0,0,0.0
2024-01-21T14:35:00.000,0.0,0.0,0.0,0.0,0,0,0.0
2024-01-21T14:40:00.000,0.0,0.0,0.0,0.0,0,0,0.0
2024-01-21T14:45:00.000,0.0,0.0,0.0,0.0,0,0,0.0
2024-01-21T14:50:00.000,0.0,0.0,0.0,0.0,0,0,0.0
2024-01-21T14:55:00.000,0.0,0.0,0.0,0.0,0,0,0.0
2024-01-21T15:00:00.000,0.0,0.0,0.0,0.0,0,0,0.0
2024-01-21T15:05:00.000,0.0,0.0,0.0,0.0,0,0,0.0
2024-01-21T15:10:00.000,0.0,0.0,0.0,0.0,0,0,0.0
2024-01-21T15:15:00.000,0.0,0.0,0.0,0.0,0,0,0.0
2024-01-21T15:20:00.000,0.0,0.0,0.0,0.0,0,0,0.0
2024-01-21T15:25:00.000,0.0,0.0,0.0,0.0,0,0,0.0
2024-01-21T15:30:00.000,0.0,0.0,0.0,0.0,0,0,0.0
2024-01-21T15:35:00.000,0.0,0.0,0.0,0.0,0,0,0.0
2024-01-21T15:40:00.000,0.0,0.0,0.0,0.0,0,0,0.0
2024-01-21T15:45:00.000,0.0,0.0,0.0,0.0,0,0,0.0
2024-01-21T15:50:00.000,0.0,0.0,0.0,0.0,0,0,0.0
2024-01-21T15:55:00.000,0.0,0.0,0.0,0.0,0,0,0.0
2024-01-21T16:00:00.000,0.0,0.0,0.0,0.0,0,0,0.0
2024-01-22T09:30:00.000,484.01,484.85,483.9,484.789,2531399,22097,484.3
2024-01-22T09:35:00.000,484.79,484.9,484.46,484.85,1526313,13474,484.45
2024-01-22T09:40:00.000,484.84,484.8965,484.28,484.48,1305823,11780,484.48
2024-01-22T09:45:00.000,484.48,484.9,484.34,484.79,898861,8832,484.51
2024-01-22T09:50:00.000,484.79,485.19,484.75,485.16,1091075,8269,484.56
2024-01-22T09:55:00.000,485.16,485.2,484.69,485.02,1070313,8652,484.61
2024-01-22T10:00:00.000,485.0199,485.22,484.31,484.3786,1486904,15586,484.64
2024-01-22T10:05:00.000,484.38,484.9,484.2516,484.86,846056,16882,484.64
2024-01-22T10:10:00.000,484.87,485.02,484.62,484.9481,1048299,9939,484.66
2024-01-22T10:15:00.000,484.95,485.07,484.52,484.57,1292992,8683,484.68
2024-01-22T10:20:00.000,484.58,484.77,484.415,484.67,887962,7775,484.67
2024-01-22T10:25:00.000,484.68,484.91,484.25,484.37,1108931,8141,484.67
2024-01-22T10:30:00.000,484.38,484.4,483.69,483.98,1605760,14620,484.6
2024-01-22T10:35:00.000,483.99,484.305,483.83,484.305,1136317,8242,484.57
2024-01-22T10:40:00.000,484.3,484.3,483.96,484.04,1701721,6847,484.55
2024-01-22T10:45:00.000,484.03,484.06,483.21,483.49,1324350,9491,484.5
2024-01-22T10:50:00.000,483.495,483.94,483.48,483.84,1221461,7290,484.47
2024-01-22T10:55:00.000,483.83,483.935,483.38,483.55,782700,7593,484.44
2024-01-22T11:00:00.000,483.56,483.57,482.96,483.22,837211,7765,484.39
2024-01-22T11:05:00.000,483.22,483.7399,483.21,483.66,552116,5134,484.37
2024-01-22T11:10:00.000,483.66,483.8471,483.55,483.82,549347,5359,484.35
2024-01-22T11:15:00.000,483.82,484.03,483.76,483.96,865964,5666,484.34
2024-01-22T11:20:00.000,483.95,484.05,483.84,483.96,652849,5627,484.33
2024-01-22T11:25:00.000,483.96,484.13,483.8901,484.07,597767,3783,484.32
2024-01-22T11:30:00.000,484.06,484.12,483.91,484.0307,445878,4191,484.32
2024-01-22T11:35:00.000,484.04,484.16,483.84,483.89,411872,3881,484.31
2024-01-22T11:40:00.000,483.88,483.91,483.5,483.58,907490,6216,484.3
2024-01-22T11:45:00.000,483.58,483.845,483.56,483.7799,298957,3101,484.29
2024-01-22T11:50:00.000,483.775,483.9,483.6229,483.9,610527,3628,484.28
2024-01-22T11:55:00.000,483.9,484.21,483.8101,484.07,541879,5175,484.28
2024-01-22T12:00:00.000,484.07,484.16,483.92,483.975,1146962,3760,484.27
2024-01-22T12:05:00.000,483.98,483.99,483.278,483.44,856298,5728,484.26
2024-01-22T12:10:00.000,483.45,483.71,483.19,483.6999,586852,5136,484.24
2024-01-22T12:15:00.000,483.7,483.85,483.53,483.74,705104,3940,484.23
2024-01-22T12:20:00.000,483.76,484.005,483.73,483.9,363465,3469,484.23
2024-01-22T12:25:00.000,483.91,483.97,483.79,483.92,283927,2913,484.23
2024-01-22T12:30:00.000,483.9212,484.04,483.6,483.645,451493,4101,484.22
2024-01-22T12:35:00.000,483.65,483.8899,483.495,483.81,416999,4320,484.21
2024-01-22T12:40:00.000,483.81,483.87,483.6322,483.83,558176,3523,484.21
2024-01-22T12:45:00.000,483.825,483.9,483.7,483.73,309637,3683,484.2
2024-01-22T12:50:00.000,483.74,483.945,483.56,483.8,390032,4205,484.2
2024-01-22T12:55:00.000,483.8,483.89,483.61,483.75,668075,4031,484.19
2024-01-22T13:00:00.000,483.77,483.77,483.28,483.42,777724,5303,484.18
2024-01-22T13:05:00.000,483.43,483.75,483.4,483.41,372911,3865,484.17
2024-01-22T13:10:00.000,483.41,483.7384,483.4006,483.705,1012726,3521,484.17
2024-01-22T13:15:00.000,483.7,483.79,483.36,483.36,528615,4378,484.16
2024-01-22T13:20:00.000,483.37,483.639,483.23,483.34,519029,4877,484.15
2024-01-22T13:25:00.000,483.34,483.43,482.78,482.89,655975,6399,484.13
2024-01-22T13:30:00.000,482.9,483.235,482.86,483.15,869160,6868,484.11
2024-01-22T13:35:00.000,483.16,483.491,483.09,483.4199,462220,4740,484.1
2024-01-22T13:40:00.000,483.41,483.495,483.24,483.34,1078640,5098,484.08
2024-01-22T13:45:00.000,483.35,483.71,483.3,483.585,465379,4375,484.08
2024-01-22T13:50:00.000,483.59,483.97,483.53,483.91,884995,5726,484.07
2024-01-22T13:55:00.000,483.91,483.98,483.78,483.84,446551,4761,484.07
2024-01-22T14:00:00.000,483.845,484.01,483.845,483.935,415157,3501,484.07
2024-01-22T14:05:00.000,483.94,483.99,483.86,483.9,937482,3669,484.07
2024-01-22T14:10:00.000,483.9,483.9102,483.59,483.66,711110,6870,484.06
2024-01-22T14:15:00.000,483.65,483.71,483.19,483.24,579137,6181,484.05
2024-01-22T14:20:00.000,483.23,483.42,483.02,483.39,790985,8142,484.04
2024-01-22T14:25:00.000,483.39,483.64,483.2901,483.61,727255,7228,484.03
2024-01-22T14:30:00.000,483.62,483.77,483.27,483.35,980366,9098,484.01
2024-01-22T14:35:00.000,483.36,483.66,483.31,483.63,667855,4052,484.01
2024-01-22T14:40:00.000,483.63,483.7,483.46,483.49,667938,4147,484.01
2024-01-22T14:45:00.000,483.49,483.64,483.39,483.5501,416389,3954,484.0
2024-01-22T14:50:00.000,483.55,483.66,483.455,483.56,642627,3877,483.99
2024-01-22T14:55:00.000,483.55,483.66,483.495,483.635,335145,3779,483.99
2024-01-22T15:00:00.000,483.65,483.685,483.39,483.53,463289,5018,483.99
2024-01-22T15:05:00.000,483.52,483.6997,483.32,483.67,762909,4924,483.98
2024-01-22T15:10:00.000,483.6701,483.83,483.57,483.76,564256,5230,483.98
2024-01-22T15:15:00.000,483.76,483.83,483.68,483.79,487850,4287,483.97
2024-01-22T15:20:00.000,483.7801,483.878,483.65,483.83,491168,4898,483.97
2024-01-22T15:25:00.000,483.84,484.2,483.84,484.1001,1062303,7212,483.97
2024-01-22T15:30:00.000,484.105,484.19,483.97,484.04,895189,7512,483.98
2024-01-22T15:35:00.000,484.035,484.18,483.875,483.919,674062,6427,483.98
2024-01-22T15:40:00.000,483.9,484.065,483.69,483.74,914471,7995,483.97
2024-01-22T15:45:00.000,483.75,483.7511,483.46,483.53,1512194,12986,483.96
2024-01-22T15:50:00.000,483.52,483.9099,483.41,483.505,2605226,16033,483.95
2024-01-22T15:55:00.000,483.5,483.73,483.37,483.52,3478680,22118,483.93
2024-01-22T16:00:00.000,483.52,483.52,483.52,483.52,1122,4,483.93
2024-01-23T09:30:00.000,484.01,484.3737,483.5825,483.61,1339166,12660,483.97
2024-01-23T09:35:00.000,483.62,484.19,483.54,483.925,645343,6160,483.93
2024-01-23T09:40:00.000,483.93,484.119,483.68,483.84,546338,5293,483.92
2024-01-23T09:45:00.000,483.85,483.94,483.71,483.89,504012,4948,483.9
2024-01-23T09:50:00.000,483.89,484.06,483.78,483.955,442058,4991,483.91
2024-01-23T09:55:00.000,483.94,484.09,483.84,483.96,391244,5287,483.91
2024-01-23T10:00:00.000,483.95,484.145,483.7635,483.79,557805,13692,483.91
2024-01-23T10:05:00.000,483.8,484.0716,483.65,483.8989,453232,7574,483.91
2024-01-23T10:10:00.000,483.89,484.23,483.814,484.11,525261,5324,483.93
2024-01-23T10:15:00.000,484.11,484.1916,483.89,484.09,436057,4747,483.94
2024-01-23T10:20:00.000,484.1,484.1124,483.44,483.6018,953610,6830,483.92
2024-01-23T10:25:00.000,483.61,483.935,483.51,483.8495,1025369,5359,483.9
2024-01-23T10:30:00.000,483.85,483.86,483.42,483.48,510804,5264,483.88
2024-01-23T10:35:00.000,483.47,483.6986,483.39,483.6622,699059,6232,483.85
2024-01-23T10:40:00.000,483.66,483.72,483.31,483.365,627354,5322,483.82
2024-01-23T10:45:00.000,483.355,483.43,483.15,483.34,630196,6043,483.78
2024-01-23T10:50:00.000,483.3389,483.34,483.06,483.18,611362,5494,483.75
2024-01-23T10:55:00.000,483.19,483.38,483.12,483.265,585392,5208,483.72
2024-01-23T11:00:00.000,483.27,483.535,483.25,483.48,479920,4588,483.71
2024-01-23T11:05:00.000,483.48,483.625,483.41,483.51,490087,4448,483.7
2024-01-23T11:10:00.000,483.51,483.69,483.305,483.325,461758,4463,483.69
2024-01-23T11:15:00.000,483.33,483.395,482.99,483.1299,626362,5904,483.67
2024-01-23T11:20:00.000,483.12,483.29,483.0401,483.065,371900,3900,483.65
2024-01-23T11:25:00.000,483.08,483.13,482.92,483.06,593410,4971,483.63
2024-01-23T11:30:00.000,483.06,483.06,482.9,482.915,457825,4336,483.6
2024-01-23T11:35:00.000,482.9,483.15,482.89,483.081,440433,3911,483.59
2024-01-23T11:40:00.000,483.09,483.265,482.9501,483.2575,843029,3994,483.57
2024-01-23T11:45:00.000,483.26,483.4,483.115,483.12,399254,3894,483.57
2024-01-23T11:50:00.000,483.125,483.42,483.125,483.4042,177882,2286,483.56
2024-01-23T11:55:00.000,483.41,483.54,483.3,483.505,292568,3350,483.56
2024-01-23T12:00:00.000,483.5,483.5475,483.28,483.38,520753,2516,483.56
2024-01-23T12:05:00.000,483.38,483.5,483.26,483.41,284401,2796,483.56
2024-01-23T12:10:00.000,483.41,483.52,483.2722,483.3999,415808,2016,483.55
2024-01-23T12:15:00.000,483.39,483.4099,483.23,483.345,833694,2478,483.55
2024-01-23T12:20:00.000,483.34,483.39,483.0779,483.12,227054,2586,483.55
2024-01-23T12:25:00.000,483.12,483.3,483.1,483.23,209910,2265,483.54
2024-01-23T12:30:00.000,483.22,483.3501,483.1609,483.1617,208400,2252,483.54
2024-01-23T12:35:00.000,483.17,483.33,483.08,483.229,246428,2703,483.54
2024-01-23T12:40:00.000,483.24,483.335,483.1386,483.29,144161,1770,483.53
2024-01-23T12:45:00.000,483.28,483.51,483.28,483.395,230877,2367,483.53
2024-01-23T12:50:00.000,483.4,483.77,483.395,483.74,403755,4076,483.53
2024-01-23T12:55:00.000,483.74,483.98,483.69,483.91,559069,4638,483.54
2024-01-23T13:00:00.000,483.91,483.96,483.775,483.82,365637,3695,483.55
2024-01-23T13:05:00.000,483.8,483.83,483.65,483.692,376457,2764,483.55
2024-01-23T13:10:00.000,483.7,483.85,483.67,483.75,243238,2441,483.55
2024-01-23T13:15:00.000,483.75,483.955,483.72,483.8722,465951,3565,483.56
2024-01-23T13:20:00.000,483.87,483.99,483.78,483.79,334657,3176,483.56
2024-01-23T13:25:00.000,483.79,483.93,483.74,483.7509,275249,2752,483.57
2024-01-23T13:30:00.000,483.76,483.83,483.5613,483.68,263804,3394,483.57
2024-01-23T13:35:00.000,483.68,483.72,483.5699,483.6168,187470,2241,483.57
2024-01-23T13:40:00.000,483.61,483.76,483.57,483.7125,269649,2805,483.57
2024-01-23T13:45:00.000,483.715,483.95,483.692,483.885,321793,3006,483.57
2024-01-23T13:50:00.000,483.89,484.03,483.8437,483.97,360600,3204,483.58
2024-01-23T13:55:00.000,483.975,484.0299,483.77,483.97,326376,3319,483.58
2024-01-23T14:00:00.000,483.9701,484.06,483.86,483.89,300865,2943,483.59
2024-01-23T14:05:00.000,483.8896,483.8896,483.72,483.82,248140,2511,483.59
2024-01-23T14:10:00.000,483.81,484.0172,483.79,483.86,299588,2883,483.59
2024-01-23T14:15:00.000,483.865,483.885,483.705,483.82,246574,2394,483.6
2024-01-23T14:20:00.000,483.82,483.87,483.74,483.815,195979,2350,483.6
2024-01-23T14:25:00.000,483.82,483.83,483.625,483.81,360423,3590,483.6
2024-01-23T14:30:00.000,483.81,483.83,483.64,483.705,272787,2938,483.6
2024-01-23T14:35:00.000,483.71,483.97,483.67,483.93,296937,3071,483.6
2024-01-23T14:40:00.000,483.93,484.095,483.93,484.0399,411659,4209,483.61
2024-01-23T14:45:00.000,484.035,484.41,484.03,484.19,564965,5745,483.62
2024-01-23T14:50:00.000,484.2,484.29,484.075,484.285,299984,3369,483.63
2024-01-23T14:55:00.000,484.28,484.48,484.27,484.33,804471,5349,483.64
2024-01-23T15:00:00.000,484.33,484.4652,484.19,484.35,791094,5105,483.66
2024-01-23T15:05:00.000,484.3412,484.58,484.27,484.455,597107,5865,483.67
2024-01-23T15:10:00.000,484.4599,484.95,484.4599,484.845,848276,8518,483.7
2024-01-23T15:15:00.000,484.845,484.9,484.6199,484.86,602767,5733,483.73
2024-01-23T15:20:00.000,484.86,484.94,484.71,484.7277,1024543,4985,483.74
2024-01-23T15:25:00.000,484.73,484.73,484.55,484.65,725573,4861,483.76
2024-01-23T15:30:00.000,484.65,484.755,484.44,484.5301,922007,6708,483.78
2024-01-23T15:35:00.000,484.53,484.53,484.385,484.41,1053240,5677,483.79
2024-01-23T15:40:00.000,484.41,484.65,484.33,484.605,704639,6505,483.8
2024-01-23T15:45:00.000,484.6,484.72,484.34,484.435,1272177,10926,483.83
2024-01-23T15:50:00.000,484.43,484.92,484.43,484.915,1374097,11481,483.86
2024-01-23T15:55:00.000,484.91,485.105,484.78,484.88,3783399,22139,483.96
2024-01-23T16:00:00.000,0.0,0.0,0.0,0.0,178,1,483.96
2024-01-24T09:30:00.000,487.81,487.83,487.315,487.55,1609393,15015,487.53
2024-01-24T09:35:00.000,487.54,487.68,487.27,487.29,1053764,10248,487.52
2024-01-24T09:40:00.000,487.3,487.43,487.13,487.369,926886,7761,487.47
2024-01-24T09:45:00.000,487.37,487.44,486.96,487.045,1101722,8853,487.41
2024-01-24T09:50:00.000,487.045,487.25,486.95,487.1798,795984,7763,487.36
2024-01-24T09:55:00.000,487.18,487.8199,486.97,487.09,700571,7657,487.34
2024-01-24T10:00:00.000,487.09,487.14,486.4099,486.56,1164859,18397,487.23
2024-01-24T10:05:00.000,486.5535,487.08,486.46,486.96,849526,11842,487.18
2024-01-24T10:10:00.000,486.96,487.26,486.7,487.15,824914,8345,487.17
2024-01-24T10:15:00.000,487.17,487.47,487.14,487.32,820314,9128,487.18
2024-01-24T10:20:00.000,487.31,487.4,487.0901,487.34,759049,7695,487.18
2024-01-24T10:25:00.000,487.33,487.57,487.27,487.51,778565,7493,487.2
2024-01-24T10:30:00.000,487.52,487.61,487.37,487.53,759135,7557,487.22
2024-01-24T10:35:00.000,487.53,487.955,487.46,487.955,984794,8936,487.26
2024-01-24T10:40:00.000,487.96,488.57,487.835,488.555,1457811,12968,487.35
2024-01-24T10:45:00.000,488.565,488.61,487.95,488.3,1207898,10892,487.42
2024-01-24T10:50:00.000,488.31,488.31,487.665,487.87,880520,8348,487.44
2024-01-24T10:55:00.000,487.86,488.03,487.73,487.95,640347,5934,487.46
2024-01-24T11:00:00.000,487.96,488.24,487.955,488.19,827255,7427,487.49
2024-01-24T11:05:00.000,488.19,488.215,487.57,487.815,823325,7660,487.5
2024-01-24T11:10:00.000,487.82,487.86,487.56,487.58,549680,5728,487.51
2024-01-24T11:15:00.000,487.59,487.945,487.48,487.92,587915,5775,487.52
2024-01-24T11:20:00.000,487.92,488.195,487.82,487.99,558155,5629,487.53
2024-01-24T11:25:00.000,487.99,488.21,487.88,487.97,500350,5218,487.54
2024-01-24T11:30:00.000,487.97,488.11,487.73,487.77,511983,5253,487.55
2024-01-24T11:35:00.000,487.77,487.9805,487.74,487.84,353784,3849,487.55
2024-01-24T11:40:00.000,487.83,488.08,487.71,487.76,514704,4669,487.56
2024-01-24T11:45:00.000,487.75,488.1,487.68,488.02,478939,4507,487.57
2024-01-24T11:50:00.000,488.03,488.2965,488.03,488.2399,517442,4743,487.58
2024-01-24T11:55:00.000,488.23,488.4,488.18,488.32,524256,4781,487.6
2024-01-24T12:00:00.000,488.31,488.42,488.06,488.26,490858,4765,487.61
2024-01-24T12:05:00.000,488.27,488.45,488.11,488.435,317942,3690,487.62
2024-01-24T12:10:00.000,488.43,488.5,487.91,488.08,724109,5980,487.63
2024-01-24T12:15:00.000,488.08,488.16,487.94,487.99,320672,3667,487.64
2024-01-24T12:20:00.000,487.99,488.165,487.82,488.165,313581,3237,487.64
2024-01-24T12:25:00.000,488.165,488.505,488.165,488.33,417357,4415,487.65
2024-01-24T12:30:00.000,488.34,488.63,488.34,488.58,516712,5077,487.67
2024-01-24T12:35:00.000,488.58,488.65,488.37,488.48,419394,4076,487.68
2024-01-24T12:40:00.000,488.4986,488.52,488.325,488.42,670800,3812,487.69
2024-01-24T12:45:00.000,488.425,488.6,488.37,488.57,512933,3066,487.7
2024-01-24T12:50:00.000,488.57,488.75,488.4802,488.71,752609,4633,487.71
2024-01-24T12:55:00.000,488.72,488.77,488.63,488.7105,400966,4140,487.73
2024-01-24T13:00:00.000,488.7101,488.735,488.04,488.1613,1132405,9725,487.75
2024-01-24T13:05:00.000,488.17,488.32,487.8488,488.15,777864,6879,487.76
2024-01-24T13:10:00.000,488.14,488.2,487.73,487.7552,668339,6480,487.76
2024-01-24T13:15:00.000,487.75,487.81,487.44,487.64,955887,8437,487.76
2024-01-24T13:20:00.000,487.64,487.74,487.55,487.705,724847,6110,487.76
2024-01-24T13:25:00.000,487.71,488.195,487.62,488.03,779288,6450,487.76
2024-01-24T13:30:00.000,488.03,488.05,487.52,487.71,669250,6389,487.76
2024-01-24T13:35:00.000,487.72,487.765,487.14,487.1455,709970,6263,487.75
2024-01-24T13:40:00.000,487.14,487.4906,486.98,487.14,848705,7762,487.74
2024-01-24T13:45:00.000,487.14,487.2699,486.96,487.13,656695,5403,487.73
2024-01-24T13:50:00.000,487.13,487.28,486.92,487.2301,668889,5404,487.72
2024-01-24T13:55:00.000,487.23,487.42,487.07,487.3103,713287,6153,487.71
2024-01-24T14:00:00.000,487.32,487.38,487.06,487.165,853468,4915,487.7
2024-01-24T14:05:00.000,487.17,487.36,487.08,487.1011,430063,4283,487.7
2024-01-24T14:10:00.000,487.0913,487.0913,486.72,486.735,703863,6433,487.68
2024-01-24T14:15:00.000,486.74,486.86,486.63,486.72,719623,6616,487.67
2024-01-24T14:20:00.000,486.72,486.735,485.9695,486.1,1713575,12056,487.62
2024-01-24T14:25:00.000,486.09,486.51,486.04,486.22,795718,7176,487.59
2024-01-24T14:30:00.000,486.22,486.55,486.0,486.12,777912,6505,487.57
2024-01-24T14:35:00.000,486.1196,486.38,486.0833,486.375,452635,4521,487.56
2024-01-24T14:40:00.000,486.38,486.84,486.36,486.7801,809228,8185,487.54
2024-01-24T14:45:00.000,486.79,487.01,486.775,486.93,710466,6340,487.53
2024-01-24T14:50:00.000,486.93,487.07,486.78,486.89,523640,5390,487.52
2024-01-24T14:55:00.000,486.88,486.88,486.36,486.55,618969,6207,487.51
2024-01-24T15:00:00.000,486.55,486.779,486.24,486.6899,920902,6438,487.49
2024-01-24T15:05:00.000,486.69,486.89,486.645,486.6799,475019,4824,487.49
2024-01-24T15:10:00.000,486.68,486.69,485.78,485.89,1449853,13607,487.45
2024-01-24T15:15:00.000,485.89,485.9,485.46,485.5,1308340,9105,487.41
2024-01-24T15:20:00.000,485.51,485.87,485.46,485.81,1320387,7869,487.39
2024-01-24T15:25:00.000,485.81,485.835,485.4,485.51,916488,8379,487.35
2024-01-24T15:30:00.000,485.52,485.87,485.43,485.82,978713,8888,487.32
2024-01-24T15:35:00.000,485.82,486.21,485.775,486.07,810751,7781,487.3
2024-01-24T15:40:00.000,486.0601,486.4,486.06,486.25,1514621,7814,487.29
2024-01-24T15:45:00.000,486.255,486.3,485.46,485.54,1452634,13728,487.25
2024-01-24T15:50:00.000,485.525,485.53,485.01,485.2195,4305734,27008,487.13
2024-01-24T15:55:00.000,485.22,485.735,485.05,485.32,7285655,36821,486.95
2024-01-24T16:00:00.000,0.0,0.0,0.0,0.0,0,0,486.95
2024-01-25T09:30:00.000,487.575,487.7,486.95,487.52,1534864,16016,487.33
2024-01-25T09:35:00.000,487.52,487.63,487.15,487.33,959850,9341,487.36
2024-01-25T09:40:00.000,487.33,487.52,486.795,486.98,1175604,10396,487.3
2024-01-25T09:45:00.000,486.99,487.15,486.77,487.12,671764,6456,487.25
2024-01-25T09:50:00.000,487.14,487.545,487.02,487.505,755793,7605,487.27
2024-01-25T09:55:00.000,487.5,487.615,487.205,487.32,892232,8083,487.28
2024-01-25T10:00:00.000,487.33,487.45,486.9,487.18,696174,15831,487.27
2024-01-25T10:05:00.000,487.19,487.75,487.03,487.725,734654,11409,487.28
2024-01-25T10:10:00.000,487.745,487.91,487.46,487.615,779495,7949,487.32
2024-01-25T10:15:00.000,487.61,487.83,487.52,487.79,702951,6012,487.35
2024-01-25T10:20:00.000,487.79,488.305,487.79,488.1,1240810,10907,487.44
2024-01-25T10:25:00.000,488.11,488.18,487.92,488.08,730184,6495,487.48
2024-01-25T10:30:00.000,488.09,488.1701,487.51,487.51,935524,8445,487.51
2024-01-25T10:35:00.000,487.52,487.53,486.92,487.2914,1046038,9283,487.48
2024-01-25T10:40:00.000,487.3,487.64,487.205,487.57,631673,6115,487.48
2024-01-25T10:45:00.000,487.57,487.6,486.98,487.03,692736,5896,487.47
2024-01-25T10:50:00.000,487.03,487.28,486.8716,486.965,679429,6114,487.45
2024-01-25T10:55:00.000,486.97,487.245,486.86,487.16,559439,4988,487.44
2024-01-25T11:00:00.000,487.17,487.19,486.82,486.8912,513522,4585,487.42
2024-01-25T11:05:00.000,486.9,487.385,486.855,487.21,677684,6094,487.41
2024-01-25T11:10:00.000,487.225,487.525,487.04,487.51,596882,5475,487.41
2024-01-25T11:15:00.000,487.51,487.785,487.395,487.55,963617,5520,487.42
2024-01-25T11:20:00.000,487.54,487.67,487.37,487.59,663950,4552,487.42
2024-01-25T11:25:00.000,487.59,487.84,487.5,487.78,493509,4898,487.43
2024-01-25T11:30:00.000,487.79,487.84,487.52,487.7716,524037,5174,487.43
2024-01-25T11:35:00.000,487.77,487.85,487.67,487.7301,392122,3904,487.44
2024-01-25T11:40:00.000,487.72,487.74,487.26,487.4801,540467,5072,487.44
2024-01-25T11:45:00.000,487.48,487.825,487.38,487.78,696811,4408,487.44
2024-01-25T11:50:00.000,487.785,488.11,487.779,487.895,625644,6122,487.46
2024-01-25T11:55:00.000,487.9,487.9013,487.41,487.61,834808,7417,487.47
2024-01-25T12:00:00.000,487.62,487.75,487.095,487.22,575634,5506,487.47
2024-01-25T12:05:00.000,487.23,487.245,486.63,486.82,1153188,8822,487.44
2024-01-25T12:10:00.000,486.82,486.98,486.76,486.85,516761,5117,487.43
2024-01-25T12:15:00.000,486.855,487.2,486.7588,486.7701,809510,7964,487.41
2024-01-25T12:20:00.000,486.78,486.99,486.64,486.67,742984,6495,487.4
2024-01-25T12:25:00.000,486.67,486.95,486.41,486.63,640872,6717,487.38
2024-01-25T12:30:00.000,486.65,486.78,486.195,486.25,1179350,5713,487.35
2024-01-25T12:35:00.000,486.25,486.45,486.17,486.43,692077,4271,487.34
2024-01-25T12:40:00.000,486.43,486.62,486.3707,486.5586,477634,4189,487.32
2024-01-25T12:45:00.000,486.55,486.61,486.18,486.345,660938,3891,487.31
2024-01-25T12:50:00.000,486.35,486.45,486.18,486.41,1021708,4596,487.29
2024-01-25T12:55:00.000,486.4,486.68,486.38,486.5807,506066,4312,487.28
2024-01-25T13:00:00.000,486.6,487.26,486.46,486.9188,837484,7809,487.26
2024-01-25T13:05:00.000,486.92,487.31,486.88,486.98,824201,4965,487.26
2024-01-25T13:10:00.000,486.99,487.19,486.835,486.87,472768,4491,487.26
2024-01-25T13:15:00.000,486.87,486.87,486.08,486.23,591694,5540,487.24
2024-01-25T13:20:00.000,486.215,486.49,486.1,486.1097,646560,4681,487.22
2024-01-25T13:25:00.000,486.11,486.44,486.08,486.274,530654,4910,487.21
2024-01-25T13:30:00.000,486.28,486.31,486.06,486.09,424609,4188,487.19
2024-01-25T13:35:00.000,486.1,486.41,486.05,486.3623,477737,4454,487.18
2024-01-25T13:40:00.000,486.37,486.77,486.335,486.585,549289,4987,487.17
2024-01-25T13:45:00.000,486.58,486.84,486.43,486.74,1276648,4562,487.16
2024-01-25T13:50:00.000,486.73,486.7901,486.32,486.35,414682,4074,487.15
2024-01-25T13:55:00.000,486.36,486.39,485.79,485.95,729015,6980,487.13
2024-01-25T14:00:00.000,485.95,485.95,485.49,485.72,1226420,10305,487.08
2024-01-25T14:05:00.000,485.72,485.82,485.39,485.57,914375,7800,487.05
2024-01-25T14:10:00.000,485.565,485.99,485.53,485.8914,639416,5920,487.03
2024-01-25T14:15:00.000,485.8999,486.07,485.715,486.06,1265010,6690,487.0
2024-01-25T14:20:00.000,486.07,486.15,485.78,485.84,546001,5598,486.99
2024-01-25T14:25:00.000,485.84,486.275,485.805,486.175,436759,4135,486.98
2024-01-25T14:30:00.000,486.18,486.35,486.065,486.325,671424,5249,486.97
2024-01-25T14:35:00.000,486.32,486.43,485.88,486.1087,612611,5220,486.96
2024-01-25T14:40:00.000,486.1,486.18,485.81,485.955,424773,4135,486.95
2024-01-25T14:45:00.000,485.96,486.1,485.8,485.91,422777,4028,486.94
2024-01-25T14:50:00.000,485.91,486.41,485.79,486.39,485339,4265,486.93
2024-01-25T14:55:00.000,486.38,486.665,486.33,486.66,536984,5315,486.92
2024-01-25T15:00:00.000,486.665,486.76,486.495,486.72,496968,4763,486.92
2024-01-25T15:05:00.000,486.72,486.75,486.51,486.63,788459,5229,486.92
2024-01-25T15:10:00.000,486.62,486.77,486.355,486.409,664410,6353,486.91
2024-01-25T15:15:00.000,486.41,486.81,486.29,486.8,429722,4639,486.91
2024-01-25T15:20:00.000,486.79,486.9,486.44,486.45,570610,5651,486.9
2024-01-25T15:25:00.000,486.44,486.68,486.44,486.55,353938,4035,486.9
2024-01-25T15:30:00.000,486.55,487.26,486.425,487.09,959600,9284,486.9
2024-01-25T15:35:00.000,487.09,487.39,486.93,487.06,1084011,9342,486.91
2024-01-25T15:40:00.000,487.06,487.24,486.88,486.9999,779007,7869,486.91
2024-01-25T15:45:00.000,487.0,487.17,486.9,487.13,1107406,9136,486.91
2024-01-25T15:50:00.000,487.135,487.5,487.09,487.355,2116436,16564,486.93
2024-01-25T15:55:00.000,487.35,488.04,487.275,488.0,5282110,26921,487.0
2024-01-25T16:00:00.000,488.01,488.01,488.01,488.01,177,1,487.0
2024-01-26T09:30:00.000,487.59,488.35,487.44,488.1,1331765,13547,487.87
2024-01-26T09:35:00.000,488.1,488.24,487.6,487.91,837090,8061,487.87
2024-01-26T09:40:00.000,487.93,488.03,487.71,487.89,579580,5846,487.87
2024-01-26T09:45:00.000,487.89,487.9,487.46,487.5632,603467,6416,487.83
2024-01-26T09:50:00.000,487.57,487.745,487.235,487.405,620738,6346,487.76
2024-01-26T09:55:00.000,487.4,487.725,487.25,487.7001,599344,5693,487.72
2024-01-26T10:00:00.000,487.7,487.7,487.355,487.4499,537720,12954,487.7
2024-01-26T10:05:00.000,487.45,487.52,487.0399,487.4199,913363,14260,487.64
2024-01-26T10:10:00.000,487.43,487.64,487.36,487.6,436139,4659,487.63
2024-01-26T10:15:00.000,487.6,487.6,487.15,487.45,627789,5615,487.61
2024-01-26T10:20:00.000,487.45,487.85,487.415,487.805,620886,6333,487.61
2024-01-26T10:25:00.000,487.81,488.2,487.8,488.14,757239,6556,487.65
2024-01-26T10:30:00.000,488.1419,488.49,488.059,488.38,876877,7734,487.71
2024-01-26T10:35:00.000,488.3725,488.685,488.225,488.45,775547,7101,487.77
2024-01-26T10:40:00.000,488.45,488.78,488.435,488.715,666409,6273,487.82
2024-01-26T10:45:00.000,488.71,488.84,488.6,488.78,677362,6229,487.87
2024-01-26T10:50:00.000,488.79,489.0365,488.66,488.82,1153386,7968,487.94
2024-01-26T10:55:00.000,488.825,489.03,488.725,489.015,574870,5348,487.98
2024-01-26T11:00:00.000,489.02,489.12,488.6501,488.72,885122,7207,488.04
2024-01-26T11:05:00.000,488.7184,488.8701,488.53,488.8084,948370,5774,488.07
2024-01-26T11:10:00.000,488.81,488.85,488.4098,488.43,523458,4599,488.09
2024-01-26T11:15:00.000,488.425,488.65,488.355,488.39,632903,5185,488.11
2024-01-26T11:20:00.000,488.4,488.66,488.3714,488.61,533284,4610,488.12
2024-01-26T11:25:00.000,488.62,488.78,488.54,488.68,528614,5297,488.14
2024-01-26T11:30:00.000,488.67,488.825,488.6528,488.69,368350,3683,488.15
2024-01-26T11:35:00.000,488.68,488.785,488.1116,488.23,675319,6775,488.16
2024-01-26T11:40:00.000,488.23,488.37,488.1,488.25,566602,5058,488.16
2024-01-26T11:45:00.000,488.26,488.52,488.125,488.51,713696,4363,488.17
2024-01-26T11:50:00.000,488.51,488.68,488.45,488.6,783463,4699,488.18
2024-01-26T11:55:00.000,488.6,488.83,488.54,488.74,329089,3742,488.19
2024-01-26T12:00:00.000,488.74,488.83,488.64,488.72,583557,3285,488.19
2024-01-26T12:05:00.000,488.73,488.88,488.405,488.44,460711,4385,488.21
2024-01-26T12:10:00.000,488.45,488.67,488.225,488.6,434768,4374,488.21
2024-01-26T12:15:00.000,488.6,488.775,488.56,488.75,606625,3408,488.22
2024-01-26T12:20:00.000,488.74,488.83,488.32,488.39,696771,4466,488.23
2024-01-26T12:25:00.000,488.39,488.48,488.26,488.35,507019,4370,488.23
2024-01-26T12:30:00.000,488.35,488.36,487.81,487.9201,1262030,8174,488.22
2024-01-26T12:35:00.000,487.92,487.98,487.17,487.405,1907874,11413,488.18
2024-01-26T12:40:00.000,487.405,487.5674,487.17,487.355,1019662,6432,488.15
2024-01-26T12:45:00.000,487.36,487.475,486.76,486.8,1643348,8602,488.11
2024-01-26T12:50:00.000,486.8,487.2099,486.71,487.18,1233429,7993,488.07
2024-01-26T12:55:00.000,487.18,487.2,486.91,487.015,846401,4870,488.05
2024-01-26T13:00:00.000,487.02,487.24,486.78,487.095,689034,5731,488.02
2024-01-26T13:05:00.000,487.09,487.28,486.93,487.23,593080,4938,488.0
2024-01-26T13:10:00.000,487.23,487.33,487.12,487.16,364198,3666,487.99
2024-01-26T13:15:00.000,487.16,487.16,486.88,486.9896,448222,4294,487.98
2024-01-26T13:20:00.000,487.0,487.42,486.95,487.3407,531412,5078,487.97
2024-01-26T13:25:00.000,487.34,487.515,487.18,487.42,544432,5437,487.96
2024-01-26T13:30:00.000,487.41,487.53,487.17,487.4399,614066,4339,487.95
2024-01-26T13:35:00.000,487.44,487.5,487.225,487.23,338156,3002,487.94
2024-01-26T13:40:00.000,487.22,487.22,486.71,486.8572,593603,5629,487.92
2024-01-26T13:45:00.000,486.84,486.93,486.6,486.7602,726765,5499,487.9
2024-01-26T13:50:00.000,486.76,486.905,486.54,486.73,543657,3492,487.89
2024-01-26T13:55:00.000,486.75,487.11,486.645,486.98,680356,4180,487.88
2024-01-26T14:00:00.000,486.9941,487.48,486.95,487.31,626125,5260,487.86
2024-01-26T14:05:00.000,487.31,487.45,487.17,487.32,359319,3509,487.86
2024-01-26T14:10:00.000,487.32,487.41,487.13,487.2622,380813,3117,487.85
2024-01-26T14:15:00.000,487.27,487.48,487.23,487.26,266567,2852,487.85
2024-01-26T14:20:00.000,487.28,487.37,487.03,487.0888,374283,3360,487.84
2024-01-26T14:25:00.000,487.09,487.3173,487.04,487.2,344191,3685,487.84
2024-01-26T14:30:00.000,487.21,487.295,486.945,487.03,319894,3252,487.83
2024-01-26T14:35:00.000,487.04,487.48,487.005,487.45,411726,4363,487.82
2024-01-26T14:40:00.000,487.4501,487.81,487.4501,487.77,1090941,6955,487.82
2024-01-26T14:45:00.000,487.76,487.9199,487.705,487.8101,1089366,4693,487.82
2024-01-26T14:50:00.000,487.81,488.15,487.8092,487.8742,970546,7600,487.82
2024-01-26T14:55:00.000,487.87,488.04,487.605,487.97,722948,4609,487.82
2024-01-26T15:00:00.000,487.98,488.0599,487.85,487.88,744176,4626,487.83
2024-01-26T15:05:00.000,487.87,487.98,487.72,487.775,303621,3403,487.83
2024-01-26T15:10:00.000,487.78,487.95,487.71,487.95,583154,3443,487.83
2024-01-26T15:15:00.000,487.95,488.03,487.82,487.83,368107,3442,487.83
2024-01-26T15:20:00.000,487.83,487.845,487.43,487.58,609646,5698,487.82
2024-01-26T15:25:00.000,487.58,487.75,487.34,487.47,625502,5474,487.82
2024-01-26T15:30:00.000,487.475,487.58,487.25,487.355,1695686,7224,487.81
2024-01-26T15:35:00.000,487.35,487.4871,487.2,487.205,566661,4991,487.8
2024-01-26T15:40:00.000,487.21,487.41,487.025,487.32,1116597,6053,487.79
2024-01-26T15:45:00.000,487.33,487.465,487.16,487.42,1201365,7752,487.78
2024-01-26T15:50:00.000,487.42,487.5592,487.2,487.333,1581149,11704,487.77
2024-01-26T15:55:00.000,487.34,487.68,487.28,487.47,4088712,20392,487.74
2024-01-26T16:00:00.000,487.465,487.465,487.46,487.46,1005,2,487.74
2024-01-27T09:30:00.000,0.0,0.0,0.0,0.0,0,0,0.0
2024-01-27T09:35:00.000,0.0,0.0,0.0,0.0,0,0,0.0
2024-01-27T09:40:00.000,0.0,0.0,0.0,0.0,0,0,0.0
2024-01-27T09:45:00.000,0.0,0.0,0.0,0.0,0,0,0.0
2024-01-27T09:50:00.000,0.0,0.0,0.0,0.0,0,0,0.0
2024-01-27T09:55:00.000,0.0,0.0,0.0,0.0,0,0,0.0
2024-01-27T10:00:00.000,0.0,0.0,0.0,0.0,0,0,0.0
2024-01-27T10:05:00.000,0.0,0.0,0.0,0.0,0,0,0.0
2024-01-27T10:10:00.000,0.0,0.0,0.0,0.0,0,0,0.0
2024-01-27T10:15:00.000,0.0,0.0,0.0,0.0,0,0,0.0
2024-01-27T10:20:00.000,0.0,0.0,0.0,0.0,0,0,0.0
2024-01-27T10:25:00.000,0.0,0.0,0.0,0.0,0,0,0.0
2024-01-27T10:30:00.000,0.0,0.0,0.0,0.0,0,0,0.0
2024-01-27T10:35:00.000,0.0,0.0,0.0,0.0,0,0,0.0
2024-01-27T10:40:00.000,0.0,0.0,0.0,0.0,0,0,0.0
2024-01-27T10:45:00.000,0.0,0.0,0.0,0.0,0,0,0.0
2024-01-27T10:50:00.000,0.0,0.0,0.0,0.0,0,0,0.0
2024-01-27T10:55:00.000,0.0,0.0,0.0,0.0,0,0,0.0
2024-01-27T11:00:00.000,0.0,0.0,0.0,0.0,0,0,0.0
2024-01-27T11:05:00.000,0.0,0.0,0.0,0.0,0,0,0.0
2024-01-27T11:10:00.000,0.0,0.0,0.0,0.0,0,0,0.0
2024-01-27T11:15:00.000,0.0,0.0,0.0,0.0,0,0,0.0
2024-01-27T11:20:00.000,0.0,0.0,0.0,0.0,0,0,0.0
2024-01-27T11:25:00.000,0.0,0.0,0.0,0.0,0,0,0.0
2024-01-27T11:30:00.000,0.0,0.0,0.0,0.0,0,0,0.0
2024-01-27T11:35:00.000,0.0,0.0,0.0,0.0,0,0,0.0
2024-01-27T11:40:00.000,0.0,0.0,0.0,0.0,0,0,0.0
2024-01-27T11:45:00.000,0.0,0.0,0.0,0.0,0,0,0.0
2024-01-27T11:50:00.000,0.0,0.0,0.0,0.0,0,0,0.0
2024-01-27T11:55:00.000,0.0,0.0,0.0,0.0,0,0,0.0
2024-01-27T12:00:00.000,0.0,0.0,0.0,0.0,0,0,0.0
2024-01-27T12:05:00.000,0.0,0.0,0.0,0.0,0,0,0.0
2024-01-27T12:10:00.000,0.0,0.0,0.0,0.0,0,0,0.0
2024-01-27T12:15:00.000,0.0,0.0,0.0,0.0,0,0,0.0
2024-01-27T12:20:00.000,0.0,0.0,0.0,0.0,0,0,0.0
2024-01-27T12:25:00.000,0.0,0.0,0.0,0.0,0,0,0.0
2024-01-27T12:30:00.000,0.0,0.0,0.0,0.0,0,0,0.0
2024-01-27T12:35:00.000,0.0,0.0,0.0,0.0,0,0,0.0
2024-01-27T12:40:00.000,0.0,0.0,0.0,0.0,0,0,0.0
2024-01-27T12:45:00.000,0.0,0.0,0.0,0.0,0,0,0.0
2024-01-27T12:50:00.000,0.0,0.0,0.0,0.0,0,0,0.0
2024-01-27T12:55:00.000,0.0,0.0,0.0,0.0,0,0,0.0
2024-01-27T13:00:00.000,0.0,0.0,0.0,0.0,0,0,0.0
2024-01-27T13:05:00.000,0.0,0.0,0.0,0.0,0,0,0.0
2024-01-27T13:10:00.000,0.0,0.0,0.0,0.0,0,0,0.0
2024-01-27T13:15:00.000,0.0,0.0,0.0,0.0,0,0,0.0
2024-01-27T13:20:00.000,0.0,0.0,0.0,0.0,0,0,0.0
2024-01-27T13:25:00.000,0.0,0.0,0.0,0.0,0,0,0.0
2024-01-27T13:30:00.000,0.0,0.0,0.0,0.0,0,0,0.0
2024-01-27T13:35:00.000,0.0,0.0,0.0,0.0,0,0,0.0
2024-01-27T13:40:00.000,0.0,0.0,0.0,0.0,0,0,0.0
2024-01-27T13:45:00.000,0.0,0.0,0.0,0.0,0,0,0.0
2024-01-27T13:50:00.000,0.0,0.0,0.0,0.0,0,0,0.0
2024-01-27T13:55:00.000,0.0,0.0,0.0,0.0,0,0,0.0
2024-01-27T14:00:00.000,0.0,0.0,0.0,0.0,0,0,0.0
2024-01-27T14:05:00.000,0.0,0.0,0.0,0.0,0,0,0.0
2024-01-27T14:10:00.000,0.0,0.0,0.0,0.0,0,0,0.0
2024-01-27T14:15:00.000,0.0,0.0,0.0,0.0,0,0,0.0
2024-01-27T14:20:00.000,0.0,0.0,0.0,0.0,0,0,0.0
2024-01-27T14:25:00.000,0.0,0.0,0.0,0.0,0,0,0.0
2024-01-27T14:30:00.000,0.0,0.0,0.0,0.0,0,0,0.0
2024-01-27T14:35:00.000,0.0,0.0,0.0,0.0,0,0,0.0
2024-01-27T14:40:00.000,0.0,0.0,0.0,0.0,0,0,0.0
2024-01-27T14:45:00.000,0.0,0.0,0.0,0.0,0,0,0.0
2024-01-27T14:50:00.000,0.0,0.0,0.0,0.0,0,0,0.0
2024-01-27T14:55:00.000,0.0,0.0,0.0,0.0,0,0,0.0
2024-01-27T15:00:00.000,0.0,0.0,0.0,0.0,0,0,0.0
2024-01-27T15:05:00.000,0.0,0.0,0.0,0.0,0,0,0.0
2024-01-27T15:10:00.000,0.0,0.0,0.0,0.0,0,0,0.0
2024-01-27T15:15:00.000,0.0,0.0,0.0,0.0,0,0,0.0
2024-01-27T15:20:00.000,0.0,0.0,0.0,0.0,0,0,0.0
2024-01-27T15:25:00.000,0.0,0.0,0.0,0.0,0,0,0.0
2024-01-27T15:30:00.000,0.0,0.0,0.0,0.0,0,0,0.0
2024-01-27T15:35:00.000,0.0,0.0,0.0,0.0,0,0,0.0
2024-01-27T15:40:00.000,0.0,0.0,0.0,0.0,0,0,0.0
2024-01-27T15:45:00.000,0.0,0.0,0.0,0.0,0,0,0.0
2024-01-27T15:50:00.000,0.0,0.0,0.0,0.0,0,0,0.0
2024-01-27T15:55:00.000,0.0,0.0,0.0,0.0,0,0,0.0
2024-01-27T16:00:00.000,0.0,0.0,0.0,0.0,0,0,0.0
2024-01-28T09:30:00.000,0.0,0.0,0.0,0.0,0,0,0.0
2024-01-28T09:35:00.000,0.0,0.0,0.0,0.0,0,0,0.0
2024-01-28T09:40:00.000,0.0,0.0,0.0,0.0,0,0,0.0
2024-01-28T09:45:00.000,0.0,0.0,0.0,0.0,0,0,0.0
2024-01-28T09:50:00.000,0.0,0.0,0.0,0.0,0,0,0.0
2024-01-28T09:55:00.000,0.0,0.0,0.0,0.0,0,0,0.0
2024-01-28T10:00:00.000,0.0,0.0,0.0,0.0,0,0,0.0
2024-01-28T10:05:00.000,0.0,0.0,0.0,0.0,0,0,0.0
2024-01-28T10:10:00.000,0.0,0.0,0.0,0.0,0,0,0.0
2024-01-28T10:15:00.000,0.0,0.0,0.0,0.0,0,0,0.0
2024-01-28T10:20:00.000,0.0,0.0,0.0,0.0,0,0,0.0
2024-01-28T10:25:00.000,0.0,0.0,0.0,0.0,0,0,0.0
2024-01-28T10:30:00.000,0.0,0.0,0.0,0.0,0,0,0.0
2024-01-28T10:35:00.000,0.0,0.0,0.0,0.0,0,0,0.0
2024-01-28T10:40:00.000,0.0,0.0,0.0,0.0,0,0,0.0
2024-01-28T10:45:00.000,0.0,0.0,0.0,0.0,0,0,0.0
2024-01-28T10:50:00.000,0.0,0.0,0.0,0.0,0,0,0.0
2024-01-28T10:55:00.000,0.0,0.0,0.0,0.0,0,0,0.0
2024-01-28T11:00:00.000,0.0,0.0,0.0,0.0,0,0,0.0
2024-01-28T11:05:00.000,0.0,0.0,0.0,0.0,0,0,0.0
2024-01-28T11:10:00.000,0.0,0.0,0.0,0.0,0,0,0.0
2024-01-28T11:15:00.000,0.0,0.0,0.0,0.0,0,0,0.0
2024-01-28T11:20:00.000,0.0,0.0,0.0,0.0,0,0,0.0
2024-01-28T11:25:00.000,0.0,0.0,0.0,0.0,0,0,0.0
2024-01-28T11:30:00.000,0.0,0.0,0.0,0.0,0,0,0.0
2024-01-28T11:35:00.000,0.0,0.0,0.0,0.0,0,0,0.0
2024-01-28T11:40:00.000,0.0,0.0,0.0,0.0,0,0,0.0
2024-01-28T11:45:00.000,0.0,0.0,0.0,0.0,0,0,0.0
2024-01-28T11:50:00.000,0.0,0.0,0.0,0.0,0,0,0.0
2024-01-28T11:55:00.000,0.0,0.0,0.0,0.0,0,0,0.0
2024-01-28T12:00:00.000,0.0,0.0,0.0,0.0,0,0,0.0
2024-01-28T12:05:00.000,0.0,0.0,0.0,0.0,0,0,0.0
2024-01-28T12:10:00.000,0.0,0.0,0.0,0.0,0,0,0.0
2024-01-28T12:15:00.000,0.0,0.0,0.0,0.0,0,0,0.0
2024-01-28T12:20:00.000,0.0,0.0,0.0,0.0,0,0,0.0
2024-01-28T12:25:00.000,0.0,0.0,0.0,0.0,0,0,0.0
2024-01-28T12:30:00.000,0.0,0.0,0.0,0.0,0,0,0.0
2024-01-28T12:35:00.000,0.0,0.0,0.0,0.0,0,0,0.0
2024-01-28T12:40:00.000,0.0,0.0,0.0,0.0,0,0,0.0
2024-01-28T12:45:00.000,0.0,0.0,0.0,0.0,0,0,0.0
2024-01-28T12:50:00.000,0.0,0.0,0.0,0.0,0,0,0.0
2024-01-28T12:55:00.000,0.0,0.0,0.0,0.0,0,0,0.0
2024-01-28T13:00:00.000,0.0,0.0,0.0,0.0,0,0,0.0
2024-01-28T13:05:00.000,0.0,0.0,0.0,0.0,0,0,0.0
2024-01-28T13:10:00.000,0.0,0.0,0.0,0.0,0,0,0.0
2024-01-28T13:15:00.000,0.0,0.0,0.0,0.0,0,0,0.0
2024-01-28T13:20:00.000,0.0,0.0,0.0,0.0,0,0,0.0
2024-01-28T13:25:00.000,0.0,0.0,0.0,0.0,0,0,0.0
2024-01-28T13:30:00.000,0.0,0.0,0.0,0.0,0,0,0.0
2024-01-28T13:35:00.000,0.0,0.0,0.0,0.0,0,0,0.0
2024-01-28T13:40:00.000,0.0,0.0,0.0,0.0,0,0,0.0
2024-01-28T13:45:00.000,0.0,0.0,0.0,0.0,0,0,0.0
2024-01-28T13:50:00.000,0.0,0.0,0.0,0.0,0,0,0.0
2024-01-28T13:55:00.000,0.0,0.0,0.0,0.0,0,0,0.0
2024-01-28T14:00:00.000,0.0,0.0,0.0,0.0,0,0,0.0
2024-01-28T14:05:00.000,0.0,0.0,0.0,0.0,0,0,0.0
2024-01-28T14:10:00.000,0.0,0.0,0.0,0.0,0,0,0.0
2024-01-28T14:15:00.000,0.0,0.0,0.0,0.0,0,0,0.0
2024-01-28T14:20:00.000,0.0,0.0,0.0,0.0,0,0,0.0
2024-01-28T14:25:00.000,0.0,0.0,0.0,0.0,0,0,0.0
2024-01-28T14:30:00.000,0.0,0.0,0.0,0.0,0,0,0.0
2024-01-28T14:35:00.000,0.0,0.0,0.0,0.0,0,0,0.0
2024-01-28T14:40:00.000,0.0,0.0,0.0,0.0,0,0,0.0
2024-01-28T14:45:00.000,0.0,0.0,0.0,0.0,0,0,0.0
2024-01-28T14:50:00.000,0.0,0.0,0.0,0.0,0,0,0.0
2024-01-28T14:55:00.000,0.0,0.0,0.0,0.0,0,0,0.0
2024-01-28T15:00:00.000,0.0,0.0,0.0,0.0,0,0,0.0
2024-01-28T15:05:00.000,0.0,0.0,0.0,0.0,0,0,0.0
2024-01-28T15:10:00.000,0.0,0.0,0.0,0.0,0,0,0.0
2024-01-28T15:15:00.000,0.0,0.0,0.0,0.0,0,0,0.0
2024-01-28T15:20:00.000,0.0,0.0,0.0,0.0,0,0,0.0
2024-01-28T15:25:00.000,0.0,0.0,0.0,0.0,0,0,0.0
2024-01-28T15:30:00.000,0.0,0.0,0.0,0.0,0,0,0.0
2024-01-28T15:35:00.000,0.0,0.0,0.0,0.0,0,0,0.0
2024-01-28T15:40:00.000,0.0,0.0,0.0,0.0,0,0,0.0
2024-01-28T15:45:00.000,0.0,0.0,0.0,0.0,0,0,0.0
2024-01-28T15:50:00.000,0.0,0.0,0.0,0.0,0,0,0.0
2024-01-28T15:55:00.000,0.0,0.0,0.0,0.0,0,0,0.0
2024-01-28T16:00:00.000,0.0,0.0,0.0,0.0,0,0,0.0
2024-01-29T09:30:00.000,487.73,487.93,487.4568,487.89,1346937,12834,487.73
2024-01-29T09:35:00.000,487.9,488.14,487.76,487.9,1193207,11041,487.85
2024-01-29T09:40:00.000,487.92,487.985,487.71,487.87,559499,6246,487.85
2024-01-29T09:45:00.000,487.87,488.0,487.66,487.83,777732,7291,487.84
2024-01-29T09:50:00.000,487.84,488.02,487.815,488.0,803445,5392,487.85
2024-01-29T09:55:00.000,488.01,488.15,487.85,488.03,549360,5565,487.87
2024-01-29T10:00:00.000,488.03,488.07,487.59,487.67,594220,9596,487.87
2024-01-29T10:05:00.000,487.68,488.0686,487.66,488.04,419986,14201,487.87
2024-01-29T10:10:00.000,488.0401,488.245,488.015,488.11,538876,9220,487.89
2024-01-29T10:15:00.000,488.11,488.27,488.0894,488.24,463180,5139,487.91
2024-01-29T10:20:00.000,488.24,488.255,487.51,487.64,721031,7298,487.9
2024-01-29T10:25:00.000,487.64,487.695,487.4,487.67,780150,7650,487.87
2024-01-29T10:30:00.000,487.68,487.9199,487.18,487.43,899049,9058,487.84
2024-01-29T10:35:00.000,487.42,487.7989,487.3,487.75,703885,5622,487.82
2024-01-29T10:40:00.000,487.75,487.855,487.42,487.57,591425,5743,487.81
2024-01-29T10:45:00.000,487.59,487.7,487.37,487.44,459886,4304,487.79
2024-01-29T10:50:00.000,487.43,487.6,487.3,487.555,364799,3599,487.78
2024-01-29T10:55:00.000,487.55,487.63,487.22,487.3,388326,3580,487.77
2024-01-29T11:00:00.000,487.32,487.44,487.17,487.38,364320,3673,487.75
2024-01-29T11:05:00.000,487.38,487.45,487.32,487.45,387228,3730,487.74
2024-01-29T11:10:00.000,487.47,487.62,487.44,487.59,287012,3176,487.74
2024-01-29T11:15:00.000,487.58,487.77,487.51,487.73,347127,3759,487.73
2024-01-29T11:20:00.000,487.74,487.775,487.425,487.585,286824,3323,487.73
2024-01-29T11:25:00.000,487.575,487.82,487.47,487.74,396007,4630,487.73
2024-01-29T11:30:00.000,487.74,487.93,487.74,487.8,278560,3113,487.73
2024-01-29T11:35:00.000,487.8,487.93,487.73,487.9003,262803,3009,487.73
2024-01-29T11:40:00.000,487.905,488.03,487.825,487.97,286594,3415,487.74
2024-01-29T11:45:00.000,487.98,488.1,487.94,488.0208,287406,3130,487.74
2024-01-29T11:50:00.000,488.03,488.13,487.93,488.095,308765,3414,487.75
2024-01-29T11:55:00.000,488.095,488.18,488.05,488.1204,319066,3484,487.75
2024-01-29T12:00:00.000,488.13,488.2,487.9133,488.0,411329,4340,487.76
2024-01-29T12:05:00.000,488.0,488.03,487.88,488.025,273521,3021,487.77
2024-01-29T12:10:00.000,488.0312,488.15,488.025,488.045,251531,2742,487.77
2024-01-29T12:15:00.000,488.045,488.19,487.97,488.016,354641,3612,487.78
2024-01-29T12:20:00.000,488.0184,488.38,487.9,488.32,654063,5711,487.79
2024-01-29T12:25:00.000,488.305,488.48,488.18,488.24,586314,5361,487.81
2024-01-29T12:30:00.000,488.24,488.42,488.24,488.33,349791,3170,487.82
2024-01-29T12:35:00.000,488.32,488.54,488.3,488.51,326667,3413,487.83
2024-01-29T12:40:00.000,488.51,488.59,488.25,488.3003,428246,3950,487.84
2024-01-29T12:45:00.000,488.3,488.3185,487.86,488.0,568131,5552,487.85
2024-01-29T12:50:00.000,488.0,488.13,487.91,488.04,325941,2884,487.85
2024-01-29T12:55:00.000,488.03,488.295,488.02,488.18,818806,3203,487.86
2024-01-29T13:00:00.000,488.18,488.2201,487.84,488.0,608276,3222,487.86
2024-01-29T13:05:00.000,488.01,488.21,488.0,488.12,194495,2259,487.86
2024-01-29T13:10:00.000,488.12,488.135,487.92,488.0799,442801,2240,487.86
2024-01-29T13:15:00.000,488.07,488.1901,487.985,488.1599,202121,2300,487.86
2024-01-29T13:20:00.000,488.16,488.299,488.1019,488.29,240250,2592,487.87
2024-01-29T13:25:00.000,488.28,488.46,488.28,488.4299,243305,2752,487.87
2024-01-29T13:30:00.000,488.4216,488.5,488.34,488.37,272395,3520,487.88
2024-01-29T13:35:00.000,488.3623,488.46,488.3432,488.37,182041,2383,487.88
2024-01-29T13:40:00.000,488.3613,488.54,488.3331,488.44,287228,2823,487.89
2024-01-29T13:45:00.000,488.425,488.48,488.39,488.4105,132632,1520,487.89
2024-01-29T13:50:00.000,488.411,488.43,488.2,488.255,295523,2765,487.9
2024-01-29T13:55:00.000,488.25,488.2781,488.18,488.215,425049,1892,487.9
2024-01-29T14:00:00.000,488.22,488.36,488.09,488.29,282783,3008,487.91
2024-01-29T14:05:00.000,488.31,488.5094,488.3,488.505,278370,2939,487.91
2024-01-29T14:10:00.000,488.51,488.8,488.5,488.725,695128,5863,487.93
2024-01-29T14:15:00.000,488.7201,488.91,488.6,488.65,466667,4266,487.95
2024-01-29T14:20:00.000,488.63,488.765,488.62,488.705,288833,2960,487.96
2024-01-29T14:25:00.000,488.71,488.8,488.63,488.795,601240,3239,487.97
2024-01-29T14:30:00.000,488.795,488.97,488.71,488.89,355605,3636,487.98
2024-01-29T14:35:00.000,488.89,489.07,488.84,488.935,672834,4019,487.99
2024-01-29T14:40:00.000,488.94,489.11,488.85,488.98,527623,5348,488.01
2024-01-29T14:45:00.000,488.99,489.01,488.71,488.71,316458,3231,488.02
2024-01-29T14:50:00.000,488.72,488.9,488.72,488.84,359918,3652,488.03
2024-01-29T14:55:00.000,488.85,489.01,488.82,488.885,507437,3029,488.04
2024-01-29T15:00:00.000,488.89,490.125,488.89,489.87,1674416,15781,488.14
2024-01-29T15:05:00.000,489.865,490.33,489.66,490.01,918989,8563,488.19
2024-01-29T15:10:00.000,490.03,490.205,490.01,490.05,741764,6379,488.24
2024-01-29T15:15:00.000,490.03,490.825,490.01,490.82,821302,7227,488.3
2024-01-29T15:20:00.000,490.81,491.1,490.75,491.0356,1036786,8805,488.38
2024-01-29T15:25:00.000,491.03,491.415,490.8,490.93,1797728,13173,488.5
2024-01-29T15:30:00.000,490.94,491.22,490.93,491.045,1067774,8168,488.56
2024-01-29T15:35:00.000,491.04,491.165,490.765,490.825,1614430,8050,488.62
2024-01-29T15:40:00.000,490.82,490.85,490.63,490.675,1038492,9441,488.67
2024-01-29T15:45:00.000,490.67,490.71,490.38,490.54,1410608,10440,488.73
2024-01-29T15:50:00.000,490.53,490.845,490.46,490.615,2271796,13011,488.8
2024-01-29T15:55:00.000,490.65,491.365,490.57,491.26,5089031,26341,489.02
2024-01-29T16:00:00.000,491.265,491.27,491.26,491.26,2932,3,489.02
2024-01-30T09:30:00.000,490.56,491.08,490.52,491.0101,1318294,12605,490.83
2024-01-30T09:35:00.000,491.015,491.19,490.85,491.01,890241,8077,490.9
2024-01-30T09:40:00.000,491.01,491.08,490.88,491.045,970865,7825,490.92
2024-01-30T09:45:00.000,491.05,491.19,490.98,491.13,790261,6645,490.95
2024-01-30T09:50:00.000,491.13,491.26,491.075,491.26,698581,6086,490.99
2024-01-30T09:55:00.000,491.26,491.32,491.07,491.2601,467686,4718,491.0
2024-01-30T10:00:00.000,491.3,491.3596,490.41,490.71,1551785,21990,490.94
2024-01-30T10:05:00.000,490.73,490.9797,490.492,490.9346,615485,10023,490.92
2024-01-30T10:10:00.000,490.9344,491.0699,490.71,490.8,785091,6074,490.92
2024-01-30T10:15:00.000,490.8,490.99,490.55,490.8786,699744,6326,490.91
2024-01-30T10:20:00.000,490.88,490.925,490.63,490.77,509667,5088,490.9
2024-01-30T10:25:00.000,490.76,490.84,490.34,490.7498,693157,5998,490.89
2024-01-30T10:30:00.000,490.76,490.87,490.59,490.82,663973,5940,490.88
2024-01-30T10:35:00.000,490.83,490.945,490.605,490.715,556550,5085,490.87
2024-01-30T10:40:00.000,490.71,490.78,490.465,490.59,524765,5052,490.86
2024-01-30T10:45:00.000,490.58,490.74,490.38,490.6493,515001,4402,490.85
2024-01-30T10:50:00.000,490.65,490.74,490.36,490.39,468339,4602,490.84
2024-01-30T10:55:00.000,490.38,490.69,490.34,490.64,320519,3687,490.83
2024-01-30T11:00:00.000,490.64,490.8571,490.5399,490.6399,476602,4592,490.82
2024-01-30T11:05:00.000,490.64,490.81,490.46,490.625,437473,4029,490.82
2024-01-30T11:10:00.000,490.62,490.835,490.54,490.68,399529,3807,490.81
2024-01-30T11:15:00.000,490.69,490.83,490.65,490.73,329394,3490,490.81
2024-01-30T11:20:00.000,490.73,490.99,490.6304,490.915,433916,4548,490.81
2024-01-30T11:25:00.000,490.915,491.13,490.835,491.06,564260,5231,490.82
2024-01-30T11:30:00.000,491.07,491.23,490.97,491.12,867081,5106,490.83
2024-01-30T11:35:00.000,491.13,491.225,491.05,491.225,380669,3846,490.84
2024-01-30T11:40:00.000,491.23,491.28,491.115,491.155,387008,3869,490.85
2024-01-30T11:45:00.000,491.16,491.48,491.16,491.375,505014,4539,490.86
2024-01-30T11:50:00.000,491.38,491.46,491.235,491.3,525177,4435,490.87
2024-01-30T11:55:00.000,491.3,491.38,491.24,491.32,317322,3241,490.88
2024-01-30T12:00:00.000,491.33,491.445,491.275,491.32,348088,3348,490.89
2024-01-30T12:05:00.000,491.325,491.47,491.29,491.4101,633785,3456,490.9
2024-01-30T12:10:00.000,491.41,491.42,491.28,491.325,278607,3077,490.91
2024-01-30T12:15:00.000,491.32,491.32,490.93,491.06,611606,5801,490.91
2024-01-30T12:20:00.000,491.05,491.21,490.88,490.915,744689,4817,490.91
2024-01-30T12:25:00.000,490.912,490.9591,490.53,490.56,740505,6259,490.91
2024-01-30T12:30:00.000,490.56,490.67,490.11,490.3,1756312,8479,490.88
2024-01-30T12:35:00.000,490.31,490.485,490.22,490.445,732835,4386,490.87
2024-01-30T12:40:00.000,490.44,490.57,490.3801,490.42,409164,3885,490.87
2024-01-30T12:45:00.000,490.42,490.6,490.4,490.58,257905,2822,490.86
2024-01-30T12:50:00.000,490.57,490.61,490.38,490.54,239921,2784,490.86
2024-01-30T12:55:00.000,490.53,490.565,490.34,490.4,376769,3283,490.85
2024-01-30T13:00:00.000,490.39,490.4,490.16,490.2,517500,4449,490.84
2024-01-30T13:05:00.000,490.2,490.44,490.13,490.375,408487,4014,490.83
2024-01-30T13:10:00.000,490.37,490.5301,490.34,490.525,347730,3345,490.83
2024-01-30T13:15:00.000,490.524,490.785,490.495,490.69,423858,4287,490.82
2024-01-30T13:20:00.000,490.6921,490.7783,490.64,490.68,188759,2566,490.82
2024-01-30T13:25:00.000,490.69,490.95,490.685,490.914,368865,3769,490.82
2024-01-30T13:30:00.000,490.92,491.04,490.87,490.98,1281713,3857,490.82
2024-01-30T13:35:00.000,490.98,490.99,490.85,490.9,184802,2386,490.83
2024-01-30T13:40:00.000,490.905,491.04,490.71,490.79,1398767,4415,490.83
2024-01-30T13:45:00.000,490.795,490.86,490.62,490.63,264448,3166,490.83
2024-01-30T13:50:00.000,490.63,490.72,490.55,490.62,280237,2734,490.82
2024-01-30T13:55:00.000,490.63,490.84,490.63,490.74,293597,3042,490.82
2024-01-30T14:00:00.000,490.75,490.92,490.69,490.7299,413963,3800,490.82
2024-01-30T14:05:00.000,490.72,490.739,490.46,490.62,498830,4610,490.82
2024-01-30T14:10:00.000,490.62,491.0,490.48,490.92,434259,4324,490.82
2024-01-30T14:15:00.000,490.92,491.045,490.74,490.87,445623,4374,490.82
2024-01-30T14:20:00.000,490.85,491.17,490.84,491.17,386156,3534,490.82
2024-01-30T14:25:00.000,491.17,491.26,491.105,491.23,456706,4137,490.83
2024-01-30T14:30:00.000,491.23,491.42,491.181,491.32,605365,5355,490.84
2024-01-30T14:35:00.000,491.33,491.35,491.12,491.2,357028,3715,490.84
2024-01-30T14:40:00.000,491.195,491.37,491.15,491.305,300319,3206,490.84
2024-01-30T14:45:00.000,491.3089,491.41,491.19,491.33,373411,3621,490.85
2024-01-30T14:50:00.000,491.33,491.4899,491.305,491.375,329863,3649,490.85
2024-01-30T14:55:00.000,491.38,491.49,491.3,491.37,744815,4880,490.86
2024-01-30T15:00:00.000,491.38,491.47,491.1101,491.16,415002,4635,490.87
2024-01-30T15:05:00.000,491.16,491.17,490.95,490.99,613468,5819,490.87
2024-01-30T15:10:00.000,490.99,491.27,490.99,491.08,455931,4609,490.87
2024-01-30T15:15:00.000,491.085,491.18,491.01,491.175,380458,4152,490.88
2024-01-30T15:20:00.000,491.175,491.27,491.12,491.18,421662,4487,490.88
2024-01-30T15:25:00.000,491.17,491.62,491.155,491.37,1019470,7036,490.89
2024-01-30T15:30:00.000,491.375,491.44,490.97,491.0,888520,6288,490.9
2024-01-30T15:35:00.000,491.0,491.08,490.94,491.0,548525,5882,490.9
2024-01-30T15:40:00.000,491.0,491.22,490.87,491.05,790122,7569,490.9
2024-01-30T15:45:00.000,491.04,491.25,490.99,491.18,931788,9035,490.91
2024-01-30T15:50:00.000,491.17,491.34,490.84,490.86,1969088,14873,490.92
2024-01-30T15:55:00.000,490.88,491.14,490.72,490.86,3843737,24426,490.92
2024-01-30T16:00:00.000,0.0,0.0,0.0,0.0,42,1,490.92
2024-01-31T09:30:00.000,488.62,489.0813,488.3696,488.86,1931567,17660,488.66
2024-01-31T09:35:00.000,488.86,489.07,488.44,488.61,786568,7580,488.69
2024-01-31T09:40:00.000,488.6,488.64,488.0,488.02,833164,7389,488.63
2024-01-31T09:45:00.000,488.0,488.16,487.604,488.01,1168451,10482,488.44
2024-01-31T09:50:00.000,488.0,488.08,487.73,487.82,1094899,9592,488.33
2024-01-31T09:55:00.000,487.82,487.97,487.52,487.7602,1485181,9194,488.25
2024-01-31T10:00:00.000,487.73,487.83,487.62,487.6998,1168932,14605,488.2
2024-01-31T10:05:00.000,487.6875,487.81,487.57,487.7422,690112,11742,488.16
2024-01-31T10:10:00.000,487.74,487.82,487.2,487.22,1391305,7994,488.1
2024-01-31T10:15:00.000,487.22,487.63,487.2,487.46,849027,6865,488.04
2024-01-31T10:20:00.000,487.45,487.65,487.25,487.3191,699880,6331,488.01
2024-01-31T10:25:00.000,487.3189,487.56,487.18,487.3,674884,6324,487.97
2024-01-31T10:30:00.000,487.31,487.48,486.88,486.9679,1552222,11879,487.88
2024-01-31T10:35:00.000,486.955,487.03,486.43,486.54,1182837,10192,487.77
2024-01-31T10:40:00.000,486.54,486.83,486.52,486.6584,1150195,7950,487.7
2024-01-31T10:45:00.000,486.65,486.88,486.5699,486.755,474010,5134,487.67
2024-01-31T10:50:00.000,486.755,486.8,486.49,486.59,424915,4844,487.65
2024-01-31T10:55:00.000,486.6,486.788,486.39,486.745,589901,5308,487.61
2024-01-31T11:00:00.000,486.74,487.22,486.72,487.11,660733,6392,487.58
2024-01-31T11:05:00.000,487.11,487.3,486.98,487.275,717129,4566,487.57
2024-01-31T11:10:00.000,487.28,487.365,487.04,487.32,463664,4693,487.56
2024-01-31T11:15:00.000,487.31,487.48,487.22,487.32,571252,5623,487.55
2024-01-31T11:20:00.000,487.32,487.44,487.09,487.0987,416410,4194,487.55
2024-01-31T11:25:00.000,487.095,487.145,486.83,487.03,601046,5864,487.53
2024-01-31T11:30:00.000,487.04,487.09,486.78,486.92,431285,4607,487.52
2024-01-31T11:35:00.000,486.91,486.925,486.7,486.71,410131,4246,487.5
2024-01-31T11:40:00.000,486.7,486.7099,486.34,486.505,687874,6341,487.47
2024-01-31T11:45:00.000,486.5,486.83,486.3987,486.6424,615845,5417,487.45
2024-01-31T11:50:00.000,486.65,486.69,486.43,486.55,309222,3207,487.43
2024-01-31T11:55:00.000,486.545,486.95,486.545,486.8399,412665,3977,487.42
2024-01-31T12:00:00.000,486.85,487.17,486.81,487.11,394786,3403,487.41
2024-01-31T12:05:00.000,487.11,487.39,487.07,487.37,374331,3874,487.41
2024-01-31T12:10:00.000,487.38,487.41,487.04,487.1416,447345,4812,487.41
2024-01-31T12:15:00.000,487.15,487.21,486.98,487.035,410951,4209,487.4
2024-01-31T12:20:00.000,487.03,487.15,486.96,487.09,259490,2679,487.4
2024-01-31T12:25:00.000,487.09,487.36,487.09,487.3383,359088,3473,487.4
2024-01-31T12:30:00.000,487.34,487.345,486.979,486.99,565931,5208,487.39
2024-01-31T12:35:00.000,487.0,487.085,486.56,486.735,543626,5882,487.38
2024-01-31T12:40:00.000,486.725,487.13,486.61,487.0668,324751,3523,487.37
2024-01-31T12:45:00.000,487.07,487.1071,486.7999,486.94,229534,2487,487.37
2024-01-31T12:50:00.000,486.93,487.18,486.905,487.0,322149,3471,487.36
2024-01-31T12:55:00.000,486.99,487.36,486.955,487.34,341698,3199,487.36
2024-01-31T13:00:00.000,487.345,487.49,487.24,487.39,364631,3458,487.36
2024-01-31T13:05:00.000,487.39,487.57,487.3416,487.5,420988,4069,487.36
2024-01-31T13:10:00.000,487.5,487.51,487.27,487.5,319177,3217,487.36
2024-01-31T13:15:00.000,487.49,487.71,487.472,487.63,399149,3587,487.37
2024-01-31T13:20:00.000,487.64,487.675,487.06,487.1099,605807,5748,487.36
2024-01-31T13:25:00.000,487.11,487.265,487.06,487.2,349244,3524,487.36
2024-01-31T13:30:00.000,487.21,487.3499,487.12,487.23,429280,4344,487.36
2024-01-31T13:35:00.000,487.23,487.32,487.03,487.05,294149,3053,487.36
2024-01-31T13:40:00.000,487.06,487.35,487.04,487.345,295047,3071,487.36
2024-01-31T13:45:00.000,487.35,487.65,487.345,487.62,448211,3842,487.36
2024-01-31T13:50:00.000,487.65,487.65,487.31,487.34,638267,3957,487.36
2024-01-31T13:55:00.000,487.34,487.56,487.31,487.43,361625,3727,487.36
2024-01-31T14:00:00.000,487.43,487.83,485.64,486.38,4036845,33134,487.24
2024-01-31T14:05:00.000,486.4,487.02,486.01,486.27,1450312,11602,487.21
2024-01-31T14:10:00.000,486.33,486.9484,486.15,486.4,860290,8583,487.2
2024-01-31T14:15:00.000,486.4,486.57,485.87,485.925,1103943,10007,487.17
2024-01-31T14:20:00.000,485.94,486.24,485.63,485.96,932682,8364,487.14
2024-01-31T14:25:00.000,485.95,486.36,485.835,486.14,912239,6636,487.12
2024-01-31T14:30:00.000,486.15,486.94,485.83,486.66,1323177,10986,487.1
2024-01-31T14:35:00.000,486.66,488.26,485.98,487.98,2493382,20015,487.09
2024-01-31T14:40:00.000,487.99,488.85,487.91,488.45,2248097,19601,487.16
2024-01-31T14:45:00.000,488.45,489.0,487.74,487.84,2492280,18885,487.22
2024-01-31T14:50:00.000,487.84,487.94,486.48,487.16,1819237,14086,487.22
2024-01-31T14:55:00.000,487.15,487.51,486.34,486.484,1898482,9829,487.21
2024-01-31T15:00:00.000,486.5,486.62,484.29,484.66,4313296,30751,487.07
2024-01-31T15:05:00.000,484.61,484.88,483.68,484.77,3222957,23788,486.92
2024-01-31T15:10:00.000,484.75,485.23,484.33,484.805,2225365,15299,486.85
2024-01-31T15:15:00.000,484.81,485.18,484.25,484.31,1774370,13276,486.79
2024-01-31T15:20:00.000,484.33,485.425,484.15,484.9593,2269573,13807,486.74
2024-01-31T15:25:00.000,484.95,485.17,484.4912,484.685,1472289,10374,486.7
2024-01-31T15:30:00.000,484.685,484.8,483.75,483.85,2314958,17276,486.62
2024-01-31T15:35:00.000,483.84,483.96,483.45,483.86,2303665,19166,486.52
2024-01-31T15:40:00.000,483.85,484.02,483.51,483.52,2507108,16887,486.45
2024-01-31T15:45:00.000,483.52,483.85,483.36,483.59,3114310,20779,486.35
2024-01-31T15:50:00.000,483.58,483.605,483.05,483.555,7768115,35540,486.12
2024-01-31T15:55:00.000,483.55,484.02,482.89,482.92,13995574,55649,485.79
2024-01-31T16:00:00.000,482.915,482.92,482.91,482.92,1869,5,485.79
