timestamp,open,high,low,close,volume,count,vwap
2024-07-01T09:30:00.000,545.63,545.8599,545.19,545.5,1538126,16086,545.5
2024-07-01T09:35:00.000,545.49,545.64,545.27,545.4157,459700,5919,545.49
2024-07-01T09:40:00.000,545.415,545.48,545.0,545.08,1688883,6413,545.43
2024-07-01T09:45:00.000,545.07,545.16,544.335,544.39,637805,6812,545.29
2024-07-01T09:50:00.000,544.37,544.55,544.095,544.39,879036,8577,545.08
2024-07-01T09:55:00.000,544.4,544.95,544.36,544.77,554706,5388,545.03
2024-07-01T10:00:00.000,544.77,545.47,544.765,544.96,691429,7145,545.04
2024-07-01T10:05:00.000,544.97,545.13,544.76,544.79,401208,5000,545.03
2024-07-01T10:10:00.000,544.78,544.8,542.7125,542.77,1169595,10011,544.82
2024-07-01T10:15:00.000,542.79,544.34,542.6,544.2,829555,8581,544.65
2024-07-01T10:20:00.000,544.22,544.48,543.74,544.21,485500,13176,544.62
2024-07-01T10:25:00.000,544.2,544.44,544.04,544.33,533166,11541,544.6
2024-07-01T10:30:00.000,544.32,544.4,543.57,543.58,496629,11815,544.57
2024-07-01T10:35:00.000,543.59,544.08,543.33,543.335,425695,11894,544.53
2024-07-01T10:40:00.000,543.335,543.555,542.8,543.4399,421921,6407,544.48
2024-07-01T10:45:00.000,543.45,543.51,542.9,542.915,237793,3951,544.45
2024-07-01T10:50:00.000,542.99,543.46,542.7001,542.74,329364,5093,544.41
2024-07-01T10:55:00.000,542.72,543.57,542.52,543.35,429152,5075,544.36
2024-07-01T11:00:00.000,543.34,543.38,542.88,543.255,340241,3870,544.32
2024-07-01T11:05:00.000,543.27,543.66,543.0,543.375,233191,3591,544.3
2024-07-01T11:10:00.000,543.3705,543.939,543.25,543.89,289774,3645,544.29
2024-07-01T11:15:00.000,543.88,543.94,543.63,543.74,209311,2997,544.28
2024-07-01T11:20:00.000,543.73,543.83,543.37,543.555,210908,2915,544.27
2024-07-01T11:25:00.000,543.56,544.25,543.56,544.22,336613,3852,544.26
2024-07-01T11:30:00.000,544.21,544.23,543.93,544.15,231907,3027,544.26
2024-07-01T11:35:00.000,544.145,544.235,543.65,543.855,229871,3423,544.25
2024-07-01T11:40:00.000,543.84,544.2086,543.7,543.7099,279150,3308,544.25
2024-07-01T11:45:00.000,543.7,544.16,543.69,544.04,196553,2795,544.24
2024-07-01T11:50:00.000,544.0499,544.29,544.0,544.24,184646,2801,544.24
2024-07-01T11:55:00.000,544.25,544.5,543.95,544.475,271974,3052,544.24
2024-07-01T12:00:00.000,544.47,544.47,543.96,544.069,320522,3502,544.24
2024-07-01T12:05:00.000,544.075,544.91,544.07,544.91,311760,3454,544.25
2024-07-01T12:10:00.000,544.91,545.06,544.61,545.015,732793,3537,544.26
2024-07-01T12:15:00.000,545.01,545.18,544.8577,545.045,316779,3129,544.28
2024-07-01T12:20:00.000,545.045,545.23,544.94,545.03,351898,3306,544.29
2024-07-01T12:25:00.000,545.0399,545.25,544.94,545.21,290965,3115,544.31
2024-07-01T12:30:00.000,545.23,545.25,544.985,545.01,160212,2307,544.32
2024-07-01T12:35:00.000,545.0,545.325,545.0,545.2199,341548,2969,544.33
2024-07-01T12:40:00.000,545.21,545.3,545.0886,545.268,214133,2616,544.35
2024-07-01T12:45:00.000,545.27,545.37,545.04,545.06,170815,2227,544.35
2024-07-01T12:50:00.000,545.065,545.16,544.95,545.01,221409,2591,544.36
2024-07-01T12:55:00.000,545.0,545.11,544.83,545.0295,232317,2414,544.37
2024-07-01T13:00:00.000,545.02,545.15,544.72,544.785,258921,3441,544.38
2024-07-01T13:05:00.000,544.78,545.06,544.69,544.9,130524,2048,544.38
2024-07-01T13:10:00.000,544.89,545.21,544.85,545.005,178803,2315,544.39
2024-07-01T13:15:00.000,544.99,545.15,544.89,545.135,183591,2684,544.39
2024-07-01T13:20:00.000,545.135,545.14,544.6,544.75,158284,2731,544.4
2024-07-01T13:25:00.000,544.78,545.24,544.77,545.05,143124,2332,544.4
2024-07-01T13:30:00.000,545.05,545.05,544.89,544.99,92236,2827,544.4
2024-07-01T13:35:00.000,545.0,545.24,544.95,545.05,132569,2641,544.41
2024-07-01T13:40:00.000,545.045,545.25,545.02,545.17,153321,2551,544.41
2024-07-01T13:45:00.000,545.15,545.25,544.925,544.9483,112719,1948,544.42
2024-07-01T13:50:00.000,544.92,545.146,544.8694,545.01,108836,2044,544.42
2024-07-01T13:55:00.000,545.0,545.0,544.8,544.92,119775,1924,544.42
2024-07-01T14:00:00.000,544.92,544.94,544.55,544.8,223897,2655,544.43
2024-07-01T14:05:00.000,544.81,545.13,544.79,545.03,214284,2517,544.43
2024-07-01T14:10:00.000,545.02,545.5,544.94,545.38,423257,4361,544.45
2024-07-01T14:15:00.000,545.385,545.67,545.385,545.63,306642,3354,544.47
2024-07-01T14:20:00.000,545.615,545.6389,545.2499,545.3,237796,2774,544.48
2024-07-01T14:25:00.000,545.27,545.36,544.77,544.8,270601,3060,544.49
2024-07-01T14:30:00.000,544.8,544.88,544.45,544.88,244923,3104,544.49
2024-07-01T14:35:00.000,544.87,544.93,544.69,544.88,200942,2548,544.49
2024-07-01T14:40:00.000,544.89,544.955,544.7599,544.9499,114058,2076,544.49
2024-07-01T14:45:00.000,544.93,544.96,544.58,544.67,174651,2222,544.49
2024-07-01T14:50:00.000,544.67,544.89,544.57,544.885,142369,2218,544.5
2024-07-01T14:55:00.000,544.88,544.88,544.67,544.755,135870,2112,544.5
2024-07-01T15:00:00.000,544.75,544.785,544.525,544.67,243279,3145,544.5
2024-07-01T15:05:00.000,544.68,545.09,544.68,545.005,236843,2848,544.5
2024-07-01T15:10:00.000,544.995,545.15,544.94,545.03,228738,2720,544.51
2024-07-01T15:15:00.000,545.04,545.05,544.78,544.87,241084,2918,544.51
2024-07-01T15:20:00.000,544.875,544.92,544.62,544.66,276723,3078,544.51
2024-07-01T15:25:00.000,544.655,544.655,543.82,544.33,586141,6296,544.51
2024-07-01T15:30:00.000,544.35,544.91,544.2895,544.88,394896,3961,544.51
2024-07-01T15:35:00.000,544.875,544.985,544.55,544.73,453932,4301,544.51
2024-07-01T15:40:00.000,544.74,544.87,544.62,544.74,361654,3925,544.52
2024-07-01T15:45:00.000,544.735,544.9,544.59,544.787,677255,6312,544.52
2024-07-01T15:50:00.000,544.79,545.55,544.79,545.51,1428695,11820,544.57
2024-07-01T15:55:00.000,545.52,545.88,545.2,545.37,2938963,20304,544.66
2024-07-01T16:00:00.000,545.37,545.37,545.37,545.37,100,1,544.66
2024-07-02T09:30:00.000,543.7,544.69,543.65,544.63,1062497,9622,544.09
2024-07-02T09:35:00.000,544.64,545.23,544.34,545.0492,658454,6652,544.34
2024-07-02T09:40:00.000,545.07,545.68,544.94,545.16,574545,6257,544.57
2024-07-02T09:45:00.000,545.14,545.59,545.05,545.13,433608,4731,544.69
2024-07-02T09:50:00.000,545.13,545.34,544.74,545.135,371290,4506,544.73
2024-07-02T09:55:00.000,545.15,545.24,544.67,545.125,344739,4203,544.76
2024-07-02T10:00:00.000,545.14,545.5,544.57,545.48,431497,5752,544.8
2024-07-02T10:05:00.000,545.435,545.71,545.11,545.155,389808,4575,544.85
2024-07-02T10:10:00.000,545.13,545.17,544.47,544.99,400076,8169,544.85
2024-07-02T10:15:00.000,544.965,545.3151,544.7,545.24,753005,10734,544.86
2024-07-02T10:20:00.000,545.24,545.29,544.66,544.7579,301443,11555,544.87
2024-07-02T10:25:00.000,544.76,545.3476,544.73,545.33,253860,9772,544.88
2024-07-02T10:30:00.000,545.33,545.66,545.305,545.57,272997,4038,544.91
2024-07-02T10:35:00.000,545.58,545.73,545.49,545.67,179318,2703,544.93
2024-07-02T10:40:00.000,545.68,545.88,545.28,545.3,219258,3485,544.95
2024-07-02T10:45:00.000,545.31,545.668,545.1,545.55,773062,3639,544.97
2024-07-02T10:50:00.000,545.555,545.83,545.45,545.83,198360,2942,544.99
2024-07-02T10:55:00.000,545.86,545.97,545.73,545.76,261218,3259,545.02
2024-07-02T11:00:00.000,545.76,545.935,545.69,545.87,172201,2459,545.04
2024-07-02T11:05:00.000,545.87,545.99,545.84,545.91,197501,2386,545.06
2024-07-02T11:10:00.000,545.949,546.0201,545.65,545.8309,293475,3423,545.09
2024-07-02T11:15:00.000,545.84,545.96,545.63,545.715,123298,2248,545.1
2024-07-02T11:20:00.000,545.6955,546.1,545.44,546.0801,285883,3667,545.12
2024-07-02T11:25:00.000,546.0804,546.1,545.89,546.06,167515,2599,545.14
2024-07-02T11:30:00.000,546.06,546.42,546.0101,546.05,363037,4178,545.19
2024-07-02T11:35:00.000,546.06,546.415,546.0099,546.38,306794,3285,545.23
2024-07-02T11:40:00.000,546.395,546.51,546.2,546.22,497108,2900,545.26
2024-07-02T11:45:00.000,546.2352,546.35,546.095,546.23,179720,2611,545.27
2024-07-02T11:50:00.000,546.225,546.31,546.1199,546.12,134688,2404,545.29
2024-07-02T11:55:00.000,546.11,546.1399,545.52,545.65,259268,3289,545.3
2024-07-02T12:00:00.000,545.64,545.69,545.325,545.5699,288691,3492,545.31
2024-07-02T12:05:00.000,545.56,545.59,545.38,545.39,438037,2534,545.31
2024-07-02T12:10:00.000,545.4,545.45,545.12,545.35,270531,2936,545.31
2024-07-02T12:15:00.000,545.32,545.59,545.3,545.5712,166552,2134,545.31
2024-07-02T12:20:00.000,545.58,545.58,545.405,545.465,159231,2050,545.32
2024-07-02T12:25:00.000,545.465,545.9151,545.4,545.835,194017,2463,545.32
2024-07-02T12:30:00.000,545.84,545.88,545.735,545.82,451483,2154,545.33
2024-07-02T12:35:00.000,545.82,545.84,545.61,545.65,163220,2115,545.34
2024-07-02T12:40:00.000,545.6595,545.86,545.61,545.73,149999,1760,545.34
2024-07-02T12:45:00.000,545.72,545.95,545.7,545.95,139170,2033,545.35
2024-07-02T12:50:00.000,545.9401,545.99,545.84,545.96,140794,1867,545.35
2024-07-02T12:55:00.000,545.9562,546.0,545.84,546.0,157222,2049,545.36
2024-07-02T13:00:00.000,546.0,546.16,545.9,546.15,173862,2108,545.37
2024-07-02T13:05:00.000,546.141,546.6496,546.14,546.62,374124,3348,545.4
2024-07-02T13:10:00.000,546.62,546.84,546.565,546.69,450778,4337,545.45
2024-07-02T13:15:00.000,546.685,546.92,546.61,546.78,632319,3818,545.49
2024-07-02T13:20:00.000,546.78,546.87,546.7018,546.78,227301,2754,545.51
2024-07-02T13:25:00.000,546.79,546.82,546.63,546.6595,138984,2162,545.52
2024-07-02T13:30:00.000,546.66,546.815,546.5203,546.7001,161926,2804,545.53
2024-07-02T13:35:00.000,546.7,546.8,546.4502,546.775,146494,2282,545.54
2024-07-02T13:40:00.000,546.78,546.96,546.73,546.82,138534,2062,545.56
2024-07-02T13:45:00.000,546.82,546.98,546.76,546.92,215056,3150,545.57
2024-07-02T13:50:00.000,546.9005,547.26,546.9005,547.25,220116,3072,545.59
2024-07-02T13:55:00.000,547.25,547.48,547.21,547.275,275092,3212,545.63
2024-07-02T14:00:00.000,547.28,547.51,547.2404,547.5,445667,2464,545.65
2024-07-02T14:05:00.000,547.505,547.57,547.42,547.5,465707,3167,545.67
2024-07-02T14:10:00.000,547.5,547.825,547.5,547.64,330936,3559,545.72
2024-07-02T14:15:00.000,547.64,547.6673,547.48,547.515,250265,2761,545.75
2024-07-02T14:20:00.000,547.53,547.8,547.49,547.8,194080,2432,545.77
2024-07-02T14:25:00.000,547.8,547.88,547.6999,547.725,228729,3023,545.8
2024-07-02T14:30:00.000,547.73,547.7686,547.55,547.58,288098,3140,545.83
2024-07-02T14:35:00.000,547.58,547.82,547.56,547.705,191511,2461,545.85
2024-07-02T14:40:00.000,547.72,547.74,547.58,547.73,457422,2299,545.87
2024-07-02T14:45:00.000,547.74,547.949,547.71,547.7912,550367,2691,545.91
2024-07-02T14:50:00.000,547.79,547.98,547.785,547.8109,714893,2315,545.93
2024-07-02T14:55:00.000,547.815,547.98,547.63,547.64,277232,2929,545.96
2024-07-02T15:00:00.000,547.63,547.785,547.48,547.61,1052319,3046,545.99
2024-07-02T15:05:00.000,547.61,547.73,547.58,547.665,280739,2756,546.02
2024-07-02T15:10:00.000,547.6699,547.84,547.61,547.7977,369962,3358,546.05
2024-07-02T15:15:00.000,547.79,547.81,547.6,547.795,464787,2626,546.07
2024-07-02T15:20:00.000,547.785,547.9,547.765,547.88,464257,2622,546.09
2024-07-02T15:25:00.000,547.87,548.08,547.82,547.975,365620,3991,546.12
2024-07-02T15:30:00.000,547.96,548.1899,547.88,548.08,520015,3519,546.15
2024-07-02T15:35:00.000,548.07,548.1953,547.98,548.015,402574,4187,546.19
2024-07-02T15:40:00.000,548.015,548.19,547.94,548.145,653886,5847,546.25
2024-07-02T15:45:00.000,548.13,548.28,547.86,547.94,1862965,8967,546.35
2024-07-02T15:50:00.000,547.92,548.4,547.83,548.35,2165166,12466,546.5
2024-07-02T15:55:00.000,548.34,548.98,548.26,548.97,2738126,19620,546.74
2024-07-02T16:00:00.000,548.97,548.97,548.97,548.97,338,4,546.74
2024-07-03T09:30:00.000,548.69,549.44,548.65,549.33,894738,8335,549.08
2024-07-03T09:35:00.000,549.3,549.4,549.01,549.25,406112,4616,549.13
2024-07-03T09:40:00.000,549.27,549.29,548.995,549.27,504867,4840,549.12
2024-07-03T09:45:00.000,549.25,549.495,549.1,549.42,426001,4908,549.16
2024-07-03T09:50:00.000,549.42,549.44,549.19,549.26,281940,3576,549.18
2024-07-03T09:55:00.000,549.26,549.63,549.185,549.58,645066,5317,549.25
2024-07-03T10:00:00.000,549.58,550.11,548.88,549.5685,1186170,11876,549.34
2024-07-03T10:05:00.000,549.57,549.82,549.44,549.615,339564,4778,549.36
2024-07-03T10:10:00.000,549.61,549.89,549.395,549.7999,264277,6239,549.38
2024-07-03T10:15:00.000,549.78,549.91,549.565,549.6,427566,12456,549.41
2024-07-03T10:20:00.000,549.6,549.73,549.43,549.45,317953,10693,549.42
2024-07-03T10:25:00.000,549.45,549.46,549.04,549.18,576886,11969,549.4
2024-07-03T10:30:00.000,549.16,549.57,549.09,549.46,310747,6237,549.39
2024-07-03T10:35:00.000,549.455,549.64,549.24,549.43,310959,3707,549.4
2024-07-03T10:40:00.000,549.435,549.7,549.34,549.6,317027,3471,549.4
2024-07-03T10:45:00.000,549.6001,549.87,549.57,549.83,858483,3892,549.42
2024-07-03T10:50:00.000,549.84,549.93,549.63,549.67,303285,3571,549.43
2024-07-03T10:55:00.000,549.7047,549.89,549.65,549.8105,261264,3368,549.44
2024-07-03T11:00:00.000,549.81,549.84,549.48,549.735,440743,4627,549.45
2024-07-03T11:05:00.000,549.7299,550.0,549.67,549.94,320359,3801,549.47
2024-07-03T11:10:00.000,549.95,550.165,549.86,550.1635,296526,3526,549.48
2024-07-03T11:15:00.000,550.1535,550.3,550.11,550.275,281430,3641,549.51
2024-07-03T11:20:00.000,550.28,550.49,550.14,550.21,312133,3712,549.53
2024-07-03T11:25:00.000,550.2,550.22,550.01,550.03,675753,4686,549.55
2024-07-03T11:30:00.000,550.03,550.07,549.8701,549.99,244247,3368,549.56
2024-07-03T11:35:00.000,549.99,550.15,549.985,550.05,214005,2786,549.57
2024-07-03T11:40:00.000,550.04,550.2,549.945,550.12,865194,2982,549.58
2024-07-03T11:45:00.000,550.12,550.14,550.0005,550.0575,225642,2951,549.59
2024-07-03T11:50:00.000,550.06,550.24,550.05,550.24,487669,2994,549.6
2024-07-03T11:55:00.000,550.235,550.42,550.23,550.385,367186,3738,549.63
2024-07-03T12:00:00.000,550.39,550.57,550.32,550.53,349975,4137,549.65
2024-07-03T12:05:00.000,550.54,550.65,550.4401,550.6,419778,3475,549.67
2024-07-03T12:10:00.000,550.605,550.835,550.515,550.815,999639,4116,549.7
2024-07-03T12:15:00.000,550.8,551.15,550.76,551.0775,631858,5240,549.77
2024-07-03T12:20:00.000,551.08,551.185,550.92,551.005,492628,4788,549.81
2024-07-03T12:25:00.000,551.01,551.14,550.98,551.1399,611242,4049,549.84
2024-07-03T12:30:00.000,551.13,551.13,550.71,550.8151,516929,5328,549.88
2024-07-03T12:35:00.000,550.82,551.09,550.77,551.0199,445137,4265,549.9
2024-07-03T12:40:00.000,551.015,551.06,550.73,550.785,1097199,5525,549.94
2024-07-03T12:45:00.000,550.79,550.92,550.57,550.79,1125996,8656,549.99
2024-07-03T12:50:00.000,550.77,551.53,550.69,551.47,1343684,9311,550.06
2024-07-03T12:55:00.000,551.48,551.83,551.22,551.38,4430865,20036,550.29
2024-07-03T13:00:00.000,551.38,551.49,549.478,549.478,1169420,1503,550.33
2024-07-03T13:05:00.000,0.0,0.0,0.0,0.0,349396,697,550.33
2024-07-03T13:10:00.000,0.0,0.0,0.0,0.0,3756801,643,550.33
2024-07-03T13:15:00.000,0.0,0.0,0.0,0.0,288702,308,550.33
2024-07-03T13:20:00.000,0.0,0.0,0.0,0.0,60781,385,550.33
2024-07-03T13:25:00.000,0.0,0.0,0.0,0.0,52083,286,550.33
2024-07-03T13:30:00.000,0.0,0.0,0.0,0.0,24741,238,550.33
2024-07-03T13:35:00.000,0.0,0.0,0.0,0.0,33776,443,550.33
2024-07-03T13:40:00.000,0.0,0.0,0.0,0.0,179714,230,550.33
2024-07-03T13:45:00.000,0.0,0.0,0.0,0.0,39324,185,550.33
2024-07-03T13:50:00.000,0.0,0.0,0.0,0.0,44002,374,550.33
2024-07-03T13:55:00.000,0.0,0.0,0.0,0.0,21795,372,550.33
2024-07-03T14:00:00.000,0.0,0.0,0.0,0.0,73880,346,550.33
2024-07-03T14:05:00.000,0.0,0.0,0.0,0.0,19853,168,550.33
2024-07-03T14:10:00.000,0.0,0.0,0.0,0.0,276390,199,550.33
2024-07-03T14:15:00.000,0.0,0.0,0.0,0.0,6508,225,550.33
2024-07-03T14:20:00.000,0.0,0.0,0.0,0.0,33012,286,550.33
2024-07-03T14:25:00.000,0.0,0.0,0.0,0.0,23823,160,550.33
2024-07-03T14:30:00.000,0.0,0.0,0.0,0.0,9058,208,550.33
2024-07-03T14:35:00.000,0.0,0.0,0.0,0.0,4692,149,550.33
2024-07-03T14:40:00.000,0.0,0.0,0.0,0.0,4621,215,550.33
2024-07-03T14:45:00.000,0.0,0.0,0.0,0.0,5202,230,550.33
2024-07-03T14:50:00.000,0.0,0.0,0.0,0.0,1184,152,550.33
2024-07-03T14:55:00.000,0.0,0.0,0.0,0.0,5362,140,550.33
2024-07-03T15:00:00.000,0.0,0.0,0.0,0.0,7796,207,550.33
2024-07-03T15:05:00.000,0.0,0.0,0.0,0.0,8459,176,550.33
2024-07-03T15:10:00.000,0.0,0.0,0.0,0.0,1221,127,550.33
2024-07-03T15:15:00.000,0.0,0.0,0.0,0.0,1133,145,550.33
2024-07-03T15:20:00.000,0.0,0.0,0.0,0.0,4107,174,550.33
2024-07-03T15:25:00.000,0.0,0.0,0.0,0.0,2579,162,550.33
2024-07-03T15:30:00.000,0.0,0.0,0.0,0.0,5163,206,550.33
2024-07-03T15:35:00.000,0.0,0.0,0.0,0.0,3691,201,550.33
2024-07-03T15:40:00.000,0.0,0.0,0.0,0.0,4135,153,550.33
2024-07-03T15:45:00.000,0.0,0.0,0.0,0.0,1535,184,550.33
2024-07-03T15:50:00.000,0.0,0.0,0.0,0.0,1803,140,550.33
2024-07-03T15:55:00.000,0.0,0.0,0.0,0.0,16586,1253,550.33
2024-07-03T16:00:00.000,0.0,0.0,0.0,0.0,0,0,550.33
2024-07-04T09:30:00.000,0.0,0.0,0.0,0.0,0,0,0.0
2024-07-04T09:35:00.000,0.0,0.0,0.0,0.0,0,0,0.0
2024-07-04T09:40:00.000,0.0,0.0,0.0,0.0,0,0,0.0
2024-07-04T09:45:00.000,0.0,0.0,0.0,0.0,0,0,0.0
2024-07-04T09:50:00.000,0.0,0.0,0.0,0.0,0,0,0.0
2024-07-04T09:55:00.000,0.0,0.0,0.0,0.0,0,0,0.0
2024-07-04T10:00:00.000,0.0,0.0,0.0,0.0,0,0,0.0
2024-07-04T10:05:00.000,0.0,0.0,0.0,0.0,0,0,0.0
2024-07-04T10:10:00.000,0.0,0.0,0.0,0.0,0,0,0.0
2024-07-04T10:15:00.000,0.0,0.0,0.0,0.0,0,0,0.0
2024-07-04T10:20:00.000,0.0,0.0,0.0,0.0,0,0,0.0
2024-07-04T10:25:00.000,0.0,0.0,0.0,0.0,0,0,0.0
2024-07-04T10:30:00.000,0.0,0.0,0.0,0.0,0,0,0.0
2024-07-04T10:35:00.000,0.0,0.0,0.0,0.0,0,0,0.0
2024-07-04T10:40:00.000,0.0,0.0,0.0,0.0,0,0,0.0
2024-07-04T10:45:00.000,0.0,0.0,0.0,0.0,0,0,0.0
2024-07-04T10:50:00.000,0.0,0.0,0.0,0.0,0,0,0.0
2024-07-04T10:55:00.000,0.0,0.0,0.0,0.0,0,0,0.0
2024-07-04T11:00:00.000,0.0,0.0,0.0,0.0,0,0,0.0
2024-07-04T11:05:00.000,0.0,0.0,0.0,0.0,0,0,0.0
2024-07-04T11:10:00.000,0.0,0.0,0.0,0.0,0,0,0.0
2024-07-04T11:15:00.000,0.0,0.0,0.0,0.0,0,0,0.0
2024-07-04T11:20:00.000,0.0,0.0,0.0,0.0,0,0,0.0
2024-07-04T11:25:00.000,0.0,0.0,0.0,0.0,0,0,0.0
2024-07-04T11:30:00.000,0.0,0.0,0.0,0.0,0,0,0.0
2024-07-04T11:35:00.000,0.0,0.0,0.0,0.0,0,0,0.0
2024-07-04T11:40:00.000,0.0,0.0,0.0,0.0,0,0,0.0
2024-07-04T11:45:00.000,0.0,0.0,0.0,0.0,0,0,0.0
2024-07-04T11:50:00.000,0.0,0.0,0.0,0.0,0,0,0.0
2024-07-04T11:55:00.000,0.0,0.0,0.0,0.0,0,0,0.0
2024-07-04T12:00:00.000,0.0,0.0,0.0,0.0,0,0,0.0
2024-07-04T12:05:00.000,0.0,0.0,0.0,0.0,0,0,0.0
2024-07-04T12:10:00.000,0.0,0.0,0.0,0.0,0,0,0.0
2024-07-04T12:15:00.000,0.0,0.0,0.0,0.0,0,0,0.0
2024-07-04T12:20:00.000,0.0,0.0,0.0,0.0,0,0,0.0
2024-07-04T12:25:00.000,0.0,0.0,0.0,0.0,0,0,0.0
2024-07-04T12:30:00.000,0.0,0.0,0.0,0.0,0,0,0.0
2024-07-04T12:35:00.000,0.0,0.0,0.0,0.0,0,0,0.0
2024-07-04T12:40:00.000,0.0,0.0,0.0,0.0,0,0,0.0
2024-07-04T12:45:00.000,0.0,0.0,0.0,0.0,0,0,0.0
2024-07-04T12:50:00.000,0.0,0.0,0.0,0.0,0,0,0.0
2024-07-04T12:55:00.000,0.0,0.0,0.0,0.0,0,0,0.0
2024-07-04T13:00:00.000,0.0,0.0,0.0,0.0,0,0,0.0
2024-07-04T13:05:00.000,0.0,0.0,0.0,0.0,0,0,0.0
2024-07-04T13:10:00.000,0.0,0.0,0.0,0.0,0,0,0.0
2024-07-04T13:15:00.000,0.0,0.0,0.0,0.0,0,0,0.0
2024-07-04T13:20:00.000,0.0,0.0,0.0,0.0,0,0,0.0
2024-07-04T13:25:00.000,0.0,0.0,0.0,0.0,0,0,0.0
2024-07-04T13:30:00.000,0.0,0.0,0.0,0.0,0,0,0.0
2024-07-04T13:35:00.000,0.0,0.0,0.0,0.0,0,0,0.0
2024-07-04T13:40:00.000,0.0,0.0,0.0,0.0,0,0,0.0
2024-07-04T13:45:00.000,0.0,0.0,0.0,0.0,0,0,0.0
2024-07-04T13:50:00.000,0.0,0.0,0.0,0.0,0,0,0.0
2024-07-04T13:55:00.000,0.0,0.0,0.0,0.0,0,0,0.0
2024-07-04T14:00:00.000,0.0,0.0,0.0,0.0,0,0,0.0
2024-07-04T14:05:00.000,0.0,0.0,0.0,0.0,0,0,0.0
2024-07-04T14:10:00.000,0.0,0.0,0.0,0.0,0,0,0.0
2024-07-04T14:15:00.000,0.0,0.0,0.0,0.0,0,0,0.0
2024-07-04T14:20:00.000,0.0,0.0,0.0,0.0,0,0,0.0
2024-07-04T14:25:00.000,0.0,0.0,0.0,0.0,0,0,0.0
2024-07-04T14:30:00.000,0.0,0.0,0.0,0.0,0,0,0.0
2024-07-04T14:35:00.000,0.0,0.0,0.0,0.0,0,0,0.0
2024-07-04T14:40:00.000,0.0,0.0,0.0,0.0,0,0,0.0
2024-07-04T14:45:00.000,0.0,0.0,0.0,0.0,0,0,0.0
2024-07-04T14:50:00.000,0.0,0.0,0.0,0.0,0,0,0.0
2024-07-04T14:55:00.000,0.0,0.0,0.0,0.0,0,0,0.0
2024-07-04T15:00:00.000,0.0,0.0,0.0,0.0,0,0,0.0
2024-07-04T15:05:00.000,0.0,0.0,0.0,0.0,0,0,0.0
2024-07-04T15:10:00.000,0.0,0.0,0.0,0.0,0,0,0.0
2024-07-04T15:15:00.000,0.0,0.0,0.0,0.0,0,0,0.0
2024-07-04T15:20:00.000,0.0,0.0,0.0,0.0,0,0,0.0
2024-07-04T15:25:00.000,0.0,0.0,0.0,0.0,0,0,0.0
2024-07-04T15:30:00.000,0.0,0.0,0.0,0.0,0,0,0.0
2024-07-04T15:35:00.000,0.0,0.0,0.0,0.0,0,0,0.0
2024-07-04T15:40:00.000,0.0,0.0,0.0,0.0,0,0,0.0
2024-07-04T15:45:00.000,0.0,0.0,0.0,0.0,0,0,0.0
2024-07-04T15:50:00.000,0.0,0.0,0.0,0.0,0,0,0.0
2024-07-04T15:55:00.000,0.0,0.0,0.0,0.0,0,0,0.0
2024-07-04T16:00:00.000,0.0,0.0,0.0,0.0,0,0,0.0
2024-07-05T09:30:00.000,551.77,551.98,551.56,551.98,1006051,11634,551.75
2024-07-05T09:35:00.000,551.98,552.248,551.84,552.22,500091,5006,551.84
2024-07-05T09:40:00.000,552.245,552.35,552.08,552.22,355840,4391,551.91
2024-07-05T09:45:00.000,552.21,552.21,551.39,551.72,505996,6007,551.87
2024-07-05T09:50:00.000,551.73,552.29,551.7,552.17,347412,4241,551.88
2024-07-05T09:55:00.000,552.18,552.53,552.14,552.53,415625,4524,551.95
2024-07-05T10:00:00.000,552.54,552.775,552.24,552.47,568454,6331,552.04
2024-07-05T10:05:00.000,552.45,552.57,551.3325,551.55,657445,7253,551.99
2024-07-05T10:10:00.000,551.54,551.9202,551.12,551.79,477934,6392,551.95
2024-07-05T10:15:00.000,551.79,552.11,551.66,552.07,240961,9623,551.94
2024-07-05T10:20:00.000,552.06,552.22,551.78,552.0924,241564,10245,551.95
2024-07-05T10:25:00.000,552.11,552.22,551.89,552.095,202588,10058,551.95
2024-07-05T10:30:00.000,552.1,552.415,551.89,552.2503,511593,12104,551.97
2024-07-05T10:35:00.000,552.29,552.3,551.798,552.24,328084,4538,551.98
2024-07-05T10:40:00.000,552.24,552.57,552.17,552.57,326134,4156,552.0
2024-07-05T10:45:00.000,552.5714,552.84,552.42,552.54,375325,5028,552.03
2024-07-05T10:50:00.000,552.55,552.735,552.35,552.58,211872,3455,552.04
2024-07-05T10:55:00.000,552.56,552.57,552.33,552.355,215959,2988,552.05
2024-07-05T11:00:00.000,552.35,552.49,552.1,552.405,215195,3105,552.06
2024-07-05T11:05:00.000,552.44,552.89,552.37,552.79,382504,4089,552.09
2024-07-05T11:10:00.000,552.79,553.14,552.77,553.02,506941,5153,552.15
2024-07-05T11:15:00.000,553.01,553.1,552.83,552.97,418700,4145,552.18
2024-07-05T11:20:00.000,552.96,553.02,552.61,552.94,324850,3628,552.21
2024-07-05T11:25:00.000,552.93,553.0,552.78,552.91,406236,2415,552.22
2024-07-05T11:30:00.000,552.89,553.14,552.8629,553.11,227854,2566,552.24
2024-07-05T11:35:00.000,553.12,553.22,553.05,553.11,171644,2315,552.25
2024-07-05T11:40:00.000,553.12,553.44,553.12,553.42,349449,3415,552.29
2024-07-05T11:45:00.000,553.4206,553.64,553.38,553.58,526589,3333,552.32
2024-07-05T11:50:00.000,553.59,553.72,553.38,553.52,314959,2990,552.36
2024-07-05T11:55:00.000,553.52,553.62,553.485,553.535,105917,1935,552.37
2024-07-05T12:00:00.000,553.53,553.575,553.301,553.301,194686,2201,552.39
2024-07-05T12:05:00.000,553.32,553.345,553.1863,553.315,284024,2641,552.41
2024-07-05T12:10:00.000,553.305,553.655,553.3,553.645,196277,2085,552.43
2024-07-05T12:15:00.000,553.64,553.685,553.45,553.56,202743,2580,552.45
2024-07-05T12:20:00.000,553.57,553.76,553.55,553.69,138599,2306,552.46
2024-07-05T12:25:00.000,553.68,553.7,553.44,553.61,164641,2467,552.48
2024-07-05T12:30:00.000,553.6,553.6,553.33,553.41,385478,2223,552.49
2024-07-05T12:35:00.000,553.4,553.4399,553.26,553.43,147253,2040,552.5
2024-07-05T12:40:00.000,553.42,553.51,553.2,553.2099,243899,2397,552.51
2024-07-05T12:45:00.000,553.2,553.38,553.1,553.26,136658,1975,552.52
2024-07-05T12:50:00.000,553.26,553.55,553.24,553.53,1135554,1899,552.53
2024-07-05T12:55:00.000,553.52,553.55,553.37,553.505,108855,1727,552.54
2024-07-05T13:00:00.000,553.505,553.57,553.4,553.53,121103,1789,552.55
2024-07-05T13:05:00.000,553.53,553.6,553.29,553.515,121891,2045,552.55
2024-07-05T13:10:00.000,553.53,553.59,553.47,553.5214,118043,1898,552.56
2024-07-05T13:15:00.000,553.53,553.67,553.48,553.655,171638,2154,552.58
2024-07-05T13:20:00.000,553.64,553.92,553.625,553.84,214179,2431,552.6
2024-07-05T13:25:00.000,553.84,553.986,553.8,553.8648,186403,2508,552.61
2024-07-05T13:30:00.000,553.87,554.09,553.84,554.06,218360,3781,552.63
2024-07-05T13:35:00.000,554.07,554.27,554.05,554.27,197708,2826,552.65
2024-07-05T13:40:00.000,554.27,554.46,554.1,554.3564,633325,4167,552.7
2024-07-05T13:45:00.000,554.37,554.48,554.31,554.37,211052,2552,552.72
2024-07-05T13:50:00.000,554.36,554.52,554.335,554.44,247956,3024,552.75
2024-07-05T13:55:00.000,554.422,554.5,554.24,554.27,535698,3119,552.78
2024-07-05T14:00:00.000,554.28,554.375,553.93,553.945,208511,2820,552.8
2024-07-05T14:05:00.000,553.95,554.25,553.92,554.07,313155,3676,552.82
2024-07-05T14:10:00.000,554.065,554.33,554.015,554.24,342702,3295,552.85
2024-07-05T14:15:00.000,554.24,554.385,554.195,554.315,221256,2405,552.87
2024-07-05T14:20:00.000,554.31,554.4,554.06,554.09,193378,2210,552.89
2024-07-05T14:25:00.000,554.1,554.24,554.0101,554.04,234238,2462,552.91
2024-07-05T14:30:00.000,554.04,554.17,553.86,554.16,506031,2794,552.92
2024-07-05T14:35:00.000,554.17,554.215,554.0,554.04,197558,2691,552.94
2024-07-05T14:40:00.000,554.04,554.1399,553.962,554.11,1731621,2110,552.95
2024-07-05T14:45:00.000,554.1174,554.37,554.1,554.36,189550,2313,552.96
2024-07-05T14:50:00.000,554.35,554.41,554.27,554.28,174107,2064,552.97
2024-07-05T14:55:00.000,554.29,554.43,554.25,554.37,452189,2179,552.99
2024-07-05T15:00:00.000,554.36,554.49,554.319,554.47,200045,2337,553.0
2024-07-05T15:05:00.000,554.47,554.4899,554.37,554.435,217162,2382,553.02
2024-07-05T15:10:00.000,554.435,554.48,554.36,554.41,376856,3204,553.05
2024-07-05T15:15:00.000,554.41,554.44,554.24,554.35,470183,3744,553.08
2024-07-05T15:20:00.000,554.345,554.5,554.29,554.465,519567,4458,553.12
2024-07-05T15:25:00.000,554.46,554.61,554.33,554.35,503461,3978,553.15
2024-07-05T15:30:00.000,554.35,554.51,554.25,554.48,707099,4143,553.18
2024-07-05T15:35:00.000,554.48,554.64,554.45,554.5899,484151,4717,553.21
2024-07-05T15:40:00.000,554.57,554.87,554.53,554.82,799978,6649,553.27
2024-07-05T15:45:00.000,554.82,554.855,554.65,554.72,2294766,11211,553.38
2024-07-05T15:50:00.000,554.7,555.05,554.65,554.955,1348093,10042,553.45
2024-07-05T15:55:00.000,554.96,555.05,554.5,554.7,2608187,20357,553.58
2024-07-05T16:00:00.000,554.7,554.7,554.7,554.7,902,1,553.58
2024-07-06T09:30:00.000,0.0,0.0,0.0,0.0,0,0,0.0
2024-07-06T09:35:00.000,0.0,0.0,0.0,0.0,0,0,0.0
2024-07-06T09:40:00.000,0.0,0.0,0.0,0.0,0,0,0.0
2024-07-06T09:45:00.000,0.0,0.0,0.0,0.0,0,0,0.0
2024-07-06T09:50:00.000,0.0,0.0,0.0,0.0,0,0,0.0
2024-07-06T09:55:00.000,0.0,0.0,0.0,0.0,0,0,0.0
2024-07-06T10:00:00.000,0.0,0.0,0.0,0.0,0,0,0.0
2024-07-06T10:05:00.000,0.0,0.0,0.0,0.0,0,0,0.0
2024-07-06T10:10:00.000,0.0,0.0,0.0,0.0,0,0,0.0
2024-07-06T10:15:00.000,0.0,0.0,0.0,0.0,0,0,0.0
2024-07-06T10:20:00.000,0.0,0.0,0.0,0.0,0,0,0.0
2024-07-06T10:25:00.000,0.0,0.0,0.0,0.0,0,0,0.0
2024-07-06T10:30:00.000,0.0,0.0,0.0,0.0,0,0,0.0
2024-07-06T10:35:00.000,0.0,0.0,0.0,0.0,0,0,0.0
2024-07-06T10:40:00.000,0.0,0.0,0.0,0.0,0,0,0.0
2024-07-06T10:45:00.000,0.0,0.0,0.0,0.0,0,0,0.0
2024-07-06T10:50:00.000,0.0,0.0,0.0,0.0,0,0,0.0
2024-07-06T10:55:00.000,0.0,0.0,0.0,0.0,0,0,0.0
2024-07-06T11:00:00.000,0.0,0.0,0.0,0.0,0,0,0.0
2024-07-06T11:05:00.000,0.0,0.0,0.0,0.0,0,0,0.0
2024-07-06T11:10:00.000,0.0,0.0,0.0,0.0,0,0,0.0
2024-07-06T11:15:00.000,0.0,0.0,0.0,0.0,0,0,0.0
2024-07-06T11:20:00.000,0.0,0.0,0.0,0.0,0,0,0.0
2024-07-06T11:25:00.000,0.0,0.0,0.0,0.0,0,0,0.0
2024-07-06T11:30:00.000,0.0,0.0,0.0,0.0,0,0,0.0
2024-07-06T11:35:00.000,0.0,0.0,0.0,0.0,0,0,0.0
2024-07-06T11:40:00.000,0.0,0.0,0.0,0.0,0,0,0.0
2024-07-06T11:45:00.000,0.0,0.0,0.0,0.0,0,0,0.0
2024-07-06T11:50:00.000,0.0,0.0,0.0,0.0,0,0,0.0
2024-07-06T11:55:00.000,0.0,0.0,0.0,0.0,0,0,0.0
2024-07-06T12:00:00.000,0.0,0.0,0.0,0.0,0,0,0.0
2024-07-06T12:05:00.000,0.0,0.0,0.0,0.0,0,0,0.0
2024-07-06T12:10:00.000,0.0,0.0,0.0,0.0,0,0,0.0
2024-07-06T12:15:00.000,0.0,0.0,0.0,0.0,0,0,0.0
2024-07-06T12:20:00.000,0.0,0.0,0.0,0.0,0,0,0.0
2024-07-06T12:25:00.000,0.0,0.0,0.0,0.0,0,0,0.0
2024-07-06T12:30:00.000,0.0,0.0,0.0,0.0,0,0,0.0
2024-07-06T12:35:00.000,0.0,0.0,0.0,0.0,0,0,0.0
2024-07-06T12:40:00.000,0.0,0.0,0.0,0.0,0,0,0.0
2024-07-06T12:45:00.000,0.0,0.0,0.0,0.0,0,0,0.0
2024-07-06T12:50:00.000,0.0,0.0,0.0,0.0,0,0,0.0
2024-07-06T12:55:00.000,0.0,0.0,0.0,0.0,0,0,0.0
2024-07-06T13:00:00.000,0.0,0.0,0.0,0.0,0,0,0.0
2024-07-06T13:05:00.000,0.0,0.0,0.0,0.0,0,0,0.0
2024-07-06T13:10:00.000,0.0,0.0,0.0,0.0,0,0,0.0
2024-07-06T13:15:00.000,0.0,0.0,0.0,0.0,0,0,0.0
2024-07-06T13:20:00.000,0.0,0.0,0.0,0.0,0,0,0.0
2024-07-06T13:25:00.000,0.0,0.0,0.0,0.0,0,0,0.0
2024-07-06T13:30:00.000,0.0,0.0,0.0,0.0,0,0,0.0
2024-07-06T13:35:00.000,0.0,0.0,0.0,0.0,0,0,0.0
2024-07-06T13:40:00.000,0.0,0.0,0.0,0.0,0,0,0.0
2024-07-06T13:45:00.000,0.0,0.0,0.0,0.0,0,0,0.0
2024-07-06T13:50:00.000,0.0,0.0,0.0,0.0,0,0,0.0
2024-07-06T13:55:00.000,0.0,0.0,0.0,0.0,0,0,0.0
2024-07-06T14:00:00.000,0.0,0.0,0.0,0.0,0,0,0.0
2024-07-06T14:05:00.000,0.0,0.0,0.0,0.0,0,0,0.0
2024-07-06T14:10:00.000,0.0,0.0,0.0,0.0,0,0,0.0
2024-07-06T14:15:00.000,0.0,0.0,0.0,0.0,0,0,0.0
2024-07-06T14:20:00.000,0.0,0.0,0.0,0.0,0,0,0.0
2024-07-06T14:25:00.000,0.0,0.0,0.0,0.0,0,0,0.0
2024-07-06T14:30:00.000,0.0,0.0,0.0,0.0,0,0,0.0
2024-07-06T14:35:00.000,0.0,0.0,0.0,0.0,0,0,0.0
2024-07-06T14:40:00.000,0.0,0.0,0.0,0.0,0,0,0.0
2024-07-06T14:45:00.000,0.0,0.0,0.0,0.0,0,0,0.0
2024-07-06T14:50:00.000,0.0,0.0,0.0,0.0,0,0,0.0
2024-07-06T14:55:00.000,0.0,0.0,0.0,0.0,0,0,0.0
2024-07-06T15:00:00.000,0.0,0.0,0.0,0.0,0,0,0.0
2024-07-06T15:05:00.000,0.0,0.0,0.0,0.0,0,0,0.0
2024-07-06T15:10:00.000,0.0,0.0,0.0,0.0,0,0,0.0
2024-07-06T15:15:00.000,0.0,0.0,0.0,0.0,0,0,0.0
2024-07-06T15:20:00.000,0.0,0.0,0.0,0.0,0,0,0.0
2024-07-06T15:25:00.000,0.0,0.0,0.0,0.0,0,0,0.0
2024-07-06T15:30:00.000,0.0,0.0,0.0,0.0,0,0,0.0
2024-07-06T15:35:00.000,0.0,0.0,0.0,0.0,0,0,0.0
2024-07-06T15:40:00.000,0.0,0.0,0.0,0.0,0,0,0.0
2024-07-06T15:45:00.000,0.0,0.0,0.0,0.0,0,0,0.0
2024-07-06T15:50:00.000,0.0,0.0,0.0,0.0,0,0,0.0
2024-07-06T15:55:00.000,0.0,0.0,0.0,0.0,0,0,0.0
2024-07-06T16:00:00.000,0.0,0.0,0.0,0.0,0,0,0.0
2024-07-07T09:30:00.000,0.0,0.0,0.0,0.0,0,0,0.0
2024-07-07T09:35:00.000,0.0,0.0,0.0,0.0,0,0,0.0
2024-07-07T09:40:00.000,0.0,0.0,0.0,0.0,0,0,0.0
2024-07-07T09:45:00.000,0.0,0.0,0.0,0.0,0,0,0.0
2024-07-07T09:50:00.000,0.0,0.0,0.0,0.0,0,0,0.0
2024-07-07T09:55:00.000,0.0,0.0,0.0,0.0,0,0,0.0
2024-07-07T10:00:00.000,0.0,0.0,0.0,0.0,0,0,0.0
2024-07-07T10:05:00.000,0.0,0.0,0.0,0.0,0,0,0.0
2024-07-07T10:10:00.000,0.0,0.0,0.0,0.0,0,0,0.0
2024-07-07T10:15:00.000,0.0,0.0,0.0,0.0,0,0,0.0
2024-07-07T10:20:00.000,0.0,0.0,0.0,0.0,0,0,0.0
2024-07-07T10:25:00.000,0.0,0.0,0.0,0.0,0,0,0.0
2024-07-07T10:30:00.000,0.0,0.0,0.0,0.0,0,0,0.0
2024-07-07T10:35:00.000,0.0,0.0,0.0,0.0,0,0,0.0
2024-07-07T10:40:00.000,0.0,0.0,0.0,0.0,0,0,0.0
2024-07-07T10:45:00.000,0.0,0.0,0.0,0.0,0,0,0.0
2024-07-07T10:50:00.000,0.0,0.0,0.0,0.0,0,0,0.0
2024-07-07T10:55:00.000,0.0,0.0,0.0,0.0,0,0,0.0
2024-07-07T11:00:00.000,0.0,0.0,0.0,0.0,0,0,0.0
2024-07-07T11:05:00.000,0.0,0.0,0.0,0.0,0,0,0.0
2024-07-07T11:10:00.000,0.0,0.0,0.0,0.0,0,0,0.0
2024-07-07T11:15:00.000,0.0,0.0,0.0,0.0,0,0,0.0
2024-07-07T11:20:00.000,0.0,0.0,0.0,0.0,0,0,0.0
2024-07-07T11:25:00.000,0.0,0.0,0.0,0.0,0,0,0.0
2024-07-07T11:30:00.000,0.0,0.0,0.0,0.0,0,0,0.0
2024-07-07T11:35:00.000,0.0,0.0,0.0,0.0,0,0,0.0
2024-07-07T11:40:00.000,0.0,0.0,0.0,0.0,0,0,0.0
2024-07-07T11:45:00.000,0.0,0.0,0.0,0.0,0,0,0.0
2024-07-07T11:50:00.000,0.0,0.0,0.0,0.0,0,0,0.0
2024-07-07T11:55:00.000,0.0,0.0,0.0,0.0,0,0,0.0
2024-07-07T12:00:00.000,0.0,0.0,0.0,0.0,0,0,0.0
2024-07-07T12:05:00.000,0.0,0.0,0.0,0.0,0,0,0.0
2024-07-07T12:10:00.000,0.0,0.0,0.0,0.0,0,0,0.0
2024-07-07T12:15:00.000,0.0,0.0,0.0,0.0,0,0,0.0
2024-07-07T12:20:00.000,0.0,0.0,0.0,0.0,0,0,0.0
2024-07-07T12:25:00.000,0.0,0.0,0.0,0.0,0,0,0.0
2024-07-07T12:30:00.000,0.0,0.0,0.0,0.0,0,0,0.0
2024-07-07T12:35:00.000,0.0,0.0,0.0,0.0,0,0,0.0
2024-07-07T12:40:00.000,0.0,0.0,0.0,0.0,0,0,0.0
2024-07-07T12:45:00.000,0.0,0.0,0.0,0.0,0,0,0.0
2024-07-07T12:50:00.000,0.0,0.0,0.0,0.0,0,0,0.0
2024-07-07T12:55:00.000,0.0,0.0,0.0,0.0,0,0,0.0
2024-07-07T13:00:00.000,0.0,0.0,0.0,0.0,0,0,0.0
2024-07-07T13:05:00.000,0.0,0.0,0.0,0.0,0,0,0.0
2024-07-07T13:10:00.000,0.0,0.0,0.0,0.0,0,0,0.0
2024-07-07T13:15:00.000,0.0,0.0,0.0,0.0,0,0,0.0
2024-07-07T13:20:00.000,0.0,0.0,0.0,0.0,0,0,0.0
2024-07-07T13:25:00.000,0.0,0.0,0.0,0.0,0,0,0.0
2024-07-07T13:30:00.000,0.0,0.0,0.0,0.0,0,0,0.0
2024-07-07T13:35:00.000,0.0,0.0,0.0,0.0,0,0,0.0
2024-07-07T13:40:00.000,0.0,0.0,0.0,0.0,0,0,0.0
2024-07-07T13:45:00.000,0.0,0.0,0.0,0.0,0,0,0.0
2024-07-07T13:50:00.000,0.0,0.0,0.0,0.0,0,0,0.0
2024-07-07T13:55:00.000,0.0,0.0,0.0,0.0,0,0,0.0
2024-07-07T14:00:00.000,0.0,0.0,0.0,0.0,0,0,0.0
2024-07-07T14:05:00.000,0.0,0.0,0.0,0.0,0,0,0.0
2024-07-07T14:10:00.000,0.0,0.0,0.0,0.0,0,0,0.0
2024-07-07T14:15:00.000,0.0,0.0,0.0,0.0,0,0,0.0
2024-07-07T14:20:00.000,0.0,0.0,0.0,0.0,0,0,0.0
2024-07-07T14:25:00.000,0.0,0.0,0.0,0.0,0,0,0.0
2024-07-07T14:30:00.000,0.0,0.0,0.0,0.0,0,0,0.0
2024-07-07T14:35:00.000,0.0,0.0,0.0,0.0,0,0,0.0
2024-07-07T14:40:00.000,0.0,0.0,0.0,0.0,0,0,0.0
2024-07-07T14:45:00.000,0.0,0.0,0.0,0.0,0,0,0.0
2024-07-07T14:50:00.000,0.0,0.0,0.0,0.0,0,0,0.0
2024-07-07T14:55:00.000,0.0,0.0,0.0,0.0,0,0,0.0
2024-07-07T15:00:00.000,0.0,0.0,0.0,0.0,0,0,0.0
2024-07-07T15:05:00.000,0.0,0.0,0.0,0.0,0,0,0.0
2024-07-07T15:10:00.000,0.0,0.0,0.0,0.0,0,0,0.0
2024-07-07T15:15:00.000,0.0,0.0,0.0,0.0,0,0,0.0
2024-07-07T15:20:00.000,0.0,0.0,0.0,0.0,0,0,0.0
2024-07-07T15:25:00.000,0.0,0.0,0.0,0.0,0,0,0.0
2024-07-07T15:30:00.000,0.0,0.0,0.0,0.0,0,0,0.0
2024-07-07T15:35:00.000,0.0,0.0,0.0,0.0,0,0,0.0
2024-07-07T15:40:00.000,0.0,0.0,0.0,0.0,0,0,0.0
2024-07-07T15:45:00.000,0.0,0.0,0.0,0.0,0,0,0.0
2024-07-07T15:50:00.000,0.0,0.0,0.0,0.0,0,0,0.0
2024-07-07T15:55:00.000,0.0,0.0,0.0,0.0,0,0,0.0
2024-07-07T16:00:00.000,0.0,0.0,0.0,0.0,0,0,0.0
2024-07-08T09:30:00.000,555.44,556.1085,555.29,555.9,1260011,12647,555.69
2024-07-08T09:35:00.000,555.905,555.905,555.62,555.7,393130,5028,555.7
2024-07-08T09:40:00.000,555.71,555.84,555.575,555.84,369250,4292,555.71
2024-07-08T09:45:00.000,555.85,556.13,555.77,555.97,311208,4070,555.74
2024-07-08T09:50:00.000,555.97,556.2501,555.97,556.0399,312028,4451,555.78
2024-07-08T09:55:00.000,556.02,556.05,555.84,556.02,442738,4257,555.8
2024-07-08T10:00:00.000,556.01,556.04,555.59,555.81,372509,5106,555.8
2024-07-08T10:05:00.000,555.8,555.85,555.71,555.75,310148,4469,555.79
2024-07-08T10:10:00.000,555.75,555.9089,555.7,555.9089,164018,3620,555.79
2024-07-08T10:15:00.000,555.89,555.9,555.51,555.52,355496,5487,555.79
2024-07-08T10:20:00.000,555.52,555.55,555.16,555.47,566056,15316,555.74
2024-07-08T10:25:00.000,555.46,555.59,555.37,555.4917,253113,10491,555.73
2024-07-08T10:30:00.000,555.49,555.57,555.25,555.32,205547,10817,555.72
2024-07-08T10:35:00.000,555.31,555.37,554.91,555.27,364305,10625,555.68
2024-07-08T10:40:00.000,555.2788,555.33,555.05,555.115,242797,3067,555.66
2024-07-08T10:45:00.000,555.11,555.25,555.06,555.2,674791,2530,555.65
2024-07-08T10:50:00.000,555.19,555.23,554.991,555.1,114350,2328,555.64
2024-07-08T10:55:00.000,555.105,555.23,554.9201,555.2,178525,2583,555.62
2024-07-08T11:00:00.000,555.21,555.53,555.1101,555.35,266569,3552,555.61
2024-07-08T11:05:00.000,555.35,555.44,555.275,555.4099,188352,2398,555.6
2024-07-08T11:10:00.000,555.41,555.46,555.17,555.2951,246528,3070,555.59
2024-07-08T11:15:00.000,555.3,555.3501,555.06,555.23,205964,2940,555.58
2024-07-08T11:20:00.000,555.22,555.54,555.2,555.43,182032,2867,555.58
2024-07-08T11:25:00.000,555.44,555.47,555.25,555.37,139098,2433,555.57
2024-07-08T11:30:00.000,555.36,555.45,555.165,555.175,270130,3571,555.56
2024-07-08T11:35:00.000,555.175,555.175,554.732,554.98,340165,4285,555.54
2024-07-08T11:40:00.000,554.98,555.14,554.96,555.12,233083,2895,555.52
2024-07-08T11:45:00.000,555.12,555.23,554.915,555.19,210857,2591,555.51
2024-07-08T11:50:00.000,555.175,555.22,554.97,555.11,187859,2627,555.51
2024-07-08T11:55:00.000,555.11,555.13,554.965,555.09,153720,2053,555.5
2024-07-08T12:00:00.000,555.08,555.1,554.7,554.7501,249484,3008,555.48
2024-07-08T12:05:00.000,554.76,554.779,554.33,554.35,296321,3853,555.45
2024-07-08T12:10:00.000,554.365,554.62,554.295,554.57,400614,4087,555.41
2024-07-08T12:15:00.000,554.58,554.59,554.42,554.5097,149177,2392,555.39
2024-07-08T12:20:00.000,554.5,554.62,554.45,554.595,119081,1939,555.39
2024-07-08T12:25:00.000,554.59,554.62,554.38,554.585,264432,2375,555.37
2024-07-08T12:30:00.000,554.58,554.67,554.49,554.609,120974,2230,555.36
2024-07-08T12:35:00.000,554.615,554.75,554.59,554.64,259638,3047,555.35
2024-07-08T12:40:00.000,554.635,554.78,554.585,554.6,181663,2518,555.34
2024-07-08T12:45:00.000,554.6,554.76,554.59,554.716,178813,2484,555.33
2024-07-08T12:50:00.000,554.71,554.8,554.6733,554.795,150324,2116,555.32
2024-07-08T12:55:00.000,554.79,554.885,554.75,554.8001,199524,2379,555.31
2024-07-08T13:00:00.000,554.81,554.81,554.575,554.59,191253,2616,555.3
2024-07-08T13:05:00.000,554.59,554.8,554.55,554.62,158128,2479,555.29
2024-07-08T13:10:00.000,554.62,554.73,554.62,554.72,123418,2089,555.28
2024-07-08T13:15:00.000,554.715,554.75,554.47,554.7201,138161,2223,555.28
2024-07-08T13:20:00.000,554.725,554.8199,554.65,554.755,117612,2014,555.27
2024-07-08T13:25:00.000,554.755,554.92,554.75,554.9,141407,2152,555.27
2024-07-08T13:30:00.000,554.91,555.12,554.89,555.08,187338,3463,555.26
2024-07-08T13:35:00.000,555.07,555.295,555.0301,555.2901,159242,2563,555.26
2024-07-08T13:40:00.000,555.29,555.37,555.15,555.19,194887,2762,555.26
2024-07-08T13:45:00.000,555.16,555.28,555.05,555.095,106283,1848,555.26
2024-07-08T13:50:00.000,555.09,555.165,554.985,555.1302,202611,2129,555.26
2024-07-08T13:55:00.000,555.1211,555.26,555.08,555.23,191916,1989,555.26
2024-07-08T14:00:00.000,555.22,555.22,554.925,555.05,229132,2426,555.25
2024-07-08T14:05:00.000,555.05,555.05,554.92,555.0,68448,1549,555.25
2024-07-08T14:10:00.000,555.01,555.065,554.96,555.0,94074,1571,555.25
2024-07-08T14:15:00.000,554.99,555.16,554.99,555.13,127984,1876,555.25
2024-07-08T14:20:00.000,555.1283,555.175,555.05,555.175,71303,1664,555.25
2024-07-08T14:25:00.000,555.175,555.29,555.17,555.22,218350,1868,555.25
2024-07-08T14:30:00.000,555.23,555.23,554.94,555.0074,255696,2410,555.25
2024-07-08T14:35:00.000,555.01,555.02,554.816,554.93,124957,2264,555.24
2024-07-08T14:40:00.000,554.94,554.95,554.35,554.46,322510,3354,555.23
2024-07-08T14:45:00.000,554.45,554.8699,554.19,554.64,286219,3680,555.21
2024-07-08T14:50:00.000,554.6357,554.83,554.6357,554.8101,186173,2441,555.21
2024-07-08T14:55:00.000,554.81,555.05,554.81,554.95,223892,2533,555.2
2024-07-08T15:00:00.000,554.95,554.9795,554.77,554.83,152711,2178,555.2
2024-07-08T15:05:00.000,554.83,554.8799,554.75,554.7961,100108,1919,555.2
2024-07-08T15:10:00.000,554.795,554.94,554.72,554.86,337375,3314,555.19
2024-07-08T15:15:00.000,554.85,554.85,554.615,554.765,183282,2496,555.18
2024-07-08T15:20:00.000,554.76,554.865,554.71,554.77,158862,2569,555.18
2024-07-08T15:25:00.000,554.765,554.78,554.53,554.619,197330,3193,555.17
2024-07-08T15:30:00.000,554.6,554.7,554.52,554.5501,481904,3228,555.17
2024-07-08T15:35:00.000,554.55,554.74,554.5101,554.585,296562,3446,555.16
2024-07-08T15:40:00.000,554.585,554.93,554.58,554.925,307387,4025,555.15
2024-07-08T15:45:00.000,554.925,554.925,554.68,554.89,402403,4576,555.14
2024-07-08T15:50:00.000,554.89,555.22,554.89,555.22,2325626,13212,555.13
2024-07-08T15:55:00.000,555.22,555.56,554.94,555.34,4217915,19183,555.14
2024-07-08T16:00:00.000,555.34,555.34,555.34,555.34,470,3,555.14
2024-07-09T09:30:00.000,556.26,556.65,556.11,556.63,772379,8214,556.32
2024-07-09T09:35:00.000,556.6295,556.7,556.31,556.38,402061,4974,556.38
2024-07-09T09:40:00.000,556.37,556.49,556.2203,556.465,310722,3834,556.38
2024-07-09T09:45:00.000,556.46,556.55,556.41,556.45,289871,4381,556.39
2024-07-09T09:50:00.000,556.45,556.565,556.32,556.565,229838,3433,556.4
2024-07-09T09:55:00.000,556.568,556.82,556.51,556.67,673112,4009,556.44
2024-07-09T10:00:00.000,556.69,556.8963,556.52,556.52,342069,5038,556.47
2024-07-09T10:05:00.000,556.54,556.54,556.08,556.3,371771,4753,556.45
2024-07-09T10:10:00.000,556.2901,556.79,556.17,556.55,210999,5294,556.45
2024-07-09T10:15:00.000,556.57,556.66,556.4,556.48,169346,10454,556.46
2024-07-09T10:20:00.000,556.48,556.56,556.11,556.11,291097,10860,556.45
2024-07-09T10:25:00.000,556.11,556.17,555.67,556.02,559875,12126,556.39
2024-07-09T10:30:00.000,556.01,556.24,555.76,556.23,391059,6342,556.35
2024-07-09T10:35:00.000,556.23,556.5095,556.2,556.46,247266,3322,556.35
2024-07-09T10:40:00.000,556.46,556.68,556.4,556.64,211301,2684,556.36
2024-07-09T10:45:00.000,556.65,556.91,556.59,556.64,376261,3722,556.39
2024-07-09T10:50:00.000,556.64,556.78,556.5,556.59,221076,3088,556.4
2024-07-09T10:55:00.000,556.59,556.64,556.24,556.35,267670,3090,556.4
2024-07-09T11:00:00.000,556.33,556.5475,556.23,556.26,226563,2911,556.4
2024-07-09T11:05:00.000,556.225,556.42,556.1473,556.21,229528,2793,556.39
2024-07-09T11:10:00.000,556.23,556.59,555.97,556.25,247489,3023,556.38
2024-07-09T11:15:00.000,556.26,556.32,556.1001,556.17,263495,3019,556.38
2024-07-09T11:20:00.000,556.16,556.22,555.75,555.93,257198,3143,556.36
2024-07-09T11:25:00.000,555.93,556.06,555.72,556.05,249653,3080,556.35
2024-07-09T11:30:00.000,556.05,556.13,555.84,556.08,183932,2832,556.34
2024-07-09T11:35:00.000,556.08,556.11,555.86,555.92,160088,2446,556.33
2024-07-09T11:40:00.000,555.91,556.11,555.91,556.08,165478,2397,556.33
2024-07-09T11:45:00.000,556.06,556.38,556.05,556.36,200533,2874,556.32
2024-07-09T11:50:00.000,556.36,556.44,556.29,556.36,183591,2616,556.33
2024-07-09T11:55:00.000,556.37,556.53,556.36,556.525,227298,2806,556.33
2024-07-09T12:00:00.000,556.52,556.53,556.35,556.45,162862,2636,556.33
2024-07-09T12:05:00.000,556.44,556.69,556.42,556.67,195813,2872,556.34
2024-07-09T12:10:00.000,556.6602,556.75,556.49,556.51,193710,2726,556.34
2024-07-09T12:15:00.000,556.5,556.8015,556.49,556.75,147232,2174,556.35
2024-07-09T12:20:00.000,556.75,556.795,556.66,556.69,163883,2224,556.35
2024-07-09T12:25:00.000,556.7,556.72,556.56,556.69,140939,2350,556.36
2024-07-09T12:30:00.000,556.68,556.74,556.5801,556.5938,188702,2467,556.36
2024-07-09T12:35:00.000,556.6,556.66,556.37,556.38,185076,2733,556.37
2024-07-09T12:40:00.000,556.37,556.5,556.28,556.46,135617,2352,556.37
2024-07-09T12:45:00.000,556.465,556.51,556.11,556.1584,247049,3603,556.36
2024-07-09T12:50:00.000,556.16,556.34,556.13,556.24,166121,2739,556.36
2024-07-09T12:55:00.000,556.24,556.72,556.21,556.72,148508,2346,556.36
2024-07-09T13:00:00.000,556.7,557.18,556.55,557.08,470958,4177,556.39
2024-07-09T13:05:00.000,557.1,557.13,556.88,557.056,220987,2851,556.4
2024-07-09T13:10:00.000,557.07,557.13,556.865,556.93,428751,4111,556.42
2024-07-09T13:15:00.000,556.93,556.93,555.879,556.13,559306,5160,556.42
2024-07-09T13:20:00.000,556.13,556.24,555.8,555.82,321883,3677,556.41
2024-07-09T13:25:00.000,555.85,556.115,555.7301,556.0,326898,3839,556.4
2024-07-09T13:30:00.000,556.0,556.32,555.96,556.28,371865,4144,556.39
2024-07-09T13:35:00.000,556.28,556.34,556.176,556.27,128595,2080,556.39
2024-07-09T13:40:00.000,556.26,556.26,556.09,556.22,141715,2081,556.39
2024-07-09T13:45:00.000,556.22,556.22,556.04,556.07,94054,1875,556.38
2024-07-09T13:50:00.000,556.06,556.34,556.05,556.21,428236,2368,556.38
2024-07-09T13:55:00.000,556.22,556.25,556.109,556.14,135591,2054,556.38
2024-07-09T14:00:00.000,556.13,556.13,555.78,555.85,174564,2686,556.38
2024-07-09T14:05:00.000,555.86,556.05,555.7601,556.02,216162,3053,556.37
2024-07-09T14:10:00.000,556.0104,556.095,555.885,555.89,214583,2638,556.36
2024-07-09T14:15:00.000,555.9,556.02,555.9,556.0,157379,2178,556.36
2024-07-09T14:20:00.000,556.01,556.1,555.89,555.91,172675,2495,556.35
2024-07-09T14:25:00.000,555.91,555.945,555.72,555.745,434999,2803,556.34
2024-07-09T14:30:00.000,555.75,555.95,555.61,555.895,587694,3882,556.31
2024-07-09T14:35:00.000,555.89,556.07,555.82,556.01,236459,2631,556.31
2024-07-09T14:40:00.000,556.01,556.1399,555.836,556.08,266340,2642,556.3
2024-07-09T14:45:00.000,556.075,556.18,556.0201,556.05,221207,2301,556.3
2024-07-09T14:50:00.000,556.055,556.06,555.7,555.7399,266157,2492,556.29
2024-07-09T14:55:00.000,555.74,555.9,555.63,555.895,177179,2440,556.29
2024-07-09T15:00:00.000,555.9,555.92,555.71,555.74,137552,2070,556.28
2024-07-09T15:05:00.000,555.74,555.8199,555.59,555.765,163957,2292,556.28
2024-07-09T15:10:00.000,555.76,555.85,555.62,555.8,178569,2397,556.27
2024-07-09T15:15:00.000,555.805,555.8064,555.61,555.65,207571,2445,556.27
2024-07-09T15:20:00.000,555.66,555.73,555.52,555.64,178455,2440,556.26
2024-07-09T15:25:00.000,555.64,555.79,555.62,555.785,213440,2718,556.25
2024-07-09T15:30:00.000,555.78,555.78,555.5899,555.73,140066,2516,556.25
2024-07-09T15:35:00.000,555.72,555.97,555.7,555.8501,425567,4405,556.24
2024-07-09T15:40:00.000,555.855,555.99,555.8,555.815,403072,4232,556.23
2024-07-09T15:45:00.000,555.82,555.95,555.67,555.92,341435,4062,556.23
2024-07-09T15:50:00.000,555.92,556.08,555.81,555.87,1312747,6496,556.22
2024-07-09T15:55:00.000,555.87,555.955,555.56,555.85,2032512,12635,556.18
2024-07-09T16:00:00.000,555.85,555.85,555.85,555.85,500,1,556.18
2024-07-10T09:30:00.000,557.07,557.32,556.9109,557.021,1041802,8347,557.11
2024-07-10T09:35:00.000,557.04,557.06,556.79,557.0,328565,4020,557.06
2024-07-10T09:40:00.000,556.96,557.09,556.89,557.01,359815,4080,557.04
2024-07-10T09:45:00.000,557.01,557.35,556.995,557.31,650807,6343,557.07
2024-07-10T09:50:00.000,557.3,557.32,557.135,557.3083,341231,3610,557.09
2024-07-10T09:55:00.000,557.31,557.37,557.18,557.28,283085,3773,557.11
2024-07-10T10:00:00.000,557.27,557.605,557.18,557.6,387377,5058,557.14
2024-07-10T10:05:00.000,557.61,557.73,557.45,557.64,344745,4822,557.18
2024-07-10T10:10:00.000,557.66,557.75,557.53,557.695,237770,3682,557.2
2024-07-10T10:15:00.000,557.7,557.72,557.29,557.405,308082,11431,557.22
2024-07-10T10:20:00.000,557.415,557.43,557.14,557.32,390852,11076,557.23
2024-07-10T10:25:00.000,557.32,557.419,557.24,557.36,150743,9010,557.23
2024-07-10T10:30:00.000,557.34,557.38,557.09,557.18,236820,7423,557.23
2024-07-10T10:35:00.000,557.16,557.27,557.04,557.26,262832,2525,557.22
2024-07-10T10:40:00.000,557.25,557.34,557.08,557.14,172424,2460,557.22
2024-07-10T10:45:00.000,557.1512,557.2647,557.1,557.2302,121841,1947,557.22
2024-07-10T10:50:00.000,557.23,557.27,557.01,557.085,115003,2149,557.22
2024-07-10T10:55:00.000,557.09,557.17,556.92,557.0203,179441,2352,557.22
2024-07-10T11:00:00.000,557.02,557.11,556.77,557.02,370069,4107,557.2
2024-07-10T11:05:00.000,557.02,557.27,556.95,557.2,614928,2869,557.2
2024-07-10T11:10:00.000,557.195,557.27,557.06,557.07,128690,2326,557.2
2024-07-10T11:15:00.000,557.08,557.36,557.07,557.325,106487,1861,557.2
2024-07-10T11:20:00.000,557.32,557.49,557.26,557.485,161986,1962,557.2
2024-07-10T11:25:00.000,557.48,557.7,557.47,557.68,212127,2605,557.21
2024-07-10T11:30:00.000,557.68,558.03,557.68,557.78,434601,4401,557.25
2024-07-10T11:35:00.000,557.78,557.8,557.67,557.73,429715,2368,557.26
2024-07-10T11:40:00.000,557.73,557.94,557.675,557.925,209125,2722,557.27
2024-07-10T11:45:00.000,557.93,557.94,557.67,557.6737,946294,2778,557.29
2024-07-10T11:50:00.000,557.675,557.875,557.67,557.855,169723,2353,557.3
2024-07-10T11:55:00.000,557.85,557.92,557.77,557.89,170396,2397,557.31
2024-07-10T12:00:00.000,557.895,558.08,557.865,558.025,246269,2827,557.33
2024-07-10T12:05:00.000,558.0213,558.14,557.95,557.995,189034,2805,557.34
2024-07-10T12:10:00.000,558.0,558.11,557.94,558.09,188492,2625,557.35
2024-07-10T12:15:00.000,558.11,558.46,558.11,558.4,555486,4454,557.41
2024-07-10T12:20:00.000,558.395,558.89,558.38,558.8899,399733,4263,557.46
2024-07-10T12:25:00.000,558.895,559.04,558.82,558.94,535674,4274,557.54
2024-07-10T12:30:00.000,558.93,559.06,558.725,558.7418,367657,3834,557.58
2024-07-10T12:35:00.000,558.75,558.895,558.67,558.81,230229,2699,557.6
2024-07-10T12:40:00.000,558.805,559.22,558.795,559.19,274983,3181,557.63
2024-07-10T12:45:00.000,559.1763,559.22,559.05,559.085,419699,4252,557.68
2024-07-10T12:50:00.000,559.09,559.16,558.95,559.1,216259,2703,557.71
2024-07-10T12:55:00.000,559.1,559.36,559.01,559.335,521124,2901,557.74
2024-07-10T13:00:00.000,559.33,559.6965,559.1801,559.6965,284313,3296,557.78
2024-07-10T13:05:00.000,559.7,559.75,559.46,559.48,366541,3485,557.83
2024-07-10T13:10:00.000,559.51,559.62,559.325,559.53,215840,2579,557.86
2024-07-10T13:15:00.000,559.525,559.66,559.39,559.42,273252,2928,557.89
2024-07-10T13:20:00.000,559.42,559.5433,559.155,559.155,204361,2826,557.91
2024-07-10T13:25:00.000,559.1575,559.46,559.125,559.3701,197342,2343,557.93
2024-07-10T13:30:00.000,559.35,559.48,559.21,559.4,198572,3061,557.95
2024-07-10T13:35:00.000,559.404,559.47,559.2805,559.43,160251,2271,557.96
2024-07-10T13:40:00.000,559.445,559.64,559.41,559.56,148039,2129,557.98
2024-07-10T13:45:00.000,559.555,559.66,559.53,559.63,192449,2531,558.0
2024-07-10T13:50:00.000,559.635,559.8499,559.62,559.725,200126,2926,558.02
2024-07-10T13:55:00.000,559.7201,559.82,559.64,559.8,173735,2196,558.04
2024-07-10T14:00:00.000,559.81,559.87,559.71,559.765,207274,2272,558.07
2024-07-10T14:05:00.000,559.77,559.78,559.59,559.61,389338,2808,558.1
2024-07-10T14:10:00.000,559.6,559.76,559.525,559.75,173890,2247,558.12
2024-07-10T14:15:00.000,559.755,559.81,559.55,559.57,192604,2291,558.14
2024-07-10T14:20:00.000,559.56,559.655,559.44,559.44,847558,2647,558.16
2024-07-10T14:25:00.000,559.444,559.65,559.4251,559.56,179622,2502,558.18
2024-07-10T14:30:00.000,559.57,559.7199,559.52,559.71,164253,2339,558.19
2024-07-10T14:35:00.000,559.72,559.7972,559.72,559.73,426374,2415,558.21
2024-07-10T14:40:00.000,559.735,559.81,559.66,559.79,250236,2202,558.22
2024-07-10T14:45:00.000,559.79,560.22,559.79,560.05,571549,5155,558.28
2024-07-10T14:50:00.000,560.05,560.14,559.94,559.99,337928,3608,558.31
2024-07-10T14:55:00.000,559.99,560.09,559.88,560.09,266425,3341,558.34
2024-07-10T15:00:00.000,560.08,560.08,559.87,559.91,330411,4155,558.37
2024-07-10T15:05:00.000,559.91,559.99,559.75,559.99,356998,3481,558.4
2024-07-10T15:10:00.000,559.985,560.01,559.895,560.0,287420,3529,558.42
2024-07-10T15:15:00.000,560.0,560.06,559.93,560.05,334471,3730,558.45
2024-07-10T15:20:00.000,560.05,560.06,559.93,559.95,344751,3501,558.48
2024-07-10T15:25:00.000,559.96,560.16,559.93,560.07,505701,4904,558.52
2024-07-10T15:30:00.000,560.07,560.34,559.965,560.195,929053,4953,558.57
2024-07-10T15:35:00.000,560.195,560.39,560.155,560.389,735652,4472,558.61
2024-07-10T15:40:00.000,560.385,560.49,560.145,560.2175,564850,5641,558.65
2024-07-10T15:45:00.000,560.21,560.8,560.2,560.77,674698,7268,558.71
2024-07-10T15:50:00.000,560.78,561.4,560.64,561.39,2040603,16999,558.91
2024-07-10T15:55:00.000,561.37,561.67,561.2,561.26,3470446,22607,559.25
2024-07-10T16:00:00.000,561.26,561.26,561.26,561.26,302,2,559.25
2024-07-11T09:30:00.000,561.44,561.76,561.26,561.5001,1187848,11148,561.52
2024-07-11T09:35:00.000,561.53,561.66,561.29,561.44,564159,5718,561.49
2024-07-11T09:40:00.000,561.45,561.96,561.22,561.9583,507315,5867,561.48
2024-07-11T09:45:00.000,561.97,561.97,561.57,561.61,432321,5380,561.53
2024-07-11T09:50:00.000,561.61,561.919,561.49,561.7,460644,6015,561.55
2024-07-11T09:55:00.000,561.72,561.95,561.46,561.95,848632,5224,561.56
2024-07-11T10:00:00.000,561.95,562.31,561.78,562.31,570103,5808,561.63
2024-07-11T10:05:00.000,562.3,562.33,561.71,561.745,372455,5081,561.67
2024-07-11T10:10:00.000,561.73,561.89,560.98,561.04,674357,9727,561.63
2024-07-11T10:15:00.000,561.05,561.09,559.68,559.84,1054353,17056,561.41
2024-07-11T10:20:00.000,559.83,559.96,559.29,559.35,1139854,15284,561.21
2024-07-11T10:25:00.000,559.345,560.07,559.32,559.77,602715,13011,561.1
2024-07-11T10:30:00.000,559.76,560.37,559.59,559.61,489545,8397,561.04
2024-07-11T10:35:00.000,559.62,559.83,559.53,559.55,722072,4386,560.99
2024-07-11T10:40:00.000,559.56,559.65,559.12,559.1599,626241,5750,560.88
2024-07-11T10:45:00.000,559.16,559.52,559.05,559.29,687972,4340,560.83
2024-07-11T10:50:00.000,559.28,559.65,558.97,559.17,538869,5827,560.75
2024-07-11T10:55:00.000,559.1601,559.22,558.4,558.47,418778,5247,560.67
2024-07-11T11:00:00.000,558.47,558.71,558.2399,558.42,533822,5938,560.56
2024-07-11T11:05:00.000,558.4399,559.14,558.31,559.11,580752,5472,560.48
2024-07-11T11:10:00.000,559.125,559.24,558.33,558.85,322361,4693,560.44
2024-07-11T11:15:00.000,558.85,558.94,558.305,558.39,377581,4278,560.38
2024-07-11T11:20:00.000,558.385,558.4599,557.32,557.42,547505,6523,560.28
2024-07-11T11:25:00.000,557.43,557.6299,557.11,557.32,464604,5718,560.18
2024-07-11T11:30:00.000,557.32,557.59,557.025,557.2,484556,6813,560.09
2024-07-11T11:35:00.000,557.2,557.42,557.03,557.13,340468,5536,560.02
2024-07-11T11:40:00.000,557.11,557.19,556.43,557.12,550027,7331,559.9
2024-07-11T11:45:00.000,557.11,557.48,556.96,557.1987,319970,4426,559.85
2024-07-11T11:50:00.000,557.18,557.32,556.81,556.9499,762781,3848,559.8
2024-07-11T11:55:00.000,556.93,557.0199,556.6,556.74,354352,3707,559.75
2024-07-11T12:00:00.000,556.73,556.76,556.18,556.3,469242,4627,559.64
2024-07-11T12:05:00.000,556.31,557.19,556.27,557.1301,481220,4805,559.55
2024-07-11T12:10:00.000,557.1437,557.43,557.11,557.12,348166,3715,559.51
2024-07-11T12:15:00.000,557.12,557.16,556.58,556.6,311221,3896,559.46
2024-07-11T12:20:00.000,556.61,556.79,556.41,556.5599,549848,3098,559.41
2024-07-11T12:25:00.000,556.525,557.24,556.481,557.205,997603,3482,559.37
2024-07-11T12:30:00.000,557.21,557.57,557.11,557.5418,374537,3612,559.33
2024-07-11T12:35:00.000,557.55,557.77,557.26,557.4,586334,3869,559.29
2024-07-11T12:40:00.000,557.395,557.65,557.28,557.3,184971,3029,559.28
2024-07-11T12:45:00.000,557.32,557.34,556.35,556.3599,569297,4763,559.19
2024-07-11T12:50:00.000,556.35,556.56,556.0,556.2,292534,4086,559.14
2024-07-11T12:55:00.000,556.18,556.68,556.18,556.3355,402066,3630,559.09
2024-07-11T13:00:00.000,556.33,556.64,555.97,556.0854,338039,4262,559.04
2024-07-11T13:05:00.000,556.06,556.69,555.88,556.59,366450,4288,558.99
2024-07-11T13:10:00.000,556.6005,556.87,556.17,556.78,284275,3104,558.96
2024-07-11T13:15:00.000,556.72,557.08,556.67,556.88,304289,3019,558.93
2024-07-11T13:20:00.000,556.8864,557.115,556.43,556.6399,201389,2743,558.91
2024-07-11T13:25:00.000,556.67,557.0982,556.55,557.08,255814,2554,558.88
2024-07-11T13:30:00.000,557.09,557.09,556.54,556.64,222843,3313,558.86
2024-07-11T13:35:00.000,556.66,556.86,556.29,556.3,139551,2458,558.84
2024-07-11T13:40:00.000,556.31,556.62,556.24,556.35,153730,2601,558.83
2024-07-11T13:45:00.000,556.33,556.37,555.83,555.93,336653,4113,558.79
2024-07-11T13:50:00.000,555.94,556.15,555.89,555.97,244925,3209,558.76
2024-07-11T13:55:00.000,555.97,556.14,555.83,555.93,328913,3421,558.71
2024-07-11T14:00:00.000,555.94,556.09,555.83,555.92,466992,4568,558.66
2024-07-11T14:05:00.000,555.9225,556.26,555.86,556.13,316866,3850,558.62
2024-07-11T14:10:00.000,556.12,556.42,556.0,556.39,230986,3064,558.6
2024-07-11T14:15:00.000,556.39,556.655,556.31,556.56,284398,3502,558.57
2024-07-11T14:20:00.000,556.55,556.89,556.54,556.62,371270,3688,558.54
2024-07-11T14:25:00.000,556.6,556.63,556.1512,556.25,318672,3180,558.52
2024-07-11T14:30:00.000,556.23,557.305,556.19,557.145,343828,4120,558.49
2024-07-11T14:35:00.000,557.14,557.18,556.87,557.1499,390601,3460,558.47
2024-07-11T14:40:00.000,557.15,557.26,556.93,557.23,284906,3625,558.45
2024-07-11T14:45:00.000,557.23,557.31,556.7755,556.87,282740,3540,558.44
2024-07-11T14:50:00.000,556.88,557.24,556.82,557.03,284662,3755,558.42
2024-07-11T14:55:00.000,557.03,557.21,556.96,557.16,156510,2487,558.41
2024-07-11T15:00:00.000,557.16,557.46,557.03,557.45,691156,4671,558.4
2024-07-11T15:05:00.000,557.4418,557.49,557.16,557.21,692283,4136,558.38
2024-07-11T15:10:00.000,557.21,557.27,556.89,556.94,497769,5439,558.36
2024-07-11T15:15:00.000,556.92,557.3,556.89,557.09,604168,3836,558.34
2024-07-11T15:20:00.000,557.08,557.15,556.9,557.0501,359390,3675,558.32
2024-07-11T15:25:00.000,557.04,557.15,556.48,556.558,555348,5510,558.29
2024-07-11T15:30:00.000,556.56,556.93,556.53,556.768,485559,4923,558.27
2024-07-11T15:35:00.000,556.76,557.57,556.76,557.42,619952,5970,558.25
2024-07-11T15:40:00.000,557.42,557.43,556.65,556.7,597237,6182,558.22
2024-07-11T15:45:00.000,556.69,557.28,556.64,557.09,976108,7576,558.19
2024-07-11T15:50:00.000,557.11,557.3793,556.73,556.84,2260776,15365,558.12
2024-07-11T15:55:00.000,556.83,557.2,556.4,556.42,5387430,28562,557.96
2024-07-11T16:00:00.000,0.0,0.0,0.0,0.0,99,1,557.96
2024-07-12T09:30:00.000,557.63,557.97,557.15,557.55,1720934,14943,557.52
2024-07-12T09:35:00.000,557.55,557.99,557.3,557.9,476444,5408,557.54
2024-07-12T09:40:00.000,557.88,558.2,557.55,557.5801,387251,4862,557.6
2024-07-12T09:45:00.000,557.585,558.26,557.44,558.25,325147,4686,557.64
2024-07-12T09:50:00.000,558.28,558.47,558.1003,558.47,587275,5081,557.72
2024-07-12T09:55:00.000,558.48,559.0698,558.27,558.8799,642412,5967,557.89
2024-07-12T10:00:00.000,558.85,559.33,558.625,559.01,855819,8357,558.1
2024-07-12T10:05:00.000,559.01,559.635,558.8901,559.5,515334,6309,558.21
2024-07-12T10:10:00.000,559.49,559.86,559.451,559.69,589991,6382,558.35
2024-07-12T10:15:00.000,559.7,559.85,559.54,559.82,400975,11482,558.43
2024-07-12T10:20:00.000,559.8109,559.8496,559.3,559.765,493267,12223,558.51
2024-07-12T10:25:00.000,559.7813,559.86,559.67,559.78,442690,11886,558.58
2024-07-12T10:30:00.000,559.78,560.39,559.68,560.34,394325,11238,558.65
2024-07-12T10:35:00.000,560.34,560.75,560.19,560.715,406083,4836,558.75
2024-07-12T10:40:00.000,560.72,561.09,560.63,561.06,527361,4507,558.85
2024-07-12T10:45:00.000,561.05,561.275,560.82,561.275,542093,4368,558.95
2024-07-12T10:50:00.000,561.27,561.3599,561.075,561.35,451795,3609,559.03
2024-07-12T10:55:00.000,561.345,561.345,561.08,561.1981,922637,3785,559.13
2024-07-12T11:00:00.000,561.18,561.395,561.0,561.23,874766,4399,559.21
2024-07-12T11:05:00.000,561.24,561.69,561.18,561.55,481693,4590,559.32
2024-07-12T11:10:00.000,561.545,561.68,561.49,561.56,589296,3135,559.37
2024-07-12T11:15:00.000,561.555,561.65,561.272,561.31,445015,4468,559.45
2024-07-12T11:20:00.000,561.32,561.46,561.2,561.34,317178,3195,559.51
2024-07-12T11:25:00.000,561.345,561.73,561.28,561.7205,254194,3154,559.55
2024-07-12T11:30:00.000,561.71,561.76,561.29,561.33,334505,3475,559.6
2024-07-12T11:35:00.000,561.33,561.58,561.31,561.58,169870,2437,559.62
2024-07-12T11:40:00.000,561.58,561.76,561.52,561.69,244891,2794,559.66
2024-07-12T11:45:00.000,561.685,561.73,561.49,561.68,256227,2732,559.71
2024-07-12T11:50:00.000,561.695,561.72,561.455,561.6,285686,2771,559.74
2024-07-12T11:55:00.000,561.6,561.6371,560.72,560.7693,298430,3099,559.77
2024-07-12T12:00:00.000,560.79,561.06,560.48,560.93,328751,3576,559.8
2024-07-12T12:05:00.000,560.91,560.93,560.15,560.26,412822,4103,559.82
2024-07-12T12:10:00.000,560.27,560.45,560.13,560.254,452644,3577,559.84
2024-07-12T12:15:00.000,560.24,560.726,560.22,560.6,522847,3650,559.86
2024-07-12T12:20:00.000,560.6,560.85,560.58,560.8,138221,2079,559.86
2024-07-12T12:25:00.000,560.79,560.86,560.5,560.64,141093,2189,559.87
2024-07-12T12:30:00.000,560.63,560.77,560.44,560.5775,482072,2637,559.88
2024-07-12T12:35:00.000,560.59,561.0,560.59,560.875,637572,3766,559.93
2024-07-12T12:40:00.000,560.88,560.985,560.76,560.83,148370,1999,559.94
2024-07-12T12:45:00.000,560.82,560.98,560.75,560.785,223074,2060,559.94
2024-07-12T12:50:00.000,560.7814,561.34,560.77,561.328,196348,2346,559.96
2024-07-12T12:55:00.000,561.32,561.655,561.3093,561.64,434268,3132,560.0
2024-07-12T13:00:00.000,561.64,561.66,561.52,561.59,234097,2409,560.02
2024-07-12T13:05:00.000,561.61,561.69,561.51,561.66,161663,2399,560.03
2024-07-12T13:10:00.000,561.66,562.08,561.6375,561.95,561073,4606,560.1
2024-07-12T13:15:00.000,561.94,562.03,561.83,562.005,205072,2579,560.12
2024-07-12T13:20:00.000,562.01,562.32,561.94,562.26,265489,2920,560.15
2024-07-12T13:25:00.000,562.27,562.43,562.13,562.43,464421,3567,560.2
2024-07-12T13:30:00.000,562.425,562.73,562.23,562.73,493292,4893,560.26
2024-07-12T13:35:00.000,562.735,562.89,562.664,562.85,412953,3817,560.32
2024-07-12T13:40:00.000,562.86,563.26,562.69,563.215,441081,4227,560.37
2024-07-12T13:45:00.000,563.22,563.65,563.14,563.6099,627529,3983,560.43
2024-07-12T13:50:00.000,563.6,563.6699,563.4,563.57,432050,3570,560.47
2024-07-12T13:55:00.000,563.56,563.67,562.94,563.0499,560854,4902,560.55
2024-07-12T14:00:00.000,563.03,563.29,562.68,563.285,444445,4184,560.6
2024-07-12T14:05:00.000,563.29,563.33,563.01,563.215,506087,3867,560.65
2024-07-12T14:10:00.000,563.22,563.41,563.14,563.2,291300,3119,560.68
2024-07-12T14:15:00.000,563.2052,563.33,563.1,563.17,190714,2703,560.7
2024-07-12T14:20:00.000,563.16,563.18,562.64,562.82,522734,4495,560.75
2024-07-12T14:25:00.000,562.8,563.01,562.6,562.995,283554,3178,560.78
2024-07-12T14:30:00.000,563.0,563.03,562.77,562.85,189743,2385,560.79
2024-07-12T14:35:00.000,562.87,563.04,562.76,563.03,193844,2535,560.81
2024-07-12T14:40:00.000,563.04,563.14,562.9008,563.05,400434,3156,560.84
2024-07-12T14:45:00.000,563.04,563.2,563.0,563.115,283143,2730,560.86
2024-07-12T14:50:00.000,563.11,563.11,562.83,562.85,297164,3152,560.89
2024-07-12T14:55:00.000,562.85,563.29,562.8211,563.24,399594,4059,560.92
2024-07-12T15:00:00.000,563.24,563.295,563.0399,563.0399,376864,3900,560.96
2024-07-12T15:05:00.000,563.03,563.25,563.0,563.04,287808,2995,560.98
2024-07-12T15:10:00.000,563.0445,563.07,562.63,562.83,471790,4619,561.01
2024-07-12T15:15:00.000,562.83,562.88,562.66,562.8,511709,3790,561.04
2024-07-12T15:20:00.000,562.79,562.85,562.56,562.68,342610,3824,561.06
2024-07-12T15:25:00.000,562.68,562.88,562.66,562.82,307748,3678,561.08
2024-07-12T15:30:00.000,562.82,562.82,561.54,562.28,1101144,9571,561.11
2024-07-12T15:35:00.000,562.26,562.27,561.12,561.3599,705338,6764,561.13
2024-07-12T15:40:00.000,561.35,561.4,560.26,560.46,949719,8302,561.11
2024-07-12T15:45:00.000,560.49,560.8599,560.0,560.15,1350990,8873,561.09
2024-07-12T15:50:00.000,560.13,560.367,559.101,560.34,3374694,18936,560.96
2024-07-12T15:55:00.000,560.33,560.335,558.95,559.9,4986400,25863,560.76
2024-07-12T16:00:00.000,559.91,559.91,559.91,559.91,600,2,560.76
2024-07-13T09:30:00.000,0.0,0.0,0.0,0.0,0,0,0.0
2024-07-13T09:35:00.000,0.0,0.0,0.0,0.0,0,0,0.0
2024-07-13T09:40:00.000,0.0,0.0,0.0,0.0,0,0,0.0
2024-07-13T09:45:00.000,0.0,0.0,0.0,0.0,0,0,0.0
2024-07-13T09:50:00.000,0.0,0.0,0.0,0.0,0,0,0.0
2024-07-13T09:55:00.000,0.0,0.0,0.0,0.0,0,0,0.0
2024-07-13T10:00:00.000,0.0,0.0,0.0,0.0,0,0,0.0
2024-07-13T10:05:00.000,0.0,0.0,0.0,0.0,0,0,0.0
2024-07-13T10:10:00.000,0.0,0.0,0.0,0.0,0,0,0.0
2024-07-13T10:15:00.000,0.0,0.0,0.0,0.0,0,0,0.0
2024-07-13T10:20:00.000,0.0,0.0,0.0,0.0,0,0,0.0
2024-07-13T10:25:00.000,0.0,0.0,0.0,0.0,0,0,0.0
2024-07-13T10:30:00.000,0.0,0.0,0.0,0.0,0,0,0.0
2024-07-13T10:35:00.000,0.0,0.0,0.0,0.0,0,0,0.0
2024-07-13T10:40:00.000,0.0,0.0,0.0,0.0,0,0,0.0
2024-07-13T10:45:00.000,0.0,0.0,0.0,0.0,0,0,0.0
2024-07-13T10:50:00.000,0.0,0.0,0.0,0.0,0,0,0.0
2024-07-13T10:55:00.000,0.0,0.0,0.0,0.0,0,0,0.0
2024-07-13T11:00:00.000,0.0,0.0,0.0,0.0,0,0,0.0
2024-07-13T11:05:00.000,0.0,0.0,0.0,0.0,0,0,0.0
2024-07-13T11:10:00.000,0.0,0.0,0.0,0.0,0,0,0.0
2024-07-13T11:15:00.000,0.0,0.0,0.0,0.0,0,0,0.0
2024-07-13T11:20:00.000,0.0,0.0,0.0,0.0,0,0,0.0
2024-07-13T11:25:00.000,0.0,0.0,0.0,0.0,0,0,0.0
2024-07-13T11:30:00.000,0.0,0.0,0.0,0.0,0,0,0.0
2024-07-13T11:35:00.000,0.0,0.0,0.0,0.0,0,0,0.0
2024-07-13T11:40:00.000,0.0,0.0,0.0,0.0,0,0,0.0
2024-07-13T11:45:00.000,0.0,0.0,0.0,0.0,0,0,0.0
2024-07-13T11:50:00.000,0.0,0.0,0.0,0.0,0,0,0.0
2024-07-13T11:55:00.000,0.0,0.0,0.0,0.0,0,0,0.0
2024-07-13T12:00:00.000,0.0,0.0,0.0,0.0,0,0,0.0
2024-07-13T12:05:00.000,0.0,0.0,0.0,0.0,0,0,0.0
2024-07-13T12:10:00.000,0.0,0.0,0.0,0.0,0,0,0.0
2024-07-13T12:15:00.000,0.0,0.0,0.0,0.0,0,0,0.0
2024-07-13T12:20:00.000,0.0,0.0,0.0,0.0,0,0,0.0
2024-07-13T12:25:00.000,0.0,0.0,0.0,0.0,0,0,0.0
2024-07-13T12:30:00.000,0.0,0.0,0.0,0.0,0,0,0.0
2024-07-13T12:35:00.000,0.0,0.0,0.0,0.0,0,0,0.0
2024-07-13T12:40:00.000,0.0,0.0,0.0,0.0,0,0,0.0
2024-07-13T12:45:00.000,0.0,0.0,0.0,0.0,0,0,0.0
2024-07-13T12:50:00.000,0.0,0.0,0.0,0.0,0,0,0.0
2024-07-13T12:55:00.000,0.0,0.0,0.0,0.0,0,0,0.0
2024-07-13T13:00:00.000,0.0,0.0,0.0,0.0,0,0,0.0
2024-07-13T13:05:00.000,0.0,0.0,0.0,0.0,0,0,0.0
2024-07-13T13:10:00.000,0.0,0.0,0.0,0.0,0,0,0.0
2024-07-13T13:15:00.000,0.0,0.0,0.0,0.0,0,0,0.0
2024-07-13T13:20:00.000,0.0,0.0,0.0,0.0,0,0,0.0
2024-07-13T13:25:00.000,0.0,0.0,0.0,0.0,0,0,0.0
2024-07-13T13:30:00.000,0.0,0.0,0.0,0.0,0,0,0.0
2024-07-13T13:35:00.000,0.0,0.0,0.0,0.0,0,0,0.0
2024-07-13T13:40:00.000,0.0,0.0,0.0,0.0,0,0,0.0
2024-07-13T13:45:00.000,0.0,0.0,0.0,0.0,0,0,0.0
2024-07-13T13:50:00.000,0.0,0.0,0.0,0.0,0,0,0.0
2024-07-13T13:55:00.000,0.0,0.0,0.0,0.0,0,0,0.0
2024-07-13T14:00:00.000,0.0,0.0,0.0,0.0,0,0,0.0
2024-07-13T14:05:00.000,0.0,0.0,0.0,0.0,0,0,0.0
2024-07-13T14:10:00.000,0.0,0.0,0.0,0.0,0,0,0.0
2024-07-13T14:15:00.000,0.0,0.0,0.0,0.0,0,0,0.0
2024-07-13T14:20:00.000,0.0,0.0,0.0,0.0,0,0,0.0
2024-07-13T14:25:00.000,0.0,0.0,0.0,0.0,0,0,0.0
2024-07-13T14:30:00.000,0.0,0.0,0.0,0.0,0,0,0.0
2024-07-13T14:35:00.000,0.0,0.0,0.0,0.0,0,0,0.0
2024-07-13T14:40:00.000,0.0,0.0,0.0,0.0,0,0,0.0
2024-07-13T14:45:00.000,0.0,0.0,0.0,0.0,0,0,0.0
2024-07-13T14:50:00.000,0.0,0.0,0.0,0.0,0,0,0.0
2024-07-13T14:55:00.000,0.0,0.0,0.0,0.0,0,0,0.0
2024-07-13T15:00:00.000,0.0,0.0,0.0,0.0,0,0,0.0
2024-07-13T15:05:00.000,0.0,0.0,0.0,0.0,0,0,0.0
2024-07-13T15:10:00.000,0.0,0.0,0.0,0.0,0,0,0.0
2024-07-13T15:15:00.000,0.0,0.0,0.0,0.0,0,0,0.0
2024-07-13T15:20:00.000,0.0,0.0,0.0,0.0,0,0,0.0
2024-07-13T15:25:00.000,0.0,0.0,0.0,0.0,0,0,0.0
2024-07-13T15:30:00.000,0.0,0.0,0.0,0.0,0,0,0.0
2024-07-13T15:35:00.000,0.0,0.0,0.0,0.0,0,0,0.0
2024-07-13T15:40:00.000,0.0,0.0,0.0,0.0,0,0,0.0
2024-07-13T15:45:00.000,0.0,0.0,0.0,0.0,0,0,0.0
2024-07-13T15:50:00.000,0.0,0.0,0.0,0.0,0,0,0.0
2024-07-13T15:55:00.000,0.0,0.0,0.0,0.0,0,0,0.0
2024-07-13T16:00:00.000,0.0,0.0,0.0,0.0,0,0,0.0
2024-07-14T09:30:00.000,0.0,0.0,0.0,0.0,0,0,0.0
2024-07-14T09:35:00.000,0.0,0.0,0.0,0.0,0,0,0.0
2024-07-14T09:40:00.000,0.0,0.0,0.0,0.0,0,0,0.0
2024-07-14T09:45:00.000,0.0,0.0,0.0,0.0,0,0,0.0
2024-07-14T09:50:00.000,0.0,0.0,0.0,0.0,0,0,0.0
2024-07-14T09:55:00.000,0.0,0.0,0.0,0.0,0,0,0.0
2024-07-14T10:00:00.000,0.0,0.0,0.0,0.0,0,0,0.0
2024-07-14T10:05:00.000,0.0,0.0,0.0,0.0,0,0,0.0
2024-07-14T10:10:00.000,0.0,0.0,0.0,0.0,0,0,0.0
2024-07-14T10:15:00.000,0.0,0.0,0.0,0.0,0,0,0.0
2024-07-14T10:20:00.000,0.0,0.0,0.0,0.0,0,0,0.0
2024-07-14T10:25:00.000,0.0,0.0,0.0,0.0,0,0,0.0
2024-07-14T10:30:00.000,0.0,0.0,0.0,0.0,0,0,0.0
2024-07-14T10:35:00.000,0.0,0.0,0.0,0.0,0,0,0.0
2024-07-14T10:40:00.000,0.0,0.0,0.0,0.0,0,0,0.0
2024-07-14T10:45:00.000,0.0,0.0,0.0,0.0,0,0,0.0
2024-07-14T10:50:00.000,0.0,0.0,0.0,0.0,0,0,0.0
2024-07-14T10:55:00.000,0.0,0.0,0.0,0.0,0,0,0.0
2024-07-14T11:00:00.000,0.0,0.0,0.0,0.0,0,0,0.0
2024-07-14T11:05:00.000,0.0,0.0,0.0,0.0,0,0,0.0
2024-07-14T11:10:00.000,0.0,0.0,0.0,0.0,0,0,0.0
2024-07-14T11:15:00.000,0.0,0.0,0.0,0.0,0,0,0.0
2024-07-14T11:20:00.000,0.0,0.0,0.0,0.0,0,0,0.0
2024-07-14T11:25:00.000,0.0,0.0,0.0,0.0,0,0,0.0
2024-07-14T11:30:00.000,0.0,0.0,0.0,0.0,0,0,0.0
2024-07-14T11:35:00.000,0.0,0.0,0.0,0.0,0,0,0.0
2024-07-14T11:40:00.000,0.0,0.0,0.0,0.0,0,0,0.0
2024-07-14T11:45:00.000,0.0,0.0,0.0,0.0,0,0,0.0
2024-07-14T11:50:00.000,0.0,0.0,0.0,0.0,0,0,0.0
2024-07-14T11:55:00.000,0.0,0.0,0.0,0.0,0,0,0.0
2024-07-14T12:00:00.000,0.0,0.0,0.0,0.0,0,0,0.0
2024-07-14T12:05:00.000,0.0,0.0,0.0,0.0,0,0,0.0
2024-07-14T12:10:00.000,0.0,0.0,0.0,0.0,0,0,0.0
2024-07-14T12:15:00.000,0.0,0.0,0.0,0.0,0,0,0.0
2024-07-14T12:20:00.000,0.0,0.0,0.0,0.0,0,0,0.0
2024-07-14T12:25:00.000,0.0,0.0,0.0,0.0,0,0,0.0
2024-07-14T12:30:00.000,0.0,0.0,0.0,0.0,0,0,0.0
2024-07-14T12:35:00.000,0.0,0.0,0.0,0.0,0,0,0.0
2024-07-14T12:40:00.000,0.0,0.0,0.0,0.0,0,0,0.0
2024-07-14T12:45:00.000,0.0,0.0,0.0,0.0,0,0,0.0
2024-07-14T12:50:00.000,0.0,0.0,0.0,0.0,0,0,0.0
2024-07-14T12:55:00.000,0.0,0.0,0.0,0.0,0,0,0.0
2024-07-14T13:00:00.000,0.0,0.0,0.0,0.0,0,0,0.0
2024-07-14T13:05:00.000,0.0,0.0,0.0,0.0,0,0,0.0
2024-07-14T13:10:00.000,0.0,0.0,0.0,0.0,0,0,0.0
2024-07-14T13:15:00.000,0.0,0.0,0.0,0.0,0,0,0.0
2024-07-14T13:20:00.000,0.0,0.0,0.0,0.0,0,0,0.0
2024-07-14T13:25:00.000,0.0,0.0,0.0,0.0,0,0,0.0
2024-07-14T13:30:00.000,0.0,0.0,0.0,0.0,0,0,0.0
2024-07-14T13:35:00.000,0.0,0.0,0.0,0.0,0,0,0.0
2024-07-14T13:40:00.000,0.0,0.0,0.0,0.0,0,0,0.0
2024-07-14T13:45:00.000,0.0,0.0,0.0,0.0,0,0,0.0
2024-07-14T13:50:00.000,0.0,0.0,0.0,0.0,0,0,0.0
2024-07-14T13:55:00.000,0.0,0.0,0.0,0.0,0,0,0.0
2024-07-14T14:00:00.000,0.0,0.0,0.0,0.0,0,0,0.0
2024-07-14T14:05:00.000,0.0,0.0,0.0,0.0,0,0,0.0
2024-07-14T14:10:00.000,0.0,0.0,0.0,0.0,0,0,0.0
2024-07-14T14:15:00.000,0.0,0.0,0.0,0.0,0,0,0.0
2024-07-14T14:20:00.000,0.0,0.0,0.0,0.0,0,0,0.0
2024-07-14T14:25:00.000,0.0,0.0,0.0,0.0,0,0,0.0
2024-07-14T14:30:00.000,0.0,0.0,0.0,0.0,0,0,0.0
2024-07-14T14:35:00.000,0.0,0.0,0.0,0.0,0,0,0.0
2024-07-14T14:40:00.000,0.0,0.0,0.0,0.0,0,0,0.0
2024-07-14T14:45:00.000,0.0,0.0,0.0,0.0,0,0,0.0
2024-07-14T14:50:00.000,0.0,0.0,0.0,0.0,0,0,0.0
2024-07-14T14:55:00.000,0.0,0.0,0.0,0.0,0,0,0.0
2024-07-14T15:00:00.000,0.0,0.0,0.0,0.0,0,0,0.0
2024-07-14T15:05:00.000,0.0,0.0,0.0,0.0,0,0,0.0
2024-07-14T15:10:00.000,0.0,0.0,0.0,0.0,0,0,0.0
2024-07-14T15:15:00.000,0.0,0.0,0.0,0.0,0,0,0.0
2024-07-14T15:20:00.000,0.0,0.0,0.0,0.0,0,0,0.0
2024-07-14T15:25:00.000,0.0,0.0,0.0,0.0,0,0,0.0
2024-07-14T15:30:00.000,0.0,0.0,0.0,0.0,0,0,0.0
2024-07-14T15:35:00.000,0.0,0.0,0.0,0.0,0,0,0.0
2024-07-14T15:40:00.000,0.0,0.0,0.0,0.0,0,0,0.0
2024-07-14T15:45:00.000,0.0,0.0,0.0,0.0,0,0,0.0
2024-07-14T15:50:00.000,0.0,0.0,0.0,0.0,0,0,0.0
2024-07-14T15:55:00.000,0.0,0.0,0.0,0.0,0,0,0.0
2024-07-14T16:00:00.000,0.0,0.0,0.0,0.0,0,0,0.0
2024-07-15T09:30:00.000,562.03,562.32,561.92,562.29,1280744,13523,562.1
2024-07-15T09:35:00.000,562.3,562.73,562.06,562.72,574085,6619,562.16
2024-07-15T09:40:00.000,562.71,562.83,561.86,561.87,851275,7464,562.24
2024-07-15T09:45:00.000,561.89,562.2495,561.39,561.91,565047,6215,562.17
2024-07-15T09:50:00.000,561.96,562.2,561.445,562.02,509062,5543,562.13
2024-07-15T09:55:00.000,562.01,562.06,561.62,561.92,557234,5809,562.1
2024-07-15T10:00:00.000,561.91,562.48,561.8979,562.47,542769,6849,562.11
2024-07-15T10:05:00.000,562.47,562.75,562.245,562.61,453429,6204,562.14
2024-07-15T10:10:00.000,562.64,562.69,562.24,562.43,456619,5851,562.16
2024-07-15T10:15:00.000,562.44,562.67,562.36,562.535,399300,5239,562.18
2024-07-15T10:20:00.000,562.52,562.71,562.4489,562.65,334538,12105,562.2
2024-07-15T10:25:00.000,562.66,562.77,562.53,562.7,284018,11637,562.22
2024-07-15T10:30:00.000,562.7,563.15,562.6589,563.04,417641,12971,562.26
2024-07-15T10:35:00.000,563.04,563.28,563.0,563.02,319778,11478,562.3
2024-07-15T10:40:00.000,563.02,563.27,563.005,563.23,341112,5572,562.33
2024-07-15T10:45:00.000,563.23,563.26,563.1,563.2304,174554,3108,562.35
2024-07-15T10:50:00.000,563.24,563.59,563.23,563.56,342008,4120,562.39
2024-07-15T10:55:00.000,563.55,563.79,563.51,563.64,402548,3945,562.45
2024-07-15T11:00:00.000,563.64,564.16,563.61,564.11,495456,4793,562.53
2024-07-15T11:05:00.000,564.11,564.27,563.99,564.04,411331,3965,562.6
2024-07-15T11:10:00.000,564.06,564.55,564.05,564.52,307458,4148,562.65
2024-07-15T11:15:00.000,564.52,564.66,564.43,564.62,306361,3821,562.71
2024-07-15T11:20:00.000,564.62,564.8371,564.6199,564.7305,350295,3551,562.77
2024-07-15T11:25:00.000,564.73,564.74,563.71,563.72,560181,5558,562.84
2024-07-15T11:30:00.000,563.73,563.8698,563.2595,563.335,570406,4642,562.87
2024-07-15T11:35:00.000,563.32,564.07,563.255,564.02,296355,3567,562.89
2024-07-15T11:40:00.000,564.02,564.15,563.605,563.67,212402,3003,562.91
2024-07-15T11:45:00.000,563.69,563.75,563.14,563.51,345763,3989,562.92
2024-07-15T11:50:00.000,563.5028,563.71,563.34,563.48,144977,2533,562.93
2024-07-15T11:55:00.000,563.46,563.85,563.38,563.7799,227642,2748,562.94
2024-07-15T12:00:00.000,563.77,563.77,563.27,563.36,290465,3369,562.95
2024-07-15T12:05:00.000,563.36,563.36,562.98,563.1,289244,3547,562.96
2024-07-15T12:10:00.000,563.115,563.14,562.64,562.715,514920,5990,562.95
2024-07-15T12:15:00.000,562.71,562.76,562.3605,562.44,406021,3792,562.94
2024-07-15T12:20:00.000,562.46,563.01,562.14,562.95,399981,4953,562.94
2024-07-15T12:25:00.000,562.95,563.05,562.66,562.89,177068,2418,562.94
2024-07-15T12:30:00.000,562.88,562.88,562.52,562.6345,135504,2086,562.93
2024-07-15T12:35:00.000,562.64,562.85,562.53,562.695,137311,2179,562.93
2024-07-15T12:40:00.000,562.67,563.18,562.45,562.6101,406999,4444,562.93
2024-07-15T12:45:00.000,562.64,562.7,562.25,562.4499,259175,3294,562.92
2024-07-15T12:50:00.000,562.43,562.505,562.23,562.385,170414,2315,562.91
2024-07-15T12:55:00.000,562.38,562.82,562.35,562.57,174799,2487,562.91
2024-07-15T13:00:00.000,562.56,562.58,561.36,561.78,596013,5071,562.88
2024-07-15T13:05:00.000,561.7775,562.37,561.75,562.27,302867,3290,562.86
2024-07-15T13:10:00.000,562.27,562.3,561.7701,561.975,283264,2699,562.85
2024-07-15T13:15:00.000,561.97,562.1,561.59,562.06,306500,3372,562.83
2024-07-15T13:20:00.000,562.04,562.48,561.92,562.45,198883,2643,562.83
2024-07-15T13:25:00.000,562.455,562.5,561.535,561.67,230053,2787,562.82
2024-07-15T13:30:00.000,561.62,561.66,560.72,560.89,351140,5101,562.79
2024-07-15T13:35:00.000,560.9,561.28,560.87,561.09,233185,3299,562.77
2024-07-15T13:40:00.000,561.08,561.32,561.07,561.1,238424,2974,562.75
2024-07-15T13:45:00.000,561.105,561.23,560.81,561.0397,204664,2510,562.73
2024-07-15T13:50:00.000,561.02,561.58,560.9918,561.1901,266004,3433,562.71
2024-07-15T13:55:00.000,561.21,561.32,560.94,561.04,206148,2806,562.7
2024-07-15T14:00:00.000,561.09,561.24,560.84,561.22,196898,2815,562.68
2024-07-15T14:05:00.000,561.23,561.23,560.9722,561.1601,132504,2299,562.67
2024-07-15T14:10:00.000,561.16,561.305,560.71,560.92,234268,3080,562.65
2024-07-15T14:15:00.000,560.89,561.08,560.78,560.89,247821,2043,562.64
2024-07-15T14:20:00.000,560.91,561.7,560.91,561.58,218909,3124,562.63
2024-07-15T14:25:00.000,561.5786,561.85,561.44,561.8101,292962,3217,562.61
2024-07-15T14:30:00.000,561.81,562.5,561.69,562.35,437255,4545,562.61
2024-07-15T14:35:00.000,562.35,562.4199,561.71,561.93,272772,3226,562.6
2024-07-15T14:40:00.000,561.96,562.03,561.64,561.859,176729,2727,562.59
2024-07-15T14:45:00.000,561.8642,562.14,561.7,562.0,228729,2935,562.59
2024-07-15T14:50:00.000,561.96,562.07,561.75,561.94,111521,2066,562.58
2024-07-15T14:55:00.000,561.91,562.295,561.8,562.275,202219,3283,562.58
2024-07-15T15:00:00.000,562.28,562.3,561.97,562.12,496132,3417,562.57
2024-07-15T15:05:00.000,562.115,562.37,561.91,562.21,357121,4113,562.57
2024-07-15T15:10:00.000,562.195,562.335,562.1287,562.28,203974,3224,562.56
2024-07-15T15:15:00.000,562.29,562.56,562.16,562.54,283377,3598,562.56
2024-07-15T15:20:00.000,562.54,562.54,562.16,562.52,329284,3443,562.56
2024-07-15T15:25:00.000,562.52,562.53,562.02,562.0699,269299,2869,562.55
2024-07-15T15:30:00.000,562.07,562.29,561.97,562.23,339511,3586,562.55
2024-07-15T15:35:00.000,562.23,562.235,561.24,561.4099,711195,5645,562.53
2024-07-15T15:40:00.000,561.4,561.5473,560.72,560.818,657463,5471,562.5
2024-07-15T15:45:00.000,560.83,560.9699,560.245,560.56,808735,7786,562.44
2024-07-15T15:50:00.000,560.53,560.94,559.63,560.78,1425985,14548,562.32
2024-07-15T15:55:00.000,560.8,561.58,560.49,561.49,4832190,22115,562.14
2024-07-15T16:00:00.000,561.48,561.48,561.48,561.48,181,2,562.14
2024-07-16T09:30:00.000,562.865,563.32,562.74,563.269,814760,8427,562.96
2024-07-16T09:35:00.000,563.27,563.61,562.9,563.5,522805,5791,563.08
2024-07-16T09:40:00.000,563.5,563.54,562.92,563.11,619095,6212,563.15
2024-07-16T09:45:00.000,563.11,563.6,563.0,563.0003,635019,6674,563.19
2024-07-16T09:50:00.000,563.01,563.6,562.99,563.41,580718,5150,563.22
2024-07-16T09:55:00.000,563.39,563.495,562.86,563.08,278060,3923,563.21
2024-07-16T10:00:00.000,563.075,563.25,562.42,562.52,707228,6834,563.15
2024-07-16T10:05:00.000,562.51,562.6494,562.1,562.3,676829,7976,563.03
2024-07-16T10:10:00.000,562.29,562.61,562.185,562.2437,450287,6070,562.99
2024-07-16T10:15:00.000,562.26,562.64,562.12,562.63,304950,12414,562.95
2024-07-16T10:20:00.000,562.6,562.835,562.16,562.31,290744,11589,562.93
2024-07-16T10:25:00.000,562.32,562.89,562.24,562.66,268203,10215,562.91
2024-07-16T10:30:00.000,562.64,562.96,562.42,562.76,230730,6870,562.9
2024-07-16T10:35:00.000,562.75,563.285,562.47,563.18,320487,4408,562.91
2024-07-16T10:40:00.000,563.18,563.62,563.1399,563.3001,336643,4324,562.93
2024-07-16T10:45:00.000,563.31,563.57,563.19,563.51,265426,3245,562.95
2024-07-16T10:50:00.000,563.53,563.71,563.32,563.44,343599,4388,562.98
2024-07-16T10:55:00.000,563.45,563.5,563.13,563.23,295098,3255,562.99
2024-07-16T11:00:00.000,563.24,563.6999,562.89,563.66,507786,4066,563.0
2024-07-16T11:05:00.000,563.69,564.18,563.6,564.1406,377432,4242,563.04
2024-07-16T11:10:00.000,564.1348,564.47,563.9,563.92,452293,4598,563.11
2024-07-16T11:15:00.000,563.92,563.975,563.785,563.89,228360,2909,563.13
2024-07-16T11:20:00.000,563.9,563.93,563.65,563.8,181205,2595,563.14
2024-07-16T11:25:00.000,563.785,563.96,563.44,563.54,230988,3002,563.15
2024-07-16T11:30:00.000,563.53,563.59,562.8,562.93,352264,4065,563.15
2024-07-16T11:35:00.000,562.94,563.285,562.82,563.25,177866,2848,563.15
2024-07-16T11:40:00.000,563.26,563.27,562.97,563.04,126423,2136,563.15
2024-07-16T11:45:00.000,563.05,563.175,562.88,562.9051,275478,2515,563.14
2024-07-16T11:50:00.000,562.9,563.42,562.9,563.34,195650,2732,563.15
2024-07-16T11:55:00.000,563.33,563.41,563.04,563.13,151906,2032,563.15
2024-07-16T12:00:00.000,563.105,563.34,563.105,563.33,96311,2000,563.15
2024-07-16T12:05:00.000,563.31,563.45,562.935,563.01,138876,2287,563.15
2024-07-16T12:10:00.000,563.0,563.25,562.52,563.005,313271,3973,563.14
2024-07-16T12:15:00.000,563.01,563.155,562.23,562.73,334879,4273,563.12
2024-07-16T12:20:00.000,562.72,562.9799,562.4899,562.76,183465,2401,563.12
2024-07-16T12:25:00.000,562.77,562.7999,562.54,562.64,150867,1918,563.11
2024-07-16T12:30:00.000,562.61,562.68,562.29,562.52,283973,2454,563.11
2024-07-16T12:35:00.000,562.529,563.12,562.52,562.83,226904,2833,563.1
2024-07-16T12:40:00.000,562.825,562.9,562.3076,562.36,446680,2420,563.09
2024-07-16T12:45:00.000,562.36,563.11,562.34,563.09,211717,2345,563.09
2024-07-16T12:50:00.000,563.08,563.265,562.9811,563.205,186256,2509,563.09
2024-07-16T12:55:00.000,563.205,563.59,563.15,563.54,213486,2811,563.09
2024-07-16T13:00:00.000,563.54,563.54,563.32,563.34,173558,2062,563.1
2024-07-16T13:05:00.000,563.34,563.5,563.11,563.47,284610,2156,563.1
2024-07-16T13:10:00.000,563.47,563.5,562.6,563.09,192785,2311,563.1
2024-07-16T13:15:00.000,563.095,563.1,562.645,562.81,230357,2503,563.1
2024-07-16T13:20:00.000,562.8,562.9996,562.75,562.8,174607,2187,563.09
2024-07-16T13:25:00.000,562.81,563.02,562.69,562.74,110750,1824,563.09
2024-07-16T13:30:00.000,562.71,563.03,562.48,563.0,139762,2858,563.09
2024-07-16T13:35:00.000,562.99,562.99,562.7,562.77,117090,1910,563.09
2024-07-16T13:40:00.000,562.78,562.94,562.66,562.87,113110,1698,563.09
2024-07-16T13:45:00.000,562.86,563.21,562.7799,563.01,208716,2666,563.09
2024-07-16T13:50:00.000,563.0,563.19,562.9,563.11,232661,2341,563.08
2024-07-16T13:55:00.000,563.11,563.325,563.09,563.2097,177797,2238,563.09
2024-07-16T14:00:00.000,563.2007,563.2007,562.94,563.11,347662,2618,563.09
2024-07-16T14:05:00.000,563.09,563.36,563.09,563.25,197045,2384,563.09
2024-07-16T14:10:00.000,563.25,563.36,563.09,563.12,290270,2807,563.09
2024-07-16T14:15:00.000,563.13,563.16,562.5901,562.8201,277395,3441,563.09
2024-07-16T14:20:00.000,562.82,563.59,562.73,563.5304,439285,4209,563.09
2024-07-16T14:25:00.000,563.5307,563.57,563.357,563.39,450653,2976,563.1
2024-07-16T14:30:00.000,563.38,563.6,563.28,563.5,278747,2933,563.1
2024-07-16T14:35:00.000,563.5,564.14,563.49,564.09,405045,4005,563.12
2024-07-16T14:40:00.000,564.08,564.36,563.96,564.322,291984,3157,563.14
2024-07-16T14:45:00.000,564.3,564.4,563.9,564.23,443006,3142,563.16
2024-07-16T14:50:00.000,564.2179,564.36,563.97,564.29,263762,3001,563.17
2024-07-16T14:55:00.000,564.27,564.57,564.15,564.54,363035,3113,563.19
2024-07-16T15:00:00.000,564.555,564.6001,564.2208,564.32,395405,3745,563.21
2024-07-16T15:05:00.000,564.32,564.38,564.04,564.29,517295,3701,563.23
2024-07-16T15:10:00.000,564.28,564.47,564.1201,564.38,423552,3784,563.26
2024-07-16T15:15:00.000,564.38,564.38,564.08,564.17,427493,3839,563.28
2024-07-16T15:20:00.000,564.18,564.4,564.07,564.3001,550210,3784,563.3
2024-07-16T15:25:00.000,564.3,564.5,564.06,564.425,579163,3866,563.32
2024-07-16T15:30:00.000,564.43,564.68,564.175,564.6,714151,4560,563.35
2024-07-16T15:35:00.000,564.61,564.69,564.29,564.55,1224799,5138,563.38
2024-07-16T15:40:00.000,564.55,564.63,564.16,564.32,831944,4748,563.4
2024-07-16T15:45:00.000,564.33,564.37,564.0099,564.12,793750,6072,563.43
2024-07-16T15:50:00.000,564.12,565.0,564.05,564.94,1940877,11096,563.5
2024-07-16T15:55:00.000,564.95,565.16,564.54,564.845,2164813,16456,563.61
2024-07-16T16:00:00.000,564.82,564.82,564.82,564.82,353,2,563.61
2024-07-17T09:30:00.000,558.8,559.83,558.8,559.7,1837956,15842,559.33
2024-07-17T09:35:00.000,559.7,560.16,559.61,559.67,959457,10384,559.51
2024-07-17T09:40:00.000,559.68,559.9,559.3,559.455,672402,7504,559.51
2024-07-17T09:45:00.000,559.43,560.1,559.29,559.75,677391,7537,559.55
2024-07-17T09:50:00.000,559.73,560.51,559.7,560.38,736829,7701,559.63
2024-07-17T09:55:00.000,560.38,560.495,559.85,559.875,476474,5626,559.67
2024-07-17T10:00:00.000,559.87,559.89,559.02,559.09,712519,8368,559.62
2024-07-17T10:05:00.000,559.09,559.25,558.05,558.115,1076693,10340,559.47
2024-07-17T10:10:00.000,558.12,558.97,557.9099,558.81,1147915,10436,559.33
2024-07-17T10:15:00.000,558.81,559.36,558.665,559.27,625194,13829,559.3
2024-07-17T10:20:00.000,559.28,559.32,558.82,558.97,527303,12691,559.29
2024-07-17T10:25:00.000,558.97,559.04,558.56,558.69,491245,12024,559.26
2024-07-17T10:30:00.000,558.68,559.105,558.47,558.86,636353,10354,559.24
2024-07-17T10:35:00.000,558.85,559.035,558.3,558.5,304267,4403,559.23
2024-07-17T10:40:00.000,558.48,558.98,558.43,558.83,373753,4570,559.21
2024-07-17T10:45:00.000,558.82,559.04,558.28,558.31,365367,4547,559.19
2024-07-17T10:50:00.000,558.32,558.43,558.2,558.26,530508,3862,559.17
2024-07-17T10:55:00.000,558.25,558.58,558.2,558.25,438841,3916,559.15
2024-07-17T11:00:00.000,558.26,558.42,557.98,558.08,712312,5512,559.12
2024-07-17T11:05:00.000,558.09,558.63,557.98,558.625,415667,5053,559.09
2024-07-17T11:10:00.000,558.63,558.65,558.07,558.26,356269,4259,559.07
2024-07-17T11:15:00.000,558.26,558.6,558.03,558.515,406786,3849,559.06
2024-07-17T11:20:00.000,558.51,558.77,558.305,558.31,358348,3846,559.04
2024-07-17T11:25:00.000,558.3058,558.6,557.81,558.5999,404833,4810,559.02
2024-07-17T11:30:00.000,558.605,558.67,558.19,558.4763,271926,3771,559.01
2024-07-17T11:35:00.000,558.4603,558.56,558.23,558.4887,208081,3199,559.0
2024-07-17T11:40:00.000,558.49,558.595,557.9505,558.255,558190,3969,558.98
2024-07-17T11:45:00.000,558.24,558.34,558.05,558.11,235213,3354,558.97
2024-07-17T11:50:00.000,558.13,558.19,557.79,558.14,404239,4229,558.95
2024-07-17T11:55:00.000,558.17,558.4597,558.08,558.42,376076,4183,558.94
2024-07-17T12:00:00.000,558.43,558.55,558.03,558.18,307331,3892,558.92
2024-07-17T12:05:00.000,558.18,558.27,557.86,557.916,216832,2836,558.91
2024-07-17T12:10:00.000,557.9099,558.13,557.29,557.36,485687,5232,558.88
2024-07-17T12:15:00.000,557.37,557.65,557.34,557.63,335128,4361,558.85
2024-07-17T12:20:00.000,557.64,557.86,557.49,557.56,279894,3326,558.83
2024-07-17T12:25:00.000,557.565,557.6499,557.31,557.3699,296659,3436,558.81
2024-07-17T12:30:00.000,557.35,557.59,557.23,557.37,356540,4057,558.78
2024-07-17T12:35:00.000,557.335,557.49,557.09,557.31,272129,3673,558.76
2024-07-17T12:40:00.000,557.32,557.36,557.08,557.15,640553,3298,558.74
2024-07-17T12:45:00.000,557.15,557.29,557.05,557.265,426481,4646,558.7
2024-07-17T12:50:00.000,557.26,557.68,557.15,557.61,777439,5304,558.68
2024-07-17T12:55:00.000,557.59,558.04,557.5,557.97,462098,5128,558.65
2024-07-17T13:00:00.000,557.96,557.96,557.538,557.625,310648,3650,558.64
2024-07-17T13:05:00.000,557.625,557.705,556.9401,556.965,278306,4256,558.62
2024-07-17T13:10:00.000,556.98,557.16,556.8,556.86,294887,3380,558.6
2024-07-17T13:15:00.000,556.855,557.39,556.61,557.198,390226,4189,558.57
2024-07-17T13:20:00.000,557.17,557.37,557.0,557.05,258031,3624,558.56
2024-07-17T13:25:00.000,557.05,557.42,557.01,557.38,293432,4236,558.54
2024-07-17T13:30:00.000,557.3702,557.89,557.3,557.77,422035,5295,558.52
2024-07-17T13:35:00.000,557.78,557.9,557.5401,557.57,240466,3341,558.52
2024-07-17T13:40:00.000,557.565,557.66,557.37,557.4859,416553,3666,558.5
2024-07-17T13:45:00.000,557.47,557.81,557.41,557.595,400888,3411,558.48
2024-07-17T13:50:00.000,557.59,557.66,557.12,557.16,385881,3519,558.46
2024-07-17T13:55:00.000,557.155,557.44,557.15,557.3157,253782,3450,558.45
2024-07-17T14:00:00.000,557.33,557.33,556.91,557.035,399550,4216,558.43
2024-07-17T14:05:00.000,557.035,557.52,556.84,557.38,317794,4213,558.42
2024-07-17T14:10:00.000,557.34,557.71,557.3299,557.34,220775,3028,558.41
2024-07-17T14:15:00.000,557.36,557.89,557.3308,557.87,385404,3701,558.4
2024-07-17T14:20:00.000,557.88,558.15,557.78,557.88,545585,4004,558.39
2024-07-17T14:25:00.000,557.89,558.1499,557.69,558.04,520541,4484,558.38
2024-07-17T14:30:00.000,558.04,558.375,557.84,557.96,526658,4737,558.38
2024-07-17T14:35:00.000,557.93,558.21,557.75,557.805,386102,3797,558.37
2024-07-17T14:40:00.000,557.81,558.03,557.71,557.805,274095,3491,558.37
2024-07-17T14:45:00.000,557.8,557.995,557.47,557.54,396415,3181,558.36
2024-07-17T14:50:00.000,557.55,557.77,557.25,557.28,436319,3227,558.35
2024-07-17T14:55:00.000,557.34,557.56,557.29,557.45,229837,3077,558.35
2024-07-17T15:00:00.000,557.45,557.695,557.19,557.29,325440,3654,558.34
2024-07-17T15:05:00.000,557.28,557.54,557.04,557.3299,415521,4411,558.32
2024-07-17T15:10:00.000,557.3,557.99,557.3,557.6,590786,5174,558.31
2024-07-17T15:15:00.000,557.61,557.81,557.39,557.57,340312,4066,558.3
2024-07-17T15:20:00.000,557.58,558.2,557.53,558.0698,647820,4642,558.3
2024-07-17T15:25:00.000,558.07,558.2199,557.84,558.07,484975,5237,558.29
2024-07-17T15:30:00.000,558.06,558.28,557.75,557.86,444796,5543,558.29
2024-07-17T15:35:00.000,557.88,557.88,557.385,557.42,732996,5253,558.28
2024-07-17T15:40:00.000,557.425,557.58,557.1,557.28,978603,6667,558.26
2024-07-17T15:45:00.000,557.27,557.5184,557.09,557.45,930804,8580,558.24
2024-07-17T15:50:00.000,557.47,557.93,557.23,557.25,1947174,13774,558.21
2024-07-17T15:55:00.000,557.27,557.425,556.95,556.95,5371859,29508,558.09
2024-07-17T16:00:00.000,556.95,556.95,556.95,556.95,111,1,558.09
2024-07-18T09:30:00.000,558.51,558.64,558.01,558.18,1552371,13652,558.34
2024-07-18T09:35:00.000,558.17,558.89,558.07,558.76,681514,6762,558.38
2024-07-18T09:40:00.000,558.77,558.79,557.97,558.0,521580,6067,558.37
2024-07-18T09:45:00.000,558.02,558.1904,557.705,558.059,479895,5543,558.31
2024-07-18T09:50:00.000,558.06,558.23,557.75,557.8,347342,4582,558.28
2024-07-18T09:55:00.000,557.82,558.88,557.82,558.845,688419,5312,558.29
2024-07-18T10:00:00.000,558.835,559.11,558.421,559.03,758170,8486,558.37
2024-07-18T10:05:00.000,559.0306,559.425,558.94,559.425,739339,6996,558.47
2024-07-18T10:10:00.000,559.43,559.46,559.01,559.1599,513961,6059,558.52
2024-07-18T10:15:00.000,559.15,559.52,559.01,559.075,444716,10937,558.56
2024-07-18T10:20:00.000,559.0799,559.32,558.7,559.27,433978,11650,558.58
2024-07-18T10:25:00.000,559.25,559.33,558.8,558.84,291610,10393,558.6
2024-07-18T10:30:00.000,558.83,558.83,557.11,557.17,627065,10000,558.53
2024-07-18T10:35:00.000,557.19,557.36,556.6,556.82,1226073,7125,558.39
2024-07-18T10:40:00.000,556.78,556.78,555.7,556.27,1076353,9945,558.13
2024-07-18T10:45:00.000,556.25,556.52,555.639,556.509,852810,7462,557.98
2024-07-18T10:50:00.000,556.51,557.61,556.1431,557.4,575125,5854,557.92
2024-07-18T10:55:00.000,557.39,557.68,556.6603,556.87,347396,4193,557.9
2024-07-18T11:00:00.000,556.84,557.14,556.57,556.74,289890,3796,557.87
2024-07-18T11:05:00.000,556.71,556.93,555.81,555.9,837374,4856,557.81
2024-07-18T11:10:00.000,555.89,556.26,554.79,554.8,666325,7899,557.68
2024-07-18T11:15:00.000,554.8,555.1,554.5,554.55,454786,5400,557.57
2024-07-18T11:20:00.000,554.55,554.73,554.13,554.1799,747259,7626,557.4
2024-07-18T11:25:00.000,554.18,554.465,553.78,553.8105,555399,6747,557.27
2024-07-18T11:30:00.000,553.8,554.08,553.25,553.36,920753,8253,557.04
2024-07-18T11:35:00.000,553.33,554.33,553.31,553.9799,833212,7213,556.9
2024-07-18T11:40:00.000,553.96,554.38,553.6201,553.6201,397825,4911,556.82
2024-07-18T11:45:00.000,553.6209,553.8826,552.7799,552.7799,406275,5351,556.74
2024-07-18T11:50:00.000,552.78,553.53,552.75,553.0189,563804,5912,556.61
2024-07-18T11:55:00.000,553.02,553.24,552.88,552.94,445553,5171,556.52
2024-07-18T12:00:00.000,552.93,553.075,552.58,552.63,578854,4960,556.43
2024-07-18T12:05:00.000,552.63,553.56,552.58,553.54,424465,4965,556.35
2024-07-18T12:10:00.000,553.52,553.52,552.73,553.0,316433,3864,556.3
2024-07-18T12:15:00.000,552.99,552.99,552.43,552.68,647929,5075,556.19
2024-07-18T12:20:00.000,552.64,553.04,552.38,552.5313,400730,4196,556.13
2024-07-18T12:25:00.000,552.53,553.07,552.47,552.92,345078,4291,556.07
2024-07-18T12:30:00.000,552.88,553.76,552.69,553.73,474679,5519,556.01
2024-07-18T12:35:00.000,553.742,554.0,553.43,553.96,337462,4687,555.98
2024-07-18T12:40:00.000,553.96,554.05,553.52,553.98,305692,4235,555.95
2024-07-18T12:45:00.000,553.96,554.1,553.585,553.595,401302,4527,555.91
2024-07-18T12:50:00.000,553.58,553.89,553.52,553.61,180461,2877,555.89
2024-07-18T12:55:00.000,553.605,554.31,553.565,554.29,232424,3402,555.87
2024-07-18T13:00:00.000,554.295,554.51,554.09,554.16,336029,3956,555.85
2024-07-18T13:05:00.000,554.14,554.14,553.46,553.58,225755,3177,555.83
2024-07-18T13:10:00.000,553.59,554.52,553.59,554.42,276204,2907,555.81
2024-07-18T13:15:00.000,554.435,554.64,554.1807,554.57,200297,2644,555.8
2024-07-18T13:20:00.000,554.56,554.945,554.48,554.7,255696,3344,555.79
2024-07-18T13:25:00.000,554.71,554.73,554.1799,554.37,224600,3085,555.78
2024-07-18T13:30:00.000,554.37,554.81,554.31,554.385,193120,3271,555.77
2024-07-18T13:35:00.000,554.38,554.73,554.17,554.35,183314,2531,555.76
2024-07-18T13:40:00.000,554.35,554.5,554.17,554.36,188599,2512,555.75
2024-07-18T13:45:00.000,554.38,554.79,554.36,554.67,144491,2411,555.74
2024-07-18T13:50:00.000,554.615,554.6469,553.8601,554.0399,251959,3237,555.72
2024-07-18T13:55:00.000,553.99,554.05,553.49,553.65,248676,3292,555.7
2024-07-18T14:00:00.000,553.69,553.74,553.02,553.2494,329378,4250,555.67
2024-07-18T14:05:00.000,553.23,553.6,553.16,553.47,377851,3458,555.63
2024-07-18T14:10:00.000,553.46,553.51,552.7795,552.93,499178,4424,555.6
2024-07-18T14:15:00.000,552.93,553.22,552.76,552.8299,272516,3474,555.57
2024-07-18T14:20:00.000,552.82,553.46,552.77,553.3477,358780,3920,555.54
2024-07-18T14:25:00.000,553.33,553.36,552.57,552.58,487428,4195,555.49
2024-07-18T14:30:00.000,552.56,552.87,552.2224,552.64,609394,5759,555.42
2024-07-18T14:35:00.000,552.66,552.8,551.861,551.87,716154,4930,555.36
2024-07-18T14:40:00.000,551.89,552.3332,551.89,552.09,420331,4239,555.32
2024-07-18T14:45:00.000,552.09,552.1498,551.77,551.785,554511,4303,555.25
2024-07-18T14:50:00.000,551.78,552.37,551.426,552.3,649250,6188,555.17
2024-07-18T14:55:00.000,552.28,552.52,552.16,552.38,626320,5509,555.11
2024-07-18T15:00:00.000,552.37,552.84,552.01,552.1099,1138309,5080,555.06
2024-07-18T15:05:00.000,552.08,552.3,551.8,551.93,408835,4234,555.02
2024-07-18T15:10:00.000,551.93,552.03,550.43,550.89,1164325,9958,554.87
2024-07-18T15:15:00.000,550.885,551.35,550.83,550.98,563819,5755,554.8
2024-07-18T15:20:00.000,550.98,551.1,550.56,550.68,673686,5690,554.73
2024-07-18T15:25:00.000,550.69,551.5,550.685,551.45,775746,7026,554.65
2024-07-18T15:30:00.000,551.44,551.7199,551.14,551.485,826889,7493,554.57
2024-07-18T15:35:00.000,551.49,552.49,551.44,552.3801,1411410,10456,554.46
2024-07-18T15:40:00.000,552.4197,552.9,552.27,552.51,1050370,8966,554.4
2024-07-18T15:45:00.000,552.51,553.85,552.495,553.83,1269604,10536,554.37
2024-07-18T15:50:00.000,553.82,553.84,552.0204,552.04,1916467,16252,554.29
2024-07-18T15:55:00.000,552.05,553.26,552.05,552.66,4552445,24017,554.15
2024-07-18T16:00:00.000,552.66,552.66,552.66,552.66,993,1,554.15
2024-07-19T09:30:00.000,552.42,552.89,551.8,552.4,1068881,9494,552.28
2024-07-19T09:35:00.000,552.38,553.26,552.2,553.21,2081495,6237,552.43
2024-07-19T09:40:00.000,553.24,554.08,552.8,552.9,1296026,10499,552.9
2024-07-19T09:45:00.000,552.9,552.91,552.31,552.8146,409177,4510,552.87
2024-07-19T09:50:00.000,552.8,553.28,552.69,552.97,342863,4073,552.87
2024-07-19T09:55:00.000,552.97,553.55,552.8,552.99,324466,3810,552.89
2024-07-19T10:00:00.000,552.985,553.06,552.42,552.5,429946,5187,552.88
2024-07-19T10:05:00.000,552.49,553.29,552.45,553.17,296890,4234,552.88
2024-07-19T10:10:00.000,553.13,553.295,552.28,552.4,289816,4227,552.87
2024-07-19T10:15:00.000,552.42,553.09,552.42,552.78,262286,9946,552.87
2024-07-19T10:20:00.000,552.77,552.81,552.06,552.19,322281,10865,552.84
2024-07-19T10:25:00.000,552.19,552.42,551.04,551.11,686879,13295,552.72
2024-07-19T10:30:00.000,551.13,551.53,550.88,551.02,608981,13172,552.58
2024-07-19T10:35:00.000,551.0299,551.75,550.97,551.65,336679,4044,552.53
2024-07-19T10:40:00.000,551.7,551.72,550.66,550.66,487456,4866,552.43
2024-07-19T10:45:00.000,550.68,551.48,550.67,551.1301,318719,3934,552.38
2024-07-19T10:50:00.000,551.12,551.52,550.9,551.24,1736816,3249,552.34
2024-07-19T10:55:00.000,551.25,552.3701,551.0,551.12,218939,3201,552.31
2024-07-19T11:00:00.000,551.16,551.99,551.16,551.74,415291,4980,552.28
2024-07-19T11:05:00.000,551.73,551.86,551.0,551.0,315647,3618,552.26
2024-07-19T11:10:00.000,551.0,551.14,550.31,550.39,404004,4313,552.19
2024-07-19T11:15:00.000,550.36,550.89,550.35,550.73,394122,4303,552.13
2024-07-19T11:20:00.000,550.74,551.34,550.67,550.74,376063,4323,552.09
2024-07-19T11:25:00.000,550.76,550.79,549.595,549.645,578156,7036,551.98
2024-07-19T11:30:00.000,549.6478,549.8,549.2172,549.57,536374,6056,551.86
2024-07-19T11:35:00.000,549.545,549.7,549.22,549.33,584714,5652,551.75
2024-07-19T11:40:00.000,549.32,549.67,549.2187,549.37,453846,5079,551.67
2024-07-19T11:45:00.000,549.38,550.09,549.3,550.012,481979,5715,551.6
2024-07-19T11:50:00.000,550.01,550.1695,549.8,550.16,2147291,3850,551.56
2024-07-19T11:55:00.000,550.14,551.07,549.94,551.0644,6338258,4005,551.53
2024-07-19T12:00:00.000,551.03,551.3,550.86,550.8668,389346,3780,551.52
2024-07-19T12:05:00.000,550.86,551.49,550.77,551.2399,373490,3979,551.51
2024-07-19T12:10:00.000,551.22,551.43,550.89,551.1836,957113,2825,551.5
2024-07-19T12:15:00.000,551.23,551.47,550.97,550.97,247277,3406,551.5
2024-07-19T12:20:00.000,551.0,551.05,550.0,550.03,503282,4673,551.46
2024-07-19T12:25:00.000,550.0,550.31,549.97,550.07,285805,2985,551.44
2024-07-19T12:30:00.000,550.07,550.19,549.4,549.53,325009,3525,551.4
2024-07-19T12:35:00.000,549.51,549.74,548.92,549.31,1073991,5201,551.35
2024-07-19T12:40:00.000,549.35,549.8755,549.26,549.27,603633,3946,551.31
2024-07-19T12:45:00.000,549.26,549.38,549.0,549.21,335894,3670,551.27
2024-07-19T12:50:00.000,549.235,549.55,549.02,549.23,365565,4167,551.23
2024-07-19T12:55:00.000,549.22,549.65,549.08,549.3599,319791,3764,551.2
2024-07-19T13:00:00.000,549.355,549.355,548.54,548.65,429378,4565,551.14
2024-07-19T13:05:00.000,548.65,548.78,548.405,548.705,241240,3375,551.11
2024-07-19T13:10:00.000,548.69,548.79,548.31,548.63,346294,3594,551.06
2024-07-19T13:15:00.000,548.645,548.7233,548.26,548.34,411640,3128,551.02
2024-07-19T13:20:00.000,548.33,548.49,547.91,548.18,570679,5505,550.94
2024-07-19T13:25:00.000,548.16,548.8095,548.15,548.59,477399,4342,550.88
2024-07-19T13:30:00.000,548.57,548.88,548.22,548.59,274503,4392,550.85
2024-07-19T13:35:00.000,548.56,549.02,548.4,548.76,513800,3443,550.82
2024-07-19T13:40:00.000,548.76,548.81,548.09,548.33,364634,4088,550.78
2024-07-19T13:45:00.000,548.34,549.33,548.34,549.21,505128,4624,550.75
2024-07-19T13:50:00.000,549.2216,549.25,548.72,548.755,235054,2834,550.73
2024-07-19T13:55:00.000,548.76,549.44,548.723,549.42,259839,3525,550.71
2024-07-19T14:00:00.000,549.4,549.57,549.02,549.1,369277,4012,550.69
2024-07-19T14:05:00.000,549.085,549.62,549.03,549.48,245138,3228,550.68
2024-07-19T14:10:00.000,549.465,549.62,549.2,549.38,417470,4281,550.65
2024-07-19T14:15:00.000,549.4,549.716,549.18,549.3,341299,3694,550.64
2024-07-19T14:20:00.000,549.3,549.3,548.78,548.83,391786,4054,550.61
2024-07-19T14:25:00.000,548.84,549.12,548.63,548.69,283525,3427,550.59
2024-07-19T14:30:00.000,548.7,548.84,548.43,548.68,260066,3545,550.57
2024-07-19T14:35:00.000,548.67,548.93,548.26,548.31,387679,3905,550.54
2024-07-19T14:40:00.000,548.33,548.61,548.06,548.06,459404,4541,550.5
2024-07-19T14:45:00.000,548.07,548.56,548.02,548.52,391104,4445,550.46
2024-07-19T14:50:00.000,548.535,549.01,548.535,548.91,826025,5345,550.42
2024-07-19T14:55:00.000,548.9,549.23,548.83,549.12,617549,4099,550.4
2024-07-19T15:00:00.000,549.13,550.19,549.04,550.0548,1684057,5350,550.39
2024-07-19T15:05:00.000,550.08,550.11,549.6592,549.82,665073,5039,550.38
2024-07-19T15:10:00.000,549.84,550.2,549.74,549.965,951526,4160,550.37
2024-07-19T15:15:00.000,549.9601,550.3,549.565,550.21,1030470,5724,550.36
2024-07-19T15:20:00.000,550.195,550.46,550.03,550.04,396023,4223,550.36
2024-07-19T15:25:00.000,550.05,550.27,549.95,549.99,371522,4204,550.35
2024-07-19T15:30:00.000,549.99,550.08,549.09,549.19,1002982,7146,550.33
2024-07-19T15:35:00.000,549.18,549.43,548.42,548.56,1203615,11026,550.28
2024-07-19T15:40:00.000,548.58,548.96,548.33,548.43,930480,8948,550.23
2024-07-19T15:45:00.000,548.44,548.73,548.4,548.55,751475,7773,550.19
2024-07-19T15:50:00.000,548.55,549.01,548.38,548.5,1450839,11795,550.13
2024-07-19T15:55:00.000,548.48,549.05,548.14,548.93,5280178,24858,549.96
2024-07-19T16:00:00.000,0.0,0.0,0.0,0.0,0,0,549.96
2024-07-20T09:30:00.000,0.0,0.0,0.0,0.0,0,0,0.0
2024-07-20T09:35:00.000,0.0,0.0,0.0,0.0,0,0,0.0
2024-07-20T09:40:00.000,0.0,0.0,0.0,0.0,0,0,0.0
2024-07-20T09:45:00.000,0.0,0.0,0.0,0.0,0,0,0.0
2024-07-20T09:50:00.000,0.0,0.0,0.0,0.0,0,0,0.0
2024-07-20T09:55:00.000,0.0,0.0,0.0,0.0,0,0,0.0
2024-07-20T10:00:00.000,0.0,0.0,0.0,0.0,0,0,0.0
2024-07-20T10:05:00.000,0.0,0.0,0.0,0.0,0,0,0.0
2024-07-20T10:10:00.000,0.0,0.0,0.0,0.0,0,0,0.0
2024-07-20T10:15:00.000,0.0,0.0,0.0,0.0,0,0,0.0
2024-07-20T10:20:00.000,0.0,0.0,0.0,0.0,0,0,0.0
2024-07-20T10:25:00.000,0.0,0.0,0.0,0.0,0,0,0.0
2024-07-20T10:30:00.000,0.0,0.0,0.0,0.0,0,0,0.0
2024-07-20T10:35:00.000,0.0,0.0,0.0,0.0,0,0,0.0
2024-07-20T10:40:00.000,0.0,0.0,0.0,0.0,0,0,0.0
2024-07-20T10:45:00.000,0.0,0.0,0.0,0.0,0,0,0.0
2024-07-20T10:50:00.000,0.0,0.0,0.0,0.0,0,0,0.0
2024-07-20T10:55:00.000,0.0,0.0,0.0,0.0,0,0,0.0
2024-07-20T11:00:00.000,0.0,0.0,0.0,0.0,0,0,0.0
2024-07-20T11:05:00.000,0.0,0.0,0.0,0.0,0,0,0.0
2024-07-20T11:10:00.000,0.0,0.0,0.0,0.0,0,0,0.0
2024-07-20T11:15:00.000,0.0,0.0,0.0,0.0,0,0,0.0
2024-07-20T11:20:00.000,0.0,0.0,0.0,0.0,0,0,0.0
2024-07-20T11:25:00.000,0.0,0.0,0.0,0.0,0,0,0.0
2024-07-20T11:30:00.000,0.0,0.0,0.0,0.0,0,0,0.0
2024-07-20T11:35:00.000,0.0,0.0,0.0,0.0,0,0,0.0
2024-07-20T11:40:00.000,0.0,0.0,0.0,0.0,0,0,0.0
2024-07-20T11:45:00.000,0.0,0.0,0.0,0.0,0,0,0.0
2024-07-20T11:50:00.000,0.0,0.0,0.0,0.0,0,0,0.0
2024-07-20T11:55:00.000,0.0,0.0,0.0,0.0,0,0,0.0
2024-07-20T12:00:00.000,0.0,0.0,0.0,0.0,0,0,0.0
2024-07-20T12:05:00.000,0.0,0.0,0.0,0.0,0,0,0.0
2024-07-20T12:10:00.000,0.0,0.0,0.0,0.0,0,0,0.0
2024-07-20T12:15:00.000,0.0,0.0,0.0,0.0,0,0,0.0
2024-07-20T12:20:00.000,0.0,0.0,0.0,0.0,0,0,0.0
2024-07-20T12:25:00.000,0.0,0.0,0.0,0.0,0,0,0.0
2024-07-20T12:30:00.000,0.0,0.0,0.0,0.0,0,0,0.0
2024-07-20T12:35:00.000,0.0,0.0,0.0,0.0,0,0,0.0
2024-07-20T12:40:00.000,0.0,0.0,0.0,0.0,0,0,0.0
2024-07-20T12:45:00.000,0.0,0.0,0.0,0.0,0,0,0.0
2024-07-20T12:50:00.000,0.0,0.0,0.0,0.0,0,0,0.0
2024-07-20T12:55:00.000,0.0,0.0,0.0,0.0,0,0,0.0
2024-07-20T13:00:00.000,0.0,0.0,0.0,0.0,0,0,0.0
2024-07-20T13:05:00.000,0.0,0.0,0.0,0.0,0,0,0.0
2024-07-20T13:10:00.000,0.0,0.0,0.0,0.0,0,0,0.0
2024-07-20T13:15:00.000,0.0,0.0,0.0,0.0,0,0,0.0
2024-07-20T13:20:00.000,0.0,0.0,0.0,0.0,0,0,0.0
2024-07-20T13:25:00.000,0.0,0.0,0.0,0.0,0,0,0.0
2024-07-20T13:30:00.000,0.0,0.0,0.0,0.0,0,0,0.0
2024-07-20T13:35:00.000,0.0,0.0,0.0,0.0,0,0,0.0
2024-07-20T13:40:00.000,0.0,0.0,0.0,0.0,0,0,0.0
2024-07-20T13:45:00.000,0.0,0.0,0.0,0.0,0,0,0.0
2024-07-20T13:50:00.000,0.0,0.0,0.0,0.0,0,0,0.0
2024-07-20T13:55:00.000,0.0,0.0,0.0,0.0,0,0,0.0
2024-07-20T14:00:00.000,0.0,0.0,0.0,0.0,0,0,0.0
2024-07-20T14:05:00.000,0.0,0.0,0.0,0.0,0,0,0.0
2024-07-20T14:10:00.000,0.0,0.0,0.0,0.0,0,0,0.0
2024-07-20T14:15:00.000,0.0,0.0,0.0,0.0,0,0,0.0
2024-07-20T14:20:00.000,0.0,0.0,0.0,0.0,0,0,0.0
2024-07-20T14:25:00.000,0.0,0.0,0.0,0.0,0,0,0.0
2024-07-20T14:30:00.000,0.0,0.0,0.0,0.0,0,0,0.0
2024-07-20T14:35:00.000,0.0,0.0,0.0,0.0,0,0,0.0
2024-07-20T14:40:00.000,0.0,0.0,0.0,0.0,0,0,0.0
2024-07-20T14:45:00.000,0.0,0.0,0.0,0.0,0,0,0.0
2024-07-20T14:50:00.000,0.0,0.0,0.0,0.0,0,0,0.0
2024-07-20T14:55:00.000,0.0,0.0,0.0,0.0,0,0,0.0
2024-07-20T15:00:00.000,0.0,0.0,0.0,0.0,0,0,0.0
2024-07-20T15:05:00.000,0.0,0.0,0.0,0.0,0,0,0.0
2024-07-20T15:10:00.000,0.0,0.0,0.0,0.0,0,0,0.0
2024-07-20T15:15:00.000,0.0,0.0,0.0,0.0,0,0,0.0
2024-07-20T15:20:00.000,0.0,0.0,0.0,0.0,0,0,0.0
2024-07-20T15:25:00.000,0.0,0.0,0.0,0.0,0,0,0.0
2024-07-20T15:30:00.000,0.0,0.0,0.0,0.0,0,0,0.0
2024-07-20T15:35:00.000,0.0,0.0,0.0,0.0,0,0,0.0
2024-07-20T15:40:00.000,0.0,0.0,0.0,0.0,0,0,0.0
2024-07-20T15:45:00.000,0.0,0.0,0.0,0.0,0,0,0.0
2024-07-20T15:50:00.000,0.0,0.0,0.0,0.0,0,0,0.0
2024-07-20T15:55:00.000,0.0,0.0,0.0,0.0,0,0,0.0
2024-07-20T16:00:00.000,0.0,0.0,0.0,0.0,0,0,0.0
2024-07-21T09:30:00.000,0.0,0.0,0.0,0.0,0,0,0.0
2024-07-21T09:35:00.000,0.0,0.0,0.0,0.0,0,0,0.0
2024-07-21T09:40:00.000,0.0,0.0,0.0,0.0,0,0,0.0
2024-07-21T09:45:00.000,0.0,0.0,0.0,0.0,0,0,0.0
2024-07-21T09:50:00.000,0.0,0.0,0.0,0.0,0,0,0.0
2024-07-21T09:55:00.000,0.0,0.0,0.0,0.0,0,0,0.0
2024-07-21T10:00:00.000,0.0,0.0,0.0,0.0,0,0,0.0
2024-07-21T10:05:00.000,0.0,0.0,0.0,0.0,0,0,0.0
2024-07-21T10:10:00.000,0.0,0.0,0.0,0.0,0,0,0.0
2024-07-21T10:15:00.000,0.0,0.0,0.0,0.0,0,0,0.0
2024-07-21T10:20:00.000,0.0,0.0,0.0,0.0,0,0,0.0
2024-07-21T10:25:00.000,0.0,0.0,0.0,0.0,0,0,0.0
2024-07-21T10:30:00.000,0.0,0.0,0.0,0.0,0,0,0.0
2024-07-21T10:35:00.000,0.0,0.0,0.0,0.0,0,0,0.0
2024-07-21T10:40:00.000,0.0,0.0,0.0,0.0,0,0,0.0
2024-07-21T10:45:00.000,0.0,0.0,0.0,0.0,0,0,0.0
2024-07-21T10:50:00.000,0.0,0.0,0.0,0.0,0,0,0.0
2024-07-21T10:55:00.000,0.0,0.0,0.0,0.0,0,0,0.0
2024-07-21T11:00:00.000,0.0,0.0,0.0,0.0,0,0,0.0
2024-07-21T11:05:00.000,0.0,0.0,0.0,0.0,0,0,0.0
2024-07-21T11:10:00.000,0.0,0.0,0.0,0.0,0,0,0.0
2024-07-21T11:15:00.000,0.0,0.0,0.0,0.0,0,0,0.0
2024-07-21T11:20:00.000,0.0,0.0,0.0,0.0,0,0,0.0
2024-07-21T11:25:00.000,0.0,0.0,0.0,0.0,0,0,0.0
2024-07-21T11:30:00.000,0.0,0.0,0.0,0.0,0,0,0.0
2024-07-21T11:35:00.000,0.0,0.0,0.0,0.0,0,0,0.0
2024-07-21T11:40:00.000,0.0,0.0,0.0,0.0,0,0,0.0
2024-07-21T11:45:00.000,0.0,0.0,0.0,0.0,0,0,0.0
2024-07-21T11:50:00.000,0.0,0.0,0.0,0.0,0,0,0.0
2024-07-21T11:55:00.000,0.0,0.0,0.0,0.0,0,0,0.0
2024-07-21T12:00:00.000,0.0,0.0,0.0,0.0,0,0,0.0
2024-07-21T12:05:00.000,0.0,0.0,0.0,0.0,0,0,0.0
2024-07-21T12:10:00.000,0.0,0.0,0.0,0.0,0,0,0.0
2024-07-21T12:15:00.000,0.0,0.0,0.0,0.0,0,0,0.0
2024-07-21T12:20:00.000,0.0,0.0,0.0,0.0,0,0,0.0
2024-07-21T12:25:00.000,0.0,0.0,0.0,0.0,0,0,0.0
2024-07-21T12:30:00.000,0.0,0.0,0.0,0.0,0,0,0.0
2024-07-21T12:35:00.000,0.0,0.0,0.0,0.0,0,0,0.0
2024-07-21T12:40:00.000,0.0,0.0,0.0,0.0,0,0,0.0
2024-07-21T12:45:00.000,0.0,0.0,0.0,0.0,0,0,0.0
2024-07-21T12:50:00.000,0.0,0.0,0.0,0.0,0,0,0.0
2024-07-21T12:55:00.000,0.0,0.0,0.0,0.0,0,0,0.0
2024-07-21T13:00:00.000,0.0,0.0,0.0,0.0,0,0,0.0
2024-07-21T13:05:00.000,0.0,0.0,0.0,0.0,0,0,0.0
2024-07-21T13:10:00.000,0.0,0.0,0.0,0.0,0,0,0.0
2024-07-21T13:15:00.000,0.0,0.0,0.0,0.0,0,0,0.0
2024-07-21T13:20:00.000,0.0,0.0,0.0,0.0,0,0,0.0
2024-07-21T13:25:00.000,0.0,0.0,0.0,0.0,0,0,0.0
2024-07-21T13:30:00.000,0.0,0.0,0.0,0.0,0,0,0.0
2024-07-21T13:35:00.000,0.0,0.0,0.0,0.0,0,0,0.0
2024-07-21T13:40:00.000,0.0,0.0,0.0,0.0,0,0,0.0
2024-07-21T13:45:00.000,0.0,0.0,0.0,0.0,0,0,0.0
2024-07-21T13:50:00.000,0.0,0.0,0.0,0.0,0,0,0.0
2024-07-21T13:55:00.000,0.0,0.0,0.0,0.0,0,0,0.0
2024-07-21T14:00:00.000,0.0,0.0,0.0,0.0,0,0,0.0
2024-07-21T14:05:00.000,0.0,0.0,0.0,0.0,0,0,0.0
2024-07-21T14:10:00.000,0.0,0.0,0.0,0.0,0,0,0.0
2024-07-21T14:15:00.000,0.0,0.0,0.0,0.0,0,0,0.0
2024-07-21T14:20:00.000,0.0,0.0,0.0,0.0,0,0,0.0
2024-07-21T14:25:00.000,0.0,0.0,0.0,0.0,0,0,0.0
2024-07-21T14:30:00.000,0.0,0.0,0.0,0.0,0,0,0.0
2024-07-21T14:35:00.000,0.0,0.0,0.0,0.0,0,0,0.0
2024-07-21T14:40:00.000,0.0,0.0,0.0,0.0,0,0,0.0
2024-07-21T14:45:00.000,0.0,0.0,0.0,0.0,0,0,0.0
2024-07-21T14:50:00.000,0.0,0.0,0.0,0.0,0,0,0.0
2024-07-21T14:55:00.000,0.0,0.0,0.0,0.0,0,0,0.0
2024-07-21T15:00:00.000,0.0,0.0,0.0,0.0,0,0,0.0
2024-07-21T15:05:00.000,0.0,0.0,0.0,0.0,0,0,0.0
2024-07-21T15:10:00.000,0.0,0.0,0.0,0.0,0,0,0.0
2024-07-21T15:15:00.000,0.0,0.0,0.0,0.0,0,0,0.0
2024-07-21T15:20:00.000,0.0,0.0,0.0,0.0,0,0,0.0
2024-07-21T15:25:00.000,0.0,0.0,0.0,0.0,0,0,0.0
2024-07-21T15:30:00.000,0.0,0.0,0.0,0.0,0,0,0.0
2024-07-21T15:35:00.000,0.0,0.0,0.0,0.0,0,0,0.0
2024-07-21T15:40:00.000,0.0,0.0,0.0,0.0,0,0,0.0
2024-07-21T15:45:00.000,0.0,0.0,0.0,0.0,0,0,0.0
2024-07-21T15:50:00.000,0.0,0.0,0.0,0.0,0,0,0.0
2024-07-21T15:55:00.000,0.0,0.0,0.0,0.0,0,0,0.0
2024-07-21T16:00:00.000,0.0,0.0,0.0,0.0,0,0,0.0
2024-07-22T09:30:00.000,553.0,553.06,552.275,552.75,1698729,14239,552.73
2024-07-22T09:35:00.000,552.74,553.96,552.74,553.6,1193607,9924,553.02
2024-07-22T09:40:00.000,553.595,553.84,553.36,553.53,667377,7216,553.12
2024-07-22T09:45:00.000,553.53,554.4101,553.53,554.29,881728,8533,553.31
2024-07-22T09:50:00.000,554.3,554.35,553.57,553.96,641506,6440,553.38
2024-07-22T09:55:00.000,553.96,553.96,552.51,552.6601,621419,6817,553.35
2024-07-22T10:00:00.000,552.67,552.79,551.93,551.96,625304,7258,553.24
2024-07-22T10:05:00.000,551.96,552.0799,551.34,551.5099,414565,5830,553.15
2024-07-22T10:10:00.000,551.495,552.48,551.45,552.48,553037,6259,553.05
2024-07-22T10:15:00.000,552.49,552.76,551.84,552.33,389181,5293,553.02
2024-07-22T10:20:00.000,552.34,552.64,552.22,552.63,326135,11636,553.0
2024-07-22T10:25:00.000,552.64,553.2,552.47,553.2,404339,11696,552.99
2024-07-22T10:30:00.000,553.21,553.485,552.755,553.46,296545,11769,552.99
2024-07-22T10:35:00.000,553.462,554.1703,553.3902,554.07,659651,12130,553.04
2024-07-22T10:40:00.000,554.07,554.35,553.98,554.35,501522,7465,553.09
2024-07-22T10:45:00.000,554.36,554.43,553.9136,554.024,400426,5308,553.13
2024-07-22T10:50:00.000,554.02,554.04,553.36,553.62,361091,4890,553.15
2024-07-22T10:55:00.000,553.61,554.0861,553.55,553.77,312352,3916,553.17
2024-07-22T11:00:00.000,553.76,554.3791,553.675,554.3716,331607,3720,553.19
2024-07-22T11:05:00.000,554.3703,554.46,552.83,552.835,551473,5548,553.22
2024-07-22T11:10:00.000,552.82,553.6025,552.79,553.3701,509287,5167,553.22
2024-07-22T11:15:00.000,553.35,553.6199,552.48,552.63,442084,4986,553.2
2024-07-22T11:20:00.000,552.64,552.84,551.8,551.97,462841,5356,553.17
2024-07-22T11:25:00.000,551.99,552.34,551.6999,551.74,508942,5310,553.13
2024-07-22T11:30:00.000,551.75,551.78,551.28,551.535,538591,5519,553.07
2024-07-22T11:35:00.000,551.53,551.75,551.38,551.7,416672,4048,553.03
2024-07-22T11:40:00.000,551.69,551.75,551.02,551.56,421896,4725,552.98
2024-07-22T11:45:00.000,551.56,551.58,551.09,551.32,304791,4126,552.95
2024-07-22T11:50:00.000,551.3,551.9,551.13,551.85,312654,4007,552.92
2024-07-22T11:55:00.000,551.84,551.87,551.58,551.76,238738,3336,552.91
2024-07-22T12:00:00.000,551.74,551.99,551.42,551.44,295453,3590,552.89
2024-07-22T12:05:00.000,551.44,552.22,551.2805,552.12,349045,4122,552.86
2024-07-22T12:10:00.000,552.11,552.32,551.86,552.05,169430,2702,552.85
2024-07-22T12:15:00.000,552.07,552.38,552.01,552.34,133380,2325,552.85
2024-07-22T12:20:00.000,552.345,552.42,552.14,552.26,149757,2575,552.85
2024-07-22T12:25:00.000,552.24,552.34,551.99,552.145,203952,2470,552.84
2024-07-22T12:30:00.000,552.11,552.22,551.8004,552.21,197101,2850,552.83
2024-07-22T12:35:00.000,552.18,552.53,552.14,552.47,237866,3039,552.82
2024-07-22T12:40:00.000,552.48,552.62,552.39,552.59,298521,2465,552.82
2024-07-22T12:45:00.000,552.58,552.685,552.34,552.65,206561,2887,552.82
2024-07-22T12:50:00.000,552.67,553.49,552.6099,553.43,390457,4244,552.82
2024-07-22T12:55:00.000,553.45,553.78,553.2602,553.5314,296169,3682,552.84
2024-07-22T13:00:00.000,553.55,553.9799,553.55,553.9799,320168,3616,552.85
2024-07-22T13:05:00.000,553.98,554.19,553.845,554.09,282159,3403,552.87
2024-07-22T13:10:00.000,554.12,554.2401,553.77,554.14,223322,3286,552.88
2024-07-22T13:15:00.000,554.165,554.345,553.9606,554.33,153845,2820,552.89
2024-07-22T13:20:00.000,554.33,554.35,553.91,554.17,206417,2996,552.9
2024-07-22T13:25:00.000,554.17,554.39,554.11,554.135,181666,2974,552.91
2024-07-22T13:30:00.000,554.14,554.85,554.13,554.81,290946,5098,552.93
2024-07-22T13:35:00.000,554.81,554.81,554.1,554.3,843805,4385,552.95
2024-07-22T13:40:00.000,554.3,554.41,554.21,554.24,254689,3346,552.97
2024-07-22T13:45:00.000,554.23,554.72,554.12,554.5075,220254,3284,552.99
2024-07-22T13:50:00.000,554.49,554.56,554.31,554.49,114161,2153,552.99
2024-07-22T13:55:00.000,554.5,554.58,554.27,554.515,177139,2467,553.0
2024-07-22T14:00:00.000,554.5352,554.63,554.375,554.48,234230,3160,553.02
2024-07-22T14:05:00.000,554.4725,554.88,554.17,554.7895,246485,3586,553.04
2024-07-22T14:10:00.000,554.79,554.7957,554.23,554.47,298012,3563,553.05
2024-07-22T14:15:00.000,554.48,554.815,554.46,554.8,196169,3043,553.07
2024-07-22T14:20:00.000,554.8,555.075,554.635,555.03,395691,3616,553.09
2024-07-22T14:25:00.000,555.06,555.08,554.58,554.58,239717,3358,553.11
2024-07-22T14:30:00.000,554.575,555.14,554.56,555.09,214670,3444,553.12
2024-07-22T14:35:00.000,555.0899,555.27,554.9,555.18,243315,3788,553.14
2024-07-22T14:40:00.000,555.15,555.27,554.93,555.08,305264,4122,553.16
2024-07-22T14:45:00.000,555.09,555.22,554.98,554.985,220971,3418,553.18
2024-07-22T14:50:00.000,554.98,555.23,554.95,555.185,502100,3017,553.2
2024-07-22T14:55:00.000,555.19,555.21,554.815,554.815,392377,3094,553.22
2024-07-22T15:00:00.000,554.82,554.89,554.155,554.775,466106,5119,553.24
2024-07-22T15:05:00.000,554.77,554.85,554.38,554.68,175703,3063,553.25
2024-07-22T15:10:00.000,554.69,555.03,554.68,554.81,244330,3423,553.26
2024-07-22T15:15:00.000,554.8,554.91,554.53,554.56,211193,3254,553.27
2024-07-22T15:20:00.000,554.57,554.88,554.51,554.84,228285,3058,553.29
2024-07-22T15:25:00.000,554.83,554.8824,554.37,554.52,393777,4210,553.3
2024-07-22T15:30:00.000,554.53,554.9,554.45,554.6,793482,3905,553.32
2024-07-22T15:35:00.000,554.6,555.14,554.54,555.13,576643,5767,553.35
2024-07-22T15:40:00.000,555.12,555.14,554.885,554.97,355679,4279,553.37
2024-07-22T15:45:00.000,554.96,555.14,554.73,554.7701,349176,4581,553.39
2024-07-22T15:50:00.000,554.77,555.11,554.55,554.646,1346453,10022,553.43
2024-07-22T15:55:00.000,554.63,555.02,554.33,554.65,3089986,17126,553.55
2024-07-22T16:00:00.000,0.0,0.0,0.0,0.0,63,1,553.55
2024-07-23T09:30:00.000,554.54,554.93,554.13,554.66,654730,7269,554.5
2024-07-23T09:35:00.000,554.66,555.0974,554.22,555.09,374338,4498,554.57
2024-07-23T09:40:00.000,555.07,555.66,555.03,555.62,781522,6871,554.91
2024-07-23T09:45:00.000,555.61,555.81,555.165,555.75,496023,5298,555.03
2024-07-23T09:50:00.000,555.74,555.81,554.91,555.08,435414,5106,555.06
2024-07-23T09:55:00.000,555.12,555.6934,555.1,555.52,241670,3668,555.1
2024-07-23T10:00:00.000,555.5401,555.83,555.26,555.76,376207,5078,555.15
2024-07-23T10:05:00.000,555.7722,556.3,555.69,556.11,451087,4925,555.26
2024-07-23T10:10:00.000,556.1,556.18,555.6,555.89,304106,4295,555.3
2024-07-23T10:15:00.000,555.87,556.19,555.87,556.14,355824,11250,555.37
2024-07-23T10:20:00.000,556.14,556.41,556.0301,556.0301,408175,11207,555.44
2024-07-23T10:25:00.000,556.06,556.2899,555.82,556.0001,320524,10569,555.48
2024-07-23T10:30:00.000,556.02,556.17,555.81,556.0105,232576,6953,555.5
2024-07-23T10:35:00.000,556.01,556.08,555.34,555.585,255291,3141,555.5
2024-07-23T10:40:00.000,555.56,555.71,555.3512,555.37,216882,2489,555.5
2024-07-23T10:45:00.000,555.35,555.4174,554.36,554.618,434991,4496,555.46
2024-07-23T10:50:00.000,554.61,554.83,554.28,554.47,420694,4080,555.4
2024-07-23T10:55:00.000,554.4788,555.07,554.34,554.92,383629,3894,555.36
2024-07-23T11:00:00.000,554.93,555.3799,554.9,555.32,256435,2849,555.36
2024-07-23T11:05:00.000,555.31,555.7699,555.22,555.7699,245929,2735,555.36
2024-07-23T11:10:00.000,555.75,556.34,555.69,556.335,611145,3399,555.39
2024-07-23T11:15:00.000,556.35,556.735,556.31,556.5932,500340,3713,555.44
2024-07-23T11:20:00.000,556.57,556.65,556.3,556.46,322729,3757,555.47
2024-07-23T11:25:00.000,556.455,556.48,556.21,556.43,220885,2751,555.49
2024-07-23T11:30:00.000,556.4255,556.61,556.33,556.59,177807,2207,555.51
2024-07-23T11:35:00.000,556.59,556.65,556.275,556.405,334495,2437,555.53
2024-07-23T11:40:00.000,556.42,556.515,556.3,556.33,145671,2038,555.55
2024-07-23T11:45:00.000,556.345,556.4796,556.18,556.4692,205855,2448,555.56
2024-07-23T11:50:00.000,556.45,556.47,556.01,556.22,274831,2814,555.58
2024-07-23T11:55:00.000,556.2349,556.38,555.99,556.2,184393,2246,555.59
2024-07-23T12:00:00.000,556.17,556.28,555.99,556.16,116579,1850,555.6
2024-07-23T12:05:00.000,556.19,556.36,555.88,556.09,143387,2032,555.6
2024-07-23T12:10:00.000,556.08,556.34,555.95,556.28,135426,1907,555.61
2024-07-23T12:15:00.000,556.26,556.26,555.895,556.0709,148820,2027,555.62
2024-07-23T12:20:00.000,556.079,556.1969,554.75,554.95,458214,4391,555.61
2024-07-23T12:25:00.000,554.94,555.19,554.53,555.0651,475245,3571,555.58
2024-07-23T12:30:00.000,555.06,555.1,554.73,554.82,186500,2406,555.57
2024-07-23T12:35:00.000,554.85,555.12,554.57,554.7,173012,2415,555.56
2024-07-23T12:40:00.000,554.71,555.03,554.64,554.8205,225450,2346,555.55
2024-07-23T12:45:00.000,554.81,555.15,554.7203,554.8632,157374,2073,555.54
2024-07-23T12:50:00.000,554.86,554.87,554.57,554.8697,181132,2026,555.53
2024-07-23T12:55:00.000,554.86,554.86,554.18,554.61,324014,3001,555.5
2024-07-23T13:00:00.000,554.61,554.93,554.43,554.85,371895,3261,555.48
2024-07-23T13:05:00.000,554.82,554.96,554.466,554.51,238511,2536,555.46
2024-07-23T13:10:00.000,554.51,554.74,554.21,554.475,258105,3007,555.44
2024-07-23T13:15:00.000,554.49,554.68,554.36,554.51,162075,2058,555.43
2024-07-23T13:20:00.000,554.5199,554.97,554.5152,554.7103,189752,2639,555.43
2024-07-23T13:25:00.000,554.72,555.0,554.68,554.76,1622495,2093,555.42
2024-07-23T13:30:00.000,554.73,554.93,554.27,554.39,280604,3641,555.4
2024-07-23T13:35:00.000,554.4,554.754,554.3405,554.56,121301,1930,555.4
2024-07-23T13:40:00.000,554.56,554.73,554.37,554.6,139780,2069,555.39
2024-07-23T13:45:00.000,554.59,554.97,554.5,554.895,146195,1950,555.38
2024-07-23T13:50:00.000,554.8987,555.16,554.815,555.1575,150538,2030,555.38
2024-07-23T13:55:00.000,555.145,555.36,555.02,555.245,151919,2236,555.38
2024-07-23T14:00:00.000,555.24,555.5,555.205,555.43,187093,2388,555.38
2024-07-23T14:05:00.000,555.42,555.55,555.26,555.5,150242,2142,555.38
2024-07-23T14:10:00.000,555.5,555.51,555.19,555.33,246603,2288,555.38
2024-07-23T14:15:00.000,555.33,555.52,555.2309,555.35,188256,1931,555.38
2024-07-23T14:20:00.000,555.355,555.48,555.28,555.35,154133,1875,555.38
2024-07-23T14:25:00.000,555.33,555.34,554.53,554.8886,393224,3803,555.37
2024-07-23T14:30:00.000,554.9,555.0578,554.79,554.99,205084,2294,555.36
2024-07-23T14:35:00.000,554.97,555.39,554.9,555.295,154562,2072,555.36
2024-07-23T14:40:00.000,555.285,555.29,554.94,554.98,206422,2173,555.35
2024-07-23T14:45:00.000,554.98,555.154,554.92,555.01,145504,1891,555.35
2024-07-23T14:50:00.000,554.995,555.115,554.86,554.95,151676,2062,555.35
2024-07-23T14:55:00.000,554.94,555.11,554.87,555.0901,127927,1923,555.35
2024-07-23T15:00:00.000,555.1,555.1096,554.94,554.97,161962,1989,555.34
2024-07-23T15:05:00.000,554.97,555.11,554.81,554.97,181213,2159,555.34
2024-07-23T15:10:00.000,554.97,555.165,554.97,555.06,135207,1852,555.34
2024-07-23T15:15:00.000,555.06,555.06,554.75,554.88,197278,2667,555.33
2024-07-23T15:20:00.000,554.88,555.3,554.87,555.29,316072,2537,555.33
2024-07-23T15:25:00.000,555.29,555.35,555.12,555.21,213954,2545,555.33
2024-07-23T15:30:00.000,555.17,555.18,554.89,554.965,282234,3522,555.33
2024-07-23T15:35:00.000,554.97,555.0245,554.67,554.7,293751,3284,555.32
2024-07-23T15:40:00.000,554.71,554.74,553.76,554.225,608781,6367,555.28
2024-07-23T15:45:00.000,554.22,554.61,554.07,554.532,572146,5858,555.25
2024-07-23T15:50:00.000,554.55,554.74,553.35,553.37,1201201,10623,555.2
2024-07-23T15:55:00.000,553.36,553.91,553.275,553.72,3826480,16117,555.02
2024-07-23T16:00:00.000,0.0,0.0,0.0,0.0,0,0,555.02
2024-07-24T09:30:00.000,548.86,549.17,548.07,548.2391,1502620,12124,548.78
2024-07-24T09:35:00.000,548.23,548.25,547.74,547.935,1101341,9714,548.49
2024-07-24T09:40:00.000,547.93,548.28,547.81,547.94,928424,8474,548.37
2024-07-24T09:45:00.000,547.97,548.35,547.57,547.7499,837088,8454,548.28
2024-07-24T09:50:00.000,547.73,547.78,546.91,547.07,910066,8516,548.11
2024-07-24T09:55:00.000,547.05,547.12,546.33,546.76,906337,9329,547.87
2024-07-24T10:00:00.000,546.74,546.9,546.21,546.27,773131,8781,547.71
2024-07-24T10:05:00.000,546.29,546.55,546.02,546.3,751124,6492,547.61
2024-07-24T10:10:00.000,546.3,546.42,545.53,545.65,738954,7593,547.46
2024-07-24T10:15:00.000,545.66,546.01,545.435,545.65,746884,15283,547.3
2024-07-24T10:20:00.000,545.67,546.11,545.6101,545.84,823187,13842,547.19
2024-07-24T10:25:00.000,545.84,546.13,545.57,546.04,1012764,13711,547.07
2024-07-24T10:30:00.000,546.03,546.19,545.72,545.73,841211,13320,546.99
2024-07-24T10:35:00.000,545.73,545.984,545.405,545.53,595167,5753,546.93
2024-07-24T10:40:00.000,545.495,545.74,545.4,545.49,464025,5323,546.87
2024-07-24T10:45:00.000,545.49,545.62,545.271,545.5201,528756,5681,546.81
2024-07-24T10:50:00.000,545.52,545.6,545.32,545.36,455889,4284,546.78
2024-07-24T10:55:00.000,545.35,545.85,545.34,545.61,565843,5513,546.72
2024-07-24T11:00:00.000,545.61,545.685,545.11,545.135,314847,4191,546.69
2024-07-24T11:05:00.000,545.13,545.15,544.8,545.12,827387,7250,546.63
2024-07-24T11:10:00.000,545.12,545.13,544.84,545.02,552658,4637,546.58
2024-07-24T11:15:00.000,545.02,545.105,544.72,544.72,450603,4956,546.53
2024-07-24T11:20:00.000,544.72,544.78,544.19,544.25,550486,5731,546.46
2024-07-24T11:25:00.000,544.26,544.89,544.2299,544.74,536166,5779,546.39
2024-07-24T11:30:00.000,544.76,545.28,544.72,545.05,633749,5387,546.35
2024-07-24T11:35:00.000,545.05,545.2,544.83,545.075,351198,4770,546.32
2024-07-24T11:40:00.000,545.075,545.075,544.57,544.72,308076,4058,546.3
2024-07-24T11:45:00.000,544.735,544.82,544.55,544.6252,280777,3102,546.28
2024-07-24T11:50:00.000,544.62,544.99,544.5696,544.88,271171,3569,546.26
2024-07-24T11:55:00.000,544.88,544.88,544.32,544.39,293821,3793,546.23
2024-07-24T12:00:00.000,544.38,544.46,544.26,544.325,302971,4337,546.2
2024-07-24T12:05:00.000,544.33,544.352,543.89,544.05,533336,7011,546.14
2024-07-24T12:10:00.000,544.06,544.56,544.03,544.51,572372,4887,546.1
2024-07-24T12:15:00.000,544.52,544.92,544.42,544.66,426937,5129,546.07
2024-07-24T12:20:00.000,544.635,544.8,544.38,544.5,323376,3116,546.06
2024-07-24T12:25:00.000,544.51,544.52,544.12,544.1995,373487,2819,546.04
2024-07-24T12:30:00.000,544.18,544.4,544.031,544.31,255715,3055,546.02
2024-07-24T12:35:00.000,544.31,544.51,544.01,544.04,537887,3735,545.98
2024-07-24T12:40:00.000,544.05,544.07,543.63,543.73,663608,5067,545.91
2024-07-24T12:45:00.000,543.74,544.45,543.66,544.2602,720020,4412,545.88
2024-07-24T12:50:00.000,544.27,544.27,543.73,543.785,496640,3449,545.84
2024-07-24T12:55:00.000,543.79,544.04,543.75,543.9,444991,3541,545.81
2024-07-24T13:00:00.000,543.89,544.2198,543.74,543.95,379080,4480,545.78
2024-07-24T13:05:00.000,543.95,544.72,543.95,544.72,316790,4041,545.76
2024-07-24T13:10:00.000,544.71,544.89,544.57,544.68,490881,3858,545.75
2024-07-24T13:15:00.000,544.68,544.87,544.491,544.8,266180,3395,545.74
2024-07-24T13:20:00.000,544.8,545.03,544.45,544.6,391652,3901,545.72
2024-07-24T13:25:00.000,544.6,544.65,544.27,544.304,225048,2782,545.71
2024-07-24T13:30:00.000,544.285,544.6397,544.01,544.595,297877,4049,545.69
2024-07-24T13:35:00.000,544.59,544.95,544.55,544.77,387462,3136,545.68
2024-07-24T13:40:00.000,544.78,544.95,544.75,544.82,168857,2527,545.68
2024-07-24T13:45:00.000,544.81,544.84,544.24,544.27,248900,2914,545.67
2024-07-24T13:50:00.000,544.265,544.3,544.0,544.03,259555,3102,545.65
2024-07-24T13:55:00.000,544.0299,544.1899,543.8,543.88,305065,3776,545.63
2024-07-24T14:00:00.000,543.9,544.01,543.71,543.74,446629,3984,545.6
2024-07-24T14:05:00.000,543.745,544.13,543.695,543.89,713992,3393,545.58
2024-07-24T14:10:00.000,543.9,544.19,543.82,543.99,295079,3186,545.56
2024-07-24T14:15:00.000,544.0,544.12,543.67,543.73,319061,3423,545.54
2024-07-24T14:20:00.000,543.75,543.77,543.18,543.49,696986,6192,545.49
2024-07-24T14:25:00.000,543.5,543.73,543.32,543.36,355407,4040,545.46
2024-07-24T14:30:00.000,543.355,543.5896,543.25,543.25,280747,3501,545.44
2024-07-24T14:35:00.000,543.2511,543.53,543.23,543.4,332973,3748,545.42
2024-07-24T14:40:00.000,543.399,543.48,542.61,542.61,871777,6857,545.37
2024-07-24T14:45:00.000,542.605,542.96,542.17,542.27,990258,8361,545.28
2024-07-24T14:50:00.000,542.2699,542.32,541.81,542.12,1574412,9004,545.2
2024-07-24T14:55:00.000,542.11,542.57,542.08,542.48,639475,7259,545.14
2024-07-24T15:00:00.000,542.47,542.598,542.04,542.22,661194,6408,545.09
2024-07-24T15:05:00.000,542.24,542.44,541.83,542.05,813893,6668,545.02
2024-07-24T15:10:00.000,542.05,542.16,541.92,542.0651,685345,6101,544.98
2024-07-24T15:15:00.000,542.06,542.32,541.78,541.895,833522,6131,544.93
2024-07-24T15:20:00.000,541.9,542.23,541.9,542.2,626929,5498,544.89
2024-07-24T15:25:00.000,542.19,542.23,541.49,541.65,1320762,7586,544.82
2024-07-24T15:30:00.000,541.655,542.51,541.55,542.47,1164321,8789,544.73
2024-07-24T15:35:00.000,542.4684,542.57,542.2,542.4132,1816161,10138,544.66
2024-07-24T15:40:00.000,542.42,542.9,542.06,542.0899,1346311,9608,544.6
2024-07-24T15:45:00.000,542.1,542.285,541.65,541.9321,1714558,13463,544.51
2024-07-24T15:50:00.000,542.02,542.32,540.415,540.42,2365801,20236,544.35
2024-07-24T15:55:00.000,540.44,541.49,540.29,541.21,7603747,35436,543.93
2024-07-24T16:00:00.000,0.0,0.0,0.0,0.0,40,1,543.93
2024-07-25T09:30:00.000,541.35,541.62,540.585,540.805,1157559,12249,541.13
2024-07-25T09:35:00.000,540.79,541.02,540.11,540.45,815676,8413,540.89
2024-07-25T09:40:00.000,540.46,541.47,540.24,540.9,657409,7389,540.93
2024-07-25T09:45:00.000,540.88,541.2701,540.32,540.8605,535767,7420,540.88
2024-07-25T09:50:00.000,540.93,541.11,540.46,540.74,499710,5844,540.87
2024-07-25T09:55:00.000,540.74,540.84,539.61,539.858,937642,10634,540.7
2024-07-25T10:00:00.000,539.87,539.87,538.36,538.61,1486504,15359,540.27
2024-07-25T10:05:00.000,538.6,539.17,537.75,537.99,1939217,16952,539.87
2024-07-25T10:10:00.000,538.01,538.22,537.45,538.19,991401,12801,539.65
2024-07-25T10:15:00.000,538.19,539.62,538.08,539.49,947728,17581,539.57
2024-07-25T10:20:00.000,539.48,540.15,538.97,540.13,686721,14723,539.57
2024-07-25T10:25:00.000,540.12,540.72,539.71,540.6,785712,14901,539.6
2024-07-25T10:30:00.000,540.58,540.83,540.02,540.72,449286,10591,539.63
2024-07-25T10:35:00.000,540.71,541.04,540.5003,540.6,532629,5969,539.68
2024-07-25T10:40:00.000,540.56,541.35,540.25,541.3,969666,6947,539.75
2024-07-25T10:45:00.000,541.29,541.73,540.9747,541.72,644035,8658,539.82
2024-07-25T10:50:00.000,541.72,542.33,541.64,542.07,974923,9402,539.96
2024-07-25T10:55:00.000,542.06,542.82,541.71,542.79,754425,7107,540.07
2024-07-25T11:00:00.000,542.8,542.85,542.11,542.36,551070,5938,540.15
2024-07-25T11:05:00.000,542.38,542.7,542.0975,542.5,361276,4276,540.2
2024-07-25T11:10:00.000,542.54,543.88,542.44,543.85,614571,6100,540.32
2024-07-25T11:15:00.000,543.85,544.6297,543.75,543.87,838390,8019,540.51
2024-07-25T11:20:00.000,543.86,543.92,543.06,543.46,899257,6386,540.62
2024-07-25T11:25:00.000,543.45,543.45,542.925,543.23,309763,4158,540.66
2024-07-25T11:30:00.000,543.22,543.4299,542.6431,543.21,327213,3972,540.7
2024-07-25T11:35:00.000,543.2289,543.45,542.7888,543.44,295935,3596,540.74
2024-07-25T11:40:00.000,543.43,543.4351,542.4,542.946,291424,3730,540.76
2024-07-25T11:45:00.000,542.945,543.3526,542.78,542.81,259552,3117,540.79
2024-07-25T11:50:00.000,542.83,543.5,542.83,543.38,394682,4151,540.84
2024-07-25T11:55:00.000,543.39,544.0,542.95,543.97,352726,4024,540.89
2024-07-25T12:00:00.000,543.97,544.58,543.8,544.54,407124,4003,540.95
2024-07-25T12:05:00.000,544.51,544.51,543.3,544.0,539444,5121,541.03
2024-07-25T12:10:00.000,544.0,545.0899,543.9301,545.065,332811,4193,541.09
2024-07-25T12:15:00.000,545.07,545.67,544.81,545.625,468007,5109,541.18
2024-07-25T12:20:00.000,545.62,546.38,545.345,546.25,993331,8061,541.38
2024-07-25T12:25:00.000,546.23,546.275,545.72,546.15,500741,5344,541.48
2024-07-25T12:30:00.000,546.18,546.33,545.6001,546.24,417841,4391,541.56
2024-07-25T12:35:00.000,546.25,546.257,545.895,546.19,236110,3143,541.6
2024-07-25T12:40:00.000,546.16,546.64,546.15,546.47,763499,4166,541.67
2024-07-25T12:45:00.000,546.47,546.6,545.58,545.85,472360,5317,541.74
2024-07-25T12:50:00.000,545.845,546.07,545.5,545.79,332124,3563,541.78
2024-07-25T12:55:00.000,545.7899,546.29,545.68,546.12,246276,3515,541.82
2024-07-25T13:00:00.000,546.13,547.12,545.93,546.66,580443,5029,541.9
2024-07-25T13:05:00.000,546.67,547.24,546.47,547.2,256604,3786,541.95
2024-07-25T13:10:00.000,547.17,547.455,546.32,546.46,437085,5023,542.02
2024-07-25T13:15:00.000,546.46,546.535,545.36,545.47,459054,5075,542.09
2024-07-25T13:20:00.000,545.47,545.81,544.52,544.65,538959,6102,542.15
2024-07-25T13:25:00.000,544.65,545.19,544.4605,544.72,622851,5050,542.21
2024-07-25T13:30:00.000,544.72,544.9306,544.3201,544.6,384187,4345,542.24
2024-07-25T13:35:00.000,544.59,544.92,544.372,544.84,481746,4778,542.28
2024-07-25T13:40:00.000,544.83,545.1,544.71,544.96,374104,3610,542.32
2024-07-25T13:45:00.000,544.9753,545.05,544.17,544.44,312486,3678,542.34
2024-07-25T13:50:00.000,544.44,544.63,544.1,544.36,319151,3958,542.36
2024-07-25T13:55:00.000,544.35,544.9,544.13,544.635,285926,3427,542.38
2024-07-25T14:00:00.000,544.635,544.6796,543.72,543.81,360345,3699,542.4
2024-07-25T14:05:00.000,543.81,544.0099,543.25,543.29,446059,4374,542.42
2024-07-25T14:10:00.000,543.31,543.6399,543.06,543.295,345837,3614,542.43
2024-07-25T14:15:00.000,543.31,543.45,543.02,543.33,320420,3495,542.44
2024-07-25T14:20:00.000,543.34,543.37,542.53,542.6,386099,4146,542.44
2024-07-25T14:25:00.000,542.6,543.35,542.58,542.97,383623,3770,542.45
2024-07-25T14:30:00.000,542.95,543.47,542.881,543.45,367313,3848,542.46
2024-07-25T14:35:00.000,543.4,543.5,542.59,542.92,412650,4074,542.46
2024-07-25T14:40:00.000,542.9199,542.97,542.13,542.25,507716,4408,542.47
2024-07-25T14:45:00.000,542.27,542.3,540.92,540.99,866228,8008,542.44
2024-07-25T14:50:00.000,540.99,541.41,540.57,540.675,842938,5728,542.4
2024-07-25T14:55:00.000,540.68,541.31,540.52,540.8299,577576,5137,542.38
2024-07-25T15:00:00.000,540.81,541.63,540.8,540.999,585337,5515,542.36
2024-07-25T15:05:00.000,540.99,541.4,540.94,541.1215,376340,3687,542.35
2024-07-25T15:10:00.000,541.12,541.45,540.81,541.2594,384790,4019,542.34
2024-07-25T15:15:00.000,541.25,541.71,541.0,541.65,838101,5870,542.32
2024-07-25T15:20:00.000,541.64,542.7899,541.4401,542.52,677827,6235,542.32
2024-07-25T15:25:00.000,542.51,543.68,542.48,543.14,1064980,8555,542.34
2024-07-25T15:30:00.000,543.13,543.31,542.35,542.5496,916354,7196,542.35
2024-07-25T15:35:00.000,542.58,542.64,541.27,541.55,945531,8892,542.34
2024-07-25T15:40:00.000,541.5,541.7,540.93,541.1,1084613,7123,542.32
2024-07-25T15:45:00.000,541.07,541.18,540.02,541.11,1545773,12501,542.26
2024-07-25T15:50:00.000,541.08,541.095,539.03,539.14,2310908,17120,542.18
2024-07-25T15:55:00.000,539.14,539.45,538.13,538.34,3591807,28765,541.93
2024-07-25T16:00:00.000,0.0,0.0,0.0,0.0,55,1,541.93
2024-07-26T09:30:00.000,542.28,542.43,541.49,541.97,1924535,17254,541.96
2024-07-26T09:35:00.000,541.96,543.04,541.93,542.94,811951,8919,542.15
2024-07-26T09:40:00.000,542.91,543.14,541.98,543.0,683176,7244,542.21
2024-07-26T09:45:00.000,543.0,543.18,542.21,542.23,527323,6086,542.28
2024-07-26T09:50:00.000,542.27,542.91,542.12,542.285,437025,4992,542.3
2024-07-26T09:55:00.000,542.3,543.04,542.27,542.9,381125,4218,542.33
2024-07-26T10:00:00.000,542.88,543.9404,542.42,543.31,983170,7869,542.48
2024-07-26T10:05:00.000,543.29,543.4,542.035,542.17,647287,7078,542.49
2024-07-26T10:10:00.000,542.14,543.2597,542.13,542.51,506804,5154,542.52
2024-07-26T10:15:00.000,542.51,543.145,542.29,542.58,370520,4484,542.53
2024-07-26T10:20:00.000,542.59,543.8,542.585,543.67,454129,5121,542.57
2024-07-26T10:25:00.000,543.688,544.63,543.59,543.6309,619207,6211,542.69
2024-07-26T10:30:00.000,543.63,543.83,541.8,541.8299,698219,7375,542.68
2024-07-26T10:35:00.000,541.82,542.395,541.67,542.12,520289,5745,542.64
2024-07-26T10:40:00.000,542.15,543.12,541.92,542.4598,483030,5303,542.64
2024-07-26T10:45:00.000,542.465,542.9,542.16,542.55,406093,4584,542.63
2024-07-26T10:50:00.000,542.53,542.77,542.1528,542.51,510620,4208,542.63
2024-07-26T10:55:00.000,542.5261,543.47,542.34,543.42,366211,3893,542.63
2024-07-26T11:00:00.000,543.43,543.8551,543.28,543.63,353721,4209,542.67
2024-07-26T11:05:00.000,543.61,544.03,543.44,543.6,506370,5471,542.71
2024-07-26T11:10:00.000,543.62,543.74,543.03,543.43,565892,5045,542.75
2024-07-26T11:15:00.000,543.42,543.45,542.7803,542.97,385625,4153,542.76
2024-07-26T11:20:00.000,542.976,543.52,542.84,543.425,252087,3149,542.76
2024-07-26T11:25:00.000,543.4,543.6,542.88,543.21,397664,3584,542.77
2024-07-26T11:30:00.000,543.21,543.7,543.11,543.12,321595,2986,542.78
2024-07-26T11:35:00.000,543.11,543.76,542.889,543.7495,278491,3402,542.79
2024-07-26T11:40:00.000,543.71,544.035,543.44,544.0054,1277446,3127,542.81
2024-07-26T11:45:00.000,544.0,544.49,543.91,544.465,1787629,8382,542.84
2024-07-26T11:50:00.000,544.49,544.58,544.23,544.38,379208,8384,542.88
2024-07-26T11:55:00.000,544.4,544.96,544.29,544.85,445792,9733,542.93
2024-07-26T12:00:00.000,544.86,545.4301,544.78,545.39,540311,10175,543.01
2024-07-26T12:05:00.000,545.39,545.92,545.29,545.9,794504,11434,543.14
2024-07-26T12:10:00.000,545.91,546.02,545.02,545.235,947932,10497,543.24
2024-07-26T12:15:00.000,545.24,545.49,545.09,545.2613,338597,3952,543.28
2024-07-26T12:20:00.000,545.21,545.495,545.09,545.36,276081,3263,543.31
2024-07-26T12:25:00.000,545.375,545.89,545.34,545.5712,367451,4005,543.35
2024-07-26T12:30:00.000,545.57,546.02,545.57,545.69,262856,3279,543.39
2024-07-26T12:35:00.000,545.68,545.78,545.3,545.7502,324675,3930,543.42
2024-07-26T12:40:00.000,545.76,546.44,545.73,546.34,334379,3908,543.47
2024-07-26T12:45:00.000,546.35,546.5569,545.95,546.2,334789,4159,543.52
2024-07-26T12:50:00.000,546.22,546.75,546.12,546.53,275470,3530,543.56
2024-07-26T12:55:00.000,546.54,546.875,546.43,546.7305,374096,3582,543.61
2024-07-26T13:00:00.000,546.73,546.89,546.34,546.71,616612,4853,543.68
2024-07-26T13:05:00.000,546.7198,546.79,546.23,546.27,690849,4534,543.75
2024-07-26T13:10:00.000,546.28,546.74,546.28,546.42,340632,3704,543.79
2024-07-26T13:15:00.000,546.41,546.76,546.4046,546.62,281991,3283,543.83
2024-07-26T13:20:00.000,546.6601,546.73,546.5,546.69,249507,2750,543.86
2024-07-26T13:25:00.000,546.73,547.19,546.66,547.05,352607,3904,543.91
2024-07-26T13:30:00.000,547.05,547.13,545.81,545.92,547324,6101,543.97
2024-07-26T13:35:00.000,545.91,545.91,544.12,544.32,1440532,13046,544.03
2024-07-26T13:40:00.000,544.34,544.68,544.01,544.59,736550,6808,544.04
2024-07-26T13:45:00.000,544.59,545.42,544.35,544.6003,730843,6651,544.06
2024-07-26T13:50:00.000,544.61,545.02,544.23,544.97,419649,4500,544.07
2024-07-26T13:55:00.000,544.95,545.07,544.63,544.96,288421,3366,544.08
2024-07-26T14:00:00.000,544.94,545.33,544.79,544.9399,477189,3920,544.09
2024-07-26T14:05:00.000,544.91,545.26,544.67,545.2109,375972,2957,544.1
2024-07-26T14:10:00.000,545.22,545.46,545.03,545.07,271519,3046,544.11
2024-07-26T14:15:00.000,545.08,545.34,544.51,544.54,336276,3164,544.12
2024-07-26T14:20:00.000,544.52,544.87,544.36,544.85,392188,3538,544.13
2024-07-26T14:25:00.000,544.84,545.04,544.44,544.49,317699,3377,544.14
2024-07-26T14:30:00.000,544.51,544.776,544.27,544.7453,307284,3711,544.14
2024-07-26T14:35:00.000,544.7307,544.92,544.48,544.77,265332,3153,544.14
2024-07-26T14:40:00.000,544.79,544.8399,543.38,544.36,527284,5527,544.14
2024-07-26T14:45:00.000,544.35,544.46,543.845,544.29,308728,3164,544.14
2024-07-26T14:50:00.000,544.3,544.36,543.56,543.61,322376,3608,544.14
2024-07-26T14:55:00.000,543.64,543.99,543.49,543.57,276620,3174,544.14
2024-07-26T15:00:00.000,543.58,543.64,543.26,543.344,566501,4228,544.13
2024-07-26T15:05:00.000,543.34,543.83,543.03,543.8,469436,4747,544.12
2024-07-26T15:10:00.000,543.79,544.28,543.56,543.92,317708,3615,544.11
2024-07-26T15:15:00.000,543.9,544.07,543.4101,543.82,423691,4205,544.11
2024-07-26T15:20:00.000,543.81,544.49,543.7,544.45,391470,4194,544.11
2024-07-26T15:25:00.000,544.47,545.07,544.38,544.76,540269,5148,544.12
2024-07-26T15:30:00.000,544.75,544.76,542.93,543.1903,785923,8070,544.11
2024-07-26T15:35:00.000,543.18,543.56,543.01,543.48,715067,4880,544.1
2024-07-26T15:40:00.000,543.5,544.47,543.44,544.47,629146,6177,544.1
2024-07-26T15:45:00.000,544.45,544.72,544.0675,544.48,806685,7690,544.1
2024-07-26T15:50:00.000,544.51,544.84,543.0602,543.11,1622421,13472,544.09
2024-07-26T15:55:00.000,543.13,544.55,542.725,544.38,4322600,23945,544.07
2024-07-26T16:00:00.000,544.37,544.37,544.37,544.37,300,2,544.07
2024-07-27T09:30:00.000,0.0,0.0,0.0,0.0,0,0,0.0
2024-07-27T09:35:00.000,0.0,0.0,0.0,0.0,0,0,0.0
2024-07-27T09:40:00.000,0.0,0.0,0.0,0.0,0,0,0.0
2024-07-27T09:45:00.000,0.0,0.0,0.0,0.0,0,0,0.0
2024-07-27T09:50:00.000,0.0,0.0,0.0,0.0,0,0,0.0
2024-07-27T09:55:00.000,0.0,0.0,0.0,0.0,0,0,0.0
2024-07-27T10:00:00.000,0.0,0.0,0.0,0.0,0,0,0.0
2024-07-27T10:05:00.000,0.0,0.0,0.0,0.0,0,0,0.0
2024-07-27T10:10:00.000,0.0,0.0,0.0,0.0,0,0,0.0
2024-07-27T10:15:00.000,0.0,0.0,0.0,0.0,0,0,0.0
2024-07-27T10:20:00.000,0.0,0.0,0.0,0.0,0,0,0.0
2024-07-27T10:25:00.000,0.0,0.0,0.0,0.0,0,0,0.0
2024-07-27T10:30:00.000,0.0,0.0,0.0,0.0,0,0,0.0
2024-07-27T10:35:00.000,0.0,0.0,0.0,0.0,0,0,0.0
2024-07-27T10:40:00.000,0.0,0.0,0.0,0.0,0,0,0.0
2024-07-27T10:45:00.000,0.0,0.0,0.0,0.0,0,0,0.0
2024-07-27T10:50:00.000,0.0,0.0,0.0,0.0,0,0,0.0
2024-07-27T10:55:00.000,0.0,0.0,0.0,0.0,0,0,0.0
2024-07-27T11:00:00.000,0.0,0.0,0.0,0.0,0,0,0.0
2024-07-27T11:05:00.000,0.0,0.0,0.0,0.0,0,0,0.0
2024-07-27T11:10:00.000,0.0,0.0,0.0,0.0,0,0,0.0
2024-07-27T11:15:00.000,0.0,0.0,0.0,0.0,0,0,0.0
2024-07-27T11:20:00.000,0.0,0.0,0.0,0.0,0,0,0.0
2024-07-27T11:25:00.000,0.0,0.0,0.0,0.0,0,0,0.0
2024-07-27T11:30:00.000,0.0,0.0,0.0,0.0,0,0,0.0
2024-07-27T11:35:00.000,0.0,0.0,0.0,0.0,0,0,0.0
2024-07-27T11:40:00.000,0.0,0.0,0.0,0.0,0,0,0.0
2024-07-27T11:45:00.000,0.0,0.0,0.0,0.0,0,0,0.0
2024-07-27T11:50:00.000,0.0,0.0,0.0,0.0,0,0,0.0
2024-07-27T11:55:00.000,0.0,0.0,0.0,0.0,0,0,0.0
2024-07-27T12:00:00.000,0.0,0.0,0.0,0.0,0,0,0.0
2024-07-27T12:05:00.000,0.0,0.0,0.0,0.0,0,0,0.0
2024-07-27T12:10:00.000,0.0,0.0,0.0,0.0,0,0,0.0
2024-07-27T12:15:00.000,0.0,0.0,0.0,0.0,0,0,0.0
2024-07-27T12:20:00.000,0.0,0.0,0.0,0.0,0,0,0.0
2024-07-27T12:25:00.000,0.0,0.0,0.0,0.0,0,0,0.0
2024-07-27T12:30:00.000,0.0,0.0,0.0,0.0,0,0,0.0
2024-07-27T12:35:00.000,0.0,0.0,0.0,0.0,0,0,0.0
2024-07-27T12:40:00.000,0.0,0.0,0.0,0.0,0,0,0.0
2024-07-27T12:45:00.000,0.0,0.0,0.0,0.0,0,0,0.0
2024-07-27T12:50:00.000,0.0,0.0,0.0,0.0,0,0,0.0
2024-07-27T12:55:00.000,0.0,0.0,0.0,0.0,0,0,0.0
2024-07-27T13:00:00.000,0.0,0.0,0.0,0.0,0,0,0.0
2024-07-27T13:05:00.000,0.0,0.0,0.0,0.0,0,0,0.0
2024-07-27T13:10:00.000,0.0,0.0,0.0,0.0,0,0,0.0
2024-07-27T13:15:00.000,0.0,0.0,0.0,0.0,0,0,0.0
2024-07-27T13:20:00.000,0.0,0.0,0.0,0.0,0,0,0.0
2024-07-27T13:25:00.000,0.0,0.0,0.0,0.0,0,0,0.0
2024-07-27T13:30:00.000,0.0,0.0,0.0,0.0,0,0,0.0
2024-07-27T13:35:00.000,0.0,0.0,0.0,0.0,0,0,0.0
2024-07-27T13:40:00.000,0.0,0.0,0.0,0.0,0,0,0.0
2024-07-27T13:45:00.000,0.0,0.0,0.0,0.0,0,0,0.0
2024-07-27T13:50:00.000,0.0,0.0,0.0,0.0,0,0,0.0
2024-07-27T13:55:00.000,0.0,0.0,0.0,0.0,0,0,0.0
2024-07-27T14:00:00.000,0.0,0.0,0.0,0.0,0,0,0.0
2024-07-27T14:05:00.000,0.0,0.0,0.0,0.0,0,0,0.0
2024-07-27T14:10:00.000,0.0,0.0,0.0,0.0,0,0,0.0
2024-07-27T14:15:00.000,0.0,0.0,0.0,0.0,0,0,0.0
2024-07-27T14:20:00.000,0.0,0.0,0.0,0.0,0,0,0.0
2024-07-27T14:25:00.000,0.0,0.0,0.0,0.0,0,0,0.0
2024-07-27T14:30:00.000,0.0,0.0,0.0,0.0,0,0,0.0
2024-07-27T14:35:00.000,0.0,0.0,0.0,0.0,0,0,0.0
2024-07-27T14:40:00.000,0.0,0.0,0.0,0.0,0,0,0.0
2024-07-27T14:45:00.000,0.0,0.0,0.0,0.0,0,0,0.0
2024-07-27T14:50:00.000,0.0,0.0,0.0,0.0,0,0,0.0
2024-07-27T14:55:00.000,0.0,0.0,0.0,0.0,0,0,0.0
2024-07-27T15:00:00.000,0.0,0.0,0.0,0.0,0,0,0.0
2024-07-27T15:05:00.000,0.0,0.0,0.0,0.0,0,0,0.0
2024-07-27T15:10:00.000,0.0,0.0,0.0,0.0,0,0,0.0
2024-07-27T15:15:00.000,0.0,0.0,0.0,0.0,0,0,0.0
2024-07-27T15:20:00.000,0.0,0.0,0.0,0.0,0,0,0.0
2024-07-27T15:25:00.000,0.0,0.0,0.0,0.0,0,0,0.0
2024-07-27T15:30:00.000,0.0,0.0,0.0,0.0,0,0,0.0
2024-07-27T15:35:00.000,0.0,0.0,0.0,0.0,0,0,0.0
2024-07-27T15:40:00.000,0.0,0.0,0.0,0.0,0,0,0.0
2024-07-27T15:45:00.000,0.0,0.0,0.0,0.0,0,0,0.0
2024-07-27T15:50:00.000,0.0,0.0,0.0,0.0,0,0,0.0
2024-07-27T15:55:00.000,0.0,0.0,0.0,0.0,0,0,0.0
2024-07-27T16:00:00.000,0.0,0.0,0.0,0.0,0,0,0.0
2024-07-28T09:30:00.000,0.0,0.0,0.0,0.0,0,0,0.0
2024-07-28T09:35:00.000,0.0,0.0,0.0,0.0,0,0,0.0
2024-07-28T09:40:00.000,0.0,0.0,0.0,0.0,0,0,0.0
2024-07-28T09:45:00.000,0.0,0.0,0.0,0.0,0,0,0.0
2024-07-28T09:50:00.000,0.0,0.0,0.0,0.0,0,0,0.0
2024-07-28T09:55:00.000,0.0,0.0,0.0,0.0,0,0,0.0
2024-07-28T10:00:00.000,0.0,0.0,0.0,0.0,0,0,0.0
2024-07-28T10:05:00.000,0.0,0.0,0.0,0.0,0,0,0.0
2024-07-28T10:10:00.000,0.0,0.0,0.0,0.0,0,0,0.0
2024-07-28T10:15:00.000,0.0,0.0,0.0,0.0,0,0,0.0
2024-07-28T10:20:00.000,0.0,0.0,0.0,0.0,0,0,0.0
2024-07-28T10:25:00.000,0.0,0.0,0.0,0.0,0,0,0.0
2024-07-28T10:30:00.000,0.0,0.0,0.0,0.0,0,0,0.0
2024-07-28T10:35:00.000,0.0,0.0,0.0,0.0,0,0,0.0
2024-07-28T10:40:00.000,0.0,0.0,0.0,0.0,0,0,0.0
2024-07-28T10:45:00.000,0.0,0.0,0.0,0.0,0,0,0.0
2024-07-28T10:50:00.000,0.0,0.0,0.0,0.0,0,0,0.0
2024-07-28T10:55:00.000,0.0,0.0,0.0,0.0,0,0,0.0
2024-07-28T11:00:00.000,0.0,0.0,0.0,0.0,0,0,0.0
2024-07-28T11:05:00.000,0.0,0.0,0.0,0.0,0,0,0.0
2024-07-28T11:10:00.000,0.0,0.0,0.0,0.0,0,0,0.0
2024-07-28T11:15:00.000,0.0,0.0,0.0,0.0,0,0,0.0
2024-07-28T11:20:00.000,0.0,0.0,0.0,0.0,0,0,0.0
2024-07-28T11:25:00.000,0.0,0.0,0.0,0.0,0,0,0.0
2024-07-28T11:30:00.000,0.0,0.0,0.0,0.0,0,0,0.0
2024-07-28T11:35:00.000,0.0,0.0,0.0,0.0,0,0,0.0
2024-07-28T11:40:00.000,0.0,0.0,0.0,0.0,0,0,0.0
2024-07-28T11:45:00.000,0.0,0.0,0.0,0.0,0,0,0.0
2024-07-28T11:50:00.000,0.0,0.0,0.0,0.0,0,0,0.0
2024-07-28T11:55:00.000,0.0,0.0,0.0,0.0,0,0,0.0
2024-07-28T12:00:00.000,0.0,0.0,0.0,0.0,0,0,0.0
2024-07-28T12:05:00.000,0.0,0.0,0.0,0.0,0,0,0.0
2024-07-28T12:10:00.000,0.0,0.0,0.0,0.0,0,0,0.0
2024-07-28T12:15:00.000,0.0,0.0,0.0,0.0,0,0,0.0
2024-07-28T12:20:00.000,0.0,0.0,0.0,0.0,0,0,0.0
2024-07-28T12:25:00.000,0.0,0.0,0.0,0.0,0,0,0.0
2024-07-28T12:30:00.000,0.0,0.0,0.0,0.0,0,0,0.0
2024-07-28T12:35:00.000,0.0,0.0,0.0,0.0,0,0,0.0
2024-07-28T12:40:00.000,0.0,0.0,0.0,0.0,0,0,0.0
2024-07-28T12:45:00.000,0.0,0.0,0.0,0.0,0,0,0.0
2024-07-28T12:50:00.000,0.0,0.0,0.0,0.0,0,0,0.0
2024-07-28T12:55:00.000,0.0,0.0,0.0,0.0,0,0,0.0
2024-07-28T13:00:00.000,0.0,0.0,0.0,0.0,0,0,0.0
2024-07-28T13:05:00.000,0.0,0.0,0.0,0.0,0,0,0.0
2024-07-28T13:10:00.000,0.0,0.0,0.0,0.0,0,0,0.0
2024-07-28T13:15:00.000,0.0,0.0,0.0,0.0,0,0,0.0
2024-07-28T13:20:00.000,0.0,0.0,0.0,0.0,0,0,0.0
2024-07-28T13:25:00.000,0.0,0.0,0.0,0.0,0,0,0.0
2024-07-28T13:30:00.000,0.0,0.0,0.0,0.0,0,0,0.0
2024-07-28T13:35:00.000,0.0,0.0,0.0,0.0,0,0,0.0
2024-07-28T13:40:00.000,0.0,0.0,0.0,0.0,0,0,0.0
2024-07-28T13:45:00.000,0.0,0.0,0.0,0.0,0,0,0.0
2024-07-28T13:50:00.000,0.0,0.0,0.0,0.0,0,0,0.0
2024-07-28T13:55:00.000,0.0,0.0,0.0,0.0,0,0,0.0
2024-07-28T14:00:00.000,0.0,0.0,0.0,0.0,0,0,0.0
2024-07-28T14:05:00.000,0.0,0.0,0.0,0.0,0,0,0.0
2024-07-28T14:10:00.000,0.0,0.0,0.0,0.0,0,0,0.0
2024-07-28T14:15:00.000,0.0,0.0,0.0,0.0,0,0,0.0
2024-07-28T14:20:00.000,0.0,0.0,0.0,0.0,0,0,0.0
2024-07-28T14:25:00.000,0.0,0.0,0.0,0.0,0,0,0.0
2024-07-28T14:30:00.000,0.0,0.0,0.0,0.0,0,0,0.0
2024-07-28T14:35:00.000,0.0,0.0,0.0,0.0,0,0,0.0
2024-07-28T14:40:00.000,0.0,0.0,0.0,0.0,0,0,0.0
2024-07-28T14:45:00.000,0.0,0.0,0.0,0.0,0,0,0.0
2024-07-28T14:50:00.000,0.0,0.0,0.0,0.0,0,0,0.0
2024-07-28T14:55:00.000,0.0,0.0,0.0,0.0,0,0,0.0
2024-07-28T15:00:00.000,0.0,0.0,0.0,0.0,0,0,0.0
2024-07-28T15:05:00.000,0.0,0.0,0.0,0.0,0,0,0.0
2024-07-28T15:10:00.000,0.0,0.0,0.0,0.0,0,0,0.0
2024-07-28T15:15:00.000,0.0,0.0,0.0,0.0,0,0,0.0
2024-07-28T15:20:00.000,0.0,0.0,0.0,0.0,0,0,0.0
2024-07-28T15:25:00.000,0.0,0.0,0.0,0.0,0,0,0.0
2024-07-28T15:30:00.000,0.0,0.0,0.0,0.0,0,0,0.0
2024-07-28T15:35:00.000,0.0,0.0,0.0,0.0,0,0,0.0
2024-07-28T15:40:00.000,0.0,0.0,0.0,0.0,0,0,0.0
2024-07-28T15:45:00.000,0.0,0.0,0.0,0.0,0,0,0.0
2024-07-28T15:50:00.000,0.0,0.0,0.0,0.0,0,0,0.0
2024-07-28T15:55:00.000,0.0,0.0,0.0,0.0,0,0,0.0
2024-07-28T16:00:00.000,0.0,0.0,0.0,0.0,0,0,0.0
2024-07-29T09:30:00.000,546.02,546.25,544.79,544.99,1751866,16149,545.62
2024-07-29T09:35:00.000,544.98,545.91,544.75,545.71,679669,7380,545.52
2024-07-29T09:40:00.000,545.7,546.05,545.38,546.0,385586,4995,545.54
2024-07-29T09:45:00.000,546.0,546.48,545.695,545.91,567820,6319,545.64
2024-07-29T09:50:00.000,545.93,546.03,545.23,545.73,638304,5716,545.63
2024-07-29T09:55:00.000,545.73,546.65,545.63,546.63,416423,4573,545.68
2024-07-29T10:00:00.000,546.64,547.04,546.5,546.94,428821,5701,545.78
2024-07-29T10:05:00.000,546.95,547.04,546.04,546.15,951384,6079,545.84
2024-07-29T10:10:00.000,546.19,546.19,545.06,545.17,550132,6291,545.82
2024-07-29T10:15:00.000,545.2,545.77,544.91,545.46,344558,4757,545.8
2024-07-29T10:20:00.000,545.45,546.2621,545.39,545.98,262407,10936,545.8
2024-07-29T10:25:00.000,545.94,545.95,545.19,545.37,434454,10772,545.79
2024-07-29T10:30:00.000,545.39,545.5,544.4534,544.54,451182,12889,545.73
2024-07-29T10:35:00.000,544.55,545.2199,544.5032,545.1,441992,10906,545.67
2024-07-29T10:40:00.000,545.07,545.58,545.07,545.37,645345,5110,545.66
2024-07-29T10:45:00.000,545.39,545.65,544.53,544.6,674198,4596,545.64
2024-07-29T10:50:00.000,544.58,544.8,544.35,544.42,338318,4745,545.59
2024-07-29T10:55:00.000,544.42,544.85,544.28,544.35,605251,4065,545.55
2024-07-29T11:00:00.000,544.33,544.41,543.85,544.0599,288110,4588,545.51
2024-07-29T11:05:00.000,544.09,544.27,543.74,543.84,447448,3040,545.48
2024-07-29T11:10:00.000,543.85,544.03,543.38,543.7012,291440,3968,545.42
2024-07-29T11:15:00.000,543.71,543.77,543.35,543.5,263480,3269,545.37
2024-07-29T11:20:00.000,543.5103,543.94,543.47,543.7301,238997,3239,545.34
2024-07-29T11:25:00.000,543.7499,544.2698,543.72,544.15,286580,3519,545.3
2024-07-29T11:30:00.000,544.15,544.17,542.72,542.9899,517101,5186,545.2
2024-07-29T11:35:00.000,543.0,543.65,542.9625,543.47,269724,3490,545.16
2024-07-29T11:40:00.000,543.505,543.91,543.37,543.79,256224,3641,545.13
2024-07-29T11:45:00.000,543.78,545.0999,543.78,545.05,331209,4319,545.11
2024-07-29T11:50:00.000,545.07,545.3,544.93,545.115,455098,4933,545.11
2024-07-29T11:55:00.000,545.13,545.8,545.13,545.61,265424,3271,545.12
2024-07-29T12:00:00.000,545.615,546.02,545.615,545.895,250084,3187,545.13
2024-07-29T12:05:00.000,545.91,546.38,545.905,546.185,341694,3793,545.16
2024-07-29T12:10:00.000,546.19,546.61,546.06,546.58,238524,3126,545.18
2024-07-29T12:15:00.000,546.55,546.77,546.35,546.6401,261996,3507,545.21
2024-07-29T12:20:00.000,546.65,546.78,546.44,546.47,294505,3964,545.23
2024-07-29T12:25:00.000,546.45,546.4588,545.88,545.9963,361270,3945,545.25
2024-07-29T12:30:00.000,546.0,546.505,545.94,546.08,202402,2587,545.27
2024-07-29T12:35:00.000,546.08,546.48,546.07,546.33,123913,1909,545.28
2024-07-29T12:40:00.000,546.337,546.67,546.14,546.3,157962,2356,545.29
2024-07-29T12:45:00.000,546.32,546.59,546.25,546.47,106345,1691,545.3
2024-07-29T12:50:00.000,546.48,546.56,545.87,546.55,187469,2400,545.31
2024-07-29T12:55:00.000,546.4999,546.67,546.1,546.22,227001,2465,545.32
2024-07-29T13:00:00.000,546.21,546.4603,546.05,546.33,141216,1991,545.33
2024-07-29T13:05:00.000,546.33,546.4599,546.14,546.36,238788,2835,545.35
2024-07-29T13:10:00.000,546.31,547.05,546.3,546.6499,354135,3881,545.37
2024-07-29T13:15:00.000,546.65,546.8295,546.08,546.45,329067,3224,545.39
2024-07-29T13:20:00.000,546.4487,546.5099,546.0,546.16,165206,2152,545.4
2024-07-29T13:25:00.000,546.16,546.2,545.3,545.31,324459,3437,545.41
2024-07-29T13:30:00.000,545.32,545.505,544.97,545.29,343124,4659,545.41
2024-07-29T13:35:00.000,545.32,545.78,545.305,545.78,216244,3090,545.41
2024-07-29T13:40:00.000,545.79,545.99,545.48,545.55,216656,2754,545.41
2024-07-29T13:45:00.000,545.53,545.815,545.441,545.54,190962,2546,545.41
2024-07-29T13:50:00.000,545.54,545.7699,545.36,545.44,179183,2097,545.41
2024-07-29T13:55:00.000,545.46,545.72,545.3,545.4593,117595,2027,545.41
2024-07-29T14:00:00.000,545.47,545.49,544.96,545.16,283351,3469,545.41
2024-07-29T14:05:00.000,545.18,545.48,544.87,545.09,205746,3030,545.41
2024-07-29T14:10:00.000,545.09,545.325,544.87,545.1795,136051,2288,545.41
2024-07-29T14:15:00.000,545.15,545.1899,544.59,545.1295,308865,3645,545.4
2024-07-29T14:20:00.000,545.09,545.38,544.8698,544.96,121712,2223,545.4
2024-07-29T14:25:00.000,545.0,545.13,544.92,544.96,147448,2108,545.39
2024-07-29T14:30:00.000,544.94,545.0068,544.5,544.8978,239725,2883,545.39
2024-07-29T14:35:00.000,544.89,544.93,544.46,544.49,302971,2311,545.38
2024-07-29T14:40:00.000,544.49,545.18,544.49,544.85,214721,2775,545.37
2024-07-29T14:45:00.000,544.88,545.03,544.49,544.7,212910,2830,545.37
2024-07-29T14:50:00.000,544.74,544.8,544.485,544.64,192361,2378,545.36
2024-07-29T14:55:00.000,544.66,545.2499,544.63,545.14,241396,3096,545.36
2024-07-29T15:00:00.000,545.15,545.5686,544.82,545.41,446196,4454,545.35
2024-07-29T15:05:00.000,545.4341,545.645,545.07,545.16,279183,3115,545.35
2024-07-29T15:10:00.000,545.17,545.52,545.17,545.4,168532,2497,545.35
2024-07-29T15:15:00.000,545.39,545.4,545.01,545.245,262806,3566,545.35
2024-07-29T15:20:00.000,545.245,545.62,545.1,545.5099,235888,3091,545.35
2024-07-29T15:25:00.000,545.505,545.55,545.22,545.43,210564,2861,545.35
2024-07-29T15:30:00.000,545.43,545.6,545.3,545.56,264274,3600,545.35
2024-07-29T15:35:00.000,545.55,545.91,545.44,545.88,541500,4559,545.36
2024-07-29T15:40:00.000,545.87,546.04,545.73,545.93,483109,4973,545.37
2024-07-29T15:45:00.000,545.93,546.05,545.62,545.77,564623,6079,545.38
2024-07-29T15:50:00.000,545.78,545.99,545.07,545.185,1245126,10502,545.39
2024-07-29T15:55:00.000,545.18,545.34,544.52,544.76,3273065,17055,545.33
2024-07-29T16:00:00.000,0.0,0.0,0.0,0.0,0,0,545.33
2024-07-30T09:30:00.000,546.26,546.69,545.87,546.41,1570753,12856,546.24
2024-07-30T09:35:00.000,546.37,546.85,546.37,546.7801,562058,5496,546.34
2024-07-30T09:40:00.000,546.81,547.34,546.36,546.585,735955,7469,546.49
2024-07-30T09:45:00.000,546.59,546.64,546.18,546.455,545915,5642,546.48
2024-07-30T09:50:00.000,546.46,546.46,545.95,546.1,443546,5004,546.45
2024-07-30T09:55:00.000,546.105,546.33,545.74,546.25,386251,4368,546.41
2024-07-30T10:00:00.000,546.24,546.43,544.93,545.27,650343,7464,546.28
2024-07-30T10:05:00.000,545.27,546.19,545.22,545.79,460147,5561,546.24
2024-07-30T10:10:00.000,545.805,545.82,545.35,545.58,354678,6568,546.2
2024-07-30T10:15:00.000,545.6,545.98,545.03,545.36,389511,12022,546.16
2024-07-30T10:20:00.000,545.36,545.5,544.78,545.17,364276,12205,546.11
2024-07-30T10:25:00.000,545.18,545.369,544.84,544.96,364710,9510,546.08
2024-07-30T10:30:00.000,544.98,545.08,544.5,544.58,306914,6282,546.03
2024-07-30T10:35:00.000,544.59,544.67,543.89,544.4797,502621,5591,545.9
2024-07-30T10:40:00.000,544.48,544.61,544.04,544.45,350215,3778,545.83
2024-07-30T10:45:00.000,544.43,544.8699,544.34,544.45,309139,3617,545.79
2024-07-30T10:50:00.000,544.43,544.82,544.17,544.3798,180519,2982,545.76
2024-07-30T10:55:00.000,544.3901,544.58,543.68,543.85,284682,3477,545.71
2024-07-30T11:00:00.000,543.84,543.99,541.87,541.96,983086,9865,545.4
2024-07-30T11:05:00.000,541.99,542.02,541.2135,541.72,1201197,8789,545.1
2024-07-30T11:10:00.000,541.69,542.46,541.4699,541.8,658989,6981,544.92
2024-07-30T11:15:00.000,541.82,542.46,541.68,542.44,606068,6108,544.77
2024-07-30T11:20:00.000,542.425,542.6,542.05,542.5186,776794,4914,544.68
2024-07-30T11:25:00.000,542.5,542.63,542.12,542.14,418490,4082,544.6
2024-07-30T11:30:00.000,542.12,542.39,541.75,541.84,324905,3475,544.54
2024-07-30T11:35:00.000,541.8472,542.1094,541.07,541.135,402736,4816,544.45
2024-07-30T11:40:00.000,541.14,541.24,540.6,540.815,454771,5115,544.33
2024-07-30T11:45:00.000,540.79,541.11,540.59,540.78,876278,4089,544.22
2024-07-30T11:50:00.000,540.77,540.92,540.51,540.74,264309,3300,544.16
2024-07-30T11:55:00.000,540.75,540.89,540.44,540.53,337551,4102,544.08
2024-07-30T12:00:00.000,540.54,541.01,540.25,540.45,466685,5791,543.99
2024-07-30T12:05:00.000,540.445,541.27,540.29,541.1599,410150,4411,543.91
2024-07-30T12:10:00.000,541.16,541.25,540.69,540.8919,288561,3567,543.85
2024-07-30T12:15:00.000,540.89,540.965,540.46,540.85,359807,3670,543.78
2024-07-30T12:20:00.000,540.87,540.91,540.1,540.15,250434,3333,543.73
2024-07-30T12:25:00.000,540.16,540.8601,540.14,540.81,302402,3531,543.68
2024-07-30T12:30:00.000,540.81,540.8271,540.363,540.459,250184,3263,543.63
2024-07-30T12:35:00.000,540.47,541.15,540.23,541.0,339664,3798,543.57
2024-07-30T12:40:00.000,541.0,541.15,540.7,540.77,214892,2802,543.54
2024-07-30T12:45:00.000,540.77,540.8699,540.33,540.34,222643,3023,543.5
2024-07-30T12:50:00.000,540.33,540.6,539.27,539.38,532068,5823,543.43
2024-07-30T12:55:00.000,539.3996,539.5895,538.79,538.835,503504,5965,543.31
2024-07-30T13:00:00.000,538.87,539.29,538.515,539.12,521430,5552,543.19
2024-07-30T13:05:00.000,539.1,539.81,538.96,539.8,552189,5255,543.08
2024-07-30T13:10:00.000,539.79,540.13,539.52,540.06,321475,3949,543.03
2024-07-30T13:15:00.000,540.07,540.26,539.7335,540.16,396123,2907,543.0
2024-07-30T13:20:00.000,540.1698,540.6299,540.09,540.39,347187,3643,542.95
2024-07-30T13:25:00.000,540.38,540.5299,539.86,540.5126,257439,3076,542.92
2024-07-30T13:30:00.000,540.5,540.64,540.19,540.63,207605,3339,542.89
2024-07-30T13:35:00.000,540.62,541.42,540.43,541.22,361957,4452,542.86
2024-07-30T13:40:00.000,541.22,541.35,540.8401,541.32,304628,3388,542.84
2024-07-30T13:45:00.000,541.31,541.48,540.97,541.4401,255893,2959,542.82
2024-07-30T13:50:00.000,541.43,541.51,541.02,541.1401,302683,2415,542.81
2024-07-30T13:55:00.000,541.15,541.41,541.0799,541.32,151947,2182,542.8
2024-07-30T14:00:00.000,541.31,541.57,541.0559,541.245,561271,2450,542.79
2024-07-30T14:05:00.000,541.24,541.67,541.24,541.6,138603,2289,542.78
2024-07-30T14:10:00.000,541.59,541.9773,541.56,541.8173,177342,2482,542.77
2024-07-30T14:15:00.000,541.82,542.45,541.82,542.34,749816,3242,542.77
2024-07-30T14:20:00.000,542.32,542.66,541.9777,542.33,351998,4098,542.76
2024-07-30T14:25:00.000,542.325,542.3325,541.56,541.9351,247620,3362,542.75
2024-07-30T14:30:00.000,541.91,542.06,541.626,541.76,278781,3070,542.74
2024-07-30T14:35:00.000,541.76,542.22,541.7,542.14,326546,3695,542.73
2024-07-30T14:40:00.000,542.11,542.2,541.82,541.9323,384217,2595,542.72
2024-07-30T14:45:00.000,541.93,542.02,540.98,541.19,493627,5162,542.7
2024-07-30T14:50:00.000,541.19,541.58,541.13,541.37,339279,3338,542.68
2024-07-30T14:55:00.000,541.3799,541.4599,540.98,541.45,303758,3132,542.66
2024-07-30T15:00:00.000,541.44,541.44,540.77,541.08,264243,2970,542.65
2024-07-30T15:05:00.000,541.08,541.47,541.08,541.135,239598,2526,542.64
2024-07-30T15:10:00.000,541.15,541.4159,540.88,540.99,196316,2724,542.63
2024-07-30T15:15:00.000,540.97,541.67,540.97,541.6,324309,3809,542.61
2024-07-30T15:20:00.000,541.62,541.83,541.41,541.76,388222,4084,542.6
2024-07-30T15:25:00.000,541.73,541.95,541.4053,541.72,319934,3886,542.59
2024-07-30T15:30:00.000,541.71,541.725,541.3763,541.635,635916,4507,542.58
2024-07-30T15:35:00.000,541.635,541.81,541.2801,541.41,688744,5766,542.55
2024-07-30T15:40:00.000,541.435,542.05,541.25,542.05,992975,7104,542.52
2024-07-30T15:45:00.000,542.0597,543.655,541.83,543.33,1168554,10032,542.53
2024-07-30T15:50:00.000,543.33,543.54,542.6161,542.845,2054138,14742,542.57
2024-07-30T15:55:00.000,542.8402,543.37,541.68,541.91,3270213,20208,542.56
2024-07-30T16:00:00.000,541.92,541.92,541.92,541.92,374,3,542.56
2024-07-31T09:30:00.000,548.98,549.26,547.97,547.98,2381313,20138,548.64
2024-07-31T09:35:00.000,547.98,548.61,547.98,548.46,756952,8170,548.57
2024-07-31T09:40:00.000,548.48,549.15,547.5799,547.76,679102,7481,548.57
2024-07-31T09:45:00.000,547.76,548.62,547.76,548.38,605801,6707,548.51
2024-07-31T09:50:00.000,548.35,548.6984,548.06,548.5915,558939,6451,548.5
2024-07-31T09:55:00.000,548.58,548.84,548.13,548.74,479910,6130,548.5
2024-07-31T10:00:00.000,548.75,549.38,548.47,548.97,512938,6652,548.55
2024-07-31T10:05:00.000,548.95,549.65,548.95,549.64,385320,5534,548.6
2024-07-31T10:10:00.000,549.6486,550.0,549.47,549.82,457767,5997,548.67
2024-07-31T10:15:00.000,549.83,550.5301,549.76,550.49,536374,13750,548.78
2024-07-31T10:20:00.000,550.48,550.55,550.09,550.39,472013,11881,548.86
2024-07-31T10:25:00.000,550.386,550.42,549.96,550.3,382979,10622,548.92
2024-07-31T10:30:00.000,550.29,551.2,550.29,551.15,628697,12717,549.06
2024-07-31T10:35:00.000,551.15,551.28,550.92,551.21,398325,4877,549.15
2024-07-31T10:40:00.000,551.21,551.21,550.61,550.618,341347,4360,549.2
2024-07-31T10:45:00.000,550.63,550.96,550.4,550.5508,419916,4045,549.27
2024-07-31T10:50:00.000,550.565,550.57,549.62,549.73,628474,5883,549.31
2024-07-31T10:55:00.000,549.71,550.67,549.7,550.56,476321,4569,549.35
2024-07-31T11:00:00.000,550.56,550.77,550.3701,550.57,444842,4138,549.4
2024-07-31T11:05:00.000,550.565,550.92,550.45,550.73,258286,3123,549.43
2024-07-31T11:10:00.000,550.74,550.96,550.51,550.9578,243560,3017,549.45
2024-07-31T11:15:00.000,550.93,551.04,550.69,551.0075,212350,2659,549.48
2024-07-31T11:20:00.000,551.0,551.055,550.66,550.945,268894,2967,549.51
2024-07-31T11:25:00.000,550.96,551.23,550.9099,551.12,300307,3279,549.55
2024-07-31T11:30:00.000,551.12,551.71,551.06,551.41,506473,4650,549.62
2024-07-31T11:35:00.000,551.45,551.46,551.01,551.295,429986,3299,549.66
2024-07-31T11:40:00.000,551.31,551.49,551.01,551.265,280264,3085,549.69
2024-07-31T11:45:00.000,551.27,551.38,551.075,551.19,289798,3321,549.72
2024-07-31T11:50:00.000,551.2,551.21,550.61,550.71,314840,3633,549.74
2024-07-31T11:55:00.000,550.69,550.82,550.28,550.66,363002,3744,549.76
2024-07-31T12:00:00.000,550.685,551.1,550.58,550.62,280181,3261,549.78
2024-07-31T12:05:00.000,550.63,550.76,550.405,550.66,218579,2745,549.8
2024-07-31T12:10:00.000,550.68,550.99,550.54,550.97,155957,2579,549.8
2024-07-31T12:15:00.000,550.94,551.04,550.77,550.82,147897,2075,549.81
2024-07-31T12:20:00.000,550.82,551.0084,550.7,550.71,112329,1866,549.82
2024-07-31T12:25:00.000,550.71,550.73,550.3,550.5101,252304,2812,549.83
2024-07-31T12:30:00.000,550.5,550.77,550.325,550.6899,302070,2580,549.84
2024-07-31T12:35:00.000,550.66,550.67,550.34,550.48,248224,2797,549.84
2024-07-31T12:40:00.000,550.48,550.64,550.33,550.61,154405,1937,549.85
2024-07-31T12:45:00.000,550.59,550.84,550.56,550.78,258051,2200,549.86
2024-07-31T12:50:00.000,550.78,550.915,550.31,550.395,422599,2586,549.87
2024-07-31T12:55:00.000,550.4,550.58,550.1,550.17,228439,2988,549.88
2024-07-31T13:00:00.000,550.17,550.65,549.99,550.62,280531,2169,549.88
2024-07-31T13:05:00.000,550.63,550.97,550.57,550.61,411523,3115,549.9
2024-07-31T13:10:00.000,550.6,550.95,550.57,550.86,402728,2995,549.91
2024-07-31T13:15:00.000,550.84,550.95,550.64,550.86,438240,3412,549.92
2024-07-31T13:20:00.000,550.86,550.98,550.5199,550.52,518358,3869,549.94
2024-07-31T13:25:00.000,550.5,550.58,549.92,550.3386,374112,3892,549.95
2024-07-31T13:30:00.000,550.33,550.33,549.06,549.2,766312,5770,549.93
2024-07-31T13:35:00.000,549.21,549.65,549.19,549.45,473564,3888,549.92
2024-07-31T13:40:00.000,549.46,549.75,548.66,549.56,535833,5493,549.9
2024-07-31T13:45:00.000,549.56,550.01,549.46,549.99,255599,2781,549.9
2024-07-31T13:50:00.000,549.97,550.79,549.96,550.705,474150,4094,549.91
2024-07-31T13:55:00.000,550.7,550.7,550.03,550.29,352623,3259,549.92
2024-07-31T14:00:00.000,550.32,550.6,549.43,550.3,854492,8730,549.92
2024-07-31T14:05:00.000,550.31,551.1,550.28,550.535,389750,4461,549.93
2024-07-31T14:10:00.000,550.48,550.97,550.4401,550.8643,286645,2785,549.94
2024-07-31T14:15:00.000,550.87,551.28,550.69,551.2,309281,3113,549.95
2024-07-31T14:20:00.000,551.18,551.305,550.83,551.14,305906,3418,549.97
2024-07-31T14:25:00.000,551.13,551.23,550.85,550.955,403281,3042,549.98
2024-07-31T14:30:00.000,550.96,552.28,550.96,551.72,656430,5775,550.03
2024-07-31T14:35:00.000,551.73,551.83,550.48,551.35,743879,6712,550.06
2024-07-31T14:40:00.000,551.37,552.5,551.29,552.49,617479,5147,550.1
2024-07-31T14:45:00.000,552.5,553.2699,552.17,553.2,625934,6125,550.16
2024-07-31T14:50:00.000,553.21,553.5,552.76,553.0,1087105,7700,550.25
2024-07-31T14:55:00.000,552.98,553.24,552.57,553.06,894362,5566,550.31
2024-07-31T15:00:00.000,553.05,553.37,552.3,552.34,854511,7146,550.38
2024-07-31T15:05:00.000,552.32,552.82,552.17,552.275,934598,6191,550.43
2024-07-31T15:10:00.000,552.27,552.76,551.9,552.105,1003526,6154,550.47
2024-07-31T15:15:00.000,552.12,552.9065,550.61,550.74,1536056,9206,550.52
2024-07-31T15:20:00.000,550.7,551.73,550.22,550.24,1407274,9938,550.54
2024-07-31T15:25:00.000,550.26,550.64,549.23,549.68,1671657,10730,550.51
2024-07-31T15:30:00.000,549.66,550.56,549.28,550.23,1567785,11007,550.49
2024-07-31T15:35:00.000,550.29,551.315,550.26,550.85,1655582,10937,550.5
2024-07-31T15:40:00.000,550.8,552.21,550.76,551.98,1367937,10554,550.53
2024-07-31T15:45:00.000,551.95,552.2668,550.86,551.33,1892061,12577,550.57
2024-07-31T15:50:00.000,551.34,551.97,549.74,550.85,2525500,16798,550.57
2024-07-31T15:55:00.000,550.84,551.26,550.26,550.44,6128008,34291,550.59
2024-07-31T16:00:00.000,550.44,550.44,550.44,550.44,319,1,550.59
