timestamp,open,high,low,close,volume,count,vwap
2023-07-01T09:30:00.000,0.0,0.0,0.0,0.0,0,0,0.0
2023-07-01T09:35:00.000,0.0,0.0,0.0,0.0,0,0,0.0
2023-07-01T09:40:00.000,0.0,0.0,0.0,0.0,0,0,0.0
2023-07-01T09:45:00.000,0.0,0.0,0.0,0.0,0,0,0.0
2023-07-01T09:50:00.000,0.0,0.0,0.0,0.0,0,0,0.0
2023-07-01T09:55:00.000,0.0,0.0,0.0,0.0,0,0,0.0
2023-07-01T10:00:00.000,0.0,0.0,0.0,0.0,0,0,0.0
2023-07-01T10:05:00.000,0.0,0.0,0.0,0.0,0,0,0.0
2023-07-01T10:10:00.000,0.0,0.0,0.0,0.0,0,0,0.0
2023-07-01T10:15:00.000,0.0,0.0,0.0,0.0,0,0,0.0
2023-07-01T10:20:00.000,0.0,0.0,0.0,0.0,0,0,0.0
2023-07-01T10:25:00.000,0.0,0.0,0.0,0.0,0,0,0.0
2023-07-01T10:30:00.000,0.0,0.0,0.0,0.0,0,0,0.0
2023-07-01T10:35:00.000,0.0,0.0,0.0,0.0,0,0,0.0
2023-07-01T10:40:00.000,0.0,0.0,0.0,0.0,0,0,0.0
2023-07-01T10:45:00.000,0.0,0.0,0.0,0.0,0,0,0.0
2023-07-01T10:50:00.000,0.0,0.0,0.0,0.0,0,0,0.0
2023-07-01T10:55:00.000,0.0,0.0,0.0,0.0,0,0,0.0
2023-07-01T11:00:00.000,0.0,0.0,0.0,0.0,0,0,0.0
2023-07-01T11:05:00.000,0.0,0.0,0.0,0.0,0,0,0.0
2023-07-01T11:10:00.000,0.0,0.0,0.0,0.0,0,0,0.0
2023-07-01T11:15:00.000,0.0,0.0,0.0,0.0,0,0,0.0
2023-07-01T11:20:00.000,0.0,0.0,0.0,0.0,0,0,0.0
2023-07-01T11:25:00.000,0.0,0.0,0.0,0.0,0,0,0.0
2023-07-01T11:30:00.000,0.0,0.0,0.0,0.0,0,0,0.0
2023-07-01T11:35:00.000,0.0,0.0,0.0,0.0,0,0,0.0
2023-07-01T11:40:00.000,0.0,0.0,0.0,0.0,0,0,0.0
2023-07-01T11:45:00.000,0.0,0.0,0.0,0.0,0,0,0.0
2023-07-01T11:50:00.000,0.0,0.0,0.0,0.0,0,0,0.0
2023-07-01T11:55:00.000,0.0,0.0,0.0,0.0,0,0,0.0
2023-07-01T12:00:00.000,0.0,0.0,0.0,0.0,0,0,0.0
2023-07-01T12:05:00.000,0.0,0.0,0.0,0.0,0,0,0.0
2023-07-01T12:10:00.000,0.0,0.0,0.0,0.0,0,0,0.0
2023-07-01T12:15:00.000,0.0,0.0,0.0,0.0,0,0,0.0
2023-07-01T12:20:00.000,0.0,0.0,0.0,0.0,0,0,0.0
2023-07-01T12:25:00.000,0.0,0.0,0.0,0.0,0,0,0.0
2023-07-01T12:30:00.000,0.0,0.0,0.0,0.0,0,0,0.0
2023-07-01T12:35:00.000,0.0,0.0,0.0,0.0,0,0,0.0
2023-07-01T12:40:00.000,0.0,0.0,0.0,0.0,0,0,0.0
2023-07-01T12:45:00.000,0.0,0.0,0.0,0.0,0,0,0.0
2023-07-01T12:50:00.000,0.0,0.0,0.0,0.0,0,0,0.0
2023-07-01T12:55:00.000,0.0,0.0,0.0,0.0,0,0,0.0
2023-07-01T13:00:00.000,0.0,0.0,0.0,0.0,0,0,0.0
2023-07-01T13:05:00.000,0.0,0.0,0.0,0.0,0,0,0.0
2023-07-01T13:10:00.000,0.0,0.0,0.0,0.0,0,0,0.0
2023-07-01T13:15:00.000,0.0,0.0,0.0,0.0,0,0,0.0
2023-07-01T13:20:00.000,0.0,0.0,0.0,0.0,0,0,0.0
2023-07-01T13:25:00.000,0.0,0.0,0.0,0.0,0,0,0.0
2023-07-01T13:30:00.000,0.0,0.0,0.0,0.0,0,0,0.0
2023-07-01T13:35:00.000,0.0,0.0,0.0,0.0,0,0,0.0
2023-07-01T13:40:00.000,0.0,0.0,0.0,0.0,0,0,0.0
2023-07-01T13:45:00.000,0.0,0.0,0.0,0.0,0,0,0.0
2023-07-01T13:50:00.000,0.0,0.0,0.0,0.0,0,0,0.0
2023-07-01T13:55:00.000,0.0,0.0,0.0,0.0,0,0,0.0
2023-07-01T14:00:00.000,0.0,0.0,0.0,0.0,0,0,0.0
2023-07-01T14:05:00.000,0.0,0.0,0.0,0.0,0,0,0.0
2023-07-01T14:10:00.000,0.0,0.0,0.0,0.0,0,0,0.0
2023-07-01T14:15:00.000,0.0,0.0,0.0,0.0,0,0,0.0
2023-07-01T14:20:00.000,0.0,0.0,0.0,0.0,0,0,0.0
2023-07-01T14:25:00.000,0.0,0.0,0.0,0.0,0,0,0.0
2023-07-01T14:30:00.000,0.0,0.0,0.0,0.0,0,0,0.0
2023-07-01T14:35:00.000,0.0,0.0,0.0,0.0,0,0,0.0
2023-07-01T14:40:00.000,0.0,0.0,0.0,0.0,0,0,0.0
2023-07-01T14:45:00.000,0.0,0.0,0.0,0.0,0,0,0.0
2023-07-01T14:50:00.000,0.0,0.0,0.0,0.0,0,0,0.0
2023-07-01T14:55:00.000,0.0,0.0,0.0,0.0,0,0,0.0
2023-07-01T15:00:00.000,0.0,0.0,0.0,0.0,0,0,0.0
2023-07-01T15:05:00.000,0.0,0.0,0.0,0.0,0,0,0.0
2023-07-01T15:10:00.000,0.0,0.0,0.0,0.0,0,0,0.0
2023-07-01T15:15:00.000,0.0,0.0,0.0,0.0,0,0,0.0
2023-07-01T15:20:00.000,0.0,0.0,0.0,0.0,0,0,0.0
2023-07-01T15:25:00.000,0.0,0.0,0.0,0.0,0,0,0.0
2023-07-01T15:30:00.000,0.0,0.0,0.0,0.0,0,0,0.0
2023-07-01T15:35:00.000,0.0,0.0,0.0,0.0,0,0,0.0
2023-07-01T15:40:00.000,0.0,0.0,0.0,0.0,0,0,0.0
2023-07-01T15:45:00.000,0.0,0.0,0.0,0.0,0,0,0.0
2023-07-01T15:50:00.000,0.0,0.0,0.0,0.0,0,0,0.0
2023-07-01T15:55:00.000,0.0,0.0,0.0,0.0,0,0,0.0
2023-07-01T16:00:00.000,0.0,0.0,0.0,0.0,0,0,0.0
2023-07-02T09:30:00.000,0.0,0.0,0.0,0.0,0,0,0.0
2023-07-02T09:35:00.000,0.0,0.0,0.0,0.0,0,0,0.0
2023-07-02T09:40:00.000,0.0,0.0,0.0,0.0,0,0,0.0
2023-07-02T09:45:00.000,0.0,0.0,0.0,0.0,0,0,0.0
2023-07-02T09:50:00.000,0.0,0.0,0.0,0.0,0,0,0.0
2023-07-02T09:55:00.000,0.0,0.0,0.0,0.0,0,0,0.0
2023-07-02T10:00:00.000,0.0,0.0,0.0,0.0,0,0,0.0
2023-07-02T10:05:00.000,0.0,0.0,0.0,0.0,0,0,0.0
2023-07-02T10:10:00.000,0.0,0.0,0.0,0.0,0,0,0.0
2023-07-02T10:15:00.000,0.0,0.0,0.0,0.0,0,0,0.0
2023-07-02T10:20:00.000,0.0,0.0,0.0,0.0,0,0,0.0
2023-07-02T10:25:00.000,0.0,0.0,0.0,0.0,0,0,0.0
2023-07-02T10:30:00.000,0.0,0.0,0.0,0.0,0,0,0.0
2023-07-02T10:35:00.000,0.0,0.0,0.0,0.0,0,0,0.0
2023-07-02T10:40:00.000,0.0,0.0,0.0,0.0,0,0,0.0
2023-07-02T10:45:00.000,0.0,0.0,0.0,0.0,0,0,0.0
2023-07-02T10:50:00.000,0.0,0.0,0.0,0.0,0,0,0.0
2023-07-02T10:55:00.000,0.0,0.0,0.0,0.0,0,0,0.0
2023-07-02T11:00:00.000,0.0,0.0,0.0,0.0,0,0,0.0
2023-07-02T11:05:00.000,0.0,0.0,0.0,0.0,0,0,0.0
2023-07-02T11:10:00.000,0.0,0.0,0.0,0.0,0,0,0.0
2023-07-02T11:15:00.000,0.0,0.0,0.0,0.0,0,0,0.0
2023-07-02T11:20:00.000,0.0,0.0,0.0,0.0,0,0,0.0
2023-07-02T11:25:00.000,0.0,0.0,0.0,0.0,0,0,0.0
2023-07-02T11:30:00.000,0.0,0.0,0.0,0.0,0,0,0.0
2023-07-02T11:35:00.000,0.0,0.0,0.0,0.0,0,0,0.0
2023-07-02T11:40:00.000,0.0,0.0,0.0,0.0,0,0,0.0
2023-07-02T11:45:00.000,0.0,0.0,0.0,0.0,0,0,0.0
2023-07-02T11:50:00.000,0.0,0.0,0.0,0.0,0,0,0.0
2023-07-02T11:55:00.000,0.0,0.0,0.0,0.0,0,0,0.0
2023-07-02T12:00:00.000,0.0,0.0,0.0,0.0,0,0,0.0
2023-07-02T12:05:00.000,0.0,0.0,0.0,0.0,0,0,0.0
2023-07-02T12:10:00.000,0.0,0.0,0.0,0.0,0,0,0.0
2023-07-02T12:15:00.000,0.0,0.0,0.0,0.0,0,0,0.0
2023-07-02T12:20:00.000,0.0,0.0,0.0,0.0,0,0,0.0
2023-07-02T12:25:00.000,0.0,0.0,0.0,0.0,0,0,0.0
2023-07-02T12:30:00.000,0.0,0.0,0.0,0.0,0,0,0.0
2023-07-02T12:35:00.000,0.0,0.0,0.0,0.0,0,0,0.0
2023-07-02T12:40:00.000,0.0,0.0,0.0,0.0,0,0,0.0
2023-07-02T12:45:00.000,0.0,0.0,0.0,0.0,0,0,0.0
2023-07-02T12:50:00.000,0.0,0.0,0.0,0.0,0,0,0.0
2023-07-02T12:55:00.000,0.0,0.0,0.0,0.0,0,0,0.0
2023-07-02T13:00:00.000,0.0,0.0,0.0,0.0,0,0,0.0
2023-07-02T13:05:00.000,0.0,0.0,0.0,0.0,0,0,0.0
2023-07-02T13:10:00.000,0.0,0.0,0.0,0.0,0,0,0.0
2023-07-02T13:15:00.000,0.0,0.0,0.0,0.0,0,0,0.0
2023-07-02T13:20:00.000,0.0,0.0,0.0,0.0,0,0,0.0
2023-07-02T13:25:00.000,0.0,0.0,0.0,0.0,0,0,0.0
2023-07-02T13:30:00.000,0.0,0.0,0.0,0.0,0,0,0.0
2023-07-02T13:35:00.000,0.0,0.0,0.0,0.0,0,0,0.0
2023-07-02T13:40:00.000,0.0,0.0,0.0,0.0,0,0,0.0
2023-07-02T13:45:00.000,0.0,0.0,0.0,0.0,0,0,0.0
2023-07-02T13:50:00.000,0.0,0.0,0.0,0.0,0,0,0.0
2023-07-02T13:55:00.000,0.0,0.0,0.0,0.0,0,0,0.0
2023-07-02T14:00:00.000,0.0,0.0,0.0,0.0,0,0,0.0
2023-07-02T14:05:00.000,0.0,0.0,0.0,0.0,0,0,0.0
2023-07-02T14:10:00.000,0.0,0.0,0.0,0.0,0,0,0.0
2023-07-02T14:15:00.000,0.0,0.0,0.0,0.0,0,0,0.0
2023-07-02T14:20:00.000,0.0,0.0,0.0,0.0,0,0,0.0
2023-07-02T14:25:00.000,0.0,0.0,0.0,0.0,0,0,0.0
2023-07-02T14:30:00.000,0.0,0.0,0.0,0.0,0,0,0.0
2023-07-02T14:35:00.000,0.0,0.0,0.0,0.0,0,0,0.0
2023-07-02T14:40:00.000,0.0,0.0,0.0,0.0,0,0,0.0
2023-07-02T14:45:00.000,0.0,0.0,0.0,0.0,0,0,0.0
2023-07-02T14:50:00.000,0.0,0.0,0.0,0.0,0,0,0.0
2023-07-02T14:55:00.000,0.0,0.0,0.0,0.0,0,0,0.0
2023-07-02T15:00:00.000,0.0,0.0,0.0,0.0,0,0,0.0
2023-07-02T15:05:00.000,0.0,0.0,0.0,0.0,0,0,0.0
2023-07-02T15:10:00.000,0.0,0.0,0.0,0.0,0,0,0.0
2023-07-02T15:15:00.000,0.0,0.0,0.0,0.0,0,0,0.0
2023-07-02T15:20:00.000,0.0,0.0,0.0,0.0,0,0,0.0
2023-07-02T15:25:00.000,0.0,0.0,0.0,0.0,0,0,0.0
2023-07-02T15:30:00.000,0.0,0.0,0.0,0.0,0,0,0.0
2023-07-02T15:35:00.000,0.0,0.0,0.0,0.0,0,0,0.0
2023-07-02T15:40:00.000,0.0,0.0,0.0,0.0,0,0,0.0
2023-07-02T15:45:00.000,0.0,0.0,0.0,0.0,0,0,0.0
2023-07-02T15:50:00.000,0.0,0.0,0.0,0.0,0,0,0.0
2023-07-02T15:55:00.000,0.0,0.0,0.0,0.0,0,0,0.0
2023-07-02T16:00:00.000,0.0,0.0,0.0,0.0,0,0,0.0
2023-07-03T09:30:00.000,442.92,443.18,442.63,443.16,1978745,15255,442.84
2023-07-03T09:35:00.000,443.15,443.26,443.075,443.1,810806,8129,442.94
2023-07-03T09:40:00.000,443.11,443.41,442.95,443.409,810545,6016,442.98
2023-07-03T09:45:00.000,443.41,443.55,443.135,443.35,1538373,7938,443.06
2023-07-03T09:50:00.000,443.345,443.43,443.115,443.19,663696,6936,443.09
2023-07-03T09:55:00.000,443.19,443.49,443.13,443.46,672276,7161,443.12
2023-07-03T10:00:00.000,443.5,443.68,443.29,443.465,842474,9403,443.17
2023-07-03T10:05:00.000,443.46,443.64,443.37,443.63,430342,5042,443.2
2023-07-03T10:10:00.000,443.615,443.631,443.31,443.45,491819,5485,443.21
2023-07-03T10:15:00.000,443.44,443.52,443.25,443.31,910264,5069,443.23
2023-07-03T10:20:00.000,443.32,443.48,443.0899,443.4773,493281,5663,443.23
2023-07-03T10:25:00.000,443.4692,443.55,443.3614,443.4801,449190,5458,443.24
2023-07-03T10:30:00.000,443.49,443.57,443.25,443.4699,1081310,6409,443.25
2023-07-03T10:35:00.000,443.4695,443.52,443.185,443.24,725104,6792,443.26
2023-07-03T10:40:00.000,443.24,443.33,443.02,443.2299,1038808,6131,443.25
2023-07-03T10:45:00.000,443.22,443.29,443.1247,443.2801,348977,4596,443.25
2023-07-03T10:50:00.000,443.28,443.4,443.06,443.3918,423892,4610,443.25
2023-07-03T10:55:00.000,443.3909,443.455,443.11,443.2001,499019,4644,443.25
2023-07-03T11:00:00.000,443.21,443.4001,443.16,443.29,315797,3755,443.25
2023-07-03T11:05:00.000,443.2916,443.59,443.26,443.52,1070541,5375,443.26
2023-07-03T11:10:00.000,443.52,443.61,443.44,443.5701,340742,3794,443.27
2023-07-03T11:15:00.000,443.5724,443.6,443.361,443.44,384794,3989,443.28
2023-07-03T11:20:00.000,443.4317,443.555,443.375,443.55,263439,3294,443.28
2023-07-03T11:25:00.000,443.545,443.56,443.36,443.545,383881,3780,443.28
2023-07-03T11:30:00.000,443.55,443.61,443.4365,443.56,339141,4115,443.29
2023-07-03T11:35:00.000,443.55,443.64,443.46,443.59,510715,5281,443.3
2023-07-03T11:40:00.000,443.59,443.68,443.5,443.59,515770,5410,443.31
2023-07-03T11:45:00.000,443.59,443.67,443.51,443.6,929434,3362,443.31
2023-07-03T11:50:00.000,443.62,443.71,443.535,443.69,423381,4002,443.32
2023-07-03T11:55:00.000,443.6901,443.72,443.55,443.625,568201,4908,443.33
2023-07-03T12:00:00.000,443.6199,443.69,443.6,443.6301,591882,3425,443.34
2023-07-03T12:05:00.000,443.6311,443.68,443.55,443.609,291591,2962,443.34
2023-07-03T12:10:00.000,443.6,443.77,443.5795,443.735,473771,4033,443.35
2023-07-03T12:15:00.000,443.735,443.77,443.6,443.751,379725,3696,443.36
2023-07-03T12:20:00.000,443.755,443.86,443.7,443.83,411758,3771,443.37
2023-07-03T12:25:00.000,443.84,443.95,443.775,443.89,1069952,4758,443.38
2023-07-03T12:30:00.000,443.885,443.91,443.75,443.85,569776,5153,443.4
2023-07-03T12:35:00.000,443.85,443.9,443.81,443.855,606054,5443,443.41
2023-07-03T12:40:00.000,443.855,443.92,443.79,443.89,564079,5201,443.42
2023-07-03T12:45:00.000,443.89,443.95,443.765,443.94,1104363,5890,443.44
2023-07-03T12:50:00.000,443.94,444.08,443.71,443.92,1117053,9188,443.46
2023-07-03T12:55:00.000,443.92,444.08,443.78,443.89,2876853,17361,443.51
2023-07-03T13:00:00.000,443.895,443.92,443.79,443.83,1473992,1594,443.53
2023-07-03T13:05:00.000,0.0,0.0,0.0,0.0,206154,527,443.53
2023-07-03T13:10:00.000,0.0,0.0,0.0,0.0,78681,266,443.53
2023-07-03T13:15:00.000,0.0,0.0,0.0,0.0,49040,294,443.53
2023-07-03T13:20:00.000,0.0,0.0,0.0,0.0,70989,335,443.53
2023-07-03T13:25:00.000,0.0,0.0,0.0,0.0,21319,142,443.53
2023-07-03T13:30:00.000,0.0,0.0,0.0,0.0,17206,124,443.53
2023-07-03T13:35:00.000,0.0,0.0,0.0,0.0,20128,121,443.53
2023-07-03T13:40:00.000,0.0,0.0,0.0,0.0,9379,117,443.53
2023-07-03T13:45:00.000,0.0,0.0,0.0,0.0,9637,88,443.53
2023-07-03T13:50:00.000,0.0,0.0,0.0,0.0,7658,110,443.53
2023-07-03T13:55:00.000,0.0,0.0,0.0,0.0,14612,115,443.53
2023-07-03T14:00:00.000,0.0,0.0,0.0,0.0,23096,83,443.53
2023-07-03T14:05:00.000,0.0,0.0,0.0,0.0,31397,120,443.53
2023-07-03T14:10:00.000,0.0,0.0,0.0,0.0,4726,46,443.53
2023-07-03T14:15:00.000,0.0,0.0,0.0,0.0,248,49,443.53
2023-07-03T14:20:00.000,0.0,0.0,0.0,0.0,9866,51,443.53
2023-07-03T14:25:00.000,0.0,0.0,0.0,0.0,5504,74,443.53
2023-07-03T14:30:00.000,0.0,0.0,0.0,0.0,1828,60,443.53
2023-07-03T14:35:00.000,0.0,0.0,0.0,0.0,186,46,443.53
2023-07-03T14:40:00.000,0.0,0.0,0.0,0.0,142,45,443.53
2023-07-03T14:45:00.000,0.0,0.0,0.0,0.0,589,46,443.53
2023-07-03T14:50:00.000,0.0,0.0,0.0,0.0,763,46,443.53
2023-07-03T14:55:00.000,0.0,0.0,0.0,0.0,748,42,443.53
2023-07-03T15:00:00.000,0.0,0.0,0.0,0.0,229,25,443.53
2023-07-03T15:05:00.000,0.0,0.0,0.0,0.0,374,47,443.53
2023-07-03T15:10:00.000,0.0,0.0,0.0,0.0,2986,38,443.53
2023-07-03T15:15:00.000,0.0,0.0,0.0,0.0,208,40,443.53
2023-07-03T15:20:00.000,0.0,0.0,0.0,0.0,396,38,443.53
2023-07-03T15:25:00.000,0.0,0.0,0.0,0.0,68,31,443.53
2023-07-03T15:30:00.000,0.0,0.0,0.0,0.0,201,45,443.53
2023-07-03T15:35:00.000,0.0,0.0,0.0,0.0,1360,77,443.53
2023-07-03T15:40:00.000,0.0,0.0,0.0,0.0,8376,94,443.53
2023-07-03T15:45:00.000,0.0,0.0,0.0,0.0,1909,43,443.53
2023-07-03T15:50:00.000,0.0,0.0,0.0,0.0,226,37,443.53
2023-07-03T15:55:00.000,0.0,0.0,0.0,0.0,1370,57,443.53
2023-07-03T16:00:00.000,0.0,0.0,0.0,0.0,0,0,443.53
2023-07-04T09:30:00.000,0.0,0.0,0.0,0.0,0,0,0.0
2023-07-04T09:35:00.000,0.0,0.0,0.0,0.0,0,0,0.0
2023-07-04T09:40:00.000,0.0,0.0,0.0,0.0,0,0,0.0
2023-07-04T09:45:00.000,0.0,0.0,0.0,0.0,0,0,0.0
2023-07-04T09:50:00.000,0.0,0.0,0.0,0.0,0,0,0.0
2023-07-04T09:55:00.000,0.0,0.0,0.0,0.0,0,0,0.0
2023-07-04T10:00:00.000,0.0,0.0,0.0,0.0,0,0,0.0
2023-07-04T10:05:00.000,0.0,0.0,0.0,0.0,0,0,0.0
2023-07-04T10:10:00.000,0.0,0.0,0.0,0.0,0,0,0.0
2023-07-04T10:15:00.000,0.0,0.0,0.0,0.0,0,0,0.0
2023-07-04T10:20:00.000,0.0,0.0,0.0,0.0,0,0,0.0
2023-07-04T10:25:00.000,0.0,0.0,0.0,0.0,0,0,0.0
2023-07-04T10:30:00.000,0.0,0.0,0.0,0.0,0,0,0.0
2023-07-04T10:35:00.000,0.0,0.0,0.0,0.0,0,0,0.0
2023-07-04T10:40:00.000,0.0,0.0,0.0,0.0,0,0,0.0
2023-07-04T10:45:00.000,0.0,0.0,0.0,0.0,0,0,0.0
2023-07-04T10:50:00.000,0.0,0.0,0.0,0.0,0,0,0.0
2023-07-04T10:55:00.000,0.0,0.0,0.0,0.0,0,0,0.0
2023-07-04T11:00:00.000,0.0,0.0,0.0,0.0,0,0,0.0
2023-07-04T11:05:00.000,0.0,0.0,0.0,0.0,0,0,0.0
2023-07-04T11:10:00.000,0.0,0.0,0.0,0.0,0,0,0.0
2023-07-04T11:15:00.000,0.0,0.0,0.0,0.0,0,0,0.0
2023-07-04T11:20:00.000,0.0,0.0,0.0,0.0,0,0,0.0
2023-07-04T11:25:00.000,0.0,0.0,0.0,0.0,0,0,0.0
2023-07-04T11:30:00.000,0.0,0.0,0.0,0.0,0,0,0.0
2023-07-04T11:35:00.000,0.0,0.0,0.0,0.0,0,0,0.0
2023-07-04T11:40:00.000,0.0,0.0,0.0,0.0,0,0,0.0
2023-07-04T11:45:00.000,0.0,0.0,0.0,0.0,0,0,0.0
2023-07-04T11:50:00.000,0.0,0.0,0.0,0.0,0,0,0.0
2023-07-04T11:55:00.000,0.0,0.0,0.0,0.0,0,0,0.0
2023-07-04T12:00:00.000,0.0,0.0,0.0,0.0,0,0,0.0
2023-07-04T12:05:00.000,0.0,0.0,0.0,0.0,0,0,0.0
2023-07-04T12:10:00.000,0.0,0.0,0.0,0.0,0,0,0.0
2023-07-04T12:15:00.000,0.0,0.0,0.0,0.0,0,0,0.0
2023-07-04T12:20:00.000,0.0,0.0,0.0,0.0,0,0,0.0
2023-07-04T12:25:00.000,0.0,0.0,0.0,0.0,0,0,0.0
2023-07-04T12:30:00.000,0.0,0.0,0.0,0.0,0,0,0.0
2023-07-04T12:35:00.000,0.0,0.0,0.0,0.0,0,0,0.0
2023-07-04T12:40:00.000,0.0,0.0,0.0,0.0,0,0,0.0
2023-07-04T12:45:00.000,0.0,0.0,0.0,0.0,0,0,0.0
2023-07-04T12:50:00.000,0.0,0.0,0.0,0.0,0,0,0.0
2023-07-04T12:55:00.000,0.0,0.0,0.0,0.0,0,0,0.0
2023-07-04T13:00:00.000,0.0,0.0,0.0,0.0,0,0,0.0
2023-07-04T13:05:00.000,0.0,0.0,0.0,0.0,0,0,0.0
2023-07-04T13:10:00.000,0.0,0.0,0.0,0.0,0,0,0.0
2023-07-04T13:15:00.000,0.0,0.0,0.0,0.0,0,0,0.0
2023-07-04T13:20:00.000,0.0,0.0,0.0,0.0,0,0,0.0
2023-07-04T13:25:00.000,0.0,0.0,0.0,0.0,0,0,0.0
2023-07-04T13:30:00.000,0.0,0.0,0.0,0.0,0,0,0.0
2023-07-04T13:35:00.000,0.0,0.0,0.0,0.0,0,0,0.0
2023-07-04T13:40:00.000,0.0,0.0,0.0,0.0,0,0,0.0
2023-07-04T13:45:00.000,0.0,0.0,0.0,0.0,0,0,0.0
2023-07-04T13:50:00.000,0.0,0.0,0.0,0.0,0,0,0.0
2023-07-04T13:55:00.000,0.0,0.0,0.0,0.0,0,0,0.0
2023-07-04T14:00:00.000,0.0,0.0,0.0,0.0,0,0,0.0
2023-07-04T14:05:00.000,0.0,0.0,0.0,0.0,0,0,0.0
2023-07-04T14:10:00.000,0.0,0.0,0.0,0.0,0,0,0.0
2023-07-04T14:15:00.000,0.0,0.0,0.0,0.0,0,0,0.0
2023-07-04T14:20:00.000,0.0,0.0,0.0,0.0,0,0,0.0
2023-07-04T14:25:00.000,0.0,0.0,0.0,0.0,0,0,0.0
2023-07-04T14:30:00.000,0.0,0.0,0.0,0.0,0,0,0.0
2023-07-04T14:35:00.000,0.0,0.0,0.0,0.0,0,0,0.0
2023-07-04T14:40:00.000,0.0,0.0,0.0,0.0,0,0,0.0
2023-07-04T14:45:00.000,0.0,0.0,0.0,0.0,0,0,0.0
2023-07-04T14:50:00.000,0.0,0.0,0.0,0.0,0,0,0.0
2023-07-04T14:55:00.000,0.0,0.0,0.0,0.0,0,0,0.0
2023-07-04T15:00:00.000,0.0,0.0,0.0,0.0,0,0,0.0
2023-07-04T15:05:00.000,0.0,0.0,0.0,0.0,0,0,0.0
2023-07-04T15:10:00.000,0.0,0.0,0.0,0.0,0,0,0.0
2023-07-04T15:15:00.000,0.0,0.0,0.0,0.0,0,0,0.0
2023-07-04T15:20:00.000,0.0,0.0,0.0,0.0,0,0,0.0
2023-07-04T15:25:00.000,0.0,0.0,0.0,0.0,0,0,0.0
2023-07-04T15:30:00.000,0.0,0.0,0.0,0.0,0,0,0.0
2023-07-04T15:35:00.000,0.0,0.0,0.0,0.0,0,0,0.0
2023-07-04T15:40:00.000,0.0,0.0,0.0,0.0,0,0,0.0
2023-07-04T15:45:00.000,0.0,0.0,0.0,0.0,0,0,0.0
2023-07-04T15:50:00.000,0.0,0.0,0.0,0.0,0,0,0.0
2023-07-04T15:55:00.000,0.0,0.0,0.0,0.0,0,0,0.0
2023-07-04T16:00:00.000,0.0,0.0,0.0,0.0,0,0,0.0
2023-07-05T09:30:00.000,441.91,442.53,441.9,442.41,1518906,14653,442.22
2023-07-05T09:35:00.000,442.41,442.665,442.29,442.6201,776414,8931,442.31
2023-07-05T09:40:00.000,442.63,443.17,442.56,443.1201,1020203,10625,442.49
2023-07-05T09:45:00.000,443.13,443.27,442.81,443.13,1036989,10393,442.62
2023-07-05T09:50:00.000,443.13,443.3197,443.1,443.25,561303,6766,442.69
2023-07-05T09:55:00.000,443.25,443.32,443.1,443.22,475845,5689,442.73
2023-07-05T10:00:00.000,443.23,443.44,443.01,443.195,603960,6885,442.78
2023-07-05T10:05:00.000,443.18,443.45,443.12,443.171,652171,6307,442.82
2023-07-05T10:10:00.000,443.17,443.31,442.93,443.269,788341,6985,442.86
2023-07-05T10:15:00.000,443.27,443.575,443.26,443.48,556132,6974,442.9
2023-07-05T10:20:00.000,443.47,443.61,443.37,443.47,562482,6726,442.94
2023-07-05T10:25:00.000,443.48,443.625,443.341,443.47,582053,6633,442.97
2023-07-05T10:30:00.000,443.48,443.69,443.48,443.6,532643,6409,443.01
2023-07-05T10:35:00.000,443.6,443.83,443.6,443.69,651448,6931,443.05
2023-07-05T10:40:00.000,443.7,443.78,443.47,443.535,1369270,6353,443.09
2023-07-05T10:45:00.000,443.55,443.605,443.1401,443.38,670991,5946,443.11
2023-07-05T10:50:00.000,443.37,443.505,443.36,443.485,404013,4411,443.12
2023-07-05T10:55:00.000,443.48,443.81,443.4601,443.79,457828,4460,443.14
2023-07-05T11:00:00.000,443.795,443.86,443.62,443.685,606187,5332,443.17
2023-07-05T11:05:00.000,443.688,443.889,443.67,443.715,805499,5131,443.19
2023-07-05T11:10:00.000,443.71,443.84,443.58,443.7421,497116,5338,443.21
2023-07-05T11:15:00.000,443.745,443.775,443.4,443.5399,1238509,6624,443.23
2023-07-05T11:20:00.000,443.54,443.66,443.37,443.55,445114,4342,443.24
2023-07-05T11:25:00.000,443.545,443.6801,443.475,443.57,364262,3930,443.24
2023-07-05T11:30:00.000,443.56,443.8,443.53,443.74,700920,4619,443.26
2023-07-05T11:35:00.000,443.74,443.755,443.5,443.57,407580,3977,443.26
2023-07-05T11:40:00.000,443.56,443.745,443.52,443.745,307718,3024,443.27
2023-07-05T11:45:00.000,443.7401,443.81,443.59,443.65,522719,3090,443.28
2023-07-05T11:50:00.000,443.66,443.6601,443.43,443.5,271857,3034,443.28
2023-07-05T11:55:00.000,443.49,443.53,443.16,443.29,501500,4772,443.28
2023-07-05T12:00:00.000,443.295,443.335,443.07,443.2986,828266,5471,443.28
2023-07-05T12:05:00.000,443.3,443.3701,443.23,443.31,838833,3541,443.28
2023-07-05T12:10:00.000,443.32,443.3399,443.08,443.205,278799,3170,443.28
2023-07-05T12:15:00.000,443.2026,443.36,443.16,443.25,461368,4227,443.28
2023-07-05T12:20:00.000,443.26,443.26,443.02,443.2189,1686162,3613,443.27
2023-07-05T12:25:00.000,443.22,443.29,443.21,443.24,256571,2809,443.27
2023-07-05T12:30:00.000,443.2514,443.36,442.97,443.0383,1278841,4973,443.27
2023-07-05T12:35:00.000,443.0374,443.14,442.73,442.95,1500425,6516,443.26
2023-07-05T12:40:00.000,442.94,443.015,442.87,442.9,621776,4006,443.25
2023-07-05T12:45:00.000,442.91,443.04,442.7974,443.02,889026,4111,443.25
2023-07-05T12:50:00.000,443.013,443.12,442.88,442.965,493668,5160,443.24
2023-07-05T12:55:00.000,442.965,443.2317,442.965,443.17,371275,3406,443.24
2023-07-05T13:00:00.000,443.16,443.28,443.14,443.255,579346,3346,443.24
2023-07-05T13:05:00.000,443.26,443.29,443.17,443.22,283565,3153,443.24
2023-07-05T13:10:00.000,443.23,443.23,443.01,443.12,275025,3065,443.24
2023-07-05T13:15:00.000,443.115,443.1666,443.05,443.16,198516,2639,443.24
2023-07-05T13:20:00.000,443.16,443.39,443.15,443.335,798272,2911,443.24
2023-07-05T13:25:00.000,443.3408,443.3408,443.06,443.1699,423329,4365,443.23
2023-07-05T13:30:00.000,443.17,443.185,443.04,443.0892,229168,3141,443.23
2023-07-05T13:35:00.000,443.085,443.17,442.99,443.1501,453177,2264,443.23
2023-07-05T13:40:00.000,443.16,443.23,443.1,443.1623,206594,2373,443.23
2023-07-05T13:45:00.000,443.16,443.35,443.135,443.33,189121,2289,443.23
2023-07-05T13:50:00.000,443.34,443.36,443.24,443.28,491647,2460,443.23
2023-07-05T13:55:00.000,443.275,443.35,443.2,443.2801,225557,2359,443.23
2023-07-05T14:00:00.000,443.2999,443.605,443.16,443.26,599574,6060,443.24
2023-07-05T14:05:00.000,443.26,443.5,443.08,443.35,581005,5701,443.24
2023-07-05T14:10:00.000,443.36,443.38,443.2,443.21,434221,4394,443.24
2023-07-05T14:15:00.000,443.21,443.21,442.53,442.6593,1180365,8235,443.22
2023-07-05T14:20:00.000,442.66,442.6973,442.31,442.47,678202,6454,443.21
2023-07-05T14:25:00.000,442.432,442.82,442.41,442.72,463495,4363,443.2
2023-07-05T14:30:00.000,442.72,442.9,442.715,442.89,397227,3586,443.19
2023-07-05T14:35:00.000,442.87,443.18,442.7501,443.13,501448,4044,443.19
2023-07-05T14:40:00.000,443.15,443.33,443.12,443.2878,388113,3832,443.19
2023-07-05T14:45:00.000,443.275,443.45,443.26,443.4,676658,3785,443.19
2023-07-05T14:50:00.000,443.4,443.525,443.36,443.4207,375937,3654,443.2
2023-07-05T14:55:00.000,443.43,443.53,443.24,443.5,445254,3914,443.2
2023-07-05T15:00:00.000,443.5,443.55,443.44,443.525,342761,3540,443.2
2023-07-05T15:05:00.000,443.53,443.73,443.49,443.54,520532,4949,443.21
2023-07-05T15:10:00.000,443.54,443.68,443.4701,443.67,390313,3637,443.21
2023-07-05T15:15:00.000,443.67,443.69,443.555,443.6,497124,3973,443.22
2023-07-05T15:20:00.000,443.6,443.68,443.5195,443.63,478852,4437,443.22
2023-07-05T15:25:00.000,443.63,443.76,443.6,443.72,724355,4386,443.23
2023-07-05T15:30:00.000,443.71,443.7599,443.58,443.62,538000,5184,443.24
2023-07-05T15:35:00.000,443.62,443.66,443.42,443.5,608135,5672,443.24
2023-07-05T15:40:00.000,443.51,443.68,443.43,443.4301,827058,6330,443.25
2023-07-05T15:45:00.000,443.435,443.605,443.29,443.59,1197130,7796,443.25
2023-07-05T15:50:00.000,443.59,443.59,443.24,443.25,1345226,9721,443.26
2023-07-05T15:55:00.000,443.255,443.36,443.09,443.14,2266232,15704,443.26
2023-07-05T16:00:00.000,443.14,443.14,443.13,443.135,1008,5,443.26
2023-07-06T09:30:00.000,439.42,439.62,438.56,438.81,3720041,26144,439.23
2023-07-06T09:35:00.000,438.815,439.08,438.61,438.97,1665033,15366,439.07
2023-07-06T09:40:00.000,438.95,439.05,438.56,438.63,950981,9011,439.02
2023-07-06T09:45:00.000,438.62,439.0687,438.32,438.82,1341934,12725,438.97
2023-07-06T09:50:00.000,438.805,438.908,438.22,438.24,883417,8993,438.93
2023-07-06T09:55:00.000,438.24,438.51,438.04,438.49,1392608,12466,438.82
2023-07-06T10:00:00.000,438.51,438.53,437.829,437.85,1797594,16956,438.69
2023-07-06T10:05:00.000,437.83,437.97,437.5,437.67,2073787,13360,438.57
2023-07-06T10:10:00.000,437.66,438.14,437.47,438.04,1810221,11947,438.5
2023-07-06T10:15:00.000,438.04,438.16,437.59,437.69,1424866,12909,438.44
2023-07-06T10:20:00.000,437.6801,437.78,437.45,437.57,1002274,9682,438.39
2023-07-06T10:25:00.000,437.58,437.76,437.48,437.72,1158793,9550,438.34
2023-07-06T10:30:00.000,437.73,437.85,437.45,437.6199,1676285,12401,438.29
2023-07-06T10:35:00.000,437.61,437.78,437.25,437.5181,976801,9110,438.25
2023-07-06T10:40:00.000,437.49,437.61,437.295,437.6,933253,8474,438.21
2023-07-06T10:45:00.000,437.5791,437.7,437.38,437.58,802930,5671,438.2
2023-07-06T10:50:00.000,437.57,437.64,437.24,437.44,699518,6219,438.18
2023-07-06T10:55:00.000,437.44,437.45,437.13,437.2,633674,6162,438.15
2023-07-06T11:00:00.000,437.2,437.56,437.2,437.5501,592350,6389,438.13
2023-07-06T11:05:00.000,437.56,437.6496,437.26,437.32,670067,6483,438.11
2023-07-06T11:10:00.000,437.34,437.38,437.12,437.155,850711,7852,438.08
2023-07-06T11:15:00.000,437.1588,437.3,437.1,437.13,758474,6807,438.06
2023-07-06T11:20:00.000,437.1299,437.31,437.06,437.2128,668078,6225,438.04
2023-07-06T11:25:00.000,437.21,437.49,437.06,437.35,842119,7012,438.01
2023-07-06T11:30:00.000,437.33,437.79,437.33,437.67,919382,8607,438.0
2023-07-06T11:35:00.000,437.69,437.9,437.65,437.73,895300,5645,437.99
2023-07-06T11:40:00.000,437.735,437.91,437.72,437.82,552708,5205,437.99
2023-07-06T11:45:00.000,437.825,438.2,437.66,438.0899,1160254,10020,437.99
2023-07-06T11:50:00.000,438.09,438.11,437.84,437.96,526804,5290,437.99
2023-07-06T11:55:00.000,437.96,438.22,437.8401,438.1,734551,6008,437.99
2023-07-06T12:00:00.000,438.115,438.38,438.105,438.3,561825,5355,438.0
2023-07-06T12:05:00.000,438.3,438.65,438.3,438.55,1374172,6375,438.01
2023-07-06T12:10:00.000,438.55,438.59,438.24,438.32,667519,6099,438.01
2023-07-06T12:15:00.000,438.32,438.6,438.315,438.53,431661,4272,438.02
2023-07-06T12:20:00.000,438.54,438.6,438.36,438.53,819402,4720,438.03
2023-07-06T12:25:00.000,438.53,438.825,438.51,438.81,584657,5795,438.04
2023-07-06T12:30:00.000,438.81,439.03,438.78,438.901,1294435,6106,438.05
2023-07-06T12:35:00.000,438.9024,439.03,438.685,438.8,1037567,6567,438.07
2023-07-06T12:40:00.000,438.79,438.96,438.79,438.8279,422913,4135,438.08
2023-07-06T12:45:00.000,438.83,438.99,438.7605,438.96,450668,4010,438.09
2023-07-06T12:50:00.000,438.969,439.05,438.95,439.01,622130,3763,438.1
2023-07-06T12:55:00.000,439.01,439.24,438.995,439.19,595222,5491,438.11
2023-07-06T13:00:00.000,439.19,439.28,439.09,439.2301,415016,4184,438.13
2023-07-06T13:05:00.000,439.24,439.45,439.2,439.26,612609,5755,438.14
2023-07-06T13:10:00.000,439.26,439.49,439.245,439.38,509768,4589,438.16
2023-07-06T13:15:00.000,439.39,439.45,439.315,439.42,531915,4679,438.18
2023-07-06T13:20:00.000,439.42,439.54,439.41,439.54,569246,4679,438.19
2023-07-06T13:25:00.000,439.54,439.55,439.18,439.2799,1546259,6536,438.22
2023-07-06T13:30:00.000,439.27,439.29,438.995,439.1499,856773,5834,438.23
2023-07-06T13:35:00.000,439.14,439.4647,439.12,439.46,410755,3718,438.24
2023-07-06T13:40:00.000,439.465,439.63,439.39,439.56,611983,5732,438.26
2023-07-06T13:45:00.000,439.555,439.59,439.34,439.59,735284,4104,438.27
2023-07-06T13:50:00.000,439.585,439.6,439.34,439.34,339057,3310,438.28
2023-07-06T13:55:00.000,439.35,439.76,439.33,439.72,685644,6060,438.3
2023-07-06T14:00:00.000,439.73,439.755,439.47,439.505,692472,5380,438.32
2023-07-06T14:05:00.000,439.508,439.76,439.5,439.65,288081,3004,438.33
2023-07-06T14:10:00.000,439.65,439.68,439.35,439.35,391407,3562,438.34
2023-07-06T14:15:00.000,439.36,439.54,439.31,439.46,365622,3424,438.35
2023-07-06T14:20:00.000,439.461,439.49,439.24,439.4771,350547,3301,438.35
2023-07-06T14:25:00.000,439.48,439.485,439.27,439.3,257839,2718,438.36
2023-07-06T14:30:00.000,439.29,439.62,439.275,439.61,442102,3647,438.37
2023-07-06T14:35:00.000,439.621,439.7399,439.49,439.71,346664,3337,438.38
2023-07-06T14:40:00.000,439.72,439.89,439.54,439.8816,453383,4133,438.39
2023-07-06T14:45:00.000,439.88,440.04,439.77,439.99,725098,5189,438.41
2023-07-06T14:50:00.000,439.9907,440.035,439.83,439.99,437766,4084,438.43
2023-07-06T14:55:00.000,439.981,440.1,439.96,440.04,512018,4105,438.44
2023-07-06T15:00:00.000,440.04,440.08,439.89,439.9973,576826,4558,438.46
2023-07-06T15:05:00.000,439.995,440.04,439.855,439.885,510051,4056,438.47
2023-07-06T15:10:00.000,439.885,439.9,439.635,439.64,523231,4331,438.49
2023-07-06T15:15:00.000,439.635,439.79,439.5832,439.7474,572500,4383,438.5
2023-07-06T15:20:00.000,439.741,439.9484,439.705,439.8627,528566,4585,438.51
2023-07-06T15:25:00.000,439.87,439.94,439.6936,439.75,384556,3732,438.52
2023-07-06T15:30:00.000,439.75,439.76,439.55,439.67,638287,5432,438.54
2023-07-06T15:35:00.000,439.67,439.82,439.49,439.6,941964,7454,438.55
2023-07-06T15:40:00.000,439.59,439.68,439.49,439.62,839786,6066,438.57
2023-07-06T15:45:00.000,439.61,439.7799,439.47,439.775,1213410,8086,438.59
2023-07-06T15:50:00.000,439.77,439.99,439.5,439.53,2515286,16512,438.64
2023-07-06T15:55:00.000,439.53,439.99,439.53,439.67,4024594,22471,438.72
2023-07-06T16:00:00.000,439.68,439.68,439.68,439.68,110,1,438.72
2023-07-07T09:30:00.000,438.63,439.69,438.47,439.4,1685786,15626,439.08
2023-07-07T09:35:00.000,439.4,439.51,438.78,439.07,1077926,9277,439.11
2023-07-07T09:40:00.000,439.07,439.395,438.9,439.17,611330,5836,439.12
2023-07-07T09:45:00.000,439.16,439.83,439.15,439.81,846817,8366,439.21
2023-07-07T09:50:00.000,439.8109,440.2,439.75,439.8899,836492,8786,439.34
2023-07-07T09:55:00.000,439.88,440.18,439.82,440.16,496593,5979,439.4
2023-07-07T10:00:00.000,440.16,440.25,439.85,440.08,712354,7161,439.48
2023-07-07T10:05:00.000,440.07,440.11,439.75,439.895,539528,6130,439.52
2023-07-07T10:10:00.000,439.905,440.155,439.77,440.035,554076,5904,439.56
2023-07-07T10:15:00.000,440.035,440.085,439.29,439.7791,915926,8800,439.56
2023-07-07T10:20:00.000,439.77,439.81,439.535,439.76,457746,5198,439.57
2023-07-07T10:25:00.000,439.77,439.78,439.46,439.4719,466522,5228,439.57
2023-07-07T10:30:00.000,439.475,439.55,438.82,438.965,905947,8950,439.54
2023-07-07T10:35:00.000,438.95,439.59,438.9,439.36,589152,5819,439.52
2023-07-07T10:40:00.000,439.345,439.69,439.3024,439.47,394885,4207,439.52
2023-07-07T10:45:00.000,439.47,439.77,439.435,439.6317,550851,4913,439.53
2023-07-07T10:50:00.000,439.63,439.86,439.55,439.845,378754,3549,439.53
2023-07-07T10:55:00.000,439.845,439.94,439.5701,439.87,428443,4093,439.54
2023-07-07T11:00:00.000,439.86,440.09,439.83,440.06,436877,4207,439.56
2023-07-07T11:05:00.000,440.08,440.14,439.85,439.9499,454302,4110,439.57
2023-07-07T11:10:00.000,439.94,440.0202,439.81,439.84,273808,2860,439.58
2023-07-07T11:15:00.000,439.84,439.95,439.69,439.855,348641,2959,439.58
2023-07-07T11:20:00.000,439.8491,440.05,439.8,440.01,313296,3262,439.59
2023-07-07T11:25:00.000,440.0193,440.05,439.93,439.9309,313287,3282,439.6
2023-07-07T11:30:00.000,439.96,440.15,439.96,440.12,474257,4899,439.62
2023-07-07T11:35:00.000,440.12,440.31,440.07,440.2,530337,4693,439.63
2023-07-07T11:40:00.000,440.191,440.27,440.01,440.1132,440537,4008,439.65
2023-07-07T11:45:00.000,440.12,440.24,440.085,440.19,394176,3467,439.66
2023-07-07T11:50:00.000,440.19,440.245,439.8913,440.04,366641,3667,439.67
2023-07-07T11:55:00.000,440.049,440.4,440.02,440.37,487110,4412,439.69
2023-07-07T12:00:00.000,440.38,440.67,440.36,440.63,1051129,7022,439.73
2023-07-07T12:05:00.000,440.619,440.78,440.58,440.72,639709,5256,439.76
2023-07-07T12:10:00.000,440.71,440.8856,440.63,440.86,466589,4254,439.78
2023-07-07T12:15:00.000,440.87,441.01,440.79,440.9696,604776,5082,439.82
2023-07-07T12:20:00.000,440.96,441.04,440.78,441.03,681140,5520,439.86
2023-07-07T12:25:00.000,441.03,441.07,440.95,441.05,541293,4505,439.89
2023-07-07T12:30:00.000,441.06,441.55,441.06,441.5448,1575840,10399,439.97
2023-07-07T12:35:00.000,441.545,442.02,441.5431,441.86,1973784,14228,440.13
2023-07-07T12:40:00.000,441.865,442.17,441.84,442.11,1566763,7982,440.21
2023-07-07T12:45:00.000,442.1,442.155,441.79,441.92,667672,5289,440.25
2023-07-07T12:50:00.000,441.92,442.125,441.8675,442.03,438490,3883,440.28
2023-07-07T12:55:00.000,442.035,442.29,441.965,442.26,513608,4257,440.32
2023-07-07T13:00:00.000,442.255,442.54,442.225,442.4299,779355,6344,440.38
2023-07-07T13:05:00.000,442.43,442.56,442.41,442.4722,525914,4545,440.42
2023-07-07T13:10:00.000,442.479,442.5642,442.42,442.461,551347,4443,440.46
2023-07-07T13:15:00.000,442.46,442.56,442.41,442.52,445793,3966,440.49
2023-07-07T13:20:00.000,442.51,442.64,442.45,442.5669,1059156,5415,440.54
2023-07-07T13:25:00.000,442.57,442.61,442.48,442.61,446162,4137,440.57
2023-07-07T13:30:00.000,442.61,442.64,442.445,442.46,476634,4613,440.6
2023-07-07T13:35:00.000,442.46,442.4624,441.96,442.19,915436,7124,440.64
2023-07-07T13:40:00.000,442.1899,442.49,442.16,442.43,761622,4065,440.67
2023-07-07T13:45:00.000,442.43,442.43,442.13,442.17,349568,3096,440.69
2023-07-07T13:50:00.000,442.18,442.18,441.965,441.965,350285,3315,440.7
2023-07-07T13:55:00.000,441.9701,442.15,441.5,441.79,1043316,8407,440.74
2023-07-07T14:00:00.000,441.799,441.83,441.6,441.73,536796,4401,440.75
2023-07-07T14:05:00.000,441.7292,441.87,441.625,441.79,388144,3412,440.76
2023-07-07T14:10:00.000,441.79,441.81,441.61,441.76,363668,3611,440.77
2023-07-07T14:15:00.000,441.77,441.79,441.54,441.72,465046,4406,440.78
2023-07-07T14:20:00.000,441.72,441.72,441.595,441.67,304356,2885,440.79
2023-07-07T14:25:00.000,441.66,441.82,441.62,441.78,370256,3515,440.8
2023-07-07T14:30:00.000,441.78,441.855,441.38,441.43,495312,4957,440.81
2023-07-07T14:35:00.000,441.42,441.56,441.28,441.335,430618,4181,440.82
2023-07-07T14:40:00.000,441.328,441.43,441.16,441.18,521089,4679,440.82
2023-07-07T14:45:00.000,441.18,441.3,441.1,441.1468,414961,3853,440.83
2023-07-07T14:50:00.000,441.145,441.3298,441.08,441.25,471950,4194,440.83
2023-07-07T14:55:00.000,441.235,441.24,441.07,441.19,487277,4344,440.84
2023-07-07T15:00:00.000,441.195,441.2599,441.04,441.17,528006,4884,440.84
2023-07-07T15:05:00.000,441.161,441.21,440.925,441.0,606366,5768,440.84
2023-07-07T15:10:00.000,441.0001,441.15,440.98,441.04,526120,5128,440.85
2023-07-07T15:15:00.000,441.035,441.105,440.5,440.715,1196631,7766,440.85
2023-07-07T15:20:00.000,440.71,440.75,440.42,440.53,1018269,7424,440.84
2023-07-07T15:25:00.000,440.5394,440.65,440.21,440.285,1347338,9399,440.83
2023-07-07T15:30:00.000,440.28,440.535,440.21,440.535,1246799,10546,440.82
2023-07-07T15:35:00.000,440.53,440.535,439.995,440.1,1265997,10090,440.8
2023-07-07T15:40:00.000,440.09,440.09,439.4896,439.53,2843346,15429,440.76
2023-07-07T15:45:00.000,439.535,439.695,438.81,439.01,2571154,18573,440.68
2023-07-07T15:50:00.000,439.02,439.26,438.3,438.79,5225191,23180,440.54
2023-07-07T15:55:00.000,438.78,438.79,438.3,438.521,7715268,33516,440.29
2023-07-07T16:00:00.000,438.545,438.545,438.54,438.54,786,2,440.29
2023-07-08T09:30:00.000,0.0,0.0,0.0,0.0,0,0,0.0
2023-07-08T09:35:00.000,0.0,0.0,0.0,0.0,0,0,0.0
2023-07-08T09:40:00.000,0.0,0.0,0.0,0.0,0,0,0.0
2023-07-08T09:45:00.000,0.0,0.0,0.0,0.0,0,0,0.0
2023-07-08T09:50:00.000,0.0,0.0,0.0,0.0,0,0,0.0
2023-07-08T09:55:00.000,0.0,0.0,0.0,0.0,0,0,0.0
2023-07-08T10:00:00.000,0.0,0.0,0.0,0.0,0,0,0.0
2023-07-08T10:05:00.000,0.0,0.0,0.0,0.0,0,0,0.0
2023-07-08T10:10:00.000,0.0,0.0,0.0,0.0,0,0,0.0
2023-07-08T10:15:00.000,0.0,0.0,0.0,0.0,0,0,0.0
2023-07-08T10:20:00.000,0.0,0.0,0.0,0.0,0,0,0.0
2023-07-08T10:25:00.000,0.0,0.0,0.0,0.0,0,0,0.0
2023-07-08T10:30:00.000,0.0,0.0,0.0,0.0,0,0,0.0
2023-07-08T10:35:00.000,0.0,0.0,0.0,0.0,0,0,0.0
2023-07-08T10:40:00.000,0.0,0.0,0.0,0.0,0,0,0.0
2023-07-08T10:45:00.000,0.0,0.0,0.0,0.0,0,0,0.0
2023-07-08T10:50:00.000,0.0,0.0,0.0,0.0,0,0,0.0
2023-07-08T10:55:00.000,0.0,0.0,0.0,0.0,0,0,0.0
2023-07-08T11:00:00.000,0.0,0.0,0.0,0.0,0,0,0.0
2023-07-08T11:05:00.000,0.0,0.0,0.0,0.0,0,0,0.0
2023-07-08T11:10:00.000,0.0,0.0,0.0,0.0,0,0,0.0
2023-07-08T11:15:00.000,0.0,0.0,0.0,0.0,0,0,0.0
2023-07-08T11:20:00.000,0.0,0.0,0.0,0.0,0,0,0.0
2023-07-08T11:25:00.000,0.0,0.0,0.0,0.0,0,0,0.0
2023-07-08T11:30:00.000,0.0,0.0,0.0,0.0,0,0,0.0
2023-07-08T11:35:00.000,0.0,0.0,0.0,0.0,0,0,0.0
2023-07-08T11:40:00.000,0.0,0.0,0.0,0.0,0,0,0.0
2023-07-08T11:45:00.000,0.0,0.0,0.0,0.0,0,0,0.0
2023-07-08T11:50:00.000,0.0,0.0,0.0,0.0,0,0,0.0
2023-07-08T11:55:00.000,0.0,0.0,0.0,0.0,0,0,0.0
2023-07-08T12:00:00.000,0.0,0.0,0.0,0.0,0,0,0.0
2023-07-08T12:05:00.000,0.0,0.0,0.0,0.0,0,0,0.0
2023-07-08T12:10:00.000,0.0,0.0,0.0,0.0,0,0,0.0
2023-07-08T12:15:00.000,0.0,0.0,0.0,0.0,0,0,0.0
2023-07-08T12:20:00.000,0.0,0.0,0.0,0.0,0,0,0.0
2023-07-08T12:25:00.000,0.0,0.0,0.0,0.0,0,0,0.0
2023-07-08T12:30:00.000,0.0,0.0,0.0,0.0,0,0,0.0
2023-07-08T12:35:00.000,0.0,0.0,0.0,0.0,0,0,0.0
2023-07-08T12:40:00.000,0.0,0.0,0.0,0.0,0,0,0.0
2023-07-08T12:45:00.000,0.0,0.0,0.0,0.0,0,0,0.0
2023-07-08T12:50:00.000,0.0,0.0,0.0,0.0,0,0,0.0
2023-07-08T12:55:00.000,0.0,0.0,0.0,0.0,0,0,0.0
2023-07-08T13:00:00.000,0.0,0.0,0.0,0.0,0,0,0.0
2023-07-08T13:05:00.000,0.0,0.0,0.0,0.0,0,0,0.0
2023-07-08T13:10:00.000,0.0,0.0,0.0,0.0,0,0,0.0
2023-07-08T13:15:00.000,0.0,0.0,0.0,0.0,0,0,0.0
2023-07-08T13:20:00.000,0.0,0.0,0.0,0.0,0,0,0.0
2023-07-08T13:25:00.000,0.0,0.0,0.0,0.0,0,0,0.0
2023-07-08T13:30:00.000,0.0,0.0,0.0,0.0,0,0,0.0
2023-07-08T13:35:00.000,0.0,0.0,0.0,0.0,0,0,0.0
2023-07-08T13:40:00.000,0.0,0.0,0.0,0.0,0,0,0.0
2023-07-08T13:45:00.000,0.0,0.0,0.0,0.0,0,0,0.0
2023-07-08T13:50:00.000,0.0,0.0,0.0,0.0,0,0,0.0
2023-07-08T13:55:00.000,0.0,0.0,0.0,0.0,0,0,0.0
2023-07-08T14:00:00.000,0.0,0.0,0.0,0.0,0,0,0.0
2023-07-08T14:05:00.000,0.0,0.0,0.0,0.0,0,0,0.0
2023-07-08T14:10:00.000,0.0,0.0,0.0,0.0,0,0,0.0
2023-07-08T14:15:00.000,0.0,0.0,0.0,0.0,0,0,0.0
2023-07-08T14:20:00.000,0.0,0.0,0.0,0.0,0,0,0.0
2023-07-08T14:25:00.000,0.0,0.0,0.0,0.0,0,0,0.0
2023-07-08T14:30:00.000,0.0,0.0,0.0,0.0,0,0,0.0
2023-07-08T14:35:00.000,0.0,0.0,0.0,0.0,0,0,0.0
2023-07-08T14:40:00.000,0.0,0.0,0.0,0.0,0,0,0.0
2023-07-08T14:45:00.000,0.0,0.0,0.0,0.0,0,0,0.0
2023-07-08T14:50:00.000,0.0,0.0,0.0,0.0,0,0,0.0
2023-07-08T14:55:00.000,0.0,0.0,0.0,0.0,0,0,0.0
2023-07-08T15:00:00.000,0.0,0.0,0.0,0.0,0,0,0.0
2023-07-08T15:05:00.000,0.0,0.0,0.0,0.0,0,0,0.0
2023-07-08T15:10:00.000,0.0,0.0,0.0,0.0,0,0,0.0
2023-07-08T15:15:00.000,0.0,0.0,0.0,0.0,0,0,0.0
2023-07-08T15:20:00.000,0.0,0.0,0.0,0.0,0,0,0.0
2023-07-08T15:25:00.000,0.0,0.0,0.0,0.0,0,0,0.0
2023-07-08T15:30:00.000,0.0,0.0,0.0,0.0,0,0,0.0
2023-07-08T15:35:00.000,0.0,0.0,0.0,0.0,0,0,0.0
2023-07-08T15:40:00.000,0.0,0.0,0.0,0.0,0,0,0.0
2023-07-08T15:45:00.000,0.0,0.0,0.0,0.0,0,0,0.0
2023-07-08T15:50:00.000,0.0,0.0,0.0,0.0,0,0,0.0
2023-07-08T15:55:00.000,0.0,0.0,0.0,0.0,0,0,0.0
2023-07-08T16:00:00.000,0.0,0.0,0.0,0.0,0,0,0.0
2023-07-09T09:30:00.000,0.0,0.0,0.0,0.0,0,0,0.0
2023-07-09T09:35:00.000,0.0,0.0,0.0,0.0,0,0,0.0
2023-07-09T09:40:00.000,0.0,0.0,0.0,0.0,0,0,0.0
2023-07-09T09:45:00.000,0.0,0.0,0.0,0.0,0,0,0.0
2023-07-09T09:50:00.000,0.0,0.0,0.0,0.0,0,0,0.0
2023-07-09T09:55:00.000,0.0,0.0,0.0,0.0,0,0,0.0
2023-07-09T10:00:00.000,0.0,0.0,0.0,0.0,0,0,0.0
2023-07-09T10:05:00.000,0.0,0.0,0.0,0.0,0,0,0.0
2023-07-09T10:10:00.000,0.0,0.0,0.0,0.0,0,0,0.0
2023-07-09T10:15:00.000,0.0,0.0,0.0,0.0,0,0,0.0
2023-07-09T10:20:00.000,0.0,0.0,0.0,0.0,0,0,0.0
2023-07-09T10:25:00.000,0.0,0.0,0.0,0.0,0,0,0.0
2023-07-09T10:30:00.000,0.0,0.0,0.0,0.0,0,0,0.0
2023-07-09T10:35:00.000,0.0,0.0,0.0,0.0,0,0,0.0
2023-07-09T10:40:00.000,0.0,0.0,0.0,0.0,0,0,0.0
2023-07-09T10:45:00.000,0.0,0.0,0.0,0.0,0,0,0.0
2023-07-09T10:50:00.000,0.0,0.0,0.0,0.0,0,0,0.0
2023-07-09T10:55:00.000,0.0,0.0,0.0,0.0,0,0,0.0
2023-07-09T11:00:00.000,0.0,0.0,0.0,0.0,0,0,0.0
2023-07-09T11:05:00.000,0.0,0.0,0.0,0.0,0,0,0.0
2023-07-09T11:10:00.000,0.0,0.0,0.0,0.0,0,0,0.0
2023-07-09T11:15:00.000,0.0,0.0,0.0,0.0,0,0,0.0
2023-07-09T11:20:00.000,0.0,0.0,0.0,0.0,0,0,0.0
2023-07-09T11:25:00.000,0.0,0.0,0.0,0.0,0,0,0.0
2023-07-09T11:30:00.000,0.0,0.0,0.0,0.0,0,0,0.0
2023-07-09T11:35:00.000,0.0,0.0,0.0,0.0,0,0,0.0
2023-07-09T11:40:00.000,0.0,0.0,0.0,0.0,0,0,0.0
2023-07-09T11:45:00.000,0.0,0.0,0.0,0.0,0,0,0.0
2023-07-09T11:50:00.000,0.0,0.0,0.0,0.0,0,0,0.0
2023-07-09T11:55:00.000,0.0,0.0,0.0,0.0,0,0,0.0
2023-07-09T12:00:00.000,0.0,0.0,0.0,0.0,0,0,0.0
2023-07-09T12:05:00.000,0.0,0.0,0.0,0.0,0,0,0.0
2023-07-09T12:10:00.000,0.0,0.0,0.0,0.0,0,0,0.0
2023-07-09T12:15:00.000,0.0,0.0,0.0,0.0,0,0,0.0
2023-07-09T12:20:00.000,0.0,0.0,0.0,0.0,0,0,0.0
2023-07-09T12:25:00.000,0.0,0.0,0.0,0.0,0,0,0.0
2023-07-09T12:30:00.000,0.0,0.0,0.0,0.0,0,0,0.0
2023-07-09T12:35:00.000,0.0,0.0,0.0,0.0,0,0,0.0
2023-07-09T12:40:00.000,0.0,0.0,0.0,0.0,0,0,0.0
2023-07-09T12:45:00.000,0.0,0.0,0.0,0.0,0,0,0.0
2023-07-09T12:50:00.000,0.0,0.0,0.0,0.0,0,0,0.0
2023-07-09T12:55:00.000,0.0,0.0,0.0,0.0,0,0,0.0
2023-07-09T13:00:00.000,0.0,0.0,0.0,0.0,0,0,0.0
2023-07-09T13:05:00.000,0.0,0.0,0.0,0.0,0,0,0.0
2023-07-09T13:10:00.000,0.0,0.0,0.0,0.0,0,0,0.0
2023-07-09T13:15:00.000,0.0,0.0,0.0,0.0,0,0,0.0
2023-07-09T13:20:00.000,0.0,0.0,0.0,0.0,0,0,0.0
2023-07-09T13:25:00.000,0.0,0.0,0.0,0.0,0,0,0.0
2023-07-09T13:30:00.000,0.0,0.0,0.0,0.0,0,0,0.0
2023-07-09T13:35:00.000,0.0,0.0,0.0,0.0,0,0,0.0
2023-07-09T13:40:00.000,0.0,0.0,0.0,0.0,0,0,0.0
2023-07-09T13:45:00.000,0.0,0.0,0.0,0.0,0,0,0.0
2023-07-09T13:50:00.000,0.0,0.0,0.0,0.0,0,0,0.0
2023-07-09T13:55:00.000,0.0,0.0,0.0,0.0,0,0,0.0
2023-07-09T14:00:00.000,0.0,0.0,0.0,0.0,0,0,0.0
2023-07-09T14:05:00.000,0.0,0.0,0.0,0.0,0,0,0.0
2023-07-09T14:10:00.000,0.0,0.0,0.0,0.0,0,0,0.0
2023-07-09T14:15:00.000,0.0,0.0,0.0,0.0,0,0,0.0
2023-07-09T14:20:00.000,0.0,0.0,0.0,0.0,0,0,0.0
2023-07-09T14:25:00.000,0.0,0.0,0.0,0.0,0,0,0.0
2023-07-09T14:30:00.000,0.0,0.0,0.0,0.0,0,0,0.0
2023-07-09T14:35:00.000,0.0,0.0,0.0,0.0,0,0,0.0
2023-07-09T14:40:00.000,0.0,0.0,0.0,0.0,0,0,0.0
2023-07-09T14:45:00.000,0.0,0.0,0.0,0.0,0,0,0.0
2023-07-09T14:50:00.000,0.0,0.0,0.0,0.0,0,0,0.0
2023-07-09T14:55:00.000,0.0,0.0,0.0,0.0,0,0,0.0
2023-07-09T15:00:00.000,0.0,0.0,0.0,0.0,0,0,0.0
2023-07-09T15:05:00.000,0.0,0.0,0.0,0.0,0,0,0.0
2023-07-09T15:10:00.000,0.0,0.0,0.0,0.0,0,0,0.0
2023-07-09T15:15:00.000,0.0,0.0,0.0,0.0,0,0,0.0
2023-07-09T15:20:00.000,0.0,0.0,0.0,0.0,0,0,0.0
2023-07-09T15:25:00.000,0.0,0.0,0.0,0.0,0,0,0.0
2023-07-09T15:30:00.000,0.0,0.0,0.0,0.0,0,0,0.0
2023-07-09T15:35:00.000,0.0,0.0,0.0,0.0,0,0,0.0
2023-07-09T15:40:00.000,0.0,0.0,0.0,0.0,0,0,0.0
2023-07-09T15:45:00.000,0.0,0.0,0.0,0.0,0,0,0.0
2023-07-09T15:50:00.000,0.0,0.0,0.0,0.0,0,0,0.0
2023-07-09T15:55:00.000,0.0,0.0,0.0,0.0,0,0,0.0
2023-07-09T16:00:00.000,0.0,0.0,0.0,0.0,0,0,0.0
2023-07-10T09:30:00.000,438.18,439.3,438.05,439.11,1771095,16218,438.76
2023-07-10T09:35:00.000,439.115,439.348,438.97,439.075,757146,7464,438.88
2023-07-10T09:40:00.000,439.08,439.3407,438.63,439.02,1141362,9885,438.94
2023-07-10T09:45:00.000,439.01,439.3092,438.72,439.14,716289,6796,438.95
2023-07-10T09:50:00.000,439.14,439.21,438.58,439.0,806764,8665,438.93
2023-07-10T09:55:00.000,438.99,439.17,438.54,439.095,692492,8084,438.92
2023-07-10T10:00:00.000,439.08,439.51,439.03,439.47,723767,7794,438.97
2023-07-10T10:05:00.000,439.47,439.83,439.35,439.71,1097882,9937,439.06
2023-07-10T10:10:00.000,439.708,439.83,439.37,439.6501,625471,6503,439.1
2023-07-10T10:15:00.000,439.65,439.66,439.22,439.5493,526261,5745,439.13
2023-07-10T10:20:00.000,439.562,439.74,439.505,439.71,578649,6226,439.16
2023-07-10T10:25:00.000,439.71,439.84,439.19,439.2699,654258,6994,439.18
2023-07-10T10:30:00.000,439.27,439.39,438.81,438.89,1072550,7677,439.18
2023-07-10T10:35:00.000,438.89,439.01,438.37,438.955,1218468,8980,439.13
2023-07-10T10:40:00.000,438.95,439.025,438.49,438.6401,1209236,9313,439.09
2023-07-10T10:45:00.000,438.64,439.03,438.581,438.83,554000,5407,439.08
2023-07-10T10:50:00.000,438.83,439.02,438.5657,438.61,357463,3303,439.07
2023-07-10T10:55:00.000,438.625,438.69,438.47,438.6299,355371,3323,439.06
2023-07-10T11:00:00.000,438.6208,438.7,438.01,438.36,2003496,6651,439.03
2023-07-10T11:05:00.000,438.35,438.6,438.15,438.38,936774,5598,439.0
2023-07-10T11:10:00.000,438.3723,438.46,438.12,438.46,460090,4401,438.98
2023-07-10T11:15:00.000,438.4665,438.52,438.12,438.2216,416364,3691,438.96
2023-07-10T11:20:00.000,438.2201,438.4171,438.16,438.3788,420728,3993,438.95
2023-07-10T11:25:00.000,438.39,438.78,438.38,438.72,555013,5403,438.94
2023-07-10T11:30:00.000,438.7099,439.07,438.69,438.95,548702,4864,438.94
2023-07-10T11:35:00.000,438.94,439.08,438.91,438.976,443291,2897,438.94
2023-07-10T11:40:00.000,438.975,439.06,438.43,438.4664,332051,3513,438.93
2023-07-10T11:45:00.000,438.45,438.49,438.1,438.3701,675579,5445,438.91
2023-07-10T11:50:00.000,438.37,438.7,438.335,438.6899,336937,3392,438.9
2023-07-10T11:55:00.000,438.695,438.795,438.42,438.4201,476622,4153,438.9
2023-07-10T12:00:00.000,438.44,438.48,437.63,438.03,1193380,10465,438.84
2023-07-10T12:05:00.000,438.02,438.11,437.5929,437.66,523075,5074,438.82
2023-07-10T12:10:00.000,437.66,437.802,437.585,437.71,509716,4845,438.79
2023-07-10T12:15:00.000,437.7001,438.12,437.61,438.03,452116,4502,438.78
2023-07-10T12:20:00.000,438.0201,438.44,438.0201,438.37,496441,3910,438.77
2023-07-10T12:25:00.000,438.36,438.47,438.2636,438.39,467009,3680,438.76
2023-07-10T12:30:00.000,438.39,438.61,438.33,438.53,579085,5155,438.75
2023-07-10T12:35:00.000,438.53,438.64,438.27,438.468,399574,3908,438.74
2023-07-10T12:40:00.000,438.45,438.658,438.37,438.64,265860,2983,438.74
2023-07-10T12:45:00.000,438.63,438.895,438.625,438.8837,261734,2927,438.74
2023-07-10T12:50:00.000,438.885,438.95,438.685,438.75,289017,2909,438.74
2023-07-10T12:55:00.000,438.75,438.98,438.59,438.88,455471,3950,438.74
2023-07-10T13:00:00.000,438.88,439.06,438.84,438.98,331421,3387,438.75
2023-07-10T13:05:00.000,438.9701,439.1099,438.84,438.95,491966,4020,438.75
2023-07-10T13:10:00.000,438.96,439.01,438.82,438.95,873627,3436,438.75
2023-07-10T13:15:00.000,438.96,439.09,438.77,438.92,371402,3276,438.76
2023-07-10T13:20:00.000,438.929,439.04,438.89,438.96,353340,3575,438.76
2023-07-10T13:25:00.000,438.97,439.1399,438.8,439.1399,311789,3261,438.76
2023-07-10T13:30:00.000,439.13,439.4,439.025,439.0609,472195,5387,438.77
2023-07-10T13:35:00.000,439.065,439.11,438.81,438.979,466088,3792,438.77
2023-07-10T13:40:00.000,438.98,439.18,438.9,439.125,254450,2296,438.77
2023-07-10T13:45:00.000,439.13,439.22,438.8398,438.84,298967,2643,438.78
2023-07-10T13:50:00.000,438.83,439.085,438.825,438.9892,276075,2546,438.78
2023-07-10T13:55:00.000,438.99,439.1,438.84,438.97,495517,2726,438.78
2023-07-10T14:00:00.000,438.97,439.035,438.53,438.5399,579037,4585,438.78
2023-07-10T14:05:00.000,438.535,438.79,438.5299,438.62,555480,3001,438.78
2023-07-10T14:10:00.000,438.625,438.977,438.61,438.955,228651,2282,438.78
2023-07-10T14:15:00.000,438.955,439.14,438.9374,439.06,394564,3168,438.78
2023-07-10T14:20:00.000,439.07,439.335,439.01,439.21,456100,3907,438.79
2023-07-10T14:25:00.000,439.21,439.42,439.19,439.3899,650658,4878,438.8
2023-07-10T14:30:00.000,439.39,439.435,439.07,439.1799,367170,3856,438.8
2023-07-10T14:35:00.000,439.18,439.2,438.9089,438.93,499729,2728,438.8
2023-07-10T14:40:00.000,438.94,439.08,438.885,438.94,317954,2761,438.81
2023-07-10T14:45:00.000,438.93,438.98,438.755,438.8999,260514,2890,438.81
2023-07-10T14:50:00.000,438.9,439.15,438.88,439.1399,293743,2702,438.81
2023-07-10T14:55:00.000,439.14,439.32,439.14,439.26,321227,3052,438.81
2023-07-10T15:00:00.000,439.265,439.32,439.02,439.15,354310,3368,438.81
2023-07-10T15:05:00.000,439.15,439.26,438.85,438.94,388648,3580,438.82
2023-07-10T15:10:00.000,438.93,439.04,438.81,438.98,323108,3237,438.82
2023-07-10T15:15:00.000,438.9831,439.12,438.88,438.97,275875,2623,438.82
2023-07-10T15:20:00.000,438.965,439.09,438.845,438.89,324903,3381,438.82
2023-07-10T15:25:00.000,438.9,439.07,438.86,439.01,319909,3404,438.82
2023-07-10T15:30:00.000,439.0,439.04,438.78,438.83,386532,4443,438.82
2023-07-10T15:35:00.000,438.84,439.125,438.795,439.085,459354,4579,438.82
2023-07-10T15:40:00.000,439.08,439.09,438.86,438.87,711961,5850,438.83
2023-07-10T15:45:00.000,438.87,438.95,438.77,438.82,1776806,6664,438.83
2023-07-10T15:50:00.000,438.81,439.22,438.61,439.1232,2598416,12606,438.83
2023-07-10T15:55:00.000,439.125,439.67,439.04,439.66,6118290,22286,438.88
2023-07-10T16:00:00.000,439.65,439.65,439.65,439.65,2265,4,438.88
2023-07-11T09:30:00.000,440.45,440.79,440.3,440.79,1626163,11880,440.54
2023-07-11T09:35:00.000,440.8,440.97,440.625,440.94,767049,7760,440.62
2023-07-11T09:40:00.000,440.95,441.0471,439.65,439.99,1409260,13272,440.45
2023-07-11T09:45:00.000,439.99,440.28,439.9,440.23,679402,7160,440.4
2023-07-11T09:50:00.000,440.23,440.33,440.02,440.215,570666,5989,440.37
2023-07-11T09:55:00.000,440.225,440.4,439.8722,440.39,651953,6626,440.34
2023-07-11T10:00:00.000,440.385,440.405,439.75,439.76,510929,6428,440.32
2023-07-11T10:05:00.000,439.75,439.785,439.44,439.7799,1310461,10035,440.21
2023-07-11T10:10:00.000,439.77,439.79,439.46,439.54,514852,6085,440.17
2023-07-11T10:15:00.000,439.54,440.14,439.4901,440.14,734623,7833,440.14
2023-07-11T10:20:00.000,440.14,440.33,440.0,440.22,666604,7073,440.14
2023-07-11T10:25:00.000,440.22,440.4,440.195,440.27,483148,5672,440.15
2023-07-11T10:30:00.000,440.26,440.3379,440.03,440.042,513952,5980,440.15
2023-07-11T10:35:00.000,440.04,440.41,440.02,440.39,1160769,4267,440.16
2023-07-11T10:40:00.000,440.39,440.67,440.325,440.66,543635,5790,440.17
2023-07-11T10:45:00.000,440.68,440.78,440.45,440.695,519640,4982,440.19
2023-07-11T10:50:00.000,440.695,440.73,440.4,440.565,457454,4715,440.21
2023-07-11T10:55:00.000,440.56,440.71,440.4701,440.61,398841,3839,440.22
2023-07-11T11:00:00.000,440.62,440.91,440.62,440.89,569783,5230,440.25
2023-07-11T11:05:00.000,440.89,440.91,440.43,440.62,585498,5798,440.26
2023-07-11T11:10:00.000,440.63,440.93,440.625,440.9001,396096,3782,440.28
2023-07-11T11:15:00.000,440.91,440.97,440.45,440.63,655866,5945,440.3
2023-07-11T11:20:00.000,440.63,440.81,440.6,440.642,361703,4028,440.31
2023-07-11T11:25:00.000,440.64,440.675,440.41,440.57,453851,4265,440.31
2023-07-11T11:30:00.000,440.57,440.585,440.4,440.46,368631,3791,440.32
2023-07-11T11:35:00.000,440.45,440.64,440.375,440.63,337035,3141,440.32
2023-07-11T11:40:00.000,440.62,440.76,440.47,440.63,415353,3744,440.33
2023-07-11T11:45:00.000,440.629,440.96,440.495,440.94,428403,3866,440.34
2023-07-11T11:50:00.000,440.94,441.19,440.8499,441.14,696699,5332,440.37
2023-07-11T11:55:00.000,441.15,441.48,441.0309,441.46,1238025,7147,440.42
2023-07-11T12:00:00.000,441.45,441.7,441.45,441.62,1004940,7753,440.48
2023-07-11T12:05:00.000,441.63,441.66,441.28,441.34,991883,5883,440.51
2023-07-11T12:10:00.000,441.33,441.535,441.32,441.47,393315,3919,440.53
2023-07-11T12:15:00.000,441.47,441.58,441.3101,441.37,400091,3404,440.55
2023-07-11T12:20:00.000,441.36,441.48,441.345,441.38,367199,3295,440.56
2023-07-11T12:25:00.000,441.38,441.4,440.45,440.85,922701,8037,440.57
2023-07-11T12:30:00.000,440.88,441.0,440.711,440.86,495480,4416,440.58
2023-07-11T12:35:00.000,440.85,440.97,440.82,440.94,530435,2751,440.58
2023-07-11T12:40:00.000,440.95,440.97,440.84,440.89,261246,2702,440.59
2023-07-11T12:45:00.000,440.89,441.09,440.811,441.08,272607,2839,440.59
2023-07-11T12:50:00.000,441.085,441.3,441.05,441.23,399958,3719,440.6
2023-07-11T12:55:00.000,441.23,441.23,441.005,441.14,240116,2548,440.61
2023-07-11T13:00:00.000,441.145,441.3164,441.11,441.29,682504,2423,440.61
2023-07-11T13:05:00.000,441.3,441.33,440.98,441.06,380137,3273,440.62
2023-07-11T13:10:00.000,441.04,441.095,440.71,440.9,407565,3958,440.62
2023-07-11T13:15:00.000,440.89,440.92,440.7,440.79,308898,2977,440.63
2023-07-11T13:20:00.000,440.79,440.88,440.6,440.7,359971,3604,440.63
2023-07-11T13:25:00.000,440.69,440.89,440.685,440.88,281806,2883,440.63
2023-07-11T13:30:00.000,440.89,440.96,440.755,440.84,368826,3872,440.63
2023-07-11T13:35:00.000,440.845,440.94,440.76,440.905,259867,2505,440.63
2023-07-11T13:40:00.000,440.905,440.9375,440.73,440.86,155672,2038,440.64
2023-07-11T13:45:00.000,440.85,440.866,440.525,440.85,356198,3393,440.64
2023-07-11T13:50:00.000,440.8491,440.89,440.79,440.8399,208025,2328,440.64
2023-07-11T13:55:00.000,440.835,441.07,440.71,441.01,313143,3364,440.64
2023-07-11T14:00:00.000,441.0,441.1408,440.98,441.07,366421,3467,440.65
2023-07-11T14:05:00.000,441.07,441.14,440.99,441.0,232833,2706,440.65
2023-07-11T14:10:00.000,441.009,441.03,440.63,440.77,425955,4120,440.65
2023-07-11T14:15:00.000,440.765,440.775,440.5396,440.59,355458,3543,440.65
2023-07-11T14:20:00.000,440.58,440.6,440.33,440.39,510721,4723,440.65
2023-07-11T14:25:00.000,440.39,440.74,440.27,440.7107,505953,4667,440.65
2023-07-11T14:30:00.000,440.72,440.79,440.49,440.57,394946,3840,440.65
2023-07-11T14:35:00.000,440.56,440.64,440.36,440.6299,595477,3399,440.64
2023-07-11T14:40:00.000,440.63,440.92,440.6031,440.9101,383613,3964,440.65
2023-07-11T14:45:00.000,440.9101,441.03,440.79,441.011,761209,4316,440.65
2023-07-11T14:50:00.000,441.0104,441.205,440.954,441.125,751076,4621,440.66
2023-07-11T14:55:00.000,441.12,441.44,441.05,441.38,604663,5112,440.67
2023-07-11T15:00:00.000,441.385,441.45,441.29,441.39,821204,4572,440.68
2023-07-11T15:05:00.000,441.4,441.41,441.1,441.28,645908,5020,440.69
2023-07-11T15:10:00.000,441.287,441.32,441.15,441.16,448829,4141,440.7
2023-07-11T15:15:00.000,441.16,441.5373,441.11,441.5373,566131,5096,440.71
2023-07-11T15:20:00.000,441.535,441.615,441.31,441.54,640758,5306,440.72
2023-07-11T15:25:00.000,441.54,441.5766,441.44,441.5401,413267,4081,440.73
2023-07-11T15:30:00.000,441.54,441.54,441.19,441.26,764797,6749,440.74
2023-07-11T15:35:00.000,441.24,441.595,441.23,441.515,1114988,7612,440.76
2023-07-11T15:40:00.000,441.52,441.98,441.49,441.94,1482626,10031,440.79
2023-07-11T15:45:00.000,441.95,442.84,441.95,442.8,2423669,16086,440.87
2023-07-11T15:50:00.000,442.79,442.97,442.34,442.34,3270030,22461,441.01
2023-07-11T15:55:00.000,442.34,442.73,442.21,442.48,6086529,32647,441.19
2023-07-11T16:00:00.000,442.485,442.49,442.485,442.49,378,3,441.19
2023-07-12T09:30:00.000,446.39,446.76,446.14,446.48,2598016,20300,446.46
2023-07-12T09:35:00.000,446.51,446.72,446.1,446.14,1359462,12099,446.46
2023-07-12T09:40:00.000,446.15,446.44,445.8318,446.3491,1917975,12396,446.36
2023-07-12T09:45:00.000,446.33,446.94,446.21,446.82,2132696,17218,446.41
2023-07-12T09:50:00.000,446.82,447.07,446.68,446.86,1435987,12148,446.5
2023-07-12T09:55:00.000,446.87,447.0171,446.4083,446.93,1125087,8944,446.53
2023-07-12T10:00:00.000,446.9401,447.02,446.58,446.8,1334442,11666,446.56
2023-07-12T10:05:00.000,446.78,447.0505,446.52,447.02,884515,8931,446.58
2023-07-12T10:10:00.000,447.02,447.1869,446.91,447.14,920700,8769,446.62
2023-07-12T10:15:00.000,447.14,447.33,447.055,447.235,1239629,10717,446.67
2023-07-12T10:20:00.000,447.235,447.34,446.98,447.09,1213590,8863,446.71
2023-07-12T10:25:00.000,447.08,447.23,446.85,447.2199,851149,8693,446.73
2023-07-12T10:30:00.000,447.22,447.34,447.06,447.09,1376475,11070,446.76
2023-07-12T10:35:00.000,447.1,447.26,446.975,447.255,687216,6394,446.77
2023-07-12T10:40:00.000,447.25,447.4799,447.06,447.3,1272693,8852,446.8
2023-07-12T10:45:00.000,447.31,447.35,447.165,447.222,407797,4122,446.81
2023-07-12T10:50:00.000,447.22,447.345,446.98,447.06,506846,5028,446.82
2023-07-12T10:55:00.000,447.06,447.0991,446.775,446.9894,570447,5709,446.82
2023-07-12T11:00:00.000,446.98,447.09,446.8,446.965,535662,4693,446.83
2023-07-12T11:05:00.000,446.96,446.96,446.67,446.72,622801,5685,446.83
2023-07-12T11:10:00.000,446.72,446.95,446.59,446.87,571895,5750,446.83
2023-07-12T11:15:00.000,446.88,447.12,446.82,447.1,464297,4631,446.83
2023-07-12T11:20:00.000,447.09,447.1,446.82,446.97,394833,3949,446.83
2023-07-12T11:25:00.000,446.965,446.965,446.55,446.62,470931,5266,446.83
2023-07-12T11:30:00.000,446.62,446.72,446.37,446.48,682592,6815,446.82
2023-07-12T11:35:00.000,446.48,446.565,445.95,446.035,994550,6772,446.81
2023-07-12T11:40:00.000,446.04,446.42,445.0196,445.52,3417169,22921,446.66
2023-07-12T11:45:00.000,445.51,445.92,445.17,445.84,900193,8382,446.62
2023-07-12T11:50:00.000,445.86,445.89,445.21,445.56,963256,8473,446.59
2023-07-12T11:55:00.000,445.565,445.67,444.98,445.175,1501646,11391,446.52
2023-07-12T12:00:00.000,445.17,445.48,444.91,445.14,1257573,9558,446.47
2023-07-12T12:05:00.000,445.13,445.33,445.03,445.2,926595,6467,446.44
2023-07-12T12:10:00.000,445.19,445.755,445.03,445.6271,767024,7568,446.42
2023-07-12T12:15:00.000,445.64,445.67,445.16,445.23,993397,6692,446.39
2023-07-12T12:20:00.000,445.24,445.48,445.19,445.42,643708,5238,446.37
2023-07-12T12:25:00.000,445.425,445.51,445.11,445.35,654371,5851,446.35
2023-07-12T12:30:00.000,445.35,445.73,445.25,445.7257,759925,6047,446.34
2023-07-12T12:35:00.000,445.73,445.939,445.55,445.91,655785,5335,446.33
2023-07-12T12:40:00.000,445.91,445.95,445.59,445.76,551516,4876,446.32
2023-07-12T12:45:00.000,445.76,446.15,445.625,446.075,608289,4892,446.31
2023-07-12T12:50:00.000,446.075,446.2,445.99,446.06,413026,3921,446.31
2023-07-12T12:55:00.000,446.06,446.16,445.7501,445.835,703707,4143,446.31
2023-07-12T13:00:00.000,445.835,446.1,445.8205,445.945,381864,3754,446.3
2023-07-12T13:05:00.000,445.94,445.975,445.66,445.81,405002,3786,446.3
2023-07-12T13:10:00.000,445.8099,445.95,445.65,445.931,411090,3794,446.29
2023-07-12T13:15:00.000,445.935,446.19,445.93,446.1484,468202,4194,446.29
2023-07-12T13:20:00.000,446.15,446.23,446.065,446.129,338812,3283,446.29
2023-07-12T13:25:00.000,446.129,446.24,446.06,446.1401,281609,2987,446.29
2023-07-12T13:30:00.000,446.16,446.38,446.075,446.3,602672,5729,446.29
2023-07-12T13:35:00.000,446.32,446.43,446.23,446.38,378422,3590,446.29
2023-07-12T13:40:00.000,446.39,446.46,446.34,446.39,340668,3319,446.29
2023-07-12T13:45:00.000,446.385,446.43,446.14,446.3,319232,3165,446.29
2023-07-12T13:50:00.000,446.3,446.43,446.25,446.375,312390,3075,446.29
2023-07-12T13:55:00.000,446.375,446.44,446.21,446.34,262936,3006,446.29
2023-07-12T14:00:00.000,446.34,446.36,446.0,446.23,508967,4708,446.29
2023-07-12T14:05:00.000,446.23,446.55,446.205,446.5,564458,4545,446.29
2023-07-12T14:10:00.000,446.5,446.72,446.41,446.6895,582625,5051,446.29
2023-07-12T14:15:00.000,446.688,446.7403,446.56,446.575,574120,4573,446.3
2023-07-12T14:20:00.000,446.58,446.67,446.5,446.6174,437223,4081,446.3
2023-07-12T14:25:00.000,446.62,446.73,446.5601,446.68,561593,3136,446.3
2023-07-12T14:30:00.000,446.68,446.69,446.56,446.6599,295413,3142,446.3
2023-07-12T14:35:00.000,446.66,446.75,446.58,446.675,457202,3838,446.31
2023-07-12T14:40:00.000,446.67,446.675,446.28,446.52,517777,4895,446.31
2023-07-12T14:45:00.000,446.52,446.52,446.12,446.28,754787,4234,446.31
2023-07-12T14:50:00.000,446.27,446.3,446.039,446.2101,457970,4153,446.31
2023-07-12T14:55:00.000,446.21,446.345,446.121,446.27,420050,3702,446.31
2023-07-12T15:00:00.000,446.27,446.36,446.09,446.27,584545,5256,446.31
2023-07-12T15:05:00.000,446.27,446.34,446.07,446.19,706211,4152,446.31
2023-07-12T15:10:00.000,446.19,446.33,446.052,446.3,611260,5250,446.3
2023-07-12T15:15:00.000,446.295,446.385,446.08,446.1,425885,4133,446.3
2023-07-12T15:20:00.000,446.1,446.1,445.38,445.4404,1222076,9836,446.29
2023-07-12T15:25:00.000,445.43,445.6699,445.15,445.64,1048394,8160,446.27
2023-07-12T15:30:00.000,445.65,445.97,445.575,445.97,998279,6287,446.26
2023-07-12T15:35:00.000,445.96,446.14,445.9301,446.02,650221,5681,446.26
2023-07-12T15:40:00.000,446.03,446.2,445.89,446.155,1495411,6923,446.26
2023-07-12T15:45:00.000,446.152,446.195,445.88,445.9291,1533355,8340,446.25
2023-07-12T15:50:00.000,445.92,445.97,445.65,445.97,4889016,21941,446.23
2023-07-12T15:55:00.000,445.96,446.02,445.57,446.01,8456454,30745,446.18
2023-07-12T16:00:00.000,446.01,446.02,446.01,446.01,1750,6,446.18
2023-07-13T09:30:00.000,447.9,448.29,447.45,448.225,2199909,17011,447.96
2023-07-13T09:35:00.000,448.23,448.44,448.12,448.14,1126980,9693,448.07
2023-07-13T09:40:00.000,448.14,448.395,448.12,448.27,1135035,8237,448.11
2023-07-13T09:45:00.000,448.27,448.38,448.06,448.2,868547,7593,448.13
2023-07-13T09:50:00.000,448.19,448.48,448.19,448.46,697110,7201,448.16
2023-07-13T09:55:00.000,448.45,448.51,448.18,448.39,834036,7931,448.18
2023-07-13T10:00:00.000,448.39,448.43,448.2,448.25,822471,8280,448.19
2023-07-13T10:05:00.000,448.24,448.35,448.0,448.32,969470,8196,448.19
2023-07-13T10:10:00.000,448.3299,448.46,448.03,448.19,656375,6861,448.2
2023-07-13T10:15:00.000,448.195,448.32,448.0,448.0899,614556,5956,448.2
2023-07-13T10:20:00.000,448.08,448.22,447.815,448.2,823103,7738,448.18
2023-07-13T10:25:00.000,448.2,448.2,447.845,447.88,604034,5849,448.18
2023-07-13T10:30:00.000,447.88,448.25,447.865,448.245,1056775,7142,448.17
2023-07-13T10:35:00.000,448.24,448.44,448.11,448.26,755884,6594,448.18
2023-07-13T10:40:00.000,448.26,448.35,448.1424,448.25,1327866,5138,448.18
2023-07-13T10:45:00.000,448.25,448.38,448.02,448.15,562745,4981,448.18
2023-07-13T10:50:00.000,448.15,448.235,448.0,448.121,859044,4428,448.18
2023-07-13T10:55:00.000,448.129,448.4,448.075,448.37,387654,3647,448.18
2023-07-13T11:00:00.000,448.38,448.5,448.3,448.478,481477,4584,448.19
2023-07-13T11:05:00.000,448.47,448.51,448.1729,448.281,1558670,4262,448.19
2023-07-13T11:10:00.000,448.28,448.31,447.945,447.96,541435,4755,448.19
2023-07-13T11:15:00.000,447.96,448.24,447.94,448.195,572229,4960,448.19
2023-07-13T11:20:00.000,448.185,448.3064,448.005,448.24,664425,3931,448.19
2023-07-13T11:25:00.000,448.239,448.27,448.02,448.08,459703,4039,448.18
2023-07-13T11:30:00.000,448.09,448.1,447.8821,447.92,428323,4125,448.18
2023-07-13T11:35:00.000,447.92,448.22,447.91,448.18,380996,3765,448.18
2023-07-13T11:40:00.000,448.19,448.31,448.1,448.28,295904,3177,448.18
2023-07-13T11:45:00.000,448.28,448.31,448.2,448.265,1619066,2621,448.18
2023-07-13T11:50:00.000,448.2534,448.31,448.205,448.26,371691,2492,448.18
2023-07-13T11:55:00.000,448.26,448.48,448.25,448.46,448453,3997,448.18
2023-07-13T12:00:00.000,448.46,448.68,448.37,448.66,700469,5222,448.19
2023-07-13T12:05:00.000,448.665,448.69,448.49,448.54,722828,4335,448.2
2023-07-13T12:10:00.000,448.54,448.61,448.41,448.525,352211,3483,448.21
2023-07-13T12:15:00.000,448.52,448.66,448.5001,448.51,296011,3161,448.21
2023-07-13T12:20:00.000,448.505,448.74,448.38,448.59,614336,6265,448.22
2023-07-13T12:25:00.000,448.59,448.67,448.51,448.59,558361,3276,448.23
2023-07-13T12:30:00.000,448.58,448.91,448.5201,448.7009,1188663,7598,448.25
2023-07-13T12:35:00.000,448.7064,448.75,448.63,448.7,470807,4248,448.26
2023-07-13T12:40:00.000,448.709,448.74,448.57,448.6899,369234,3521,448.26
2023-07-13T12:45:00.000,448.69,448.71,448.52,448.57,304228,2960,448.27
2023-07-13T12:50:00.000,448.57,448.8,448.56,448.7099,419899,3761,448.27
2023-07-13T12:55:00.000,448.705,448.7199,448.405,448.62,323104,3375,448.28
2023-07-13T13:00:00.000,448.63,448.65,448.42,448.47,314774,3042,448.28
2023-07-13T13:05:00.000,448.47,448.54,448.22,448.2599,666350,3952,448.28
2023-07-13T13:10:00.000,448.25,448.55,448.16,448.535,520308,4328,448.28
2023-07-13T13:15:00.000,448.54,448.6599,448.495,448.635,788483,2660,448.29
2023-07-13T13:20:00.000,448.64,448.685,448.53,448.63,276366,2733,448.29
2023-07-13T13:25:00.000,448.62,448.73,448.615,448.66,838042,3184,448.29
2023-07-13T13:30:00.000,448.67,448.83,448.67,448.735,383762,3820,448.3
2023-07-13T13:35:00.000,448.7369,448.79,448.69,448.76,280456,2865,448.3
2023-07-13T13:40:00.000,448.7669,448.83,448.74,448.77,266727,2844,448.31
2023-07-13T13:45:00.000,448.77,448.845,448.675,448.759,286110,2940,448.31
2023-07-13T13:50:00.000,448.75,448.7675,448.64,448.73,283708,2814,448.32
2023-07-13T13:55:00.000,448.72,448.75,448.62,448.69,520706,2910,448.32
2023-07-13T14:00:00.000,448.685,448.745,448.63,448.71,438093,3600,448.33
2023-07-13T14:05:00.000,448.705,449.09,448.695,449.01,659455,5505,448.34
2023-07-13T14:10:00.000,449.01,449.15,449.01,449.105,501782,4293,448.35
2023-07-13T14:15:00.000,449.1,449.27,449.06,449.1299,575234,5130,448.36
2023-07-13T14:20:00.000,449.12,449.23,449.11,449.12,654301,3539,448.37
2023-07-13T14:25:00.000,449.125,449.129,448.82,448.89,661058,5475,448.38
2023-07-13T14:30:00.000,448.89,449.03,448.75,448.99,517670,4299,448.39
2023-07-13T14:35:00.000,448.995,449.109,448.9,448.955,268049,2868,448.4
2023-07-13T14:40:00.000,448.95,449.09,448.86,449.01,577858,3394,448.4
2023-07-13T14:45:00.000,449.03,449.22,449.03,449.185,387361,3737,448.41
2023-07-13T14:50:00.000,449.18,449.27,449.04,449.05,348165,3308,448.42
2023-07-13T14:55:00.000,449.049,449.28,449.0401,449.28,330855,3172,448.43
2023-07-13T15:00:00.000,449.275,449.5,449.205,449.46,1340558,5377,448.44
2023-07-13T15:05:00.000,449.46,449.4966,449.3,449.3919,916058,5226,448.46
2023-07-13T15:10:00.000,449.391,449.9,449.39,449.72,1122902,8668,448.49
2023-07-13T15:15:00.000,449.718,449.79,449.38,449.58,991264,7121,448.52
2023-07-13T15:20:00.000,449.595,449.79,449.58,449.64,548235,4674,448.54
2023-07-13T15:25:00.000,449.63,449.85,449.57,449.795,511133,4601,448.56
2023-07-13T15:30:00.000,449.79,449.92,449.635,449.71,776672,6591,448.58
2023-07-13T15:35:00.000,449.705,449.99,449.63,449.99,1361932,7836,448.62
2023-07-13T15:40:00.000,449.98,450.375,449.9,450.36,1661300,12502,448.67
2023-07-13T15:45:00.000,450.365,450.38,449.915,449.94,2078243,10887,448.72
2023-07-13T15:50:00.000,449.96,450.14,449.72,449.885,2385675,15097,448.78
2023-07-13T15:55:00.000,449.88,449.915,449.53,449.53,5435785,26990,448.85
2023-07-13T16:00:00.000,449.53,449.53,449.53,449.53,1319,7,448.85
2023-07-14T09:30:00.000,450.475,450.8207,450.35,450.62,1514796,10975,450.57
2023-07-14T09:35:00.000,450.62,450.97,450.47,450.94,983628,9193,450.64
2023-07-14T09:40:00.000,450.94,451.02,450.51,450.555,1241450,10636,450.69
2023-07-14T09:45:00.000,450.55,450.9127,450.42,450.84,1015239,7686,450.69
2023-07-14T09:50:00.000,450.86,451.08,450.84,450.99,1169371,10963,450.75
2023-07-14T09:55:00.000,450.99,451.09,450.84,451.03,759035,7473,450.78
2023-07-14T10:00:00.000,451.03,451.05,450.18,450.73,1450563,14793,450.76
2023-07-14T10:05:00.000,450.74,450.91,450.52,450.85,941406,7720,450.76
2023-07-14T10:10:00.000,450.855,451.18,450.81,451.03,1216765,8266,450.78
2023-07-14T10:15:00.000,451.04,451.36,451.03,451.1288,1021593,10047,450.82
2023-07-14T10:20:00.000,451.125,451.205,450.92,451.035,699971,7875,450.84
2023-07-14T10:25:00.000,451.02,451.03,450.43,450.4325,889141,9030,450.83
2023-07-14T10:30:00.000,450.43,450.725,450.12,450.38,1164901,11170,450.8
2023-07-14T10:35:00.000,450.37,450.42,449.868,450.23,1405246,10280,450.74
2023-07-14T10:40:00.000,450.22,450.27,449.915,450.0,649470,6324,450.71
2023-07-14T10:45:00.000,450.02,450.09,449.54,449.6101,1555101,9219,450.65
2023-07-14T10:50:00.000,449.615,450.08,449.52,450.06,851398,7716,450.61
2023-07-14T10:55:00.000,450.0699,450.29,450.02,450.155,699328,5986,450.59
2023-07-14T11:00:00.000,450.155,450.36,450.07,450.3001,468783,4857,450.58
2023-07-14T11:05:00.000,450.31,450.325,450.05,450.1,1445157,4225,450.57
2023-07-14T11:10:00.000,450.095,450.38,450.05,450.2,1211094,4792,450.56
2023-07-14T11:15:00.000,450.2,450.48,450.09,450.42,558491,4942,450.56
2023-07-14T11:20:00.000,450.41,450.5,450.33,450.42,520199,4905,450.55
2023-07-14T11:25:00.000,450.4204,450.53,450.15,450.3975,459789,4464,450.55
2023-07-14T11:30:00.000,450.4,450.69,450.3975,450.59,459231,4328,450.55
2023-07-14T11:35:00.000,450.59,450.815,450.455,450.67,882681,5388,450.55
2023-07-14T11:40:00.000,450.67,450.685,450.27,450.375,600681,4757,450.55
2023-07-14T11:45:00.000,450.39,450.41,450.22,450.2491,472267,4465,450.54
2023-07-14T11:50:00.000,450.245,450.35,450.0783,450.315,497507,4644,450.54
2023-07-14T11:55:00.000,450.32,450.53,450.265,450.49,646078,4331,450.53
2023-07-14T12:00:00.000,450.5,450.54,450.24,450.295,378852,4130,450.53
2023-07-14T12:05:00.000,450.31,450.31,450.085,450.13,870225,6150,450.52
2023-07-14T12:10:00.000,450.12,450.17,449.915,449.93,516986,5232,450.51
2023-07-14T12:15:00.000,449.94,450.12,449.89,449.89,952247,4363,450.5
2023-07-14T12:20:00.000,449.88,450.11,449.74,449.74,490702,4689,450.49
2023-07-14T12:25:00.000,449.745,449.89,449.715,449.755,911823,4163,450.48
2023-07-14T12:30:00.000,449.76,450.03,449.615,449.99,1303501,5084,450.47
2023-07-14T12:35:00.000,449.995,450.1,449.955,450.0,310230,3060,450.46
2023-07-14T12:40:00.000,449.995,450.1173,449.89,450.04,730298,4266,450.46
2023-07-14T12:45:00.000,450.05,450.09,449.56,449.985,470454,4434,450.45
2023-07-14T12:50:00.000,449.985,450.0,449.74,449.7903,281044,2961,450.44
2023-07-14T12:55:00.000,449.785,449.82,449.64,449.8096,388613,3459,450.43
2023-07-14T13:00:00.000,449.81,449.855,449.31,449.48,604509,5339,450.41
2023-07-14T13:05:00.000,449.47,449.48,449.19,449.345,493140,4326,450.39
2023-07-14T13:10:00.000,449.34,449.675,449.25,449.625,450144,4112,450.38
2023-07-14T13:15:00.000,449.62,449.785,449.57,449.58,509418,4162,450.37
2023-07-14T13:20:00.000,449.57,449.67,449.51,449.58,316602,3285,450.36
2023-07-14T13:25:00.000,449.58,449.78,449.435,449.75,299591,3162,450.35
2023-07-14T13:30:00.000,449.75,449.91,449.67,449.89,370325,4078,450.35
2023-07-14T13:35:00.000,449.8924,450.05,449.87,450.05,405546,3761,450.34
2023-07-14T13:40:00.000,450.05,450.05,449.84,449.84,484476,4309,450.34
2023-07-14T13:45:00.000,449.83,450.14,449.8,450.105,388836,3525,450.33
2023-07-14T13:50:00.000,450.0981,450.105,449.96,450.07,225524,2490,450.33
2023-07-14T13:55:00.000,450.05,450.11,449.765,449.8387,338554,3554,450.33
2023-07-14T14:00:00.000,449.84,450.17,449.83,450.085,764052,4417,450.32
2023-07-14T14:05:00.000,450.085,450.2,450.015,450.145,380930,3478,450.32
2023-07-14T14:10:00.000,450.15,450.23,450.065,450.205,463966,3686,450.32
2023-07-14T14:15:00.000,450.2,450.26,450.03,450.14,304226,3139,450.32
2023-07-14T14:20:00.000,450.141,450.18,449.66,449.785,478430,4284,450.31
2023-07-14T14:25:00.000,449.78,449.83,449.54,449.59,410726,3927,450.3
2023-07-14T14:30:00.000,449.61,449.75,449.45,449.51,427922,3964,450.3
2023-07-14T14:35:00.000,449.5,449.5,449.21,449.38,567171,4563,450.28
2023-07-14T14:40:00.000,449.395,449.59,449.34,449.394,615924,3654,450.27
2023-07-14T14:45:00.000,449.3926,449.51,449.275,449.5,267293,2654,450.27
2023-07-14T14:50:00.000,449.491,449.81,449.42,449.695,509303,4525,450.26
2023-07-14T14:55:00.000,449.695,449.7699,449.19,449.2699,467862,4439,450.25
2023-07-14T15:00:00.000,449.265,449.281,448.63,448.88,1860459,12064,450.2
2023-07-14T15:05:00.000,448.881,449.13,448.65,449.12,894998,7418,450.18
2023-07-14T15:10:00.000,449.12,449.28,448.94,449.27,561088,5992,450.16
2023-07-14T15:15:00.000,449.27,449.55,449.25,449.4,718761,6232,450.15
2023-07-14T15:20:00.000,449.405,449.42,449.025,449.07,441172,4474,450.14
2023-07-14T15:25:00.000,449.06,449.18,448.925,449.12,583370,5082,450.13
2023-07-14T15:30:00.000,449.13,449.21,448.96,449.142,855389,5618,450.11
2023-07-14T15:35:00.000,449.15,449.15,448.91,449.09,522693,4844,450.1
2023-07-14T15:40:00.000,449.1,449.1764,448.9,448.925,616952,5959,450.08
2023-07-14T15:45:00.000,448.925,449.09,448.6,448.7,1876287,8746,450.06
2023-07-14T15:50:00.000,448.69,449.245,448.49,448.97,1763864,11786,450.02
2023-07-14T15:55:00.000,448.98,449.35,448.64,449.28,4776193,25604,449.92
2023-07-14T16:00:00.000,449.27,449.27,449.27,449.27,200,2,449.92
2023-07-15T09:30:00.000,0.0,0.0,0.0,0.0,0,0,0.0
2023-07-15T09:35:00.000,0.0,0.0,0.0,0.0,0,0,0.0
2023-07-15T09:40:00.000,0.0,0.0,0.0,0.0,0,0,0.0
2023-07-15T09:45:00.000,0.0,0.0,0.0,0.0,0,0,0.0
2023-07-15T09:50:00.000,0.0,0.0,0.0,0.0,0,0,0.0
2023-07-15T09:55:00.000,0.0,0.0,0.0,0.0,0,0,0.0
2023-07-15T10:00:00.000,0.0,0.0,0.0,0.0,0,0,0.0
2023-07-15T10:05:00.000,0.0,0.0,0.0,0.0,0,0,0.0
2023-07-15T10:10:00.000,0.0,0.0,0.0,0.0,0,0,0.0
2023-07-15T10:15:00.000,0.0,0.0,0.0,0.0,0,0,0.0
2023-07-15T10:20:00.000,0.0,0.0,0.0,0.0,0,0,0.0
2023-07-15T10:25:00.000,0.0,0.0,0.0,0.0,0,0,0.0
2023-07-15T10:30:00.000,0.0,0.0,0.0,0.0,0,0,0.0
2023-07-15T10:35:00.000,0.0,0.0,0.0,0.0,0,0,0.0
2023-07-15T10:40:00.000,0.0,0.0,0.0,0.0,0,0,0.0
2023-07-15T10:45:00.000,0.0,0.0,0.0,0.0,0,0,0.0
2023-07-15T10:50:00.000,0.0,0.0,0.0,0.0,0,0,0.0
2023-07-15T10:55:00.000,0.0,0.0,0.0,0.0,0,0,0.0
2023-07-15T11:00:00.000,0.0,0.0,0.0,0.0,0,0,0.0
2023-07-15T11:05:00.000,0.0,0.0,0.0,0.0,0,0,0.0
2023-07-15T11:10:00.000,0.0,0.0,0.0,0.0,0,0,0.0
2023-07-15T11:15:00.000,0.0,0.0,0.0,0.0,0,0,0.0
2023-07-15T11:20:00.000,0.0,0.0,0.0,0.0,0,0,0.0
2023-07-15T11:25:00.000,0.0,0.0,0.0,0.0,0,0,0.0
2023-07-15T11:30:00.000,0.0,0.0,0.0,0.0,0,0,0.0
2023-07-15T11:35:00.000,0.0,0.0,0.0,0.0,0,0,0.0
2023-07-15T11:40:00.000,0.0,0.0,0.0,0.0,0,0,0.0
2023-07-15T11:45:00.000,0.0,0.0,0.0,0.0,0,0,0.0
2023-07-15T11:50:00.000,0.0,0.0,0.0,0.0,0,0,0.0
2023-07-15T11:55:00.000,0.0,0.0,0.0,0.0,0,0,0.0
2023-07-15T12:00:00.000,0.0,0.0,0.0,0.0,0,0,0.0
2023-07-15T12:05:00.000,0.0,0.0,0.0,0.0,0,0,0.0
2023-07-15T12:10:00.000,0.0,0.0,0.0,0.0,0,0,0.0
2023-07-15T12:15:00.000,0.0,0.0,0.0,0.0,0,0,0.0
2023-07-15T12:20:00.000,0.0,0.0,0.0,0.0,0,0,0.0
2023-07-15T12:25:00.000,0.0,0.0,0.0,0.0,0,0,0.0
2023-07-15T12:30:00.000,0.0,0.0,0.0,0.0,0,0,0.0
2023-07-15T12:35:00.000,0.0,0.0,0.0,0.0,0,0,0.0
2023-07-15T12:40:00.000,0.0,0.0,0.0,0.0,0,0,0.0
2023-07-15T12:45:00.000,0.0,0.0,0.0,0.0,0,0,0.0
2023-07-15T12:50:00.000,0.0,0.0,0.0,0.0,0,0,0.0
2023-07-15T12:55:00.000,0.0,0.0,0.0,0.0,0,0,0.0
2023-07-15T13:00:00.000,0.0,0.0,0.0,0.0,0,0,0.0
2023-07-15T13:05:00.000,0.0,0.0,0.0,0.0,0,0,0.0
2023-07-15T13:10:00.000,0.0,0.0,0.0,0.0,0,0,0.0
2023-07-15T13:15:00.000,0.0,0.0,0.0,0.0,0,0,0.0
2023-07-15T13:20:00.000,0.0,0.0,0.0,0.0,0,0,0.0
2023-07-15T13:25:00.000,0.0,0.0,0.0,0.0,0,0,0.0
2023-07-15T13:30:00.000,0.0,0.0,0.0,0.0,0,0,0.0
2023-07-15T13:35:00.000,0.0,0.0,0.0,0.0,0,0,0.0
2023-07-15T13:40:00.000,0.0,0.0,0.0,0.0,0,0,0.0
2023-07-15T13:45:00.000,0.0,0.0,0.0,0.0,0,0,0.0
2023-07-15T13:50:00.000,0.0,0.0,0.0,0.0,0,0,0.0
2023-07-15T13:55:00.000,0.0,0.0,0.0,0.0,0,0,0.0
2023-07-15T14:00:00.000,0.0,0.0,0.0,0.0,0,0,0.0
2023-07-15T14:05:00.000,0.0,0.0,0.0,0.0,0,0,0.0
2023-07-15T14:10:00.000,0.0,0.0,0.0,0.0,0,0,0.0
2023-07-15T14:15:00.000,0.0,0.0,0.0,0.0,0,0,0.0
2023-07-15T14:20:00.000,0.0,0.0,0.0,0.0,0,0,0.0
2023-07-15T14:25:00.000,0.0,0.0,0.0,0.0,0,0,0.0
2023-07-15T14:30:00.000,0.0,0.0,0.0,0.0,0,0,0.0
2023-07-15T14:35:00.000,0.0,0.0,0.0,0.0,0,0,0.0
2023-07-15T14:40:00.000,0.0,0.0,0.0,0.0,0,0,0.0
2023-07-15T14:45:00.000,0.0,0.0,0.0,0.0,0,0,0.0
2023-07-15T14:50:00.000,0.0,0.0,0.0,0.0,0,0,0.0
2023-07-15T14:55:00.000,0.0,0.0,0.0,0.0,0,0,0.0
2023-07-15T15:00:00.000,0.0,0.0,0.0,0.0,0,0,0.0
2023-07-15T15:05:00.000,0.0,0.0,0.0,0.0,0,0,0.0
2023-07-15T15:10:00.000,0.0,0.0,0.0,0.0,0,0,0.0
2023-07-15T15:15:00.000,0.0,0.0,0.0,0.0,0,0,0.0
2023-07-15T15:20:00.000,0.0,0.0,0.0,0.0,0,0,0.0
2023-07-15T15:25:00.000,0.0,0.0,0.0,0.0,0,0,0.0
2023-07-15T15:30:00.000,0.0,0.0,0.0,0.0,0,0,0.0
2023-07-15T15:35:00.000,0.0,0.0,0.0,0.0,0,0,0.0
2023-07-15T15:40:00.000,0.0,0.0,0.0,0.0,0,0,0.0
2023-07-15T15:45:00.000,0.0,0.0,0.0,0.0,0,0,0.0
2023-07-15T15:50:00.000,0.0,0.0,0.0,0.0,0,0,0.0
2023-07-15T15:55:00.000,0.0,0.0,0.0,0.0,0,0,0.0
2023-07-15T16:00:00.000,0.0,0.0,0.0,0.0,0,0,0.0
2023-07-16T09:30:00.000,0.0,0.0,0.0,0.0,0,0,0.0
2023-07-16T09:35:00.000,0.0,0.0,0.0,0.0,0,0,0.0
2023-07-16T09:40:00.000,0.0,0.0,0.0,0.0,0,0,0.0
2023-07-16T09:45:00.000,0.0,0.0,0.0,0.0,0,0,0.0
2023-07-16T09:50:00.000,0.0,0.0,0.0,0.0,0,0,0.0
2023-07-16T09:55:00.000,0.0,0.0,0.0,0.0,0,0,0.0
2023-07-16T10:00:00.000,0.0,0.0,0.0,0.0,0,0,0.0
2023-07-16T10:05:00.000,0.0,0.0,0.0,0.0,0,0,0.0
2023-07-16T10:10:00.000,0.0,0.0,0.0,0.0,0,0,0.0
2023-07-16T10:15:00.000,0.0,0.0,0.0,0.0,0,0,0.0
2023-07-16T10:20:00.000,0.0,0.0,0.0,0.0,0,0,0.0
2023-07-16T10:25:00.000,0.0,0.0,0.0,0.0,0,0,0.0
2023-07-16T10:30:00.000,0.0,0.0,0.0,0.0,0,0,0.0
2023-07-16T10:35:00.000,0.0,0.0,0.0,0.0,0,0,0.0
2023-07-16T10:40:00.000,0.0,0.0,0.0,0.0,0,0,0.0
2023-07-16T10:45:00.000,0.0,0.0,0.0,0.0,0,0,0.0
2023-07-16T10:50:00.000,0.0,0.0,0.0,0.0,0,0,0.0
2023-07-16T10:55:00.000,0.0,0.0,0.0,0.0,0,0,0.0
2023-07-16T11:00:00.000,0.0,0.0,0.0,0.0,0,0,0.0
2023-07-16T11:05:00.000,0.0,0.0,0.0,0.0,0,0,0.0
2023-07-16T11:10:00.000,0.0,0.0,0.0,0.0,0,0,0.0
2023-07-16T11:15:00.000,0.0,0.0,0.0,0.0,0,0,0.0
2023-07-16T11:20:00.000,0.0,0.0,0.0,0.0,0,0,0.0
2023-07-16T11:25:00.000,0.0,0.0,0.0,0.0,0,0,0.0
2023-07-16T11:30:00.000,0.0,0.0,0.0,0.0,0,0,0.0
2023-07-16T11:35:00.000,0.0,0.0,0.0,0.0,0,0,0.0
2023-07-16T11:40:00.000,0.0,0.0,0.0,0.0,0,0,0.0
2023-07-16T11:45:00.000,0.0,0.0,0.0,0.0,0,0,0.0
2023-07-16T11:50:00.000,0.0,0.0,0.0,0.0,0,0,0.0
2023-07-16T11:55:00.000,0.0,0.0,0.0,0.0,0,0,0.0
2023-07-16T12:00:00.000,0.0,0.0,0.0,0.0,0,0,0.0
2023-07-16T12:05:00.000,0.0,0.0,0.0,0.0,0,0,0.0
2023-07-16T12:10:00.000,0.0,0.0,0.0,0.0,0,0,0.0
2023-07-16T12:15:00.000,0.0,0.0,0.0,0.0,0,0,0.0
2023-07-16T12:20:00.000,0.0,0.0,0.0,0.0,0,0,0.0
2023-07-16T12:25:00.000,0.0,0.0,0.0,0.0,0,0,0.0
2023-07-16T12:30:00.000,0.0,0.0,0.0,0.0,0,0,0.0
2023-07-16T12:35:00.000,0.0,0.0,0.0,0.0,0,0,0.0
2023-07-16T12:40:00.000,0.0,0.0,0.0,0.0,0,0,0.0
2023-07-16T12:45:00.000,0.0,0.0,0.0,0.0,0,0,0.0
2023-07-16T12:50:00.000,0.0,0.0,0.0,0.0,0,0,0.0
2023-07-16T12:55:00.000,0.0,0.0,0.0,0.0,0,0,0.0
2023-07-16T13:00:00.000,0.0,0.0,0.0,0.0,0,0,0.0
2023-07-16T13:05:00.000,0.0,0.0,0.0,0.0,0,0,0.0
2023-07-16T13:10:00.000,0.0,0.0,0.0,0.0,0,0,0.0
2023-07-16T13:15:00.000,0.0,0.0,0.0,0.0,0,0,0.0
2023-07-16T13:20:00.000,0.0,0.0,0.0,0.0,0,0,0.0
2023-07-16T13:25:00.000,0.0,0.0,0.0,0.0,0,0,0.0
2023-07-16T13:30:00.000,0.0,0.0,0.0,0.0,0,0,0.0
2023-07-16T13:35:00.000,0.0,0.0,0.0,0.0,0,0,0.0
2023-07-16T13:40:00.000,0.0,0.0,0.0,0.0,0,0,0.0
2023-07-16T13:45:00.000,0.0,0.0,0.0,0.0,0,0,0.0
2023-07-16T13:50:00.000,0.0,0.0,0.0,0.0,0,0,0.0
2023-07-16T13:55:00.000,0.0,0.0,0.0,0.0,0,0,0.0
2023-07-16T14:00:00.000,0.0,0.0,0.0,0.0,0,0,0.0
2023-07-16T14:05:00.000,0.0,0.0,0.0,0.0,0,0,0.0
2023-07-16T14:10:00.000,0.0,0.0,0.0,0.0,0,0,0.0
2023-07-16T14:15:00.000,0.0,0.0,0.0,0.0,0,0,0.0
2023-07-16T14:20:00.000,0.0,0.0,0.0,0.0,0,0,0.0
2023-07-16T14:25:00.000,0.0,0.0,0.0,0.0,0,0,0.0
2023-07-16T14:30:00.000,0.0,0.0,0.0,0.0,0,0,0.0
2023-07-16T14:35:00.000,0.0,0.0,0.0,0.0,0,0,0.0
2023-07-16T14:40:00.000,0.0,0.0,0.0,0.0,0,0,0.0
2023-07-16T14:45:00.000,0.0,0.0,0.0,0.0,0,0,0.0
2023-07-16T14:50:00.000,0.0,0.0,0.0,0.0,0,0,0.0
2023-07-16T14:55:00.000,0.0,0.0,0.0,0.0,0,0,0.0
2023-07-16T15:00:00.000,0.0,0.0,0.0,0.0,0,0,0.0
2023-07-16T15:05:00.000,0.0,0.0,0.0,0.0,0,0,0.0
2023-07-16T15:10:00.000,0.0,0.0,0.0,0.0,0,0,0.0
2023-07-16T15:15:00.000,0.0,0.0,0.0,0.0,0,0,0.0
2023-07-16T15:20:00.000,0.0,0.0,0.0,0.0,0,0,0.0
2023-07-16T15:25:00.000,0.0,0.0,0.0,0.0,0,0,0.0
2023-07-16T15:30:00.000,0.0,0.0,0.0,0.0,0,0,0.0
2023-07-16T15:35:00.000,0.0,0.0,0.0,0.0,0,0,0.0
2023-07-16T15:40:00.000,0.0,0.0,0.0,0.0,0,0,0.0
2023-07-16T15:45:00.000,0.0,0.0,0.0,0.0,0,0,0.0
2023-07-16T15:50:00.000,0.0,0.0,0.0,0.0,0,0,0.0
2023-07-16T15:55:00.000,0.0,0.0,0.0,0.0,0,0,0.0
2023-07-16T16:00:00.000,0.0,0.0,0.0,0.0,0,0,0.0
2023-07-17T09:30:00.000,449.13,449.8,449.08,449.37,1503240,13455,449.47
2023-07-17T09:35:00.000,449.37,449.735,449.27,449.51,780848,7784,449.48
2023-07-17T09:40:00.000,449.5,449.655,449.22,449.318,616639,6166,449.47
2023-07-17T09:45:00.000,449.33,449.52,449.13,449.26,626540,7377,449.44
2023-07-17T09:50:00.000,449.26,449.53,449.2,449.4804,477829,5939,449.43
2023-07-17T09:55:00.000,449.48,449.68,449.38,449.64,553839,6575,449.44
2023-07-17T10:00:00.000,449.64,449.935,449.6,449.89,2497409,8396,449.5
2023-07-17T10:05:00.000,449.9,450.085,449.68,449.99,691313,7184,449.55
2023-07-17T10:10:00.000,449.98,449.98,449.625,449.88,540891,6351,449.57
2023-07-17T10:15:00.000,449.87,449.98,449.74,449.875,491372,5532,449.59
2023-07-17T10:20:00.000,449.88,450.035,449.86,450.02,372043,4733,449.61
2023-07-17T10:25:00.000,450.02,450.03,449.73,449.84,447854,5184,449.62
2023-07-17T10:30:00.000,449.85,449.935,449.76,449.83,516780,4665,449.63
2023-07-17T10:35:00.000,449.83,449.975,449.66,449.79,448703,5300,449.64
2023-07-17T10:40:00.000,449.795,449.94,449.67,449.9,355284,4451,449.65
2023-07-17T10:45:00.000,449.9,450.141,449.85,450.075,494012,5318,449.67
2023-07-17T10:50:00.000,450.07,450.08,449.86,450.01,388185,4092,449.68
2023-07-17T10:55:00.000,450.02,450.03,449.735,449.96,405338,4148,449.69
2023-07-17T11:00:00.000,449.97,450.06,449.81,449.92,286168,3228,449.69
2023-07-17T11:05:00.000,449.92,450.07,449.87,450.04,344141,3321,449.7
2023-07-17T11:10:00.000,450.03,450.19,449.77,450.18,458481,4248,449.71
2023-07-17T11:15:00.000,450.185,450.19,450.01,450.13,574913,4035,449.72
2023-07-17T11:20:00.000,450.14,450.28,450.09,450.2584,329521,3624,449.74
2023-07-17T11:25:00.000,450.25,450.46,450.19,450.38,547567,5191,449.76
2023-07-17T11:30:00.000,450.38,450.49,450.28,450.435,631050,5958,449.79
2023-07-17T11:35:00.000,450.445,450.61,450.41,450.5001,544314,4711,449.82
2023-07-17T11:40:00.000,450.5,450.64,450.48,450.59,541930,5034,449.85
2023-07-17T11:45:00.000,450.599,450.64,450.53,450.605,330553,3360,449.86
2023-07-17T11:50:00.000,450.6,450.71,450.39,450.46,731119,5962,449.9
2023-07-17T11:55:00.000,450.455,450.74,450.42,450.67,458089,4022,449.92
2023-07-17T12:00:00.000,450.69,450.73,450.46,450.47,416249,4266,449.93
2023-07-17T12:05:00.000,450.48,450.6171,450.46,450.535,330668,3116,449.94
2023-07-17T12:10:00.000,450.5301,450.668,450.52,450.57,262712,2633,449.95
2023-07-17T12:15:00.000,450.5699,450.575,450.32,450.3468,336769,3394,449.96
2023-07-17T12:20:00.000,450.34,450.49,450.23,450.35,393343,3795,449.97
2023-07-17T12:25:00.000,450.34,450.4,450.2,450.24,292669,2994,449.98
2023-07-17T12:30:00.000,450.24,450.27,450.091,450.15,387015,3328,449.98
2023-07-17T12:35:00.000,450.1512,450.24,450.04,450.2227,354058,3203,449.98
2023-07-17T12:40:00.000,450.22,450.4,450.21,450.33,613360,3212,449.99
2023-07-17T12:45:00.000,450.335,450.42,450.29,450.3997,273939,2865,450.0
2023-07-17T12:50:00.000,450.4,450.5899,450.36,450.56,248942,2733,450.0
2023-07-17T12:55:00.000,450.55,450.61,450.475,450.6,193391,2042,450.01
2023-07-17T13:00:00.000,450.598,450.6,450.47,450.56,190948,2162,450.01
2023-07-17T13:05:00.000,450.57,450.69,450.32,450.4,477562,4355,450.02
2023-07-17T13:10:00.000,450.4,450.6095,450.36,450.53,237678,2496,450.03
2023-07-17T13:15:00.000,450.54,450.59,450.46,450.49,160937,1842,450.03
2023-07-17T13:20:00.000,450.49,450.5,450.3,450.3175,297378,2279,450.04
2023-07-17T13:25:00.000,450.315,450.48,450.285,450.48,138668,1715,450.04
2023-07-17T13:30:00.000,450.465,450.57,450.465,450.55,492030,3434,450.04
2023-07-17T13:35:00.000,450.55,450.575,450.42,450.42,170376,2045,450.05
2023-07-17T13:40:00.000,450.43,450.6699,450.42,450.6377,194947,2352,450.05
2023-07-17T13:45:00.000,450.64,450.855,450.61,450.82,366539,3117,450.06
2023-07-17T13:50:00.000,450.82,450.86,450.66,450.7,747135,2499,450.07
2023-07-17T13:55:00.000,450.69,450.8102,450.64,450.79,231910,2459,450.08
2023-07-17T14:00:00.000,450.8,450.86,450.68,450.72,305894,3042,450.09
2023-07-17T14:05:00.000,450.73,450.78,450.645,450.75,219468,2437,450.09
2023-07-17T14:10:00.000,450.7503,450.88,450.72,450.8325,204090,2341,450.1
2023-07-17T14:15:00.000,450.84,450.92,450.8,450.81,287695,2681,450.11
2023-07-17T14:20:00.000,450.805,451.13,450.805,451.1108,670317,5615,450.13
2023-07-17T14:25:00.000,451.11,451.115,450.92,451.0101,395009,3871,450.14
2023-07-17T14:30:00.000,451.01,451.0964,450.85,450.9001,404551,3248,450.15
2023-07-17T14:35:00.000,450.91,450.92,450.66,450.72,604617,3570,450.16
2023-07-17T14:40:00.000,450.72,450.84,450.7018,450.835,422604,2682,450.17
2023-07-17T14:45:00.000,450.835,450.86,450.765,450.83,275590,2192,450.17
2023-07-17T14:50:00.000,450.83,450.965,450.775,450.95,247204,2504,450.18
2023-07-17T14:55:00.000,450.955,451.0,450.84,450.89,293053,3003,450.19
2023-07-17T15:00:00.000,450.89,451.1,450.89,451.095,561581,3353,450.2
2023-07-17T15:05:00.000,451.095,451.11,450.99,451.025,319773,3385,450.21
2023-07-17T15:10:00.000,451.03,451.21,451.0,451.165,369686,3920,450.22
2023-07-17T15:15:00.000,451.16,451.93,451.105,451.765,933219,8306,450.26
2023-07-17T15:20:00.000,451.765,451.92,451.33,451.59,1403884,11527,450.32
2023-07-17T15:25:00.000,451.585,451.675,451.4,451.54,692682,6041,450.35
2023-07-17T15:30:00.000,451.53,451.535,451.21,451.2901,750398,6293,450.37
2023-07-17T15:35:00.000,451.29,451.46,451.22,451.37,1021491,6171,450.4
2023-07-17T15:40:00.000,451.365,451.5,451.27,451.31,716213,5809,450.42
2023-07-17T15:45:00.000,451.3,451.5199,451.22,451.29,1170536,9705,450.45
2023-07-17T15:50:00.000,451.28,451.435,450.88,451.28,1961637,14977,450.49
2023-07-17T15:55:00.000,451.26,451.275,450.6,450.855,4512354,22871,450.53
2023-07-17T16:00:00.000,450.84,450.84,450.84,450.84,521,3,450.53
2023-07-18T09:30:00.000,450.5,450.55,450.0484,450.41,1875904,13884,450.3
2023-07-18T09:35:00.000,450.41,450.75,450.27,450.55,988031,8697,450.38
2023-07-18T09:40:00.000,450.55,451.2,450.5,451.06,1001362,8225,450.53
2023-07-18T09:45:00.000,451.055,451.34,451.05,451.155,850041,8003,450.65
2023-07-18T09:50:00.000,451.16,451.24,450.73,451.09,925169,9277,450.71
2023-07-18T09:55:00.000,451.07,451.63,451.062,451.52,594892,6637,450.76
2023-07-18T10:00:00.000,451.51,451.73,451.51,451.69,743835,7562,450.86
2023-07-18T10:05:00.000,451.68,451.835,451.61,451.74,676335,6953,450.94
2023-07-18T10:10:00.000,451.745,451.83,451.57,451.69,726611,7339,451.01
2023-07-18T10:15:00.000,451.69,451.8,451.56,451.66,537520,5781,451.05
2023-07-18T10:20:00.000,451.665,451.75,451.52,451.645,680723,6339,451.09
2023-07-18T10:25:00.000,451.648,451.69,451.43,451.64,500391,5617,451.11
2023-07-18T10:30:00.000,451.65,451.72,451.3401,451.52,489540,5909,451.13
2023-07-18T10:35:00.000,451.52,451.7499,451.51,451.73,312973,3669,451.14
2023-07-18T10:40:00.000,451.739,451.95,451.73,451.915,600979,5973,451.18
2023-07-18T10:45:00.000,451.91,452.31,451.9,452.3,654200,6719,451.23
2023-07-18T10:50:00.000,452.295,452.3099,452.08,452.145,566564,5120,451.28
2023-07-18T10:55:00.000,452.145,452.27,452.04,452.26,430033,4572,451.31
2023-07-18T11:00:00.000,452.26,452.55,452.26,452.545,447618,4485,451.34
2023-07-18T11:05:00.000,452.545,452.5979,452.41,452.5325,494143,4626,451.38
2023-07-18T11:10:00.000,452.53,452.69,452.44,452.47,667657,6249,451.44
2023-07-18T11:15:00.000,452.47,452.57,452.3725,452.52,496771,4474,451.47
2023-07-18T11:20:00.000,452.52,452.5401,452.43,452.5,353789,3503,451.5
2023-07-18T11:25:00.000,452.5,452.52,452.28,452.32,590505,5827,451.53
2023-07-18T11:30:00.000,452.33,452.33,452.05,452.21,707048,6771,451.56
2023-07-18T11:35:00.000,452.21,452.49,452.16,452.4701,562627,5205,451.58
2023-07-18T11:40:00.000,452.47,452.7206,452.42,452.56,900861,6581,451.62
2023-07-18T11:45:00.000,452.56,453.27,452.56,453.25,1363660,10927,451.71
2023-07-18T11:50:00.000,453.25,453.3784,453.01,453.13,1138686,9735,451.79
2023-07-18T11:55:00.000,453.11,453.23,453.065,453.2,694858,6202,451.84
2023-07-18T12:00:00.000,453.22,453.28,452.98,453.085,642834,6125,451.88
2023-07-18T12:05:00.000,453.085,453.12,452.84,453.03,461132,4782,451.9
2023-07-18T12:10:00.000,453.02,453.03,452.82,452.89,417197,4507,451.92
2023-07-18T12:15:00.000,452.89,453.04,452.83,453.0,371001,3720,451.93
2023-07-18T12:20:00.000,453.01,453.05,452.44,452.44,641786,6489,451.95
2023-07-18T12:25:00.000,452.445,452.99,452.44,452.99,699275,6559,451.98
2023-07-18T12:30:00.000,452.98,453.03,452.8,453.0007,599554,5510,452.0
2023-07-18T12:35:00.000,453.0,453.13,452.93,453.0401,479605,4621,452.02
2023-07-18T12:40:00.000,453.04,453.1399,452.89,453.03,406102,4453,452.04
2023-07-18T12:45:00.000,453.03,453.06,452.78,452.94,420709,4130,452.05
2023-07-18T12:50:00.000,452.93,453.0,452.825,452.89,309824,3476,452.06
2023-07-18T12:55:00.000,452.88,452.94,452.775,452.845,439856,4087,452.07
2023-07-18T13:00:00.000,452.85,453.0753,452.82,453.02,395684,3736,452.08
2023-07-18T13:05:00.000,453.02,453.205,453.015,453.19,736187,4697,452.1
2023-07-18T13:10:00.000,453.18,453.31,453.16,453.29,464147,4329,452.12
2023-07-18T13:15:00.000,453.29,453.4,453.16,453.19,575181,5233,452.14
2023-07-18T13:20:00.000,453.19,453.21,453.0,453.095,378830,3906,452.16
2023-07-18T13:25:00.000,453.1,453.2,453.06,453.1801,429934,3838,452.17
2023-07-18T13:30:00.000,453.19,453.32,453.13,453.3,424728,4257,452.19
2023-07-18T13:35:00.000,453.295,453.3,453.16,453.3,413163,3738,452.2
2023-07-18T13:40:00.000,453.295,453.45,453.265,453.28,437939,3894,452.22
2023-07-18T13:45:00.000,453.28,453.4357,453.185,453.41,279124,2817,452.23
2023-07-18T13:50:00.000,453.415,453.45,453.305,453.4472,580746,3253,452.24
2023-07-18T13:55:00.000,453.4406,453.52,453.38,453.49,366090,3625,452.25
2023-07-18T14:00:00.000,453.485,453.69,453.41,453.68,810695,5358,452.28
2023-07-18T14:05:00.000,453.69,453.86,453.67,453.82,716995,5842,452.31
2023-07-18T14:10:00.000,453.83,453.92,453.8,453.915,492488,4398,452.33
2023-07-18T14:15:00.000,453.92,453.95,453.8099,453.88,586532,5550,452.36
2023-07-18T14:20:00.000,453.89,454.3,453.84,454.145,930505,7776,452.4
2023-07-18T14:25:00.000,454.14,454.32,453.98,454.31,561326,5106,452.43
2023-07-18T14:30:00.000,454.315,454.43,454.06,454.1,765165,7120,452.47
2023-07-18T14:35:00.000,454.09,454.09,453.87,453.935,756275,6243,452.5
2023-07-18T14:40:00.000,453.93,454.09,453.76,454.0699,1135683,5573,452.52
2023-07-18T14:45:00.000,454.06,454.36,454.06,454.3213,545332,5121,452.55
2023-07-18T14:50:00.000,454.321,454.34,454.15,454.16,452386,4661,452.57
2023-07-18T14:55:00.000,454.17,454.23,454.13,454.15,393320,3913,452.58
2023-07-18T15:00:00.000,454.155,454.1899,453.8398,454.1601,715970,6115,452.61
2023-07-18T15:05:00.000,454.16,454.3,454.14,454.26,433051,4234,452.62
2023-07-18T15:10:00.000,454.26,454.65,454.23,454.59,1007174,7136,452.66
2023-07-18T15:15:00.000,454.588,454.845,454.53,454.63,1130442,7588,452.7
2023-07-18T15:20:00.000,454.635,454.705,454.43,454.705,647741,5566,452.73
2023-07-18T15:25:00.000,454.705,454.71,454.46,454.485,774914,4753,452.75
2023-07-18T15:30:00.000,454.48,454.55,454.19,454.36,954958,7404,452.78
2023-07-18T15:35:00.000,454.36,454.47,454.24,454.435,973820,8189,452.82
2023-07-18T15:40:00.000,454.44,454.58,454.43,454.465,911719,8754,452.85
2023-07-18T15:45:00.000,454.4525,454.82,454.34,454.65,1935611,13152,452.91
2023-07-18T15:50:00.000,454.65,454.86,454.285,454.45,3827310,21488,453.02
2023-07-18T15:55:00.000,454.46,454.47,454.09,454.19,9682492,39730,453.2
2023-07-18T16:00:00.000,454.18,454.18,454.18,454.18,1100,1,453.2
2023-07-19T09:30:00.000,455.01,455.81,455.01,455.46,2244096,17968,455.52
2023-07-19T09:35:00.000,455.47,456.04,455.46,456.02,1751661,13055,455.64
2023-07-19T09:40:00.000,456.03,456.12,455.85,455.85,1112469,10025,455.72
2023-07-19T09:45:00.000,455.85,455.9376,455.66,455.83,875996,8484,455.73
2023-07-19T09:50:00.000,455.825,455.93,455.6201,455.83,847848,9114,455.74
2023-07-19T09:55:00.000,455.83,456.0601,455.71,456.02,734773,8351,455.75
2023-07-19T10:00:00.000,456.01,456.13,455.83,456.09,719611,8717,455.78
2023-07-19T10:05:00.000,456.09,456.27,455.93,456.08,752962,8001,455.8
2023-07-19T10:10:00.000,456.09,456.34,456.01,456.04,978243,7887,455.83
2023-07-19T10:15:00.000,456.04,456.18,455.79,456.15,1263664,8228,455.84
2023-07-19T10:20:00.000,456.15,456.34,456.09,456.305,609287,6619,455.86
2023-07-19T10:25:00.000,456.3,456.34,455.78,455.82,924242,9401,455.88
2023-07-19T10:30:00.000,455.8,455.98,455.65,455.7499,1235095,9929,455.88
2023-07-19T10:35:00.000,455.74,455.8,455.545,455.77,796458,7292,455.87
2023-07-19T10:40:00.000,455.7708,456.12,455.68,456.04,805785,7437,455.87
2023-07-19T10:45:00.000,456.0373,456.17,455.77,455.8699,812596,6192,455.88
2023-07-19T10:50:00.000,455.87,456.15,455.15,455.26,730511,7314,455.87
2023-07-19T10:55:00.000,455.26,455.455,454.6,455.28,1828900,13158,455.8
2023-07-19T11:00:00.000,455.29,455.4885,455.09,455.2255,667386,6137,455.78
2023-07-19T11:05:00.000,455.2209,455.51,455.2209,455.43,423901,4111,455.77
2023-07-19T11:10:00.000,455.44,455.8,455.33,455.8,524779,5069,455.76
2023-07-19T11:15:00.000,455.79,455.96,455.685,455.82,597645,4810,455.76
2023-07-19T11:20:00.000,455.82,455.8421,455.32,455.42,1223449,6951,455.76
2023-07-19T11:25:00.000,455.42,455.805,455.42,455.75,424201,4124,455.75
2023-07-19T11:30:00.000,455.755,456.06,455.75,456.0301,442820,4523,455.76
2023-07-19T11:35:00.000,456.035,456.05,455.73,455.81,522779,4992,455.76
2023-07-19T11:40:00.000,455.82,455.92,455.7288,455.9,401250,3912,455.76
2023-07-19T11:45:00.000,455.9,456.0,455.79,455.9,296692,3115,455.76
2023-07-19T11:50:00.000,455.9,456.08,455.7991,456.07,324161,3419,455.76
2023-07-19T11:55:00.000,456.07,456.15,455.83,455.98,469780,4423,455.77
2023-07-19T12:00:00.000,455.98,456.43,455.935,455.97,1053787,9071,455.79
2023-07-19T12:05:00.000,455.97,456.29,455.91,456.134,1035561,8896,455.8
2023-07-19T12:10:00.000,456.14,456.29,455.9617,456.1,575277,5423,455.81
2023-07-19T12:15:00.000,456.09,456.09,455.73,455.8885,941631,6313,455.81
2023-07-19T12:20:00.000,455.89,455.93,455.4,455.535,1094642,7803,455.8
2023-07-19T12:25:00.000,455.53,455.59,455.09,455.379,732287,6560,455.79
2023-07-19T12:30:00.000,455.365,455.37,454.76,455.34,1175442,8630,455.77
2023-07-19T12:35:00.000,455.35,455.35,454.87,454.91,475571,4452,455.76
2023-07-19T12:40:00.000,454.9,455.15,454.77,455.14,636526,5478,455.74
2023-07-19T12:45:00.000,455.13,455.25,454.9509,455.065,398974,3935,455.73
2023-07-19T12:50:00.000,455.0509,455.37,454.99,455.31,395518,3853,455.72
2023-07-19T12:55:00.000,455.3,455.365,455.145,455.359,382369,3611,455.72
2023-07-19T13:00:00.000,455.37,455.41,455.08,455.08,513404,5064,455.71
2023-07-19T13:05:00.000,455.07,455.08,454.65,454.8893,576423,5901,455.7
2023-07-19T13:10:00.000,454.88,455.35,454.82,455.3123,480045,4422,455.69
2023-07-19T13:15:00.000,455.31,455.32,455.08,455.135,292019,3061,455.68
2023-07-19T13:20:00.000,455.14,455.26,455.03,455.22,460191,2524,455.68
2023-07-19T13:25:00.000,455.2,455.22,454.9492,455.15,271854,2937,455.67
2023-07-19T13:30:00.000,455.14,455.24,454.95,454.95,311327,3964,455.67
2023-07-19T13:35:00.000,454.94,455.01,454.78,454.875,358208,3807,455.66
2023-07-19T13:40:00.000,454.88,455.34,454.81,455.1901,379539,3858,455.66
2023-07-19T13:45:00.000,455.1905,455.36,455.1337,455.155,317053,3092,455.65
2023-07-19T13:50:00.000,455.17,455.26,455.045,455.164,205903,2464,455.65
2023-07-19T13:55:00.000,455.17,455.18,454.9254,455.0785,220620,2660,455.65
2023-07-19T14:00:00.000,455.075,455.2,454.94,455.05,626819,5399,455.64
2023-07-19T14:05:00.000,455.0594,455.0594,454.42,454.48,882775,8524,455.61
2023-07-19T14:10:00.000,454.48,454.71,454.41,454.58,747103,6798,455.59
2023-07-19T14:15:00.000,454.58,454.62,454.41,454.445,422898,4360,455.58
2023-07-19T14:20:00.000,454.455,454.6101,454.37,454.46,812456,5036,455.56
2023-07-19T14:25:00.000,454.46,454.785,454.45,454.7001,712650,4683,455.55
2023-07-19T14:30:00.000,454.71,455.225,454.685,455.12,829569,5710,455.54
2023-07-19T14:35:00.000,455.12,455.19,455.05,455.16,470943,4398,455.54
2023-07-19T14:40:00.000,455.16,455.47,455.1,455.32,591905,5652,455.54
2023-07-19T14:45:00.000,455.3194,455.38,455.14,455.225,521305,3779,455.53
2023-07-19T14:50:00.000,455.229,455.36,455.1,455.26,265359,3146,455.53
2023-07-19T14:55:00.000,455.25,455.43,455.2,455.375,349705,3217,455.53
2023-07-19T15:00:00.000,455.38,455.55,455.37,455.53,447453,4578,455.53
2023-07-19T15:05:00.000,455.535,455.76,455.49,455.665,454738,4755,455.53
2023-07-19T15:10:00.000,455.66,455.79,455.57,455.73,464144,4451,455.53
2023-07-19T15:15:00.000,455.74,455.91,455.73,455.9,519666,4715,455.54
2023-07-19T15:20:00.000,455.905,456.07,455.88,455.975,711652,5964,455.54
2023-07-19T15:25:00.000,455.99,456.055,455.7999,455.81,476432,5162,455.55
2023-07-19T15:30:00.000,455.81,455.815,455.46,455.5282,755046,6969,455.55
2023-07-19T15:35:00.000,455.525,455.56,455.18,455.44,940244,6416,455.55
2023-07-19T15:40:00.000,455.435,455.59,455.36,455.5,558325,5540,455.54
2023-07-19T15:45:00.000,455.5,455.51,455.31,455.37,699324,6644,455.54
2023-07-19T15:50:00.000,455.38,455.67,455.29,455.305,2022847,10813,455.54
2023-07-19T15:55:00.000,455.3,455.44,455.03,455.13,3839641,20928,455.52
2023-07-19T16:00:00.000,455.11,455.11,455.11,455.11,171,2,455.52
2023-07-20T09:30:00.000,454.17,455.02,454.1,454.79,1496111,12313,454.57
2023-07-20T09:35:00.000,454.8,455.06,454.66,454.84,1250212,10131,454.71
2023-07-20T09:40:00.000,454.83,454.95,454.6,454.86,912837,8538,454.72
2023-07-20T09:45:00.000,454.87,455.1,454.73,455.04,1065811,8761,454.78
2023-07-20T09:50:00.000,455.04,455.09,454.76,454.92,731435,7568,454.8
2023-07-20T09:55:00.000,454.925,454.99,454.745,454.81,567934,6387,454.8
2023-07-20T10:00:00.000,454.82,454.95,454.38,454.405,1064308,10468,454.77
2023-07-20T10:05:00.000,454.4,454.43,454.02,454.1799,1029745,9895,454.7
2023-07-20T10:10:00.000,454.18,454.39,453.92,454.02,978119,9703,454.64
2023-07-20T10:15:00.000,454.04,454.245,453.75,453.81,733048,7987,454.59
2023-07-20T10:20:00.000,453.81,453.81,453.39,453.47,1197978,10910,454.48
2023-07-20T10:25:00.000,453.472,453.54,453.23,453.485,950537,9541,454.39
2023-07-20T10:30:00.000,453.49,453.49,452.97,453.08,840961,9076,454.31
2023-07-20T10:35:00.000,453.07,453.335,452.825,452.8499,921635,8604,454.23
2023-07-20T10:40:00.000,452.845,453.3,452.81,453.3,1214956,11771,454.14
2023-07-20T10:45:00.000,453.29,453.59,453.23,453.4501,867667,7809,454.1
2023-07-20T10:50:00.000,453.455,453.85,453.39,453.76,990158,8282,454.07
2023-07-20T10:55:00.000,453.75,453.8,453.52,453.67,593586,5316,454.05
2023-07-20T11:00:00.000,453.665,454.12,453.61,454.06,739611,6969,454.05
2023-07-20T11:05:00.000,454.05,454.17,453.88,453.909,685038,6164,454.04
2023-07-20T11:10:00.000,453.91,454.04,453.74,453.805,499697,4574,454.04
2023-07-20T11:15:00.000,453.8,453.855,453.64,453.68,472793,4628,454.03
2023-07-20T11:20:00.000,453.69,453.83,453.45,453.47,572919,5678,454.02
2023-07-20T11:25:00.000,453.45,453.91,453.44,453.74,573313,5795,454.02
2023-07-20T11:30:00.000,453.74,454.04,453.71,453.94,560311,5971,454.01
2023-07-20T11:35:00.000,453.94,454.365,453.94,454.31,506055,5214,454.02
2023-07-20T11:40:00.000,454.31,454.33,454.12,454.18,524395,5395,454.02
2023-07-20T11:45:00.000,454.18,454.25,453.84,453.98,644102,5734,454.02
2023-07-20T11:50:00.000,453.98,454.225,453.89,454.065,738523,4072,454.02
2023-07-20T11:55:00.000,454.06,454.14,453.97,454.06,437525,4504,454.02
2023-07-20T12:00:00.000,454.06,454.355,454.03,454.35,427788,4558,454.02
2023-07-20T12:05:00.000,454.345,454.4758,454.24,454.4577,385376,4218,454.03
2023-07-20T12:10:00.000,454.46,454.6299,454.3635,454.5999,471738,4499,454.04
2023-07-20T12:15:00.000,454.59,454.78,454.36,454.3791,958773,7565,454.06
2023-07-20T12:20:00.000,454.375,454.43,453.99,454.06,707750,6122,454.06
2023-07-20T12:25:00.000,454.06,454.14,453.87,453.87,799882,4222,454.06
2023-07-20T12:30:00.000,453.88,453.96,453.43,453.465,668932,6258,454.06
2023-07-20T12:35:00.000,453.465,453.66,453.33,453.43,1130406,7421,454.04
2023-07-20T12:40:00.000,453.42,453.77,453.37,453.62,559050,4737,454.03
2023-07-20T12:45:00.000,453.62,453.7199,453.5601,453.7199,469510,4393,454.02
2023-07-20T12:50:00.000,453.71,453.8399,453.6,453.68,565692,3345,454.02
2023-07-20T12:55:00.000,453.69,453.69,453.42,453.495,357044,3861,454.02
2023-07-20T13:00:00.000,453.5,453.57,453.38,453.515,362077,3936,454.01
2023-07-20T13:05:00.000,453.515,453.655,453.335,453.345,385174,3592,454.0
2023-07-20T13:10:00.000,453.35,453.62,453.335,453.5635,619684,4211,454.0
2023-07-20T13:15:00.000,453.57,453.619,453.21,453.348,340815,3440,453.99
2023-07-20T13:20:00.000,453.3499,453.57,453.19,453.26,334723,3503,453.99
2023-07-20T13:25:00.000,453.24,453.7,453.22,453.6604,439508,3476,453.98
2023-07-20T13:30:00.000,453.66,453.805,453.545,453.805,444746,4502,453.98
2023-07-20T13:35:00.000,453.8,453.8,453.3,453.3,346197,3401,453.97
2023-07-20T13:40:00.000,453.29,453.53,453.255,453.49,316988,3130,453.97
2023-07-20T13:45:00.000,453.5,453.69,453.49,453.5604,570466,2817,453.96
2023-07-20T13:50:00.000,453.5601,453.7,453.455,453.48,339614,3183,453.96
2023-07-20T13:55:00.000,453.465,453.55,453.35,453.3989,282999,2534,453.96
2023-07-20T14:00:00.000,453.39,453.44,453.15,453.3,668588,5667,453.94
2023-07-20T14:05:00.000,453.3,453.49,453.23,453.385,348127,3485,453.94
2023-07-20T14:10:00.000,453.38,453.4,453.07,453.105,384366,3735,453.93
2023-07-20T14:15:00.000,453.0999,453.16,452.72,452.7487,821131,7435,453.91
2023-07-20T14:20:00.000,452.7405,452.86,452.505,452.685,740531,7469,453.89
2023-07-20T14:25:00.000,452.685,452.7,452.0891,452.09,1188039,8427,453.85
2023-07-20T14:30:00.000,452.115,452.525,452.085,452.47,1431282,8595,453.81
2023-07-20T14:35:00.000,452.465,452.77,452.39,452.6399,676056,6514,453.79
2023-07-20T14:40:00.000,452.64,452.68,452.38,452.43,794072,5592,453.78
2023-07-20T14:45:00.000,452.43,452.7399,452.405,452.585,439631,4451,453.76
2023-07-20T14:50:00.000,452.585,452.73,452.49,452.625,509581,5037,453.75
2023-07-20T14:55:00.000,452.625,452.7,452.46,452.485,647609,3897,453.74
2023-07-20T15:00:00.000,452.49,452.745,452.2601,452.31,746984,7009,453.72
2023-07-20T15:05:00.000,452.31,452.41,452.22,452.24,711678,6910,453.69
2023-07-20T15:10:00.000,452.23,452.43,452.17,452.2,668599,6882,453.67
2023-07-20T15:15:00.000,452.195,452.27,451.7,451.7799,1317298,10066,453.63
2023-07-20T15:20:00.000,451.775,451.965,451.62,451.675,756511,7038,453.6
2023-07-20T15:25:00.000,451.67,451.72,451.44,451.5199,811768,7143,453.56
2023-07-20T15:30:00.000,451.52,452.15,451.515,451.89,1248994,10633,453.52
2023-07-20T15:35:00.000,451.89,452.135,451.82,451.995,902517,7882,453.49
2023-07-20T15:40:00.000,451.995,452.28,451.97,452.085,1414962,9005,453.46
2023-07-20T15:45:00.000,452.08,452.1,451.8,451.995,1186940,9823,453.43
2023-07-20T15:50:00.000,451.99,452.3799,451.95,452.18,1694336,12931,453.39
2023-07-20T15:55:00.000,452.18,452.41,451.98,452.18,4688507,23590,453.3
2023-07-20T16:00:00.000,452.18,452.18,452.18,452.18,535,1,453.3
2023-07-21T09:30:00.000,453.96,454.07,453.4,453.84,2006447,16843,453.75
2023-07-21T09:35:00.000,453.83,454.05,453.61,453.72,1054887,10007,453.79
2023-07-21T09:40:00.000,453.73,453.8071,453.35,453.44,1120805,8072,453.75
2023-07-21T09:45:00.000,453.445,453.6,452.83,452.98,1110887,11275,453.63
2023-07-21T09:50:00.000,452.97,453.12,452.58,452.88,1359567,9519,453.45
2023-07-21T09:55:00.000,452.88,453.07,452.75,452.83,628108,7042,453.4
2023-07-21T10:00:00.000,452.84,452.98,452.21,452.66,1323992,12588,453.26
2023-07-21T10:05:00.000,452.65,452.97,452.505,452.9,904467,8798,453.21
2023-07-21T10:10:00.000,452.91,453.33,452.84,453.26,734355,7628,453.21
2023-07-21T10:15:00.000,453.27,453.57,453.24,453.54,676240,7191,453.23
2023-07-21T10:20:00.000,453.53,453.56,452.73,452.81,753977,7625,453.22
2023-07-21T10:25:00.000,452.82,452.8599,452.3,452.3064,910156,8535,453.17
2023-07-21T10:30:00.000,452.3,452.84,452.29,452.64,565518,6446,453.15
2023-07-21T10:35:00.000,452.63,452.975,452.6,452.68,598451,5526,453.13
2023-07-21T10:40:00.000,452.69,453.16,452.69,452.95,513402,5017,453.13
2023-07-21T10:45:00.000,452.97,453.46,452.94,453.3801,596373,5851,453.13
2023-07-21T10:50:00.000,453.378,453.46,453.04,453.085,703803,6140,453.14
2023-07-21T10:55:00.000,453.095,453.14,452.92,453.09,450502,3976,453.13
2023-07-21T11:00:00.000,453.09,453.45,453.06,453.14,352015,4105,453.14
2023-07-21T11:05:00.000,453.14,453.77,453.135,453.7,742644,6208,453.16
2023-07-21T11:10:00.000,453.71,453.88,453.53,453.58,481408,4755,453.17
2023-07-21T11:15:00.000,453.58,453.795,453.52,453.652,677117,3954,453.18
2023-07-21T11:20:00.000,453.66,453.77,453.595,453.6689,288039,2984,453.19
2023-07-21T11:25:00.000,453.665,453.85,453.56,453.845,319826,3425,453.2
2023-07-21T11:30:00.000,453.85,454.0406,453.6,453.6,2467806,7565,453.23
2023-07-21T11:35:00.000,453.6,453.82,453.54,453.7,514621,4599,453.24
2023-07-21T11:40:00.000,453.72,453.77,453.27,453.27,624279,5701,453.25
2023-07-21T11:45:00.000,453.27,453.77,453.1,453.75,430226,4259,453.25
2023-07-21T11:50:00.000,453.77,453.89,453.35,453.37,563834,4619,453.26
2023-07-21T11:55:00.000,453.37,453.7,453.27,453.69,688817,3838,453.26
2023-07-21T12:00:00.000,453.69,453.7,453.32,453.46,355294,3492,453.27
2023-07-21T12:05:00.000,453.45,453.46,453.25,453.31,277530,2902,453.27
2023-07-21T12:10:00.000,453.31,453.41,453.115,453.215,505911,3886,453.27
2023-07-21T12:15:00.000,453.215,453.4401,453.2,453.41,342953,3421,453.27
2023-07-21T12:20:00.000,453.41,453.615,453.35,453.365,304310,2995,453.27
2023-07-21T12:25:00.000,453.37,453.4,453.08,453.1101,261732,2964,453.27
2023-07-21T12:30:00.000,453.11,453.28,453.0604,453.22,610091,4159,453.27
2023-07-21T12:35:00.000,453.211,453.2157,453.05,453.17,379899,3726,453.27
2023-07-21T12:40:00.000,453.17,453.18,452.74,452.84,646807,5742,453.26
2023-07-21T12:45:00.000,452.83,452.8597,452.61,452.794,425569,4027,453.25
2023-07-21T12:50:00.000,452.8,453.009,452.75,452.895,317591,3071,453.24
2023-07-21T12:55:00.000,452.9,452.98,452.83,452.98,255966,2420,453.24
2023-07-21T13:00:00.000,452.98,453.21,452.91,453.195,625530,3202,453.24
2023-07-21T13:05:00.000,453.2,453.49,453.19,453.4195,426001,3933,453.24
2023-07-21T13:10:00.000,453.42,453.66,453.39,453.535,419421,3851,453.24
2023-07-21T13:15:00.000,453.54,453.72,453.51,453.6101,350676,3436,453.25
2023-07-21T13:20:00.000,453.61,453.66,453.51,453.58,661446,3462,453.25
2023-07-21T13:25:00.000,453.56,453.79,453.48,453.775,304109,3353,453.26
2023-07-21T13:30:00.000,453.78,454.025,453.7,453.9436,472366,4606,453.27
2023-07-21T13:35:00.000,453.95,454.01,453.8122,454.0,492486,3411,453.28
2023-07-21T13:40:00.000,454.0,454.165,453.82,453.845,543341,5400,453.29
2023-07-21T13:45:00.000,453.85,453.924,453.78,453.9,584693,3237,453.3
2023-07-21T13:50:00.000,453.91,454.1499,453.875,454.12,293443,3104,453.3
2023-07-21T13:55:00.000,454.115,454.12,453.87,454.05,689770,4267,453.31
2023-07-21T14:00:00.000,454.07,454.13,453.61,453.645,564728,5215,453.32
2023-07-21T14:05:00.000,453.65,453.78,453.4755,453.69,346017,3291,453.33
2023-07-21T14:10:00.000,453.69,453.73,453.12,453.1801,437521,4287,453.33
2023-07-21T14:15:00.000,453.185,453.49,453.1,453.4,716614,3883,453.33
2023-07-21T14:20:00.000,453.405,453.45,453.22,453.29,331116,3544,453.33
2023-07-21T14:25:00.000,453.3,453.37,453.13,453.33,1084165,3509,453.33
2023-07-21T14:30:00.000,453.33,453.41,453.12,453.27,401785,4034,453.33
2023-07-21T14:35:00.000,453.27,453.51,453.25,453.41,342380,3322,453.33
2023-07-21T14:40:00.000,453.41,453.69,453.4,453.605,357068,3743,453.33
2023-07-21T14:45:00.000,453.6025,453.8,453.6,453.69,340239,3195,453.33
2023-07-21T14:50:00.000,453.685,453.696,453.45,453.45,336017,3640,453.34
2023-07-21T14:55:00.000,453.45,453.45,453.14,453.2,434022,4449,453.34
2023-07-21T15:00:00.000,453.21,453.24,452.9,452.92,435587,4153,453.33
2023-07-21T15:05:00.000,452.9201,452.96,452.39,452.475,1079633,7522,453.32
2023-07-21T15:10:00.000,452.47,452.525,452.32,452.465,877108,7950,453.3
2023-07-21T15:15:00.000,452.461,452.73,452.41,452.72,842677,7592,453.28
2023-07-21T15:20:00.000,452.7218,452.935,452.41,452.53,727955,6663,453.27
2023-07-21T15:25:00.000,452.53,452.74,452.42,452.67,627721,5786,453.26
2023-07-21T15:30:00.000,452.68,452.715,452.38,452.405,955170,6747,453.24
2023-07-21T15:35:00.000,452.41,452.6499,452.34,452.4694,1258063,6971,453.23
2023-07-21T15:40:00.000,452.46,452.605,452.2,452.36,1259567,10931,453.2
2023-07-21T15:45:00.000,452.37,452.675,452.24,452.425,1510694,11256,453.18
2023-07-21T15:50:00.000,452.43,452.75,452.34,452.5996,2339861,16259,453.15
2023-07-21T15:55:00.000,452.6,452.7,452.17,452.19,5924423,29376,453.06
2023-07-21T16:00:00.000,0.0,0.0,0.0,0.0,29,1,453.06
2023-07-22T09:30:00.000,0.0,0.0,0.0,0.0,0,0,0.0
2023-07-22T09:35:00.000,0.0,0.0,0.0,0.0,0,0,0.0
2023-07-22T09:40:00.000,0.0,0.0,0.0,0.0,0,0,0.0
2023-07-22T09:45:00.000,0.0,0.0,0.0,0.0,0,0,0.0
2023-07-22T09:50:00.000,0.0,0.0,0.0,0.0,0,0,0.0
2023-07-22T09:55:00.000,0.0,0.0,0.0,0.0,0,0,0.0
2023-07-22T10:00:00.000,0.0,0.0,0.0,0.0,0,0,0.0
2023-07-22T10:05:00.000,0.0,0.0,0.0,0.0,0,0,0.0
2023-07-22T10:10:00.000,0.0,0.0,0.0,0.0,0,0,0.0
2023-07-22T10:15:00.000,0.0,0.0,0.0,0.0,0,0,0.0
2023-07-22T10:20:00.000,0.0,0.0,0.0,0.0,0,0,0.0
2023-07-22T10:25:00.000,0.0,0.0,0.0,0.0,0,0,0.0
2023-07-22T10:30:00.000,0.0,0.0,0.0,0.0,0,0,0.0
2023-07-22T10:35:00.000,0.0,0.0,0.0,0.0,0,0,0.0
2023-07-22T10:40:00.000,0.0,0.0,0.0,0.0,0,0,0.0
2023-07-22T10:45:00.000,0.0,0.0,0.0,0.0,0,0,0.0
2023-07-22T10:50:00.000,0.0,0.0,0.0,0.0,0,0,0.0
2023-07-22T10:55:00.000,0.0,0.0,0.0,0.0,0,0,0.0
2023-07-22T11:00:00.000,0.0,0.0,0.0,0.0,0,0,0.0
2023-07-22T11:05:00.000,0.0,0.0,0.0,0.0,0,0,0.0
2023-07-22T11:10:00.000,0.0,0.0,0.0,0.0,0,0,0.0
2023-07-22T11:15:00.000,0.0,0.0,0.0,0.0,0,0,0.0
2023-07-22T11:20:00.000,0.0,0.0,0.0,0.0,0,0,0.0
2023-07-22T11:25:00.000,0.0,0.0,0.0,0.0,0,0,0.0
2023-07-22T11:30:00.000,0.0,0.0,0.0,0.0,0,0,0.0
2023-07-22T11:35:00.000,0.0,0.0,0.0,0.0,0,0,0.0
2023-07-22T11:40:00.000,0.0,0.0,0.0,0.0,0,0,0.0
2023-07-22T11:45:00.000,0.0,0.0,0.0,0.0,0,0,0.0
2023-07-22T11:50:00.000,0.0,0.0,0.0,0.0,0,0,0.0
2023-07-22T11:55:00.000,0.0,0.0,0.0,0.0,0,0,0.0
2023-07-22T12:00:00.000,0.0,0.0,0.0,0.0,0,0,0.0
2023-07-22T12:05:00.000,0.0,0.0,0.0,0.0,0,0,0.0
2023-07-22T12:10:00.000,0.0,0.0,0.0,0.0,0,0,0.0
2023-07-22T12:15:00.000,0.0,0.0,0.0,0.0,0,0,0.0
2023-07-22T12:20:00.000,0.0,0.0,0.0,0.0,0,0,0.0
2023-07-22T12:25:00.000,0.0,0.0,0.0,0.0,0,0,0.0
2023-07-22T12:30:00.000,0.0,0.0,0.0,0.0,0,0,0.0
2023-07-22T12:35:00.000,0.0,0.0,0.0,0.0,0,0,0.0
2023-07-22T12:40:00.000,0.0,0.0,0.0,0.0,0,0,0.0
2023-07-22T12:45:00.000,0.0,0.0,0.0,0.0,0,0,0.0
2023-07-22T12:50:00.000,0.0,0.0,0.0,0.0,0,0,0.0
2023-07-22T12:55:00.000,0.0,0.0,0.0,0.0,0,0,0.0
2023-07-22T13:00:00.000,0.0,0.0,0.0,0.0,0,0,0.0
2023-07-22T13:05:00.000,0.0,0.0,0.0,0.0,0,0,0.0
2023-07-22T13:10:00.000,0.0,0.0,0.0,0.0,0,0,0.0
2023-07-22T13:15:00.000,0.0,0.0,0.0,0.0,0,0,0.0
2023-07-22T13:20:00.000,0.0,0.0,0.0,0.0,0,0,0.0
2023-07-22T13:25:00.000,0.0,0.0,0.0,0.0,0,0,0.0
2023-07-22T13:30:00.000,0.0,0.0,0.0,0.0,0,0,0.0
2023-07-22T13:35:00.000,0.0,0.0,0.0,0.0,0,0,0.0
2023-07-22T13:40:00.000,0.0,0.0,0.0,0.0,0,0,0.0
2023-07-22T13:45:00.000,0.0,0.0,0.0,0.0,0,0,0.0
2023-07-22T13:50:00.000,0.0,0.0,0.0,0.0,0,0,0.0
2023-07-22T13:55:00.000,0.0,0.0,0.0,0.0,0,0,0.0
2023-07-22T14:00:00.000,0.0,0.0,0.0,0.0,0,0,0.0
2023-07-22T14:05:00.000,0.0,0.0,0.0,0.0,0,0,0.0
2023-07-22T14:10:00.000,0.0,0.0,0.0,0.0,0,0,0.0
2023-07-22T14:15:00.000,0.0,0.0,0.0,0.0,0,0,0.0
2023-07-22T14:20:00.000,0.0,0.0,0.0,0.0,0,0,0.0
2023-07-22T14:25:00.000,0.0,0.0,0.0,0.0,0,0,0.0
2023-07-22T14:30:00.000,0.0,0.0,0.0,0.0,0,0,0.0
2023-07-22T14:35:00.000,0.0,0.0,0.0,0.0,0,0,0.0
2023-07-22T14:40:00.000,0.0,0.0,0.0,0.0,0,0,0.0
2023-07-22T14:45:00.000,0.0,0.0,0.0,0.0,0,0,0.0
2023-07-22T14:50:00.000,0.0,0.0,0.0,0.0,0,0,0.0
2023-07-22T14:55:00.000,0.0,0.0,0.0,0.0,0,0,0.0
2023-07-22T15:00:00.000,0.0,0.0,0.0,0.0,0,0,0.0
2023-07-22T15:05:00.000,0.0,0.0,0.0,0.0,0,0,0.0
2023-07-22T15:10:00.000,0.0,0.0,0.0,0.0,0,0,0.0
2023-07-22T15:15:00.000,0.0,0.0,0.0,0.0,0,0,0.0
2023-07-22T15:20:00.000,0.0,0.0,0.0,0.0,0,0,0.0
2023-07-22T15:25:00.000,0.0,0.0,0.0,0.0,0,0,0.0
2023-07-22T15:30:00.000,0.0,0.0,0.0,0.0,0,0,0.0
2023-07-22T15:35:00.000,0.0,0.0,0.0,0.0,0,0,0.0
2023-07-22T15:40:00.000,0.0,0.0,0.0,0.0,0,0,0.0
2023-07-22T15:45:00.000,0.0,0.0,0.0,0.0,0,0,0.0
2023-07-22T15:50:00.000,0.0,0.0,0.0,0.0,0,0,0.0
2023-07-22T15:55:00.000,0.0,0.0,0.0,0.0,0,0,0.0
2023-07-22T16:00:00.000,0.0,0.0,0.0,0.0,0,0,0.0
2023-07-23T09:30:00.000,0.0,0.0,0.0,0.0,0,0,0.0
2023-07-23T09:35:00.000,0.0,0.0,0.0,0.0,0,0,0.0
2023-07-23T09:40:00.000,0.0,0.0,0.0,0.0,0,0,0.0
2023-07-23T09:45:00.000,0.0,0.0,0.0,0.0,0,0,0.0
2023-07-23T09:50:00.000,0.0,0.0,0.0,0.0,0,0,0.0
2023-07-23T09:55:00.000,0.0,0.0,0.0,0.0,0,0,0.0
2023-07-23T10:00:00.000,0.0,0.0,0.0,0.0,0,0,0.0
2023-07-23T10:05:00.000,0.0,0.0,0.0,0.0,0,0,0.0
2023-07-23T10:10:00.000,0.0,0.0,0.0,0.0,0,0,0.0
2023-07-23T10:15:00.000,0.0,0.0,0.0,0.0,0,0,0.0
2023-07-23T10:20:00.000,0.0,0.0,0.0,0.0,0,0,0.0
2023-07-23T10:25:00.000,0.0,0.0,0.0,0.0,0,0,0.0
2023-07-23T10:30:00.000,0.0,0.0,0.0,0.0,0,0,0.0
2023-07-23T10:35:00.000,0.0,0.0,0.0,0.0,0,0,0.0
2023-07-23T10:40:00.000,0.0,0.0,0.0,0.0,0,0,0.0
2023-07-23T10:45:00.000,0.0,0.0,0.0,0.0,0,0,0.0
2023-07-23T10:50:00.000,0.0,0.0,0.0,0.0,0,0,0.0
2023-07-23T10:55:00.000,0.0,0.0,0.0,0.0,0,0,0.0
2023-07-23T11:00:00.000,0.0,0.0,0.0,0.0,0,0,0.0
2023-07-23T11:05:00.000,0.0,0.0,0.0,0.0,0,0,0.0
2023-07-23T11:10:00.000,0.0,0.0,0.0,0.0,0,0,0.0
2023-07-23T11:15:00.000,0.0,0.0,0.0,0.0,0,0,0.0
2023-07-23T11:20:00.000,0.0,0.0,0.0,0.0,0,0,0.0
2023-07-23T11:25:00.000,0.0,0.0,0.0,0.0,0,0,0.0
2023-07-23T11:30:00.000,0.0,0.0,0.0,0.0,0,0,0.0
2023-07-23T11:35:00.000,0.0,0.0,0.0,0.0,0,0,0.0
2023-07-23T11:40:00.000,0.0,0.0,0.0,0.0,0,0,0.0
2023-07-23T11:45:00.000,0.0,0.0,0.0,0.0,0,0,0.0
2023-07-23T11:50:00.000,0.0,0.0,0.0,0.0,0,0,0.0
2023-07-23T11:55:00.000,0.0,0.0,0.0,0.0,0,0,0.0
2023-07-23T12:00:00.000,0.0,0.0,0.0,0.0,0,0,0.0
2023-07-23T12:05:00.000,0.0,0.0,0.0,0.0,0,0,0.0
2023-07-23T12:10:00.000,0.0,0.0,0.0,0.0,0,0,0.0
2023-07-23T12:15:00.000,0.0,0.0,0.0,0.0,0,0,0.0
2023-07-23T12:20:00.000,0.0,0.0,0.0,0.0,0,0,0.0
2023-07-23T12:25:00.000,0.0,0.0,0.0,0.0,0,0,0.0
2023-07-23T12:30:00.000,0.0,0.0,0.0,0.0,0,0,0.0
2023-07-23T12:35:00.000,0.0,0.0,0.0,0.0,0,0,0.0
2023-07-23T12:40:00.000,0.0,0.0,0.0,0.0,0,0,0.0
2023-07-23T12:45:00.000,0.0,0.0,0.0,0.0,0,0,0.0
2023-07-23T12:50:00.000,0.0,0.0,0.0,0.0,0,0,0.0
2023-07-23T12:55:00.000,0.0,0.0,0.0,0.0,0,0,0.0
2023-07-23T13:00:00.000,0.0,0.0,0.0,0.0,0,0,0.0
2023-07-23T13:05:00.000,0.0,0.0,0.0,0.0,0,0,0.0
2023-07-23T13:10:00.000,0.0,0.0,0.0,0.0,0,0,0.0
2023-07-23T13:15:00.000,0.0,0.0,0.0,0.0,0,0,0.0
2023-07-23T13:20:00.000,0.0,0.0,0.0,0.0,0,0,0.0
2023-07-23T13:25:00.000,0.0,0.0,0.0,0.0,0,0,0.0
2023-07-23T13:30:00.000,0.0,0.0,0.0,0.0,0,0,0.0
2023-07-23T13:35:00.000,0.0,0.0,0.0,0.0,0,0,0.0
2023-07-23T13:40:00.000,0.0,0.0,0.0,0.0,0,0,0.0
2023-07-23T13:45:00.000,0.0,0.0,0.0,0.0,0,0,0.0
2023-07-23T13:50:00.000,0.0,0.0,0.0,0.0,0,0,0.0
2023-07-23T13:55:00.000,0.0,0.0,0.0,0.0,0,0,0.0
2023-07-23T14:00:00.000,0.0,0.0,0.0,0.0,0,0,0.0
2023-07-23T14:05:00.000,0.0,0.0,0.0,0.0,0,0,0.0
2023-07-23T14:10:00.000,0.0,0.0,0.0,0.0,0,0,0.0
2023-07-23T14:15:00.000,0.0,0.0,0.0,0.0,0,0,0.0
2023-07-23T14:20:00.000,0.0,0.0,0.0,0.0,0,0,0.0
2023-07-23T14:25:00.000,0.0,0.0,0.0,0.0,0,0,0.0
2023-07-23T14:30:00.000,0.0,0.0,0.0,0.0,0,0,0.0
2023-07-23T14:35:00.000,0.0,0.0,0.0,0.0,0,0,0.0
2023-07-23T14:40:00.000,0.0,0.0,0.0,0.0,0,0,0.0
2023-07-23T14:45:00.000,0.0,0.0,0.0,0.0,0,0,0.0
2023-07-23T14:50:00.000,0.0,0.0,0.0,0.0,0,0,0.0
2023-07-23T14:55:00.000,0.0,0.0,0.0,0.0,0,0,0.0
2023-07-23T15:00:00.000,0.0,0.0,0.0,0.0,0,0,0.0
2023-07-23T15:05:00.000,0.0,0.0,0.0,0.0,0,0,0.0
2023-07-23T15:10:00.000,0.0,0.0,0.0,0.0,0,0,0.0
2023-07-23T15:15:00.000,0.0,0.0,0.0,0.0,0,0,0.0
2023-07-23T15:20:00.000,0.0,0.0,0.0,0.0,0,0,0.0
2023-07-23T15:25:00.000,0.0,0.0,0.0,0.0,0,0,0.0
2023-07-23T15:30:00.000,0.0,0.0,0.0,0.0,0,0,0.0
2023-07-23T15:35:00.000,0.0,0.0,0.0,0.0,0,0,0.0
2023-07-23T15:40:00.000,0.0,0.0,0.0,0.0,0,0,0.0
2023-07-23T15:45:00.000,0.0,0.0,0.0,0.0,0,0,0.0
2023-07-23T15:50:00.000,0.0,0.0,0.0,0.0,0,0,0.0
2023-07-23T15:55:00.000,0.0,0.0,0.0,0.0,0,0,0.0
2023-07-23T16:00:00.000,0.0,0.0,0.0,0.0,0,0,0.0
2023-07-24T09:30:00.000,453.37,454.3,453.35,454.24,1263324,11333,453.9
2023-07-24T09:35:00.000,454.24,454.41,453.779,454.14,1036485,9714,454.01
2023-07-24T09:40:00.000,454.15,454.45,454.15,454.26,735131,7475,454.07
2023-07-24T09:45:00.000,454.24,454.37,453.51,453.77,999346,9819,454.03
2023-07-24T09:50:00.000,453.74,453.83,452.76,452.79,1166666,10795,453.86
2023-07-24T09:55:00.000,452.8,453.27,452.75,453.2,1218074,11876,453.69
2023-07-24T10:00:00.000,453.195,453.4269,453.13,453.25,827347,9110,453.64
2023-07-24T10:05:00.000,453.24,453.36,452.91,453.2,769519,8355,453.6
2023-07-24T10:10:00.000,453.22,453.84,453.13,453.79,706557,7808,453.59
2023-07-24T10:15:00.000,453.78,454.16,453.71,453.995,1094022,10026,453.63
2023-07-24T10:20:00.000,453.99,454.14,453.8,454.01,701389,7016,453.65
2023-07-24T10:25:00.000,454.02,454.265,453.7999,454.12,733480,7217,453.68
2023-07-24T10:30:00.000,454.13,454.29,453.335,453.95,980746,9276,453.71
2023-07-24T10:35:00.000,453.93,454.18,453.74,453.8499,494555,5465,453.71
2023-07-24T10:40:00.000,453.84,454.07,453.7901,453.99,531735,5432,453.72
2023-07-24T10:45:00.000,453.99,454.09,453.85,453.9501,344530,4306,453.73
2023-07-24T10:50:00.000,453.98,454.2,453.78,454.1691,396216,4236,453.73
2023-07-24T10:55:00.000,454.15,454.3699,454.03,454.245,411666,4131,453.75
2023-07-24T11:00:00.000,454.25,454.31,453.95,454.05,417016,4115,453.76
2023-07-24T11:05:00.000,454.05,454.08,453.76,453.91,377866,3856,453.76
2023-07-24T11:10:00.000,453.915,454.42,453.85,454.3509,472107,4571,453.77
2023-07-24T11:15:00.000,454.355,454.58,454.335,454.47,624002,5584,453.8
2023-07-24T11:20:00.000,454.44,454.58,454.4327,454.526,1301999,3693,453.82
2023-07-24T11:25:00.000,454.53,454.53,454.27,454.28,372035,3614,453.83
2023-07-24T11:30:00.000,454.28,454.33,454.04,454.12,446530,4000,453.84
2023-07-24T11:35:00.000,454.11,454.2274,453.75,453.98,385859,3824,453.84
2023-07-24T11:40:00.000,453.975,454.14,453.89,454.03,322999,2815,453.85
2023-07-24T11:45:00.000,454.045,454.32,454.01,454.2115,263675,2639,453.85
2023-07-24T11:50:00.000,454.21,454.4906,454.2,454.48,361483,3377,453.86
2023-07-24T11:55:00.000,454.49,454.51,454.2934,454.49,341488,3597,453.87
2023-07-24T12:00:00.000,454.48,454.65,454.41,454.5501,363626,3712,453.88
2023-07-24T12:05:00.000,454.5301,454.56,454.34,454.4385,252209,2786,453.89
2023-07-24T12:10:00.000,454.44,454.56,454.36,454.55,727342,2819,453.9
2023-07-24T12:15:00.000,454.55,454.705,454.29,454.32,692967,3562,453.91
2023-07-24T12:20:00.000,454.32,454.35,454.14,454.23,275580,2946,453.91
2023-07-24T12:25:00.000,454.2101,454.51,454.1799,454.5023,291303,3002,453.92
2023-07-24T12:30:00.000,454.51,454.635,454.36,454.42,281592,3256,453.92
2023-07-24T12:35:00.000,454.425,454.4599,454.28,454.325,191815,2061,453.93
2023-07-24T12:40:00.000,454.31,454.38,454.205,454.3499,277693,2852,453.93
2023-07-24T12:45:00.000,454.354,454.36,454.14,454.1507,194432,2265,453.94
2023-07-24T12:50:00.000,454.15,454.28,453.995,454.225,304705,3207,453.94
2023-07-24T12:55:00.000,454.23,454.3992,454.14,454.3,191103,2350,453.94
2023-07-24T13:00:00.000,454.3,454.3,454.04,454.14,267360,2969,453.94
2023-07-24T13:05:00.000,454.15,454.259,454.03,454.17,204768,2437,453.94
2023-07-24T13:10:00.000,454.1629,454.43,454.15,454.31,261986,2734,453.95
2023-07-24T13:15:00.000,454.31,454.395,454.15,454.21,403404,3348,453.95
2023-07-24T13:20:00.000,454.215,454.3499,454.155,454.33,208999,2050,453.96
2023-07-24T13:25:00.000,454.32,454.4799,454.3,454.46,224683,2631,453.96
2023-07-24T13:30:00.000,454.465,454.5099,454.22,454.28,332585,4110,453.97
2023-07-24T13:35:00.000,454.2892,454.595,454.24,454.5598,524473,4127,453.98
2023-07-24T13:40:00.000,454.56,454.66,454.475,454.4897,903325,3911,453.99
2023-07-24T13:45:00.000,454.48,454.6599,454.48,454.63,417585,2168,453.99
2023-07-24T13:50:00.000,454.635,454.7968,454.555,454.74,314932,3210,454.0
2023-07-24T13:55:00.000,454.74,454.82,454.5804,454.77,358776,3013,454.01
2023-07-24T14:00:00.000,454.77,455.04,454.75,454.892,610027,5650,454.03
2023-07-24T14:05:00.000,454.9,454.9399,454.77,454.82,1438204,3673,454.04
2023-07-24T14:10:00.000,454.815,454.88,454.711,454.755,236629,2791,454.05
2023-07-24T14:15:00.000,454.75,454.82,454.615,454.671,470217,2830,454.06
2023-07-24T14:20:00.000,454.68,454.74,454.585,454.73,316772,3041,454.06
2023-07-24T14:25:00.000,454.73,454.81,454.59,454.6035,380022,2934,454.07
2023-07-24T14:30:00.000,454.61,454.61,454.32,454.38,389343,4002,454.07
2023-07-24T14:35:00.000,454.385,454.41,454.24,454.295,341518,3484,454.08
2023-07-24T14:40:00.000,454.31,454.32,453.85,453.975,738646,6713,454.08
2023-07-24T14:45:00.000,453.98,454.15,453.82,454.1498,603046,5511,454.07
2023-07-24T14:50:00.000,454.145,454.33,454.035,454.27,622015,4001,454.07
2023-07-24T14:55:00.000,454.275,454.32,454.19,454.29,368064,3256,454.08
2023-07-24T15:00:00.000,454.28,454.4377,454.12,454.26,419019,3795,454.08
2023-07-24T15:05:00.000,454.27,454.35,454.095,454.12,385601,3298,454.08
2023-07-24T15:10:00.000,454.12,454.21,453.97,453.9979,591977,3541,454.08
2023-07-24T15:15:00.000,453.995,454.209,453.96,454.15,434128,4115,454.08
2023-07-24T15:20:00.000,454.16,454.18,453.95,453.96,373822,3931,454.08
2023-07-24T15:25:00.000,453.96,453.96,453.43,453.49,930535,8122,454.07
2023-07-24T15:30:00.000,453.49,453.86,453.45,453.64,1313569,8816,454.06
2023-07-24T15:35:00.000,453.645,453.84,453.55,453.56,1081861,5965,454.05
2023-07-24T15:40:00.000,453.56,454.0,453.54,453.98,1016752,6909,454.04
2023-07-24T15:45:00.000,453.98,454.225,453.96,453.9695,1117981,9148,454.05
2023-07-24T15:50:00.000,453.96,454.06,453.73,453.78,1493192,11239,454.04
2023-07-24T15:55:00.000,453.785,454.24,453.785,454.2,3354936,14171,454.04
2023-07-24T16:00:00.000,0.0,0.0,0.0,0.0,0,0,454.04
2023-07-25T09:30:00.000,453.92,454.32,453.87,454.2919,1108764,10469,454.04
2023-07-25T09:35:00.000,454.295,454.53,454.2401,454.3699,738884,8486,454.17
2023-07-25T09:40:00.000,454.37,454.56,454.335,454.555,552198,5736,454.23
2023-07-25T09:45:00.000,454.55,454.7304,454.4334,454.71,735374,7147,454.32
2023-07-25T09:50:00.000,454.72,454.76,454.48,454.65,707566,6940,454.38
2023-07-25T09:55:00.000,454.64,455.13,454.6314,454.785,861726,8162,454.46
2023-07-25T10:00:00.000,454.8199,454.91,454.63,454.7199,498486,5793,454.49
2023-07-25T10:05:00.000,454.71,454.8,454.45,454.78,538947,5841,454.51
2023-07-25T10:10:00.000,454.77,454.95,454.7222,454.945,455872,4755,454.53
2023-07-25T10:15:00.000,454.95,455.0,454.65,454.82,521021,5796,454.55
2023-07-25T10:20:00.000,454.82,455.03,454.81,455.0,429544,5132,454.58
2023-07-25T10:25:00.000,454.995,455.05,454.74,454.7547,692421,5425,454.6
2023-07-25T10:30:00.000,454.745,454.785,454.41,454.53,729335,7532,454.59
2023-07-25T10:35:00.000,454.519,454.719,454.49,454.665,361333,3848,454.6
2023-07-25T10:40:00.000,454.66,454.76,454.5724,454.7555,395584,4027,454.6
2023-07-25T10:45:00.000,454.755,454.85,454.67,454.8,353360,3300,454.6
2023-07-25T10:50:00.000,454.8,454.8312,454.495,454.535,391011,3910,454.6
2023-07-25T10:55:00.000,454.52,454.675,454.48,454.6,301235,3287,454.6
2023-07-25T11:00:00.000,454.61,454.72,454.57,454.6401,213418,2552,454.6
2023-07-25T11:05:00.000,454.64,454.765,454.525,454.7,779363,2932,454.61
2023-07-25T11:10:00.000,454.7,454.88,454.66,454.855,369883,3667,454.61
2023-07-25T11:15:00.000,454.85,454.881,454.64,454.805,354438,3225,454.62
2023-07-25T11:20:00.000,454.8,455.03,454.78,455.01,543875,2868,454.62
2023-07-25T11:25:00.000,455.01,455.09,454.92,454.98,774484,3091,454.63
2023-07-25T11:30:00.000,455.0,455.21,454.96,455.13,454712,4348,454.65
2023-07-25T11:35:00.000,455.13,455.48,455.12,455.35,754334,6073,454.69
2023-07-25T11:40:00.000,455.37,455.6005,455.3009,455.52,1668000,6827,454.74
2023-07-25T11:45:00.000,455.5184,455.55,455.36,455.495,570154,4626,454.77
2023-07-25T11:50:00.000,455.4965,455.5099,455.38,455.4399,327577,3253,454.78
2023-07-25T11:55:00.000,455.431,455.47,455.29,455.39,444510,3976,454.8
2023-07-25T12:00:00.000,455.385,455.409,455.215,455.27,395467,3409,454.81
2023-07-25T12:05:00.000,455.261,455.54,455.26,455.54,428052,3816,454.83
2023-07-25T12:10:00.000,455.5501,455.56,455.4,455.45,636669,3055,454.84
2023-07-25T12:15:00.000,455.45,455.59,455.33,455.56,378409,3503,454.85
2023-07-25T12:20:00.000,455.55,455.59,455.351,455.39,286102,2918,454.86
2023-07-25T12:25:00.000,455.39,455.39,455.25,455.375,217581,2061,454.87
2023-07-25T12:30:00.000,455.37,455.4,455.27,455.38,208759,2316,454.87
2023-07-25T12:35:00.000,455.375,455.53,455.345,455.52,315340,2823,454.88
2023-07-25T12:40:00.000,455.52,455.555,455.3883,455.45,173116,1929,454.89
2023-07-25T12:45:00.000,455.465,455.52,455.41,455.44,197515,2122,454.89
2023-07-25T12:50:00.000,455.43,455.79,455.43,455.73,424021,4132,454.91
2023-07-25T12:55:00.000,455.7,455.89,455.65,455.8899,484460,3593,454.93
2023-07-25T13:00:00.000,455.9,456.075,455.81,455.94,627712,5477,454.97
2023-07-25T13:05:00.000,455.94,455.955,455.53,455.715,852621,6894,455.0
2023-07-25T13:10:00.000,455.7001,455.85,455.65,455.84,289063,2239,455.01
2023-07-25T13:15:00.000,455.84,456.0,455.81,455.9525,241582,2244,455.02
2023-07-25T13:20:00.000,455.96,456.12,455.95,456.06,350538,2837,455.03
2023-07-25T13:25:00.000,456.059,456.12,455.94,455.99,297181,2868,455.04
2023-07-25T13:30:00.000,455.995,456.13,455.995,456.0508,630715,3295,455.06
2023-07-25T13:35:00.000,456.05,456.1004,455.91,456.01,275364,2795,455.07
2023-07-25T13:40:00.000,456.01,456.11,455.875,456.08,543946,3043,455.08
2023-07-25T13:45:00.000,456.071,456.08,455.86,455.915,273671,2801,455.09
2023-07-25T13:50:00.000,455.92,455.925,455.775,455.85,528383,2714,455.1
2023-07-25T13:55:00.000,455.855,455.945,455.763,455.82,308794,2695,455.11
2023-07-25T14:00:00.000,455.825,455.96,455.7,455.9001,342559,3571,455.12
2023-07-25T14:05:00.000,455.9,455.97,455.79,455.8792,324807,3402,455.13
2023-07-25T14:10:00.000,455.87,456.09,455.83,456.09,1045845,4328,455.15
2023-07-25T14:15:00.000,456.1,456.23,455.97,456.1611,470618,4182,455.17
2023-07-25T14:20:00.000,456.17,456.44,456.14,456.37,753905,4466,455.19
2023-07-25T14:25:00.000,456.37,456.465,456.26,456.38,345167,3315,455.2
2023-07-25T14:30:00.000,456.385,456.66,456.385,456.6009,852100,4734,455.24
2023-07-25T14:35:00.000,456.6,456.735,456.485,456.5225,447221,4138,455.26
2023-07-25T14:40:00.000,456.53,456.67,456.35,456.6305,564463,4617,455.29
2023-07-25T14:45:00.000,456.63,456.67,456.18,456.195,551720,4578,455.31
2023-07-25T14:50:00.000,456.2,456.37,456.14,456.335,1108557,4796,455.33
2023-07-25T14:55:00.000,456.34,456.36,455.77,455.8299,581964,5005,455.34
2023-07-25T15:00:00.000,455.825,456.05,455.76,455.89,504899,4751,455.35
2023-07-25T15:05:00.000,455.89,456.1,455.85,456.09,344374,3446,455.36
2023-07-25T15:10:00.000,456.1,456.23,455.9,456.2,408885,3888,455.37
2023-07-25T15:15:00.000,456.19,456.275,456.02,456.055,388869,3489,455.38
2023-07-25T15:20:00.000,456.05,456.2,455.97,456.035,346287,3436,455.38
2023-07-25T15:25:00.000,456.03,456.1012,455.911,455.98,372762,3701,455.39
2023-07-25T15:30:00.000,455.98,456.0,455.73,455.88,624947,5355,455.4
2023-07-25T15:35:00.000,455.88,456.11,455.81,456.02,1131375,7366,455.42
2023-07-25T15:40:00.000,456.01,456.06,455.79,455.825,1324020,6292,455.43
2023-07-25T15:45:00.000,455.82,455.95,455.63,455.825,1100513,8944,455.44
2023-07-25T15:50:00.000,455.82,455.99,455.57,455.8,1654710,12009,455.45
2023-07-25T15:55:00.000,455.7901,455.8,455.32,455.41,4708552,26187,455.46
2023-07-25T16:00:00.000,455.4,455.4,455.4,455.4,300,3,455.46
2023-07-26T09:30:00.000,454.47,454.97,454.42,454.59,1380652,11729,454.67
2023-07-26T09:35:00.000,454.6,454.875,454.53,454.745,820377,7286,454.68
2023-07-26T09:40:00.000,454.75,455.16,454.53,454.93,700120,6789,454.73
2023-07-26T09:45:00.000,454.925,455.0,454.68,454.85,490471,5899,454.75
2023-07-26T09:50:00.000,454.85,454.95,454.74,454.91,334450,4536,454.76
2023-07-26T09:55:00.000,454.9005,454.91,454.62,454.8192,420223,5165,454.76
2023-07-26T10:00:00.000,454.815,454.9,454.545,454.75,506090,6115,454.75
2023-07-26T10:05:00.000,454.75,454.82,454.626,454.655,259152,4136,454.75
2023-07-26T10:10:00.000,454.66,454.99,454.55,454.8804,386029,5042,454.76
2023-07-26T10:15:00.000,454.875,454.955,454.7,454.86,300990,4441,454.76
2023-07-26T10:20:00.000,454.83,454.9691,454.46,454.8599,700239,7622,454.76
2023-07-26T10:25:00.000,454.8005,454.88,454.68,454.72,300933,4319,454.76
2023-07-26T10:30:00.000,454.72,454.85,454.49,454.53,486117,6272,454.75
2023-07-26T10:35:00.000,454.53,454.65,454.49,454.54,290195,3633,454.75
2023-07-26T10:40:00.000,454.54,454.55,454.305,454.395,484920,4925,454.73
2023-07-26T10:45:00.000,454.4,454.495,454.305,454.4,402371,3843,454.71
2023-07-26T10:50:00.000,454.4,454.47,454.28,454.36,418066,4219,454.69
2023-07-26T10:55:00.000,454.355,454.37,454.05,454.1475,862360,7817,454.65
2023-07-26T11:00:00.000,454.15,454.3,453.99,454.2599,592991,5965,454.62
2023-07-26T11:05:00.000,454.26,454.37,454.09,454.32,565973,4900,454.6
2023-07-26T11:10:00.000,454.33,454.455,454.27,454.4399,504646,4466,454.59
2023-07-26T11:15:00.000,454.435,454.49,454.3036,454.395,360671,3744,454.58
2023-07-26T11:20:00.000,454.409,454.41,454.1524,454.1524,295126,3515,454.57
2023-07-26T11:25:00.000,454.1599,454.5,454.145,454.36,297718,3334,454.57
2023-07-26T11:30:00.000,454.36,454.51,454.33,454.46,263490,3312,454.57
2023-07-26T11:35:00.000,454.4676,454.615,454.46,454.58,252775,2516,454.57
2023-07-26T11:40:00.000,454.58,454.7299,454.57,454.6799,319335,3099,454.57
2023-07-26T11:45:00.000,454.675,454.7711,454.6101,454.77,291923,2775,454.57
2023-07-26T11:50:00.000,454.77,454.95,454.69,454.86,414847,3866,454.58
2023-07-26T11:55:00.000,454.869,454.98,454.84,454.94,481299,4297,454.59
2023-07-26T12:00:00.000,454.935,454.965,454.825,454.9587,308678,2826,454.6
2023-07-26T12:05:00.000,454.95,454.97,454.87,454.935,370665,2610,454.6
2023-07-26T12:10:00.000,454.93,455.13,454.9,455.025,300133,2968,454.61
2023-07-26T12:15:00.000,455.04,455.07,454.94,455.02,234126,2324,454.62
2023-07-26T12:20:00.000,455.02,455.0499,454.83,454.8468,453722,3356,454.62
2023-07-26T12:25:00.000,454.8468,454.8468,454.62,454.635,607668,3361,454.63
2023-07-26T12:30:00.000,454.64,454.7,454.59,454.68,287173,2699,454.63
2023-07-26T12:35:00.000,454.67,454.68,454.38,454.4133,344753,3219,454.62
2023-07-26T12:40:00.000,454.415,454.49,454.34,454.4,273631,2475,454.62
2023-07-26T12:45:00.000,454.39,454.41,454.2301,454.26,307629,2557,454.61
2023-07-26T12:50:00.000,454.25,454.29,454.0899,454.1087,305164,2907,454.61
2023-07-26T12:55:00.000,454.11,454.264,454.025,454.255,507253,4329,454.59
2023-07-26T13:00:00.000,454.25,454.42,454.19,454.39,443440,4029,454.59
2023-07-26T13:05:00.000,454.39,454.4699,454.295,454.45,271128,2895,454.58
2023-07-26T13:10:00.000,454.459,454.481,454.39,454.42,258505,2395,454.58
2023-07-26T13:15:00.000,454.42,454.445,454.265,454.31,385084,3484,454.58
2023-07-26T13:20:00.000,454.305,454.37,454.11,454.245,334106,3035,454.57
2023-07-26T13:25:00.000,454.24,454.33,454.16,454.29,227505,2337,454.57
2023-07-26T13:30:00.000,454.29,454.29,454.07,454.18,320204,3440,454.56
2023-07-26T13:35:00.000,454.17,454.26,454.095,454.245,246021,2229,454.56
2023-07-26T13:40:00.000,454.25,454.28,454.14,454.1827,361877,3728,454.55
2023-07-26T13:45:00.000,454.189,454.3519,454.18,454.3301,317442,3070,454.55
2023-07-26T13:50:00.000,454.33,454.33,454.19,454.3,331644,3013,454.54
2023-07-26T13:55:00.000,454.3,454.38,454.2,454.24,469791,3806,454.54
2023-07-26T14:00:00.000,454.17,454.88,453.81,454.5986,1663473,16723,454.53
2023-07-26T14:05:00.000,454.6,454.72,454.28,454.66,629610,5492,454.53
2023-07-26T14:10:00.000,454.665,455.0,454.54,454.64,811810,7162,454.54
2023-07-26T14:15:00.000,454.61,454.74,454.5,454.71,373200,3943,454.54
2023-07-26T14:20:00.000,454.71,454.82,454.48,454.54,394352,4007,454.54
2023-07-26T14:25:00.000,454.53,454.53,453.97,454.34,908853,8250,454.53
2023-07-26T14:30:00.000,454.35,454.91,454.27,454.5799,823975,7711,454.54
2023-07-26T14:35:00.000,454.61,456.5,454.61,456.341,2620154,21485,454.63
2023-07-26T14:40:00.000,456.35,456.99,456.14,456.62,2978958,22407,454.79
2023-07-26T14:45:00.000,456.62,456.8,455.84,456.14,1412474,13161,454.85
2023-07-26T14:50:00.000,456.14,456.58,455.86,456.49,1075390,10389,454.89
2023-07-26T14:55:00.000,456.48,456.5,455.63,456.0,1422904,11078,454.94
2023-07-26T15:00:00.000,456.01,456.21,455.58,455.7926,1278035,8593,454.97
2023-07-26T15:05:00.000,455.81,455.874,453.71,453.97,3043210,20298,454.94
2023-07-26T15:10:00.000,453.96,454.56,453.69,454.18,1356086,12649,454.92
2023-07-26T15:15:00.000,454.18,454.45,453.38,453.92,1475996,11990,454.89
2023-07-26T15:20:00.000,453.92,454.69,453.85,454.19,1275245,12584,454.87
2023-07-26T15:25:00.000,454.19,454.61,454.08,454.51,923090,8167,454.86
2023-07-26T15:30:00.000,454.505,454.66,454.055,454.655,1046391,7796,454.86
2023-07-26T15:35:00.000,454.65,454.91,454.29,454.75,1799216,9868,454.85
2023-07-26T15:40:00.000,454.75,455.37,454.745,455.31,1124567,10325,454.86
2023-07-26T15:45:00.000,455.315,455.43,454.92,454.92,1138837,8243,454.86
2023-07-26T15:50:00.000,454.91,454.93,454.45,454.85,2557972,20430,454.85
2023-07-26T15:55:00.000,454.86,455.54,454.6,455.51,7279853,27525,454.89
2023-07-26T16:00:00.000,0.0,0.0,0.0,0.0,61,1,454.89
2023-07-27T09:30:00.000,459.02,459.44,458.66,459.22,1907035,15078,458.99
2023-07-27T09:35:00.000,459.22,459.38,458.9424,459.3,1216388,10798,459.04
2023-07-27T09:40:00.000,459.31,459.39,459.05,459.27,1043037,9535,459.1
2023-07-27T09:45:00.000,459.28,459.35,458.85,459.04,1033792,9874,459.1
2023-07-27T09:50:00.000,459.05,459.29,458.9401,459.06,709193,7846,459.1
2023-07-27T09:55:00.000,459.06,459.08,458.69,458.9779,814152,8535,459.08
2023-07-27T10:00:00.000,458.97,459.05,458.63,458.78,854708,8962,459.05
2023-07-27T10:05:00.000,458.79,458.8113,458.27,458.41,1215024,10996,458.98
2023-07-27T10:10:00.000,458.42,458.4688,458.155,458.35,748224,8065,458.93
2023-07-27T10:15:00.000,458.35,458.54,458.2896,458.44,703246,7639,458.89
2023-07-27T10:20:00.000,458.43,458.54,458.19,458.31,988686,7563,458.86
2023-07-27T10:25:00.000,458.305,458.305,457.61,457.7,1134165,10510,458.77
2023-07-27T10:30:00.000,457.7,458.04,457.62,458.01,866092,8099,458.7
2023-07-27T10:35:00.000,458.0012,458.27,457.94,458.23,924761,6210,458.67
2023-07-27T10:40:00.000,458.23,458.31,458.09,458.21,587471,5768,458.65
2023-07-27T10:45:00.000,458.205,458.4512,458.1006,458.1979,705181,4397,458.64
2023-07-27T10:50:00.000,458.1909,458.225,457.77,457.87,1118298,5554,458.62
2023-07-27T10:55:00.000,457.87,458.0,457.27,457.4799,1522562,7149,458.58
2023-07-27T11:00:00.000,457.48,457.81,457.48,457.5599,558902,5382,458.54
2023-07-27T11:05:00.000,457.56,457.65,457.24,457.26,1015275,4552,458.51
2023-07-27T11:10:00.000,457.255,457.41,457.065,457.24,595655,5182,458.47
2023-07-27T11:15:00.000,457.25,457.5,457.1112,457.46,806116,4729,458.43
2023-07-27T11:20:00.000,457.4599,457.69,457.3,457.615,526193,4831,458.41
2023-07-27T11:25:00.000,457.62,457.71,457.4101,457.7079,367467,3780,458.39
2023-07-27T11:30:00.000,457.705,458.01,457.705,457.88,521550,5072,458.38
2023-07-27T11:35:00.000,457.88,457.92,457.73,457.9,287466,3012,458.37
2023-07-27T11:40:00.000,457.9,457.94,457.52,457.58,705805,4275,458.36
2023-07-27T11:45:00.000,457.59,457.635,457.23,457.34,407889,4135,458.34
2023-07-27T11:50:00.000,457.34,457.58,457.3,457.36,436622,4233,458.32
2023-07-27T11:55:00.000,457.36,457.48,457.21,457.45,371636,3871,458.3
2023-07-27T12:00:00.000,457.45,457.69,457.39,457.67,468536,4179,458.29
2023-07-27T12:05:00.000,457.69,457.92,457.62,457.8906,329775,2711,458.28
2023-07-27T12:10:00.000,457.9,458.04,457.8996,457.94,706598,4136,458.28
2023-07-27T12:15:00.000,457.94,458.13,457.8,457.92,820060,4886,458.27
2023-07-27T12:20:00.000,457.922,458.13,457.8292,458.13,316325,2993,458.26
2023-07-27T12:25:00.000,458.14,458.41,458.103,458.3801,491185,4382,458.26
2023-07-27T12:30:00.000,458.39,458.545,458.35,458.36,828609,6823,458.27
2023-07-27T12:35:00.000,458.365,458.54,458.35,458.49,388327,3898,458.27
2023-07-27T12:40:00.000,458.49,458.58,458.42,458.42,401083,3639,458.28
2023-07-27T12:45:00.000,458.42,458.5995,458.41,458.52,435461,3945,458.28
2023-07-27T12:50:00.000,458.52,458.5291,458.17,458.21,525805,4677,458.28
2023-07-27T12:55:00.000,458.21,458.384,458.15,458.384,375291,3255,458.28
2023-07-27T13:00:00.000,458.39,458.59,458.24,458.25,519535,4098,458.28
2023-07-27T13:05:00.000,458.24,458.35,457.19,457.78,1341658,10444,458.25
2023-07-27T13:10:00.000,457.77,457.97,457.68,457.86,531328,4254,458.25
2023-07-27T13:15:00.000,457.8412,457.8412,456.85,456.9493,1272933,10599,458.2
2023-07-27T13:20:00.000,456.94,456.95,456.39,456.7,1508011,10281,458.14
2023-07-27T13:25:00.000,456.705,456.8,456.26,456.3,740142,6565,458.1
2023-07-27T13:30:00.000,456.31,456.44,456.08,456.15,1399708,8840,458.04
2023-07-27T13:35:00.000,456.14,456.2617,455.81,455.85,1010730,8120,457.98
2023-07-27T13:40:00.000,455.83,456.36,455.83,456.31,835169,7491,457.94
2023-07-27T13:45:00.000,456.315,456.38,455.85,455.9509,653044,5379,457.9
2023-07-27T13:50:00.000,455.9588,456.18,455.73,455.99,741292,5814,457.86
2023-07-27T13:55:00.000,455.99,456.115,455.7,456.04,672316,5310,457.83
2023-07-27T14:00:00.000,456.04,456.22,455.69,455.8824,641293,5908,457.8
2023-07-27T14:05:00.000,455.885,456.0299,455.22,455.35,712284,6725,457.75
2023-07-27T14:10:00.000,455.355,455.36,454.355,454.546,1391607,11547,457.65
2023-07-27T14:15:00.000,454.54,454.88,454.484,454.86,1116036,8683,457.57
2023-07-27T14:20:00.000,454.855,455.16,454.48,454.5044,987789,8121,457.51
2023-07-27T14:25:00.000,454.503,454.62,453.835,453.935,2562846,14155,457.34
2023-07-27T14:30:00.000,453.935,454.31,453.65,453.74,1326193,10407,457.24
2023-07-27T14:35:00.000,453.75,453.84,452.88,453.185,2567900,14748,457.07
2023-07-27T14:40:00.000,453.18,453.6818,453.0606,453.63,1688250,11560,456.96
2023-07-27T14:45:00.000,453.6389,453.85,453.46,453.54,775671,6454,456.91
2023-07-27T14:50:00.000,453.535,453.62,453.235,453.44,904391,7460,456.85
2023-07-27T14:55:00.000,453.43,453.4385,452.73,452.73,1652722,9728,456.77
2023-07-27T15:00:00.000,452.73,453.04,452.66,452.9196,956973,8445,456.7
2023-07-27T15:05:00.000,452.91,453.06,452.41,453.0399,1536937,8885,456.62
2023-07-27T15:10:00.000,453.04,453.8,453.012,453.7183,1117662,9746,456.55
2023-07-27T15:15:00.000,453.69,453.87,453.31,453.57,1219705,7877,456.5
2023-07-27T15:20:00.000,453.57,453.59,452.83,452.86,969512,8604,456.45
2023-07-27T15:25:00.000,452.865,453.03,452.64,452.74,738954,7428,456.4
2023-07-27T15:30:00.000,452.74,453.14,452.6,452.615,1137368,9183,456.33
2023-07-27T15:35:00.000,452.61,452.84,452.36,452.445,1391609,11448,456.25
2023-07-27T15:40:00.000,452.4482,452.59,452.03,452.11,2524348,13246,456.13
2023-07-27T15:45:00.000,452.115,452.26,451.55,451.79,2348301,18860,455.97
2023-07-27T15:50:00.000,451.81,452.645,451.72,452.35,2624389,18362,455.84
2023-07-27T15:55:00.000,452.34,452.83,452.05,452.48,5538944,28598,455.59
2023-07-27T16:00:00.000,452.47,452.47,452.47,452.47,500,1,455.59
2023-07-28T09:30:00.000,455.88,456.15,455.66,455.76,2042927,13142,455.88
2023-07-28T09:35:00.000,455.76,455.9381,455.16,455.79,1454363,12701,455.72
2023-07-28T09:40:00.000,455.84,456.265,455.72,455.775,1195518,10194,455.81
2023-07-28T09:45:00.000,455.775,456.38,455.77,456.36,1016320,8014,455.85
2023-07-28T09:50:00.000,456.365,456.59,456.165,456.38,1652684,11773,455.97
2023-07-28T09:55:00.000,456.39,456.45,456.02,456.1499,1004123,9454,456.0
2023-07-28T10:00:00.000,456.14,456.78,456.13,456.66,1825832,13489,456.09
2023-07-28T10:05:00.000,456.66,456.71,456.37,456.5977,1069010,9207,456.13
2023-07-28T10:10:00.000,456.6,456.74,456.3704,456.56,846493,8332,456.17
2023-07-28T10:15:00.000,456.54,456.805,456.53,456.77,1143344,10020,456.22
2023-07-28T10:20:00.000,456.765,456.87,456.62,456.86,893205,8173,456.25
2023-07-28T10:25:00.000,456.86,456.87,456.03,456.4,1211344,10883,456.26
2023-07-28T10:30:00.000,456.395,456.83,456.395,456.79,1541492,11667,456.29
2023-07-28T10:35:00.000,456.785,456.8,456.2188,456.2312,680189,7133,456.3
2023-07-28T10:40:00.000,456.22,456.5,456.175,456.215,695388,6240,456.3
2023-07-28T10:45:00.000,456.22,456.48,455.94,456.47,511919,5042,456.3
2023-07-28T10:50:00.000,456.4699,456.62,456.16,456.24,987833,5830,456.3
2023-07-28T10:55:00.000,456.245,456.8,456.245,456.7822,498976,4674,456.31
2023-07-28T11:00:00.000,456.79,456.87,456.59,456.8,517357,5232,456.32
2023-07-28T11:05:00.000,456.79,456.82,456.69,456.78,304343,3076,456.32
2023-07-28T11:10:00.000,456.7688,456.99,456.59,456.905,484520,4797,456.34
2023-07-28T11:15:00.000,456.9,457.21,456.85,457.14,734820,6521,456.36
2023-07-28T11:20:00.000,457.14,457.5,457.14,457.4701,843511,5714,456.39
2023-07-28T11:25:00.000,457.475,457.6195,457.36,457.44,939030,5896,456.42
2023-07-28T11:30:00.000,457.445,457.53,457.21,457.28,574817,5113,456.45
2023-07-28T11:35:00.000,457.28,457.5004,457.255,457.46,516820,4005,456.46
2023-07-28T11:40:00.000,457.46,457.78,457.44,457.7506,699100,6152,456.49
2023-07-28T11:45:00.000,457.75,457.75,457.37,457.54,530756,4597,456.52
2023-07-28T11:50:00.000,457.54,457.71,457.48,457.68,633425,4048,456.53
2023-07-28T11:55:00.000,457.67,457.7,457.42,457.68,604718,5469,456.56
2023-07-28T12:00:00.000,457.675,457.68,456.99,457.125,1041120,8308,456.58
2023-07-28T12:05:00.000,457.12,457.15,456.88,456.92,480832,4007,456.59
2023-07-28T12:10:00.000,456.91,457.3289,456.9,457.31,656375,3752,456.6
2023-07-28T12:15:00.000,457.31,457.4,457.1575,457.225,470160,4105,456.61
2023-07-28T12:20:00.000,457.22,457.5,457.185,457.45,366458,3551,456.62
2023-07-28T12:25:00.000,457.46,457.625,457.415,457.5957,334655,2889,456.63
2023-07-28T12:30:00.000,457.6,457.62,457.34,457.435,554450,4255,456.65
2023-07-28T12:35:00.000,457.425,457.555,457.26,457.3299,709228,3426,456.66
2023-07-28T12:40:00.000,457.33,457.37,457.2088,457.31,337752,3116,456.67
2023-07-28T12:45:00.000,457.3,457.405,457.17,457.26,250801,2550,456.67
2023-07-28T12:50:00.000,457.25,457.45,457.16,457.39,251594,2639,456.68
2023-07-28T12:55:00.000,457.395,457.42,456.9299,457.0399,741647,4168,456.68
2023-07-28T13:00:00.000,457.04,457.045,456.72,456.85,529909,4795,456.69
2023-07-28T13:05:00.000,456.82,456.84,456.5,456.559,486500,4525,456.69
2023-07-28T13:10:00.000,456.5589,456.8488,456.42,456.83,843095,5124,456.68
2023-07-28T13:15:00.000,456.82,456.83,456.54,456.655,682365,3983,456.68
2023-07-28T13:20:00.000,456.65,456.65,456.2,456.4504,537389,5284,456.68
2023-07-28T13:25:00.000,456.4501,456.4501,456.15,456.1512,410273,3880,456.68
2023-07-28T13:30:00.000,456.15,456.45,455.81,455.8989,911406,8928,456.66
2023-07-28T13:35:00.000,455.89,455.9095,455.58,455.85,680364,5810,456.64
2023-07-28T13:40:00.000,455.858,455.8588,455.06,455.4399,1115632,8348,456.61
2023-07-28T13:45:00.000,455.43,455.45,455.11,455.17,737339,6330,456.59
2023-07-28T13:50:00.000,455.18,455.8701,455.145,455.8701,931930,7478,456.56
2023-07-28T13:55:00.000,455.87,456.32,455.84,456.27,741948,5823,456.55
2023-07-28T14:00:00.000,456.27,456.6,456.21,456.6,571423,5017,456.55
2023-07-28T14:05:00.000,456.61,456.75,456.46,456.735,1114215,6553,456.55
2023-07-28T14:10:00.000,456.725,456.75,456.325,456.415,557537,4647,456.55
2023-07-28T14:15:00.000,456.415,456.54,456.32,456.535,325516,3400,456.55
2023-07-28T14:20:00.000,456.54,456.935,456.46,456.73,634627,5908,456.55
2023-07-28T14:25:00.000,456.72,456.915,456.68,456.91,371095,3341,456.56
2023-07-28T14:30:00.000,456.9086,456.92,456.7,456.75,831974,5379,456.56
2023-07-28T14:35:00.000,456.765,456.8,456.2,456.28,599577,4726,456.56
2023-07-28T14:40:00.000,456.28,456.81,456.14,456.7994,1733588,4745,456.56
2023-07-28T14:45:00.000,456.7999,457.055,456.73,456.93,510866,4513,456.56
2023-07-28T14:50:00.000,456.91,457.36,456.88,457.24,489842,4655,456.57
2023-07-28T14:55:00.000,457.245,457.2499,456.845,457.0099,535904,4717,456.57
2023-07-28T15:00:00.000,457.01,457.0795,456.7601,457.069,453058,4391,456.58
2023-07-28T15:05:00.000,457.06,457.205,456.96,457.12,317792,3771,456.58
2023-07-28T15:10:00.000,457.1,457.305,456.96,457.125,386240,4408,456.58
2023-07-28T15:15:00.000,457.14,457.27,457.07,457.235,569423,5188,456.59
2023-07-28T15:20:00.000,457.23,457.235,456.7299,456.845,1045502,5435,456.6
2023-07-28T15:25:00.000,456.845,457.04,456.64,456.666,734564,6517,456.6
2023-07-28T15:30:00.000,456.665,456.985,456.575,456.955,1038574,6809,456.6
2023-07-28T15:35:00.000,456.955,457.06,456.64,456.64,1853808,8858,456.61
2023-07-28T15:40:00.000,456.65,456.75,456.45,456.58,1109247,9345,456.61
2023-07-28T15:45:00.000,456.58,456.82,456.4,456.51,1297436,11121,456.61
2023-07-28T15:50:00.000,456.5,457.18,456.33,457.0601,1968041,15860,456.62
2023-07-28T15:55:00.000,457.06,457.17,456.77,456.91,7619480,30059,456.65
2023-07-28T16:00:00.000,456.88,456.88,456.88,456.88,106,4,456.65
2023-07-29T09:30:00.000,0.0,0.0,0.0,0.0,0,0,0.0
2023-07-29T09:35:00.000,0.0,0.0,0.0,0.0,0,0,0.0
2023-07-29T09:40:00.000,0.0,0.0,0.0,0.0,0,0,0.0
2023-07-29T09:45:00.000,0.0,0.0,0.0,0.0,0,0,0.0
2023-07-29T09:50:00.000,0.0,0.0,0.0,0.0,0,0,0.0
2023-07-29T09:55:00.000,0.0,0.0,0.0,0.0,0,0,0.0
2023-07-29T10:00:00.000,0.0,0.0,0.0,0.0,0,0,0.0
2023-07-29T10:05:00.000,0.0,0.0,0.0,0.0,0,0,0.0
2023-07-29T10:10:00.000,0.0,0.0,0.0,0.0,0,0,0.0
2023-07-29T10:15:00.000,0.0,0.0,0.0,0.0,0,0,0.0
2023-07-29T10:20:00.000,0.0,0.0,0.0,0.0,0,0,0.0
2023-07-29T10:25:00.000,0.0,0.0,0.0,0.0,0,0,0.0
2023-07-29T10:30:00.000,0.0,0.0,0.0,0.0,0,0,0.0
2023-07-29T10:35:00.000,0.0,0.0,0.0,0.0,0,0,0.0
2023-07-29T10:40:00.000,0.0,0.0,0.0,0.0,0,0,0.0
2023-07-29T10:45:00.000,0.0,0.0,0.0,0.0,0,0,0.0
2023-07-29T10:50:00.000,0.0,0.0,0.0,0.0,0,0,0.0
2023-07-29T10:55:00.000,0.0,0.0,0.0,0.0,0,0,0.0
2023-07-29T11:00:00.000,0.0,0.0,0.0,0.0,0,0,0.0
2023-07-29T11:05:00.000,0.0,0.0,0.0,0.0,0,0,0.0
2023-07-29T11:10:00.000,0.0,0.0,0.0,0.0,0,0,0.0
2023-07-29T11:15:00.000,0.0,0.0,0.0,0.0,0,0,0.0
2023-07-29T11:20:00.000,0.0,0.0,0.0,0.0,0,0,0.0
2023-07-29T11:25:00.000,0.0,0.0,0.0,0.0,0,0,0.0
2023-07-29T11:30:00.000,0.0,0.0,0.0,0.0,0,0,0.0
2023-07-29T11:35:00.000,0.0,0.0,0.0,0.0,0,0,0.0
2023-07-29T11:40:00.000,0.0,0.0,0.0,0.0,0,0,0.0
2023-07-29T11:45:00.000,0.0,0.0,0.0,0.0,0,0,0.0
2023-07-29T11:50:00.000,0.0,0.0,0.0,0.0,0,0,0.0
2023-07-29T11:55:00.000,0.0,0.0,0.0,0.0,0,0,0.0
2023-07-29T12:00:00.000,0.0,0.0,0.0,0.0,0,0,0.0
2023-07-29T12:05:00.000,0.0,0.0,0.0,0.0,0,0,0.0
2023-07-29T12:10:00.000,0.0,0.0,0.0,0.0,0,0,0.0
2023-07-29T12:15:00.000,0.0,0.0,0.0,0.0,0,0,0.0
2023-07-29T12:20:00.000,0.0,0.0,0.0,0.0,0,0,0.0
2023-07-29T12:25:00.000,0.0,0.0,0.0,0.0,0,0,0.0
2023-07-29T12:30:00.000,0.0,0.0,0.0,0.0,0,0,0.0
2023-07-29T12:35:00.000,0.0,0.0,0.0,0.0,0,0,0.0
2023-07-29T12:40:00.000,0.0,0.0,0.0,0.0,0,0,0.0
2023-07-29T12:45:00.000,0.0,0.0,0.0,0.0,0,0,0.0
2023-07-29T12:50:00.000,0.0,0.0,0.0,0.0,0,0,0.0
2023-07-29T12:55:00.000,0.0,0.0,0.0,0.0,0,0,0.0
2023-07-29T13:00:00.000,0.0,0.0,0.0,0.0,0,0,0.0
2023-07-29T13:05:00.000,0.0,0.0,0.0,0.0,0,0,0.0
2023-07-29T13:10:00.000,0.0,0.0,0.0,0.0,0,0,0.0
2023-07-29T13:15:00.000,0.0,0.0,0.0,0.0,0,0,0.0
2023-07-29T13:20:00.000,0.0,0.0,0.0,0.0,0,0,0.0
2023-07-29T13:25:00.000,0.0,0.0,0.0,0.0,0,0,0.0
2023-07-29T13:30:00.000,0.0,0.0,0.0,0.0,0,0,0.0
2023-07-29T13:35:00.000,0.0,0.0,0.0,0.0,0,0,0.0
2023-07-29T13:40:00.000,0.0,0.0,0.0,0.0,0,0,0.0
2023-07-29T13:45:00.000,0.0,0.0,0.0,0.0,0,0,0.0
2023-07-29T13:50:00.000,0.0,0.0,0.0,0.0,0,0,0.0
2023-07-29T13:55:00.000,0.0,0.0,0.0,0.0,0,0,0.0
2023-07-29T14:00:00.000,0.0,0.0,0.0,0.0,0,0,0.0
2023-07-29T14:05:00.000,0.0,0.0,0.0,0.0,0,0,0.0
2023-07-29T14:10:00.000,0.0,0.0,0.0,0.0,0,0,0.0
2023-07-29T14:15:00.000,0.0,0.0,0.0,0.0,0,0,0.0
2023-07-29T14:20:00.000,0.0,0.0,0.0,0.0,0,0,0.0
2023-07-29T14:25:00.000,0.0,0.0,0.0,0.0,0,0,0.0
2023-07-29T14:30:00.000,0.0,0.0,0.0,0.0,0,0,0.0
2023-07-29T14:35:00.000,0.0,0.0,0.0,0.0,0,0,0.0
2023-07-29T14:40:00.000,0.0,0.0,0.0,0.0,0,0,0.0
2023-07-29T14:45:00.000,0.0,0.0,0.0,0.0,0,0,0.0
2023-07-29T14:50:00.000,0.0,0.0,0.0,0.0,0,0,0.0
2023-07-29T14:55:00.000,0.0,0.0,0.0,0.0,0,0,0.0
2023-07-29T15:00:00.000,0.0,0.0,0.0,0.0,0,0,0.0
2023-07-29T15:05:00.000,0.0,0.0,0.0,0.0,0,0,0.0
2023-07-29T15:10:00.000,0.0,0.0,0.0,0.0,0,0,0.0
2023-07-29T15:15:00.000,0.0,0.0,0.0,0.0,0,0,0.0
2023-07-29T15:20:00.000,0.0,0.0,0.0,0.0,0,0,0.0
2023-07-29T15:25:00.000,0.0,0.0,0.0,0.0,0,0,0.0
2023-07-29T15:30:00.000,0.0,0.0,0.0,0.0,0,0,0.0
2023-07-29T15:35:00.000,0.0,0.0,0.0,0.0,0,0,0.0
2023-07-29T15:40:00.000,0.0,0.0,0.0,0.0,0,0,0.0
2023-07-29T15:45:00.000,0.0,0.0,0.0,0.0,0,0,0.0
2023-07-29T15:50:00.000,0.0,0.0,0.0,0.0,0,0,0.0
2023-07-29T15:55:00.000,0.0,0.0,0.0,0.0,0,0,0.0
2023-07-29T16:00:00.000,0.0,0.0,0.0,0.0,0,0,0.0
2023-07-30T09:30:00.000,0.0,0.0,0.0,0.0,0,0,0.0
2023-07-30T09:35:00.000,0.0,0.0,0.0,0.0,0,0,0.0
2023-07-30T09:40:00.000,0.0,0.0,0.0,0.0,0,0,0.0
2023-07-30T09:45:00.000,0.0,0.0,0.0,0.0,0,0,0.0
2023-07-30T09:50:00.000,0.0,0.0,0.0,0.0,0,0,0.0
2023-07-30T09:55:00.000,0.0,0.0,0.0,0.0,0,0,0.0
2023-07-30T10:00:00.000,0.0,0.0,0.0,0.0,0,0,0.0
2023-07-30T10:05:00.000,0.0,0.0,0.0,0.0,0,0,0.0
2023-07-30T10:10:00.000,0.0,0.0,0.0,0.0,0,0,0.0
2023-07-30T10:15:00.000,0.0,0.0,0.0,0.0,0,0,0.0
2023-07-30T10:20:00.000,0.0,0.0,0.0,0.0,0,0,0.0
2023-07-30T10:25:00.000,0.0,0.0,0.0,0.0,0,0,0.0
2023-07-30T10:30:00.000,0.0,0.0,0.0,0.0,0,0,0.0
2023-07-30T10:35:00.000,0.0,0.0,0.0,0.0,0,0,0.0
2023-07-30T10:40:00.000,0.0,0.0,0.0,0.0,0,0,0.0
2023-07-30T10:45:00.000,0.0,0.0,0.0,0.0,0,0,0.0
2023-07-30T10:50:00.000,0.0,0.0,0.0,0.0,0,0,0.0
2023-07-30T10:55:00.000,0.0,0.0,0.0,0.0,0,0,0.0
2023-07-30T11:00:00.000,0.0,0.0,0.0,0.0,0,0,0.0
2023-07-30T11:05:00.000,0.0,0.0,0.0,0.0,0,0,0.0
2023-07-30T11:10:00.000,0.0,0.0,0.0,0.0,0,0,0.0
2023-07-30T11:15:00.000,0.0,0.0,0.0,0.0,0,0,0.0
2023-07-30T11:20:00.000,0.0,0.0,0.0,0.0,0,0,0.0
2023-07-30T11:25:00.000,0.0,0.0,0.0,0.0,0,0,0.0
2023-07-30T11:30:00.000,0.0,0.0,0.0,0.0,0,0,0.0
2023-07-30T11:35:00.000,0.0,0.0,0.0,0.0,0,0,0.0
2023-07-30T11:40:00.000,0.0,0.0,0.0,0.0,0,0,0.0
2023-07-30T11:45:00.000,0.0,0.0,0.0,0.0,0,0,0.0
2023-07-30T11:50:00.000,0.0,0.0,0.0,0.0,0,0,0.0
2023-07-30T11:55:00.000,0.0,0.0,0.0,0.0,0,0,0.0
2023-07-30T12:00:00.000,0.0,0.0,0.0,0.0,0,0,0.0
2023-07-30T12:05:00.000,0.0,0.0,0.0,0.0,0,0,0.0
2023-07-30T12:10:00.000,0.0,0.0,0.0,0.0,0,0,0.0
2023-07-30T12:15:00.000,0.0,0.0,0.0,0.0,0,0,0.0
2023-07-30T12:20:00.000,0.0,0.0,0.0,0.0,0,0,0.0
2023-07-30T12:25:00.000,0.0,0.0,0.0,0.0,0,0,0.0
2023-07-30T12:30:00.000,0.0,0.0,0.0,0.0,0,0,0.0
2023-07-30T12:35:00.000,0.0,0.0,0.0,0.0,0,0,0.0
2023-07-30T12:40:00.000,0.0,0.0,0.0,0.0,0,0,0.0
2023-07-30T12:45:00.000,0.0,0.0,0.0,0.0,0,0,0.0
2023-07-30T12:50:00.000,0.0,0.0,0.0,0.0,0,0,0.0
2023-07-30T12:55:00.000,0.0,0.0,0.0,0.0,0,0,0.0
2023-07-30T13:00:00.000,0.0,0.0,0.0,0.0,0,0,0.0
2023-07-30T13:05:00.000,0.0,0.0,0.0,0.0,0,0,0.0
2023-07-30T13:10:00.000,0.0,0.0,0.0,0.0,0,0,0.0
2023-07-30T13:15:00.000,0.0,0.0,0.0,0.0,0,0,0.0
2023-07-30T13:20:00.000,0.0,0.0,0.0,0.0,0,0,0.0
2023-07-30T13:25:00.000,0.0,0.0,0.0,0.0,0,0,0.0
2023-07-30T13:30:00.000,0.0,0.0,0.0,0.0,0,0,0.0
2023-07-30T13:35:00.000,0.0,0.0,0.0,0.0,0,0,0.0
2023-07-30T13:40:00.000,0.0,0.0,0.0,0.0,0,0,0.0
2023-07-30T13:45:00.000,0.0,0.0,0.0,0.0,0,0,0.0
2023-07-30T13:50:00.000,0.0,0.0,0.0,0.0,0,0,0.0
2023-07-30T13:55:00.000,0.0,0.0,0.0,0.0,0,0,0.0
2023-07-30T14:00:00.000,0.0,0.0,0.0,0.0,0,0,0.0
2023-07-30T14:05:00.000,0.0,0.0,0.0,0.0,0,0,0.0
2023-07-30T14:10:00.000,0.0,0.0,0.0,0.0,0,0,0.0
2023-07-30T14:15:00.000,0.0,0.0,0.0,0.0,0,0,0.0
2023-07-30T14:20:00.000,0.0,0.0,0.0,0.0,0,0,0.0
2023-07-30T14:25:00.000,0.0,0.0,0.0,0.0,0,0,0.0
2023-07-30T14:30:00.000,0.0,0.0,0.0,0.0,0,0,0.0
2023-07-30T14:35:00.000,0.0,0.0,0.0,0.0,0,0,0.0
2023-07-30T14:40:00.000,0.0,0.0,0.0,0.0,0,0,0.0
2023-07-30T14:45:00.000,0.0,0.0,0.0,0.0,0,0,0.0
2023-07-30T14:50:00.000,0.0,0.0,0.0,0.0,0,0,0.0
2023-07-30T14:55:00.000,0.0,0.0,0.0,0.0,0,0,0.0
2023-07-30T15:00:00.000,0.0,0.0,0.0,0.0,0,0,0.0
2023-07-30T15:05:00.000,0.0,0.0,0.0,0.0,0,0,0.0
2023-07-30T15:10:00.000,0.0,0.0,0.0,0.0,0,0,0.0
2023-07-30T15:15:00.000,0.0,0.0,0.0,0.0,0,0,0.0
2023-07-30T15:20:00.000,0.0,0.0,0.0,0.0,0,0,0.0
2023-07-30T15:25:00.000,0.0,0.0,0.0,0.0,0,0,0.0
2023-07-30T15:30:00.000,0.0,0.0,0.0,0.0,0,0,0.0
2023-07-30T15:35:00.000,0.0,0.0,0.0,0.0,0,0,0.0
2023-07-30T15:40:00.000,0.0,0.0,0.0,0.0,0,0,0.0
2023-07-30T15:45:00.000,0.0,0.0,0.0,0.0,0,0,0.0
2023-07-30T15:50:00.000,0.0,0.0,0.0,0.0,0,0,0.0
2023-07-30T15:55:00.000,0.0,0.0,0.0,0.0,0,0,0.0
2023-07-30T16:00:00.000,0.0,0.0,0.0,0.0,0,0,0.0
2023-07-31T09:30:00.000,457.41,457.805,457.25,457.35,1528053,15101,457.5
2023-07-31T09:35:00.000,457.34,457.72,457.26,457.66,987921,8162,457.5
2023-07-31T09:40:00.000,457.66,458.125,457.615,457.91,969079,8383,457.59
2023-07-31T09:45:00.000,457.91,458.16,457.7653,457.82,872691,9011,457.67
2023-07-31T09:50:00.000,457.84,458.09,457.58,457.63,668117,7225,457.7
2023-07-31T09:55:00.000,457.6207,457.64,456.5,457.0,1819772,15967,457.5
2023-07-31T10:00:00.000,457.0,457.03,456.66,457.009,572666,7225,457.45
2023-07-31T10:05:00.000,457.01,457.39,456.9916,457.3309,678599,7487,457.43
2023-07-31T10:10:00.000,457.35,457.43,457.16,457.3489,510991,5766,457.42
2023-07-31T10:15:00.000,457.36,457.52,457.2463,457.2901,585806,6653,457.42
2023-07-31T10:20:00.000,457.295,457.52,457.25,457.49,445322,6067,457.42
2023-07-31T10:25:00.000,457.49,457.71,457.37,457.7,564102,5864,457.42
2023-07-31T10:30:00.000,457.7,457.82,457.18,457.31,759548,7786,457.43
2023-07-31T10:35:00.000,457.3,457.56,457.155,457.53,572099,6118,457.43
2023-07-31T10:40:00.000,457.53,457.6601,457.44,457.61,518626,5864,457.43
2023-07-31T10:45:00.000,457.61,457.66,457.2,457.5977,573778,6620,457.43
2023-07-31T10:50:00.000,457.59,457.6099,457.44,457.45,322098,3755,457.43
2023-07-31T10:55:00.000,457.46,457.67,457.4401,457.513,295630,3066,457.44
2023-07-31T11:00:00.000,457.53,457.65,457.395,457.62,291257,3469,457.44
2023-07-31T11:05:00.000,457.63,457.71,457.4401,457.646,283365,3249,457.44
2023-07-31T11:10:00.000,457.645,457.83,457.55,457.6,359406,3935,457.45
2023-07-31T11:15:00.000,457.6,457.62,457.36,457.54,389183,4188,457.45
2023-07-31T11:20:00.000,457.545,457.58,457.255,457.2901,316731,3475,457.45
2023-07-31T11:25:00.000,457.28,457.36,457.12,457.28,390294,3729,457.44
2023-07-31T11:30:00.000,457.3,457.36,456.684,456.99,890564,8153,457.41
2023-07-31T11:35:00.000,456.995,457.26,456.97,457.13,369268,3350,457.41
2023-07-31T11:40:00.000,457.13,457.146,456.945,457.1,446578,3872,457.4
2023-07-31T11:45:00.000,457.1,457.31,457.02,457.25,279636,3023,457.39
2023-07-31T11:50:00.000,457.25,457.26,456.69,456.77,741869,6981,457.37
2023-07-31T11:55:00.000,456.7608,457.0411,456.75,456.945,418725,4779,457.36
2023-07-31T12:00:00.000,456.95,457.18,456.93,457.0801,534103,5563,457.35
2023-07-31T12:05:00.000,457.08,457.1,456.85,456.995,395902,4606,457.35
2023-07-31T12:10:00.000,457.0,457.11,456.85,456.9604,454756,5065,457.34
2023-07-31T12:15:00.000,456.96,457.19,456.82,457.1286,642051,3800,457.33
2023-07-31T12:20:00.000,457.12,457.23,457.035,457.1899,293562,3513,457.33
2023-07-31T12:25:00.000,457.21,457.24,457.11,457.21,754575,2793,457.33
2023-07-31T12:30:00.000,457.2,457.24,456.98,457.0474,528820,3029,457.33
2023-07-31T12:35:00.000,457.0394,457.06,456.895,456.98,280139,2473,457.32
2023-07-31T12:40:00.000,456.98,456.98,456.72,456.915,300453,3225,457.32
2023-07-31T12:45:00.000,456.92,456.92,456.69,456.885,258313,2873,457.31
2023-07-31T12:50:00.000,456.89,456.9,456.63,456.772,271312,3253,457.3
2023-07-31T12:55:00.000,456.75,456.7519,456.5,456.63,270754,3169,457.29
2023-07-31T13:00:00.000,456.63,456.63,456.24,456.44,521951,4983,457.27
2023-07-31T13:05:00.000,456.43,456.8901,456.38,456.8901,419340,4172,457.26
2023-07-31T13:10:00.000,456.9,457.02,456.82,456.851,291368,3095,457.26
2023-07-31T13:15:00.000,456.85,456.865,456.4,456.46,480113,4332,457.25
2023-07-31T13:20:00.000,456.4682,456.705,456.43,456.6,381548,3420,457.24
2023-07-31T13:25:00.000,456.6,456.83,456.49,456.6187,250356,2780,457.23
2023-07-31T13:30:00.000,456.6189,456.93,456.595,456.89,263806,3545,457.23
2023-07-31T13:35:00.000,456.89,457.165,456.8771,457.15,336587,3568,457.22
2023-07-31T13:40:00.000,457.16,457.17,456.94,457.07,572410,3337,457.22
2023-07-31T13:45:00.000,457.075,457.095,456.87,457.01,316120,3171,457.22
2023-07-31T13:50:00.000,457.01,457.01,456.755,456.775,259858,2732,457.21
2023-07-31T13:55:00.000,456.76,456.92,456.74,456.88,252559,2596,457.21
2023-07-31T14:00:00.000,456.89,457.04,456.83,456.965,287398,3367,457.21
2023-07-31T14:05:00.000,456.97,457.04,456.69,456.73,476301,4406,457.2
2023-07-31T14:10:00.000,456.73,456.8,456.625,456.665,392976,3640,457.19
2023-07-31T14:15:00.000,456.665,456.8,456.65,456.6899,233375,2812,457.19
2023-07-31T14:20:00.000,456.68,456.77,456.5,456.615,353755,3473,457.18
2023-07-31T14:25:00.000,456.605,456.78,456.48,456.68,354804,3626,457.18
2023-07-31T14:30:00.000,456.68,456.801,456.585,456.79,221663,2789,457.17
2023-07-31T14:35:00.000,456.78,456.89,456.585,456.69,304904,3362,457.17
2023-07-31T14:40:00.000,456.695,456.825,456.63,456.73,231058,2884,457.16
2023-07-31T14:45:00.000,456.725,456.9,456.6,456.88,230265,2735,457.16
2023-07-31T14:50:00.000,456.88,457.09,456.86,456.91,388314,4046,457.16
2023-07-31T14:55:00.000,456.91,457.18,456.91,457.05,614178,3723,457.16
2023-07-31T15:00:00.000,457.059,457.1001,456.69,456.74,379921,4067,457.15
2023-07-31T15:05:00.000,456.75,456.765,456.62,456.625,299847,3684,457.15
2023-07-31T15:10:00.000,456.625,456.7,456.46,456.59,1008303,6883,457.13
2023-07-31T15:15:00.000,456.58,456.735,456.48,456.705,609354,5694,457.12
2023-07-31T15:20:00.000,456.71,456.83,456.54,456.55,686920,5762,457.11
2023-07-31T15:25:00.000,456.55,456.74,456.465,456.685,579996,5678,457.1
2023-07-31T15:30:00.000,456.68,456.81,456.425,456.4999,719735,6890,457.09
2023-07-31T15:35:00.000,456.49,456.59,456.21,456.25,1378637,8895,457.07
2023-07-31T15:40:00.000,456.255,456.495,456.225,456.465,997424,8275,457.05
2023-07-31T15:45:00.000,456.47,456.57,456.045,456.2195,1689341,12128,457.02
2023-07-31T15:50:00.000,456.2,456.795,456.125,456.75,1731618,13702,457.0
2023-07-31T15:55:00.000,456.76,457.84,456.665,457.79,7118618,29584,457.05
2023-07-31T16:00:00.000,457.79,457.79,457.79,457.79,500,1,457.05
