timestamp,open,high,low,close,volume,count,vwap
2026-02-01T09:30:00.000,0.0,0.0,0.0,0.0,0,0,0.0
2026-02-01T09:35:00.000,0.0,0.0,0.0,0.0,0,0,0.0
2026-02-01T09:40:00.000,0.0,0.0,0.0,0.0,0,0,0.0
2026-02-01T09:45:00.000,0.0,0.0,0.0,0.0,0,0,0.0
2026-02-01T09:50:00.000,0.0,0.0,0.0,0.0,0,0,0.0
2026-02-01T09:55:00.000,0.0,0.0,0.0,0.0,0,0,0.0
2026-02-01T10:00:00.000,0.0,0.0,0.0,0.0,0,0,0.0
2026-02-01T10:05:00.000,0.0,0.0,0.0,0.0,0,0,0.0
2026-02-01T10:10:00.000,0.0,0.0,0.0,0.0,0,0,0.0
2026-02-01T10:15:00.000,0.0,0.0,0.0,0.0,0,0,0.0
2026-02-01T10:20:00.000,0.0,0.0,0.0,0.0,0,0,0.0
2026-02-01T10:25:00.000,0.0,0.0,0.0,0.0,0,0,0.0
2026-02-01T10:30:00.000,0.0,0.0,0.0,0.0,0,0,0.0
2026-02-01T10:35:00.000,0.0,0.0,0.0,0.0,0,0,0.0
2026-02-01T10:40:00.000,0.0,0.0,0.0,0.0,0,0,0.0
2026-02-01T10:45:00.000,0.0,0.0,0.0,0.0,0,0,0.0
2026-02-01T10:50:00.000,0.0,0.0,0.0,0.0,0,0,0.0
2026-02-01T10:55:00.000,0.0,0.0,0.0,0.0,0,0,0.0
2026-02-01T11:00:00.000,0.0,0.0,0.0,0.0,0,0,0.0
2026-02-01T11:05:00.000,0.0,0.0,0.0,0.0,0,0,0.0
2026-02-01T11:10:00.000,0.0,0.0,0.0,0.0,0,0,0.0
2026-02-01T11:15:00.000,0.0,0.0,0.0,0.0,0,0,0.0
2026-02-01T11:20:00.000,0.0,0.0,0.0,0.0,0,0,0.0
2026-02-01T11:25:00.000,0.0,0.0,0.0,0.0,0,0,0.0
2026-02-01T11:30:00.000,0.0,0.0,0.0,0.0,0,0,0.0
2026-02-01T11:35:00.000,0.0,0.0,0.0,0.0,0,0,0.0
2026-02-01T11:40:00.000,0.0,0.0,0.0,0.0,0,0,0.0
2026-02-01T11:45:00.000,0.0,0.0,0.0,0.0,0,0,0.0
2026-02-01T11:50:00.000,0.0,0.0,0.0,0.0,0,0,0.0
2026-02-01T11:55:00.000,0.0,0.0,0.0,0.0,0,0,0.0
2026-02-01T12:00:00.000,0.0,0.0,0.0,0.0,0,0,0.0
2026-02-01T12:05:00.000,0.0,0.0,0.0,0.0,0,0,0.0
2026-02-01T12:10:00.000,0.0,0.0,0.0,0.0,0,0,0.0
2026-02-01T12:15:00.000,0.0,0.0,0.0,0.0,0,0,0.0
2026-02-01T12:20:00.000,0.0,0.0,0.0,0.0,0,0,0.0
2026-02-01T12:25:00.000,0.0,0.0,0.0,0.0,0,0,0.0
2026-02-01T12:30:00.000,0.0,0.0,0.0,0.0,0,0,0.0
2026-02-01T12:35:00.000,0.0,0.0,0.0,0.0,0,0,0.0
2026-02-01T12:40:00.000,0.0,0.0,0.0,0.0,0,0,0.0
2026-02-01T12:45:00.000,0.0,0.0,0.0,0.0,0,0,0.0
2026-02-01T12:50:00.000,0.0,0.0,0.0,0.0,0,0,0.0
2026-02-01T12:55:00.000,0.0,0.0,0.0,0.0,0,0,0.0
2026-02-01T13:00:00.000,0.0,0.0,0.0,0.0,0,0,0.0
2026-02-01T13:05:00.000,0.0,0.0,0.0,0.0,0,0,0.0
2026-02-01T13:10:00.000,0.0,0.0,0.0,0.0,0,0,0.0
2026-02-01T13:15:00.000,0.0,0.0,0.0,0.0,0,0,0.0
2026-02-01T13:20:00.000,0.0,0.0,0.0,0.0,0,0,0.0
2026-02-01T13:25:00.000,0.0,0.0,0.0,0.0,0,0,0.0
2026-02-01T13:30:00.000,0.0,0.0,0.0,0.0,0,0,0.0
2026-02-01T13:35:00.000,0.0,0.0,0.0,0.0,0,0,0.0
2026-02-01T13:40:00.000,0.0,0.0,0.0,0.0,0,0,0.0
2026-02-01T13:45:00.000,0.0,0.0,0.0,0.0,0,0,0.0
2026-02-01T13:50:00.000,0.0,0.0,0.0,0.0,0,0,0.0
2026-02-01T13:55:00.000,0.0,0.0,0.0,0.0,0,0,0.0
2026-02-01T14:00:00.000,0.0,0.0,0.0,0.0,0,0,0.0
2026-02-01T14:05:00.000,0.0,0.0,0.0,0.0,0,0,0.0
2026-02-01T14:10:00.000,0.0,0.0,0.0,0.0,0,0,0.0
2026-02-01T14:15:00.000,0.0,0.0,0.0,0.0,0,0,0.0
2026-02-01T14:20:00.000,0.0,0.0,0.0,0.0,0,0,0.0
2026-02-01T14:25:00.000,0.0,0.0,0.0,0.0,0,0,0.0
2026-02-01T14:30:00.000,0.0,0.0,0.0,0.0,0,0,0.0
2026-02-01T14:35:00.000,0.0,0.0,0.0,0.0,0,0,0.0
2026-02-01T14:40:00.000,0.0,0.0,0.0,0.0,0,0,0.0
2026-02-01T14:45:00.000,0.0,0.0,0.0,0.0,0,0,0.0
2026-02-01T14:50:00.000,0.0,0.0,0.0,0.0,0,0,0.0
2026-02-01T14:55:00.000,0.0,0.0,0.0,0.0,0,0,0.0
2026-02-01T15:00:00.000,0.0,0.0,0.0,0.0,0,0,0.0
2026-02-01T15:05:00.000,0.0,0.0,0.0,0.0,0,0,0.0
2026-02-01T15:10:00.000,0.0,0.0,0.0,0.0,0,0,0.0
2026-02-01T15:15:00.000,0.0,0.0,0.0,0.0,0,0,0.0
2026-02-01T15:20:00.000,0.0,0.0,0.0,0.0,0,0,0.0
2026-02-01T15:25:00.000,0.0,0.0,0.0,0.0,0,0,0.0
2026-02-01T15:30:00.000,0.0,0.0,0.0,0.0,0,0,0.0
2026-02-01T15:35:00.000,0.0,0.0,0.0,0.0,0,0,0.0
2026-02-01T15:40:00.000,0.0,0.0,0.0,0.0,0,0,0.0
2026-02-01T15:45:00.000,0.0,0.0,0.0,0.0,0,0,0.0
2026-02-01T15:50:00.000,0.0,0.0,0.0,0.0,0,0,0.0
2026-02-01T15:55:00.000,0.0,0.0,0.0,0.0,0,0,0.0
2026-02-01T16:00:00.000,0.0,0.0,0.0,0.0,0,0,0.0
2026-02-02T09:30:00.000,689.58,691.23,689.425,691.23,3653757,61274,690.45
2026-02-02T09:35:00.000,691.23,692.24,690.94,691.945,2363365,34504,690.96
2026-02-02T09:40:00.000,691.95,692.73,691.54,692.59,1591184,24779,691.2
2026-02-02T09:45:00.000,692.59,692.99,692.31,692.87,1253337,19572,691.4
2026-02-02T09:50:00.000,692.87,693.84,692.87,693.37,1760985,24486,691.75
2026-02-02T09:55:00.000,693.36,693.58,692.1,692.7,1189370,19414,691.85
2026-02-02T10:00:00.000,692.62,693.772,692.31,693.765,1071956,18250,691.95
2026-02-02T10:05:00.000,693.77,694.545,693.64,694.5,1828613,28046,692.23
2026-02-02T10:10:00.000,694.5,695.23,694.24,695.12,1760044,24730,692.5
2026-02-02T10:15:00.000,695.11,695.58,694.76,695.475,1664248,24721,692.74
2026-02-02T10:20:00.000,695.48,695.67,695.11,695.2101,1092903,29015,692.88
2026-02-02T10:25:00.000,695.22,695.4,694.57,694.685,1167388,18261,693.0
2026-02-02T10:30:00.000,694.685,695.22,694.4599,695.15,1032969,16167,693.09
2026-02-02T10:35:00.000,695.145,695.75,695.04,695.7,901984,15302,693.18
2026-02-02T10:40:00.000,695.71,695.75,694.88,695.1,829153,14319,693.25
2026-02-02T10:45:00.000,695.11,695.14,694.67,694.67,666453,12743,693.3
2026-02-02T10:50:00.000,694.665,695.23,694.47,695.01,810582,14144,693.35
2026-02-02T10:55:00.000,695.0,695.06,694.355,694.73,781523,14068,693.39
2026-02-02T11:00:00.000,694.72,694.8196,694.16,694.255,745779,13847,693.42
2026-02-02T11:05:00.000,694.255,694.85,693.92,694.82,790987,13995,693.45
2026-02-02T11:10:00.000,694.82,695.14,694.67,695.08,643879,12678,693.48
2026-02-02T11:15:00.000,695.08,695.47,694.915,695.23,667787,12411,693.52
2026-02-02T11:20:00.000,695.235,695.68,695.15,695.44,754915,12033,693.57
2026-02-02T11:25:00.000,695.44,695.6,695.1,695.55,620588,11591,693.61
2026-02-02T11:30:00.000,695.56,695.57,695.06,695.46,493254,10820,693.63
2026-02-02T11:35:00.000,695.46,695.54,695.2,695.24,446626,10116,693.66
2026-02-02T11:40:00.000,695.24,695.27,694.89,695.14,388217,8952,693.68
2026-02-02T11:45:00.000,695.15,695.17,694.49,694.9,492015,10633,693.69
2026-02-02T11:50:00.000,694.91,695.33,694.72,695.27,364352,8746,693.71
2026-02-02T11:55:00.000,695.26,695.86,695.26,695.75,691937,10220,693.74
2026-02-02T12:00:00.000,695.75,696.31,695.64,696.29,954332,12765,693.8
2026-02-02T12:05:00.000,696.29,696.355,696.005,696.3199,541678,10171,693.84
2026-02-02T12:10:00.000,696.32,696.52,696.14,696.16,685523,11714,693.89
2026-02-02T12:15:00.000,696.17,696.41,696.01,696.33,518384,9313,693.93
2026-02-02T12:20:00.000,696.33,696.36,695.94,696.127,369200,7483,693.95
2026-02-02T12:25:00.000,696.13,696.265,696.02,696.225,224075,5292,693.96
2026-02-02T12:30:00.000,696.2275,696.55,696.15,696.42,433622,7818,693.99
2026-02-02T12:35:00.000,696.43,696.62,696.205,696.39,391290,7377,694.02
2026-02-02T12:40:00.000,696.39,696.405,696.05,696.29,283468,5304,694.03
2026-02-02T12:45:00.000,696.29,696.42,696.25,696.395,215296,4551,694.05
2026-02-02T12:50:00.000,696.41,696.72,696.255,696.68,245203,5248,694.06
2026-02-02T12:55:00.000,696.68,696.93,696.36,696.405,595681,8825,694.1
2026-02-02T13:00:00.000,696.41,696.7199,696.41,696.615,424153,7494,694.13
2026-02-02T13:05:00.000,696.62,696.65,696.38,696.49,364286,6105,694.15
2026-02-02T13:10:00.000,696.515,696.56,696.225,696.2601,487590,6588,694.17
2026-02-02T13:15:00.000,696.26,696.3,695.99,696.055,395370,6187,694.19
2026-02-02T13:20:00.000,696.07,696.14,695.685,696.1,577120,9351,694.22
2026-02-02T13:25:00.000,696.11,696.25,695.955,696.0601,271301,5505,694.23
2026-02-02T13:30:00.000,696.07,696.22,696.025,696.09,283535,6310,694.24
2026-02-02T13:35:00.000,696.09,696.35,696.07,696.105,289399,6147,694.26
2026-02-02T13:40:00.000,696.11,696.51,696.06,696.43,465311,5228,694.27
2026-02-02T13:45:00.000,696.42,696.76,696.42,696.66,304607,4966,694.29
2026-02-02T13:50:00.000,696.66,696.68,696.49,696.52,313006,4706,694.31
2026-02-02T13:55:00.000,696.52,696.67,696.43,696.49,436274,5413,694.33
2026-02-02T14:00:00.000,696.49,696.7,696.36,696.68,647744,8056,694.35
2026-02-02T14:05:00.000,696.67,696.77,696.625,696.715,377966,5895,694.37
2026-02-02T14:10:00.000,696.72,696.88,696.715,696.72,532671,7146,694.4
2026-02-02T14:15:00.000,696.71,696.855,696.64,696.715,518839,6309,694.43
2026-02-02T14:20:00.000,696.715,696.84,696.62,696.77,356086,5834,694.45
2026-02-02T14:25:00.000,696.775,696.83,696.635,696.79,453394,7173,694.47
2026-02-02T14:30:00.000,696.785,696.79,696.31,696.55,932349,10267,694.5
2026-02-02T14:35:00.000,696.545,696.55,696.24,696.29,454399,7148,694.52
2026-02-02T14:40:00.000,696.28,696.57,696.165,696.55,414058,6594,694.54
2026-02-02T14:45:00.000,696.5499,696.7201,696.3417,696.3524,539108,7698,694.56
2026-02-02T14:50:00.000,696.36,696.42,696.15,696.2799,659604,8033,694.59
2026-02-02T14:55:00.000,696.27,696.78,695.345,695.52,1457725,20762,694.63
2026-02-02T15:00:00.000,695.525,696.24,695.0103,695.99,2456616,32850,694.68
2026-02-02T15:05:00.000,695.99,696.47,695.94,696.295,983775,12739,694.71
2026-02-02T15:10:00.000,696.31,696.47,695.77,695.7925,1190813,14455,694.75
2026-02-02T15:15:00.000,695.795,696.11,695.46,695.88,1253387,16551,694.77
2026-02-02T15:20:00.000,695.89,696.25,695.84,696.215,907202,12761,694.79
2026-02-02T15:25:00.000,696.21,696.23,695.7,695.8086,915023,11730,694.81
2026-02-02T15:30:00.000,695.81,695.96,695.67,695.68,846448,12817,694.82
2026-02-02T15:35:00.000,695.67,695.74,695.37,695.465,747675,11616,694.83
2026-02-02T15:40:00.000,695.46,695.57,695.23,695.31,1160255,16211,694.84
2026-02-02T15:45:00.000,695.3,695.81,695.21,695.63,1781092,20146,694.87
2026-02-02T15:50:00.000,695.63,695.75,695.08,695.38,2778976,28209,694.89
2026-02-02T15:55:00.000,695.375,695.725,695.27,695.46,5807159,46803,694.94
2026-02-02T16:00:00.000,695.47,695.47,695.46,695.46,1597,3,694.94
2026-02-03T09:30:00.000,696.21,696.96,695.66,696.09,2692346,42521,696.27
2026-02-03T09:35:00.000,696.1,696.5122,695.42,695.73,1904910,31103,696.12
2026-02-03T09:40:00.000,695.74,696.34,694.905,695.19,2152957,32729,695.95
2026-02-03T09:45:00.000,695.2,696.15,695.05,696.075,1235771,20409,695.89
2026-02-03T09:50:00.000,696.05,696.1,694.93,694.94,1163466,19612,695.84
2026-02-03T09:55:00.000,694.94,695.07,693.34,693.48,2194013,32255,695.51
2026-02-03T10:00:00.000,693.51,693.72,692.165,692.89,2958989,43831,694.95
2026-02-03T10:05:00.000,692.87,693.4049,692.055,692.96,1805174,28408,694.69
2026-02-03T10:10:00.000,692.97,693.01,691.62,691.91,1545866,25444,694.47
2026-02-03T10:15:00.000,691.93,692.835,691.79,692.45,1078066,19897,694.35
2026-02-03T10:20:00.000,692.46,692.92,690.93,690.96,1229839,22126,694.2
2026-02-03T10:25:00.000,690.95,692.5,690.8,692.205,1557033,23304,694.05
2026-02-03T10:30:00.000,692.19,692.6,691.55,691.615,1172975,22277,693.95
2026-02-03T10:35:00.000,691.615,692.09,691.06,692.08,950997,19239,693.86
2026-02-03T10:40:00.000,692.07,692.24,691.33,691.35,835973,17219,693.79
2026-02-03T10:45:00.000,691.35,692.775,690.93,692.7499,1247648,22238,693.69
2026-02-03T10:50:00.000,692.74,693.26,692.01,692.835,1472080,21554,693.64
2026-02-03T10:55:00.000,692.835,693.43,692.76,693.14,1085927,18413,693.62
2026-02-03T11:00:00.000,693.14,693.19,692.2876,692.32,706695,13751,693.6
2026-02-03T11:05:00.000,692.32,692.67,692.09,692.17,526795,11885,693.58
2026-02-03T11:10:00.000,692.16,692.655889,691.87,692.02,649898,12734,693.55
2026-02-03T11:15:00.000,692.02,692.39,691.69,691.85,634020,12342,693.52
2026-02-03T11:20:00.000,691.84,692.05,690.75,690.905,853909,14953,693.46
2026-02-03T11:25:00.000,690.9,691.6499,690.67,690.8,868057,15408,693.4
2026-02-03T11:30:00.000,690.81,691.18,690.39,691.08,1262839,16978,693.32
2026-02-03T11:35:00.000,691.08,691.44,690.58,690.8999,691509,14024,693.28
2026-02-03T11:40:00.000,690.9,691.17,690.7,690.98,703572,12186,693.24
2026-02-03T11:45:00.000,690.97,691.4499,690.64,691.15,715630,11801,693.2
2026-02-03T11:50:00.000,691.15,691.15,690.27,690.77,821462,14549,693.14
2026-02-03T11:55:00.000,690.78,691.04,690.57,690.64,650229,12975,693.1
2026-02-03T12:00:00.000,690.64,690.74,690.31,690.49,758692,12777,693.05
2026-02-03T12:05:00.000,690.49,690.59,689.99,690.55,808479,13599,692.99
2026-02-03T12:10:00.000,690.54,690.69,688.61,689.12,2286713,31264,692.77
2026-02-03T12:15:00.000,689.12,689.93,688.94,689.28,1784490,23619,692.65
2026-02-03T12:20:00.000,689.28,689.96,689.01,689.835,924098,15791,692.58
2026-02-03T12:25:00.000,689.83,690.12,688.825,688.83,618151,11259,692.54
2026-02-03T12:30:00.000,688.82,688.94,688.14,688.15,1090563,15466,692.45
2026-02-03T12:35:00.000,688.15,688.41,687.91,688.13,979104,16144,692.36
2026-02-03T12:40:00.000,688.12,688.12,687.39,687.63,1220124,18333,692.24
2026-02-03T12:45:00.000,687.62,688.34,687.45,688.09,1008316,17046,692.15
2026-02-03T12:50:00.000,688.1,688.73,687.465,687.93,970667,14788,692.08
2026-02-03T12:55:00.000,687.93,688.115,687.63,687.7,643203,12566,692.02
2026-02-03T13:00:00.000,687.69,688.07,687.47,687.505,777311,11761,691.97
2026-02-03T13:05:00.000,687.5,688.55,687.39,687.99,1354219,21203,691.87
2026-02-03T13:10:00.000,687.98,687.98,686.42,686.71,1221307,17864,691.77
2026-02-03T13:15:00.000,686.71,687.27,686.57,687.24,909901,14989,691.68
2026-02-03T13:20:00.000,687.23,687.37,686.66,686.68,610096,10828,691.63
2026-02-03T13:25:00.000,686.68,686.82,686.24,686.365,1785527,13287,691.56
2026-02-03T13:30:00.000,686.365,686.41,685.72,686.03,908147,16440,691.47
2026-02-03T13:35:00.000,686.03,686.41,685.57,686.41,779248,11855,691.4
2026-02-03T13:40:00.000,686.4,686.4,685.67,685.77,581386,10498,691.35
2026-02-03T13:45:00.000,685.76,685.88,685.41,685.7497,633131,10810,691.29
2026-02-03T13:50:00.000,685.74,685.74,685.36,685.43,549719,10416,691.23
2026-02-03T13:55:00.000,685.45,685.99,684.85,684.86,994802,17435,691.14
2026-02-03T14:00:00.000,684.84,685.225,684.32,684.56,1603036,25947,690.97
2026-02-03T14:05:00.000,684.54,684.81,684.03,684.25,1515527,18958,690.84
2026-02-03T14:10:00.000,684.24,686.46,684.1399,686.39,2113022,29227,690.67
2026-02-03T14:15:00.000,686.4,686.995,686.19,686.76,1904142,27989,690.56
2026-02-03T14:20:00.000,686.755,687.22,686.6,686.675,1143421,18780,690.5
2026-02-03T14:25:00.000,686.68,686.87,685.72,686.2135,1427871,23061,690.41
2026-02-03T14:30:00.000,686.21,686.88,685.82,685.92,1260105,21607,690.33
2026-02-03T14:35:00.000,685.91,686.53,685.84,686.34,844989,14295,690.28
2026-02-03T14:40:00.000,686.33,686.715,685.98,686.14,1028950,15991,690.23
2026-02-03T14:45:00.000,686.1356,686.25,685.53,685.56,838574,14063,690.17
2026-02-03T14:50:00.000,685.56,686.23,685.13,685.99,1140114,18647,690.1
2026-02-03T14:55:00.000,686.01,687.08,685.97,686.83,1278918,19840,690.04
2026-02-03T15:00:00.000,686.82,687.05,686.3,686.35,763154,13185,690.01
2026-02-03T15:05:00.000,686.32,686.74,686.28,686.71,584970,11373,689.98
2026-02-03T15:10:00.000,686.71,687.06,686.37,687.04,901102,12328,689.96
2026-02-03T15:15:00.000,687.03,687.6,686.59,687.22,1307152,18315,689.92
2026-02-03T15:20:00.000,687.215,687.485,686.74,687.47,1591741,16439,689.88
2026-02-03T15:25:00.000,687.47,687.805,687.45,687.53,967406,16001,689.85
2026-02-03T15:30:00.000,687.53,688.86,687.49,688.8,1780685,21744,689.82
2026-02-03T15:35:00.000,688.81,689.2,688.54,689.05,1662377,22202,689.8
2026-02-03T15:40:00.000,689.06,689.07,688.2,688.57,1324740,19276,689.78
2026-02-03T15:45:00.000,688.58,688.88,688.39,688.84,1312633,18677,689.76
2026-02-03T15:50:00.000,688.85,689.43,688.8112,689.35,2638409,31383,689.75
2026-02-03T15:55:00.000,689.34,689.75,689.23,689.47,4071326,44720,689.74
2026-02-03T16:00:00.000,689.46,689.46,689.46,689.46,2627,3,689.74
2026-02-04T09:30:00.000,690.35,690.47,688.9907,689.58,2428211,43043,689.65
2026-02-04T09:35:00.000,689.59,691.06,689.13,690.61,2090429,34191,689.93
2026-02-04T09:40:00.000,690.61,691.29,689.8,690.65,1630468,25243,690.08
2026-02-04T09:45:00.000,690.66,691.45,690.05,691.01,1287157,23193,690.2
2026-02-04T09:50:00.000,690.995,691.14,688.95,690.18,1458029,25356,690.16
2026-02-04T09:55:00.000,690.21,690.35,687.83,688.19,1338134,21871,689.98
2026-02-04T10:00:00.000,688.17,688.19,686.51,687.28,1844356,30080,689.53
2026-02-04T10:05:00.000,687.28,689.22,687.28,688.96,1743871,29037,689.36
2026-02-04T10:10:00.000,688.95,689.62,688.44,688.89,1524221,25457,689.32
2026-02-04T10:15:00.000,688.9,689.33,688.335,688.705,1060507,20665,689.29
2026-02-04T10:20:00.000,688.69,690.335,688.59,689.98,1594598,27077,689.31
2026-02-04T10:25:00.000,689.98,690.85,689.4151,689.9,1291033,27774,689.36
2026-02-04T10:30:00.000,689.9,690.09,688.16,688.3,1065351,20708,689.34
2026-02-04T10:35:00.000,688.31,690.08,687.32,688.84,2463671,39807,689.25
2026-02-04T10:40:00.000,688.88,690.27,688.61,689.59,1840710,31142,689.27
2026-02-04T10:45:00.000,689.59,689.78,688.48,688.68,1082375,18698,689.26
2026-02-04T10:50:00.000,688.67,689.17,688.27,688.81,890362,16788,689.24
2026-02-04T10:55:00.000,688.79,689.34,688.21,688.59,741964,16416,689.23
2026-02-04T11:00:00.000,688.61,688.9,687.04,687.07,1200545,23497,689.17
2026-02-04T11:05:00.000,687.07,687.705,686.575,686.82,1382760,21902,689.09
2026-02-04T11:10:00.000,686.81,688.36,686.57,687.87,1429942,25128,689.02
2026-02-04T11:15:00.000,687.87,688.26,686.53,686.79,983326,17979,688.98
2026-02-04T11:20:00.000,686.77,687.86,686.39,687.77,1144851,20874,688.92
2026-02-04T11:25:00.000,687.77,688.48,687.44,688.3499,1102392,18217,688.9
2026-02-04T11:30:00.000,688.35,688.48,687.15,687.18,959952,16707,688.88
2026-02-04T11:35:00.000,687.19,687.55,686.75,686.79,766809,16938,688.84
2026-02-04T11:40:00.000,686.79,686.905,685.37,685.42,918840,18416,688.77
2026-02-04T11:45:00.000,685.42,685.525,684.48,684.82,1774910,30765,688.61
2026-02-04T11:50:00.000,684.82,685.44,684.335,685.43,1482847,26813,688.48
2026-02-04T11:55:00.000,685.44,686.77,685.35,686.59,1249997,22868,688.41
2026-02-04T12:00:00.000,686.58,687.1,686.3,686.78,902122,16796,688.38
2026-02-04T12:05:00.000,686.79,687.02,686.24,686.465,708237,15037,688.35
2026-02-04T12:10:00.000,686.47,686.89,685.87,686.78,579134,13650,688.33
2026-02-04T12:15:00.000,686.77,686.96,685.7,685.72,558248,10783,688.31
2026-02-04T12:20:00.000,685.71,686.05,685.39,685.525,549853,12282,688.27
2026-02-04T12:25:00.000,685.54,685.67,683.22,683.7,1760430,31398,688.11
2026-02-04T12:30:00.000,683.7,684.8,683.19,683.65,2102814,34145,687.92
2026-02-04T12:35:00.000,683.63,683.67,682.44,682.4535,1487866,26943,687.77
2026-02-04T12:40:00.000,682.45,683.17,682.03,683.09,1760561,32718,687.59
2026-02-04T12:45:00.000,683.095,683.28,682.11,682.35,1469056,23051,687.47
2026-02-04T12:50:00.000,682.32,683.25,681.76,683.135,1299056,24879,687.35
2026-02-04T12:55:00.000,683.13,683.86,683.115,683.66,951625,16681,687.29
2026-02-04T13:00:00.000,683.66,683.88,682.61,683.3,796018,15659,687.23
2026-02-04T13:05:00.000,683.32,684.05,682.35,682.38,902983,17565,687.17
2026-02-04T13:10:00.000,682.37,683.165,682.33,682.87,930473,16506,687.1
2026-02-04T13:15:00.000,682.87,683.16,682.35,682.49,550355,12212,687.05
2026-02-04T13:20:00.000,682.52,683.56,682.38,683.54,1053379,16167,686.99
2026-02-04T13:25:00.000,683.53,685.01,683.53,684.8,1305181,20550,686.93
2026-02-04T13:30:00.000,684.81,684.87,683.11,683.54,1142413,20009,686.87
2026-02-04T13:35:00.000,683.56,684.19,683.4224,684.01,605737,13107,686.84
2026-02-04T13:40:00.000,683.99,685.06,683.76,684.06,1005036,18801,686.8
2026-02-04T13:45:00.000,684.06,684.42,683.69,683.8,564258,11340,686.77
2026-02-04T13:50:00.000,683.79,684.59,683.151,684.46,665666,12803,686.74
2026-02-04T13:55:00.000,684.47,685.51,684.41,684.63,1353999,18977,686.71
2026-02-04T14:00:00.000,684.62,684.9,684.02,684.08,987200,18051,686.68
2026-02-04T14:05:00.000,684.08,684.48,683.4,684.34,1144827,18486,686.63
2026-02-04T14:10:00.000,684.34,684.66,684.13,684.29,671560,12301,686.61
2026-02-04T14:15:00.000,684.24,685.3,684.2,684.78,623204,12655,686.59
2026-02-04T14:20:00.000,684.77,685.175,684.14,684.73,842247,14824,686.57
2026-02-04T14:25:00.000,684.7,685.405,684.46,685.34,842297,14982,686.55
2026-02-04T14:30:00.000,685.34,686.34,685.3,686.2,1318482,21991,686.54
2026-02-04T14:35:00.000,686.205,686.44,685.775,686.03,965914,16720,686.53
2026-02-04T14:40:00.000,686.04,686.99,685.99,686.58,1037311,17768,686.53
2026-02-04T14:45:00.000,686.58,688.35,686.33,687.27,1835712,28532,686.55
2026-02-04T14:50:00.000,687.27,688.48,687.07,687.69,1484411,22843,686.58
2026-02-04T14:55:00.000,687.685,688.31,687.5,688.27,1117590,18514,686.6
2026-02-04T15:00:00.000,688.27,688.49,687.39,687.79,1170044,18180,686.62
2026-02-04T15:05:00.000,687.79,688.05,687.66,687.95,673245,12038,686.63
2026-02-04T15:10:00.000,687.97,688.1,686.745,687.485,1095239,15993,686.63
2026-02-04T15:15:00.000,687.49,687.705,687.09,687.405,881046,12949,686.64
2026-02-04T15:20:00.000,687.405,687.96,687.1,687.795,926145,15387,686.65
2026-02-04T15:25:00.000,687.81,688.17,687.455,687.54,855820,14342,686.67
2026-02-04T15:30:00.000,687.53,688.08,687.29,687.88,935935,15956,686.68
2026-02-04T15:35:00.000,687.89,688.27,687.59,688.195,1072947,17905,686.69
2026-02-04T15:40:00.000,688.19,688.3,687.76,687.82,833285,14948,686.71
2026-02-04T15:45:00.000,687.81,688.32,687.52,688.23,1208392,20652,686.72
2026-02-04T15:50:00.000,688.29,688.44,686.35,686.5,2937572,37489,686.74
2026-02-04T15:55:00.000,686.49,686.55,685.641,686.12,3963833,46461,686.72
2026-02-04T16:00:00.000,686.12,686.12,686.12,686.12,80,2,686.72
2026-02-05T09:30:00.000,680.94,680.94,678.75,680.78,3847753,61688,679.99
2026-02-05T09:35:00.000,680.8,682.64,680.06,682.48,2684310,41057,680.6
2026-02-05T09:40:00.000,682.49,683.36,681.3,682.94,2185204,32636,681.03
2026-02-05T09:45:00.000,682.94,683.28,682.13,682.95,1642070,26457,681.3
2026-02-05T09:50:00.000,682.93,683.69,681.44,681.87,1255872,22275,681.44
2026-02-05T09:55:00.000,681.84,682.22,680.28,680.61,1385792,23087,681.39
2026-02-05T10:00:00.000,680.61,681.38,678.94,679.38,2029418,32996,681.16
2026-02-05T10:05:00.000,679.39,679.55,678.33,678.87,1829287,30814,680.9
2026-02-05T10:10:00.000,678.86,679.2,676.8,676.86,2512754,39787,680.49
2026-02-05T10:15:00.000,676.86,678.56,676.7,678.12,2261152,36842,680.21
2026-02-05T10:20:00.000,678.12,678.39,676.9,677.24,1413429,25193,680.04
2026-02-05T10:25:00.000,677.24,678.26,676.175,676.64,1633186,27502,679.83
2026-02-05T10:30:00.000,676.65,677.44,675.94,676.11,1762746,30095,679.61
2026-02-05T10:35:00.000,676.13,677.92,676.0,677.75,2217707,36870,679.41
2026-02-05T10:40:00.000,677.7301,678.49,677.08,677.9,1625061,28858,679.33
2026-02-05T10:45:00.000,677.87,678.245,676.135,676.39,1512169,26496,679.21
2026-02-05T10:50:00.000,676.38,677.79,676.38,676.73,1569096,27874,679.11
2026-02-05T10:55:00.000,676.74,677.35,676.058,677.33,1131623,22306,679.03
2026-02-05T11:00:00.000,677.35,677.65,676.4801,676.5297,1427136,25718,678.96
2026-02-05T11:05:00.000,676.52,676.86,675.9465,676.0,961696,20073,678.9
2026-02-05T11:10:00.000,675.98,677.095,675.79,675.91,1072809,20591,678.83
2026-02-05T11:15:00.000,675.89,678.34,675.86,678.14,1432944,25262,678.78
2026-02-05T11:20:00.000,678.13,679.26,678.05,679.1,1615549,27917,678.77
2026-02-05T11:25:00.000,679.12,679.79,678.72,679.66,1342279,24563,678.79
2026-02-05T11:30:00.000,679.66,680.499,679.45,680.36,1682814,28555,678.83
2026-02-05T11:35:00.000,680.36,680.73,679.93,680.09,1211362,22042,678.87
2026-02-05T11:40:00.000,680.07,680.63,679.63,679.98,1236035,22528,678.9
2026-02-05T11:45:00.000,679.96,680.06,678.95,680.04,883521,18393,678.91
2026-02-05T11:50:00.000,680.03,681.26,680.03,681.045,1128774,20479,678.95
2026-02-05T11:55:00.000,681.05,681.535,680.365,681.24,931711,17669,678.99
2026-02-05T12:00:00.000,681.22,681.34,679.55,679.955,1096931,18247,679.02
2026-02-05T12:05:00.000,679.94,680.508,679.74,679.95,590609,11916,679.03
2026-02-05T12:10:00.000,679.96,680.26,679.28,680.0099,855520,15132,679.04
2026-02-05T12:15:00.000,680.0,680.2,679.6,679.75,499329,10740,679.05
2026-02-05T12:20:00.000,679.73,681.09,678.98,681.09,795702,13747,679.06
2026-02-05T12:25:00.000,681.1,681.94,681.08,681.5,987771,15216,679.11
2026-02-05T12:30:00.000,681.52,681.9,680.78,680.83,661274,13195,679.13
2026-02-05T12:35:00.000,680.84,681.68,680.71,681.43,484726,9296,679.15
2026-02-05T12:40:00.000,681.4,682.29,681.25,681.72,669422,12885,679.18
2026-02-05T12:45:00.000,681.72,682.615,680.93,681.05,855782,15328,679.22
2026-02-05T12:50:00.000,681.05,681.71,680.53,680.87,736637,14372,679.24
2026-02-05T12:55:00.000,680.84,680.98,680.17,680.45,552971,11423,679.26
2026-02-05T13:00:00.000,680.46,681.32,680.38,680.67,632605,12813,679.27
2026-02-05T13:05:00.000,680.66,680.66,680.08,680.26,480236,10137,679.28
2026-02-05T13:10:00.000,680.25,680.6,679.76,680.17,741796,13741,679.29
2026-02-05T13:15:00.000,680.14,680.4,679.62,679.76,590938,10793,679.3
2026-02-05T13:20:00.000,679.76,679.94,678.85,679.17,730290,13449,679.3
2026-02-05T13:25:00.000,679.19,679.59,678.92,679.15,662090,12196,679.3
2026-02-05T13:30:00.000,679.16,680.01,679.07,679.43,752075,12819,679.3
2026-02-05T13:35:00.000,679.42,679.46,678.78,678.97,444152,9421,679.3
2026-02-05T13:40:00.000,678.97,679.32,678.51,679.01,694641,12294,679.29
2026-02-05T13:45:00.000,679.0,679.26,678.37,678.52,598950,11458,679.29
2026-02-05T13:50:00.000,678.5,678.5,677.755,678.02,661343,12662,679.28
2026-02-05T13:55:00.000,678.03,678.615,677.685,678.3003,700921,13243,679.27
2026-02-05T14:00:00.000,678.31,679.3711,678.03,678.95,801765,14723,679.26
2026-02-05T14:05:00.000,678.96,679.71,678.87,679.6,1875762,13291,679.26
2026-02-05T14:10:00.000,679.61,680.86,679.55,680.59,1039006,15717,679.27
2026-02-05T14:15:00.000,680.59,681.1501,680.42,681.13,913128,12792,679.29
2026-02-05T14:20:00.000,681.16,681.47,680.935,681.21,1081724,15561,679.31
2026-02-05T14:25:00.000,681.21,681.23,680.1,680.245,807103,14206,679.33
2026-02-05T14:30:00.000,680.24,680.24,678.5405,679.45,989169,17632,679.33
2026-02-05T14:35:00.000,679.44,679.6999,678.91,679.05,857889,14228,679.33
2026-02-05T14:40:00.000,679.04,679.26,678.62,678.87,825703,14507,679.32
2026-02-05T14:45:00.000,678.87,679.24,678.605,678.81,627492,11402,679.32
2026-02-05T14:50:00.000,678.84,679.19,678.39,678.79,631645,11911,679.31
2026-02-05T14:55:00.000,678.81,679.17,678.65,679.09,700424,12438,679.31
2026-02-05T15:00:00.000,679.09,679.59,678.69,679.465,760829,13570,679.31
2026-02-05T15:05:00.000,679.47,680.775,679.24,680.645,966776,15936,679.32
2026-02-05T15:10:00.000,680.63,680.895,679.73,679.87,1105345,16163,679.33
2026-02-05T15:15:00.000,679.86,679.9,678.629,678.75,1277230,16808,679.33
2026-02-05T15:20:00.000,678.74,678.88,677.78,677.98,1353345,18896,679.31
2026-02-05T15:25:00.000,677.96,678.09,677.64,677.77,1175630,19882,679.29
2026-02-05T15:30:00.000,677.79,678.18,677.24,677.32,1404093,22419,679.26
2026-02-05T15:35:00.000,677.32,677.75,677.09,677.73,1544430,20796,679.24
2026-02-05T15:40:00.000,677.73,678.3499,676.92,677.12,1583003,24337,679.21
2026-02-05T15:45:00.000,677.13,677.32,676.51,676.97,2686974,30198,679.16
2026-02-05T15:50:00.000,676.98,677.44,676.1855,677.08,2211181,32297,679.1
2026-02-05T15:55:00.000,677.07,678.04,676.94,677.45,4636463,55487,679.03
2026-02-05T16:00:00.000,677.45,677.45,677.45,677.45,272,1,679.03
2026-02-06T09:30:00.000,681.46,684.47,680.85,683.8,4129968,63761,682.43
2026-02-06T09:35:00.000,683.8,685.04,683.52,684.71,3249556,52185,683.23
2026-02-06T09:40:00.000,684.7,685.57,683.97,685.55,2531770,38101,683.61
2026-02-06T09:45:00.000,685.56,685.87,684.95,685.53,2448674,40030,683.99
2026-02-06T09:50:00.000,685.54,686.51,685.32,685.37,1709274,26498,684.23
2026-02-06T09:55:00.000,685.37,685.37,684.58,684.745,1325476,21721,684.29
2026-02-06T10:00:00.000,684.8,685.13,683.68,684.08,1331706,22398,684.29
2026-02-06T10:05:00.000,684.08,684.9299,683.36,683.97,1461989,27294,684.26
2026-02-06T10:10:00.000,683.97,685.49,683.67,683.73,1539475,28074,684.29
2026-02-06T10:15:00.000,683.72,685.04,683.11,684.79,1120170,20618,684.28
2026-02-06T10:20:00.000,684.8,685.77,683.89,684.37,1427613,24495,684.32
2026-02-06T10:25:00.000,684.37,685.81,684.12,685.65,1004407,19472,684.36
2026-02-06T10:30:00.000,685.65,686.35,684.91,686.15,1357528,32141,684.43
2026-02-06T10:35:00.000,686.16,686.295,685.76,686.11,1025690,18676,684.49
2026-02-06T10:40:00.000,686.1,686.75,685.93,686.35,1034013,18494,684.56
2026-02-06T10:45:00.000,686.36,687.04,685.85,685.945,1359532,22442,684.66
2026-02-06T10:50:00.000,685.93,685.97,684.38,684.54,1253199,23111,684.67
2026-02-06T10:55:00.000,684.52,685.96,684.33,685.8,1322812,20076,684.7
2026-02-06T11:00:00.000,685.79,686.9,685.43,686.9,1060349,19320,684.75
2026-02-06T11:05:00.000,686.9,687.3,686.55,687.11,1336451,24251,684.84
2026-02-06T11:10:00.000,687.11,687.39,686.91,687.36,1093094,20053,684.92
2026-02-06T11:15:00.000,687.35,687.52,686.815,687.08,926643,18647,684.98
2026-02-06T11:20:00.000,687.09,687.72,687.015,687.26,837206,16649,685.03
2026-02-06T11:25:00.000,687.26,687.32,686.58,687.105,821711,16370,685.07
2026-02-06T11:30:00.000,687.105,687.71,687.05,687.69,779412,15188,685.12
2026-02-06T11:35:00.000,687.688,687.98,687.53,687.75,955311,17600,685.18
2026-02-06T11:40:00.000,687.7499,688.01,687.42,687.7,691347,14312,685.23
2026-02-06T11:45:00.000,687.7,687.93,687.53,687.82,512846,11325,685.26
2026-02-06T11:50:00.000,687.8099,688.02,687.675,687.78,434328,10602,685.29
2026-02-06T11:55:00.000,687.77,687.775,686.94,687.46,814669,15343,685.33
2026-02-06T12:00:00.000,687.455,687.82,687.14,687.815,656282,12004,685.36
2026-02-06T12:05:00.000,687.81,688.38,687.8,688.15,584421,11347,685.4
2026-02-06T12:10:00.000,688.15,688.4,687.7,687.94,582209,11655,685.43
2026-02-06T12:15:00.000,687.94,688.25,687.61,688.025,523239,10863,685.46
2026-02-06T12:20:00.000,688.04,688.07,687.74,687.98,378810,8150,685.48
2026-02-06T12:25:00.000,687.97,688.51,687.97,688.48,577831,10902,685.52
2026-02-06T12:30:00.000,688.5,688.91,688.471,688.68,801695,13198,685.58
2026-02-06T12:35:00.000,688.68,688.69,687.8524,688.01,555408,10972,685.61
2026-02-06T12:40:00.000,688.005,688.51,687.98,688.5,428926,8926,685.63
2026-02-06T12:45:00.000,688.5,688.965,688.495,688.905,669698,12009,685.68
2026-02-06T12:50:00.000,688.9,689.54,688.7499,689.07,878584,14331,685.74
2026-02-06T12:55:00.000,689.06,689.195,688.935,688.95,514933,10120,685.78
2026-02-06T13:00:00.000,688.96,689.51,688.95,689.47,534592,9909,685.81
2026-02-06T13:05:00.000,689.465,689.5,688.89,689.105,597049,11410,685.86
2026-02-06T13:10:00.000,689.1,689.34,688.96,689.045,400464,8750,685.88
2026-02-06T13:15:00.000,689.045,689.21,688.63,689.16,407099,8972,685.91
2026-02-06T13:20:00.000,689.17,689.44,688.89,688.91,487181,10220,685.94
2026-02-06T13:25:00.000,688.905,688.99,688.59,688.945,588297,8764,685.96
2026-02-06T13:30:00.000,688.95,689.219,688.88,688.95,401040,9339,685.98
2026-02-06T13:35:00.000,688.95,689.41,688.9401,689.3,380514,7666,686.0
2026-02-06T13:40:00.000,689.305,689.46,689.18,689.305,397085,7976,686.03
2026-02-06T13:45:00.000,689.31,689.555,689.28,689.515,422003,8284,686.06
2026-02-06T13:50:00.000,689.52,689.66,689.34,689.37,513716,8735,686.09
2026-02-06T13:55:00.000,689.35,689.43,688.95,689.03,439144,8925,686.11
2026-02-06T14:00:00.000,689.03,689.39,688.94,689.345,705646,12747,686.15
2026-02-06T14:05:00.000,689.35,689.42,689.1,689.21,548828,9426,686.19
2026-02-06T14:10:00.000,689.215,689.33,688.9,688.9099,476909,9346,686.21
2026-02-06T14:15:00.000,688.91,689.08,688.74,688.9,418813,7912,686.23
2026-02-06T14:20:00.000,688.89,689.53,688.88,689.41,580497,9423,686.26
2026-02-06T14:25:00.000,689.41,689.49,689.2531,689.478,463927,7688,686.29
2026-02-06T14:30:00.000,689.48,689.56,689.19,689.215,628217,9582,686.31
2026-02-06T14:35:00.000,689.215,689.37,689.13,689.2001,463369,8518,686.34
2026-02-06T14:40:00.000,689.2,689.2001,688.9,688.975,502065,9835,686.36
2026-02-06T14:45:00.000,688.98,689.76,688.97,689.64,505929,9582,686.39
2026-02-06T14:50:00.000,689.63,689.73,689.4,689.54,529106,8894,686.42
2026-02-06T14:55:00.000,689.56,689.58,689.27,689.35,467838,8955,686.44
2026-02-06T15:00:00.000,689.34,689.66,689.1,689.52,591595,11134,686.47
2026-02-06T15:05:00.000,689.52,689.81,689.46,689.605,710237,12334,686.51
2026-02-06T15:10:00.000,689.6,689.625,689.44,689.465,750020,12146,686.54
2026-02-06T15:15:00.000,689.47,689.79,689.4425,689.76,684163,12106,686.58
2026-02-06T15:20:00.000,689.76,690.14,689.72,690.0116,980749,15789,686.63
2026-02-06T15:25:00.000,690.01,690.1,689.71,689.775,900383,13063,686.67
2026-02-06T15:30:00.000,689.77,690.08,689.6,689.89,925353,15625,686.72
2026-02-06T15:35:00.000,689.88,690.0423,689.7219,690.035,835204,14908,686.76
2026-02-06T15:40:00.000,690.03,690.7687,690.0,690.75,1789119,21219,686.85
2026-02-06T15:45:00.000,690.76,691.17,690.725,691.05,1921888,25259,686.95
2026-02-06T15:50:00.000,691.05,692.31,690.92,692.0,3494246,42893,687.18
2026-02-06T15:55:00.000,691.99,692.03,690.58,690.66,5873124,62364,687.49
2026-02-06T16:00:00.000,0.0,0.0,0.0,0.0,0,0,687.49
2026-02-07T09:30:00.000,0.0,0.0,0.0,0.0,0,0,0.0
2026-02-07T09:35:00.000,0.0,0.0,0.0,0.0,0,0,0.0
2026-02-07T09:40:00.000,0.0,0.0,0.0,0.0,0,0,0.0
2026-02-07T09:45:00.000,0.0,0.0,0.0,0.0,0,0,0.0
2026-02-07T09:50:00.000,0.0,0.0,0.0,0.0,0,0,0.0
2026-02-07T09:55:00.000,0.0,0.0,0.0,0.0,0,0,0.0
2026-02-07T10:00:00.000,0.0,0.0,0.0,0.0,0,0,0.0
2026-02-07T10:05:00.000,0.0,0.0,0.0,0.0,0,0,0.0
2026-02-07T10:10:00.000,0.0,0.0,0.0,0.0,0,0,0.0
2026-02-07T10:15:00.000,0.0,0.0,0.0,0.0,0,0,0.0
2026-02-07T10:20:00.000,0.0,0.0,0.0,0.0,0,0,0.0
2026-02-07T10:25:00.000,0.0,0.0,0.0,0.0,0,0,0.0
2026-02-07T10:30:00.000,0.0,0.0,0.0,0.0,0,0,0.0
2026-02-07T10:35:00.000,0.0,0.0,0.0,0.0,0,0,0.0
2026-02-07T10:40:00.000,0.0,0.0,0.0,0.0,0,0,0.0
2026-02-07T10:45:00.000,0.0,0.0,0.0,0.0,0,0,0.0
2026-02-07T10:50:00.000,0.0,0.0,0.0,0.0,0,0,0.0
2026-02-07T10:55:00.000,0.0,0.0,0.0,0.0,0,0,0.0
2026-02-07T11:00:00.000,0.0,0.0,0.0,0.0,0,0,0.0
2026-02-07T11:05:00.000,0.0,0.0,0.0,0.0,0,0,0.0
2026-02-07T11:10:00.000,0.0,0.0,0.0,0.0,0,0,0.0
2026-02-07T11:15:00.000,0.0,0.0,0.0,0.0,0,0,0.0
2026-02-07T11:20:00.000,0.0,0.0,0.0,0.0,0,0,0.0
2026-02-07T11:25:00.000,0.0,0.0,0.0,0.0,0,0,0.0
2026-02-07T11:30:00.000,0.0,0.0,0.0,0.0,0,0,0.0
2026-02-07T11:35:00.000,0.0,0.0,0.0,0.0,0,0,0.0
2026-02-07T11:40:00.000,0.0,0.0,0.0,0.0,0,0,0.0
2026-02-07T11:45:00.000,0.0,0.0,0.0,0.0,0,0,0.0
2026-02-07T11:50:00.000,0.0,0.0,0.0,0.0,0,0,0.0
2026-02-07T11:55:00.000,0.0,0.0,0.0,0.0,0,0,0.0
2026-02-07T12:00:00.000,0.0,0.0,0.0,0.0,0,0,0.0
2026-02-07T12:05:00.000,0.0,0.0,0.0,0.0,0,0,0.0
2026-02-07T12:10:00.000,0.0,0.0,0.0,0.0,0,0,0.0
2026-02-07T12:15:00.000,0.0,0.0,0.0,0.0,0,0,0.0
2026-02-07T12:20:00.000,0.0,0.0,0.0,0.0,0,0,0.0
2026-02-07T12:25:00.000,0.0,0.0,0.0,0.0,0,0,0.0
2026-02-07T12:30:00.000,0.0,0.0,0.0,0.0,0,0,0.0
2026-02-07T12:35:00.000,0.0,0.0,0.0,0.0,0,0,0.0
2026-02-07T12:40:00.000,0.0,0.0,0.0,0.0,0,0,0.0
2026-02-07T12:45:00.000,0.0,0.0,0.0,0.0,0,0,0.0
2026-02-07T12:50:00.000,0.0,0.0,0.0,0.0,0,0,0.0
2026-02-07T12:55:00.000,0.0,0.0,0.0,0.0,0,0,0.0
2026-02-07T13:00:00.000,0.0,0.0,0.0,0.0,0,0,0.0
2026-02-07T13:05:00.000,0.0,0.0,0.0,0.0,0,0,0.0
2026-02-07T13:10:00.000,0.0,0.0,0.0,0.0,0,0,0.0
2026-02-07T13:15:00.000,0.0,0.0,0.0,0.0,0,0,0.0
2026-02-07T13:20:00.000,0.0,0.0,0.0,0.0,0,0,0.0
2026-02-07T13:25:00.000,0.0,0.0,0.0,0.0,0,0,0.0
2026-02-07T13:30:00.000,0.0,0.0,0.0,0.0,0,0,0.0
2026-02-07T13:35:00.000,0.0,0.0,0.0,0.0,0,0,0.0
2026-02-07T13:40:00.000,0.0,0.0,0.0,0.0,0,0,0.0
2026-02-07T13:45:00.000,0.0,0.0,0.0,0.0,0,0,0.0
2026-02-07T13:50:00.000,0.0,0.0,0.0,0.0,0,0,0.0
2026-02-07T13:55:00.000,0.0,0.0,0.0,0.0,0,0,0.0
2026-02-07T14:00:00.000,0.0,0.0,0.0,0.0,0,0,0.0
2026-02-07T14:05:00.000,0.0,0.0,0.0,0.0,0,0,0.0
2026-02-07T14:10:00.000,0.0,0.0,0.0,0.0,0,0,0.0
2026-02-07T14:15:00.000,0.0,0.0,0.0,0.0,0,0,0.0
2026-02-07T14:20:00.000,0.0,0.0,0.0,0.0,0,0,0.0
2026-02-07T14:25:00.000,0.0,0.0,0.0,0.0,0,0,0.0
2026-02-07T14:30:00.000,0.0,0.0,0.0,0.0,0,0,0.0
2026-02-07T14:35:00.000,0.0,0.0,0.0,0.0,0,0,0.0
2026-02-07T14:40:00.000,0.0,0.0,0.0,0.0,0,0,0.0
2026-02-07T14:45:00.000,0.0,0.0,0.0,0.0,0,0,0.0
2026-02-07T14:50:00.000,0.0,0.0,0.0,0.0,0,0,0.0
2026-02-07T14:55:00.000,0.0,0.0,0.0,0.0,0,0,0.0
2026-02-07T15:00:00.000,0.0,0.0,0.0,0.0,0,0,0.0
2026-02-07T15:05:00.000,0.0,0.0,0.0,0.0,0,0,0.0
2026-02-07T15:10:00.000,0.0,0.0,0.0,0.0,0,0,0.0
2026-02-07T15:15:00.000,0.0,0.0,0.0,0.0,0,0,0.0
2026-02-07T15:20:00.000,0.0,0.0,0.0,0.0,0,0,0.0
2026-02-07T15:25:00.000,0.0,0.0,0.0,0.0,0,0,0.0
2026-02-07T15:30:00.000,0.0,0.0,0.0,0.0,0,0,0.0
2026-02-07T15:35:00.000,0.0,0.0,0.0,0.0,0,0,0.0
2026-02-07T15:40:00.000,0.0,0.0,0.0,0.0,0,0,0.0
2026-02-07T15:45:00.000,0.0,0.0,0.0,0.0,0,0,0.0
2026-02-07T15:50:00.000,0.0,0.0,0.0,0.0,0,0,0.0
2026-02-07T15:55:00.000,0.0,0.0,0.0,0.0,0,0,0.0
2026-02-07T16:00:00.000,0.0,0.0,0.0,0.0,0,0,0.0
2026-02-08T09:30:00.000,0.0,0.0,0.0,0.0,0,0,0.0
2026-02-08T09:35:00.000,0.0,0.0,0.0,0.0,0,0,0.0
2026-02-08T09:40:00.000,0.0,0.0,0.0,0.0,0,0,0.0
2026-02-08T09:45:00.000,0.0,0.0,0.0,0.0,0,0,0.0
2026-02-08T09:50:00.000,0.0,0.0,0.0,0.0,0,0,0.0
2026-02-08T09:55:00.000,0.0,0.0,0.0,0.0,0,0,0.0
2026-02-08T10:00:00.000,0.0,0.0,0.0,0.0,0,0,0.0
2026-02-08T10:05:00.000,0.0,0.0,0.0,0.0,0,0,0.0
2026-02-08T10:10:00.000,0.0,0.0,0.0,0.0,0,0,0.0
2026-02-08T10:15:00.000,0.0,0.0,0.0,0.0,0,0,0.0
2026-02-08T10:20:00.000,0.0,0.0,0.0,0.0,0,0,0.0
2026-02-08T10:25:00.000,0.0,0.0,0.0,0.0,0,0,0.0
2026-02-08T10:30:00.000,0.0,0.0,0.0,0.0,0,0,0.0
2026-02-08T10:35:00.000,0.0,0.0,0.0,0.0,0,0,0.0
2026-02-08T10:40:00.000,0.0,0.0,0.0,0.0,0,0,0.0
2026-02-08T10:45:00.000,0.0,0.0,0.0,0.0,0,0,0.0
2026-02-08T10:50:00.000,0.0,0.0,0.0,0.0,0,0,0.0
2026-02-08T10:55:00.000,0.0,0.0,0.0,0.0,0,0,0.0
2026-02-08T11:00:00.000,0.0,0.0,0.0,0.0,0,0,0.0
2026-02-08T11:05:00.000,0.0,0.0,0.0,0.0,0,0,0.0
2026-02-08T11:10:00.000,0.0,0.0,0.0,0.0,0,0,0.0
2026-02-08T11:15:00.000,0.0,0.0,0.0,0.0,0,0,0.0
2026-02-08T11:20:00.000,0.0,0.0,0.0,0.0,0,0,0.0
2026-02-08T11:25:00.000,0.0,0.0,0.0,0.0,0,0,0.0
2026-02-08T11:30:00.000,0.0,0.0,0.0,0.0,0,0,0.0
2026-02-08T11:35:00.000,0.0,0.0,0.0,0.0,0,0,0.0
2026-02-08T11:40:00.000,0.0,0.0,0.0,0.0,0,0,0.0
2026-02-08T11:45:00.000,0.0,0.0,0.0,0.0,0,0,0.0
2026-02-08T11:50:00.000,0.0,0.0,0.0,0.0,0,0,0.0
2026-02-08T11:55:00.000,0.0,0.0,0.0,0.0,0,0,0.0
2026-02-08T12:00:00.000,0.0,0.0,0.0,0.0,0,0,0.0
2026-02-08T12:05:00.000,0.0,0.0,0.0,0.0,0,0,0.0
2026-02-08T12:10:00.000,0.0,0.0,0.0,0.0,0,0,0.0
2026-02-08T12:15:00.000,0.0,0.0,0.0,0.0,0,0,0.0
2026-02-08T12:20:00.000,0.0,0.0,0.0,0.0,0,0,0.0
2026-02-08T12:25:00.000,0.0,0.0,0.0,0.0,0,0,0.0
2026-02-08T12:30:00.000,0.0,0.0,0.0,0.0,0,0,0.0
2026-02-08T12:35:00.000,0.0,0.0,0.0,0.0,0,0,0.0
2026-02-08T12:40:00.000,0.0,0.0,0.0,0.0,0,0,0.0
2026-02-08T12:45:00.000,0.0,0.0,0.0,0.0,0,0,0.0
2026-02-08T12:50:00.000,0.0,0.0,0.0,0.0,0,0,0.0
2026-02-08T12:55:00.000,0.0,0.0,0.0,0.0,0,0,0.0
2026-02-08T13:00:00.000,0.0,0.0,0.0,0.0,0,0,0.0
2026-02-08T13:05:00.000,0.0,0.0,0.0,0.0,0,0,0.0
2026-02-08T13:10:00.000,0.0,0.0,0.0,0.0,0,0,0.0
2026-02-08T13:15:00.000,0.0,0.0,0.0,0.0,0,0,0.0
2026-02-08T13:20:00.000,0.0,0.0,0.0,0.0,0,0,0.0
2026-02-08T13:25:00.000,0.0,0.0,0.0,0.0,0,0,0.0
2026-02-08T13:30:00.000,0.0,0.0,0.0,0.0,0,0,0.0
2026-02-08T13:35:00.000,0.0,0.0,0.0,0.0,0,0,0.0
2026-02-08T13:40:00.000,0.0,0.0,0.0,0.0,0,0,0.0
2026-02-08T13:45:00.000,0.0,0.0,0.0,0.0,0,0,0.0
2026-02-08T13:50:00.000,0.0,0.0,0.0,0.0,0,0,0.0
2026-02-08T13:55:00.000,0.0,0.0,0.0,0.0,0,0,0.0
2026-02-08T14:00:00.000,0.0,0.0,0.0,0.0,0,0,0.0
2026-02-08T14:05:00.000,0.0,0.0,0.0,0.0,0,0,0.0
2026-02-08T14:10:00.000,0.0,0.0,0.0,0.0,0,0,0.0
2026-02-08T14:15:00.000,0.0,0.0,0.0,0.0,0,0,0.0
2026-02-08T14:20:00.000,0.0,0.0,0.0,0.0,0,0,0.0
2026-02-08T14:25:00.000,0.0,0.0,0.0,0.0,0,0,0.0
2026-02-08T14:30:00.000,0.0,0.0,0.0,0.0,0,0,0.0
2026-02-08T14:35:00.000,0.0,0.0,0.0,0.0,0,0,0.0
2026-02-08T14:40:00.000,0.0,0.0,0.0,0.0,0,0,0.0
2026-02-08T14:45:00.000,0.0,0.0,0.0,0.0,0,0,0.0
2026-02-08T14:50:00.000,0.0,0.0,0.0,0.0,0,0,0.0
2026-02-08T14:55:00.000,0.0,0.0,0.0,0.0,0,0,0.0
2026-02-08T15:00:00.000,0.0,0.0,0.0,0.0,0,0,0.0
2026-02-08T15:05:00.000,0.0,0.0,0.0,0.0,0,0,0.0
2026-02-08T15:10:00.000,0.0,0.0,0.0,0.0,0,0,0.0
2026-02-08T15:15:00.000,0.0,0.0,0.0,0.0,0,0,0.0
2026-02-08T15:20:00.000,0.0,0.0,0.0,0.0,0,0,0.0
2026-02-08T15:25:00.000,0.0,0.0,0.0,0.0,0,0,0.0
2026-02-08T15:30:00.000,0.0,0.0,0.0,0.0,0,0,0.0
2026-02-08T15:35:00.000,0.0,0.0,0.0,0.0,0,0,0.0
2026-02-08T15:40:00.000,0.0,0.0,0.0,0.0,0,0,0.0
2026-02-08T15:45:00.000,0.0,0.0,0.0,0.0,0,0,0.0
2026-02-08T15:50:00.000,0.0,0.0,0.0,0.0,0,0,0.0
2026-02-08T15:55:00.000,0.0,0.0,0.0,0.0,0,0,0.0
2026-02-08T16:00:00.000,0.0,0.0,0.0,0.0,0,0,0.0
2026-02-09T09:30:00.000,689.42,690.17,688.34,689.8699,2679327,47407,689.27
2026-02-09T09:35:00.000,689.87,691.15,689.39,691.13,2129025,34415,689.67
2026-02-09T09:40:00.000,691.14,691.57,690.81,691.195,1708520,30599,690.05
2026-02-09T09:45:00.000,691.19,691.635,690.5,691.235,1860586,32100,690.32
2026-02-09T09:50:00.000,691.24,691.29,689.78,690.46,1528529,26452,690.32
2026-02-09T09:55:00.000,690.48,690.87,690.24,690.4,995539,18349,690.35
2026-02-09T10:00:00.000,690.38,691.2665,690.22,691.26,1052020,21283,690.38
2026-02-09T10:05:00.000,691.27,691.94,691.18,691.6,1135473,20547,690.49
2026-02-09T10:10:00.000,691.6,691.83,691.16,691.78,795265,16310,690.55
2026-02-09T10:15:00.000,691.79,692.68,691.78,692.67,1250439,21624,690.69
2026-02-09T10:20:00.000,692.67,692.93,692.22,692.34,905390,16941,690.8
2026-02-09T10:25:00.000,692.33,692.39,691.69,691.94,685791,14470,690.85
2026-02-09T10:30:00.000,691.96,693.28,691.9387,693.245,946435,25534,690.95
2026-02-09T10:35:00.000,693.25,693.765,693.2,693.37,1261428,20580,691.13
2026-02-09T10:40:00.000,693.36,693.6,693.31,693.54,604261,13426,691.2
2026-02-09T10:45:00.000,693.54,693.8,693.21,693.78,791178,15119,691.28
2026-02-09T10:50:00.000,693.78,694.0,693.56,693.825,1080609,16134,691.38
2026-02-09T10:55:00.000,693.83,694.46,693.79,694.24,955244,16768,691.51
2026-02-09T11:00:00.000,694.23,694.62,694.21,694.55,600586,12204,691.58
2026-02-09T11:05:00.000,694.54,694.57,694.09,694.18,814868,12003,691.65
2026-02-09T11:10:00.000,694.19,694.46,694.06,694.305,630981,13024,691.72
2026-02-09T11:15:00.000,694.3,694.48,694.06,694.09,631184,13623,691.78
2026-02-09T11:20:00.000,694.09,694.52,694.07,694.51,1186046,11003,691.84
2026-02-09T11:25:00.000,694.5,694.76,694.34,694.6897,776919,12022,691.91
2026-02-09T11:30:00.000,694.68,694.77,694.475,694.59,583179,11300,691.97
2026-02-09T11:35:00.000,694.59,694.605,694.27,694.535,466241,9104,692.01
2026-02-09T11:40:00.000,694.555,695.0,694.5437,694.97,559236,10812,692.06
2026-02-09T11:45:00.000,694.97,695.33,694.96,695.195,738407,13504,692.15
2026-02-09T11:50:00.000,695.2,695.52,695.1,695.385,776059,13304,692.23
2026-02-09T11:55:00.000,695.38,695.59,695.33,695.39,593377,9449,692.29
2026-02-09T12:00:00.000,695.385,695.63,695.21,695.51,564584,10974,692.35
2026-02-09T12:05:00.000,695.505,695.56,695.3,695.38,364782,7682,692.38
2026-02-09T12:10:00.000,695.38,695.66,695.34,695.48,500489,9759,692.43
2026-02-09T12:15:00.000,695.47,695.59,695.41,695.51,360681,7580,692.47
2026-02-09T12:20:00.000,695.51,695.52,695.22,695.315,430011,7921,692.51
2026-02-09T12:25:00.000,695.32,695.37,695.12,695.14,415502,7949,692.54
2026-02-09T12:30:00.000,695.15,695.3,694.98,695.138,369650,7599,692.57
2026-02-09T12:35:00.000,695.14,695.51,695.025,695.065,383086,7704,692.6
2026-02-09T12:40:00.000,695.065,695.12,694.82,694.93,379659,7871,692.63
2026-02-09T12:45:00.000,694.94,695.01,694.73,694.955,357004,7420,692.65
2026-02-09T12:50:00.000,694.96,694.96,694.77,694.88,251646,5904,692.67
2026-02-09T12:55:00.000,694.88,694.89,694.48,694.58,415352,8052,692.7
2026-02-09T13:00:00.000,694.57,694.952,694.36,694.72,629671,10907,692.73
2026-02-09T13:05:00.000,694.73,694.9399,694.54,694.87,279762,6214,692.75
2026-02-09T13:10:00.000,694.8601,694.93,694.65,694.865,225460,5766,692.76
2026-02-09T13:15:00.000,694.87,694.92,694.68,694.84,389141,5376,692.77
2026-02-09T13:20:00.000,694.84,695.0,693.55,694.58,1537546,23894,692.83
2026-02-09T13:25:00.000,694.57,694.62,694.1,694.23,547675,9814,692.85
2026-02-09T13:30:00.000,694.23,694.81,694.0,694.66,572522,11131,692.88
2026-02-09T13:35:00.000,694.66,694.86,694.54,694.82,286242,6783,692.89
2026-02-09T13:40:00.000,694.83,695.17,694.72,695.0001,545448,9648,692.92
2026-02-09T13:45:00.000,695.0,695.19,694.77,694.8,401547,7891,692.94
2026-02-09T13:50:00.000,694.82,694.96,694.68,694.75,321511,6250,692.96
2026-02-09T13:55:00.000,694.755,694.86,694.49,694.67,406765,7634,692.98
2026-02-09T14:00:00.000,694.67,695.1,694.49,695.07,527494,9263,693.0
2026-02-09T14:05:00.000,695.08,695.09,694.68,694.785,348219,6797,693.02
2026-02-09T14:10:00.000,694.78,695.34,694.78,695.26,711348,10371,693.05
2026-02-09T14:15:00.000,695.25,695.4,695.18,695.345,517158,8452,693.08
2026-02-09T14:20:00.000,695.345,695.76,695.31,695.67,595601,9784,693.12
2026-02-09T14:25:00.000,695.67,695.87,695.62,695.74,570320,8915,693.15
2026-02-09T14:30:00.000,695.74,695.85,695.565,695.63,524534,8992,693.18
2026-02-09T14:35:00.000,695.64,695.78,695.53,695.695,386915,7232,693.2
2026-02-09T14:40:00.000,695.695,695.695,695.49,695.59,362430,6681,693.22
2026-02-09T14:45:00.000,695.59,695.68,695.48,695.635,434482,7202,693.24
2026-02-09T14:50:00.000,695.64,695.7,695.42,695.535,401912,7159,693.26
2026-02-09T14:55:00.000,695.53,695.61,695.34,695.42,355999,6458,693.28
2026-02-09T15:00:00.000,695.42,695.67,695.32,695.5,961137,7883,693.3
2026-02-09T15:05:00.000,695.49,695.72,695.45,695.4904,451294,6813,693.33
2026-02-09T15:10:00.000,695.5,695.6,695.41,695.415,334781,6185,693.34
2026-02-09T15:15:00.000,695.41,695.43,695.04,695.115,949017,10250,693.37
2026-02-09T15:20:00.000,695.11,695.16,694.785,694.91,826949,11553,693.4
2026-02-09T15:25:00.000,694.91,694.955,694.33,694.575,1082296,14558,693.43
2026-02-09T15:30:00.000,694.57,694.5813,694.0997,694.1,1205801,14514,693.45
2026-02-09T15:35:00.000,694.1,694.59,693.88,694.56,1404111,16498,693.47
2026-02-09T15:40:00.000,694.565,694.845,694.28,694.61,1641567,16453,693.5
2026-02-09T15:45:00.000,694.6,694.87,694.595,694.8,1509835,16479,693.53
2026-02-09T15:50:00.000,694.79,695.02,694.08,694.31,1776446,25089,693.56
2026-02-09T15:55:00.000,694.31,694.84,693.91,693.92,4030505,42232,693.62
2026-02-09T16:00:00.000,693.92,693.92,693.92,693.92,100,1,693.62
2026-02-10T09:30:00.000,694.95,695.55,694.8,695.04,2252637,38698,695.16
2026-02-10T09:35:00.000,695.05,695.14,693.76,694.37,1814350,31283,694.85
2026-02-10T09:40:00.000,694.38,694.45,693.455,693.985,1439582,24687,694.62
2026-02-10T09:45:00.000,694.0,694.24,693.64,693.94,1056663,20345,694.51
2026-02-10T09:50:00.000,693.941,695.37,693.92,695.37,1237655,23193,694.53
2026-02-10T09:55:00.000,695.38,696.16,695.2131,695.75,1193180,22051,694.69
2026-02-10T10:00:00.000,695.74,695.83,695.5,695.81,698216,15198,694.76
2026-02-10T10:05:00.000,695.81,696.435,695.565,696.2,870407,17287,694.88
2026-02-10T10:10:00.000,696.2099,696.37,694.71,695.41,1094787,26670,694.95
2026-02-10T10:15:00.000,695.41,696.06,694.96,696.02,902849,17796,694.99
2026-02-10T10:20:00.000,696.03,696.39,695.43,695.47,825132,16450,695.05
2026-02-10T10:25:00.000,695.46,696.06,695.31,695.92,614535,13468,695.07
2026-02-10T10:30:00.000,695.905,696.54,695.65,695.9213,868866,17299,695.14
2026-02-10T10:35:00.000,695.93,695.945,695.35,695.61,575715,12598,695.16
2026-02-10T10:40:00.000,695.61,696.17,695.58,696.065,496007,10883,695.18
2026-02-10T10:45:00.000,696.07,696.21,695.46,695.72,465676,10420,695.2
2026-02-10T10:50:00.000,695.69,695.83,695.29,695.67,412800,9801,695.21
2026-02-10T10:55:00.000,695.66,695.74,694.91,695.395,633002,13527,695.22
2026-02-10T11:00:00.000,695.4,695.67,695.13,695.37,429070,10588,695.22
2026-02-10T11:05:00.000,695.37,695.435,694.62,694.62,617552,13579,695.22
2026-02-10T11:10:00.000,694.63,695.17,694.62,694.9,533633,11036,695.21
2026-02-10T11:15:00.000,694.89,695.32,694.3,694.96,799879,15271,695.19
2026-02-10T11:20:00.000,694.97,695.0699,694.09,694.528,884958,15062,695.17
2026-02-10T11:25:00.000,694.53,695.11,694.39,694.78,536154,12386,695.16
2026-02-10T11:30:00.000,694.77,694.88,694.45,694.57,452472,10936,695.15
2026-02-10T11:35:00.000,694.57,694.92,694.54,694.8233,359572,9317,695.14
2026-02-10T11:40:00.000,694.82,695.12,694.6,694.645,420182,9866,695.14
2026-02-10T11:45:00.000,694.65,695.4,694.58,694.64,486944,10621,695.13
2026-02-10T11:50:00.000,694.64,694.92,694.32,694.865,428906,10587,695.12
2026-02-10T11:55:00.000,694.86,695.09,694.65,694.77,271091,7158,695.12
2026-02-10T12:00:00.000,694.755,694.865,694.2,694.48,396853,8376,695.11
2026-02-10T12:05:00.000,694.48,695.15,694.455,695.12,747111,7551,695.11
2026-02-10T12:10:00.000,695.11,695.54,695.11,695.475,618715,8818,695.11
2026-02-10T12:15:00.000,695.47,695.6701,695.325,695.605,409550,7971,695.12
2026-02-10T12:20:00.000,695.6097,695.63,694.96,695.14,810126,8990,695.12
2026-02-10T12:25:00.000,695.13,695.43,695.07,695.25,317558,6086,695.12
2026-02-10T12:30:00.000,695.25,695.38,695.05,695.2,283940,5807,695.12
2026-02-10T12:35:00.000,695.19,695.27,694.825,695.11,270279,5540,695.12
2026-02-10T12:40:00.000,695.11,695.57,695.11,695.49,313768,5601,695.12
2026-02-10T12:45:00.000,695.485,695.8,695.48,695.505,304217,5714,695.13
2026-02-10T12:50:00.000,695.51,695.745,695.39,695.55,260723,5005,695.14
2026-02-10T12:55:00.000,695.56,695.59,695.34,695.4413,253646,4779,695.14
2026-02-10T13:00:00.000,695.45,695.47,695.07,695.23,241491,3892,695.14
2026-02-10T13:05:00.000,695.23,695.24,694.7681,694.84,385594,7101,695.14
2026-02-10T13:10:00.000,694.83,694.94,694.54,694.595,363913,6424,695.13
2026-02-10T13:15:00.000,694.58,694.67,693.84,694.12,761973,10910,695.11
2026-02-10T13:20:00.000,694.1,694.42,693.67,694.15,799494,12748,695.08
2026-02-10T13:25:00.000,694.165,694.175,693.37,693.44,715453,10607,695.05
2026-02-10T13:30:00.000,693.43,693.67,693.0,693.27,1040671,15764,695.0
2026-02-10T13:35:00.000,693.26,693.86,693.17,693.702,849936,14319,694.96
2026-02-10T13:40:00.000,693.7,693.82,693.53,693.615,356155,6877,694.94
2026-02-10T13:45:00.000,693.595,693.63,693.02,693.125,607065,8918,694.91
2026-02-10T13:50:00.000,693.125,693.32,692.85,692.9075,532681,8801,694.88
2026-02-10T13:55:00.000,692.91,693.82,692.85,693.64,696019,11800,694.85
2026-02-10T14:00:00.000,693.65,693.88,693.4,693.475,637580,11095,694.83
2026-02-10T14:05:00.000,693.475,693.73,693.24,693.44,612756,8682,694.81
2026-02-10T14:10:00.000,693.44,693.77,693.34,693.6599,505926,6866,694.79
2026-02-10T14:15:00.000,693.662,693.68,693.13,693.31,375407,6646,694.78
2026-02-10T14:20:00.000,693.3,693.82,693.28,693.781,532299,6166,694.77
2026-02-10T14:25:00.000,693.78,693.905,693.52,693.87,344807,6035,694.76
2026-02-10T14:30:00.000,693.87,694.13,693.665,693.725,493572,7779,694.75
2026-02-10T14:35:00.000,693.725,693.98,693.69,693.89,409599,6746,694.74
2026-02-10T14:40:00.000,693.89,693.98,693.36,693.51,381511,6523,694.73
2026-02-10T14:45:00.000,693.52,693.81,693.46,693.76,300726,6303,694.72
2026-02-10T14:50:00.000,693.75,693.76,693.365,693.47,333398,6231,694.71
2026-02-10T14:55:00.000,693.48,693.9,693.45,693.77,371698,6903,694.7
2026-02-10T15:00:00.000,693.76,693.993,693.39,693.45,533522,8240,694.68
2026-02-10T15:05:00.000,693.455,693.61,693.26,693.485,417495,7386,694.67
2026-02-10T15:10:00.000,693.48,693.53,693.11,693.21,550934,9098,694.65
2026-02-10T15:15:00.000,693.2,693.745,693.18,693.63,472533,8742,694.64
2026-02-10T15:20:00.000,693.62,693.84,693.36,693.37,562869,9630,694.63
2026-02-10T15:25:00.000,693.36,693.54,693.11,693.2975,653109,10256,694.61
2026-02-10T15:30:00.000,693.3,693.54,693.04,693.1363,909946,12668,694.58
2026-02-10T15:35:00.000,693.14,693.25,692.87,692.95,1034446,13610,694.55
2026-02-10T15:40:00.000,692.95,693.2199,692.89,693.06,946888,12775,694.52
2026-02-10T15:45:00.000,693.06,693.435,692.97,693.4,1319132,17565,694.48
2026-02-10T15:50:00.000,693.4,693.43,692.2,692.33,3146713,34386,694.35
2026-02-10T15:55:00.000,692.33,692.43,691.66,692.11,6413617,55067,694.1
2026-02-10T16:00:00.000,692.07,692.09,692.06,692.09,3340,5,694.1
2026-02-11T09:30:00.000,696.39,697.14,696.0,696.1074,2184068,31809,696.65
2026-02-11T09:35:00.000,696.12,696.29,695.215,695.3,1646650,23780,696.22
2026-02-11T09:40:00.000,695.31,695.85,695.145,695.41,1412361,22235,696.01
2026-02-11T09:45:00.000,695.42,696.38,695.31,695.65,1165158,20210,695.97
2026-02-11T09:50:00.000,695.64,695.8,694.9,695.115,1259276,21566,695.85
2026-02-11T09:55:00.000,695.11,695.47,693.805,694.12,1390819,21368,695.63
2026-02-11T10:00:00.000,694.13,694.76,693.425,693.69,1291352,22189,695.43
2026-02-11T10:05:00.000,693.7,693.795,692.67,692.67,1286774,22124,695.19
2026-02-11T10:10:00.000,692.66,692.75,690.83,691.75,2177379,31519,694.63
2026-02-11T10:15:00.000,691.755,691.94,690.66,690.77,1675195,30076,694.27
2026-02-11T10:20:00.000,690.78,690.86,689.37,689.59,1912904,32171,693.82
2026-02-11T10:25:00.000,689.58,690.46,689.18,689.72,2181107,33570,693.37
2026-02-11T10:30:00.000,689.7301,690.795,689.56,690.735,1756066,28565,693.11
2026-02-11T10:35:00.000,690.74,691.39,690.26,691.3,1307114,23184,692.99
2026-02-11T10:40:00.000,691.325,691.74,690.72,691.205,989023,18603,692.92
2026-02-11T10:45:00.000,691.2,691.69,690.37,690.49,1087527,18743,692.84
2026-02-11T10:50:00.000,690.47,692.54,690.2599,692.4606,1309134,20419,692.77
2026-02-11T10:55:00.000,692.47,692.62,692.13,692.35,887008,15023,692.76
2026-02-11T11:00:00.000,692.33,692.665,691.6,691.8,716385,13493,692.74
2026-02-11T11:05:00.000,691.81,691.98,691.38,691.48,573106,11939,692.72
2026-02-11T11:10:00.000,691.48,692.925,691.42,692.82,764635,14369,692.71
2026-02-11T11:15:00.000,692.82,692.94,692.35,692.835,543717,11050,692.71
2026-02-11T11:20:00.000,692.85,693.45,692.7,693.295,711562,13138,692.72
2026-02-11T11:25:00.000,693.29,693.41,691.82,691.84,866389,14173,692.71
2026-02-11T11:30:00.000,691.82,692.69,691.5,692.415,834067,15401,692.7
2026-02-11T11:35:00.000,692.42,692.78,691.95,692.775,623048,11936,692.69
2026-02-11T11:40:00.000,692.775,693.35,692.725,692.995,624333,12167,692.7
2026-02-11T11:45:00.000,693.0,693.32,692.495,692.655,607690,11945,692.7
2026-02-11T11:50:00.000,692.66,693.02,692.41,692.74,518149,11206,692.7
2026-02-11T11:55:00.000,692.73,692.81,691.99,692.05,600496,11276,692.7
2026-02-11T12:00:00.000,692.05,692.125,691.39,691.485,936036,15103,692.67
2026-02-11T12:05:00.000,691.49,692.4,691.45,692.365,567582,10467,692.66
2026-02-11T12:10:00.000,692.36,692.6,691.98,692.345,445334,8486,692.65
2026-02-11T12:15:00.000,692.37,693.035,692.09,692.6,861089,11227,692.65
2026-02-11T12:20:00.000,692.585,693.17,692.2,693.12,511493,9826,692.65
2026-02-11T12:25:00.000,693.13,693.84,693.13,693.597,850171,13768,692.67
2026-02-11T12:30:00.000,693.6,693.65,693.11,693.235,521902,9972,692.68
2026-02-11T12:35:00.000,693.24,693.44,693.005,693.23,355496,8205,692.69
2026-02-11T12:40:00.000,693.2312,693.86,693.2312,693.72,391036,7916,692.7
2026-02-11T12:45:00.000,693.735,693.83,693.33,693.69,397860,7832,692.7
2026-02-11T12:50:00.000,693.69,693.99,693.33,693.545,389253,8279,692.71
2026-02-11T12:55:00.000,693.55,693.565,692.55,692.77,426071,8577,692.71
2026-02-11T13:00:00.000,692.77,692.98,692.29,692.61,510666,9082,692.71
2026-02-11T13:05:00.000,692.61,692.66,692.03,692.045,532526,9138,692.71
2026-02-11T13:10:00.000,692.04,692.04,691.52,691.65,859879,12775,692.69
2026-02-11T13:15:00.000,691.64,692.51,691.41,692.1,1243660,17214,692.67
2026-02-11T13:20:00.000,692.08,692.397,691.85,692.23,402965,7619,692.66
2026-02-11T13:25:00.000,692.21,692.88,692.05,692.79,424312,7545,692.66
2026-02-11T13:30:00.000,692.7897,693.01,692.29,692.29,553377,9912,692.66
2026-02-11T13:35:00.000,692.3,692.815,692.225,692.75,417716,7943,692.66
2026-02-11T13:40:00.000,692.7301,692.74,692.16,692.405,426846,7717,692.66
2026-02-11T13:45:00.000,692.42,692.89,692.38,692.89,375588,7382,692.66
2026-02-11T13:50:00.000,692.88,692.99,692.03,692.88,820260,13592,692.66
2026-02-11T13:55:00.000,692.9,693.02,692.62,692.73,373040,7094,692.66
2026-02-11T14:00:00.000,692.73,692.86,692.44,692.855,735067,11563,692.66
2026-02-11T14:05:00.000,692.87,692.93,692.11,692.66,898629,14572,692.66
2026-02-11T14:10:00.000,692.65,693.43,692.53,693.28,605426,9720,692.66
2026-02-11T14:15:00.000,693.27,693.5,693.22,693.3,507263,8198,692.67
2026-02-11T14:20:00.000,693.28,693.7294,693.27,693.685,525314,8389,692.68
2026-02-11T14:25:00.000,693.69,693.955,693.555,693.74,587170,9031,692.69
2026-02-11T14:30:00.000,693.75,693.75,693.3,693.6501,482377,8118,692.7
2026-02-11T14:35:00.000,693.66,693.86,693.53,693.53,401865,5981,692.7
2026-02-11T14:40:00.000,693.53,693.75,693.42,693.71,372142,6324,692.71
2026-02-11T14:45:00.000,693.71,693.75,692.42,693.19,1262472,17907,692.72
2026-02-11T14:50:00.000,693.2,693.235,692.8801,693.065,1217418,8560,692.72
2026-02-11T14:55:00.000,693.06,693.2,692.81,692.94,460211,7760,692.73
2026-02-11T15:00:00.000,692.92,693.1,692.785,693.01,639678,6766,692.73
2026-02-11T15:05:00.000,692.99,693.065,692.69,692.775,446523,7650,692.73
2026-02-11T15:10:00.000,692.77,692.91,692.65,692.79,508008,8125,692.73
2026-02-11T15:15:00.000,692.785,693.08,692.62,692.73,722667,8267,692.73
2026-02-11T15:20:00.000,692.73,692.77,692.35,692.65,1194506,10750,692.73
2026-02-11T15:25:00.000,692.65,692.735,692.23,692.255,613865,9976,692.73
2026-02-11T15:30:00.000,692.25,692.35,691.8505,691.98,1167932,15070,692.71
2026-02-11T15:35:00.000,691.97,692.64,691.91,692.64,926625,12160,692.71
2026-02-11T15:40:00.000,692.64,692.925,692.41,692.5,884172,11885,692.7
2026-02-11T15:45:00.000,692.5,692.97,692.45,692.9,1165116,14317,692.7
2026-02-11T15:50:00.000,692.9,692.99,692.16,692.69,1715955,23047,692.7
2026-02-11T15:55:00.000,692.69,692.69,691.77,691.91,3524957,35408,692.68
2026-02-11T16:00:00.000,691.91,691.92,691.91,691.92,1958,3,692.68
2026-02-12T09:30:00.000,694.24,695.01,694.06,694.95,1940678,29790,694.55
2026-02-12T09:35:00.000,694.95,695.08,694.36,694.8,1360913,21660,694.6
2026-02-12T09:40:00.000,694.81,695.35,693.9806,694.0299,1435544,24058,694.63
2026-02-12T09:45:00.000,694.03,694.35,693.11,693.3201,1579867,26635,694.41
2026-02-12T09:50:00.000,693.32,693.99,693.06,693.74,1297389,22005,694.26
2026-02-12T09:55:00.000,693.73,693.74,692.32,692.83,1560318,26447,694.02
2026-02-12T10:00:00.000,692.84,693.63,692.35,692.66,1202599,21118,693.9
2026-02-12T10:05:00.000,692.65,693.25,692.16,692.42,964498,19155,693.8
2026-02-12T10:10:00.000,692.41,693.39,692.23,693.38,909390,21494,693.73
2026-02-12T10:15:00.000,693.37,693.62,692.79,692.81,844557,16269,693.7
2026-02-12T10:20:00.000,692.81,693.73,692.51,693.04,877031,16194,693.66
2026-02-12T10:25:00.000,693.055,693.35,692.705,693.065,638322,13005,693.63
2026-02-12T10:30:00.000,693.08,693.48,691.93,691.95,755907,15246,693.58
2026-02-12T10:35:00.000,691.97,692.155,690.98,691.145,1391649,23609,693.41
2026-02-12T10:40:00.000,691.145,691.315,690.32,690.38,1657612,25580,693.16
2026-02-12T10:45:00.000,690.37,690.9,690.23,690.5012,1193240,20098,693.0
2026-02-12T10:50:00.000,690.505,690.8,689.51,689.51,1092710,19622,692.85
2026-02-12T10:55:00.000,689.52,689.65,688.585,688.65,1614728,25722,692.58
2026-02-12T11:00:00.000,688.66,688.805,687.97,688.14,2150860,30569,692.22
2026-02-12T11:05:00.000,688.1399,688.27,686.85,687.03,2451611,35946,691.77
2026-02-12T11:10:00.000,687.03,687.16,686.04,686.32,2343527,35360,691.33
2026-02-12T11:15:00.000,686.3187,686.47,685.125,685.535,2319685,37117,690.91
2026-02-12T11:20:00.000,685.53,685.69,684.44,685.03,3096765,43669,690.42
2026-02-12T11:25:00.000,685.02,685.11,683.575,683.595,2795363,42456,689.95
2026-02-12T11:30:00.000,683.6,685.05,683.525,684.54,2846783,44535,689.54
2026-02-12T11:35:00.000,684.55,685.82,684.4,685.58,2014242,29753,689.36
2026-02-12T11:40:00.000,685.58,685.84,684.73,684.92,1291786,23507,689.24
2026-02-12T11:45:00.000,684.92,685.36,684.05,684.52,1633134,25121,689.08
2026-02-12T11:50:00.000,684.5,684.91,683.89,684.2,1143825,20621,688.97
2026-02-12T11:55:00.000,684.21,684.75,684.17,684.64,985567,19027,688.87
2026-02-12T12:00:00.000,684.63,684.67,683.38,684.41,1600900,26226,688.71
2026-02-12T12:05:00.000,684.4,685.1,683.58,684.82,1102474,19701,688.62
2026-02-12T12:10:00.000,684.81,684.84,683.62,683.84,829000,15379,688.54
2026-02-12T12:15:00.000,683.8,684.14,683.46,683.52,779879,15033,688.47
2026-02-12T12:20:00.000,683.51,685.03,683.51,684.875,929749,16515,688.4
2026-02-12T12:25:00.000,684.87,685.27,683.88,684.12,1801291,24984,688.29
2026-02-12T12:30:00.000,684.1,684.81,683.88,684.69,941886,17494,688.22
2026-02-12T12:35:00.000,684.68,685.575,684.67,684.82,905045,14576,688.18
2026-02-12T12:40:00.000,684.83,685.37,684.53,685.11,647418,12543,688.14
2026-02-12T12:45:00.000,685.11,685.399,684.12,684.435,667720,12987,688.1
2026-02-12T12:50:00.000,684.44,684.91,683.54,683.74,1027411,14466,688.05
2026-02-12T12:55:00.000,683.72,684.02,682.95,682.99,713183,13923,687.99
2026-02-12T13:00:00.000,682.99,683.61,682.48,683.15,970840,16268,687.91
2026-02-12T13:05:00.000,683.16,684.12,683.0835,683.37,816804,14825,687.85
2026-02-12T13:10:00.000,683.39,683.56,683.08,683.3,472773,10078,687.82
2026-02-12T13:15:00.000,683.29,683.34,682.48,682.62,685363,13426,687.77
2026-02-12T13:20:00.000,682.6201,683.765,682.62,683.56,688157,13162,687.72
2026-02-12T13:25:00.000,683.57,683.74,682.22,683.17,1889711,29479,687.58
2026-02-12T13:30:00.000,683.165,683.57,682.8,683.39,1037511,17978,687.5
2026-02-12T13:35:00.000,683.3599,684.24,683.21,684.2399,892710,15746,687.45
2026-02-12T13:40:00.000,684.24,684.93,683.84,684.86,1051057,15914,687.41
2026-02-12T13:45:00.000,684.855,685.045,684.52,684.58,803672,14263,687.38
2026-02-12T13:50:00.000,684.58,685.325,684.36,685.0,702459,12506,687.35
2026-02-12T13:55:00.000,685.015,685.26,684.295,684.71,1050947,17697,687.32
2026-02-12T14:00:00.000,684.7,685.13,684.31,684.48,992102,16007,687.28
2026-02-12T14:05:00.000,684.47,684.9,684.43,684.48,651436,12758,687.26
2026-02-12T14:10:00.000,684.48,684.65,683.595,684.15,934991,16964,687.21
2026-02-12T14:15:00.000,684.15,685.145,684.135,685.05,849060,12735,687.19
2026-02-12T14:20:00.000,685.05,685.42,684.905,685.185,686317,12287,687.17
2026-02-12T14:25:00.000,685.18,685.3,684.01,684.15,1052200,15783,687.14
2026-02-12T14:30:00.000,684.13,685.07,684.12,684.83,648171,12044,687.12
2026-02-12T14:35:00.000,684.86,685.36,684.72,685.33,898440,13003,687.1
2026-02-12T14:40:00.000,685.32,685.54,684.755,685.01,937982,14892,687.07
2026-02-12T14:45:00.000,685.01,685.74,685.01,685.7,652039,11228,687.06
2026-02-12T14:50:00.000,685.7,685.965,685.28,685.34,952580,15529,687.04
2026-02-12T14:55:00.000,685.36,685.805,684.81,685.16,1471183,19257,687.01
2026-02-12T15:00:00.000,685.18,685.48,684.97,685.415,794664,12488,686.99
2026-02-12T15:05:00.000,685.43,685.54,684.65,684.72,671677,11522,686.98
2026-02-12T15:10:00.000,684.74,684.92,684.2,684.85,1184017,13913,686.95
2026-02-12T15:15:00.000,684.845,684.88,684.07,684.15,954188,14620,686.92
2026-02-12T15:20:00.000,684.15,684.16,683.555,683.735,1145169,17526,686.88
2026-02-12T15:25:00.000,683.74,683.79,683.11,683.22,1461902,20156,686.83
2026-02-12T15:30:00.000,683.2,683.4,682.53,682.93,1416397,21811,686.77
2026-02-12T15:35:00.000,682.94,683.145,682.715,682.9,1327810,21136,686.71
2026-02-12T15:40:00.000,682.89,683.34,682.425,682.66,1568002,23980,686.64
2026-02-12T15:45:00.000,682.66,682.75,681.6,681.86,2641159,37848,686.51
2026-02-12T15:50:00.000,681.86,681.86,680.37,681.73,6000344,59705,686.25
2026-02-12T15:55:00.000,681.71,681.84,680.935,681.29,6315390,65056,685.95
2026-02-12T16:00:00.000,681.27,681.27,681.27,681.27,7119,3,685.95
2026-02-13T09:30:00.000,681.69,682.51,680.82,681.18,3311858,43043,681.76
2026-02-13T09:35:00.000,681.18,681.24,679.78,679.84,2263121,32844,681.31
2026-02-13T09:40:00.000,679.83,681.155,677.52,680.46,2679588,40566,680.53
2026-02-13T09:45:00.000,680.465,683.32,680.41,681.4,2659756,36818,680.83
2026-02-13T09:50:00.000,681.42,681.54,679.73,680.495,2023835,31241,680.78
2026-02-13T09:55:00.000,680.47,682.04,679.56,679.93,1193571,20067,680.76
2026-02-13T10:00:00.000,679.91,681.64,679.7768,680.945,1106447,26836,680.76
2026-02-13T10:05:00.000,680.98,682.47,680.03,682.415,1306276,22913,680.81
2026-02-13T10:10:00.000,682.45,682.9,681.25,681.3,1428156,22147,680.94
2026-02-13T10:15:00.000,681.34,682.28,680.5,681.0075,1151456,19524,680.95
2026-02-13T10:20:00.000,681.02,682.16,680.46,681.23,979131,17300,680.97
2026-02-13T10:25:00.000,681.25,683.37,681.13,682.94,1316033,20237,681.07
2026-02-13T10:30:00.000,682.94,684.51,682.85,684.11,1366930,22493,681.24
2026-02-13T10:35:00.000,684.1,684.57,682.8,682.89,1247817,21657,681.38
2026-02-13T10:40:00.000,682.86,683.17,681.55,681.65,1327192,22613,681.44
2026-02-13T10:45:00.000,681.67,682.29,680.79,681.18,1395021,23482,681.43
2026-02-13T10:50:00.000,681.19,682.84,681.09,682.59,1113731,19700,681.46
2026-02-13T10:55:00.000,682.61,683.2,682.27,682.5202,827501,15977,681.5
2026-02-13T11:00:00.000,682.52,683.47,682.48,683.425,720954,15784,681.54
2026-02-13T11:05:00.000,683.41,684.22,683.32,683.99,934069,17771,681.61
2026-02-13T11:10:00.000,684.0,684.02,682.69,683.43,851973,16053,681.65
2026-02-13T11:15:00.000,683.44,684.16,683.0887,683.12,676883,14207,681.69
2026-02-13T11:20:00.000,683.13,683.465,681.83,682.37,893176,17393,681.71
2026-02-13T11:25:00.000,682.37,683.96,682.22,683.82,880810,17000,681.75
2026-02-13T11:30:00.000,683.81,684.23,682.87,683.88,882013,16843,681.8
2026-02-13T11:35:00.000,683.89,684.45,683.29,684.44,811798,13860,681.85
2026-02-13T11:40:00.000,684.43,684.6165,683.92,684.54,593952,11458,681.89
2026-02-13T11:45:00.000,684.53,684.99,684.29,684.425,796886,14700,681.95
2026-02-13T11:50:00.000,684.43,685.01,684.21,684.99,532575,11788,681.99
2026-02-13T11:55:00.000,685.0,685.51,684.75,684.75,693028,13292,682.05
2026-02-13T12:00:00.000,684.75,685.43,684.48,685.2801,745950,10388,682.09
2026-02-13T12:05:00.000,685.29,685.67,685.04,685.2,549904,9545,682.13
2026-02-13T12:10:00.000,685.2,686.05,685.185,685.96,604289,11004,682.19
2026-02-13T12:15:00.000,685.96,686.0,684.825,685.06,650777,12101,682.24
2026-02-13T12:20:00.000,685.0625,686.03,684.98,685.765,777715,11788,682.29
2026-02-13T12:25:00.000,685.77,685.83,685.27,685.365,661071,11166,682.33
2026-02-13T12:30:00.000,685.38,686.07,685.26,685.84,644964,11437,682.39
2026-02-13T12:35:00.000,685.85,686.05,685.57,685.965,478295,9233,682.43
2026-02-13T12:40:00.000,685.94,686.28,685.68,685.69,752813,9532,682.47
2026-02-13T12:45:00.000,685.68,686.05,685.43,685.975,533482,10522,682.51
2026-02-13T12:50:00.000,685.97,685.98,685.31,685.5001,421592,8903,682.54
2026-02-13T12:55:00.000,685.5,685.61,684.86,685.1,682102,12034,682.58
2026-02-13T13:00:00.000,685.11,685.37,684.36,684.46,764492,12925,682.62
2026-02-13T13:05:00.000,684.46,684.96,684.09,684.72,774420,11811,682.65
2026-02-13T13:10:00.000,684.72,685.48,684.72,685.27,663460,10667,682.68
2026-02-13T13:15:00.000,685.27,685.81,684.98,685.35,595370,11408,682.71
2026-02-13T13:20:00.000,685.34,686.26,685.31,685.915,463855,9455,682.74
2026-02-13T13:25:00.000,685.92,686.16,684.95,685.39,1171926,18086,682.81
2026-02-13T13:30:00.000,685.39,685.88,685.11,685.79,592435,11286,682.84
2026-02-13T13:35:00.000,685.79,686.06,685.3,685.77,374203,7773,682.86
2026-02-13T13:40:00.000,685.76,685.83,684.86,684.98,391904,8257,682.88
2026-02-13T13:45:00.000,684.99,685.71,684.98,685.18,833668,7958,682.9
2026-02-13T13:50:00.000,685.19,685.19,684.405,684.885,644163,9140,682.92
2026-02-13T13:55:00.000,684.86,685.05,684.37,684.66,596807,9786,682.94
2026-02-13T14:00:00.000,684.67,685.04,684.44,684.5099,586589,11029,682.96
2026-02-13T14:05:00.000,684.51,685.17,684.48,685.06,638063,9080,682.98
2026-02-13T14:10:00.000,685.05,685.35,684.65,684.98,589460,10424,683.0
2026-02-13T14:15:00.000,684.98,685.12,684.54,685.03,483015,9041,683.02
2026-02-13T14:20:00.000,685.024,685.365,684.78,685.26,523372,7500,683.03
2026-02-13T14:25:00.000,685.25,685.335,684.1,684.34,759607,12702,683.05
2026-02-13T14:30:00.000,684.35,684.93,684.24,684.67,626763,11087,683.07
2026-02-13T14:35:00.000,684.71,684.78,683.8,684.0805,528966,9066,683.08
2026-02-13T14:40:00.000,684.07,684.28,683.28,683.66,813263,13390,683.09
2026-02-13T14:45:00.000,683.65,684.25,683.455,683.81,700260,10559,683.1
2026-02-13T14:50:00.000,683.82,683.94,683.1,683.2701,587429,8678,683.1
2026-02-13T14:55:00.000,683.255,683.57,682.24,682.4,1014411,13297,683.1
2026-02-13T15:00:00.000,682.4,683.26,682.38,683.13,1062134,12837,683.1
2026-02-13T15:05:00.000,683.1201,683.26,682.6506,683.127,715189,9589,683.1
2026-02-13T15:10:00.000,683.14,683.14,682.1057,682.13,1167759,13821,683.09
2026-02-13T15:15:00.000,682.13,682.63,681.83,682.59,955026,14444,683.07
2026-02-13T15:20:00.000,682.57,682.6,681.68,681.69,843673,11355,683.06
2026-02-13T15:25:00.000,681.68,681.84,680.34,680.63,1349032,17918,683.02
2026-02-13T15:30:00.000,680.64,681.2307,680.18,680.25,1343053,18661,682.97
2026-02-13T15:35:00.000,680.25,680.67,680.01,680.38,1334053,17217,682.92
2026-02-13T15:40:00.000,680.37,680.82,679.81,680.17,1254344,18855,682.87
2026-02-13T15:45:00.000,680.18,681.375,680.09,681.2,1878511,22937,682.81
2026-02-13T15:50:00.000,681.19,681.61,680.36,681.44,2493825,27155,682.75
2026-02-13T15:55:00.000,681.46,681.84,680.83,681.63,5371452,44479,682.66
2026-02-13T16:00:00.000,681.6,681.6,681.59,681.59,2012,2,682.66
2026-02-14T09:30:00.000,0.0,0.0,0.0,0.0,0,0,0.0
2026-02-14T09:35:00.000,0.0,0.0,0.0,0.0,0,0,0.0
2026-02-14T09:40:00.000,0.0,0.0,0.0,0.0,0,0,0.0
2026-02-14T09:45:00.000,0.0,0.0,0.0,0.0,0,0,0.0
2026-02-14T09:50:00.000,0.0,0.0,0.0,0.0,0,0,0.0
2026-02-14T09:55:00.000,0.0,0.0,0.0,0.0,0,0,0.0
2026-02-14T10:00:00.000,0.0,0.0,0.0,0.0,0,0,0.0
2026-02-14T10:05:00.000,0.0,0.0,0.0,0.0,0,0,0.0
2026-02-14T10:10:00.000,0.0,0.0,0.0,0.0,0,0,0.0
2026-02-14T10:15:00.000,0.0,0.0,0.0,0.0,0,0,0.0
2026-02-14T10:20:00.000,0.0,0.0,0.0,0.0,0,0,0.0
2026-02-14T10:25:00.000,0.0,0.0,0.0,0.0,0,0,0.0
2026-02-14T10:30:00.000,0.0,0.0,0.0,0.0,0,0,0.0
2026-02-14T10:35:00.000,0.0,0.0,0.0,0.0,0,0,0.0
2026-02-14T10:40:00.000,0.0,0.0,0.0,0.0,0,0,0.0
2026-02-14T10:45:00.000,0.0,0.0,0.0,0.0,0,0,0.0
2026-02-14T10:50:00.000,0.0,0.0,0.0,0.0,0,0,0.0
2026-02-14T10:55:00.000,0.0,0.0,0.0,0.0,0,0,0.0
2026-02-14T11:00:00.000,0.0,0.0,0.0,0.0,0,0,0.0
2026-02-14T11:05:00.000,0.0,0.0,0.0,0.0,0,0,0.0
2026-02-14T11:10:00.000,0.0,0.0,0.0,0.0,0,0,0.0
2026-02-14T11:15:00.000,0.0,0.0,0.0,0.0,0,0,0.0
2026-02-14T11:20:00.000,0.0,0.0,0.0,0.0,0,0,0.0
2026-02-14T11:25:00.000,0.0,0.0,0.0,0.0,0,0,0.0
2026-02-14T11:30:00.000,0.0,0.0,0.0,0.0,0,0,0.0
2026-02-14T11:35:00.000,0.0,0.0,0.0,0.0,0,0,0.0
2026-02-14T11:40:00.000,0.0,0.0,0.0,0.0,0,0,0.0
2026-02-14T11:45:00.000,0.0,0.0,0.0,0.0,0,0,0.0
2026-02-14T11:50:00.000,0.0,0.0,0.0,0.0,0,0,0.0
2026-02-14T11:55:00.000,0.0,0.0,0.0,0.0,0,0,0.0
2026-02-14T12:00:00.000,0.0,0.0,0.0,0.0,0,0,0.0
2026-02-14T12:05:00.000,0.0,0.0,0.0,0.0,0,0,0.0
2026-02-14T12:10:00.000,0.0,0.0,0.0,0.0,0,0,0.0
2026-02-14T12:15:00.000,0.0,0.0,0.0,0.0,0,0,0.0
2026-02-14T12:20:00.000,0.0,0.0,0.0,0.0,0,0,0.0
2026-02-14T12:25:00.000,0.0,0.0,0.0,0.0,0,0,0.0
2026-02-14T12:30:00.000,0.0,0.0,0.0,0.0,0,0,0.0
2026-02-14T12:35:00.000,0.0,0.0,0.0,0.0,0,0,0.0
2026-02-14T12:40:00.000,0.0,0.0,0.0,0.0,0,0,0.0
2026-02-14T12:45:00.000,0.0,0.0,0.0,0.0,0,0,0.0
2026-02-14T12:50:00.000,0.0,0.0,0.0,0.0,0,0,0.0
2026-02-14T12:55:00.000,0.0,0.0,0.0,0.0,0,0,0.0
2026-02-14T13:00:00.000,0.0,0.0,0.0,0.0,0,0,0.0
2026-02-14T13:05:00.000,0.0,0.0,0.0,0.0,0,0,0.0
2026-02-14T13:10:00.000,0.0,0.0,0.0,0.0,0,0,0.0
2026-02-14T13:15:00.000,0.0,0.0,0.0,0.0,0,0,0.0
2026-02-14T13:20:00.000,0.0,0.0,0.0,0.0,0,0,0.0
2026-02-14T13:25:00.000,0.0,0.0,0.0,0.0,0,0,0.0
2026-02-14T13:30:00.000,0.0,0.0,0.0,0.0,0,0,0.0
2026-02-14T13:35:00.000,0.0,0.0,0.0,0.0,0,0,0.0
2026-02-14T13:40:00.000,0.0,0.0,0.0,0.0,0,0,0.0
2026-02-14T13:45:00.000,0.0,0.0,0.0,0.0,0,0,0.0
2026-02-14T13:50:00.000,0.0,0.0,0.0,0.0,0,0,0.0
2026-02-14T13:55:00.000,0.0,0.0,0.0,0.0,0,0,0.0
2026-02-14T14:00:00.000,0.0,0.0,0.0,0.0,0,0,0.0
2026-02-14T14:05:00.000,0.0,0.0,0.0,0.0,0,0,0.0
2026-02-14T14:10:00.000,0.0,0.0,0.0,0.0,0,0,0.0
2026-02-14T14:15:00.000,0.0,0.0,0.0,0.0,0,0,0.0
2026-02-14T14:20:00.000,0.0,0.0,0.0,0.0,0,0,0.0
2026-02-14T14:25:00.000,0.0,0.0,0.0,0.0,0,0,0.0
2026-02-14T14:30:00.000,0.0,0.0,0.0,0.0,0,0,0.0
2026-02-14T14:35:00.000,0.0,0.0,0.0,0.0,0,0,0.0
2026-02-14T14:40:00.000,0.0,0.0,0.0,0.0,0,0,0.0
2026-02-14T14:45:00.000,0.0,0.0,0.0,0.0,0,0,0.0
2026-02-14T14:50:00.000,0.0,0.0,0.0,0.0,0,0,0.0
2026-02-14T14:55:00.000,0.0,0.0,0.0,0.0,0,0,0.0
2026-02-14T15:00:00.000,0.0,0.0,0.0,0.0,0,0,0.0
2026-02-14T15:05:00.000,0.0,0.0,0.0,0.0,0,0,0.0
2026-02-14T15:10:00.000,0.0,0.0,0.0,0.0,0,0,0.0
2026-02-14T15:15:00.000,0.0,0.0,0.0,0.0,0,0,0.0
2026-02-14T15:20:00.000,0.0,0.0,0.0,0.0,0,0,0.0
2026-02-14T15:25:00.000,0.0,0.0,0.0,0.0,0,0,0.0
2026-02-14T15:30:00.000,0.0,0.0,0.0,0.0,0,0,0.0
2026-02-14T15:35:00.000,0.0,0.0,0.0,0.0,0,0,0.0
2026-02-14T15:40:00.000,0.0,0.0,0.0,0.0,0,0,0.0
2026-02-14T15:45:00.000,0.0,0.0,0.0,0.0,0,0,0.0
2026-02-14T15:50:00.000,0.0,0.0,0.0,0.0,0,0,0.0
2026-02-14T15:55:00.000,0.0,0.0,0.0,0.0,0,0,0.0
2026-02-14T16:00:00.000,0.0,0.0,0.0,0.0,0,0,0.0
2026-02-15T09:30:00.000,0.0,0.0,0.0,0.0,0,0,0.0
2026-02-15T09:35:00.000,0.0,0.0,0.0,0.0,0,0,0.0
2026-02-15T09:40:00.000,0.0,0.0,0.0,0.0,0,0,0.0
2026-02-15T09:45:00.000,0.0,0.0,0.0,0.0,0,0,0.0
2026-02-15T09:50:00.000,0.0,0.0,0.0,0.0,0,0,0.0
2026-02-15T09:55:00.000,0.0,0.0,0.0,0.0,0,0,0.0
2026-02-15T10:00:00.000,0.0,0.0,0.0,0.0,0,0,0.0
2026-02-15T10:05:00.000,0.0,0.0,0.0,0.0,0,0,0.0
2026-02-15T10:10:00.000,0.0,0.0,0.0,0.0,0,0,0.0
2026-02-15T10:15:00.000,0.0,0.0,0.0,0.0,0,0,0.0
2026-02-15T10:20:00.000,0.0,0.0,0.0,0.0,0,0,0.0
2026-02-15T10:25:00.000,0.0,0.0,0.0,0.0,0,0,0.0
2026-02-15T10:30:00.000,0.0,0.0,0.0,0.0,0,0,0.0
2026-02-15T10:35:00.000,0.0,0.0,0.0,0.0,0,0,0.0
2026-02-15T10:40:00.000,0.0,0.0,0.0,0.0,0,0,0.0
2026-02-15T10:45:00.000,0.0,0.0,0.0,0.0,0,0,0.0
2026-02-15T10:50:00.000,0.0,0.0,0.0,0.0,0,0,0.0
2026-02-15T10:55:00.000,0.0,0.0,0.0,0.0,0,0,0.0
2026-02-15T11:00:00.000,0.0,0.0,0.0,0.0,0,0,0.0
2026-02-15T11:05:00.000,0.0,0.0,0.0,0.0,0,0,0.0
2026-02-15T11:10:00.000,0.0,0.0,0.0,0.0,0,0,0.0
2026-02-15T11:15:00.000,0.0,0.0,0.0,0.0,0,0,0.0
2026-02-15T11:20:00.000,0.0,0.0,0.0,0.0,0,0,0.0
2026-02-15T11:25:00.000,0.0,0.0,0.0,0.0,0,0,0.0
2026-02-15T11:30:00.000,0.0,0.0,0.0,0.0,0,0,0.0
2026-02-15T11:35:00.000,0.0,0.0,0.0,0.0,0,0,0.0
2026-02-15T11:40:00.000,0.0,0.0,0.0,0.0,0,0,0.0
2026-02-15T11:45:00.000,0.0,0.0,0.0,0.0,0,0,0.0
2026-02-15T11:50:00.000,0.0,0.0,0.0,0.0,0,0,0.0
2026-02-15T11:55:00.000,0.0,0.0,0.0,0.0,0,0,0.0
2026-02-15T12:00:00.000,0.0,0.0,0.0,0.0,0,0,0.0
2026-02-15T12:05:00.000,0.0,0.0,0.0,0.0,0,0,0.0
2026-02-15T12:10:00.000,0.0,0.0,0.0,0.0,0,0,0.0
2026-02-15T12:15:00.000,0.0,0.0,0.0,0.0,0,0,0.0
2026-02-15T12:20:00.000,0.0,0.0,0.0,0.0,0,0,0.0
2026-02-15T12:25:00.000,0.0,0.0,0.0,0.0,0,0,0.0
2026-02-15T12:30:00.000,0.0,0.0,0.0,0.0,0,0,0.0
2026-02-15T12:35:00.000,0.0,0.0,0.0,0.0,0,0,0.0
2026-02-15T12:40:00.000,0.0,0.0,0.0,0.0,0,0,0.0
2026-02-15T12:45:00.000,0.0,0.0,0.0,0.0,0,0,0.0
2026-02-15T12:50:00.000,0.0,0.0,0.0,0.0,0,0,0.0
2026-02-15T12:55:00.000,0.0,0.0,0.0,0.0,0,0,0.0
2026-02-15T13:00:00.000,0.0,0.0,0.0,0.0,0,0,0.0
2026-02-15T13:05:00.000,0.0,0.0,0.0,0.0,0,0,0.0
2026-02-15T13:10:00.000,0.0,0.0,0.0,0.0,0,0,0.0
2026-02-15T13:15:00.000,0.0,0.0,0.0,0.0,0,0,0.0
2026-02-15T13:20:00.000,0.0,0.0,0.0,0.0,0,0,0.0
2026-02-15T13:25:00.000,0.0,0.0,0.0,0.0,0,0,0.0
2026-02-15T13:30:00.000,0.0,0.0,0.0,0.0,0,0,0.0
2026-02-15T13:35:00.000,0.0,0.0,0.0,0.0,0,0,0.0
2026-02-15T13:40:00.000,0.0,0.0,0.0,0.0,0,0,0.0
2026-02-15T13:45:00.000,0.0,0.0,0.0,0.0,0,0,0.0
2026-02-15T13:50:00.000,0.0,0.0,0.0,0.0,0,0,0.0
2026-02-15T13:55:00.000,0.0,0.0,0.0,0.0,0,0,0.0
2026-02-15T14:00:00.000,0.0,0.0,0.0,0.0,0,0,0.0
2026-02-15T14:05:00.000,0.0,0.0,0.0,0.0,0,0,0.0
2026-02-15T14:10:00.000,0.0,0.0,0.0,0.0,0,0,0.0
2026-02-15T14:15:00.000,0.0,0.0,0.0,0.0,0,0,0.0
2026-02-15T14:20:00.000,0.0,0.0,0.0,0.0,0,0,0.0
2026-02-15T14:25:00.000,0.0,0.0,0.0,0.0,0,0,0.0
2026-02-15T14:30:00.000,0.0,0.0,0.0,0.0,0,0,0.0
2026-02-15T14:35:00.000,0.0,0.0,0.0,0.0,0,0,0.0
2026-02-15T14:40:00.000,0.0,0.0,0.0,0.0,0,0,0.0
2026-02-15T14:45:00.000,0.0,0.0,0.0,0.0,0,0,0.0
2026-02-15T14:50:00.000,0.0,0.0,0.0,0.0,0,0,0.0
2026-02-15T14:55:00.000,0.0,0.0,0.0,0.0,0,0,0.0
2026-02-15T15:00:00.000,0.0,0.0,0.0,0.0,0,0,0.0
2026-02-15T15:05:00.000,0.0,0.0,0.0,0.0,0,0,0.0
2026-02-15T15:10:00.000,0.0,0.0,0.0,0.0,0,0,0.0
2026-02-15T15:15:00.000,0.0,0.0,0.0,0.0,0,0,0.0
2026-02-15T15:20:00.000,0.0,0.0,0.0,0.0,0,0,0.0
2026-02-15T15:25:00.000,0.0,0.0,0.0,0.0,0,0,0.0
2026-02-15T15:30:00.000,0.0,0.0,0.0,0.0,0,0,0.0
2026-02-15T15:35:00.000,0.0,0.0,0.0,0.0,0,0,0.0
2026-02-15T15:40:00.000,0.0,0.0,0.0,0.0,0,0,0.0
2026-02-15T15:45:00.000,0.0,0.0,0.0,0.0,0,0,0.0
2026-02-15T15:50:00.000,0.0,0.0,0.0,0.0,0,0,0.0
2026-02-15T15:55:00.000,0.0,0.0,0.0,0.0,0,0,0.0
2026-02-15T16:00:00.000,0.0,0.0,0.0,0.0,0,0,0.0
2026-02-16T09:30:00.000,0.0,0.0,0.0,0.0,0,0,0.0
2026-02-16T09:35:00.000,0.0,0.0,0.0,0.0,0,0,0.0
2026-02-16T09:40:00.000,0.0,0.0,0.0,0.0,0,0,0.0
2026-02-16T09:45:00.000,0.0,0.0,0.0,0.0,0,0,0.0
2026-02-16T09:50:00.000,0.0,0.0,0.0,0.0,0,0,0.0
2026-02-16T09:55:00.000,0.0,0.0,0.0,0.0,0,0,0.0
2026-02-16T10:00:00.000,0.0,0.0,0.0,0.0,0,0,0.0
2026-02-16T10:05:00.000,0.0,0.0,0.0,0.0,0,0,0.0
2026-02-16T10:10:00.000,0.0,0.0,0.0,0.0,0,0,0.0
2026-02-16T10:15:00.000,0.0,0.0,0.0,0.0,0,0,0.0
2026-02-16T10:20:00.000,0.0,0.0,0.0,0.0,0,0,0.0
2026-02-16T10:25:00.000,0.0,0.0,0.0,0.0,0,0,0.0
2026-02-16T10:30:00.000,0.0,0.0,0.0,0.0,0,0,0.0
2026-02-16T10:35:00.000,0.0,0.0,0.0,0.0,0,0,0.0
2026-02-16T10:40:00.000,0.0,0.0,0.0,0.0,0,0,0.0
2026-02-16T10:45:00.000,0.0,0.0,0.0,0.0,0,0,0.0
2026-02-16T10:50:00.000,0.0,0.0,0.0,0.0,0,0,0.0
2026-02-16T10:55:00.000,0.0,0.0,0.0,0.0,0,0,0.0
2026-02-16T11:00:00.000,0.0,0.0,0.0,0.0,0,0,0.0
2026-02-16T11:05:00.000,0.0,0.0,0.0,0.0,0,0,0.0
2026-02-16T11:10:00.000,0.0,0.0,0.0,0.0,0,0,0.0
2026-02-16T11:15:00.000,0.0,0.0,0.0,0.0,0,0,0.0
2026-02-16T11:20:00.000,0.0,0.0,0.0,0.0,0,0,0.0
2026-02-16T11:25:00.000,0.0,0.0,0.0,0.0,0,0,0.0
2026-02-16T11:30:00.000,0.0,0.0,0.0,0.0,0,0,0.0
2026-02-16T11:35:00.000,0.0,0.0,0.0,0.0,0,0,0.0
2026-02-16T11:40:00.000,0.0,0.0,0.0,0.0,0,0,0.0
2026-02-16T11:45:00.000,0.0,0.0,0.0,0.0,0,0,0.0
2026-02-16T11:50:00.000,0.0,0.0,0.0,0.0,0,0,0.0
2026-02-16T11:55:00.000,0.0,0.0,0.0,0.0,0,0,0.0
2026-02-16T12:00:00.000,0.0,0.0,0.0,0.0,0,0,0.0
2026-02-16T12:05:00.000,0.0,0.0,0.0,0.0,0,0,0.0
2026-02-16T12:10:00.000,0.0,0.0,0.0,0.0,0,0,0.0
2026-02-16T12:15:00.000,0.0,0.0,0.0,0.0,0,0,0.0
2026-02-16T12:20:00.000,0.0,0.0,0.0,0.0,0,0,0.0
2026-02-16T12:25:00.000,0.0,0.0,0.0,0.0,0,0,0.0
2026-02-16T12:30:00.000,0.0,0.0,0.0,0.0,0,0,0.0
2026-02-16T12:35:00.000,0.0,0.0,0.0,0.0,0,0,0.0
2026-02-16T12:40:00.000,0.0,0.0,0.0,0.0,0,0,0.0
2026-02-16T12:45:00.000,0.0,0.0,0.0,0.0,0,0,0.0
2026-02-16T12:50:00.000,0.0,0.0,0.0,0.0,0,0,0.0
2026-02-16T12:55:00.000,0.0,0.0,0.0,0.0,0,0,0.0
2026-02-16T13:00:00.000,0.0,0.0,0.0,0.0,0,0,0.0
2026-02-16T13:05:00.000,0.0,0.0,0.0,0.0,0,0,0.0
2026-02-16T13:10:00.000,0.0,0.0,0.0,0.0,0,0,0.0
2026-02-16T13:15:00.000,0.0,0.0,0.0,0.0,0,0,0.0
2026-02-16T13:20:00.000,0.0,0.0,0.0,0.0,0,0,0.0
2026-02-16T13:25:00.000,0.0,0.0,0.0,0.0,0,0,0.0
2026-02-16T13:30:00.000,0.0,0.0,0.0,0.0,0,0,0.0
2026-02-16T13:35:00.000,0.0,0.0,0.0,0.0,0,0,0.0
2026-02-16T13:40:00.000,0.0,0.0,0.0,0.0,0,0,0.0
2026-02-16T13:45:00.000,0.0,0.0,0.0,0.0,0,0,0.0
2026-02-16T13:50:00.000,0.0,0.0,0.0,0.0,0,0,0.0
2026-02-16T13:55:00.000,0.0,0.0,0.0,0.0,0,0,0.0
2026-02-16T14:00:00.000,0.0,0.0,0.0,0.0,0,0,0.0
2026-02-16T14:05:00.000,0.0,0.0,0.0,0.0,0,0,0.0
2026-02-16T14:10:00.000,0.0,0.0,0.0,0.0,0,0,0.0
2026-02-16T14:15:00.000,0.0,0.0,0.0,0.0,0,0,0.0
2026-02-16T14:20:00.000,0.0,0.0,0.0,0.0,0,0,0.0
2026-02-16T14:25:00.000,0.0,0.0,0.0,0.0,0,0,0.0
2026-02-16T14:30:00.000,0.0,0.0,0.0,0.0,0,0,0.0
2026-02-16T14:35:00.000,0.0,0.0,0.0,0.0,0,0,0.0
2026-02-16T14:40:00.000,0.0,0.0,0.0,0.0,0,0,0.0
2026-02-16T14:45:00.000,0.0,0.0,0.0,0.0,0,0,0.0
2026-02-16T14:50:00.000,0.0,0.0,0.0,0.0,0,0,0.0
2026-02-16T14:55:00.000,0.0,0.0,0.0,0.0,0,0,0.0
2026-02-16T15:00:00.000,0.0,0.0,0.0,0.0,0,0,0.0
2026-02-16T15:05:00.000,0.0,0.0,0.0,0.0,0,0,0.0
2026-02-16T15:10:00.000,0.0,0.0,0.0,0.0,0,0,0.0
2026-02-16T15:15:00.000,0.0,0.0,0.0,0.0,0,0,0.0
2026-02-16T15:20:00.000,0.0,0.0,0.0,0.0,0,0,0.0
2026-02-16T15:25:00.000,0.0,0.0,0.0,0.0,0,0,0.0
2026-02-16T15:30:00.000,0.0,0.0,0.0,0.0,0,0,0.0
2026-02-16T15:35:00.000,0.0,0.0,0.0,0.0,0,0,0.0
2026-02-16T15:40:00.000,0.0,0.0,0.0,0.0,0,0,0.0
2026-02-16T15:45:00.000,0.0,0.0,0.0,0.0,0,0,0.0
2026-02-16T15:50:00.000,0.0,0.0,0.0,0.0,0,0,0.0
2026-02-16T15:55:00.000,0.0,0.0,0.0,0.0,0,0,0.0
2026-02-16T16:00:00.000,0.0,0.0,0.0,0.0,0,0,0.0
2026-02-17T09:30:00.000,680.14,681.99,680.03,681.74,2591159,50070,680.87
2026-02-17T09:35:00.000,681.74,682.7601,681.44,682.48,1914404,27592,681.38
2026-02-17T09:40:00.000,682.48,682.8,680.45,680.73,1719071,27671,681.53
2026-02-17T09:45:00.000,680.74,681.3,679.69,680.28,2012283,32168,681.24
2026-02-17T09:50:00.000,680.28,680.62,677.63,677.8175,2042250,35969,680.71
2026-02-17T09:55:00.000,677.84,677.91,676.46,676.63,1804129,29952,680.19
2026-02-17T10:00:00.000,676.62,678.26,676.27,678.1284,1639146,27567,679.85
2026-02-17T10:05:00.000,678.14,678.56,677.32,677.36,1195932,22015,679.69
2026-02-17T10:10:00.000,677.38,678.01,676.68,676.92,866316,18314,679.56
2026-02-17T10:15:00.000,676.915,679.75,676.82,679.64,1529877,25310,679.47
2026-02-17T10:20:00.000,679.66,679.72,677.7,677.89,997060,17859,679.42
2026-02-17T10:25:00.000,677.92,678.23,676.82,677.34,1099413,16967,679.3
2026-02-17T10:30:00.000,677.33,677.66,675.82,676.1,1162974,20749,679.15
2026-02-17T10:35:00.000,676.12,676.98,675.81,675.85,1022051,18709,679.02
2026-02-17T10:40:00.000,675.87,676.76,675.78,676.645,1166051,34105,678.87
2026-02-17T10:45:00.000,676.66,678.21,676.52,677.68,1082301,19637,678.8
2026-02-17T10:50:00.000,677.66,678.26,677.0,677.93,1068590,17732,678.76
2026-02-17T10:55:00.000,677.93,678.64,677.63,678.61,881465,15802,678.73
2026-02-17T11:00:00.000,678.6,679.99,678.45,679.52,1238449,21268,678.76
2026-02-17T11:05:00.000,679.52,681.17,679.425,681.05,1339342,22547,678.85
2026-02-17T11:10:00.000,681.05,682.58,681.04,682.335,2311921,29015,679.08
2026-02-17T11:15:00.000,682.32,682.9007,681.9605,682.73,1442284,22850,679.23
2026-02-17T11:20:00.000,682.72,683.24,682.21,683.01,1277351,20781,679.37
2026-02-17T11:25:00.000,683.03,683.12,681.515,681.6,1286717,19693,679.49
2026-02-17T11:30:00.000,681.575,681.9,680.81,681.74,1193584,19809,679.55
2026-02-17T11:35:00.000,681.74,682.84,681.52,682.42,837732,16311,679.61
2026-02-17T11:40:00.000,682.42,682.57,681.75,681.8,694186,13470,679.66
2026-02-17T11:45:00.000,681.79,682.19,681.52,681.66,670056,13148,679.7
2026-02-17T11:50:00.000,681.69,682.45,681.67,682.42,543921,11001,679.73
2026-02-17T11:55:00.000,682.44,683.03,681.95,682.46,810439,14261,679.79
2026-02-17T12:00:00.000,682.42,682.54,681.53,681.98,513177,10346,679.81
2026-02-17T12:05:00.000,681.97,682.39,681.67,681.7,451720,9944,679.84
2026-02-17T12:10:00.000,681.69,681.91,680.86,681.25,646556,13070,679.86
2026-02-17T12:15:00.000,681.25,681.61,680.99,681.32,509217,9987,679.88
2026-02-17T12:20:00.000,681.36,681.52,680.4313,681.12,796605,12332,679.89
2026-02-17T12:25:00.000,681.13,682.205,680.98,682.2,556772,10470,679.91
2026-02-17T12:30:00.000,682.21,682.32,680.99,681.77,661222,11331,679.94
2026-02-17T12:35:00.000,681.75,682.09,681.38,681.63,255937,6303,679.95
2026-02-17T12:40:00.000,681.63,681.64,680.0125,680.04,563851,10204,679.96
2026-02-17T12:45:00.000,680.03,680.65,679.55,680.26,938412,15618,679.96
2026-02-17T12:50:00.000,680.26,680.67,679.15,679.465,806022,12732,679.96
2026-02-17T12:55:00.000,679.46,681.17,679.3,681.0103,728015,12454,679.96
2026-02-17T13:00:00.000,681.02,681.18,680.33,680.78,468830,9007,679.97
2026-02-17T13:05:00.000,680.78,680.89,680.1,680.34,356673,8069,679.97
2026-02-17T13:10:00.000,680.35,680.84,679.83,680.325,415740,8833,679.98
2026-02-17T13:15:00.000,680.33,680.65,679.9,680.3,327137,7428,679.98
2026-02-17T13:20:00.000,680.29,682.54,680.1519,682.03,902782,15040,680.01
2026-02-17T13:25:00.000,682.04,682.53,681.46,682.39,627873,11097,680.03
2026-02-17T13:30:00.000,682.4,682.978,682.03,682.71,625830,11604,680.07
2026-02-17T13:35:00.000,682.7,683.38,682.29,683.37,691106,12141,680.1
2026-02-17T13:40:00.000,683.35,684.075,683.29,683.57,886920,13641,680.17
2026-02-17T13:45:00.000,683.58,683.93,683.435,683.84,540408,9730,680.2
2026-02-17T13:50:00.000,683.83,684.395,683.62,684.3265,706462,10709,680.26
2026-02-17T13:55:00.000,684.33,684.715,683.86,684.075,735056,11111,680.31
2026-02-17T14:00:00.000,684.08,684.43,683.82,684.33,721867,9335,680.35
2026-02-17T14:05:00.000,684.33,684.51,683.8,683.9799,510995,8504,680.39
2026-02-17T14:10:00.000,683.97,684.22,683.58,684.175,467187,8444,680.42
2026-02-17T14:15:00.000,684.17,684.24,683.79,683.9401,403974,7253,680.44
2026-02-17T14:20:00.000,683.95,684.62,683.83,684.51,500183,8936,680.48
2026-02-17T14:25:00.000,684.51,684.54,683.85,683.99,644457,8576,680.51
2026-02-17T14:30:00.000,683.97,684.62,683.8,684.62,426867,7516,680.54
2026-02-17T14:35:00.000,684.62,684.87,684.25,684.56,383022,6985,680.57
2026-02-17T14:40:00.000,684.57,684.94,684.4025,684.72,590660,10175,680.61
2026-02-17T14:45:00.000,684.72,684.75,684.3,684.39,312729,5916,680.63
2026-02-17T14:50:00.000,684.4,684.42,683.575,683.96,662218,10502,680.67
2026-02-17T14:55:00.000,683.94,684.05,683.41,683.57,529551,8334,680.7
2026-02-17T15:00:00.000,683.57,684.1,683.44,683.765,597836,10112,680.73
2026-02-17T15:05:00.000,683.78,683.86,683.31,683.38,471027,7933,680.75
2026-02-17T15:10:00.000,683.39,683.56,683.16,683.49,810519,11333,680.78
2026-02-17T15:15:00.000,683.5,683.74,683.075,683.1,572703,10012,680.81
2026-02-17T15:20:00.000,683.1,683.37,682.705,682.84,812493,12601,680.84
2026-02-17T15:25:00.000,682.83,683.14,682.67,682.87,804222,11233,680.86
2026-02-17T15:30:00.000,682.88,682.93,682.08,682.3399,1186470,16820,680.89
2026-02-17T15:35:00.000,682.33,682.55,682.005,682.15,835915,11861,680.91
2026-02-17T15:40:00.000,682.145,683.29,682.1,682.98,1216334,16562,680.94
2026-02-17T15:45:00.000,682.98,683.07,682.55,682.74,1092742,14215,680.97
2026-02-17T15:50:00.000,682.73,683.2,682.11,682.4,1456275,19927,681.01
2026-02-17T15:55:00.000,682.42,682.93,681.93,682.78,4123747,40660,681.08
2026-02-17T16:00:00.000,682.76,682.77,682.76,682.77,3105,4,681.08
2026-02-18T09:30:00.000,684.02,684.38,682.83,683.5,2216627,32270,683.7
2026-02-18T09:35:00.000,683.53,684.65,683.23,684.24,1399697,22832,683.75
2026-02-18T09:40:00.000,684.25,685.46,683.94,685.0,1724302,24779,684.1
2026-02-18T09:45:00.000,685.01,685.28,683.56,683.73,1214388,20499,684.17
2026-02-18T09:50:00.000,683.76,685.5,683.59,685.265,991877,16655,684.2
2026-02-18T09:55:00.000,685.28,686.38,685.16,686.16,1310890,19356,684.44
2026-02-18T10:00:00.000,686.16,687.61,686.085,687.58,1795901,26000,684.85
2026-02-18T10:05:00.000,687.59,688.13,687.19,687.38,2237083,31016,685.35
2026-02-18T10:10:00.000,687.37,687.89,686.99,687.785,1184182,23466,685.52
2026-02-18T10:15:00.000,687.79,688.465,687.5,687.91,1324246,21186,685.74
2026-02-18T10:20:00.000,687.9,688.16,687.61,687.66,826665,15222,685.85
2026-02-18T10:25:00.000,687.66,688.07,687.48,687.84,707602,14299,685.94
2026-02-18T10:30:00.000,687.84,687.94,687.3208,687.3599,647594,13414,686.0
2026-02-18T10:35:00.000,687.37,688.14,687.29,688.09,721440,13175,686.06
2026-02-18T10:40:00.000,688.09,688.52,687.96,688.3,775957,12529,686.15
2026-02-18T10:45:00.000,688.3,688.64,688.04,688.33,476917,9591,686.2
2026-02-18T10:50:00.000,688.38,688.53,688.0,688.46,401737,8739,686.24
2026-02-18T10:55:00.000,688.45,688.725,688.38,688.515,476218,9674,686.3
2026-02-18T11:00:00.000,688.52,688.585,688.24,688.545,451673,9015,686.34
2026-02-18T11:05:00.000,688.555,688.96,688.3,688.36,580142,10215,686.41
2026-02-18T11:10:00.000,688.368,688.62,688.29,688.435,523272,9610,686.45
2026-02-18T11:15:00.000,688.435,688.67,688.14,688.2,547818,9112,686.5
2026-02-18T11:20:00.000,688.17,688.39,688.02,688.33,614617,8743,686.53
2026-02-18T11:25:00.000,688.32,688.43,688.04,688.22,474518,8120,686.55
2026-02-18T11:30:00.000,688.22,688.76,688.14,688.47,418222,9223,686.58
2026-02-18T11:35:00.000,688.5,688.585,688.27,688.515,252751,6835,686.6
2026-02-18T11:40:00.000,688.525,688.65,688.285,688.33,325017,7662,686.63
2026-02-18T11:45:00.000,688.31,688.5,688.06,688.07,344447,8289,686.65
2026-02-18T11:50:00.000,688.09,688.23,687.6,687.74,599562,10988,686.68
2026-02-18T11:55:00.000,687.735,687.945,687.4999,687.53,492680,8985,686.7
2026-02-18T12:00:00.000,687.53,688.17,687.38,688.15,561758,9274,686.72
2026-02-18T12:05:00.000,688.16,688.89,688.1101,688.49,665464,10286,686.76
2026-02-18T12:10:00.000,688.49,688.62,687.98,688.2181,764475,9945,686.81
2026-02-18T12:15:00.000,688.205,688.65,688.09,688.6,469182,7782,686.84
2026-02-18T12:20:00.000,688.59,688.66,688.45,688.46,242763,4868,686.85
2026-02-18T12:25:00.000,688.46,688.465,688.14,688.2,263954,5557,686.86
2026-02-18T12:30:00.000,688.19,688.42,687.89,687.96,374843,6332,686.88
2026-02-18T12:35:00.000,687.96,688.3,687.94,688.215,246150,4951,686.89
2026-02-18T12:40:00.000,688.215,688.215,687.89,688.03,271463,5676,686.9
2026-02-18T12:45:00.000,688.03,688.37,687.95,688.17,320756,5894,686.92
2026-02-18T12:50:00.000,688.17,688.7,688.17,688.66,349371,6325,686.93
2026-02-18T12:55:00.000,688.65,688.8,688.355,688.501,423316,4981,686.95
2026-02-18T13:00:00.000,688.5,689.15,688.47,688.7499,395567,6191,686.97
2026-02-18T13:05:00.000,688.73,688.81,688.44,688.54,268654,5004,686.99
2026-02-18T13:10:00.000,688.54,688.65,688.375,688.4825,255153,4435,687.0
2026-02-18T13:15:00.000,688.47,688.77,688.465,688.48,256765,4374,687.02
2026-02-18T13:20:00.000,688.49,688.54,688.07,688.13,387627,6404,687.03
2026-02-18T13:25:00.000,688.13,688.23,687.475,687.805,841834,12065,687.05
2026-02-18T13:30:00.000,687.81,687.95,687.44,687.74,566313,9204,687.06
2026-02-18T13:35:00.000,687.735,688.02,687.63,687.64,418360,6728,687.07
2026-02-18T13:40:00.000,687.63,687.7,686.63,687.08,991559,12885,687.07
2026-02-18T13:45:00.000,687.065,687.555,686.95,687.185,582134,8619,687.07
2026-02-18T13:50:00.000,687.18,687.195,686.04,686.9,883273,12140,687.06
2026-02-18T13:55:00.000,686.89,687.12,686.68,686.98,682018,9127,687.06
2026-02-18T14:00:00.000,686.99,687.38,686.55,687.33,775854,10226,687.06
2026-02-18T14:05:00.000,687.3399,687.39,686.66,686.6835,384341,6424,687.06
2026-02-18T14:10:00.000,686.69,687.0792,686.39,686.43,815435,10876,687.05
2026-02-18T14:15:00.000,686.45,686.53,686.07,686.2,818060,10372,687.03
2026-02-18T14:20:00.000,686.2,686.89,686.18,686.68,709599,8053,687.03
2026-02-18T14:25:00.000,686.68,686.8899,686.23,686.42,761875,8817,687.02
2026-02-18T14:30:00.000,686.43,686.63,685.71,685.885,1015516,14057,686.99
2026-02-18T14:35:00.000,685.88,685.93,684.85,685.23,1289042,14913,686.95
2026-02-18T14:40:00.000,685.21,685.69,685.03,685.17,691429,9800,686.92
2026-02-18T14:45:00.000,685.18,685.815,685.08,685.32,826470,10959,686.9
2026-02-18T14:50:00.000,685.32,685.38,684.76,684.86,568700,8492,686.87
2026-02-18T14:55:00.000,684.8599,684.96,684.05,684.59,1130734,12427,686.82
2026-02-18T15:00:00.000,684.6,685.36,684.51,684.99,923311,12940,686.78
2026-02-18T15:05:00.000,684.99,685.06,684.44,684.55,603425,8163,686.76
2026-02-18T15:10:00.000,684.57,684.6937,684.11,684.41,1042071,10114,686.72
2026-02-18T15:15:00.000,684.39,684.665,683.92,684.33,843896,10797,686.68
2026-02-18T15:20:00.000,684.34,684.39,683.94,684.355,628551,9137,686.65
2026-02-18T15:25:00.000,684.34,684.43,684.04,684.21,573080,8830,686.62
2026-02-18T15:30:00.000,684.21,685.1987,684.12,685.0977,902747,13069,686.59
2026-02-18T15:35:00.000,685.09,685.62,684.97,685.53,884599,12698,686.56
2026-02-18T15:40:00.000,685.54,685.885,685.33,685.6601,1209764,15979,686.54
2026-02-18T15:45:00.000,685.67,686.5,685.47,686.38,2038283,20765,686.53
2026-02-18T15:50:00.000,686.41,687.18,686.25,687.0,2108638,24842,686.53
2026-02-18T15:55:00.000,687.0,687.13,685.94,686.26,6106882,41630,686.53
2026-02-18T16:00:00.000,686.23,686.23,686.21,686.21,8006,4,686.53
2026-02-19T09:30:00.000,683.84,684.52,683.56,683.95,1849347,29003,684.05
2026-02-19T09:35:00.000,683.95,684.02,682.47,683.62,1566048,21874,683.66
2026-02-19T09:40:00.000,683.64,684.75,682.7,684.61,1535406,21598,683.66
2026-02-19T09:45:00.000,684.62,684.72,683.25,684.09,1252620,20380,683.73
2026-02-19T09:50:00.000,684.06,685.29,684.04,684.88,1105096,18284,683.87
2026-02-19T09:55:00.000,684.86,685.82,684.7501,685.0,1375701,21479,684.11
2026-02-19T10:00:00.000,685.0,686.18,684.36,685.51,1286421,22604,684.26
2026-02-19T10:05:00.000,685.51,685.618,684.28,684.395,1045356,16543,684.32
2026-02-19T10:10:00.000,684.44,684.87,683.98,684.15,631434,15349,684.33
2026-02-19T10:15:00.000,684.17,685.3,684.12,684.8,895767,14005,684.36
2026-02-19T10:20:00.000,684.8,685.32,684.18,685.27,783478,12406,684.4
2026-02-19T10:25:00.000,685.275,685.275,683.81,683.9,841743,13922,684.4
2026-02-19T10:30:00.000,683.89,685.73,683.71,685.7007,750376,12880,684.41
2026-02-19T10:35:00.000,685.71,685.86,685.22,685.48,557100,10638,684.46
2026-02-19T10:40:00.000,685.46,685.86,685.295,685.52,371169,8243,684.48
2026-02-19T10:45:00.000,685.53,685.8099,685.16,685.495,426557,8843,684.51
2026-02-19T10:50:00.000,685.51,685.51,684.23,684.35,686497,10780,684.52
2026-02-19T10:55:00.000,684.34,685.48,684.33,685.32,467767,9269,684.53
2026-02-19T11:00:00.000,685.32,685.6,684.5501,684.64,332158,7609,684.54
2026-02-19T11:05:00.000,684.66,684.78,683.9,684.66,580637,10820,684.53
2026-02-19T11:10:00.000,684.72,684.98,684.29,684.905,308756,7264,684.53
2026-02-19T11:15:00.000,684.91,685.76,684.84,685.61,385289,8723,684.55
2026-02-19T11:20:00.000,685.61,685.83,685.33,685.53,443423,9012,684.58
2026-02-19T11:25:00.000,685.54,685.65,684.11,684.15,605240,10963,684.58
2026-02-19T11:30:00.000,684.16,685.27,684.16,685.2,552457,10306,684.59
2026-02-19T11:35:00.000,685.2,685.22,684.42,684.63,382747,8049,684.59
2026-02-19T11:40:00.000,684.64,684.74,683.56,683.63,457695,8940,684.58
2026-02-19T11:45:00.000,683.63,684.03,683.01,683.24,910893,14371,684.53
2026-02-19T11:50:00.000,683.25,684.12,682.72,684.04,780001,13155,684.49
2026-02-19T11:55:00.000,684.06,684.09,683.42,683.525,556216,9773,684.47
2026-02-19T12:00:00.000,683.535,683.705,682.83,683.01,533220,8666,684.44
2026-02-19T12:05:00.000,683.01,683.55,682.7,683.04,626896,10032,684.41
2026-02-19T12:10:00.000,683.03,683.65,682.94,683.55,329571,6485,684.4
2026-02-19T12:15:00.000,683.55,684.23,683.25,684.135,481114,8139,684.39
2026-02-19T12:20:00.000,684.12,684.78,683.92,684.5,486309,8199,684.38
2026-02-19T12:25:00.000,684.475,684.54,683.71,683.93,503767,8438,684.38
2026-02-19T12:30:00.000,683.915,684.14,683.7307,683.8666,236982,5429,684.37
2026-02-19T12:35:00.000,683.86,684.13,683.45,683.79,329358,6135,684.37
2026-02-19T12:40:00.000,683.78,684.26,683.6901,683.77,242633,5312,684.36
2026-02-19T12:45:00.000,683.77,683.825,682.385,682.7,641439,10453,684.33
2026-02-19T12:50:00.000,682.71,683.29,682.25,682.69,808178,11909,684.28
2026-02-19T12:55:00.000,682.68,683.11,682.13,682.44,571664,9633,684.25
2026-02-19T13:00:00.000,682.42,682.57,682.06,682.07,443257,7268,684.22
2026-02-19T13:05:00.000,682.0601,682.69,682.06,682.62,558824,8801,684.19
2026-02-19T13:10:00.000,682.595,683.42,682.37,683.27,462508,8542,684.16
2026-02-19T13:15:00.000,683.26,683.29,682.01,682.0697,489567,9941,684.14
2026-02-19T13:20:00.000,682.04,682.46,681.5475,682.375,821702,12109,684.1
2026-02-19T13:25:00.000,682.36,682.755,682.01,682.4,528441,9218,684.07
2026-02-19T13:30:00.000,682.34,682.78,682.03,682.175,424172,9004,684.05
2026-02-19T13:35:00.000,682.17,682.56,682.01,682.5,329491,6932,684.03
2026-02-19T13:40:00.000,682.48,682.81,682.22,682.7,359304,6993,684.01
2026-02-19T13:45:00.000,682.68,683.45,682.67,683.34,576278,9213,684.0
2026-02-19T13:50:00.000,683.33,683.55,682.95,683.28,453286,7537,683.99
2026-02-19T13:55:00.000,683.28,683.88,683.1,683.74,526202,8801,683.98
2026-02-19T14:00:00.000,683.74,683.84,683.39,683.59,462607,7594,683.98
2026-02-19T14:05:00.000,683.56,684.04,683.485,683.99,328721,6059,683.97
2026-02-19T14:10:00.000,683.99,684.02,683.46,683.695,462759,8146,683.97
2026-02-19T14:15:00.000,683.69,683.995,683.59,683.95,311930,5523,683.97
2026-02-19T14:20:00.000,683.94,684.0599,683.645,683.955,417806,7161,683.97
2026-02-19T14:25:00.000,683.955,684.0094,683.0,683.275,547177,8876,683.96
2026-02-19T14:30:00.000,683.25,683.565,683.15,683.35,426854,7687,683.95
2026-02-19T14:35:00.000,683.346,683.395,682.02,682.05,664940,10539,683.93
2026-02-19T14:40:00.000,682.04,682.58,681.88,682.4701,866280,12275,683.89
2026-02-19T14:45:00.000,682.48,682.685,682.09,682.46,458514,7781,683.88
2026-02-19T14:50:00.000,682.47,682.9,682.26,682.46,537479,8153,683.86
2026-02-19T14:55:00.000,682.46,682.81,682.4201,682.56,471261,7438,683.85
2026-02-19T15:00:00.000,682.53,683.49,682.52,683.29,633927,8873,683.83
2026-02-19T15:05:00.000,683.26,683.31,682.95,683.04,468811,7813,683.83
2026-02-19T15:10:00.000,683.07,683.3,682.86,683.15,519507,8396,683.82
2026-02-19T15:15:00.000,683.18,683.25,682.65,683.24,1013839,9309,683.8
2026-02-19T15:20:00.000,683.25,683.36,682.85,682.95,863577,9186,683.79
2026-02-19T15:25:00.000,682.9499,683.035,682.79,682.9,474259,8018,683.78
2026-02-19T15:30:00.000,682.89,683.61,682.8001,683.295,1047546,13861,683.77
2026-02-19T15:35:00.000,683.32,683.49,683.075,683.205,582320,8951,683.77
2026-02-19T15:40:00.000,683.21,683.41,682.91,683.325,684213,9827,683.76
2026-02-19T15:45:00.000,683.33,684.0,683.24,683.86,1381728,17257,683.75
2026-02-19T15:50:00.000,683.85,684.06,683.535,683.95,1261998,15482,683.75
2026-02-19T15:55:00.000,683.94,684.6,683.72,684.52,2690659,32919,683.77
2026-02-19T16:00:00.000,684.53,684.53,684.53,684.53,701,3,683.77
2026-02-20T09:30:00.000,682.32,683.47,681.73,683.33,1912082,27498,682.53
2026-02-20T09:35:00.000,683.32,684.53,682.98,683.86,1579642,24306,683.12
2026-02-20T09:40:00.000,683.885,685.35,683.55,684.74,964979,16024,683.4
2026-02-20T09:45:00.000,684.77,685.16,684.01,684.1,721113,11472,683.58
2026-02-20T09:50:00.000,684.09,684.42,683.45,684.105,1171141,18626,683.63
2026-02-20T09:55:00.000,684.15,685.04,683.82,684.85,931729,15729,683.72
2026-02-20T10:00:00.000,684.89,689.4,684.75,686.9261,3793606,58586,685.1
2026-02-20T10:05:00.000,686.94,687.18,684.55,687.12,2321345,33272,685.25
2026-02-20T10:10:00.000,687.13,688.0,685.34,685.42,1499867,27706,685.41
2026-02-20T10:15:00.000,685.44,687.27,684.19,686.6,1567116,30125,685.44
2026-02-20T10:20:00.000,686.59,687.98,686.43,687.385,1199926,23178,685.56
2026-02-20T10:25:00.000,687.39,688.08,686.31,686.8,946563,17651,685.64
2026-02-20T10:30:00.000,686.8,687.37,685.51,686.05,1004899,16939,685.68
2026-02-20T10:35:00.000,686.07,687.47,685.64,687.23,830813,15004,685.72
2026-02-20T10:40:00.000,687.26,688.18,686.0,688.05,883168,15731,685.78
2026-02-20T10:45:00.000,688.07,688.72,687.35,688.16,952959,17240,685.88
2026-02-20T10:50:00.000,688.17,689.06,687.59,688.85,1025124,17185,685.99
2026-02-20T10:55:00.000,688.84,689.17,688.5,688.83,1162963,19319,686.13
2026-02-20T11:00:00.000,688.82,689.24,688.34,688.91,903901,17484,686.22
2026-02-20T11:05:00.000,688.91,688.91,688.2701,688.37,569988,12240,686.27
2026-02-20T11:10:00.000,688.36,688.83,687.95,688.05,698923,13188,686.33
2026-02-20T11:15:00.000,688.12,688.27,687.0,687.68,2293872,15846,686.36
2026-02-20T11:20:00.000,687.66,687.69,686.68,686.96,4402494,13518,686.38
2026-02-20T11:25:00.000,686.96,687.03,686.09,686.13,2219325,13654,686.39
2026-02-20T11:30:00.000,686.13,687.49,685.89,687.3,1721432,16362,686.39
2026-02-20T11:35:00.000,687.3,688.1301,686.74,688.11,590157,11527,686.41
2026-02-20T11:40:00.000,688.12,688.88,687.83,688.46,1684201,14506,686.47
2026-02-20T11:45:00.000,688.46,689.1,688.395,688.99,807351,14265,686.53
2026-02-20T11:50:00.000,688.99,689.15,688.46,688.92,861924,12943,686.58
2026-02-20T11:55:00.000,688.91,689.06,688.38,688.57,696552,13145,686.63
2026-02-20T12:00:00.000,688.57,688.87,687.855,687.87,673506,11954,686.66
2026-02-20T12:05:00.000,687.89,687.96,687.04,687.1,443450,8244,686.67
2026-02-20T12:10:00.000,687.11,687.14,686.085,686.11,1356024,17351,686.67
2026-02-20T12:15:00.000,686.11,686.11,684.87,685.06,1447427,19891,686.62
2026-02-20T12:20:00.000,685.05,685.3,684.2,684.23,837945,13606,686.58
2026-02-20T12:25:00.000,684.24,685.25,684.08,685.2292,1123584,17277,686.53
2026-02-20T12:30:00.000,685.235,686.1149,685.06,685.76,751787,13027,686.51
2026-02-20T12:35:00.000,685.77,686.09,684.9701,685.92,755130,12466,686.49
2026-02-20T12:40:00.000,685.93,686.18,685.28,686.0115,621770,10745,686.48
2026-02-20T12:45:00.000,686.03,686.93,685.75,686.83,772141,12400,686.48
2026-02-20T12:50:00.000,686.82,687.68,686.39,687.38,1003811,14348,686.49
2026-02-20T12:55:00.000,687.37,687.71,686.13,687.48,1023248,16602,686.51
2026-02-20T13:00:00.000,687.43,687.79,686.99,687.04,797367,14014,686.52
2026-02-20T13:05:00.000,687.06,687.8,686.92,687.25,438869,9379,686.53
2026-02-20T13:10:00.000,687.27,687.27,686.69,687.1,460663,9190,686.53
2026-02-20T13:15:00.000,687.09,687.1,686.36,686.71,340091,7510,686.54
2026-02-20T13:20:00.000,686.72,687.17,685.7175,686.923,1200496,17010,686.53
2026-02-20T13:25:00.000,686.96,687.1,686.05,686.56,980517,16777,686.54
2026-02-20T13:30:00.000,686.54,688.82,685.76,687.83,2092302,30828,686.57
2026-02-20T13:35:00.000,687.85,688.46,686.36,687.76,2666717,39992,686.62
2026-02-20T13:40:00.000,687.77,689.02,687.72,688.7,1056693,17578,686.66
2026-02-20T13:45:00.000,688.7,690.06,688.66,689.09,1978262,27213,686.75
2026-02-20T13:50:00.000,689.1,689.54,688.27,689.38,912618,16102,686.78
2026-02-20T13:55:00.000,689.41,689.58,689.0,689.3,554226,9427,686.81
2026-02-20T14:00:00.000,689.3,689.79,689.23,689.47,786171,12963,686.84
2026-02-20T14:05:00.000,689.49,689.5,688.81,689.11,650462,12144,686.87
2026-02-20T14:10:00.000,689.12,689.17,688.42,688.52,850180,10400,686.89
2026-02-20T14:15:00.000,688.52,688.6189,688.24,688.41,411753,7535,686.9
2026-02-20T14:20:00.000,688.42,689.0,688.29,688.71,618503,10888,686.92
2026-02-20T14:25:00.000,688.71,688.81,688.25,688.58,619000,9377,686.93
2026-02-20T14:30:00.000,688.58,689.12,688.56,688.77,496144,8243,686.95
2026-02-20T14:35:00.000,688.77,688.88,688.39,688.45,383676,6762,686.96
2026-02-20T14:40:00.000,688.45,688.69,687.96,688.04,651355,9970,686.97
2026-02-20T14:45:00.000,688.05,688.23,687.81,688.06,675407,9497,686.98
2026-02-20T14:50:00.000,688.05,688.65,687.97,688.12,1004037,8668,686.99
2026-02-20T14:55:00.000,688.12,688.41,687.88,688.05,366435,7140,687.0
2026-02-20T15:00:00.000,688.06,688.83,688.005,688.6103,597433,9102,687.01
2026-02-20T15:05:00.000,688.61,689.32,688.6,689.04,1230664,11521,687.04
2026-02-20T15:10:00.000,689.04,689.185,688.76,689.12,686516,8975,687.06
2026-02-20T15:15:00.000,689.12,689.18,688.54,688.58,553121,8670,687.07
2026-02-20T15:20:00.000,688.6,688.68,688.28,688.48,628604,7864,687.08
2026-02-20T15:25:00.000,688.485,688.57,688.1,688.36,753635,9433,687.1
2026-02-20T15:30:00.000,688.36,688.72,688.3,688.45,700049,9379,687.11
2026-02-20T15:35:00.000,688.46,688.745,688.27,688.7,595735,8620,687.12
2026-02-20T15:40:00.000,688.69,689.08,688.565,689.0799,862816,12534,687.15
2026-02-20T15:45:00.000,689.07,689.12,688.72,688.735,2327174,15340,687.17
2026-02-20T15:50:00.000,688.74,688.995,688.35,688.83,1965597,21750,687.21
2026-02-20T15:55:00.000,688.84,689.5,688.63,689.36,4240930,41035,687.31
2026-02-20T16:00:00.000,0.0,0.0,0.0,0.0,0,0,687.31
2026-02-21T09:30:00.000,0.0,0.0,0.0,0.0,0,0,0.0
2026-02-21T09:35:00.000,0.0,0.0,0.0,0.0,0,0,0.0
2026-02-21T09:40:00.000,0.0,0.0,0.0,0.0,0,0,0.0
2026-02-21T09:45:00.000,0.0,0.0,0.0,0.0,0,0,0.0
2026-02-21T09:50:00.000,0.0,0.0,0.0,0.0,0,0,0.0
2026-02-21T09:55:00.000,0.0,0.0,0.0,0.0,0,0,0.0
2026-02-21T10:00:00.000,0.0,0.0,0.0,0.0,0,0,0.0
2026-02-21T10:05:00.000,0.0,0.0,0.0,0.0,0,0,0.0
2026-02-21T10:10:00.000,0.0,0.0,0.0,0.0,0,0,0.0
2026-02-21T10:15:00.000,0.0,0.0,0.0,0.0,0,0,0.0
2026-02-21T10:20:00.000,0.0,0.0,0.0,0.0,0,0,0.0
2026-02-21T10:25:00.000,0.0,0.0,0.0,0.0,0,0,0.0
2026-02-21T10:30:00.000,0.0,0.0,0.0,0.0,0,0,0.0
2026-02-21T10:35:00.000,0.0,0.0,0.0,0.0,0,0,0.0
2026-02-21T10:40:00.000,0.0,0.0,0.0,0.0,0,0,0.0
2026-02-21T10:45:00.000,0.0,0.0,0.0,0.0,0,0,0.0
2026-02-21T10:50:00.000,0.0,0.0,0.0,0.0,0,0,0.0
2026-02-21T10:55:00.000,0.0,0.0,0.0,0.0,0,0,0.0
2026-02-21T11:00:00.000,0.0,0.0,0.0,0.0,0,0,0.0
2026-02-21T11:05:00.000,0.0,0.0,0.0,0.0,0,0,0.0
2026-02-21T11:10:00.000,0.0,0.0,0.0,0.0,0,0,0.0
2026-02-21T11:15:00.000,0.0,0.0,0.0,0.0,0,0,0.0
2026-02-21T11:20:00.000,0.0,0.0,0.0,0.0,0,0,0.0
2026-02-21T11:25:00.000,0.0,0.0,0.0,0.0,0,0,0.0
2026-02-21T11:30:00.000,0.0,0.0,0.0,0.0,0,0,0.0
2026-02-21T11:35:00.000,0.0,0.0,0.0,0.0,0,0,0.0
2026-02-21T11:40:00.000,0.0,0.0,0.0,0.0,0,0,0.0
2026-02-21T11:45:00.000,0.0,0.0,0.0,0.0,0,0,0.0
2026-02-21T11:50:00.000,0.0,0.0,0.0,0.0,0,0,0.0
2026-02-21T11:55:00.000,0.0,0.0,0.0,0.0,0,0,0.0
2026-02-21T12:00:00.000,0.0,0.0,0.0,0.0,0,0,0.0
2026-02-21T12:05:00.000,0.0,0.0,0.0,0.0,0,0,0.0
2026-02-21T12:10:00.000,0.0,0.0,0.0,0.0,0,0,0.0
2026-02-21T12:15:00.000,0.0,0.0,0.0,0.0,0,0,0.0
2026-02-21T12:20:00.000,0.0,0.0,0.0,0.0,0,0,0.0
2026-02-21T12:25:00.000,0.0,0.0,0.0,0.0,0,0,0.0
2026-02-21T12:30:00.000,0.0,0.0,0.0,0.0,0,0,0.0
2026-02-21T12:35:00.000,0.0,0.0,0.0,0.0,0,0,0.0
2026-02-21T12:40:00.000,0.0,0.0,0.0,0.0,0,0,0.0
2026-02-21T12:45:00.000,0.0,0.0,0.0,0.0,0,0,0.0
2026-02-21T12:50:00.000,0.0,0.0,0.0,0.0,0,0,0.0
2026-02-21T12:55:00.000,0.0,0.0,0.0,0.0,0,0,0.0
2026-02-21T13:00:00.000,0.0,0.0,0.0,0.0,0,0,0.0
2026-02-21T13:05:00.000,0.0,0.0,0.0,0.0,0,0,0.0
2026-02-21T13:10:00.000,0.0,0.0,0.0,0.0,0,0,0.0
2026-02-21T13:15:00.000,0.0,0.0,0.0,0.0,0,0,0.0
2026-02-21T13:20:00.000,0.0,0.0,0.0,0.0,0,0,0.0
2026-02-21T13:25:00.000,0.0,0.0,0.0,0.0,0,0,0.0
2026-02-21T13:30:00.000,0.0,0.0,0.0,0.0,0,0,0.0
2026-02-21T13:35:00.000,0.0,0.0,0.0,0.0,0,0,0.0
2026-02-21T13:40:00.000,0.0,0.0,0.0,0.0,0,0,0.0
2026-02-21T13:45:00.000,0.0,0.0,0.0,0.0,0,0,0.0
2026-02-21T13:50:00.000,0.0,0.0,0.0,0.0,0,0,0.0
2026-02-21T13:55:00.000,0.0,0.0,0.0,0.0,0,0,0.0
2026-02-21T14:00:00.000,0.0,0.0,0.0,0.0,0,0,0.0
2026-02-21T14:05:00.000,0.0,0.0,0.0,0.0,0,0,0.0
2026-02-21T14:10:00.000,0.0,0.0,0.0,0.0,0,0,0.0
2026-02-21T14:15:00.000,0.0,0.0,0.0,0.0,0,0,0.0
2026-02-21T14:20:00.000,0.0,0.0,0.0,0.0,0,0,0.0
2026-02-21T14:25:00.000,0.0,0.0,0.0,0.0,0,0,0.0
2026-02-21T14:30:00.000,0.0,0.0,0.0,0.0,0,0,0.0
2026-02-21T14:35:00.000,0.0,0.0,0.0,0.0,0,0,0.0
2026-02-21T14:40:00.000,0.0,0.0,0.0,0.0,0,0,0.0
2026-02-21T14:45:00.000,0.0,0.0,0.0,0.0,0,0,0.0
2026-02-21T14:50:00.000,0.0,0.0,0.0,0.0,0,0,0.0
2026-02-21T14:55:00.000,0.0,0.0,0.0,0.0,0,0,0.0
2026-02-21T15:00:00.000,0.0,0.0,0.0,0.0,0,0,0.0
2026-02-21T15:05:00.000,0.0,0.0,0.0,0.0,0,0,0.0
2026-02-21T15:10:00.000,0.0,0.0,0.0,0.0,0,0,0.0
2026-02-21T15:15:00.000,0.0,0.0,0.0,0.0,0,0,0.0
2026-02-21T15:20:00.000,0.0,0.0,0.0,0.0,0,0,0.0
2026-02-21T15:25:00.000,0.0,0.0,0.0,0.0,0,0,0.0
2026-02-21T15:30:00.000,0.0,0.0,0.0,0.0,0,0,0.0
2026-02-21T15:35:00.000,0.0,0.0,0.0,0.0,0,0,0.0
2026-02-21T15:40:00.000,0.0,0.0,0.0,0.0,0,0,0.0
2026-02-21T15:45:00.000,0.0,0.0,0.0,0.0,0,0,0.0
2026-02-21T15:50:00.000,0.0,0.0,0.0,0.0,0,0,0.0
2026-02-21T15:55:00.000,0.0,0.0,0.0,0.0,0,0,0.0
2026-02-21T16:00:00.000,0.0,0.0,0.0,0.0,0,0,0.0
2026-02-22T09:30:00.000,0.0,0.0,0.0,0.0,0,0,0.0
2026-02-22T09:35:00.000,0.0,0.0,0.0,0.0,0,0,0.0
2026-02-22T09:40:00.000,0.0,0.0,0.0,0.0,0,0,0.0
2026-02-22T09:45:00.000,0.0,0.0,0.0,0.0,0,0,0.0
2026-02-22T09:50:00.000,0.0,0.0,0.0,0.0,0,0,0.0
2026-02-22T09:55:00.000,0.0,0.0,0.0,0.0,0,0,0.0
2026-02-22T10:00:00.000,0.0,0.0,0.0,0.0,0,0,0.0
2026-02-22T10:05:00.000,0.0,0.0,0.0,0.0,0,0,0.0
2026-02-22T10:10:00.000,0.0,0.0,0.0,0.0,0,0,0.0
2026-02-22T10:15:00.000,0.0,0.0,0.0,0.0,0,0,0.0
2026-02-22T10:20:00.000,0.0,0.0,0.0,0.0,0,0,0.0
2026-02-22T10:25:00.000,0.0,0.0,0.0,0.0,0,0,0.0
2026-02-22T10:30:00.000,0.0,0.0,0.0,0.0,0,0,0.0
2026-02-22T10:35:00.000,0.0,0.0,0.0,0.0,0,0,0.0
2026-02-22T10:40:00.000,0.0,0.0,0.0,0.0,0,0,0.0
2026-02-22T10:45:00.000,0.0,0.0,0.0,0.0,0,0,0.0
2026-02-22T10:50:00.000,0.0,0.0,0.0,0.0,0,0,0.0
2026-02-22T10:55:00.000,0.0,0.0,0.0,0.0,0,0,0.0
2026-02-22T11:00:00.000,0.0,0.0,0.0,0.0,0,0,0.0
2026-02-22T11:05:00.000,0.0,0.0,0.0,0.0,0,0,0.0
2026-02-22T11:10:00.000,0.0,0.0,0.0,0.0,0,0,0.0
2026-02-22T11:15:00.000,0.0,0.0,0.0,0.0,0,0,0.0
2026-02-22T11:20:00.000,0.0,0.0,0.0,0.0,0,0,0.0
2026-02-22T11:25:00.000,0.0,0.0,0.0,0.0,0,0,0.0
2026-02-22T11:30:00.000,0.0,0.0,0.0,0.0,0,0,0.0
2026-02-22T11:35:00.000,0.0,0.0,0.0,0.0,0,0,0.0
2026-02-22T11:40:00.000,0.0,0.0,0.0,0.0,0,0,0.0
2026-02-22T11:45:00.000,0.0,0.0,0.0,0.0,0,0,0.0
2026-02-22T11:50:00.000,0.0,0.0,0.0,0.0,0,0,0.0
2026-02-22T11:55:00.000,0.0,0.0,0.0,0.0,0,0,0.0
2026-02-22T12:00:00.000,0.0,0.0,0.0,0.0,0,0,0.0
2026-02-22T12:05:00.000,0.0,0.0,0.0,0.0,0,0,0.0
2026-02-22T12:10:00.000,0.0,0.0,0.0,0.0,0,0,0.0
2026-02-22T12:15:00.000,0.0,0.0,0.0,0.0,0,0,0.0
2026-02-22T12:20:00.000,0.0,0.0,0.0,0.0,0,0,0.0
2026-02-22T12:25:00.000,0.0,0.0,0.0,0.0,0,0,0.0
2026-02-22T12:30:00.000,0.0,0.0,0.0,0.0,0,0,0.0
2026-02-22T12:35:00.000,0.0,0.0,0.0,0.0,0,0,0.0
2026-02-22T12:40:00.000,0.0,0.0,0.0,0.0,0,0,0.0
2026-02-22T12:45:00.000,0.0,0.0,0.0,0.0,0,0,0.0
2026-02-22T12:50:00.000,0.0,0.0,0.0,0.0,0,0,0.0
2026-02-22T12:55:00.000,0.0,0.0,0.0,0.0,0,0,0.0
2026-02-22T13:00:00.000,0.0,0.0,0.0,0.0,0,0,0.0
2026-02-22T13:05:00.000,0.0,0.0,0.0,0.0,0,0,0.0
2026-02-22T13:10:00.000,0.0,0.0,0.0,0.0,0,0,0.0
2026-02-22T13:15:00.000,0.0,0.0,0.0,0.0,0,0,0.0
2026-02-22T13:20:00.000,0.0,0.0,0.0,0.0,0,0,0.0
2026-02-22T13:25:00.000,0.0,0.0,0.0,0.0,0,0,0.0
2026-02-22T13:30:00.000,0.0,0.0,0.0,0.0,0,0,0.0
2026-02-22T13:35:00.000,0.0,0.0,0.0,0.0,0,0,0.0
2026-02-22T13:40:00.000,0.0,0.0,0.0,0.0,0,0,0.0
2026-02-22T13:45:00.000,0.0,0.0,0.0,0.0,0,0,0.0
2026-02-22T13:50:00.000,0.0,0.0,0.0,0.0,0,0,0.0
2026-02-22T13:55:00.000,0.0,0.0,0.0,0.0,0,0,0.0
2026-02-22T14:00:00.000,0.0,0.0,0.0,0.0,0,0,0.0
2026-02-22T14:05:00.000,0.0,0.0,0.0,0.0,0,0,0.0
2026-02-22T14:10:00.000,0.0,0.0,0.0,0.0,0,0,0.0
2026-02-22T14:15:00.000,0.0,0.0,0.0,0.0,0,0,0.0
2026-02-22T14:20:00.000,0.0,0.0,0.0,0.0,0,0,0.0
2026-02-22T14:25:00.000,0.0,0.0,0.0,0.0,0,0,0.0
2026-02-22T14:30:00.000,0.0,0.0,0.0,0.0,0,0,0.0
2026-02-22T14:35:00.000,0.0,0.0,0.0,0.0,0,0,0.0
2026-02-22T14:40:00.000,0.0,0.0,0.0,0.0,0,0,0.0
2026-02-22T14:45:00.000,0.0,0.0,0.0,0.0,0,0,0.0
2026-02-22T14:50:00.000,0.0,0.0,0.0,0.0,0,0,0.0
2026-02-22T14:55:00.000,0.0,0.0,0.0,0.0,0,0,0.0
2026-02-22T15:00:00.000,0.0,0.0,0.0,0.0,0,0,0.0
2026-02-22T15:05:00.000,0.0,0.0,0.0,0.0,0,0,0.0
2026-02-22T15:10:00.000,0.0,0.0,0.0,0.0,0,0,0.0
2026-02-22T15:15:00.000,0.0,0.0,0.0,0.0,0,0,0.0
2026-02-22T15:20:00.000,0.0,0.0,0.0,0.0,0,0,0.0
2026-02-22T15:25:00.000,0.0,0.0,0.0,0.0,0,0,0.0
2026-02-22T15:30:00.000,0.0,0.0,0.0,0.0,0,0,0.0
2026-02-22T15:35:00.000,0.0,0.0,0.0,0.0,0,0,0.0
2026-02-22T15:40:00.000,0.0,0.0,0.0,0.0,0,0,0.0
2026-02-22T15:45:00.000,0.0,0.0,0.0,0.0,0,0,0.0
2026-02-22T15:50:00.000,0.0,0.0,0.0,0.0,0,0,0.0
2026-02-22T15:55:00.000,0.0,0.0,0.0,0.0,0,0,0.0
2026-02-22T16:00:00.000,0.0,0.0,0.0,0.0,0,0,0.0
2026-02-23T09:30:00.000,687.83,689.7599,687.67,689.39,2225897,28807,689.09
2026-02-23T09:35:00.000,689.39,690.0,688.8901,689.57,1873352,26535,689.24
2026-02-23T09:40:00.000,689.56,689.57,687.44,687.54,2075253,27199,688.85
2026-02-23T09:45:00.000,687.55,687.89,686.76,686.9,1907475,28602,688.51
2026-02-23T09:50:00.000,686.9,688.14,686.86,687.15,1482909,23952,688.35
2026-02-23T09:55:00.000,687.08,687.25,686.3,686.53,1322165,21236,688.15
2026-02-23T10:00:00.000,686.5,687.23,685.22,685.28,1446892,22527,687.93
2026-02-23T10:05:00.000,685.28,685.71,684.66,684.93,1621512,23301,687.61
2026-02-23T10:10:00.000,684.94,685.67,684.53,684.77,1490297,22963,687.36
2026-02-23T10:15:00.000,684.76,685.04,684.51,684.955,1333753,19697,687.15
2026-02-23T10:20:00.000,684.95,685.56,684.4212,684.8,1257890,20838,687.0
2026-02-23T10:25:00.000,684.83,684.86,684.2799,684.51,893898,15627,686.88
2026-02-23T10:30:00.000,684.5,685.005,683.97,684.025,1242840,19989,686.73
2026-02-23T10:35:00.000,684.03,684.5,683.6399,684.1,1176674,18230,686.58
2026-02-23T10:40:00.000,684.09,684.25,683.41,683.68,947435,16022,686.47
2026-02-23T10:45:00.000,683.67,683.945,683.37,683.555,1027653,16317,686.34
2026-02-23T10:50:00.000,683.56,683.87,682.67,682.8,1319559,19752,686.18
2026-02-23T10:55:00.000,682.8,682.915,682.18,682.26,1378884,20270,685.98
2026-02-23T11:00:00.000,682.27,682.51,680.855,681.31,1730959,23348,685.72
2026-02-23T11:05:00.000,681.32,681.398,680.75,680.92,1354667,18690,685.5
2026-02-23T11:10:00.000,680.94,681.41,680.58,680.7,1206427,18704,685.32
2026-02-23T11:15:00.000,680.69,681.62,680.371,681.57,1391404,21419,685.13
2026-02-23T11:20:00.000,681.56,682.14,681.46,681.79,1415552,19349,685.0
2026-02-23T11:25:00.000,681.78,682.91,681.745,682.87,1210157,15934,684.92
2026-02-23T11:30:00.000,682.88,683.085,682.51,682.66,1040917,16069,684.85
2026-02-23T11:35:00.000,682.65,682.98,682.4,682.485,792038,12327,684.8
2026-02-23T11:40:00.000,682.47,682.745,682.21,682.395,720956,11650,684.76
2026-02-23T11:45:00.000,682.385,682.57,681.78,682.1203,651510,11277,684.71
2026-02-23T11:50:00.000,682.1,682.625,681.97,682.19,693082,11537,684.67
2026-02-23T11:55:00.000,682.2,682.32,681.79,681.96,524086,9864,684.63
2026-02-23T12:00:00.000,681.97,682.46,681.79,682.08,648458,10492,684.59
2026-02-23T12:05:00.000,682.05,682.47,681.93,682.06,493382,9188,684.56
2026-02-23T12:10:00.000,682.04,682.26,681.59,681.77,370843,7351,684.54
2026-02-23T12:15:00.000,681.77,682.265,681.73,681.8201,454650,8166,684.51
2026-02-23T12:20:00.000,681.83,682.24,681.74,681.85,314136,6201,684.49
2026-02-23T12:25:00.000,681.84,682.08,681.67,681.69,377780,6799,684.47
2026-02-23T12:30:00.000,681.7,681.74,681.27,681.35,406918,7506,684.44
2026-02-23T12:35:00.000,681.35,681.36,680.61,680.62,822255,12657,684.37
2026-02-23T12:40:00.000,680.63,681.7,680.59,681.16,1036760,12618,684.31
2026-02-23T12:45:00.000,681.16,681.535,680.98,681.11,597933,8504,684.28
2026-02-23T12:50:00.000,681.1,682.17,681.07,681.955,579290,10512,684.25
2026-02-23T12:55:00.000,681.955,682.35,681.79,682.045,705627,11052,684.21
2026-02-23T13:00:00.000,682.04,682.509,681.94,682.42,477985,8506,684.19
2026-02-23T13:05:00.000,682.41,682.9,682.36,682.88,613473,9327,684.17
2026-02-23T13:10:00.000,682.87,683.19,682.64,683.08,600708,9303,684.16
2026-02-23T13:15:00.000,683.09,683.41,682.98,683.14,604073,9232,684.14
2026-02-23T13:20:00.000,683.15,683.79,683.07,683.74,614529,9785,684.14
2026-02-23T13:25:00.000,683.72,683.95,683.57,683.8099,613929,9288,684.13
2026-02-23T13:30:00.000,683.81,683.82,683.42,683.7,490896,7942,684.12
2026-02-23T13:35:00.000,683.71,683.91,683.37,683.385,612039,8726,684.12
2026-02-23T13:40:00.000,683.4,683.54,682.855,683.025,464042,7444,684.11
2026-02-23T13:45:00.000,683.03,683.4,682.82,683.215,542519,8629,684.1
2026-02-23T13:50:00.000,683.22,683.28,682.49,682.52,452608,7409,684.09
2026-02-23T13:55:00.000,682.51,682.6,681.87,682.01,717678,10232,684.06
2026-02-23T14:00:00.000,682.02,682.28,681.752,681.81,759992,11561,684.03
2026-02-23T14:05:00.000,681.81,682.135,681.73,681.9001,601174,9693,684.01
2026-02-23T14:10:00.000,681.91,682.15,681.695,681.86,704978,11180,683.98
2026-02-23T14:15:00.000,681.86,682.085,681.61,681.76,465959,8253,683.96
2026-02-23T14:20:00.000,681.75,681.905,681.55,681.745,640707,8795,683.93
2026-02-23T14:25:00.000,681.745,681.88,681.17,681.27,1034942,8028,683.91
2026-02-23T14:30:00.000,681.255,681.66,681.22,681.31,553312,8732,683.89
2026-02-23T14:35:00.000,681.3,681.32,680.95,681.13,548691,8830,683.86
2026-02-23T14:40:00.000,681.14,681.16,680.54,680.86,631213,10860,683.83
2026-02-23T14:45:00.000,680.86,681.5,680.77,681.37,859195,13709,683.79
2026-02-23T14:50:00.000,681.36,681.46,681.0899,681.16,576513,9365,683.76
2026-02-23T14:55:00.000,681.15,681.53,680.95,681.06,710382,12081,683.73
2026-02-23T15:00:00.000,681.06,681.43,680.98,681.2,611088,10812,683.71
2026-02-23T15:05:00.000,681.2,681.34,680.81,680.9,1116616,13649,683.66
2026-02-23T15:10:00.000,680.905,681.02,680.65,680.72,771827,11893,683.63
2026-02-23T15:15:00.000,680.72,681.19,680.715,680.975,637958,10452,683.6
2026-02-23T15:20:00.000,680.97,681.1,680.76,681.1,480428,8431,683.58
2026-02-23T15:25:00.000,681.09,681.52,681.03,681.35,856537,12348,683.55
2026-02-23T15:30:00.000,681.34,682.25,681.3,682.0835,2097630,20765,683.51
2026-02-23T15:35:00.000,682.08,682.08,681.49,681.625,952652,11930,683.48
2026-02-23T15:40:00.000,681.62,681.78,681.14,681.655,833440,11254,683.46
2026-02-23T15:45:00.000,681.655,681.99,681.355,681.933,1725045,13664,683.43
2026-02-23T15:50:00.000,681.94,682.25,680.96,681.06,4555795,36473,683.32
2026-02-23T15:55:00.000,681.055,682.47,680.9,682.41,5574653,48068,683.19
2026-02-23T16:00:00.000,682.41,682.41,682.41,682.41,740,1,683.19
2026-02-24T09:30:00.000,681.9,682.2175,680.55,680.79,1874606,24799,681.35
2026-02-24T09:35:00.000,680.78,682.53,680.0,682.279,2206493,31861,681.21
2026-02-24T09:40:00.000,682.27,684.38,682.19,684.32,1753752,23688,681.84
2026-02-24T09:45:00.000,684.34,685.46,684.02,684.87,1929539,25877,682.56
2026-02-24T09:50:00.000,684.88,684.97,683.93,684.12,1320888,18441,682.83
2026-02-24T09:55:00.000,684.12,684.13,682.8,683.15,1490175,16538,682.91
2026-02-24T10:00:00.000,683.18,683.31,682.03,682.69,1140992,14460,682.88
2026-02-24T10:05:00.000,682.66,684.02,682.61,683.87,1188727,18526,682.92
2026-02-24T10:10:00.000,683.88,684.23,682.97,683.24,1056338,16324,682.97
2026-02-24T10:15:00.000,683.21,684.36,683.0,684.15,808177,12449,683.01
2026-02-24T10:20:00.000,684.15,685.21,684.04,685.17,1195569,16675,683.14
2026-02-24T10:25:00.000,685.18,686.39,684.9401,686.335,1509951,20190,683.37
2026-02-24T10:30:00.000,686.32,686.512,685.935,686.14,1343338,18721,683.57
2026-02-24T10:35:00.000,686.14,686.175,685.64,685.905,961255,14154,683.68
2026-02-24T10:40:00.000,685.9,686.545,685.77,686.2701,588773,9443,683.75
2026-02-24T10:45:00.000,686.28,686.31,685.8,686.045,791814,10485,683.84
2026-02-24T10:50:00.000,686.02,686.04,685.45,685.605,625498,10543,683.89
2026-02-24T10:55:00.000,685.61,685.81,685.18,685.37,866679,12158,683.95
2026-02-24T11:00:00.000,685.37,686.15,685.2921,686.0507,706905,11115,684.01
2026-02-24T11:05:00.000,686.06,686.32,685.85,686.15,616458,8047,684.05
2026-02-24T11:10:00.000,686.13,686.87,685.93,686.6,886957,10810,684.13
2026-02-24T11:15:00.000,686.59,686.745,686.02,686.21,599818,9675,684.18
2026-02-24T11:20:00.000,686.21,686.22,685.785,685.99,634518,8350,684.22
2026-02-24T11:25:00.000,686.01,686.235,685.895,686.09,292600,5565,684.24
2026-02-24T11:30:00.000,686.1,686.13,685.15,685.27,605004,9449,684.26
2026-02-24T11:35:00.000,685.27,685.84,685.22,685.74,623619,9203,684.3
2026-02-24T11:40:00.000,685.73,686.15,685.46,685.5806,566117,7048,684.32
2026-02-24T11:45:00.000,685.57,686.07,685.52,685.875,345193,6620,684.34
2026-02-24T11:50:00.000,685.87,686.53,685.705,686.42,528901,7408,684.37
2026-02-24T11:55:00.000,686.425,686.7,686.28,686.47,542441,7751,684.41
2026-02-24T12:00:00.000,686.46,686.82,686.4,686.57,507967,7774,684.45
2026-02-24T12:05:00.000,686.58,687.05,686.58,687.02,414069,7267,684.48
2026-02-24T12:10:00.000,687.03,687.55,687.03,687.25,1049464,14323,684.58
2026-02-24T12:15:00.000,687.24,687.6,687.16,687.32,640612,9748,684.64
2026-02-24T12:20:00.000,687.32,687.56,687.32,687.45,483290,7485,684.68
2026-02-24T12:25:00.000,687.46,687.8,687.425,687.5301,462671,7192,684.72
2026-02-24T12:30:00.000,687.53,687.64,687.33,687.4401,402998,6708,684.75
2026-02-24T12:35:00.000,687.45,687.505,687.2835,687.405,441082,7386,684.79
2026-02-24T12:40:00.000,687.405,687.48,687.12,687.16,432320,7582,684.82
2026-02-24T12:45:00.000,687.16,687.6,686.962,687.51,475795,7714,684.85
2026-02-24T12:50:00.000,687.51,687.66,687.3314,687.38,311067,5738,684.87
2026-02-24T12:55:00.000,687.3701,687.494,687.24,687.37,247983,4466,684.89
2026-02-24T13:00:00.000,687.36,688.1,687.31,687.96,388996,5350,684.92
2026-02-24T13:05:00.000,687.96,687.96,687.54,687.565,406136,6125,684.95
2026-02-24T13:10:00.000,687.565,687.66,687.39,687.4899,357673,5047,684.98
2026-02-24T13:15:00.000,687.475,687.51,687.25,687.29,227647,4534,684.99
2026-02-24T13:20:00.000,687.29,687.38,687.07,687.095,384274,6194,685.02
2026-02-24T13:25:00.000,687.1,687.225,686.94,687.03,343755,5606,685.03
2026-02-24T13:30:00.000,687.04,687.34,686.905,687.23,486757,6074,685.05
2026-02-24T13:35:00.000,687.21,687.75,687.08,687.69,572238,7048,685.08
2026-02-24T13:40:00.000,687.68,687.83,687.54,687.73,437452,6521,685.11
2026-02-24T13:45:00.000,687.74,687.875,687.46,687.645,347381,5692,685.14
2026-02-24T13:50:00.000,687.64,687.84,687.64,687.72,270043,4898,685.15
2026-02-24T13:55:00.000,687.74,687.81,687.45,687.4599,334839,5262,685.18
2026-02-24T14:00:00.000,687.45,687.6,687.36,687.4,737933,10328,685.22
2026-02-24T14:05:00.000,687.4,687.47,687.15,687.24,528056,8320,685.25
2026-02-24T14:10:00.000,687.24,687.34,686.7,687.18,570124,7082,685.27
2026-02-24T14:15:00.000,687.17,687.19,686.65,686.89,689603,8312,685.29
2026-02-24T14:20:00.000,686.88,686.9799,686.65,686.79,414246,6718,685.3
2026-02-24T14:25:00.000,686.78,687.09,686.695,686.89,858341,10406,685.33
2026-02-24T14:30:00.000,686.89,687.12,686.83,686.8712,374846,6073,685.35
2026-02-24T14:35:00.000,686.88,687.03,686.78,687.005,347101,5742,685.36
2026-02-24T14:40:00.000,687.0,687.34,686.94,687.18,388239,6733,685.38
2026-02-24T14:45:00.000,687.2,687.345,687.005,687.185,370242,6075,685.39
2026-02-24T14:50:00.000,687.19,687.69,687.17,687.21,668726,9255,685.42
2026-02-24T14:55:00.000,687.21,687.33,687.085,687.135,540305,6970,685.44
2026-02-24T15:00:00.000,687.135,687.34,686.96,687.05,432056,6702,685.46
2026-02-24T15:05:00.000,687.06,687.14,686.76,686.851,472793,7911,685.47
2026-02-24T15:10:00.000,686.84,686.9,686.57,686.69,465305,7363,685.49
2026-02-24T15:15:00.000,686.685,686.9,686.46,686.88,758536,10144,685.5
2026-02-24T15:20:00.000,686.86,687.1,686.75,686.82,677812,7829,685.52
2026-02-24T15:25:00.000,686.8,686.99,686.5,686.54,646436,8276,685.54
2026-02-24T15:30:00.000,686.53,687.12,686.5101,687.0,674363,9878,685.55
2026-02-24T15:35:00.000,686.99,687.08,686.75,686.79,837023,9174,685.57
2026-02-24T15:40:00.000,686.79,687.25,686.74,687.21,700112,10186,685.59
2026-02-24T15:45:00.000,687.2,687.645,687.17,687.5099,1631817,15489,685.64
2026-02-24T15:50:00.000,687.51,688.35,687.41,687.88,4128048,30856,685.78
2026-02-24T15:55:00.000,687.87,687.87,687.24,687.36,4607934,37261,685.91
2026-02-24T16:00:00.000,687.39,687.39,687.39,687.39,583,2,685.91
2026-02-25T09:30:00.000,690.18,691.24,690.1,690.84,1494389,17606,690.68
2026-02-25T09:35:00.000,690.83,691.41,690.73,691.14,1102936,17437,690.82
2026-02-25T09:40:00.000,691.14,691.325,690.62,690.92,986043,16175,690.88
2026-02-25T09:45:00.000,690.91,691.87,690.91,691.67,999381,14957,691.02
2026-02-25T09:50:00.000,691.68,691.99,691.28,691.395,973170,14175,691.12
2026-02-25T09:55:00.000,691.4,691.495,690.84,691.32,1007584,15363,691.13
2026-02-25T10:00:00.000,691.32,691.58,690.92,690.96,667178,10975,691.14
2026-02-25T10:05:00.000,690.97,691.0425,690.37,690.6,1057823,14301,691.09
2026-02-25T10:10:00.000,690.59,690.85,690.325,690.4999,653819,12958,691.05
2026-02-25T10:15:00.000,690.49,690.788,690.25,690.6135,472869,8560,691.02
2026-02-25T10:20:00.000,690.615,690.92,690.26,690.7115,610429,10460,691.0
2026-02-25T10:25:00.000,690.71,691.22,690.605,691.15,539598,9422,690.99
2026-02-25T10:30:00.000,691.145,691.35,690.36,690.41,572597,10215,690.99
2026-02-25T10:35:00.000,690.42,690.54,690.21,690.37,469459,8641,690.97
2026-02-25T10:40:00.000,690.37,690.76,690.34,690.54,427687,7713,690.96
2026-02-25T10:45:00.000,690.55,690.85,690.43,690.49,374662,6105,690.95
2026-02-25T10:50:00.000,690.51,690.78,690.36,690.485,354081,6494,690.94
2026-02-25T10:55:00.000,690.48,690.88,690.1701,690.84,348990,6674,690.93
2026-02-25T11:00:00.000,690.83,691.19,690.78,690.94,425696,7565,690.93
2026-02-25T11:05:00.000,690.92,691.28,690.79,691.27,419194,6881,690.93
2026-02-25T11:10:00.000,691.28,691.41,691.07,691.1459,456096,7326,690.94
2026-02-25T11:15:00.000,691.13,691.15,690.69,690.82,382432,6410,690.94
2026-02-25T11:20:00.000,690.8263,691.15,690.69,691.1,370788,6272,690.94
2026-02-25T11:25:00.000,691.09,691.58,691.08,691.47,590793,8895,690.96
2026-02-25T11:30:00.000,691.48,691.84,691.44,691.5,624779,9011,690.98
2026-02-25T11:35:00.000,691.48,691.7,691.4,691.66,561172,7393,691.0
2026-02-25T11:40:00.000,691.66,691.98,691.63,691.895,509963,7964,691.02
2026-02-25T11:45:00.000,691.91,692.39,691.89,692.21,588208,8921,691.06
2026-02-25T11:50:00.000,692.21,692.355,692.06,692.09,558805,8893,691.09
2026-02-25T11:55:00.000,692.095,692.16,691.97,692.04,420310,6707,691.12
2026-02-25T12:00:00.000,692.04,692.31,691.97,692.19,361208,5557,691.13
2026-02-25T12:05:00.000,692.19,692.3,691.8,692.09,425696,6795,691.16
2026-02-25T12:10:00.000,692.0898,692.33,692.06,692.3,287704,5197,691.17
2026-02-25T12:15:00.000,692.3,692.35,692.21,692.2901,320552,5646,691.19
2026-02-25T12:20:00.000,692.29,692.32,692.18,692.265,350126,5964,691.21
2026-02-25T12:25:00.000,692.26,692.3,691.94,691.97,468956,6559,691.22
2026-02-25T12:30:00.000,691.97,692.16,691.84,692.0483,382139,6332,691.24
2026-02-25T12:35:00.000,692.045,692.305,692.0201,692.22,277620,5127,691.25
2026-02-25T12:40:00.000,692.23,692.46,692.21,692.32,461294,6272,691.27
2026-02-25T12:45:00.000,692.34,692.52,692.24,692.31,504696,6587,691.29
2026-02-25T12:50:00.000,692.3,692.57,692.25,692.49,357267,5634,691.31
2026-02-25T12:55:00.000,692.49,692.55,692.43,692.55,235465,4605,691.32
2026-02-25T13:00:00.000,692.55,692.69,692.46,692.5,465354,5253,691.34
2026-02-25T13:05:00.000,692.5,692.54,692.42,692.48,367425,4464,691.35
2026-02-25T13:10:00.000,692.5,692.64,692.45,692.49,512949,6143,691.37
2026-02-25T13:15:00.000,692.49,692.49,692.31,692.38,623370,6588,691.39
2026-02-25T13:20:00.000,692.38,692.41,692.27,692.275,425152,6808,691.4
2026-02-25T13:25:00.000,692.28,692.36,692.205,692.31,300449,5293,691.41
2026-02-25T13:30:00.000,692.31,692.4799,692.29,692.31,383794,5901,691.42
2026-02-25T13:35:00.000,692.315,692.35,692.21,692.31,306811,4996,691.43
2026-02-25T13:40:00.000,692.31,692.62,692.29,692.55,392992,5942,691.45
2026-02-25T13:45:00.000,692.55,692.59,692.47,692.54,249988,4871,691.46
2026-02-25T13:50:00.000,692.55,692.69,692.53,692.59,280562,5097,691.47
2026-02-25T13:55:00.000,692.59,692.61,692.44,692.49,395527,4910,691.48
2026-02-25T14:00:00.000,692.49,692.87,692.48,692.76,573619,7950,691.51
2026-02-25T14:05:00.000,692.77,692.98,692.67,692.93,849284,9173,691.54
2026-02-25T14:10:00.000,692.93,693.005,692.85,692.85,468413,6768,691.57
2026-02-25T14:15:00.000,692.86,693.07,692.765,693.02,459634,6575,691.59
2026-02-25T14:20:00.000,693.02,693.08,692.865,692.9,471854,6320,691.61
2026-02-25T14:25:00.000,692.91,692.95,692.84,692.87,383264,6067,691.63
2026-02-25T14:30:00.000,692.86,693.2199,692.85,693.2,419079,6057,691.65
2026-02-25T14:35:00.000,693.2,693.32,693.16,693.24,562633,6991,691.68
2026-02-25T14:40:00.000,693.23,693.305,693.07,693.08,389800,5902,691.7
2026-02-25T14:45:00.000,693.085,693.28,693.05,693.2,373507,5622,691.71
2026-02-25T14:50:00.000,693.205,693.24,693.11,693.145,441463,6240,691.73
2026-02-25T14:55:00.000,693.15,693.23,693.06,693.085,426270,6211,691.75
2026-02-25T15:00:00.000,693.085,693.33,693.07,693.105,667382,7605,691.78
2026-02-25T15:05:00.000,693.105,693.21,693.09,693.125,525461,7609,691.8
2026-02-25T15:10:00.000,693.13,693.15,692.9701,693.075,443172,7299,691.82
2026-02-25T15:15:00.000,693.08,693.19,693.02,693.11,1099729,8456,691.84
2026-02-25T15:20:00.000,693.105,693.12,692.81,692.95,653381,8479,691.87
2026-02-25T15:25:00.000,692.96,693.0799,692.91,692.92,558490,7471,691.88
2026-02-25T15:30:00.000,692.92,692.98,692.74,692.86,840000,11464,691.91
2026-02-25T15:35:00.000,692.86,693.19,692.8,693.15,737632,10070,691.93
2026-02-25T15:40:00.000,693.1486,693.27,693.04,693.09,840881,10492,691.95
2026-02-25T15:45:00.000,693.08,693.395,693.055,693.24,1211336,13218,691.99
2026-02-25T15:50:00.000,693.24,693.68,693.05,693.44,3591344,25903,692.08
2026-02-25T15:55:00.000,693.45,693.45,692.94,693.08,3277624,31211,692.16
2026-02-25T16:00:00.000,693.09,693.09,693.08,693.08,1820,2,692.16
2026-02-26T09:30:00.000,693.28,693.3,692.02,692.27,1440508,18131,692.61
2026-02-26T09:35:00.000,692.27,692.57,691.67,692.1765,1653462,23644,692.33
2026-02-26T09:40:00.000,692.19,692.24,690.9,691.45,1360922,19198,692.06
2026-02-26T09:45:00.000,691.43,692.2289,690.67,691.045,1294974,19358,691.83
2026-02-26T09:50:00.000,691.045,691.58,690.58,690.97,886995,13439,691.72
2026-02-26T09:55:00.000,690.98,691.42,690.42,690.67,1140766,17637,691.6
2026-02-26T10:00:00.000,690.68,691.03,689.575,690.3302,1617962,23463,691.35
2026-02-26T10:05:00.000,690.34,690.639,689.8602,689.98,762199,11368,691.26
2026-02-26T10:10:00.000,689.99,690.53,688.5511,688.58,1394585,18542,691.06
2026-02-26T10:15:00.000,688.57,688.59,686.33,686.428122,2075777,27653,690.47
2026-02-26T10:20:00.000,686.5,686.98,684.931,685.32,2801602,35995,689.64
2026-02-26T10:25:00.000,685.32,686.36,684.74,685.69,2391539,31226,689.11
2026-02-26T10:30:00.000,685.67,685.78,684.35,684.58,1720965,22930,688.76
2026-02-26T10:35:00.000,684.62,686.63,684.59,686.58,1435821,21190,688.57
2026-02-26T10:40:00.000,686.58,687.09,686.29,686.93,1336374,17138,688.48
2026-02-26T10:45:00.000,686.94,687.8,686.65,687.58,986493,13125,688.44
2026-02-26T10:50:00.000,687.58,687.9499,686.96,687.68,1073584,14290,688.4
2026-02-26T10:55:00.000,687.68,688.18,687.27,687.71,927975,12438,688.38
2026-02-26T11:00:00.000,687.72,688.22,687.57,688.03,721036,11385,688.36
2026-02-26T11:05:00.000,688.01,688.28,687.46,688.1,657625,10915,688.35
2026-02-26T11:10:00.000,688.1008,688.58,687.82,688.58,549175,8691,688.35
2026-02-26T11:15:00.000,688.585,688.99,688.23,688.28,752143,11415,688.36
2026-02-26T11:20:00.000,688.27,688.74,688.136,688.45,526870,9284,688.36
2026-02-26T11:25:00.000,688.48,689.1,688.44,688.74,486542,9202,688.36
2026-02-26T11:30:00.000,688.74,688.92,688.4,688.52,480249,8794,688.37
2026-02-26T11:35:00.000,688.53,688.59,687.374,687.505,703013,12205,688.36
2026-02-26T11:40:00.000,687.49,687.68,686.84,686.84,558228,10259,688.34
2026-02-26T11:45:00.000,686.84,687.38,686.3,687.3199,1088870,14573,688.29
2026-02-26T11:50:00.000,687.32,687.51,686.38,686.4098,461618,8194,688.27
2026-02-26T11:55:00.000,686.42,686.57,686.035,686.25,625220,9436,688.24
2026-02-26T12:00:00.000,686.24,686.6,686.06,686.54,604349,9319,688.2
2026-02-26T12:05:00.000,686.53,686.885,686.46,686.57,569971,8530,688.18
2026-02-26T12:10:00.000,686.57,687.06,686.25,686.26,448488,7182,688.16
2026-02-26T12:15:00.000,686.26,686.52,686.03,686.31,420141,6778,688.14
2026-02-26T12:20:00.000,686.295,686.44,686.08,686.37,270773,5070,688.12
2026-02-26T12:25:00.000,686.36,686.54,686.15,686.285,287091,5484,688.11
2026-02-26T12:30:00.000,686.25,687.09,686.17,686.82,425015,7555,688.09
2026-02-26T12:35:00.000,686.82,686.82,685.74,685.93,575252,7104,688.07
2026-02-26T12:40:00.000,685.935,686.0974,685.6,685.65,364048,5956,688.05
2026-02-26T12:45:00.000,685.64,685.82,685.16,685.23,402987,6847,688.02
2026-02-26T12:50:00.000,685.23,685.92,685.01,685.82,620964,10038,687.98
2026-02-26T12:55:00.000,685.81,685.8159,685.28,685.46,242485,4954,687.96
2026-02-26T13:00:00.000,685.47,685.56,684.95,685.12,342616,6042,687.94
2026-02-26T13:05:00.000,685.12,685.4,684.73,685.08,713264,11401,687.89
2026-02-26T13:10:00.000,685.06,685.54,685.04,685.33,522929,7809,687.85
2026-02-26T13:15:00.000,685.31,685.8,684.93,685.73,386875,6953,687.83
2026-02-26T13:20:00.000,685.74,685.855,685.29,685.77,549262,6751,687.81
2026-02-26T13:25:00.000,685.76,685.955,685.59,685.67,370301,6257,687.79
2026-02-26T13:30:00.000,685.66,686.99,685.41,686.96,1217313,16984,687.75
2026-02-26T13:35:00.000,686.97,687.68,686.56,687.47,1127077,14631,687.73
2026-02-26T13:40:00.000,687.47,687.78,687.25,687.5201,500455,8105,687.73
2026-02-26T13:45:00.000,687.53,688.19,687.142,687.5,704230,10911,687.73
2026-02-26T13:50:00.000,687.4801,687.51,687.08,687.31,586676,6715,687.72
2026-02-26T13:55:00.000,687.31,687.66,687.135,687.39,352168,5411,687.72
2026-02-26T14:00:00.000,687.41,687.98,687.16,687.88,516108,8758,687.72
2026-02-26T14:05:00.000,687.88,688.49,687.82,688.43,555092,8150,687.72
2026-02-26T14:10:00.000,688.43,688.79,688.3,688.52,692383,9359,687.74
2026-02-26T14:15:00.000,688.52,689.19,688.51,688.97,791370,10545,687.76
2026-02-26T14:20:00.000,688.98,689.32,688.88,689.205,719939,9435,687.78
2026-02-26T14:25:00.000,689.205,689.22,688.45,688.61,652711,9194,687.79
2026-02-26T14:30:00.000,688.62,689.29,688.47,689.23,566330,8130,687.8
2026-02-26T14:35:00.000,689.23,689.31,688.97,689.09,611280,7289,687.82
2026-02-26T14:40:00.000,689.1,689.26,688.96,689.15,447097,7151,687.83
2026-02-26T14:45:00.000,689.145,689.66,687.07,689.575,618709,8283,687.85
2026-02-26T14:50:00.000,689.58,689.59,689.28,689.495,564249,7371,687.86
2026-02-26T14:55:00.000,689.49,689.66,689.005,689.02,525641,7901,687.88
2026-02-26T15:00:00.000,689.01,689.61,688.84,689.57,856512,9206,687.89
2026-02-26T15:05:00.000,689.57,689.81,689.11,689.14,718633,9638,687.91
2026-02-26T15:10:00.000,689.14,689.25,688.89,688.91,606965,9705,687.93
2026-02-26T15:15:00.000,688.9,689.24,688.68,689.115,553019,9283,687.94
2026-02-26T15:20:00.000,689.12,689.17,688.6872,688.84,467475,8360,687.94
2026-02-26T15:25:00.000,688.845,689.04,688.615,688.665,514853,8871,687.95
2026-02-26T15:30:00.000,688.665,689.43,688.62,689.41,821086,12415,687.97
2026-02-26T15:35:00.000,689.41,689.5167,689.12,689.39,1080539,15108,687.99
2026-02-26T15:40:00.000,689.3802,689.43,689.01,689.32,1097231,12771,688.01
2026-02-26T15:45:00.000,689.32,689.36,688.905,689.12,1552804,15906,688.03
2026-02-26T15:50:00.000,689.12,689.32,688.65,688.99,1593562,21259,688.05
2026-02-26T15:55:00.000,688.98,689.37,688.84,689.32,2426807,27742,688.09
2026-02-26T16:00:00.000,0.0,0.0,0.0,0.0,5,1,688.09
2026-02-27T09:30:00.000,683.09,684.16,682.8,683.7942,2183393,28630,683.43
2026-02-27T09:35:00.000,683.81,684.25,682.87,684.065,1346916,18515,683.44
2026-02-27T09:40:00.000,684.065,684.12,681.64,682.62,1683285,20582,683.21
2026-02-27T09:45:00.000,682.615,683.855,682.21,683.53,1632022,20413,683.18
2026-02-27T09:50:00.000,683.5375,683.69,682.71,683.08,1060463,15551,683.17
2026-02-27T09:55:00.000,683.06,683.38,682.6,682.8664,1113456,17544,683.14
2026-02-27T10:00:00.000,682.86,684.43,682.66,683.9194,1618833,23598,683.22
2026-02-27T10:05:00.000,683.93,685.42,683.82,684.71,1480671,21077,683.41
2026-02-27T10:10:00.000,684.72,685.49,684.51,684.58,1056627,17314,683.55
2026-02-27T10:15:00.000,684.585,684.85,683.6,684.155,802607,12539,683.58
2026-02-27T10:20:00.000,684.12,684.99,684.0,684.7003,753566,12200,683.63
2026-02-27T10:25:00.000,684.7,684.815,684.09,684.5294,666360,11203,683.66
2026-02-27T10:30:00.000,684.51,684.67,683.74,684.4401,641484,11360,683.69
2026-02-27T10:35:00.000,684.45,685.47,684.43,685.07,600196,9314,683.74
2026-02-27T10:40:00.000,685.07,685.75,684.75,685.66,509918,8600,683.79
2026-02-27T10:45:00.000,685.68,686.05,685.0,685.1,707063,10923,683.85
2026-02-27T10:50:00.000,685.1,685.16,684.2951,684.54,578038,8953,683.88
2026-02-27T10:55:00.000,684.53,685.365,684.23,685.22,519413,8564,683.91
2026-02-27T11:00:00.000,685.24,685.925,685.08,685.695,603298,10158,683.96
2026-02-27T11:05:00.000,685.7,685.77,684.66,684.81,657251,10212,684.01
2026-02-27T11:10:00.000,684.81,685.63,684.8,685.4993,584670,9307,684.04
2026-02-27T11:15:00.000,685.5,686.05,685.25,685.63,698632,9773,684.09
2026-02-27T11:20:00.000,685.61,685.87,685.15,685.81,436810,7117,684.11
2026-02-27T11:25:00.000,685.81,686.01,685.32,685.385,503133,7646,684.15
2026-02-27T11:30:00.000,685.39,686.26,685.34,686.19,651707,10631,684.2
2026-02-27T11:35:00.000,686.2,686.2899,685.44,685.51,517750,7486,684.23
2026-02-27T11:40:00.000,685.49,685.52,684.67,684.73,592730,9376,684.25
2026-02-27T11:45:00.000,684.74,685.07,684.565,684.615,448423,7435,684.26
2026-02-27T11:50:00.000,684.63,685.665,684.62,685.585,599191,9497,684.29
2026-02-27T11:55:00.000,685.58,685.92,684.7801,684.87,480373,7626,684.31
2026-02-27T12:00:00.000,684.86,685.79,684.84,685.6,454047,7106,684.33
2026-02-27T12:05:00.000,685.6,686.28,685.48,686.125,518460,7851,684.36
2026-02-27T12:10:00.000,686.13,686.15,684.79,684.8647,636301,9487,684.38
2026-02-27T12:15:00.000,684.88,684.905,684.16,684.24,651016,9619,684.39
2026-02-27T12:20:00.000,684.24,684.31,683.29,684.05,898762,13551,684.37
2026-02-27T12:25:00.000,684.04,684.505,683.91,684.14,1051231,9959,684.36
2026-02-27T12:30:00.000,684.13,684.99,683.74,684.87,1245865,15689,684.36
2026-02-27T12:35:00.000,684.8775,685.12,684.26,684.27,667169,9503,684.37
2026-02-27T12:40:00.000,684.29,684.42,683.65,683.935,613618,7498,684.36
2026-02-27T12:45:00.000,683.94,683.98,683.4755,683.83,615971,7721,684.35
2026-02-27T12:50:00.000,683.86,684.27,683.59,684.01,732799,9129,684.35
2026-02-27T12:55:00.000,684.01,684.47,684.01,684.375,615970,8117,684.35
2026-02-27T13:00:00.000,684.37,684.68,684.03,684.1615,504634,6995,684.35
2026-02-27T13:05:00.000,684.16,684.465,683.96,683.99,413846,7000,684.34
2026-02-27T13:10:00.000,683.98,684.28,683.82,683.865,434344,7416,684.34
2026-02-27T13:15:00.000,683.875,684.0127,683.5,683.6,399873,7445,684.33
2026-02-27T13:20:00.000,683.59,683.735,683.17,683.49,599689,9372,684.32
2026-02-27T13:25:00.000,683.51,683.91,683.06,683.8,570095,9083,684.3
2026-02-27T13:30:00.000,683.8,683.96,683.485,683.63,470112,7037,684.3
2026-02-27T13:35:00.000,683.65,683.8198,683.3,683.7,373892,6242,684.29
2026-02-27T13:40:00.000,683.69,684.24,683.6601,683.85,433271,7252,684.29
2026-02-27T13:45:00.000,683.83,684.04,683.535,683.72,381041,6483,684.28
2026-02-27T13:50:00.000,683.7,684.05,683.47,683.845,422474,6642,684.28
2026-02-27T13:55:00.000,683.86,684.07,683.54,683.95,398623,7171,684.27
2026-02-27T14:00:00.000,683.95,684.725,683.88,684.665,556579,9016,684.27
2026-02-27T14:05:00.000,684.67,684.98,683.715,683.9,884954,12678,684.28
2026-02-27T14:10:00.000,683.89,684.22,683.59,683.89,470166,7225,684.27
2026-02-27T14:15:00.000,683.894,684.12,683.75,683.92,373090,5666,684.27
2026-02-27T14:20:00.000,683.94,684.06,683.63,683.685,451414,7918,684.26
2026-02-27T14:25:00.000,683.68,684.03,683.48,683.6,457792,7434,684.26
2026-02-27T14:30:00.000,683.6,683.61,683.1801,683.42,654018,9309,684.25
2026-02-27T14:35:00.000,683.43,684.03,683.42,683.83,368673,6145,684.24
2026-02-27T14:40:00.000,683.84,683.92,682.99,683.38,742644,11434,684.23
2026-02-27T14:45:00.000,683.37,683.65,683.17,683.25,703101,9734,684.21
2026-02-27T14:50:00.000,683.22,683.48,683.115,683.25,363905,6208,684.2
2026-02-27T14:55:00.000,683.25,683.63,683.23,683.35,571528,7108,684.2
2026-02-27T15:00:00.000,683.34,683.948,683.32,683.65,558411,8231,684.19
2026-02-27T15:05:00.000,683.6501,684.13,683.605,683.96,644902,8636,684.19
2026-02-27T15:10:00.000,683.96,685.22,683.945,685.22,1521276,17118,684.2
2026-02-27T15:15:00.000,685.22,685.705,685.12,685.59,1296359,16012,684.23
2026-02-27T15:20:00.000,685.58,686.1,685.18,685.8499,1235711,16990,684.27
2026-02-27T15:25:00.000,685.84,685.97,685.54,685.5901,1429600,15242,684.3
2026-02-27T15:30:00.000,685.58,685.815,685.295,685.39,1569401,22436,684.34
2026-02-27T15:35:00.000,685.39,685.41,684.49,684.625,1755905,22796,684.36
2026-02-27T15:40:00.000,684.63,685.49,684.58,685.03,2174677,26689,684.38
2026-02-27T15:45:00.000,685.03,685.57,684.93,685.45,1663766,23456,684.41
2026-02-27T15:50:00.000,685.46,686.15,685.08,685.58,2685031,32684,684.45
2026-02-27T15:55:00.000,685.59,686.86,685.285,686.22,6155085,58714,684.58
2026-02-27T16:00:00.000,686.25,686.25,686.24,686.25,5520,4,684.58
2026-02-28T09:30:00.000,0.0,0.0,0.0,0.0,0,0,0.0
2026-02-28T09:35:00.000,0.0,0.0,0.0,0.0,0,0,0.0
2026-02-28T09:40:00.000,0.0,0.0,0.0,0.0,0,0,0.0
2026-02-28T09:45:00.000,0.0,0.0,0.0,0.0,0,0,0.0
2026-02-28T09:50:00.000,0.0,0.0,0.0,0.0,0,0,0.0
2026-02-28T09:55:00.000,0.0,0.0,0.0,0.0,0,0,0.0
2026-02-28T10:00:00.000,0.0,0.0,0.0,0.0,0,0,0.0
2026-02-28T10:05:00.000,0.0,0.0,0.0,0.0,0,0,0.0
2026-02-28T10:10:00.000,0.0,0.0,0.0,0.0,0,0,0.0
2026-02-28T10:15:00.000,0.0,0.0,0.0,0.0,0,0,0.0
2026-02-28T10:20:00.000,0.0,0.0,0.0,0.0,0,0,0.0
2026-02-28T10:25:00.000,0.0,0.0,0.0,0.0,0,0,0.0
2026-02-28T10:30:00.000,0.0,0.0,0.0,0.0,0,0,0.0
2026-02-28T10:35:00.000,0.0,0.0,0.0,0.0,0,0,0.0
2026-02-28T10:40:00.000,0.0,0.0,0.0,0.0,0,0,0.0
2026-02-28T10:45:00.000,0.0,0.0,0.0,0.0,0,0,0.0
2026-02-28T10:50:00.000,0.0,0.0,0.0,0.0,0,0,0.0
2026-02-28T10:55:00.000,0.0,0.0,0.0,0.0,0,0,0.0
2026-02-28T11:00:00.000,0.0,0.0,0.0,0.0,0,0,0.0
2026-02-28T11:05:00.000,0.0,0.0,0.0,0.0,0,0,0.0
2026-02-28T11:10:00.000,0.0,0.0,0.0,0.0,0,0,0.0
2026-02-28T11:15:00.000,0.0,0.0,0.0,0.0,0,0,0.0
2026-02-28T11:20:00.000,0.0,0.0,0.0,0.0,0,0,0.0
2026-02-28T11:25:00.000,0.0,0.0,0.0,0.0,0,0,0.0
2026-02-28T11:30:00.000,0.0,0.0,0.0,0.0,0,0,0.0
2026-02-28T11:35:00.000,0.0,0.0,0.0,0.0,0,0,0.0
2026-02-28T11:40:00.000,0.0,0.0,0.0,0.0,0,0,0.0
2026-02-28T11:45:00.000,0.0,0.0,0.0,0.0,0,0,0.0
2026-02-28T11:50:00.000,0.0,0.0,0.0,0.0,0,0,0.0
2026-02-28T11:55:00.000,0.0,0.0,0.0,0.0,0,0,0.0
2026-02-28T12:00:00.000,0.0,0.0,0.0,0.0,0,0,0.0
2026-02-28T12:05:00.000,0.0,0.0,0.0,0.0,0,0,0.0
2026-02-28T12:10:00.000,0.0,0.0,0.0,0.0,0,0,0.0
2026-02-28T12:15:00.000,0.0,0.0,0.0,0.0,0,0,0.0
2026-02-28T12:20:00.000,0.0,0.0,0.0,0.0,0,0,0.0
2026-02-28T12:25:00.000,0.0,0.0,0.0,0.0,0,0,0.0
2026-02-28T12:30:00.000,0.0,0.0,0.0,0.0,0,0,0.0
2026-02-28T12:35:00.000,0.0,0.0,0.0,0.0,0,0,0.0
2026-02-28T12:40:00.000,0.0,0.0,0.0,0.0,0,0,0.0
2026-02-28T12:45:00.000,0.0,0.0,0.0,0.0,0,0,0.0
2026-02-28T12:50:00.000,0.0,0.0,0.0,0.0,0,0,0.0
2026-02-28T12:55:00.000,0.0,0.0,0.0,0.0,0,0,0.0
2026-02-28T13:00:00.000,0.0,0.0,0.0,0.0,0,0,0.0
2026-02-28T13:05:00.000,0.0,0.0,0.0,0.0,0,0,0.0
2026-02-28T13:10:00.000,0.0,0.0,0.0,0.0,0,0,0.0
2026-02-28T13:15:00.000,0.0,0.0,0.0,0.0,0,0,0.0
2026-02-28T13:20:00.000,0.0,0.0,0.0,0.0,0,0,0.0
2026-02-28T13:25:00.000,0.0,0.0,0.0,0.0,0,0,0.0
2026-02-28T13:30:00.000,0.0,0.0,0.0,0.0,0,0,0.0
2026-02-28T13:35:00.000,0.0,0.0,0.0,0.0,0,0,0.0
2026-02-28T13:40:00.000,0.0,0.0,0.0,0.0,0,0,0.0
2026-02-28T13:45:00.000,0.0,0.0,0.0,0.0,0,0,0.0
2026-02-28T13:50:00.000,0.0,0.0,0.0,0.0,0,0,0.0
2026-02-28T13:55:00.000,0.0,0.0,0.0,0.0,0,0,0.0
2026-02-28T14:00:00.000,0.0,0.0,0.0,0.0,0,0,0.0
2026-02-28T14:05:00.000,0.0,0.0,0.0,0.0,0,0,0.0
2026-02-28T14:10:00.000,0.0,0.0,0.0,0.0,0,0,0.0
2026-02-28T14:15:00.000,0.0,0.0,0.0,0.0,0,0,0.0
2026-02-28T14:20:00.000,0.0,0.0,0.0,0.0,0,0,0.0
2026-02-28T14:25:00.000,0.0,0.0,0.0,0.0,0,0,0.0
2026-02-28T14:30:00.000,0.0,0.0,0.0,0.0,0,0,0.0
2026-02-28T14:35:00.000,0.0,0.0,0.0,0.0,0,0,0.0
2026-02-28T14:40:00.000,0.0,0.0,0.0,0.0,0,0,0.0
2026-02-28T14:45:00.000,0.0,0.0,0.0,0.0,0,0,0.0
2026-02-28T14:50:00.000,0.0,0.0,0.0,0.0,0,0,0.0
2026-02-28T14:55:00.000,0.0,0.0,0.0,0.0,0,0,0.0
2026-02-28T15:00:00.000,0.0,0.0,0.0,0.0,0,0,0.0
2026-02-28T15:05:00.000,0.0,0.0,0.0,0.0,0,0,0.0
2026-02-28T15:10:00.000,0.0,0.0,0.0,0.0,0,0,0.0
2026-02-28T15:15:00.000,0.0,0.0,0.0,0.0,0,0,0.0
2026-02-28T15:20:00.000,0.0,0.0,0.0,0.0,0,0,0.0
2026-02-28T15:25:00.000,0.0,0.0,0.0,0.0,0,0,0.0
2026-02-28T15:30:00.000,0.0,0.0,0.0,0.0,0,0,0.0
2026-02-28T15:35:00.000,0.0,0.0,0.0,0.0,0,0,0.0
2026-02-28T15:40:00.000,0.0,0.0,0.0,0.0,0,0,0.0
2026-02-28T15:45:00.000,0.0,0.0,0.0,0.0,0,0,0.0
2026-02-28T15:50:00.000,0.0,0.0,0.0,0.0,0,0,0.0
2026-02-28T15:55:00.000,0.0,0.0,0.0,0.0,0,0,0.0
2026-02-28T16:00:00.000,0.0,0.0,0.0,0.0,0,0,0.0
