timestamp,open,high,low,close,volume,count,vwap
2024-12-01T09:30:00.000,0.0,0.0,0.0,0.0,0,0,0.0
2024-12-01T09:35:00.000,0.0,0.0,0.0,0.0,0,0,0.0
2024-12-01T09:40:00.000,0.0,0.0,0.0,0.0,0,0,0.0
2024-12-01T09:45:00.000,0.0,0.0,0.0,0.0,0,0,0.0
2024-12-01T09:50:00.000,0.0,0.0,0.0,0.0,0,0,0.0
2024-12-01T09:55:00.000,0.0,0.0,0.0,0.0,0,0,0.0
2024-12-01T10:00:00.000,0.0,0.0,0.0,0.0,0,0,0.0
2024-12-01T10:05:00.000,0.0,0.0,0.0,0.0,0,0,0.0
2024-12-01T10:10:00.000,0.0,0.0,0.0,0.0,0,0,0.0
2024-12-01T10:15:00.000,0.0,0.0,0.0,0.0,0,0,0.0
2024-12-01T10:20:00.000,0.0,0.0,0.0,0.0,0,0,0.0
2024-12-01T10:25:00.000,0.0,0.0,0.0,0.0,0,0,0.0
2024-12-01T10:30:00.000,0.0,0.0,0.0,0.0,0,0,0.0
2024-12-01T10:35:00.000,0.0,0.0,0.0,0.0,0,0,0.0
2024-12-01T10:40:00.000,0.0,0.0,0.0,0.0,0,0,0.0
2024-12-01T10:45:00.000,0.0,0.0,0.0,0.0,0,0,0.0
2024-12-01T10:50:00.000,0.0,0.0,0.0,0.0,0,0,0.0
2024-12-01T10:55:00.000,0.0,0.0,0.0,0.0,0,0,0.0
2024-12-01T11:00:00.000,0.0,0.0,0.0,0.0,0,0,0.0
2024-12-01T11:05:00.000,0.0,0.0,0.0,0.0,0,0,0.0
2024-12-01T11:10:00.000,0.0,0.0,0.0,0.0,0,0,0.0
2024-12-01T11:15:00.000,0.0,0.0,0.0,0.0,0,0,0.0
2024-12-01T11:20:00.000,0.0,0.0,0.0,0.0,0,0,0.0
2024-12-01T11:25:00.000,0.0,0.0,0.0,0.0,0,0,0.0
2024-12-01T11:30:00.000,0.0,0.0,0.0,0.0,0,0,0.0
2024-12-01T11:35:00.000,0.0,0.0,0.0,0.0,0,0,0.0
2024-12-01T11:40:00.000,0.0,0.0,0.0,0.0,0,0,0.0
2024-12-01T11:45:00.000,0.0,0.0,0.0,0.0,0,0,0.0
2024-12-01T11:50:00.000,0.0,0.0,0.0,0.0,0,0,0.0
2024-12-01T11:55:00.000,0.0,0.0,0.0,0.0,0,0,0.0
2024-12-01T12:00:00.000,0.0,0.0,0.0,0.0,0,0,0.0
2024-12-01T12:05:00.000,0.0,0.0,0.0,0.0,0,0,0.0
2024-12-01T12:10:00.000,0.0,0.0,0.0,0.0,0,0,0.0
2024-12-01T12:15:00.000,0.0,0.0,0.0,0.0,0,0,0.0
2024-12-01T12:20:00.000,0.0,0.0,0.0,0.0,0,0,0.0
2024-12-01T12:25:00.000,0.0,0.0,0.0,0.0,0,0,0.0
2024-12-01T12:30:00.000,0.0,0.0,0.0,0.0,0,0,0.0
2024-12-01T12:35:00.000,0.0,0.0,0.0,0.0,0,0,0.0
2024-12-01T12:40:00.000,0.0,0.0,0.0,0.0,0,0,0.0
2024-12-01T12:45:00.000,0.0,0.0,0.0,0.0,0,0,0.0
2024-12-01T12:50:00.000,0.0,0.0,0.0,0.0,0,0,0.0
2024-12-01T12:55:00.000,0.0,0.0,0.0,0.0,0,0,0.0
2024-12-01T13:00:00.000,0.0,0.0,0.0,0.0,0,0,0.0
2024-12-01T13:05:00.000,0.0,0.0,0.0,0.0,0,0,0.0
2024-12-01T13:10:00.000,0.0,0.0,0.0,0.0,0,0,0.0
2024-12-01T13:15:00.000,0.0,0.0,0.0,0.0,0,0,0.0
2024-12-01T13:20:00.000,0.0,0.0,0.0,0.0,0,0,0.0
2024-12-01T13:25:00.000,0.0,0.0,0.0,0.0,0,0,0.0
2024-12-01T13:30:00.000,0.0,0.0,0.0,0.0,0,0,0.0
2024-12-01T13:35:00.000,0.0,0.0,0.0,0.0,0,0,0.0
2024-12-01T13:40:00.000,0.0,0.0,0.0,0.0,0,0,0.0
2024-12-01T13:45:00.000,0.0,0.0,0.0,0.0,0,0,0.0
2024-12-01T13:50:00.000,0.0,0.0,0.0,0.0,0,0,0.0
2024-12-01T13:55:00.000,0.0,0.0,0.0,0.0,0,0,0.0
2024-12-01T14:00:00.000,0.0,0.0,0.0,0.0,0,0,0.0
2024-12-01T14:05:00.000,0.0,0.0,0.0,0.0,0,0,0.0
2024-12-01T14:10:00.000,0.0,0.0,0.0,0.0,0,0,0.0
2024-12-01T14:15:00.000,0.0,0.0,0.0,0.0,0,0,0.0
2024-12-01T14:20:00.000,0.0,0.0,0.0,0.0,0,0,0.0
2024-12-01T14:25:00.000,0.0,0.0,0.0,0.0,0,0,0.0
2024-12-01T14:30:00.000,0.0,0.0,0.0,0.0,0,0,0.0
2024-12-01T14:35:00.000,0.0,0.0,0.0,0.0,0,0,0.0
2024-12-01T14:40:00.000,0.0,0.0,0.0,0.0,0,0,0.0
2024-12-01T14:45:00.000,0.0,0.0,0.0,0.0,0,0,0.0
2024-12-01T14:50:00.000,0.0,0.0,0.0,0.0,0,0,0.0
2024-12-01T14:55:00.000,0.0,0.0,0.0,0.0,0,0,0.0
2024-12-01T15:00:00.000,0.0,0.0,0.0,0.0,0,0,0.0
2024-12-01T15:05:00.000,0.0,0.0,0.0,0.0,0,0,0.0
2024-12-01T15:10:00.000,0.0,0.0,0.0,0.0,0,0,0.0
2024-12-01T15:15:00.000,0.0,0.0,0.0,0.0,0,0,0.0
2024-12-01T15:20:00.000,0.0,0.0,0.0,0.0,0,0,0.0
2024-12-01T15:25:00.000,0.0,0.0,0.0,0.0,0,0,0.0
2024-12-01T15:30:00.000,0.0,0.0,0.0,0.0,0,0,0.0
2024-12-01T15:35:00.000,0.0,0.0,0.0,0.0,0,0,0.0
2024-12-01T15:40:00.000,0.0,0.0,0.0,0.0,0,0,0.0
2024-12-01T15:45:00.000,0.0,0.0,0.0,0.0,0,0,0.0
2024-12-01T15:50:00.000,0.0,0.0,0.0,0.0,0,0,0.0
2024-12-01T15:55:00.000,0.0,0.0,0.0,0.0,0,0,0.0
2024-12-01T16:00:00.000,0.0,0.0,0.0,0.0,0,0,0.0
2024-12-02T09:30:00.000,602.97,603.6799,602.82,603.425,1689888,16520,603.26
2024-12-02T09:35:00.000,603.43,603.44,602.9561,603.02,588183,7150,603.25
2024-12-02T09:40:00.000,603.01,603.22,602.7,602.885,552086,6109,603.21
2024-12-02T09:45:00.000,602.895,603.24,602.81,603.185,698104,5629,603.19
2024-12-02T09:50:00.000,603.18,603.27,602.75,602.895,405338,6287,603.16
2024-12-02T09:55:00.000,602.89,602.895,602.47,602.8699,283116,5576,603.13
2024-12-02T10:00:00.000,602.88,603.19,602.7,602.85,382387,6046,603.11
2024-12-02T10:05:00.000,602.835,603.07,602.7,602.78,315456,5703,603.09
2024-12-02T10:10:00.000,602.77,603.09,602.73,603.03,260281,4729,603.09
2024-12-02T10:15:00.000,603.03,603.17,602.7701,602.835,302918,3963,603.08
2024-12-02T10:20:00.000,602.8325,603.0,602.72,603.0,263395,3752,603.08
2024-12-02T10:25:00.000,603.0,603.25,602.9703,603.225,282125,4652,603.08
2024-12-02T10:30:00.000,603.22,603.49,603.07,603.42,385143,4851,603.1
2024-12-02T10:35:00.000,603.46,603.57,603.12,603.399,223181,4213,603.11
2024-12-02T10:40:00.000,603.4,603.57,603.3,603.34,177285,3525,603.11
2024-12-02T10:45:00.000,603.34,603.46,603.225,603.44,176777,3618,603.12
2024-12-02T10:50:00.000,603.44,603.45,602.84,603.06,425256,5618,603.11
2024-12-02T10:55:00.000,603.05,603.05,602.47,602.7,369034,4777,603.09
2024-12-02T11:00:00.000,602.71,602.79,602.51,602.561,140202,2971,603.09
2024-12-02T11:05:00.000,602.59,603.25,602.55,603.21,241653,3744,603.08
2024-12-02T11:10:00.000,603.23,603.33,603.0605,603.2099,234733,10452,603.08
2024-12-02T11:15:00.000,603.21,603.36,603.1685,603.3,104229,3861,603.09
2024-12-02T11:20:00.000,603.328,603.33,602.99,603.12,140877,2686,603.09
2024-12-02T11:25:00.000,603.1101,603.35,603.05,603.28,123975,2305,603.09
2024-12-02T11:30:00.000,603.265,603.38,603.1903,603.2777,114865,2328,603.09
2024-12-02T11:35:00.000,603.27,603.59,603.25,603.5002,194107,3055,603.1
2024-12-02T11:40:00.000,603.51,603.74,603.49,603.59,263022,3388,603.12
2024-12-02T11:45:00.000,603.58,603.8,603.57,603.8,288186,2984,603.14
2024-12-02T11:50:00.000,603.796014,603.86,603.46,603.56,215833,3226,603.15
2024-12-02T11:55:00.000,603.56,603.7,603.395,603.655,209901,2610,603.16
2024-12-02T12:00:00.000,603.6597,603.92,603.64,603.87,232175,3395,603.17
2024-12-02T12:05:00.000,603.865,603.96,603.75,603.9316,358871,3192,603.19
2024-12-02T12:10:00.000,603.94,603.96,603.79,603.88,137813,2228,603.2
2024-12-02T12:15:00.000,603.88,603.96,603.78,603.7997,148355,2493,603.21
2024-12-02T12:20:00.000,603.8,603.96,603.73,603.915,131650,2291,603.22
2024-12-02T12:25:00.000,603.915,603.9198,603.46,603.47,318753,4195,603.23
2024-12-02T12:30:00.000,603.49,603.67,603.4,603.605,209194,2742,603.24
2024-12-02T12:35:00.000,603.61,603.7584,603.521,603.61,144306,2187,603.24
2024-12-02T12:40:00.000,603.585,603.75,603.545,603.72,109576,2220,603.24
2024-12-02T12:45:00.000,603.72,603.805,603.67,603.74,91124,2229,603.25
2024-12-02T12:50:00.000,603.745,603.82,603.6852,603.765,72319,1847,603.25
2024-12-02T12:55:00.000,603.765,603.805,603.53,603.57,132835,2288,603.25
2024-12-02T13:00:00.000,603.53,603.67,603.4,603.61,430909,2662,603.26
2024-12-02T13:05:00.000,603.64,603.68,603.49,603.5236,142283,2288,603.26
2024-12-02T13:10:00.000,603.54,603.67,603.4401,603.59,285791,2195,603.26
2024-12-02T13:15:00.000,603.59,603.6,603.4,603.54,145959,2159,603.27
2024-12-02T13:20:00.000,603.53,603.84,603.53,603.82,325644,2728,603.27
2024-12-02T13:25:00.000,603.82,603.8799,603.67,603.67,207900,2451,603.28
2024-12-02T13:30:00.000,603.6758,603.7499,603.4,603.54,163412,3673,603.28
2024-12-02T13:35:00.000,603.54,603.73,603.39,603.725,262894,2843,603.28
2024-12-02T13:40:00.000,603.725,603.8,603.6,603.64,286133,3657,603.29
2024-12-02T13:45:00.000,603.625,603.795,603.6121,603.755,115648,2177,603.3
2024-12-02T13:50:00.000,603.765,603.79,603.68,603.765,143372,1962,603.3
2024-12-02T13:55:00.000,603.76,603.83,603.7,603.79,235831,2245,603.31
2024-12-02T14:00:00.000,603.79,603.79,603.5,603.58,426692,2984,603.31
2024-12-02T14:05:00.000,603.58,603.62,603.46,603.55,191256,2489,603.32
2024-12-02T14:10:00.000,603.56,603.58,603.12,603.19,355566,3228,603.32
2024-12-02T14:15:00.000,603.18,603.37,603.05,603.2,293633,3213,603.31
2024-12-02T14:20:00.000,603.195,603.3,603.09,603.2787,209066,2470,603.31
2024-12-02T14:25:00.000,603.26,603.48,603.145,603.4,172834,2592,603.31
2024-12-02T14:30:00.000,603.4101,603.69,603.39,603.5899,766057,2297,603.31
2024-12-02T14:35:00.000,603.57,603.72,603.56,603.62,322548,3405,603.32
2024-12-02T14:40:00.000,603.63,603.745,603.6,603.71,128547,2110,603.33
2024-12-02T14:45:00.000,603.7,603.755,603.58,603.655,153868,2583,603.33
2024-12-02T14:50:00.000,603.65,603.75,603.6001,603.74,158913,2102,603.33
2024-12-02T14:55:00.000,603.74,603.985,603.705,603.935,582809,3795,603.35
2024-12-02T15:00:00.000,603.93,603.9401,603.72,603.765,163913,2662,603.35
2024-12-02T15:05:00.000,603.765,603.87,603.6999,603.795,116366,2235,603.36
2024-12-02T15:10:00.000,603.8,604.08,603.77,603.94,342258,3324,603.36
2024-12-02T15:15:00.000,603.94,604.24,603.89,604.005,578660,5198,603.38
2024-12-02T15:20:00.000,604.005,604.16,603.99,604.06,180003,3456,603.39
2024-12-02T15:25:00.000,604.05,604.32,604.02,604.26,322620,3773,603.4
2024-12-02T15:30:00.000,604.28,604.28,604.06,604.1701,255027,3418,603.41
2024-12-02T15:35:00.000,604.175,604.18,603.98,604.076,482157,4394,603.43
2024-12-02T15:40:00.000,604.075,604.075,603.51,603.71,622541,6043,603.44
2024-12-02T15:45:00.000,603.69,603.79,603.5,603.73,424748,5490,603.45
2024-12-02T15:50:00.000,603.73,603.96,603.47,603.61,1196653,10248,603.47
2024-12-02T15:55:00.000,603.65,603.85,603.45,603.65,2166599,16155,603.48
2024-12-02T16:00:00.000,603.65,603.65,603.65,603.65,354,1,603.48
2024-12-03T09:30:00.000,603.39,603.72,603.16,603.54,788714,10090,603.45
2024-12-03T09:35:00.000,603.54,603.5995,602.9,603.23,471072,6392,603.37
2024-12-03T09:40:00.000,603.21,603.34,602.77,602.8712,368022,4937,603.29
2024-12-03T09:45:00.000,602.88,603.32,602.81,603.04,304094,4486,603.26
2024-12-03T09:50:00.000,603.04,603.17,602.94,603.05,195049,3334,603.24
2024-12-03T09:55:00.000,603.0151,603.37,603.0,603.35,182214,3436,603.24
2024-12-03T10:00:00.000,603.35,603.57,603.23,603.39,327448,4962,603.26
2024-12-03T10:05:00.000,603.4195,603.62,603.26,603.3421,250260,7028,603.28
2024-12-03T10:10:00.000,603.35,603.5,603.15,603.2599,189263,3897,603.28
2024-12-03T10:15:00.000,603.26,603.4,603.18,603.21,113055,2931,603.28
2024-12-03T10:20:00.000,603.22,603.23,602.73,602.8699,307044,5148,603.25
2024-12-03T10:25:00.000,602.85,602.85,602.44,602.46,271781,4370,603.2
2024-12-03T10:30:00.000,602.48,602.78,602.45,602.63,218140,3961,603.17
2024-12-03T10:35:00.000,602.62,602.99,602.61,602.89,256700,3966,603.15
2024-12-03T10:40:00.000,602.87,602.875,602.57,602.645,249521,4030,603.12
2024-12-03T10:45:00.000,602.66,602.72,602.38,602.6476,327060,4151,603.08
2024-12-03T10:50:00.000,602.64,602.7599,602.341,602.5801,296032,3887,603.05
2024-12-03T10:55:00.000,602.59,602.916,602.45,602.8845,279058,3252,603.03
2024-12-03T11:00:00.000,602.89,603.26,602.845,603.0802,469460,5133,603.03
2024-12-03T11:05:00.000,603.0701,603.13,602.9101,602.95,149763,2692,603.03
2024-12-03T11:10:00.000,602.955,603.1,602.82,602.95,110744,2192,603.03
2024-12-03T11:15:00.000,602.94,603.03,602.82,602.94,132410,2352,603.03
2024-12-03T11:20:00.000,602.9281,603.14,602.91,603.03,170211,2360,603.03
2024-12-03T11:25:00.000,603.03,603.4599,602.945,603.42,217476,3295,603.04
2024-12-03T11:30:00.000,603.4,603.5,603.08,603.22,160334,2861,603.04
2024-12-03T11:35:00.000,603.24,603.24,602.69,602.71,271135,3164,603.03
2024-12-03T11:40:00.000,602.68,602.8799,602.37,602.42,364865,4016,603.01
2024-12-03T11:45:00.000,602.42,602.67,602.38,602.62,347575,3158,603.0
2024-12-03T11:50:00.000,602.62,602.84,602.56,602.795,145822,2667,602.99
2024-12-03T11:55:00.000,602.78,602.83,602.53,602.5571,110103,2165,602.99
2024-12-03T12:00:00.000,602.56,602.81,602.53,602.74,206206,1881,602.99
2024-12-03T12:05:00.000,602.73,602.785,602.6441,602.71,70202,1659,602.99
2024-12-03T12:10:00.000,602.73,602.83,602.6424,602.8201,120963,2061,602.98
2024-12-03T12:15:00.000,602.83,603.035,602.77,602.98,143066,2816,602.98
2024-12-03T12:20:00.000,602.98,603.055,602.92,602.98,194204,2901,602.98
2024-12-03T12:25:00.000,602.9799,603.02,602.915,603.005,104371,2271,602.98
2024-12-03T12:30:00.000,602.995,603.255,602.98,603.1907,129793,2412,602.98
2024-12-03T12:35:00.000,603.2,603.21,602.94,603.12,292858,2676,602.98
2024-12-03T12:40:00.000,603.12,603.29,603.111,603.27,126807,2078,602.99
2024-12-03T12:45:00.000,603.275,603.62,603.25,603.5601,179593,2835,603.0
2024-12-03T12:50:00.000,603.56,603.7299,603.44,603.665,174568,3013,603.01
2024-12-03T12:55:00.000,603.67,603.72,603.52,603.71,444492,2853,603.02
2024-12-03T13:00:00.000,603.71,603.8,603.53,603.71,198944,2834,603.03
2024-12-03T13:05:00.000,603.715,603.75,603.6608,603.7,73203,1671,603.04
2024-12-03T13:10:00.000,603.73,603.79,603.51,603.615,116012,2176,603.04
2024-12-03T13:15:00.000,603.6299,603.655,603.505,603.605,156626,2237,603.05
2024-12-03T13:20:00.000,603.625,603.75,603.605,603.74,341609,1858,603.06
2024-12-03T13:25:00.000,603.73,603.85,603.57,603.57,173721,2584,603.07
2024-12-03T13:30:00.000,603.55,603.71,603.4401,603.68,102009,2644,603.07
2024-12-03T13:35:00.000,603.6774,603.76,603.46,603.52,180095,2358,603.08
2024-12-03T13:40:00.000,603.51,603.54,603.3312,603.38,230772,2759,603.09
2024-12-03T13:45:00.000,603.37,603.5,603.29,603.48,207795,2345,603.09
2024-12-03T13:50:00.000,603.46,603.64,603.4501,603.47,102489,2057,603.1
2024-12-03T13:55:00.000,603.5,603.5199,603.38,603.44,111527,2015,603.1
2024-12-03T14:00:00.000,603.43,603.4301,603.17,603.25,2163487,3115,603.11
2024-12-03T14:05:00.000,603.28,603.5,603.28,603.49,133845,1994,603.11
2024-12-03T14:10:00.000,603.485,603.485,603.37,603.45,134532,1837,603.11
2024-12-03T14:15:00.000,603.425,603.59,603.31,603.575,125113,1906,603.12
2024-12-03T14:20:00.000,603.57,603.5766,603.35,603.41,176411,2371,603.12
2024-12-03T14:25:00.000,603.415,603.63,603.4,603.6199,147214,1997,603.13
2024-12-03T14:30:00.000,603.6,603.87,603.6,603.825,222373,2641,603.14
2024-12-03T14:35:00.000,603.82,603.83,603.68,603.7699,197699,2249,603.15
2024-12-03T14:40:00.000,603.76,603.85,603.72,603.79,205385,1797,603.15
2024-12-03T14:45:00.000,603.78,603.92,603.74,603.91,141630,2119,603.16
2024-12-03T14:50:00.000,603.91,604.14,603.86,604.05,384979,3549,603.19
2024-12-03T14:55:00.000,604.08,604.16,604.01,604.03,213529,2550,603.2
2024-12-03T15:00:00.000,604.0201,604.03,603.91,603.96,193957,2508,603.21
2024-12-03T15:05:00.000,603.97,604.075,603.8781,604.04,323082,3063,603.23
2024-12-03T15:10:00.000,604.05,604.11,603.88,603.95,231744,3287,603.24
2024-12-03T15:15:00.000,603.945,603.98,603.79,603.91,463347,3222,603.25
2024-12-03T15:20:00.000,603.92,604.01,603.91,603.97,221282,2856,603.26
2024-12-03T15:25:00.000,603.99,604.02,603.85,603.945,411124,2995,603.28
2024-12-03T15:30:00.000,603.94,603.98,603.76,603.91,341712,3667,603.29
2024-12-03T15:35:00.000,603.9,604.04,603.72,603.77,353080,3627,603.3
2024-12-03T15:40:00.000,603.7713,603.83,603.49,603.63,267930,3633,603.31
2024-12-03T15:45:00.000,603.6206,603.915,603.56,603.85,458933,4961,603.32
2024-12-03T15:50:00.000,603.86,604.13,603.86,604.0807,597578,6472,603.35
2024-12-03T15:55:00.000,604.09,604.14,603.79,603.85,1966557,15517,603.42
2024-12-03T16:00:00.000,603.86,603.86,603.86,603.86,497,2,603.42
2024-12-04T09:30:00.000,605.63,606.05,605.51,605.78,1248028,11971,605.73
2024-12-04T09:35:00.000,605.8,605.9299,605.54,605.6199,426558,5988,605.73
2024-12-04T09:40:00.000,605.6,605.82,605.59,605.69,268448,4352,605.72
2024-12-04T09:45:00.000,605.7,605.91,605.57,605.78,238540,4522,605.73
2024-12-04T09:50:00.000,605.78,606.08,605.72,606.08,321477,5094,605.75
2024-12-04T09:55:00.000,606.09,606.21,605.79,605.89,314173,4755,605.78
2024-12-04T10:00:00.000,605.88,605.92,605.4,605.5901,642331,8076,605.75
2024-12-04T10:05:00.000,605.59,605.69,605.5,605.62,457792,5225,605.74
2024-12-04T10:10:00.000,605.64,606.02,605.43,605.44,457968,5494,605.74
2024-12-04T10:15:00.000,605.45,605.56,604.95,605.56,885663,6695,605.69
2024-12-04T10:20:00.000,605.57,605.73,605.44,605.4901,477436,5294,605.68
2024-12-04T10:25:00.000,605.51,605.7407,605.51,605.63,295420,3917,605.67
2024-12-04T10:30:00.000,605.66,605.975,605.54,605.95,207875,5751,605.68
2024-12-04T10:35:00.000,605.97,606.3,605.94,606.04,402938,6709,605.71
2024-12-04T10:40:00.000,606.04,606.22,606.01,606.13,625298,2980,605.71
2024-12-04T10:45:00.000,606.12,606.22,605.72,605.94,360972,4692,605.73
2024-12-04T10:50:00.000,605.94,605.99,605.68,605.705,253214,4083,605.73
2024-12-04T10:55:00.000,605.7001,606.24,605.7001,606.23,514370,4378,605.75
2024-12-04T11:00:00.000,606.22,606.428,606.22,606.36,328231,3476,605.76
2024-12-04T11:05:00.000,606.36,606.4,606.23,606.27,279788,2805,605.77
2024-12-04T11:10:00.000,606.27,606.43,606.26,606.36,881512,2470,605.78
2024-12-04T11:15:00.000,606.36,606.5,606.29,606.4535,219448,3048,605.8
2024-12-04T11:20:00.000,606.44,606.5,606.28,606.305,286002,3317,605.82
2024-12-04T11:25:00.000,606.3107,606.4,606.2918,606.33,117864,2293,605.83
2024-12-04T11:30:00.000,606.3207,606.43,606.1001,606.4,161369,2889,605.83
2024-12-04T11:35:00.000,606.4,606.47,606.2,606.28,122065,2638,605.84
2024-12-04T11:40:00.000,606.28,606.29,606.06,606.105,113664,3079,605.84
2024-12-04T11:45:00.000,606.11,606.34,606.1,606.34,134341,3337,605.85
2024-12-04T11:50:00.000,606.325,606.465,606.225,606.41,138417,3300,605.85
2024-12-04T11:55:00.000,606.41,606.4388,606.3201,606.35,155139,2892,605.86
2024-12-04T12:00:00.000,606.345,606.3699,606.25,606.3095,159008,1944,605.87
2024-12-04T12:05:00.000,606.3,606.3899,606.25,606.28,146625,1994,605.87
2024-12-04T12:10:00.000,606.25,606.39,606.21,606.36,147189,1714,605.88
2024-12-04T12:15:00.000,606.355,606.4,606.28,606.33,117492,1752,605.88
2024-12-04T12:20:00.000,606.3196,606.38,606.02,606.3401,386736,3717,605.9
2024-12-04T12:25:00.000,606.3475,606.49,606.2901,606.35,293548,2814,605.91
2024-12-04T12:30:00.000,606.35,606.35,606.07,606.0901,196106,2540,605.92
2024-12-04T12:35:00.000,606.12,606.24,606.04,606.19,132245,1988,605.92
2024-12-04T12:40:00.000,606.19,606.19,605.91,606.13,144176,2557,605.92
2024-12-04T12:45:00.000,606.13,606.32,606.06,606.31,135824,1944,605.92
2024-12-04T12:50:00.000,606.3,606.54,606.28,606.46,151613,2181,605.93
2024-12-04T12:55:00.000,606.48,606.52,606.37,606.4,243252,1979,605.94
2024-12-04T13:00:00.000,606.4,606.4099,606.27,606.35,135174,1624,605.94
2024-12-04T13:05:00.000,606.34,606.3768,606.26,606.29,56844,1275,605.94
2024-12-04T13:10:00.000,606.29,606.45,606.24,606.27,80365,1620,605.95
2024-12-04T13:15:00.000,606.29,606.39,606.2352,606.24,196341,1345,605.95
2024-12-04T13:20:00.000,606.2499,606.2801,606.03,606.0305,87548,1735,605.95
2024-12-04T13:25:00.000,606.04,606.075,605.84,605.8699,209240,2656,605.95
2024-12-04T13:30:00.000,605.86,605.86,605.2,605.365,419621,5775,605.93
2024-12-04T13:35:00.000,605.36,605.68,605.25,605.6799,352314,3152,605.93
2024-12-04T13:40:00.000,605.66,605.84,605.52,605.74,155133,2387,605.92
2024-12-04T13:45:00.000,605.73,605.96,605.73,605.935,102337,1792,605.92
2024-12-04T13:50:00.000,605.931,606.36,605.88,606.3201,231663,2550,605.92
2024-12-04T13:55:00.000,606.32,606.53,605.96,605.9801,496787,3076,605.93
2024-12-04T14:00:00.000,605.98,606.32,605.77,606.275,263526,3133,605.93
2024-12-04T14:05:00.000,606.29,606.38,606.23,606.338,129101,1901,605.94
2024-12-04T14:10:00.000,606.29,606.41,606.26,606.35,112230,1925,605.94
2024-12-04T14:15:00.000,606.36,606.7,606.34,606.62,266462,2679,605.95
2024-12-04T14:20:00.000,606.61,606.86,606.56,606.82,388908,3858,605.97
2024-12-04T14:25:00.000,606.82,606.86,606.63,606.7801,210890,3008,605.98
2024-12-04T14:30:00.000,606.78,606.965,606.67,606.94,670759,3136,606.0
2024-12-04T14:35:00.000,606.935,607.13,606.895,606.99,516607,3408,606.01
2024-12-04T14:40:00.000,606.985,607.06,606.72,606.94,345311,3908,606.03
2024-12-04T14:45:00.000,606.94,606.98,606.8201,606.88,319090,2170,606.04
2024-12-04T14:50:00.000,606.8801,606.93,606.69,606.79,325548,3632,606.06
2024-12-04T14:55:00.000,606.79,606.95,606.79,606.9158,96724,2054,606.06
2024-12-04T15:00:00.000,606.9,607.09,606.83,607.07,192970,2726,606.07
2024-12-04T15:05:00.000,607.07,607.295,607.03,607.295,539436,4142,606.1
2024-12-04T15:10:00.000,607.3,607.52,607.28,607.3,733599,4768,606.14
2024-12-04T15:15:00.000,607.3,607.3799,607.27,607.35,216392,2861,606.15
2024-12-04T15:20:00.000,607.36,607.38,607.269,607.32,377499,2892,606.17
2024-12-04T15:25:00.000,607.32,607.425,607.28,607.31,491735,3653,606.2
2024-12-04T15:30:00.000,607.31,607.39,607.18,607.3799,656403,4142,606.22
2024-12-04T15:35:00.000,607.375,607.68,607.3201,607.6,1365570,4866,606.25
2024-12-04T15:40:00.000,607.6,607.69,607.56,607.625,859337,5482,606.3
2024-12-04T15:45:00.000,607.625,607.78,607.48,607.78,1997713,11779,606.41
2024-12-04T15:50:00.000,607.79,607.91,607.52,607.6,1749777,12009,606.5
2024-12-04T15:55:00.000,607.61,607.69,607.39,607.61,3225352,21731,606.63
2024-12-04T16:00:00.000,607.59,607.59,607.59,607.59,351,1,606.63
2024-12-05T09:30:00.000,607.66,607.85,607.58,607.755,706015,8685,607.7
2024-12-05T09:35:00.000,607.75,607.82,607.37,607.4981,413913,6459,607.65
2024-12-05T09:40:00.000,607.48,607.66,607.37,607.635,279996,4737,607.62
2024-12-05T09:45:00.000,607.65,607.78,607.53,607.5413,233350,4310,607.63
2024-12-05T09:50:00.000,607.55,607.6,607.44,607.55,227707,4192,607.62
2024-12-05T09:55:00.000,607.55,607.8,607.5,607.79,177898,3794,607.62
2024-12-05T10:00:00.000,607.805,608.2,607.75,608.08,397756,6344,607.68
2024-12-05T10:05:00.000,608.09,608.135,607.795,607.9206,239014,6979,607.7
2024-12-05T10:10:00.000,607.92,607.92,607.52,607.54,228262,4100,607.7
2024-12-05T10:15:00.000,607.53,607.78,607.47,607.635,187471,4028,607.69
2024-12-05T10:20:00.000,607.65,607.67,607.14,607.2,293714,4805,607.66
2024-12-05T10:25:00.000,607.2,607.3,607.11,607.11,217864,3462,607.63
2024-12-05T10:30:00.000,607.1039,607.15,607.0353,607.125,247182,3897,607.59
2024-12-05T10:35:00.000,607.12,607.15,606.8,606.88,272304,4846,607.56
2024-12-05T10:40:00.000,606.885,607.2099,606.81,607.19,266692,4360,607.52
2024-12-05T10:45:00.000,607.19,607.27,606.98,607.03,177403,3451,607.51
2024-12-05T10:50:00.000,607.02,607.13,606.875,607.1087,149875,3023,607.49
2024-12-05T10:55:00.000,607.105,607.105,606.945,606.95,328371,3431,607.46
2024-12-05T11:00:00.000,606.95,607.135,606.88,606.93,127624,2953,607.45
2024-12-05T11:05:00.000,606.92,607.03,606.8301,606.92,133356,2821,607.44
2024-12-05T11:10:00.000,606.91,607.02,606.87,607.0,102342,2284,607.43
2024-12-05T11:15:00.000,606.99,607.39,606.9501,607.31,285653,4060,607.42
2024-12-05T11:20:00.000,607.31,607.5399,607.2815,607.51,287835,3464,607.42
2024-12-05T11:25:00.000,607.51,607.71,607.45,607.63,215497,3566,607.42
2024-12-05T11:30:00.000,607.64,607.64,607.415,607.44,221218,2759,607.42
2024-12-05T11:35:00.000,607.445,607.5,607.33,607.405,222575,3060,607.42
2024-12-05T11:40:00.000,607.405,607.5075,607.38,607.4201,126619,2603,607.42
2024-12-05T11:45:00.000,607.43,607.53,607.37,607.44,103543,2362,607.42
2024-12-05T11:50:00.000,607.47,607.58,607.45,607.48,140542,2557,607.43
2024-12-05T11:55:00.000,607.485,607.7677,607.34,607.74,155616,3377,607.43
2024-12-05T12:00:00.000,607.75,607.82,607.64,607.76,183329,3016,607.44
2024-12-05T12:05:00.000,607.75,607.98,607.75,607.93,176551,2869,607.44
2024-12-05T12:10:00.000,607.95,608.17,607.93,608.122,201054,3218,607.46
2024-12-05T12:15:00.000,608.13,608.17,607.85,608.07,266693,3330,607.48
2024-12-05T12:20:00.000,608.07,608.08,607.92,607.93,196021,2655,607.49
2024-12-05T12:25:00.000,607.935,608.16,607.865,608.05,243878,2841,607.51
2024-12-05T12:30:00.000,608.045,608.08,607.955,608.08,126679,2568,607.52
2024-12-05T12:35:00.000,608.075,608.11,607.95,608.09,80716,2204,607.52
2024-12-05T12:40:00.000,608.095,608.14,607.9717,608.055,114536,2339,607.53
2024-12-05T12:45:00.000,608.055,608.33,608.0401,608.28,235077,3048,607.55
2024-12-05T12:50:00.000,608.29,608.48,608.2401,608.3825,190721,2459,607.56
2024-12-05T12:55:00.000,608.385,608.42,608.25,608.4099,138541,2283,607.58
2024-12-05T13:00:00.000,608.41,608.4152,608.18,608.19,203294,2521,607.59
2024-12-05T13:05:00.000,608.21,608.33,608.16,608.2499,98601,1943,607.6
2024-12-05T13:10:00.000,608.245,608.2999,608.18,608.195,108709,2002,607.6
2024-12-05T13:15:00.000,608.195,608.25,607.74,607.78,218502,3230,607.61
2024-12-05T13:20:00.000,607.78,607.83,606.88,607.01,383758,5231,607.6
2024-12-05T13:25:00.000,606.99,607.39,606.86,607.29,356392,4278,607.59
2024-12-05T13:30:00.000,607.32,607.64,607.04,607.5949,217671,4013,607.58
2024-12-05T13:35:00.000,607.5801,607.6999,607.47,607.6699,227615,3054,607.58
2024-12-05T13:40:00.000,607.67,607.89,607.65,607.76,418864,2646,607.58
2024-12-05T13:45:00.000,607.72,607.79,607.62,607.63,134016,2059,607.58
2024-12-05T13:50:00.000,607.66,607.6799,607.32,607.43,262991,2839,607.58
2024-12-05T13:55:00.000,607.41,607.4599,607.07,607.36,284008,2500,607.58
2024-12-05T14:00:00.000,607.37,607.39,606.91,607.04,510112,4598,607.56
2024-12-05T14:05:00.000,607.04,607.56,606.95,607.55,352155,3604,607.55
2024-12-05T14:10:00.000,607.5501,607.57,607.24,607.35,207029,2669,607.55
2024-12-05T14:15:00.000,607.35,607.46,607.3,607.3799,182725,2510,607.54
2024-12-05T14:20:00.000,607.38,607.6599,607.37,607.59,255087,2997,607.54
2024-12-05T14:25:00.000,607.59,607.6,607.1,607.1,253213,2666,607.54
2024-12-05T14:30:00.000,607.0999,607.37,607.06,607.16,189184,2554,607.54
2024-12-05T14:35:00.000,607.165,607.5,607.165,607.43,186624,2511,607.53
2024-12-05T14:40:00.000,607.43,607.43,607.14,607.27,186653,2527,607.53
2024-12-05T14:45:00.000,607.24,607.43,607.0601,607.165,290161,2408,607.53
2024-12-05T14:50:00.000,607.165,607.2491,607.02,607.17,191153,2559,607.52
2024-12-05T14:55:00.000,607.18,607.3,607.12,607.185,139324,2109,607.52
2024-12-05T15:00:00.000,607.18,607.2,606.935,607.16,199159,2730,607.51
2024-12-05T15:05:00.000,607.15,607.41,607.11,607.34,209665,2900,607.51
2024-12-05T15:10:00.000,607.3301,607.35,606.92,607.0576,342160,3516,607.5
2024-12-05T15:15:00.000,607.05,607.13,606.86,606.99,287389,3296,607.49
2024-12-05T15:20:00.000,607.0074,607.22,606.92,606.9501,307068,3547,607.48
2024-12-05T15:25:00.000,606.96,607.0,606.62,606.745,270172,3779,607.47
2024-12-05T15:30:00.000,606.75,607.01,606.63,607.0,715817,4646,607.45
2024-12-05T15:35:00.000,607.01,607.28,606.99,607.21,2073918,5038,607.44
2024-12-05T15:40:00.000,607.19,607.29,607.055,607.2799,335407,3718,607.43
2024-12-05T15:45:00.000,607.27,607.385,607.11,607.18,537410,4676,607.43
2024-12-05T15:50:00.000,607.2,607.3,606.61,606.71,1064408,8816,607.41
2024-12-05T15:55:00.000,606.71,606.77,606.305,606.61,3175870,17300,607.3
2024-12-05T16:00:00.000,606.6,606.6,606.6,606.6,100,1,607.3
2024-12-06T09:30:00.000,607.44,608.3,607.34,608.1802,1094648,9970,607.69
2024-12-06T09:35:00.000,608.19,608.29,607.95,608.24,369005,4759,607.79
2024-12-06T09:40:00.000,608.24,608.27,608.01,608.2,230598,3931,607.83
2024-12-06T09:45:00.000,608.2,608.92,608.15,608.77,479354,7128,608.0
2024-12-06T09:50:00.000,608.81,609.03,608.53,608.86,346500,5299,608.1
2024-12-06T09:55:00.000,608.85,609.04,608.55,608.98,292222,5173,608.16
2024-12-06T10:00:00.000,608.975,609.07,608.521,608.56,304483,9529,608.21
2024-12-06T10:05:00.000,608.57,608.8684,608.43,608.78,263809,4631,608.24
2024-12-06T10:10:00.000,608.78,609.0599,608.5,608.625,282665,4763,608.28
2024-12-06T10:15:00.000,608.625,609.0,608.54,608.9075,201473,3489,608.31
2024-12-06T10:20:00.000,608.9001,608.92,608.59,608.61,259897,3456,608.33
2024-12-06T10:25:00.000,608.6,608.95,608.58,608.88,150013,3535,608.34
2024-12-06T10:30:00.000,608.88,608.88,608.61,608.6501,162957,3445,608.35
2024-12-06T10:35:00.000,608.67,608.977,608.62,608.84,520961,3485,608.37
2024-12-06T10:40:00.000,608.8401,608.85,608.6001,608.6099,824718,3207,608.38
2024-12-06T10:45:00.000,608.605,608.69,608.46,608.64,177681,3007,608.39
2024-12-06T10:50:00.000,608.6499,608.7004,608.235,608.4,266595,3734,608.39
2024-12-06T10:55:00.000,608.43,608.75,608.41,608.7,143157,2863,608.39
2024-12-06T11:00:00.000,608.71,608.7499,608.42,608.5,317386,2939,608.4
2024-12-06T11:05:00.000,608.505,608.69,608.01,608.21,275807,3848,608.4
2024-12-06T11:10:00.000,608.2101,608.28,607.56,607.88,261146,3972,608.38
2024-12-06T11:15:00.000,607.8525,608.18,607.77,607.78,208699,3049,608.36
2024-12-06T11:20:00.000,607.8,607.86,607.58,607.75,495507,3323,608.34
2024-12-06T11:25:00.000,607.77,608.07,607.69,608.0,624607,3576,608.32
2024-12-06T11:30:00.000,607.99,608.26,607.93,608.1359,162940,2776,608.32
2024-12-06T11:35:00.000,608.14,608.26,608.05,608.15,137162,2372,608.32
2024-12-06T11:40:00.000,608.14,608.29,608.055,608.1599,187854,2867,608.31
2024-12-06T11:45:00.000,608.16,608.16,607.74,607.785,207217,2994,608.3
2024-12-06T11:50:00.000,607.785,607.989,607.745,607.84,205765,3153,608.29
2024-12-06T11:55:00.000,607.84,608.01,607.8,607.815,303582,2868,608.28
2024-12-06T12:00:00.000,607.82,607.86,607.33,607.3801,302229,2950,608.27
2024-12-06T12:05:00.000,607.38,607.67,607.32,607.6199,154406,2375,608.25
2024-12-06T12:10:00.000,607.598,607.6538,607.38,607.515,230314,3016,608.23
2024-12-06T12:15:00.000,607.52,607.71,607.42,607.45,382221,2539,608.21
2024-12-06T12:20:00.000,607.4538,607.8,607.44,607.57,133113,2630,608.21
2024-12-06T12:25:00.000,607.56,607.7899,607.52,607.6999,260854,2096,608.2
2024-12-06T12:30:00.000,607.7,607.74,607.3429,607.409,145623,2344,608.19
2024-12-06T12:35:00.000,607.38,607.4999,607.33,607.38,108325,1903,608.18
2024-12-06T12:40:00.000,607.39,607.4099,607.06,607.25,147572,2602,608.17
2024-12-06T12:45:00.000,607.25,607.43,607.16,607.385,107289,2410,608.16
2024-12-06T12:50:00.000,607.38,607.6,607.32,607.57,146264,2448,608.15
2024-12-06T12:55:00.000,607.56,607.64,607.3,607.36,154407,2386,608.14
2024-12-06T13:00:00.000,607.355,607.7499,607.3,607.71,156446,2629,608.13
2024-12-06T13:05:00.000,607.68,608.14,607.68,608.06,191749,2780,608.12
2024-12-06T13:10:00.000,608.07,608.2501,608.0252,608.16,154789,2334,608.12
2024-12-06T13:15:00.000,608.17,608.34,608.14,608.28,217961,2555,608.13
2024-12-06T13:20:00.000,608.28,608.39,608.2501,608.27,110036,1726,608.13
2024-12-06T13:25:00.000,608.27,608.275,608.0615,608.065,112457,1877,608.13
2024-12-06T13:30:00.000,608.065,608.0663,607.61,607.68,205417,3328,608.12
2024-12-06T13:35:00.000,607.69,607.93,607.63,607.82,159940,2748,608.12
2024-12-06T13:40:00.000,607.81,607.88,607.57,607.65,128600,2095,608.11
2024-12-06T13:45:00.000,607.69,607.9,607.64,607.87,91628,1719,608.11
2024-12-06T13:50:00.000,607.91,608.02,607.77,607.96,113576,1956,608.11
2024-12-06T13:55:00.000,607.98,608.06,607.95,608.04,83541,1504,608.11
2024-12-06T14:00:00.000,608.03,608.06,607.7039,607.72,254216,1982,608.11
2024-12-06T14:05:00.000,607.72,607.77,607.4107,607.49,171386,2479,608.1
2024-12-06T14:10:00.000,607.48,607.485,607.03,607.303,460912,4240,608.06
2024-12-06T14:15:00.000,607.3,607.315,607.05,607.18,590405,3927,608.02
2024-12-06T14:20:00.000,607.18,607.38,607.115,607.13,284737,2749,608.0
2024-12-06T14:25:00.000,607.1211,607.2699,607.08,607.125,269637,2484,607.99
2024-12-06T14:30:00.000,607.13,607.2899,607.02,607.24,395408,2764,607.97
2024-12-06T14:35:00.000,607.24,607.3199,607.175,607.24,292450,2002,607.96
2024-12-06T14:40:00.000,607.23,607.44,607.15,607.39,181795,2214,607.95
2024-12-06T14:45:00.000,607.4,607.6,607.36,607.49,166776,2181,607.94
2024-12-06T14:50:00.000,607.4901,607.65,607.46,607.535,175181,2049,607.94
2024-12-06T14:55:00.000,607.53,607.55,607.3,607.34,337940,2735,607.93
2024-12-06T15:00:00.000,607.32,607.41,607.14,607.36,153930,2044,607.92
2024-12-06T15:05:00.000,607.36,607.48,607.3,607.43,186691,2091,607.92
2024-12-06T15:10:00.000,607.42,607.66,607.415,607.5925,172826,2501,607.91
2024-12-06T15:15:00.000,607.6,607.66,607.49,607.6208,785339,2768,607.91
2024-12-06T15:20:00.000,607.62,607.7499,607.53,607.6217,231623,2965,607.9
2024-12-06T15:25:00.000,607.62,607.64,607.4024,607.615,497358,3597,607.9
2024-12-06T15:30:00.000,607.62,607.72,607.5501,607.64,350184,3302,607.89
2024-12-06T15:35:00.000,607.64,607.7,607.45,607.55,409679,3259,607.89
2024-12-06T15:40:00.000,607.56,607.63,607.525,607.6,260626,3293,607.88
2024-12-06T15:45:00.000,607.62,607.83,607.61,607.65,789777,5796,607.88
2024-12-06T15:50:00.000,607.65,607.94,607.52,607.775,744336,7135,607.87
2024-12-06T15:55:00.000,607.775,608.12,607.74,607.88,2107613,13712,607.88
2024-12-06T16:00:00.000,607.89,607.89,607.89,607.89,500,1,607.88
2024-12-07T09:30:00.000,0.0,0.0,0.0,0.0,0,0,0.0
2024-12-07T09:35:00.000,0.0,0.0,0.0,0.0,0,0,0.0
2024-12-07T09:40:00.000,0.0,0.0,0.0,0.0,0,0,0.0
2024-12-07T09:45:00.000,0.0,0.0,0.0,0.0,0,0,0.0
2024-12-07T09:50:00.000,0.0,0.0,0.0,0.0,0,0,0.0
2024-12-07T09:55:00.000,0.0,0.0,0.0,0.0,0,0,0.0
2024-12-07T10:00:00.000,0.0,0.0,0.0,0.0,0,0,0.0
2024-12-07T10:05:00.000,0.0,0.0,0.0,0.0,0,0,0.0
2024-12-07T10:10:00.000,0.0,0.0,0.0,0.0,0,0,0.0
2024-12-07T10:15:00.000,0.0,0.0,0.0,0.0,0,0,0.0
2024-12-07T10:20:00.000,0.0,0.0,0.0,0.0,0,0,0.0
2024-12-07T10:25:00.000,0.0,0.0,0.0,0.0,0,0,0.0
2024-12-07T10:30:00.000,0.0,0.0,0.0,0.0,0,0,0.0
2024-12-07T10:35:00.000,0.0,0.0,0.0,0.0,0,0,0.0
2024-12-07T10:40:00.000,0.0,0.0,0.0,0.0,0,0,0.0
2024-12-07T10:45:00.000,0.0,0.0,0.0,0.0,0,0,0.0
2024-12-07T10:50:00.000,0.0,0.0,0.0,0.0,0,0,0.0
2024-12-07T10:55:00.000,0.0,0.0,0.0,0.0,0,0,0.0
2024-12-07T11:00:00.000,0.0,0.0,0.0,0.0,0,0,0.0
2024-12-07T11:05:00.000,0.0,0.0,0.0,0.0,0,0,0.0
2024-12-07T11:10:00.000,0.0,0.0,0.0,0.0,0,0,0.0
2024-12-07T11:15:00.000,0.0,0.0,0.0,0.0,0,0,0.0
2024-12-07T11:20:00.000,0.0,0.0,0.0,0.0,0,0,0.0
2024-12-07T11:25:00.000,0.0,0.0,0.0,0.0,0,0,0.0
2024-12-07T11:30:00.000,0.0,0.0,0.0,0.0,0,0,0.0
2024-12-07T11:35:00.000,0.0,0.0,0.0,0.0,0,0,0.0
2024-12-07T11:40:00.000,0.0,0.0,0.0,0.0,0,0,0.0
2024-12-07T11:45:00.000,0.0,0.0,0.0,0.0,0,0,0.0
2024-12-07T11:50:00.000,0.0,0.0,0.0,0.0,0,0,0.0
2024-12-07T11:55:00.000,0.0,0.0,0.0,0.0,0,0,0.0
2024-12-07T12:00:00.000,0.0,0.0,0.0,0.0,0,0,0.0
2024-12-07T12:05:00.000,0.0,0.0,0.0,0.0,0,0,0.0
2024-12-07T12:10:00.000,0.0,0.0,0.0,0.0,0,0,0.0
2024-12-07T12:15:00.000,0.0,0.0,0.0,0.0,0,0,0.0
2024-12-07T12:20:00.000,0.0,0.0,0.0,0.0,0,0,0.0
2024-12-07T12:25:00.000,0.0,0.0,0.0,0.0,0,0,0.0
2024-12-07T12:30:00.000,0.0,0.0,0.0,0.0,0,0,0.0
2024-12-07T12:35:00.000,0.0,0.0,0.0,0.0,0,0,0.0
2024-12-07T12:40:00.000,0.0,0.0,0.0,0.0,0,0,0.0
2024-12-07T12:45:00.000,0.0,0.0,0.0,0.0,0,0,0.0
2024-12-07T12:50:00.000,0.0,0.0,0.0,0.0,0,0,0.0
2024-12-07T12:55:00.000,0.0,0.0,0.0,0.0,0,0,0.0
2024-12-07T13:00:00.000,0.0,0.0,0.0,0.0,0,0,0.0
2024-12-07T13:05:00.000,0.0,0.0,0.0,0.0,0,0,0.0
2024-12-07T13:10:00.000,0.0,0.0,0.0,0.0,0,0,0.0
2024-12-07T13:15:00.000,0.0,0.0,0.0,0.0,0,0,0.0
2024-12-07T13:20:00.000,0.0,0.0,0.0,0.0,0,0,0.0
2024-12-07T13:25:00.000,0.0,0.0,0.0,0.0,0,0,0.0
2024-12-07T13:30:00.000,0.0,0.0,0.0,0.0,0,0,0.0
2024-12-07T13:35:00.000,0.0,0.0,0.0,0.0,0,0,0.0
2024-12-07T13:40:00.000,0.0,0.0,0.0,0.0,0,0,0.0
2024-12-07T13:45:00.000,0.0,0.0,0.0,0.0,0,0,0.0
2024-12-07T13:50:00.000,0.0,0.0,0.0,0.0,0,0,0.0
2024-12-07T13:55:00.000,0.0,0.0,0.0,0.0,0,0,0.0
2024-12-07T14:00:00.000,0.0,0.0,0.0,0.0,0,0,0.0
2024-12-07T14:05:00.000,0.0,0.0,0.0,0.0,0,0,0.0
2024-12-07T14:10:00.000,0.0,0.0,0.0,0.0,0,0,0.0
2024-12-07T14:15:00.000,0.0,0.0,0.0,0.0,0,0,0.0
2024-12-07T14:20:00.000,0.0,0.0,0.0,0.0,0,0,0.0
2024-12-07T14:25:00.000,0.0,0.0,0.0,0.0,0,0,0.0
2024-12-07T14:30:00.000,0.0,0.0,0.0,0.0,0,0,0.0
2024-12-07T14:35:00.000,0.0,0.0,0.0,0.0,0,0,0.0
2024-12-07T14:40:00.000,0.0,0.0,0.0,0.0,0,0,0.0
2024-12-07T14:45:00.000,0.0,0.0,0.0,0.0,0,0,0.0
2024-12-07T14:50:00.000,0.0,0.0,0.0,0.0,0,0,0.0
2024-12-07T14:55:00.000,0.0,0.0,0.0,0.0,0,0,0.0
2024-12-07T15:00:00.000,0.0,0.0,0.0,0.0,0,0,0.0
2024-12-07T15:05:00.000,0.0,0.0,0.0,0.0,0,0,0.0
2024-12-07T15:10:00.000,0.0,0.0,0.0,0.0,0,0,0.0
2024-12-07T15:15:00.000,0.0,0.0,0.0,0.0,0,0,0.0
2024-12-07T15:20:00.000,0.0,0.0,0.0,0.0,0,0,0.0
2024-12-07T15:25:00.000,0.0,0.0,0.0,0.0,0,0,0.0
2024-12-07T15:30:00.000,0.0,0.0,0.0,0.0,0,0,0.0
2024-12-07T15:35:00.000,0.0,0.0,0.0,0.0,0,0,0.0
2024-12-07T15:40:00.000,0.0,0.0,0.0,0.0,0,0,0.0
2024-12-07T15:45:00.000,0.0,0.0,0.0,0.0,0,0,0.0
2024-12-07T15:50:00.000,0.0,0.0,0.0,0.0,0,0,0.0
2024-12-07T15:55:00.000,0.0,0.0,0.0,0.0,0,0,0.0
2024-12-07T16:00:00.000,0.0,0.0,0.0,0.0,0,0,0.0
2024-12-08T09:30:00.000,0.0,0.0,0.0,0.0,0,0,0.0
2024-12-08T09:35:00.000,0.0,0.0,0.0,0.0,0,0,0.0
2024-12-08T09:40:00.000,0.0,0.0,0.0,0.0,0,0,0.0
2024-12-08T09:45:00.000,0.0,0.0,0.0,0.0,0,0,0.0
2024-12-08T09:50:00.000,0.0,0.0,0.0,0.0,0,0,0.0
2024-12-08T09:55:00.000,0.0,0.0,0.0,0.0,0,0,0.0
2024-12-08T10:00:00.000,0.0,0.0,0.0,0.0,0,0,0.0
2024-12-08T10:05:00.000,0.0,0.0,0.0,0.0,0,0,0.0
2024-12-08T10:10:00.000,0.0,0.0,0.0,0.0,0,0,0.0
2024-12-08T10:15:00.000,0.0,0.0,0.0,0.0,0,0,0.0
2024-12-08T10:20:00.000,0.0,0.0,0.0,0.0,0,0,0.0
2024-12-08T10:25:00.000,0.0,0.0,0.0,0.0,0,0,0.0
2024-12-08T10:30:00.000,0.0,0.0,0.0,0.0,0,0,0.0
2024-12-08T10:35:00.000,0.0,0.0,0.0,0.0,0,0,0.0
2024-12-08T10:40:00.000,0.0,0.0,0.0,0.0,0,0,0.0
2024-12-08T10:45:00.000,0.0,0.0,0.0,0.0,0,0,0.0
2024-12-08T10:50:00.000,0.0,0.0,0.0,0.0,0,0,0.0
2024-12-08T10:55:00.000,0.0,0.0,0.0,0.0,0,0,0.0
2024-12-08T11:00:00.000,0.0,0.0,0.0,0.0,0,0,0.0
2024-12-08T11:05:00.000,0.0,0.0,0.0,0.0,0,0,0.0
2024-12-08T11:10:00.000,0.0,0.0,0.0,0.0,0,0,0.0
2024-12-08T11:15:00.000,0.0,0.0,0.0,0.0,0,0,0.0
2024-12-08T11:20:00.000,0.0,0.0,0.0,0.0,0,0,0.0
2024-12-08T11:25:00.000,0.0,0.0,0.0,0.0,0,0,0.0
2024-12-08T11:30:00.000,0.0,0.0,0.0,0.0,0,0,0.0
2024-12-08T11:35:00.000,0.0,0.0,0.0,0.0,0,0,0.0
2024-12-08T11:40:00.000,0.0,0.0,0.0,0.0,0,0,0.0
2024-12-08T11:45:00.000,0.0,0.0,0.0,0.0,0,0,0.0
2024-12-08T11:50:00.000,0.0,0.0,0.0,0.0,0,0,0.0
2024-12-08T11:55:00.000,0.0,0.0,0.0,0.0,0,0,0.0
2024-12-08T12:00:00.000,0.0,0.0,0.0,0.0,0,0,0.0
2024-12-08T12:05:00.000,0.0,0.0,0.0,0.0,0,0,0.0
2024-12-08T12:10:00.000,0.0,0.0,0.0,0.0,0,0,0.0
2024-12-08T12:15:00.000,0.0,0.0,0.0,0.0,0,0,0.0
2024-12-08T12:20:00.000,0.0,0.0,0.0,0.0,0,0,0.0
2024-12-08T12:25:00.000,0.0,0.0,0.0,0.0,0,0,0.0
2024-12-08T12:30:00.000,0.0,0.0,0.0,0.0,0,0,0.0
2024-12-08T12:35:00.000,0.0,0.0,0.0,0.0,0,0,0.0
2024-12-08T12:40:00.000,0.0,0.0,0.0,0.0,0,0,0.0
2024-12-08T12:45:00.000,0.0,0.0,0.0,0.0,0,0,0.0
2024-12-08T12:50:00.000,0.0,0.0,0.0,0.0,0,0,0.0
2024-12-08T12:55:00.000,0.0,0.0,0.0,0.0,0,0,0.0
2024-12-08T13:00:00.000,0.0,0.0,0.0,0.0,0,0,0.0
2024-12-08T13:05:00.000,0.0,0.0,0.0,0.0,0,0,0.0
2024-12-08T13:10:00.000,0.0,0.0,0.0,0.0,0,0,0.0
2024-12-08T13:15:00.000,0.0,0.0,0.0,0.0,0,0,0.0
2024-12-08T13:20:00.000,0.0,0.0,0.0,0.0,0,0,0.0
2024-12-08T13:25:00.000,0.0,0.0,0.0,0.0,0,0,0.0
2024-12-08T13:30:00.000,0.0,0.0,0.0,0.0,0,0,0.0
2024-12-08T13:35:00.000,0.0,0.0,0.0,0.0,0,0,0.0
2024-12-08T13:40:00.000,0.0,0.0,0.0,0.0,0,0,0.0
2024-12-08T13:45:00.000,0.0,0.0,0.0,0.0,0,0,0.0
2024-12-08T13:50:00.000,0.0,0.0,0.0,0.0,0,0,0.0
2024-12-08T13:55:00.000,0.0,0.0,0.0,0.0,0,0,0.0
2024-12-08T14:00:00.000,0.0,0.0,0.0,0.0,0,0,0.0
2024-12-08T14:05:00.000,0.0,0.0,0.0,0.0,0,0,0.0
2024-12-08T14:10:00.000,0.0,0.0,0.0,0.0,0,0,0.0
2024-12-08T14:15:00.000,0.0,0.0,0.0,0.0,0,0,0.0
2024-12-08T14:20:00.000,0.0,0.0,0.0,0.0,0,0,0.0
2024-12-08T14:25:00.000,0.0,0.0,0.0,0.0,0,0,0.0
2024-12-08T14:30:00.000,0.0,0.0,0.0,0.0,0,0,0.0
2024-12-08T14:35:00.000,0.0,0.0,0.0,0.0,0,0,0.0
2024-12-08T14:40:00.000,0.0,0.0,0.0,0.0,0,0,0.0
2024-12-08T14:45:00.000,0.0,0.0,0.0,0.0,0,0,0.0
2024-12-08T14:50:00.000,0.0,0.0,0.0,0.0,0,0,0.0
2024-12-08T14:55:00.000,0.0,0.0,0.0,0.0,0,0,0.0
2024-12-08T15:00:00.000,0.0,0.0,0.0,0.0,0,0,0.0
2024-12-08T15:05:00.000,0.0,0.0,0.0,0.0,0,0,0.0
2024-12-08T15:10:00.000,0.0,0.0,0.0,0.0,0,0,0.0
2024-12-08T15:15:00.000,0.0,0.0,0.0,0.0,0,0,0.0
2024-12-08T15:20:00.000,0.0,0.0,0.0,0.0,0,0,0.0
2024-12-08T15:25:00.000,0.0,0.0,0.0,0.0,0,0,0.0
2024-12-08T15:30:00.000,0.0,0.0,0.0,0.0,0,0,0.0
2024-12-08T15:35:00.000,0.0,0.0,0.0,0.0,0,0,0.0
2024-12-08T15:40:00.000,0.0,0.0,0.0,0.0,0,0,0.0
2024-12-08T15:45:00.000,0.0,0.0,0.0,0.0,0,0,0.0
2024-12-08T15:50:00.000,0.0,0.0,0.0,0.0,0,0,0.0
2024-12-08T15:55:00.000,0.0,0.0,0.0,0.0,0,0,0.0
2024-12-08T16:00:00.000,0.0,0.0,0.0,0.0,0,0,0.0
2024-12-09T09:30:00.000,607.69,607.86,607.28,607.4125,904469,14600,607.61
2024-12-09T09:35:00.000,607.43,607.585,607.29,607.375,315646,5665,607.57
2024-12-09T09:40:00.000,607.37,607.42,607.2,607.32,295046,5346,607.51
2024-12-09T09:45:00.000,607.33,607.57,607.3101,607.52,336345,5196,607.51
2024-12-09T09:50:00.000,607.52,607.56,607.3,607.44,272860,4799,607.5
2024-12-09T09:55:00.000,607.445,607.5499,607.33,607.46,255735,4857,607.49
2024-12-09T10:00:00.000,607.48,607.58,607.39,607.44,233978,4900,607.49
2024-12-09T10:05:00.000,607.45,607.5065,607.22,607.22,212018,4757,607.48
2024-12-09T10:10:00.000,607.21,607.33,607.095,607.2201,302334,5330,607.45
2024-12-09T10:15:00.000,607.225,607.235,606.78,606.93,494434,9042,607.39
2024-12-09T10:20:00.000,606.935,607.13,606.76,606.775,261197,9250,607.37
2024-12-09T10:25:00.000,606.77,606.81,606.18,606.3775,618695,7557,607.23
2024-12-09T10:30:00.000,606.3699,606.64,606.22,606.265,469985,6342,607.16
2024-12-09T10:35:00.000,606.265,606.36,605.84,606.05,445143,6670,607.07
2024-12-09T10:40:00.000,606.03,606.48,605.93,605.98,519577,6566,607.0
2024-12-09T10:45:00.000,605.96,606.09,605.3,605.47,531725,7169,606.89
2024-12-09T10:50:00.000,605.4794,605.6535,605.26,605.47,375351,5952,606.81
2024-12-09T10:55:00.000,605.46,605.505,605.31,605.38,196560,4260,606.78
2024-12-09T11:00:00.000,605.38,605.61,604.98,605.3099,482909,7221,606.68
2024-12-09T11:05:00.000,605.315,605.4,604.65,604.67,427469,5637,606.59
2024-12-09T11:10:00.000,604.68,605.2,604.61,605.105,660366,6303,606.48
2024-12-09T11:15:00.000,605.11,605.49,605.025,605.47,305237,4671,606.44
2024-12-09T11:20:00.000,605.4599,605.68,605.42,605.585,306599,4495,606.41
2024-12-09T11:25:00.000,605.6,605.9,605.49,605.785,288967,4210,606.38
2024-12-09T11:30:00.000,605.78,605.975,605.75,605.95,281456,3875,606.37
2024-12-09T11:35:00.000,605.945,605.945,605.4804,605.59,223112,3797,606.36
2024-12-09T11:40:00.000,605.58,605.79,605.47,605.56,179033,3544,606.34
2024-12-09T11:45:00.000,605.57,605.785,605.57,605.7,166958,3309,606.33
2024-12-09T11:50:00.000,605.7099,606.06,605.7,605.92,208849,3646,606.32
2024-12-09T11:55:00.000,605.91,606.125,605.87,606.01,222746,3097,606.32
2024-12-09T12:00:00.000,606.01,606.06,605.69,605.72,134002,2731,606.31
2024-12-09T12:05:00.000,605.705,605.86,605.43,605.8,160075,3331,606.3
2024-12-09T12:10:00.000,605.8,605.89,605.69,605.7,96324,2316,606.3
2024-12-09T12:15:00.000,605.7,605.74,605.49,605.65,104074,2506,606.3
2024-12-09T12:20:00.000,605.655,605.67,605.4118,605.5003,144499,2957,606.29
2024-12-09T12:25:00.000,605.505,605.6617,605.2732,605.61,164830,3385,606.27
2024-12-09T12:30:00.000,605.58,605.58,605.3499,605.47,100858,2452,606.27
2024-12-09T12:35:00.000,605.45,605.755,605.395,605.755,153977,3019,606.26
2024-12-09T12:40:00.000,605.755,605.92,605.72,605.815,97842,2494,606.26
2024-12-09T12:45:00.000,605.815,605.92,605.67,605.905,97256,2365,606.25
2024-12-09T12:50:00.000,605.9087,606.07,605.7,605.77,141814,2701,606.25
2024-12-09T12:55:00.000,605.7697,605.7697,605.325,605.3499,111930,2489,606.24
2024-12-09T13:00:00.000,605.335,605.35,605.04,605.22,164012,3051,606.23
2024-12-09T13:05:00.000,605.23,605.4599,605.19,605.25,126779,2525,606.22
2024-12-09T13:10:00.000,605.27,605.55,605.2,605.4801,150558,2694,606.21
2024-12-09T13:15:00.000,605.485,605.58,605.42,605.45,137418,2439,606.21
2024-12-09T13:20:00.000,605.475,605.655,605.41,605.55,100196,2280,606.2
2024-12-09T13:25:00.000,605.5497,605.835,605.54,605.725,137104,2666,606.2
2024-12-09T13:30:00.000,605.72,605.81,605.625,605.77,115743,3432,606.19
2024-12-09T13:35:00.000,605.76,606.15,605.755,606.07,170897,3440,606.19
2024-12-09T13:40:00.000,606.06,606.1309,605.9501,606.11,197360,3289,606.19
2024-12-09T13:45:00.000,606.1,606.4,606.05,606.36,181446,3240,606.19
2024-12-09T13:50:00.000,606.37,606.43,606.09,606.15,190655,3055,606.19
2024-12-09T13:55:00.000,606.145,606.18,605.94,606.01,186428,3157,606.19
2024-12-09T14:00:00.000,606.01,606.01,605.44,605.4791,288508,3766,606.18
2024-12-09T14:05:00.000,605.47,605.71,605.34,605.68,191818,3062,606.17
2024-12-09T14:10:00.000,605.681,605.681,605.51,605.5335,123506,2269,606.16
2024-12-09T14:15:00.000,605.53,605.6,605.36,605.36,135623,2356,606.16
2024-12-09T14:20:00.000,605.36,605.4579,605.24,605.42,221853,3154,606.14
2024-12-09T14:25:00.000,605.42,605.525,605.25,605.37,238704,2928,606.13
2024-12-09T14:30:00.000,605.37,605.44,605.21,605.271,187054,2701,606.12
2024-12-09T14:35:00.000,605.27,605.35,605.22,605.24,103352,2339,606.12
2024-12-09T14:40:00.000,605.23,605.24,604.66,604.93,316388,4396,606.1
2024-12-09T14:45:00.000,604.92,604.96,604.735,604.8419,264269,3597,606.07
2024-12-09T14:50:00.000,604.84,604.89,604.51,604.8499,341665,3568,606.06
2024-12-09T14:55:00.000,604.84,605.09,604.83,604.99,356409,3851,606.04
2024-12-09T15:00:00.000,605.0,605.07,604.5844,604.69,247256,3404,606.02
2024-12-09T15:05:00.000,604.6997,604.72,604.5,604.65,227674,3544,606.01
2024-12-09T15:10:00.000,604.6599,604.73,604.39,604.575,774576,4593,605.97
2024-12-09T15:15:00.000,604.58,604.775,604.47,604.66,658695,4440,605.93
2024-12-09T15:20:00.000,604.64,604.74,604.37,604.4379,367641,4061,605.9
2024-12-09T15:25:00.000,604.43,604.52,604.32,604.46,623028,4314,605.85
2024-12-09T15:30:00.000,604.46,604.79,604.45,604.515,510696,5196,605.82
2024-12-09T15:35:00.000,604.52,604.62,604.39,604.39,663799,4721,605.79
2024-12-09T15:40:00.000,604.4,604.5294,604.3,604.34,580572,4897,605.76
2024-12-09T15:45:00.000,604.345,604.44,604.13,604.43,949117,7212,605.69
2024-12-09T15:50:00.000,604.43,604.66,604.2,604.21,1017354,8152,605.64
2024-12-09T15:55:00.000,604.2,604.79,604.08,604.66,5545741,19203,605.44
2024-12-09T16:00:00.000,604.63,604.63,604.62,604.62,923,5,605.44
2024-12-10T09:30:00.000,605.37,605.4,604.315,604.34,701857,9681,604.86
2024-12-10T09:35:00.000,604.33,604.605,604.2737,604.49,472264,5954,604.67
2024-12-10T09:40:00.000,604.49,604.9099,604.28,604.9,416514,5246,604.64
2024-12-10T09:45:00.000,604.91,605.27,604.9,604.99,314131,4689,604.72
2024-12-10T09:50:00.000,605.005,605.02,604.38,604.465,395242,5323,604.69
2024-12-10T09:55:00.000,604.47,605.09,604.39,605.09,311327,4907,604.68
2024-12-10T10:00:00.000,605.075,605.24,604.88,605.18,284030,7996,604.72
2024-12-10T10:05:00.000,605.175,605.3298,605.12,605.18,299082,4555,604.77
2024-12-10T10:10:00.000,605.1601,605.33,605.0201,605.2,167087,3836,604.78
2024-12-10T10:15:00.000,605.19,605.5,605.18,605.47,379328,5056,604.85
2024-12-10T10:20:00.000,605.47,605.51,605.21,605.3,299356,4233,604.88
2024-12-10T10:25:00.000,605.38,605.4301,605.07,605.1199,194629,4299,604.89
2024-12-10T10:30:00.000,605.1199,605.62,604.97,605.5701,349154,5931,604.93
2024-12-10T10:35:00.000,605.565,605.565,605.29,605.43,157869,3977,604.94
2024-12-10T10:40:00.000,605.4163,605.61,605.3217,605.56,216261,4232,604.96
2024-12-10T10:45:00.000,605.555,605.8,605.42,605.54,190137,3635,604.99
2024-12-10T10:50:00.000,605.55,605.57,605.12,605.1599,195400,4067,605.0
2024-12-10T10:55:00.000,605.15,605.3599,604.96,605.0083,266185,4821,605.0
2024-12-10T11:00:00.000,605.0,605.27,604.75,605.24,476499,5474,605.0
2024-12-10T11:05:00.000,605.23,605.235,604.61,604.6776,257127,4376,605.0
2024-12-10T11:10:00.000,604.68,605.02,604.585,604.85,304944,4301,604.99
2024-12-10T11:15:00.000,604.84,604.91,604.72,604.79,160648,3138,604.98
2024-12-10T11:20:00.000,604.78,604.9,604.64,604.68,172109,3142,604.98
2024-12-10T11:25:00.000,604.66,604.9,604.58,604.66,173651,3492,604.97
2024-12-10T11:30:00.000,604.65,604.695,604.39,604.58,219074,3975,604.96
2024-12-10T11:35:00.000,604.56,604.6399,604.38,604.45,214635,4160,604.94
2024-12-10T11:40:00.000,604.44,604.51,604.325,604.415,209794,4043,604.93
2024-12-10T11:45:00.000,604.42,604.54,604.31,604.5099,178095,3790,604.92
2024-12-10T11:50:00.000,604.5001,604.71,604.39,604.4,175858,3674,604.91
2024-12-10T11:55:00.000,604.396,604.64,604.32,604.57,160941,3393,604.9
2024-12-10T12:00:00.000,604.56,604.59,604.41,604.52,132205,2770,604.9
2024-12-10T12:05:00.000,604.525,604.72,604.46,604.69,273063,2971,604.89
2024-12-10T12:10:00.000,604.6899,604.78,604.3,604.3,133378,3128,604.89
2024-12-10T12:15:00.000,604.3,604.38,604.18,604.265,404941,4270,604.87
2024-12-10T12:20:00.000,604.27,604.59,604.27,604.53,199708,3351,604.86
2024-12-10T12:25:00.000,604.51,604.69,604.43,604.52,144727,2758,604.85
2024-12-10T12:30:00.000,604.5,605.01,604.5,604.99,269096,2691,604.85
2024-12-10T12:35:00.000,604.98,605.02,604.81,604.81,134756,2489,604.85
2024-12-10T12:40:00.000,604.8158,604.8699,604.68,604.79,105221,2403,604.85
2024-12-10T12:45:00.000,604.8,604.94,604.77,604.88,221904,2385,604.85
2024-12-10T12:50:00.000,604.9,604.91,604.36,604.4199,109225,2620,604.85
2024-12-10T12:55:00.000,604.42,604.4899,604.26,604.3101,139436,2535,604.84
2024-12-10T13:00:00.000,604.32,604.38,604.17,604.24,135489,2401,604.84
2024-12-10T13:05:00.000,604.23,604.35,604.08,604.2101,379324,3358,604.82
2024-12-10T13:10:00.000,604.21,604.31,604.1,604.1,147753,2647,604.81
2024-12-10T13:15:00.000,604.1,604.45,604.1,604.2602,276495,3345,604.8
2024-12-10T13:20:00.000,604.26,604.3015,604.1901,604.23,91103,1944,604.79
2024-12-10T13:25:00.000,604.24,604.44,604.21,604.35,345053,2955,604.78
2024-12-10T13:30:00.000,604.37,604.47,604.26,604.45,115806,2994,604.77
2024-12-10T13:35:00.000,604.42,604.62,604.4199,604.5,105158,2302,604.77
2024-12-10T13:40:00.000,604.52,604.6199,604.28,604.31,123760,2251,604.77
2024-12-10T13:45:00.000,604.31,604.3792,604.2,604.3,257631,2529,604.76
2024-12-10T13:50:00.000,604.307,604.307,604.07,604.1704,156567,2548,604.75
2024-12-10T13:55:00.000,604.17,604.19,604.04,604.05,142161,2470,604.75
2024-12-10T14:00:00.000,604.04,604.11,603.82,603.92,323009,4675,604.72
2024-12-10T14:05:00.000,603.91,603.99,603.77,603.9,293446,3182,604.7
2024-12-10T14:10:00.000,603.9,603.9,603.59,603.77,271380,3702,604.68
2024-12-10T14:15:00.000,603.76,603.85,603.58,603.83,325365,3792,604.66
2024-12-10T14:20:00.000,603.83,604.03,603.81,604.01,475073,3567,604.64
2024-12-10T14:25:00.000,604.01,604.06,603.92,604.02,469822,2809,604.62
2024-12-10T14:30:00.000,604.02,604.04,603.69,603.775,829456,3607,604.61
2024-12-10T14:35:00.000,603.78,603.8587,603.71,603.755,527072,3606,604.59
2024-12-10T14:40:00.000,603.755,604.0,603.6221,603.86,540311,3972,604.58
2024-12-10T14:45:00.000,603.8517,603.93,603.66,603.67,322391,3659,604.56
2024-12-10T14:50:00.000,603.67,603.73,603.56,603.61,437288,3967,604.54
2024-12-10T14:55:00.000,603.6,603.75,603.53,603.655,568858,3434,604.52
2024-12-10T15:00:00.000,603.65,603.66,603.305,603.4,420214,4629,604.49
2024-12-10T15:05:00.000,603.4,603.42,603.27,603.42,714322,3889,604.47
2024-12-10T15:10:00.000,603.4,603.4,602.94,603.02,581322,6140,604.42
2024-12-10T15:15:00.000,603.03,603.16,602.91,603.03,349496,4052,604.39
2024-12-10T15:20:00.000,603.023708,603.06,602.81,602.9,659070,4304,604.35
2024-12-10T15:25:00.000,602.9,602.92,602.66,602.7319,425205,4336,604.31
2024-12-10T15:30:00.000,602.74,602.74,602.13,602.71,1674862,6623,604.23
2024-12-10T15:35:00.000,602.71,602.73,602.52,602.69,653587,4502,604.18
2024-12-10T15:40:00.000,602.69,602.92,602.62,602.7,580415,5457,604.14
2024-12-10T15:45:00.000,602.71,602.8,602.33,602.365,780209,5248,604.09
2024-12-10T15:50:00.000,602.37,602.68,602.3,602.31,669572,7901,604.04
2024-12-10T15:55:00.000,602.32,602.92,602.3,602.87,3874546,16333,603.87
2024-12-10T16:00:00.000,602.87,602.87,602.87,602.87,1047,5,603.87
2024-12-11T09:30:00.000,605.78,606.03,605.5,605.97,883445,9714,605.8
2024-12-11T09:35:00.000,605.97,606.09,605.82,605.835,632312,6668,605.86
2024-12-11T09:40:00.000,605.83,606.13,605.82,606.02,366608,4946,605.89
2024-12-11T09:45:00.000,606.01,606.58,605.96,606.335,674993,7190,606.01
2024-12-11T09:50:00.000,606.34,606.59,606.33,606.54,480619,6326,606.08
2024-12-11T09:55:00.000,606.54,606.655,606.3901,606.61,453169,5259,606.13
2024-12-11T10:00:00.000,606.6,606.62,606.3201,606.46,369922,5446,606.16
2024-12-11T10:05:00.000,606.47,606.87,606.46,606.86,437772,5598,606.21
2024-12-11T10:10:00.000,606.85,607.25,606.84,607.18,528725,6198,606.3
2024-12-11T10:15:00.000,607.18,607.18,606.74,606.8,332957,5112,606.34
2024-12-11T10:20:00.000,606.8074,606.91,606.52,606.68,406778,7615,606.36
2024-12-11T10:25:00.000,606.68,606.72,606.45,606.535,210447,4191,606.36
2024-12-11T10:30:00.000,606.56,606.78,606.5,606.77,279212,4285,606.38
2024-12-11T10:35:00.000,606.77,606.88,606.67,606.83,197918,4375,606.39
2024-12-11T10:40:00.000,606.83,606.96,606.61,606.87,213210,4220,606.4
2024-12-11T10:45:00.000,606.859,607.01,606.805,606.9551,222020,4008,606.42
2024-12-11T10:50:00.000,606.97,607.06,606.58,606.69,214895,3830,606.43
2024-12-11T10:55:00.000,606.69,606.81,606.4816,606.7783,173410,3327,606.43
2024-12-11T11:00:00.000,606.79,606.8,606.51,606.615,135741,3065,606.44
2024-12-11T11:05:00.000,606.62,606.93,606.61,606.8,181360,3097,606.44
2024-12-11T11:10:00.000,606.8,607.01,606.77,607.0,207914,3042,606.46
2024-12-11T11:15:00.000,607.0,607.02,606.84,606.97,164771,2652,606.47
2024-12-11T11:20:00.000,606.9901,607.21,606.92,607.21,122179,2766,606.47
2024-12-11T11:25:00.000,607.21,607.52,607.2,607.48,401179,4282,606.52
2024-12-11T11:30:00.000,607.48,607.51,607.36,607.455,293960,3291,606.54
2024-12-11T11:35:00.000,607.45,607.79,607.445,607.79,293218,3630,606.58
2024-12-11T11:40:00.000,607.8,607.87,607.58,607.82,187714,3241,606.6
2024-12-11T11:45:00.000,607.82,607.87,607.685,607.75,261385,3642,606.64
2024-12-11T11:50:00.000,607.77,607.8,607.5365,607.63,206441,3456,606.66
2024-12-11T11:55:00.000,607.6496,607.746,607.5,607.74,129299,2541,606.67
2024-12-11T12:00:00.000,607.75,608.1,607.72,608.025,205780,3530,606.69
2024-12-11T12:05:00.000,608.0299,608.1,607.8926,608.0108,197920,2786,606.72
2024-12-11T12:10:00.000,608.01,608.19,607.925,607.98,238028,3093,606.75
2024-12-11T12:15:00.000,607.98,608.07,607.85,607.9484,216201,3050,606.77
2024-12-11T12:20:00.000,607.945,607.985,607.81,607.88,219743,2848,606.8
2024-12-11T12:25:00.000,607.9,607.91,607.6799,607.72,217195,3119,606.82
2024-12-11T12:30:00.000,607.75,607.84,607.61,607.76,194877,2543,606.83
2024-12-11T12:35:00.000,607.74,607.88,607.62,607.8637,147339,2440,606.85
2024-12-11T12:40:00.000,607.865,608.05,607.8,608.05,124260,2350,606.86
2024-12-11T12:45:00.000,608.047,608.1,607.96,608.035,186291,2429,606.87
2024-12-11T12:50:00.000,608.0327,608.12,607.901,607.97,112480,2170,606.88
2024-12-11T12:55:00.000,607.93,608.12,607.88,608.12,137404,2347,606.9
2024-12-11T13:00:00.000,608.125,608.435,608.125,608.26,241138,3224,606.92
2024-12-11T13:05:00.000,608.28,608.29,608.08,608.1601,107985,2132,606.94
2024-12-11T13:10:00.000,608.18,608.19,607.98,608.085,149913,2386,606.95
2024-12-11T13:15:00.000,608.09,608.1499,607.992,608.125,128764,2334,606.96
2024-12-11T13:20:00.000,608.125,608.17,608.03,608.1298,107198,2172,606.97
2024-12-11T13:25:00.000,608.12,608.33,608.08,608.32,356187,2171,606.98
2024-12-11T13:30:00.000,608.31,608.4,608.155,608.25,270168,3702,607.01
2024-12-11T13:35:00.000,608.26,608.305,608.21,608.26,106210,2338,607.02
2024-12-11T13:40:00.000,608.28,608.29,608.03,608.115,175217,2516,607.03
2024-12-11T13:45:00.000,608.12,608.21,608.1,608.19,150870,2135,607.05
2024-12-11T13:50:00.000,608.19,608.19,607.825,607.9,194502,2695,607.06
2024-12-11T13:55:00.000,607.9,607.91,607.73,607.81,134079,2429,607.07
2024-12-11T14:00:00.000,607.815,607.98,607.73,607.76,258535,3045,607.08
2024-12-11T14:05:00.000,607.77,607.78,607.56,607.75,234949,2992,607.09
2024-12-11T14:10:00.000,607.7254,607.94,607.69,607.77,173745,2422,607.1
2024-12-11T14:15:00.000,607.775,607.87,607.76,607.86,111664,2161,607.11
2024-12-11T14:20:00.000,607.85,607.94,607.7,607.87,157073,2307,607.11
2024-12-11T14:25:00.000,607.863,607.94,607.8001,607.93,149183,2478,607.12
2024-12-11T14:30:00.000,607.92,608.05,607.83,607.975,276410,2703,607.13
2024-12-11T14:35:00.000,607.9897,608.1662,607.97,608.12,194121,2577,607.14
2024-12-11T14:40:00.000,608.12,608.2168,607.96,607.9814,217099,3061,607.16
2024-12-11T14:45:00.000,607.985,608.048,607.745,607.7975,275221,3141,607.17
2024-12-11T14:50:00.000,607.78,607.9199,607.71,607.775,173663,2459,607.17
2024-12-11T14:55:00.000,607.775,608.0,607.73,607.94,134792,2329,607.18
2024-12-11T15:00:00.000,607.95,608.09,607.87,608.0201,143850,2334,607.19
2024-12-11T15:05:00.000,608.02,608.04,607.87,607.97,510353,2881,607.2
2024-12-11T15:10:00.000,607.96,608.035,607.8801,608.0201,151225,2355,607.2
2024-12-11T15:15:00.000,608.02,608.04,607.92,607.97,201040,3159,607.21
2024-12-11T15:20:00.000,607.96,607.96,607.88,607.92,211575,3249,607.22
2024-12-11T15:25:00.000,607.9,608.09,607.86,608.07,228690,3620,607.23
2024-12-11T15:30:00.000,608.065,608.065,607.83,607.89,395384,4598,607.25
2024-12-11T15:35:00.000,607.88,608.04,607.8,608.03,308278,4380,607.26
2024-12-11T15:40:00.000,608.03,608.03,607.77,607.77,401350,3969,607.27
2024-12-11T15:45:00.000,607.78,607.88,607.74,607.84,478547,4792,607.28
2024-12-11T15:50:00.000,607.83,607.88,607.605,607.6301,755834,7197,607.3
2024-12-11T15:55:00.000,607.62,607.645,607.31,607.5,1472263,14147,607.31
2024-12-11T16:00:00.000,607.5,607.5,607.5,607.5,759,2,607.31
2024-12-12T09:30:00.000,606.58,606.64,605.9,606.0,807403,8762,606.33
2024-12-12T09:35:00.000,606.01,606.3,605.88,606.0801,401120,5177,606.24
2024-12-12T09:40:00.000,606.08,606.45,605.905,606.39,560824,5874,606.19
2024-12-12T09:45:00.000,606.39,606.3909,605.91,605.9275,295371,4673,606.17
2024-12-12T09:50:00.000,605.93,606.15,605.795,605.86,346170,5119,606.14
2024-12-12T09:55:00.000,605.8401,606.24,605.72,606.1999,220633,4335,606.12
2024-12-12T10:00:00.000,606.19,606.25,605.7,605.87,308621,5426,606.1
2024-12-12T10:05:00.000,605.82,605.93,605.38,605.5,346131,5123,606.06
2024-12-12T10:10:00.000,605.51,605.6,605.13,605.47,427990,5618,605.97
2024-12-12T10:15:00.000,605.45,605.97,605.27,605.95,415301,6632,605.93
2024-12-12T10:20:00.000,605.9401,606.28,605.71,606.2,287901,5806,605.94
2024-12-12T10:25:00.000,606.205,606.66,606.13,606.5626,491978,6092,605.99
2024-12-12T10:30:00.000,606.56,606.84,606.49,606.6,374022,5234,606.03
2024-12-12T10:35:00.000,606.6,606.97,606.57,606.88,187645,4306,606.06
2024-12-12T10:40:00.000,606.875,606.94,606.32,606.43,274395,4905,606.08
2024-12-12T10:45:00.000,606.42,606.76,606.3469,606.6099,138773,3260,606.09
2024-12-12T10:50:00.000,606.6,606.68,606.42,606.555,156837,3314,606.1
2024-12-12T10:55:00.000,606.555,606.84,606.555,606.799,213512,3541,606.12
2024-12-12T11:00:00.000,606.79,607.13,606.62,607.02,207106,3852,606.14
2024-12-12T11:05:00.000,607.02,607.13,606.89,606.92,156616,3128,606.16
2024-12-12T11:10:00.000,606.94,607.16,606.8201,606.84,130357,2912,606.18
2024-12-12T11:15:00.000,606.86,607.1299,606.6958,607.11,140705,2953,606.19
2024-12-12T11:20:00.000,607.11,607.14,606.76,606.97,109538,2673,606.2
2024-12-12T11:25:00.000,606.9799,607.06,606.8573,606.865,93758,2640,606.21
2024-12-12T11:30:00.000,606.88,606.91,606.67,606.71,111663,2693,606.22
2024-12-12T11:35:00.000,606.69,606.8081,606.5732,606.61,120500,2560,606.22
2024-12-12T11:40:00.000,606.6,606.6,606.32,606.45,232871,3403,606.23
2024-12-12T11:45:00.000,606.45,606.45,605.88,606.33,386062,4395,606.22
2024-12-12T11:50:00.000,606.34,606.37,606.0,606.0812,148998,2958,606.22
2024-12-12T11:55:00.000,606.085,606.2,605.77,605.79,127855,3028,606.22
2024-12-12T12:00:00.000,605.77,606.33,605.77,606.3143,221842,3795,606.22
2024-12-12T12:05:00.000,606.315,606.59,606.28,606.56,220721,3318,606.22
2024-12-12T12:10:00.000,606.55,606.7,606.5101,606.64,101913,2519,606.23
2024-12-12T12:15:00.000,606.65,606.89,606.65,606.71,208483,3012,606.24
2024-12-12T12:20:00.000,606.72,606.81,606.3401,606.4597,187329,3034,606.24
2024-12-12T12:25:00.000,606.4575,606.57,606.38,606.4979,171685,2697,606.25
2024-12-12T12:30:00.000,606.49,606.545,606.0213,606.09,279665,2973,606.25
2024-12-12T12:35:00.000,606.08,606.28,605.87,606.24,126277,2518,606.24
2024-12-12T12:40:00.000,606.23,606.23,605.95,606.13,234214,1925,606.24
2024-12-12T12:45:00.000,606.125,606.47,606.125,606.31,163775,2826,606.24
2024-12-12T12:50:00.000,606.33,606.34,606.1,606.34,85669,1971,606.24
2024-12-12T12:55:00.000,606.36,606.83,606.36,606.8,99508,2373,606.25
2024-12-12T13:00:00.000,606.78,606.89,606.5,606.5083,187419,2831,606.25
2024-12-12T13:05:00.000,606.5001,606.78,606.44,606.76,95287,1969,606.26
2024-12-12T13:10:00.000,606.77,606.83,606.47,606.79,100031,2104,606.26
2024-12-12T13:15:00.000,606.79,606.85,606.5801,606.835,115138,2267,606.27
2024-12-12T13:20:00.000,606.84,606.875,606.67,606.83,105377,2145,606.27
2024-12-12T13:25:00.000,606.84,606.95,606.47,606.5167,160621,2545,606.28
2024-12-12T13:30:00.000,606.51,606.55,606.24,606.265,107561,2859,606.28
2024-12-12T13:35:00.000,606.26,606.26,605.92,606.19,310508,2872,606.28
2024-12-12T13:40:00.000,606.18,606.31,605.93,606.01,152086,2277,606.27
2024-12-12T13:45:00.000,605.98,606.1365,605.96,606.12,135612,2249,606.27
2024-12-12T13:50:00.000,606.14,606.18,605.92,606.0,100554,2074,606.27
2024-12-12T13:55:00.000,605.99,606.05,605.72,605.76,167611,2422,606.26
2024-12-12T14:00:00.000,605.75,606.02,605.48,606.0,375073,3704,606.25
2024-12-12T14:05:00.000,606.0,606.12,605.77,605.8101,186040,3027,606.25
2024-12-12T14:10:00.000,605.8277,606.05,605.6,605.64,147154,2959,606.24
2024-12-12T14:15:00.000,605.645,605.71,605.4,605.465,374371,3299,606.23
2024-12-12T14:20:00.000,605.45,605.46,604.83,605.12,624063,6542,606.18
2024-12-12T14:25:00.000,605.13,605.33,604.93,604.93,248716,3697,606.17
2024-12-12T14:30:00.000,604.94,605.31,604.92,605.22,289543,3610,606.14
2024-12-12T14:35:00.000,605.22,605.4399,605.1,605.41,223085,3169,606.13
2024-12-12T14:40:00.000,605.42,605.43,605.06,605.28,233803,3112,606.12
2024-12-12T14:45:00.000,605.29,605.44,605.1201,605.2,187135,2761,606.11
2024-12-12T14:50:00.000,605.2,605.29,604.96,605.13,175540,2580,606.09
2024-12-12T14:55:00.000,605.12,605.24,604.93,605.12,198557,2582,606.08
2024-12-12T15:00:00.000,605.1,605.16,604.89,604.96,225750,2682,606.06
2024-12-12T15:05:00.000,604.95,605.23,604.94,605.08,199389,2933,606.05
2024-12-12T15:10:00.000,605.085,605.1104,604.75,605.0,293760,3335,606.03
2024-12-12T15:15:00.000,604.87,605.12,604.85,604.92,237049,3122,606.01
2024-12-12T15:20:00.000,604.92,605.09,604.87,604.895,411681,3303,605.99
2024-12-12T15:25:00.000,604.9035,604.99,604.76,604.88,341371,3406,605.97
2024-12-12T15:30:00.000,604.9,605.28,604.88,605.28,683452,4456,605.95
2024-12-12T15:35:00.000,605.26,605.3,605.08,605.0973,257092,3633,605.94
2024-12-12T15:40:00.000,605.08,605.1,604.9,605.065,490727,5081,605.91
2024-12-12T15:45:00.000,605.07,605.35,605.04,605.05,771357,5323,605.88
2024-12-12T15:50:00.000,605.06,605.3146,604.75,604.76,1027681,7793,605.85
2024-12-12T15:55:00.000,604.78,604.79,604.34,604.35,3330269,17997,605.69
2024-12-12T16:00:00.000,604.35,604.35,604.35,604.35,105,1,605.69
2024-12-13T09:30:00.000,606.4,606.5,606.01,606.43,942257,9191,606.27
2024-12-13T09:35:00.000,606.44,606.57,606.1,606.551,394791,5126,606.31
2024-12-13T09:40:00.000,606.55,606.94,606.51,606.8298,462988,5059,606.41
2024-12-13T09:45:00.000,606.83,607.13,606.8,606.84,450921,5933,606.51
2024-12-13T09:50:00.000,606.85,606.97,606.18,606.29,380306,5702,606.53
2024-12-13T09:55:00.000,606.28,606.48,606.06,606.15,493133,6077,606.49
2024-12-13T10:00:00.000,606.17,606.2,605.67,605.79,482947,6107,606.41
2024-12-13T10:05:00.000,605.76,605.84,605.07,605.59,442582,6551,606.31
2024-12-13T10:10:00.000,605.59,605.99,605.47,605.48,453163,6009,606.25
2024-12-13T10:15:00.000,605.49,605.63,605.1,605.13,321237,5083,606.2
2024-12-13T10:20:00.000,605.14,605.295,605.07,605.16,364342,5345,606.13
2024-12-13T10:25:00.000,605.15,605.325,604.92,605.01,401438,6900,606.06
2024-12-13T10:30:00.000,605.01,605.2674,604.91,604.95,206519,7682,606.02
2024-12-13T10:35:00.000,604.95,605.11,604.81,604.83,239932,4434,605.98
2024-12-13T10:40:00.000,604.81,604.85,603.6,603.830714,885101,9205,605.75
2024-12-13T10:45:00.000,603.8,604.33,603.7,604.26,472390,5810,605.64
2024-12-13T10:50:00.000,604.2401,604.29,603.44,603.685,352466,5442,605.56
2024-12-13T10:55:00.000,603.69,603.9,603.43,603.47,265530,4711,605.5
2024-12-13T11:00:00.000,603.47,603.54,603.16,603.31,378831,5692,605.4
2024-12-13T11:05:00.000,603.3224,603.51,603.13,603.34,259499,4433,605.34
2024-12-13T11:10:00.000,603.38,603.79,603.03,603.1547,524095,5579,605.26
2024-12-13T11:15:00.000,603.2299,604.03,603.165,603.965,298231,4817,605.21
2024-12-13T11:20:00.000,603.955,604.03,603.68,604.03,164809,3416,605.19
2024-12-13T11:25:00.000,604.02,604.025,603.48,603.6799,237471,4026,605.15
2024-12-13T11:30:00.000,603.6625,604.6,603.6586,604.59,761296,4899,605.12
2024-12-13T11:35:00.000,604.59,604.66,603.77,603.77,539057,4623,605.08
2024-12-13T11:40:00.000,603.79,604.38,603.72,603.88,532230,4298,605.05
2024-12-13T11:45:00.000,603.87,603.9,603.6423,603.76,262445,3291,605.02
2024-12-13T11:50:00.000,603.77,603.98,603.49,603.56,212892,3652,605.0
2024-12-13T11:55:00.000,603.56,603.885,603.32,603.81,209982,3408,604.97
2024-12-13T12:00:00.000,603.785,603.81,603.5999,603.695,136345,2785,604.96
2024-12-13T12:05:00.000,603.74,603.84,603.555,603.63,230956,3552,604.93
2024-12-13T12:10:00.000,603.6581,603.99,603.46,603.48,176737,3304,604.92
2024-12-13T12:15:00.000,603.48,603.66,603.3201,603.6283,136490,2870,604.9
2024-12-13T12:20:00.000,603.615,603.7765,603.14,603.34,196407,3747,604.88
2024-12-13T12:25:00.000,603.33,603.33,603.12,603.236837,151246,3528,604.86
2024-12-13T12:30:00.000,603.24,603.24,603.04,603.19,190537,3268,604.84
2024-12-13T12:35:00.000,603.19,603.32,602.9,603.13,436114,5113,604.81
2024-12-13T12:40:00.000,603.13,603.28,602.88,602.98,249094,3950,604.78
2024-12-13T12:45:00.000,602.97,603.17,602.9,603.165,131657,2766,604.76
2024-12-13T12:50:00.000,603.155,603.53,602.92,603.38,223582,3714,604.74
2024-12-13T12:55:00.000,603.3501,603.44,602.83,602.91,233051,3576,604.71
2024-12-13T13:00:00.000,602.9,603.35,602.81,603.24,293029,3219,604.69
2024-12-13T13:05:00.000,603.24,603.365,602.97,603.3,215659,3390,604.66
2024-12-13T13:10:00.000,603.3,603.4499,603.17,603.36,132698,2981,604.65
2024-12-13T13:15:00.000,603.35,603.67,603.26,603.58,405292,3299,604.64
2024-12-13T13:20:00.000,603.58,603.62,603.35,603.5173,286708,3119,604.63
2024-12-13T13:25:00.000,603.52,604.07,603.36,603.9788,289396,4628,604.61
2024-12-13T13:30:00.000,603.97,604.02,603.68,603.9,137624,3476,604.6
2024-12-13T13:35:00.000,603.9,604.17,603.83,604.135,187109,3062,604.6
2024-12-13T13:40:00.000,604.14,604.178,604.0,604.085,369508,2968,604.59
2024-12-13T13:45:00.000,604.08,604.42,604.0,604.31,192779,2822,604.59
2024-12-13T13:50:00.000,604.31,604.31,603.9301,604.105,156555,2322,604.58
2024-12-13T13:55:00.000,604.12,604.17,603.98,604.1,273685,1884,604.58
2024-12-13T14:00:00.000,604.11,604.18,603.9201,604.065,351798,3444,604.57
2024-12-13T14:05:00.000,604.065,604.5286,604.0601,604.525,436493,3254,604.56
2024-12-13T14:10:00.000,604.51,604.51,604.11,604.16,393372,2628,604.56
2024-12-13T14:15:00.000,604.145,604.4272,604.1201,604.35,545300,2291,604.56
2024-12-13T14:20:00.000,604.35,604.395,604.23,604.3795,388254,2717,604.55
2024-12-13T14:25:00.000,604.375,604.4299,604.29,604.38,276472,2268,604.55
2024-12-13T14:30:00.000,604.4,604.63,604.37,604.535,179513,2918,604.55
2024-12-13T14:35:00.000,604.54,604.57,604.3,604.45,260058,2935,604.55
2024-12-13T14:40:00.000,604.48,604.57,604.4,604.45,217338,2362,604.55
2024-12-13T14:45:00.000,604.47,604.57,604.2317,604.34,218521,2607,604.55
2024-12-13T14:50:00.000,604.35,604.47,604.18,604.36,361566,3299,604.54
2024-12-13T14:55:00.000,604.355,604.4,604.15,604.3001,223261,2726,604.54
2024-12-13T15:00:00.000,604.29,604.52,604.27,604.45,250789,2704,604.54
2024-12-13T15:05:00.000,604.45,604.49,604.2,604.32,284424,2890,604.54
2024-12-13T15:10:00.000,604.305,604.44,604.23,604.27,182503,2761,604.53
2024-12-13T15:15:00.000,604.27,604.3,603.94,604.06,297179,3669,604.53
2024-12-13T15:20:00.000,604.06,604.16,603.77,604.1,350614,4101,604.52
2024-12-13T15:25:00.000,604.1,604.32,604.1,604.27,406082,3627,604.51
2024-12-13T15:30:00.000,604.26,604.49,604.1799,604.48,405806,3854,604.51
2024-12-13T15:35:00.000,604.49,604.7,604.32,604.61,360513,3846,604.51
2024-12-13T15:40:00.000,604.61,604.62,604.3,604.33,335584,4023,604.51
2024-12-13T15:45:00.000,604.34,604.7,604.33,604.68,496200,5325,604.51
2024-12-13T15:50:00.000,604.69,604.69,604.11,604.16,927344,6814,604.51
2024-12-13T15:55:00.000,604.16,604.49,604.1,604.26,1734785,14021,604.49
2024-12-13T16:00:00.000,0.0,0.0,0.0,0.0,83,1,604.49
2024-12-14T09:30:00.000,0.0,0.0,0.0,0.0,0,0,0.0
2024-12-14T09:35:00.000,0.0,0.0,0.0,0.0,0,0,0.0
2024-12-14T09:40:00.000,0.0,0.0,0.0,0.0,0,0,0.0
2024-12-14T09:45:00.000,0.0,0.0,0.0,0.0,0,0,0.0
2024-12-14T09:50:00.000,0.0,0.0,0.0,0.0,0,0,0.0
2024-12-14T09:55:00.000,0.0,0.0,0.0,0.0,0,0,0.0
2024-12-14T10:00:00.000,0.0,0.0,0.0,0.0,0,0,0.0
2024-12-14T10:05:00.000,0.0,0.0,0.0,0.0,0,0,0.0
2024-12-14T10:10:00.000,0.0,0.0,0.0,0.0,0,0,0.0
2024-12-14T10:15:00.000,0.0,0.0,0.0,0.0,0,0,0.0
2024-12-14T10:20:00.000,0.0,0.0,0.0,0.0,0,0,0.0
2024-12-14T10:25:00.000,0.0,0.0,0.0,0.0,0,0,0.0
2024-12-14T10:30:00.000,0.0,0.0,0.0,0.0,0,0,0.0
2024-12-14T10:35:00.000,0.0,0.0,0.0,0.0,0,0,0.0
2024-12-14T10:40:00.000,0.0,0.0,0.0,0.0,0,0,0.0
2024-12-14T10:45:00.000,0.0,0.0,0.0,0.0,0,0,0.0
2024-12-14T10:50:00.000,0.0,0.0,0.0,0.0,0,0,0.0
2024-12-14T10:55:00.000,0.0,0.0,0.0,0.0,0,0,0.0
2024-12-14T11:00:00.000,0.0,0.0,0.0,0.0,0,0,0.0
2024-12-14T11:05:00.000,0.0,0.0,0.0,0.0,0,0,0.0
2024-12-14T11:10:00.000,0.0,0.0,0.0,0.0,0,0,0.0
2024-12-14T11:15:00.000,0.0,0.0,0.0,0.0,0,0,0.0
2024-12-14T11:20:00.000,0.0,0.0,0.0,0.0,0,0,0.0
2024-12-14T11:25:00.000,0.0,0.0,0.0,0.0,0,0,0.0
2024-12-14T11:30:00.000,0.0,0.0,0.0,0.0,0,0,0.0
2024-12-14T11:35:00.000,0.0,0.0,0.0,0.0,0,0,0.0
2024-12-14T11:40:00.000,0.0,0.0,0.0,0.0,0,0,0.0
2024-12-14T11:45:00.000,0.0,0.0,0.0,0.0,0,0,0.0
2024-12-14T11:50:00.000,0.0,0.0,0.0,0.0,0,0,0.0
2024-12-14T11:55:00.000,0.0,0.0,0.0,0.0,0,0,0.0
2024-12-14T12:00:00.000,0.0,0.0,0.0,0.0,0,0,0.0
2024-12-14T12:05:00.000,0.0,0.0,0.0,0.0,0,0,0.0
2024-12-14T12:10:00.000,0.0,0.0,0.0,0.0,0,0,0.0
2024-12-14T12:15:00.000,0.0,0.0,0.0,0.0,0,0,0.0
2024-12-14T12:20:00.000,0.0,0.0,0.0,0.0,0,0,0.0
2024-12-14T12:25:00.000,0.0,0.0,0.0,0.0,0,0,0.0
2024-12-14T12:30:00.000,0.0,0.0,0.0,0.0,0,0,0.0
2024-12-14T12:35:00.000,0.0,0.0,0.0,0.0,0,0,0.0
2024-12-14T12:40:00.000,0.0,0.0,0.0,0.0,0,0,0.0
2024-12-14T12:45:00.000,0.0,0.0,0.0,0.0,0,0,0.0
2024-12-14T12:50:00.000,0.0,0.0,0.0,0.0,0,0,0.0
2024-12-14T12:55:00.000,0.0,0.0,0.0,0.0,0,0,0.0
2024-12-14T13:00:00.000,0.0,0.0,0.0,0.0,0,0,0.0
2024-12-14T13:05:00.000,0.0,0.0,0.0,0.0,0,0,0.0
2024-12-14T13:10:00.000,0.0,0.0,0.0,0.0,0,0,0.0
2024-12-14T13:15:00.000,0.0,0.0,0.0,0.0,0,0,0.0
2024-12-14T13:20:00.000,0.0,0.0,0.0,0.0,0,0,0.0
2024-12-14T13:25:00.000,0.0,0.0,0.0,0.0,0,0,0.0
2024-12-14T13:30:00.000,0.0,0.0,0.0,0.0,0,0,0.0
2024-12-14T13:35:00.000,0.0,0.0,0.0,0.0,0,0,0.0
2024-12-14T13:40:00.000,0.0,0.0,0.0,0.0,0,0,0.0
2024-12-14T13:45:00.000,0.0,0.0,0.0,0.0,0,0,0.0
2024-12-14T13:50:00.000,0.0,0.0,0.0,0.0,0,0,0.0
2024-12-14T13:55:00.000,0.0,0.0,0.0,0.0,0,0,0.0
2024-12-14T14:00:00.000,0.0,0.0,0.0,0.0,0,0,0.0
2024-12-14T14:05:00.000,0.0,0.0,0.0,0.0,0,0,0.0
2024-12-14T14:10:00.000,0.0,0.0,0.0,0.0,0,0,0.0
2024-12-14T14:15:00.000,0.0,0.0,0.0,0.0,0,0,0.0
2024-12-14T14:20:00.000,0.0,0.0,0.0,0.0,0,0,0.0
2024-12-14T14:25:00.000,0.0,0.0,0.0,0.0,0,0,0.0
2024-12-14T14:30:00.000,0.0,0.0,0.0,0.0,0,0,0.0
2024-12-14T14:35:00.000,0.0,0.0,0.0,0.0,0,0,0.0
2024-12-14T14:40:00.000,0.0,0.0,0.0,0.0,0,0,0.0
2024-12-14T14:45:00.000,0.0,0.0,0.0,0.0,0,0,0.0
2024-12-14T14:50:00.000,0.0,0.0,0.0,0.0,0,0,0.0
2024-12-14T14:55:00.000,0.0,0.0,0.0,0.0,0,0,0.0
2024-12-14T15:00:00.000,0.0,0.0,0.0,0.0,0,0,0.0
2024-12-14T15:05:00.000,0.0,0.0,0.0,0.0,0,0,0.0
2024-12-14T15:10:00.000,0.0,0.0,0.0,0.0,0,0,0.0
2024-12-14T15:15:00.000,0.0,0.0,0.0,0.0,0,0,0.0
2024-12-14T15:20:00.000,0.0,0.0,0.0,0.0,0,0,0.0
2024-12-14T15:25:00.000,0.0,0.0,0.0,0.0,0,0,0.0
2024-12-14T15:30:00.000,0.0,0.0,0.0,0.0,0,0,0.0
2024-12-14T15:35:00.000,0.0,0.0,0.0,0.0,0,0,0.0
2024-12-14T15:40:00.000,0.0,0.0,0.0,0.0,0,0,0.0
2024-12-14T15:45:00.000,0.0,0.0,0.0,0.0,0,0,0.0
2024-12-14T15:50:00.000,0.0,0.0,0.0,0.0,0,0,0.0
2024-12-14T15:55:00.000,0.0,0.0,0.0,0.0,0,0,0.0
2024-12-14T16:00:00.000,0.0,0.0,0.0,0.0,0,0,0.0
2024-12-15T09:30:00.000,0.0,0.0,0.0,0.0,0,0,0.0
2024-12-15T09:35:00.000,0.0,0.0,0.0,0.0,0,0,0.0
2024-12-15T09:40:00.000,0.0,0.0,0.0,0.0,0,0,0.0
2024-12-15T09:45:00.000,0.0,0.0,0.0,0.0,0,0,0.0
2024-12-15T09:50:00.000,0.0,0.0,0.0,0.0,0,0,0.0
2024-12-15T09:55:00.000,0.0,0.0,0.0,0.0,0,0,0.0
2024-12-15T10:00:00.000,0.0,0.0,0.0,0.0,0,0,0.0
2024-12-15T10:05:00.000,0.0,0.0,0.0,0.0,0,0,0.0
2024-12-15T10:10:00.000,0.0,0.0,0.0,0.0,0,0,0.0
2024-12-15T10:15:00.000,0.0,0.0,0.0,0.0,0,0,0.0
2024-12-15T10:20:00.000,0.0,0.0,0.0,0.0,0,0,0.0
2024-12-15T10:25:00.000,0.0,0.0,0.0,0.0,0,0,0.0
2024-12-15T10:30:00.000,0.0,0.0,0.0,0.0,0,0,0.0
2024-12-15T10:35:00.000,0.0,0.0,0.0,0.0,0,0,0.0
2024-12-15T10:40:00.000,0.0,0.0,0.0,0.0,0,0,0.0
2024-12-15T10:45:00.000,0.0,0.0,0.0,0.0,0,0,0.0
2024-12-15T10:50:00.000,0.0,0.0,0.0,0.0,0,0,0.0
2024-12-15T10:55:00.000,0.0,0.0,0.0,0.0,0,0,0.0
2024-12-15T11:00:00.000,0.0,0.0,0.0,0.0,0,0,0.0
2024-12-15T11:05:00.000,0.0,0.0,0.0,0.0,0,0,0.0
2024-12-15T11:10:00.000,0.0,0.0,0.0,0.0,0,0,0.0
2024-12-15T11:15:00.000,0.0,0.0,0.0,0.0,0,0,0.0
2024-12-15T11:20:00.000,0.0,0.0,0.0,0.0,0,0,0.0
2024-12-15T11:25:00.000,0.0,0.0,0.0,0.0,0,0,0.0
2024-12-15T11:30:00.000,0.0,0.0,0.0,0.0,0,0,0.0
2024-12-15T11:35:00.000,0.0,0.0,0.0,0.0,0,0,0.0
2024-12-15T11:40:00.000,0.0,0.0,0.0,0.0,0,0,0.0
2024-12-15T11:45:00.000,0.0,0.0,0.0,0.0,0,0,0.0
2024-12-15T11:50:00.000,0.0,0.0,0.0,0.0,0,0,0.0
2024-12-15T11:55:00.000,0.0,0.0,0.0,0.0,0,0,0.0
2024-12-15T12:00:00.000,0.0,0.0,0.0,0.0,0,0,0.0
2024-12-15T12:05:00.000,0.0,0.0,0.0,0.0,0,0,0.0
2024-12-15T12:10:00.000,0.0,0.0,0.0,0.0,0,0,0.0
2024-12-15T12:15:00.000,0.0,0.0,0.0,0.0,0,0,0.0
2024-12-15T12:20:00.000,0.0,0.0,0.0,0.0,0,0,0.0
2024-12-15T12:25:00.000,0.0,0.0,0.0,0.0,0,0,0.0
2024-12-15T12:30:00.000,0.0,0.0,0.0,0.0,0,0,0.0
2024-12-15T12:35:00.000,0.0,0.0,0.0,0.0,0,0,0.0
2024-12-15T12:40:00.000,0.0,0.0,0.0,0.0,0,0,0.0
2024-12-15T12:45:00.000,0.0,0.0,0.0,0.0,0,0,0.0
2024-12-15T12:50:00.000,0.0,0.0,0.0,0.0,0,0,0.0
2024-12-15T12:55:00.000,0.0,0.0,0.0,0.0,0,0,0.0
2024-12-15T13:00:00.000,0.0,0.0,0.0,0.0,0,0,0.0
2024-12-15T13:05:00.000,0.0,0.0,0.0,0.0,0,0,0.0
2024-12-15T13:10:00.000,0.0,0.0,0.0,0.0,0,0,0.0
2024-12-15T13:15:00.000,0.0,0.0,0.0,0.0,0,0,0.0
2024-12-15T13:20:00.000,0.0,0.0,0.0,0.0,0,0,0.0
2024-12-15T13:25:00.000,0.0,0.0,0.0,0.0,0,0,0.0
2024-12-15T13:30:00.000,0.0,0.0,0.0,0.0,0,0,0.0
2024-12-15T13:35:00.000,0.0,0.0,0.0,0.0,0,0,0.0
2024-12-15T13:40:00.000,0.0,0.0,0.0,0.0,0,0,0.0
2024-12-15T13:45:00.000,0.0,0.0,0.0,0.0,0,0,0.0
2024-12-15T13:50:00.000,0.0,0.0,0.0,0.0,0,0,0.0
2024-12-15T13:55:00.000,0.0,0.0,0.0,0.0,0,0,0.0
2024-12-15T14:00:00.000,0.0,0.0,0.0,0.0,0,0,0.0
2024-12-15T14:05:00.000,0.0,0.0,0.0,0.0,0,0,0.0
2024-12-15T14:10:00.000,0.0,0.0,0.0,0.0,0,0,0.0
2024-12-15T14:15:00.000,0.0,0.0,0.0,0.0,0,0,0.0
2024-12-15T14:20:00.000,0.0,0.0,0.0,0.0,0,0,0.0
2024-12-15T14:25:00.000,0.0,0.0,0.0,0.0,0,0,0.0
2024-12-15T14:30:00.000,0.0,0.0,0.0,0.0,0,0,0.0
2024-12-15T14:35:00.000,0.0,0.0,0.0,0.0,0,0,0.0
2024-12-15T14:40:00.000,0.0,0.0,0.0,0.0,0,0,0.0
2024-12-15T14:45:00.000,0.0,0.0,0.0,0.0,0,0,0.0
2024-12-15T14:50:00.000,0.0,0.0,0.0,0.0,0,0,0.0
2024-12-15T14:55:00.000,0.0,0.0,0.0,0.0,0,0,0.0
2024-12-15T15:00:00.000,0.0,0.0,0.0,0.0,0,0,0.0
2024-12-15T15:05:00.000,0.0,0.0,0.0,0.0,0,0,0.0
2024-12-15T15:10:00.000,0.0,0.0,0.0,0.0,0,0,0.0
2024-12-15T15:15:00.000,0.0,0.0,0.0,0.0,0,0,0.0
2024-12-15T15:20:00.000,0.0,0.0,0.0,0.0,0,0,0.0
2024-12-15T15:25:00.000,0.0,0.0,0.0,0.0,0,0,0.0
2024-12-15T15:30:00.000,0.0,0.0,0.0,0.0,0,0,0.0
2024-12-15T15:35:00.000,0.0,0.0,0.0,0.0,0,0,0.0
2024-12-15T15:40:00.000,0.0,0.0,0.0,0.0,0,0,0.0
2024-12-15T15:45:00.000,0.0,0.0,0.0,0.0,0,0,0.0
2024-12-15T15:50:00.000,0.0,0.0,0.0,0.0,0,0,0.0
2024-12-15T15:55:00.000,0.0,0.0,0.0,0.0,0,0,0.0
2024-12-15T16:00:00.000,0.0,0.0,0.0,0.0,0,0,0.0
2024-12-16T09:30:00.000,606.0,606.4,605.777,605.89,1161509,12800,606.04
2024-12-16T09:35:00.000,605.89,606.05,605.701,606.02,356957,5436,606.0
2024-12-16T09:40:00.000,606.02,606.2895,605.63,605.72,396608,5665,605.98
2024-12-16T09:45:00.000,605.75,606.11,605.5801,605.97,481267,7582,605.94
2024-12-16T09:50:00.000,605.9708,606.37,605.86,606.365,446226,6156,605.96
2024-12-16T09:55:00.000,606.36,606.36,605.98,606.27,305085,5093,605.98
2024-12-16T10:00:00.000,606.3,606.65,606.23,606.65,543611,6996,606.06
2024-12-16T10:05:00.000,606.66,606.6772,606.275,606.34,280140,5702,606.08
2024-12-16T10:10:00.000,606.36,606.49,605.98,606.04,406505,12120,606.09
2024-12-16T10:15:00.000,606.06,606.12,605.67,605.765,247115,4730,606.08
2024-12-16T10:20:00.000,605.765,605.87,605.21,605.84,506073,5947,606.03
2024-12-16T10:25:00.000,605.82,606.47,605.77,606.46,294331,4809,606.04
2024-12-16T10:30:00.000,606.45,606.92,606.36,606.91,342527,5113,606.08
2024-12-16T10:35:00.000,606.9163,607.045,606.8199,606.99,329790,5016,606.13
2024-12-16T10:40:00.000,606.99,607.01,606.6825,606.87,225549,4463,606.15
2024-12-16T10:45:00.000,606.87,606.9,606.73,606.81,212279,4286,606.17
2024-12-16T10:50:00.000,606.84,606.9,606.62,606.75,351172,4578,606.2
2024-12-16T10:55:00.000,606.74,607.11,606.64,606.71,336712,4216,606.23
2024-12-16T11:00:00.000,606.71,606.935,606.58,606.78,325387,4593,606.25
2024-12-16T11:05:00.000,606.79,606.94,606.785,606.85,147550,3404,606.26
2024-12-16T11:10:00.000,606.853,606.98,606.8,606.85,222836,3717,606.28
2024-12-16T11:15:00.000,606.84,606.85,606.535,606.83,391424,3804,606.29
2024-12-16T11:20:00.000,606.84,606.93,606.7,606.9,210327,3663,606.3
2024-12-16T11:25:00.000,606.88,606.91,606.675,606.72,203360,3661,606.31
2024-12-16T11:30:00.000,606.73,606.79,606.45,606.53,181854,3477,606.32
2024-12-16T11:35:00.000,606.53,606.75,606.47,606.62,185658,3440,606.33
2024-12-16T11:40:00.000,606.64,606.77,606.41,606.49,167120,3401,606.33
2024-12-16T11:45:00.000,606.49,606.72,606.4,606.72,204960,3524,606.33
2024-12-16T11:50:00.000,606.73,606.8966,606.69,606.86,149461,3264,606.34
2024-12-16T11:55:00.000,606.87,606.96,606.77,606.95,313498,3493,606.35
2024-12-16T12:00:00.000,606.96,607.03,606.61,606.71,150546,3452,606.36
2024-12-16T12:05:00.000,606.72,606.77,606.56,606.75,140060,3004,606.36
2024-12-16T12:10:00.000,606.75,606.93,606.73,606.89,129008,2799,606.37
2024-12-16T12:15:00.000,606.91,606.99,606.9,606.93,116533,2180,606.37
2024-12-16T12:20:00.000,606.9399,606.99,606.84,606.92,84121,2430,606.38
2024-12-16T12:25:00.000,606.91,606.99,606.89,606.95,360684,2464,606.38
2024-12-16T12:30:00.000,606.95,607.05,606.93,606.99,350048,3286,606.4
2024-12-16T12:35:00.000,606.98,607.1999,606.9167,607.1899,399324,3146,606.42
2024-12-16T12:40:00.000,607.188,607.34,607.1501,607.21,167932,3309,606.43
2024-12-16T12:45:00.000,607.2001,607.24,607.08,607.11,240956,3061,606.44
2024-12-16T12:50:00.000,607.11,607.185,606.86,607.08,179066,3291,606.45
2024-12-16T12:55:00.000,607.09,607.29,606.971,607.255,140573,3079,606.46
2024-12-16T13:00:00.000,607.26,607.34,607.16,607.335,312775,3198,606.47
2024-12-16T13:05:00.000,607.33,607.42,607.281,607.37,270567,3388,606.49
2024-12-16T13:10:00.000,607.37,607.405,607.2608,607.32,254887,2697,606.5
2024-12-16T13:15:00.000,607.31,607.48,607.295,607.45,317554,2575,606.52
2024-12-16T13:20:00.000,607.445,607.69,607.44,607.65,245112,3194,606.54
2024-12-16T13:25:00.000,607.66,607.72,607.6322,607.72,365596,3080,606.56
2024-12-16T13:30:00.000,607.71,607.7795,607.465,607.5101,307017,4597,606.59
2024-12-16T13:35:00.000,607.5111,607.61,607.42,607.48,232881,3942,606.6
2024-12-16T13:40:00.000,607.485,607.65,607.46,607.61,149850,3123,606.61
2024-12-16T13:45:00.000,607.65,607.66,607.51,607.595,151130,2444,606.63
2024-12-16T13:50:00.000,607.6,607.69,607.545,607.63,145748,2432,606.64
2024-12-16T13:55:00.000,607.63,607.6951,607.595,607.62,109155,2196,606.64
2024-12-16T14:00:00.000,607.61,607.61,607.38,607.45,216766,3261,606.66
2024-12-16T14:05:00.000,607.46,607.53,607.4,607.47,422647,2953,606.68
2024-12-16T14:10:00.000,607.47,607.56,607.405,607.56,153790,2444,606.69
2024-12-16T14:15:00.000,607.56,607.66,607.49,607.57,355250,2788,606.7
2024-12-16T14:20:00.000,607.57,607.58,607.42,607.525,214581,3240,606.72
2024-12-16T14:25:00.000,607.525,607.53,607.32,607.35,296872,3426,606.73
2024-12-16T14:30:00.000,607.34,607.41,607.29,607.4,241630,3667,606.74
2024-12-16T14:35:00.000,607.41,607.59,607.29,607.58,200504,3490,606.75
2024-12-16T14:40:00.000,607.57,607.59,607.44,607.45,170314,3025,606.76
2024-12-16T14:45:00.000,607.44,607.47,607.36,607.44,257286,3222,606.77
2024-12-16T14:50:00.000,607.44,607.58,607.4,607.5599,201514,3306,606.77
2024-12-16T14:55:00.000,607.5487,607.66,607.5,607.5,1259692,3560,606.79
2024-12-16T15:00:00.000,607.51,607.54,607.41,607.475,373682,3124,606.8
2024-12-16T15:05:00.000,607.48,607.76,607.48,607.735,264399,3748,606.81
2024-12-16T15:10:00.000,607.7313,607.775,607.68,607.695,254936,4639,606.82
2024-12-16T15:15:00.000,607.685,607.76,607.6,607.62,398387,4110,606.84
2024-12-16T15:20:00.000,607.615,607.68,607.46,607.485,415065,4456,606.85
2024-12-16T15:25:00.000,607.49,607.7,607.475,607.59,261180,4302,606.86
2024-12-16T15:30:00.000,607.58,607.581,607.33,607.345,414694,5035,606.88
2024-12-16T15:35:00.000,607.35,607.4,607.21,607.28,484775,4755,606.89
2024-12-16T15:40:00.000,607.27,607.27,606.98,606.985,1675257,5709,606.89
2024-12-16T15:45:00.000,606.98,606.98,606.585,606.735,783448,8154,606.88
2024-12-16T15:50:00.000,606.73,606.73,606.055,606.295,2733521,14578,606.83
2024-12-16T15:55:00.000,606.3,606.88,606.3,606.775,4367024,24587,606.79
2024-12-16T16:00:00.000,0.0,0.0,0.0,0.0,0,0,606.79
2024-12-17T09:30:00.000,604.19,604.29,603.6004,604.04,1251616,13352,604.02
2024-12-17T09:35:00.000,604.06,604.22,603.7233,604.05,533677,6949,604.01
2024-12-17T09:40:00.000,604.06,604.61,603.7999,604.52,759285,6850,604.03
2024-12-17T09:45:00.000,604.5,604.725,604.27,604.59,483690,5868,604.11
2024-12-17T09:50:00.000,604.6,604.85,604.45,604.825,482088,6564,604.18
2024-12-17T09:55:00.000,604.82,604.86,604.3,604.4,634707,5865,604.23
2024-12-17T10:00:00.000,604.38,604.41,603.75,603.91,507589,10361,604.21
2024-12-17T10:05:00.000,603.94,604.21,603.76,603.83,285615,5459,604.19
2024-12-17T10:10:00.000,603.82,603.86,603.34,603.4,462904,7025,604.13
2024-12-17T10:15:00.000,603.4,603.75,603.23,603.43,840181,7133,604.07
2024-12-17T10:20:00.000,603.43,603.49,603.23,603.41,493913,6925,604.01
2024-12-17T10:25:00.000,603.42,603.44,603.16,603.22,311181,5431,603.98
2024-12-17T10:30:00.000,603.2,603.46,603.17,603.29,569766,5635,603.95
2024-12-17T10:35:00.000,603.275,603.63,603.165,603.62,388371,5725,603.91
2024-12-17T10:40:00.000,603.62,603.72,603.28,603.64,331245,5455,603.9
2024-12-17T10:45:00.000,603.63,603.85,603.59,603.72,297746,4890,603.89
2024-12-17T10:50:00.000,603.73,603.88,603.63,603.765,323633,4684,603.88
2024-12-17T10:55:00.000,603.775,603.99,603.6,603.935,381979,5074,603.88
2024-12-17T11:00:00.000,603.935,604.27,603.85,604.1201,300260,5132,603.89
2024-12-17T11:05:00.000,604.13,605.0601,603.92,605.01,881167,8437,603.94
2024-12-17T11:10:00.000,605.03,605.11,604.8699,604.99,321582,5118,603.97
2024-12-17T11:15:00.000,605.015,605.02,604.43,604.52,288527,4619,603.99
2024-12-17T11:20:00.000,604.54,604.6099,604.16,604.35,205367,4062,604.0
2024-12-17T11:25:00.000,604.345,604.5799,604.26,604.39,315333,4432,604.0
2024-12-17T11:30:00.000,604.36,604.97,604.27,604.82,548788,5085,604.02
2024-12-17T11:35:00.000,604.83,605.1,604.75,605.03,243524,4442,604.04
2024-12-17T11:40:00.000,605.0294,605.1095,604.84,605.05,220053,4203,604.06
2024-12-17T11:45:00.000,605.04,605.07,604.915,605.065,212545,4078,604.07
2024-12-17T11:50:00.000,605.08,605.17,604.67,604.73,306981,4629,604.09
2024-12-17T11:55:00.000,604.73,604.94,604.7,604.94,208842,3632,604.1
2024-12-17T12:00:00.000,604.94,604.965,604.3901,604.4123,242291,4391,604.11
2024-12-17T12:05:00.000,604.42,604.69,604.38,604.69,181835,3434,604.12
2024-12-17T12:10:00.000,604.68,604.7,604.3601,604.475,201794,3767,604.12
2024-12-17T12:15:00.000,604.46,604.61,604.36,604.37,271863,4093,604.13
2024-12-17T12:20:00.000,604.37,604.66,604.28,604.33,209990,4068,604.14
2024-12-17T12:25:00.000,604.33,604.54,604.26,604.54,187086,3665,604.14
2024-12-17T12:30:00.000,604.55,604.69,604.33,604.6899,768501,4323,604.15
2024-12-17T12:35:00.000,604.68,604.89,604.49,604.89,284933,4559,604.16
2024-12-17T12:40:00.000,604.88,604.97,604.8,604.94,302050,4159,604.17
2024-12-17T12:45:00.000,604.93,604.97,604.7398,604.75,158526,3276,604.18
2024-12-17T12:50:00.000,604.76,604.8479,604.64,604.8,249872,3041,604.19
2024-12-17T12:55:00.000,604.805,604.89,604.66,604.82,150887,2894,604.19
2024-12-17T13:00:00.000,604.79,604.79,604.605,604.685,165222,3074,604.2
2024-12-17T13:05:00.000,604.68,604.68,604.44,604.65,115977,2917,604.2
2024-12-17T13:10:00.000,604.67,604.7,604.5,604.53,383830,2772,604.2
2024-12-17T13:15:00.000,604.54,604.6,604.14,604.195,223002,3868,604.2
2024-12-17T13:20:00.000,604.19,604.34,604.02,604.32,368652,4163,604.2
2024-12-17T13:25:00.000,604.31,604.415,604.17,604.215,1477581,3429,604.2
2024-12-17T13:30:00.000,604.22,604.35,604.065,604.34,192595,4212,604.2
2024-12-17T13:35:00.000,604.34,604.345,604.1201,604.145,208305,3670,604.2
2024-12-17T13:40:00.000,604.145,604.41,604.14,604.365,521458,3216,604.21
2024-12-17T13:45:00.000,604.365,604.44,604.09,604.09,228570,3442,604.21
2024-12-17T13:50:00.000,604.09,604.36,604.09,604.32,516476,3255,604.21
2024-12-17T13:55:00.000,604.3,604.37,604.17,604.25,123469,2996,604.21
2024-12-17T14:00:00.000,604.24,604.3,604.03,604.07,291941,3942,604.21
2024-12-17T14:05:00.000,604.0899,604.09,603.9,604.015,403380,4360,604.2
2024-12-17T14:10:00.000,604.01,604.11,603.93,603.975,224217,3394,604.2
2024-12-17T14:15:00.000,603.9702,604.02,603.87,603.9,478816,3657,604.2
2024-12-17T14:20:00.000,603.89,603.91,603.61,603.68,376709,4593,604.18
2024-12-17T14:25:00.000,603.685,603.82,603.6199,603.675,279362,3810,604.18
2024-12-17T14:30:00.000,603.6799,603.685,603.44,603.56,613348,4889,604.16
2024-12-17T14:35:00.000,603.56,603.59,603.32,603.405,329054,4094,604.15
2024-12-17T14:40:00.000,603.405,603.73,603.29,603.6702,589918,4768,604.13
2024-12-17T14:45:00.000,603.67,603.71,603.25,603.34,425737,4285,604.12
2024-12-17T14:50:00.000,603.36,603.46,603.255,603.37,388344,3777,604.1
2024-12-17T14:55:00.000,603.37,603.565,603.315,603.41,430085,4475,604.08
2024-12-17T15:00:00.000,603.4,603.4299,603.2301,603.25,900961,3359,604.08
2024-12-17T15:05:00.000,603.25,603.41,603.15,603.395,711147,4143,604.06
2024-12-17T15:10:00.000,603.399,603.5,603.19,603.3,327427,4039,604.05
2024-12-17T15:15:00.000,603.3,603.48,603.14,603.16,346387,4140,604.04
2024-12-17T15:20:00.000,603.15,603.18,602.885,602.92,576419,7461,604.01
2024-12-17T15:25:00.000,602.92,603.14,602.915,603.09,445249,5386,603.99
2024-12-17T15:30:00.000,603.09,603.28,602.96,603.17,533828,5979,603.97
2024-12-17T15:35:00.000,603.17,603.69,603.15,603.61,831718,7729,603.95
2024-12-17T15:40:00.000,603.61,604.06,603.59,604.0321,928241,7974,603.94
2024-12-17T15:45:00.000,604.03,604.24,603.74,603.85,734464,7451,603.94
2024-12-17T15:50:00.000,603.86,604.63,603.82,604.56,1420323,12065,603.96
2024-12-17T15:55:00.000,604.58,604.74,604.06,604.24,3267432,21913,604.02
2024-12-17T16:00:00.000,0.0,0.0,0.0,0.0,31,1,604.02
2024-12-18T09:30:00.000,603.98,604.15,603.67,603.78,806980,9317,603.95
2024-12-18T09:35:00.000,603.8,603.9,603.47,603.77,465461,6267,603.87
2024-12-18T09:40:00.000,603.77,603.97,603.606562,603.825,430437,5948,603.85
2024-12-18T09:45:00.000,603.83,604.1,603.7,604.08,352284,5231,603.85
2024-12-18T09:50:00.000,604.08,604.57,603.92,604.54,528196,5396,603.91
2024-12-18T09:55:00.000,604.545,604.66,604.32,604.6099,595644,4766,603.98
2024-12-18T10:00:00.000,604.61,604.94,604.49,604.87,349559,5003,604.07
2024-12-18T10:05:00.000,604.87,605.06,604.735,604.7522,405809,4634,604.13
2024-12-18T10:10:00.000,604.75,605.03,604.6801,605.0,339083,3867,604.18
2024-12-18T10:15:00.000,605.01,605.16,604.85,605.14,192951,7014,604.21
2024-12-18T10:20:00.000,605.16,605.4199,605.09,605.19,322650,4800,604.29
2024-12-18T10:25:00.000,605.17,605.41,605.0801,605.4,667781,3649,604.34
2024-12-18T10:30:00.000,605.38,605.779,605.33,605.66,228444,4424,604.39
2024-12-18T10:35:00.000,605.68,605.96,605.63,605.92,298549,4956,604.48
2024-12-18T10:40:00.000,605.92,606.11,605.8,606.08,655913,5423,604.59
2024-12-18T10:45:00.000,606.09,606.405,606.02,606.3399,379029,5570,604.69
2024-12-18T10:50:00.000,606.33,606.3999,606.0741,606.115,304047,4503,604.77
2024-12-18T10:55:00.000,606.12,606.32,605.96,605.96,352296,3944,604.81
2024-12-18T11:00:00.000,605.9603,606.255,605.9603,606.01,203821,3729,604.85
2024-12-18T11:05:00.000,606.0,606.08,605.82,605.84,641222,4024,604.9
2024-12-18T11:10:00.000,605.84,605.89,605.36,605.3999,551178,4341,604.93
2024-12-18T11:15:00.000,605.39,605.3962,604.74,604.84,910590,5987,604.94
2024-12-18T11:20:00.000,604.845,604.95,604.63,604.87,795620,5206,604.93
2024-12-18T11:25:00.000,604.88,605.65,604.865,605.63,331488,4785,604.94
2024-12-18T11:30:00.000,605.62,605.6797,605.41,605.43,317710,3272,604.95
2024-12-18T11:35:00.000,605.42,605.81,605.42,605.76,407671,2988,604.97
2024-12-18T11:40:00.000,605.78,605.845,605.6,605.8051,154066,2653,604.98
2024-12-18T11:45:00.000,605.81,605.94,605.78,605.82,539791,3475,605.0
2024-12-18T11:50:00.000,605.8201,606.11,605.79,605.99,228478,2936,605.03
2024-12-18T11:55:00.000,605.97,606.04,605.69,605.76,399388,3446,605.05
2024-12-18T12:00:00.000,605.765,605.78,605.52,605.74,1046496,4090,605.08
2024-12-18T12:05:00.000,605.735,605.819,605.54,605.69,465153,2446,605.09
2024-12-18T12:10:00.000,605.67,605.71,605.5,605.59,299413,3251,605.1
2024-12-18T12:15:00.000,605.6,606.2,605.57,606.19,321721,4172,605.13
2024-12-18T12:20:00.000,606.18,606.31,606.12,606.21,514680,4709,605.18
2024-12-18T12:25:00.000,606.21,606.21,605.645,605.68,221643,3004,605.2
2024-12-18T12:30:00.000,605.68,605.68,605.3,605.66,306276,3611,605.2
2024-12-18T12:35:00.000,605.69,605.94,605.4,605.48,187565,2875,605.21
2024-12-18T12:40:00.000,605.4701,605.53,605.22,605.3615,407021,2163,605.22
2024-12-18T12:45:00.000,605.35,605.63,605.305,605.515,259822,2262,605.22
2024-12-18T12:50:00.000,605.515,605.61,605.33,605.5699,297332,2233,605.22
2024-12-18T12:55:00.000,605.56,605.63,605.51,605.57,83864,1811,605.22
2024-12-18T13:00:00.000,605.5136,605.59,605.34,605.35,127289,2132,605.22
2024-12-18T13:05:00.000,605.345,605.52,605.2,605.49,163343,2342,605.23
2024-12-18T13:10:00.000,605.49,605.57,605.25,605.322,683687,2510,605.23
2024-12-18T13:15:00.000,605.335,605.46,605.22,605.42,182509,2254,605.23
2024-12-18T13:20:00.000,605.42,605.6001,605.4,605.48,83402,1730,605.23
2024-12-18T13:25:00.000,605.46,605.47,605.2,605.2125,189371,2386,605.23
2024-12-18T13:30:00.000,605.21,605.62,605.1311,605.62,261525,4012,605.24
2024-12-18T13:35:00.000,605.61,605.659,605.35,605.38,208132,3021,605.24
2024-12-18T13:40:00.000,605.38,605.44,605.1683,605.3,306959,3328,605.24
2024-12-18T13:45:00.000,605.28,605.585,605.21,605.44,509820,2971,605.24
2024-12-18T13:50:00.000,605.45,605.6,605.36,605.56,247264,3076,605.25
2024-12-18T13:55:00.000,605.56,605.67,605.435,605.47,1021156,3760,605.26
2024-12-18T14:00:00.000,605.54,605.54,603.56,603.7101,1540880,15125,605.15
2024-12-18T14:05:00.000,603.71,603.72,600.95,601.175,1640772,17874,604.88
2024-12-18T14:10:00.000,601.23,601.44,600.67,600.95,2981787,13502,604.63
2024-12-18T14:15:00.000,600.942,601.25,600.07,600.46,1112879,11242,604.43
2024-12-18T14:20:00.000,600.5,601.58,600.48,601.54,1024158,11935,604.28
2024-12-18T14:25:00.000,601.54,601.7,600.03,600.08,1230916,8763,604.18
2024-12-18T14:30:00.000,600.1,601.25,599.28,600.73,1255299,15974,604.01
2024-12-18T14:35:00.000,600.72,601.07,599.4455,599.87,893624,11218,603.87
2024-12-18T14:40:00.000,599.83,600.6,599.35,599.63,776939,9582,603.75
2024-12-18T14:45:00.000,599.6,599.68,597.69,598.75,1399102,15093,603.46
2024-12-18T14:50:00.000,598.73,599.04,597.55,597.61,891540,11344,603.3
2024-12-18T14:55:00.000,597.58,597.69,596.09,596.44,1571502,14791,602.99
2024-12-18T15:00:00.000,596.455,596.91,595.01,595.09,1594991,19077,602.63
2024-12-18T15:05:00.000,595.1,596.58,594.89,595.81,1902009,19041,602.25
2024-12-18T15:10:00.000,595.8301,596.0,594.67,595.1,1313052,13997,602.04
2024-12-18T15:15:00.000,595.11,595.29,594.0,594.25,1667034,14150,601.82
2024-12-18T15:20:00.000,594.24,595.89,594.21,594.86,2110214,20284,601.54
2024-12-18T15:25:00.000,594.87,595.02,592.92,593.14,2106558,19493,601.18
2024-12-18T15:30:00.000,593.13,593.9,592.2437,592.58,1725206,19655,600.84
2024-12-18T15:35:00.000,592.6,592.65,589.34,589.43,3622565,32815,600.07
2024-12-18T15:40:00.000,589.41,589.46,586.62,586.85,5049586,48177,598.86
2024-12-18T15:45:00.000,586.86,590.035,586.3,589.88,5904070,42503,597.83
2024-12-18T15:50:00.000,589.86,590.67,589.21,590.405,5209956,38783,597.16
2024-12-18T15:55:00.000,590.42,590.42,585.89,586.3,7558055,60501,596.08
2024-12-18T16:00:00.000,586.32,586.33,586.32,586.33,200,2,596.08
2024-12-19T09:30:00.000,591.36,592.87,590.6,592.76,2505635,28925,591.71
2024-12-19T09:35:00.000,592.755,593.0,590.84,591.85,1209707,17155,591.79
2024-12-19T09:40:00.000,591.85,592.62,591.11,591.14,788844,12534,591.81
2024-12-19T09:45:00.000,591.16,592.06,590.68,590.88,820247,10633,591.74
2024-12-19T09:50:00.000,590.89,591.08,589.95,590.0,826647,11849,591.58
2024-12-19T09:55:00.000,590.0,590.62,589.81,590.53,722990,9483,591.45
2024-12-19T10:00:00.000,590.515,590.8399,589.37,589.41,866721,11352,591.28
2024-12-19T10:05:00.000,589.42,589.68,588.7001,589.52,861503,14133,591.08
2024-12-19T10:10:00.000,589.52,590.92,589.24,590.72,924612,12173,591.0
2024-12-19T10:15:00.000,590.68,590.78,590.09,590.45,795909,11033,590.96
2024-12-19T10:20:00.000,590.4,590.65,588.9,589.15,1442172,11152,590.85
2024-12-19T10:25:00.000,589.14,589.96,588.65,588.7,1173847,13142,590.71
2024-12-19T10:30:00.000,588.67,589.11,587.93,588.1,1594373,14723,590.54
2024-12-19T10:35:00.000,588.1,589.37,587.79,588.56,1524920,13107,590.4
2024-12-19T10:40:00.000,588.5201,589.86,588.16,589.595,929903,11988,590.33
2024-12-19T10:45:00.000,589.6,589.98,588.88,589.9,611843,9143,590.29
2024-12-19T10:50:00.000,589.89,590.3598,589.11,589.33,592259,8475,590.28
2024-12-19T10:55:00.000,589.35,589.86,588.6475,589.72,528024,8548,590.25
2024-12-19T11:00:00.000,589.72,589.72,588.04,588.12,975166,9466,590.19
2024-12-19T11:05:00.000,588.07,588.42,587.823,588.0,653385,7923,590.13
2024-12-19T11:10:00.000,588.04,588.36,587.85,588.067,1330945,7707,590.07
2024-12-19T11:15:00.000,588.07,588.99,588.07,588.85,1409006,8849,590.03
2024-12-19T11:20:00.000,588.84,590.6698,588.72,590.5701,733211,9847,590.02
2024-12-19T11:25:00.000,590.57,590.96,590.4901,590.79,531302,7442,590.04
2024-12-19T11:30:00.000,590.77,591.18,590.4108,590.58,1118247,8656,590.07
2024-12-19T11:35:00.000,590.57,591.4,589.92,591.11,1320372,8805,590.09
2024-12-19T11:40:00.000,591.09,591.19,590.26,590.565,784532,5776,590.1
2024-12-19T11:45:00.000,590.54,590.96,590.22,590.72,368997,5377,590.11
2024-12-19T11:50:00.000,590.7,590.76,589.55,589.68,462446,6212,590.11
2024-12-19T11:55:00.000,589.71,590.44,589.67,589.8797,243312,4449,590.11
2024-12-19T12:00:00.000,589.86,590.11,589.61,589.9,699901,3770,590.11
2024-12-19T12:05:00.000,589.85,590.1487,589.47,589.78,289363,4848,590.1
2024-12-19T12:10:00.000,589.77,590.83,589.37,589.46,633470,4326,590.1
2024-12-19T12:15:00.000,589.46,589.64,589.22,589.22,329266,4672,590.09
2024-12-19T12:20:00.000,589.27,589.39,588.3363,588.56,806883,6493,590.07
2024-12-19T12:25:00.000,588.54,588.64,587.85,588.01,444400,6306,590.03
2024-12-19T12:30:00.000,588.01,588.3999,587.4605,588.01,693113,8176,589.97
2024-12-19T12:35:00.000,587.995,588.56,587.87,588.49,707694,6213,589.94
2024-12-19T12:40:00.000,588.49,588.81,587.97,588.065,386214,5342,589.92
2024-12-19T12:45:00.000,588.11,588.59,587.96,588.03,299722,4933,589.9
2024-12-19T12:50:00.000,588.0,588.25,587.49,588.1699,330174,4925,589.88
2024-12-19T12:55:00.000,588.2,589.14,588.13,589.06,856594,6386,589.86
2024-12-19T13:00:00.000,589.02,589.02,587.28,587.54,731245,6227,589.82
2024-12-19T13:05:00.000,587.55,588.7599,587.34,588.59,488015,6149,589.79
2024-12-19T13:10:00.000,588.53,589.08,588.5201,589.01,312993,4836,589.78
2024-12-19T13:15:00.000,589.005,589.11,588.62,588.8499,339440,4829,589.77
2024-12-19T13:20:00.000,588.82,589.17,588.37,589.09,339553,5321,589.76
2024-12-19T13:25:00.000,589.1077,589.73,588.9701,589.63,933515,5330,589.75
2024-12-19T13:30:00.000,589.5839,589.87,589.23,589.54,315598,5047,589.75
2024-12-19T13:35:00.000,589.52,589.9834,589.5001,589.815,324172,4282,589.75
2024-12-19T13:40:00.000,589.81,590.28,589.75,589.85,591112,5729,589.75
2024-12-19T13:45:00.000,589.84,590.22,589.62,590.07,241899,3939,589.76
2024-12-19T13:50:00.000,590.071,590.2999,589.7801,589.84,548820,4040,589.76
2024-12-19T13:55:00.000,589.88,591.26,589.8006,591.25,614533,6238,589.77
2024-12-19T14:00:00.000,591.22,591.26,590.24,590.51,541158,6216,589.79
2024-12-19T14:05:00.000,590.5,590.51,589.73,589.805,493650,5680,589.79
2024-12-19T14:10:00.000,589.81,589.835,589.3,589.36,869073,5522,589.79
2024-12-19T14:15:00.000,589.34,589.58,589.185,589.41,431687,4487,589.78
2024-12-19T14:20:00.000,589.41,589.7,588.81,589.62,881542,5558,589.77
2024-12-19T14:25:00.000,589.63,589.65,589.0,589.23,706417,5144,589.77
2024-12-19T14:30:00.000,589.25,589.32,588.79,588.86,527362,5332,589.76
2024-12-19T14:35:00.000,588.86,589.14,588.6,588.81,534984,5749,589.75
2024-12-19T14:40:00.000,588.79,588.81,588.37,588.67,595231,6074,589.73
2024-12-19T14:45:00.000,588.66,588.93,588.44,588.6,965351,4906,589.72
2024-12-19T14:50:00.000,588.59,589.17,588.59,588.6899,353325,4050,589.71
2024-12-19T14:55:00.000,588.6657,588.93,588.05,588.06,849453,4662,589.7
2024-12-19T15:00:00.000,588.09,588.4,587.76,588.17,676380,5594,589.67
2024-12-19T15:05:00.000,588.15,588.22,587.859,588.05,398205,4686,589.66
2024-12-19T15:10:00.000,588.05,588.26,587.41,588.19,589561,6032,589.63
2024-12-19T15:15:00.000,588.2,588.72,588.16,588.705,2614476,6466,589.62
2024-12-19T15:20:00.000,588.69,589.43,588.475,589.39,822611,6967,589.61
2024-12-19T15:25:00.000,589.37,589.37,588.46,588.61,617573,7125,589.59
2024-12-19T15:30:00.000,588.63,588.92,587.42,587.51,1016291,8836,589.57
2024-12-19T15:35:00.000,587.51,588.81,586.62,588.63,1275379,14378,589.51
2024-12-19T15:40:00.000,588.62,589.22,588.235,588.49,1162019,10251,589.49
2024-12-19T15:45:00.000,588.44,588.54,587.71,587.83,1114362,11851,589.46
2024-12-19T15:50:00.000,587.81,587.81,586.02,586.33,3192988,25826,589.27
2024-12-19T15:55:00.000,586.35,587.37,585.85,586.12,6335409,39863,588.97
2024-12-19T16:00:00.000,0.0,0.0,0.0,0.0,90,1,588.97
2024-12-20T09:30:00.000,581.77,582.6,581.15,582.32,3789194,19318,581.82
2024-12-20T09:35:00.000,582.29,584.18,581.74,584.09,1439809,15889,582.22
2024-12-20T09:40:00.000,584.08,584.08,582.51,582.84,3616987,12788,582.48
2024-12-20T09:45:00.000,582.87,583.24,581.33,581.6795,797816,11658,582.44
2024-12-20T09:50:00.000,581.66,582.68,580.91,582.4,1290325,12684,582.35
2024-12-20T09:55:00.000,582.43,582.84,581.89,582.06,572823,8427,582.35
2024-12-20T10:00:00.000,582.09,583.16,582.08,583.14,768797,10378,582.38
2024-12-20T10:05:00.000,583.14,583.99,582.74,582.76,817677,11703,582.47
2024-12-20T10:10:00.000,582.74,584.495,582.24,584.41,813662,15734,582.55
2024-12-20T10:15:00.000,584.362,584.73,584.08,584.63,663433,8690,582.67
2024-12-20T10:20:00.000,584.51,585.39,584.38,585.32,1139618,11639,582.89
2024-12-20T10:25:00.000,585.29,587.09,585.06,586.975,1087300,11923,583.18
2024-12-20T10:30:00.000,586.97,588.86,586.92,588.07,1705039,17954,583.77
2024-12-20T10:35:00.000,588.07,588.47,587.47,588.21,1108497,12853,584.07
2024-12-20T10:40:00.000,588.19,588.655,587.78,588.51,1123162,10825,584.32
2024-12-20T10:45:00.000,588.49,588.66,587.95,588.215,775044,9426,584.5
2024-12-20T10:50:00.000,588.22,589.0,588.22,588.95,722121,8672,584.67
2024-12-20T10:55:00.000,588.94,589.28,588.21,588.26,476114,6997,584.77
2024-12-20T11:00:00.000,588.29,590.33,588.1,590.32,727203,8903,584.93
2024-12-20T11:05:00.000,590.33,590.82,590.0999,590.435,1212131,10529,585.18
2024-12-20T11:10:00.000,590.46,591.065,590.36,591.05,8635031,9453,585.41
2024-12-20T11:15:00.000,591.04,592.005,590.79,591.62,1020314,12038,585.69
2024-12-20T11:20:00.000,591.61,592.3,591.39,592.21,1116489,10108,585.91
2024-12-20T11:25:00.000,592.21,592.34,591.81,592.3387,661703,8305,586.08
2024-12-20T11:30:00.000,592.34,592.86,592.25,592.69,1021488,11099,586.32
2024-12-20T11:35:00.000,592.67,594.32,592.58,594.32,1192971,13218,586.66
2024-12-20T11:40:00.000,594.31,594.9,593.84,594.83,1282481,12188,586.95
2024-12-20T11:45:00.000,594.83,594.83,594.03,594.16,924079,10253,587.2
2024-12-20T11:50:00.000,594.16,594.32,593.18,593.52,1051328,10949,587.44
2024-12-20T11:55:00.000,593.55,594.7,593.55,594.42,654555,8890,587.58
2024-12-20T12:00:00.000,594.41,594.5,593.81,594.28,603433,6693,587.68
2024-12-20T12:05:00.000,594.275,594.7,594.161,594.65,597463,6325,587.82
2024-12-20T12:10:00.000,594.67,594.98,594.54,594.83,570661,7495,587.94
2024-12-20T12:15:00.000,594.815,595.17,594.6,594.86,542991,6672,588.03
2024-12-20T12:20:00.000,594.85,595.08,594.55,595.01,467786,6693,588.13
2024-12-20T12:25:00.000,595.03,595.75,594.885,595.61,579165,7472,588.26
2024-12-20T12:30:00.000,595.62,595.63,593.86,594.38,914808,8733,588.4
2024-12-20T12:35:00.000,594.4,595.15,594.22,595.01,586858,7885,588.51
2024-12-20T12:40:00.000,595.005,595.1,594.39,594.64,416200,5596,588.58
2024-12-20T12:45:00.000,594.635,595.04,594.26,595.0,1915667,5361,588.65
2024-12-20T12:50:00.000,595.02,595.19,594.78,595.15,565457,4593,588.7
2024-12-20T12:55:00.000,595.14,595.36,594.46,594.55,507793,5878,588.8
2024-12-20T13:00:00.000,594.56,594.6195,593.99,594.0,933509,5360,588.86
2024-12-20T13:05:00.000,594.0299,594.17,593.66,593.75,539212,6156,588.94
2024-12-20T13:10:00.000,593.78,593.86,593.55,593.66,775532,7341,589.02
2024-12-20T13:15:00.000,593.66,593.76,592.75,593.32,1522668,7313,589.08
2024-12-20T13:20:00.000,593.3,593.35,592.38,592.73,1752452,7301,589.16
2024-12-20T13:25:00.000,592.74,592.89,592.15,592.1687,998461,5651,589.2
2024-12-20T13:30:00.000,592.17,592.79,592.095,592.53,897508,7730,589.26
2024-12-20T13:35:00.000,592.54,592.92,592.25,592.4,588437,6392,589.31
2024-12-20T13:40:00.000,592.38,592.6,592.1499,592.385,733414,4908,589.34
2024-12-20T13:45:00.000,592.4,592.5,592.02,592.11,979392,4719,589.36
2024-12-20T13:50:00.000,592.1001,593.12,591.85,593.09,593425,6925,589.4
2024-12-20T13:55:00.000,593.08,593.4,591.9469,592.0699,812831,8265,589.47
2024-12-20T14:00:00.000,592.02,592.27,591.82,591.95,529345,5085,589.51
2024-12-20T14:05:00.000,591.96,592.32,591.62,592.2,1174212,5978,589.54
2024-12-20T14:10:00.000,592.18,592.39,591.83,592.11,1115984,5306,589.57
2024-12-20T14:15:00.000,592.13,592.53,591.96,592.41,484640,6055,589.6
2024-12-20T14:20:00.000,592.4,592.77,592.17,592.64,624194,5469,589.63
2024-12-20T14:25:00.000,592.64,593.33,592.52,593.28,441347,4734,589.66
2024-12-20T14:30:00.000,593.22,593.84,593.13,593.78,581023,5867,589.72
2024-12-20T14:35:00.000,593.76,593.94,593.38,593.39,963079,5447,589.77
2024-12-20T14:40:00.000,593.4,593.49,593.08,593.23,620124,6163,589.8
2024-12-20T14:45:00.000,593.23,593.3,592.68,592.78,522838,4688,589.83
2024-12-20T14:50:00.000,592.78,593.0,592.21,592.5,469098,5358,589.86
2024-12-20T14:55:00.000,592.52,592.725,592.305,592.4999,381801,4254,589.88
2024-12-20T15:00:00.000,592.5,592.88,592.4532,592.67,719048,4309,589.9
2024-12-20T15:05:00.000,592.66,592.89,592.36,592.3914,421814,3983,589.92
2024-12-20T15:10:00.000,592.42,592.63,592.25,592.3,390752,4683,589.94
2024-12-20T15:15:00.000,592.28,592.42,592.07,592.2001,704091,5653,589.97
2024-12-20T15:20:00.000,592.21,592.34,591.56,591.96,1029303,7639,590.02
2024-12-20T15:25:00.000,591.94,592.35,591.71,591.77,643686,6254,590.04
2024-12-20T15:30:00.000,591.79,592.06,589.97,590.14,1374671,12903,590.06
2024-12-20T15:35:00.000,590.12,592.06,590.07,591.69,2285622,13446,590.1
2024-12-20T15:40:00.000,591.64,592.21,591.01,591.5,942134,8354,590.12
2024-12-20T15:45:00.000,591.49,592.38,591.435,591.66,1558707,12462,590.17
2024-12-20T15:50:00.000,591.65,591.65,589.85,590.6,5361688,29490,590.19
2024-12-20T15:55:00.000,590.58,591.18,589.47,590.87,11558971,49636,590.22
2024-12-20T16:00:00.000,590.91,590.91,590.91,590.91,264,1,590.22
2024-12-21T09:30:00.000,0.0,0.0,0.0,0.0,0,0,0.0
2024-12-21T09:35:00.000,0.0,0.0,0.0,0.0,0,0,0.0
2024-12-21T09:40:00.000,0.0,0.0,0.0,0.0,0,0,0.0
2024-12-21T09:45:00.000,0.0,0.0,0.0,0.0,0,0,0.0
2024-12-21T09:50:00.000,0.0,0.0,0.0,0.0,0,0,0.0
2024-12-21T09:55:00.000,0.0,0.0,0.0,0.0,0,0,0.0
2024-12-21T10:00:00.000,0.0,0.0,0.0,0.0,0,0,0.0
2024-12-21T10:05:00.000,0.0,0.0,0.0,0.0,0,0,0.0
2024-12-21T10:10:00.000,0.0,0.0,0.0,0.0,0,0,0.0
2024-12-21T10:15:00.000,0.0,0.0,0.0,0.0,0,0,0.0
2024-12-21T10:20:00.000,0.0,0.0,0.0,0.0,0,0,0.0
2024-12-21T10:25:00.000,0.0,0.0,0.0,0.0,0,0,0.0
2024-12-21T10:30:00.000,0.0,0.0,0.0,0.0,0,0,0.0
2024-12-21T10:35:00.000,0.0,0.0,0.0,0.0,0,0,0.0
2024-12-21T10:40:00.000,0.0,0.0,0.0,0.0,0,0,0.0
2024-12-21T10:45:00.000,0.0,0.0,0.0,0.0,0,0,0.0
2024-12-21T10:50:00.000,0.0,0.0,0.0,0.0,0,0,0.0
2024-12-21T10:55:00.000,0.0,0.0,0.0,0.0,0,0,0.0
2024-12-21T11:00:00.000,0.0,0.0,0.0,0.0,0,0,0.0
2024-12-21T11:05:00.000,0.0,0.0,0.0,0.0,0,0,0.0
2024-12-21T11:10:00.000,0.0,0.0,0.0,0.0,0,0,0.0
2024-12-21T11:15:00.000,0.0,0.0,0.0,0.0,0,0,0.0
2024-12-21T11:20:00.000,0.0,0.0,0.0,0.0,0,0,0.0
2024-12-21T11:25:00.000,0.0,0.0,0.0,0.0,0,0,0.0
2024-12-21T11:30:00.000,0.0,0.0,0.0,0.0,0,0,0.0
2024-12-21T11:35:00.000,0.0,0.0,0.0,0.0,0,0,0.0
2024-12-21T11:40:00.000,0.0,0.0,0.0,0.0,0,0,0.0
2024-12-21T11:45:00.000,0.0,0.0,0.0,0.0,0,0,0.0
2024-12-21T11:50:00.000,0.0,0.0,0.0,0.0,0,0,0.0
2024-12-21T11:55:00.000,0.0,0.0,0.0,0.0,0,0,0.0
2024-12-21T12:00:00.000,0.0,0.0,0.0,0.0,0,0,0.0
2024-12-21T12:05:00.000,0.0,0.0,0.0,0.0,0,0,0.0
2024-12-21T12:10:00.000,0.0,0.0,0.0,0.0,0,0,0.0
2024-12-21T12:15:00.000,0.0,0.0,0.0,0.0,0,0,0.0
2024-12-21T12:20:00.000,0.0,0.0,0.0,0.0,0,0,0.0
2024-12-21T12:25:00.000,0.0,0.0,0.0,0.0,0,0,0.0
2024-12-21T12:30:00.000,0.0,0.0,0.0,0.0,0,0,0.0
2024-12-21T12:35:00.000,0.0,0.0,0.0,0.0,0,0,0.0
2024-12-21T12:40:00.000,0.0,0.0,0.0,0.0,0,0,0.0
2024-12-21T12:45:00.000,0.0,0.0,0.0,0.0,0,0,0.0
2024-12-21T12:50:00.000,0.0,0.0,0.0,0.0,0,0,0.0
2024-12-21T12:55:00.000,0.0,0.0,0.0,0.0,0,0,0.0
2024-12-21T13:00:00.000,0.0,0.0,0.0,0.0,0,0,0.0
2024-12-21T13:05:00.000,0.0,0.0,0.0,0.0,0,0,0.0
2024-12-21T13:10:00.000,0.0,0.0,0.0,0.0,0,0,0.0
2024-12-21T13:15:00.000,0.0,0.0,0.0,0.0,0,0,0.0
2024-12-21T13:20:00.000,0.0,0.0,0.0,0.0,0,0,0.0
2024-12-21T13:25:00.000,0.0,0.0,0.0,0.0,0,0,0.0
2024-12-21T13:30:00.000,0.0,0.0,0.0,0.0,0,0,0.0
2024-12-21T13:35:00.000,0.0,0.0,0.0,0.0,0,0,0.0
2024-12-21T13:40:00.000,0.0,0.0,0.0,0.0,0,0,0.0
2024-12-21T13:45:00.000,0.0,0.0,0.0,0.0,0,0,0.0
2024-12-21T13:50:00.000,0.0,0.0,0.0,0.0,0,0,0.0
2024-12-21T13:55:00.000,0.0,0.0,0.0,0.0,0,0,0.0
2024-12-21T14:00:00.000,0.0,0.0,0.0,0.0,0,0,0.0
2024-12-21T14:05:00.000,0.0,0.0,0.0,0.0,0,0,0.0
2024-12-21T14:10:00.000,0.0,0.0,0.0,0.0,0,0,0.0
2024-12-21T14:15:00.000,0.0,0.0,0.0,0.0,0,0,0.0
2024-12-21T14:20:00.000,0.0,0.0,0.0,0.0,0,0,0.0
2024-12-21T14:25:00.000,0.0,0.0,0.0,0.0,0,0,0.0
2024-12-21T14:30:00.000,0.0,0.0,0.0,0.0,0,0,0.0
2024-12-21T14:35:00.000,0.0,0.0,0.0,0.0,0,0,0.0
2024-12-21T14:40:00.000,0.0,0.0,0.0,0.0,0,0,0.0
2024-12-21T14:45:00.000,0.0,0.0,0.0,0.0,0,0,0.0
2024-12-21T14:50:00.000,0.0,0.0,0.0,0.0,0,0,0.0
2024-12-21T14:55:00.000,0.0,0.0,0.0,0.0,0,0,0.0
2024-12-21T15:00:00.000,0.0,0.0,0.0,0.0,0,0,0.0
2024-12-21T15:05:00.000,0.0,0.0,0.0,0.0,0,0,0.0
2024-12-21T15:10:00.000,0.0,0.0,0.0,0.0,0,0,0.0
2024-12-21T15:15:00.000,0.0,0.0,0.0,0.0,0,0,0.0
2024-12-21T15:20:00.000,0.0,0.0,0.0,0.0,0,0,0.0
2024-12-21T15:25:00.000,0.0,0.0,0.0,0.0,0,0,0.0
2024-12-21T15:30:00.000,0.0,0.0,0.0,0.0,0,0,0.0
2024-12-21T15:35:00.000,0.0,0.0,0.0,0.0,0,0,0.0
2024-12-21T15:40:00.000,0.0,0.0,0.0,0.0,0,0,0.0
2024-12-21T15:45:00.000,0.0,0.0,0.0,0.0,0,0,0.0
2024-12-21T15:50:00.000,0.0,0.0,0.0,0.0,0,0,0.0
2024-12-21T15:55:00.000,0.0,0.0,0.0,0.0,0,0,0.0
2024-12-21T16:00:00.000,0.0,0.0,0.0,0.0,0,0,0.0
2024-12-22T09:30:00.000,0.0,0.0,0.0,0.0,0,0,0.0
2024-12-22T09:35:00.000,0.0,0.0,0.0,0.0,0,0,0.0
2024-12-22T09:40:00.000,0.0,0.0,0.0,0.0,0,0,0.0
2024-12-22T09:45:00.000,0.0,0.0,0.0,0.0,0,0,0.0
2024-12-22T09:50:00.000,0.0,0.0,0.0,0.0,0,0,0.0
2024-12-22T09:55:00.000,0.0,0.0,0.0,0.0,0,0,0.0
2024-12-22T10:00:00.000,0.0,0.0,0.0,0.0,0,0,0.0
2024-12-22T10:05:00.000,0.0,0.0,0.0,0.0,0,0,0.0
2024-12-22T10:10:00.000,0.0,0.0,0.0,0.0,0,0,0.0
2024-12-22T10:15:00.000,0.0,0.0,0.0,0.0,0,0,0.0
2024-12-22T10:20:00.000,0.0,0.0,0.0,0.0,0,0,0.0
2024-12-22T10:25:00.000,0.0,0.0,0.0,0.0,0,0,0.0
2024-12-22T10:30:00.000,0.0,0.0,0.0,0.0,0,0,0.0
2024-12-22T10:35:00.000,0.0,0.0,0.0,0.0,0,0,0.0
2024-12-22T10:40:00.000,0.0,0.0,0.0,0.0,0,0,0.0
2024-12-22T10:45:00.000,0.0,0.0,0.0,0.0,0,0,0.0
2024-12-22T10:50:00.000,0.0,0.0,0.0,0.0,0,0,0.0
2024-12-22T10:55:00.000,0.0,0.0,0.0,0.0,0,0,0.0
2024-12-22T11:00:00.000,0.0,0.0,0.0,0.0,0,0,0.0
2024-12-22T11:05:00.000,0.0,0.0,0.0,0.0,0,0,0.0
2024-12-22T11:10:00.000,0.0,0.0,0.0,0.0,0,0,0.0
2024-12-22T11:15:00.000,0.0,0.0,0.0,0.0,0,0,0.0
2024-12-22T11:20:00.000,0.0,0.0,0.0,0.0,0,0,0.0
2024-12-22T11:25:00.000,0.0,0.0,0.0,0.0,0,0,0.0
2024-12-22T11:30:00.000,0.0,0.0,0.0,0.0,0,0,0.0
2024-12-22T11:35:00.000,0.0,0.0,0.0,0.0,0,0,0.0
2024-12-22T11:40:00.000,0.0,0.0,0.0,0.0,0,0,0.0
2024-12-22T11:45:00.000,0.0,0.0,0.0,0.0,0,0,0.0
2024-12-22T11:50:00.000,0.0,0.0,0.0,0.0,0,0,0.0
2024-12-22T11:55:00.000,0.0,0.0,0.0,0.0,0,0,0.0
2024-12-22T12:00:00.000,0.0,0.0,0.0,0.0,0,0,0.0
2024-12-22T12:05:00.000,0.0,0.0,0.0,0.0,0,0,0.0
2024-12-22T12:10:00.000,0.0,0.0,0.0,0.0,0,0,0.0
2024-12-22T12:15:00.000,0.0,0.0,0.0,0.0,0,0,0.0
2024-12-22T12:20:00.000,0.0,0.0,0.0,0.0,0,0,0.0
2024-12-22T12:25:00.000,0.0,0.0,0.0,0.0,0,0,0.0
2024-12-22T12:30:00.000,0.0,0.0,0.0,0.0,0,0,0.0
2024-12-22T12:35:00.000,0.0,0.0,0.0,0.0,0,0,0.0
2024-12-22T12:40:00.000,0.0,0.0,0.0,0.0,0,0,0.0
2024-12-22T12:45:00.000,0.0,0.0,0.0,0.0,0,0,0.0
2024-12-22T12:50:00.000,0.0,0.0,0.0,0.0,0,0,0.0
2024-12-22T12:55:00.000,0.0,0.0,0.0,0.0,0,0,0.0
2024-12-22T13:00:00.000,0.0,0.0,0.0,0.0,0,0,0.0
2024-12-22T13:05:00.000,0.0,0.0,0.0,0.0,0,0,0.0
2024-12-22T13:10:00.000,0.0,0.0,0.0,0.0,0,0,0.0
2024-12-22T13:15:00.000,0.0,0.0,0.0,0.0,0,0,0.0
2024-12-22T13:20:00.000,0.0,0.0,0.0,0.0,0,0,0.0
2024-12-22T13:25:00.000,0.0,0.0,0.0,0.0,0,0,0.0
2024-12-22T13:30:00.000,0.0,0.0,0.0,0.0,0,0,0.0
2024-12-22T13:35:00.000,0.0,0.0,0.0,0.0,0,0,0.0
2024-12-22T13:40:00.000,0.0,0.0,0.0,0.0,0,0,0.0
2024-12-22T13:45:00.000,0.0,0.0,0.0,0.0,0,0,0.0
2024-12-22T13:50:00.000,0.0,0.0,0.0,0.0,0,0,0.0
2024-12-22T13:55:00.000,0.0,0.0,0.0,0.0,0,0,0.0
2024-12-22T14:00:00.000,0.0,0.0,0.0,0.0,0,0,0.0
2024-12-22T14:05:00.000,0.0,0.0,0.0,0.0,0,0,0.0
2024-12-22T14:10:00.000,0.0,0.0,0.0,0.0,0,0,0.0
2024-12-22T14:15:00.000,0.0,0.0,0.0,0.0,0,0,0.0
2024-12-22T14:20:00.000,0.0,0.0,0.0,0.0,0,0,0.0
2024-12-22T14:25:00.000,0.0,0.0,0.0,0.0,0,0,0.0
2024-12-22T14:30:00.000,0.0,0.0,0.0,0.0,0,0,0.0
2024-12-22T14:35:00.000,0.0,0.0,0.0,0.0,0,0,0.0
2024-12-22T14:40:00.000,0.0,0.0,0.0,0.0,0,0,0.0
2024-12-22T14:45:00.000,0.0,0.0,0.0,0.0,0,0,0.0
2024-12-22T14:50:00.000,0.0,0.0,0.0,0.0,0,0,0.0
2024-12-22T14:55:00.000,0.0,0.0,0.0,0.0,0,0,0.0
2024-12-22T15:00:00.000,0.0,0.0,0.0,0.0,0,0,0.0
2024-12-22T15:05:00.000,0.0,0.0,0.0,0.0,0,0,0.0
2024-12-22T15:10:00.000,0.0,0.0,0.0,0.0,0,0,0.0
2024-12-22T15:15:00.000,0.0,0.0,0.0,0.0,0,0,0.0
2024-12-22T15:20:00.000,0.0,0.0,0.0,0.0,0,0,0.0
2024-12-22T15:25:00.000,0.0,0.0,0.0,0.0,0,0,0.0
2024-12-22T15:30:00.000,0.0,0.0,0.0,0.0,0,0,0.0
2024-12-22T15:35:00.000,0.0,0.0,0.0,0.0,0,0,0.0
2024-12-22T15:40:00.000,0.0,0.0,0.0,0.0,0,0,0.0
2024-12-22T15:45:00.000,0.0,0.0,0.0,0.0,0,0,0.0
2024-12-22T15:50:00.000,0.0,0.0,0.0,0.0,0,0,0.0
2024-12-22T15:55:00.000,0.0,0.0,0.0,0.0,0,0,0.0
2024-12-22T16:00:00.000,0.0,0.0,0.0,0.0,0,0,0.0
2024-12-23T09:30:00.000,590.89,591.77,590.71,591.23,1221174,15808,591.39
2024-12-23T09:35:00.000,591.25,591.63,590.65,591.27,904267,11831,591.32
2024-12-23T09:40:00.000,591.27,591.47,590.5,590.57,479370,7165,591.26
2024-12-23T09:45:00.000,590.57,590.825,589.55,589.55,829317,9291,591.02
2024-12-23T09:50:00.000,589.5,590.18,589.18,589.94,543673,8086,590.83
2024-12-23T09:55:00.000,589.89,590.77,589.65,590.45,480095,5895,590.79
2024-12-23T10:00:00.000,590.42,590.6099,589.09,589.49,519293,8242,590.7
2024-12-23T10:05:00.000,589.53,590.005,588.22,588.27,899388,8308,590.52
2024-12-23T10:10:00.000,588.27,590.0,587.661,588.8397,628120,9165,590.28
2024-12-23T10:15:00.000,588.76,589.47,588.68,589.02,380843,11045,590.21
2024-12-23T10:20:00.000,589.01,590.0,588.69,589.1296,352662,7457,590.16
2024-12-23T10:25:00.000,589.09,589.46,588.71,589.3,339520,5646,590.11
2024-12-23T10:30:00.000,589.3,589.69,589.0101,589.51,331572,6121,590.09
2024-12-23T10:35:00.000,589.51,590.15,589.07,590.06,369899,6408,590.07
2024-12-23T10:40:00.000,590.03,590.0598,589.13,589.17,264662,5558,590.06
2024-12-23T10:45:00.000,589.2,589.46,588.83,589.03,264611,5546,590.03
2024-12-23T10:50:00.000,589.01,589.23,588.71,588.94,215465,4620,590.0
2024-12-23T10:55:00.000,589.03,589.81,588.745,589.08,361846,5774,589.98
2024-12-23T11:00:00.000,589.06,590.12,588.96,590.118815,291001,5133,589.97
2024-12-23T11:05:00.000,590.06,590.16,589.85,590.09,244869,4253,589.97
2024-12-23T11:10:00.000,590.08,590.28,589.78,590.015,287377,4122,589.97
2024-12-23T11:15:00.000,590.04,590.54,589.93,590.534,256449,4204,589.98
2024-12-23T11:20:00.000,590.51,590.59,590.2523,590.365,207400,3567,589.99
2024-12-23T11:25:00.000,590.37,590.84,590.34,590.6569,343585,3791,590.01
2024-12-23T11:30:00.000,590.67,590.76,590.18,590.5,374498,4808,590.02
2024-12-23T11:35:00.000,590.49,590.82,590.49,590.6,447027,4885,590.04
2024-12-23T11:40:00.000,590.57,591.75,590.49,591.66,727197,6696,590.14
2024-12-23T11:45:00.000,591.67,592.18,591.43,591.79,492653,5279,590.2
2024-12-23T11:50:00.000,591.8199,592.28,591.77,592.17,432228,4373,590.24
2024-12-23T11:55:00.000,592.155,592.5699,591.98,592.51,280237,3946,590.29
2024-12-23T12:00:00.000,592.51,593.12,592.46,592.5001,315179,5845,590.34
2024-12-23T12:05:00.000,592.4998,592.5007,592.03,592.29,231876,4252,590.37
2024-12-23T12:10:00.000,592.265,592.58,592.0315,592.07,305354,3418,590.4
2024-12-23T12:15:00.000,592.07,592.1,591.3401,591.86,226668,4000,590.42
2024-12-23T12:20:00.000,591.87,592.1399,591.79,592.0,311064,3328,590.43
2024-12-23T12:25:00.000,592.03,592.44,591.9,592.13,212149,3771,590.46
2024-12-23T12:30:00.000,592.13,592.52,591.87,592.47,242234,3448,590.49
2024-12-23T12:35:00.000,592.4799,592.4899,591.7001,592.41,340958,3885,590.51
2024-12-23T12:40:00.000,592.47,592.52,592.1,592.52,247499,3685,590.54
2024-12-23T12:45:00.000,592.52,592.87,592.5,592.87,152358,3102,590.56
2024-12-23T12:50:00.000,592.87,592.87,592.55,592.7,148935,2583,590.58
2024-12-23T12:55:00.000,592.68,592.94,592.56,592.5995,357173,2846,590.6
2024-12-23T13:00:00.000,592.595,593.07,592.41,592.99,355632,4075,590.65
2024-12-23T13:05:00.000,593.0,593.37,592.94,593.11,201824,3357,590.68
2024-12-23T13:10:00.000,593.11,593.4,593.035,593.14,290974,3656,590.72
2024-12-23T13:15:00.000,593.17,593.39,592.72,593.0676,517170,4399,590.78
2024-12-23T13:20:00.000,593.04,593.33,592.7341,592.96,255775,3810,590.82
2024-12-23T13:25:00.000,592.97,593.4,592.97,593.2997,225676,3455,590.85
2024-12-23T13:30:00.000,593.27,593.55,593.25,593.47,243692,4896,590.88
2024-12-23T13:35:00.000,593.465,593.915,593.3101,593.8701,1012131,4715,590.92
2024-12-23T13:40:00.000,593.88,593.93,593.44,593.62,265115,4172,590.97
2024-12-23T13:45:00.000,593.62,593.63,593.3,593.49,383287,3819,591.0
2024-12-23T13:50:00.000,593.49,593.79,593.42,593.6401,168660,3377,591.03
2024-12-23T13:55:00.000,593.63,593.905,593.5363,593.67,104648,2652,591.04
2024-12-23T14:00:00.000,593.67,593.9004,593.61,593.81,196981,3110,591.07
2024-12-23T14:05:00.000,593.825,594.03,593.72,593.97,296049,3672,591.11
2024-12-23T14:10:00.000,593.95,594.04,593.76,594.015,183821,3033,591.14
2024-12-23T14:15:00.000,594.015,594.31,593.92,594.07,295036,3837,591.19
2024-12-23T14:20:00.000,594.08,594.16,593.93,594.04,125281,2626,591.2
2024-12-23T14:25:00.000,594.025,594.045,593.66,593.86,408857,3671,591.24
2024-12-23T14:30:00.000,593.89,594.03,593.74,593.8001,225932,3164,591.27
2024-12-23T14:35:00.000,593.83,593.88,593.17,593.1895,579378,4791,591.33
2024-12-23T14:40:00.000,593.19,593.53,593.16,593.45,406261,3338,591.36
2024-12-23T14:45:00.000,593.455,593.64,593.19,593.23,411150,4004,591.39
2024-12-23T14:50:00.000,593.24,593.46,592.92,593.33,550998,4057,591.43
2024-12-23T14:55:00.000,593.33,593.43,592.96,592.98,250844,3350,591.45
2024-12-23T15:00:00.000,592.93,593.18,592.79,593.09,378924,4464,591.48
2024-12-23T15:05:00.000,593.0901,593.135,592.43,592.61,349479,3769,591.5
2024-12-23T15:10:00.000,592.635,593.1,592.25,593.07,525888,4421,591.52
2024-12-23T15:15:00.000,593.06,593.21,592.26,592.49,487066,4899,591.54
2024-12-23T15:20:00.000,592.5,592.86,592.45,592.845,580852,4295,591.56
2024-12-23T15:25:00.000,592.89,593.4099,592.8075,593.305,685357,5469,591.6
2024-12-23T15:30:00.000,593.315,593.57,593.2694,593.5399,888668,4580,591.65
2024-12-23T15:35:00.000,593.54,594.15,593.41,593.73,1106000,6695,591.72
2024-12-23T15:40:00.000,593.72,594.69,593.69,594.34,1544405,9077,591.86
2024-12-23T15:45:00.000,594.35,594.73,594.16,594.42,2029129,14020,592.04
2024-12-23T15:50:00.000,594.42,595.1,594.42,594.87,1257662,12614,592.16
2024-12-23T15:55:00.000,594.87,595.3,594.44,594.78,4109885,23946,592.45
2024-12-23T16:00:00.000,0.0,0.0,0.0,0.0,99,1,592.45
2024-12-24T09:30:00.000,596.06,596.21,595.47,596.13,868181,8939,595.88
2024-12-24T09:35:00.000,596.14,596.63,595.795,596.3901,387575,5710,595.97
2024-12-24T09:40:00.000,596.4025,596.99,596.3685,596.795,428601,5880,596.17
2024-12-24T09:45:00.000,596.8,597.05,596.74,596.88,436106,6041,596.32
2024-12-24T09:50:00.000,596.88,597.19,596.57,596.995,401956,4838,596.42
2024-12-24T09:55:00.000,596.98,597.28,596.74,597.2,316971,4446,596.49
2024-12-24T10:00:00.000,597.2,597.87,597.2,597.8301,475606,6363,596.64
2024-12-24T10:05:00.000,597.83,598.13,597.4701,597.54,445627,6485,596.78
2024-12-24T10:10:00.000,597.54,598.12,597.54,598.12,326532,5142,596.87
2024-12-24T10:15:00.000,598.13,598.32,598.04,598.17,239240,5294,596.93
2024-12-24T10:20:00.000,598.18,598.25,597.83,598.13,572885,6469,597.04
2024-12-24T10:25:00.000,598.1208,598.34,598.12,598.2,617188,9511,597.18
2024-12-24T10:30:00.000,598.23,598.65,598.16,598.62,308146,5584,597.25
2024-12-24T10:35:00.000,598.62,599.03,598.4808,598.76,567872,5503,597.36
2024-12-24T10:40:00.000,598.75,599.3,598.74,599.25,392445,6153,597.45
2024-12-24T10:45:00.000,599.24,599.3701,599.09,599.28,269850,4018,597.52
2024-12-24T10:50:00.000,599.28,599.3,598.67,598.71,464640,4358,597.59
2024-12-24T10:55:00.000,598.7398,599.229,598.71,599.18,848009,3140,597.62
2024-12-24T11:00:00.000,599.17,599.37,599.075,599.25,295936,3774,597.69
2024-12-24T11:05:00.000,599.27,599.28,598.8601,599.15,221878,3486,597.72
2024-12-24T11:10:00.000,599.1301,599.1301,598.8,599.03,220469,3691,597.75
2024-12-24T11:15:00.000,599.0201,599.22,599.0,599.1299,446752,2930,597.78
2024-12-24T11:20:00.000,599.115,599.3201,599.01,599.2816,334056,3432,597.81
2024-12-24T11:25:00.000,599.29,599.36,599.2,599.25,288244,2848,597.84
2024-12-24T11:30:00.000,599.24,599.35,599.0722,599.335,210239,3076,597.87
2024-12-24T11:35:00.000,599.32,599.57,599.21,599.49,226142,3186,597.91
2024-12-24T11:40:00.000,599.4839,599.79,599.48,599.75,273202,3673,597.96
2024-12-24T11:45:00.000,599.76,599.81,599.65,599.7799,215595,2990,598.0
2024-12-24T11:50:00.000,599.76,599.81,598.84,599.15,474436,4502,598.07
2024-12-24T11:55:00.000,599.13,599.5656,598.9501,599.0117,597111,4850,598.13
2024-12-24T12:00:00.000,599.04,599.48,598.9,599.38,250540,3086,598.16
2024-12-24T12:05:00.000,599.4,599.6799,599.3401,599.66,245054,2734,598.19
2024-12-24T12:10:00.000,599.675,599.89,599.55,599.88,364702,3494,598.22
2024-12-24T12:15:00.000,599.88,599.98,599.71,599.945,458033,4245,598.29
2024-12-24T12:20:00.000,599.945,600.18,599.87,599.98,493779,4944,598.36
2024-12-24T12:25:00.000,599.99,600.33,599.94,600.1601,453808,4574,598.43
2024-12-24T12:30:00.000,600.17,600.19,599.45,599.495,1103001,6183,598.52
2024-12-24T12:35:00.000,599.48,599.98,599.15,599.93,423244,5339,598.55
2024-12-24T12:40:00.000,599.92,600.32,599.87,599.92,566468,5325,598.59
2024-12-24T12:45:00.000,599.91,600.08,599.575,600.0375,514620,4735,598.62
2024-12-24T12:50:00.000,600.04,600.71,600.01,600.66,1811244,10862,598.83
2024-12-24T12:55:00.000,600.67,601.34,600.54,601.26,3435260,17526,599.17
2024-12-24T13:00:00.000,601.23,601.3,601.23,601.3,2565974,1068,599.29
2024-12-24T13:05:00.000,0.0,0.0,0.0,0.0,2745085,782,599.29
2024-12-24T13:10:00.000,0.0,0.0,0.0,0.0,3369036,945,599.29
2024-12-24T13:15:00.000,0.0,0.0,0.0,0.0,298554,723,599.29
2024-12-24T13:20:00.000,0.0,0.0,0.0,0.0,21809,268,599.29
2024-12-24T13:25:00.000,0.0,0.0,0.0,0.0,43791,204,599.29
2024-12-24T13:30:00.000,0.0,0.0,0.0,0.0,36118,197,599.29
2024-12-24T13:35:00.000,0.0,0.0,0.0,0.0,818832,172,599.29
2024-12-24T13:40:00.000,0.0,0.0,0.0,0.0,113071,178,599.29
2024-12-24T13:45:00.000,0.0,0.0,0.0,0.0,20508,155,599.29
2024-12-24T13:50:00.000,0.0,0.0,0.0,0.0,21843,97,599.29
2024-12-24T13:55:00.000,0.0,0.0,0.0,0.0,22262,115,599.29
2024-12-24T14:00:00.000,0.0,0.0,0.0,0.0,21787,132,599.29
2024-12-24T14:05:00.000,0.0,0.0,0.0,0.0,18026,112,599.29
2024-12-24T14:10:00.000,0.0,0.0,0.0,0.0,2811,71,599.29
2024-12-24T14:15:00.000,0.0,0.0,0.0,0.0,3919,100,599.29
2024-12-24T14:20:00.000,0.0,0.0,0.0,0.0,7771,106,599.29
2024-12-24T14:25:00.000,0.0,0.0,0.0,0.0,10004,211,599.29
2024-12-24T14:30:00.000,0.0,0.0,0.0,0.0,13902,128,599.29
2024-12-24T14:35:00.000,0.0,0.0,0.0,0.0,2454,112,599.29
2024-12-24T14:40:00.000,0.0,0.0,0.0,0.0,3460,98,599.29
2024-12-24T14:45:00.000,0.0,0.0,0.0,0.0,1759,63,599.29
2024-12-24T14:50:00.000,0.0,0.0,0.0,0.0,2645,107,599.29
2024-12-24T14:55:00.000,0.0,0.0,0.0,0.0,2219,101,599.29
2024-12-24T15:00:00.000,0.0,0.0,0.0,0.0,6712,93,599.29
2024-12-24T15:05:00.000,0.0,0.0,0.0,0.0,1983,70,599.29
2024-12-24T15:10:00.000,0.0,0.0,0.0,0.0,612,64,599.29
2024-12-24T15:15:00.000,0.0,0.0,0.0,0.0,391,53,599.29
2024-12-24T15:20:00.000,0.0,0.0,0.0,0.0,437,76,599.29
2024-12-24T15:25:00.000,0.0,0.0,0.0,0.0,543,64,599.29
2024-12-24T15:30:00.000,0.0,0.0,0.0,0.0,2737,50,599.29
2024-12-24T15:35:00.000,0.0,0.0,0.0,0.0,2158,76,599.29
2024-12-24T15:40:00.000,0.0,0.0,0.0,0.0,7828,110,599.29
2024-12-24T15:45:00.000,0.0,0.0,0.0,0.0,10832,134,599.29
2024-12-24T15:50:00.000,0.0,0.0,0.0,0.0,1436,70,599.29
2024-12-24T15:55:00.000,0.0,0.0,0.0,0.0,4836,106,599.29
2024-12-24T16:00:00.000,0.0,0.0,0.0,0.0,0,0,599.29
2024-12-25T09:30:00.000,0.0,0.0,0.0,0.0,0,0,0.0
2024-12-25T09:35:00.000,0.0,0.0,0.0,0.0,0,0,0.0
2024-12-25T09:40:00.000,0.0,0.0,0.0,0.0,0,0,0.0
2024-12-25T09:45:00.000,0.0,0.0,0.0,0.0,0,0,0.0
2024-12-25T09:50:00.000,0.0,0.0,0.0,0.0,0,0,0.0
2024-12-25T09:55:00.000,0.0,0.0,0.0,0.0,0,0,0.0
2024-12-25T10:00:00.000,0.0,0.0,0.0,0.0,0,0,0.0
2024-12-25T10:05:00.000,0.0,0.0,0.0,0.0,0,0,0.0
2024-12-25T10:10:00.000,0.0,0.0,0.0,0.0,0,0,0.0
2024-12-25T10:15:00.000,0.0,0.0,0.0,0.0,0,0,0.0
2024-12-25T10:20:00.000,0.0,0.0,0.0,0.0,0,0,0.0
2024-12-25T10:25:00.000,0.0,0.0,0.0,0.0,0,0,0.0
2024-12-25T10:30:00.000,0.0,0.0,0.0,0.0,0,0,0.0
2024-12-25T10:35:00.000,0.0,0.0,0.0,0.0,0,0,0.0
2024-12-25T10:40:00.000,0.0,0.0,0.0,0.0,0,0,0.0
2024-12-25T10:45:00.000,0.0,0.0,0.0,0.0,0,0,0.0
2024-12-25T10:50:00.000,0.0,0.0,0.0,0.0,0,0,0.0
2024-12-25T10:55:00.000,0.0,0.0,0.0,0.0,0,0,0.0
2024-12-25T11:00:00.000,0.0,0.0,0.0,0.0,0,0,0.0
2024-12-25T11:05:00.000,0.0,0.0,0.0,0.0,0,0,0.0
2024-12-25T11:10:00.000,0.0,0.0,0.0,0.0,0,0,0.0
2024-12-25T11:15:00.000,0.0,0.0,0.0,0.0,0,0,0.0
2024-12-25T11:20:00.000,0.0,0.0,0.0,0.0,0,0,0.0
2024-12-25T11:25:00.000,0.0,0.0,0.0,0.0,0,0,0.0
2024-12-25T11:30:00.000,0.0,0.0,0.0,0.0,0,0,0.0
2024-12-25T11:35:00.000,0.0,0.0,0.0,0.0,0,0,0.0
2024-12-25T11:40:00.000,0.0,0.0,0.0,0.0,0,0,0.0
2024-12-25T11:45:00.000,0.0,0.0,0.0,0.0,0,0,0.0
2024-12-25T11:50:00.000,0.0,0.0,0.0,0.0,0,0,0.0
2024-12-25T11:55:00.000,0.0,0.0,0.0,0.0,0,0,0.0
2024-12-25T12:00:00.000,0.0,0.0,0.0,0.0,0,0,0.0
2024-12-25T12:05:00.000,0.0,0.0,0.0,0.0,0,0,0.0
2024-12-25T12:10:00.000,0.0,0.0,0.0,0.0,0,0,0.0
2024-12-25T12:15:00.000,0.0,0.0,0.0,0.0,0,0,0.0
2024-12-25T12:20:00.000,0.0,0.0,0.0,0.0,0,0,0.0
2024-12-25T12:25:00.000,0.0,0.0,0.0,0.0,0,0,0.0
2024-12-25T12:30:00.000,0.0,0.0,0.0,0.0,0,0,0.0
2024-12-25T12:35:00.000,0.0,0.0,0.0,0.0,0,0,0.0
2024-12-25T12:40:00.000,0.0,0.0,0.0,0.0,0,0,0.0
2024-12-25T12:45:00.000,0.0,0.0,0.0,0.0,0,0,0.0
2024-12-25T12:50:00.000,0.0,0.0,0.0,0.0,0,0,0.0
2024-12-25T12:55:00.000,0.0,0.0,0.0,0.0,0,0,0.0
2024-12-25T13:00:00.000,0.0,0.0,0.0,0.0,0,0,0.0
2024-12-25T13:05:00.000,0.0,0.0,0.0,0.0,0,0,0.0
2024-12-25T13:10:00.000,0.0,0.0,0.0,0.0,0,0,0.0
2024-12-25T13:15:00.000,0.0,0.0,0.0,0.0,0,0,0.0
2024-12-25T13:20:00.000,0.0,0.0,0.0,0.0,0,0,0.0
2024-12-25T13:25:00.000,0.0,0.0,0.0,0.0,0,0,0.0
2024-12-25T13:30:00.000,0.0,0.0,0.0,0.0,0,0,0.0
2024-12-25T13:35:00.000,0.0,0.0,0.0,0.0,0,0,0.0
2024-12-25T13:40:00.000,0.0,0.0,0.0,0.0,0,0,0.0
2024-12-25T13:45:00.000,0.0,0.0,0.0,0.0,0,0,0.0
2024-12-25T13:50:00.000,0.0,0.0,0.0,0.0,0,0,0.0
2024-12-25T13:55:00.000,0.0,0.0,0.0,0.0,0,0,0.0
2024-12-25T14:00:00.000,0.0,0.0,0.0,0.0,0,0,0.0
2024-12-25T14:05:00.000,0.0,0.0,0.0,0.0,0,0,0.0
2024-12-25T14:10:00.000,0.0,0.0,0.0,0.0,0,0,0.0
2024-12-25T14:15:00.000,0.0,0.0,0.0,0.0,0,0,0.0
2024-12-25T14:20:00.000,0.0,0.0,0.0,0.0,0,0,0.0
2024-12-25T14:25:00.000,0.0,0.0,0.0,0.0,0,0,0.0
2024-12-25T14:30:00.000,0.0,0.0,0.0,0.0,0,0,0.0
2024-12-25T14:35:00.000,0.0,0.0,0.0,0.0,0,0,0.0
2024-12-25T14:40:00.000,0.0,0.0,0.0,0.0,0,0,0.0
2024-12-25T14:45:00.000,0.0,0.0,0.0,0.0,0,0,0.0
2024-12-25T14:50:00.000,0.0,0.0,0.0,0.0,0,0,0.0
2024-12-25T14:55:00.000,0.0,0.0,0.0,0.0,0,0,0.0
2024-12-25T15:00:00.000,0.0,0.0,0.0,0.0,0,0,0.0
2024-12-25T15:05:00.000,0.0,0.0,0.0,0.0,0,0,0.0
2024-12-25T15:10:00.000,0.0,0.0,0.0,0.0,0,0,0.0
2024-12-25T15:15:00.000,0.0,0.0,0.0,0.0,0,0,0.0
2024-12-25T15:20:00.000,0.0,0.0,0.0,0.0,0,0,0.0
2024-12-25T15:25:00.000,0.0,0.0,0.0,0.0,0,0,0.0
2024-12-25T15:30:00.000,0.0,0.0,0.0,0.0,0,0,0.0
2024-12-25T15:35:00.000,0.0,0.0,0.0,0.0,0,0,0.0
2024-12-25T15:40:00.000,0.0,0.0,0.0,0.0,0,0,0.0
2024-12-25T15:45:00.000,0.0,0.0,0.0,0.0,0,0,0.0
2024-12-25T15:50:00.000,0.0,0.0,0.0,0.0,0,0,0.0
2024-12-25T15:55:00.000,0.0,0.0,0.0,0.0,0,0,0.0
2024-12-25T16:00:00.000,0.0,0.0,0.0,0.0,0,0,0.0
2024-12-26T09:30:00.000,599.5,600.1763,599.41,599.91,925871,13253,599.73
2024-12-26T09:35:00.000,599.93,600.27,599.55,599.8891,509373,7640,599.8
2024-12-26T09:40:00.000,599.86,600.13,599.671,599.8659,374307,5631,599.82
2024-12-26T09:45:00.000,599.87,600.22,599.7,599.76,256519,5048,599.83
2024-12-26T09:50:00.000,599.78,599.8299,598.0825,598.38,549511,8360,599.67
2024-12-26T09:55:00.000,598.39,600.1,598.39,599.9,478237,8208,599.6
2024-12-26T10:00:00.000,599.92,600.28,599.81,600.16,445484,6925,599.66
2024-12-26T10:05:00.000,600.1501,600.4,599.47,599.5299,473960,6152,599.69
2024-12-26T10:10:00.000,599.51,599.8599,599.485,599.77,238637,4566,599.69
2024-12-26T10:15:00.000,599.77,599.79,599.41,599.49,185513,3508,599.69
2024-12-26T10:20:00.000,599.495,600.21,599.41,600.18,313420,4721,599.7
2024-12-26T10:25:00.000,600.17,600.32,600.01,600.29,497006,4769,599.74
2024-12-26T10:30:00.000,600.285,600.47,600.2401,600.37,258710,4024,599.77
2024-12-26T10:35:00.000,600.3754,600.44,600.17,600.3,299810,4434,599.8
2024-12-26T10:40:00.000,600.295,600.39,599.79,599.97,261092,4477,599.82
2024-12-26T10:45:00.000,599.95,600.47,599.85,600.43,246892,3797,599.83
2024-12-26T10:50:00.000,600.42,600.71,600.365,600.56,358668,4679,599.87
2024-12-26T10:55:00.000,600.57,600.91,600.39,600.88,183943,3235,599.89
2024-12-26T11:00:00.000,600.89,601.0,600.61,600.9601,198207,8074,599.92
2024-12-26T11:05:00.000,600.96,601.01,600.82,600.93,115753,2179,599.94
2024-12-26T11:10:00.000,600.92,601.19,600.92,601.12,256320,2937,599.98
2024-12-26T11:15:00.000,601.13,601.26,601.11,601.259,161238,2610,600.0
2024-12-26T11:20:00.000,601.2499,601.2785,600.7901,600.7901,399146,3848,600.04
2024-12-26T11:25:00.000,600.81,600.91,600.53,600.83,333908,3518,600.06
2024-12-26T11:30:00.000,600.84,601.22,600.8,601.13,179863,3132,600.07
2024-12-26T11:35:00.000,601.13,601.26,601.0901,601.245,110028,1951,600.09
2024-12-26T11:40:00.000,601.24,601.84,601.2,601.75,447570,4091,600.15
2024-12-26T11:45:00.000,601.7604,601.859,601.61,601.859,165369,2774,600.18
2024-12-26T11:50:00.000,601.85,601.85,601.51,601.62,252371,3921,600.22
2024-12-26T11:55:00.000,601.61,601.91,601.61,601.81,331035,2813,600.25
2024-12-26T12:00:00.000,601.84,601.93,601.74,601.8723,209917,1932,600.26
2024-12-26T12:05:00.000,601.87,601.96,601.81,601.84,109311,2156,600.28
2024-12-26T12:10:00.000,601.84,602.11,601.84,602.06,146074,2636,600.31
2024-12-26T12:15:00.000,602.07,602.48,602.05,602.35,527483,3073,600.34
2024-12-26T12:20:00.000,602.3599,602.38,602.01,602.0802,140068,2266,600.37
2024-12-26T12:25:00.000,602.07,602.105,601.4825,601.51,155966,2691,600.39
2024-12-26T12:30:00.000,601.51,602.01,601.42,602.01,211659,2907,600.41
2024-12-26T12:35:00.000,602.01,602.05,601.48,601.6099,297207,2527,600.44
2024-12-26T12:40:00.000,601.61,601.675,601.47,601.59,103747,1977,600.45
2024-12-26T12:45:00.000,601.625,601.68,600.35,600.87,653215,4241,600.47
2024-12-26T12:50:00.000,600.865,601.18,600.48,601.13,499841,3014,600.48
2024-12-26T12:55:00.000,601.13,601.41,600.62,600.99,145275,2447,600.48
2024-12-26T13:00:00.000,600.9596,601.44,600.89,601.28,163621,2159,600.5
2024-12-26T13:05:00.000,601.31,601.606,601.05,601.56,142567,2001,600.51
2024-12-26T13:10:00.000,601.55,601.62,601.0313,601.1599,179077,2323,600.52
2024-12-26T13:15:00.000,601.15,601.81,601.1,601.76,164268,2423,600.53
2024-12-26T13:20:00.000,601.75,601.75,601.35,601.6,138533,2159,600.54
2024-12-26T13:25:00.000,601.62,601.82,601.62,601.67,106873,1989,600.55
2024-12-26T13:30:00.000,601.68,601.77,601.02,601.07,130950,3140,600.56
2024-12-26T13:35:00.000,601.08,601.56,601.06,601.33,152221,2734,600.57
2024-12-26T13:40:00.000,601.3,601.4299,600.75,600.96,306744,2800,600.58
2024-12-26T13:45:00.000,600.98,601.59,600.9232,601.41,266606,2298,600.59
2024-12-26T13:50:00.000,601.41,601.58,601.15,601.52,158396,2255,600.6
2024-12-26T13:55:00.000,601.52,601.6,601.083,601.32,177619,2527,600.61
2024-12-26T14:00:00.000,601.265,601.27,600.98,601.1035,134416,2004,600.61
2024-12-26T14:05:00.000,601.09,601.14,600.68,600.8903,394364,3897,600.62
2024-12-26T14:10:00.000,600.89,601.19,600.78,600.86,189312,2609,600.63
2024-12-26T14:15:00.000,600.815,601.0,600.66,600.78,666424,2333,600.63
2024-12-26T14:20:00.000,600.78,601.09,600.78,601.0201,97199,1766,600.63
2024-12-26T14:25:00.000,601.03,601.13,600.875,600.9,115661,1902,600.63
2024-12-26T14:30:00.000,600.97,601.1777,600.8403,600.89,107641,2042,600.64
2024-12-26T14:35:00.000,600.93,601.22,600.8499,601.2099,281050,2270,600.64
2024-12-26T14:40:00.000,601.21,601.54,601.15,601.41,127289,2312,600.65
2024-12-26T14:45:00.000,601.42,601.68,601.41,601.45,163180,2684,600.66
2024-12-26T14:50:00.000,601.44,601.73,601.44,601.65,1142572,2186,600.67
2024-12-26T14:55:00.000,601.65,601.81,601.6,601.745,95992,1759,600.67
2024-12-26T15:00:00.000,601.74,601.87,601.66,601.8401,166010,2427,600.68
2024-12-26T15:05:00.000,601.845,602.1,601.79,601.99,195944,2716,600.7
2024-12-26T15:10:00.000,601.98,601.99,601.4301,601.4616,438163,3535,600.72
2024-12-26T15:15:00.000,601.47,601.74,601.42,601.73,318330,2888,600.73
2024-12-26T15:20:00.000,601.735,601.84,601.62,601.825,210482,3309,600.75
2024-12-26T15:25:00.000,601.82,601.97,601.79,601.79,213112,3458,600.76
2024-12-26T15:30:00.000,601.79,601.85,601.49,601.73,367053,4677,600.78
2024-12-26T15:35:00.000,601.72,601.87,601.62,601.75,441738,3714,600.8
2024-12-26T15:40:00.000,601.74,601.93,601.63,601.72,588089,4636,600.83
2024-12-26T15:45:00.000,601.75,602.025,601.67,601.83,543709,4887,600.85
2024-12-26T15:50:00.000,601.84,602.02,601.58,601.76,791209,6905,600.89
2024-12-26T15:55:00.000,601.79,601.83,601.06,601.25,1715189,12226,600.93
2024-12-26T16:00:00.000,0.0,0.0,0.0,0.0,0,0,600.93
2024-12-27T09:30:00.000,597.54,597.7761,597.02,597.07,1253090,11564,597.42
2024-12-27T09:35:00.000,597.0699,597.39,596.49,596.62,731339,9446,597.22
2024-12-27T09:40:00.000,596.66,597.21,596.51,596.52,707211,8025,597.13
2024-12-27T09:45:00.000,596.51,597.63,596.43,597.5,692783,9242,597.12
2024-12-27T09:50:00.000,597.49,597.5977,596.95,597.0601,419671,6441,597.13
2024-12-27T09:55:00.000,597.0401,597.135,596.68,596.82,327561,5537,597.11
2024-12-27T10:00:00.000,596.82,597.01,594.9,594.91,1147808,14122,596.78
2024-12-27T10:05:00.000,594.92,595.32,594.28,595.03,1146114,12790,596.41
2024-12-27T10:10:00.000,595.03,595.08,593.715,594.03,773298,10714,596.17
2024-12-27T10:15:00.000,594.04,594.09,592.79,593.02,958669,14974,595.83
2024-12-27T10:20:00.000,593.015,594.55,592.82,593.74,1032639,12577,595.57
2024-12-27T10:25:00.000,593.74,593.77,593.01,593.21,521982,6680,595.49
2024-12-27T10:30:00.000,593.17,593.2998,592.25,592.64,520998,8032,595.35
2024-12-27T10:35:00.000,592.63,593.22,592.63,593.12,535369,6968,595.25
2024-12-27T10:40:00.000,593.1,594.13,592.84,593.89,682409,8521,595.15
2024-12-27T10:45:00.000,593.83,594.47,593.37,594.26,645409,7347,595.08
2024-12-27T10:50:00.000,594.23,594.57,594.03,594.5483,622809,6646,595.05
2024-12-27T10:55:00.000,594.49,594.52,593.75,593.98,546537,5125,595.03
2024-12-27T11:00:00.000,593.96,594.55,592.77,592.8599,442004,5854,594.97
2024-12-27T11:05:00.000,592.86,593.2599,592.66,592.87,384192,5148,594.91
2024-12-27T11:10:00.000,592.84,593.3,592.46,592.52,426753,4659,594.87
2024-12-27T11:15:00.000,592.54,592.9969,592.53,592.68,637608,4087,594.83
2024-12-27T11:20:00.000,592.69,593.19,592.64,593.06,746574,4210,594.8
2024-12-27T11:25:00.000,593.05,594.55,593.05,594.519,753570,6514,594.77
2024-12-27T11:30:00.000,594.4901,594.57,593.97,594.42,764634,5673,594.76
2024-12-27T11:35:00.000,594.38,594.6799,594.25,594.32,395824,4139,594.75
2024-12-27T11:40:00.000,594.31,594.42,593.1003,593.12,661982,5883,594.73
2024-12-27T11:45:00.000,593.12,593.46,592.86,592.92,609913,4585,594.69
2024-12-27T11:50:00.000,592.93,593.0298,591.5801,591.77,866183,7502,594.59
2024-12-27T11:55:00.000,591.76,592.49,591.6601,592.0301,487494,5392,594.52
2024-12-27T12:00:00.000,592.03,592.34,591.78,591.87,431668,4584,594.47
2024-12-27T12:05:00.000,591.8699,591.9489,591.08,591.55,643089,6629,594.39
2024-12-27T12:10:00.000,591.65,591.78,591.31,591.41,522403,4226,594.35
2024-12-27T12:15:00.000,591.4,591.6,591.05,591.16,366267,4986,594.29
2024-12-27T12:20:00.000,591.16,591.54,590.8,591.06,504631,6549,594.2
2024-12-27T12:25:00.000,591.0699,591.84,591.05,591.53,423008,5734,594.15
2024-12-27T12:30:00.000,591.5301,592.46,591.47,591.929,691245,5819,594.09
2024-12-27T12:35:00.000,591.9,591.94,590.7647,591.04,452205,6014,594.03
2024-12-27T12:40:00.000,591.07,591.6501,591.03,591.52,322357,4195,593.98
2024-12-27T12:45:00.000,591.52,591.64,591.01,591.2001,329751,4273,593.94
2024-12-27T12:50:00.000,591.21,591.94,591.21,591.91,202057,3338,593.92
2024-12-27T12:55:00.000,591.88,592.24,591.76,592.1,338409,4234,593.89
2024-12-27T13:00:00.000,592.08,592.8799,592.05,592.8301,3850111,4392,593.87
2024-12-27T13:05:00.000,592.84,592.915,591.8701,592.1047,405750,4236,593.85
2024-12-27T13:10:00.000,592.13,592.66,592.1,592.5,164283,2683,593.84
2024-12-27T13:15:00.000,592.5,592.83,592.4,592.5799,487574,2818,593.83
2024-12-27T13:20:00.000,592.57,592.78,592.44,592.7699,309229,2976,593.82
2024-12-27T13:25:00.000,592.7499,592.95,592.25,592.54,222126,3298,593.8
2024-12-27T13:30:00.000,592.5266,593.05,592.33,593.01,681859,3689,593.8
2024-12-27T13:35:00.000,592.97,593.235,592.815,593.05,223547,3216,593.79
2024-12-27T13:40:00.000,593.04,593.46,593.04,593.35,241108,3383,593.78
2024-12-27T13:45:00.000,593.36,593.52,592.91,593.19,241363,3517,593.78
2024-12-27T13:50:00.000,593.2,593.96,593.17,593.87,303675,3971,593.78
2024-12-27T13:55:00.000,593.89,594.12,593.85,594.01,334170,3798,593.78
2024-12-27T14:00:00.000,593.97,594.01,593.6221,593.82,283886,3741,593.78
2024-12-27T14:05:00.000,593.7859,594.34,593.7601,594.09,361146,4162,593.79
2024-12-27T14:10:00.000,594.07,594.41,594.02,594.145,202412,3054,593.79
2024-12-27T14:15:00.000,594.14,594.63,594.02,594.6299,375353,4181,593.8
2024-12-27T14:20:00.000,594.63,594.64,593.82,594.1,396516,4110,593.8
2024-12-27T14:25:00.000,594.1,594.21,593.81,593.97,368669,4028,593.81
2024-12-27T14:30:00.000,593.97,594.33,593.75,594.27,319193,3722,593.81
2024-12-27T14:35:00.000,594.27,594.57,594.27,594.46,275381,3541,593.82
2024-12-27T14:40:00.000,594.48,594.98,594.47,594.88,332362,4142,593.83
2024-12-27T14:45:00.000,594.89,595.12,594.73,595.0099,284254,3780,593.84
2024-12-27T14:50:00.000,595.005,595.04,594.76,594.865,290871,3509,593.85
2024-12-27T14:55:00.000,594.86,595.53,594.805,595.26,440444,5288,593.87
2024-12-27T15:00:00.000,595.26,595.26,594.3537,594.5901,305707,4047,593.88
2024-12-27T15:05:00.000,594.61,594.79,593.98,594.62,707243,4243,593.89
2024-12-27T15:10:00.000,594.63,594.689,593.36,593.5599,548356,4993,593.89
2024-12-27T15:15:00.000,593.55,593.88,593.43,593.57,369583,4594,593.88
2024-12-27T15:20:00.000,593.59,593.68,593.1801,593.47,461052,4170,593.88
2024-12-27T15:25:00.000,593.48,593.86,593.39,593.65,326427,4193,593.88
2024-12-27T15:30:00.000,593.66,593.75,593.24,593.47,572273,4930,593.87
2024-12-27T15:35:00.000,593.44,593.44,593.055,593.14,542598,5872,593.86
2024-12-27T15:40:00.000,593.14,593.24,592.54,592.71,936396,8537,593.83
2024-12-27T15:45:00.000,592.71,593.69,592.71,593.6799,1425787,10109,593.8
2024-12-27T15:50:00.000,593.69,595.4,593.6,594.63,3413293,21579,593.9
2024-12-27T15:55:00.000,594.64,595.01,594.15,594.99,5207776,25122,594.0
2024-12-27T16:00:00.000,0.0,0.0,0.0,0.0,0,0,594.0
2024-12-28T09:30:00.000,0.0,0.0,0.0,0.0,0,0,0.0
2024-12-28T09:35:00.000,0.0,0.0,0.0,0.0,0,0,0.0
2024-12-28T09:40:00.000,0.0,0.0,0.0,0.0,0,0,0.0
2024-12-28T09:45:00.000,0.0,0.0,0.0,0.0,0,0,0.0
2024-12-28T09:50:00.000,0.0,0.0,0.0,0.0,0,0,0.0
2024-12-28T09:55:00.000,0.0,0.0,0.0,0.0,0,0,0.0
2024-12-28T10:00:00.000,0.0,0.0,0.0,0.0,0,0,0.0
2024-12-28T10:05:00.000,0.0,0.0,0.0,0.0,0,0,0.0
2024-12-28T10:10:00.000,0.0,0.0,0.0,0.0,0,0,0.0
2024-12-28T10:15:00.000,0.0,0.0,0.0,0.0,0,0,0.0
2024-12-28T10:20:00.000,0.0,0.0,0.0,0.0,0,0,0.0
2024-12-28T10:25:00.000,0.0,0.0,0.0,0.0,0,0,0.0
2024-12-28T10:30:00.000,0.0,0.0,0.0,0.0,0,0,0.0
2024-12-28T10:35:00.000,0.0,0.0,0.0,0.0,0,0,0.0
2024-12-28T10:40:00.000,0.0,0.0,0.0,0.0,0,0,0.0
2024-12-28T10:45:00.000,0.0,0.0,0.0,0.0,0,0,0.0
2024-12-28T10:50:00.000,0.0,0.0,0.0,0.0,0,0,0.0
2024-12-28T10:55:00.000,0.0,0.0,0.0,0.0,0,0,0.0
2024-12-28T11:00:00.000,0.0,0.0,0.0,0.0,0,0,0.0
2024-12-28T11:05:00.000,0.0,0.0,0.0,0.0,0,0,0.0
2024-12-28T11:10:00.000,0.0,0.0,0.0,0.0,0,0,0.0
2024-12-28T11:15:00.000,0.0,0.0,0.0,0.0,0,0,0.0
2024-12-28T11:20:00.000,0.0,0.0,0.0,0.0,0,0,0.0
2024-12-28T11:25:00.000,0.0,0.0,0.0,0.0,0,0,0.0
2024-12-28T11:30:00.000,0.0,0.0,0.0,0.0,0,0,0.0
2024-12-28T11:35:00.000,0.0,0.0,0.0,0.0,0,0,0.0
2024-12-28T11:40:00.000,0.0,0.0,0.0,0.0,0,0,0.0
2024-12-28T11:45:00.000,0.0,0.0,0.0,0.0,0,0,0.0
2024-12-28T11:50:00.000,0.0,0.0,0.0,0.0,0,0,0.0
2024-12-28T11:55:00.000,0.0,0.0,0.0,0.0,0,0,0.0
2024-12-28T12:00:00.000,0.0,0.0,0.0,0.0,0,0,0.0
2024-12-28T12:05:00.000,0.0,0.0,0.0,0.0,0,0,0.0
2024-12-28T12:10:00.000,0.0,0.0,0.0,0.0,0,0,0.0
2024-12-28T12:15:00.000,0.0,0.0,0.0,0.0,0,0,0.0
2024-12-28T12:20:00.000,0.0,0.0,0.0,0.0,0,0,0.0
2024-12-28T12:25:00.000,0.0,0.0,0.0,0.0,0,0,0.0
2024-12-28T12:30:00.000,0.0,0.0,0.0,0.0,0,0,0.0
2024-12-28T12:35:00.000,0.0,0.0,0.0,0.0,0,0,0.0
2024-12-28T12:40:00.000,0.0,0.0,0.0,0.0,0,0,0.0
2024-12-28T12:45:00.000,0.0,0.0,0.0,0.0,0,0,0.0
2024-12-28T12:50:00.000,0.0,0.0,0.0,0.0,0,0,0.0
2024-12-28T12:55:00.000,0.0,0.0,0.0,0.0,0,0,0.0
2024-12-28T13:00:00.000,0.0,0.0,0.0,0.0,0,0,0.0
2024-12-28T13:05:00.000,0.0,0.0,0.0,0.0,0,0,0.0
2024-12-28T13:10:00.000,0.0,0.0,0.0,0.0,0,0,0.0
2024-12-28T13:15:00.000,0.0,0.0,0.0,0.0,0,0,0.0
2024-12-28T13:20:00.000,0.0,0.0,0.0,0.0,0,0,0.0
2024-12-28T13:25:00.000,0.0,0.0,0.0,0.0,0,0,0.0
2024-12-28T13:30:00.000,0.0,0.0,0.0,0.0,0,0,0.0
2024-12-28T13:35:00.000,0.0,0.0,0.0,0.0,0,0,0.0
2024-12-28T13:40:00.000,0.0,0.0,0.0,0.0,0,0,0.0
2024-12-28T13:45:00.000,0.0,0.0,0.0,0.0,0,0,0.0
2024-12-28T13:50:00.000,0.0,0.0,0.0,0.0,0,0,0.0
2024-12-28T13:55:00.000,0.0,0.0,0.0,0.0,0,0,0.0
2024-12-28T14:00:00.000,0.0,0.0,0.0,0.0,0,0,0.0
2024-12-28T14:05:00.000,0.0,0.0,0.0,0.0,0,0,0.0
2024-12-28T14:10:00.000,0.0,0.0,0.0,0.0,0,0,0.0
2024-12-28T14:15:00.000,0.0,0.0,0.0,0.0,0,0,0.0
2024-12-28T14:20:00.000,0.0,0.0,0.0,0.0,0,0,0.0
2024-12-28T14:25:00.000,0.0,0.0,0.0,0.0,0,0,0.0
2024-12-28T14:30:00.000,0.0,0.0,0.0,0.0,0,0,0.0
2024-12-28T14:35:00.000,0.0,0.0,0.0,0.0,0,0,0.0
2024-12-28T14:40:00.000,0.0,0.0,0.0,0.0,0,0,0.0
2024-12-28T14:45:00.000,0.0,0.0,0.0,0.0,0,0,0.0
2024-12-28T14:50:00.000,0.0,0.0,0.0,0.0,0,0,0.0
2024-12-28T14:55:00.000,0.0,0.0,0.0,0.0,0,0,0.0
2024-12-28T15:00:00.000,0.0,0.0,0.0,0.0,0,0,0.0
2024-12-28T15:05:00.000,0.0,0.0,0.0,0.0,0,0,0.0
2024-12-28T15:10:00.000,0.0,0.0,0.0,0.0,0,0,0.0
2024-12-28T15:15:00.000,0.0,0.0,0.0,0.0,0,0,0.0
2024-12-28T15:20:00.000,0.0,0.0,0.0,0.0,0,0,0.0
2024-12-28T15:25:00.000,0.0,0.0,0.0,0.0,0,0,0.0
2024-12-28T15:30:00.000,0.0,0.0,0.0,0.0,0,0,0.0
2024-12-28T15:35:00.000,0.0,0.0,0.0,0.0,0,0,0.0
2024-12-28T15:40:00.000,0.0,0.0,0.0,0.0,0,0,0.0
2024-12-28T15:45:00.000,0.0,0.0,0.0,0.0,0,0,0.0
2024-12-28T15:50:00.000,0.0,0.0,0.0,0.0,0,0,0.0
2024-12-28T15:55:00.000,0.0,0.0,0.0,0.0,0,0,0.0
2024-12-28T16:00:00.000,0.0,0.0,0.0,0.0,0,0,0.0
2024-12-29T09:30:00.000,0.0,0.0,0.0,0.0,0,0,0.0
2024-12-29T09:35:00.000,0.0,0.0,0.0,0.0,0,0,0.0
2024-12-29T09:40:00.000,0.0,0.0,0.0,0.0,0,0,0.0
2024-12-29T09:45:00.000,0.0,0.0,0.0,0.0,0,0,0.0
2024-12-29T09:50:00.000,0.0,0.0,0.0,0.0,0,0,0.0
2024-12-29T09:55:00.000,0.0,0.0,0.0,0.0,0,0,0.0
2024-12-29T10:00:00.000,0.0,0.0,0.0,0.0,0,0,0.0
2024-12-29T10:05:00.000,0.0,0.0,0.0,0.0,0,0,0.0
2024-12-29T10:10:00.000,0.0,0.0,0.0,0.0,0,0,0.0
2024-12-29T10:15:00.000,0.0,0.0,0.0,0.0,0,0,0.0
2024-12-29T10:20:00.000,0.0,0.0,0.0,0.0,0,0,0.0
2024-12-29T10:25:00.000,0.0,0.0,0.0,0.0,0,0,0.0
2024-12-29T10:30:00.000,0.0,0.0,0.0,0.0,0,0,0.0
2024-12-29T10:35:00.000,0.0,0.0,0.0,0.0,0,0,0.0
2024-12-29T10:40:00.000,0.0,0.0,0.0,0.0,0,0,0.0
2024-12-29T10:45:00.000,0.0,0.0,0.0,0.0,0,0,0.0
2024-12-29T10:50:00.000,0.0,0.0,0.0,0.0,0,0,0.0
2024-12-29T10:55:00.000,0.0,0.0,0.0,0.0,0,0,0.0
2024-12-29T11:00:00.000,0.0,0.0,0.0,0.0,0,0,0.0
2024-12-29T11:05:00.000,0.0,0.0,0.0,0.0,0,0,0.0
2024-12-29T11:10:00.000,0.0,0.0,0.0,0.0,0,0,0.0
2024-12-29T11:15:00.000,0.0,0.0,0.0,0.0,0,0,0.0
2024-12-29T11:20:00.000,0.0,0.0,0.0,0.0,0,0,0.0
2024-12-29T11:25:00.000,0.0,0.0,0.0,0.0,0,0,0.0
2024-12-29T11:30:00.000,0.0,0.0,0.0,0.0,0,0,0.0
2024-12-29T11:35:00.000,0.0,0.0,0.0,0.0,0,0,0.0
2024-12-29T11:40:00.000,0.0,0.0,0.0,0.0,0,0,0.0
2024-12-29T11:45:00.000,0.0,0.0,0.0,0.0,0,0,0.0
2024-12-29T11:50:00.000,0.0,0.0,0.0,0.0,0,0,0.0
2024-12-29T11:55:00.000,0.0,0.0,0.0,0.0,0,0,0.0
2024-12-29T12:00:00.000,0.0,0.0,0.0,0.0,0,0,0.0
2024-12-29T12:05:00.000,0.0,0.0,0.0,0.0,0,0,0.0
2024-12-29T12:10:00.000,0.0,0.0,0.0,0.0,0,0,0.0
2024-12-29T12:15:00.000,0.0,0.0,0.0,0.0,0,0,0.0
2024-12-29T12:20:00.000,0.0,0.0,0.0,0.0,0,0,0.0
2024-12-29T12:25:00.000,0.0,0.0,0.0,0.0,0,0,0.0
2024-12-29T12:30:00.000,0.0,0.0,0.0,0.0,0,0,0.0
2024-12-29T12:35:00.000,0.0,0.0,0.0,0.0,0,0,0.0
2024-12-29T12:40:00.000,0.0,0.0,0.0,0.0,0,0,0.0
2024-12-29T12:45:00.000,0.0,0.0,0.0,0.0,0,0,0.0
2024-12-29T12:50:00.000,0.0,0.0,0.0,0.0,0,0,0.0
2024-12-29T12:55:00.000,0.0,0.0,0.0,0.0,0,0,0.0
2024-12-29T13:00:00.000,0.0,0.0,0.0,0.0,0,0,0.0
2024-12-29T13:05:00.000,0.0,0.0,0.0,0.0,0,0,0.0
2024-12-29T13:10:00.000,0.0,0.0,0.0,0.0,0,0,0.0
2024-12-29T13:15:00.000,0.0,0.0,0.0,0.0,0,0,0.0
2024-12-29T13:20:00.000,0.0,0.0,0.0,0.0,0,0,0.0
2024-12-29T13:25:00.000,0.0,0.0,0.0,0.0,0,0,0.0
2024-12-29T13:30:00.000,0.0,0.0,0.0,0.0,0,0,0.0
2024-12-29T13:35:00.000,0.0,0.0,0.0,0.0,0,0,0.0
2024-12-29T13:40:00.000,0.0,0.0,0.0,0.0,0,0,0.0
2024-12-29T13:45:00.000,0.0,0.0,0.0,0.0,0,0,0.0
2024-12-29T13:50:00.000,0.0,0.0,0.0,0.0,0,0,0.0
2024-12-29T13:55:00.000,0.0,0.0,0.0,0.0,0,0,0.0
2024-12-29T14:00:00.000,0.0,0.0,0.0,0.0,0,0,0.0
2024-12-29T14:05:00.000,0.0,0.0,0.0,0.0,0,0,0.0
2024-12-29T14:10:00.000,0.0,0.0,0.0,0.0,0,0,0.0
2024-12-29T14:15:00.000,0.0,0.0,0.0,0.0,0,0,0.0
2024-12-29T14:20:00.000,0.0,0.0,0.0,0.0,0,0,0.0
2024-12-29T14:25:00.000,0.0,0.0,0.0,0.0,0,0,0.0
2024-12-29T14:30:00.000,0.0,0.0,0.0,0.0,0,0,0.0
2024-12-29T14:35:00.000,0.0,0.0,0.0,0.0,0,0,0.0
2024-12-29T14:40:00.000,0.0,0.0,0.0,0.0,0,0,0.0
2024-12-29T14:45:00.000,0.0,0.0,0.0,0.0,0,0,0.0
2024-12-29T14:50:00.000,0.0,0.0,0.0,0.0,0,0,0.0
2024-12-29T14:55:00.000,0.0,0.0,0.0,0.0,0,0,0.0
2024-12-29T15:00:00.000,0.0,0.0,0.0,0.0,0,0,0.0
2024-12-29T15:05:00.000,0.0,0.0,0.0,0.0,0,0,0.0
2024-12-29T15:10:00.000,0.0,0.0,0.0,0.0,0,0,0.0
2024-12-29T15:15:00.000,0.0,0.0,0.0,0.0,0,0,0.0
2024-12-29T15:20:00.000,0.0,0.0,0.0,0.0,0,0,0.0
2024-12-29T15:25:00.000,0.0,0.0,0.0,0.0,0,0,0.0
2024-12-29T15:30:00.000,0.0,0.0,0.0,0.0,0,0,0.0
2024-12-29T15:35:00.000,0.0,0.0,0.0,0.0,0,0,0.0
2024-12-29T15:40:00.000,0.0,0.0,0.0,0.0,0,0,0.0
2024-12-29T15:45:00.000,0.0,0.0,0.0,0.0,0,0,0.0
2024-12-29T15:50:00.000,0.0,0.0,0.0,0.0,0,0,0.0
2024-12-29T15:55:00.000,0.0,0.0,0.0,0.0,0,0,0.0
2024-12-29T16:00:00.000,0.0,0.0,0.0,0.0,0,0,0.0
2024-12-30T09:30:00.000,587.89,588.01,586.48,587.0,1365241,20290,587.38
2024-12-30T09:35:00.000,586.98,587.3,586.515,586.6,1031165,12743,587.19
2024-12-30T09:40:00.000,586.64,586.92,585.67,586.15,940914,12179,586.86
2024-12-30T09:45:00.000,586.17,586.18,585.425,585.88,800921,10202,586.67
2024-12-30T09:50:00.000,585.84,586.61,585.67,586.12,748085,11048,586.6
2024-12-30T09:55:00.000,586.03,586.3,585.19,585.22,656397,9705,586.49
2024-12-30T10:00:00.000,585.21,586.21,584.6301,585.39,1850499,21194,586.14
2024-12-30T10:05:00.000,585.39,585.9,585.16,585.46,688143,7076,586.1
2024-12-30T10:10:00.000,585.44,586.15,585.01,586.03,712384,9418,586.07
2024-12-30T10:15:00.000,586.03,586.03,585.02,585.12,767395,7755,586.03
2024-12-30T10:20:00.000,585.12,585.39,584.41,584.47,613196,9412,585.96
2024-12-30T10:25:00.000,584.48,585.23,584.45,584.77,376193,6521,585.92
2024-12-30T10:30:00.000,584.76,585.58,584.75,585.37,384405,6865,585.9
2024-12-30T10:35:00.000,585.3,586.58,584.82,586.48,494789,7969,585.88
2024-12-30T10:40:00.000,586.44,586.88,586.05,586.658,587192,8318,585.91
2024-12-30T10:45:00.000,586.64,587.4,585.25,585.58,642601,14895,585.93
2024-12-30T10:50:00.000,585.61,586.07,585.4591,585.99,287820,5318,585.93
2024-12-30T10:55:00.000,585.975,587.11,585.95,587.11,515614,7619,585.95
2024-12-30T11:00:00.000,587.08,587.1,586.41,586.89,519490,5454,585.97
2024-12-30T11:05:00.000,586.9,587.67,586.9,587.64,435732,6221,586.01
2024-12-30T11:10:00.000,587.635,587.72,587.19,587.385,3703120,4685,586.04
2024-12-30T11:15:00.000,587.37,588.35,587.31,588.25,391256,5642,586.09
2024-12-30T11:20:00.000,588.25,588.465,587.58,587.61,537794,6186,586.15
2024-12-30T11:25:00.000,587.64,588.024,587.46,587.99,702508,4365,586.17
2024-12-30T11:30:00.000,587.97,588.55,587.9301,588.48,278824,4244,586.21
2024-12-30T11:35:00.000,588.485,588.94,588.3,588.7899,314250,4689,586.26
2024-12-30T11:40:00.000,588.77,589.63,588.74,589.43,571665,4978,586.32
2024-12-30T11:45:00.000,589.42,589.52,588.22,588.2501,464712,6211,586.39
2024-12-30T11:50:00.000,588.28,588.92,588.25,588.86,218565,3796,586.42
2024-12-30T11:55:00.000,588.83,589.48,588.8,589.295,334941,4000,586.45
2024-12-30T12:00:00.000,589.28,590.0,589.265,589.67,548267,4593,586.51
2024-12-30T12:05:00.000,589.65,589.8,589.1501,589.47,284691,4545,586.56
2024-12-30T12:10:00.000,589.485,590.09,589.485,589.67,242802,3625,586.6
2024-12-30T12:15:00.000,589.6401,589.95,589.58,589.95,301468,3554,586.65
2024-12-30T12:20:00.000,589.95,590.52,589.87,590.38,327470,4690,586.71
2024-12-30T12:25:00.000,590.36,590.5499,590.05,590.44,356853,3504,586.75
2024-12-30T12:30:00.000,590.45,590.7,590.33,590.66,283578,2960,586.78
2024-12-30T12:35:00.000,590.6852,590.74,590.27,590.54,247353,3426,586.83
2024-12-30T12:40:00.000,590.56,590.73,590.07,590.6849,233265,3974,586.87
2024-12-30T12:45:00.000,590.65,591.42,590.575,591.35,352229,4329,586.94
2024-12-30T12:50:00.000,591.34,591.47,590.5301,590.5544,322052,3924,587.0
2024-12-30T12:55:00.000,590.56,591.34,589.65,591.09,512368,5361,587.06
2024-12-30T13:00:00.000,591.0499,591.1399,590.29,590.45,171818,3123,587.09
2024-12-30T13:05:00.000,590.48,590.9,590.135,590.84,192452,3237,587.12
2024-12-30T13:10:00.000,590.83,591.61,590.82,591.44,213629,3338,587.16
2024-12-30T13:15:00.000,591.41,591.74,590.81,591.03,189100,3075,587.2
2024-12-30T13:20:00.000,591.02,591.23,590.425,590.4271,190291,2968,587.23
2024-12-30T13:25:00.000,590.41,590.8,589.97,590.59,214902,3455,587.26
2024-12-30T13:30:00.000,590.51,591.17,590.35,591.1201,199594,4349,587.29
2024-12-30T13:35:00.000,591.09,591.34,590.4,590.88,200184,3647,587.32
2024-12-30T13:40:00.000,590.8636,591.36,590.68,591.16,150160,3322,587.34
2024-12-30T13:45:00.000,591.165,591.53,591.071,591.16,241919,2739,587.37
2024-12-30T13:50:00.000,591.1999,591.3799,590.85,591.26,295583,2929,587.4
2024-12-30T13:55:00.000,591.25,591.4,590.96,591.1,2750521,2271,587.42
2024-12-30T14:00:00.000,591.12,591.27,590.82,590.86,259937,2913,587.46
2024-12-30T14:05:00.000,590.86,591.117,590.1459,590.77,245055,3571,587.49
2024-12-30T14:10:00.000,590.78,590.86,589.79,590.15,308275,4531,587.53
2024-12-30T14:15:00.000,590.17,590.5,590.02,590.08,267089,3300,587.56
2024-12-30T14:20:00.000,590.04,590.11,589.42,589.9,351938,4413,587.59
2024-12-30T14:25:00.000,589.87,590.55,589.84,590.34,376098,3534,587.62
2024-12-30T14:30:00.000,590.32,590.91,590.27,590.43,333257,4206,587.66
2024-12-30T14:35:00.000,590.41,590.6,590.18,590.39,210098,2773,587.69
2024-12-30T14:40:00.000,590.4802,590.85,590.35,590.46,196433,3126,587.71
2024-12-30T14:45:00.000,590.48,590.98,590.45,590.72,318399,2986,587.74
2024-12-30T14:50:00.000,590.71,591.01,590.53,590.84,247818,3450,587.77
2024-12-30T14:55:00.000,590.81,591.14,590.73,590.92,378084,4724,587.82
2024-12-30T15:00:00.000,590.9,591.01,590.38,590.39,585174,5930,587.89
2024-12-30T15:05:00.000,590.38,590.658,590.14,590.56,487671,3859,587.92
2024-12-30T15:10:00.000,590.54,591.02,590.33,590.82,520478,4017,587.97
2024-12-30T15:15:00.000,590.82,591.21,590.66,591.11,372959,4185,588.01
2024-12-30T15:20:00.000,591.11,591.11,590.74,590.82,372110,4162,588.05
2024-12-30T15:25:00.000,590.82,590.94,589.56,589.59,512047,6058,588.09
2024-12-30T15:30:00.000,589.59,590.09,589.36,589.55,578807,6330,588.13
2024-12-30T15:35:00.000,589.55,589.68,589.2921,589.47,563975,6126,588.15
2024-12-30T15:40:00.000,589.48,590.13,589.4,589.8,793208,6981,588.19
2024-12-30T15:45:00.000,589.79,590.39,589.64,590.01,766870,8704,588.23
2024-12-30T15:50:00.000,590.01,590.64,589.68,589.71,1161002,11821,588.31
2024-12-30T15:55:00.000,589.7,589.9,588.07,588.23,2739351,22086,588.34
2024-12-30T16:00:00.000,588.25,588.25,588.25,588.25,100,1,588.34
2024-12-31T09:30:00.000,589.905,590.58,589.45,590.01,1035850,10636,590.03
2024-12-31T09:35:00.000,590.04,590.26,588.9,588.94,552401,7633,589.9
2024-12-31T09:40:00.000,588.94,589.315,588.5559,589.125,496362,6644,589.66
2024-12-31T09:45:00.000,589.15,590.15,589.05,589.9,808491,6631,589.68
2024-12-31T09:50:00.000,589.87,589.955,588.785,589.32,369562,5143,589.63
2024-12-31T09:55:00.000,589.41,590.15,589.3,590.015,416141,5376,589.65
2024-12-31T10:00:00.000,590.01,590.6399,589.69,589.86,387274,5219,589.7
2024-12-31T10:05:00.000,589.83,590.0696,588.36,588.42,289875,7809,589.66
2024-12-31T10:10:00.000,588.39,589.2797,588.1701,589.13,389479,5470,589.57
2024-12-31T10:15:00.000,589.12,589.9995,588.84,589.98,245175,4467,589.56
2024-12-31T10:20:00.000,589.99,590.23,589.71,590.2,504115,5390,589.61
2024-12-31T10:25:00.000,590.16,590.54,589.23,589.61,705496,8491,589.66
2024-12-31T10:30:00.000,589.61,590.06,588.6,588.7399,315261,5630,589.64
2024-12-31T10:35:00.000,588.74,589.63,588.64,589.62,307119,4925,589.62
2024-12-31T10:40:00.000,589.59,589.69,588.79,588.85,226033,3921,589.6
2024-12-31T10:45:00.000,588.89,589.25,588.57,588.68,321011,4035,589.58
2024-12-31T10:50:00.000,588.64,589.42,588.6,589.2599,291555,3461,589.56
2024-12-31T10:55:00.000,589.24,589.28,588.66,588.66,157850,2927,589.55
2024-12-31T11:00:00.000,588.69,588.8,587.38,587.57,467242,6992,589.46
2024-12-31T11:05:00.000,587.66,587.98,587.36,587.9,394257,5024,589.37
2024-12-31T11:10:00.000,587.8948,588.1199,587.4002,587.95,253220,3834,589.32
2024-12-31T11:15:00.000,587.9,588.07,587.15,587.1634,311130,4357,589.26
2024-12-31T11:20:00.000,587.1651,587.56,586.82,587.11,341063,4735,589.18
2024-12-31T11:25:00.000,587.09,587.32,586.9,586.95,186251,3103,589.14
2024-12-31T11:30:00.000,586.9499,587.02,586.54,586.87,303409,4284,589.07
2024-12-31T11:35:00.000,586.8799,587.07,586.68,586.72,185452,3450,589.03
2024-12-31T11:40:00.000,586.75,587.48,586.58,587.3471,517773,3727,588.98
2024-12-31T11:45:00.000,587.32,587.7,587.02,587.63,308852,4104,588.94
2024-12-31T11:50:00.000,587.5801,587.84,587.13,587.23,325988,4535,588.9
2024-12-31T11:55:00.000,587.222,587.2379,586.8,587.045,226580,3892,588.86
2024-12-31T12:00:00.000,587.06,587.07,586.32,586.93,345985,5177,588.8
2024-12-31T12:05:00.000,586.93,587.36,586.74,587.24,323037,4372,588.76
2024-12-31T12:10:00.000,587.25,587.4,586.5201,586.85,287562,4286,588.73
2024-12-31T12:15:00.000,586.8405,587.28,586.7201,587.1304,177450,2936,588.7
2024-12-31T12:20:00.000,587.16,587.27,586.1001,586.25,326893,4262,588.65
2024-12-31T12:25:00.000,586.2653,586.6399,585.74,585.8887,426982,5101,588.58
2024-12-31T12:30:00.000,585.86,586.0,585.25,585.55,602399,6059,588.44
2024-12-31T12:35:00.000,585.56,585.59,584.92,585.07,479391,6325,588.34
2024-12-31T12:40:00.000,585.116,585.52,584.9,585.27,560010,5139,588.23
2024-12-31T12:45:00.000,585.28,585.57,585.09,585.28,339165,4219,588.16
2024-12-31T12:50:00.000,585.32,586.19,585.23,586.12,511683,5284,588.07
2024-12-31T12:55:00.000,586.09,587.31,586.07,587.22,736451,6658,588.01
2024-12-31T13:00:00.000,587.225,587.24,586.64,587.12,530639,5325,587.98
2024-12-31T13:05:00.000,587.14,587.68,586.87,587.17,396989,4694,587.96
2024-12-31T13:10:00.000,587.13,587.15,586.35,586.45,289543,3772,587.94
2024-12-31T13:15:00.000,586.45,586.82,586.03,586.05,254304,4123,587.92
2024-12-31T13:20:00.000,586.04,586.08,584.96,585.0114,395050,6094,587.86
2024-12-31T13:25:00.000,585.03,585.53,584.79,585.01,512728,6458,587.78
2024-12-31T13:30:00.000,585.015,585.86,584.93,585.51,383605,5436,587.73
2024-12-31T13:35:00.000,585.475,585.61,584.92,585.46,273613,4277,587.69
2024-12-31T13:40:00.000,585.54,586.0299,585.445,585.88,311199,4110,587.66
2024-12-31T13:45:00.000,585.88,586.2256,585.66,586.065,238166,3456,587.64
2024-12-31T13:50:00.000,586.03,586.51,585.69,585.76,305078,4323,587.61
2024-12-31T13:55:00.000,585.73,585.84,585.33,585.34,248891,4082,587.59
2024-12-31T14:00:00.000,585.36,585.52,584.58,585.04,652221,6584,587.5
2024-12-31T14:05:00.000,585.045,586.02,584.98,585.97,505273,5695,587.45
2024-12-31T14:10:00.000,585.94,586.5599,585.92,586.41,617895,4913,587.42
2024-12-31T14:15:00.000,586.425,586.5,585.34,585.39,567933,5917,587.37
2024-12-31T14:20:00.000,585.41,585.5,584.79,585.0684,483055,5760,587.32
2024-12-31T14:25:00.000,585.0877,585.59,584.87,584.94,384593,4871,587.29
2024-12-31T14:30:00.000,584.92,585.0799,584.7,584.76,540354,5596,587.23
2024-12-31T14:35:00.000,584.755,585.47,584.7101,585.4,517144,5741,587.18
2024-12-31T14:40:00.000,585.42,585.43,584.42,585.1,672631,6461,587.12
2024-12-31T14:45:00.000,585.08,585.29,584.87,585.01,547867,5145,587.08
2024-12-31T14:50:00.000,584.99,586.0,584.97,585.57,421083,5261,587.06
2024-12-31T14:55:00.000,585.565,586.34,585.54,586.33,430585,4570,587.04
2024-12-31T15:00:00.000,586.31,586.37,585.9401,586.12,406964,4368,587.02
2024-12-31T15:05:00.000,586.12,586.83,586.06,586.535,669531,6071,587.01
2024-12-31T15:10:00.000,586.53,586.53,585.17,585.39,652294,7541,586.98
2024-12-31T15:15:00.000,585.39,586.14,585.19,586.06,669194,6646,586.95
2024-12-31T15:20:00.000,586.11,587.0199,586.01,586.35,649673,6558,586.94
2024-12-31T15:25:00.000,586.34,587.3,586.2,587.2301,550483,6063,586.94
2024-12-31T15:30:00.000,587.23,587.36,586.31,586.66,583851,6440,586.94
2024-12-31T15:35:00.000,586.67,587.4999,586.27,586.4399,834730,7560,586.93
2024-12-31T15:40:00.000,586.42,586.77,586.0301,586.27,697719,7936,586.92
2024-12-31T15:45:00.000,586.24,587.13,585.63,586.96,1353802,10639,586.9
2024-12-31T15:50:00.000,586.95,586.95,585.54,585.54,2021885,14792,586.87
2024-12-31T15:55:00.000,585.6,586.31,584.97,586.01,7082018,36444,586.69
2024-12-31T16:00:00.000,0.0,0.0,0.0,0.0,34,1,586.69
