timestamp,open,high,low,close,volume,count,vwap
2024-04-01T09:30:00.000,523.83,524.11,523.45,524.0113,1427359,19207,523.74
2024-04-01T09:35:00.000,524.01,524.2725,523.75,524.2001,950526,10646,523.87
2024-04-01T09:40:00.000,524.22,524.36,524.12,524.205,612602,6819,523.95
2024-04-01T09:45:00.000,524.21,524.38,523.855,524.0,629581,7521,523.98
2024-04-01T09:50:00.000,523.99,524.1099,523.9101,524.04,422627,4941,523.99
2024-04-01T09:55:00.000,524.04,524.23,524.015,524.095,315644,4670,524.0
2024-04-01T10:00:00.000,524.09,524.18,523.13,523.22,3655332,12263,523.94
2024-04-01T10:05:00.000,523.22,523.83,523.19,523.745,770736,7925,523.89
2024-04-01T10:10:00.000,523.74,523.96,523.707,523.885,1283908,5844,523.89
2024-04-01T10:15:00.000,523.88,523.91,522.9,522.9601,771967,12273,523.83
2024-04-01T10:20:00.000,522.96,523.2691,522.83,523.205,1086648,16499,523.75
2024-04-01T10:25:00.000,523.22,523.23,522.965,522.99,408338,11374,523.72
2024-04-01T10:30:00.000,522.985,523.1,522.6003,522.8588,1779462,13288,523.67
2024-04-01T10:35:00.000,522.855,522.89,522.08,522.33,1240446,10097,523.59
2024-04-01T10:40:00.000,522.33,522.645,522.23,522.5651,635110,6966,523.52
2024-04-01T10:45:00.000,522.5699,522.57,522.345,522.5,643796,4691,523.48
2024-04-01T10:50:00.000,522.49,522.5,522.13,522.225,875598,4675,523.44
2024-04-01T10:55:00.000,522.2301,522.42,522.12,522.315,640242,4637,523.4
2024-04-01T11:00:00.000,522.31,522.3575,522.09,522.28,417527,5085,523.36
2024-04-01T11:05:00.000,522.29,522.42,522.025,522.145,1012822,5524,523.31
2024-04-01T11:10:00.000,522.12,522.16,521.82,521.95,528879,6462,523.26
2024-04-01T11:15:00.000,521.94,521.94,521.45,521.605,693848,7503,523.18
2024-04-01T11:20:00.000,521.6,522.03,521.36,521.815,1017911,8144,523.1
2024-04-01T11:25:00.000,521.825,522.11,521.81,522.0799,1477768,5467,523.07
2024-04-01T11:30:00.000,522.07,522.085,521.7902,521.8,352986,4371,523.04
2024-04-01T11:35:00.000,521.8,522.065,521.66,521.6801,394206,4696,523.01
2024-04-01T11:40:00.000,521.68,521.86,521.6,521.855,283471,4111,522.99
2024-04-01T11:45:00.000,521.86,521.915,521.52,521.895,442259,5517,522.95
2024-04-01T11:50:00.000,521.9,521.915,521.14,521.254,1046042,5899,522.91
2024-04-01T11:55:00.000,521.25,521.4181,521.07,521.1088,919844,4685,522.87
2024-04-01T12:00:00.000,521.1,521.6,520.97,521.595,648795,6720,522.81
2024-04-01T12:05:00.000,521.59,521.8447,521.54,521.71,438179,4685,522.79
2024-04-01T12:10:00.000,521.7095,521.85,521.6,521.805,630321,3781,522.76
2024-04-01T12:15:00.000,521.8,521.959,521.765,521.8,584160,3525,522.75
2024-04-01T12:20:00.000,521.81,521.885,521.66,521.83,1013867,3125,522.74
2024-04-01T12:25:00.000,521.8199,522.05,521.79,521.99,1817981,3286,522.68
2024-04-01T12:30:00.000,522.0,522.17,522.0,522.115,277993,3226,522.68
2024-04-01T12:35:00.000,522.12,522.2,521.96,522.09,247293,2609,522.67
2024-04-01T12:40:00.000,522.095,522.22,522.0912,522.17,202363,2492,522.66
2024-04-01T12:45:00.000,522.17,522.225,521.98,522.115,243497,2786,522.66
2024-04-01T12:50:00.000,522.11,522.21,522.05,522.0616,185775,2165,522.65
2024-04-01T12:55:00.000,522.06,522.0688,521.89,521.905,208644,2527,522.65
2024-04-01T13:00:00.000,521.91,521.91,521.7132,521.765,256265,3068,522.64
2024-04-01T13:05:00.000,521.77,521.865,521.57,521.69,295401,3185,522.63
2024-04-01T13:10:00.000,521.69,521.8,521.56,521.7,262930,3177,522.62
2024-04-01T13:15:00.000,521.7,521.76,521.46,521.4615,234672,2701,522.6
2024-04-01T13:20:00.000,521.48,521.48,521.075,521.09,330728,4010,522.59
2024-04-01T13:25:00.000,521.09,521.63,521.06,521.61,471730,5170,522.56
2024-04-01T13:30:00.000,521.62,521.665,521.38,521.405,210975,3894,522.56
2024-04-01T13:35:00.000,521.415,521.69,521.394,521.505,207969,3568,522.55
2024-04-01T13:40:00.000,521.505,521.87,521.48,521.8087,296133,4115,522.54
2024-04-01T13:45:00.000,521.81,521.83,521.645,521.7088,222776,2959,522.53
2024-04-01T13:50:00.000,521.705,521.79,521.39,521.61,322330,3585,522.52
2024-04-01T13:55:00.000,521.64,521.75,521.57,521.74,201553,2772,522.51
2024-04-01T14:00:00.000,521.73,521.8165,521.66,521.806,175319,2608,522.51
2024-04-01T14:05:00.000,521.8012,521.81,521.65,521.722,299278,3248,522.5
2024-04-01T14:10:00.000,521.72,521.74,521.47,521.58,277883,3293,522.49
2024-04-01T14:15:00.000,521.58,521.845,521.54,521.84,272677,3032,522.48
2024-04-01T14:20:00.000,521.85,522.0302,521.74,522.0,317412,3679,522.47
2024-04-01T14:25:00.000,522.0,522.05,521.82,521.8712,248658,2866,522.47
2024-04-01T14:30:00.000,521.87,522.0197,521.855,521.995,176876,2491,522.47
2024-04-01T14:35:00.000,522.0,522.095,521.92,522.07,193420,2659,522.46
2024-04-01T14:40:00.000,522.07,522.145,521.93,522.049,287560,3317,522.46
2024-04-01T14:45:00.000,522.0401,522.075,521.95,522.005,618677,2504,522.46
2024-04-01T14:50:00.000,522.01,522.15,521.93,522.02,272730,3046,522.45
2024-04-01T14:55:00.000,522.02,522.1094,521.72,521.86,678514,3636,522.44
2024-04-01T15:00:00.000,521.86,522.03,521.68,522.024,450693,4480,522.43
2024-04-01T15:05:00.000,522.02,522.34,522.02,522.18,643213,4133,522.43
2024-04-01T15:10:00.000,522.1888,522.26,521.97,522.047,1064563,3567,522.43
2024-04-01T15:15:00.000,522.05,522.195,521.835,521.925,406987,4398,522.42
2024-04-01T15:20:00.000,521.92,522.14,521.835,521.975,303302,3607,522.42
2024-04-01T15:25:00.000,521.975,522.04,521.73,521.87,945749,4929,522.41
2024-04-01T15:30:00.000,521.875,522.2,521.795,522.115,738835,5305,522.4
2024-04-01T15:35:00.000,522.12,522.15,521.61,521.6912,533157,5786,522.39
2024-04-01T15:40:00.000,521.7,522.185,521.69,522.125,533462,6045,522.39
2024-04-01T15:45:00.000,522.13,522.2,521.88,521.89,1121036,8148,522.38
2024-04-01T15:50:00.000,521.9,522.5,521.79,522.475,1210499,10841,522.37
2024-04-01T15:55:00.000,522.47,522.8,522.14,522.22,4319739,21508,522.37
2024-04-01T16:00:00.000,522.22,522.22,522.22,522.22,5080,9,522.37
2024-04-02T09:30:00.000,518.24,518.46,517.89,517.95,2686903,22174,518.17
2024-04-02T09:35:00.000,517.925,517.97,517.46,517.5294,1901796,15425,518.0
2024-04-02T09:40:00.000,517.51,517.56,517.135,517.47,1416216,13281,517.8
2024-04-02T09:45:00.000,517.47,517.5,517.2,517.2386,1256997,10628,517.72
2024-04-02T09:50:00.000,517.23,517.42,516.85,517.37,1519971,13044,517.63
2024-04-02T09:55:00.000,517.375,517.62,517.05,517.6,815534,8281,517.6
2024-04-02T10:00:00.000,517.61,518.01,516.96,517.99,1852281,14306,517.59
2024-04-02T10:05:00.000,517.98,517.99,517.11,517.1899,1175435,9763,517.58
2024-04-02T10:10:00.000,517.18,517.2513,516.48,516.6,1608576,18139,517.5
2024-04-02T10:15:00.000,516.62,516.92,516.52,516.83,1279699,17231,517.43
2024-04-02T10:20:00.000,516.8201,517.565,516.8,517.33,1233444,18001,517.41
2024-04-02T10:25:00.000,517.32,517.59,517.03,517.17,856990,7978,517.41
2024-04-02T10:30:00.000,517.17,517.42,516.94,517.07,745361,8350,517.39
2024-04-02T10:35:00.000,517.0699,517.48,517.05,517.33,591386,6808,517.39
2024-04-02T10:40:00.000,517.33,517.63,517.22,517.41,569424,5563,517.39
2024-04-02T10:45:00.000,517.41,517.5501,517.005,517.08,598601,5891,517.39
2024-04-02T10:50:00.000,517.08,517.24,517.02,517.07,469300,5480,517.38
2024-04-02T10:55:00.000,517.07,517.09,516.7613,516.965,1210010,6723,517.37
2024-04-02T11:00:00.000,516.96,517.15,516.86,516.9807,425038,5363,517.36
2024-04-02T11:05:00.000,516.98,517.34,516.92,517.23,505695,5993,517.35
2024-04-02T11:10:00.000,517.22,517.66,517.22,517.65,484579,5329,517.36
2024-04-02T11:15:00.000,517.65,517.8031,517.5101,517.7904,508656,5630,517.36
2024-04-02T11:20:00.000,517.79,517.82,517.54,517.59,385129,4813,517.37
2024-04-02T11:25:00.000,517.5991,517.69,517.49,517.62,353049,4254,517.37
2024-04-02T11:30:00.000,517.625,517.79,517.55,517.655,354159,4716,517.38
2024-04-02T11:35:00.000,517.645,517.865,517.405,517.425,513157,5868,517.38
2024-04-02T11:40:00.000,517.43,517.635,517.38,517.41,274035,3786,517.39
2024-04-02T11:45:00.000,517.42,517.46,517.2,517.2,245128,3404,517.39
2024-04-02T11:50:00.000,517.2024,517.2476,516.99,517.0213,477773,5230,517.38
2024-04-02T11:55:00.000,517.02,517.41,517.0,517.1276,1012222,5461,517.38
2024-04-02T12:00:00.000,517.125,517.279,516.98,517.23,402751,4300,517.37
2024-04-02T12:05:00.000,517.22,517.29,516.98,517.165,410549,4352,517.37
2024-04-02T12:10:00.000,517.16,517.235,516.9162,516.97,318884,3720,517.36
2024-04-02T12:15:00.000,516.97,517.14,516.9199,517.02,291662,3619,517.36
2024-04-02T12:20:00.000,517.02,517.365,516.9,517.22,454420,4593,517.35
2024-04-02T12:25:00.000,517.215,517.465,517.2,517.435,535125,5434,517.35
2024-04-02T12:30:00.000,517.44,517.47,517.305,517.47,496762,4282,517.36
2024-04-02T12:35:00.000,517.46,517.65,517.4351,517.57,389166,4584,517.36
2024-04-02T12:40:00.000,517.57,517.66,517.43,517.46,352332,3981,517.36
2024-04-02T12:45:00.000,517.465,518.0,517.42,517.9,518311,5773,517.37
2024-04-02T12:50:00.000,517.9,517.9,517.69,517.8176,491662,3712,517.37
2024-04-02T12:55:00.000,517.82,517.99,517.795,517.97,354101,3788,517.38
2024-04-02T13:00:00.000,517.98,518.12,517.94,518.06,525510,5450,517.39
2024-04-02T13:05:00.000,518.06,518.1,517.87,517.9,440374,4614,517.4
2024-04-02T13:10:00.000,517.9094,517.935,517.625,517.6591,361520,4015,517.41
2024-04-02T13:15:00.000,517.655,517.7969,517.5113,517.5252,395722,4056,517.41
2024-04-02T13:20:00.000,517.52,517.7,517.48,517.6168,312706,3801,517.41
2024-04-02T13:25:00.000,517.62,517.73,517.54,517.67,189648,2537,517.41
2024-04-02T13:30:00.000,517.67,517.73,517.551,517.58,338288,4052,517.41
2024-04-02T13:35:00.000,517.575,517.7,517.41,517.56,328607,3510,517.42
2024-04-02T13:40:00.000,517.566,517.625,517.35,517.56,763450,5234,517.42
2024-04-02T13:45:00.000,517.55,517.87,517.53,517.865,374280,4035,517.42
2024-04-02T13:50:00.000,517.87,517.94,517.66,517.745,408924,4190,517.43
2024-04-02T13:55:00.000,517.74,517.91,517.695,517.75,469361,4386,517.43
2024-04-02T14:00:00.000,517.76,517.85,517.67,517.76,333937,3868,517.43
2024-04-02T14:05:00.000,517.77,517.97,517.66,517.9587,394046,4186,517.44
2024-04-02T14:10:00.000,517.96,518.015,517.8,517.86,315366,4009,517.44
2024-04-02T14:15:00.000,517.86,518.02,517.845,518.015,198521,3046,517.45
2024-04-02T14:20:00.000,518.02,518.12,517.82,517.88,537160,4885,517.45
2024-04-02T14:25:00.000,517.88,518.07,517.855,517.905,309450,3675,517.46
2024-04-02T14:30:00.000,517.91,518.1,517.89,518.01,319461,4032,517.46
2024-04-02T14:35:00.000,518.005,518.02,517.73,517.88,391148,4743,517.47
2024-04-02T14:40:00.000,517.8824,518.14,517.875,518.04,411131,4922,517.47
2024-04-02T14:45:00.000,518.04,518.045,517.64,517.78,975307,5279,517.48
2024-04-02T14:50:00.000,517.7851,518.02,517.77,517.87,378565,4258,517.48
2024-04-02T14:55:00.000,517.8701,517.97,517.731,517.79,453287,4716,517.49
2024-04-02T15:00:00.000,517.79,518.18,517.73,518.17,656593,5416,517.5
2024-04-02T15:05:00.000,518.16,518.59,518.1432,518.35,1103441,9008,517.52
2024-04-02T15:10:00.000,518.35,518.47,517.9703,517.98,590703,6120,517.53
2024-04-02T15:15:00.000,517.98,518.13,517.87,517.91,552065,5374,517.53
2024-04-02T15:20:00.000,517.91,518.37,517.89,518.35,511742,5584,517.54
2024-04-02T15:25:00.000,518.36,518.57,518.3499,518.43,1016377,7353,517.56
2024-04-02T15:30:00.000,518.44,518.74,518.28,518.65,854809,8567,517.58
2024-04-02T15:35:00.000,518.66,518.86,518.62,518.75,1195682,8215,517.61
2024-04-02T15:40:00.000,518.76,518.85,518.57,518.71,1060001,9079,517.63
2024-04-02T15:45:00.000,518.71,518.97,518.53,518.97,1104410,9104,517.66
2024-04-02T15:50:00.000,518.98,518.98,518.54,518.81,3788869,20739,517.73
2024-04-02T15:55:00.000,518.82,518.92,518.62,518.85,9121072,36439,517.87
2024-04-02T16:00:00.000,518.85,518.85,518.85,518.85,268,1,517.87
2024-04-03T09:30:00.000,517.72,518.34,517.665,518.21,1272909,12664,517.97
2024-04-03T09:35:00.000,518.21,518.52,518.16,518.468,803573,8805,518.11
2024-04-03T09:40:00.000,518.46,518.58,518.235,518.315,619455,6875,518.17
2024-04-03T09:45:00.000,518.31,518.64,518.24,518.38,548941,6253,518.22
2024-04-03T09:50:00.000,518.39,518.58,518.36,518.57,380493,5068,518.25
2024-04-03T09:55:00.000,518.56,518.61,518.21,518.39,508816,5572,518.26
2024-04-03T10:00:00.000,518.45,520.155,518.42,519.97,2059282,18654,518.72
2024-04-03T10:05:00.000,519.98,520.31,519.47,519.54,1205043,10894,518.94
2024-04-03T10:10:00.000,519.55,520.25,519.48,520.225,767323,13204,519.01
2024-04-03T10:15:00.000,520.23,520.505,520.0495,520.43,816202,14444,519.13
2024-04-03T10:20:00.000,520.43,520.51,520.275,520.375,657611,12999,519.21
2024-04-03T10:25:00.000,520.37,520.63,520.32,520.4,647396,7019,519.29
2024-04-03T10:30:00.000,520.41,520.69,520.34,520.46,592615,6322,519.35
2024-04-03T10:35:00.000,520.45,520.62,520.28,520.39,543970,5601,519.41
2024-04-03T10:40:00.000,520.38,520.51,520.1701,520.4801,383533,4357,519.44
2024-04-03T10:45:00.000,520.485,520.615,520.385,520.525,416146,4670,519.47
2024-04-03T10:50:00.000,520.52,520.84,520.515,520.664,457262,5167,519.52
2024-04-03T10:55:00.000,520.66,520.81,520.54,520.68,428986,4650,519.55
2024-04-03T11:00:00.000,520.67,520.81,520.6,520.77,373114,4292,519.58
2024-04-03T11:05:00.000,520.76,520.88,520.725,520.84,322272,3960,519.61
2024-04-03T11:10:00.000,520.84,520.95,520.8,520.87,394837,4581,519.64
2024-04-03T11:15:00.000,520.8683,520.91,520.64,520.8,417614,4463,519.67
2024-04-03T11:20:00.000,520.8,520.94,520.7799,520.9,300349,3475,519.7
2024-04-03T11:25:00.000,520.8922,520.91,520.805,520.81,213683,2930,519.71
2024-04-03T11:30:00.000,520.83,520.93,520.69,520.74,589348,3643,519.74
2024-04-03T11:35:00.000,520.7501,520.9,520.73,520.755,320659,3538,519.76
2024-04-03T11:40:00.000,520.75,520.92,520.74,520.76,249856,2863,519.77
2024-04-03T11:45:00.000,520.75,520.7601,520.56,520.665,303361,3344,519.79
2024-04-03T11:50:00.000,520.6624,520.68,520.2296,520.305,587553,5828,519.81
2024-04-03T11:55:00.000,520.29,520.34,520.1,520.1901,452480,4566,519.82
2024-04-03T12:00:00.000,520.18,520.21,519.845,519.9219,751950,7023,519.83
2024-04-03T12:05:00.000,519.9296,520.1002,519.87,520.08,529187,5612,519.83
2024-04-03T12:10:00.000,520.08,520.3,519.72,520.1,829590,8166,519.84
2024-04-03T12:15:00.000,520.11,520.37,519.8821,520.3599,641450,5658,519.84
2024-04-03T12:20:00.000,520.355,520.62,520.31,520.56,452827,4598,519.86
2024-04-03T12:25:00.000,520.55,520.65,520.345,520.645,453594,4521,519.87
2024-04-03T12:30:00.000,520.64,520.845,520.57,520.705,451357,4377,519.89
2024-04-03T12:35:00.000,520.7099,520.75,519.39,519.5,1109981,11116,519.9
2024-04-03T12:40:00.000,519.51,520.435,519.51,520.3052,641238,6468,519.9
2024-04-03T12:45:00.000,520.3,520.43,520.14,520.3017,307934,3542,519.91
2024-04-03T12:50:00.000,520.3,520.7087,520.25,520.54,463399,4818,519.92
2024-04-03T12:55:00.000,520.53,520.62,520.31,520.31,302833,3709,519.93
2024-04-03T13:00:00.000,520.32,520.585,520.3,520.43,291276,3334,519.93
2024-04-03T13:05:00.000,520.42,520.55,520.3,520.48,247287,2758,519.94
2024-04-03T13:10:00.000,520.49,520.61,520.45,520.49,276586,3108,519.94
2024-04-03T13:15:00.000,520.5,520.55,520.32,520.505,265698,3106,519.95
2024-04-03T13:20:00.000,520.5,520.66,520.37,520.52,311950,3457,519.96
2024-04-03T13:25:00.000,520.53,520.68,520.53,520.62,317274,3381,519.96
2024-04-03T13:30:00.000,520.63,520.7,520.42,520.599,280189,3700,519.97
2024-04-03T13:35:00.000,520.59,520.62,520.39,520.41,198531,2490,519.98
2024-04-03T13:40:00.000,520.41,520.645,520.41,520.525,222278,2603,519.98
2024-04-03T13:45:00.000,520.54,520.725,520.48,520.66,410611,2710,519.99
2024-04-03T13:50:00.000,520.66,520.8,520.6201,520.67,250780,2989,519.99
2024-04-03T13:55:00.000,520.66,520.69,520.46,520.55,719043,2732,520.0
2024-04-03T14:00:00.000,520.56,520.6,520.445,520.545,254146,2939,520.0
2024-04-03T14:05:00.000,520.55,520.8,520.51,520.69,397554,3738,520.01
2024-04-03T14:10:00.000,520.7,520.79,520.53,520.55,320784,3593,520.02
2024-04-03T14:15:00.000,520.55,520.625,520.25,520.45,420881,4412,520.02
2024-04-03T14:20:00.000,520.45,520.51,520.34,520.44,520067,3184,520.03
2024-04-03T14:25:00.000,520.445,520.45,520.15,520.205,318129,3480,520.03
2024-04-03T14:30:00.000,520.19,520.235,519.96,520.21,682126,6351,520.03
2024-04-03T14:35:00.000,520.21,520.3784,520.21,520.3,308789,3537,520.03
2024-04-03T14:40:00.000,520.3,520.425,520.175,520.285,251886,3125,520.04
2024-04-03T14:45:00.000,520.28,520.29,520.04,520.046,256462,2914,520.04
2024-04-03T14:50:00.000,520.06,520.1777,519.8497,520.07,417067,4127,520.04
2024-04-03T14:55:00.000,520.07,520.18,519.86,519.96,359548,3657,520.04
2024-04-03T15:00:00.000,519.95,519.9701,519.72,519.8801,359625,3779,520.03
2024-04-03T15:05:00.000,519.88,520.03,519.77,519.845,1053794,3992,520.03
2024-04-03T15:10:00.000,519.85,519.875,518.57,518.73,1080553,10317,520.01
2024-04-03T15:15:00.000,518.73,519.0,517.77,518.66,1797079,16865,519.93
2024-04-03T15:20:00.000,518.66,518.81,518.21,518.29,633390,6792,519.9
2024-04-03T15:25:00.000,518.3,518.65,518.16,518.53,708109,7093,519.87
2024-04-03T15:30:00.000,518.55,518.91,518.28,518.9,844819,8123,519.85
2024-04-03T15:35:00.000,518.89,519.46,518.89,519.295,1069046,9747,519.83
2024-04-03T15:40:00.000,519.2876,519.48,519.13,519.38,905401,6308,519.82
2024-04-03T15:45:00.000,519.39,519.77,519.385,519.75,996993,8771,519.82
2024-04-03T15:50:00.000,519.74,519.77,519.37,519.475,1889957,11736,519.81
2024-04-03T15:55:00.000,519.47,519.6,519.035,519.36,8239039,26915,519.75
2024-04-03T16:00:00.000,519.37,519.37,519.36,519.36,2015,7,519.75
2024-04-04T09:30:00.000,523.52,523.7,523.22,523.53,2676603,19657,523.41
2024-04-04T09:35:00.000,523.53,523.64,522.94,523.0599,1479736,11554,523.4
2024-04-04T09:40:00.000,523.06,523.35,523.01,523.14,760145,7505,523.36
2024-04-04T09:45:00.000,523.14,523.26,522.98,523.16,704194,7318,523.32
2024-04-04T09:50:00.000,523.16,523.2,522.735,522.8,919019,7122,523.27
2024-04-04T09:55:00.000,522.81,522.87,522.58,522.84,849387,6224,523.22
2024-04-04T10:00:00.000,522.84,523.04,522.81,522.88,491244,5692,523.2
2024-04-04T10:05:00.000,522.89,522.99,522.745,522.92,383259,4814,523.19
2024-04-04T10:10:00.000,522.93,523.04,522.775,522.905,433904,11604,523.17
2024-04-04T10:15:00.000,522.905,523.04,522.74,522.8,337520,10503,523.16
2024-04-04T10:20:00.000,522.81,522.89,522.47,522.63,581000,12032,523.13
2024-04-04T10:25:00.000,522.64,523.0,522.58,522.92,476233,5054,523.11
2024-04-04T10:30:00.000,522.92,522.95,522.62,522.66,343773,4286,523.1
2024-04-04T10:35:00.000,522.66,522.82,522.61,522.785,588372,4351,523.09
2024-04-04T10:40:00.000,522.78,522.9604,522.735,522.92,319100,3555,523.08
2024-04-04T10:45:00.000,522.905,522.965,522.815,522.885,228703,2904,523.08
2024-04-04T10:50:00.000,522.89,522.89,522.67,522.705,523730,3518,523.07
2024-04-04T10:55:00.000,522.715,522.86,522.685,522.73,480234,4100,523.06
2024-04-04T11:00:00.000,522.73,522.87,522.7,522.71,289823,3369,523.05
2024-04-04T11:05:00.000,522.7,522.79,522.535,522.61,249537,3402,523.04
2024-04-04T11:10:00.000,522.61,522.71,522.36,522.46,442840,4524,523.02
2024-04-04T11:15:00.000,522.45,522.55,522.42,522.42,316252,3445,523.01
2024-04-04T11:20:00.000,522.4213,522.67,522.4,522.6215,852854,3915,522.99
2024-04-04T11:25:00.000,522.63,522.76,522.52,522.75,266825,3414,522.99
2024-04-04T11:30:00.000,522.77,522.86,522.68,522.8,360909,4006,522.98
2024-04-04T11:35:00.000,522.805,522.905,522.7701,522.8721,294010,3564,522.98
2024-04-04T11:40:00.000,522.88,523.09,522.88,523.06,658438,4253,522.98
2024-04-04T11:45:00.000,523.06,523.13,522.94,523.02,277321,3444,522.98
2024-04-04T11:50:00.000,523.03,523.2886,523.025,523.22,614501,4015,522.98
2024-04-04T11:55:00.000,523.2201,523.31,523.15,523.26,324054,3867,522.99
2024-04-04T12:00:00.000,523.27,523.43,523.18,523.43,875969,4073,523.0
2024-04-04T12:05:00.000,523.425,523.8674,523.42,523.775,977404,9031,523.04
2024-04-04T12:10:00.000,523.78,523.85,523.515,523.58,552151,5378,523.06
2024-04-04T12:15:00.000,523.58,523.65,523.48,523.48,1277927,2997,523.07
2024-04-04T12:20:00.000,523.49,523.6,523.41,523.49,344175,3853,523.07
2024-04-04T12:25:00.000,523.49,523.54,523.445,523.5102,230905,2762,523.08
2024-04-04T12:30:00.000,523.52,523.54,523.41,523.455,224101,2892,523.08
2024-04-04T12:35:00.000,523.46,523.55,523.415,523.52,203067,2413,523.09
2024-04-04T12:40:00.000,523.51,523.58,523.41,523.485,224635,2820,523.09
2024-04-04T12:45:00.000,523.48,523.57,523.445,523.49,171095,2380,523.1
2024-04-04T12:50:00.000,523.485,523.62,523.475,523.62,436679,2419,523.1
2024-04-04T12:55:00.000,523.61,523.62,523.28,523.44,355431,3755,523.11
2024-04-04T13:00:00.000,523.44,523.44,523.2,523.24,267334,3217,523.11
2024-04-04T13:05:00.000,523.23,523.4214,523.22,523.4214,217069,2818,523.11
2024-04-04T13:10:00.000,523.421,523.47,523.32,523.36,243321,2713,523.12
2024-04-04T13:15:00.000,523.37,523.38,523.245,523.2901,205819,2522,523.12
2024-04-04T13:20:00.000,523.28,523.3201,523.19,523.24,189249,2472,523.12
2024-04-04T13:25:00.000,523.24,523.2912,523.155,523.17,254562,2626,523.12
2024-04-04T13:30:00.000,523.17,523.19,522.955,523.0,310190,4041,523.12
2024-04-04T13:35:00.000,522.9919,523.1,522.96,522.98,493136,3253,523.12
2024-04-04T13:40:00.000,522.98,522.985,522.5,522.655,586068,5629,523.11
2024-04-04T13:45:00.000,522.65,522.69,522.235,522.465,611708,6415,523.09
2024-04-04T13:50:00.000,522.46,522.55,522.31,522.34,601944,5854,523.07
2024-04-04T13:55:00.000,522.34,522.4,521.71,521.86,731497,6856,523.04
2024-04-04T14:00:00.000,521.865,521.865,521.465,521.5488,1023649,8803,522.98
2024-04-04T14:05:00.000,521.54,521.555,520.53,520.56,1826049,13196,522.85
2024-04-04T14:10:00.000,520.565,520.59,519.76,519.815,2471318,19492,522.64
2024-04-04T14:15:00.000,519.815,519.85,518.82,519.07,2169311,19413,522.4
2024-04-04T14:20:00.000,519.06,519.64,518.77,519.57,2226808,17174,522.2
2024-04-04T14:25:00.000,519.58,519.68,517.84,518.01,2518579,20569,521.97
2024-04-04T14:30:00.000,518.0,518.0,516.37,516.51,4314020,37950,521.41
2024-04-04T14:35:00.000,516.53,518.0,516.52,517.64,2614096,22394,521.16
2024-04-04T14:40:00.000,517.65,517.65,516.09,516.2,1572113,14912,521.0
2024-04-04T14:45:00.000,516.195,517.22,516.19,517.165,1936595,13132,520.87
2024-04-04T14:50:00.000,517.16,517.23,516.41,516.56,1410216,11600,520.77
2024-04-04T14:55:00.000,516.56,516.61,515.5,515.891,2113644,20769,520.56
2024-04-04T15:00:00.000,515.89,515.89,514.85,515.08,2785115,26725,520.26
2024-04-04T15:05:00.000,515.09,516.06,515.09,515.8051,1939442,17916,520.09
2024-04-04T15:10:00.000,515.8,515.8,515.06,515.465,1294779,12767,519.98
2024-04-04T15:15:00.000,515.46,515.49,514.52,514.74,2229745,16215,519.83
2024-04-04T15:20:00.000,514.73,515.37,514.67,514.76,1596557,13418,519.72
2024-04-04T15:25:00.000,514.75,515.01,513.66,513.69,2203664,18290,519.54
2024-04-04T15:30:00.000,513.71,514.22,513.55,513.98,2107583,17876,519.37
2024-04-04T15:35:00.000,513.98,514.01,513.19,513.225,2312357,19448,519.18
2024-04-04T15:40:00.000,513.24,513.5,512.755,513.3482,2315881,19694,518.98
2024-04-04T15:45:00.000,513.35,514.03,513.27,513.9799,2711891,22458,518.8
2024-04-04T15:50:00.000,513.97,514.38,513.29,514.16,4799334,31995,518.47
2024-04-04T15:55:00.000,514.16,514.16,512.83,513.03,7146688,43087,517.99
2024-04-04T16:00:00.000,0.0,0.0,0.0,0.0,0,0,517.99
2024-04-05T09:30:00.000,514.46,515.18,514.01,514.788,1975085,17842,514.57
2024-04-05T09:35:00.000,514.78,515.09,514.2,514.21,1074652,11350,514.59
2024-04-05T09:40:00.000,514.2114,515.52,514.06,515.375,975404,10467,514.66
2024-04-05T09:45:00.000,515.38,515.925,515.0101,515.5,1096075,11113,514.83
2024-04-05T09:50:00.000,515.48,516.26,515.4,516.24,1199435,12333,515.03
2024-04-05T09:55:00.000,516.25,516.4,515.81,515.92,843142,9099,515.16
2024-04-05T10:00:00.000,515.92,516.08,515.45,515.82,1016163,10503,515.23
2024-04-05T10:05:00.000,515.81,516.26,514.99,515.67,1365037,12793,515.27
2024-04-05T10:10:00.000,515.6701,516.43,515.37,516.04,869094,13923,515.33
2024-04-05T10:15:00.000,516.03,516.25,515.69,515.84,528628,12633,515.36
2024-04-05T10:20:00.000,515.82,516.035,515.58,515.99,626655,13667,515.39
2024-04-05T10:25:00.000,515.9698,515.9698,514.89,515.44,1067426,12739,515.38
2024-04-05T10:30:00.000,515.46,516.1,515.19,515.98,798181,7952,515.4
2024-04-05T10:35:00.000,515.98,516.37,515.74,515.92,682328,6728,515.43
2024-04-05T10:40:00.000,515.93,516.35,515.84,516.205,496310,5260,515.45
2024-04-05T10:45:00.000,516.2,517.03,516.16,517.03,786847,8101,515.51
2024-04-05T10:50:00.000,517.005,517.55,516.97,517.45,1054989,8616,515.63
2024-04-05T10:55:00.000,517.45,518.0913,517.36,518.06,835526,7628,515.74
2024-04-05T11:00:00.000,518.05,518.08,517.4,517.45,1817785,12491,515.89
2024-04-05T11:05:00.000,517.45,517.58,517.03,517.44,726845,7367,515.95
2024-04-05T11:10:00.000,517.43,517.68,517.07,517.18,588767,6284,515.99
2024-04-05T11:15:00.000,517.17,517.19,516.43,517.01,959182,9791,516.02
2024-04-05T11:20:00.000,516.99,517.34,516.835,517.29,530074,5794,516.05
2024-04-05T11:25:00.000,517.29,517.87,517.1412,517.85,524111,6088,516.08
2024-04-05T11:30:00.000,517.84,517.98,517.58,517.62,961544,6544,516.13
2024-04-05T11:35:00.000,517.62,518.19,517.57,518.12,663768,5903,516.18
2024-04-05T11:40:00.000,518.12,518.96,518.1,518.85,1026867,8963,516.27
2024-04-05T11:45:00.000,518.86,519.195,518.76,518.8001,721800,7271,516.35
2024-04-05T11:50:00.000,518.8,519.13,518.77,519.085,501053,5320,516.4
2024-04-05T11:55:00.000,519.09,519.72,519.07,519.43,1198953,8103,516.51
2024-04-05T12:00:00.000,519.43,519.729,519.35,519.48,610784,6456,516.58
2024-04-05T12:05:00.000,519.49,519.7,519.195,519.62,929095,6558,516.64
2024-04-05T12:10:00.000,519.6201,519.8365,519.54,519.67,715646,6845,516.72
2024-04-05T12:15:00.000,519.675,520.01,519.675,519.83,849014,7802,516.81
2024-04-05T12:20:00.000,519.83,520.0099,519.475,519.995,769282,7388,516.88
2024-04-05T12:25:00.000,519.99,520.0,519.58,519.615,588838,5581,516.93
2024-04-05T12:30:00.000,519.61,519.69,519.08,519.52,1009920,9796,517.01
2024-04-05T12:35:00.000,519.52,519.8566,519.37,519.85,643305,6181,517.06
2024-04-05T12:40:00.000,519.85,519.85,519.46,519.6,455067,5045,517.1
2024-04-05T12:45:00.000,519.61,519.78,519.37,519.43,507303,5274,517.13
2024-04-05T12:50:00.000,519.445,519.93,519.4412,519.77,509375,5455,517.17
2024-04-05T12:55:00.000,519.77,520.44,519.7102,520.3398,801325,7795,517.24
2024-04-05T13:00:00.000,520.33,520.43,519.765,519.86,678347,7160,517.29
2024-04-05T13:05:00.000,519.85,519.85,519.04,519.16,820368,8667,517.34
2024-04-05T13:10:00.000,519.16,519.4,518.71,518.82,733960,7488,517.38
2024-04-05T13:15:00.000,518.82,519.69,518.79,518.86,547780,5713,517.4
2024-04-05T13:20:00.000,518.86,519.4,518.86,519.28,429004,4466,517.42
2024-04-05T13:25:00.000,519.28,519.34,519.03,519.26,394297,4309,517.43
2024-04-05T13:30:00.000,519.26,519.595,519.2512,519.53,652683,5196,517.45
2024-04-05T13:35:00.000,519.53,519.54,519.03,519.04,414485,4678,517.47
2024-04-05T13:40:00.000,519.05,519.2812,518.56,518.92,588720,6365,517.49
2024-04-05T13:45:00.000,518.925,518.94,518.43,518.63,620196,6243,517.51
2024-04-05T13:50:00.000,518.62,518.85,518.2102,518.23,613554,6573,517.53
2024-04-05T13:55:00.000,518.245,518.31,517.43,517.8099,925910,9096,517.53
2024-04-05T14:00:00.000,517.8,517.885,516.97,517.68,1061414,10599,517.53
2024-04-05T14:05:00.000,517.69,518.92,517.63,518.84,979172,10539,517.55
2024-04-05T14:10:00.000,518.81,519.04,518.31,518.5588,964609,9316,517.57
2024-04-05T14:15:00.000,518.55,518.81,518.43,518.62,427974,4678,517.58
2024-04-05T14:20:00.000,518.62,519.28,518.3,518.32,757414,8013,517.6
2024-04-05T14:25:00.000,518.32,518.73,517.77,517.79,624239,6866,517.61
2024-04-05T14:30:00.000,517.8,518.39,517.8,518.1,654383,7066,517.62
2024-04-05T14:35:00.000,518.14,518.71,517.985,518.48,551441,6113,517.63
2024-04-05T14:40:00.000,518.49,518.69,517.7503,518.2,622038,6884,517.63
2024-04-05T14:45:00.000,518.2,518.23,517.39,517.51,602343,6769,517.64
2024-04-05T14:50:00.000,517.52,517.84,517.31,517.59,527993,5874,517.63
2024-04-05T14:55:00.000,517.585,517.9,517.24,517.865,646777,6824,517.63
2024-04-05T15:00:00.000,517.88,518.12,517.71,518.08,741511,7369,517.64
2024-04-05T15:05:00.000,518.07,518.39,517.68,517.95,751234,7903,517.64
2024-04-05T15:10:00.000,517.94,518.355,517.845,518.31,622550,6129,517.65
2024-04-05T15:15:00.000,518.3,518.38,517.91,518.2858,458291,5319,517.65
2024-04-05T15:20:00.000,518.29,518.325,517.825,518.085,591807,5972,517.66
2024-04-05T15:25:00.000,518.08,518.29,517.96,518.15,625552,6203,517.66
2024-04-05T15:30:00.000,518.15,519.04,518.0199,518.97,1058619,10620,517.68
2024-04-05T15:35:00.000,518.95,518.955,518.17,518.44,715151,7565,517.69
2024-04-05T15:40:00.000,518.43,518.585,518.14,518.185,624457,7043,517.7
2024-04-05T15:45:00.000,518.18,518.72,518.12,518.46,1145978,10882,517.71
2024-04-05T15:50:00.000,518.47,519.2,518.42,519.1799,1471373,14382,517.74
2024-04-05T15:55:00.000,519.16,519.295,518.39,518.4,3801339,26208,517.8
2024-04-05T16:00:00.000,0.0,0.0,0.0,0.0,32,1,517.8
2024-04-06T09:30:00.000,0.0,0.0,0.0,0.0,0,0,0.0
2024-04-06T09:35:00.000,0.0,0.0,0.0,0.0,0,0,0.0
2024-04-06T09:40:00.000,0.0,0.0,0.0,0.0,0,0,0.0
2024-04-06T09:45:00.000,0.0,0.0,0.0,0.0,0,0,0.0
2024-04-06T09:50:00.000,0.0,0.0,0.0,0.0,0,0,0.0
2024-04-06T09:55:00.000,0.0,0.0,0.0,0.0,0,0,0.0
2024-04-06T10:00:00.000,0.0,0.0,0.0,0.0,0,0,0.0
2024-04-06T10:05:00.000,0.0,0.0,0.0,0.0,0,0,0.0
2024-04-06T10:10:00.000,0.0,0.0,0.0,0.0,0,0,0.0
2024-04-06T10:15:00.000,0.0,0.0,0.0,0.0,0,0,0.0
2024-04-06T10:20:00.000,0.0,0.0,0.0,0.0,0,0,0.0
2024-04-06T10:25:00.000,0.0,0.0,0.0,0.0,0,0,0.0
2024-04-06T10:30:00.000,0.0,0.0,0.0,0.0,0,0,0.0
2024-04-06T10:35:00.000,0.0,0.0,0.0,0.0,0,0,0.0
2024-04-06T10:40:00.000,0.0,0.0,0.0,0.0,0,0,0.0
2024-04-06T10:45:00.000,0.0,0.0,0.0,0.0,0,0,0.0
2024-04-06T10:50:00.000,0.0,0.0,0.0,0.0,0,0,0.0
2024-04-06T10:55:00.000,0.0,0.0,0.0,0.0,0,0,0.0
2024-04-06T11:00:00.000,0.0,0.0,0.0,0.0,0,0,0.0
2024-04-06T11:05:00.000,0.0,0.0,0.0,0.0,0,0,0.0
2024-04-06T11:10:00.000,0.0,0.0,0.0,0.0,0,0,0.0
2024-04-06T11:15:00.000,0.0,0.0,0.0,0.0,0,0,0.0
2024-04-06T11:20:00.000,0.0,0.0,0.0,0.0,0,0,0.0
2024-04-06T11:25:00.000,0.0,0.0,0.0,0.0,0,0,0.0
2024-04-06T11:30:00.000,0.0,0.0,0.0,0.0,0,0,0.0
2024-04-06T11:35:00.000,0.0,0.0,0.0,0.0,0,0,0.0
2024-04-06T11:40:00.000,0.0,0.0,0.0,0.0,0,0,0.0
2024-04-06T11:45:00.000,0.0,0.0,0.0,0.0,0,0,0.0
2024-04-06T11:50:00.000,0.0,0.0,0.0,0.0,0,0,0.0
2024-04-06T11:55:00.000,0.0,0.0,0.0,0.0,0,0,0.0
2024-04-06T12:00:00.000,0.0,0.0,0.0,0.0,0,0,0.0
2024-04-06T12:05:00.000,0.0,0.0,0.0,0.0,0,0,0.0
2024-04-06T12:10:00.000,0.0,0.0,0.0,0.0,0,0,0.0
2024-04-06T12:15:00.000,0.0,0.0,0.0,0.0,0,0,0.0
2024-04-06T12:20:00.000,0.0,0.0,0.0,0.0,0,0,0.0
2024-04-06T12:25:00.000,0.0,0.0,0.0,0.0,0,0,0.0
2024-04-06T12:30:00.000,0.0,0.0,0.0,0.0,0,0,0.0
2024-04-06T12:35:00.000,0.0,0.0,0.0,0.0,0,0,0.0
2024-04-06T12:40:00.000,0.0,0.0,0.0,0.0,0,0,0.0
2024-04-06T12:45:00.000,0.0,0.0,0.0,0.0,0,0,0.0
2024-04-06T12:50:00.000,0.0,0.0,0.0,0.0,0,0,0.0
2024-04-06T12:55:00.000,0.0,0.0,0.0,0.0,0,0,0.0
2024-04-06T13:00:00.000,0.0,0.0,0.0,0.0,0,0,0.0
2024-04-06T13:05:00.000,0.0,0.0,0.0,0.0,0,0,0.0
2024-04-06T13:10:00.000,0.0,0.0,0.0,0.0,0,0,0.0
2024-04-06T13:15:00.000,0.0,0.0,0.0,0.0,0,0,0.0
2024-04-06T13:20:00.000,0.0,0.0,0.0,0.0,0,0,0.0
2024-04-06T13:25:00.000,0.0,0.0,0.0,0.0,0,0,0.0
2024-04-06T13:30:00.000,0.0,0.0,0.0,0.0,0,0,0.0
2024-04-06T13:35:00.000,0.0,0.0,0.0,0.0,0,0,0.0
2024-04-06T13:40:00.000,0.0,0.0,0.0,0.0,0,0,0.0
2024-04-06T13:45:00.000,0.0,0.0,0.0,0.0,0,0,0.0
2024-04-06T13:50:00.000,0.0,0.0,0.0,0.0,0,0,0.0
2024-04-06T13:55:00.000,0.0,0.0,0.0,0.0,0,0,0.0
2024-04-06T14:00:00.000,0.0,0.0,0.0,0.0,0,0,0.0
2024-04-06T14:05:00.000,0.0,0.0,0.0,0.0,0,0,0.0
2024-04-06T14:10:00.000,0.0,0.0,0.0,0.0,0,0,0.0
2024-04-06T14:15:00.000,0.0,0.0,0.0,0.0,0,0,0.0
2024-04-06T14:20:00.000,0.0,0.0,0.0,0.0,0,0,0.0
2024-04-06T14:25:00.000,0.0,0.0,0.0,0.0,0,0,0.0
2024-04-06T14:30:00.000,0.0,0.0,0.0,0.0,0,0,0.0
2024-04-06T14:35:00.000,0.0,0.0,0.0,0.0,0,0,0.0
2024-04-06T14:40:00.000,0.0,0.0,0.0,0.0,0,0,0.0
2024-04-06T14:45:00.000,0.0,0.0,0.0,0.0,0,0,0.0
2024-04-06T14:50:00.000,0.0,0.0,0.0,0.0,0,0,0.0
2024-04-06T14:55:00.000,0.0,0.0,0.0,0.0,0,0,0.0
2024-04-06T15:00:00.000,0.0,0.0,0.0,0.0,0,0,0.0
2024-04-06T15:05:00.000,0.0,0.0,0.0,0.0,0,0,0.0
2024-04-06T15:10:00.000,0.0,0.0,0.0,0.0,0,0,0.0
2024-04-06T15:15:00.000,0.0,0.0,0.0,0.0,0,0,0.0
2024-04-06T15:20:00.000,0.0,0.0,0.0,0.0,0,0,0.0
2024-04-06T15:25:00.000,0.0,0.0,0.0,0.0,0,0,0.0
2024-04-06T15:30:00.000,0.0,0.0,0.0,0.0,0,0,0.0
2024-04-06T15:35:00.000,0.0,0.0,0.0,0.0,0,0,0.0
2024-04-06T15:40:00.000,0.0,0.0,0.0,0.0,0,0,0.0
2024-04-06T15:45:00.000,0.0,0.0,0.0,0.0,0,0,0.0
2024-04-06T15:50:00.000,0.0,0.0,0.0,0.0,0,0,0.0
2024-04-06T15:55:00.000,0.0,0.0,0.0,0.0,0,0,0.0
2024-04-06T16:00:00.000,0.0,0.0,0.0,0.0,0,0,0.0
2024-04-07T09:30:00.000,0.0,0.0,0.0,0.0,0,0,0.0
2024-04-07T09:35:00.000,0.0,0.0,0.0,0.0,0,0,0.0
2024-04-07T09:40:00.000,0.0,0.0,0.0,0.0,0,0,0.0
2024-04-07T09:45:00.000,0.0,0.0,0.0,0.0,0,0,0.0
2024-04-07T09:50:00.000,0.0,0.0,0.0,0.0,0,0,0.0
2024-04-07T09:55:00.000,0.0,0.0,0.0,0.0,0,0,0.0
2024-04-07T10:00:00.000,0.0,0.0,0.0,0.0,0,0,0.0
2024-04-07T10:05:00.000,0.0,0.0,0.0,0.0,0,0,0.0
2024-04-07T10:10:00.000,0.0,0.0,0.0,0.0,0,0,0.0
2024-04-07T10:15:00.000,0.0,0.0,0.0,0.0,0,0,0.0
2024-04-07T10:20:00.000,0.0,0.0,0.0,0.0,0,0,0.0
2024-04-07T10:25:00.000,0.0,0.0,0.0,0.0,0,0,0.0
2024-04-07T10:30:00.000,0.0,0.0,0.0,0.0,0,0,0.0
2024-04-07T10:35:00.000,0.0,0.0,0.0,0.0,0,0,0.0
2024-04-07T10:40:00.000,0.0,0.0,0.0,0.0,0,0,0.0
2024-04-07T10:45:00.000,0.0,0.0,0.0,0.0,0,0,0.0
2024-04-07T10:50:00.000,0.0,0.0,0.0,0.0,0,0,0.0
2024-04-07T10:55:00.000,0.0,0.0,0.0,0.0,0,0,0.0
2024-04-07T11:00:00.000,0.0,0.0,0.0,0.0,0,0,0.0
2024-04-07T11:05:00.000,0.0,0.0,0.0,0.0,0,0,0.0
2024-04-07T11:10:00.000,0.0,0.0,0.0,0.0,0,0,0.0
2024-04-07T11:15:00.000,0.0,0.0,0.0,0.0,0,0,0.0
2024-04-07T11:20:00.000,0.0,0.0,0.0,0.0,0,0,0.0
2024-04-07T11:25:00.000,0.0,0.0,0.0,0.0,0,0,0.0
2024-04-07T11:30:00.000,0.0,0.0,0.0,0.0,0,0,0.0
2024-04-07T11:35:00.000,0.0,0.0,0.0,0.0,0,0,0.0
2024-04-07T11:40:00.000,0.0,0.0,0.0,0.0,0,0,0.0
2024-04-07T11:45:00.000,0.0,0.0,0.0,0.0,0,0,0.0
2024-04-07T11:50:00.000,0.0,0.0,0.0,0.0,0,0,0.0
2024-04-07T11:55:00.000,0.0,0.0,0.0,0.0,0,0,0.0
2024-04-07T12:00:00.000,0.0,0.0,0.0,0.0,0,0,0.0
2024-04-07T12:05:00.000,0.0,0.0,0.0,0.0,0,0,0.0
2024-04-07T12:10:00.000,0.0,0.0,0.0,0.0,0,0,0.0
2024-04-07T12:15:00.000,0.0,0.0,0.0,0.0,0,0,0.0
2024-04-07T12:20:00.000,0.0,0.0,0.0,0.0,0,0,0.0
2024-04-07T12:25:00.000,0.0,0.0,0.0,0.0,0,0,0.0
2024-04-07T12:30:00.000,0.0,0.0,0.0,0.0,0,0,0.0
2024-04-07T12:35:00.000,0.0,0.0,0.0,0.0,0,0,0.0
2024-04-07T12:40:00.000,0.0,0.0,0.0,0.0,0,0,0.0
2024-04-07T12:45:00.000,0.0,0.0,0.0,0.0,0,0,0.0
2024-04-07T12:50:00.000,0.0,0.0,0.0,0.0,0,0,0.0
2024-04-07T12:55:00.000,0.0,0.0,0.0,0.0,0,0,0.0
2024-04-07T13:00:00.000,0.0,0.0,0.0,0.0,0,0,0.0
2024-04-07T13:05:00.000,0.0,0.0,0.0,0.0,0,0,0.0
2024-04-07T13:10:00.000,0.0,0.0,0.0,0.0,0,0,0.0
2024-04-07T13:15:00.000,0.0,0.0,0.0,0.0,0,0,0.0
2024-04-07T13:20:00.000,0.0,0.0,0.0,0.0,0,0,0.0
2024-04-07T13:25:00.000,0.0,0.0,0.0,0.0,0,0,0.0
2024-04-07T13:30:00.000,0.0,0.0,0.0,0.0,0,0,0.0
2024-04-07T13:35:00.000,0.0,0.0,0.0,0.0,0,0,0.0
2024-04-07T13:40:00.000,0.0,0.0,0.0,0.0,0,0,0.0
2024-04-07T13:45:00.000,0.0,0.0,0.0,0.0,0,0,0.0
2024-04-07T13:50:00.000,0.0,0.0,0.0,0.0,0,0,0.0
2024-04-07T13:55:00.000,0.0,0.0,0.0,0.0,0,0,0.0
2024-04-07T14:00:00.000,0.0,0.0,0.0,0.0,0,0,0.0
2024-04-07T14:05:00.000,0.0,0.0,0.0,0.0,0,0,0.0
2024-04-07T14:10:00.000,0.0,0.0,0.0,0.0,0,0,0.0
2024-04-07T14:15:00.000,0.0,0.0,0.0,0.0,0,0,0.0
2024-04-07T14:20:00.000,0.0,0.0,0.0,0.0,0,0,0.0
2024-04-07T14:25:00.000,0.0,0.0,0.0,0.0,0,0,0.0
2024-04-07T14:30:00.000,0.0,0.0,0.0,0.0,0,0,0.0
2024-04-07T14:35:00.000,0.0,0.0,0.0,0.0,0,0,0.0
2024-04-07T14:40:00.000,0.0,0.0,0.0,0.0,0,0,0.0
2024-04-07T14:45:00.000,0.0,0.0,0.0,0.0,0,0,0.0
2024-04-07T14:50:00.000,0.0,0.0,0.0,0.0,0,0,0.0
2024-04-07T14:55:00.000,0.0,0.0,0.0,0.0,0,0,0.0
2024-04-07T15:00:00.000,0.0,0.0,0.0,0.0,0,0,0.0
2024-04-07T15:05:00.000,0.0,0.0,0.0,0.0,0,0,0.0
2024-04-07T15:10:00.000,0.0,0.0,0.0,0.0,0,0,0.0
2024-04-07T15:15:00.000,0.0,0.0,0.0,0.0,0,0,0.0
2024-04-07T15:20:00.000,0.0,0.0,0.0,0.0,0,0,0.0
2024-04-07T15:25:00.000,0.0,0.0,0.0,0.0,0,0,0.0
2024-04-07T15:30:00.000,0.0,0.0,0.0,0.0,0,0,0.0
2024-04-07T15:35:00.000,0.0,0.0,0.0,0.0,0,0,0.0
2024-04-07T15:40:00.000,0.0,0.0,0.0,0.0,0,0,0.0
2024-04-07T15:45:00.000,0.0,0.0,0.0,0.0,0,0,0.0
2024-04-07T15:50:00.000,0.0,0.0,0.0,0.0,0,0,0.0
2024-04-07T15:55:00.000,0.0,0.0,0.0,0.0,0,0,0.0
2024-04-07T16:00:00.000,0.0,0.0,0.0,0.0,0,0,0.0
2024-04-08T09:30:00.000,519.15,519.39,518.91,518.965,1242217,18379,519.16
2024-04-08T09:35:00.000,518.97,518.97,518.23,518.27,896759,11120,518.94
2024-04-08T09:40:00.000,518.28,518.89,517.98,518.68,784182,8585,518.81
2024-04-08T09:45:00.000,518.7,519.075,518.67,518.73,736877,7961,518.82
2024-04-08T09:50:00.000,518.72,518.9199,518.44,518.77,560564,6222,518.8
2024-04-08T09:55:00.000,518.78,519.07,518.71,518.83,396288,4559,518.8
2024-04-08T10:00:00.000,518.84,518.9,518.28,518.46,497648,6366,518.78
2024-04-08T10:05:00.000,518.46,518.86,518.2,518.635,526137,6650,518.76
2024-04-08T10:10:00.000,518.645,518.93,518.455,518.77,444635,5640,518.75
2024-04-08T10:15:00.000,518.75,518.98,518.52,518.67,496057,12726,518.75
2024-04-08T10:20:00.000,518.69,519.18,518.68,519.16,459904,12185,518.76
2024-04-08T10:25:00.000,519.17,519.58,519.08,519.537,826997,14867,518.83
2024-04-08T10:30:00.000,519.53,520.12,519.49,519.8,874477,10362,518.93
2024-04-08T10:35:00.000,519.8,519.9399,519.75,519.83,487839,5155,518.98
2024-04-08T10:40:00.000,519.83,519.88,519.545,519.725,442326,5115,519.01
2024-04-08T10:45:00.000,519.74,519.95,519.705,519.95,407282,4643,519.04
2024-04-08T10:50:00.000,519.95,520.1694,519.92,520.11,435554,5400,519.08
2024-04-08T10:55:00.000,520.12,520.18,519.82,519.99,481651,4996,519.12
2024-04-08T11:00:00.000,519.99,520.13,519.33,519.78,855832,6288,519.15
2024-04-08T11:05:00.000,519.7724,519.88,519.59,519.76,297193,3565,519.17
2024-04-08T11:10:00.000,519.79,520.01,519.65,519.77,315129,3788,519.18
2024-04-08T11:15:00.000,519.775,519.82,519.56,519.62,273989,3272,519.19
2024-04-08T11:20:00.000,519.61,519.91,519.45,519.865,295909,3616,519.21
2024-04-08T11:25:00.000,519.86,519.88,519.385,519.525,328121,3856,519.21
2024-04-08T11:30:00.000,519.5,519.51,519.185,519.34,396643,4519,519.22
2024-04-08T11:35:00.000,519.33,519.35,518.5601,519.09,836393,7832,519.2
2024-04-08T11:40:00.000,519.073,519.16,518.815,519.04,344126,3933,519.19
2024-04-08T11:45:00.000,519.04,519.04,518.44,518.8,582391,6062,519.17
2024-04-08T11:50:00.000,518.79,518.905,518.57,518.701,365778,4036,519.16
2024-04-08T11:55:00.000,518.7,518.78,518.28,518.73,409989,4711,519.15
2024-04-08T12:00:00.000,518.73,518.74,518.285,518.455,452027,4931,519.13
2024-04-08T12:05:00.000,518.45,518.78,518.36,518.4999,446455,4668,519.12
2024-04-08T12:10:00.000,518.5,518.58,518.0407,518.2499,361600,4135,519.1
2024-04-08T12:15:00.000,518.24,518.585,518.11,518.3616,358139,4297,519.09
2024-04-08T12:20:00.000,518.37,518.4676,517.89,518.0601,570139,5258,519.06
2024-04-08T12:25:00.000,518.06,518.68,518.06,518.5601,644091,5538,519.04
2024-04-08T12:30:00.000,518.56,518.875,518.46,518.86,397882,4468,519.03
2024-04-08T12:35:00.000,518.8599,518.96,518.65,518.72,268851,3439,519.03
2024-04-08T12:40:00.000,518.71,519.21,518.69,519.0998,608592,4945,519.03
2024-04-08T12:45:00.000,519.1,519.19,518.86,518.97,242369,3177,519.03
2024-04-08T12:50:00.000,518.9699,519.1,518.92,519.06,195390,2424,519.03
2024-04-08T12:55:00.000,519.07,519.44,519.005,519.44,378491,4360,519.03
2024-04-08T13:00:00.000,519.43,519.46,519.18,519.2001,283014,3106,519.04
2024-04-08T13:05:00.000,519.21,519.27,519.076,519.14,199210,2376,519.04
2024-04-08T13:10:00.000,519.125,519.22,518.97,519.05,371767,4107,519.04
2024-04-08T13:15:00.000,519.06,519.13,518.79,518.995,534292,3188,519.04
2024-04-08T13:20:00.000,518.9809,519.16,518.8938,519.09,268547,3007,519.04
2024-04-08T13:25:00.000,519.1,519.28,518.92,519.275,211579,2688,519.04
2024-04-08T13:30:00.000,519.28,519.285,519.055,519.115,197981,3498,519.04
2024-04-08T13:35:00.000,519.12,519.13,518.84,518.97,276169,3582,519.04
2024-04-08T13:40:00.000,518.94,519.0403,518.69,518.905,334848,3620,519.04
2024-04-08T13:45:00.000,518.905,518.91,518.65,518.795,278278,3198,519.03
2024-04-08T13:50:00.000,518.79,519.03,518.73,519.0199,251710,2838,519.03
2024-04-08T13:55:00.000,519.01,519.4,518.99,519.31,326514,3576,519.03
2024-04-08T14:00:00.000,519.31,519.46,518.96,519.05,574699,5187,519.04
2024-04-08T14:05:00.000,519.045,519.41,519.01,519.41,1217823,3734,519.04
2024-04-08T14:10:00.000,519.405,519.45,519.18,519.2714,238014,2925,519.04
2024-04-08T14:15:00.000,519.3,519.48,519.25,519.27,200337,2744,519.05
2024-04-08T14:20:00.000,519.27,519.3975,518.9399,518.99,320316,3526,519.05
2024-04-08T14:25:00.000,519.01,519.4101,518.98,519.18,313099,3509,519.05
2024-04-08T14:30:00.000,519.17,519.1999,519.0,519.005,254540,2869,519.05
2024-04-08T14:35:00.000,519.0,519.05,518.78,518.88,316560,3351,519.05
2024-04-08T14:40:00.000,518.8899,518.9694,518.78,518.885,226781,2790,519.05
2024-04-08T14:45:00.000,518.89,519.065,518.6699,519.04,361487,3820,519.05
2024-04-08T14:50:00.000,519.0303,519.09,518.83,519.01,279062,3035,519.04
2024-04-08T14:55:00.000,519.01,519.26,519.01,519.255,274418,3232,519.05
2024-04-08T15:00:00.000,519.26,519.38,519.075,519.13,356248,3904,519.05
2024-04-08T15:05:00.000,519.13,519.16,518.74,519.13,432557,4712,519.05
2024-04-08T15:10:00.000,519.13,519.25,519.02,519.12,368771,4049,519.05
2024-04-08T15:15:00.000,519.12,519.17,518.96,519.16,244835,3218,519.05
2024-04-08T15:20:00.000,519.16,519.24,518.855,518.93,498834,3681,519.05
2024-04-08T15:25:00.000,518.93,519.28,518.9,519.255,286634,3614,519.05
2024-04-08T15:30:00.000,519.25,519.7,519.2,519.62,617776,6873,519.06
2024-04-08T15:35:00.000,519.62,519.64,519.02,519.085,562403,6323,519.06
2024-04-08T15:40:00.000,519.09,519.13,518.48,518.62,827430,8977,519.05
2024-04-08T15:45:00.000,518.61,518.93,518.57,518.87,689671,7496,519.05
2024-04-08T15:50:00.000,518.86,518.89,518.36,518.55,1973656,13023,519.03
2024-04-08T15:55:00.000,518.56,518.71,518.23,518.67,5983262,27966,518.95
2024-04-08T16:00:00.000,518.66,518.67,518.66,518.67,400,3,518.95
2024-04-09T09:30:00.000,520.5,520.75,520.04,520.06,1586985,14122,520.42
2024-04-09T09:35:00.000,520.1,520.54,519.84,520.36,1272831,7413,520.34
2024-04-09T09:40:00.000,520.3601,520.45,519.72,519.835,504284,5583,520.31
2024-04-09T09:45:00.000,519.82,520.0,519.04,519.12,877451,8410,520.14
2024-04-09T09:50:00.000,519.12,519.2,518.77,518.96,810018,7790,519.94
2024-04-09T09:55:00.000,518.97,519.1401,518.8,518.88,562136,5496,519.83
2024-04-09T10:00:00.000,518.89,519.18,518.75,518.915,860758,8182,519.71
2024-04-09T10:05:00.000,518.91,518.98,518.66,518.85,601076,6654,519.63
2024-04-09T10:10:00.000,518.85,519.1,518.66,519.04,539021,12658,519.57
2024-04-09T10:15:00.000,519.0475,519.28,518.85,519.015,609814,13172,519.53
2024-04-09T10:20:00.000,519.005,519.1199,518.895,518.98,389429,9581,519.51
2024-04-09T10:25:00.000,518.98,519.04,517.4103,517.59,1028513,10823,519.37
2024-04-09T10:30:00.000,517.59,517.63,516.35,516.69,1867573,17148,518.95
2024-04-09T10:35:00.000,516.7,516.8,515.68,515.78,1182145,12026,518.67
2024-04-09T10:40:00.000,515.79,516.09,514.46,514.84,1689765,16951,518.23
2024-04-09T10:45:00.000,514.88,515.365,514.44,514.62,1772514,15880,517.84
2024-04-09T10:50:00.000,514.64,515.075,514.35,514.47,1249845,12707,517.6
2024-04-09T10:55:00.000,514.465,515.57,514.44,515.515,1126323,11521,517.44
2024-04-09T11:00:00.000,515.52,515.6498,515.19,515.43,846024,9285,517.35
2024-04-09T11:05:00.000,515.46,516.15,515.36,515.94,792630,8694,517.28
2024-04-09T11:10:00.000,515.93,515.97,515.55,515.6,697179,6361,517.24
2024-04-09T11:15:00.000,515.62,516.55,515.62,516.475,893639,6954,517.21
2024-04-09T11:20:00.000,516.46,516.5,515.96,516.22,536455,5786,517.19
2024-04-09T11:25:00.000,516.22,516.4198,515.84,515.95,370467,4165,517.17
2024-04-09T11:30:00.000,515.96,516.195,515.78,515.87,406374,4760,517.15
2024-04-09T11:35:00.000,515.87,516.19,515.67,515.88,474132,5429,517.13
2024-04-09T11:40:00.000,515.89,516.92,515.845,516.715,810992,7691,517.1
2024-04-09T11:45:00.000,516.69,517.125,516.62,516.98,593115,5961,517.1
2024-04-09T11:50:00.000,516.98,517.045,516.58,516.925,781350,4963,517.09
2024-04-09T11:55:00.000,516.93,517.03,516.825,516.825,349021,3428,517.09
2024-04-09T12:00:00.000,516.825,517.33,516.76,517.1,768583,5393,517.09
2024-04-09T12:05:00.000,517.08,517.26,516.78,517.12,335039,3724,517.09
2024-04-09T12:10:00.000,517.11,517.64,517.005,517.405,501772,5133,517.09
2024-04-09T12:15:00.000,517.405,517.495,517.26,517.3,290790,3479,517.1
2024-04-09T12:20:00.000,517.3,517.52,517.23,517.41,304654,3505,517.1
2024-04-09T12:25:00.000,517.415,517.56,517.23,517.26,258512,2914,517.1
2024-04-09T12:30:00.000,517.26,517.78,517.26,517.745,338212,3760,517.11
2024-04-09T12:35:00.000,517.745,517.75,517.46,517.67,248605,2929,517.11
2024-04-09T12:40:00.000,517.68,517.695,517.46,517.4699,233917,2743,517.11
2024-04-09T12:45:00.000,517.48,517.61,517.25,517.425,287638,3245,517.12
2024-04-09T12:50:00.000,517.41,517.5,516.575,516.64,528658,5675,517.12
2024-04-09T12:55:00.000,516.63,517.01,516.59,516.79,414627,4029,517.11
2024-04-09T13:00:00.000,516.8,517.19,516.6,517.19,481583,4661,517.11
2024-04-09T13:05:00.000,517.19,517.46,517.09,517.39,396867,3757,517.11
2024-04-09T13:10:00.000,517.4,517.48,517.155,517.3,294148,3233,517.11
2024-04-09T13:15:00.000,517.32,517.36,517.0,517.23,595710,3559,517.11
2024-04-09T13:20:00.000,517.24,517.64,517.12,517.23,360047,4034,517.11
2024-04-09T13:25:00.000,517.225,517.32,516.98,517.16,383017,4238,517.12
2024-04-09T13:30:00.000,517.17,517.39,517.05,517.105,237891,3368,517.12
2024-04-09T13:35:00.000,517.12,517.48,517.08,517.48,191918,2536,517.12
2024-04-09T13:40:00.000,517.48,517.64,516.87,516.99,390581,4370,517.12
2024-04-09T13:45:00.000,516.99,517.08,516.72,516.8557,402251,3798,517.12
2024-04-09T13:50:00.000,516.85,517.15,516.815,516.99,368287,3721,517.11
2024-04-09T13:55:00.000,517.0,517.01,516.66,516.6701,273878,3140,517.11
2024-04-09T14:00:00.000,516.67,516.735,516.23,516.63,406593,4881,517.1
2024-04-09T14:05:00.000,516.63,517.05,516.5599,516.98,323482,3625,517.1
2024-04-09T14:10:00.000,516.9911,517.0599,516.73,516.84,363240,4010,517.1
2024-04-09T14:15:00.000,516.84,517.17,516.76,517.0799,367194,3660,517.1
2024-04-09T14:20:00.000,517.08,517.29,516.68,516.75,357959,3700,517.1
2024-04-09T14:25:00.000,516.76,517.02,516.53,516.65,1050401,3206,517.09
2024-04-09T14:30:00.000,516.6575,516.7,516.375,516.5804,378271,3965,517.09
2024-04-09T14:35:00.000,516.585,516.91,516.4,516.48,426365,4388,517.08
2024-04-09T14:40:00.000,516.47,516.72,516.345,516.4786,291527,3277,517.08
2024-04-09T14:45:00.000,516.48,516.7,516.295,516.4,574731,3379,517.07
2024-04-09T14:50:00.000,516.41,516.815,516.2599,516.606,384188,3872,517.07
2024-04-09T14:55:00.000,516.6,516.72,516.46,516.51,291665,2811,517.06
2024-04-09T15:00:00.000,516.5,516.52,516.035,516.34,425435,4613,517.06
2024-04-09T15:05:00.000,516.32,516.46,515.77,515.915,516382,5102,517.04
2024-04-09T15:10:00.000,515.9,516.21,515.71,516.07,679814,4337,517.03
2024-04-09T15:15:00.000,516.065,516.75,516.03,516.75,437353,4487,517.02
2024-04-09T15:20:00.000,516.75,517.46,516.695,517.39,933637,6179,517.02
2024-04-09T15:25:00.000,517.37,518.61,517.37,518.55,2453753,13412,517.06
2024-04-09T15:30:00.000,518.51,519.02,518.26,518.45,1779188,12054,517.11
2024-04-09T15:35:00.000,518.47,518.6,517.78,517.795,1318577,8358,517.13
2024-04-09T15:40:00.000,517.8,518.11,517.45,518.03,1661609,9510,517.14
2024-04-09T15:45:00.000,518.03,518.14,517.71,517.95,1256523,7422,517.15
2024-04-09T15:50:00.000,517.95,518.21,517.6801,518.21,1127602,10100,517.17
2024-04-09T15:55:00.000,518.2,519.44,518.195,519.29,6294255,26786,517.35
2024-04-09T16:00:00.000,0.0,0.0,0.0,0.0,24,1,517.35
2024-04-10T09:30:00.000,513.48,513.66,512.76,513.3899,2267642,22849,513.25
2024-04-10T09:35:00.000,513.365,513.91,512.98,513.5,1812032,18746,513.36
2024-04-10T09:40:00.000,513.47,514.16,513.06,514.0506,1088108,13087,513.38
2024-04-10T09:45:00.000,514.06,514.1,512.67,512.7601,1879676,20032,513.33
2024-04-10T09:50:00.000,512.78,514.3,512.72,514.125,1459574,15797,513.36
2024-04-10T09:55:00.000,514.12,514.48,513.67,513.985,1523645,13291,513.45
2024-04-10T10:00:00.000,514.0,514.22,513.41,513.68,1625545,12170,513.48
2024-04-10T10:05:00.000,513.6705,514.87,513.475,514.46,1096138,10352,513.52
2024-04-10T10:10:00.000,514.44,514.49,513.95,514.15,943807,15422,513.58
2024-04-10T10:15:00.000,514.17,515.045,513.73,514.865,1056584,19380,513.64
2024-04-10T10:20:00.000,514.86,515.01,514.51,514.69,811625,15767,513.7
2024-04-10T10:25:00.000,514.69,515.13,514.56,514.67,810108,9280,513.76
2024-04-10T10:30:00.000,514.66,515.57,514.56,515.28,1069774,11204,513.84
2024-04-10T10:35:00.000,515.3,516.16,515.18,515.955,1216814,10517,513.95
2024-04-10T10:40:00.000,515.96,516.03,515.25,515.26,1138353,8689,514.02
2024-04-10T10:45:00.000,515.268,515.5,514.82,515.09,687027,7808,514.06
2024-04-10T10:50:00.000,515.11,515.29,514.3699,514.4101,686482,7349,514.08
2024-04-10T10:55:00.000,514.42,514.525,513.97,514.46,938927,8778,514.09
2024-04-10T11:00:00.000,514.47,514.53,513.875,513.9115,659536,6740,514.09
2024-04-10T11:05:00.000,513.92,514.33,513.81,514.065,671242,7408,514.09
2024-04-10T11:10:00.000,514.065,514.075,513.54,513.87,1046695,7014,514.08
2024-04-10T11:15:00.000,513.875,514.0,513.48,513.62,570678,5869,514.07
2024-04-10T11:20:00.000,513.61,514.1399,513.61,513.88,494613,5842,514.07
2024-04-10T11:25:00.000,513.88,514.49,513.86,514.485,575420,6108,514.07
2024-04-10T11:30:00.000,514.49,514.53,513.66,514.005,602438,6378,514.07
2024-04-10T11:35:00.000,514.01,514.0887,513.405,513.5,463305,5596,514.07
2024-04-10T11:40:00.000,513.51,513.55,513.0,513.13,625569,6920,514.05
2024-04-10T11:45:00.000,513.15,513.52,513.02,513.26,508008,5687,514.03
2024-04-10T11:50:00.000,513.26,513.45,513.15,513.37,378147,4615,514.02
2024-04-10T11:55:00.000,513.36,513.42,513.11,513.3499,533400,3587,514.01
2024-04-10T12:00:00.000,513.34,513.715,513.095,513.64,486090,5317,514.0
2024-04-10T12:05:00.000,513.65,513.81,513.26,513.43,501119,4994,514.0
2024-04-10T12:10:00.000,513.42,513.49,512.98,513.01,733342,5628,513.98
2024-04-10T12:15:00.000,513.02,513.315,513.02,513.105,310233,4118,513.97
2024-04-10T12:20:00.000,513.1,513.2801,512.99,513.27,880234,4020,513.96
2024-04-10T12:25:00.000,513.26,513.575,513.25,513.395,351498,4194,513.96
2024-04-10T12:30:00.000,513.4,513.45,513.24,513.41,255158,3498,513.95
2024-04-10T12:35:00.000,513.415,513.83,513.415,513.57,618872,6214,513.95
2024-04-10T12:40:00.000,513.57,513.71,513.36,513.36,313536,3800,513.94
2024-04-10T12:45:00.000,513.36,513.71,513.32,513.66,273656,3411,513.94
2024-04-10T12:50:00.000,513.65,513.98,513.47,513.95,387234,4880,513.94
2024-04-10T12:55:00.000,513.94,514.38,513.895,514.1679,1012342,7477,513.94
2024-04-10T13:00:00.000,514.1679,514.46,512.58,512.83,1223263,12879,513.92
2024-04-10T13:05:00.000,512.84,512.88,512.13,512.16,1256323,11244,513.88
2024-04-10T13:10:00.000,512.17,512.8345,512.09,512.7494,1055231,8816,513.84
2024-04-10T13:15:00.000,512.74,513.6,512.45,513.55,828700,8952,513.82
2024-04-10T13:20:00.000,513.54,515.02,513.39,514.89,1480053,14502,513.85
2024-04-10T13:25:00.000,514.88,515.14,513.82,513.8604,1329448,10726,513.87
2024-04-10T13:30:00.000,513.88,514.25,512.72,513.3,1815864,18272,513.85
2024-04-10T13:35:00.000,513.3,513.47,512.4,512.59,808579,8905,513.83
2024-04-10T13:40:00.000,512.57,513.23,512.29,512.58,795087,8623,513.81
2024-04-10T13:45:00.000,512.59,513.17,512.4701,513.1189,540361,5830,513.79
2024-04-10T13:50:00.000,513.11,513.305,512.6201,513.23,427627,5234,513.78
2024-04-10T13:55:00.000,513.21,514.9,513.1,513.76,1668991,15316,513.79
2024-04-10T14:00:00.000,513.7804,514.5499,513.21,514.365,1141729,10719,513.8
2024-04-10T14:05:00.000,514.35,514.36,513.57,514.07,685008,6954,513.8
2024-04-10T14:10:00.000,514.05,514.46,513.73,514.37,532249,5632,513.81
2024-04-10T14:15:00.000,514.36,514.68,513.45,513.728,764058,7956,513.81
2024-04-10T14:20:00.000,513.73,514.26,513.08,513.22,979955,9627,513.81
2024-04-10T14:25:00.000,513.21,513.78,513.11,513.2,740450,5615,513.8
2024-04-10T14:30:00.000,513.19,513.54,513.0,513.32,408695,4552,513.8
2024-04-10T14:35:00.000,513.31,513.94,513.16,513.88,443853,5197,513.8
2024-04-10T14:40:00.000,513.855,514.11,513.63,513.9,498325,5473,513.8
2024-04-10T14:45:00.000,513.91,514.1123,513.67,513.95,378479,4601,513.8
2024-04-10T14:50:00.000,513.92,514.18,513.34,513.55,561379,6833,513.8
2024-04-10T14:55:00.000,513.53,513.55,512.5651,512.635,811964,7405,513.78
2024-04-10T15:00:00.000,512.63,513.22,512.49,512.56,607414,6810,513.77
2024-04-10T15:05:00.000,512.57,513.27,512.445,513.23,556589,6659,513.76
2024-04-10T15:10:00.000,513.2386,514.09,513.17,514.07,819385,8074,513.76
2024-04-10T15:15:00.000,514.06,514.48,513.83,514.33,1549287,9619,513.77
2024-04-10T15:20:00.000,514.35,514.84,514.18,514.76,846380,9112,513.78
2024-04-10T15:25:00.000,514.76,515.07,514.21,514.26,835560,8822,513.79
2024-04-10T15:30:00.000,514.26,514.37,513.41,513.705,1017093,9681,513.79
2024-04-10T15:35:00.000,513.69,513.9599,513.455,513.48,1304704,9374,513.79
2024-04-10T15:40:00.000,513.5,514.61,513.5,514.55,999269,9401,513.79
2024-04-10T15:45:00.000,514.54,515.0,514.34,514.65,1563945,13698,513.82
2024-04-10T15:50:00.000,514.67,514.79,514.245,514.68,1862932,15573,513.84
2024-04-10T15:55:00.000,514.67,515.01,514.08,514.16,4042545,24374,513.89
2024-04-10T16:00:00.000,0.0,0.0,0.0,0.0,81,1,513.89
2024-04-11T09:30:00.000,515.68,515.87,514.82,515.39,1789411,15270,515.3
2024-04-11T09:35:00.000,515.41,515.45,514.5,514.55,787826,9200,515.19
2024-04-11T09:40:00.000,514.55,514.99,514.09,514.365,1231254,11015,514.99
2024-04-11T09:45:00.000,514.37,514.83,514.23,514.535,878390,8205,514.9
2024-04-11T09:50:00.000,514.55,514.9,514.26,514.71,673884,7229,514.86
2024-04-11T09:55:00.000,514.71,515.01,514.32,514.61,544034,6301,514.84
2024-04-11T10:00:00.000,514.62,514.69,513.59,513.85,1011163,11013,514.7
2024-04-11T10:05:00.000,513.86,513.95,513.04,513.24,1115521,12010,514.51
2024-04-11T10:10:00.000,513.22,513.41,512.68,513.1,965697,17382,514.33
2024-04-11T10:15:00.000,513.08,513.11,512.08,512.31,957554,17059,514.13
2024-04-11T10:20:00.000,512.3,513.01,512.25,512.91,741308,13927,514.03
2024-04-11T10:25:00.000,512.92,512.97,512.35,512.57,672137,6617,513.94
2024-04-11T10:30:00.000,512.57,513.4,512.4514,512.865,1004451,9720,513.87
2024-04-11T10:35:00.000,512.87,513.49,512.79,513.38,564580,5964,513.84
2024-04-11T10:40:00.000,513.39,513.62,513.24,513.44,597847,6575,513.82
2024-04-11T10:45:00.000,513.45,513.82,513.45,513.525,686758,6353,513.81
2024-04-11T10:50:00.000,513.5213,513.74,513.3301,513.54,430470,4914,513.8
2024-04-11T10:55:00.000,513.58,513.65,513.14,513.22,458277,4915,513.79
2024-04-11T11:00:00.000,513.23,513.92,513.15,513.73,914366,7087,513.78
2024-04-11T11:05:00.000,513.725,513.75,513.2,513.3003,519664,5355,513.77
2024-04-11T11:10:00.000,513.31,513.775,513.31,513.52,412003,4684,513.76
2024-04-11T11:15:00.000,513.53,514.12,513.5299,513.72,513627,6221,513.76
2024-04-11T11:20:00.000,513.73,514.23,513.7,513.8,458774,5095,513.77
2024-04-11T11:25:00.000,513.799,513.8726,513.48,513.57,561265,5669,513.76
2024-04-11T11:30:00.000,513.57,513.97,513.415,513.77,473928,4871,513.76
2024-04-11T11:35:00.000,513.77,514.215,513.69,514.14,403406,4574,513.77
2024-04-11T11:40:00.000,514.11,514.55,513.88,513.9,692716,6915,513.78
2024-04-11T11:45:00.000,513.89,514.49,513.88,514.2899,574763,5352,513.8
2024-04-11T11:50:00.000,514.29,514.5599,514.27,514.495,472609,4557,513.81
2024-04-11T11:55:00.000,514.49,515.45,514.49,515.34,880639,8633,513.86
2024-04-11T12:00:00.000,515.33,515.5,514.92,515.12,1041709,9500,513.93
2024-04-11T12:05:00.000,515.125,515.24,514.92,514.97,649287,5843,513.96
2024-04-11T12:10:00.000,514.97,515.16,514.88,515.13,592140,5231,513.99
2024-04-11T12:15:00.000,515.11,515.32,514.95,515.29,380944,3902,514.0
2024-04-11T12:20:00.000,515.29,515.52,515.02,515.49,422601,4588,514.03
2024-04-11T12:25:00.000,515.495,515.5,514.81,514.8399,932106,6404,514.06
2024-04-11T12:30:00.000,514.84,515.175,514.73,515.16,369333,3590,514.07
2024-04-11T12:35:00.000,515.15,515.26,514.88,515.04,443568,4483,514.09
2024-04-11T12:40:00.000,515.07,515.35,514.982,515.16,464307,4036,514.11
2024-04-11T12:45:00.000,515.17,515.595,515.1302,515.585,443140,3990,514.13
2024-04-11T12:50:00.000,515.58,515.65,515.36,515.375,444129,4075,514.15
2024-04-11T12:55:00.000,515.37,515.52,515.1575,515.29,405538,4155,514.17
2024-04-11T13:00:00.000,515.3,516.335,514.88,516.16,1099373,10191,514.22
2024-04-11T13:05:00.000,516.15,516.86,516.04,516.54,1195164,10582,514.31
2024-04-11T13:10:00.000,516.55,517.085,516.5275,516.97,741414,6937,514.37
2024-04-11T13:15:00.000,516.98,517.52,516.76,517.49,876428,7736,514.45
2024-04-11T13:20:00.000,517.48,517.86,517.21,517.545,1252836,11366,514.57
2024-04-11T13:25:00.000,517.55,517.91,517.48,517.51,740845,6975,514.64
2024-04-11T13:30:00.000,517.52,517.83,517.52,517.5701,670472,6350,514.7
2024-04-11T13:35:00.000,517.57,517.65,517.205,517.21,694434,6316,514.76
2024-04-11T13:40:00.000,517.22,517.8,516.96,517.7,727968,6205,514.81
2024-04-11T13:45:00.000,517.72,517.95,517.53,517.94,565882,5374,514.86
2024-04-11T13:50:00.000,517.94,518.11,517.68,517.9801,476528,4551,514.9
2024-04-11T13:55:00.000,517.98,518.13,517.863,518.0,460904,4195,514.94
2024-04-11T14:00:00.000,518.005,518.54,517.92,518.33,779167,7549,515.0
2024-04-11T14:05:00.000,518.335,519.27,518.335,519.02,1004035,8868,515.1
2024-04-11T14:10:00.000,519.03,519.08,518.66,518.71,706834,6688,515.16
2024-04-11T14:15:00.000,518.71,519.04,518.68,518.72,481674,4854,515.21
2024-04-11T14:20:00.000,518.715,518.93,518.65,518.92,319414,3583,515.23
2024-04-11T14:25:00.000,518.91,519.27,518.88,519.08,557058,5382,515.29
2024-04-11T14:30:00.000,519.07,519.37,518.96,519.33,492205,5567,515.33
2024-04-11T14:35:00.000,519.32,519.465,519.195,519.42,468813,4895,515.38
2024-04-11T14:40:00.000,519.42,519.48,519.18,519.34,1359239,4693,515.42
2024-04-11T14:45:00.000,519.33,519.38,518.835,518.98,647481,5786,515.48
2024-04-11T14:50:00.000,518.975,519.04,518.54,518.7499,860323,4758,515.53
2024-04-11T14:55:00.000,518.74,518.97,518.68,518.689,397273,3893,515.56
2024-04-11T15:00:00.000,518.69,519.01,518.68,518.8,702926,4213,515.59
2024-04-11T15:05:00.000,518.8,519.23,518.79,519.015,436700,4592,515.62
2024-04-11T15:10:00.000,519.01,519.165,518.68,518.7,442208,4941,515.65
2024-04-11T15:15:00.000,518.71,518.91,518.51,518.62,523097,4844,515.68
2024-04-11T15:20:00.000,518.62,519.01,518.545,518.87,340573,3835,515.71
2024-04-11T15:25:00.000,518.87,519.055,518.72,518.91,494433,4756,515.74
2024-04-11T15:30:00.000,518.915,519.0,518.7,518.94,469971,4680,515.77
2024-04-11T15:35:00.000,518.95,518.97,518.815,518.9383,510447,4641,515.81
2024-04-11T15:40:00.000,518.935,519.22,518.88,519.17,947927,7324,515.86
2024-04-11T15:45:00.000,519.17,519.39,518.83,518.87,1527422,10693,515.95
2024-04-11T15:50:00.000,518.87,518.87,518.4,518.615,1862999,16759,516.04
2024-04-11T15:55:00.000,518.61,518.765,517.97,518.05,5293111,32415,516.27
2024-04-11T16:00:00.000,518.05,518.05,518.05,518.05,3384,4,516.27
2024-04-12T09:30:00.000,514.37,515.28,514.08,514.98,2074874,19493,514.66
2024-04-12T09:35:00.000,514.99,515.24,514.75,515.15,1216229,11815,514.77
2024-04-12T09:40:00.000,515.14,515.31,514.86,515.1651,1005003,10346,514.85
2024-04-12T09:45:00.000,515.18,515.815,515.04,515.33,1517744,12949,515.0
2024-04-12T09:50:00.000,515.34,515.6751,514.78,515.01,2147023,11020,515.03
2024-04-12T09:55:00.000,515.015,515.38,514.72,515.34,1167395,8624,515.02
2024-04-12T10:00:00.000,515.37,515.44,514.28,514.52,2647513,14653,514.97
2024-04-12T10:05:00.000,514.53,514.75,513.71,513.97,1924571,13747,514.87
2024-04-12T10:10:00.000,513.96,514.4,513.78,514.19,1125029,13943,514.81
2024-04-12T10:15:00.000,514.18,514.55,513.56,514.32,2017107,18394,514.73
2024-04-12T10:20:00.000,514.31,514.5188,514.165,514.19,676318,13777,514.72
2024-04-12T10:25:00.000,514.185,514.27,513.74,513.8,661438,7715,514.68
2024-04-12T10:30:00.000,513.81,514.09,513.54,513.572,1510096,7438,514.64
2024-04-12T10:35:00.000,513.58,513.74,512.7525,512.99,1235081,12895,514.53
2024-04-12T10:40:00.000,512.98,513.11,512.45,512.84,1063836,10921,514.43
2024-04-12T10:45:00.000,512.84,512.95,512.46,512.54,733951,7609,514.36
2024-04-12T10:50:00.000,512.535,512.7,512.02,512.65,1092499,10537,514.25
2024-04-12T10:55:00.000,512.64,512.8999,512.235,512.3101,846704,7910,514.18
2024-04-12T11:00:00.000,512.31,513.055,512.2,512.985,940572,8554,514.12
2024-04-12T11:05:00.000,512.99,512.99,512.46,512.52,771555,6629,514.07
2024-04-12T11:10:00.000,512.52,512.96,512.39,512.725,685057,6849,514.03
2024-04-12T11:15:00.000,512.73,513.4,512.56,513.27,746846,7370,513.99
2024-04-12T11:20:00.000,513.2784,513.42,512.9118,513.1,675822,6041,513.97
2024-04-12T11:25:00.000,513.085,513.54,512.97,513.53,581564,5346,513.96
2024-04-12T11:30:00.000,513.53,513.81,513.42,513.78,675976,6009,513.95
2024-04-12T11:35:00.000,513.7725,514.03,513.385,513.435,704310,5186,513.94
2024-04-12T11:40:00.000,513.435,513.58,513.14,513.54,488396,4897,513.93
2024-04-12T11:45:00.000,513.54,514.0,513.415,513.91,456839,5198,513.93
2024-04-12T11:50:00.000,513.91,513.99,513.34,513.5,490082,4864,513.92
2024-04-12T11:55:00.000,513.51,513.69,513.32,513.4,429012,4619,513.91
2024-04-12T12:00:00.000,513.43,513.475,512.96,513.1296,461039,5487,513.9
2024-04-12T12:05:00.000,513.13,513.53,513.13,513.16,392219,4873,513.89
2024-04-12T12:10:00.000,513.17,513.23,512.64,512.64,610861,6611,513.87
2024-04-12T12:15:00.000,512.64,512.8379,511.79,511.85,997126,10793,513.82
2024-04-12T12:20:00.000,511.85,512.4933,511.84,512.32,915427,9360,513.77
2024-04-12T12:25:00.000,512.33,512.55,511.76,511.82,956558,9252,513.72
2024-04-12T12:30:00.000,511.8,512.02,511.27,511.59,950149,10182,513.66
2024-04-12T12:35:00.000,511.59,511.71,510.57,510.925,1571609,12794,513.56
2024-04-12T12:40:00.000,510.9299,511.0701,510.62,510.69,1029424,10025,513.48
2024-04-12T12:45:00.000,510.69,510.99,510.48,510.56,1386530,8084,513.41
2024-04-12T12:50:00.000,510.56,511.075,510.56,510.85,1081527,8225,513.35
2024-04-12T12:55:00.000,510.79,510.98,510.56,510.57,821113,5823,513.31
2024-04-12T13:00:00.000,510.58,510.82,510.18,510.425,1336536,8503,513.25
2024-04-12T13:05:00.000,510.43,510.77,510.03,510.28,954198,9377,513.18
2024-04-12T13:10:00.000,510.26,510.72,510.26,510.5698,679836,7179,513.13
2024-04-12T13:15:00.000,510.56,511.09,510.4,510.44,1339007,7604,513.09
2024-04-12T13:20:00.000,510.43,510.45,509.75,509.815,1117473,13163,513.01
2024-04-12T13:25:00.000,509.82,510.06,509.47,509.7,894638,9726,512.94
2024-04-12T13:30:00.000,509.69,509.695,509.32,509.46,803571,9358,512.88
2024-04-12T13:35:00.000,509.455,509.68,509.335,509.63,660534,7543,512.83
2024-04-12T13:40:00.000,509.62,510.53,509.6,510.305,1185558,12959,512.76
2024-04-12T13:45:00.000,510.31,511.165,510.28,510.905,1174986,10796,512.71
2024-04-12T13:50:00.000,510.93,511.25,510.5,510.59,768133,7485,512.68
2024-04-12T13:55:00.000,510.6,510.97,510.46,510.49,613405,6729,512.65
2024-04-12T14:00:00.000,510.49,510.49,509.96,510.41,728596,7284,512.62
2024-04-12T14:05:00.000,510.4,511.4,510.34,511.1806,806439,9188,512.59
2024-04-12T14:10:00.000,511.18,511.415,510.79,510.86,840952,7567,512.56
2024-04-12T14:15:00.000,510.86,511.33,510.78,510.988,594423,6088,512.55
2024-04-12T14:20:00.000,510.98,511.19,510.58,510.5903,575333,5381,512.53
2024-04-12T14:25:00.000,510.595,510.73,510.29,510.67,841223,7454,512.5
2024-04-12T14:30:00.000,510.68,510.74,510.01,510.25,844422,6803,512.47
2024-04-12T14:35:00.000,510.24,510.42,509.76,509.83,741562,8243,512.44
2024-04-12T14:40:00.000,509.835,510.45,509.64,509.945,1044031,10506,512.39
2024-04-12T14:45:00.000,509.95,510.17,509.721,509.8185,497346,6132,512.37
2024-04-12T14:50:00.000,509.83,510.38,509.81,510.17,545019,6100,512.35
2024-04-12T14:55:00.000,510.1699,510.29,509.56,509.625,822145,8450,512.31
2024-04-12T15:00:00.000,509.62,509.7968,509.22,509.685,881089,9916,512.27
2024-04-12T15:05:00.000,509.685,509.93,509.33,509.555,776045,8551,512.24
2024-04-12T15:10:00.000,509.56,509.78,509.31,509.32,659713,6942,512.21
2024-04-12T15:15:00.000,509.34,509.82,509.08,509.5993,990407,10149,512.16
2024-04-12T15:20:00.000,509.59,509.97,509.51,509.845,811233,8671,512.13
2024-04-12T15:25:00.000,509.855,510.08,509.46,509.505,803032,8319,512.1
2024-04-12T15:30:00.000,509.495,510.16,509.4,509.91,974627,10616,512.06
2024-04-12T15:35:00.000,509.91,509.925,509.26,509.29,1107680,11193,512.02
2024-04-12T15:40:00.000,509.3,510.52,509.3,510.49,1866045,14520,511.97
2024-04-12T15:45:00.000,510.49,510.87,510.32,510.72,1962195,17568,511.93
2024-04-12T15:50:00.000,510.73,510.9,509.881,510.2599,3139230,22909,511.86
2024-04-12T15:55:00.000,510.26,510.93,510.12,510.82,5333460,29932,511.78
2024-04-12T16:00:00.000,510.82,510.82,510.82,510.82,864,1,511.78
2024-04-13T09:30:00.000,0.0,0.0,0.0,0.0,0,0,0.0
2024-04-13T09:35:00.000,0.0,0.0,0.0,0.0,0,0,0.0
2024-04-13T09:40:00.000,0.0,0.0,0.0,0.0,0,0,0.0
2024-04-13T09:45:00.000,0.0,0.0,0.0,0.0,0,0,0.0
2024-04-13T09:50:00.000,0.0,0.0,0.0,0.0,0,0,0.0
2024-04-13T09:55:00.000,0.0,0.0,0.0,0.0,0,0,0.0
2024-04-13T10:00:00.000,0.0,0.0,0.0,0.0,0,0,0.0
2024-04-13T10:05:00.000,0.0,0.0,0.0,0.0,0,0,0.0
2024-04-13T10:10:00.000,0.0,0.0,0.0,0.0,0,0,0.0
2024-04-13T10:15:00.000,0.0,0.0,0.0,0.0,0,0,0.0
2024-04-13T10:20:00.000,0.0,0.0,0.0,0.0,0,0,0.0
2024-04-13T10:25:00.000,0.0,0.0,0.0,0.0,0,0,0.0
2024-04-13T10:30:00.000,0.0,0.0,0.0,0.0,0,0,0.0
2024-04-13T10:35:00.000,0.0,0.0,0.0,0.0,0,0,0.0
2024-04-13T10:40:00.000,0.0,0.0,0.0,0.0,0,0,0.0
2024-04-13T10:45:00.000,0.0,0.0,0.0,0.0,0,0,0.0
2024-04-13T10:50:00.000,0.0,0.0,0.0,0.0,0,0,0.0
2024-04-13T10:55:00.000,0.0,0.0,0.0,0.0,0,0,0.0
2024-04-13T11:00:00.000,0.0,0.0,0.0,0.0,0,0,0.0
2024-04-13T11:05:00.000,0.0,0.0,0.0,0.0,0,0,0.0
2024-04-13T11:10:00.000,0.0,0.0,0.0,0.0,0,0,0.0
2024-04-13T11:15:00.000,0.0,0.0,0.0,0.0,0,0,0.0
2024-04-13T11:20:00.000,0.0,0.0,0.0,0.0,0,0,0.0
2024-04-13T11:25:00.000,0.0,0.0,0.0,0.0,0,0,0.0
2024-04-13T11:30:00.000,0.0,0.0,0.0,0.0,0,0,0.0
2024-04-13T11:35:00.000,0.0,0.0,0.0,0.0,0,0,0.0
2024-04-13T11:40:00.000,0.0,0.0,0.0,0.0,0,0,0.0
2024-04-13T11:45:00.000,0.0,0.0,0.0,0.0,0,0,0.0
2024-04-13T11:50:00.000,0.0,0.0,0.0,0.0,0,0,0.0
2024-04-13T11:55:00.000,0.0,0.0,0.0,0.0,0,0,0.0
2024-04-13T12:00:00.000,0.0,0.0,0.0,0.0,0,0,0.0
2024-04-13T12:05:00.000,0.0,0.0,0.0,0.0,0,0,0.0
2024-04-13T12:10:00.000,0.0,0.0,0.0,0.0,0,0,0.0
2024-04-13T12:15:00.000,0.0,0.0,0.0,0.0,0,0,0.0
2024-04-13T12:20:00.000,0.0,0.0,0.0,0.0,0,0,0.0
2024-04-13T12:25:00.000,0.0,0.0,0.0,0.0,0,0,0.0
2024-04-13T12:30:00.000,0.0,0.0,0.0,0.0,0,0,0.0
2024-04-13T12:35:00.000,0.0,0.0,0.0,0.0,0,0,0.0
2024-04-13T12:40:00.000,0.0,0.0,0.0,0.0,0,0,0.0
2024-04-13T12:45:00.000,0.0,0.0,0.0,0.0,0,0,0.0
2024-04-13T12:50:00.000,0.0,0.0,0.0,0.0,0,0,0.0
2024-04-13T12:55:00.000,0.0,0.0,0.0,0.0,0,0,0.0
2024-04-13T13:00:00.000,0.0,0.0,0.0,0.0,0,0,0.0
2024-04-13T13:05:00.000,0.0,0.0,0.0,0.0,0,0,0.0
2024-04-13T13:10:00.000,0.0,0.0,0.0,0.0,0,0,0.0
2024-04-13T13:15:00.000,0.0,0.0,0.0,0.0,0,0,0.0
2024-04-13T13:20:00.000,0.0,0.0,0.0,0.0,0,0,0.0
2024-04-13T13:25:00.000,0.0,0.0,0.0,0.0,0,0,0.0
2024-04-13T13:30:00.000,0.0,0.0,0.0,0.0,0,0,0.0
2024-04-13T13:35:00.000,0.0,0.0,0.0,0.0,0,0,0.0
2024-04-13T13:40:00.000,0.0,0.0,0.0,0.0,0,0,0.0
2024-04-13T13:45:00.000,0.0,0.0,0.0,0.0,0,0,0.0
2024-04-13T13:50:00.000,0.0,0.0,0.0,0.0,0,0,0.0
2024-04-13T13:55:00.000,0.0,0.0,0.0,0.0,0,0,0.0
2024-04-13T14:00:00.000,0.0,0.0,0.0,0.0,0,0,0.0
2024-04-13T14:05:00.000,0.0,0.0,0.0,0.0,0,0,0.0
2024-04-13T14:10:00.000,0.0,0.0,0.0,0.0,0,0,0.0
2024-04-13T14:15:00.000,0.0,0.0,0.0,0.0,0,0,0.0
2024-04-13T14:20:00.000,0.0,0.0,0.0,0.0,0,0,0.0
2024-04-13T14:25:00.000,0.0,0.0,0.0,0.0,0,0,0.0
2024-04-13T14:30:00.000,0.0,0.0,0.0,0.0,0,0,0.0
2024-04-13T14:35:00.000,0.0,0.0,0.0,0.0,0,0,0.0
2024-04-13T14:40:00.000,0.0,0.0,0.0,0.0,0,0,0.0
2024-04-13T14:45:00.000,0.0,0.0,0.0,0.0,0,0,0.0
2024-04-13T14:50:00.000,0.0,0.0,0.0,0.0,0,0,0.0
2024-04-13T14:55:00.000,0.0,0.0,0.0,0.0,0,0,0.0
2024-04-13T15:00:00.000,0.0,0.0,0.0,0.0,0,0,0.0
2024-04-13T15:05:00.000,0.0,0.0,0.0,0.0,0,0,0.0
2024-04-13T15:10:00.000,0.0,0.0,0.0,0.0,0,0,0.0
2024-04-13T15:15:00.000,0.0,0.0,0.0,0.0,0,0,0.0
2024-04-13T15:20:00.000,0.0,0.0,0.0,0.0,0,0,0.0
2024-04-13T15:25:00.000,0.0,0.0,0.0,0.0,0,0,0.0
2024-04-13T15:30:00.000,0.0,0.0,0.0,0.0,0,0,0.0
2024-04-13T15:35:00.000,0.0,0.0,0.0,0.0,0,0,0.0
2024-04-13T15:40:00.000,0.0,0.0,0.0,0.0,0,0,0.0
2024-04-13T15:45:00.000,0.0,0.0,0.0,0.0,0,0,0.0
2024-04-13T15:50:00.000,0.0,0.0,0.0,0.0,0,0,0.0
2024-04-13T15:55:00.000,0.0,0.0,0.0,0.0,0,0,0.0
2024-04-13T16:00:00.000,0.0,0.0,0.0,0.0,0,0,0.0
2024-04-14T09:30:00.000,0.0,0.0,0.0,0.0,0,0,0.0
2024-04-14T09:35:00.000,0.0,0.0,0.0,0.0,0,0,0.0
2024-04-14T09:40:00.000,0.0,0.0,0.0,0.0,0,0,0.0
2024-04-14T09:45:00.000,0.0,0.0,0.0,0.0,0,0,0.0
2024-04-14T09:50:00.000,0.0,0.0,0.0,0.0,0,0,0.0
2024-04-14T09:55:00.000,0.0,0.0,0.0,0.0,0,0,0.0
2024-04-14T10:00:00.000,0.0,0.0,0.0,0.0,0,0,0.0
2024-04-14T10:05:00.000,0.0,0.0,0.0,0.0,0,0,0.0
2024-04-14T10:10:00.000,0.0,0.0,0.0,0.0,0,0,0.0
2024-04-14T10:15:00.000,0.0,0.0,0.0,0.0,0,0,0.0
2024-04-14T10:20:00.000,0.0,0.0,0.0,0.0,0,0,0.0
2024-04-14T10:25:00.000,0.0,0.0,0.0,0.0,0,0,0.0
2024-04-14T10:30:00.000,0.0,0.0,0.0,0.0,0,0,0.0
2024-04-14T10:35:00.000,0.0,0.0,0.0,0.0,0,0,0.0
2024-04-14T10:40:00.000,0.0,0.0,0.0,0.0,0,0,0.0
2024-04-14T10:45:00.000,0.0,0.0,0.0,0.0,0,0,0.0
2024-04-14T10:50:00.000,0.0,0.0,0.0,0.0,0,0,0.0
2024-04-14T10:55:00.000,0.0,0.0,0.0,0.0,0,0,0.0
2024-04-14T11:00:00.000,0.0,0.0,0.0,0.0,0,0,0.0
2024-04-14T11:05:00.000,0.0,0.0,0.0,0.0,0,0,0.0
2024-04-14T11:10:00.000,0.0,0.0,0.0,0.0,0,0,0.0
2024-04-14T11:15:00.000,0.0,0.0,0.0,0.0,0,0,0.0
2024-04-14T11:20:00.000,0.0,0.0,0.0,0.0,0,0,0.0
2024-04-14T11:25:00.000,0.0,0.0,0.0,0.0,0,0,0.0
2024-04-14T11:30:00.000,0.0,0.0,0.0,0.0,0,0,0.0
2024-04-14T11:35:00.000,0.0,0.0,0.0,0.0,0,0,0.0
2024-04-14T11:40:00.000,0.0,0.0,0.0,0.0,0,0,0.0
2024-04-14T11:45:00.000,0.0,0.0,0.0,0.0,0,0,0.0
2024-04-14T11:50:00.000,0.0,0.0,0.0,0.0,0,0,0.0
2024-04-14T11:55:00.000,0.0,0.0,0.0,0.0,0,0,0.0
2024-04-14T12:00:00.000,0.0,0.0,0.0,0.0,0,0,0.0
2024-04-14T12:05:00.000,0.0,0.0,0.0,0.0,0,0,0.0
2024-04-14T12:10:00.000,0.0,0.0,0.0,0.0,0,0,0.0
2024-04-14T12:15:00.000,0.0,0.0,0.0,0.0,0,0,0.0
2024-04-14T12:20:00.000,0.0,0.0,0.0,0.0,0,0,0.0
2024-04-14T12:25:00.000,0.0,0.0,0.0,0.0,0,0,0.0
2024-04-14T12:30:00.000,0.0,0.0,0.0,0.0,0,0,0.0
2024-04-14T12:35:00.000,0.0,0.0,0.0,0.0,0,0,0.0
2024-04-14T12:40:00.000,0.0,0.0,0.0,0.0,0,0,0.0
2024-04-14T12:45:00.000,0.0,0.0,0.0,0.0,0,0,0.0
2024-04-14T12:50:00.000,0.0,0.0,0.0,0.0,0,0,0.0
2024-04-14T12:55:00.000,0.0,0.0,0.0,0.0,0,0,0.0
2024-04-14T13:00:00.000,0.0,0.0,0.0,0.0,0,0,0.0
2024-04-14T13:05:00.000,0.0,0.0,0.0,0.0,0,0,0.0
2024-04-14T13:10:00.000,0.0,0.0,0.0,0.0,0,0,0.0
2024-04-14T13:15:00.000,0.0,0.0,0.0,0.0,0,0,0.0
2024-04-14T13:20:00.000,0.0,0.0,0.0,0.0,0,0,0.0
2024-04-14T13:25:00.000,0.0,0.0,0.0,0.0,0,0,0.0
2024-04-14T13:30:00.000,0.0,0.0,0.0,0.0,0,0,0.0
2024-04-14T13:35:00.000,0.0,0.0,0.0,0.0,0,0,0.0
2024-04-14T13:40:00.000,0.0,0.0,0.0,0.0,0,0,0.0
2024-04-14T13:45:00.000,0.0,0.0,0.0,0.0,0,0,0.0
2024-04-14T13:50:00.000,0.0,0.0,0.0,0.0,0,0,0.0
2024-04-14T13:55:00.000,0.0,0.0,0.0,0.0,0,0,0.0
2024-04-14T14:00:00.000,0.0,0.0,0.0,0.0,0,0,0.0
2024-04-14T14:05:00.000,0.0,0.0,0.0,0.0,0,0,0.0
2024-04-14T14:10:00.000,0.0,0.0,0.0,0.0,0,0,0.0
2024-04-14T14:15:00.000,0.0,0.0,0.0,0.0,0,0,0.0
2024-04-14T14:20:00.000,0.0,0.0,0.0,0.0,0,0,0.0
2024-04-14T14:25:00.000,0.0,0.0,0.0,0.0,0,0,0.0
2024-04-14T14:30:00.000,0.0,0.0,0.0,0.0,0,0,0.0
2024-04-14T14:35:00.000,0.0,0.0,0.0,0.0,0,0,0.0
2024-04-14T14:40:00.000,0.0,0.0,0.0,0.0,0,0,0.0
2024-04-14T14:45:00.000,0.0,0.0,0.0,0.0,0,0,0.0
2024-04-14T14:50:00.000,0.0,0.0,0.0,0.0,0,0,0.0
2024-04-14T14:55:00.000,0.0,0.0,0.0,0.0,0,0,0.0
2024-04-14T15:00:00.000,0.0,0.0,0.0,0.0,0,0,0.0
2024-04-14T15:05:00.000,0.0,0.0,0.0,0.0,0,0,0.0
2024-04-14T15:10:00.000,0.0,0.0,0.0,0.0,0,0,0.0
2024-04-14T15:15:00.000,0.0,0.0,0.0,0.0,0,0,0.0
2024-04-14T15:20:00.000,0.0,0.0,0.0,0.0,0,0,0.0
2024-04-14T15:25:00.000,0.0,0.0,0.0,0.0,0,0,0.0
2024-04-14T15:30:00.000,0.0,0.0,0.0,0.0,0,0,0.0
2024-04-14T15:35:00.000,0.0,0.0,0.0,0.0,0,0,0.0
2024-04-14T15:40:00.000,0.0,0.0,0.0,0.0,0,0,0.0
2024-04-14T15:45:00.000,0.0,0.0,0.0,0.0,0,0,0.0
2024-04-14T15:50:00.000,0.0,0.0,0.0,0.0,0,0,0.0
2024-04-14T15:55:00.000,0.0,0.0,0.0,0.0,0,0,0.0
2024-04-14T16:00:00.000,0.0,0.0,0.0,0.0,0,0,0.0
2024-04-15T09:30:00.000,515.13,515.3,514.34,514.4,2922615,31065,514.82
2024-04-15T09:35:00.000,514.38,514.77,514.19,514.7,1155991,11587,514.72
2024-04-15T09:40:00.000,514.7,515.27,514.7,515.045,919873,10054,514.78
2024-04-15T09:45:00.000,515.06,515.215,514.29,514.69,1284213,13281,514.77
2024-04-15T09:50:00.000,514.7,515.04,514.68,514.96,746407,7860,514.78
2024-04-15T09:55:00.000,514.97,515.04,514.54,514.89,795893,8439,514.78
2024-04-15T10:00:00.000,514.9,515.01,514.44,514.57,872648,10280,514.78
2024-04-15T10:05:00.000,514.58,514.635,513.07,513.07,1409666,12500,514.67
2024-04-15T10:10:00.000,513.06,513.17,511.94,512.5,1753161,17648,514.35
2024-04-15T10:15:00.000,512.51,513.45,512.47,513.12,915983,16863,514.26
2024-04-15T10:20:00.000,513.12,513.1799,512.2803,512.67,847350,16015,514.16
2024-04-15T10:25:00.000,512.67,512.7976,512.21,512.57,836820,16140,514.07
2024-04-15T10:30:00.000,512.58,513.01,512.26,512.26,825563,11221,513.99
2024-04-15T10:35:00.000,512.24,512.68,511.48,511.72,1262237,11940,513.87
2024-04-15T10:40:00.000,511.73,512.265,511.595,512.09,1096181,12083,513.75
2024-04-15T10:45:00.000,512.08,512.34,511.52,512.235,1002976,10566,513.65
2024-04-15T10:50:00.000,512.25,512.2799,511.34,511.41,705960,7752,513.59
2024-04-15T10:55:00.000,511.42,511.77,511.07,511.1001,561719,6701,513.53
2024-04-15T11:00:00.000,511.11,511.47,510.86,511.345,1158236,10174,513.41
2024-04-15T11:05:00.000,511.33,511.46,511.04,511.0776,489127,5642,513.36
2024-04-15T11:10:00.000,511.08,511.55,511.06,511.27,690877,6631,513.3
2024-04-15T11:15:00.000,511.26,511.34,510.97,511.22,670490,6685,513.24
2024-04-15T11:20:00.000,511.21,511.2304,510.81,511.05,782880,8569,513.16
2024-04-15T11:25:00.000,511.04,511.63,510.96,511.5801,633523,6426,513.11
2024-04-15T11:30:00.000,511.6,512.19,511.54,512.11,732053,7267,513.07
2024-04-15T11:35:00.000,512.12,512.33,511.79,511.995,1092783,8765,513.04
2024-04-15T11:40:00.000,511.995,512.2895,511.63,511.72,487876,5288,513.02
2024-04-15T11:45:00.000,511.74,512.11,511.655,511.73,433134,5126,513.0
2024-04-15T11:50:00.000,511.72,512.58,511.6603,512.5515,471095,5662,512.99
2024-04-15T11:55:00.000,512.56,512.6,512.24,512.315,429799,4768,512.98
2024-04-15T12:00:00.000,512.32,512.62,512.165,512.5969,370058,4108,512.97
2024-04-15T12:05:00.000,512.59,512.59,512.2303,512.53,281586,3503,512.97
2024-04-15T12:10:00.000,512.515,512.61,512.24,512.4,693332,3239,512.96
2024-04-15T12:15:00.000,512.39,512.485,511.64,511.675,478974,5237,512.94
2024-04-15T12:20:00.000,511.68,511.9,510.6,510.7,714674,7430,512.9
2024-04-15T12:25:00.000,510.69,510.8439,510.365,510.6,621161,6709,512.85
2024-04-15T12:30:00.000,510.61,510.62,509.994,510.21,696241,8480,512.8
2024-04-15T12:35:00.000,510.205,510.325,509.66,509.88,710114,7920,512.73
2024-04-15T12:40:00.000,509.89,510.24,509.51,509.7005,744571,7140,512.66
2024-04-15T12:45:00.000,509.675,510.03,509.51,509.78,811320,7695,512.59
2024-04-15T12:50:00.000,509.77,510.06,509.67,509.93,663170,6575,512.53
2024-04-15T12:55:00.000,509.93,510.19,509.72,510.075,492020,4439,512.5
2024-04-15T13:00:00.000,510.06,510.195,509.59,509.99,477478,5053,512.46
2024-04-15T13:05:00.000,509.97,510.56,509.93,510.4104,518468,5391,512.43
2024-04-15T13:10:00.000,510.42,510.43,509.625,509.7,617922,6070,512.38
2024-04-15T13:15:00.000,509.69,509.72,508.59,508.64,990407,11282,512.3
2024-04-15T13:20:00.000,508.63,508.69,507.8,507.9,1371397,13903,512.15
2024-04-15T13:25:00.000,507.89,508.05,506.55,506.57,1392670,14270,511.97
2024-04-15T13:30:00.000,506.58,506.61,505.56,506.17,2445856,24155,511.62
2024-04-15T13:35:00.000,506.18,506.85,505.79,505.83,1215587,12647,511.47
2024-04-15T13:40:00.000,505.85,506.645,505.525,505.88,1618017,15107,511.27
2024-04-15T13:45:00.000,505.87,506.25,505.32,505.4897,1289938,11503,511.14
2024-04-15T13:50:00.000,505.5,506.05,505.01,505.87,1272137,13443,510.98
2024-04-15T13:55:00.000,505.86,506.61,505.69,506.365,914176,10138,510.89
2024-04-15T14:00:00.000,506.3706,506.44,505.56,505.95,853061,8723,510.8
2024-04-15T14:05:00.000,505.94,506.23,505.41,505.5903,932591,8041,510.72
2024-04-15T14:10:00.000,505.59,505.625,504.79,505.13,1390883,13604,510.57
2024-04-15T14:15:00.000,505.12,505.44,504.81,505.35,1336754,13554,510.43
2024-04-15T14:20:00.000,505.34,505.59,504.73,504.8725,948875,9282,510.33
2024-04-15T14:25:00.000,504.875,505.61,504.86,505.11,936095,7712,510.26
2024-04-15T14:30:00.000,505.1,506.05,504.94,505.95,929662,9591,510.18
2024-04-15T14:35:00.000,505.95,506.49,505.59,505.7299,1109775,9639,510.1
2024-04-15T14:40:00.000,505.715,506.12,505.42,505.5,629140,6669,510.06
2024-04-15T14:45:00.000,505.53,505.6,504.915,504.97,510025,6137,510.01
2024-04-15T14:50:00.000,504.99,505.07,504.425,504.51,915550,8619,509.94
2024-04-15T14:55:00.000,504.5,505.46,504.4725,505.14,1119894,8801,509.84
2024-04-15T15:00:00.000,505.11,505.27,504.43,504.46,1173204,9015,509.77
2024-04-15T15:05:00.000,504.45,504.78,504.245,504.76,816792,9374,509.7
2024-04-15T15:10:00.000,504.78,504.94,504.41,504.47,1005450,10709,509.62
2024-04-15T15:15:00.000,504.48,504.71,503.58,503.67,1213851,13179,509.52
2024-04-15T15:20:00.000,503.67,504.9,503.67,504.6201,1103797,12430,509.43
2024-04-15T15:25:00.000,504.63,504.85,504.18,504.2599,1025624,7783,509.38
2024-04-15T15:30:00.000,504.26,505.2686,504.25,504.83,1077264,11358,509.3
2024-04-15T15:35:00.000,504.84,505.09,504.5,504.965,1149093,13114,509.23
2024-04-15T15:40:00.000,504.9599,505.02,504.28,504.36,1452408,15733,509.13
2024-04-15T15:45:00.000,504.38,505.26,504.23,505.15,2480329,19243,509.02
2024-04-15T15:50:00.000,505.14,505.16,504.63,504.925,2345055,21434,508.89
2024-04-15T15:55:00.000,504.925,505.19,504.45,504.5,4350109,30905,508.64
2024-04-15T16:00:00.000,504.5,504.5,504.5,504.5,620,1,508.64
2024-04-16T09:30:00.000,504.94,505.2,504.56,505.08,2058298,19916,504.88
2024-04-16T09:35:00.000,505.08,505.09,503.64,504.09,1270818,14022,504.65
2024-04-16T09:40:00.000,504.1,504.155,503.5,503.89,1020869,10848,504.47
2024-04-16T09:45:00.000,503.89,504.1,502.95,503.41,1121942,12283,504.25
2024-04-16T09:50:00.000,503.42,504.02,503.4,503.96,1014760,10894,504.18
2024-04-16T09:55:00.000,503.96,504.95,503.78,504.44,1175804,11270,504.23
2024-04-16T10:00:00.000,504.42,504.48,503.9287,504.3301,704147,7582,504.23
2024-04-16T10:05:00.000,504.34,504.72,503.74,504.58,806574,8997,504.23
2024-04-16T10:10:00.000,504.57,504.97,504.26,504.91,617931,13931,504.25
2024-04-16T10:15:00.000,504.9,505.28,504.4701,504.65,935062,16072,504.31
2024-04-16T10:20:00.000,504.66,504.93,503.91,504.0,647838,12304,504.31
2024-04-16T10:25:00.000,504.01,504.19,503.18,503.18,742429,8414,504.27
2024-04-16T10:30:00.000,503.17,503.57,502.86,503.09,908254,10065,504.19
2024-04-16T10:35:00.000,503.0801,503.33,502.42,502.86,822771,9075,504.11
2024-04-16T10:40:00.000,502.85,503.37,502.76,503.25,674508,7379,504.06
2024-04-16T10:45:00.000,503.23,503.77,503.16,503.4,843284,7702,504.03
2024-04-16T10:50:00.000,503.41,503.475,502.83,503.19,638432,7379,503.99
2024-04-16T10:55:00.000,503.18,503.4,502.95,503.1015,722429,7689,503.95
2024-04-16T11:00:00.000,503.1,503.7,502.875,503.455,687189,7787,503.93
2024-04-16T11:05:00.000,503.46,503.85,503.35,503.72,579337,6705,503.92
2024-04-16T11:10:00.000,503.7187,503.93,503.39,503.545,575327,6134,503.91
2024-04-16T11:15:00.000,503.53,504.11,503.44,503.54,513877,5956,503.91
2024-04-16T11:20:00.000,503.52,504.23,503.42,504.1293,455131,5326,503.9
2024-04-16T11:25:00.000,504.12,504.34,504.02,504.1821,477025,5555,503.91
2024-04-16T11:30:00.000,504.185,504.21,503.63,504.11,484582,5688,503.91
2024-04-16T11:35:00.000,504.12,504.1903,503.8,503.82,352795,4430,503.91
2024-04-16T11:40:00.000,503.81,504.45,503.81,504.365,437670,4883,503.92
2024-04-16T11:45:00.000,504.3698,504.64,503.97,504.33,568717,6065,503.93
2024-04-16T11:50:00.000,504.33,505.3151,504.33,505.3,963772,7406,503.96
2024-04-16T11:55:00.000,505.29,505.36,504.18,504.245,765585,7479,503.99
2024-04-16T12:00:00.000,504.24,504.26,503.5,503.8,905056,8862,503.98
2024-04-16T12:05:00.000,503.79,504.6,503.64,504.52,543676,6464,503.98
2024-04-16T12:10:00.000,504.52,504.685,504.22,504.6396,422452,4600,503.99
2024-04-16T12:15:00.000,504.63,504.7999,504.51,504.665,359673,3805,504.0
2024-04-16T12:20:00.000,504.66,504.82,504.44,504.63,298504,3557,504.01
2024-04-16T12:25:00.000,504.61,505.0,504.38,504.4901,366950,3858,504.02
2024-04-16T12:30:00.000,504.49,504.88,504.4188,504.45,386239,4102,504.03
2024-04-16T12:35:00.000,504.44,504.6,504.25,504.42,397089,4230,504.03
2024-04-16T12:40:00.000,504.45,504.805,504.15,504.25,354539,3878,504.04
2024-04-16T12:45:00.000,504.25,504.9199,504.19,504.9099,326377,3833,504.04
2024-04-16T12:50:00.000,504.8501,505.1,504.52,504.56,368180,3711,504.05
2024-04-16T12:55:00.000,504.59,504.7023,504.2101,504.5187,315722,3482,504.06
2024-04-16T13:00:00.000,504.55,504.65,503.79,503.93,390302,4561,504.06
2024-04-16T13:05:00.000,503.95,504.74,503.74,504.6,452628,4848,504.06
2024-04-16T13:10:00.000,504.58,504.81,504.12,504.64,442063,4331,504.07
2024-04-16T13:15:00.000,504.61,504.9,504.33,504.707,445725,4147,504.08
2024-04-16T13:20:00.000,504.71,504.95,504.48,504.92,403401,4229,504.09
2024-04-16T13:25:00.000,504.92,505.05,504.12,504.33,583526,5873,504.1
2024-04-16T13:30:00.000,504.34,504.49,502.21,503.4701,2433238,22302,504.02
2024-04-16T13:35:00.000,503.5,504.62,503.42,504.01,1415574,13837,504.02
2024-04-16T13:40:00.000,504.02,504.855,503.96,504.09,980827,8303,504.03
2024-04-16T13:45:00.000,504.12,504.59,503.35,503.38,669529,7255,504.03
2024-04-16T13:50:00.000,503.41,504.09,502.62,503.72,1251542,12938,504.0
2024-04-16T13:55:00.000,503.72,504.13,503.48,503.9699,474468,5314,504.0
2024-04-16T14:00:00.000,503.96,504.3,503.41,504.23,627267,6278,504.0
2024-04-16T14:05:00.000,504.23,506.36,504.15,506.295,1781906,17061,504.06
2024-04-16T14:10:00.000,506.29,506.5,504.69,504.7434,1148414,10646,504.1
2024-04-16T14:15:00.000,504.75,504.88,503.525,503.6551,1394355,12360,504.11
2024-04-16T14:20:00.000,503.65,503.88,502.6,503.09,1299438,11735,504.08
2024-04-16T14:25:00.000,503.11,504.02,502.69,503.04,989652,9742,504.06
2024-04-16T14:30:00.000,503.04,504.27,502.99,504.17,857334,8741,504.05
2024-04-16T14:35:00.000,504.19,504.39,503.61,504.1299,646815,6058,504.05
2024-04-16T14:40:00.000,504.12,504.55,503.89,504.3404,540031,5695,504.05
2024-04-16T14:45:00.000,504.31,504.68,503.92,504.27,410031,4491,504.05
2024-04-16T14:50:00.000,504.29,505.54,504.27,505.34,837205,7774,504.07
2024-04-16T14:55:00.000,505.345,505.81,505.08,505.8,851165,6106,504.09
2024-04-16T15:00:00.000,505.81,505.8598,505.06,505.23,826445,8922,504.11
2024-04-16T15:05:00.000,505.24,505.485,504.94,505.2499,674447,6981,504.12
2024-04-16T15:10:00.000,505.23,505.5,505.08,505.15,605890,7023,504.14
2024-04-16T15:15:00.000,505.15,505.35,504.7,505.35,643151,6929,504.15
2024-04-16T15:20:00.000,505.36,505.63,505.03,505.49,592749,6337,504.16
2024-04-16T15:25:00.000,505.49,505.8,505.355,505.62,517519,6252,504.17
2024-04-16T15:30:00.000,505.63,505.63,503.83,503.855,1241761,13157,504.18
2024-04-16T15:35:00.000,503.86,504.73,503.575,504.48,1564709,16363,504.19
2024-04-16T15:40:00.000,504.48,504.57,504.0,504.43,1257983,11934,504.19
2024-04-16T15:45:00.000,504.425,504.84,504.175,504.66,1021263,11036,504.19
2024-04-16T15:50:00.000,504.65,504.89,504.39,504.62,1511480,14567,504.21
2024-04-16T15:55:00.000,504.62,504.78,503.295,503.49,4490175,28351,504.17
2024-04-16T16:00:00.000,0.0,0.0,0.0,0.0,86,1,504.17
2024-04-17T09:30:00.000,506.05,506.12,505.4501,505.555,1995917,18878,505.78
2024-04-17T09:35:00.000,505.56,505.92,505.23,505.69,910583,9734,505.73
2024-04-17T09:40:00.000,505.7,506.08,505.24,505.955,1013510,9719,505.71
2024-04-17T09:45:00.000,505.96,506.22,505.41,505.44,843075,8457,505.75
2024-04-17T09:50:00.000,505.44,505.678,505.03,505.3299,965585,9822,505.67
2024-04-17T09:55:00.000,505.34,505.62,505.0,505.29,774797,8010,505.63
2024-04-17T10:00:00.000,505.295,505.355,504.14,504.3395,1032471,11630,505.5
2024-04-17T10:05:00.000,504.34,504.925,504.31,504.74,580266,7083,505.44
2024-04-17T10:10:00.000,504.73,504.81,503.8,504.075,1133583,17291,505.3
2024-04-17T10:15:00.000,504.07,504.27,503.745,504.0001,674627,15200,505.21
2024-04-17T10:20:00.000,504.02,504.12,503.45,504.02,722292,14130,505.11
2024-04-17T10:25:00.000,504.03,504.68,504.0199,504.38,760889,7965,505.06
2024-04-17T10:30:00.000,504.36,504.51,503.96,504.01,474586,6163,505.02
2024-04-17T10:35:00.000,503.99,504.21,503.56,503.835,447681,5684,504.98
2024-04-17T10:40:00.000,503.85,504.02,503.585,503.82,488122,5434,504.93
2024-04-17T10:45:00.000,503.82,504.37,503.63,504.23,460329,4634,504.9
2024-04-17T10:50:00.000,504.2,504.21,502.19,502.47,1121831,12144,504.74
2024-04-17T10:55:00.000,502.5,503.035,502.49,502.9,859092,8595,504.63
2024-04-17T11:00:00.000,502.91,504.01,502.85,503.97,862728,8696,504.56
2024-04-17T11:05:00.000,503.93,503.93,502.89,503.19,675396,6688,504.51
2024-04-17T11:10:00.000,503.21,503.34,502.74,502.87,390097,4936,504.48
2024-04-17T11:15:00.000,502.89,503.1698,502.48,502.48,472020,5310,504.44
2024-04-17T11:20:00.000,502.48,502.93,502.33,502.6699,673834,6975,504.37
2024-04-17T11:25:00.000,502.67,502.99,502.09,502.1,671377,6581,504.3
2024-04-17T11:30:00.000,502.1,502.18,501.01,501.21,1486137,15297,504.1
2024-04-17T11:35:00.000,501.18,501.6,501.13,501.42,708998,8326,504.01
2024-04-17T11:40:00.000,501.39,502.09,501.39,501.89,700978,7154,503.93
2024-04-17T11:45:00.000,501.89,502.02,501.32,501.5,492827,5680,503.88
2024-04-17T11:50:00.000,501.5,501.95,501.45,501.84,491390,5295,503.83
2024-04-17T11:55:00.000,501.8492,502.02,501.63,501.73,506199,4843,503.79
2024-04-17T12:00:00.000,501.71,501.79,500.775,500.8399,927996,9503,503.7
2024-04-17T12:05:00.000,500.85,500.9113,500.17,500.3688,996279,10213,503.57
2024-04-17T12:10:00.000,500.395,501.28,500.395,501.015,1050654,10945,503.46
2024-04-17T12:15:00.000,501.02,501.095,500.56,500.65,833315,7924,503.38
2024-04-17T12:20:00.000,500.66,501.1,500.3,500.4191,686358,7324,503.31
2024-04-17T12:25:00.000,500.42,500.95,500.28,500.48,681179,7305,503.24
2024-04-17T12:30:00.000,500.48,500.57,500.05,500.33,968504,6915,503.18
2024-04-17T12:35:00.000,500.34,500.39,500.03,500.19,777424,8602,503.1
2024-04-17T12:40:00.000,500.18,500.4438,499.37,499.41,1477941,15363,502.98
2024-04-17T12:45:00.000,499.42,500.13,499.12,500.07,1299970,13200,502.84
2024-04-17T12:50:00.000,500.07,500.27,499.8,500.2,788905,8366,502.78
2024-04-17T12:55:00.000,500.2,500.22,499.67,499.89,690578,6722,502.72
2024-04-17T13:00:00.000,499.91,500.55,499.69,500.44,1128479,9413,502.63
2024-04-17T13:05:00.000,500.43,500.98,500.22,500.87,936102,9408,502.58
2024-04-17T13:10:00.000,500.87,501.065,500.65,500.89,804154,5783,502.56
2024-04-17T13:15:00.000,500.9,501.59,500.9,501.33,1166272,8388,502.52
2024-04-17T13:20:00.000,501.325,501.71,501.15,501.26,563298,6231,502.51
2024-04-17T13:25:00.000,501.28,501.79,501.05,501.77,606432,6754,502.49
2024-04-17T13:30:00.000,501.8,501.98,501.46,501.585,506094,6144,502.48
2024-04-17T13:35:00.000,501.59,502.03,501.55,501.76,499157,5103,502.47
2024-04-17T13:40:00.000,501.765,501.99,501.2099,501.6699,756123,6977,502.45
2024-04-17T13:45:00.000,501.66,501.83,501.07,501.83,540514,5825,502.44
2024-04-17T13:50:00.000,501.845,502.3,501.42,502.12,732019,7905,502.43
2024-04-17T13:55:00.000,502.11,502.56,502.06,502.4,748142,7589,502.43
2024-04-17T14:00:00.000,502.41,502.54,501.99,502.47,468493,5544,502.43
2024-04-17T14:05:00.000,502.45,502.52,502.12,502.3,444107,5003,502.43
2024-04-17T14:10:00.000,502.35,502.35,501.77,501.88,693011,6558,502.42
2024-04-17T14:15:00.000,501.89,502.22,501.38,501.97,720699,6958,502.41
2024-04-17T14:20:00.000,501.955,501.99,501.54,501.83,500198,5118,502.4
2024-04-17T14:25:00.000,501.83,502.4,501.67,501.86,432259,5088,502.4
2024-04-17T14:30:00.000,501.87,502.1,501.73,501.86,389593,4363,502.39
2024-04-17T14:35:00.000,501.86,502.1712,501.44,502.02,442703,4879,502.39
2024-04-17T14:40:00.000,502.04,503.9,502.02,503.87,1290974,13052,502.41
2024-04-17T14:45:00.000,503.86,504.03,502.86,502.95,1046996,10257,502.43
2024-04-17T14:50:00.000,502.98,503.28,501.5,501.7,978642,9484,502.43
2024-04-17T14:55:00.000,501.71,501.945,501.3,501.59,1151803,8719,502.42
2024-04-17T15:00:00.000,501.59,501.59,500.89,500.93,795454,7728,502.4
2024-04-17T15:05:00.000,500.94,501.24,500.65,500.93,811202,8454,502.38
2024-04-17T15:10:00.000,500.9,501.13,500.36,500.57,1019944,8703,502.35
2024-04-17T15:15:00.000,500.56,501.55,500.52,501.22,1059057,10820,502.33
2024-04-17T15:20:00.000,501.23,501.475,500.82,501.02,1132127,7706,502.31
2024-04-17T15:25:00.000,501.01,501.27,500.58,500.7197,751253,7855,502.29
2024-04-17T15:30:00.000,500.71,501.39,500.68,501.18,1135914,9766,502.27
2024-04-17T15:35:00.000,501.15,501.21,500.47,500.715,754643,7546,502.26
2024-04-17T15:40:00.000,500.715,501.49,500.41,501.3,1343635,11043,502.23
2024-04-17T15:45:00.000,501.31,501.82,501.08,501.63,1315067,11227,502.22
2024-04-17T15:50:00.000,501.61,501.74,500.89,501.63,1614006,16561,502.2
2024-04-17T15:55:00.000,501.61,501.68,500.44,500.5,4188273,29102,502.11
2024-04-17T16:00:00.000,500.49,500.49,500.49,500.49,200,1,502.11
2024-04-18T09:30:00.000,501.98,502.08,501.09,501.095,1848562,18396,501.72
2024-04-18T09:35:00.000,501.1,501.1587,499.73,499.87,1685833,15274,501.07
2024-04-18T09:40:00.000,499.88,500.6,499.826,500.3491,1146321,10585,500.86
2024-04-18T09:45:00.000,500.36,501.22,500.24,501.145,1032172,10131,500.82
2024-04-18T09:50:00.000,501.15,501.37,500.57,500.68,854134,8632,500.84
2024-04-18T09:55:00.000,500.67,501.37,500.57,501.18,611815,6374,500.86
2024-04-18T10:00:00.000,501.17,501.32,500.35,500.59,994546,10000,500.86
2024-04-18T10:05:00.000,500.59,501.68,500.58,501.62,632182,8555,500.87
2024-04-18T10:10:00.000,501.6,501.76,501.225,501.71,706080,14733,500.92
2024-04-18T10:15:00.000,501.71,502.1342,501.58,501.9,823034,14726,501.0
2024-04-18T10:20:00.000,501.86,501.93,501.515,501.69,665968,11768,501.04
2024-04-18T10:25:00.000,501.675,502.24,501.65,502.04,630148,6730,501.09
2024-04-18T10:30:00.000,502.03,502.55,501.99,502.48,763264,7412,501.17
2024-04-18T10:35:00.000,502.48,503.12,502.37,502.51,985626,8986,501.29
2024-04-18T10:40:00.000,502.5,503.08,502.3914,503.0,687471,5923,501.35
2024-04-18T10:45:00.000,502.9801,503.35,502.73,503.13,753778,7611,501.44
2024-04-18T10:50:00.000,503.125,503.345,502.83,503.05,1195714,6519,501.51
2024-04-18T10:55:00.000,503.0713,503.82,503.07,503.39,853537,8442,501.62
2024-04-18T11:00:00.000,503.385,503.525,503.0701,503.11,613438,6223,501.68
2024-04-18T11:05:00.000,503.11,503.56,503.11,503.33,530264,5364,501.73
2024-04-18T11:10:00.000,503.34,503.745,503.32,503.66,696494,5410,501.79
2024-04-18T11:15:00.000,503.66,504.1,503.59,503.62,742743,6858,501.87
2024-04-18T11:20:00.000,503.63,504.13,503.57,504.01,540616,5559,501.93
2024-04-18T11:25:00.000,504.03,504.03,503.14,503.21,641254,6857,501.99
2024-04-18T11:30:00.000,503.21,503.39,502.97,503.196,553961,6004,502.02
2024-04-18T11:35:00.000,503.19,503.34,502.92,503.13,421257,4076,502.04
2024-04-18T11:40:00.000,503.11,503.11,502.73,503.055,496216,5207,502.06
2024-04-18T11:45:00.000,503.06,503.06,502.71,502.839,398196,4038,502.08
2024-04-18T11:50:00.000,502.83,503.04,502.63,502.84,634716,4242,502.09
2024-04-18T11:55:00.000,502.839,503.06,502.73,502.885,285521,3243,502.1
2024-04-18T12:00:00.000,502.88,503.34,502.795,502.8104,517858,5036,502.12
2024-04-18T12:05:00.000,502.81,502.86,502.26,502.46,584027,6371,502.13
2024-04-18T12:10:00.000,502.46,502.73,502.27,502.3,388460,4255,502.14
2024-04-18T12:15:00.000,502.28,502.6999,502.22,502.64,376414,4237,502.14
2024-04-18T12:20:00.000,502.59,502.725,502.39,502.4475,348714,3550,502.15
2024-04-18T12:25:00.000,502.44,502.78,502.31,502.6324,302657,3598,502.15
2024-04-18T12:30:00.000,502.62,502.63,501.52,501.65,633144,7249,502.15
2024-04-18T12:35:00.000,501.64,502.65,501.63,502.3203,851746,6372,502.15
2024-04-18T12:40:00.000,502.35,502.4,501.65,501.86,497350,5007,502.15
2024-04-18T12:45:00.000,501.87,501.92,500.97,501.29,674788,6818,502.13
2024-04-18T12:50:00.000,501.295,501.41,500.66,500.86,658887,6246,502.11
2024-04-18T12:55:00.000,500.84,501.2,500.62,500.79,804890,5240,502.08
2024-04-18T13:00:00.000,500.78,501.14,500.685,500.76,491824,5114,502.06
2024-04-18T13:05:00.000,500.75,500.8301,500.41,500.7934,914623,7298,502.03
2024-04-18T13:10:00.000,500.8,500.805,500.02,500.29,1338926,6720,501.99
2024-04-18T13:15:00.000,500.28,500.435,499.25,499.67,1372006,11396,501.9
2024-04-18T13:20:00.000,499.68,499.925,498.9,498.92,909574,9408,501.83
2024-04-18T13:25:00.000,498.93,500.34,498.8701,500.2691,1026136,10632,501.76
2024-04-18T13:30:00.000,500.27,500.32,499.59,499.75,624372,7559,501.73
2024-04-18T13:35:00.000,499.74,499.99,499.37,499.5399,602662,6500,501.69
2024-04-18T13:40:00.000,499.54,499.8399,498.94,499.69,902639,8071,501.64
2024-04-18T13:45:00.000,499.69,500.1,499.61,499.835,1079630,6492,501.61
2024-04-18T13:50:00.000,499.82,499.83,499.05,499.3132,785363,7817,501.56
2024-04-18T13:55:00.000,499.32,499.71,499.18,499.62,798055,6075,501.52
2024-04-18T14:00:00.000,499.61,499.63,499.18,499.31,614336,6041,501.49
2024-04-18T14:05:00.000,499.31,499.45,498.86,499.06,729211,7373,501.44
2024-04-18T14:10:00.000,499.0699,499.46,498.61,499.175,930773,9895,501.39
2024-04-18T14:15:00.000,499.17,500.01,499.14,499.81,776310,7686,501.35
2024-04-18T14:20:00.000,499.81,500.44,499.64,500.02,1284298,7693,501.33
2024-04-18T14:25:00.000,500.02,500.39,499.34,499.53,747149,7877,501.3
2024-04-18T14:30:00.000,499.55,499.595,498.56,498.66,771453,7968,501.26
2024-04-18T14:35:00.000,498.67,499.34,498.63,498.96,717348,7494,501.22
2024-04-18T14:40:00.000,498.97,499.64,498.9,499.5499,650323,6923,501.19
2024-04-18T14:45:00.000,499.54,499.68,499.19,499.59,798160,5922,501.17
2024-04-18T14:50:00.000,499.5706,499.58,499.0,499.19,734314,5374,501.15
2024-04-18T14:55:00.000,499.21,499.34,498.855,498.96,427711,5216,501.13
2024-04-18T15:00:00.000,498.96,499.99,498.96,499.68,699259,7706,501.11
2024-04-18T15:05:00.000,499.68,500.21,499.53,499.76,671032,7321,501.09
2024-04-18T15:10:00.000,499.77,500.32,499.47,499.63,846180,8577,501.07
2024-04-18T15:15:00.000,499.65,499.8,499.27,499.57,727147,7188,501.04
2024-04-18T15:20:00.000,499.57,500.1,499.29,499.79,960699,6763,501.02
2024-04-18T15:25:00.000,499.77,499.97,499.32,499.79,669473,7401,501.01
2024-04-18T15:30:00.000,499.8,500.2,499.78,500.18,922507,8089,500.99
2024-04-18T15:35:00.000,500.1863,500.35,499.72,499.74,1123660,8248,500.97
2024-04-18T15:40:00.000,499.75,500.33,499.67,500.2395,698365,7307,500.96
2024-04-18T15:45:00.000,500.21,500.355,500.0,500.27,802823,9072,500.95
2024-04-18T15:50:00.000,500.26,500.83,499.33,499.46,2718919,18024,500.92
2024-04-18T15:55:00.000,499.445,499.74,499.21,499.48,4003937,24814,500.82
2024-04-18T16:00:00.000,499.48,499.49,499.48,499.48,1121,7,500.82
2024-04-19T09:30:00.000,499.44,499.73,498.6899,499.33,1616536,15258,499.27
2024-04-19T09:35:00.000,499.33,499.465,498.7501,499.16,984846,9770,499.2
2024-04-19T09:40:00.000,499.155,500.12,498.91,500.01,1180201,11444,499.31
2024-04-19T09:45:00.000,500.019,500.455,499.52,499.55,1423002,11610,499.5
2024-04-19T09:50:00.000,499.52,499.95,498.78,499.84,903111,8421,499.47
2024-04-19T09:55:00.000,499.81,500.129,499.4888,499.64,508879,5600,499.5
2024-04-19T10:00:00.000,499.62,500.14,499.25,499.56,622495,6867,499.51
2024-04-19T10:05:00.000,499.54,499.9,499.39,499.5,616155,6163,499.52
2024-04-19T10:10:00.000,499.505,499.52,498.71,498.85,926568,15198,499.48
2024-04-19T10:15:00.000,498.86,499.04,498.24,498.3,1154200,19651,499.38
2024-04-19T10:20:00.000,498.27,498.79,497.86,497.9,1372577,19478,499.27
2024-04-19T10:25:00.000,497.91,498.49,497.6,498.46,1643215,14204,499.12
2024-04-19T10:30:00.000,498.45,499.4,498.17,498.425,1206037,11913,499.07
2024-04-19T10:35:00.000,498.42,498.44,497.58,497.73,739860,8231,499.01
2024-04-19T10:40:00.000,497.73,498.71,497.6612,498.66,954874,9554,498.95
2024-04-19T10:45:00.000,498.66,499.2,498.51,498.8,4284550,8313,498.95
2024-04-19T10:50:00.000,498.7949,499.27,498.55,499.03,734868,7817,498.95
2024-04-19T10:55:00.000,499.02,499.11,498.355,498.54,785710,7367,498.94
2024-04-19T11:00:00.000,498.53,498.535,497.88,498.045,844552,7626,498.91
2024-04-19T11:05:00.000,498.05,498.84,497.96,498.81,921828,6728,498.89
2024-04-19T11:10:00.000,498.82,498.9592,498.33,498.44,707877,7433,498.88
2024-04-19T11:15:00.000,498.505,498.61,497.87,497.92,919775,7804,498.85
2024-04-19T11:20:00.000,497.95,498.08,497.63,497.67,559758,5718,498.83
2024-04-19T11:25:00.000,497.68,497.95,497.53,497.87,941333,6942,498.79
2024-04-19T11:30:00.000,497.86,498.09,497.51,497.57,599628,6362,498.77
2024-04-19T11:35:00.000,497.58,498.0,497.25,497.98,979011,9949,498.72
2024-04-19T11:40:00.000,497.98,498.23,497.6,497.94,545046,6019,498.7
2024-04-19T11:45:00.000,497.93,498.33,497.8751,497.98,571146,5213,498.69
2024-04-19T11:50:00.000,497.99,498.2,497.55,497.5891,624041,6625,498.67
2024-04-19T11:55:00.000,497.59,497.71,496.98,497.11,644039,7820,498.64
2024-04-19T12:00:00.000,497.09,497.77,496.97,497.07,560301,6229,498.61
2024-04-19T12:05:00.000,497.08,497.155,496.52,496.8699,1222091,7834,498.56
2024-04-19T12:10:00.000,496.86,496.91,495.72,495.81,813549,9234,498.49
2024-04-19T12:15:00.000,495.8,496.04,495.52,495.54,1204650,11321,498.38
2024-04-19T12:20:00.000,495.54,495.93,495.44,495.515,805170,8001,498.3
2024-04-19T12:25:00.000,495.52,495.8299,495.19,495.1999,1084870,8502,498.23
2024-04-19T12:30:00.000,495.22,495.64,495.2,495.6269,791120,7213,498.16
2024-04-19T12:35:00.000,495.62,495.7,495.155,495.18,683284,7389,498.1
2024-04-19T12:40:00.000,495.19,496.09,495.08,496.0072,1318390,10224,498.02
2024-04-19T12:45:00.000,496.0,496.41,495.841,496.12,1002405,8115,497.98
2024-04-19T12:50:00.000,496.125,497.23,496.11,496.45,1234019,10027,497.95
2024-04-19T12:55:00.000,496.46,497.12,496.46,497.1,947873,6365,497.93
2024-04-19T13:00:00.000,497.09,497.5,496.88,497.21,1042127,6629,497.91
2024-04-19T13:05:00.000,497.23,497.4895,497.0,497.405,593983,5851,497.9
2024-04-19T13:10:00.000,497.35,497.56,497.0901,497.22,513911,5240,497.89
2024-04-19T13:15:00.000,497.2,497.74,496.83,497.59,838675,7822,497.88
2024-04-19T13:20:00.000,497.6,497.72,497.04,497.27,495204,4999,497.87
2024-04-19T13:25:00.000,497.27,497.41,496.45,496.5325,514380,5742,497.86
2024-04-19T13:30:00.000,496.55,497.18,496.51,496.97,567445,6433,497.85
2024-04-19T13:35:00.000,496.95,497.1,496.52,496.53,501854,5231,497.83
2024-04-19T13:40:00.000,496.58,497.09,496.58,496.82,480435,5050,497.82
2024-04-19T13:45:00.000,496.85,497.6199,496.84,497.5901,607405,6359,497.81
2024-04-19T13:50:00.000,497.59,498.42,497.55,498.265,876873,9192,497.82
2024-04-19T13:55:00.000,498.29,498.46,497.04,497.3,1224650,8578,497.81
2024-04-19T14:00:00.000,497.29,497.3399,496.11,496.31,935566,8932,497.79
2024-04-19T14:05:00.000,496.32,497.13,495.82,496.39,1051944,10706,497.75
2024-04-19T14:10:00.000,496.39,496.8,496.27,496.28,576259,5943,497.74
2024-04-19T14:15:00.000,496.27,496.6,495.8,496.49,821652,8462,497.71
2024-04-19T14:20:00.000,496.5,496.72,496.25,496.61,682350,7279,497.69
2024-04-19T14:25:00.000,496.6,496.62,495.46,495.47,845827,8464,497.66
2024-04-19T14:30:00.000,495.46,495.9725,495.43,495.73,851981,7591,497.63
2024-04-19T14:35:00.000,495.75,495.8398,494.79,494.88,1277288,11085,497.58
2024-04-19T14:40:00.000,494.87,494.89,494.34,494.3499,1193286,11441,497.51
2024-04-19T14:45:00.000,494.34,494.87,494.02,494.77,1847911,12784,497.43
2024-04-19T14:50:00.000,494.78,494.9804,494.26,494.52,911357,8800,497.38
2024-04-19T14:55:00.000,494.5,495.23,494.4113,494.9197,1527060,10373,497.32
2024-04-19T15:00:00.000,494.91,495.0201,494.4,494.66,1157938,8884,497.28
2024-04-19T15:05:00.000,494.65,495.22,494.0999,494.9799,1296606,10032,497.23
2024-04-19T15:10:00.000,494.98,495.72,494.75,495.41,904073,8928,497.2
2024-04-19T15:15:00.000,495.36,495.39,494.69,495.18,858739,8295,497.16
2024-04-19T15:20:00.000,495.16,495.35,494.8,494.81,619191,6407,497.14
2024-04-19T15:25:00.000,494.8101,495.53,494.6,495.08,759154,7313,497.12
2024-04-19T15:30:00.000,495.08,495.32,494.82,495.01,1060337,8084,497.09
2024-04-19T15:35:00.000,495.01,495.135,494.06,494.66,1610391,13644,497.03
2024-04-19T15:40:00.000,494.65,494.65,493.92,494.429,1838183,16929,496.95
2024-04-19T15:45:00.000,494.43,494.85,493.86,494.54,3016484,17779,496.87
2024-04-19T15:50:00.000,494.55,495.11,494.315,495.105,2896425,19715,496.8
2024-04-19T15:55:00.000,495.105,495.52,494.82,495.1,5484302,31576,496.68
2024-04-19T16:00:00.000,0.0,0.0,0.0,0.0,20,1,496.68
2024-04-20T09:30:00.000,0.0,0.0,0.0,0.0,0,0,0.0
2024-04-20T09:35:00.000,0.0,0.0,0.0,0.0,0,0,0.0
2024-04-20T09:40:00.000,0.0,0.0,0.0,0.0,0,0,0.0
2024-04-20T09:45:00.000,0.0,0.0,0.0,0.0,0,0,0.0
2024-04-20T09:50:00.000,0.0,0.0,0.0,0.0,0,0,0.0
2024-04-20T09:55:00.000,0.0,0.0,0.0,0.0,0,0,0.0
2024-04-20T10:00:00.000,0.0,0.0,0.0,0.0,0,0,0.0
2024-04-20T10:05:00.000,0.0,0.0,0.0,0.0,0,0,0.0
2024-04-20T10:10:00.000,0.0,0.0,0.0,0.0,0,0,0.0
2024-04-20T10:15:00.000,0.0,0.0,0.0,0.0,0,0,0.0
2024-04-20T10:20:00.000,0.0,0.0,0.0,0.0,0,0,0.0
2024-04-20T10:25:00.000,0.0,0.0,0.0,0.0,0,0,0.0
2024-04-20T10:30:00.000,0.0,0.0,0.0,0.0,0,0,0.0
2024-04-20T10:35:00.000,0.0,0.0,0.0,0.0,0,0,0.0
2024-04-20T10:40:00.000,0.0,0.0,0.0,0.0,0,0,0.0
2024-04-20T10:45:00.000,0.0,0.0,0.0,0.0,0,0,0.0
2024-04-20T10:50:00.000,0.0,0.0,0.0,0.0,0,0,0.0
2024-04-20T10:55:00.000,0.0,0.0,0.0,0.0,0,0,0.0
2024-04-20T11:00:00.000,0.0,0.0,0.0,0.0,0,0,0.0
2024-04-20T11:05:00.000,0.0,0.0,0.0,0.0,0,0,0.0
2024-04-20T11:10:00.000,0.0,0.0,0.0,0.0,0,0,0.0
2024-04-20T11:15:00.000,0.0,0.0,0.0,0.0,0,0,0.0
2024-04-20T11:20:00.000,0.0,0.0,0.0,0.0,0,0,0.0
2024-04-20T11:25:00.000,0.0,0.0,0.0,0.0,0,0,0.0
2024-04-20T11:30:00.000,0.0,0.0,0.0,0.0,0,0,0.0
2024-04-20T11:35:00.000,0.0,0.0,0.0,0.0,0,0,0.0
2024-04-20T11:40:00.000,0.0,0.0,0.0,0.0,0,0,0.0
2024-04-20T11:45:00.000,0.0,0.0,0.0,0.0,0,0,0.0
2024-04-20T11:50:00.000,0.0,0.0,0.0,0.0,0,0,0.0
2024-04-20T11:55:00.000,0.0,0.0,0.0,0.0,0,0,0.0
2024-04-20T12:00:00.000,0.0,0.0,0.0,0.0,0,0,0.0
2024-04-20T12:05:00.000,0.0,0.0,0.0,0.0,0,0,0.0
2024-04-20T12:10:00.000,0.0,0.0,0.0,0.0,0,0,0.0
2024-04-20T12:15:00.000,0.0,0.0,0.0,0.0,0,0,0.0
2024-04-20T12:20:00.000,0.0,0.0,0.0,0.0,0,0,0.0
2024-04-20T12:25:00.000,0.0,0.0,0.0,0.0,0,0,0.0
2024-04-20T12:30:00.000,0.0,0.0,0.0,0.0,0,0,0.0
2024-04-20T12:35:00.000,0.0,0.0,0.0,0.0,0,0,0.0
2024-04-20T12:40:00.000,0.0,0.0,0.0,0.0,0,0,0.0
2024-04-20T12:45:00.000,0.0,0.0,0.0,0.0,0,0,0.0
2024-04-20T12:50:00.000,0.0,0.0,0.0,0.0,0,0,0.0
2024-04-20T12:55:00.000,0.0,0.0,0.0,0.0,0,0,0.0
2024-04-20T13:00:00.000,0.0,0.0,0.0,0.0,0,0,0.0
2024-04-20T13:05:00.000,0.0,0.0,0.0,0.0,0,0,0.0
2024-04-20T13:10:00.000,0.0,0.0,0.0,0.0,0,0,0.0
2024-04-20T13:15:00.000,0.0,0.0,0.0,0.0,0,0,0.0
2024-04-20T13:20:00.000,0.0,0.0,0.0,0.0,0,0,0.0
2024-04-20T13:25:00.000,0.0,0.0,0.0,0.0,0,0,0.0
2024-04-20T13:30:00.000,0.0,0.0,0.0,0.0,0,0,0.0
2024-04-20T13:35:00.000,0.0,0.0,0.0,0.0,0,0,0.0
2024-04-20T13:40:00.000,0.0,0.0,0.0,0.0,0,0,0.0
2024-04-20T13:45:00.000,0.0,0.0,0.0,0.0,0,0,0.0
2024-04-20T13:50:00.000,0.0,0.0,0.0,0.0,0,0,0.0
2024-04-20T13:55:00.000,0.0,0.0,0.0,0.0,0,0,0.0
2024-04-20T14:00:00.000,0.0,0.0,0.0,0.0,0,0,0.0
2024-04-20T14:05:00.000,0.0,0.0,0.0,0.0,0,0,0.0
2024-04-20T14:10:00.000,0.0,0.0,0.0,0.0,0,0,0.0
2024-04-20T14:15:00.000,0.0,0.0,0.0,0.0,0,0,0.0
2024-04-20T14:20:00.000,0.0,0.0,0.0,0.0,0,0,0.0
2024-04-20T14:25:00.000,0.0,0.0,0.0,0.0,0,0,0.0
2024-04-20T14:30:00.000,0.0,0.0,0.0,0.0,0,0,0.0
2024-04-20T14:35:00.000,0.0,0.0,0.0,0.0,0,0,0.0
2024-04-20T14:40:00.000,0.0,0.0,0.0,0.0,0,0,0.0
2024-04-20T14:45:00.000,0.0,0.0,0.0,0.0,0,0,0.0
2024-04-20T14:50:00.000,0.0,0.0,0.0,0.0,0,0,0.0
2024-04-20T14:55:00.000,0.0,0.0,0.0,0.0,0,0,0.0
2024-04-20T15:00:00.000,0.0,0.0,0.0,0.0,0,0,0.0
2024-04-20T15:05:00.000,0.0,0.0,0.0,0.0,0,0,0.0
2024-04-20T15:10:00.000,0.0,0.0,0.0,0.0,0,0,0.0
2024-04-20T15:15:00.000,0.0,0.0,0.0,0.0,0,0,0.0
2024-04-20T15:20:00.000,0.0,0.0,0.0,0.0,0,0,0.0
2024-04-20T15:25:00.000,0.0,0.0,0.0,0.0,0,0,0.0
2024-04-20T15:30:00.000,0.0,0.0,0.0,0.0,0,0,0.0
2024-04-20T15:35:00.000,0.0,0.0,0.0,0.0,0,0,0.0
2024-04-20T15:40:00.000,0.0,0.0,0.0,0.0,0,0,0.0
2024-04-20T15:45:00.000,0.0,0.0,0.0,0.0,0,0,0.0
2024-04-20T15:50:00.000,0.0,0.0,0.0,0.0,0,0,0.0
2024-04-20T15:55:00.000,0.0,0.0,0.0,0.0,0,0,0.0
2024-04-20T16:00:00.000,0.0,0.0,0.0,0.0,0,0,0.0
2024-04-21T09:30:00.000,0.0,0.0,0.0,0.0,0,0,0.0
2024-04-21T09:35:00.000,0.0,0.0,0.0,0.0,0,0,0.0
2024-04-21T09:40:00.000,0.0,0.0,0.0,0.0,0,0,0.0
2024-04-21T09:45:00.000,0.0,0.0,0.0,0.0,0,0,0.0
2024-04-21T09:50:00.000,0.0,0.0,0.0,0.0,0,0,0.0
2024-04-21T09:55:00.000,0.0,0.0,0.0,0.0,0,0,0.0
2024-04-21T10:00:00.000,0.0,0.0,0.0,0.0,0,0,0.0
2024-04-21T10:05:00.000,0.0,0.0,0.0,0.0,0,0,0.0
2024-04-21T10:10:00.000,0.0,0.0,0.0,0.0,0,0,0.0
2024-04-21T10:15:00.000,0.0,0.0,0.0,0.0,0,0,0.0
2024-04-21T10:20:00.000,0.0,0.0,0.0,0.0,0,0,0.0
2024-04-21T10:25:00.000,0.0,0.0,0.0,0.0,0,0,0.0
2024-04-21T10:30:00.000,0.0,0.0,0.0,0.0,0,0,0.0
2024-04-21T10:35:00.000,0.0,0.0,0.0,0.0,0,0,0.0
2024-04-21T10:40:00.000,0.0,0.0,0.0,0.0,0,0,0.0
2024-04-21T10:45:00.000,0.0,0.0,0.0,0.0,0,0,0.0
2024-04-21T10:50:00.000,0.0,0.0,0.0,0.0,0,0,0.0
2024-04-21T10:55:00.000,0.0,0.0,0.0,0.0,0,0,0.0
2024-04-21T11:00:00.000,0.0,0.0,0.0,0.0,0,0,0.0
2024-04-21T11:05:00.000,0.0,0.0,0.0,0.0,0,0,0.0
2024-04-21T11:10:00.000,0.0,0.0,0.0,0.0,0,0,0.0
2024-04-21T11:15:00.000,0.0,0.0,0.0,0.0,0,0,0.0
2024-04-21T11:20:00.000,0.0,0.0,0.0,0.0,0,0,0.0
2024-04-21T11:25:00.000,0.0,0.0,0.0,0.0,0,0,0.0
2024-04-21T11:30:00.000,0.0,0.0,0.0,0.0,0,0,0.0
2024-04-21T11:35:00.000,0.0,0.0,0.0,0.0,0,0,0.0
2024-04-21T11:40:00.000,0.0,0.0,0.0,0.0,0,0,0.0
2024-04-21T11:45:00.000,0.0,0.0,0.0,0.0,0,0,0.0
2024-04-21T11:50:00.000,0.0,0.0,0.0,0.0,0,0,0.0
2024-04-21T11:55:00.000,0.0,0.0,0.0,0.0,0,0,0.0
2024-04-21T12:00:00.000,0.0,0.0,0.0,0.0,0,0,0.0
2024-04-21T12:05:00.000,0.0,0.0,0.0,0.0,0,0,0.0
2024-04-21T12:10:00.000,0.0,0.0,0.0,0.0,0,0,0.0
2024-04-21T12:15:00.000,0.0,0.0,0.0,0.0,0,0,0.0
2024-04-21T12:20:00.000,0.0,0.0,0.0,0.0,0,0,0.0
2024-04-21T12:25:00.000,0.0,0.0,0.0,0.0,0,0,0.0
2024-04-21T12:30:00.000,0.0,0.0,0.0,0.0,0,0,0.0
2024-04-21T12:35:00.000,0.0,0.0,0.0,0.0,0,0,0.0
2024-04-21T12:40:00.000,0.0,0.0,0.0,0.0,0,0,0.0
2024-04-21T12:45:00.000,0.0,0.0,0.0,0.0,0,0,0.0
2024-04-21T12:50:00.000,0.0,0.0,0.0,0.0,0,0,0.0
2024-04-21T12:55:00.000,0.0,0.0,0.0,0.0,0,0,0.0
2024-04-21T13:00:00.000,0.0,0.0,0.0,0.0,0,0,0.0
2024-04-21T13:05:00.000,0.0,0.0,0.0,0.0,0,0,0.0
2024-04-21T13:10:00.000,0.0,0.0,0.0,0.0,0,0,0.0
2024-04-21T13:15:00.000,0.0,0.0,0.0,0.0,0,0,0.0
2024-04-21T13:20:00.000,0.0,0.0,0.0,0.0,0,0,0.0
2024-04-21T13:25:00.000,0.0,0.0,0.0,0.0,0,0,0.0
2024-04-21T13:30:00.000,0.0,0.0,0.0,0.0,0,0,0.0
2024-04-21T13:35:00.000,0.0,0.0,0.0,0.0,0,0,0.0
2024-04-21T13:40:00.000,0.0,0.0,0.0,0.0,0,0,0.0
2024-04-21T13:45:00.000,0.0,0.0,0.0,0.0,0,0,0.0
2024-04-21T13:50:00.000,0.0,0.0,0.0,0.0,0,0,0.0
2024-04-21T13:55:00.000,0.0,0.0,0.0,0.0,0,0,0.0
2024-04-21T14:00:00.000,0.0,0.0,0.0,0.0,0,0,0.0
2024-04-21T14:05:00.000,0.0,0.0,0.0,0.0,0,0,0.0
2024-04-21T14:10:00.000,0.0,0.0,0.0,0.0,0,0,0.0
2024-04-21T14:15:00.000,0.0,0.0,0.0,0.0,0,0,0.0
2024-04-21T14:20:00.000,0.0,0.0,0.0,0.0,0,0,0.0
2024-04-21T14:25:00.000,0.0,0.0,0.0,0.0,0,0,0.0
2024-04-21T14:30:00.000,0.0,0.0,0.0,0.0,0,0,0.0
2024-04-21T14:35:00.000,0.0,0.0,0.0,0.0,0,0,0.0
2024-04-21T14:40:00.000,0.0,0.0,0.0,0.0,0,0,0.0
2024-04-21T14:45:00.000,0.0,0.0,0.0,0.0,0,0,0.0
2024-04-21T14:50:00.000,0.0,0.0,0.0,0.0,0,0,0.0
2024-04-21T14:55:00.000,0.0,0.0,0.0,0.0,0,0,0.0
2024-04-21T15:00:00.000,0.0,0.0,0.0,0.0,0,0,0.0
2024-04-21T15:05:00.000,0.0,0.0,0.0,0.0,0,0,0.0
2024-04-21T15:10:00.000,0.0,0.0,0.0,0.0,0,0,0.0
2024-04-21T15:15:00.000,0.0,0.0,0.0,0.0,0,0,0.0
2024-04-21T15:20:00.000,0.0,0.0,0.0,0.0,0,0,0.0
2024-04-21T15:25:00.000,0.0,0.0,0.0,0.0,0,0,0.0
2024-04-21T15:30:00.000,0.0,0.0,0.0,0.0,0,0,0.0
2024-04-21T15:35:00.000,0.0,0.0,0.0,0.0,0,0,0.0
2024-04-21T15:40:00.000,0.0,0.0,0.0,0.0,0,0,0.0
2024-04-21T15:45:00.000,0.0,0.0,0.0,0.0,0,0,0.0
2024-04-21T15:50:00.000,0.0,0.0,0.0,0.0,0,0,0.0
2024-04-21T15:55:00.000,0.0,0.0,0.0,0.0,0,0,0.0
2024-04-21T16:00:00.000,0.0,0.0,0.0,0.0,0,0,0.0
2024-04-22T09:30:00.000,497.83,498.07,497.1501,497.22,2060687,21493,497.68
2024-04-22T09:35:00.000,497.23,497.33,496.92,497.24,916733,9904,497.52
2024-04-22T09:40:00.000,497.23,497.34,496.74,497.29,864279,8157,497.43
2024-04-22T09:45:00.000,497.29,497.96,497.1101,497.95,829435,8778,497.45
2024-04-22T09:50:00.000,497.96,498.01,497.69,497.8,685456,6761,497.5
2024-04-22T09:55:00.000,497.81,498.05,497.57,497.59,721070,7127,497.54
2024-04-22T10:00:00.000,497.5801,498.19,497.5601,497.9599,603285,7480,497.58
2024-04-22T10:05:00.000,497.95,498.22,497.45,497.62,674289,7820,497.6
2024-04-22T10:10:00.000,497.63,497.9966,497.39,497.54,481907,6315,497.61
2024-04-22T10:15:00.000,497.56,497.7,497.245,497.43,536375,13312,497.6
2024-04-22T10:20:00.000,497.42,497.44,496.6,496.755,735731,14833,497.55
2024-04-22T10:25:00.000,496.755,496.81,496.22,496.425,1009639,17824,497.44
2024-04-22T10:30:00.000,496.435,496.82,496.42,496.5651,657059,8595,497.39
2024-04-22T10:35:00.000,496.57,496.87,496.525,496.835,411716,4806,497.36
2024-04-22T10:40:00.000,496.82,497.31,496.66,496.905,475029,5533,497.35
2024-04-22T10:45:00.000,496.9,497.12,496.67,496.8,365806,4909,497.33
2024-04-22T10:50:00.000,496.8,496.82,496.07,496.12,739863,8109,497.28
2024-04-22T10:55:00.000,496.1,496.23,495.95,496.215,596241,6886,497.22
2024-04-22T11:00:00.000,496.21,496.25,495.955,496.09,493662,5932,497.18
2024-04-22T11:05:00.000,496.08,496.1299,495.73,495.84,606829,6083,497.13
2024-04-22T11:10:00.000,495.83,495.96,495.645,495.69,566109,6028,497.08
2024-04-22T11:15:00.000,495.69,495.965,495.43,495.7599,1222878,8621,496.98
2024-04-22T11:20:00.000,495.76,496.0199,495.69,495.965,593883,4847,496.94
2024-04-22T11:25:00.000,495.96,496.445,495.9599,496.4325,687651,6637,496.91
2024-04-22T11:30:00.000,496.44,496.7,496.37,496.46,630225,6710,496.9
2024-04-22T11:35:00.000,496.465,496.99,496.415,496.895,542763,5357,496.89
2024-04-22T11:40:00.000,496.9,497.02,496.445,496.54,647402,5588,496.89
2024-04-22T11:45:00.000,496.5312,496.775,496.44,496.72,416701,4411,496.88
2024-04-22T11:50:00.000,496.725,497.155,496.6743,497.0665,436308,4830,496.88
2024-04-22T11:55:00.000,497.06,497.41,497.0599,497.39,449459,4729,496.89
2024-04-22T12:00:00.000,497.4,497.76,497.2701,497.6422,537598,5834,496.91
2024-04-22T12:05:00.000,497.65,497.73,497.43,497.51,339185,4074,496.92
2024-04-22T12:10:00.000,497.515,497.8498,497.5,497.8498,410973,4631,496.93
2024-04-22T12:15:00.000,497.845,498.51,497.81,497.96,661316,6666,496.97
2024-04-22T12:20:00.000,497.96,498.2,497.65,497.66,502371,5153,496.99
2024-04-22T12:25:00.000,497.68,498.005,497.59,497.76,562873,5440,497.01
2024-04-22T12:30:00.000,497.77,497.805,497.29,497.435,448344,4663,497.02
2024-04-22T12:35:00.000,497.43,497.835,497.43,497.805,400554,4376,497.03
2024-04-22T12:40:00.000,497.8,497.89,497.675,497.77,547963,3806,497.04
2024-04-22T12:45:00.000,497.77,498.24,497.765,498.0651,450245,4725,497.05
2024-04-22T12:50:00.000,498.065,498.1699,497.83,498.07,328864,3470,497.07
2024-04-22T12:55:00.000,498.07,498.44,497.985,498.41,380025,3838,497.08
2024-04-22T13:00:00.000,498.4176,498.775,498.24,498.56,569326,5464,497.11
2024-04-22T13:05:00.000,498.58,498.97,498.58,498.765,549669,5633,497.15
2024-04-22T13:10:00.000,498.78,499.135,498.71,499.05,446203,4817,497.18
2024-04-22T13:15:00.000,499.06,499.13,498.82,498.9586,428977,4247,497.21
2024-04-22T13:20:00.000,498.96,499.27,498.93,499.24,449701,4508,497.24
2024-04-22T13:25:00.000,499.24,500.05,499.23,500.04,998758,9933,497.32
2024-04-22T13:30:00.000,500.04,500.32,499.885,500.18,1176283,9767,497.41
2024-04-22T13:35:00.000,500.19,500.26,499.91,500.18,666879,7266,497.47
2024-04-22T13:40:00.000,500.19,500.25,500.02,500.11,458923,4106,497.5
2024-04-22T13:45:00.000,500.11,500.95,500.11,500.92,706452,7455,497.56
2024-04-22T13:50:00.000,500.92,501.86,500.835,501.77,1765199,12999,497.71
2024-04-22T13:55:00.000,501.79,501.905,501.11,501.43,926314,8176,497.81
2024-04-22T14:00:00.000,501.43,501.4999,501.2002,501.36,673322,7228,497.88
2024-04-22T14:05:00.000,501.36,501.73,501.19,501.61,513592,5614,497.93
2024-04-22T14:10:00.000,501.61,501.8,501.48,501.745,568751,5735,497.99
2024-04-22T14:15:00.000,501.76,502.03,501.625,501.92,554861,5582,498.05
2024-04-22T14:20:00.000,501.94,502.335,501.92,502.28,892225,8222,498.14
2024-04-22T14:25:00.000,502.27,502.28,502.03,502.06,484245,4913,498.19
2024-04-22T14:30:00.000,502.07,502.35,502.06,502.28,378202,4458,498.23
2024-04-22T14:35:00.000,502.29,502.38,501.5401,501.785,875176,7970,498.32
2024-04-22T14:40:00.000,501.79,501.855,500.96,501.15,998437,9191,498.4
2024-04-22T14:45:00.000,501.16,501.28,500.84,500.99,640545,6551,498.44
2024-04-22T14:50:00.000,500.99,501.08,500.625,500.88,485447,5433,498.47
2024-04-22T14:55:00.000,500.87,501.3899,500.863,501.33,839458,6084,498.51
2024-04-22T15:00:00.000,501.34,501.36,500.95,501.05,557563,5082,498.55
2024-04-22T15:05:00.000,501.05,501.11,500.8201,501.0321,424326,4589,498.57
2024-04-22T15:10:00.000,501.03,501.205,500.7888,501.09,525124,5566,498.6
2024-04-22T15:15:00.000,501.08,501.19,500.76,500.78,622360,5939,498.63
2024-04-22T15:20:00.000,500.7661,500.7897,500.26,500.44,1025946,8215,498.66
2024-04-22T15:25:00.000,500.43,500.69,500.27,500.59,905727,6846,498.7
2024-04-22T15:30:00.000,500.58,500.665,499.54,499.5495,1056256,10678,498.73
2024-04-22T15:35:00.000,499.55,499.63,499.24,499.32,1064854,11126,498.75
2024-04-22T15:40:00.000,499.32,499.83,499.18,499.77,1349489,10613,498.76
2024-04-22T15:45:00.000,499.78,500.31,499.63,500.19,1145808,10853,498.79
2024-04-22T15:50:00.000,500.17,500.18,499.02,499.24,1964915,17049,498.82
2024-04-22T15:55:00.000,499.23,499.7,498.905,499.63,5161445,29071,498.86
2024-04-22T16:00:00.000,499.64,499.64,499.64,499.64,2900,5,498.86
2024-04-23T09:30:00.000,501.78,501.92,501.225,501.4,1715643,15670,501.65
2024-04-23T09:35:00.000,501.38,501.93,501.325,501.8029,749644,7890,501.63
2024-04-23T09:40:00.000,501.79,502.36,501.64,501.935,660954,7077,501.72
2024-04-23T09:45:00.000,501.97,503.29,501.95,502.88,1601677,14741,502.13
2024-04-23T09:50:00.000,502.88,503.22,502.28,503.2,840281,8657,502.22
2024-04-23T09:55:00.000,503.2,503.69,502.92,503.07,1140838,9410,502.38
2024-04-23T10:00:00.000,503.08,503.26,502.69,503.05,849383,9736,502.45
2024-04-23T10:05:00.000,503.05,503.71,502.975,503.34,762574,9060,502.54
2024-04-23T10:10:00.000,503.321,503.73,503.17,503.31,653687,14366,502.6
2024-04-23T10:15:00.000,503.3,503.77,503.21,503.65,635712,14361,502.66
2024-04-23T10:20:00.000,503.64,503.99,503.42,503.62,784446,12299,502.74
2024-04-23T10:25:00.000,503.61,504.4,503.475,504.33,815017,8673,502.84
2024-04-23T10:30:00.000,504.33,505.13,504.33,505.02,1452979,13719,503.08
2024-04-23T10:35:00.000,504.99,505.02,504.37,504.53,973549,10056,503.19
2024-04-23T10:40:00.000,504.5398,504.87,504.48,504.65,921430,6740,503.26
2024-04-23T10:45:00.000,504.64,504.64,504.26,504.53,899490,8580,503.33
2024-04-23T10:50:00.000,504.53,504.825,504.36,504.79,596040,5973,503.38
2024-04-23T10:55:00.000,504.78,505.33,504.7,505.21,938464,8682,503.48
2024-04-23T11:00:00.000,505.22,505.34,504.105,504.24,1136188,10635,503.55
2024-04-23T11:05:00.000,504.23,504.42,504.05,504.12,551908,5787,503.57
2024-04-23T11:10:00.000,504.12,504.85,504.12,504.8,546870,5163,503.6
2024-04-23T11:15:00.000,504.82,504.94,504.7,504.8675,483670,4741,503.63
2024-04-23T11:20:00.000,504.87,505.14,504.77,505.12,462902,5204,503.66
2024-04-23T11:25:00.000,505.11,505.17,504.82,504.83,513764,5112,503.69
2024-04-23T11:30:00.000,504.83,505.02,504.44,504.6399,708249,7412,503.72
2024-04-23T11:35:00.000,504.64,504.97,504.45,504.8414,588278,6017,503.75
2024-04-23T11:40:00.000,504.85,504.91,504.455,504.63,496138,5376,503.77
2024-04-23T11:45:00.000,504.62,504.69,504.3,504.48,635117,5825,503.79
2024-04-23T11:50:00.000,504.48,504.71,504.26,504.58,677462,4220,503.8
2024-04-23T11:55:00.000,504.59,504.7,504.26,504.33,392641,4049,503.81
2024-04-23T12:00:00.000,504.33,504.73,504.23,504.73,506205,5228,503.82
2024-04-23T12:05:00.000,504.71,504.99,504.57,504.95,496563,4492,503.84
2024-04-23T12:10:00.000,504.93,505.095,504.73,505.08,346873,3731,503.86
2024-04-23T12:15:00.000,505.08,505.395,504.93,505.105,594822,5717,503.89
2024-04-23T12:20:00.000,505.1,505.23,505.06,505.2,488599,3890,503.91
2024-04-23T12:25:00.000,505.2,505.43,504.99,505.31,435709,4454,503.93
2024-04-23T12:30:00.000,505.31,505.52,505.21,505.45,802843,5291,503.96
2024-04-23T12:35:00.000,505.44,505.545,505.18,505.49,378430,4124,503.98
2024-04-23T12:40:00.000,505.485,505.6,505.34,505.46,429023,4272,504.01
2024-04-23T12:45:00.000,505.46,505.56,505.35,505.47,851382,3568,504.02
2024-04-23T12:50:00.000,505.47,505.505,505.22,505.221,337810,3958,504.04
2024-04-23T12:55:00.000,505.225,505.33,504.93,505.19,665780,4818,504.06
2024-04-23T13:00:00.000,505.19,505.29,504.87,505.275,443106,4786,504.07
2024-04-23T13:05:00.000,505.27,505.55,505.199,505.2703,387477,3923,504.09
2024-04-23T13:10:00.000,505.28,505.3399,504.64,504.81,487025,5285,504.1
2024-04-23T13:15:00.000,504.82,505.0513,504.57,504.98,430601,4714,504.11
2024-04-23T13:20:00.000,504.98,505.31,504.98,505.07,189680,2866,504.12
2024-04-23T13:25:00.000,505.08,505.4,504.96,505.365,274468,3399,504.13
2024-04-23T13:30:00.000,505.38,505.415,505.14,505.33,235643,3587,504.14
2024-04-23T13:35:00.000,505.335,505.49,505.18,505.47,475264,4241,504.16
2024-04-23T13:40:00.000,505.49,505.92,505.41,505.73,484299,4917,504.18
2024-04-23T13:45:00.000,505.74,505.95,505.52,505.8401,387008,3933,504.2
2024-04-23T13:50:00.000,505.84,506.04,505.715,505.9,673589,4375,504.22
2024-04-23T13:55:00.000,505.9,506.065,505.87,505.98,415478,3804,504.24
2024-04-23T14:00:00.000,505.975,506.04,505.82,505.88,387560,4100,504.26
2024-04-23T14:05:00.000,505.885,506.038,505.75,505.83,416751,4492,504.28
2024-04-23T14:10:00.000,505.83,506.03,505.485,505.75,705302,5536,504.31
2024-04-23T14:15:00.000,505.77,505.91,505.66,505.77,343211,3581,504.32
2024-04-23T14:20:00.000,505.76,506.09,505.76,505.925,400767,4271,504.34
2024-04-23T14:25:00.000,505.94,506.025,505.801,505.92,354292,4045,504.35
2024-04-23T14:30:00.000,505.93,505.97,505.6,505.82,440839,4877,504.37
2024-04-23T14:35:00.000,505.815,505.975,505.75,505.835,281418,3175,504.38
2024-04-23T14:40:00.000,505.85,506.07,505.785,505.975,277072,3286,504.39
2024-04-23T14:45:00.000,505.97,505.97,505.65,505.74,384014,4146,504.41
2024-04-23T14:50:00.000,505.75,505.75,505.25,505.36,661596,6443,504.42
2024-04-23T14:55:00.000,505.38,505.77,505.38,505.73,333323,3809,504.43
2024-04-23T15:00:00.000,505.725,505.7889,504.96,505.21,751945,7283,504.45
2024-04-23T15:05:00.000,505.21,505.4,505.0299,505.245,422947,4761,504.46
2024-04-23T15:10:00.000,505.23,505.69,505.155,505.3901,428101,4621,504.47
2024-04-23T15:15:00.000,505.395,505.45,505.205,505.36,628421,3982,504.48
2024-04-23T15:20:00.000,505.36,505.49,505.23,505.39,415821,4668,504.49
2024-04-23T15:25:00.000,505.37,505.495,505.246,505.36,638502,4429,504.49
2024-04-23T15:30:00.000,505.36,505.535,505.2,505.51,656848,6750,504.51
2024-04-23T15:35:00.000,505.5,505.69,505.42,505.565,636374,6329,504.52
2024-04-23T15:40:00.000,505.56,505.7,505.43,505.65,1033706,7162,504.54
2024-04-23T15:45:00.000,505.65,505.689,505.35,505.689,1102949,9476,504.56
2024-04-23T15:50:00.000,505.66,505.67,505.38,505.49,1652051,12506,504.59
2024-04-23T15:55:00.000,505.48,505.75,504.98,505.64,5077963,26882,504.66
2024-04-23T16:00:00.000,505.63,505.63,505.63,505.63,100,1,504.66
2024-04-24T09:30:00.000,506.56,506.83,505.93,506.34,1960873,18917,506.42
2024-04-24T09:35:00.000,506.33,507.025,506.31,506.95,1139403,10774,506.52
2024-04-24T09:40:00.000,506.95,507.3,506.73,506.96,913216,9081,506.63
2024-04-24T09:45:00.000,506.98,507.07,506.685,507.01,748941,8711,506.67
2024-04-24T09:50:00.000,507.0,507.37,506.7,506.93,707402,8063,506.72
2024-04-24T09:55:00.000,506.92,506.99,506.01,506.2499,1543520,8138,506.67
2024-04-24T10:00:00.000,506.24,506.47,506.18,506.35,650168,7065,506.64
2024-04-24T10:05:00.000,506.33,507.0906,506.31,506.97,558920,7220,506.65
2024-04-24T10:10:00.000,507.0,507.1334,506.1,506.14,809856,12776,506.65
2024-04-24T10:15:00.000,506.15,506.34,505.93,506.0799,646511,13565,506.61
2024-04-24T10:20:00.000,506.08,506.52,505.93,506.45,552053,10510,506.59
2024-04-24T10:25:00.000,506.46,506.71,506.135,506.22,673889,5496,506.58
2024-04-24T10:30:00.000,506.24,506.43,505.88,506.055,436294,5268,506.57
2024-04-24T10:35:00.000,506.07,506.14,505.65,505.68,728218,6898,506.52
2024-04-24T10:40:00.000,505.69,505.8,505.22,505.43,785956,7915,506.45
2024-04-24T10:45:00.000,505.43,505.58,505.07,505.51,496451,5441,506.4
2024-04-24T10:50:00.000,505.515,505.52,505.095,505.2463,374513,4241,506.37
2024-04-24T10:55:00.000,505.24,505.31,504.98,505.24,328534,4158,506.34
2024-04-24T11:00:00.000,505.22,505.39,504.6,504.69,869929,7742,506.25
2024-04-24T11:05:00.000,504.68,504.8799,504.26,504.47,627851,6410,506.18
2024-04-24T11:10:00.000,504.47,504.71,504.3925,504.4409,410037,4560,506.13
2024-04-24T11:15:00.000,504.46,504.56,504.2,504.345,747178,6229,506.04
2024-04-24T11:20:00.000,504.33,504.44,504.045,504.08,599860,6297,505.98
2024-04-24T11:25:00.000,504.08,504.71,504.06,504.62,706503,6880,505.91
2024-04-24T11:30:00.000,504.63,505.075,504.52,505.05,531453,8806,505.88
2024-04-24T11:35:00.000,505.06,505.12,504.76,504.98,317470,7814,505.87
2024-04-24T11:40:00.000,505.0,505.04,503.87,503.875,530105,6464,505.83
2024-04-24T11:45:00.000,503.87,504.21,503.6,504.04,862084,8264,505.73
2024-04-24T11:50:00.000,504.0203,504.0697,503.77,504.0,301998,3609,505.71
2024-04-24T11:55:00.000,503.99,504.04,503.62,503.75,387856,4200,505.67
2024-04-24T12:00:00.000,503.74,504.41,503.715,504.255,652119,6162,505.62
2024-04-24T12:05:00.000,504.255,504.255,503.62,503.71,386762,4120,505.58
2024-04-24T12:10:00.000,503.73,503.8,503.44,503.6299,489458,4518,505.54
2024-04-24T12:15:00.000,503.65,503.98,503.63,503.83,398114,3735,505.51
2024-04-24T12:20:00.000,503.82,504.02,503.62,503.7501,340001,3693,505.48
2024-04-24T12:25:00.000,503.765,504.17,503.71,504.085,389228,4083,505.45
2024-04-24T12:30:00.000,504.09,504.09,503.22,503.325,819162,6610,505.4
2024-04-24T12:35:00.000,503.325,503.67,503.27,503.6,723278,5043,505.35
2024-04-24T12:40:00.000,503.6,503.6188,503.28,503.41,386759,3895,505.32
2024-04-24T12:45:00.000,503.4,503.495,503.13,503.375,317784,3405,505.29
2024-04-24T12:50:00.000,503.36,503.98,503.25,503.91,356958,3787,505.27
2024-04-24T12:55:00.000,503.91,504.4,503.74,504.325,582634,5406,505.24
2024-04-24T13:00:00.000,504.32,504.47,504.06,504.23,444264,4413,505.22
2024-04-24T13:05:00.000,504.29,504.57,504.21,504.3394,372681,4117,505.21
2024-04-24T13:10:00.000,504.37,504.69,504.335,504.5099,323210,3581,505.2
2024-04-24T13:15:00.000,504.5,504.91,504.405,504.81,344259,3551,505.2
2024-04-24T13:20:00.000,504.82,505.03,504.62,505.025,373670,3970,505.19
2024-04-24T13:25:00.000,505.02,505.26,505.01,505.21,404128,4145,505.19
2024-04-24T13:30:00.000,505.21,505.655,505.195,505.5464,471763,5864,505.2
2024-04-24T13:35:00.000,505.54,506.11,505.435,505.81,1111770,6502,505.21
2024-04-24T13:40:00.000,505.82,506.145,505.82,506.07,726183,4854,505.22
2024-04-24T13:45:00.000,506.08,506.52,506.06,506.1949,759312,7060,505.25
2024-04-24T13:50:00.000,506.2,506.465,506.09,506.335,439548,4438,505.27
2024-04-24T13:55:00.000,506.35,506.545,506.27,506.43,491492,4455,505.28
2024-04-24T14:00:00.000,506.44,506.51,506.01,506.0499,571635,5548,505.3
2024-04-24T14:05:00.000,506.045,506.045,505.35,505.84,677925,6118,505.31
2024-04-24T14:10:00.000,505.84,505.99,505.1,505.11,369254,3921,505.31
2024-04-24T14:15:00.000,505.12,505.38,504.85,505.18,549991,5454,505.31
2024-04-24T14:20:00.000,505.18,505.48,505.04,505.38,293491,3391,505.31
2024-04-24T14:25:00.000,505.36,505.49,504.9202,505.0417,285766,3434,505.31
2024-04-24T14:30:00.000,505.05,505.145,504.47,504.75,446844,5106,505.3
2024-04-24T14:35:00.000,504.74,505.18,504.692,505.0,288937,3402,505.3
2024-04-24T14:40:00.000,504.998,505.26,504.855,505.21,333572,4165,505.29
2024-04-24T14:45:00.000,505.2,505.25,504.8213,504.9,466772,3511,505.29
2024-04-24T14:50:00.000,504.885,504.91,504.48,504.66,317226,3615,505.29
2024-04-24T14:55:00.000,504.6699,504.85,504.4,504.43,271678,3299,505.28
2024-04-24T15:00:00.000,504.44,504.615,504.28,504.295,407126,4261,505.27
2024-04-24T15:05:00.000,504.3,505.0,504.23,504.93,470918,4661,505.26
2024-04-24T15:10:00.000,504.92,505.34,504.84,505.24,794095,5117,505.26
2024-04-24T15:15:00.000,505.22,505.34,505.004,505.2099,365539,3807,505.26
2024-04-24T15:20:00.000,505.21,505.945,505.15,505.8901,483533,4962,505.27
2024-04-24T15:25:00.000,505.88,506.185,505.72,505.85,634180,6053,505.28
2024-04-24T15:30:00.000,505.85,505.9,505.6,505.79,467750,4763,505.28
2024-04-24T15:35:00.000,505.77,505.83,505.5647,505.62,395518,4330,505.29
2024-04-24T15:40:00.000,505.63,505.91,505.6,505.72,358455,4034,505.29
2024-04-24T15:45:00.000,505.72,506.01,505.55,505.7699,1159004,7187,505.3
2024-04-24T15:50:00.000,505.73,505.96,505.62,505.845,1525887,9167,505.31
2024-04-24T15:55:00.000,505.85,506.19,505.45,505.47,2478223,18557,505.35
2024-04-24T16:00:00.000,505.46,505.46,505.46,505.46,250,2,505.35
2024-04-25T09:30:00.000,499.18,499.33,498.44,498.47,2753678,26585,498.92
2024-04-25T09:35:00.000,498.46,499.0499,498.34,498.56,1657561,16713,498.81
2024-04-25T09:40:00.000,498.56,499.3401,498.36,499.15,1444542,14108,498.82
2024-04-25T09:45:00.000,499.14,499.355,498.54,498.61,885871,10096,498.83
2024-04-25T09:50:00.000,498.59,498.9,498.13,498.2903,901440,9661,498.78
2024-04-25T09:55:00.000,498.28,498.55,497.865,498.2,974861,10507,498.71
2024-04-25T10:00:00.000,498.2,498.27,497.49,497.92,962094,10869,498.63
2024-04-25T10:05:00.000,497.9,498.52,497.885,498.26,1022654,11161,498.59
2024-04-25T10:10:00.000,498.27,499.06,498.1801,499.0,985713,17743,498.6
2024-04-25T10:15:00.000,498.99,499.65,498.84,499.34,1217640,17990,498.65
2024-04-25T10:20:00.000,499.34,499.67,499.19,499.54,832351,13639,498.7
2024-04-25T10:25:00.000,499.52,499.76,499.39,499.6,913301,9602,498.75
2024-04-25T10:30:00.000,499.61,499.82,498.841,498.93,1260948,10101,498.8
2024-04-25T10:35:00.000,498.94,499.33,498.9175,499.11,868554,8285,498.81
2024-04-25T10:40:00.000,499.1,499.16,498.4,498.97,663338,7366,498.81
2024-04-25T10:45:00.000,498.96,499.11,498.5003,498.54,389317,4698,498.81
2024-04-25T10:50:00.000,498.59,498.81,498.15,498.29,429225,5090,498.8
2024-04-25T10:55:00.000,498.28,498.5786,498.18,498.41,378841,4708,498.79
2024-04-25T11:00:00.000,498.4,499.17,498.36,498.955,836799,8291,498.8
2024-04-25T11:05:00.000,498.97,499.19,498.79,499.09,388637,4545,498.8
2024-04-25T11:10:00.000,499.07,499.295,499.01,499.24,460274,5416,498.81
2024-04-25T11:15:00.000,499.23,499.32,498.76,499.16,579992,6330,498.81
2024-04-25T11:20:00.000,499.15,499.53,498.92,499.33,683508,6980,498.83
2024-04-25T11:25:00.000,499.32,499.78,499.24,499.71,492877,5432,498.84
2024-04-25T11:30:00.000,499.7,499.77,498.95,499.28,444262,5456,498.85
2024-04-25T11:35:00.000,499.29,499.62,499.2802,499.55,312643,3956,498.86
2024-04-25T11:40:00.000,499.55,499.78,499.43,499.535,521953,4718,498.87
2024-04-25T11:45:00.000,499.535,499.575,499.19,499.29,293283,4216,498.88
2024-04-25T11:50:00.000,499.29,499.82,499.26,499.75,486133,5058,498.89
2024-04-25T11:55:00.000,499.75,500.4,499.58,500.25,1131458,10250,498.94
2024-04-25T12:00:00.000,500.25,500.49,500.04,500.38,557537,5315,498.97
2024-04-25T12:05:00.000,500.39,500.83,500.345,500.585,535542,5519,499.0
2024-04-25T12:10:00.000,500.61,500.66,499.91,500.27,709105,4892,499.02
2024-04-25T12:15:00.000,500.285,500.85,500.28,500.585,444950,4882,499.04
2024-04-25T12:20:00.000,500.6,501.4,500.46,501.21,638148,7091,499.09
2024-04-25T12:25:00.000,501.22,501.49,501.12,501.36,600320,5414,499.13
2024-04-25T12:30:00.000,501.38,501.3912,501.01,501.198,483688,5448,499.16
2024-04-25T12:35:00.000,501.19,501.48,500.94,501.1003,545197,4936,499.19
2024-04-25T12:40:00.000,501.11,501.41,500.93,501.33,506307,5158,499.22
2024-04-25T12:45:00.000,501.325,501.49,501.19,501.28,307635,3883,499.24
2024-04-25T12:50:00.000,501.28,501.615,501.1598,501.6,320085,3948,499.26
2024-04-25T12:55:00.000,501.6,502.04,501.57,501.77,762158,7056,499.33
2024-04-25T13:00:00.000,501.77,502.37,501.635,502.06,625666,6074,499.38
2024-04-25T13:05:00.000,502.05,502.205,501.7,501.77,694232,4753,499.42
2024-04-25T13:10:00.000,501.79,501.99,501.485,501.605,637176,4600,499.44
2024-04-25T13:15:00.000,501.625,501.73,501.52,501.57,225742,3108,499.46
2024-04-25T13:20:00.000,501.58,501.61,500.97,501.09,471836,5965,499.48
2024-04-25T13:25:00.000,501.06,501.78,501.02,501.68,407614,4378,499.5
2024-04-25T13:30:00.000,501.68,502.03,501.54,501.945,347885,4587,499.53
2024-04-25T13:35:00.000,501.95,502.98,501.95,502.95,636509,6790,499.58
2024-04-25T13:40:00.000,502.94,502.98,502.53,502.83,670792,6326,499.64
2024-04-25T13:45:00.000,502.83,503.55,502.77,503.295,727255,7372,499.71
2024-04-25T13:50:00.000,503.27,503.82,503.17,503.7328,601037,6104,499.78
2024-04-25T13:55:00.000,503.74,503.77,503.31,503.49,748423,7631,499.85
2024-04-25T14:00:00.000,503.5,503.6,503.09,503.29,951334,8648,499.94
2024-04-25T14:05:00.000,503.29,503.65,503.19,503.54,432636,5110,499.98
2024-04-25T14:10:00.000,503.53,503.62,503.29,503.39,655770,4888,500.01
2024-04-25T14:15:00.000,503.395,503.715,503.385,503.57,427616,4537,500.05
2024-04-25T14:20:00.000,503.57,503.66,503.11,503.16,430754,4977,500.08
2024-04-25T14:25:00.000,503.1601,503.18,501.97,501.97,846762,8373,500.14
2024-04-25T14:30:00.000,501.95,502.79,501.9,502.31,764154,7346,500.18
2024-04-25T14:35:00.000,502.32,502.41,501.97,502.17,509095,4892,500.21
2024-04-25T14:40:00.000,502.14,502.28,501.72,501.86,497655,5033,500.23
2024-04-25T14:45:00.000,501.8507,502.02,501.72,501.965,492799,5396,500.25
2024-04-25T14:50:00.000,501.965,502.145,501.7,501.98,661936,6473,500.27
2024-04-25T14:55:00.000,501.97,502.54,501.68,502.49,636911,6523,500.3
2024-04-25T15:00:00.000,502.5,503.48,502.44,503.42,1026879,8041,500.35
2024-04-25T15:05:00.000,503.38,503.54,503.05,503.3,764088,5958,500.38
2024-04-25T15:10:00.000,503.29,503.52,503.15,503.45,531634,6046,500.42
2024-04-25T15:15:00.000,503.45,504.175,503.415,504.1251,900925,6973,500.46
2024-04-25T15:20:00.000,504.12,504.27,503.93,504.1113,500448,6039,500.5
2024-04-25T15:25:00.000,504.12,504.23,503.87,504.15,499754,5736,500.54
2024-04-25T15:30:00.000,504.15,504.18,503.661,503.8,576018,6395,500.58
2024-04-25T15:35:00.000,503.8,503.8,503.31,503.42,781956,8295,500.62
2024-04-25T15:40:00.000,503.45,503.45,502.69,502.99,799455,8551,500.66
2024-04-25T15:45:00.000,502.97,503.12,502.69,502.785,814329,8551,500.7
2024-04-25T15:50:00.000,502.77,503.195,502.71,503.15,1515120,12590,500.75
2024-04-25T15:55:00.000,503.13,503.57,502.98,503.44,2600887,19024,500.88
2024-04-25T16:00:00.000,0.0,0.0,0.0,0.0,0,0,500.88
2024-04-26T09:30:00.000,506.35,506.74,505.7,506.73,2088018,20263,506.23
2024-04-26T09:35:00.000,506.74,507.47,506.47,507.29,1250605,12645,506.47
2024-04-26T09:40:00.000,507.28,507.34,506.65,506.9,863389,8966,506.55
2024-04-26T09:45:00.000,506.9,507.38,506.9,507.38,806215,8587,506.64
2024-04-26T09:50:00.000,507.38,508.1,507.2406,507.99,834508,8584,506.8
2024-04-26T09:55:00.000,507.98,508.24,507.75,507.84,684834,7248,506.92
2024-04-26T10:00:00.000,507.84,508.6599,507.65,508.585,890825,9657,507.07
2024-04-26T10:05:00.000,508.59,508.72,507.73,508.58,735131,8483,507.17
2024-04-26T10:10:00.000,508.58,509.01,508.56,508.86,694741,12745,507.3
2024-04-26T10:15:00.000,508.85,509.0,508.54,508.76,639177,13594,507.39
2024-04-26T10:20:00.000,508.76,508.925,508.38,508.88,605264,13801,507.47
2024-04-26T10:25:00.000,508.87,508.875,508.045,508.08,755111,9448,507.54
2024-04-26T10:30:00.000,508.08,508.6186,507.73,508.6186,792943,8292,507.59
2024-04-26T10:35:00.000,508.6,508.8,508.32,508.49,439611,5742,507.62
2024-04-26T10:40:00.000,508.49,508.65,508.22,508.31,531160,5931,507.66
2024-04-26T10:45:00.000,508.31,508.72,508.165,508.63,571794,6167,507.69
2024-04-26T10:50:00.000,508.64,508.9,508.15,508.9,614299,6008,507.73
2024-04-26T10:55:00.000,508.87,508.9,508.635,508.78,405496,4509,507.76
2024-04-26T11:00:00.000,508.8,509.55,508.78,509.1,750629,8050,507.83
2024-04-26T11:05:00.000,509.1,509.2159,508.64,508.74,402951,5062,507.86
2024-04-26T11:10:00.000,508.73,508.79,507.72,508.08,964897,7840,507.87
2024-04-26T11:15:00.000,508.08,508.42,507.92,508.31,503911,5697,507.88
2024-04-26T11:20:00.000,508.33,508.34,507.82,507.96,467138,5116,507.88
2024-04-26T11:25:00.000,507.95,508.36,507.93,508.22,284260,3616,507.89
2024-04-26T11:30:00.000,508.21,508.3688,508.0,508.115,465871,4315,507.89
2024-04-26T11:35:00.000,508.11,508.38,508.05,508.28,655793,5659,507.9
2024-04-26T11:40:00.000,508.28,508.9,508.18,508.875,479820,4897,507.92
2024-04-26T11:45:00.000,508.87,509.008,508.685,508.9,511193,5265,507.94
2024-04-26T11:50:00.000,508.895,508.965,508.38,508.57,741947,6256,507.97
2024-04-26T11:55:00.000,508.57,508.73,508.455,508.625,392629,4107,507.98
2024-04-26T12:00:00.000,508.62,508.64,508.16,508.51,477720,5294,507.99
2024-04-26T12:05:00.000,508.54,508.589,508.29,508.56,338883,3667,508.0
2024-04-26T12:10:00.000,508.56,508.79,508.46,508.7299,326302,3957,508.01
2024-04-26T12:15:00.000,508.73,508.79,508.56,508.715,338917,3816,508.02
2024-04-26T12:20:00.000,508.69,508.8411,508.59,508.75,280354,3317,508.03
2024-04-26T12:25:00.000,508.76,508.92,508.7,508.88,259479,3084,508.04
2024-04-26T12:30:00.000,508.8799,508.975,508.625,508.965,356211,3798,508.05
2024-04-26T12:35:00.000,508.97,509.25,508.89,509.235,422459,4452,508.07
2024-04-26T12:40:00.000,509.22,509.3,508.93,509.1,695275,4657,508.08
2024-04-26T12:45:00.000,509.1,509.2201,508.96,509.165,314946,3462,508.1
2024-04-26T12:50:00.000,509.18,509.31,509.09,509.295,250012,3001,508.11
2024-04-26T12:55:00.000,509.3,509.57,509.3,509.56,417734,4518,508.13
2024-04-26T13:00:00.000,509.56,509.73,509.3,509.48,504742,4698,508.16
2024-04-26T13:05:00.000,509.49,509.605,509.32,509.39,318520,3631,508.18
2024-04-26T13:10:00.000,509.39,509.61,509.38,509.56,310412,3845,508.19
2024-04-26T13:15:00.000,509.56,509.71,509.4,509.46,544601,3596,508.2
2024-04-26T13:20:00.000,509.47,509.6965,509.47,509.64,239256,3110,508.22
2024-04-26T13:25:00.000,509.66,509.81,509.515,509.59,424435,5185,508.24
2024-04-26T13:30:00.000,509.6,509.865,509.47,509.69,360184,4732,508.26
2024-04-26T13:35:00.000,509.69,509.88,509.55,509.63,319155,3918,508.27
2024-04-26T13:40:00.000,509.629,509.635,509.1,509.41,464104,5289,508.29
2024-04-26T13:45:00.000,509.41,509.76,509.41,509.69,423033,4148,508.31
2024-04-26T13:50:00.000,509.7,509.76,509.6,509.63,794478,3258,508.32
2024-04-26T13:55:00.000,509.63,509.64,509.36,509.42,343600,3971,508.34
2024-04-26T14:00:00.000,509.425,509.49,509.0999,509.17,435524,4686,508.35
2024-04-26T14:05:00.000,509.1799,509.39,509.17,509.215,559080,3463,508.36
2024-04-26T14:10:00.000,509.21,509.3999,509.135,509.18,244807,3194,508.37
2024-04-26T14:15:00.000,509.18,509.33,508.97,508.98,622435,4113,508.38
2024-04-26T14:20:00.000,508.9875,509.17,508.87,508.99,422049,4614,508.38
2024-04-26T14:25:00.000,508.9835,509.04,508.785,508.96,312763,3718,508.39
2024-04-26T14:30:00.000,508.97,508.98,508.578,508.6201,364459,4134,508.39
2024-04-26T14:35:00.000,508.62,509.096,508.62,509.08,558740,5267,508.4
2024-04-26T14:40:00.000,509.0748,509.2,508.96,509.04,329558,3432,508.41
2024-04-26T14:45:00.000,509.04,509.1899,508.86,508.9765,365707,3170,508.41
2024-04-26T14:50:00.000,508.98,509.075,508.83,508.9,224469,2745,508.42
2024-04-26T14:55:00.000,508.89,509.42,508.73,509.4,581240,5582,508.43
2024-04-26T15:00:00.000,509.4,509.5,509.07,509.26,380297,3965,508.44
2024-04-26T15:05:00.000,509.27,509.475,509.18,509.455,642351,3981,508.45
2024-04-26T15:10:00.000,509.45,509.53,509.305,509.33,371984,4049,508.46
2024-04-26T15:15:00.000,509.33,509.415,509.18,509.335,354530,3677,508.47
2024-04-26T15:20:00.000,509.32,509.585,509.285,509.55,695066,4916,508.48
2024-04-26T15:25:00.000,509.54,509.65,509.465,509.64,300083,3613,508.49
2024-04-26T15:30:00.000,509.62,509.63,509.1603,509.22,857956,6052,508.5
2024-04-26T15:35:00.000,509.23,509.3,509.04,509.11,526909,5369,508.51
2024-04-26T15:40:00.000,509.1,509.17,508.4702,508.6,1791817,7343,508.52
2024-04-26T15:45:00.000,508.59,509.045,508.53,508.9,1090828,9916,508.53
2024-04-26T15:50:00.000,508.91,508.97,508.64,508.69,1322144,10280,508.54
2024-04-26T15:55:00.000,508.7,508.796,508.16,508.24,6158729,26231,508.53
2024-04-26T16:00:00.000,508.23,508.23,508.23,508.23,445,3,508.53
2024-04-27T09:30:00.000,0.0,0.0,0.0,0.0,0,0,0.0
2024-04-27T09:35:00.000,0.0,0.0,0.0,0.0,0,0,0.0
2024-04-27T09:40:00.000,0.0,0.0,0.0,0.0,0,0,0.0
2024-04-27T09:45:00.000,0.0,0.0,0.0,0.0,0,0,0.0
2024-04-27T09:50:00.000,0.0,0.0,0.0,0.0,0,0,0.0
2024-04-27T09:55:00.000,0.0,0.0,0.0,0.0,0,0,0.0
2024-04-27T10:00:00.000,0.0,0.0,0.0,0.0,0,0,0.0
2024-04-27T10:05:00.000,0.0,0.0,0.0,0.0,0,0,0.0
2024-04-27T10:10:00.000,0.0,0.0,0.0,0.0,0,0,0.0
2024-04-27T10:15:00.000,0.0,0.0,0.0,0.0,0,0,0.0
2024-04-27T10:20:00.000,0.0,0.0,0.0,0.0,0,0,0.0
2024-04-27T10:25:00.000,0.0,0.0,0.0,0.0,0,0,0.0
2024-04-27T10:30:00.000,0.0,0.0,0.0,0.0,0,0,0.0
2024-04-27T10:35:00.000,0.0,0.0,0.0,0.0,0,0,0.0
2024-04-27T10:40:00.000,0.0,0.0,0.0,0.0,0,0,0.0
2024-04-27T10:45:00.000,0.0,0.0,0.0,0.0,0,0,0.0
2024-04-27T10:50:00.000,0.0,0.0,0.0,0.0,0,0,0.0
2024-04-27T10:55:00.000,0.0,0.0,0.0,0.0,0,0,0.0
2024-04-27T11:00:00.000,0.0,0.0,0.0,0.0,0,0,0.0
2024-04-27T11:05:00.000,0.0,0.0,0.0,0.0,0,0,0.0
2024-04-27T11:10:00.000,0.0,0.0,0.0,0.0,0,0,0.0
2024-04-27T11:15:00.000,0.0,0.0,0.0,0.0,0,0,0.0
2024-04-27T11:20:00.000,0.0,0.0,0.0,0.0,0,0,0.0
2024-04-27T11:25:00.000,0.0,0.0,0.0,0.0,0,0,0.0
2024-04-27T11:30:00.000,0.0,0.0,0.0,0.0,0,0,0.0
2024-04-27T11:35:00.000,0.0,0.0,0.0,0.0,0,0,0.0
2024-04-27T11:40:00.000,0.0,0.0,0.0,0.0,0,0,0.0
2024-04-27T11:45:00.000,0.0,0.0,0.0,0.0,0,0,0.0
2024-04-27T11:50:00.000,0.0,0.0,0.0,0.0,0,0,0.0
2024-04-27T11:55:00.000,0.0,0.0,0.0,0.0,0,0,0.0
2024-04-27T12:00:00.000,0.0,0.0,0.0,0.0,0,0,0.0
2024-04-27T12:05:00.000,0.0,0.0,0.0,0.0,0,0,0.0
2024-04-27T12:10:00.000,0.0,0.0,0.0,0.0,0,0,0.0
2024-04-27T12:15:00.000,0.0,0.0,0.0,0.0,0,0,0.0
2024-04-27T12:20:00.000,0.0,0.0,0.0,0.0,0,0,0.0
2024-04-27T12:25:00.000,0.0,0.0,0.0,0.0,0,0,0.0
2024-04-27T12:30:00.000,0.0,0.0,0.0,0.0,0,0,0.0
2024-04-27T12:35:00.000,0.0,0.0,0.0,0.0,0,0,0.0
2024-04-27T12:40:00.000,0.0,0.0,0.0,0.0,0,0,0.0
2024-04-27T12:45:00.000,0.0,0.0,0.0,0.0,0,0,0.0
2024-04-27T12:50:00.000,0.0,0.0,0.0,0.0,0,0,0.0
2024-04-27T12:55:00.000,0.0,0.0,0.0,0.0,0,0,0.0
2024-04-27T13:00:00.000,0.0,0.0,0.0,0.0,0,0,0.0
2024-04-27T13:05:00.000,0.0,0.0,0.0,0.0,0,0,0.0
2024-04-27T13:10:00.000,0.0,0.0,0.0,0.0,0,0,0.0
2024-04-27T13:15:00.000,0.0,0.0,0.0,0.0,0,0,0.0
2024-04-27T13:20:00.000,0.0,0.0,0.0,0.0,0,0,0.0
2024-04-27T13:25:00.000,0.0,0.0,0.0,0.0,0,0,0.0
2024-04-27T13:30:00.000,0.0,0.0,0.0,0.0,0,0,0.0
2024-04-27T13:35:00.000,0.0,0.0,0.0,0.0,0,0,0.0
2024-04-27T13:40:00.000,0.0,0.0,0.0,0.0,0,0,0.0
2024-04-27T13:45:00.000,0.0,0.0,0.0,0.0,0,0,0.0
2024-04-27T13:50:00.000,0.0,0.0,0.0,0.0,0,0,0.0
2024-04-27T13:55:00.000,0.0,0.0,0.0,0.0,0,0,0.0
2024-04-27T14:00:00.000,0.0,0.0,0.0,0.0,0,0,0.0
2024-04-27T14:05:00.000,0.0,0.0,0.0,0.0,0,0,0.0
2024-04-27T14:10:00.000,0.0,0.0,0.0,0.0,0,0,0.0
2024-04-27T14:15:00.000,0.0,0.0,0.0,0.0,0,0,0.0
2024-04-27T14:20:00.000,0.0,0.0,0.0,0.0,0,0,0.0
2024-04-27T14:25:00.000,0.0,0.0,0.0,0.0,0,0,0.0
2024-04-27T14:30:00.000,0.0,0.0,0.0,0.0,0,0,0.0
2024-04-27T14:35:00.000,0.0,0.0,0.0,0.0,0,0,0.0
2024-04-27T14:40:00.000,0.0,0.0,0.0,0.0,0,0,0.0
2024-04-27T14:45:00.000,0.0,0.0,0.0,0.0,0,0,0.0
2024-04-27T14:50:00.000,0.0,0.0,0.0,0.0,0,0,0.0
2024-04-27T14:55:00.000,0.0,0.0,0.0,0.0,0,0,0.0
2024-04-27T15:00:00.000,0.0,0.0,0.0,0.0,0,0,0.0
2024-04-27T15:05:00.000,0.0,0.0,0.0,0.0,0,0,0.0
2024-04-27T15:10:00.000,0.0,0.0,0.0,0.0,0,0,0.0
2024-04-27T15:15:00.000,0.0,0.0,0.0,0.0,0,0,0.0
2024-04-27T15:20:00.000,0.0,0.0,0.0,0.0,0,0,0.0
2024-04-27T15:25:00.000,0.0,0.0,0.0,0.0,0,0,0.0
2024-04-27T15:30:00.000,0.0,0.0,0.0,0.0,0,0,0.0
2024-04-27T15:35:00.000,0.0,0.0,0.0,0.0,0,0,0.0
2024-04-27T15:40:00.000,0.0,0.0,0.0,0.0,0,0,0.0
2024-04-27T15:45:00.000,0.0,0.0,0.0,0.0,0,0,0.0
2024-04-27T15:50:00.000,0.0,0.0,0.0,0.0,0,0,0.0
2024-04-27T15:55:00.000,0.0,0.0,0.0,0.0,0,0,0.0
2024-04-27T16:00:00.000,0.0,0.0,0.0,0.0,0,0,0.0
2024-04-28T09:30:00.000,0.0,0.0,0.0,0.0,0,0,0.0
2024-04-28T09:35:00.000,0.0,0.0,0.0,0.0,0,0,0.0
2024-04-28T09:40:00.000,0.0,0.0,0.0,0.0,0,0,0.0
2024-04-28T09:45:00.000,0.0,0.0,0.0,0.0,0,0,0.0
2024-04-28T09:50:00.000,0.0,0.0,0.0,0.0,0,0,0.0
2024-04-28T09:55:00.000,0.0,0.0,0.0,0.0,0,0,0.0
2024-04-28T10:00:00.000,0.0,0.0,0.0,0.0,0,0,0.0
2024-04-28T10:05:00.000,0.0,0.0,0.0,0.0,0,0,0.0
2024-04-28T10:10:00.000,0.0,0.0,0.0,0.0,0,0,0.0
2024-04-28T10:15:00.000,0.0,0.0,0.0,0.0,0,0,0.0
2024-04-28T10:20:00.000,0.0,0.0,0.0,0.0,0,0,0.0
2024-04-28T10:25:00.000,0.0,0.0,0.0,0.0,0,0,0.0
2024-04-28T10:30:00.000,0.0,0.0,0.0,0.0,0,0,0.0
2024-04-28T10:35:00.000,0.0,0.0,0.0,0.0,0,0,0.0
2024-04-28T10:40:00.000,0.0,0.0,0.0,0.0,0,0,0.0
2024-04-28T10:45:00.000,0.0,0.0,0.0,0.0,0,0,0.0
2024-04-28T10:50:00.000,0.0,0.0,0.0,0.0,0,0,0.0
2024-04-28T10:55:00.000,0.0,0.0,0.0,0.0,0,0,0.0
2024-04-28T11:00:00.000,0.0,0.0,0.0,0.0,0,0,0.0
2024-04-28T11:05:00.000,0.0,0.0,0.0,0.0,0,0,0.0
2024-04-28T11:10:00.000,0.0,0.0,0.0,0.0,0,0,0.0
2024-04-28T11:15:00.000,0.0,0.0,0.0,0.0,0,0,0.0
2024-04-28T11:20:00.000,0.0,0.0,0.0,0.0,0,0,0.0
2024-04-28T11:25:00.000,0.0,0.0,0.0,0.0,0,0,0.0
2024-04-28T11:30:00.000,0.0,0.0,0.0,0.0,0,0,0.0
2024-04-28T11:35:00.000,0.0,0.0,0.0,0.0,0,0,0.0
2024-04-28T11:40:00.000,0.0,0.0,0.0,0.0,0,0,0.0
2024-04-28T11:45:00.000,0.0,0.0,0.0,0.0,0,0,0.0
2024-04-28T11:50:00.000,0.0,0.0,0.0,0.0,0,0,0.0
2024-04-28T11:55:00.000,0.0,0.0,0.0,0.0,0,0,0.0
2024-04-28T12:00:00.000,0.0,0.0,0.0,0.0,0,0,0.0
2024-04-28T12:05:00.000,0.0,0.0,0.0,0.0,0,0,0.0
2024-04-28T12:10:00.000,0.0,0.0,0.0,0.0,0,0,0.0
2024-04-28T12:15:00.000,0.0,0.0,0.0,0.0,0,0,0.0
2024-04-28T12:20:00.000,0.0,0.0,0.0,0.0,0,0,0.0
2024-04-28T12:25:00.000,0.0,0.0,0.0,0.0,0,0,0.0
2024-04-28T12:30:00.000,0.0,0.0,0.0,0.0,0,0,0.0
2024-04-28T12:35:00.000,0.0,0.0,0.0,0.0,0,0,0.0
2024-04-28T12:40:00.000,0.0,0.0,0.0,0.0,0,0,0.0
2024-04-28T12:45:00.000,0.0,0.0,0.0,0.0,0,0,0.0
2024-04-28T12:50:00.000,0.0,0.0,0.0,0.0,0,0,0.0
2024-04-28T12:55:00.000,0.0,0.0,0.0,0.0,0,0,0.0
2024-04-28T13:00:00.000,0.0,0.0,0.0,0.0,0,0,0.0
2024-04-28T13:05:00.000,0.0,0.0,0.0,0.0,0,0,0.0
2024-04-28T13:10:00.000,0.0,0.0,0.0,0.0,0,0,0.0
2024-04-28T13:15:00.000,0.0,0.0,0.0,0.0,0,0,0.0
2024-04-28T13:20:00.000,0.0,0.0,0.0,0.0,0,0,0.0
2024-04-28T13:25:00.000,0.0,0.0,0.0,0.0,0,0,0.0
2024-04-28T13:30:00.000,0.0,0.0,0.0,0.0,0,0,0.0
2024-04-28T13:35:00.000,0.0,0.0,0.0,0.0,0,0,0.0
2024-04-28T13:40:00.000,0.0,0.0,0.0,0.0,0,0,0.0
2024-04-28T13:45:00.000,0.0,0.0,0.0,0.0,0,0,0.0
2024-04-28T13:50:00.000,0.0,0.0,0.0,0.0,0,0,0.0
2024-04-28T13:55:00.000,0.0,0.0,0.0,0.0,0,0,0.0
2024-04-28T14:00:00.000,0.0,0.0,0.0,0.0,0,0,0.0
2024-04-28T14:05:00.000,0.0,0.0,0.0,0.0,0,0,0.0
2024-04-28T14:10:00.000,0.0,0.0,0.0,0.0,0,0,0.0
2024-04-28T14:15:00.000,0.0,0.0,0.0,0.0,0,0,0.0
2024-04-28T14:20:00.000,0.0,0.0,0.0,0.0,0,0,0.0
2024-04-28T14:25:00.000,0.0,0.0,0.0,0.0,0,0,0.0
2024-04-28T14:30:00.000,0.0,0.0,0.0,0.0,0,0,0.0
2024-04-28T14:35:00.000,0.0,0.0,0.0,0.0,0,0,0.0
2024-04-28T14:40:00.000,0.0,0.0,0.0,0.0,0,0,0.0
2024-04-28T14:45:00.000,0.0,0.0,0.0,0.0,0,0,0.0
2024-04-28T14:50:00.000,0.0,0.0,0.0,0.0,0,0,0.0
2024-04-28T14:55:00.000,0.0,0.0,0.0,0.0,0,0,0.0
2024-04-28T15:00:00.000,0.0,0.0,0.0,0.0,0,0,0.0
2024-04-28T15:05:00.000,0.0,0.0,0.0,0.0,0,0,0.0
2024-04-28T15:10:00.000,0.0,0.0,0.0,0.0,0,0,0.0
2024-04-28T15:15:00.000,0.0,0.0,0.0,0.0,0,0,0.0
2024-04-28T15:20:00.000,0.0,0.0,0.0,0.0,0,0,0.0
2024-04-28T15:25:00.000,0.0,0.0,0.0,0.0,0,0,0.0
2024-04-28T15:30:00.000,0.0,0.0,0.0,0.0,0,0,0.0
2024-04-28T15:35:00.000,0.0,0.0,0.0,0.0,0,0,0.0
2024-04-28T15:40:00.000,0.0,0.0,0.0,0.0,0,0,0.0
2024-04-28T15:45:00.000,0.0,0.0,0.0,0.0,0,0,0.0
2024-04-28T15:50:00.000,0.0,0.0,0.0,0.0,0,0,0.0
2024-04-28T15:55:00.000,0.0,0.0,0.0,0.0,0,0,0.0
2024-04-28T16:00:00.000,0.0,0.0,0.0,0.0,0,0,0.0
2024-04-29T09:30:00.000,510.09,510.75,509.94,510.68,1870096,18194,510.31
2024-04-29T09:35:00.000,510.68,510.73,510.01,510.11,832904,9124,510.31
2024-04-29T09:40:00.000,510.11,510.11,509.02,509.29,908485,10291,510.1
2024-04-29T09:45:00.000,509.3,509.74,509.21,509.6701,793975,8076,509.99
2024-04-29T09:50:00.000,509.685,509.7,509.11,509.22,625883,7082,509.91
2024-04-29T09:55:00.000,509.225,509.6,509.16,509.58,428247,5418,509.88
2024-04-29T10:00:00.000,509.57,510.0231,509.535,509.805,398468,5627,509.87
2024-04-29T10:05:00.000,509.8,510.13,509.65,509.985,366976,5146,509.88
2024-04-29T10:10:00.000,509.975,510.28,509.89,510.205,419908,5506,509.89
2024-04-29T10:15:00.000,510.21,510.46,510.11,510.23,526586,12998,509.92
2024-04-29T10:20:00.000,510.23,510.51,509.96,510.17,396191,12004,509.93
2024-04-29T10:25:00.000,510.17,510.355,510.12,510.22,358812,11350,509.95
2024-04-29T10:30:00.000,510.22,510.63,510.22,510.555,521354,7604,509.98
2024-04-29T10:35:00.000,510.56,510.5712,509.71,509.87,514984,5760,509.98
2024-04-29T10:40:00.000,509.8699,510.15,509.76,510.025,315648,3949,509.98
2024-04-29T10:45:00.000,510.04,510.06,509.55,509.68,357400,4465,509.98
2024-04-29T10:50:00.000,509.7,509.92,509.62,509.78,358318,3970,509.97
2024-04-29T10:55:00.000,509.78,510.04,509.75,509.88,284307,3797,509.97
2024-04-29T11:00:00.000,509.88,509.935,509.6201,509.79,322032,3951,509.96
2024-04-29T11:05:00.000,509.78,509.81,509.435,509.67,252602,3529,509.96
2024-04-29T11:10:00.000,509.67,509.795,509.53,509.72,258701,3328,509.95
2024-04-29T11:15:00.000,509.74,509.845,509.61,509.805,226192,3125,509.95
2024-04-29T11:20:00.000,509.805,509.83,509.46,509.5888,234057,3362,509.94
2024-04-29T11:25:00.000,509.6,509.75,509.55,509.57,188621,2709,509.94
2024-04-29T11:30:00.000,509.58,509.61,509.12,509.13,301312,4097,509.92
2024-04-29T11:35:00.000,509.14,509.24,509.005,509.105,365793,4011,509.9
2024-04-29T11:40:00.000,509.11,509.64,509.059,509.6001,450553,3614,509.88
2024-04-29T11:45:00.000,509.6,509.6,509.19,509.34,256276,2911,509.87
2024-04-29T11:50:00.000,509.3499,509.5,509.3,509.3841,230927,2851,509.86
2024-04-29T11:55:00.000,509.39,509.74,509.38,509.7,280009,3481,509.86
2024-04-29T12:00:00.000,509.71,509.86,509.5602,509.775,313648,3434,509.85
2024-04-29T12:05:00.000,509.77,509.9999,509.75,509.82,277421,3046,509.85
2024-04-29T12:10:00.000,509.82,510.0,509.81,509.93,225123,2487,509.85
2024-04-29T12:15:00.000,509.925,510.105,509.925,509.99,303918,3210,509.86
2024-04-29T12:20:00.000,509.99,510.055,509.88,509.96,148039,2131,509.86
2024-04-29T12:25:00.000,509.97,510.14,509.83,510.14,263901,2798,509.86
2024-04-29T12:30:00.000,510.15,510.33,509.99,510.2101,323470,3558,509.87
2024-04-29T12:35:00.000,510.22,510.24,510.04,510.085,273356,2982,509.87
2024-04-29T12:40:00.000,510.085,510.2499,509.7,510.11,358543,4543,509.87
2024-04-29T12:45:00.000,510.11,510.23,509.99,510.05,221143,2986,509.88
2024-04-29T12:50:00.000,510.06,510.105,509.76,509.86,280629,3099,509.88
2024-04-29T12:55:00.000,509.87,509.965,509.755,509.945,233655,2732,509.88
2024-04-29T13:00:00.000,509.9499,509.965,509.68,509.89,181343,2519,509.88
2024-04-29T13:05:00.000,509.9,509.915,509.575,509.8,213711,2707,509.88
2024-04-29T13:10:00.000,509.81,509.895,509.7018,509.87,286289,2880,509.88
2024-04-29T13:15:00.000,509.87,510.0212,509.75,509.92,276989,3248,509.87
2024-04-29T13:20:00.000,509.925,510.21,509.92,510.16,272236,3235,509.88
2024-04-29T13:25:00.000,510.16,510.41,510.16,510.3701,338593,3742,509.89
2024-04-29T13:30:00.000,510.38,510.455,510.165,510.43,270973,3828,509.89
2024-04-29T13:35:00.000,510.43,510.49,510.29,510.33,201748,2814,509.9
2024-04-29T13:40:00.000,510.325,510.465,510.325,510.4,188245,2554,509.9
2024-04-29T13:45:00.000,510.4,510.52,510.26,510.3101,334234,3796,509.91
2024-04-29T13:50:00.000,510.31,510.41,510.18,510.2001,193893,2340,509.92
2024-04-29T13:55:00.000,510.2,510.36,510.1,510.175,168863,2394,509.92
2024-04-29T14:00:00.000,510.1599,510.16,509.74,509.9412,547514,5454,509.92
2024-04-29T14:05:00.000,509.94,509.98,509.7827,509.945,266675,2974,509.92
2024-04-29T14:10:00.000,509.95,510.005,509.7999,509.92,233174,2970,509.92
2024-04-29T14:15:00.000,509.92,510.07,509.8,509.85,278812,3364,509.92
2024-04-29T14:20:00.000,509.84,509.98,509.75,509.83,212575,2801,509.92
2024-04-29T14:25:00.000,509.8,509.895,509.61,509.68,355869,5000,509.92
2024-04-29T14:30:00.000,509.68,509.68,508.6,508.9901,1209900,11856,509.88
2024-04-29T14:35:00.000,509.0,509.1599,508.822,509.0022,514707,5167,509.86
2024-04-29T14:40:00.000,509.01,509.55,509.0,509.485,549401,5359,509.85
2024-04-29T14:45:00.000,509.49,509.54,509.39,509.424,233312,3049,509.84
2024-04-29T14:50:00.000,509.43,509.54,509.275,509.3599,357658,3713,509.84
2024-04-29T14:55:00.000,509.3512,509.7,509.346,509.5515,281275,3198,509.83
2024-04-29T15:00:00.000,509.55,509.55,507.4401,507.85,2778696,19883,509.72
2024-04-29T15:05:00.000,507.86,508.22,507.25,508.11,1503465,11769,509.62
2024-04-29T15:10:00.000,508.15,508.41,508.02,508.3,722992,7105,509.59
2024-04-29T15:15:00.000,508.29,508.56,508.11,508.375,562122,5665,509.56
2024-04-29T15:20:00.000,508.38,508.88,508.375,508.5087,585859,6146,509.54
2024-04-29T15:25:00.000,508.5,508.79,508.4,508.6,423810,4625,509.53
2024-04-29T15:30:00.000,508.61,508.88,508.6,508.844,557981,6066,509.51
2024-04-29T15:35:00.000,508.8491,508.95,508.48,508.665,531764,6683,509.5
2024-04-29T15:40:00.000,508.67,509.06,508.505,508.91,563066,6804,509.49
2024-04-29T15:45:00.000,508.91,509.15,508.75,508.83,568675,6725,509.48
2024-04-29T15:50:00.000,508.83,509.74,508.79,509.66,1149756,12329,509.48
2024-04-29T15:55:00.000,509.66,510.2,509.555,510.05,3868528,23881,509.52
2024-04-29T16:00:00.000,510.05,510.05,510.05,510.05,1038,1,509.52
2024-04-30T09:30:00.000,508.56,508.82,508.2,508.77,1083083,11137,508.47
2024-04-30T09:35:00.000,508.76,508.8863,508.42,508.745,647240,7816,508.53
2024-04-30T09:40:00.000,508.745,509.52,508.68,509.42,627027,5961,508.69
2024-04-30T09:45:00.000,509.43,509.54,508.95,509.19,711208,6554,508.82
2024-04-30T09:50:00.000,509.21,509.225,508.78,508.9827,633031,7494,508.85
2024-04-30T09:55:00.000,508.99,509.2144,508.885,509.1308,350417,4572,508.86
2024-04-30T10:00:00.000,509.16,509.5401,508.91,509.1201,676078,8117,508.92
2024-04-30T10:05:00.000,509.135,509.56,509.135,509.3,439077,6344,508.95
2024-04-30T10:10:00.000,509.3,509.34,508.69,509.19,529486,12963,508.96
2024-04-30T10:15:00.000,509.1901,509.5,509.09,509.22,463042,12108,508.98
2024-04-30T10:20:00.000,509.24,509.35,508.95,509.0599,546059,10700,508.99
2024-04-30T10:25:00.000,509.06,509.15,508.31,508.32,442120,5698,508.98
2024-04-30T10:30:00.000,508.31,508.47,508.11,508.32,707673,6905,508.92
2024-04-30T10:35:00.000,508.31,508.62,508.17,508.555,477021,4734,508.89
2024-04-30T10:40:00.000,508.555,509.03,508.5,508.98,705910,4929,508.88
2024-04-30T10:45:00.000,508.99,509.38,508.96,509.13,426564,4797,508.9
2024-04-30T10:50:00.000,509.14,509.18,508.6301,508.765,695966,4961,508.89
2024-04-30T10:55:00.000,508.7401,508.77,508.43,508.64,909802,4403,508.88
2024-04-30T11:00:00.000,508.65,508.66,508.08,508.16,824332,5839,508.86
2024-04-30T11:05:00.000,508.16,508.28,507.18,507.37,931333,8872,508.76
2024-04-30T11:10:00.000,507.3632,507.47,506.44,506.56,1881710,10724,508.59
2024-04-30T11:15:00.000,506.54,507.14,506.4098,506.9701,1240213,8745,508.46
2024-04-30T11:20:00.000,506.97,507.08,506.65,506.765,609812,5504,508.39
2024-04-30T11:25:00.000,506.77,507.05,506.6601,506.905,1228291,4671,508.34
2024-04-30T11:30:00.000,506.91,506.95,506.271,506.69,570954,5744,508.28
2024-04-30T11:35:00.000,506.69,506.87,506.58,506.6,384881,4167,508.24
2024-04-30T11:40:00.000,506.59,506.63,506.06,506.23,580937,5558,508.17
2024-04-30T11:45:00.000,506.22,506.44,506.1,506.22,850793,5303,508.1
2024-04-30T11:50:00.000,506.23,506.3599,506.03,506.18,491036,4609,508.04
2024-04-30T11:55:00.000,506.175,506.76,506.17,506.61,620725,5901,507.99
2024-04-30T12:00:00.000,506.61,506.66,506.13,506.34,688375,5904,507.93
2024-04-30T12:05:00.000,506.3249,506.39,506.12,506.34,350400,3692,507.9
2024-04-30T12:10:00.000,506.34,506.75,506.31,506.735,407247,4584,507.87
2024-04-30T12:15:00.000,506.735,506.8,506.51,506.74,645159,4055,507.85
2024-04-30T12:20:00.000,506.74,507.03,506.72,506.775,437651,4339,507.83
2024-04-30T12:25:00.000,506.77,506.98,506.61,506.7,318770,3248,507.81
2024-04-30T12:30:00.000,506.7,506.7,505.1701,505.32,886709,8743,507.73
2024-04-30T12:35:00.000,505.33,505.73,505.24,505.31,1076361,6935,507.64
2024-04-30T12:40:00.000,505.32,505.38,504.8,505.015,766550,7807,507.56
2024-04-30T12:45:00.000,505.01,505.13,504.805,505.03,591751,5869,507.49
2024-04-30T12:50:00.000,505.02,505.215,504.96,505.035,628661,5988,507.43
2024-04-30T12:55:00.000,505.03,505.51,504.94,505.29,860370,5751,507.38
2024-04-30T13:00:00.000,505.3,505.735,504.97,505.19,673533,6440,507.33
2024-04-30T13:05:00.000,505.19,505.5099,505.0,505.28,386836,4606,507.3
2024-04-30T13:10:00.000,505.28,505.455,504.71,505.015,708106,6678,507.24
2024-04-30T13:15:00.000,505.0,505.17,504.79,505.07,508928,5452,507.2
2024-04-30T13:20:00.000,505.07,505.49,505.07,505.37,596013,6838,507.16
2024-04-30T13:25:00.000,505.3601,505.644,505.19,505.255,472447,4625,507.13
2024-04-30T13:30:00.000,505.25,505.4573,505.11,505.39,389066,4407,507.11
2024-04-30T13:35:00.000,505.39,505.67,505.32,505.625,428673,5112,507.08
2024-04-30T13:40:00.000,505.615,506.0,505.34,505.4899,456605,5015,507.06
2024-04-30T13:45:00.000,505.49,505.83,505.48,505.8199,647851,4917,507.04
2024-04-30T13:50:00.000,505.8199,506.17,505.745,506.1401,462127,4809,507.03
2024-04-30T13:55:00.000,506.15,506.265,505.96,506.11,720379,4415,507.01
2024-04-30T14:00:00.000,506.105,506.54,506.09,506.46,586649,5475,507.0
2024-04-30T14:05:00.000,506.46,506.4713,505.86,506.01,830102,5508,506.99
2024-04-30T14:10:00.000,506.01,506.195,505.79,505.85,425795,4784,506.97
2024-04-30T14:15:00.000,505.84,506.0,505.62,505.7299,444521,4621,506.96
2024-04-30T14:20:00.000,505.73,506.07,505.66,505.7,447877,4775,506.94
2024-04-30T14:25:00.000,505.7,505.8575,505.095,505.18,911330,6516,506.91
2024-04-30T14:30:00.000,505.19,505.68,505.18,505.65,736617,5086,506.89
2024-04-30T14:35:00.000,505.63,505.78,505.5,505.7025,433106,4531,506.87
2024-04-30T14:40:00.000,505.7,505.755,505.25,505.36,518376,4362,506.85
2024-04-30T14:45:00.000,505.36,505.4878,504.94,504.96,800522,4974,506.83
2024-04-30T14:50:00.000,504.98,504.985,504.4,504.55,953110,9242,506.77
2024-04-30T14:55:00.000,504.54,504.85,504.49,504.795,523635,5286,506.74
2024-04-30T15:00:00.000,504.795,505.255,504.7,505.095,633517,6375,506.71
2024-04-30T15:05:00.000,505.09,505.21,505.01,505.07,509340,5342,506.69
2024-04-30T15:10:00.000,505.09,505.29,505.03,505.03,1047636,5321,506.67
2024-04-30T15:15:00.000,505.05,505.08,504.48,504.54,1037862,8412,506.61
2024-04-30T15:20:00.000,504.55,504.8285,504.2,504.34,1598392,8013,506.57
2024-04-30T15:25:00.000,504.34,504.84,504.33,504.765,1129524,5731,506.54
2024-04-30T15:30:00.000,504.77,505.0,504.6,504.89,1003656,6342,506.51
2024-04-30T15:35:00.000,504.89,505.02,504.39,504.555,1284729,7453,506.46
2024-04-30T15:40:00.000,504.555,504.87,504.52,504.55,1108356,8205,506.41
2024-04-30T15:45:00.000,504.56,505.17,504.44,505.06,2096743,13648,506.35
2024-04-30T15:50:00.000,505.06,505.06,503.3,503.505,2736630,22349,506.22
2024-04-30T15:55:00.000,503.525,503.525,502.03,502.04,6890308,43164,505.82
2024-04-30T16:00:00.000,502.04,502.04,502.04,502.04,2891,5,505.82
