timestamp,open,high,low,close,volume,count,vwap
2023-11-01T09:30:00.000,419.2,419.37,418.6499,418.875,1653705,15031,419.03
2023-11-01T09:35:00.000,418.88,419.09,418.7387,419.01,914476,8451,418.99
2023-11-01T09:40:00.000,419.015,419.33,418.81,419.1,932668,8468,419.01
2023-11-01T09:45:00.000,419.095,419.85,418.87,419.76,1397716,12137,419.12
2023-11-01T09:50:00.000,419.76,419.88,419.45,419.72,1070195,11908,419.22
2023-11-01T09:55:00.000,419.74,419.79,419.36,419.475,735285,7639,419.26
2023-11-01T10:00:00.000,419.49,420.44,419.48,419.77,1800185,16879,419.39
2023-11-01T10:05:00.000,419.76,419.91,419.17,419.63,1588309,12269,419.41
2023-11-01T10:10:00.000,419.645,420.24,419.42,420.08,1125006,9678,419.45
2023-11-01T10:15:00.000,420.09,420.3699,419.96,420.3399,888123,9316,419.51
2023-11-01T10:20:00.000,420.34,421.46,420.32,421.38,1789394,16085,419.71
2023-11-01T10:25:00.000,421.38,421.46,421.11,421.165,1466559,10565,419.84
2023-11-01T10:30:00.000,421.16,421.41,421.04,421.29,897719,8751,419.91
2023-11-01T10:35:00.000,421.29,421.61,421.14,421.3904,727284,7971,419.98
2023-11-01T10:40:00.000,421.39,421.66,421.29,421.6,868826,7902,420.05
2023-11-01T10:45:00.000,421.62,421.9,421.15,421.24,1104538,9774,420.14
2023-11-01T10:50:00.000,421.24,421.39,421.055,421.13,862547,6996,420.19
2023-11-01T10:55:00.000,421.13,421.39,421.06,421.25,1201838,7622,420.25
2023-11-01T11:00:00.000,421.26,421.615,421.1,421.535,1476683,7360,420.3
2023-11-01T11:05:00.000,421.535,421.585,421.32,421.56,1438795,8175,420.34
2023-11-01T11:10:00.000,421.555,421.58,420.535,420.79,1288203,9700,420.37
2023-11-01T11:15:00.000,420.79,420.82,420.46,420.5876,889208,6750,420.38
2023-11-01T11:20:00.000,420.59,420.63,420.2282,420.525,746313,6303,420.38
2023-11-01T11:25:00.000,420.53,420.6,420.23,420.39,633032,3754,420.38
2023-11-01T11:30:00.000,420.39,420.54,420.235,420.41,458819,4245,420.38
2023-11-01T11:35:00.000,420.42,420.6577,420.36,420.42,532417,4411,420.39
2023-11-01T11:40:00.000,420.425,420.68,420.35,420.66,552418,4648,420.39
2023-11-01T11:45:00.000,420.66,420.7972,420.59,420.6878,510449,4231,420.39
2023-11-01T11:50:00.000,420.6771,420.84,420.45,420.8,538764,4330,420.4
2023-11-01T11:55:00.000,420.79,420.88,420.7,420.7209,341581,3175,420.4
2023-11-01T12:00:00.000,420.735,420.735,420.42,420.5488,548296,4540,420.41
2023-11-01T12:05:00.000,420.5505,420.69,420.15,420.4148,656079,5985,420.41
2023-11-01T12:10:00.000,420.419,420.585,420.11,420.11,393502,3598,420.41
2023-11-01T12:15:00.000,420.15,420.168,419.83,420.06,658342,5351,420.4
2023-11-01T12:20:00.000,420.04,420.23,419.94,420.07,412890,3740,420.39
2023-11-01T12:25:00.000,420.08,420.09,419.875,420.02,467436,3305,420.39
2023-11-01T12:30:00.000,420.02,420.36,419.99,420.17,361520,3457,420.38
2023-11-01T12:35:00.000,420.17,420.21,419.635,419.7,673816,4531,420.37
2023-11-01T12:40:00.000,419.7,419.73,419.3,419.5127,684845,6067,420.35
2023-11-01T12:45:00.000,419.51,419.745,419.44,419.67,523003,4286,420.34
2023-11-01T12:50:00.000,419.69,419.88,419.555,419.78,322200,3172,420.34
2023-11-01T12:55:00.000,419.78,419.91,419.69,419.75,492304,3851,420.33
2023-11-01T13:00:00.000,419.755,419.8499,419.5,419.55,850018,2861,420.32
2023-11-01T13:05:00.000,419.54,420.02,419.51,419.9001,441352,3968,420.32
2023-11-01T13:10:00.000,419.905,420.4,419.865,420.27,643048,5532,420.31
2023-11-01T13:15:00.000,420.271,420.41,420.11,420.2,457389,3986,420.31
2023-11-01T13:20:00.000,420.19,420.22,419.525,419.61,505946,4783,420.31
2023-11-01T13:25:00.000,419.62,419.91,419.45,419.82,520976,4602,420.3
2023-11-01T13:30:00.000,419.81,419.83,419.375,419.41,531330,5413,420.29
2023-11-01T13:35:00.000,419.41,419.72,419.395,419.7064,373663,3520,420.28
2023-11-01T13:40:00.000,419.7,420.11,419.56,420.03,582123,4419,420.28
2023-11-01T13:45:00.000,420.035,420.035,419.555,419.81,550986,4736,420.27
2023-11-01T13:50:00.000,419.82,420.26,419.8,420.03,479807,4504,420.27
2023-11-01T13:55:00.000,420.03,420.21,419.8721,420.14,495462,3944,420.26
2023-11-01T14:00:00.000,420.1,420.96,419.66,420.16,1914666,16526,420.27
2023-11-01T14:05:00.000,420.13,420.38,419.84,419.97,969619,9076,420.26
2023-11-01T14:10:00.000,419.96,420.19,419.61,419.63,608210,6086,420.26
2023-11-01T14:15:00.000,419.66,420.03,419.31,419.92,903452,8239,420.25
2023-11-01T14:20:00.000,419.91,420.43,419.88,420.34,687281,6217,420.25
2023-11-01T14:25:00.000,420.31,420.66,420.08,420.4,1227392,6696,420.25
2023-11-01T14:30:00.000,420.42,421.57,420.42,421.39,1567864,13833,420.28
2023-11-01T14:35:00.000,421.39,421.76,420.15,420.52,2648492,22686,420.32
2023-11-01T14:40:00.000,420.51,420.7,419.14,419.75,2410946,20655,420.29
2023-11-01T14:45:00.000,419.75,420.37,419.08,419.78,2199504,18288,420.27
2023-11-01T14:50:00.000,419.76,420.57,419.67,420.23,1711745,13827,420.27
2023-11-01T14:55:00.000,420.24,421.64,420.21,421.3543,1614787,13395,420.29
2023-11-01T15:00:00.000,421.36,422.66,421.34,422.25,2028562,18126,420.36
2023-11-01T15:05:00.000,422.27,422.67,422.0,422.54,1640480,13538,420.41
2023-11-01T15:10:00.000,422.53,423.05,422.18,422.25,2201169,17043,420.49
2023-11-01T15:15:00.000,422.27,422.78,422.16,422.51,1456433,13178,420.54
2023-11-01T15:20:00.000,422.5,423.2,422.39,423.2,2108824,16176,420.6
2023-11-01T15:25:00.000,423.19,423.35,422.4,422.83,1917303,15377,420.66
2023-11-01T15:30:00.000,422.82,423.5,422.66,423.09,2839203,16844,420.73
2023-11-01T15:35:00.000,423.08,423.31,422.915,423.0678,1553372,11234,420.77
2023-11-01T15:40:00.000,423.075,423.15,422.69,422.93,1925742,13183,420.82
2023-11-01T15:45:00.000,422.92,423.12,422.89,423.05,1745849,11685,420.86
2023-11-01T15:50:00.000,423.05,423.2,422.51,422.835,4800280,19292,420.94
2023-11-01T15:55:00.000,422.83,423.0,422.52,422.7,5079743,22864,421.04
2023-11-01T16:00:00.000,0.0,0.0,0.0,0.0,0,0,421.04
2023-11-02T09:30:00.000,426.58,427.6,426.56,427.54,2633094,22418,427.05
2023-11-02T09:35:00.000,427.55,427.99,427.36,427.9516,1778901,15239,427.31
2023-11-02T09:40:00.000,427.96,428.03,426.875,427.11,2029572,17494,427.39
2023-11-02T09:45:00.000,427.115,427.35,426.96,427.23,1206213,11187,427.35
2023-11-02T09:50:00.000,427.23,427.615,427.15,427.3501,1344486,13675,427.36
2023-11-02T09:55:00.000,427.35,427.69,427.34,427.49,917330,8608,427.37
2023-11-02T10:00:00.000,427.49,427.79,427.38,427.51,1199324,10736,427.39
2023-11-02T10:05:00.000,427.52,427.625,427.03,427.08,1046551,9792,427.38
2023-11-02T10:10:00.000,427.07,427.11,426.7601,427.01,1005206,9307,427.35
2023-11-02T10:15:00.000,427.01,427.59,426.97,427.51,1032635,8961,427.34
2023-11-02T10:20:00.000,427.51,427.73,427.4,427.52,2254718,8269,427.35
2023-11-02T10:25:00.000,427.52,428.41,427.46,428.22,1200065,11802,427.4
2023-11-02T10:30:00.000,428.225,428.44,428.17,428.38,1356049,10345,427.46
2023-11-02T10:35:00.000,428.38,428.65,428.26,428.63,881205,8007,427.51
2023-11-02T10:40:00.000,428.63,428.93,428.58,428.89,1199045,10281,427.58
2023-11-02T10:45:00.000,428.895,428.92,428.71,428.91,876635,7501,427.63
2023-11-02T10:50:00.000,428.91,429.21,428.8,429.085,1001743,8943,427.69
2023-11-02T10:55:00.000,429.1,429.32,429.08,429.32,809551,7145,427.75
2023-11-02T11:00:00.000,429.31,429.34,429.005,429.21,1110632,9959,427.82
2023-11-02T11:05:00.000,429.22,429.32,429.06,429.12,881286,8165,427.86
2023-11-02T11:10:00.000,429.12,429.15,428.7202,428.73,963360,8437,427.91
2023-11-02T11:15:00.000,428.73,428.925,428.17,428.9,1610806,12015,427.94
2023-11-02T11:20:00.000,428.89,429.02,428.76,428.9601,663511,6049,427.97
2023-11-02T11:25:00.000,428.96,429.045,428.67,428.69,690438,4847,427.98
2023-11-02T11:30:00.000,428.68,429.0101,428.55,428.99,646297,6119,428.0
2023-11-02T11:35:00.000,428.985,429.28,428.95,429.11,773205,5190,428.02
2023-11-02T11:40:00.000,429.11,429.3,429.03,429.12,610754,5654,428.04
2023-11-02T11:45:00.000,429.13,429.23,428.865,428.93,512379,4544,428.06
2023-11-02T11:50:00.000,428.94,429.22,428.65,428.79,535912,5007,428.07
2023-11-02T11:55:00.000,428.78,428.89,428.63,428.78,508206,4523,428.08
2023-11-02T12:00:00.000,428.77,428.85,428.63,428.77,386243,3837,428.09
2023-11-02T12:05:00.000,428.78,428.825,428.47,428.56,586710,5416,428.1
2023-11-02T12:10:00.000,428.58,428.81,428.45,428.7,501817,4589,428.11
2023-11-02T12:15:00.000,428.71,428.81,428.43,428.8,520989,4387,428.12
2023-11-02T12:20:00.000,428.8,428.9501,428.64,428.795,501797,4889,428.13
2023-11-02T12:25:00.000,428.8,428.84,428.48,428.73,504254,4957,428.13
2023-11-02T12:30:00.000,428.74,428.9799,428.62,428.97,451336,4351,428.14
2023-11-02T12:35:00.000,428.97,429.29,428.8623,429.21,576624,5077,428.16
2023-11-02T12:40:00.000,429.205,429.4,429.1329,429.29,806572,6349,428.18
2023-11-02T12:45:00.000,429.28,429.53,429.22,429.3901,550355,5159,428.2
2023-11-02T12:50:00.000,429.39,429.51,429.34,429.42,941328,5752,428.22
2023-11-02T12:55:00.000,429.42,429.56,429.02,429.12,1077971,7474,428.25
2023-11-02T13:00:00.000,429.12,429.26,428.92,429.085,1252644,7628,428.27
2023-11-02T13:05:00.000,429.11,429.525,429.09,429.5,519398,4937,428.28
2023-11-02T13:10:00.000,429.5001,429.8,429.49,429.71,967841,7750,428.31
2023-11-02T13:15:00.000,429.7,429.82,429.615,429.67,1058525,7646,428.35
2023-11-02T13:20:00.000,429.675,429.74,429.58,429.675,1207969,5958,428.38
2023-11-02T13:25:00.000,429.68,429.735,429.442,429.62,833175,6156,428.4
2023-11-02T13:30:00.000,429.64,430.03,429.635,430.025,1200951,8998,428.43
2023-11-02T13:35:00.000,430.02,430.04,429.725,430.005,1620522,5402,428.45
2023-11-02T13:40:00.000,430.0,430.0,429.84,429.9401,487490,4639,428.47
2023-11-02T13:45:00.000,429.95,430.09,429.85,429.9401,345393,3829,428.48
2023-11-02T13:50:00.000,429.94,430.16,429.88,430.115,614072,5657,428.5
2023-11-02T13:55:00.000,430.12,430.52,430.105,430.275,1806983,10041,428.55
2023-11-02T14:00:00.000,430.275,430.305,430.0256,430.195,612065,5687,428.57
2023-11-02T14:05:00.000,430.2,430.24,430.0,430.1,563458,5352,428.59
2023-11-02T14:10:00.000,430.1,430.16,429.75,429.9534,934200,7712,428.62
2023-11-02T14:15:00.000,429.96,430.26,429.96,430.195,834554,6446,428.64
2023-11-02T14:20:00.000,430.19,430.21,430.025,430.19,740708,4313,428.66
2023-11-02T14:25:00.000,430.19,430.27,430.0624,430.1409,428096,4131,428.67
2023-11-02T14:30:00.000,430.1699,430.22,430.0,430.06,382002,3826,428.68
2023-11-02T14:35:00.000,430.065,430.36,430.065,430.2299,457394,4435,428.69
2023-11-02T14:40:00.000,430.2399,430.47,430.17,430.3725,749917,4963,428.71
2023-11-02T14:45:00.000,430.37,430.455,430.11,430.2,553388,5101,428.72
2023-11-02T14:50:00.000,430.2,430.3,430.075,430.187,510058,4574,428.74
2023-11-02T14:55:00.000,430.185,430.3,430.07,430.25,681186,4898,428.75
2023-11-02T15:00:00.000,430.25,430.42,430.08,430.195,693423,6037,428.77
2023-11-02T15:05:00.000,430.21,430.41,430.1778,430.36,474418,4403,428.78
2023-11-02T15:10:00.000,430.36,430.5,430.27,430.48,773439,6741,428.81
2023-11-02T15:15:00.000,430.485,430.52,430.36,430.41,741560,6744,428.83
2023-11-02T15:20:00.000,430.41,430.43,430.27,430.3,613097,5550,428.84
2023-11-02T15:25:00.000,430.31,430.38,430.25,430.265,777226,5076,428.86
2023-11-02T15:30:00.000,430.26,430.41,430.22,430.375,1179174,8084,428.88
2023-11-02T15:35:00.000,430.37,430.76,430.37,430.74,970068,8831,428.9
2023-11-02T15:40:00.000,430.75,430.8,430.44,430.57,1886052,12234,428.95
2023-11-02T15:45:00.000,430.57,430.75,430.495,430.6601,2702940,15593,429.01
2023-11-02T15:50:00.000,430.66,430.915,430.51,430.903,3837034,19916,429.1
2023-11-02T15:55:00.000,430.905,430.905,430.5,430.75,7516939,28446,429.23
2023-11-02T16:00:00.000,430.75,430.76,430.75,430.76,620,3,429.23
2023-11-03T09:30:00.000,433.14,433.75,433.01,433.33,1895237,16589,433.37
2023-11-03T09:35:00.000,433.34,433.66,433.24,433.38,1139842,9133,433.41
2023-11-03T09:40:00.000,433.38,434.23,433.37,434.11,1693974,13607,433.59
2023-11-03T09:45:00.000,434.11,434.76,434.11,434.46,1635142,14141,433.8
2023-11-03T09:50:00.000,434.46,434.91,434.225,434.6899,1503628,14103,433.96
2023-11-03T09:55:00.000,434.68,435.0,434.5937,434.64,1392701,10676,434.06
2023-11-03T10:00:00.000,434.67,435.48,434.39,434.43,2113450,17636,434.21
2023-11-03T10:05:00.000,434.43,434.57,434.14,434.2372,1211214,10547,434.22
2023-11-03T10:10:00.000,434.24,434.38,434.12,434.1316,770080,8396,434.22
2023-11-03T10:15:00.000,434.15,434.82,433.86,434.655,1537331,14209,434.24
2023-11-03T10:20:00.000,434.69,434.69,434.23,434.3005,922426,9397,434.25
2023-11-03T10:25:00.000,434.32,434.46,433.44,433.86,1479475,13210,434.21
2023-11-03T10:30:00.000,433.87,434.1,433.46,433.56,1562920,11995,434.18
2023-11-03T10:35:00.000,433.56,434.09,433.35,433.95,1071225,9525,434.15
2023-11-03T10:40:00.000,433.95,434.08,433.6,433.75,843192,5934,434.14
2023-11-03T10:45:00.000,433.75,434.17,433.66,434.0,843366,7114,434.13
2023-11-03T10:50:00.000,433.99,434.055,433.21,433.44,1575443,12060,434.09
2023-11-03T10:55:00.000,433.45,434.2,433.43,434.155,1060281,8937,434.08
2023-11-03T11:00:00.000,434.16,434.33,433.971,434.155,720099,6360,434.09
2023-11-03T11:05:00.000,434.16,434.36,433.7506,433.9,683883,7080,434.09
2023-11-03T11:10:00.000,433.9097,434.141,433.53,433.9501,714613,6749,434.08
2023-11-03T11:15:00.000,433.95,434.0882,433.76,433.94,579118,5046,434.08
2023-11-03T11:20:00.000,433.96,434.23,433.81,434.18,431720,4350,434.08
2023-11-03T11:25:00.000,434.17,434.36,433.91,433.95,512463,5459,434.08
2023-11-03T11:30:00.000,433.99,434.64,433.99,434.57,839685,6460,434.09
2023-11-03T11:35:00.000,434.56,434.67,434.47,434.62,442469,4002,434.1
2023-11-03T11:40:00.000,434.63,434.78,434.46,434.742,528367,5131,434.11
2023-11-03T11:45:00.000,434.745,434.91,434.67,434.85,579648,5498,434.12
2023-11-03T11:50:00.000,434.86,435.2,434.855,434.97,1182635,8776,434.15
2023-11-03T11:55:00.000,434.97,435.17,434.86,434.975,687128,6273,434.17
2023-11-03T12:00:00.000,434.98,435.23,434.8899,434.91,1288278,6074,434.18
2023-11-03T12:05:00.000,434.9199,435.12,434.86,435.09,471810,4189,434.2
2023-11-03T12:10:00.000,435.075,435.35,435.075,435.31,555898,5126,434.21
2023-11-03T12:15:00.000,435.31,435.53,435.22,435.4401,827255,6679,434.24
2023-11-03T12:20:00.000,435.451,435.57,435.215,435.525,677352,5652,434.26
2023-11-03T12:25:00.000,435.525,435.7302,435.395,435.555,549478,5544,434.28
2023-11-03T12:30:00.000,435.56,435.85,435.54,435.82,818840,7196,434.31
2023-11-03T12:35:00.000,435.81,435.84,435.6,435.73,601572,5412,434.34
2023-11-03T12:40:00.000,435.73,435.78,435.4805,435.54,1188484,6300,434.36
2023-11-03T12:45:00.000,435.54,435.62,435.4,435.44,1258403,4233,434.38
2023-11-03T12:50:00.000,435.43,435.72,435.41,435.505,1273815,5930,434.4
2023-11-03T12:55:00.000,435.51,435.8,435.51,435.75,605804,4917,434.42
2023-11-03T13:00:00.000,435.74,435.9,435.59,435.85,1025496,5633,434.44
2023-11-03T13:05:00.000,435.85,435.9,435.57,435.58,427922,4065,434.46
2023-11-03T13:10:00.000,435.579,435.64,435.24,435.25,736298,5965,434.47
2023-11-03T13:15:00.000,435.25,435.51,435.17,435.2587,702608,5278,434.49
2023-11-03T13:20:00.000,435.26,435.3401,434.87,434.97,687655,5684,434.5
2023-11-03T13:25:00.000,434.97,435.11,434.841,435.1,721614,5553,434.5
2023-11-03T13:30:00.000,435.1,435.49,435.09,435.48,772538,7011,434.52
2023-11-03T13:35:00.000,435.48,435.49,435.2034,435.36,894971,3933,434.53
2023-11-03T13:40:00.000,435.3635,435.385,434.96,435.03,706024,4854,434.53
2023-11-03T13:45:00.000,435.02,435.2,434.92,435.1715,549733,4465,434.54
2023-11-03T13:50:00.000,435.19,435.39,435.1101,435.37,969236,3802,434.55
2023-11-03T13:55:00.000,435.375,435.85,435.375,435.65,1709340,6214,434.57
2023-11-03T14:00:00.000,435.645,435.66,435.4,435.465,1154316,5110,434.58
2023-11-03T14:05:00.000,435.465,435.51,435.01,435.395,645812,5820,434.59
2023-11-03T14:10:00.000,435.39,435.57,435.27,435.5,488004,4446,434.6
2023-11-03T14:15:00.000,435.495,435.63,435.34,435.45,444012,4298,434.61
2023-11-03T14:20:00.000,435.46,435.61,435.28,435.3,1141129,5040,434.62
2023-11-03T14:25:00.000,435.32,435.75,435.21,435.73,1020183,4800,434.62
2023-11-03T14:30:00.000,435.74,435.76,435.48,435.68,662290,4320,434.63
2023-11-03T14:35:00.000,435.675,435.8597,435.58,435.805,571182,4902,434.64
2023-11-03T14:40:00.000,435.82,436.06,435.7487,435.91,1202029,7787,434.67
2023-11-03T14:45:00.000,435.91,436.15,435.78,436.065,703528,6115,434.68
2023-11-03T14:50:00.000,436.075,436.175,435.995,436.11,511301,4927,434.7
2023-11-03T14:55:00.000,436.11,436.165,435.93,436.095,729247,6230,434.72
2023-11-03T15:00:00.000,436.1,436.24,435.96,436.195,714855,6784,434.73
2023-11-03T15:05:00.000,436.21,436.29,435.87,435.8896,1309096,11191,434.77
2023-11-03T15:10:00.000,435.889,436.015,435.57,435.93,1403351,11127,434.79
2023-11-03T15:15:00.000,435.931,435.9699,435.66,435.68,1070667,5761,434.8
2023-11-03T15:20:00.000,435.68,435.789,435.54,435.65,1186646,6685,434.81
2023-11-03T15:25:00.000,435.64,435.66,435.32,435.47,1419238,7622,434.82
2023-11-03T15:30:00.000,435.47,435.47,435.11,435.2202,1489226,11473,434.83
2023-11-03T15:35:00.000,435.22,435.53,435.1601,435.43,2152610,10170,434.84
2023-11-03T15:40:00.000,435.435,435.53,435.235,435.34,2203839,11484,434.85
2023-11-03T15:45:00.000,435.33,435.33,434.94,435.05,2333512,16165,434.86
2023-11-03T15:50:00.000,435.04,435.18,434.91,434.95,3260196,20868,434.87
2023-11-03T15:55:00.000,434.94,434.96,434.66,434.67,6601045,29098,434.86
2023-11-03T16:00:00.000,0.0,0.0,0.0,0.0,0,0,434.86
2023-11-04T09:30:00.000,0.0,0.0,0.0,0.0,0,0,0.0
2023-11-04T09:35:00.000,0.0,0.0,0.0,0.0,0,0,0.0
2023-11-04T09:40:00.000,0.0,0.0,0.0,0.0,0,0,0.0
2023-11-04T09:45:00.000,0.0,0.0,0.0,0.0,0,0,0.0
2023-11-04T09:50:00.000,0.0,0.0,0.0,0.0,0,0,0.0
2023-11-04T09:55:00.000,0.0,0.0,0.0,0.0,0,0,0.0
2023-11-04T10:00:00.000,0.0,0.0,0.0,0.0,0,0,0.0
2023-11-04T10:05:00.000,0.0,0.0,0.0,0.0,0,0,0.0
2023-11-04T10:10:00.000,0.0,0.0,0.0,0.0,0,0,0.0
2023-11-04T10:15:00.000,0.0,0.0,0.0,0.0,0,0,0.0
2023-11-04T10:20:00.000,0.0,0.0,0.0,0.0,0,0,0.0
2023-11-04T10:25:00.000,0.0,0.0,0.0,0.0,0,0,0.0
2023-11-04T10:30:00.000,0.0,0.0,0.0,0.0,0,0,0.0
2023-11-04T10:35:00.000,0.0,0.0,0.0,0.0,0,0,0.0
2023-11-04T10:40:00.000,0.0,0.0,0.0,0.0,0,0,0.0
2023-11-04T10:45:00.000,0.0,0.0,0.0,0.0,0,0,0.0
2023-11-04T10:50:00.000,0.0,0.0,0.0,0.0,0,0,0.0
2023-11-04T10:55:00.000,0.0,0.0,0.0,0.0,0,0,0.0
2023-11-04T11:00:00.000,0.0,0.0,0.0,0.0,0,0,0.0
2023-11-04T11:05:00.000,0.0,0.0,0.0,0.0,0,0,0.0
2023-11-04T11:10:00.000,0.0,0.0,0.0,0.0,0,0,0.0
2023-11-04T11:15:00.000,0.0,0.0,0.0,0.0,0,0,0.0
2023-11-04T11:20:00.000,0.0,0.0,0.0,0.0,0,0,0.0
2023-11-04T11:25:00.000,0.0,0.0,0.0,0.0,0,0,0.0
2023-11-04T11:30:00.000,0.0,0.0,0.0,0.0,0,0,0.0
2023-11-04T11:35:00.000,0.0,0.0,0.0,0.0,0,0,0.0
2023-11-04T11:40:00.000,0.0,0.0,0.0,0.0,0,0,0.0
2023-11-04T11:45:00.000,0.0,0.0,0.0,0.0,0,0,0.0
2023-11-04T11:50:00.000,0.0,0.0,0.0,0.0,0,0,0.0
2023-11-04T11:55:00.000,0.0,0.0,0.0,0.0,0,0,0.0
2023-11-04T12:00:00.000,0.0,0.0,0.0,0.0,0,0,0.0
2023-11-04T12:05:00.000,0.0,0.0,0.0,0.0,0,0,0.0
2023-11-04T12:10:00.000,0.0,0.0,0.0,0.0,0,0,0.0
2023-11-04T12:15:00.000,0.0,0.0,0.0,0.0,0,0,0.0
2023-11-04T12:20:00.000,0.0,0.0,0.0,0.0,0,0,0.0
2023-11-04T12:25:00.000,0.0,0.0,0.0,0.0,0,0,0.0
2023-11-04T12:30:00.000,0.0,0.0,0.0,0.0,0,0,0.0
2023-11-04T12:35:00.000,0.0,0.0,0.0,0.0,0,0,0.0
2023-11-04T12:40:00.000,0.0,0.0,0.0,0.0,0,0,0.0
2023-11-04T12:45:00.000,0.0,0.0,0.0,0.0,0,0,0.0
2023-11-04T12:50:00.000,0.0,0.0,0.0,0.0,0,0,0.0
2023-11-04T12:55:00.000,0.0,0.0,0.0,0.0,0,0,0.0
2023-11-04T13:00:00.000,0.0,0.0,0.0,0.0,0,0,0.0
2023-11-04T13:05:00.000,0.0,0.0,0.0,0.0,0,0,0.0
2023-11-04T13:10:00.000,0.0,0.0,0.0,0.0,0,0,0.0
2023-11-04T13:15:00.000,0.0,0.0,0.0,0.0,0,0,0.0
2023-11-04T13:20:00.000,0.0,0.0,0.0,0.0,0,0,0.0
2023-11-04T13:25:00.000,0.0,0.0,0.0,0.0,0,0,0.0
2023-11-04T13:30:00.000,0.0,0.0,0.0,0.0,0,0,0.0
2023-11-04T13:35:00.000,0.0,0.0,0.0,0.0,0,0,0.0
2023-11-04T13:40:00.000,0.0,0.0,0.0,0.0,0,0,0.0
2023-11-04T13:45:00.000,0.0,0.0,0.0,0.0,0,0,0.0
2023-11-04T13:50:00.000,0.0,0.0,0.0,0.0,0,0,0.0
2023-11-04T13:55:00.000,0.0,0.0,0.0,0.0,0,0,0.0
2023-11-04T14:00:00.000,0.0,0.0,0.0,0.0,0,0,0.0
2023-11-04T14:05:00.000,0.0,0.0,0.0,0.0,0,0,0.0
2023-11-04T14:10:00.000,0.0,0.0,0.0,0.0,0,0,0.0
2023-11-04T14:15:00.000,0.0,0.0,0.0,0.0,0,0,0.0
2023-11-04T14:20:00.000,0.0,0.0,0.0,0.0,0,0,0.0
2023-11-04T14:25:00.000,0.0,0.0,0.0,0.0,0,0,0.0
2023-11-04T14:30:00.000,0.0,0.0,0.0,0.0,0,0,0.0
2023-11-04T14:35:00.000,0.0,0.0,0.0,0.0,0,0,0.0
2023-11-04T14:40:00.000,0.0,0.0,0.0,0.0,0,0,0.0
2023-11-04T14:45:00.000,0.0,0.0,0.0,0.0,0,0,0.0
2023-11-04T14:50:00.000,0.0,0.0,0.0,0.0,0,0,0.0
2023-11-04T14:55:00.000,0.0,0.0,0.0,0.0,0,0,0.0
2023-11-04T15:00:00.000,0.0,0.0,0.0,0.0,0,0,0.0
2023-11-04T15:05:00.000,0.0,0.0,0.0,0.0,0,0,0.0
2023-11-04T15:10:00.000,0.0,0.0,0.0,0.0,0,0,0.0
2023-11-04T15:15:00.000,0.0,0.0,0.0,0.0,0,0,0.0
2023-11-04T15:20:00.000,0.0,0.0,0.0,0.0,0,0,0.0
2023-11-04T15:25:00.000,0.0,0.0,0.0,0.0,0,0,0.0
2023-11-04T15:30:00.000,0.0,0.0,0.0,0.0,0,0,0.0
2023-11-04T15:35:00.000,0.0,0.0,0.0,0.0,0,0,0.0
2023-11-04T15:40:00.000,0.0,0.0,0.0,0.0,0,0,0.0
2023-11-04T15:45:00.000,0.0,0.0,0.0,0.0,0,0,0.0
2023-11-04T15:50:00.000,0.0,0.0,0.0,0.0,0,0,0.0
2023-11-04T15:55:00.000,0.0,0.0,0.0,0.0,0,0,0.0
2023-11-04T16:00:00.000,0.0,0.0,0.0,0.0,0,0,0.0
2023-11-05T09:30:00.000,0.0,0.0,0.0,0.0,0,0,0.0
2023-11-05T09:35:00.000,0.0,0.0,0.0,0.0,0,0,0.0
2023-11-05T09:40:00.000,0.0,0.0,0.0,0.0,0,0,0.0
2023-11-05T09:45:00.000,0.0,0.0,0.0,0.0,0,0,0.0
2023-11-05T09:50:00.000,0.0,0.0,0.0,0.0,0,0,0.0
2023-11-05T09:55:00.000,0.0,0.0,0.0,0.0,0,0,0.0
2023-11-05T10:00:00.000,0.0,0.0,0.0,0.0,0,0,0.0
2023-11-05T10:05:00.000,0.0,0.0,0.0,0.0,0,0,0.0
2023-11-05T10:10:00.000,0.0,0.0,0.0,0.0,0,0,0.0
2023-11-05T10:15:00.000,0.0,0.0,0.0,0.0,0,0,0.0
2023-11-05T10:20:00.000,0.0,0.0,0.0,0.0,0,0,0.0
2023-11-05T10:25:00.000,0.0,0.0,0.0,0.0,0,0,0.0
2023-11-05T10:30:00.000,0.0,0.0,0.0,0.0,0,0,0.0
2023-11-05T10:35:00.000,0.0,0.0,0.0,0.0,0,0,0.0
2023-11-05T10:40:00.000,0.0,0.0,0.0,0.0,0,0,0.0
2023-11-05T10:45:00.000,0.0,0.0,0.0,0.0,0,0,0.0
2023-11-05T10:50:00.000,0.0,0.0,0.0,0.0,0,0,0.0
2023-11-05T10:55:00.000,0.0,0.0,0.0,0.0,0,0,0.0
2023-11-05T11:00:00.000,0.0,0.0,0.0,0.0,0,0,0.0
2023-11-05T11:05:00.000,0.0,0.0,0.0,0.0,0,0,0.0
2023-11-05T11:10:00.000,0.0,0.0,0.0,0.0,0,0,0.0
2023-11-05T11:15:00.000,0.0,0.0,0.0,0.0,0,0,0.0
2023-11-05T11:20:00.000,0.0,0.0,0.0,0.0,0,0,0.0
2023-11-05T11:25:00.000,0.0,0.0,0.0,0.0,0,0,0.0
2023-11-05T11:30:00.000,0.0,0.0,0.0,0.0,0,0,0.0
2023-11-05T11:35:00.000,0.0,0.0,0.0,0.0,0,0,0.0
2023-11-05T11:40:00.000,0.0,0.0,0.0,0.0,0,0,0.0
2023-11-05T11:45:00.000,0.0,0.0,0.0,0.0,0,0,0.0
2023-11-05T11:50:00.000,0.0,0.0,0.0,0.0,0,0,0.0
2023-11-05T11:55:00.000,0.0,0.0,0.0,0.0,0,0,0.0
2023-11-05T12:00:00.000,0.0,0.0,0.0,0.0,0,0,0.0
2023-11-05T12:05:00.000,0.0,0.0,0.0,0.0,0,0,0.0
2023-11-05T12:10:00.000,0.0,0.0,0.0,0.0,0,0,0.0
2023-11-05T12:15:00.000,0.0,0.0,0.0,0.0,0,0,0.0
2023-11-05T12:20:00.000,0.0,0.0,0.0,0.0,0,0,0.0
2023-11-05T12:25:00.000,0.0,0.0,0.0,0.0,0,0,0.0
2023-11-05T12:30:00.000,0.0,0.0,0.0,0.0,0,0,0.0
2023-11-05T12:35:00.000,0.0,0.0,0.0,0.0,0,0,0.0
2023-11-05T12:40:00.000,0.0,0.0,0.0,0.0,0,0,0.0
2023-11-05T12:45:00.000,0.0,0.0,0.0,0.0,0,0,0.0
2023-11-05T12:50:00.000,0.0,0.0,0.0,0.0,0,0,0.0
2023-11-05T12:55:00.000,0.0,0.0,0.0,0.0,0,0,0.0
2023-11-05T13:00:00.000,0.0,0.0,0.0,0.0,0,0,0.0
2023-11-05T13:05:00.000,0.0,0.0,0.0,0.0,0,0,0.0
2023-11-05T13:10:00.000,0.0,0.0,0.0,0.0,0,0,0.0
2023-11-05T13:15:00.000,0.0,0.0,0.0,0.0,0,0,0.0
2023-11-05T13:20:00.000,0.0,0.0,0.0,0.0,0,0,0.0
2023-11-05T13:25:00.000,0.0,0.0,0.0,0.0,0,0,0.0
2023-11-05T13:30:00.000,0.0,0.0,0.0,0.0,0,0,0.0
2023-11-05T13:35:00.000,0.0,0.0,0.0,0.0,0,0,0.0
2023-11-05T13:40:00.000,0.0,0.0,0.0,0.0,0,0,0.0
2023-11-05T13:45:00.000,0.0,0.0,0.0,0.0,0,0,0.0
2023-11-05T13:50:00.000,0.0,0.0,0.0,0.0,0,0,0.0
2023-11-05T13:55:00.000,0.0,0.0,0.0,0.0,0,0,0.0
2023-11-05T14:00:00.000,0.0,0.0,0.0,0.0,0,0,0.0
2023-11-05T14:05:00.000,0.0,0.0,0.0,0.0,0,0,0.0
2023-11-05T14:10:00.000,0.0,0.0,0.0,0.0,0,0,0.0
2023-11-05T14:15:00.000,0.0,0.0,0.0,0.0,0,0,0.0
2023-11-05T14:20:00.000,0.0,0.0,0.0,0.0,0,0,0.0
2023-11-05T14:25:00.000,0.0,0.0,0.0,0.0,0,0,0.0
2023-11-05T14:30:00.000,0.0,0.0,0.0,0.0,0,0,0.0
2023-11-05T14:35:00.000,0.0,0.0,0.0,0.0,0,0,0.0
2023-11-05T14:40:00.000,0.0,0.0,0.0,0.0,0,0,0.0
2023-11-05T14:45:00.000,0.0,0.0,0.0,0.0,0,0,0.0
2023-11-05T14:50:00.000,0.0,0.0,0.0,0.0,0,0,0.0
2023-11-05T14:55:00.000,0.0,0.0,0.0,0.0,0,0,0.0
2023-11-05T15:00:00.000,0.0,0.0,0.0,0.0,0,0,0.0
2023-11-05T15:05:00.000,0.0,0.0,0.0,0.0,0,0,0.0
2023-11-05T15:10:00.000,0.0,0.0,0.0,0.0,0,0,0.0
2023-11-05T15:15:00.000,0.0,0.0,0.0,0.0,0,0,0.0
2023-11-05T15:20:00.000,0.0,0.0,0.0,0.0,0,0,0.0
2023-11-05T15:25:00.000,0.0,0.0,0.0,0.0,0,0,0.0
2023-11-05T15:30:00.000,0.0,0.0,0.0,0.0,0,0,0.0
2023-11-05T15:35:00.000,0.0,0.0,0.0,0.0,0,0,0.0
2023-11-05T15:40:00.000,0.0,0.0,0.0,0.0,0,0,0.0
2023-11-05T15:45:00.000,0.0,0.0,0.0,0.0,0,0,0.0
2023-11-05T15:50:00.000,0.0,0.0,0.0,0.0,0,0,0.0
2023-11-05T15:55:00.000,0.0,0.0,0.0,0.0,0,0,0.0
2023-11-05T16:00:00.000,0.0,0.0,0.0,0.0,0,0,0.0
2023-11-06T09:30:00.000,435.47,436.1498,435.46,435.75,1894232,16925,435.78
2023-11-06T09:35:00.000,435.74,435.945,435.45,435.8089,908110,9193,435.75
2023-11-06T09:40:00.000,435.805,435.84,435.13,435.38,1155558,11280,435.68
2023-11-06T09:45:00.000,435.39,435.48,435.01,435.24,836968,8881,435.61
2023-11-06T09:50:00.000,435.25,435.425,435.065,435.2797,700285,7364,435.56
2023-11-06T09:55:00.000,435.29,435.56,435.22,435.45,969815,9052,435.53
2023-11-06T10:00:00.000,435.46,435.605,435.085,435.21,853681,8826,435.51
2023-11-06T10:05:00.000,435.21,435.37,435.03,435.25,690204,7494,435.49
2023-11-06T10:10:00.000,435.27,435.27,434.74,434.77,705241,7916,435.44
2023-11-06T10:15:00.000,434.77,435.27,434.77,435.19,909769,8180,435.4
2023-11-06T10:20:00.000,435.2,435.63,435.11,435.2299,1030892,9673,435.4
2023-11-06T10:25:00.000,435.2031,435.327,435.06,435.28,509172,5619,435.39
2023-11-06T10:30:00.000,435.28,435.39,435.09,435.21,996590,7422,435.38
2023-11-06T10:35:00.000,435.21,435.74,435.14,435.7202,631613,6497,435.38
2023-11-06T10:40:00.000,435.73,435.8801,435.51,435.5301,842448,8317,435.4
2023-11-06T10:45:00.000,435.535,435.54,435.04,435.18,632299,6415,435.4
2023-11-06T10:50:00.000,435.19,435.5,435.14,435.3329,502416,5073,435.39
2023-11-06T10:55:00.000,435.34,435.5,435.28,435.42,1102261,3952,435.39
2023-11-06T11:00:00.000,435.43,435.6,435.33,435.55,458784,4465,435.4
2023-11-06T11:05:00.000,435.55,435.81,435.535,435.75,498280,4827,435.41
2023-11-06T11:10:00.000,435.74,435.74,435.41,435.5984,776466,4744,435.41
2023-11-06T11:15:00.000,435.595,435.71,435.515,435.71,372298,3484,435.42
2023-11-06T11:20:00.000,435.71,435.71,435.35,435.48,535324,4669,435.42
2023-11-06T11:25:00.000,435.49,435.7,435.44,435.45,559852,4036,435.42
2023-11-06T11:30:00.000,435.46,435.5213,435.34,435.45,547081,4808,435.42
2023-11-06T11:35:00.000,435.45,435.55,435.25,435.305,701576,4075,435.42
2023-11-06T11:40:00.000,435.305,435.451,435.14,435.18,468361,4365,435.42
2023-11-06T11:45:00.000,435.19,435.28,435.04,435.14,473639,4175,435.41
2023-11-06T11:50:00.000,435.13,435.3399,435.1198,435.28,375584,3686,435.41
2023-11-06T11:55:00.000,435.28,435.64,435.28,435.565,1951551,4142,435.41
2023-11-06T12:00:00.000,435.57,435.64,435.325,435.4001,432311,3860,435.41
2023-11-06T12:05:00.000,435.41,435.465,435.26,435.38,450362,3452,435.41
2023-11-06T12:10:00.000,435.37,435.4,435.1686,435.225,259721,2785,435.41
2023-11-06T12:15:00.000,435.23,435.315,435.07,435.125,546649,3076,435.4
2023-11-06T12:20:00.000,435.14,435.185,434.98,435.01,372059,3888,435.4
2023-11-06T12:25:00.000,435.02,435.09,434.9,435.04,407481,3924,435.39
2023-11-06T12:30:00.000,435.04,435.16,434.99,435.04,311290,2956,435.39
2023-11-06T12:35:00.000,435.045,435.07,434.88,434.965,1044720,2891,435.38
2023-11-06T12:40:00.000,434.965,435.06,434.81,434.8501,510286,3963,435.37
2023-11-06T12:45:00.000,434.84,434.9,434.68,434.715,520228,4871,435.36
2023-11-06T12:50:00.000,434.72,434.75,434.4796,434.75,665146,6084,435.34
2023-11-06T12:55:00.000,434.7499,435.01,434.7399,434.98,478637,4319,435.33
2023-11-06T13:00:00.000,434.99,434.995,434.48,434.6773,611380,5652,435.31
2023-11-06T13:05:00.000,434.69,434.78,434.48,434.48,392659,3604,435.3
2023-11-06T13:10:00.000,434.48,434.54,434.27,434.36,788530,4685,435.29
2023-11-06T13:15:00.000,434.36,434.41,433.9402,434.02,647335,5938,435.26
2023-11-06T13:20:00.000,434.02,434.25,433.68,434.21,1298640,11448,435.2
2023-11-06T13:25:00.000,434.22,434.25,434.05,434.22,641910,5634,435.18
2023-11-06T13:30:00.000,434.2,434.22,433.95,434.175,473123,5624,435.16
2023-11-06T13:35:00.000,434.175,434.52,434.11,434.475,610799,5711,435.14
2023-11-06T13:40:00.000,434.48,434.54,434.3,434.3997,636776,5623,435.13
2023-11-06T13:45:00.000,434.4,434.45,434.12,434.2179,799158,3800,435.11
2023-11-06T13:50:00.000,434.22,434.2907,434.04,434.08,450497,4288,435.1
2023-11-06T13:55:00.000,434.085,434.36,433.99,434.2912,947345,5152,435.08
2023-11-06T14:00:00.000,434.3,434.45,434.1,434.26,551616,4868,435.07
2023-11-06T14:05:00.000,434.2728,434.2728,433.825,433.88,813153,7132,435.04
2023-11-06T14:10:00.000,433.882,434.08,433.72,433.78,579232,5362,435.02
2023-11-06T14:15:00.000,433.77,434.16,433.71,434.089,602356,5679,435.0
2023-11-06T14:20:00.000,434.09,434.21,433.95,434.02,490913,3986,434.99
2023-11-06T14:25:00.000,434.02,434.29,434.0175,434.2899,548607,4804,434.98
2023-11-06T14:30:00.000,434.28,434.57,434.19,434.535,736789,6124,434.97
2023-11-06T14:35:00.000,434.535,434.64,434.4,434.53,614096,5708,434.96
2023-11-06T14:40:00.000,434.52,435.0406,434.44,434.92,806972,7684,434.96
2023-11-06T14:45:00.000,434.91,435.03,434.765,434.79,1240539,5733,434.96
2023-11-06T14:50:00.000,434.79,435.12,434.775,435.06,600711,4507,434.96
2023-11-06T14:55:00.000,435.04,435.17,434.995,435.09,508628,4532,434.96
2023-11-06T15:00:00.000,435.09,435.14,434.96,435.1298,535714,5049,434.96
2023-11-06T15:05:00.000,435.125,435.14,434.86,435.005,678549,6021,434.96
2023-11-06T15:10:00.000,435.015,435.26,434.99,435.02,829101,7429,434.97
2023-11-06T15:15:00.000,435.015,435.125,434.98,435.09,590196,5409,434.97
2023-11-06T15:20:00.000,435.085,435.12,434.8843,435.05,1098574,6175,434.97
2023-11-06T15:25:00.000,435.06,435.075,434.81,435.02,528808,5157,434.97
2023-11-06T15:30:00.000,435.03,435.16,434.92,435.105,599106,6069,434.97
2023-11-06T15:35:00.000,435.095,435.13,434.85,434.941,707791,6550,434.97
2023-11-06T15:40:00.000,434.94,435.07,434.7,434.86,933838,8283,434.97
2023-11-06T15:45:00.000,434.86,434.9704,434.7601,434.93,1016521,9242,434.96
2023-11-06T15:50:00.000,434.93,435.105,434.805,435.0426,1505404,11353,434.96
2023-11-06T15:55:00.000,435.04,435.74,435.02,435.65,5963029,24186,435.01
2023-11-06T16:00:00.000,435.65,435.65,435.65,435.65,100,1,435.01
2023-11-07T09:30:00.000,435.69,435.73,434.81,434.87,1364963,11773,435.35
2023-11-07T09:35:00.000,434.865,434.95,434.51,434.7,978210,9039,435.1
2023-11-07T09:40:00.000,434.69,435.12,434.58,435.065,1441484,11885,435.01
2023-11-07T09:45:00.000,435.06,435.12,434.73,434.88,712396,7601,435.0
2023-11-07T09:50:00.000,434.89,435.37,434.8,435.35,682968,7638,435.02
2023-11-07T09:55:00.000,435.35,435.6,435.33,435.555,949261,9250,435.09
2023-11-07T10:00:00.000,435.55,436.05,435.54,435.92,1161034,11279,435.22
2023-11-07T10:05:00.000,435.92,435.93,435.46,435.51,792000,7568,435.27
2023-11-07T10:10:00.000,435.52,435.87,435.39,435.73,1113542,8509,435.3
2023-11-07T10:15:00.000,435.71,435.86,435.4601,435.805,447025,5489,435.32
2023-11-07T10:20:00.000,435.8,435.96,435.69,435.935,709023,6900,435.35
2023-11-07T10:25:00.000,435.939,436.48,435.89,436.45,1142908,10375,435.44
2023-11-07T10:30:00.000,436.44,436.78,436.335,436.71,1101029,8601,435.52
2023-11-07T10:35:00.000,436.7,436.92,436.63,436.88,642533,6382,435.59
2023-11-07T10:40:00.000,436.88,436.98,436.81,436.88,790188,7354,435.66
2023-11-07T10:45:00.000,436.88,437.18,436.78,437.1765,783747,7346,435.73
2023-11-07T10:50:00.000,437.15,437.35,437.07,437.29,769978,7311,435.81
2023-11-07T10:55:00.000,437.28,437.44,436.9897,437.17,878981,7850,435.88
2023-11-07T11:00:00.000,437.17,437.22,436.9,437.0081,603539,5567,435.93
2023-11-07T11:05:00.000,437.01,437.1699,436.895,436.91,529867,5116,435.96
2023-11-07T11:10:00.000,436.906,437.11,436.8,436.88,629991,5124,435.99
2023-11-07T11:15:00.000,436.88,437.03,436.82,436.85,609652,5194,436.02
2023-11-07T11:20:00.000,436.8578,437.1,436.8499,436.99,472684,4425,436.05
2023-11-07T11:25:00.000,436.99,437.12,436.865,437.035,481834,4384,436.07
2023-11-07T11:30:00.000,437.04,437.39,437.0,437.32,617303,5835,436.11
2023-11-07T11:35:00.000,437.32,437.43,437.26,437.34,429487,4220,436.13
2023-11-07T11:40:00.000,437.34,437.51,437.28,437.305,561613,5326,436.17
2023-11-07T11:45:00.000,437.3,437.33,436.62,436.81,916686,7710,436.2
2023-11-07T11:50:00.000,436.8,436.92,436.73,436.8499,423161,3997,436.21
2023-11-07T11:55:00.000,436.8401,437.06,436.76,436.87,476174,4348,436.23
2023-11-07T12:00:00.000,436.885,436.8899,436.43,436.45,574397,5174,436.24
2023-11-07T12:05:00.000,436.47,436.64,436.32,436.495,429066,4475,436.24
2023-11-07T12:10:00.000,436.5,436.54,436.355,436.42,1167890,3368,436.24
2023-11-07T12:15:00.000,436.42,436.445,436.04,436.32,1003087,7017,436.24
2023-11-07T12:20:00.000,436.34,436.469,436.265,436.4094,319165,3271,436.24
2023-11-07T12:25:00.000,436.4,436.5699,436.24,436.29,2336961,4302,436.25
2023-11-07T12:30:00.000,436.3,436.47,435.86,436.29,818176,7752,436.25
2023-11-07T12:35:00.000,436.29,436.52,436.21,436.43,444084,4093,436.25
2023-11-07T12:40:00.000,436.42,436.46,436.24,436.42,347904,3332,436.25
2023-11-07T12:45:00.000,436.43,436.78,436.25,436.315,521800,4856,436.25
2023-11-07T12:50:00.000,436.3,436.48,436.2,436.34,453022,3783,436.25
2023-11-07T12:55:00.000,436.33,436.7,436.225,436.7,421556,3547,436.26
2023-11-07T13:00:00.000,436.7,436.99,436.56,436.9184,655028,5804,436.27
2023-11-07T13:05:00.000,436.92,437.15,436.8122,437.13,598706,4497,436.28
2023-11-07T13:10:00.000,437.13,437.2,437.02,437.11,397954,3908,436.29
2023-11-07T13:15:00.000,437.1,437.23,436.9939,437.16,484559,4258,436.3
2023-11-07T13:20:00.000,437.152,437.24,436.91,437.18,418340,4133,436.31
2023-11-07T13:25:00.000,437.18,437.2,437.02,437.04,266377,2870,436.32
2023-11-07T13:30:00.000,437.035,437.27,437.0,437.19,434910,4520,436.33
2023-11-07T13:35:00.000,437.19,437.34,437.109,437.33,497769,4346,436.35
2023-11-07T13:40:00.000,437.33,437.35,437.075,437.16,506071,4871,436.36
2023-11-07T13:45:00.000,437.16,437.39,437.14,437.335,353970,3773,436.37
2023-11-07T13:50:00.000,437.34,437.47,437.1815,437.2,647329,5731,436.39
2023-11-07T13:55:00.000,437.22,437.32,436.94,437.225,732502,5349,436.41
2023-11-07T14:00:00.000,437.22,437.44,437.21,437.37,408755,3210,436.42
2023-11-07T14:05:00.000,437.36,437.37,437.06,437.215,956632,3584,436.43
2023-11-07T14:10:00.000,437.21,437.31,437.16,437.17,353206,3291,436.44
2023-11-07T14:15:00.000,437.175,437.35,437.15,437.3,252196,2735,436.44
2023-11-07T14:20:00.000,437.29,437.46,437.22,437.415,399416,3765,436.45
2023-11-07T14:25:00.000,437.405,437.41,437.215,437.32,299802,3113,436.46
2023-11-07T14:30:00.000,437.33,437.44,437.33,437.3883,333028,3632,436.47
2023-11-07T14:35:00.000,437.39,437.4,437.145,437.18,967602,4517,436.48
2023-11-07T14:40:00.000,437.18,437.1998,436.81,436.965,602260,5338,436.48
2023-11-07T14:45:00.000,436.96,437.2199,436.9099,437.0,450309,4254,436.49
2023-11-07T14:50:00.000,437.01,437.1,436.89,436.925,385776,3707,436.5
2023-11-07T14:55:00.000,436.92,437.04,436.81,436.88,411100,4179,436.5
2023-11-07T15:00:00.000,436.9,437.1379,436.82,436.84,463337,4639,436.51
2023-11-07T15:05:00.000,436.84,436.92,436.7,436.775,514458,5111,436.51
2023-11-07T15:10:00.000,436.765,437.0,436.64,436.94,462468,4942,436.51
2023-11-07T15:15:00.000,436.94,437.06,436.8103,437.01,352237,3691,436.52
2023-11-07T15:20:00.000,437.01,437.23,436.815,437.2,954607,7242,436.53
2023-11-07T15:25:00.000,437.2,437.25,437.1,437.2,524364,4300,436.54
2023-11-07T15:30:00.000,437.21,437.4,437.18,437.31,567329,5141,436.55
2023-11-07T15:35:00.000,437.31,437.53,437.29,437.515,741273,6156,436.56
2023-11-07T15:40:00.000,437.515,437.53,437.42,437.5,965979,6686,436.58
2023-11-07T15:45:00.000,437.49,437.585,437.24,437.28,1612866,9288,436.6
2023-11-07T15:50:00.000,437.28,437.28,436.53,436.5726,2339360,17960,436.61
2023-11-07T15:55:00.000,436.57,436.915,436.21,436.87,5800105,29545,436.61
2023-11-07T16:00:00.000,436.86,436.87,436.86,436.86,3409,12,436.61
2023-11-08T09:30:00.000,437.55,437.8785,437.39,437.86,1458409,13111,437.65
2023-11-08T09:35:00.000,437.87,437.92,437.4,437.73,1195356,9338,437.65
2023-11-08T09:40:00.000,437.72,437.86,437.49,437.65,827720,6623,437.65
2023-11-08T09:45:00.000,437.655,438.03,437.55,437.915,855320,7564,437.68
2023-11-08T09:50:00.000,437.92,438.09,437.78,437.93,800793,6920,437.72
2023-11-08T09:55:00.000,437.94,438.075,437.53,437.71,755703,7425,437.73
2023-11-08T10:00:00.000,437.71,437.82,436.93,436.9889,1520515,11470,437.65
2023-11-08T10:05:00.000,436.98,437.4,436.86,437.38,1108312,8070,437.59
2023-11-08T10:10:00.000,437.39,437.58,437.16,437.27,745661,7513,437.57
2023-11-08T10:15:00.000,437.26,437.38,437.005,437.31,476335,5941,437.55
2023-11-08T10:20:00.000,437.31,437.31,436.71,436.96,647233,7247,437.51
2023-11-08T10:25:00.000,436.97,437.09,436.78,436.96,531069,5573,437.49
2023-11-08T10:30:00.000,436.95,437.1,436.75,436.91,506741,5944,437.46
2023-11-08T10:35:00.000,436.9,437.06,436.61,436.7313,707091,6591,437.42
2023-11-08T10:40:00.000,436.74,437.12,436.65,437.1,756295,6398,437.39
2023-11-08T10:45:00.000,437.101,437.14,436.81,437.03,559566,5263,437.37
2023-11-08T10:50:00.000,437.03,437.03,436.57,436.63,701294,6278,437.34
2023-11-08T10:55:00.000,436.64,436.9,436.51,436.585,607841,5308,437.31
2023-11-08T11:00:00.000,436.595,436.89,436.55,436.78,437236,4270,437.3
2023-11-08T11:05:00.000,436.8,436.85,436.46,436.5499,406292,3926,437.28
2023-11-08T11:10:00.000,436.555,436.9,436.53,436.84,853013,5592,437.26
2023-11-08T11:15:00.000,436.83,437.17,436.75,437.01,700045,6000,437.25
2023-11-08T11:20:00.000,437.02,437.05,436.2,436.38,661350,5642,437.22
2023-11-08T11:25:00.000,436.38,436.645,436.28,436.51,525123,4464,437.2
2023-11-08T11:30:00.000,436.51,436.76,436.34,436.52,812334,7865,437.17
2023-11-08T11:35:00.000,436.52,436.76,436.33,436.44,471922,4457,437.15
2023-11-08T11:40:00.000,436.44,436.76,436.36,436.745,485979,4841,437.13
2023-11-08T11:45:00.000,436.73,436.8808,436.48,436.57,325788,3271,437.13
2023-11-08T11:50:00.000,436.57,436.578,436.21,436.4676,669573,6099,437.1
2023-11-08T11:55:00.000,436.47,436.48,436.03,436.09,742866,4492,437.08
2023-11-08T12:00:00.000,436.09,436.1467,435.59,435.72,1007986,9168,437.02
2023-11-08T12:05:00.000,435.72,435.8097,434.87,435.125,1564450,10554,436.92
2023-11-08T12:10:00.000,435.125,435.6,435.04,435.405,1535806,7402,436.85
2023-11-08T12:15:00.000,435.41,435.62,435.26,435.5316,727372,4288,436.83
2023-11-08T12:20:00.000,435.54,435.73,435.5,435.57,337223,3308,436.81
2023-11-08T12:25:00.000,435.53,435.65,435.32,435.5,390881,3820,436.79
2023-11-08T12:30:00.000,435.5,435.51,435.22,435.505,424230,3782,436.77
2023-11-08T12:35:00.000,435.49,435.8574,435.36,435.825,368054,3446,436.75
2023-11-08T12:40:00.000,435.84,435.86,435.64,435.8,446004,4190,436.73
2023-11-08T12:45:00.000,435.81,435.8799,435.675,435.82,277655,3233,436.72
2023-11-08T12:50:00.000,435.82,435.82,435.6,435.67,325257,3211,436.71
2023-11-08T12:55:00.000,435.65,435.8469,435.525,435.8188,297728,3155,436.7
2023-11-08T13:00:00.000,435.83,436.29,435.61,436.225,906363,8389,436.68
2023-11-08T13:05:00.000,436.22,436.5,436.19,436.3999,763318,6622,436.67
2023-11-08T13:10:00.000,436.39,436.411,435.96,436.0249,669697,5939,436.66
2023-11-08T13:15:00.000,436.03,436.13,435.82,435.84,482882,4199,436.65
2023-11-08T13:20:00.000,435.83,436.25,435.67,436.23,551266,4808,436.64
2023-11-08T13:25:00.000,436.23,436.42,436.11,436.35,391171,3590,436.63
2023-11-08T13:30:00.000,436.36,436.56,436.32,436.48,553835,5095,436.63
2023-11-08T13:35:00.000,436.48,436.67,436.45,436.545,511179,4555,436.63
2023-11-08T13:40:00.000,436.545,436.67,436.5,436.65,398842,3388,436.63
2023-11-08T13:45:00.000,436.65,436.7,436.4424,436.5,494341,3402,436.63
2023-11-08T13:50:00.000,436.55,436.65,436.48,436.6,366122,3333,436.63
2023-11-08T13:55:00.000,436.61,436.655,436.4217,436.565,305731,3134,436.62
2023-11-08T14:00:00.000,436.555,437.035,436.44,436.88,647166,5418,436.63
2023-11-08T14:05:00.000,436.9,437.09,436.88,437.015,508970,4571,436.63
2023-11-08T14:10:00.000,437.02,437.045,436.81,436.84,401268,3887,436.63
2023-11-08T14:15:00.000,436.85,437.02,436.82,436.9,244946,2786,436.64
2023-11-08T14:20:00.000,436.9,437.08,436.86,437.01,380580,3550,436.64
2023-11-08T14:25:00.000,437.0,437.09,436.92,437.02,628412,3711,436.64
2023-11-08T14:30:00.000,437.02,437.2,436.62,436.69,620634,5889,436.65
2023-11-08T14:35:00.000,436.6816,436.9787,436.59,436.97,496778,4395,436.65
2023-11-08T14:40:00.000,436.97,437.03,436.69,436.92,420397,4168,436.65
2023-11-08T14:45:00.000,436.91,436.9473,436.7701,436.78,257669,2431,436.65
2023-11-08T14:50:00.000,436.77,436.87,436.6101,436.8,615460,3245,436.65
2023-11-08T14:55:00.000,436.81,436.84,436.44,436.51,456880,3998,436.65
2023-11-08T15:00:00.000,436.52,436.7699,436.49,436.73,488930,4120,436.65
2023-11-08T15:05:00.000,436.74,436.82,436.6,436.665,338164,3492,436.65
2023-11-08T15:10:00.000,436.67,436.81,436.55,436.785,349599,3602,436.65
2023-11-08T15:15:00.000,436.785,436.95,436.72,436.8471,558355,4825,436.66
2023-11-08T15:20:00.000,436.85,436.99,436.7842,436.92,358182,3575,436.66
2023-11-08T15:25:00.000,436.92,437.06,436.865,436.9404,433111,4398,436.66
2023-11-08T15:30:00.000,436.93,436.9375,436.7203,436.75,759034,6345,436.66
2023-11-08T15:35:00.000,436.74,437.05,436.73,437.02,797305,5229,436.67
2023-11-08T15:40:00.000,437.021,437.8,437.005,437.6235,1224096,10485,436.69
2023-11-08T15:45:00.000,437.6,437.69,437.38,437.3801,1452004,10156,436.72
2023-11-08T15:50:00.000,437.39,437.62,437.31,437.39,2469723,11902,436.75
2023-11-08T15:55:00.000,437.39,437.45,437.11,437.2,3838607,21489,436.79
2023-11-08T16:00:00.000,437.2,437.2,437.2,437.2,312,5,436.79
2023-11-09T09:30:00.000,438.43,438.47,437.68,437.71,1395776,12042,438.03
2023-11-09T09:35:00.000,437.72,437.73,437.23,437.24,1177711,9925,437.76
2023-11-09T09:40:00.000,437.27,437.66,437.21,437.42,814571,7077,437.69
2023-11-09T09:45:00.000,437.42,437.45,436.98,437.215,786110,8461,437.6
2023-11-09T09:50:00.000,437.23,437.67,437.01,437.5099,640233,7003,437.58
2023-11-09T09:55:00.000,437.5,437.88,437.42,437.88,573652,6249,437.58
2023-11-09T10:00:00.000,437.88,438.1593,437.32,437.33,1344001,12922,437.6
2023-11-09T10:05:00.000,437.34,437.395,436.4487,436.76,1379481,13174,437.48
2023-11-09T10:10:00.000,436.76,436.92,436.43,436.895,656793,6877,437.42
2023-11-09T10:15:00.000,436.8968,436.97,436.53,436.5906,494484,5840,437.39
2023-11-09T10:20:00.000,436.59,436.785,436.405,436.7,593115,6910,437.34
2023-11-09T10:25:00.000,436.7,436.7,436.36,436.4876,619751,6491,437.29
2023-11-09T10:30:00.000,436.51,436.52,436.165,436.2029,708074,7131,437.23
2023-11-09T10:35:00.000,436.22,436.7275,436.08,436.41,765153,6802,437.18
2023-11-09T10:40:00.000,436.41,436.68,436.08,436.65,605763,5689,437.14
2023-11-09T10:45:00.000,436.63,436.65,436.375,436.45,451347,4261,437.12
2023-11-09T10:50:00.000,436.47,436.87,436.45,436.78,415207,4441,437.1
2023-11-09T10:55:00.000,436.8,437.03,436.67,436.98,491511,4838,437.1
2023-11-09T11:00:00.000,436.97,437.31,436.95,437.28,528719,5198,437.1
2023-11-09T11:05:00.000,437.28,437.75,437.27,437.645,978028,9005,437.12
2023-11-09T11:10:00.000,437.65,437.76,437.5233,437.575,1168457,5886,437.15
2023-11-09T11:15:00.000,437.58,437.88,437.545,437.59,806572,7398,437.17
2023-11-09T11:20:00.000,437.595,437.73,437.53,437.665,547163,5242,437.19
2023-11-09T11:25:00.000,437.66,437.665,437.39,437.42,745869,4819,437.2
2023-11-09T11:30:00.000,437.43,437.65,437.34,437.62,518530,5060,437.2
2023-11-09T11:35:00.000,437.63,437.7,437.35,437.44,450872,4423,437.21
2023-11-09T11:40:00.000,437.445,437.55,437.34,437.53,423240,4228,437.22
2023-11-09T11:45:00.000,437.525,437.84,437.49,437.8,405721,3861,437.23
2023-11-09T11:50:00.000,437.81,438.08,437.7601,437.9701,616706,5737,437.25
2023-11-09T11:55:00.000,437.99,438.0,437.59,437.7988,648940,5809,437.26
2023-11-09T12:00:00.000,437.81,437.81,437.62,437.8,346248,3282,437.27
2023-11-09T12:05:00.000,437.81,437.89,437.69,437.815,334661,3724,437.28
2023-11-09T12:10:00.000,437.81,437.85,437.41,437.49,913464,4763,437.29
2023-11-09T12:15:00.000,437.48,437.51,437.26,437.3019,923698,4103,437.29
2023-11-09T12:20:00.000,437.3,437.46,437.23,437.405,362356,3633,437.29
2023-11-09T12:25:00.000,437.4,437.42,437.12,437.21,673620,3882,437.29
2023-11-09T12:30:00.000,437.21,437.411,437.16,437.35,289154,2940,437.29
2023-11-09T12:35:00.000,437.35,437.43,437.08,437.11,365364,3172,437.29
2023-11-09T12:40:00.000,437.12,437.32,437.095,437.28,330687,3036,437.29
2023-11-09T12:45:00.000,437.28,437.56,437.235,437.535,383971,3809,437.29
2023-11-09T12:50:00.000,437.54,437.71,437.48,437.62,701823,3460,437.29
2023-11-09T12:55:00.000,437.62,437.74,437.46,437.605,667343,3517,437.3
2023-11-09T13:00:00.000,437.6,437.6709,435.56,436.195,3304197,23784,437.21
2023-11-09T13:05:00.000,436.19,436.38,435.15,435.5,2340047,16712,437.09
2023-11-09T13:10:00.000,435.51,436.73,435.34,436.64,1488627,12635,437.03
2023-11-09T13:15:00.000,436.65,436.67,435.92,435.9989,933988,8491,437.01
2023-11-09T13:20:00.000,435.99,436.67,435.9,436.51,926268,8524,436.99
2023-11-09T13:25:00.000,436.5,436.62,436.26,436.4,585205,5965,436.98
2023-11-09T13:30:00.000,436.4,436.4,435.92,436.27,680004,6942,436.96
2023-11-09T13:35:00.000,436.27,436.63,436.03,436.05,561231,5437,436.95
2023-11-09T13:40:00.000,436.063,436.1,435.441,435.6688,784506,7339,436.92
2023-11-09T13:45:00.000,435.69,435.838,435.54,435.75,492685,4881,436.91
2023-11-09T13:50:00.000,435.75,435.85,435.37,435.45,690870,6631,436.88
2023-11-09T13:55:00.000,435.45,435.795,435.155,435.46,1449885,7795,436.85
2023-11-09T14:00:00.000,435.44,435.44,434.43,434.6599,2141118,18233,436.73
2023-11-09T14:05:00.000,434.65,434.975,434.32,434.9,1231989,10691,436.67
2023-11-09T14:10:00.000,434.89,434.89,434.42,434.51,629139,5666,436.64
2023-11-09T14:15:00.000,434.515,434.56,433.93,434.09,1621217,12374,436.56
2023-11-09T14:20:00.000,434.1,434.92,434.08,434.81,1362749,9346,436.51
2023-11-09T14:25:00.000,434.8094,435.1999,434.65,434.81,911924,7892,436.48
2023-11-09T14:30:00.000,434.79,435.05,434.51,434.5999,920650,7771,436.44
2023-11-09T14:35:00.000,434.57,434.72,433.93,434.33,1102723,9939,436.39
2023-11-09T14:40:00.000,434.33,434.38,433.75,433.865,912076,8491,436.35
2023-11-09T14:45:00.000,433.88,434.36,433.8501,434.285,782258,6976,436.31
2023-11-09T14:50:00.000,434.29,434.29,433.7499,433.8075,683548,6280,436.28
2023-11-09T14:55:00.000,433.81,433.95,433.64,433.85,1087308,7291,436.24
2023-11-09T15:00:00.000,433.845,434.04,433.45,433.89,1589631,9575,436.19
2023-11-09T15:05:00.000,433.88,434.0585,433.725,434.02,620424,6456,436.16
2023-11-09T15:10:00.000,434.025,434.33,433.95,434.19,751553,8968,436.14
2023-11-09T15:15:00.000,434.19,434.24,433.9,434.1201,672396,8189,436.11
2023-11-09T15:20:00.000,434.13,434.22,433.74,433.8595,1012970,7085,436.08
2023-11-09T15:25:00.000,433.8699,434.1675,433.7,433.77,783881,6910,436.05
2023-11-09T15:30:00.000,433.78,434.045,433.7,433.92,1205540,8271,436.02
2023-11-09T15:35:00.000,433.925,433.93,433.45,433.56,1120011,8147,435.99
2023-11-09T15:40:00.000,433.55,433.75,433.45,433.52,1252935,9680,435.95
2023-11-09T15:45:00.000,433.52,433.67,433.43,433.53,1719484,12699,435.89
2023-11-09T15:50:00.000,433.55,433.94,433.44,433.545,2244940,15828,435.8
2023-11-09T15:55:00.000,433.54,433.91,433.4,433.87,5744433,29621,435.62
2023-11-09T16:00:00.000,433.87,433.87,433.87,433.87,3386,6,435.62
2023-11-10T09:30:00.000,435.98,436.0,435.24,435.305,1808947,13746,435.61
2023-11-10T09:35:00.000,435.31,435.74,434.88,435.67,1386858,12151,435.45
2023-11-10T09:40:00.000,435.68,436.145,435.66,436.145,1238906,10792,435.56
2023-11-10T09:45:00.000,436.14,436.24,435.89,435.98,1185671,9051,435.64
2023-11-10T09:50:00.000,435.99,436.065,435.6,435.9499,964808,9824,435.68
2023-11-10T09:55:00.000,435.95,436.02,435.59,435.83,923637,7306,435.69
2023-11-10T10:00:00.000,435.8,435.82,435.03,435.19,1735640,16280,435.62
2023-11-10T10:05:00.000,435.19,435.6,435.06,435.11,1022166,9140,435.59
2023-11-10T10:10:00.000,435.12,435.64,435.02,435.245,754168,7794,435.56
2023-11-10T10:15:00.000,435.225,435.53,434.93,435.5,802946,7804,435.54
2023-11-10T10:20:00.000,435.5,435.67,435.25,435.26,803046,8432,435.54
2023-11-10T10:25:00.000,435.25,435.28,434.62,434.8,1327547,10335,435.48
2023-11-10T10:30:00.000,434.795,435.04,434.52,434.54,906490,7696,435.44
2023-11-10T10:35:00.000,434.555,434.99,434.5,434.59,675457,6343,435.4
2023-11-10T10:40:00.000,434.58,434.7799,434.43,434.75,640873,5724,435.37
2023-11-10T10:45:00.000,434.75,435.41,434.565,435.12,595293,5473,435.36
2023-11-10T10:50:00.000,435.13,435.36,434.995,435.12,458601,4056,435.35
2023-11-10T10:55:00.000,435.13,435.41,435.07,435.3895,427686,3960,435.35
2023-11-10T11:00:00.000,435.38,436.085,435.355,436.07,1089704,9399,435.37
2023-11-10T11:05:00.000,436.07,436.59,436.04,436.46,1138133,9636,435.43
2023-11-10T11:10:00.000,436.48,436.79,436.3427,436.75,712527,6495,435.47
2023-11-10T11:15:00.000,436.75,436.9,436.58,436.6889,837311,6775,435.53
2023-11-10T11:20:00.000,436.69,436.82,436.61,436.71,412895,3990,435.55
2023-11-10T11:25:00.000,436.7,436.7799,436.47,436.64,499611,4531,435.57
2023-11-10T11:30:00.000,436.64,436.7,436.335,436.385,1225351,4820,435.6
2023-11-10T11:35:00.000,436.3771,436.5299,436.15,436.42,514671,4616,435.61
2023-11-10T11:40:00.000,436.44,436.78,436.415,436.75,608759,5246,435.64
2023-11-10T11:45:00.000,436.755,436.76,436.4299,436.44,323184,3226,435.65
2023-11-10T11:50:00.000,436.44,436.77,436.42,436.715,489617,4151,435.67
2023-11-10T11:55:00.000,436.73,436.8,436.58,436.76,527454,4200,435.7
2023-11-10T12:00:00.000,436.77,437.25,436.71,437.15,894335,6312,435.74
2023-11-10T12:05:00.000,437.15,437.44,437.1,437.4,373945,3510,435.76
2023-11-10T12:10:00.000,437.4,437.51,437.2,437.2601,591555,5380,435.8
2023-11-10T12:15:00.000,437.2701,437.41,437.24,437.3701,651086,4538,435.83
2023-11-10T12:20:00.000,437.38,437.46,437.26,437.375,400749,3869,435.85
2023-11-10T12:25:00.000,437.37,437.48,437.31,437.35,419487,3889,435.88
2023-11-10T12:30:00.000,437.36,438.24,437.35,438.22,1201109,9413,435.96
2023-11-10T12:35:00.000,438.22,438.68,438.19,438.595,1443391,9157,436.06
2023-11-10T12:40:00.000,438.595,438.76,438.3728,438.6003,1039363,7180,436.13
2023-11-10T12:45:00.000,438.6,438.63,438.38,438.49,774295,6284,436.18
2023-11-10T12:50:00.000,438.48,439.01,438.39,439.0,1979340,8397,436.26
2023-11-10T12:55:00.000,438.99,439.03,438.65,438.785,1437178,9440,436.35
2023-11-10T13:00:00.000,438.79,438.82,438.64,438.805,647256,5426,436.4
2023-11-10T13:05:00.000,438.81,438.82,438.455,438.48,751682,6220,436.44
2023-11-10T13:10:00.000,438.48,438.575,438.25,438.4,807998,6962,436.49
2023-11-10T13:15:00.000,438.39,438.52,438.21,438.505,549014,4885,436.52
2023-11-10T13:20:00.000,438.5,438.94,438.5,438.91,734805,6309,436.56
2023-11-10T13:25:00.000,438.91,439.23,438.88,438.99,849230,6689,436.62
2023-11-10T13:30:00.000,438.995,439.36,438.99,439.29,994828,7114,436.67
2023-11-10T13:35:00.000,439.28,439.435,439.19,439.4,580743,5178,436.71
2023-11-10T13:40:00.000,439.41,439.69,439.39,439.6399,1310356,7350,436.76
2023-11-10T13:45:00.000,439.635,439.77,439.55,439.67,737328,6019,436.82
2023-11-10T13:50:00.000,439.66,439.675,439.36,439.4399,1476682,5808,436.86
2023-11-10T13:55:00.000,439.435,439.6,439.35,439.5299,787616,4337,436.9
2023-11-10T14:00:00.000,439.53,439.61,439.435,439.485,546920,4573,436.93
2023-11-10T14:05:00.000,439.49,439.649,439.415,439.62,471882,4438,436.96
2023-11-10T14:10:00.000,439.63,439.9287,439.59,439.81,968079,7806,437.02
2023-11-10T14:15:00.000,439.79,439.91,439.69,439.79,798870,6442,437.07
2023-11-10T14:20:00.000,439.7907,439.92,439.7,439.75,854856,4915,437.11
2023-11-10T14:25:00.000,439.75,439.85,439.6003,439.82,592934,4640,437.14
2023-11-10T14:30:00.000,439.83,439.87,439.58,439.63,426426,4383,437.17
2023-11-10T14:35:00.000,439.63,439.77,439.525,439.76,413157,4204,437.19
2023-11-10T14:40:00.000,439.77,439.86,439.715,439.77,480208,4315,437.21
2023-11-10T14:45:00.000,439.75,439.8614,439.703,439.785,336564,3535,437.23
2023-11-10T14:50:00.000,439.785,439.96,439.62,439.77,527134,4823,437.26
2023-11-10T14:55:00.000,439.77,439.78,439.61,439.6599,387555,3803,437.28
2023-11-10T15:00:00.000,439.66,439.87,439.62,439.74,913409,4162,437.3
2023-11-10T15:05:00.000,439.73,439.88,439.68,439.8765,459379,4168,437.32
2023-11-10T15:10:00.000,439.87,439.9,439.735,439.83,561562,6176,437.35
2023-11-10T15:15:00.000,439.8226,440.19,439.6119,440.16,1117663,9456,437.39
2023-11-10T15:20:00.000,440.16,440.185,439.94,440.15,767302,5481,437.42
2023-11-10T15:25:00.000,440.14,440.42,440.06,440.38,747817,6863,437.46
2023-11-10T15:30:00.000,440.365,440.45,440.22,440.3117,1640426,9795,437.52
2023-11-10T15:35:00.000,440.315,440.62,440.26,440.32,1264832,9144,437.57
2023-11-10T15:40:00.000,440.32,440.62,440.23,440.58,1569081,10080,437.64
2023-11-10T15:45:00.000,440.57,440.87,440.47,440.66,2759887,15439,437.76
2023-11-10T15:50:00.000,440.66,440.93,440.55,440.61,3895877,20569,437.93
2023-11-10T15:55:00.000,440.605,440.73,440.49,440.6,7896117,30082,438.21
2023-11-10T16:00:00.000,440.6,440.6,440.6,440.6,328,1,438.21
2023-11-11T09:30:00.000,0.0,0.0,0.0,0.0,0,0,0.0
2023-11-11T09:35:00.000,0.0,0.0,0.0,0.0,0,0,0.0
2023-11-11T09:40:00.000,0.0,0.0,0.0,0.0,0,0,0.0
2023-11-11T09:45:00.000,0.0,0.0,0.0,0.0,0,0,0.0
2023-11-11T09:50:00.000,0.0,0.0,0.0,0.0,0,0,0.0
2023-11-11T09:55:00.000,0.0,0.0,0.0,0.0,0,0,0.0
2023-11-11T10:00:00.000,0.0,0.0,0.0,0.0,0,0,0.0
2023-11-11T10:05:00.000,0.0,0.0,0.0,0.0,0,0,0.0
2023-11-11T10:10:00.000,0.0,0.0,0.0,0.0,0,0,0.0
2023-11-11T10:15:00.000,0.0,0.0,0.0,0.0,0,0,0.0
2023-11-11T10:20:00.000,0.0,0.0,0.0,0.0,0,0,0.0
2023-11-11T10:25:00.000,0.0,0.0,0.0,0.0,0,0,0.0
2023-11-11T10:30:00.000,0.0,0.0,0.0,0.0,0,0,0.0
2023-11-11T10:35:00.000,0.0,0.0,0.0,0.0,0,0,0.0
2023-11-11T10:40:00.000,0.0,0.0,0.0,0.0,0,0,0.0
2023-11-11T10:45:00.000,0.0,0.0,0.0,0.0,0,0,0.0
2023-11-11T10:50:00.000,0.0,0.0,0.0,0.0,0,0,0.0
2023-11-11T10:55:00.000,0.0,0.0,0.0,0.0,0,0,0.0
2023-11-11T11:00:00.000,0.0,0.0,0.0,0.0,0,0,0.0
2023-11-11T11:05:00.000,0.0,0.0,0.0,0.0,0,0,0.0
2023-11-11T11:10:00.000,0.0,0.0,0.0,0.0,0,0,0.0
2023-11-11T11:15:00.000,0.0,0.0,0.0,0.0,0,0,0.0
2023-11-11T11:20:00.000,0.0,0.0,0.0,0.0,0,0,0.0
2023-11-11T11:25:00.000,0.0,0.0,0.0,0.0,0,0,0.0
2023-11-11T11:30:00.000,0.0,0.0,0.0,0.0,0,0,0.0
2023-11-11T11:35:00.000,0.0,0.0,0.0,0.0,0,0,0.0
2023-11-11T11:40:00.000,0.0,0.0,0.0,0.0,0,0,0.0
2023-11-11T11:45:00.000,0.0,0.0,0.0,0.0,0,0,0.0
2023-11-11T11:50:00.000,0.0,0.0,0.0,0.0,0,0,0.0
2023-11-11T11:55:00.000,0.0,0.0,0.0,0.0,0,0,0.0
2023-11-11T12:00:00.000,0.0,0.0,0.0,0.0,0,0,0.0
2023-11-11T12:05:00.000,0.0,0.0,0.0,0.0,0,0,0.0
2023-11-11T12:10:00.000,0.0,0.0,0.0,0.0,0,0,0.0
2023-11-11T12:15:00.000,0.0,0.0,0.0,0.0,0,0,0.0
2023-11-11T12:20:00.000,0.0,0.0,0.0,0.0,0,0,0.0
2023-11-11T12:25:00.000,0.0,0.0,0.0,0.0,0,0,0.0
2023-11-11T12:30:00.000,0.0,0.0,0.0,0.0,0,0,0.0
2023-11-11T12:35:00.000,0.0,0.0,0.0,0.0,0,0,0.0
2023-11-11T12:40:00.000,0.0,0.0,0.0,0.0,0,0,0.0
2023-11-11T12:45:00.000,0.0,0.0,0.0,0.0,0,0,0.0
2023-11-11T12:50:00.000,0.0,0.0,0.0,0.0,0,0,0.0
2023-11-11T12:55:00.000,0.0,0.0,0.0,0.0,0,0,0.0
2023-11-11T13:00:00.000,0.0,0.0,0.0,0.0,0,0,0.0
2023-11-11T13:05:00.000,0.0,0.0,0.0,0.0,0,0,0.0
2023-11-11T13:10:00.000,0.0,0.0,0.0,0.0,0,0,0.0
2023-11-11T13:15:00.000,0.0,0.0,0.0,0.0,0,0,0.0
2023-11-11T13:20:00.000,0.0,0.0,0.0,0.0,0,0,0.0
2023-11-11T13:25:00.000,0.0,0.0,0.0,0.0,0,0,0.0
2023-11-11T13:30:00.000,0.0,0.0,0.0,0.0,0,0,0.0
2023-11-11T13:35:00.000,0.0,0.0,0.0,0.0,0,0,0.0
2023-11-11T13:40:00.000,0.0,0.0,0.0,0.0,0,0,0.0
2023-11-11T13:45:00.000,0.0,0.0,0.0,0.0,0,0,0.0
2023-11-11T13:50:00.000,0.0,0.0,0.0,0.0,0,0,0.0
2023-11-11T13:55:00.000,0.0,0.0,0.0,0.0,0,0,0.0
2023-11-11T14:00:00.000,0.0,0.0,0.0,0.0,0,0,0.0
2023-11-11T14:05:00.000,0.0,0.0,0.0,0.0,0,0,0.0
2023-11-11T14:10:00.000,0.0,0.0,0.0,0.0,0,0,0.0
2023-11-11T14:15:00.000,0.0,0.0,0.0,0.0,0,0,0.0
2023-11-11T14:20:00.000,0.0,0.0,0.0,0.0,0,0,0.0
2023-11-11T14:25:00.000,0.0,0.0,0.0,0.0,0,0,0.0
2023-11-11T14:30:00.000,0.0,0.0,0.0,0.0,0,0,0.0
2023-11-11T14:35:00.000,0.0,0.0,0.0,0.0,0,0,0.0
2023-11-11T14:40:00.000,0.0,0.0,0.0,0.0,0,0,0.0
2023-11-11T14:45:00.000,0.0,0.0,0.0,0.0,0,0,0.0
2023-11-11T14:50:00.000,0.0,0.0,0.0,0.0,0,0,0.0
2023-11-11T14:55:00.000,0.0,0.0,0.0,0.0,0,0,0.0
2023-11-11T15:00:00.000,0.0,0.0,0.0,0.0,0,0,0.0
2023-11-11T15:05:00.000,0.0,0.0,0.0,0.0,0,0,0.0
2023-11-11T15:10:00.000,0.0,0.0,0.0,0.0,0,0,0.0
2023-11-11T15:15:00.000,0.0,0.0,0.0,0.0,0,0,0.0
2023-11-11T15:20:00.000,0.0,0.0,0.0,0.0,0,0,0.0
2023-11-11T15:25:00.000,0.0,0.0,0.0,0.0,0,0,0.0
2023-11-11T15:30:00.000,0.0,0.0,0.0,0.0,0,0,0.0
2023-11-11T15:35:00.000,0.0,0.0,0.0,0.0,0,0,0.0
2023-11-11T15:40:00.000,0.0,0.0,0.0,0.0,0,0,0.0
2023-11-11T15:45:00.000,0.0,0.0,0.0,0.0,0,0,0.0
2023-11-11T15:50:00.000,0.0,0.0,0.0,0.0,0,0,0.0
2023-11-11T15:55:00.000,0.0,0.0,0.0,0.0,0,0,0.0
2023-11-11T16:00:00.000,0.0,0.0,0.0,0.0,0,0,0.0
2023-11-12T09:30:00.000,0.0,0.0,0.0,0.0,0,0,0.0
2023-11-12T09:35:00.000,0.0,0.0,0.0,0.0,0,0,0.0
2023-11-12T09:40:00.000,0.0,0.0,0.0,0.0,0,0,0.0
2023-11-12T09:45:00.000,0.0,0.0,0.0,0.0,0,0,0.0
2023-11-12T09:50:00.000,0.0,0.0,0.0,0.0,0,0,0.0
2023-11-12T09:55:00.000,0.0,0.0,0.0,0.0,0,0,0.0
2023-11-12T10:00:00.000,0.0,0.0,0.0,0.0,0,0,0.0
2023-11-12T10:05:00.000,0.0,0.0,0.0,0.0,0,0,0.0
2023-11-12T10:10:00.000,0.0,0.0,0.0,0.0,0,0,0.0
2023-11-12T10:15:00.000,0.0,0.0,0.0,0.0,0,0,0.0
2023-11-12T10:20:00.000,0.0,0.0,0.0,0.0,0,0,0.0
2023-11-12T10:25:00.000,0.0,0.0,0.0,0.0,0,0,0.0
2023-11-12T10:30:00.000,0.0,0.0,0.0,0.0,0,0,0.0
2023-11-12T10:35:00.000,0.0,0.0,0.0,0.0,0,0,0.0
2023-11-12T10:40:00.000,0.0,0.0,0.0,0.0,0,0,0.0
2023-11-12T10:45:00.000,0.0,0.0,0.0,0.0,0,0,0.0
2023-11-12T10:50:00.000,0.0,0.0,0.0,0.0,0,0,0.0
2023-11-12T10:55:00.000,0.0,0.0,0.0,0.0,0,0,0.0
2023-11-12T11:00:00.000,0.0,0.0,0.0,0.0,0,0,0.0
2023-11-12T11:05:00.000,0.0,0.0,0.0,0.0,0,0,0.0
2023-11-12T11:10:00.000,0.0,0.0,0.0,0.0,0,0,0.0
2023-11-12T11:15:00.000,0.0,0.0,0.0,0.0,0,0,0.0
2023-11-12T11:20:00.000,0.0,0.0,0.0,0.0,0,0,0.0
2023-11-12T11:25:00.000,0.0,0.0,0.0,0.0,0,0,0.0
2023-11-12T11:30:00.000,0.0,0.0,0.0,0.0,0,0,0.0
2023-11-12T11:35:00.000,0.0,0.0,0.0,0.0,0,0,0.0
2023-11-12T11:40:00.000,0.0,0.0,0.0,0.0,0,0,0.0
2023-11-12T11:45:00.000,0.0,0.0,0.0,0.0,0,0,0.0
2023-11-12T11:50:00.000,0.0,0.0,0.0,0.0,0,0,0.0
2023-11-12T11:55:00.000,0.0,0.0,0.0,0.0,0,0,0.0
2023-11-12T12:00:00.000,0.0,0.0,0.0,0.0,0,0,0.0
2023-11-12T12:05:00.000,0.0,0.0,0.0,0.0,0,0,0.0
2023-11-12T12:10:00.000,0.0,0.0,0.0,0.0,0,0,0.0
2023-11-12T12:15:00.000,0.0,0.0,0.0,0.0,0,0,0.0
2023-11-12T12:20:00.000,0.0,0.0,0.0,0.0,0,0,0.0
2023-11-12T12:25:00.000,0.0,0.0,0.0,0.0,0,0,0.0
2023-11-12T12:30:00.000,0.0,0.0,0.0,0.0,0,0,0.0
2023-11-12T12:35:00.000,0.0,0.0,0.0,0.0,0,0,0.0
2023-11-12T12:40:00.000,0.0,0.0,0.0,0.0,0,0,0.0
2023-11-12T12:45:00.000,0.0,0.0,0.0,0.0,0,0,0.0
2023-11-12T12:50:00.000,0.0,0.0,0.0,0.0,0,0,0.0
2023-11-12T12:55:00.000,0.0,0.0,0.0,0.0,0,0,0.0
2023-11-12T13:00:00.000,0.0,0.0,0.0,0.0,0,0,0.0
2023-11-12T13:05:00.000,0.0,0.0,0.0,0.0,0,0,0.0
2023-11-12T13:10:00.000,0.0,0.0,0.0,0.0,0,0,0.0
2023-11-12T13:15:00.000,0.0,0.0,0.0,0.0,0,0,0.0
2023-11-12T13:20:00.000,0.0,0.0,0.0,0.0,0,0,0.0
2023-11-12T13:25:00.000,0.0,0.0,0.0,0.0,0,0,0.0
2023-11-12T13:30:00.000,0.0,0.0,0.0,0.0,0,0,0.0
2023-11-12T13:35:00.000,0.0,0.0,0.0,0.0,0,0,0.0
2023-11-12T13:40:00.000,0.0,0.0,0.0,0.0,0,0,0.0
2023-11-12T13:45:00.000,0.0,0.0,0.0,0.0,0,0,0.0
2023-11-12T13:50:00.000,0.0,0.0,0.0,0.0,0,0,0.0
2023-11-12T13:55:00.000,0.0,0.0,0.0,0.0,0,0,0.0
2023-11-12T14:00:00.000,0.0,0.0,0.0,0.0,0,0,0.0
2023-11-12T14:05:00.000,0.0,0.0,0.0,0.0,0,0,0.0
2023-11-12T14:10:00.000,0.0,0.0,0.0,0.0,0,0,0.0
2023-11-12T14:15:00.000,0.0,0.0,0.0,0.0,0,0,0.0
2023-11-12T14:20:00.000,0.0,0.0,0.0,0.0,0,0,0.0
2023-11-12T14:25:00.000,0.0,0.0,0.0,0.0,0,0,0.0
2023-11-12T14:30:00.000,0.0,0.0,0.0,0.0,0,0,0.0
2023-11-12T14:35:00.000,0.0,0.0,0.0,0.0,0,0,0.0
2023-11-12T14:40:00.000,0.0,0.0,0.0,0.0,0,0,0.0
2023-11-12T14:45:00.000,0.0,0.0,0.0,0.0,0,0,0.0
2023-11-12T14:50:00.000,0.0,0.0,0.0,0.0,0,0,0.0
2023-11-12T14:55:00.000,0.0,0.0,0.0,0.0,0,0,0.0
2023-11-12T15:00:00.000,0.0,0.0,0.0,0.0,0,0,0.0
2023-11-12T15:05:00.000,0.0,0.0,0.0,0.0,0,0,0.0
2023-11-12T15:10:00.000,0.0,0.0,0.0,0.0,0,0,0.0
2023-11-12T15:15:00.000,0.0,0.0,0.0,0.0,0,0,0.0
2023-11-12T15:20:00.000,0.0,0.0,0.0,0.0,0,0,0.0
2023-11-12T15:25:00.000,0.0,0.0,0.0,0.0,0,0,0.0
2023-11-12T15:30:00.000,0.0,0.0,0.0,0.0,0,0,0.0
2023-11-12T15:35:00.000,0.0,0.0,0.0,0.0,0,0,0.0
2023-11-12T15:40:00.000,0.0,0.0,0.0,0.0,0,0,0.0
2023-11-12T15:45:00.000,0.0,0.0,0.0,0.0,0,0,0.0
2023-11-12T15:50:00.000,0.0,0.0,0.0,0.0,0,0,0.0
2023-11-12T15:55:00.000,0.0,0.0,0.0,0.0,0,0,0.0
2023-11-12T16:00:00.000,0.0,0.0,0.0,0.0,0,0,0.0
2023-11-13T09:30:00.000,439.23,439.59,438.79,438.8099,1595839,14728,439.23
2023-11-13T09:35:00.000,438.8,438.8977,438.6,438.72,883873,8280,439.05
2023-11-13T09:40:00.000,438.71,438.885,438.59,438.635,821058,7361,438.97
2023-11-13T09:45:00.000,438.64,438.875,438.63,438.84,745644,7269,438.93
2023-11-13T09:50:00.000,438.85,439.03,438.6133,438.64,855681,8113,438.91
2023-11-13T09:55:00.000,438.64,438.94,438.42,438.865,1269733,10082,438.86
2023-11-13T10:00:00.000,438.86,439.2073,438.55,438.92,875322,9590,438.85
2023-11-13T10:05:00.000,438.92,439.1725,438.8,438.93,743933,8275,438.86
2023-11-13T10:10:00.000,438.92,439.24,438.64,439.1719,944716,9668,438.86
2023-11-13T10:15:00.000,439.17,439.1981,438.72,439.11,915423,8632,438.87
2023-11-13T10:20:00.000,439.1,439.209,438.82,438.84,677860,7102,438.88
2023-11-13T10:25:00.000,438.84,439.24,438.8,439.17,593086,6764,438.89
2023-11-13T10:30:00.000,439.17,439.46,439.03,439.425,757089,8322,438.91
2023-11-13T10:35:00.000,439.42,439.475,439.24,439.2501,517470,5830,438.93
2023-11-13T10:40:00.000,439.25,439.48,439.21,439.43,492273,6020,438.95
2023-11-13T10:45:00.000,439.43,439.81,439.41,439.51,534473,6175,438.97
2023-11-13T10:50:00.000,439.51,439.945,439.44,439.815,618925,5523,439.01
2023-11-13T10:55:00.000,439.82,439.91,439.62,439.72,579368,5547,439.04
2023-11-13T11:00:00.000,439.72,439.99,439.66,439.69,718144,4851,439.06
2023-11-13T11:05:00.000,439.69,439.98,439.54,439.8999,829231,5604,439.09
2023-11-13T11:10:00.000,439.895,440.12,439.8017,440.1,401099,3967,439.11
2023-11-13T11:15:00.000,440.11,440.13,439.66,439.95,1304338,6763,439.15
2023-11-13T11:20:00.000,439.955,440.51,439.81,440.25,553001,4593,439.18
2023-11-13T11:25:00.000,440.25,440.53,440.18,440.51,532503,4694,439.21
2023-11-13T11:30:00.000,440.5,440.63,440.33,440.515,590060,5628,439.26
2023-11-13T11:35:00.000,440.51,440.565,440.35,440.43,453482,3855,439.28
2023-11-13T11:40:00.000,440.44,440.83,440.41,440.79,670599,5832,439.33
2023-11-13T11:45:00.000,440.79,441.33,440.75,441.02,1034586,8979,439.42
2023-11-13T11:50:00.000,441.03,441.12,440.915,440.969,458355,4532,439.45
2023-11-13T11:55:00.000,440.97,441.19,440.93,440.99,471200,4323,439.49
2023-11-13T12:00:00.000,441.01,441.15,440.88,441.035,432384,4119,439.52
2023-11-13T12:05:00.000,441.035,441.07,440.7696,440.785,445267,4073,439.54
2023-11-13T12:10:00.000,440.79,441.035,440.35,440.6,563435,5793,439.57
2023-11-13T12:15:00.000,440.59,441.03,440.48,440.49,441564,2973,439.58
2023-11-13T12:20:00.000,440.48,441.03,440.41,440.975,376237,3666,439.6
2023-11-13T12:25:00.000,440.975,441.01,440.68,440.73,311554,3387,439.62
2023-11-13T12:30:00.000,440.76,440.78,440.45,440.69,418328,3819,439.63
2023-11-13T12:35:00.000,440.69,440.77,440.53,440.685,270476,2694,439.64
2023-11-13T12:40:00.000,440.6931,440.79,440.49,440.54,260675,2442,439.65
2023-11-13T12:45:00.000,440.54,440.54,440.19,440.33,410738,3436,439.66
2023-11-13T12:50:00.000,440.3301,440.54,440.28,440.45,241374,2313,439.67
2023-11-13T12:55:00.000,440.44,440.56,440.3,440.5495,214895,2342,439.68
2023-11-13T13:00:00.000,440.54,440.55,440.31,440.36,250301,2445,439.68
2023-11-13T13:05:00.000,440.36,440.4,440.12,440.13,277818,2605,439.69
2023-11-13T13:10:00.000,440.13,440.55,440.09,440.47,476596,4231,439.7
2023-11-13T13:15:00.000,440.45,440.7,440.43,440.62,1005405,3952,439.72
2023-11-13T13:20:00.000,440.62,440.65,440.1,440.52,518269,4042,439.73
2023-11-13T13:25:00.000,440.51,440.53,440.13,440.14,486603,2692,439.74
2023-11-13T13:30:00.000,440.17,440.19,439.9,439.9997,417742,4552,439.74
2023-11-13T13:35:00.000,440.0,440.47,439.99,440.4512,249448,2674,439.74
2023-11-13T13:40:00.000,440.461,440.8,440.33,440.785,387959,3956,439.76
2023-11-13T13:45:00.000,440.79,441.03,440.79,440.91,373254,3308,439.77
2023-11-13T13:50:00.000,440.915,441.03,440.66,440.6695,291750,3035,439.78
2023-11-13T13:55:00.000,440.68,440.73,440.48,440.5299,239548,2798,439.79
2023-11-13T14:00:00.000,440.5216,440.655,440.3701,440.5988,762343,3317,439.8
2023-11-13T14:05:00.000,440.595,440.76,440.43,440.6595,267839,2805,439.8
2023-11-13T14:10:00.000,440.65,440.75,440.53,440.68,272479,2947,439.81
2023-11-13T14:15:00.000,440.67,440.73,440.465,440.615,1061738,3003,439.82
2023-11-13T14:20:00.000,440.6191,440.81,440.44,440.78,316185,3175,439.82
2023-11-13T14:25:00.000,440.781,440.94,440.7301,440.9299,414963,3282,439.84
2023-11-13T14:30:00.000,440.93,441.0,440.75,440.78,403499,3628,439.85
2023-11-13T14:35:00.000,440.785,441.08,440.7601,440.975,1518981,3431,439.86
2023-11-13T14:40:00.000,440.97,441.12,440.89,440.995,333133,3251,439.87
2023-11-13T14:45:00.000,440.985,441.08,440.885,440.9321,290042,2769,439.88
2023-11-13T14:50:00.000,440.9399,440.94,440.46,440.63,446937,3739,439.89
2023-11-13T14:55:00.000,440.64,440.74,440.59,440.59,263905,2737,439.9
2023-11-13T15:00:00.000,440.59,440.595,440.28,440.5476,495870,4352,439.91
2023-11-13T15:05:00.000,440.54,440.65,440.38,440.635,358435,3387,439.91
2023-11-13T15:10:00.000,440.635,440.8,440.52,440.7399,319295,3348,439.92
2023-11-13T15:15:00.000,440.73,440.79,440.52,440.76,361519,3359,439.93
2023-11-13T15:20:00.000,440.76,440.9,440.75,440.885,566882,3534,439.93
2023-11-13T15:25:00.000,440.88,440.94,440.72,440.75,520792,3173,439.94
2023-11-13T15:30:00.000,440.75,440.78,440.61,440.665,403655,3812,439.95
2023-11-13T15:35:00.000,440.66,440.75,440.49,440.5599,563983,4993,439.96
2023-11-13T15:40:00.000,440.57,440.67,440.44,440.49,682536,6261,439.97
2023-11-13T15:45:00.000,440.49,440.67,440.44,440.59,916171,8281,439.98
2023-11-13T15:50:00.000,440.58,440.78,440.1,440.305,1066537,9739,439.99
2023-11-13T15:55:00.000,440.3,440.34,440.14,440.2,2368640,13791,440.0
2023-11-13T16:00:00.000,440.2,440.2,440.2,440.2,351,1,440.0
2023-11-14T09:30:00.000,446.32,446.96,446.09,446.66,4518468,35532,446.47
2023-11-14T09:35:00.000,446.68,446.99,446.22,446.85,1555421,13811,446.51
2023-11-14T09:40:00.000,446.85,447.2145,446.67,447.2,1965212,13313,446.62
2023-11-14T09:45:00.000,447.2,447.72,447.1702,447.26,1486962,11209,446.73
2023-11-14T09:50:00.000,447.26,447.79,447.19,447.6105,2100302,15838,446.86
2023-11-14T09:55:00.000,447.61,448.045,447.59,447.94,1555273,13021,446.97
2023-11-14T10:00:00.000,447.93,448.53,447.9,448.43,1962530,14461,447.13
2023-11-14T10:05:00.000,448.445,448.47,447.62,447.96,2251950,14961,447.24
2023-11-14T10:10:00.000,447.97,448.19,447.875,448.105,1182177,8961,447.28
2023-11-14T10:15:00.000,448.12,448.42,447.98,448.24,1505627,10623,447.34
2023-11-14T10:20:00.000,448.24,448.62,448.01,448.4301,1603794,13837,447.42
2023-11-14T10:25:00.000,448.45,448.88,448.31,448.87,1553114,11925,447.5
2023-11-14T10:30:00.000,448.855,449.2073,448.7186,449.1318,2447542,13928,447.61
2023-11-14T10:35:00.000,449.13,449.18,448.87,449.03,1061349,9890,447.67
2023-11-14T10:40:00.000,449.04,449.19,448.81,449.11,1346651,11089,447.74
2023-11-14T10:45:00.000,449.11,449.3812,449.09,449.1991,1025237,9040,447.8
2023-11-14T10:50:00.000,449.2,449.22,448.97,449.15,757408,7203,447.83
2023-11-14T10:55:00.000,449.15,449.19,448.79,448.96,893201,8075,447.87
2023-11-14T11:00:00.000,448.98,449.257,448.95,449.2396,676060,5798,447.89
2023-11-14T11:05:00.000,449.23,449.27,449.04,449.2,616028,5805,447.92
2023-11-14T11:10:00.000,449.2,449.7,449.15,449.695,1165459,8857,447.97
2023-11-14T11:15:00.000,449.69,449.73,449.225,449.25,1214776,9392,448.03
2023-11-14T11:20:00.000,449.2504,449.3499,449.15,449.28,813673,6325,448.06
2023-11-14T11:25:00.000,449.28,449.48,449.182,449.46,576870,4875,448.08
2023-11-14T11:30:00.000,449.46,449.465,449.23,449.37,497177,4837,448.1
2023-11-14T11:35:00.000,449.37,449.44,449.16,449.1774,545855,5136,448.12
2023-11-14T11:40:00.000,449.18,449.47,449.14,449.45,1522670,4392,448.13
2023-11-14T11:45:00.000,449.4501,449.59,449.0,449.1112,1569925,7562,448.16
2023-11-14T11:50:00.000,449.12,449.14,448.67,448.885,890503,6896,448.18
2023-11-14T11:55:00.000,448.87,448.885,448.4,448.435,631607,5745,448.18
2023-11-14T12:00:00.000,448.46,448.72,448.36,448.56,705646,5677,448.19
2023-11-14T12:05:00.000,448.54,448.59,447.96,448.22,1002995,8695,448.19
2023-11-14T12:10:00.000,448.23,448.28,448.07,448.25,690816,5906,448.19
2023-11-14T12:15:00.000,448.25,448.27,448.085,448.14,907874,5073,448.19
2023-11-14T12:20:00.000,448.14,448.15,447.87,447.97,640521,5391,448.19
2023-11-14T12:25:00.000,447.98,448.29,447.975,448.11,983695,5645,448.19
2023-11-14T12:30:00.000,448.119,448.43,448.07,448.35,658031,6159,448.19
2023-11-14T12:35:00.000,448.34,448.6,448.275,448.5999,990535,4233,448.19
2023-11-14T12:40:00.000,448.59,448.59,448.29,448.49,457358,4370,448.2
2023-11-14T12:45:00.000,448.48,448.73,448.46,448.72,355995,3358,448.2
2023-11-14T12:50:00.000,448.705,448.73,448.465,448.68,464626,3406,448.2
2023-11-14T12:55:00.000,448.6891,448.82,448.57,448.75,374414,3578,448.21
2023-11-14T13:00:00.000,448.75,448.83,448.59,448.83,403703,3837,448.21
2023-11-14T13:05:00.000,448.825,448.94,448.735,448.74,305643,3126,448.22
2023-11-14T13:10:00.000,448.75,448.77,448.49,448.51,441271,4175,448.22
2023-11-14T13:15:00.000,448.505,448.67,448.46,448.595,359569,3258,448.22
2023-11-14T13:20:00.000,448.59,448.66,448.5,448.63,353089,3010,448.22
2023-11-14T13:25:00.000,448.66,448.87,448.64,448.85,348515,3402,448.23
2023-11-14T13:30:00.000,448.86,449.14,448.86,448.89,570951,5212,448.24
2023-11-14T13:35:00.000,448.91,449.0001,448.74,448.99,295010,3162,448.24
2023-11-14T13:40:00.000,448.995,449.02,448.59,448.65,437909,3868,448.25
2023-11-14T13:45:00.000,448.6599,448.785,448.56,448.77,334955,2973,448.25
2023-11-14T13:50:00.000,448.77,448.86,448.55,448.57,680890,3527,448.25
2023-11-14T13:55:00.000,448.56,448.59,448.23,448.23,608068,5115,448.25
2023-11-14T14:00:00.000,448.25,448.3099,448.0201,448.03,577448,5253,448.25
2023-11-14T14:05:00.000,448.03,448.16,447.7,448.0099,848422,6898,448.25
2023-11-14T14:10:00.000,448.0,448.18,447.71,448.1368,773878,6263,448.24
2023-11-14T14:15:00.000,448.14,448.21,448.0,448.1794,363662,3502,448.24
2023-11-14T14:20:00.000,448.18,448.3,448.08,448.2976,294136,3131,448.24
2023-11-14T14:25:00.000,448.29,448.6,448.18,448.56,619765,4525,448.24
2023-11-14T14:30:00.000,448.57,448.99,448.5595,448.87,1224970,6287,448.25
2023-11-14T14:35:00.000,448.88,448.9882,448.835,448.97,376693,3387,448.26
2023-11-14T14:40:00.000,448.975,449.13,448.93,449.0195,824577,7201,448.27
2023-11-14T14:45:00.000,449.02,449.2,449.01,449.15,581494,5106,448.28
2023-11-14T14:50:00.000,449.16,449.36,449.16,449.29,1214895,5592,448.29
2023-11-14T14:55:00.000,449.3,449.505,449.3,449.43,938376,6167,448.31
2023-11-14T15:00:00.000,449.43,449.5,449.32,449.4101,721675,5434,448.32
2023-11-14T15:05:00.000,449.415,449.83,449.37,449.78,1079156,5904,448.34
2023-11-14T15:10:00.000,449.79,450.0,449.74,449.93,1007825,7552,448.37
2023-11-14T15:15:00.000,449.9298,450.06,449.92,450.0,894170,7183,448.39
2023-11-14T15:20:00.000,449.99,450.03,449.75,449.76,1123519,8523,448.42
2023-11-14T15:25:00.000,449.76,449.885,449.58,449.8611,1211807,7696,448.44
2023-11-14T15:30:00.000,449.87,449.94,449.66,449.6899,874391,7592,448.46
2023-11-14T15:35:00.000,449.685,449.76,449.5,449.69,1100685,8776,448.48
2023-11-14T15:40:00.000,449.68,449.86,449.5,449.565,1250862,9592,448.5
2023-11-14T15:45:00.000,449.545,449.6,449.16,449.16,2181890,12625,448.53
2023-11-14T15:50:00.000,449.16,449.16,448.48,448.53,4200511,22963,448.53
2023-11-14T15:55:00.000,448.54,448.93,448.29,448.71,6620493,34546,448.54
2023-11-14T16:00:00.000,448.71,448.71,448.71,448.71,408,1,448.54
2023-11-15T09:30:00.000,450.11,450.64,450.0966,450.52,1857502,13853,450.31
2023-11-15T09:35:00.000,450.53,450.75,450.23,450.38,1218320,9530,450.39
2023-11-15T09:40:00.000,450.38,450.5,449.89,450.09,1174952,9889,450.32
2023-11-15T09:45:00.000,450.09,450.2,449.8111,450.08,850617,8626,450.27
2023-11-15T09:50:00.000,450.09,450.1628,449.4,449.77,940344,9716,450.19
2023-11-15T09:55:00.000,449.78,450.01,449.57,449.92,924945,8662,450.14
2023-11-15T10:00:00.000,449.92,450.1,449.76,450.0085,805361,8364,450.12
2023-11-15T10:05:00.000,450.0,450.34,449.85,450.34,1243213,8300,450.12
2023-11-15T10:10:00.000,450.32,450.39,450.07,450.3314,815394,8051,450.13
2023-11-15T10:15:00.000,450.33,450.82,450.32,450.66,1167130,10383,450.18
2023-11-15T10:20:00.000,450.67,450.99,450.6,450.9877,705306,7496,450.22
2023-11-15T10:25:00.000,450.98,451.24,450.66,450.7,1254946,11243,450.29
2023-11-15T10:30:00.000,450.7,450.905,450.47,450.7807,1410163,10119,450.32
2023-11-15T10:35:00.000,450.78,450.97,450.73,450.775,914448,5905,450.34
2023-11-15T10:40:00.000,450.78,451.1,450.75,450.985,933422,8317,450.38
2023-11-15T10:45:00.000,450.98,451.21,450.98,451.17,827844,5220,450.41
2023-11-15T10:50:00.000,451.1601,451.37,451.071,451.22,858618,7294,450.45
2023-11-15T10:55:00.000,451.22,451.345,451.005,451.09,849384,6824,450.49
2023-11-15T11:00:00.000,451.09,451.38,451.09,451.11,659494,5499,450.51
2023-11-15T11:05:00.000,451.11,451.1377,450.66,451.02,911877,7390,450.53
2023-11-15T11:10:00.000,451.02,451.2,450.61,450.65,1613639,6237,450.54
2023-11-15T11:15:00.000,450.66,450.96,450.581,450.9589,598903,5460,450.55
2023-11-15T11:20:00.000,450.96,451.09,450.735,451.02,529021,4819,450.56
2023-11-15T11:25:00.000,451.03,451.03,450.67,450.8,462187,4871,450.56
2023-11-15T11:30:00.000,450.81,450.815,450.49,450.66,463714,5060,450.57
2023-11-15T11:35:00.000,450.66,450.66,450.03,450.22,899079,8094,450.55
2023-11-15T11:40:00.000,450.21,450.21,449.6,449.77,1168555,10607,450.52
2023-11-15T11:45:00.000,449.77,450.23,449.77,450.11,705579,6079,450.5
2023-11-15T11:50:00.000,450.13,450.21,449.77,449.8,723531,6705,450.49
2023-11-15T11:55:00.000,449.81,449.9999,449.74,449.8273,612459,5288,450.47
2023-11-15T12:00:00.000,449.825,450.02,449.71,449.85,580757,4836,450.46
2023-11-15T12:05:00.000,449.839,450.09,449.76,449.845,457168,4345,450.45
2023-11-15T12:10:00.000,449.82,449.87,449.54,449.83,565509,5195,450.44
2023-11-15T12:15:00.000,449.84,449.88,449.65,449.8001,412658,3913,450.43
2023-11-15T12:20:00.000,449.81,450.03,449.74,449.935,633045,5799,450.41
2023-11-15T12:25:00.000,449.94,450.185,449.905,450.1699,671003,6054,450.41
2023-11-15T12:30:00.000,450.16,450.26,449.935,450.25,563749,4813,450.4
2023-11-15T12:35:00.000,450.24,450.37,450.13,450.25,397407,3667,450.4
2023-11-15T12:40:00.000,450.25,450.31,449.81,449.9586,731275,4289,450.39
2023-11-15T12:45:00.000,449.95,450.12,449.84,450.105,377218,3111,450.39
2023-11-15T12:50:00.000,450.1,450.1,449.83,449.9799,416767,3241,450.38
2023-11-15T12:55:00.000,449.98,450.1077,449.685,449.77,396415,3063,450.38
2023-11-15T13:00:00.000,449.77,449.84,449.38,449.55,601038,5915,450.36
2023-11-15T13:05:00.000,449.56,449.58,449.03,449.11,1000142,8860,450.33
2023-11-15T13:10:00.000,449.13,449.32,448.94,449.01,888623,9068,450.3
2023-11-15T13:15:00.000,449.01,449.21,448.8,449.192,927663,8108,450.26
2023-11-15T13:20:00.000,449.18,449.66,449.17,449.6301,608606,5566,450.25
2023-11-15T13:25:00.000,449.63,449.8,449.51,449.739,538009,4667,450.24
2023-11-15T13:30:00.000,449.735,450.02,449.5922,450.0,490897,5047,450.24
2023-11-15T13:35:00.000,449.99,450.06,449.85,449.96,465695,4164,450.23
2023-11-15T13:40:00.000,449.95,450.19,449.945,450.07,501167,4200,450.23
2023-11-15T13:45:00.000,450.09,450.155,449.97,450.09,251540,2910,450.23
2023-11-15T13:50:00.000,450.09,450.31,450.05,450.17,474686,4461,450.23
2023-11-15T13:55:00.000,450.17,450.26,450.07,450.225,990657,4322,450.23
2023-11-15T14:00:00.000,450.23,450.475,450.205,450.36,837604,6299,450.23
2023-11-15T14:05:00.000,450.36,450.47,450.28,450.34,474847,4193,450.23
2023-11-15T14:10:00.000,450.35,450.435,450.28,450.295,559296,4014,450.23
2023-11-15T14:15:00.000,450.295,450.31,449.79,449.9191,842069,7359,450.23
2023-11-15T14:20:00.000,449.91,450.05,449.61,450.0279,741417,6373,450.22
2023-11-15T14:25:00.000,450.02,450.46,449.995,450.44,666944,5481,450.22
2023-11-15T14:30:00.000,450.44,450.58,450.37,450.5,642927,5762,450.23
2023-11-15T14:35:00.000,450.49,450.6,450.41,450.59,724510,4130,450.23
2023-11-15T14:40:00.000,450.59,450.69,450.27,450.3899,594032,5758,450.23
2023-11-15T14:45:00.000,450.39,450.41,450.01,450.06,793255,5009,450.23
2023-11-15T14:50:00.000,450.0602,450.15,449.915,450.0,566616,5409,450.23
2023-11-15T14:55:00.000,450.0,450.29,449.95,450.24,561323,5328,450.23
2023-11-15T15:00:00.000,450.24,450.38,450.06,450.06,562831,5334,450.23
2023-11-15T15:05:00.000,450.07,450.19,449.85,449.8605,518155,5171,450.23
2023-11-15T15:10:00.000,449.86,450.21,449.85,450.17,740956,6652,450.22
2023-11-15T15:15:00.000,450.17,450.29,449.95,450.1699,531077,5057,450.22
2023-11-15T15:20:00.000,450.16,450.2599,449.875,449.9,582551,5522,450.22
2023-11-15T15:25:00.000,449.9,450.0899,449.745,450.07,1822171,6636,450.22
2023-11-15T15:30:00.000,450.08,450.27,450.03,450.215,994055,6467,450.22
2023-11-15T15:35:00.000,450.21,450.37,450.1601,450.245,710249,6561,450.22
2023-11-15T15:40:00.000,450.255,450.3167,449.9501,450.0,1759920,6939,450.21
2023-11-15T15:45:00.000,450.0,450.01,449.39,449.4402,1367750,12940,450.2
2023-11-15T15:50:00.000,449.44,449.5678,449.23,449.291,2400259,17510,450.17
2023-11-15T15:55:00.000,449.2995,449.78,449.21,449.63,6698343,28024,450.11
2023-11-15T16:00:00.000,449.63,449.63,449.63,449.63,403,3,450.11
2023-11-16T09:30:00.000,449.22,449.67,449.14,449.6101,1384635,12867,449.36
2023-11-16T09:35:00.000,449.61,449.655,449.13,449.57,620041,6112,449.39
2023-11-16T09:40:00.000,449.5801,449.603,449.305,449.54,568167,5211,449.4
2023-11-16T09:45:00.000,449.55,450.1,449.55,449.9,827876,8336,449.52
2023-11-16T09:50:00.000,449.9,450.28,449.89,450.25,580685,7050,449.6
2023-11-16T09:55:00.000,450.25,450.47,450.17,450.355,710606,7427,449.71
2023-11-16T10:00:00.000,450.37,450.56,449.97,450.01,965874,9830,449.82
2023-11-16T10:05:00.000,450.02,450.49,449.85,450.01,706584,7749,449.85
2023-11-16T10:10:00.000,450.01,450.07,449.75,449.775,590758,6428,449.86
2023-11-16T10:15:00.000,449.787,449.825,449.28,449.31,774373,7589,449.83
2023-11-16T10:20:00.000,449.32,450.03,449.32,450.01,620651,7265,449.82
2023-11-16T10:25:00.000,450.02,450.15,449.77,449.95,655442,7136,449.83
2023-11-16T10:30:00.000,449.95,450.305,449.48,449.51,994930,9542,449.83
2023-11-16T10:35:00.000,449.51,449.54,449.05,449.33,998482,8684,449.78
2023-11-16T10:40:00.000,449.33,449.39,448.825,448.97,1347886,12230,449.71
2023-11-16T10:45:00.000,448.975,449.6,448.92,449.415,643779,6033,449.68
2023-11-16T10:50:00.000,449.42,449.42,448.89,448.925,788645,7322,449.65
2023-11-16T10:55:00.000,448.92,449.15,448.76,449.025,781906,7200,449.61
2023-11-16T11:00:00.000,449.03,449.26,448.83,449.1199,657973,6368,449.58
2023-11-16T11:05:00.000,449.12,449.2799,448.8,448.8799,615060,5722,449.56
2023-11-16T11:10:00.000,448.89,449.14,448.44,449.09,1898045,9760,449.51
2023-11-16T11:15:00.000,449.09,449.15,448.41,448.595,849787,8171,449.47
2023-11-16T11:20:00.000,448.6,448.675,448.39,448.42,631767,6178,449.44
2023-11-16T11:25:00.000,448.42,448.5799,448.28,448.32,783237,7174,449.4
2023-11-16T11:30:00.000,448.33,448.66,448.18,448.55,820548,7126,449.36
2023-11-16T11:35:00.000,448.56,448.57,448.12,448.35,1193186,7436,449.32
2023-11-16T11:40:00.000,448.35,448.57,448.25,448.375,616982,5626,449.29
2023-11-16T11:45:00.000,448.38,448.78,448.365,448.725,511370,4730,449.27
2023-11-16T11:50:00.000,448.72,448.91,448.54,448.62,885061,8812,449.25
2023-11-16T11:55:00.000,448.62,448.835,448.54,448.749,473719,4248,449.24
2023-11-16T12:00:00.000,448.76,448.9592,448.63,448.775,480375,4717,449.23
2023-11-16T12:05:00.000,448.78,449.07,448.735,449.0,439804,4097,449.23
2023-11-16T12:10:00.000,449.0,449.16,448.945,449.06,534303,4983,449.22
2023-11-16T12:15:00.000,449.06,449.32,448.93,449.14,626549,5332,449.22
2023-11-16T12:20:00.000,449.15,449.2842,448.98,449.17,479524,4690,449.22
2023-11-16T12:25:00.000,449.16,449.39,449.07,449.255,415417,4094,449.22
2023-11-16T12:30:00.000,449.26,449.36,449.1,449.22,517998,4629,449.22
2023-11-16T12:35:00.000,449.2301,449.5399,449.13,449.51,737133,4787,449.22
2023-11-16T12:40:00.000,449.51,449.915,449.5,449.63,1070953,6883,449.24
2023-11-16T12:45:00.000,449.64,449.72,449.555,449.61,393209,3534,449.24
2023-11-16T12:50:00.000,449.63,449.64,449.22,449.3375,595388,4929,449.25
2023-11-16T12:55:00.000,449.33,449.525,449.28,449.4701,320892,3385,449.25
2023-11-16T13:00:00.000,449.48,449.555,449.29,449.33,659291,3980,449.25
2023-11-16T13:05:00.000,449.329,449.41,449.071,449.1286,447883,4203,449.25
2023-11-16T13:10:00.000,449.13,449.18,448.94,449.11,440310,4037,449.25
2023-11-16T13:15:00.000,449.129,449.385,449.045,449.185,522978,4690,449.25
2023-11-16T13:20:00.000,449.19,449.19,448.885,449.13,322330,3485,449.24
2023-11-16T13:25:00.000,449.14,449.61,449.13,449.41,792330,5054,449.25
2023-11-16T13:30:00.000,449.42,449.52,449.015,449.02,473314,5026,449.25
2023-11-16T13:35:00.000,449.03,449.525,449.03,449.27,484359,4753,449.25
2023-11-16T13:40:00.000,449.275,449.36,448.9801,449.1008,743826,4453,449.25
2023-11-16T13:45:00.000,449.105,449.11,448.58,448.68,921038,5847,449.24
2023-11-16T13:50:00.000,448.69,449.07,448.68,448.98,600508,3456,449.23
2023-11-16T13:55:00.000,448.98,449.03,448.76,448.9297,576950,3320,449.23
2023-11-16T14:00:00.000,448.93,449.155,448.79,449.09,764180,3588,449.23
2023-11-16T14:05:00.000,449.09,449.16,448.93,449.1,471169,4146,449.23
2023-11-16T14:10:00.000,449.09,449.26,448.95,449.08,357386,3334,449.22
2023-11-16T14:15:00.000,449.06,449.27,449.05,449.26,650878,3568,449.22
2023-11-16T14:20:00.000,449.25,449.28,449.0301,449.11,321062,3079,449.22
2023-11-16T14:25:00.000,449.11,449.12,448.84,448.935,346922,3357,449.22
2023-11-16T14:30:00.000,448.93,449.19,448.91,449.0788,273679,2896,449.22
2023-11-16T14:35:00.000,449.07,449.445,449.0501,449.26,680669,3738,449.22
2023-11-16T14:40:00.000,449.27,449.61,449.265,449.5883,511096,4445,449.22
2023-11-16T14:45:00.000,449.59,449.84,449.58,449.72,685855,5670,449.23
2023-11-16T14:50:00.000,449.725,449.81,449.16,449.1803,809513,6232,449.24
2023-11-16T14:55:00.000,449.19,449.68,449.17,449.58,1163271,6806,449.24
2023-11-16T15:00:00.000,449.58,449.63,449.42,449.5,520091,4512,449.24
2023-11-16T15:05:00.000,449.5,449.6,449.4,449.5099,664230,5883,449.25
2023-11-16T15:10:00.000,449.51,449.62,449.37,449.4,805987,6812,449.25
2023-11-16T15:15:00.000,449.39,449.65,449.335,449.56,768213,4614,449.26
2023-11-16T15:20:00.000,449.56,449.72,449.4001,449.625,589045,5532,449.26
2023-11-16T15:25:00.000,449.62,449.69,449.55,449.61,443454,4837,449.26
2023-11-16T15:30:00.000,449.62,449.8,449.4728,449.79,543528,5687,449.27
2023-11-16T15:35:00.000,449.78,449.92,449.61,449.82,710375,6374,449.28
2023-11-16T15:40:00.000,449.82,450.0,449.63,449.98,1004733,9057,449.29
2023-11-16T15:45:00.000,449.97,450.23,449.86,450.08,2649010,14016,449.31
2023-11-16T15:50:00.000,450.08,450.23,449.87,449.92,1597325,13013,449.34
2023-11-16T15:55:00.000,449.91,450.32,449.84,450.21,5120931,23031,449.4
2023-11-16T16:00:00.000,450.21,450.21,450.21,450.21,430,2,449.4
2023-11-17T09:30:00.000,450.24,450.6,449.93,450.02,1902939,16386,450.31
2023-11-17T09:35:00.000,450.03,450.14,449.75,449.8199,2073760,9140,450.17
2023-11-17T09:40:00.000,449.81,449.92,449.46,449.73,965347,8304,450.04
2023-11-17T09:45:00.000,449.73,450.07,449.73,449.87,783387,6790,450.02
2023-11-17T09:50:00.000,449.86,450.192,449.71,449.99,661391,7394,450.01
2023-11-17T09:55:00.000,449.99,450.1514,449.75,450.15,667800,7558,450.0
2023-11-17T10:00:00.000,450.145,450.17,449.84,450.05,1402941,7282,450.0
2023-11-17T10:05:00.000,450.05,450.17,449.77,449.84,876012,6515,450.0
2023-11-17T10:10:00.000,449.845,449.895,449.49,449.81,951616,7614,449.98
2023-11-17T10:15:00.000,449.8,450.32,449.73,450.19,740820,8012,449.99
2023-11-17T10:20:00.000,450.1813,450.37,449.96,450.33,1124269,6916,450.0
2023-11-17T10:25:00.000,450.31,450.35,450.03,450.25,664901,6757,450.01
2023-11-17T10:30:00.000,450.25,450.28,449.82,449.8916,676483,7041,450.01
2023-11-17T10:35:00.000,449.89,450.05,449.8,449.94,835094,5881,450.01
2023-11-17T10:40:00.000,449.93,450.11,449.71,449.945,528309,5338,450.0
2023-11-17T10:45:00.000,449.93,450.0781,449.71,450.01,527837,4826,450.0
2023-11-17T10:50:00.000,450.01,450.24,449.755,450.2003,491250,5036,449.99
2023-11-17T10:55:00.000,450.2,450.28,450.015,450.09,654938,3581,450.0
2023-11-17T11:00:00.000,450.09,450.16,449.53,449.65,674249,5158,450.0
2023-11-17T11:05:00.000,449.65,449.91,449.29,449.895,708073,6753,449.97
2023-11-17T11:10:00.000,449.89,450.12,449.775,449.899,2145894,4927,449.97
2023-11-17T11:15:00.000,449.9,449.94,449.71,449.84,340527,3490,449.97
2023-11-17T11:20:00.000,449.83,450.16,449.76,450.01,336025,3342,449.97
2023-11-17T11:25:00.000,450.0,450.0,449.66,449.8,324771,3651,449.97
2023-11-17T11:30:00.000,449.8,449.87,449.5431,449.81,376911,3974,449.96
2023-11-17T11:35:00.000,449.81,450.0,449.68,449.8989,432401,4291,449.96
2023-11-17T11:40:00.000,449.88,450.045,449.705,449.98,1528579,3619,449.96
2023-11-17T11:45:00.000,449.9799,450.075,449.85,449.93,10364759,3532,449.96
2023-11-17T11:50:00.000,449.94,450.11,449.78,449.96,328078,3846,449.96
2023-11-17T11:55:00.000,449.94,450.24,449.905,450.21,364240,4111,449.96
2023-11-17T12:00:00.000,450.215,450.5188,450.11,450.4085,824968,5310,449.97
2023-11-17T12:05:00.000,450.405,450.66,450.37,450.5599,523931,5087,449.98
2023-11-17T12:10:00.000,450.56,450.67,450.48,450.63,724675,4679,450.0
2023-11-17T12:15:00.000,450.63,450.69,450.42,450.47,647968,5720,450.02
2023-11-17T12:20:00.000,450.47,450.485,450.2299,450.25,846116,4974,450.03
2023-11-17T12:25:00.000,450.255,450.26,450.01,450.125,400806,3875,450.03
2023-11-17T12:30:00.000,450.13,450.295,450.0819,450.26,339133,3282,450.03
2023-11-17T12:35:00.000,450.2503,450.37,450.22,450.26,263683,2869,450.03
2023-11-17T12:40:00.000,450.26,450.44,450.21,450.42,336027,2958,450.04
2023-11-17T12:45:00.000,450.415,450.47,450.25,450.3571,239299,2643,450.04
2023-11-17T12:50:00.000,450.35,450.45,450.35,450.415,443462,2295,450.04
2023-11-17T12:55:00.000,450.41,450.47,450.21,450.45,319907,3216,450.05
2023-11-17T13:00:00.000,450.47,450.59,450.28,450.32,456170,4616,450.06
2023-11-17T13:05:00.000,450.325,450.56,450.25,450.5399,222834,2741,450.06
2023-11-17T13:10:00.000,450.53,450.78,450.4,450.78,486356,4378,450.07
2023-11-17T13:15:00.000,450.77,450.87,450.66,450.72,1955345,4051,450.08
2023-11-17T13:20:00.000,450.721,450.83,450.71,450.805,338814,3005,450.09
2023-11-17T13:25:00.000,450.8,450.849,450.645,450.71,334745,3121,450.1
2023-11-17T13:30:00.000,450.71,450.98,450.71,450.97,785063,4467,450.12
2023-11-17T13:35:00.000,450.95,451.01,450.87,450.9778,622669,3306,450.13
2023-11-17T13:40:00.000,450.97,451.1,450.9,450.92,746076,4420,450.14
2023-11-17T13:45:00.000,450.92,450.97,450.7919,450.91,449539,3641,450.16
2023-11-17T13:50:00.000,450.91,450.9199,450.74,450.89,903587,3381,450.16
2023-11-17T13:55:00.000,450.88,451.07,450.84,451.04,558243,2915,450.17
2023-11-17T14:00:00.000,451.05,451.23,451.0,451.175,678379,4457,450.19
2023-11-17T14:05:00.000,451.17,451.36,451.06,451.35,561912,5504,450.21
2023-11-17T14:10:00.000,451.35,451.395,451.16,451.17,514325,4400,450.23
2023-11-17T14:15:00.000,451.16,451.31,451.1,451.105,382783,3404,450.24
2023-11-17T14:20:00.000,451.1,451.14,450.9,451.0,421974,3934,450.25
2023-11-17T14:25:00.000,451.01,451.07,450.87,450.95,294416,2762,450.26
2023-11-17T14:30:00.000,450.95,450.97,450.84,450.96,397890,3928,450.27
2023-11-17T14:35:00.000,450.97,451.11,450.75,450.8209,443720,4351,450.28
2023-11-17T14:40:00.000,450.83,450.905,450.64,450.89,785319,4499,450.29
2023-11-17T14:45:00.000,450.885,450.97,450.69,450.77,339582,3199,450.29
2023-11-17T14:50:00.000,450.76,450.8486,450.74,450.82,304523,3115,450.3
2023-11-17T14:55:00.000,450.8195,450.9775,450.8,450.945,404417,3288,450.3
2023-11-17T15:00:00.000,450.95,451.1,450.84,450.95,443513,4033,450.31
2023-11-17T15:05:00.000,450.96,451.05,450.8233,450.92,435337,4258,450.32
2023-11-17T15:10:00.000,450.91,450.95,450.71,450.85,625700,4410,450.33
2023-11-17T15:15:00.000,450.85,450.95,450.75,450.9,324518,3287,450.33
2023-11-17T15:20:00.000,450.91,451.095,450.87,451.08,529325,4515,450.34
2023-11-17T15:25:00.000,451.07,451.42,451.04,451.09,1634232,9227,450.37
2023-11-17T15:30:00.000,451.09,451.13,450.29,450.5519,1907230,12363,450.38
2023-11-17T15:35:00.000,450.57,450.73,450.29,450.33,1199540,8574,450.38
2023-11-17T15:40:00.000,450.3368,450.51,450.2,450.305,1213972,10271,450.38
2023-11-17T15:45:00.000,450.3,450.46,450.21,450.22,1397046,11892,450.38
2023-11-17T15:50:00.000,450.24,450.67,450.24,450.62,1704804,11397,450.38
2023-11-17T15:55:00.000,450.61,450.89,450.6,450.78,3966341,18075,450.41
2023-11-17T16:00:00.000,450.785,450.79,450.785,450.79,504,2,450.41
2023-11-18T09:30:00.000,0.0,0.0,0.0,0.0,0,0,0.0
2023-11-18T09:35:00.000,0.0,0.0,0.0,0.0,0,0,0.0
2023-11-18T09:40:00.000,0.0,0.0,0.0,0.0,0,0,0.0
2023-11-18T09:45:00.000,0.0,0.0,0.0,0.0,0,0,0.0
2023-11-18T09:50:00.000,0.0,0.0,0.0,0.0,0,0,0.0
2023-11-18T09:55:00.000,0.0,0.0,0.0,0.0,0,0,0.0
2023-11-18T10:00:00.000,0.0,0.0,0.0,0.0,0,0,0.0
2023-11-18T10:05:00.000,0.0,0.0,0.0,0.0,0,0,0.0
2023-11-18T10:10:00.000,0.0,0.0,0.0,0.0,0,0,0.0
2023-11-18T10:15:00.000,0.0,0.0,0.0,0.0,0,0,0.0
2023-11-18T10:20:00.000,0.0,0.0,0.0,0.0,0,0,0.0
2023-11-18T10:25:00.000,0.0,0.0,0.0,0.0,0,0,0.0
2023-11-18T10:30:00.000,0.0,0.0,0.0,0.0,0,0,0.0
2023-11-18T10:35:00.000,0.0,0.0,0.0,0.0,0,0,0.0
2023-11-18T10:40:00.000,0.0,0.0,0.0,0.0,0,0,0.0
2023-11-18T10:45:00.000,0.0,0.0,0.0,0.0,0,0,0.0
2023-11-18T10:50:00.000,0.0,0.0,0.0,0.0,0,0,0.0
2023-11-18T10:55:00.000,0.0,0.0,0.0,0.0,0,0,0.0
2023-11-18T11:00:00.000,0.0,0.0,0.0,0.0,0,0,0.0
2023-11-18T11:05:00.000,0.0,0.0,0.0,0.0,0,0,0.0
2023-11-18T11:10:00.000,0.0,0.0,0.0,0.0,0,0,0.0
2023-11-18T11:15:00.000,0.0,0.0,0.0,0.0,0,0,0.0
2023-11-18T11:20:00.000,0.0,0.0,0.0,0.0,0,0,0.0
2023-11-18T11:25:00.000,0.0,0.0,0.0,0.0,0,0,0.0
2023-11-18T11:30:00.000,0.0,0.0,0.0,0.0,0,0,0.0
2023-11-18T11:35:00.000,0.0,0.0,0.0,0.0,0,0,0.0
2023-11-18T11:40:00.000,0.0,0.0,0.0,0.0,0,0,0.0
2023-11-18T11:45:00.000,0.0,0.0,0.0,0.0,0,0,0.0
2023-11-18T11:50:00.000,0.0,0.0,0.0,0.0,0,0,0.0
2023-11-18T11:55:00.000,0.0,0.0,0.0,0.0,0,0,0.0
2023-11-18T12:00:00.000,0.0,0.0,0.0,0.0,0,0,0.0
2023-11-18T12:05:00.000,0.0,0.0,0.0,0.0,0,0,0.0
2023-11-18T12:10:00.000,0.0,0.0,0.0,0.0,0,0,0.0
2023-11-18T12:15:00.000,0.0,0.0,0.0,0.0,0,0,0.0
2023-11-18T12:20:00.000,0.0,0.0,0.0,0.0,0,0,0.0
2023-11-18T12:25:00.000,0.0,0.0,0.0,0.0,0,0,0.0
2023-11-18T12:30:00.000,0.0,0.0,0.0,0.0,0,0,0.0
2023-11-18T12:35:00.000,0.0,0.0,0.0,0.0,0,0,0.0
2023-11-18T12:40:00.000,0.0,0.0,0.0,0.0,0,0,0.0
2023-11-18T12:45:00.000,0.0,0.0,0.0,0.0,0,0,0.0
2023-11-18T12:50:00.000,0.0,0.0,0.0,0.0,0,0,0.0
2023-11-18T12:55:00.000,0.0,0.0,0.0,0.0,0,0,0.0
2023-11-18T13:00:00.000,0.0,0.0,0.0,0.0,0,0,0.0
2023-11-18T13:05:00.000,0.0,0.0,0.0,0.0,0,0,0.0
2023-11-18T13:10:00.000,0.0,0.0,0.0,0.0,0,0,0.0
2023-11-18T13:15:00.000,0.0,0.0,0.0,0.0,0,0,0.0
2023-11-18T13:20:00.000,0.0,0.0,0.0,0.0,0,0,0.0
2023-11-18T13:25:00.000,0.0,0.0,0.0,0.0,0,0,0.0
2023-11-18T13:30:00.000,0.0,0.0,0.0,0.0,0,0,0.0
2023-11-18T13:35:00.000,0.0,0.0,0.0,0.0,0,0,0.0
2023-11-18T13:40:00.000,0.0,0.0,0.0,0.0,0,0,0.0
2023-11-18T13:45:00.000,0.0,0.0,0.0,0.0,0,0,0.0
2023-11-18T13:50:00.000,0.0,0.0,0.0,0.0,0,0,0.0
2023-11-18T13:55:00.000,0.0,0.0,0.0,0.0,0,0,0.0
2023-11-18T14:00:00.000,0.0,0.0,0.0,0.0,0,0,0.0
2023-11-18T14:05:00.000,0.0,0.0,0.0,0.0,0,0,0.0
2023-11-18T14:10:00.000,0.0,0.0,0.0,0.0,0,0,0.0
2023-11-18T14:15:00.000,0.0,0.0,0.0,0.0,0,0,0.0
2023-11-18T14:20:00.000,0.0,0.0,0.0,0.0,0,0,0.0
2023-11-18T14:25:00.000,0.0,0.0,0.0,0.0,0,0,0.0
2023-11-18T14:30:00.000,0.0,0.0,0.0,0.0,0,0,0.0
2023-11-18T14:35:00.000,0.0,0.0,0.0,0.0,0,0,0.0
2023-11-18T14:40:00.000,0.0,0.0,0.0,0.0,0,0,0.0
2023-11-18T14:45:00.000,0.0,0.0,0.0,0.0,0,0,0.0
2023-11-18T14:50:00.000,0.0,0.0,0.0,0.0,0,0,0.0
2023-11-18T14:55:00.000,0.0,0.0,0.0,0.0,0,0,0.0
2023-11-18T15:00:00.000,0.0,0.0,0.0,0.0,0,0,0.0
2023-11-18T15:05:00.000,0.0,0.0,0.0,0.0,0,0,0.0
2023-11-18T15:10:00.000,0.0,0.0,0.0,0.0,0,0,0.0
2023-11-18T15:15:00.000,0.0,0.0,0.0,0.0,0,0,0.0
2023-11-18T15:20:00.000,0.0,0.0,0.0,0.0,0,0,0.0
2023-11-18T15:25:00.000,0.0,0.0,0.0,0.0,0,0,0.0
2023-11-18T15:30:00.000,0.0,0.0,0.0,0.0,0,0,0.0
2023-11-18T15:35:00.000,0.0,0.0,0.0,0.0,0,0,0.0
2023-11-18T15:40:00.000,0.0,0.0,0.0,0.0,0,0,0.0
2023-11-18T15:45:00.000,0.0,0.0,0.0,0.0,0,0,0.0
2023-11-18T15:50:00.000,0.0,0.0,0.0,0.0,0,0,0.0
2023-11-18T15:55:00.000,0.0,0.0,0.0,0.0,0,0,0.0
2023-11-18T16:00:00.000,0.0,0.0,0.0,0.0,0,0,0.0
2023-11-19T09:30:00.000,0.0,0.0,0.0,0.0,0,0,0.0
2023-11-19T09:35:00.000,0.0,0.0,0.0,0.0,0,0,0.0
2023-11-19T09:40:00.000,0.0,0.0,0.0,0.0,0,0,0.0
2023-11-19T09:45:00.000,0.0,0.0,0.0,0.0,0,0,0.0
2023-11-19T09:50:00.000,0.0,0.0,0.0,0.0,0,0,0.0
2023-11-19T09:55:00.000,0.0,0.0,0.0,0.0,0,0,0.0
2023-11-19T10:00:00.000,0.0,0.0,0.0,0.0,0,0,0.0
2023-11-19T10:05:00.000,0.0,0.0,0.0,0.0,0,0,0.0
2023-11-19T10:10:00.000,0.0,0.0,0.0,0.0,0,0,0.0
2023-11-19T10:15:00.000,0.0,0.0,0.0,0.0,0,0,0.0
2023-11-19T10:20:00.000,0.0,0.0,0.0,0.0,0,0,0.0
2023-11-19T10:25:00.000,0.0,0.0,0.0,0.0,0,0,0.0
2023-11-19T10:30:00.000,0.0,0.0,0.0,0.0,0,0,0.0
2023-11-19T10:35:00.000,0.0,0.0,0.0,0.0,0,0,0.0
2023-11-19T10:40:00.000,0.0,0.0,0.0,0.0,0,0,0.0
2023-11-19T10:45:00.000,0.0,0.0,0.0,0.0,0,0,0.0
2023-11-19T10:50:00.000,0.0,0.0,0.0,0.0,0,0,0.0
2023-11-19T10:55:00.000,0.0,0.0,0.0,0.0,0,0,0.0
2023-11-19T11:00:00.000,0.0,0.0,0.0,0.0,0,0,0.0
2023-11-19T11:05:00.000,0.0,0.0,0.0,0.0,0,0,0.0
2023-11-19T11:10:00.000,0.0,0.0,0.0,0.0,0,0,0.0
2023-11-19T11:15:00.000,0.0,0.0,0.0,0.0,0,0,0.0
2023-11-19T11:20:00.000,0.0,0.0,0.0,0.0,0,0,0.0
2023-11-19T11:25:00.000,0.0,0.0,0.0,0.0,0,0,0.0
2023-11-19T11:30:00.000,0.0,0.0,0.0,0.0,0,0,0.0
2023-11-19T11:35:00.000,0.0,0.0,0.0,0.0,0,0,0.0
2023-11-19T11:40:00.000,0.0,0.0,0.0,0.0,0,0,0.0
2023-11-19T11:45:00.000,0.0,0.0,0.0,0.0,0,0,0.0
2023-11-19T11:50:00.000,0.0,0.0,0.0,0.0,0,0,0.0
2023-11-19T11:55:00.000,0.0,0.0,0.0,0.0,0,0,0.0
2023-11-19T12:00:00.000,0.0,0.0,0.0,0.0,0,0,0.0
2023-11-19T12:05:00.000,0.0,0.0,0.0,0.0,0,0,0.0
2023-11-19T12:10:00.000,0.0,0.0,0.0,0.0,0,0,0.0
2023-11-19T12:15:00.000,0.0,0.0,0.0,0.0,0,0,0.0
2023-11-19T12:20:00.000,0.0,0.0,0.0,0.0,0,0,0.0
2023-11-19T12:25:00.000,0.0,0.0,0.0,0.0,0,0,0.0
2023-11-19T12:30:00.000,0.0,0.0,0.0,0.0,0,0,0.0
2023-11-19T12:35:00.000,0.0,0.0,0.0,0.0,0,0,0.0
2023-11-19T12:40:00.000,0.0,0.0,0.0,0.0,0,0,0.0
2023-11-19T12:45:00.000,0.0,0.0,0.0,0.0,0,0,0.0
2023-11-19T12:50:00.000,0.0,0.0,0.0,0.0,0,0,0.0
2023-11-19T12:55:00.000,0.0,0.0,0.0,0.0,0,0,0.0
2023-11-19T13:00:00.000,0.0,0.0,0.0,0.0,0,0,0.0
2023-11-19T13:05:00.000,0.0,0.0,0.0,0.0,0,0,0.0
2023-11-19T13:10:00.000,0.0,0.0,0.0,0.0,0,0,0.0
2023-11-19T13:15:00.000,0.0,0.0,0.0,0.0,0,0,0.0
2023-11-19T13:20:00.000,0.0,0.0,0.0,0.0,0,0,0.0
2023-11-19T13:25:00.000,0.0,0.0,0.0,0.0,0,0,0.0
2023-11-19T13:30:00.000,0.0,0.0,0.0,0.0,0,0,0.0
2023-11-19T13:35:00.000,0.0,0.0,0.0,0.0,0,0,0.0
2023-11-19T13:40:00.000,0.0,0.0,0.0,0.0,0,0,0.0
2023-11-19T13:45:00.000,0.0,0.0,0.0,0.0,0,0,0.0
2023-11-19T13:50:00.000,0.0,0.0,0.0,0.0,0,0,0.0
2023-11-19T13:55:00.000,0.0,0.0,0.0,0.0,0,0,0.0
2023-11-19T14:00:00.000,0.0,0.0,0.0,0.0,0,0,0.0
2023-11-19T14:05:00.000,0.0,0.0,0.0,0.0,0,0,0.0
2023-11-19T14:10:00.000,0.0,0.0,0.0,0.0,0,0,0.0
2023-11-19T14:15:00.000,0.0,0.0,0.0,0.0,0,0,0.0
2023-11-19T14:20:00.000,0.0,0.0,0.0,0.0,0,0,0.0
2023-11-19T14:25:00.000,0.0,0.0,0.0,0.0,0,0,0.0
2023-11-19T14:30:00.000,0.0,0.0,0.0,0.0,0,0,0.0
2023-11-19T14:35:00.000,0.0,0.0,0.0,0.0,0,0,0.0
2023-11-19T14:40:00.000,0.0,0.0,0.0,0.0,0,0,0.0
2023-11-19T14:45:00.000,0.0,0.0,0.0,0.0,0,0,0.0
2023-11-19T14:50:00.000,0.0,0.0,0.0,0.0,0,0,0.0
2023-11-19T14:55:00.000,0.0,0.0,0.0,0.0,0,0,0.0
2023-11-19T15:00:00.000,0.0,0.0,0.0,0.0,0,0,0.0
2023-11-19T15:05:00.000,0.0,0.0,0.0,0.0,0,0,0.0
2023-11-19T15:10:00.000,0.0,0.0,0.0,0.0,0,0,0.0
2023-11-19T15:15:00.000,0.0,0.0,0.0,0.0,0,0,0.0
2023-11-19T15:20:00.000,0.0,0.0,0.0,0.0,0,0,0.0
2023-11-19T15:25:00.000,0.0,0.0,0.0,0.0,0,0,0.0
2023-11-19T15:30:00.000,0.0,0.0,0.0,0.0,0,0,0.0
2023-11-19T15:35:00.000,0.0,0.0,0.0,0.0,0,0,0.0
2023-11-19T15:40:00.000,0.0,0.0,0.0,0.0,0,0,0.0
2023-11-19T15:45:00.000,0.0,0.0,0.0,0.0,0,0,0.0
2023-11-19T15:50:00.000,0.0,0.0,0.0,0.0,0,0,0.0
2023-11-19T15:55:00.000,0.0,0.0,0.0,0.0,0,0,0.0
2023-11-19T16:00:00.000,0.0,0.0,0.0,0.0,0,0,0.0
2023-11-20T09:30:00.000,450.53,451.23,450.52,451.22,1441749,13808,450.86
2023-11-20T09:35:00.000,451.22,451.74,451.15,451.52,970162,7937,451.11
2023-11-20T09:40:00.000,451.52,451.745,451.3902,451.66,689084,6728,451.21
2023-11-20T09:45:00.000,451.65,451.7,451.4,451.46,755590,7702,451.28
2023-11-20T09:50:00.000,451.46,451.86,451.455,451.67,754073,7634,451.34
2023-11-20T09:55:00.000,451.66,452.17,451.59,452.17,751193,7521,451.42
2023-11-20T10:00:00.000,452.165,452.195,451.875,452.03,679510,7515,451.49
2023-11-20T10:05:00.000,452.03,452.29,452.0223,452.055,775495,8248,451.56
2023-11-20T10:10:00.000,452.05,452.33,451.93,452.0299,911802,9064,451.63
2023-11-20T10:15:00.000,452.03,452.085,451.89,452.0,528772,5885,451.65
2023-11-20T10:20:00.000,451.99,452.09,451.45,451.7,1125937,7037,451.66
2023-11-20T10:25:00.000,451.695,452.02,451.64,451.95,580352,5863,451.67
2023-11-20T10:30:00.000,451.95,452.08,451.77,451.97,1044580,6739,451.69
2023-11-20T10:35:00.000,451.98,452.06,451.752,451.94,495475,5303,451.7
2023-11-20T10:40:00.000,451.93,452.17,451.93,452.16,752618,5312,451.71
2023-11-20T10:45:00.000,452.17,452.44,451.87,452.3599,624722,6296,451.74
2023-11-20T10:50:00.000,452.35,452.51,452.205,452.41,473740,4943,451.76
2023-11-20T10:55:00.000,452.41,452.6152,452.38,452.615,569007,5023,451.8
2023-11-20T11:00:00.000,452.62,452.8,452.5601,452.77,743585,7138,451.84
2023-11-20T11:05:00.000,452.76,452.79,452.65,452.689,485699,4546,451.87
2023-11-20T11:10:00.000,452.69,452.7383,452.54,452.6,653204,6356,451.91
2023-11-20T11:15:00.000,452.61,452.78,452.52,452.725,561043,5069,451.94
2023-11-20T11:20:00.000,452.72,452.73,452.575,452.72,564658,4162,451.96
2023-11-20T11:25:00.000,452.71,452.75,452.52,452.67,507613,4588,451.98
2023-11-20T11:30:00.000,452.67,452.84,452.58,452.81,447974,3939,452.0
2023-11-20T11:35:00.000,452.81,452.89,452.72,452.86,383277,3665,452.02
2023-11-20T11:40:00.000,452.87,452.895,452.63,452.785,365165,3932,452.03
2023-11-20T11:45:00.000,452.78,452.78,452.585,452.7,290986,3098,452.04
2023-11-20T11:50:00.000,452.71,452.8333,452.67,452.8,596797,3167,452.05
2023-11-20T11:55:00.000,452.801,452.84,452.73,452.755,328158,3140,452.07
2023-11-20T12:00:00.000,452.76,452.7601,452.6,452.74,331725,3482,452.08
2023-11-20T12:05:00.000,452.74,452.895,452.66,452.81,294560,2975,452.09
2023-11-20T12:10:00.000,452.82,453.01,452.81,452.98,1637800,4818,452.11
2023-11-20T12:15:00.000,452.982,453.08,452.915,453.0101,347186,3463,452.12
2023-11-20T12:20:00.000,453.01,453.02,452.86,452.95,271051,2933,452.13
2023-11-20T12:25:00.000,452.95,452.97,452.85,452.87,481292,2645,452.14
2023-11-20T12:30:00.000,452.88,452.91,452.73,452.745,483014,3942,452.15
2023-11-20T12:35:00.000,452.7465,452.815,452.68,452.74,332778,3219,452.16
2023-11-20T12:40:00.000,452.73,452.77,452.565,452.63,519145,4121,452.18
2023-11-20T12:45:00.000,452.62,452.76,452.48,452.7,298537,3257,452.18
2023-11-20T12:50:00.000,452.7,452.71,452.57,452.68,269865,3047,452.19
2023-11-20T12:55:00.000,452.68,452.75,452.58,452.65,227301,2692,452.19
2023-11-20T13:00:00.000,452.65,453.68,452.62,453.5801,1345294,12348,452.25
2023-11-20T13:05:00.000,453.58,453.7,453.36,453.6003,669112,6628,452.28
2023-11-20T13:10:00.000,453.61,453.79,453.5,453.63,677352,6297,452.32
2023-11-20T13:15:00.000,453.63,453.65,453.41,453.48,528977,4677,452.34
2023-11-20T13:20:00.000,453.485,453.7,453.425,453.64,644400,5586,452.38
2023-11-20T13:25:00.000,453.6301,453.81,453.61,453.71,506338,5011,452.4
2023-11-20T13:30:00.000,453.72,453.8809,453.685,453.8809,476441,5022,452.43
2023-11-20T13:35:00.000,453.885,453.89,453.74,453.79,449725,4353,452.45
2023-11-20T13:40:00.000,453.8,453.98,453.76,453.91,690365,5222,452.48
2023-11-20T13:45:00.000,453.91,453.99,453.84,453.94,660417,3312,452.49
2023-11-20T13:50:00.000,453.945,453.97,453.82,453.9165,487373,3980,452.52
2023-11-20T13:55:00.000,453.915,454.1,453.91,453.9972,575968,4711,452.55
2023-11-20T14:00:00.000,454.0,454.09,453.94,453.95,526282,4658,452.57
2023-11-20T14:05:00.000,453.95,454.1,453.901,454.05,628457,3494,452.59
2023-11-20T14:10:00.000,454.05,454.09,453.8201,453.875,563584,4714,452.62
2023-11-20T14:15:00.000,453.88,453.96,453.78,453.85,778580,4436,452.64
2023-11-20T14:20:00.000,453.86,454.059,453.83,454.04,378972,3859,452.65
2023-11-20T14:25:00.000,454.04,454.11,453.9419,454.0,440870,4242,452.67
2023-11-20T14:30:00.000,454.01,454.22,454.005,454.16,694060,5382,452.7
2023-11-20T14:35:00.000,454.155,454.25,454.15,454.25,616612,5036,452.73
2023-11-20T14:40:00.000,454.25,454.51,454.21,454.45,680897,6187,452.76
2023-11-20T14:45:00.000,454.44,454.71,454.44,454.53,754175,6034,452.8
2023-11-20T14:50:00.000,454.53,454.64,454.45,454.545,609699,5840,452.83
2023-11-20T14:55:00.000,454.5497,454.64,454.475,454.56,465018,4249,452.85
2023-11-20T15:00:00.000,454.555,454.72,454.485,454.6501,510009,4579,452.88
2023-11-20T15:05:00.000,454.65,454.89,454.62,454.88,501913,4662,452.9
2023-11-20T15:10:00.000,454.88,455.125,454.79,455.09,1639309,7266,452.95
2023-11-20T15:15:00.000,455.091,455.1,454.8521,455.02,790507,5983,452.99
2023-11-20T15:20:00.000,455.0299,455.04,454.68,454.72,915401,6318,453.02
2023-11-20T15:25:00.000,454.72,455.115,454.71,455.03,904069,5841,453.05
2023-11-20T15:30:00.000,455.03,455.04,454.765,454.8701,1334555,7929,453.1
2023-11-20T15:35:00.000,454.875,454.99,454.74,454.915,1398119,9176,453.15
2023-11-20T15:40:00.000,454.92,455.02,454.8699,454.92,2057647,13256,453.22
2023-11-20T15:45:00.000,454.92,454.925,454.58,454.62,2235211,15724,453.3
2023-11-20T15:50:00.000,454.62,454.62,454.02,454.06,2883694,19175,453.36
2023-11-20T15:55:00.000,454.055,454.33,453.92,454.24,6476802,27324,453.44
2023-11-20T16:00:00.000,454.23,454.23,454.23,454.23,114,1,453.44
2023-11-21T09:30:00.000,453.1842,453.32,452.95,453.18,1016584,9801,453.11
2023-11-21T09:35:00.000,453.19,453.23,452.841,452.995,810524,7486,453.08
2023-11-21T09:40:00.000,453.0,453.22,452.92,452.958,737494,7334,453.07
2023-11-21T09:45:00.000,452.95,452.985,452.71,452.8676,680831,8169,453.02
2023-11-21T09:50:00.000,452.87,453.15,452.825,453.11,626815,7545,453.02
2023-11-21T09:55:00.000,453.11,453.11,452.72,452.82,736653,7845,453.0
2023-11-21T10:00:00.000,452.82,453.12,452.7302,452.92,783879,8936,452.99
2023-11-21T10:05:00.000,452.91,453.175,452.83,453.09,622998,6271,452.99
2023-11-21T10:10:00.000,453.08,453.08,452.82,452.925,607227,6534,452.98
2023-11-21T10:15:00.000,452.91,453.1101,452.84,453.1101,689604,7442,452.98
2023-11-21T10:20:00.000,453.11,453.11,452.47,452.475,960158,8677,452.95
2023-11-21T10:25:00.000,452.48,452.57,452.04,452.15,993753,9892,452.87
2023-11-21T10:30:00.000,452.16,452.1985,451.9599,452.09,816064,8209,452.81
2023-11-21T10:35:00.000,452.085,452.44,452.02,452.06,744035,7545,452.76
2023-11-21T10:40:00.000,452.06,452.43,452.05,452.34,1100143,6709,452.73
2023-11-21T10:45:00.000,452.34,452.6,452.3179,452.55,562059,5159,452.72
2023-11-21T10:50:00.000,452.55,452.62,452.36,452.555,440129,4259,452.71
2023-11-21T10:55:00.000,452.55,452.76,452.38,452.68,715415,4317,452.71
2023-11-21T11:00:00.000,452.68,452.79,452.615,452.765,468534,4397,452.71
2023-11-21T11:05:00.000,452.76,452.7701,452.47,452.6712,502448,4617,452.7
2023-11-21T11:10:00.000,452.675,452.71,452.32,452.431,652558,5292,452.69
2023-11-21T11:15:00.000,452.43,452.59,452.315,452.3509,528828,4454,452.69
2023-11-21T11:20:00.000,452.36,452.555,452.31,452.51,485279,3767,452.68
2023-11-21T11:25:00.000,452.51,452.6,452.3325,452.5,533397,3199,452.67
2023-11-21T11:30:00.000,452.4901,452.67,452.38,452.629,496754,4378,452.67
2023-11-21T11:35:00.000,452.62,452.65,452.46,452.4606,357785,3291,452.66
2023-11-21T11:40:00.000,452.46,452.51,452.22,452.4273,360538,3749,452.66
2023-11-21T11:45:00.000,452.42,452.73,452.385,452.719,338753,3530,452.66
2023-11-21T11:50:00.000,452.715,452.91,452.68,452.85,504700,4428,452.66
2023-11-21T11:55:00.000,452.85,452.91,452.72,452.885,356094,3369,452.66
2023-11-21T12:00:00.000,452.89,452.92,452.7599,452.86,366121,3358,452.67
2023-11-21T12:05:00.000,452.85,452.94,452.76,452.9,321136,2820,452.67
2023-11-21T12:10:00.000,452.9,453.06,452.85,453.001,321868,3044,452.67
2023-11-21T12:15:00.000,453.0,453.07,452.86,452.94,351335,3526,452.68
2023-11-21T12:20:00.000,452.95,453.07,452.865,453.045,569069,3302,452.68
2023-11-21T12:25:00.000,453.045,453.2,453.01,453.13,372458,3703,452.69
2023-11-21T12:30:00.000,453.1338,453.275,453.13,453.2,447786,3740,452.7
2023-11-21T12:35:00.000,453.2,453.29,453.085,453.26,411447,3738,452.71
2023-11-21T12:40:00.000,453.2599,453.3,453.16,453.24,333777,3309,452.72
2023-11-21T12:45:00.000,453.24,453.48,453.24,453.4499,406950,3558,452.73
2023-11-21T12:50:00.000,453.45,453.52,453.41,453.5,411502,4085,452.74
2023-11-21T12:55:00.000,453.5,453.59,453.41,453.5397,288330,3266,452.75
2023-11-21T13:00:00.000,453.535,453.56,453.035,453.09,574529,5651,452.76
2023-11-21T13:05:00.000,453.1,453.26,453.0,453.26,359618,3672,452.77
2023-11-21T13:10:00.000,453.26,453.27,452.9,452.96,301490,3110,452.77
2023-11-21T13:15:00.000,452.96,453.08,452.86,452.98,373257,3672,452.78
2023-11-21T13:20:00.000,452.975,453.03,452.69,452.72,585871,3857,452.78
2023-11-21T13:25:00.000,452.71,452.9,452.6414,452.8409,390633,3769,452.78
2023-11-21T13:30:00.000,452.85,453.16,452.79,453.1397,398283,4541,452.78
2023-11-21T13:35:00.000,453.1388,453.21,452.9701,453.195,350289,3521,452.78
2023-11-21T13:40:00.000,453.19,453.35,453.14,453.28,296433,3062,452.79
2023-11-21T13:45:00.000,453.28,453.42,453.22,453.415,302309,2798,452.79
2023-11-21T13:50:00.000,453.4,453.57,453.375,453.4799,342082,3583,452.8
2023-11-21T13:55:00.000,453.4799,453.55,453.24,453.24,366489,3560,452.81
2023-11-21T14:00:00.000,453.26,453.49,452.8997,453.38,892274,7857,452.82
2023-11-21T14:05:00.000,453.389,453.389,452.99,453.1,637550,3903,452.83
2023-11-21T14:10:00.000,453.105,453.41,452.93,453.37,490122,4349,452.83
2023-11-21T14:15:00.000,453.39,453.555,453.09,453.2,425362,4078,452.84
2023-11-21T14:20:00.000,453.21,453.25,453.06,453.195,530989,2860,452.84
2023-11-21T14:25:00.000,453.195,453.29,453.1,453.25,307801,3180,452.85
2023-11-21T14:30:00.000,453.25,453.2998,452.98,453.175,339238,3262,452.85
2023-11-21T14:35:00.000,453.17,453.245,452.98,453.0499,280329,3177,452.85
2023-11-21T14:40:00.000,453.05,453.15,452.885,453.0,569300,4339,452.86
2023-11-21T14:45:00.000,453.0,453.189,452.9799,453.1,447770,3611,452.86
2023-11-21T14:50:00.000,453.11,453.11,452.82,453.004,489147,4396,452.86
2023-11-21T14:55:00.000,453.0,453.325,452.93,453.305,600619,4485,452.86
2023-11-21T15:00:00.000,453.31,453.65,453.29,453.4475,602395,4659,452.87
2023-11-21T15:05:00.000,453.4599,453.58,453.3,453.32,513913,4401,452.88
2023-11-21T15:10:00.000,453.319,453.55,453.3,453.31,360677,3464,452.89
2023-11-21T15:15:00.000,453.32,453.495,453.29,453.36,380378,2895,452.89
2023-11-21T15:20:00.000,453.36,453.45,453.2,453.27,413630,3864,452.9
2023-11-21T15:25:00.000,453.265,453.35,453.063,453.27,424525,4485,452.9
2023-11-21T15:30:00.000,453.275,453.3,452.89,453.0501,645693,5693,452.91
2023-11-21T15:35:00.000,453.055,453.16,452.98,453.12,702113,5605,452.91
2023-11-21T15:40:00.000,453.11,453.2,453.06,453.09,895921,6215,452.91
2023-11-21T15:45:00.000,453.09,453.28,452.9703,453.26,773123,6949,452.92
2023-11-21T15:50:00.000,453.27,453.49,453.24,453.381,1331075,9624,452.93
2023-11-21T15:55:00.000,453.39,453.41,453.05,453.27,2887707,14524,452.95
2023-11-21T16:00:00.000,453.26,453.26,453.26,453.26,1283,3,452.95
2023-11-22T09:30:00.000,454.98,455.9,454.89,455.71,1882964,15179,455.33
2023-11-22T09:35:00.000,455.71,456.22,455.71,456.12,1214725,10202,455.59
2023-11-22T09:40:00.000,456.12,456.38,456.03,456.125,895891,8800,455.72
2023-11-22T09:45:00.000,456.14,456.22,455.79,455.91,980575,8931,455.77
2023-11-22T09:50:00.000,455.9,455.98,454.605,454.7,1929135,17428,455.6
2023-11-22T09:55:00.000,454.745,455.07,454.34,454.935,1178473,11027,455.47
2023-11-22T10:00:00.000,454.93,455.04,454.045,454.11,1360867,11909,455.3
2023-11-22T10:05:00.000,454.115,454.32,453.96,453.98,685116,6912,455.22
2023-11-22T10:10:00.000,453.98,454.48,453.97,454.42,823550,8331,455.15
2023-11-22T10:15:00.000,454.415,454.4887,453.8895,454.39,917432,9376,455.08
2023-11-22T10:20:00.000,454.39,454.96,454.27,454.95,1052193,9637,455.04
2023-11-22T10:25:00.000,454.96,454.98,454.55,454.96,785411,7351,455.03
2023-11-22T10:30:00.000,454.96,455.39,454.932,455.27,953525,9343,455.04
2023-11-22T10:35:00.000,455.26,455.53,455.2,455.23,851565,8305,455.06
2023-11-22T10:40:00.000,455.24,455.5,455.11,455.305,723192,6709,455.07
2023-11-22T10:45:00.000,455.31,455.38,455.03,455.04,522911,4716,455.07
2023-11-22T10:50:00.000,455.04,455.2403,454.28,454.495,1273315,6656,455.06
2023-11-22T10:55:00.000,454.5,454.68,454.39,454.5084,440365,4057,455.04
2023-11-22T11:00:00.000,454.51,454.98,454.45,454.895,523864,5444,455.04
2023-11-22T11:05:00.000,454.9,454.965,454.755,454.835,367970,3852,455.03
2023-11-22T11:10:00.000,454.83,455.22,454.78,455.105,580909,5164,455.03
2023-11-22T11:15:00.000,455.1,455.2,454.805,454.88,585201,5495,455.03
2023-11-22T11:20:00.000,454.88,455.045,454.7301,454.975,534410,4591,455.03
2023-11-22T11:25:00.000,454.98,455.02,454.75,455.01,314156,3549,455.03
2023-11-22T11:30:00.000,455.02,455.26,455.01,455.1289,759614,5106,455.03
2023-11-22T11:35:00.000,455.13,455.13,454.89,454.9299,307975,3398,455.03
2023-11-22T11:40:00.000,454.925,455.24,454.89,455.225,463055,3894,455.03
2023-11-22T11:45:00.000,455.225,455.31,455.14,455.19,343215,3442,455.03
2023-11-22T11:50:00.000,455.19,455.285,455.05,455.125,277135,3164,455.03
2023-11-22T11:55:00.000,455.13,455.57,455.095,455.51,594598,5094,455.04
2023-11-22T12:00:00.000,455.51,455.71,455.46,455.7,515309,4895,455.05
2023-11-22T12:05:00.000,455.695,455.83,455.67,455.82,428374,4023,455.07
2023-11-22T12:10:00.000,455.82,455.9,455.21,455.22,692447,6361,455.08
2023-11-22T12:15:00.000,455.23,455.51,455.151,455.48,344722,3650,455.09
2023-11-22T12:20:00.000,455.48,455.63,455.44,455.54,372707,3440,455.09
2023-11-22T12:25:00.000,455.55,455.605,455.38,455.38,464903,4260,455.1
2023-11-22T12:30:00.000,455.39,455.41,454.87,455.16,541110,5083,455.1
2023-11-22T12:35:00.000,455.17,455.22,455.075,455.12,348549,3146,455.1
2023-11-22T12:40:00.000,455.11,455.13,454.69,454.815,583593,5211,455.1
2023-11-22T12:45:00.000,454.81,454.86,454.655,454.67,521924,4711,455.09
2023-11-22T12:50:00.000,454.675,455.06,454.62,454.92,473508,4192,455.09
2023-11-22T12:55:00.000,454.92,455.1375,454.82,455.0805,215714,2381,455.08
2023-11-22T13:00:00.000,455.08,455.21,455.0,455.01,258340,2872,455.08
2023-11-22T13:05:00.000,455.01,455.36,455.01,455.32,276544,3111,455.09
2023-11-22T13:10:00.000,455.32,455.54,455.2,455.4401,358282,3817,455.09
2023-11-22T13:15:00.000,455.45,455.51,455.13,455.205,360555,3463,455.09
2023-11-22T13:20:00.000,455.21,455.5111,455.2,455.455,245197,2693,455.09
2023-11-22T13:25:00.000,455.455,455.565,455.37,455.55,272236,2863,455.1
2023-11-22T13:30:00.000,455.55,455.6,455.3102,455.5199,428531,4860,455.1
2023-11-22T13:35:00.000,455.512,455.5164,455.34,455.3918,242933,2725,455.1
2023-11-22T13:40:00.000,455.3999,455.475,455.22,455.275,465140,4520,455.11
2023-11-22T13:45:00.000,455.28,455.41,455.205,455.326,234090,2584,455.11
2023-11-22T13:50:00.000,455.33,455.47,455.285,455.31,309664,3412,455.11
2023-11-22T13:55:00.000,455.315,455.48,455.22,455.32,377845,3867,455.12
2023-11-22T14:00:00.000,455.31,455.56,455.3,455.425,431689,3940,455.12
2023-11-22T14:05:00.000,455.42,455.61,455.41,455.58,994644,4514,455.13
2023-11-22T14:10:00.000,455.585,455.62,455.27,455.3168,475887,4800,455.13
2023-11-22T14:15:00.000,455.315,455.54,455.23,455.495,442011,4571,455.13
2023-11-22T14:20:00.000,455.49,455.51,455.3,455.32,560625,3312,455.14
2023-11-22T14:25:00.000,455.33,455.5,455.325,455.48,299457,3284,455.14
2023-11-22T14:30:00.000,455.47,455.5,454.95,454.99,668596,6184,455.14
2023-11-22T14:35:00.000,454.99,455.095,454.07,454.1133,1018811,8409,455.12
2023-11-22T14:40:00.000,454.11,454.53,453.925,454.53,1676738,10044,455.1
2023-11-22T14:45:00.000,454.5267,454.5393,454.295,454.4201,452059,4704,455.09
2023-11-22T14:50:00.000,454.425,454.77,454.41,454.73,775133,5961,455.08
2023-11-22T14:55:00.000,454.72,455.03,454.7,454.84,860515,8089,455.07
2023-11-22T15:00:00.000,454.84,455.02,454.71,455.01,621983,5638,455.07
2023-11-22T15:05:00.000,455.015,455.0899,454.67,454.94,635376,6501,455.07
2023-11-22T15:10:00.000,454.94,454.999,454.82,454.98,461670,4562,455.07
2023-11-22T15:15:00.000,454.97,455.1199,454.97,455.08,425946,4159,455.07
2023-11-22T15:20:00.000,455.07,455.1,454.77,454.97,667687,6206,455.06
2023-11-22T15:25:00.000,454.97,455.2968,454.945,455.2801,543604,5248,455.07
2023-11-22T15:30:00.000,455.28,455.305,455.15,455.245,470340,4655,455.07
2023-11-22T15:35:00.000,455.24,455.35,455.19,455.295,1012710,6894,455.07
2023-11-22T15:40:00.000,455.295,455.41,455.145,455.155,958068,7979,455.07
2023-11-22T15:45:00.000,455.16,455.31,455.11,455.2,1160611,9528,455.08
2023-11-22T15:50:00.000,455.17,455.27,455.03,455.1097,1965031,11041,455.08
2023-11-22T15:55:00.000,455.1,455.28,454.98,455.03,2427065,15387,455.08
2023-11-22T16:00:00.000,455.03,455.03,455.02,455.02,700,5,455.08
2023-11-23T09:30:00.000,0.0,0.0,0.0,0.0,0,0,0.0
2023-11-23T09:35:00.000,0.0,0.0,0.0,0.0,0,0,0.0
2023-11-23T09:40:00.000,0.0,0.0,0.0,0.0,0,0,0.0
2023-11-23T09:45:00.000,0.0,0.0,0.0,0.0,0,0,0.0
2023-11-23T09:50:00.000,0.0,0.0,0.0,0.0,0,0,0.0
2023-11-23T09:55:00.000,0.0,0.0,0.0,0.0,0,0,0.0
2023-11-23T10:00:00.000,0.0,0.0,0.0,0.0,0,0,0.0
2023-11-23T10:05:00.000,0.0,0.0,0.0,0.0,0,0,0.0
2023-11-23T10:10:00.000,0.0,0.0,0.0,0.0,0,0,0.0
2023-11-23T10:15:00.000,0.0,0.0,0.0,0.0,0,0,0.0
2023-11-23T10:20:00.000,0.0,0.0,0.0,0.0,0,0,0.0
2023-11-23T10:25:00.000,0.0,0.0,0.0,0.0,0,0,0.0
2023-11-23T10:30:00.000,0.0,0.0,0.0,0.0,0,0,0.0
2023-11-23T10:35:00.000,0.0,0.0,0.0,0.0,0,0,0.0
2023-11-23T10:40:00.000,0.0,0.0,0.0,0.0,0,0,0.0
2023-11-23T10:45:00.000,0.0,0.0,0.0,0.0,0,0,0.0
2023-11-23T10:50:00.000,0.0,0.0,0.0,0.0,0,0,0.0
2023-11-23T10:55:00.000,0.0,0.0,0.0,0.0,0,0,0.0
2023-11-23T11:00:00.000,0.0,0.0,0.0,0.0,0,0,0.0
2023-11-23T11:05:00.000,0.0,0.0,0.0,0.0,0,0,0.0
2023-11-23T11:10:00.000,0.0,0.0,0.0,0.0,0,0,0.0
2023-11-23T11:15:00.000,0.0,0.0,0.0,0.0,0,0,0.0
2023-11-23T11:20:00.000,0.0,0.0,0.0,0.0,0,0,0.0
2023-11-23T11:25:00.000,0.0,0.0,0.0,0.0,0,0,0.0
2023-11-23T11:30:00.000,0.0,0.0,0.0,0.0,0,0,0.0
2023-11-23T11:35:00.000,0.0,0.0,0.0,0.0,0,0,0.0
2023-11-23T11:40:00.000,0.0,0.0,0.0,0.0,0,0,0.0
2023-11-23T11:45:00.000,0.0,0.0,0.0,0.0,0,0,0.0
2023-11-23T11:50:00.000,0.0,0.0,0.0,0.0,0,0,0.0
2023-11-23T11:55:00.000,0.0,0.0,0.0,0.0,0,0,0.0
2023-11-23T12:00:00.000,0.0,0.0,0.0,0.0,0,0,0.0
2023-11-23T12:05:00.000,0.0,0.0,0.0,0.0,0,0,0.0
2023-11-23T12:10:00.000,0.0,0.0,0.0,0.0,0,0,0.0
2023-11-23T12:15:00.000,0.0,0.0,0.0,0.0,0,0,0.0
2023-11-23T12:20:00.000,0.0,0.0,0.0,0.0,0,0,0.0
2023-11-23T12:25:00.000,0.0,0.0,0.0,0.0,0,0,0.0
2023-11-23T12:30:00.000,0.0,0.0,0.0,0.0,0,0,0.0
2023-11-23T12:35:00.000,0.0,0.0,0.0,0.0,0,0,0.0
2023-11-23T12:40:00.000,0.0,0.0,0.0,0.0,0,0,0.0
2023-11-23T12:45:00.000,0.0,0.0,0.0,0.0,0,0,0.0
2023-11-23T12:50:00.000,0.0,0.0,0.0,0.0,0,0,0.0
2023-11-23T12:55:00.000,0.0,0.0,0.0,0.0,0,0,0.0
2023-11-23T13:00:00.000,0.0,0.0,0.0,0.0,0,0,0.0
2023-11-23T13:05:00.000,0.0,0.0,0.0,0.0,0,0,0.0
2023-11-23T13:10:00.000,0.0,0.0,0.0,0.0,0,0,0.0
2023-11-23T13:15:00.000,0.0,0.0,0.0,0.0,0,0,0.0
2023-11-23T13:20:00.000,0.0,0.0,0.0,0.0,0,0,0.0
2023-11-23T13:25:00.000,0.0,0.0,0.0,0.0,0,0,0.0
2023-11-23T13:30:00.000,0.0,0.0,0.0,0.0,0,0,0.0
2023-11-23T13:35:00.000,0.0,0.0,0.0,0.0,0,0,0.0
2023-11-23T13:40:00.000,0.0,0.0,0.0,0.0,0,0,0.0
2023-11-23T13:45:00.000,0.0,0.0,0.0,0.0,0,0,0.0
2023-11-23T13:50:00.000,0.0,0.0,0.0,0.0,0,0,0.0
2023-11-23T13:55:00.000,0.0,0.0,0.0,0.0,0,0,0.0
2023-11-23T14:00:00.000,0.0,0.0,0.0,0.0,0,0,0.0
2023-11-23T14:05:00.000,0.0,0.0,0.0,0.0,0,0,0.0
2023-11-23T14:10:00.000,0.0,0.0,0.0,0.0,0,0,0.0
2023-11-23T14:15:00.000,0.0,0.0,0.0,0.0,0,0,0.0
2023-11-23T14:20:00.000,0.0,0.0,0.0,0.0,0,0,0.0
2023-11-23T14:25:00.000,0.0,0.0,0.0,0.0,0,0,0.0
2023-11-23T14:30:00.000,0.0,0.0,0.0,0.0,0,0,0.0
2023-11-23T14:35:00.000,0.0,0.0,0.0,0.0,0,0,0.0
2023-11-23T14:40:00.000,0.0,0.0,0.0,0.0,0,0,0.0
2023-11-23T14:45:00.000,0.0,0.0,0.0,0.0,0,0,0.0
2023-11-23T14:50:00.000,0.0,0.0,0.0,0.0,0,0,0.0
2023-11-23T14:55:00.000,0.0,0.0,0.0,0.0,0,0,0.0
2023-11-23T15:00:00.000,0.0,0.0,0.0,0.0,0,0,0.0
2023-11-23T15:05:00.000,0.0,0.0,0.0,0.0,0,0,0.0
2023-11-23T15:10:00.000,0.0,0.0,0.0,0.0,0,0,0.0
2023-11-23T15:15:00.000,0.0,0.0,0.0,0.0,0,0,0.0
2023-11-23T15:20:00.000,0.0,0.0,0.0,0.0,0,0,0.0
2023-11-23T15:25:00.000,0.0,0.0,0.0,0.0,0,0,0.0
2023-11-23T15:30:00.000,0.0,0.0,0.0,0.0,0,0,0.0
2023-11-23T15:35:00.000,0.0,0.0,0.0,0.0,0,0,0.0
2023-11-23T15:40:00.000,0.0,0.0,0.0,0.0,0,0,0.0
2023-11-23T15:45:00.000,0.0,0.0,0.0,0.0,0,0,0.0
2023-11-23T15:50:00.000,0.0,0.0,0.0,0.0,0,0,0.0
2023-11-23T15:55:00.000,0.0,0.0,0.0,0.0,0,0,0.0
2023-11-23T16:00:00.000,0.0,0.0,0.0,0.0,0,0,0.0
2023-11-24T09:30:00.000,455.07,455.382,454.77,455.25,977639,10352,455.09
2023-11-24T09:35:00.000,455.24,455.27,454.84,454.97,520900,5067,455.07
2023-11-24T09:40:00.000,454.98,455.1,454.81,454.89,434629,4563,455.05
2023-11-24T09:45:00.000,454.93,455.045,454.73,454.89,582948,6349,455.01
2023-11-24T09:50:00.000,454.89,455.15,454.88,455.12,351854,4498,455.02
2023-11-24T09:55:00.000,455.13,455.3,455.06,455.2501,278875,4337,455.03
2023-11-24T10:00:00.000,455.26,455.5,455.24,455.38,470716,6250,455.07
2023-11-24T10:05:00.000,455.38,455.395,455.07,455.1291,1594598,5133,455.09
2023-11-24T10:10:00.000,455.14,455.22,454.91,454.965,267992,4031,455.08
2023-11-24T10:15:00.000,454.97,455.086,454.79,455.0001,478447,5498,455.07
2023-11-24T10:20:00.000,455.0,455.13,454.89,454.99,259906,3934,455.07
2023-11-24T10:25:00.000,454.99,455.06,454.89,454.98,508745,6282,455.06
2023-11-24T10:30:00.000,454.99,455.151,454.94,455.01,378791,5512,455.06
2023-11-24T10:35:00.000,454.995,455.2281,454.84,455.1,465847,5354,455.06
2023-11-24T10:40:00.000,455.095,455.22,455.0301,455.0501,366398,3956,455.06
2023-11-24T10:45:00.000,455.0501,455.15,455.005,455.04,389858,3553,455.06
2023-11-24T10:50:00.000,455.03,455.11,454.73,455.05,393472,4082,455.05
2023-11-24T10:55:00.000,455.04,455.19,454.945,455.13,754587,2793,455.05
2023-11-24T11:00:00.000,455.14,455.215,455.05,455.09,881670,2702,455.06
2023-11-24T11:05:00.000,455.09,455.205,454.935,455.13,244675,2442,455.06
2023-11-24T11:10:00.000,455.12,455.24,455.09,455.165,1019161,2853,455.06
2023-11-24T11:15:00.000,455.16,455.22,455.0801,455.1,307419,3189,455.06
2023-11-24T11:20:00.000,455.12,455.19,454.99,455.07,284447,3100,455.06
2023-11-24T11:25:00.000,455.08,455.14,454.895,455.045,449740,3806,455.06
2023-11-24T11:30:00.000,455.05,455.105,454.925,454.95,245581,2676,455.06
2023-11-24T11:35:00.000,454.96,455.13,454.9,454.91,224716,2528,455.06
2023-11-24T11:40:00.000,454.92,455.035,454.905,454.92,1078005,3091,455.05
2023-11-24T11:45:00.000,454.93,455.02,454.9,454.92,268637,2698,455.05
2023-11-24T11:50:00.000,454.915,455.01,454.915,454.925,612809,2189,455.05
2023-11-24T11:55:00.000,454.925,455.04,454.88,454.95,1285396,2320,455.05
2023-11-24T12:00:00.000,454.96,455.075,454.881,454.92,802688,3053,455.05
2023-11-24T12:05:00.000,454.92,455.01,454.8508,454.995,973819,2368,455.04
2023-11-24T12:10:00.000,454.99,455.1013,454.96,455.0701,528369,2780,455.04
2023-11-24T12:15:00.000,455.07,455.135,455.0,455.12,504669,2755,455.04
2023-11-24T12:20:00.000,455.11,455.1252,454.87,454.9028,657557,3793,455.04
2023-11-24T12:25:00.000,454.905,455.055,454.85,454.86,349985,3467,455.04
2023-11-24T12:30:00.000,454.86,455.04,454.82,455.02,469254,4480,455.03
2023-11-24T12:35:00.000,455.02,455.065,454.955,455.055,383132,3363,455.03
2023-11-24T12:40:00.000,455.06,455.0999,454.86,454.88,329935,3685,455.03
2023-11-24T12:45:00.000,454.885,455.13,454.88,454.98,522495,4834,455.03
2023-11-24T12:50:00.000,454.97,455.19,454.88,455.14,1041914,6726,455.03
2023-11-24T12:55:00.000,455.13,455.33,455.11,455.26,1577560,10473,455.04
2023-11-24T13:00:00.000,455.26,455.3,455.25,455.26,859292,960,455.05
2023-11-24T13:05:00.000,0.0,0.0,0.0,0.0,252524,579,455.05
2023-11-24T13:10:00.000,0.0,0.0,0.0,0.0,893481,328,455.05
2023-11-24T13:15:00.000,0.0,0.0,0.0,0.0,60418,359,455.05
2023-11-24T13:20:00.000,0.0,0.0,0.0,0.0,33053,167,455.05
2023-11-24T13:25:00.000,0.0,0.0,0.0,0.0,171132,186,455.05
2023-11-24T13:30:00.000,0.0,0.0,0.0,0.0,145024,286,455.05
2023-11-24T13:35:00.000,0.0,0.0,0.0,0.0,77367,267,455.05
2023-11-24T13:40:00.000,0.0,0.0,0.0,0.0,17839,112,455.05
2023-11-24T13:45:00.000,0.0,0.0,0.0,0.0,770465,157,455.05
2023-11-24T13:50:00.000,0.0,0.0,0.0,0.0,1549401,130,455.05
2023-11-24T13:55:00.000,0.0,0.0,0.0,0.0,9614,205,455.05
2023-11-24T14:00:00.000,0.0,0.0,0.0,0.0,18323,63,455.05
2023-11-24T14:05:00.000,0.0,0.0,0.0,0.0,12933,71,455.05
2023-11-24T14:10:00.000,0.0,0.0,0.0,0.0,3515,86,455.05
2023-11-24T14:15:00.000,0.0,0.0,0.0,0.0,1473,120,455.05
2023-11-24T14:20:00.000,0.0,0.0,0.0,0.0,17033,145,455.05
2023-11-24T14:25:00.000,0.0,0.0,0.0,0.0,1587,154,455.05
2023-11-24T14:30:00.000,0.0,0.0,0.0,0.0,2539,176,455.05
2023-11-24T14:35:00.000,0.0,0.0,0.0,0.0,16928,195,455.05
2023-11-24T14:40:00.000,0.0,0.0,0.0,0.0,6676,114,455.05
2023-11-24T14:45:00.000,0.0,0.0,0.0,0.0,8092,135,455.05
2023-11-24T14:50:00.000,0.0,0.0,0.0,0.0,1585,98,455.05
2023-11-24T14:55:00.000,0.0,0.0,0.0,0.0,10749,86,455.05
2023-11-24T15:00:00.000,0.0,0.0,0.0,0.0,876,67,455.05
2023-11-24T15:05:00.000,0.0,0.0,0.0,0.0,1571,90,455.05
2023-11-24T15:10:00.000,0.0,0.0,0.0,0.0,1377,94,455.05
2023-11-24T15:15:00.000,0.0,0.0,0.0,0.0,9729,80,455.05
2023-11-24T15:20:00.000,0.0,0.0,0.0,0.0,9502,121,455.05
2023-11-24T15:25:00.000,0.0,0.0,0.0,0.0,1785,126,455.05
2023-11-24T15:30:00.000,0.0,0.0,0.0,0.0,14248,234,455.05
2023-11-24T15:35:00.000,0.0,0.0,0.0,0.0,2229,134,455.05
2023-11-24T15:40:00.000,0.0,0.0,0.0,0.0,1017,86,455.05
2023-11-24T15:45:00.000,0.0,0.0,0.0,0.0,1138,115,455.05
2023-11-24T15:50:00.000,0.0,0.0,0.0,0.0,1654,139,455.05
2023-11-24T15:55:00.000,0.0,0.0,0.0,0.0,7616,912,455.05
2023-11-24T16:00:00.000,0.0,0.0,0.0,0.0,0,0,455.05
2023-11-25T09:30:00.000,0.0,0.0,0.0,0.0,0,0,0.0
2023-11-25T09:35:00.000,0.0,0.0,0.0,0.0,0,0,0.0
2023-11-25T09:40:00.000,0.0,0.0,0.0,0.0,0,0,0.0
2023-11-25T09:45:00.000,0.0,0.0,0.0,0.0,0,0,0.0
2023-11-25T09:50:00.000,0.0,0.0,0.0,0.0,0,0,0.0
2023-11-25T09:55:00.000,0.0,0.0,0.0,0.0,0,0,0.0
2023-11-25T10:00:00.000,0.0,0.0,0.0,0.0,0,0,0.0
2023-11-25T10:05:00.000,0.0,0.0,0.0,0.0,0,0,0.0
2023-11-25T10:10:00.000,0.0,0.0,0.0,0.0,0,0,0.0
2023-11-25T10:15:00.000,0.0,0.0,0.0,0.0,0,0,0.0
2023-11-25T10:20:00.000,0.0,0.0,0.0,0.0,0,0,0.0
2023-11-25T10:25:00.000,0.0,0.0,0.0,0.0,0,0,0.0
2023-11-25T10:30:00.000,0.0,0.0,0.0,0.0,0,0,0.0
2023-11-25T10:35:00.000,0.0,0.0,0.0,0.0,0,0,0.0
2023-11-25T10:40:00.000,0.0,0.0,0.0,0.0,0,0,0.0
2023-11-25T10:45:00.000,0.0,0.0,0.0,0.0,0,0,0.0
2023-11-25T10:50:00.000,0.0,0.0,0.0,0.0,0,0,0.0
2023-11-25T10:55:00.000,0.0,0.0,0.0,0.0,0,0,0.0
2023-11-25T11:00:00.000,0.0,0.0,0.0,0.0,0,0,0.0
2023-11-25T11:05:00.000,0.0,0.0,0.0,0.0,0,0,0.0
2023-11-25T11:10:00.000,0.0,0.0,0.0,0.0,0,0,0.0
2023-11-25T11:15:00.000,0.0,0.0,0.0,0.0,0,0,0.0
2023-11-25T11:20:00.000,0.0,0.0,0.0,0.0,0,0,0.0
2023-11-25T11:25:00.000,0.0,0.0,0.0,0.0,0,0,0.0
2023-11-25T11:30:00.000,0.0,0.0,0.0,0.0,0,0,0.0
2023-11-25T11:35:00.000,0.0,0.0,0.0,0.0,0,0,0.0
2023-11-25T11:40:00.000,0.0,0.0,0.0,0.0,0,0,0.0
2023-11-25T11:45:00.000,0.0,0.0,0.0,0.0,0,0,0.0
2023-11-25T11:50:00.000,0.0,0.0,0.0,0.0,0,0,0.0
2023-11-25T11:55:00.000,0.0,0.0,0.0,0.0,0,0,0.0
2023-11-25T12:00:00.000,0.0,0.0,0.0,0.0,0,0,0.0
2023-11-25T12:05:00.000,0.0,0.0,0.0,0.0,0,0,0.0
2023-11-25T12:10:00.000,0.0,0.0,0.0,0.0,0,0,0.0
2023-11-25T12:15:00.000,0.0,0.0,0.0,0.0,0,0,0.0
2023-11-25T12:20:00.000,0.0,0.0,0.0,0.0,0,0,0.0
2023-11-25T12:25:00.000,0.0,0.0,0.0,0.0,0,0,0.0
2023-11-25T12:30:00.000,0.0,0.0,0.0,0.0,0,0,0.0
2023-11-25T12:35:00.000,0.0,0.0,0.0,0.0,0,0,0.0
2023-11-25T12:40:00.000,0.0,0.0,0.0,0.0,0,0,0.0
2023-11-25T12:45:00.000,0.0,0.0,0.0,0.0,0,0,0.0
2023-11-25T12:50:00.000,0.0,0.0,0.0,0.0,0,0,0.0
2023-11-25T12:55:00.000,0.0,0.0,0.0,0.0,0,0,0.0
2023-11-25T13:00:00.000,0.0,0.0,0.0,0.0,0,0,0.0
2023-11-25T13:05:00.000,0.0,0.0,0.0,0.0,0,0,0.0
2023-11-25T13:10:00.000,0.0,0.0,0.0,0.0,0,0,0.0
2023-11-25T13:15:00.000,0.0,0.0,0.0,0.0,0,0,0.0
2023-11-25T13:20:00.000,0.0,0.0,0.0,0.0,0,0,0.0
2023-11-25T13:25:00.000,0.0,0.0,0.0,0.0,0,0,0.0
2023-11-25T13:30:00.000,0.0,0.0,0.0,0.0,0,0,0.0
2023-11-25T13:35:00.000,0.0,0.0,0.0,0.0,0,0,0.0
2023-11-25T13:40:00.000,0.0,0.0,0.0,0.0,0,0,0.0
2023-11-25T13:45:00.000,0.0,0.0,0.0,0.0,0,0,0.0
2023-11-25T13:50:00.000,0.0,0.0,0.0,0.0,0,0,0.0
2023-11-25T13:55:00.000,0.0,0.0,0.0,0.0,0,0,0.0
2023-11-25T14:00:00.000,0.0,0.0,0.0,0.0,0,0,0.0
2023-11-25T14:05:00.000,0.0,0.0,0.0,0.0,0,0,0.0
2023-11-25T14:10:00.000,0.0,0.0,0.0,0.0,0,0,0.0
2023-11-25T14:15:00.000,0.0,0.0,0.0,0.0,0,0,0.0
2023-11-25T14:20:00.000,0.0,0.0,0.0,0.0,0,0,0.0
2023-11-25T14:25:00.000,0.0,0.0,0.0,0.0,0,0,0.0
2023-11-25T14:30:00.000,0.0,0.0,0.0,0.0,0,0,0.0
2023-11-25T14:35:00.000,0.0,0.0,0.0,0.0,0,0,0.0
2023-11-25T14:40:00.000,0.0,0.0,0.0,0.0,0,0,0.0
2023-11-25T14:45:00.000,0.0,0.0,0.0,0.0,0,0,0.0
2023-11-25T14:50:00.000,0.0,0.0,0.0,0.0,0,0,0.0
2023-11-25T14:55:00.000,0.0,0.0,0.0,0.0,0,0,0.0
2023-11-25T15:00:00.000,0.0,0.0,0.0,0.0,0,0,0.0
2023-11-25T15:05:00.000,0.0,0.0,0.0,0.0,0,0,0.0
2023-11-25T15:10:00.000,0.0,0.0,0.0,0.0,0,0,0.0
2023-11-25T15:15:00.000,0.0,0.0,0.0,0.0,0,0,0.0
2023-11-25T15:20:00.000,0.0,0.0,0.0,0.0,0,0,0.0
2023-11-25T15:25:00.000,0.0,0.0,0.0,0.0,0,0,0.0
2023-11-25T15:30:00.000,0.0,0.0,0.0,0.0,0,0,0.0
2023-11-25T15:35:00.000,0.0,0.0,0.0,0.0,0,0,0.0
2023-11-25T15:40:00.000,0.0,0.0,0.0,0.0,0,0,0.0
2023-11-25T15:45:00.000,0.0,0.0,0.0,0.0,0,0,0.0
2023-11-25T15:50:00.000,0.0,0.0,0.0,0.0,0,0,0.0
2023-11-25T15:55:00.000,0.0,0.0,0.0,0.0,0,0,0.0
2023-11-25T16:00:00.000,0.0,0.0,0.0,0.0,0,0,0.0
2023-11-26T09:30:00.000,0.0,0.0,0.0,0.0,0,0,0.0
2023-11-26T09:35:00.000,0.0,0.0,0.0,0.0,0,0,0.0
2023-11-26T09:40:00.000,0.0,0.0,0.0,0.0,0,0,0.0
2023-11-26T09:45:00.000,0.0,0.0,0.0,0.0,0,0,0.0
2023-11-26T09:50:00.000,0.0,0.0,0.0,0.0,0,0,0.0
2023-11-26T09:55:00.000,0.0,0.0,0.0,0.0,0,0,0.0
2023-11-26T10:00:00.000,0.0,0.0,0.0,0.0,0,0,0.0
2023-11-26T10:05:00.000,0.0,0.0,0.0,0.0,0,0,0.0
2023-11-26T10:10:00.000,0.0,0.0,0.0,0.0,0,0,0.0
2023-11-26T10:15:00.000,0.0,0.0,0.0,0.0,0,0,0.0
2023-11-26T10:20:00.000,0.0,0.0,0.0,0.0,0,0,0.0
2023-11-26T10:25:00.000,0.0,0.0,0.0,0.0,0,0,0.0
2023-11-26T10:30:00.000,0.0,0.0,0.0,0.0,0,0,0.0
2023-11-26T10:35:00.000,0.0,0.0,0.0,0.0,0,0,0.0
2023-11-26T10:40:00.000,0.0,0.0,0.0,0.0,0,0,0.0
2023-11-26T10:45:00.000,0.0,0.0,0.0,0.0,0,0,0.0
2023-11-26T10:50:00.000,0.0,0.0,0.0,0.0,0,0,0.0
2023-11-26T10:55:00.000,0.0,0.0,0.0,0.0,0,0,0.0
2023-11-26T11:00:00.000,0.0,0.0,0.0,0.0,0,0,0.0
2023-11-26T11:05:00.000,0.0,0.0,0.0,0.0,0,0,0.0
2023-11-26T11:10:00.000,0.0,0.0,0.0,0.0,0,0,0.0
2023-11-26T11:15:00.000,0.0,0.0,0.0,0.0,0,0,0.0
2023-11-26T11:20:00.000,0.0,0.0,0.0,0.0,0,0,0.0
2023-11-26T11:25:00.000,0.0,0.0,0.0,0.0,0,0,0.0
2023-11-26T11:30:00.000,0.0,0.0,0.0,0.0,0,0,0.0
2023-11-26T11:35:00.000,0.0,0.0,0.0,0.0,0,0,0.0
2023-11-26T11:40:00.000,0.0,0.0,0.0,0.0,0,0,0.0
2023-11-26T11:45:00.000,0.0,0.0,0.0,0.0,0,0,0.0
2023-11-26T11:50:00.000,0.0,0.0,0.0,0.0,0,0,0.0
2023-11-26T11:55:00.000,0.0,0.0,0.0,0.0,0,0,0.0
2023-11-26T12:00:00.000,0.0,0.0,0.0,0.0,0,0,0.0
2023-11-26T12:05:00.000,0.0,0.0,0.0,0.0,0,0,0.0
2023-11-26T12:10:00.000,0.0,0.0,0.0,0.0,0,0,0.0
2023-11-26T12:15:00.000,0.0,0.0,0.0,0.0,0,0,0.0
2023-11-26T12:20:00.000,0.0,0.0,0.0,0.0,0,0,0.0
2023-11-26T12:25:00.000,0.0,0.0,0.0,0.0,0,0,0.0
2023-11-26T12:30:00.000,0.0,0.0,0.0,0.0,0,0,0.0
2023-11-26T12:35:00.000,0.0,0.0,0.0,0.0,0,0,0.0
2023-11-26T12:40:00.000,0.0,0.0,0.0,0.0,0,0,0.0
2023-11-26T12:45:00.000,0.0,0.0,0.0,0.0,0,0,0.0
2023-11-26T12:50:00.000,0.0,0.0,0.0,0.0,0,0,0.0
2023-11-26T12:55:00.000,0.0,0.0,0.0,0.0,0,0,0.0
2023-11-26T13:00:00.000,0.0,0.0,0.0,0.0,0,0,0.0
2023-11-26T13:05:00.000,0.0,0.0,0.0,0.0,0,0,0.0
2023-11-26T13:10:00.000,0.0,0.0,0.0,0.0,0,0,0.0
2023-11-26T13:15:00.000,0.0,0.0,0.0,0.0,0,0,0.0
2023-11-26T13:20:00.000,0.0,0.0,0.0,0.0,0,0,0.0
2023-11-26T13:25:00.000,0.0,0.0,0.0,0.0,0,0,0.0
2023-11-26T13:30:00.000,0.0,0.0,0.0,0.0,0,0,0.0
2023-11-26T13:35:00.000,0.0,0.0,0.0,0.0,0,0,0.0
2023-11-26T13:40:00.000,0.0,0.0,0.0,0.0,0,0,0.0
2023-11-26T13:45:00.000,0.0,0.0,0.0,0.0,0,0,0.0
2023-11-26T13:50:00.000,0.0,0.0,0.0,0.0,0,0,0.0
2023-11-26T13:55:00.000,0.0,0.0,0.0,0.0,0,0,0.0
2023-11-26T14:00:00.000,0.0,0.0,0.0,0.0,0,0,0.0
2023-11-26T14:05:00.000,0.0,0.0,0.0,0.0,0,0,0.0
2023-11-26T14:10:00.000,0.0,0.0,0.0,0.0,0,0,0.0
2023-11-26T14:15:00.000,0.0,0.0,0.0,0.0,0,0,0.0
2023-11-26T14:20:00.000,0.0,0.0,0.0,0.0,0,0,0.0
2023-11-26T14:25:00.000,0.0,0.0,0.0,0.0,0,0,0.0
2023-11-26T14:30:00.000,0.0,0.0,0.0,0.0,0,0,0.0
2023-11-26T14:35:00.000,0.0,0.0,0.0,0.0,0,0,0.0
2023-11-26T14:40:00.000,0.0,0.0,0.0,0.0,0,0,0.0
2023-11-26T14:45:00.000,0.0,0.0,0.0,0.0,0,0,0.0
2023-11-26T14:50:00.000,0.0,0.0,0.0,0.0,0,0,0.0
2023-11-26T14:55:00.000,0.0,0.0,0.0,0.0,0,0,0.0
2023-11-26T15:00:00.000,0.0,0.0,0.0,0.0,0,0,0.0
2023-11-26T15:05:00.000,0.0,0.0,0.0,0.0,0,0,0.0
2023-11-26T15:10:00.000,0.0,0.0,0.0,0.0,0,0,0.0
2023-11-26T15:15:00.000,0.0,0.0,0.0,0.0,0,0,0.0
2023-11-26T15:20:00.000,0.0,0.0,0.0,0.0,0,0,0.0
2023-11-26T15:25:00.000,0.0,0.0,0.0,0.0,0,0,0.0
2023-11-26T15:30:00.000,0.0,0.0,0.0,0.0,0,0,0.0
2023-11-26T15:35:00.000,0.0,0.0,0.0,0.0,0,0,0.0
2023-11-26T15:40:00.000,0.0,0.0,0.0,0.0,0,0,0.0
2023-11-26T15:45:00.000,0.0,0.0,0.0,0.0,0,0,0.0
2023-11-26T15:50:00.000,0.0,0.0,0.0,0.0,0,0,0.0
2023-11-26T15:55:00.000,0.0,0.0,0.0,0.0,0,0,0.0
2023-11-26T16:00:00.000,0.0,0.0,0.0,0.0,0,0,0.0
2023-11-27T09:30:00.000,454.65,455.245,454.355,454.3801,1362560,13315,454.8
2023-11-27T09:35:00.000,454.39,454.475,454.09,454.44,948129,8532,454.58
2023-11-27T09:40:00.000,454.46,454.49,454.215,454.3536,728581,7039,454.53
2023-11-27T09:45:00.000,454.36,454.47,454.215,454.32,517633,6417,454.51
2023-11-27T09:50:00.000,454.32,454.455,454.0799,454.43,575097,6875,454.47
2023-11-27T09:55:00.000,454.425,454.52,454.255,454.5169,523646,6103,454.46
2023-11-27T10:00:00.000,454.52,454.77,454.495,454.73,657782,8208,454.48
2023-11-27T10:05:00.000,454.723,455.12,454.66,455.12,647646,8085,454.52
2023-11-27T10:10:00.000,455.1194,455.21,454.745,454.955,709519,7551,454.57
2023-11-27T10:15:00.000,454.95,454.9999,454.58,454.63,505537,5883,454.58
2023-11-27T10:20:00.000,454.63,454.79,454.25,454.36,697181,7457,454.58
2023-11-27T10:25:00.000,454.36,454.819,454.33,454.61,561174,6086,454.58
2023-11-27T10:30:00.000,454.63,454.88,454.63,454.8695,506620,6048,454.59
2023-11-27T10:35:00.000,454.87,455.0704,454.705,454.825,592199,6553,454.61
2023-11-27T10:40:00.000,454.82,455.0199,454.8,454.91,520827,5760,454.62
2023-11-27T10:45:00.000,454.905,454.98,454.74,454.875,476417,5140,454.63
2023-11-27T10:50:00.000,454.87,454.919,454.55,454.8277,527284,5097,454.64
2023-11-27T10:55:00.000,454.82,455.0,454.775,454.79,412886,4270,454.65
2023-11-27T11:00:00.000,454.8,454.8,454.5,454.5227,539392,5335,454.64
2023-11-27T11:05:00.000,454.53,454.5999,454.2309,454.57,548793,5531,454.63
2023-11-27T11:10:00.000,454.59,454.64,454.32,454.4725,534240,5089,454.63
2023-11-27T11:15:00.000,454.47,454.57,454.35,454.56,320588,3422,454.62
2023-11-27T11:20:00.000,454.565,454.76,454.5,454.5299,423172,4227,454.62
2023-11-27T11:25:00.000,454.53,454.8699,454.4709,454.8699,370383,3445,454.62
2023-11-27T11:30:00.000,454.86,454.89,454.571,454.73,342604,3539,454.63
2023-11-27T11:35:00.000,454.73,454.945,454.7,454.829,427206,3403,454.63
2023-11-27T11:40:00.000,454.83,454.97,454.64,454.8199,1781133,3561,454.64
2023-11-27T11:45:00.000,454.82,454.94,454.755,454.89,219973,2459,454.64
2023-11-27T11:50:00.000,454.8999,455.065,454.855,455.03,324965,3107,454.65
2023-11-27T11:55:00.000,455.035,455.39,455.01,455.0388,889659,6280,454.67
2023-11-27T12:00:00.000,455.04,455.074,454.91,455.074,364685,3398,454.67
2023-11-27T12:05:00.000,455.06,455.25,455.0,455.16,579267,3053,454.68
2023-11-27T12:10:00.000,455.1402,455.2,455.075,455.165,240654,2512,454.69
2023-11-27T12:15:00.000,455.16,455.2,454.94,455.119,376546,3758,454.7
2023-11-27T12:20:00.000,455.11,455.11,454.87,454.9205,296832,3147,454.7
2023-11-27T12:25:00.000,454.92,455.02,454.79,454.95,378573,3531,454.7
2023-11-27T12:30:00.000,454.96,455.06,454.9199,455.01,326322,3156,454.71
2023-11-27T12:35:00.000,455.02,455.102,454.895,454.962,322383,3405,454.71
2023-11-27T12:40:00.000,454.98,455.2212,454.98,455.2,346162,3519,454.72
2023-11-27T12:45:00.000,455.1912,455.25,455.1201,455.155,211806,2425,454.73
2023-11-27T12:50:00.000,455.15,455.24,455.07,455.215,206684,2357,454.73
2023-11-27T12:55:00.000,455.21,455.24,455.16,455.17,294540,2466,454.74
2023-11-27T13:00:00.000,455.18,455.35,454.99,455.335,512744,5318,454.75
2023-11-27T13:05:00.000,455.335,455.39,455.2299,455.25,268263,2904,454.76
2023-11-27T13:10:00.000,455.2529,455.4901,455.241,455.46,863682,3462,454.77
2023-11-27T13:15:00.000,455.4587,455.49,455.27,455.28,477208,4032,454.78
2023-11-27T13:20:00.000,455.28,455.28,455.15,455.185,294926,2835,454.78
2023-11-27T13:25:00.000,455.1819,455.249,455.05,455.24,296133,2976,454.79
2023-11-27T13:30:00.000,455.24,455.35,455.185,455.3036,272947,3652,454.79
2023-11-27T13:35:00.000,455.3,455.37,455.0902,455.12,319346,2853,454.8
2023-11-27T13:40:00.000,455.12,455.19,455.0301,455.09,657321,3743,454.8
2023-11-27T13:45:00.000,455.09,455.25,455.05,455.12,293501,3015,454.81
2023-11-27T13:50:00.000,455.105,455.175,455.04,455.06,263159,2935,454.81
2023-11-27T13:55:00.000,455.06,455.17,454.955,455.135,381123,3873,454.82
2023-11-27T14:00:00.000,455.14,455.29,455.1,455.2,312068,3774,454.82
2023-11-27T14:05:00.000,455.17,455.23,455.08,455.13,287559,2840,454.82
2023-11-27T14:10:00.000,455.135,455.18,455.0899,455.14,236225,2618,454.83
2023-11-27T14:15:00.000,455.1409,455.1465,454.96,454.96,311225,3516,454.83
2023-11-27T14:20:00.000,454.96,455.045,454.92,454.985,370302,3746,454.83
2023-11-27T14:25:00.000,454.98,455.04,454.89,454.995,405385,4046,454.83
2023-11-27T14:30:00.000,455.0,455.0113,454.83,454.855,355961,3815,454.83
2023-11-27T14:35:00.000,454.85,455.03,454.81,454.8102,284736,3306,454.84
2023-11-27T14:40:00.000,454.81,454.83,454.11,454.45,786333,8043,454.82
2023-11-27T14:45:00.000,454.44,454.55,454.26,454.33,768156,4935,454.82
2023-11-27T14:50:00.000,454.34,454.405,454.3,454.365,637247,3884,454.81
2023-11-27T14:55:00.000,454.36,454.66,454.31,454.655,827864,5089,454.8
2023-11-27T15:00:00.000,454.65,454.7188,454.58,454.64,411327,4525,454.8
2023-11-27T15:05:00.000,454.64,454.73,454.54,454.64,310817,3549,454.8
2023-11-27T15:10:00.000,454.635,454.67,454.5,454.5112,343710,3473,454.8
2023-11-27T15:15:00.000,454.515,454.78,454.47,454.77,402505,4137,454.79
2023-11-27T15:20:00.000,454.77,454.94,454.76,454.93,676719,3888,454.79
2023-11-27T15:25:00.000,454.93,454.98,454.83,454.965,347585,3991,454.8
2023-11-27T15:30:00.000,454.965,455.05,454.87,455.005,435932,4985,454.8
2023-11-27T15:35:00.000,455.005,455.31,454.965,455.21,1523213,7608,454.81
2023-11-27T15:40:00.000,455.2098,455.24,455.055,455.09,523655,5828,454.81
2023-11-27T15:45:00.000,455.09,455.12,454.7,454.79,1235420,8906,454.82
2023-11-27T15:50:00.000,454.8,454.99,454.6101,454.64,1761461,11901,454.82
2023-11-27T15:55:00.000,454.63,454.69,454.37,454.5,4868848,23387,454.78
2023-11-27T16:00:00.000,454.49,454.49,454.49,454.49,684,3,454.78
2023-11-28T09:30:00.000,454.08,454.23,453.83,453.9301,1123868,10054,454.02
2023-11-28T09:35:00.000,453.94,454.125,453.7,453.9099,397361,4235,453.99
2023-11-28T09:40:00.000,453.91,453.93,453.5,453.6,601757,6170,453.91
2023-11-28T09:45:00.000,453.605,454.015,453.605,453.83,587696,6476,453.89
2023-11-28T09:50:00.000,453.84,453.89,453.545,453.57,622083,6905,453.85
2023-11-28T09:55:00.000,453.58,453.675,453.51,453.6131,1124343,6464,453.81
2023-11-28T10:00:00.000,453.63,454.08,453.6,453.93,782920,8737,453.81
2023-11-28T10:05:00.000,453.935,454.03,453.74,453.88,463794,5370,453.82
2023-11-28T10:10:00.000,453.88,453.94,453.62,453.915,536457,5829,453.81
2023-11-28T10:15:00.000,453.91,454.195,453.905,454.1619,1222060,7193,453.84
2023-11-28T10:20:00.000,454.16,454.285,454.053,454.09,603808,6254,453.87
2023-11-28T10:25:00.000,454.1,454.2198,454.0,454.05,352176,4756,453.88
2023-11-28T10:30:00.000,454.05,454.2088,453.96,454.16,420970,5103,453.89
2023-11-28T10:35:00.000,454.155,454.55,453.925,454.5,972294,7389,453.92
2023-11-28T10:40:00.000,454.49,455.44,454.49,455.36,1671765,14620,454.09
2023-11-28T10:45:00.000,455.37,455.37,454.96,454.96,1134557,8172,454.17
2023-11-28T10:50:00.000,454.96,455.21,454.94,454.98,738856,5935,454.22
2023-11-28T10:55:00.000,454.985,455.18,454.675,455.17,746040,7124,454.27
2023-11-28T11:00:00.000,455.18,455.24,454.98,455.21,605895,5170,454.31
2023-11-28T11:05:00.000,455.2,455.33,455.09,455.12,497225,4382,454.34
2023-11-28T11:10:00.000,455.12,455.29,454.92,455.245,484789,4672,454.37
2023-11-28T11:15:00.000,455.24,455.32,455.08,455.26,470537,4476,454.39
2023-11-28T11:20:00.000,455.2699,455.665,455.2,455.64,739713,6529,454.44
2023-11-28T11:25:00.000,455.63,455.66,455.47,455.57,746371,4812,454.48
2023-11-28T11:30:00.000,455.57,456.19,455.53,456.17,975759,8577,454.57
2023-11-28T11:35:00.000,456.16,456.23,456.02,456.116,557144,4874,454.61
2023-11-28T11:40:00.000,456.11,456.27,456.11,456.21,529323,4777,454.66
2023-11-28T11:45:00.000,456.21,456.26,455.88,456.135,896716,5688,454.71
2023-11-28T11:50:00.000,456.1372,456.14,455.925,455.955,770822,4237,454.75
2023-11-28T11:55:00.000,455.96,456.05,455.884,456.02,517427,4045,454.78
2023-11-28T12:00:00.000,456.02,456.055,455.957,455.998,337894,3504,454.8
2023-11-28T12:05:00.000,456.0,456.0,455.59,455.76,651064,6275,454.83
2023-11-28T12:10:00.000,455.77,455.89,455.74,455.77,281606,2987,454.84
2023-11-28T12:15:00.000,455.765,455.815,455.43,455.475,472571,4208,454.86
2023-11-28T12:20:00.000,455.4711,455.56,455.44,455.54,644545,3611,454.87
2023-11-28T12:25:00.000,455.54,455.57,455.35,455.4,382760,3667,454.88
2023-11-28T12:30:00.000,455.41,455.41,454.785,455.035,997612,8133,454.89
2023-11-28T12:35:00.000,455.04,455.26,455.01,455.1799,742395,4443,454.89
2023-11-28T12:40:00.000,455.1735,455.21,454.93,455.02,455197,4217,454.9
2023-11-28T12:45:00.000,455.01,455.04,454.86,454.8701,354967,3278,454.9
2023-11-28T12:50:00.000,454.875,454.97,454.6,454.96,659962,5558,454.9
2023-11-28T12:55:00.000,454.95,455.03,454.84,454.9001,507562,4001,454.9
2023-11-28T13:00:00.000,454.91,454.92,453.77,454.29,1866680,15473,454.86
2023-11-28T13:05:00.000,454.28,454.54,454.22,454.4,727914,5636,454.85
2023-11-28T13:10:00.000,454.38,454.39,453.9,454.05,1464349,8328,454.83
2023-11-28T13:15:00.000,454.04,454.2101,453.81,454.2,616861,5604,454.81
2023-11-28T13:20:00.000,454.21,454.37,454.0975,454.14,596442,5024,454.8
2023-11-28T13:25:00.000,454.14,454.595,454.09,454.55,741640,5485,454.79
2023-11-28T13:30:00.000,454.54,454.6183,454.43,454.57,573910,4631,454.79
2023-11-28T13:35:00.000,454.56,454.65,454.45,454.53,590054,2913,454.78
2023-11-28T13:40:00.000,454.54,454.67,454.47,454.56,563432,3212,454.78
2023-11-28T13:45:00.000,454.5595,454.7967,454.54,454.645,353434,3092,454.78
2023-11-28T13:50:00.000,454.65,454.76,454.62,454.6699,254766,2582,454.78
2023-11-28T13:55:00.000,454.67,454.68,454.31,454.39,401762,4231,454.78
2023-11-28T14:00:00.000,454.39,454.5,454.3599,454.375,319446,3024,454.77
2023-11-28T14:05:00.000,454.37,454.57,454.195,454.31,445888,3916,454.77
2023-11-28T14:10:00.000,454.32,454.57,454.29,454.315,281046,2935,454.77
2023-11-28T14:15:00.000,454.3,454.49,454.245,454.31,369781,3391,454.76
2023-11-28T14:20:00.000,454.305,454.55,454.1503,454.2399,507100,4497,454.75
2023-11-28T14:25:00.000,454.237,454.37,454.22,454.25,237582,2711,454.75
2023-11-28T14:30:00.000,454.25,454.29,453.97,454.26,523345,4661,454.74
2023-11-28T14:35:00.000,454.25,454.61,454.25,454.5609,376116,3682,454.74
2023-11-28T14:40:00.000,454.57,454.67,454.449,454.55,307570,2809,454.74
2023-11-28T14:45:00.000,454.55,454.69,454.485,454.61,555456,3001,454.74
2023-11-28T14:50:00.000,454.62,454.93,454.61,454.9,499328,4161,454.74
2023-11-28T14:55:00.000,454.9,454.945,454.67,454.75,402463,3592,454.74
2023-11-28T15:00:00.000,454.76,454.805,454.61,454.72,367107,4081,454.74
2023-11-28T15:05:00.000,454.72,454.73,454.53,454.5764,458150,3344,454.74
2023-11-28T15:10:00.000,454.58,454.725,454.41,454.5,418096,3982,454.73
2023-11-28T15:15:00.000,454.5,454.55,454.42,454.4472,586788,3329,454.73
2023-11-28T15:20:00.000,454.45,454.45,453.99,454.36,660603,6002,454.72
2023-11-28T15:25:00.000,454.35,454.51,454.23,454.39,486142,4264,454.72
2023-11-28T15:30:00.000,454.38,454.49,454.32,454.36,522286,5041,454.72
2023-11-28T15:35:00.000,454.355,454.41,454.24,454.345,832177,5004,454.71
2023-11-28T15:40:00.000,454.345,454.61,454.27,454.55,889877,6167,454.71
2023-11-28T15:45:00.000,454.56,454.88,454.5485,454.835,855086,7356,454.71
2023-11-28T15:50:00.000,454.84,455.1,454.57,454.6911,2560809,18516,454.71
2023-11-28T15:55:00.000,454.69,455.09,454.67,454.88,5373296,28926,454.74
2023-11-28T16:00:00.000,0.0,0.0,0.0,0.0,20,1,454.74
2023-11-29T09:30:00.000,457.15,457.8601,457.0,457.8601,1982530,15843,457.46
2023-11-29T09:35:00.000,457.86,458.0,457.64,457.78,1029223,8800,457.59
2023-11-29T09:40:00.000,457.79,457.89,457.55,457.59,961875,8624,457.62
2023-11-29T09:45:00.000,457.6,458.0,457.6,457.93,686644,6283,457.65
2023-11-29T09:50:00.000,457.94,458.185,457.67,458.16,1000106,9029,457.7
2023-11-29T09:55:00.000,458.15,458.32,458.02,458.11,1088640,10186,457.76
2023-11-29T10:00:00.000,458.12,458.2513,456.45,457.64,1114330,16955,457.78
2023-11-29T10:05:00.000,457.64,457.68,456.79,456.895,1987428,14279,457.65
2023-11-29T10:10:00.000,456.88,457.2,456.45,456.71,1418421,11543,457.54
2023-11-29T10:15:00.000,456.7,456.805,456.44,456.45,1074330,9400,457.46
2023-11-29T10:20:00.000,456.445,456.67,456.1,456.16,1000388,9101,457.37
2023-11-29T10:25:00.000,456.16,456.53,456.15,456.475,851473,7329,457.31
2023-11-29T10:30:00.000,456.48,456.65,456.28,456.34,673862,6326,457.27
2023-11-29T10:35:00.000,456.35,456.495,456.2,456.3327,998528,4951,457.24
2023-11-29T10:40:00.000,456.36,456.45,456.11,456.41,724923,6680,457.2
2023-11-29T10:45:00.000,456.415,456.43,456.19,456.33,656781,4012,457.18
2023-11-29T10:50:00.000,456.34,456.81,456.33,456.7417,585961,5242,457.16
2023-11-29T10:55:00.000,456.75,456.89,456.58,456.61,733643,4291,457.15
2023-11-29T11:00:00.000,456.6,456.744,456.43,456.5999,505711,4545,457.13
2023-11-29T11:05:00.000,456.59,456.62,456.065,456.1075,522314,4996,457.11
2023-11-29T11:10:00.000,456.11,456.1599,455.6,455.68,782278,7016,457.06
2023-11-29T11:15:00.000,455.69,455.76,455.18,455.4996,856813,6883,456.99
2023-11-29T11:20:00.000,455.494,455.535,455.22,455.4,617716,5383,456.94
2023-11-29T11:25:00.000,455.4,455.46,455.11,455.14,495350,4455,456.9
2023-11-29T11:30:00.000,455.15,455.35,454.945,455.08,679420,6349,456.85
2023-11-29T11:35:00.000,455.08,455.5,455.08,455.415,769534,4685,456.81
2023-11-29T11:40:00.000,455.41,455.635,455.38,455.545,978342,3968,456.78
2023-11-29T11:45:00.000,455.53,455.64,455.5,455.59,270434,2565,456.77
2023-11-29T11:50:00.000,455.58,455.805,455.4,455.7986,475123,4778,456.75
2023-11-29T11:55:00.000,455.795,455.8,455.65,455.765,507697,2560,456.74
2023-11-29T12:00:00.000,455.765,455.77,455.55,455.59,329172,3137,456.72
2023-11-29T12:05:00.000,455.6,455.88,455.591,455.85,569144,3215,456.71
2023-11-29T12:10:00.000,455.85,456.03,455.76,455.94,250191,2548,456.7
2023-11-29T12:15:00.000,455.95,456.04,455.87,455.97,583816,2787,456.69
2023-11-29T12:20:00.000,455.97,456.1,455.94,455.995,318476,3052,456.68
2023-11-29T12:25:00.000,455.995,456.215,455.943,456.19,395582,3839,456.67
2023-11-29T12:30:00.000,456.1901,456.31,456.1,456.26,345486,3219,456.67
2023-11-29T12:35:00.000,456.24,456.29,456.175,456.27,272762,2615,456.66
2023-11-29T12:40:00.000,456.265,456.34,456.15,456.225,390275,3639,456.66
2023-11-29T12:45:00.000,456.22,456.35,456.16,456.26,590836,3029,456.65
2023-11-29T12:50:00.000,456.27,456.38,456.1401,456.2999,363239,3077,456.65
2023-11-29T12:55:00.000,456.3,456.34,456.195,456.29,336240,2460,456.64
2023-11-29T13:00:00.000,456.3,456.45,456.095,456.216,763665,5139,456.63
2023-11-29T13:05:00.000,456.21,456.29,455.96,456.19,1395786,2746,456.63
2023-11-29T13:10:00.000,456.195,456.22,455.925,455.94,395622,3919,456.62
2023-11-29T13:15:00.000,455.95,456.055,455.82,455.91,283241,2748,456.62
2023-11-29T13:20:00.000,455.91,456.045,455.86,455.99,171441,1951,456.61
2023-11-29T13:25:00.000,456.0,456.32,455.9401,456.295,312947,2982,456.61
2023-11-29T13:30:00.000,456.295,456.31,455.695,455.81,449024,4390,456.6
2023-11-29T13:35:00.000,455.8101,456.11,455.75,456.11,323266,2998,456.59
2023-11-29T13:40:00.000,456.12,456.14,455.9787,455.9999,203311,2412,456.59
2023-11-29T13:45:00.000,455.98,456.22,455.9799,456.11,333175,2770,456.58
2023-11-29T13:50:00.000,456.11,456.22,456.04,456.1669,313007,2485,456.58
2023-11-29T13:55:00.000,456.16,456.18,456.04,456.1011,239982,2142,456.57
2023-11-29T14:00:00.000,456.1,456.165,455.83,455.89,433631,3600,456.56
2023-11-29T14:05:00.000,455.89,456.25,455.885,456.155,482868,3645,456.56
2023-11-29T14:10:00.000,456.15,456.3399,456.03,456.165,730518,3757,456.55
2023-11-29T14:15:00.000,456.17,456.265,456.01,456.06,568966,2919,456.55
2023-11-29T14:20:00.000,456.0501,456.24,456.01,456.03,282606,2855,456.55
2023-11-29T14:25:00.000,456.03,456.07,455.85,455.885,313180,3342,456.54
2023-11-29T14:30:00.000,455.89,455.89,455.59,455.6533,407620,3936,456.53
2023-11-29T14:35:00.000,455.6688,455.717,455.15,455.19,1336577,5526,456.51
2023-11-29T14:40:00.000,455.18,455.35,455.09,455.2205,415183,4031,456.5
2023-11-29T14:45:00.000,455.23,455.48,455.19,455.4,440838,3835,456.48
2023-11-29T14:50:00.000,455.4,455.45,455.33,455.4,311939,2815,456.47
2023-11-29T14:55:00.000,455.4,455.56,455.327,455.525,472290,3579,456.46
2023-11-29T15:00:00.000,455.53,455.59,455.36,455.425,535097,4848,456.45
2023-11-29T15:05:00.000,455.415,455.502,455.25,455.4188,413296,4293,456.44
2023-11-29T15:10:00.000,455.41,455.445,455.09,455.12,565028,5174,456.42
2023-11-29T15:15:00.000,455.12,455.18,454.64,454.84,823900,7852,456.38
2023-11-29T15:20:00.000,454.85,454.86,454.51,454.56,662430,5778,456.36
2023-11-29T15:25:00.000,454.56,454.6,454.37,454.44,955783,7826,456.31
2023-11-29T15:30:00.000,454.44,454.55,454.36,454.43,998946,8204,456.27
2023-11-29T15:35:00.000,454.42,454.43,454.255,454.28,994241,8982,456.22
2023-11-29T15:40:00.000,454.285,454.63,454.2,454.5801,1092231,9800,456.18
2023-11-29T15:45:00.000,454.59,454.65,454.38,454.62,1289715,11318,456.13
2023-11-29T15:50:00.000,454.62,454.67,454.4,454.55,2697824,14326,456.06
2023-11-29T15:55:00.000,454.55,454.67,454.39,454.62,3408095,17455,455.95
2023-11-29T16:00:00.000,454.62,454.62,454.62,454.62,398,1,455.95
2023-11-30T09:30:00.000,455.48,455.71,455.05,455.185,1387693,11738,455.37
2023-11-30T09:35:00.000,455.18,455.24,454.56,454.64,1009613,9135,455.17
2023-11-30T09:40:00.000,454.64,454.91,454.27,454.768,1183652,9853,454.95
2023-11-30T09:45:00.000,454.77,454.778,454.14,454.48,1152654,9943,454.81
2023-11-30T09:50:00.000,454.48,455.33,454.4401,455.22,999400,9144,454.84
2023-11-30T09:55:00.000,455.22,455.32,455.06,455.2,513683,8671,454.87
2023-11-30T10:00:00.000,455.2,455.255,454.27,454.315,946406,14603,454.84
2023-11-30T10:05:00.000,454.32,454.8246,454.32,454.53,918580,6499,454.82
2023-11-30T10:10:00.000,454.54,455.26,454.36,455.1893,1036200,6756,454.83
2023-11-30T10:15:00.000,455.18,455.6,455.03,455.21,800933,7853,454.86
2023-11-30T10:20:00.000,455.21,455.44,455.02,455.13,676185,6070,454.89
2023-11-30T10:25:00.000,455.14,455.23,454.76,454.8,620401,5251,454.89
2023-11-30T10:30:00.000,454.81,455.34,454.69,455.29,693789,6318,454.9
2023-11-30T10:35:00.000,455.28,455.29,454.23,454.35,939123,6658,454.89
2023-11-30T10:40:00.000,454.37,454.665,454.17,454.55,868726,8230,454.86
2023-11-30T10:45:00.000,454.5512,454.61,454.01,454.1202,921098,8048,454.81
2023-11-30T10:50:00.000,454.125,454.51,454.0701,454.3014,1085346,6151,454.79
2023-11-30T10:55:00.000,454.31,454.95,454.2701,454.93,682152,6536,454.78
2023-11-30T11:00:00.000,454.92,455.18,454.68,454.7979,872731,7818,454.79
2023-11-30T11:05:00.000,454.79,454.9001,454.54,454.62,781031,5186,454.79
2023-11-30T11:10:00.000,454.63,454.89,454.5001,454.82,435153,4008,454.79
2023-11-30T11:15:00.000,454.81,454.89,454.35,454.4,455502,4943,454.78
2023-11-30T11:20:00.000,454.3899,454.63,454.26,454.56,701983,6357,454.77
2023-11-30T11:25:00.000,454.58,454.83,454.32,454.4,1218648,4907,454.76
2023-11-30T11:30:00.000,454.41,454.51,454.11,454.25,1731831,5955,454.75
2023-11-30T11:35:00.000,454.255,454.37,454.08,454.11,325261,3367,454.74
2023-11-30T11:40:00.000,454.11,454.24,453.96,454.03,512897,5272,454.72
2023-11-30T11:45:00.000,454.04,454.16,453.81,454.1,639903,6155,454.7
2023-11-30T11:50:00.000,454.1,454.35,454.075,454.12,998690,4975,454.69
2023-11-30T11:55:00.000,454.115,454.195,453.78,453.81,921812,5290,454.67
2023-11-30T12:00:00.000,453.82,454.37,453.65,454.31,648153,6711,454.65
2023-11-30T12:05:00.000,454.31,454.4,454.25,454.3327,469428,4188,454.64
2023-11-30T12:10:00.000,454.34,454.37,454.07,454.1891,315141,3317,454.63
2023-11-30T12:15:00.000,454.18,454.19,453.62,453.76,693425,5507,454.61
2023-11-30T12:20:00.000,453.75,453.76,453.5,453.56,390133,4008,454.6
2023-11-30T12:25:00.000,453.56,453.6699,453.515,453.5701,375545,3269,454.58
2023-11-30T12:30:00.000,453.57,453.87,453.48,453.585,484902,4442,454.56
2023-11-30T12:35:00.000,453.5822,453.832,453.5822,453.71,283845,2848,454.55
2023-11-30T12:40:00.000,453.705,454.24,453.65,454.2,421906,3893,454.54
2023-11-30T12:45:00.000,454.2,454.32,454.13,454.1695,277025,2954,454.54
2023-11-30T12:50:00.000,454.1699,454.29,454.09,454.11,388271,3890,454.53
2023-11-30T12:55:00.000,454.11,454.17,453.95,454.1198,585608,3050,454.53
2023-11-30T13:00:00.000,454.11,454.11,453.955,453.955,486045,2511,454.52
2023-11-30T13:05:00.000,453.96,453.99,453.625,453.66,377607,3690,454.51
2023-11-30T13:10:00.000,453.67,453.91,453.66,453.79,275387,3082,454.51
2023-11-30T13:15:00.000,453.8,453.98,453.795,453.8597,261918,2773,454.5
2023-11-30T13:20:00.000,453.86,454.145,453.825,453.94,315008,3449,454.5
2023-11-30T13:25:00.000,453.935,454.015,453.62,453.63,356449,3368,454.49
2023-11-30T13:30:00.000,453.6499,453.97,453.34,453.915,513019,5114,454.47
2023-11-30T13:35:00.000,453.91,454.285,453.88,453.98,273777,2987,454.47
2023-11-30T13:40:00.000,453.975,454.04,453.77,453.775,267273,2693,454.46
2023-11-30T13:45:00.000,453.774,453.85,453.67,453.7,261187,2917,454.46
2023-11-30T13:50:00.000,453.7199,453.779,453.475,453.64,406032,3787,454.45
2023-11-30T13:55:00.000,453.635,453.94,453.58,453.924,321735,3210,454.44
2023-11-30T14:00:00.000,453.92,454.16,453.89,454.0499,656446,3767,454.43
2023-11-30T14:05:00.000,454.05,454.2,454.03,454.16,377783,3440,454.43
2023-11-30T14:10:00.000,454.17,454.425,454.16,454.38,692636,5270,454.43
2023-11-30T14:15:00.000,454.37,454.55,454.3,454.4,476758,4666,454.43
2023-11-30T14:20:00.000,454.3999,454.46,454.25,454.46,355117,3598,454.43
2023-11-30T14:25:00.000,454.46,454.49,454.29,454.358,339271,3601,454.42
2023-11-30T14:30:00.000,454.36,454.575,454.15,454.5391,521872,5027,454.42
2023-11-30T14:35:00.000,454.53,454.6256,454.4799,454.56,415222,3832,454.43
2023-11-30T14:40:00.000,454.56,454.89,454.535,454.8695,625674,5309,454.43
2023-11-30T14:45:00.000,454.8691,455.0481,454.765,455.04,566126,4990,454.44
2023-11-30T14:50:00.000,455.04,455.09,454.89,455.01,715960,4319,454.45
2023-11-30T14:55:00.000,455.0,455.15,454.92,455.1,588134,5084,454.46
2023-11-30T15:00:00.000,455.1,455.135,454.74,454.7899,673706,5795,454.46
2023-11-30T15:05:00.000,454.78,454.785,454.4,454.43,892309,5810,454.47
2023-11-30T15:10:00.000,454.4333,454.66,454.38,454.4699,614241,5772,454.47
2023-11-30T15:15:00.000,454.46,454.525,454.31,454.42,554097,5022,454.47
2023-11-30T15:20:00.000,454.4299,454.49,454.04,454.07,477185,5032,454.46
2023-11-30T15:25:00.000,454.07,454.1999,453.84,454.11,705185,5792,454.46
2023-11-30T15:30:00.000,454.11,454.41,454.045,454.28,668406,6475,454.45
2023-11-30T15:35:00.000,454.27,454.585,454.25,454.545,773478,6648,454.45
2023-11-30T15:40:00.000,454.54,455.399,454.52,455.37,1562429,12601,454.47
2023-11-30T15:45:00.000,455.37,455.44,454.98,455.0405,1850402,15044,454.5
2023-11-30T15:50:00.000,455.045,456.325,454.98,456.1,4914471,29243,454.64
2023-11-30T15:55:00.000,456.11,456.76,456.06,456.31,11692730,42469,454.98
2023-11-30T16:00:00.000,456.31,456.31,456.31,456.31,1299,1,454.98
