timestamp,open,high,low,close,volume,count,vwap
2025-02-01T09:30:00.000,0.0,0.0,0.0,0.0,0,0,0.0
2025-02-01T09:35:00.000,0.0,0.0,0.0,0.0,0,0,0.0
2025-02-01T09:40:00.000,0.0,0.0,0.0,0.0,0,0,0.0
2025-02-01T09:45:00.000,0.0,0.0,0.0,0.0,0,0,0.0
2025-02-01T09:50:00.000,0.0,0.0,0.0,0.0,0,0,0.0
2025-02-01T09:55:00.000,0.0,0.0,0.0,0.0,0,0,0.0
2025-02-01T10:00:00.000,0.0,0.0,0.0,0.0,0,0,0.0
2025-02-01T10:05:00.000,0.0,0.0,0.0,0.0,0,0,0.0
2025-02-01T10:10:00.000,0.0,0.0,0.0,0.0,0,0,0.0
2025-02-01T10:15:00.000,0.0,0.0,0.0,0.0,0,0,0.0
2025-02-01T10:20:00.000,0.0,0.0,0.0,0.0,0,0,0.0
2025-02-01T10:25:00.000,0.0,0.0,0.0,0.0,0,0,0.0
2025-02-01T10:30:00.000,0.0,0.0,0.0,0.0,0,0,0.0
2025-02-01T10:35:00.000,0.0,0.0,0.0,0.0,0,0,0.0
2025-02-01T10:40:00.000,0.0,0.0,0.0,0.0,0,0,0.0
2025-02-01T10:45:00.000,0.0,0.0,0.0,0.0,0,0,0.0
2025-02-01T10:50:00.000,0.0,0.0,0.0,0.0,0,0,0.0
2025-02-01T10:55:00.000,0.0,0.0,0.0,0.0,0,0,0.0
2025-02-01T11:00:00.000,0.0,0.0,0.0,0.0,0,0,0.0
2025-02-01T11:05:00.000,0.0,0.0,0.0,0.0,0,0,0.0
2025-02-01T11:10:00.000,0.0,0.0,0.0,0.0,0,0,0.0
2025-02-01T11:15:00.000,0.0,0.0,0.0,0.0,0,0,0.0
2025-02-01T11:20:00.000,0.0,0.0,0.0,0.0,0,0,0.0
2025-02-01T11:25:00.000,0.0,0.0,0.0,0.0,0,0,0.0
2025-02-01T11:30:00.000,0.0,0.0,0.0,0.0,0,0,0.0
2025-02-01T11:35:00.000,0.0,0.0,0.0,0.0,0,0,0.0
2025-02-01T11:40:00.000,0.0,0.0,0.0,0.0,0,0,0.0
2025-02-01T11:45:00.000,0.0,0.0,0.0,0.0,0,0,0.0
2025-02-01T11:50:00.000,0.0,0.0,0.0,0.0,0,0,0.0
2025-02-01T11:55:00.000,0.0,0.0,0.0,0.0,0,0,0.0
2025-02-01T12:00:00.000,0.0,0.0,0.0,0.0,0,0,0.0
2025-02-01T12:05:00.000,0.0,0.0,0.0,0.0,0,0,0.0
2025-02-01T12:10:00.000,0.0,0.0,0.0,0.0,0,0,0.0
2025-02-01T12:15:00.000,0.0,0.0,0.0,0.0,0,0,0.0
2025-02-01T12:20:00.000,0.0,0.0,0.0,0.0,0,0,0.0
2025-02-01T12:25:00.000,0.0,0.0,0.0,0.0,0,0,0.0
2025-02-01T12:30:00.000,0.0,0.0,0.0,0.0,0,0,0.0
2025-02-01T12:35:00.000,0.0,0.0,0.0,0.0,0,0,0.0
2025-02-01T12:40:00.000,0.0,0.0,0.0,0.0,0,0,0.0
2025-02-01T12:45:00.000,0.0,0.0,0.0,0.0,0,0,0.0
2025-02-01T12:50:00.000,0.0,0.0,0.0,0.0,0,0,0.0
2025-02-01T12:55:00.000,0.0,0.0,0.0,0.0,0,0,0.0
2025-02-01T13:00:00.000,0.0,0.0,0.0,0.0,0,0,0.0
2025-02-01T13:05:00.000,0.0,0.0,0.0,0.0,0,0,0.0
2025-02-01T13:10:00.000,0.0,0.0,0.0,0.0,0,0,0.0
2025-02-01T13:15:00.000,0.0,0.0,0.0,0.0,0,0,0.0
2025-02-01T13:20:00.000,0.0,0.0,0.0,0.0,0,0,0.0
2025-02-01T13:25:00.000,0.0,0.0,0.0,0.0,0,0,0.0
2025-02-01T13:30:00.000,0.0,0.0,0.0,0.0,0,0,0.0
2025-02-01T13:35:00.000,0.0,0.0,0.0,0.0,0,0,0.0
2025-02-01T13:40:00.000,0.0,0.0,0.0,0.0,0,0,0.0
2025-02-01T13:45:00.000,0.0,0.0,0.0,0.0,0,0,0.0
2025-02-01T13:50:00.000,0.0,0.0,0.0,0.0,0,0,0.0
2025-02-01T13:55:00.000,0.0,0.0,0.0,0.0,0,0,0.0
2025-02-01T14:00:00.000,0.0,0.0,0.0,0.0,0,0,0.0
2025-02-01T14:05:00.000,0.0,0.0,0.0,0.0,0,0,0.0
2025-02-01T14:10:00.000,0.0,0.0,0.0,0.0,0,0,0.0
2025-02-01T14:15:00.000,0.0,0.0,0.0,0.0,0,0,0.0
2025-02-01T14:20:00.000,0.0,0.0,0.0,0.0,0,0,0.0
2025-02-01T14:25:00.000,0.0,0.0,0.0,0.0,0,0,0.0
2025-02-01T14:30:00.000,0.0,0.0,0.0,0.0,0,0,0.0
2025-02-01T14:35:00.000,0.0,0.0,0.0,0.0,0,0,0.0
2025-02-01T14:40:00.000,0.0,0.0,0.0,0.0,0,0,0.0
2025-02-01T14:45:00.000,0.0,0.0,0.0,0.0,0,0,0.0
2025-02-01T14:50:00.000,0.0,0.0,0.0,0.0,0,0,0.0
2025-02-01T14:55:00.000,0.0,0.0,0.0,0.0,0,0,0.0
2025-02-01T15:00:00.000,0.0,0.0,0.0,0.0,0,0,0.0
2025-02-01T15:05:00.000,0.0,0.0,0.0,0.0,0,0,0.0
2025-02-01T15:10:00.000,0.0,0.0,0.0,0.0,0,0,0.0
2025-02-01T15:15:00.000,0.0,0.0,0.0,0.0,0,0,0.0
2025-02-01T15:20:00.000,0.0,0.0,0.0,0.0,0,0,0.0
2025-02-01T15:25:00.000,0.0,0.0,0.0,0.0,0,0,0.0
2025-02-01T15:30:00.000,0.0,0.0,0.0,0.0,0,0,0.0
2025-02-01T15:35:00.000,0.0,0.0,0.0,0.0,0,0,0.0
2025-02-01T15:40:00.000,0.0,0.0,0.0,0.0,0,0,0.0
2025-02-01T15:45:00.000,0.0,0.0,0.0,0.0,0,0,0.0
2025-02-01T15:50:00.000,0.0,0.0,0.0,0.0,0,0,0.0
2025-02-01T15:55:00.000,0.0,0.0,0.0,0.0,0,0,0.0
2025-02-01T16:00:00.000,0.0,0.0,0.0,0.0,0,0,0.0
2025-02-02T09:30:00.000,0.0,0.0,0.0,0.0,0,0,0.0
2025-02-02T09:35:00.000,0.0,0.0,0.0,0.0,0,0,0.0
2025-02-02T09:40:00.000,0.0,0.0,0.0,0.0,0,0,0.0
2025-02-02T09:45:00.000,0.0,0.0,0.0,0.0,0,0,0.0
2025-02-02T09:50:00.000,0.0,0.0,0.0,0.0,0,0,0.0
2025-02-02T09:55:00.000,0.0,0.0,0.0,0.0,0,0,0.0
2025-02-02T10:00:00.000,0.0,0.0,0.0,0.0,0,0,0.0
2025-02-02T10:05:00.000,0.0,0.0,0.0,0.0,0,0,0.0
2025-02-02T10:10:00.000,0.0,0.0,0.0,0.0,0,0,0.0
2025-02-02T10:15:00.000,0.0,0.0,0.0,0.0,0,0,0.0
2025-02-02T10:20:00.000,0.0,0.0,0.0,0.0,0,0,0.0
2025-02-02T10:25:00.000,0.0,0.0,0.0,0.0,0,0,0.0
2025-02-02T10:30:00.000,0.0,0.0,0.0,0.0,0,0,0.0
2025-02-02T10:35:00.000,0.0,0.0,0.0,0.0,0,0,0.0
2025-02-02T10:40:00.000,0.0,0.0,0.0,0.0,0,0,0.0
2025-02-02T10:45:00.000,0.0,0.0,0.0,0.0,0,0,0.0
2025-02-02T10:50:00.000,0.0,0.0,0.0,0.0,0,0,0.0
2025-02-02T10:55:00.000,0.0,0.0,0.0,0.0,0,0,0.0
2025-02-02T11:00:00.000,0.0,0.0,0.0,0.0,0,0,0.0
2025-02-02T11:05:00.000,0.0,0.0,0.0,0.0,0,0,0.0
2025-02-02T11:10:00.000,0.0,0.0,0.0,0.0,0,0,0.0
2025-02-02T11:15:00.000,0.0,0.0,0.0,0.0,0,0,0.0
2025-02-02T11:20:00.000,0.0,0.0,0.0,0.0,0,0,0.0
2025-02-02T11:25:00.000,0.0,0.0,0.0,0.0,0,0,0.0
2025-02-02T11:30:00.000,0.0,0.0,0.0,0.0,0,0,0.0
2025-02-02T11:35:00.000,0.0,0.0,0.0,0.0,0,0,0.0
2025-02-02T11:40:00.000,0.0,0.0,0.0,0.0,0,0,0.0
2025-02-02T11:45:00.000,0.0,0.0,0.0,0.0,0,0,0.0
2025-02-02T11:50:00.000,0.0,0.0,0.0,0.0,0,0,0.0
2025-02-02T11:55:00.000,0.0,0.0,0.0,0.0,0,0,0.0
2025-02-02T12:00:00.000,0.0,0.0,0.0,0.0,0,0,0.0
2025-02-02T12:05:00.000,0.0,0.0,0.0,0.0,0,0,0.0
2025-02-02T12:10:00.000,0.0,0.0,0.0,0.0,0,0,0.0
2025-02-02T12:15:00.000,0.0,0.0,0.0,0.0,0,0,0.0
2025-02-02T12:20:00.000,0.0,0.0,0.0,0.0,0,0,0.0
2025-02-02T12:25:00.000,0.0,0.0,0.0,0.0,0,0,0.0
2025-02-02T12:30:00.000,0.0,0.0,0.0,0.0,0,0,0.0
2025-02-02T12:35:00.000,0.0,0.0,0.0,0.0,0,0,0.0
2025-02-02T12:40:00.000,0.0,0.0,0.0,0.0,0,0,0.0
2025-02-02T12:45:00.000,0.0,0.0,0.0,0.0,0,0,0.0
2025-02-02T12:50:00.000,0.0,0.0,0.0,0.0,0,0,0.0
2025-02-02T12:55:00.000,0.0,0.0,0.0,0.0,0,0,0.0
2025-02-02T13:00:00.000,0.0,0.0,0.0,0.0,0,0,0.0
2025-02-02T13:05:00.000,0.0,0.0,0.0,0.0,0,0,0.0
2025-02-02T13:10:00.000,0.0,0.0,0.0,0.0,0,0,0.0
2025-02-02T13:15:00.000,0.0,0.0,0.0,0.0,0,0,0.0
2025-02-02T13:20:00.000,0.0,0.0,0.0,0.0,0,0,0.0
2025-02-02T13:25:00.000,0.0,0.0,0.0,0.0,0,0,0.0
2025-02-02T13:30:00.000,0.0,0.0,0.0,0.0,0,0,0.0
2025-02-02T13:35:00.000,0.0,0.0,0.0,0.0,0,0,0.0
2025-02-02T13:40:00.000,0.0,0.0,0.0,0.0,0,0,0.0
2025-02-02T13:45:00.000,0.0,0.0,0.0,0.0,0,0,0.0
2025-02-02T13:50:00.000,0.0,0.0,0.0,0.0,0,0,0.0
2025-02-02T13:55:00.000,0.0,0.0,0.0,0.0,0,0,0.0
2025-02-02T14:00:00.000,0.0,0.0,0.0,0.0,0,0,0.0
2025-02-02T14:05:00.000,0.0,0.0,0.0,0.0,0,0,0.0
2025-02-02T14:10:00.000,0.0,0.0,0.0,0.0,0,0,0.0
2025-02-02T14:15:00.000,0.0,0.0,0.0,0.0,0,0,0.0
2025-02-02T14:20:00.000,0.0,0.0,0.0,0.0,0,0,0.0
2025-02-02T14:25:00.000,0.0,0.0,0.0,0.0,0,0,0.0
2025-02-02T14:30:00.000,0.0,0.0,0.0,0.0,0,0,0.0
2025-02-02T14:35:00.000,0.0,0.0,0.0,0.0,0,0,0.0
2025-02-02T14:40:00.000,0.0,0.0,0.0,0.0,0,0,0.0
2025-02-02T14:45:00.000,0.0,0.0,0.0,0.0,0,0,0.0
2025-02-02T14:50:00.000,0.0,0.0,0.0,0.0,0,0,0.0
2025-02-02T14:55:00.000,0.0,0.0,0.0,0.0,0,0,0.0
2025-02-02T15:00:00.000,0.0,0.0,0.0,0.0,0,0,0.0
2025-02-02T15:05:00.000,0.0,0.0,0.0,0.0,0,0,0.0
2025-02-02T15:10:00.000,0.0,0.0,0.0,0.0,0,0,0.0
2025-02-02T15:15:00.000,0.0,0.0,0.0,0.0,0,0,0.0
2025-02-02T15:20:00.000,0.0,0.0,0.0,0.0,0,0,0.0
2025-02-02T15:25:00.000,0.0,0.0,0.0,0.0,0,0,0.0
2025-02-02T15:30:00.000,0.0,0.0,0.0,0.0,0,0,0.0
2025-02-02T15:35:00.000,0.0,0.0,0.0,0.0,0,0,0.0
2025-02-02T15:40:00.000,0.0,0.0,0.0,0.0,0,0,0.0
2025-02-02T15:45:00.000,0.0,0.0,0.0,0.0,0,0,0.0
2025-02-02T15:50:00.000,0.0,0.0,0.0,0.0,0,0,0.0
2025-02-02T15:55:00.000,0.0,0.0,0.0,0.0,0,0,0.0
2025-02-02T16:00:00.000,0.0,0.0,0.0,0.0,0,0,0.0
2025-02-03T09:30:00.000,592.67,594.12,591.905,593.5,3116078,38981,592.87
2025-02-03T09:35:00.000,593.46,594.37,592.95,594.29,1032301,16531,593.02
2025-02-03T09:40:00.000,594.24,594.26,593.29,593.39,888797,13807,593.14
2025-02-03T09:45:00.000,593.38,593.59,592.42,592.73,1008633,15071,593.09
2025-02-03T09:50:00.000,592.69,593.08,591.6,592.01,1006386,14753,592.98
2025-02-03T09:55:00.000,592.01,592.97,591.66,592.0361,1117610,13363,592.88
2025-02-03T10:00:00.000,591.97,592.24,591.17,591.47,1602710,16947,592.68
2025-02-03T10:05:00.000,591.47,592.34,591.28,592.04,1177907,14889,592.59
2025-02-03T10:10:00.000,592.01,592.035,590.99,591.07,714402,11939,592.51
2025-02-03T10:15:00.000,591.0726,591.2499,590.55,590.552,671395,10031,592.42
2025-02-03T10:20:00.000,590.55,595.57,590.49,595.12,2345680,25726,592.54
2025-02-03T10:25:00.000,595.15,596.6,594.36,596.38,2195588,24152,592.96
2025-02-03T10:30:00.000,596.36,597.07,595.7,596.785,1402462,17802,593.23
2025-02-03T10:35:00.000,596.78,597.5,595.91,596.75,910421,13185,593.4
2025-02-03T10:40:00.000,596.59,598.65,596.17,598.13,1349994,22660,593.7
2025-02-03T10:45:00.000,598.18,598.22,592.44,597.465,797257,16620,593.83
2025-02-03T10:50:00.000,597.51,598.25,597.3,597.53,532172,7972,593.93
2025-02-03T10:55:00.000,597.5,598.3699,597.24,597.88,503353,8164,594.01
2025-02-03T11:00:00.000,597.86,598.7,596.8,597.61,972039,13321,594.17
2025-02-03T11:05:00.000,597.65,597.95,595.76,597.69,1082636,14122,594.29
2025-02-03T11:10:00.000,597.89,598.5,597.72,598.19,326899,5894,594.33
2025-02-03T11:15:00.000,598.17,598.78,597.89,598.68,552197,6892,594.43
2025-02-03T11:20:00.000,598.71,599.25,598.44,598.67,503474,7574,594.51
2025-02-03T11:25:00.000,598.66,598.83,597.555,597.87,433435,5986,594.56
2025-02-03T11:30:00.000,597.87,598.56,597.26,598.48,358562,5805,594.6
2025-02-03T11:35:00.000,598.49,598.74,598.2104,598.72,257452,4916,594.64
2025-02-03T11:40:00.000,598.76,598.9,597.89,598.76,482701,5884,594.7
2025-02-03T11:45:00.000,598.77,599.0,597.9882,598.09,766407,8270,594.82
2025-02-03T11:50:00.000,598.09,599.01,598.029,598.59,620664,7398,594.91
2025-02-03T11:55:00.000,598.56,598.56,596.91,597.3399,707498,9263,594.97
2025-02-03T12:00:00.000,597.32,597.71,596.81,597.19,634727,7672,595.02
2025-02-03T12:05:00.000,597.22,597.53,596.71,597.45,474370,6064,595.05
2025-02-03T12:10:00.000,597.49,597.64,596.69,597.24,271759,4136,595.07
2025-02-03T12:15:00.000,597.21,597.45,596.9251,597.4,226316,3999,595.08
2025-02-03T12:20:00.000,597.46,598.51,597.3901,598.4963,296655,4896,595.11
2025-02-03T12:25:00.000,598.48,598.7,597.37,597.4,310995,4073,595.14
2025-02-03T12:30:00.000,597.39,597.61,596.81,596.92,313471,4773,595.16
2025-02-03T12:35:00.000,596.885,597.13,596.4,596.74,270110,4934,595.17
2025-02-03T12:40:00.000,596.74,596.84,596.38,596.51,275881,4414,595.18
2025-02-03T12:45:00.000,596.53,597.14,596.41,596.84,365877,5532,595.2
2025-02-03T12:50:00.000,596.825,598.08,596.8,597.87,505684,6211,595.23
2025-02-03T12:55:00.000,597.87,597.92,595.97,597.38,1765642,21947,595.32
2025-02-03T13:00:00.000,597.3435,597.625,596.08,597.47,642544,8071,595.34
2025-02-03T13:05:00.000,597.46,597.8,596.4501,596.72,530457,6383,595.37
2025-02-03T13:10:00.000,596.67,597.91,596.43,597.56,293345,3854,595.39
2025-02-03T13:15:00.000,597.61,597.99,597.19,597.3908,348400,3579,595.41
2025-02-03T13:20:00.000,597.36,597.81,597.24,597.569,192299,3463,595.42
2025-02-03T13:25:00.000,597.57,598.26,597.4243,597.795,306371,5356,595.44
2025-02-03T13:30:00.000,597.87,598.44,597.7,598.38,597095,6009,595.46
2025-02-03T13:35:00.000,598.35,598.59,597.8,598.2,310007,5684,595.48
2025-02-03T13:40:00.000,598.18,598.33,597.4201,597.835,222228,4461,595.5
2025-02-03T13:45:00.000,597.86,598.67,597.86,598.45,260654,3805,595.52
2025-02-03T13:50:00.000,598.49,598.92,598.47,598.77,223964,3716,595.53
2025-02-03T13:55:00.000,598.73,599.0,598.69,598.835,546408,4129,595.56
2025-02-03T14:00:00.000,598.81,599.17,598.61,598.8235,585973,6452,595.61
2025-02-03T14:05:00.000,598.8,599.16,598.5,599.06,212373,3727,595.63
2025-02-03T14:10:00.000,599.06,599.72,599.06,599.639,400108,5277,595.67
2025-02-03T14:15:00.000,599.64,600.0,599.59,599.88,561984,5999,595.72
2025-02-03T14:20:00.000,599.9,599.97,599.6,599.88,178586,3465,595.73
2025-02-03T14:25:00.000,599.86,599.92,599.45,599.48,465044,2929,595.76
2025-02-03T14:30:00.000,599.485,599.86,599.38,599.6995,268997,3780,595.78
2025-02-03T14:35:00.000,599.65,599.67,599.245,599.47,278324,3447,595.79
2025-02-03T14:40:00.000,599.48,600.0,599.3102,599.91,354510,4634,595.83
2025-02-03T14:45:00.000,599.9,600.29,599.86,600.14,299805,4148,595.86
2025-02-03T14:50:00.000,600.15,600.23,599.9,599.91,226036,3775,595.88
2025-02-03T14:55:00.000,599.91,600.03,599.415,599.68,268728,4084,595.91
2025-02-03T15:00:00.000,599.7,600.0258,599.4,599.92,265667,4111,595.93
2025-02-03T15:05:00.000,599.9,599.915,599.26,599.35,287755,3824,595.95
2025-02-03T15:10:00.000,599.36,599.45,598.9301,599.01,563748,5048,595.99
2025-02-03T15:15:00.000,598.99,599.46,598.81,599.46,305857,3891,596.01
2025-02-03T15:20:00.000,599.415,599.62,599.15,599.37,359657,4189,596.04
2025-02-03T15:25:00.000,599.375,599.3862,598.4,598.55,483180,5732,596.07
2025-02-03T15:30:00.000,598.56,598.785,598.114,598.67,531177,5645,596.09
2025-02-03T15:35:00.000,598.64,599.05,598.38,598.59,518447,6052,596.12
2025-02-03T15:40:00.000,598.6,598.87,598.1,598.27,407058,5748,596.14
2025-02-03T15:45:00.000,598.28,598.57,597.94,598.49,725185,8947,596.18
2025-02-03T15:50:00.000,598.47,598.83,598.2,598.26,2013111,15331,596.27
2025-02-03T15:55:00.000,598.24,598.24,597.39,597.65,4292845,26647,596.37
2025-02-03T16:00:00.000,597.65,597.65,597.65,597.65,155,1,596.37
2025-02-04T09:30:00.000,597.83,598.1799,597.28,597.98,1129609,15018,597.73
2025-02-04T09:35:00.000,597.99,598.55,597.87,598.285,798396,9875,597.91
2025-02-04T09:40:00.000,598.2801,598.5201,597.825,598.22,531888,7171,597.97
2025-02-04T09:45:00.000,598.215,598.44,597.95,598.2392,267691,5010,597.98
2025-02-04T09:50:00.000,598.26,598.98,598.065,598.97,487478,6580,598.08
2025-02-04T09:55:00.000,598.95,599.2,598.7,598.995,599905,6544,598.21
2025-02-04T10:00:00.000,598.9943,599.9,598.96,599.8,529020,7535,598.37
2025-02-04T10:05:00.000,599.78,600.66,599.5922,600.5101,475364,6865,598.54
2025-02-04T10:10:00.000,600.51,600.93,600.34,600.45,626871,8537,598.77
2025-02-04T10:15:00.000,600.51,601.14,600.41,601.0998,386559,5702,598.89
2025-02-04T10:20:00.000,601.09,601.12,600.43,600.69,370390,5229,599.01
2025-02-04T10:25:00.000,600.685,600.9101,600.4656,600.52,244581,4167,599.07
2025-02-04T10:30:00.000,600.55,600.95,600.11,600.73,446590,6705,599.16
2025-02-04T10:35:00.000,600.7,601.16,600.4,601.02,316434,8115,599.23
2025-02-04T10:40:00.000,601.02,601.26,600.918,600.9888,397014,5402,599.33
2025-02-04T10:45:00.000,600.98,601.01,600.46,600.845,269132,4632,599.37
2025-02-04T10:50:00.000,600.85,600.93,600.38,600.87,236779,4281,599.4
2025-02-04T10:55:00.000,600.82,600.9,600.1504,600.33,304937,3581,599.43
2025-02-04T11:00:00.000,600.375,601.2092,600.375,601.16,233693,3850,599.47
2025-02-04T11:05:00.000,601.15,601.43,601.0301,601.3,354350,3417,599.51
2025-02-04T11:10:00.000,601.31,601.3959,601.172,601.32,183434,3169,599.54
2025-02-04T11:15:00.000,601.32,601.5,601.285,601.37,238396,3473,599.59
2025-02-04T11:20:00.000,601.355,601.59,601.194,601.41,203191,4038,599.62
2025-02-04T11:25:00.000,601.41,602.01,601.375,601.98,381150,4403,599.7
2025-02-04T11:30:00.000,601.96,602.09,601.59,601.705,305159,4213,599.76
2025-02-04T11:35:00.000,601.73,601.9899,601.67,601.98,176179,2805,599.8
2025-02-04T11:40:00.000,601.99,602.06,601.36,601.55,354364,3680,599.84
2025-02-04T11:45:00.000,601.52,601.59,601.0299,601.09,306242,3491,599.86
2025-02-04T11:50:00.000,601.0403,601.3656,600.79,601.31,230015,3883,599.88
2025-02-04T11:55:00.000,601.3,601.4125,600.91,601.37,213180,3810,599.91
2025-02-04T12:00:00.000,601.38,601.629,601.2602,601.535,131530,2808,599.92
2025-02-04T12:05:00.000,601.535,601.61,601.295,601.3,129644,2803,599.94
2025-02-04T12:10:00.000,601.3197,601.64,601.2407,601.5096,88451,2139,599.95
2025-02-04T12:15:00.000,601.5,601.6,600.29,600.555,642126,8594,599.99
2025-02-04T12:20:00.000,600.59,600.79,600.0701,600.59,507586,5984,600.01
2025-02-04T12:25:00.000,600.56,600.6,599.67,599.76,256313,4078,600.01
2025-02-04T12:30:00.000,599.82,600.035,599.4054,599.76,277258,4185,600.0
2025-02-04T12:35:00.000,599.79,600.39,599.78,600.14,289173,3980,600.01
2025-02-04T12:40:00.000,600.13,600.51,599.96,600.43,289755,3334,600.01
2025-02-04T12:45:00.000,600.41,600.48,600.1149,600.2799,134961,2380,600.02
2025-02-04T12:50:00.000,600.3,600.64,600.3,600.48,183699,2769,600.02
2025-02-04T12:55:00.000,600.48,601.03,600.43,600.99,164411,3014,600.03
2025-02-04T13:00:00.000,600.98,601.04,600.43,600.435,201697,3402,600.04
2025-02-04T13:05:00.000,600.45,600.4699,600.11,600.4,160814,3066,600.04
2025-02-04T13:10:00.000,600.408,600.81,600.3374,600.675,120931,2728,600.05
2025-02-04T13:15:00.000,600.68,600.91,600.68,600.86,119434,2341,600.05
2025-02-04T13:20:00.000,600.865,601.16,600.66,601.13,152842,2842,600.06
2025-02-04T13:25:00.000,601.15,601.25,601.02,601.13,124081,2645,600.07
2025-02-04T13:30:00.000,601.12,601.259,601.08,601.19,114361,3113,600.08
2025-02-04T13:35:00.000,601.201,601.205,600.835,600.874,151188,2779,600.09
2025-02-04T13:40:00.000,600.88,601.03,600.88,600.97,82085,2113,600.09
2025-02-04T13:45:00.000,600.97,601.08,600.925,601.05,81745,2138,600.09
2025-02-04T13:50:00.000,601.055,601.21,600.8604,601.0,100865,2313,600.1
2025-02-04T13:55:00.000,601.01,601.1,600.71,600.725,105466,2285,600.1
2025-02-04T14:00:00.000,600.7,601.24,600.57,601.19,182938,2926,600.11
2025-02-04T14:05:00.000,601.2,601.57,601.155,601.52,211660,3079,600.13
2025-02-04T14:10:00.000,601.53,601.78,601.53,601.6701,175083,2786,600.15
2025-02-04T14:15:00.000,601.68,601.85,601.63,601.85,185620,2556,600.17
2025-02-04T14:20:00.000,601.85,602.14,601.74,601.8901,184861,3124,600.19
2025-02-04T14:25:00.000,601.895,601.9299,601.7,601.86,223499,2774,600.21
2025-02-04T14:30:00.000,601.88,602.15,601.88,602.07,207355,2996,600.23
2025-02-04T14:35:00.000,602.07,602.3,601.96,602.02,260251,3284,600.26
2025-02-04T14:40:00.000,602.03,602.145,601.81,602.01,187312,2733,600.28
2025-02-04T14:45:00.000,602.01,602.09,601.735,601.79,184119,2768,600.3
2025-02-04T14:50:00.000,601.82,601.92,601.67,601.8859,169502,2597,600.31
2025-02-04T14:55:00.000,601.89,601.96,600.84,601.48,820967,8769,600.37
2025-02-04T15:00:00.000,601.47,601.56,601.19,601.43,357396,4650,600.39
2025-02-04T15:05:00.000,601.41,601.73,601.41,601.6,213338,3393,600.4
2025-02-04T15:10:00.000,601.62,601.92,601.6,601.8425,303358,3820,600.42
2025-02-04T15:15:00.000,601.82,601.89,601.48,601.64,437714,3785,600.45
2025-02-04T15:20:00.000,601.65,601.69,601.18,601.2883,448235,3590,600.46
2025-02-04T15:25:00.000,601.28,601.3899,601.03,601.085,437176,3501,600.47
2025-02-04T15:30:00.000,601.085,601.42,600.97,601.3,454484,5136,600.49
2025-02-04T15:35:00.000,601.35,601.84,601.26,601.82,384101,4726,600.51
2025-02-04T15:40:00.000,601.825,601.9,601.555,601.6,388403,4553,600.53
2025-02-04T15:45:00.000,601.62,601.64,601.33,601.46,448332,5675,600.55
2025-02-04T15:50:00.000,601.45,602.02,601.23,601.93,988810,9452,600.59
2025-02-04T15:55:00.000,601.93,602.27,601.65,601.76,3118017,21300,600.76
2025-02-04T16:00:00.000,601.76,601.76,601.76,601.76,339,3,600.76
2025-02-05T09:30:00.000,600.64,600.72,600.2,600.42,791811,12750,600.52
2025-02-05T09:35:00.000,600.45,601.09,600.4,600.99,606932,6908,600.64
2025-02-05T09:40:00.000,600.99,601.09,600.7501,600.89,369984,5187,600.7
2025-02-05T09:45:00.000,600.86,601.0737,600.635,600.73,207914,4764,600.72
2025-02-05T09:50:00.000,600.7,600.845,600.0525,600.19,361457,6356,600.66
2025-02-05T09:55:00.000,600.19,600.23,599.47,600.12,431165,7301,600.55
2025-02-05T10:00:00.000,600.12,601.1,598.58,598.73,963094,13593,600.37
2025-02-05T10:05:00.000,598.74,599.44,598.64,599.435,661616,9247,600.18
2025-02-05T10:10:00.000,599.435,599.95,598.9799,599.95,464540,6886,600.11
2025-02-05T10:15:00.000,599.94,600.05,599.24,599.62,320443,5609,600.08
2025-02-05T10:20:00.000,599.64,600.26,599.34,600.2,289373,5133,600.07
2025-02-05T10:25:00.000,600.21,600.66,600.17,600.63,302309,5443,600.08
2025-02-05T10:30:00.000,600.62,600.65,599.77,600.52,323459,6144,600.09
2025-02-05T10:35:00.000,600.5,600.9,600.41,600.88,270197,4261,600.11
2025-02-05T10:40:00.000,600.86,600.99,600.6,600.77,315236,9484,600.15
2025-02-05T10:45:00.000,600.79,600.8599,600.33,600.46,285436,3998,600.16
2025-02-05T10:50:00.000,600.4401,600.7,600.23,600.7,165384,3823,600.17
2025-02-05T10:55:00.000,600.7,600.9199,600.39,600.585,187884,3833,600.18
2025-02-05T11:00:00.000,600.57,600.85,600.34,600.67,198145,3557,600.19
2025-02-05T11:05:00.000,600.68,601.39,600.61,601.3,242284,4149,600.22
2025-02-05T11:10:00.000,601.3,601.4,600.82,600.9699,221146,4170,600.24
2025-02-05T11:15:00.000,600.985,601.06,600.24,600.45,166891,3487,600.25
2025-02-05T11:20:00.000,600.44,600.46,600.135,600.45,194088,3330,600.25
2025-02-05T11:25:00.000,600.455,601.28,600.32,601.27,198982,3490,600.26
2025-02-05T11:30:00.000,601.24,601.43,601.125,601.42,373924,4421,600.3
2025-02-05T11:35:00.000,601.42,601.71,601.3701,601.6096,770260,7516,600.4
2025-02-05T11:40:00.000,601.62,601.85,601.39,601.84,245739,4048,600.44
2025-02-05T11:45:00.000,601.85,602.239,601.68,602.11,526804,4547,600.48
2025-02-05T11:50:00.000,602.12,602.88,602.12,602.68,540627,6683,600.59
2025-02-05T11:55:00.000,602.67,602.76,602.34,602.65,374038,5112,600.66
2025-02-05T12:00:00.000,602.64,603.0,602.6,602.93,369434,4748,600.73
2025-02-05T12:05:00.000,602.92,603.17,602.8152,603.01,299427,3939,600.79
2025-02-05T12:10:00.000,603.02,603.1172,602.8109,602.9,232801,3504,600.83
2025-02-05T12:15:00.000,602.91,602.91,602.62,602.75,210542,3384,600.86
2025-02-05T12:20:00.000,602.73,602.73,602.33,602.5999,195652,3410,600.89
2025-02-05T12:25:00.000,602.5,602.7299,602.485,602.49,94160,2573,600.9
2025-02-05T12:30:00.000,602.5,602.68,602.44,602.51,147157,2592,600.92
2025-02-05T12:35:00.000,602.505,602.745,602.382172,602.48,157210,2916,600.94
2025-02-05T12:40:00.000,602.48,602.59,602.37,602.57,104729,2321,600.95
2025-02-05T12:45:00.000,602.56,602.85,602.555,602.78,101790,2197,600.96
2025-02-05T12:50:00.000,602.8,602.84,602.32,602.8275,94299,2368,600.97
2025-02-05T12:55:00.000,602.81,602.82,602.54,602.67,92425,1924,600.98
2025-02-05T13:00:00.000,602.675,602.9,602.67,602.8,72190,1884,600.99
2025-02-05T13:05:00.000,602.805,602.87,602.57,602.65,105200,2138,601.0
2025-02-05T13:10:00.000,602.66,602.73,602.42,602.71,148956,2046,601.01
2025-02-05T13:15:00.000,602.73,602.895,602.595,602.86,152823,2155,601.03
2025-02-05T13:20:00.000,602.85,602.86,602.65,602.675,65814,1802,601.03
2025-02-05T13:25:00.000,602.675,602.675,602.21,602.566,180026,2944,601.05
2025-02-05T13:30:00.000,602.56,602.83,602.39,602.83,196984,3418,601.07
2025-02-05T13:35:00.000,602.83,603.21,602.79,603.16,174595,3113,601.09
2025-02-05T13:40:00.000,603.15,603.4,602.95,603.1,239838,3125,601.13
2025-02-05T13:45:00.000,603.1,603.14,602.9965,603.1,112615,2219,601.14
2025-02-05T13:50:00.000,603.12,603.15,602.78,602.9,88906,2219,601.15
2025-02-05T13:55:00.000,602.92,602.995,602.67,602.93,143465,2598,601.17
2025-02-05T14:00:00.000,602.92,603.2,602.91,603.12,125980,2300,601.18
2025-02-05T14:05:00.000,603.11,603.6,603.08,603.52,197402,3192,601.21
2025-02-05T14:10:00.000,603.53,603.635,603.31,603.47,201725,2665,601.24
2025-02-05T14:15:00.000,603.45,603.5,603.33,603.37,131551,2407,601.26
2025-02-05T14:20:00.000,603.365,603.48,603.29,603.45,161847,2375,601.28
2025-02-05T14:25:00.000,603.44,603.45,603.23,603.27,146334,2313,601.3
2025-02-05T14:30:00.000,603.29,603.36,603.1,603.23,199476,2895,601.32
2025-02-05T14:35:00.000,603.225,603.349,603.0925,603.3,174075,2570,601.35
2025-02-05T14:40:00.000,603.3,603.41,603.1401,603.165,264933,3049,601.38
2025-02-05T14:45:00.000,603.16,603.2198,603.03,603.181,355648,2482,601.39
2025-02-05T14:50:00.000,603.19,603.2,602.88,602.9509,126945,2576,601.41
2025-02-05T14:55:00.000,602.95,603.13,602.91,603.0699,115671,2501,601.42
2025-02-05T15:00:00.000,603.07,603.3777,603.05,603.25,320215,2999,601.44
2025-02-05T15:05:00.000,603.23,603.3484,603.03,603.33,256564,2909,601.47
2025-02-05T15:10:00.000,603.32,603.42,603.28,603.4,151759,2810,601.48
2025-02-05T15:15:00.000,603.4,603.71,603.4,603.68,377762,4188,601.53
2025-02-05T15:20:00.000,603.675,603.97,603.66,603.94,353050,4142,601.58
2025-02-05T15:25:00.000,603.94,603.95,603.62,603.73,511851,4178,601.63
2025-02-05T15:30:00.000,603.72,603.83,603.56,603.64,449800,4243,601.66
2025-02-05T15:35:00.000,603.63,603.7,603.41,603.48,339791,3791,601.69
2025-02-05T15:40:00.000,603.49,603.49,602.9251,603.025,648771,4657,601.72
2025-02-05T15:45:00.000,603.02,603.34,602.98,603.12,487878,5680,601.76
2025-02-05T15:50:00.000,603.12,603.57,602.91,603.495,829120,8726,601.81
2025-02-05T15:55:00.000,603.5,604.37,603.48,604.17,2337428,17899,602.04
2025-02-05T16:00:00.000,0.0,0.0,0.0,0.0,0,0,602.04
2025-02-06T09:30:00.000,605.99,606.05,605.39,605.6,1438683,15779,605.68
2025-02-06T09:35:00.000,605.6,605.64,605.1,605.22,467161,6503,605.6
2025-02-06T09:40:00.000,605.215,605.63,605.14,605.63,316248,4322,605.56
2025-02-06T09:45:00.000,605.64,606.1,605.61,605.6695,436907,5929,605.61
2025-02-06T09:50:00.000,605.675,605.81,605.4404,605.5773,286029,4926,605.61
2025-02-06T09:55:00.000,605.54,605.5419,604.94,605.2699,303248,5164,605.58
2025-02-06T10:00:00.000,605.22,605.285,604.96,605.05,257491,4796,605.54
2025-02-06T10:05:00.000,605.05,605.6,604.96,605.52,251233,4637,605.52
2025-02-06T10:10:00.000,605.52,605.8,605.4301,605.73,169446,3722,605.53
2025-02-06T10:15:00.000,605.74,605.945,605.66,605.67,209943,6457,605.54
2025-02-06T10:20:00.000,605.6799,605.86,605.03,605.1,212424,4030,605.54
2025-02-06T10:25:00.000,605.1,605.16,604.83,604.94,266953,4518,605.51
2025-02-06T10:30:00.000,604.94,605.23,604.74,605.03,253058,4477,605.48
2025-02-06T10:35:00.000,605.05,605.75,604.38,604.4486,508338,7433,605.45
2025-02-06T10:40:00.000,604.44,605.36,604.39,604.7,317684,5325,605.42
2025-02-06T10:45:00.000,604.75,604.77,604.16,604.46,304506,4902,605.37
2025-02-06T10:50:00.000,604.43,604.8899,604.43,604.8,240787,4611,605.35
2025-02-06T10:55:00.000,604.8,604.9384,604.52,604.62,151671,2829,605.33
2025-02-06T11:00:00.000,604.63,605.0,604.54,604.88,163810,2944,605.32
2025-02-06T11:05:00.000,604.88,605.16,604.795,605.15,159752,3249,605.31
2025-02-06T11:10:00.000,605.16,605.62,605.1299,605.5899,228921,3763,605.31
2025-02-06T11:15:00.000,605.5943,605.68,605.4999,605.63,169545,2935,605.32
2025-02-06T11:20:00.000,605.63,605.6999,605.3701,605.66,232150,3459,605.33
2025-02-06T11:25:00.000,605.66,605.69,605.51,605.53,128997,2608,605.33
2025-02-06T11:30:00.000,605.55,605.56,605.29,605.36,134827,2582,605.33
2025-02-06T11:35:00.000,605.365,605.46,604.95,605.17,165375,3228,605.33
2025-02-06T11:40:00.000,605.18,605.18,604.98,605.02,161654,2796,605.33
2025-02-06T11:45:00.000,605.0182,605.23,604.765,605.17,232697,3354,605.31
2025-02-06T11:50:00.000,605.17,605.5048,605.14,605.39,192111,3214,605.32
2025-02-06T11:55:00.000,605.38,605.46,605.02,605.12,153681,2920,605.32
2025-02-06T12:00:00.000,605.13,605.17,604.77,605.14,182579,3201,605.31
2025-02-06T12:05:00.000,605.12,605.16,604.9,604.99,146578,3116,605.3
2025-02-06T12:10:00.000,604.9866,605.0148,604.78,604.81,127023,2337,605.3
2025-02-06T12:15:00.000,604.82,605.3577,604.75,605.34,138164,2806,605.29
2025-02-06T12:20:00.000,605.34,605.63,605.34,605.58,190061,3290,605.3
2025-02-06T12:25:00.000,605.5701,605.6,605.12,605.14,177347,2758,605.3
2025-02-06T12:30:00.000,605.14,605.17,604.86,605.15,142879,2415,605.3
2025-02-06T12:35:00.000,605.18,605.345,605.15,605.26,80104,1834,605.3
2025-02-06T12:40:00.000,605.27,605.33,605.21,605.29,66491,1791,605.29
2025-02-06T12:45:00.000,605.29,605.47,605.2238,605.44,84282,1970,605.3
2025-02-06T12:50:00.000,605.46,605.67,605.42,605.632,164148,2614,605.3
2025-02-06T12:55:00.000,605.632,605.78,605.55,605.61,181925,3002,605.31
2025-02-06T13:00:00.000,605.61,605.88,605.6,605.85,191716,2101,605.31
2025-02-06T13:05:00.000,605.8558,605.99,605.3826,605.59,263270,3825,605.32
2025-02-06T13:10:00.000,605.62,605.82,605.3,605.47,269343,4035,605.33
2025-02-06T13:15:00.000,605.48,605.82,605.33,605.6424,238697,4222,605.33
2025-02-06T13:20:00.000,605.66,605.765,605.5,605.74,144885,2351,605.33
2025-02-06T13:25:00.000,605.715,605.715,605.423,605.58,108887,2119,605.34
2025-02-06T13:30:00.000,605.59,605.79,605.5849,605.65,69601,2446,605.34
2025-02-06T13:35:00.000,605.64,605.67,605.2632,605.325,121904,2231,605.34
2025-02-06T13:40:00.000,605.3,605.7,605.13,605.4,248640,2767,605.34
2025-02-06T13:45:00.000,605.39,605.45,605.16,605.421,213387,2789,605.34
2025-02-06T13:50:00.000,605.425,605.43,605.14,605.1651,124640,2142,605.34
2025-02-06T13:55:00.000,605.15,605.265,605.0401,605.16,283584,2411,605.34
2025-02-06T14:00:00.000,605.15,605.4,605.0,605.29,514328,4584,605.33
2025-02-06T14:05:00.000,605.29,605.44,605.2123,605.4,221577,2561,605.33
2025-02-06T14:10:00.000,605.38,605.49,605.19,605.2,257918,2623,605.33
2025-02-06T14:15:00.000,605.21,605.42,605.055,605.235,195723,2503,605.33
2025-02-06T14:20:00.000,605.24,605.24,605.08,605.1123,220907,2568,605.33
2025-02-06T14:25:00.000,605.115,605.115,604.36,604.56,367102,4292,605.31
2025-02-06T14:30:00.000,604.58,604.58,602.63,603.05,986817,10451,605.17
2025-02-06T14:35:00.000,603.05,603.76,602.83,603.6,571232,6753,605.1
2025-02-06T14:40:00.000,603.5801,603.67,603.13,603.37,399716,3896,605.07
2025-02-06T14:45:00.000,603.37,604.05,603.25,603.99,335223,4201,605.04
2025-02-06T14:50:00.000,604.0,604.3,603.95,604.15,430399,3599,605.02
2025-02-06T14:55:00.000,604.12,604.2199,603.56,603.73,278987,3869,605.0
2025-02-06T15:00:00.000,603.72,603.8594,603.53,603.73,252217,3523,604.98
2025-02-06T15:05:00.000,603.76,604.055,603.7,603.99,213262,3273,604.97
2025-02-06T15:10:00.000,604.0,604.21,603.955,604.2,355059,3455,604.96
2025-02-06T15:15:00.000,604.19,604.69,604.19,604.49,650084,4795,604.94
2025-02-06T15:20:00.000,604.46,604.67,604.35,604.645,237703,3393,604.94
2025-02-06T15:25:00.000,604.65,604.82,604.65,604.765,557820,3945,604.93
2025-02-06T15:30:00.000,604.77,604.975,604.69,604.785,382928,4113,604.93
2025-02-06T15:35:00.000,604.785,604.925,604.58,604.9,454463,4523,604.93
2025-02-06T15:40:00.000,604.9,605.05,604.82,605.02,429917,4406,604.93
2025-02-06T15:45:00.000,605.02,605.5,604.97,605.4,532444,6059,604.94
2025-02-06T15:50:00.000,605.41,606.22,605.41,606.15,2135252,14833,605.0
2025-02-06T15:55:00.000,606.15,606.4525,605.92,606.34,2685838,20111,605.13
2025-02-06T16:00:00.000,0.0,0.0,0.0,0.0,94,1,605.13
2025-02-07T09:30:00.000,606.89,607.47,606.56,607.195,1370271,12519,607.04
2025-02-07T09:35:00.000,607.23,607.365,606.75,607.32,365804,5326,607.05
2025-02-07T09:40:00.000,607.31,607.77,607.24,607.53,347841,5056,607.12
2025-02-07T09:45:00.000,607.51,607.99,607.51,607.875,322879,5383,607.2
2025-02-07T09:50:00.000,607.86,608.13,607.745,607.95,442631,5977,607.31
2025-02-07T09:55:00.000,607.96,607.97,607.525,607.8103,295782,4648,607.35
2025-02-07T10:00:00.000,607.77,607.81,604.44,604.79,1933823,22423,606.74
2025-02-07T10:05:00.000,604.81,605.76,604.35,605.6,921105,12051,606.5
2025-02-07T10:10:00.000,605.5791,605.68,603.77,604.25,801096,10900,606.27
2025-02-07T10:15:00.000,604.3,604.94,603.81,604.7659,614176,8631,606.11
2025-02-07T10:20:00.000,604.7,605.32,604.1,605.07,504839,7378,606.02
2025-02-07T10:25:00.000,605.09,605.41,604.583,604.583,327424,5845,605.99
2025-02-07T10:30:00.000,604.5,604.8662,604.26,604.76,243537,5212,605.95
2025-02-07T10:35:00.000,604.7899,605.54,604.59,604.74,292350,6154,605.93
2025-02-07T10:40:00.000,604.78,605.22,604.3101,604.47,193093,4482,605.91
2025-02-07T10:45:00.000,604.5102,604.91,604.07,604.825,209008,4476,605.88
2025-02-07T10:50:00.000,604.83,605.39,601.18,601.82,1849498,26435,605.44
2025-02-07T10:55:00.000,601.8,603.5,601.62,603.41,1732628,18583,605.04
2025-02-07T11:00:00.000,603.45,603.58,601.6,602.2,779793,10602,604.9
2025-02-07T11:05:00.000,602.15,603.64,601.54,603.48,616772,8983,604.8
2025-02-07T11:10:00.000,603.43,603.54,602.34,602.44,360821,5544,604.76
2025-02-07T11:15:00.000,602.5,604.5395,602.3,603.6,790615,10360,604.7
2025-02-07T11:20:00.000,603.64,604.42,602.87,603.06,539271,7947,604.67
2025-02-07T11:25:00.000,602.96,603.33,601.93,602.0004,2647503,5437,604.62
2025-02-07T11:30:00.000,602.05,602.91,602.0244,602.69,315522,4823,604.58
2025-02-07T11:35:00.000,602.63,602.77,601.87,602.18,203456,3939,604.56
2025-02-07T11:40:00.000,602.18,602.7694,601.74,602.07,400411,6201,604.5
2025-02-07T11:45:00.000,602.06,602.31,601.48,601.86,2807011,32103,604.13
2025-02-07T11:50:00.000,601.86,602.16,601.29,601.66,710383,8922,604.04
2025-02-07T11:55:00.000,601.67,602.62,601.51,601.5988,635014,9323,603.99
2025-02-07T12:00:00.000,601.57,601.64,601.04,601.325,521468,6199,603.94
2025-02-07T12:05:00.000,601.3014,602.66,600.73,602.37,800796,10128,603.86
2025-02-07T12:10:00.000,602.42,602.67,601.58,602.53,327135,5247,603.84
2025-02-07T12:15:00.000,602.52,602.6,600.64,601.46,848039,11616,603.76
2025-02-07T12:20:00.000,601.4608,602.83,601.04,601.39,701987,10127,603.71
2025-02-07T12:25:00.000,601.4,601.98,601.22,601.7,172224,3686,603.69
2025-02-07T12:30:00.000,601.61,602.1613,601.3,601.6,283350,3702,603.68
2025-02-07T12:35:00.000,601.58,602.35,601.52,602.29,147198,3342,603.68
2025-02-07T12:40:00.000,602.32,602.46,601.95,602.2,185313,3369,603.66
2025-02-07T12:45:00.000,602.2,604.67,602.16,602.55,279355,3288,603.66
2025-02-07T12:50:00.000,602.54,602.85,602.01,602.42,190971,4017,603.65
2025-02-07T12:55:00.000,602.475,602.6978,602.08,602.16,114625,3329,603.64
2025-02-07T13:00:00.000,602.17,602.98,602.04,602.8175,198294,3917,603.64
2025-02-07T13:05:00.000,602.82,603.63,602.82,603.37,319360,4994,603.63
2025-02-07T13:10:00.000,603.36,603.59,603.16,603.5001,129590,2996,603.63
2025-02-07T13:15:00.000,603.49,603.75,603.46,603.57,278317,3228,603.63
2025-02-07T13:20:00.000,603.5001,603.57,603.07,603.29,242190,3980,603.63
2025-02-07T13:25:00.000,603.29,603.46,603.1452,603.3143,105960,2774,603.63
2025-02-07T13:30:00.000,603.33,603.54,603.24,603.5147,94888,3546,603.63
2025-02-07T13:35:00.000,603.49,603.65,603.44,603.55,251105,3133,603.63
2025-02-07T13:40:00.000,603.55,603.59,602.08,602.34,314169,5603,603.62
2025-02-07T13:45:00.000,602.39,602.4,601.76,602.05,396910,4905,603.6
2025-02-07T13:50:00.000,602.06,602.205,601.58,601.7651,203582,4037,603.59
2025-02-07T13:55:00.000,601.72,601.83,601.13,601.235,208735,4167,603.58
2025-02-07T14:00:00.000,601.226,601.57,601.12,601.47,298962,4911,603.55
2025-02-07T14:05:00.000,601.51,601.59,601.0,601.26,574361,4219,603.54
2025-02-07T14:10:00.000,601.26,601.41,600.68,600.94,308778,5180,603.51
2025-02-07T14:15:00.000,600.95,601.24,600.81,600.91,190450,3589,603.49
2025-02-07T14:20:00.000,600.93,601.05,600.42,600.85,451345,5439,603.46
2025-02-07T14:25:00.000,600.88,601.07,600.571,600.5893,206366,4026,603.45
2025-02-07T14:30:00.000,600.6091,601.03,600.34,601.01,312940,5435,603.42
2025-02-07T14:35:00.000,601.01,601.27,600.7735,601.235,204090,3912,603.41
2025-02-07T14:40:00.000,601.25,601.5499,600.97,601.43,496241,6413,603.37
2025-02-07T14:45:00.000,601.46,601.57,600.99,601.495,227035,4092,603.36
2025-02-07T14:50:00.000,601.51,601.6,601.07,601.2212,254585,3928,603.34
2025-02-07T14:55:00.000,601.23,601.39,601.02,601.12,180242,3482,603.33
2025-02-07T15:00:00.000,601.11,601.11,600.48,600.58,381383,5470,603.3
2025-02-07T15:05:00.000,600.57,600.98,600.55,600.76,312927,4836,603.27
2025-02-07T15:10:00.000,600.75,600.89,600.28,600.39,329083,4910,603.24
2025-02-07T15:15:00.000,600.375,600.65,600.05,600.59,391999,5973,603.21
2025-02-07T15:20:00.000,600.6,600.82,600.35,600.51,190922,4094,603.19
2025-02-07T15:25:00.000,600.51,600.675,600.385,600.4,255070,4025,603.17
2025-02-07T15:30:00.000,600.39,601.06,600.37,601.037,419956,6317,603.14
2025-02-07T15:35:00.000,600.99,601.15,600.51,600.71,651473,6623,603.11
2025-02-07T15:40:00.000,600.7,600.94,600.6103,600.69,1126369,6144,603.08
2025-02-07T15:45:00.000,600.71,600.93,600.61,600.76,670940,7768,603.04
2025-02-07T15:50:00.000,600.79,601.26,600.79,601.03,808056,10669,603.0
2025-02-07T15:55:00.000,601.03,601.03,600.5,600.78,3643532,19239,602.85
2025-02-07T16:00:00.000,0.0,0.0,0.0,0.0,96,1,602.85
2025-02-08T09:30:00.000,0.0,0.0,0.0,0.0,0,0,0.0
2025-02-08T09:35:00.000,0.0,0.0,0.0,0.0,0,0,0.0
2025-02-08T09:40:00.000,0.0,0.0,0.0,0.0,0,0,0.0
2025-02-08T09:45:00.000,0.0,0.0,0.0,0.0,0,0,0.0
2025-02-08T09:50:00.000,0.0,0.0,0.0,0.0,0,0,0.0
2025-02-08T09:55:00.000,0.0,0.0,0.0,0.0,0,0,0.0
2025-02-08T10:00:00.000,0.0,0.0,0.0,0.0,0,0,0.0
2025-02-08T10:05:00.000,0.0,0.0,0.0,0.0,0,0,0.0
2025-02-08T10:10:00.000,0.0,0.0,0.0,0.0,0,0,0.0
2025-02-08T10:15:00.000,0.0,0.0,0.0,0.0,0,0,0.0
2025-02-08T10:20:00.000,0.0,0.0,0.0,0.0,0,0,0.0
2025-02-08T10:25:00.000,0.0,0.0,0.0,0.0,0,0,0.0
2025-02-08T10:30:00.000,0.0,0.0,0.0,0.0,0,0,0.0
2025-02-08T10:35:00.000,0.0,0.0,0.0,0.0,0,0,0.0
2025-02-08T10:40:00.000,0.0,0.0,0.0,0.0,0,0,0.0
2025-02-08T10:45:00.000,0.0,0.0,0.0,0.0,0,0,0.0
2025-02-08T10:50:00.000,0.0,0.0,0.0,0.0,0,0,0.0
2025-02-08T10:55:00.000,0.0,0.0,0.0,0.0,0,0,0.0
2025-02-08T11:00:00.000,0.0,0.0,0.0,0.0,0,0,0.0
2025-02-08T11:05:00.000,0.0,0.0,0.0,0.0,0,0,0.0
2025-02-08T11:10:00.000,0.0,0.0,0.0,0.0,0,0,0.0
2025-02-08T11:15:00.000,0.0,0.0,0.0,0.0,0,0,0.0
2025-02-08T11:20:00.000,0.0,0.0,0.0,0.0,0,0,0.0
2025-02-08T11:25:00.000,0.0,0.0,0.0,0.0,0,0,0.0
2025-02-08T11:30:00.000,0.0,0.0,0.0,0.0,0,0,0.0
2025-02-08T11:35:00.000,0.0,0.0,0.0,0.0,0,0,0.0
2025-02-08T11:40:00.000,0.0,0.0,0.0,0.0,0,0,0.0
2025-02-08T11:45:00.000,0.0,0.0,0.0,0.0,0,0,0.0
2025-02-08T11:50:00.000,0.0,0.0,0.0,0.0,0,0,0.0
2025-02-08T11:55:00.000,0.0,0.0,0.0,0.0,0,0,0.0
2025-02-08T12:00:00.000,0.0,0.0,0.0,0.0,0,0,0.0
2025-02-08T12:05:00.000,0.0,0.0,0.0,0.0,0,0,0.0
2025-02-08T12:10:00.000,0.0,0.0,0.0,0.0,0,0,0.0
2025-02-08T12:15:00.000,0.0,0.0,0.0,0.0,0,0,0.0
2025-02-08T12:20:00.000,0.0,0.0,0.0,0.0,0,0,0.0
2025-02-08T12:25:00.000,0.0,0.0,0.0,0.0,0,0,0.0
2025-02-08T12:30:00.000,0.0,0.0,0.0,0.0,0,0,0.0
2025-02-08T12:35:00.000,0.0,0.0,0.0,0.0,0,0,0.0
2025-02-08T12:40:00.000,0.0,0.0,0.0,0.0,0,0,0.0
2025-02-08T12:45:00.000,0.0,0.0,0.0,0.0,0,0,0.0
2025-02-08T12:50:00.000,0.0,0.0,0.0,0.0,0,0,0.0
2025-02-08T12:55:00.000,0.0,0.0,0.0,0.0,0,0,0.0
2025-02-08T13:00:00.000,0.0,0.0,0.0,0.0,0,0,0.0
2025-02-08T13:05:00.000,0.0,0.0,0.0,0.0,0,0,0.0
2025-02-08T13:10:00.000,0.0,0.0,0.0,0.0,0,0,0.0
2025-02-08T13:15:00.000,0.0,0.0,0.0,0.0,0,0,0.0
2025-02-08T13:20:00.000,0.0,0.0,0.0,0.0,0,0,0.0
2025-02-08T13:25:00.000,0.0,0.0,0.0,0.0,0,0,0.0
2025-02-08T13:30:00.000,0.0,0.0,0.0,0.0,0,0,0.0
2025-02-08T13:35:00.000,0.0,0.0,0.0,0.0,0,0,0.0
2025-02-08T13:40:00.000,0.0,0.0,0.0,0.0,0,0,0.0
2025-02-08T13:45:00.000,0.0,0.0,0.0,0.0,0,0,0.0
2025-02-08T13:50:00.000,0.0,0.0,0.0,0.0,0,0,0.0
2025-02-08T13:55:00.000,0.0,0.0,0.0,0.0,0,0,0.0
2025-02-08T14:00:00.000,0.0,0.0,0.0,0.0,0,0,0.0
2025-02-08T14:05:00.000,0.0,0.0,0.0,0.0,0,0,0.0
2025-02-08T14:10:00.000,0.0,0.0,0.0,0.0,0,0,0.0
2025-02-08T14:15:00.000,0.0,0.0,0.0,0.0,0,0,0.0
2025-02-08T14:20:00.000,0.0,0.0,0.0,0.0,0,0,0.0
2025-02-08T14:25:00.000,0.0,0.0,0.0,0.0,0,0,0.0
2025-02-08T14:30:00.000,0.0,0.0,0.0,0.0,0,0,0.0
2025-02-08T14:35:00.000,0.0,0.0,0.0,0.0,0,0,0.0
2025-02-08T14:40:00.000,0.0,0.0,0.0,0.0,0,0,0.0
2025-02-08T14:45:00.000,0.0,0.0,0.0,0.0,0,0,0.0
2025-02-08T14:50:00.000,0.0,0.0,0.0,0.0,0,0,0.0
2025-02-08T14:55:00.000,0.0,0.0,0.0,0.0,0,0,0.0
2025-02-08T15:00:00.000,0.0,0.0,0.0,0.0,0,0,0.0
2025-02-08T15:05:00.000,0.0,0.0,0.0,0.0,0,0,0.0
2025-02-08T15:10:00.000,0.0,0.0,0.0,0.0,0,0,0.0
2025-02-08T15:15:00.000,0.0,0.0,0.0,0.0,0,0,0.0
2025-02-08T15:20:00.000,0.0,0.0,0.0,0.0,0,0,0.0
2025-02-08T15:25:00.000,0.0,0.0,0.0,0.0,0,0,0.0
2025-02-08T15:30:00.000,0.0,0.0,0.0,0.0,0,0,0.0
2025-02-08T15:35:00.000,0.0,0.0,0.0,0.0,0,0,0.0
2025-02-08T15:40:00.000,0.0,0.0,0.0,0.0,0,0,0.0
2025-02-08T15:45:00.000,0.0,0.0,0.0,0.0,0,0,0.0
2025-02-08T15:50:00.000,0.0,0.0,0.0,0.0,0,0,0.0
2025-02-08T15:55:00.000,0.0,0.0,0.0,0.0,0,0,0.0
2025-02-08T16:00:00.000,0.0,0.0,0.0,0.0,0,0,0.0
2025-02-09T09:30:00.000,0.0,0.0,0.0,0.0,0,0,0.0
2025-02-09T09:35:00.000,0.0,0.0,0.0,0.0,0,0,0.0
2025-02-09T09:40:00.000,0.0,0.0,0.0,0.0,0,0,0.0
2025-02-09T09:45:00.000,0.0,0.0,0.0,0.0,0,0,0.0
2025-02-09T09:50:00.000,0.0,0.0,0.0,0.0,0,0,0.0
2025-02-09T09:55:00.000,0.0,0.0,0.0,0.0,0,0,0.0
2025-02-09T10:00:00.000,0.0,0.0,0.0,0.0,0,0,0.0
2025-02-09T10:05:00.000,0.0,0.0,0.0,0.0,0,0,0.0
2025-02-09T10:10:00.000,0.0,0.0,0.0,0.0,0,0,0.0
2025-02-09T10:15:00.000,0.0,0.0,0.0,0.0,0,0,0.0
2025-02-09T10:20:00.000,0.0,0.0,0.0,0.0,0,0,0.0
2025-02-09T10:25:00.000,0.0,0.0,0.0,0.0,0,0,0.0
2025-02-09T10:30:00.000,0.0,0.0,0.0,0.0,0,0,0.0
2025-02-09T10:35:00.000,0.0,0.0,0.0,0.0,0,0,0.0
2025-02-09T10:40:00.000,0.0,0.0,0.0,0.0,0,0,0.0
2025-02-09T10:45:00.000,0.0,0.0,0.0,0.0,0,0,0.0
2025-02-09T10:50:00.000,0.0,0.0,0.0,0.0,0,0,0.0
2025-02-09T10:55:00.000,0.0,0.0,0.0,0.0,0,0,0.0
2025-02-09T11:00:00.000,0.0,0.0,0.0,0.0,0,0,0.0
2025-02-09T11:05:00.000,0.0,0.0,0.0,0.0,0,0,0.0
2025-02-09T11:10:00.000,0.0,0.0,0.0,0.0,0,0,0.0
2025-02-09T11:15:00.000,0.0,0.0,0.0,0.0,0,0,0.0
2025-02-09T11:20:00.000,0.0,0.0,0.0,0.0,0,0,0.0
2025-02-09T11:25:00.000,0.0,0.0,0.0,0.0,0,0,0.0
2025-02-09T11:30:00.000,0.0,0.0,0.0,0.0,0,0,0.0
2025-02-09T11:35:00.000,0.0,0.0,0.0,0.0,0,0,0.0
2025-02-09T11:40:00.000,0.0,0.0,0.0,0.0,0,0,0.0
2025-02-09T11:45:00.000,0.0,0.0,0.0,0.0,0,0,0.0
2025-02-09T11:50:00.000,0.0,0.0,0.0,0.0,0,0,0.0
2025-02-09T11:55:00.000,0.0,0.0,0.0,0.0,0,0,0.0
2025-02-09T12:00:00.000,0.0,0.0,0.0,0.0,0,0,0.0
2025-02-09T12:05:00.000,0.0,0.0,0.0,0.0,0,0,0.0
2025-02-09T12:10:00.000,0.0,0.0,0.0,0.0,0,0,0.0
2025-02-09T12:15:00.000,0.0,0.0,0.0,0.0,0,0,0.0
2025-02-09T12:20:00.000,0.0,0.0,0.0,0.0,0,0,0.0
2025-02-09T12:25:00.000,0.0,0.0,0.0,0.0,0,0,0.0
2025-02-09T12:30:00.000,0.0,0.0,0.0,0.0,0,0,0.0
2025-02-09T12:35:00.000,0.0,0.0,0.0,0.0,0,0,0.0
2025-02-09T12:40:00.000,0.0,0.0,0.0,0.0,0,0,0.0
2025-02-09T12:45:00.000,0.0,0.0,0.0,0.0,0,0,0.0
2025-02-09T12:50:00.000,0.0,0.0,0.0,0.0,0,0,0.0
2025-02-09T12:55:00.000,0.0,0.0,0.0,0.0,0,0,0.0
2025-02-09T13:00:00.000,0.0,0.0,0.0,0.0,0,0,0.0
2025-02-09T13:05:00.000,0.0,0.0,0.0,0.0,0,0,0.0
2025-02-09T13:10:00.000,0.0,0.0,0.0,0.0,0,0,0.0
2025-02-09T13:15:00.000,0.0,0.0,0.0,0.0,0,0,0.0
2025-02-09T13:20:00.000,0.0,0.0,0.0,0.0,0,0,0.0
2025-02-09T13:25:00.000,0.0,0.0,0.0,0.0,0,0,0.0
2025-02-09T13:30:00.000,0.0,0.0,0.0,0.0,0,0,0.0
2025-02-09T13:35:00.000,0.0,0.0,0.0,0.0,0,0,0.0
2025-02-09T13:40:00.000,0.0,0.0,0.0,0.0,0,0,0.0
2025-02-09T13:45:00.000,0.0,0.0,0.0,0.0,0,0,0.0
2025-02-09T13:50:00.000,0.0,0.0,0.0,0.0,0,0,0.0
2025-02-09T13:55:00.000,0.0,0.0,0.0,0.0,0,0,0.0
2025-02-09T14:00:00.000,0.0,0.0,0.0,0.0,0,0,0.0
2025-02-09T14:05:00.000,0.0,0.0,0.0,0.0,0,0,0.0
2025-02-09T14:10:00.000,0.0,0.0,0.0,0.0,0,0,0.0
2025-02-09T14:15:00.000,0.0,0.0,0.0,0.0,0,0,0.0
2025-02-09T14:20:00.000,0.0,0.0,0.0,0.0,0,0,0.0
2025-02-09T14:25:00.000,0.0,0.0,0.0,0.0,0,0,0.0
2025-02-09T14:30:00.000,0.0,0.0,0.0,0.0,0,0,0.0
2025-02-09T14:35:00.000,0.0,0.0,0.0,0.0,0,0,0.0
2025-02-09T14:40:00.000,0.0,0.0,0.0,0.0,0,0,0.0
2025-02-09T14:45:00.000,0.0,0.0,0.0,0.0,0,0,0.0
2025-02-09T14:50:00.000,0.0,0.0,0.0,0.0,0,0,0.0
2025-02-09T14:55:00.000,0.0,0.0,0.0,0.0,0,0,0.0
2025-02-09T15:00:00.000,0.0,0.0,0.0,0.0,0,0,0.0
2025-02-09T15:05:00.000,0.0,0.0,0.0,0.0,0,0,0.0
2025-02-09T15:10:00.000,0.0,0.0,0.0,0.0,0,0,0.0
2025-02-09T15:15:00.000,0.0,0.0,0.0,0.0,0,0,0.0
2025-02-09T15:20:00.000,0.0,0.0,0.0,0.0,0,0,0.0
2025-02-09T15:25:00.000,0.0,0.0,0.0,0.0,0,0,0.0
2025-02-09T15:30:00.000,0.0,0.0,0.0,0.0,0,0,0.0
2025-02-09T15:35:00.000,0.0,0.0,0.0,0.0,0,0,0.0
2025-02-09T15:40:00.000,0.0,0.0,0.0,0.0,0,0,0.0
2025-02-09T15:45:00.000,0.0,0.0,0.0,0.0,0,0,0.0
2025-02-09T15:50:00.000,0.0,0.0,0.0,0.0,0,0,0.0
2025-02-09T15:55:00.000,0.0,0.0,0.0,0.0,0,0,0.0
2025-02-09T16:00:00.000,0.0,0.0,0.0,0.0,0,0,0.0
2025-02-10T09:30:00.000,604.03,604.1,603.3901,603.465,1114605,15703,603.78
2025-02-10T09:35:00.000,603.48,603.61,602.9,603.158,549011,7017,603.6
2025-02-10T09:40:00.000,603.15,603.18,602.74,603.1046,366078,5996,603.5
2025-02-10T09:45:00.000,603.09,603.42,602.92,602.95,767634,6968,603.44
2025-02-10T09:50:00.000,602.95,603.47,602.811,603.375,358013,5255,603.42
2025-02-10T09:55:00.000,603.39,603.52,603.1,603.49,246239,5028,603.42
2025-02-10T10:00:00.000,603.51,604.16,603.33,604.13,337834,13227,603.45
2025-02-10T10:05:00.000,604.14,604.78,604.08,604.57,928912,8717,603.59
2025-02-10T10:10:00.000,604.56,604.69,604.23,604.39,441397,5587,603.66
2025-02-10T10:15:00.000,604.39,604.52,604.23,604.4,244087,4278,603.7
2025-02-10T10:20:00.000,604.39,604.7,604.1,604.47,288726,5263,603.74
2025-02-10T10:25:00.000,604.48,604.79,604.39,604.73,255650,5061,603.78
2025-02-10T10:30:00.000,604.74,604.97,604.72,604.77,461238,6815,603.88
2025-02-10T10:35:00.000,604.79,604.95,604.67,604.77,225774,5591,603.91
2025-02-10T10:40:00.000,604.77,604.96,604.56,604.81,269837,6224,603.95
2025-02-10T10:45:00.000,604.83,605.33,604.82,605.22,367888,7100,604.02
2025-02-10T10:50:00.000,605.22,605.27,605.01,605.14,345817,5405,604.05
2025-02-10T10:55:00.000,605.15,605.25,604.8101,604.8688,219447,5036,604.08
2025-02-10T11:00:00.000,604.85,605.13,604.82,604.91,212028,4983,604.11
2025-02-10T11:05:00.000,604.9,604.915,604.55,604.75,239444,5737,604.12
2025-02-10T11:10:00.000,604.75,604.93,604.53,604.66,173551,5405,604.14
2025-02-10T11:15:00.000,604.65,604.6699,604.1,604.27,321150,7810,604.14
2025-02-10T11:20:00.000,604.296,604.44,604.05,604.4001,275772,5993,604.15
2025-02-10T11:25:00.000,604.42,604.58,604.24,604.31,228527,4933,604.15
2025-02-10T11:30:00.000,604.3199,604.36,603.84,604.03,224030,4886,604.15
2025-02-10T11:35:00.000,604.03,604.31,603.989,604.2799,198370,4172,604.15
2025-02-10T11:40:00.000,604.26,604.36,604.13,604.22,167885,3909,604.15
2025-02-10T11:45:00.000,604.2134,604.35,603.94,604.08,175981,4321,604.15
2025-02-10T11:50:00.000,604.08,604.335,604.06,604.27,130264,3830,604.15
2025-02-10T11:55:00.000,604.255,604.49,604.255,604.425,194145,4328,604.16
2025-02-10T12:00:00.000,604.41,604.46,604.06,604.06,128647,3439,604.16
2025-02-10T12:05:00.000,604.08,604.0822,603.59,603.821,231861,4636,604.15
2025-02-10T12:10:00.000,603.82,603.82,603.2108,603.49,338269,4684,604.14
2025-02-10T12:15:00.000,603.47,603.68,603.24,603.57,249021,5041,604.12
2025-02-10T12:20:00.000,603.563,603.92,603.43,603.92,110368,3425,604.11
2025-02-10T12:25:00.000,603.91,603.95,603.5812,603.6286,119587,3196,604.11
2025-02-10T12:30:00.000,603.65,604.0263,603.64,603.97,70173,3167,604.11
2025-02-10T12:35:00.000,603.98,604.27,603.97,604.19,144000,3654,604.11
2025-02-10T12:40:00.000,604.2,604.4,604.18,604.1813,149041,3797,604.11
2025-02-10T12:45:00.000,604.18,604.23,603.98,604.13,117863,3046,604.11
2025-02-10T12:50:00.000,604.15,604.54,604.13,604.53,98380,3160,604.11
2025-02-10T12:55:00.000,604.53,604.64,604.44,604.59,90650,2988,604.12
2025-02-10T13:00:00.000,604.58,604.8,604.52,604.77,224808,2962,604.12
2025-02-10T13:05:00.000,604.76,604.82,604.6501,604.74,116509,3075,604.13
2025-02-10T13:10:00.000,604.73,604.88,604.7,604.88,133302,2993,604.14
2025-02-10T13:15:00.000,604.88,604.99,604.635,604.76,193771,3742,604.15
2025-02-10T13:20:00.000,604.76,604.98,604.7,604.81,138779,2939,604.16
2025-02-10T13:25:00.000,604.83,604.95,604.635,604.68,107472,2847,604.16
2025-02-10T13:30:00.000,604.6801,604.79,604.56,604.66,104831,3859,604.16
2025-02-10T13:35:00.000,604.6651,604.86,604.64,604.7799,90916,3166,604.17
2025-02-10T13:40:00.000,604.78,604.83,604.67,604.81,194368,3493,604.18
2025-02-10T13:45:00.000,604.8,604.98,604.77,604.94,106962,3356,604.18
2025-02-10T13:50:00.000,604.93,605.24,604.9,605.11,203159,3899,604.2
2025-02-10T13:55:00.000,605.11,605.2,605.05,605.052,164296,3531,604.21
2025-02-10T14:00:00.000,605.05,605.05,604.63,604.93,244202,4193,604.22
2025-02-10T14:05:00.000,604.94,605.1,604.9,605.09,105806,2894,604.23
2025-02-10T14:10:00.000,605.09,605.31,605.04,605.26,174335,3404,604.24
2025-02-10T14:15:00.000,605.25,605.33,605.08,605.125,184029,3120,604.25
2025-02-10T14:20:00.000,605.13,605.4999,605.13,605.3,218349,3706,604.27
2025-02-10T14:25:00.000,605.31,605.31,605.01,605.19,155954,3168,604.28
2025-02-10T14:30:00.000,605.18,605.37,605.1413,605.21,215087,3061,604.29
2025-02-10T14:35:00.000,605.2,605.2965,605.08,605.09,131356,3025,604.3
2025-02-10T14:40:00.000,605.08,605.105,604.895,604.99,164392,3037,604.31
2025-02-10T14:45:00.000,604.97,604.98,604.77,604.865,508604,2982,604.32
2025-02-10T14:50:00.000,604.85,605.0,604.72,605.0,187887,3097,604.32
2025-02-10T14:55:00.000,605.01,605.199,604.88,604.93,230265,3240,604.34
2025-02-10T15:00:00.000,604.95,605.14,604.7516,605.0,188597,3679,604.34
2025-02-10T15:05:00.000,605.01,605.17,604.97,605.045,172176,3117,604.35
2025-02-10T15:10:00.000,605.04,605.19,604.95,605.1799,222150,2796,604.36
2025-02-10T15:15:00.000,605.18,605.19,605.0,605.02,213691,2973,604.37
2025-02-10T15:20:00.000,605.02,605.0999,604.825,604.88,258910,3742,604.38
2025-02-10T15:25:00.000,604.88,604.99,604.81,604.89,229264,3276,604.39
2025-02-10T15:30:00.000,604.88,604.92,604.71,604.775,519771,5215,604.4
2025-02-10T15:35:00.000,604.77,604.77,604.5,604.68,437076,5007,604.41
2025-02-10T15:40:00.000,604.65,605.03,604.65,604.91,426016,5159,604.42
2025-02-10T15:45:00.000,604.92,604.92,604.53,604.74,540007,5660,604.43
2025-02-10T15:50:00.000,604.73,605.0,604.2446,604.61,895884,9666,604.43
2025-02-10T15:55:00.000,604.6,604.91,604.34,604.79,1803425,15702,604.46
2025-02-10T16:00:00.000,0.0,0.0,0.0,0.0,98,2,604.46
2025-02-11T09:30:00.000,602.55,603.41,602.43,603.28,849232,11888,602.85
2025-02-11T09:35:00.000,603.26,603.5899,603.07,603.35,349495,7424,602.97
2025-02-11T09:40:00.000,603.33,603.49,603.15,603.44,277820,4558,603.04
2025-02-11T09:45:00.000,603.41,603.44,603.13,603.165,241781,4985,603.07
2025-02-11T09:50:00.000,603.15,603.59,603.15,603.4036,236469,5223,603.1
2025-02-11T09:55:00.000,603.4,603.49,603.21,603.33,166428,4463,603.12
2025-02-11T10:00:00.000,603.31,603.97,602.93,603.22,533030,8188,603.2
2025-02-11T10:05:00.000,603.17,603.33,602.7,603.3147,316333,7730,603.18
2025-02-11T10:10:00.000,603.325,603.49,603.1,603.3,187603,6433,603.18
2025-02-11T10:15:00.000,603.3,603.56,603.26,603.3,180281,5505,603.19
2025-02-11T10:20:00.000,603.32,603.74,603.14,603.58,212981,5356,603.21
2025-02-11T10:25:00.000,603.56,604.26,603.52,604.15,449728,5926,603.27
2025-02-11T10:30:00.000,604.16,604.275,604.0,604.04,258723,5736,603.33
2025-02-11T10:35:00.000,604.04,604.39,604.01,604.32,181794,4682,603.36
2025-02-11T10:40:00.000,604.3401,604.48,604.28,604.48,165926,5468,603.39
2025-02-11T10:45:00.000,604.47,604.96,604.47,604.91,397824,6328,603.47
2025-02-11T10:50:00.000,604.89,605.22,604.88,605.15,563625,7045,603.55
2025-02-11T10:55:00.000,605.15,605.16,604.67,604.7062,224598,5857,603.6
2025-02-11T11:00:00.000,604.7,604.9,604.55,604.62,204694,5837,603.64
2025-02-11T11:05:00.000,604.62,604.8599,604.5201,604.719,211556,5583,603.67
2025-02-11T11:10:00.000,604.72,604.81,604.63,604.78,133127,5062,603.69
2025-02-11T11:15:00.000,604.79,604.906,604.5,604.795,232611,6298,603.72
2025-02-11T11:20:00.000,604.8099,604.93,604.79,604.86,134939,4465,603.75
2025-02-11T11:25:00.000,604.87,605.05,604.55,604.58,335482,6394,603.81
2025-02-11T11:30:00.000,604.62,604.76,604.48,604.6001,270798,5310,603.82
2025-02-11T11:35:00.000,604.6,604.88,604.44,604.8,170372,5480,603.84
2025-02-11T11:40:00.000,604.83,604.89,604.69,604.83,145320,3716,603.86
2025-02-11T11:45:00.000,604.845,604.88,604.6511,604.655,251582,3607,603.87
2025-02-11T11:50:00.000,604.66,604.695,604.22,604.2299,273129,4820,603.89
2025-02-11T11:55:00.000,604.2212,604.3,604.03,604.21,328393,5439,603.9
2025-02-11T12:00:00.000,604.18,604.21,603.58,603.75,820493,9001,603.91
2025-02-11T12:05:00.000,603.75,603.77,603.1,603.43,559862,6549,603.88
2025-02-11T12:10:00.000,603.425,603.55,603.24,603.345,257195,5521,603.87
2025-02-11T12:15:00.000,603.34,603.94,603.23,603.9,485940,6674,603.86
2025-02-11T12:20:00.000,603.8601,604.3708,603.83,604.2438,275442,5033,603.87
2025-02-11T12:25:00.000,604.28,604.42,604.13,604.32,177707,3552,603.87
2025-02-11T12:30:00.000,604.34,604.43,604.1201,604.135,145780,3453,603.88
2025-02-11T12:35:00.000,604.145,604.145,603.85,604.03,167057,3458,603.88
2025-02-11T12:40:00.000,604.02,604.1046,603.83,603.94,98978,2623,603.88
2025-02-11T12:45:00.000,603.94,604.0499,603.87,603.915,99622,3132,603.88
2025-02-11T12:50:00.000,603.92,603.96,603.6,603.785,142393,3112,603.88
2025-02-11T12:55:00.000,603.785,603.83,603.67,603.7599,213440,2814,603.88
2025-02-11T13:00:00.000,603.75,603.78,603.5,603.68,162956,3626,603.88
2025-02-11T13:05:00.000,603.7,603.8899,603.62,603.8899,139329,3478,603.88
2025-02-11T13:10:00.000,603.89,604.0399,603.55,603.82,198181,3762,603.87
2025-02-11T13:15:00.000,603.835,604.1,603.78,604.07,212156,3830,603.87
2025-02-11T13:20:00.000,604.08,604.19,603.86,603.8899,126055,3554,603.88
2025-02-11T13:25:00.000,603.885,604.03,603.855,603.9692,77899,2703,603.88
2025-02-11T13:30:00.000,603.98,604.54,603.95,604.5101,173136,4199,603.88
2025-02-11T13:35:00.000,604.515,605.22,604.44,604.965,287848,5312,603.91
2025-02-11T13:40:00.000,604.98,605.29,604.93,605.0725,257955,4818,603.94
2025-02-11T13:45:00.000,605.07,605.3,604.93,604.99,193129,3564,603.96
2025-02-11T13:50:00.000,604.96,604.96,604.67,604.68,147689,2752,603.97
2025-02-11T13:55:00.000,604.675,604.77,604.55,604.59,132913,3015,603.97
2025-02-11T14:00:00.000,604.56,604.8,604.5093,604.77,589110,3944,603.98
2025-02-11T14:05:00.000,604.74,604.85,604.52,604.65,806989,4428,604.0
2025-02-11T14:10:00.000,604.65,604.76,604.39,604.46,121284,2835,604.01
2025-02-11T14:15:00.000,604.47,604.66,604.42,604.58,138962,2845,604.01
2025-02-11T14:20:00.000,604.575,604.7918,604.55,604.73,140614,2959,604.02
2025-02-11T14:25:00.000,604.73,604.8,604.64,604.7216,152809,3250,604.03
2025-02-11T14:30:00.000,604.72,604.95,604.71,604.8,225544,3188,604.04
2025-02-11T14:35:00.000,604.79,605.13,604.765,605.1099,223079,3388,604.06
2025-02-11T14:40:00.000,605.11,605.86,605.11,605.64,487348,5866,604.11
2025-02-11T14:45:00.000,605.64,605.65,605.365,605.49,254530,4439,604.14
2025-02-11T14:50:00.000,605.49,605.64,605.41,605.52,212950,3513,604.16
2025-02-11T14:55:00.000,605.51,605.63,605.38,605.41,161516,3490,604.17
2025-02-11T15:00:00.000,605.41,605.65,605.4,605.5499,283846,4286,604.19
2025-02-11T15:05:00.000,605.55,605.56,605.3,605.3399,553408,3906,604.21
2025-02-11T15:10:00.000,605.33,605.53,605.32,605.51,137793,3249,604.22
2025-02-11T15:15:00.000,605.525,605.525,605.18,605.35,313487,4349,604.24
2025-02-11T15:20:00.000,605.36,605.41,605.11,605.13,231021,3746,604.25
2025-02-11T15:25:00.000,605.12,605.37,605.04,605.27,736095,3656,604.27
2025-02-11T15:30:00.000,605.28,605.58,605.14,605.27,325459,4677,604.29
2025-02-11T15:35:00.000,605.26,605.31,604.83,604.87,432947,5660,604.31
2025-02-11T15:40:00.000,604.85,605.08,604.66,604.94,657486,6246,604.33
2025-02-11T15:45:00.000,604.94,604.99,604.68,604.86,496244,5731,604.35
2025-02-11T15:50:00.000,604.87,605.17,604.74,604.83,643629,7415,604.37
2025-02-11T15:55:00.000,604.83,605.335,604.61,605.21,2650979,17214,604.47
2025-02-11T16:00:00.000,605.21,605.21,605.21,605.21,517,1,604.47
2025-02-12T09:30:00.000,599.2,599.7,598.51,599.64,3859113,14295,599.11
2025-02-12T09:35:00.000,599.66,600.3312,599.31,600.1,4186347,8057,599.3
2025-02-12T09:40:00.000,600.11,600.7586,599.88,600.57,695177,7771,599.5
2025-02-12T09:45:00.000,600.58,601.18,600.47,601.14,642666,8321,599.72
2025-02-12T09:50:00.000,601.17,601.68,600.83,601.52,686209,8696,599.97
2025-02-12T09:55:00.000,601.5,601.52,601.1629,601.355,428692,6906,600.08
2025-02-12T10:00:00.000,601.36,601.44,599.87,599.89,1013296,12053,600.12
2025-02-12T10:05:00.000,599.92,600.6,599.72,600.33,1034927,7895,600.13
2025-02-12T10:10:00.000,600.32,600.43,599.58,599.795,495783,6695,600.11
2025-02-12T10:15:00.000,599.8,601.272,599.75,601.25,724756,7297,600.14
2025-02-12T10:20:00.000,601.22,602.36,601.07,601.91,724848,8756,600.29
2025-02-12T10:25:00.000,601.89,602.23,601.205,601.444,459377,7146,600.36
2025-02-12T10:30:00.000,601.44,601.94,601.41,601.8,203687,4536,600.39
2025-02-12T10:35:00.000,601.77,603.32,601.69,602.77,985369,10786,600.59
2025-02-12T10:40:00.000,602.76,602.88,602.17,602.4701,298123,5464,600.65
2025-02-12T10:45:00.000,602.51,602.59,601.76,602.06,214302,4739,600.68
2025-02-12T10:50:00.000,602.13,602.41,601.9512,602.3112,163585,3908,600.7
2025-02-12T10:55:00.000,602.35,602.548,602.24,602.43,175613,4248,600.73
2025-02-12T11:00:00.000,602.45,602.48,601.89,601.9747,213002,4136,600.76
2025-02-12T11:05:00.000,601.975,602.06,601.36,601.52,287160,4460,600.78
2025-02-12T11:10:00.000,601.53,601.82,600.72,600.995,476774,6157,600.8
2025-02-12T11:15:00.000,600.98,601.13,600.79,600.9634,246709,4088,600.8
2025-02-12T11:20:00.000,600.97,601.14,600.3515,600.65,277993,4494,600.8
2025-02-12T11:25:00.000,600.66,600.7,600.17,600.6599,405849,4586,600.79
2025-02-12T11:30:00.000,600.63,601.0864,600.6,600.93,346051,4446,600.8
2025-02-12T11:35:00.000,600.925,601.54,600.85,601.4,249816,3881,600.8
2025-02-12T11:40:00.000,601.38,602.2,601.34,602.12,251893,4209,600.82
2025-02-12T11:45:00.000,602.09,602.21,601.81,602.13,188198,3795,600.84
2025-02-12T11:50:00.000,602.1374,602.83,602.09,602.7,423114,5589,600.89
2025-02-12T11:55:00.000,602.7,603.54,602.67,603.39,468193,6055,600.97
2025-02-12T12:00:00.000,603.41,603.77,602.84,603.35,1025043,11688,601.14
2025-02-12T12:05:00.000,603.35,603.55,603.05,603.3,328173,4454,601.19
2025-02-12T12:10:00.000,603.3199,603.96,603.08,603.68,393931,5485,601.25
2025-02-12T12:15:00.000,603.66,603.9647,603.5601,603.62,229428,3918,601.29
2025-02-12T12:20:00.000,603.56,603.99,603.55,603.78,232244,3731,601.33
2025-02-12T12:25:00.000,603.76,603.9491,603.64,603.79,134124,2833,601.34
2025-02-12T12:30:00.000,603.78,603.89,603.41,603.7286,188275,3442,601.37
2025-02-12T12:35:00.000,603.73,603.8,603.3725,603.47,128814,2848,601.38
2025-02-12T12:40:00.000,603.47,603.5186,603.09,603.22,226310,3438,601.41
2025-02-12T12:45:00.000,603.23,604.16,603.205,603.865,240240,4122,601.44
2025-02-12T12:50:00.000,603.8824,604.29,603.77,604.23,484548,3746,601.48
2025-02-12T12:55:00.000,604.22,604.53,604.13,604.39,187019,3413,601.51
2025-02-12T13:00:00.000,604.4,604.55,603.95,603.98,302736,3557,601.54
2025-02-12T13:05:00.000,604.0,604.19,603.7,603.9,185338,3268,601.56
2025-02-12T13:10:00.000,603.91,604.06,603.7409,604.04,122385,2562,601.58
2025-02-12T13:15:00.000,604.03,604.11,603.635,603.7,110823,2397,601.59
2025-02-12T13:20:00.000,603.69,603.82,603.495,603.654,149426,2594,601.61
2025-02-12T13:25:00.000,603.68,603.815,603.12,603.57,232782,3724,601.63
2025-02-12T13:30:00.000,603.5899,603.7599,603.43,603.63,187789,3813,601.65
2025-02-12T13:35:00.000,603.63,603.735,603.4901,603.62,150858,2937,601.67
2025-02-12T13:40:00.000,603.65,603.7,602.92,602.98,244676,3464,601.69
2025-02-12T13:45:00.000,602.97,603.32,602.95,603.1,184512,3108,601.7
2025-02-12T13:50:00.000,603.08,603.52,603.06,603.35,143578,2753,601.71
2025-02-12T13:55:00.000,603.34,603.48,603.15,603.21,182555,3013,601.73
2025-02-12T14:00:00.000,603.22,603.26,602.82,602.91,376615,3802,601.76
2025-02-12T14:05:00.000,602.9,603.07,602.55,602.965,374619,4443,601.78
2025-02-12T14:10:00.000,602.96,602.96,602.53,602.7,131842,2861,601.78
2025-02-12T14:15:00.000,602.7,602.79,602.585,602.7299,232915,3352,601.79
2025-02-12T14:20:00.000,602.7,603.21,602.62,603.04,258776,4099,601.81
2025-02-12T14:25:00.000,603.04,603.31,602.7,603.08,314297,3603,601.82
2025-02-12T14:30:00.000,603.06,603.44,603.06,603.4,212942,3843,601.83
2025-02-12T14:35:00.000,603.38,603.62,603.32,603.4999,154813,3217,601.84
2025-02-12T14:40:00.000,603.51,603.58,603.45,603.55,135114,2628,601.85
2025-02-12T14:45:00.000,603.545,604.23,603.5,604.1772,649075,6706,601.92
2025-02-12T14:50:00.000,604.18,604.18,603.78,604.07,319566,3865,601.95
2025-02-12T14:55:00.000,604.05,604.14,603.72,603.9,410606,4735,601.99
2025-02-12T15:00:00.000,603.9,604.05,603.7,603.83,252483,3265,602.01
2025-02-12T15:05:00.000,603.83,603.96,603.74,603.85,231747,3101,602.03
2025-02-12T15:10:00.000,603.84,604.01,603.65,603.73,483335,5029,602.07
2025-02-12T15:15:00.000,603.73,603.7602,603.56,603.65,624365,4976,602.11
2025-02-12T15:20:00.000,603.66,603.8,603.57,603.66,178110,3014,602.12
2025-02-12T15:25:00.000,603.645,603.79,603.31,603.32,494779,4516,602.14
2025-02-12T15:30:00.000,603.325,603.54,603.23,603.5101,483437,4361,602.16
2025-02-12T15:35:00.000,603.51,603.59,603.18,603.22,287451,3904,602.17
2025-02-12T15:40:00.000,603.225,603.4,602.68,602.7699,537856,5177,602.19
2025-02-12T15:45:00.000,602.77,602.99,602.67,602.89,630941,6022,602.2
2025-02-12T15:50:00.000,602.9,603.19,602.57,603.05,807315,9316,602.21
2025-02-12T15:55:00.000,603.05,603.57,603.05,603.36,1838707,17112,602.28
2025-02-12T16:00:00.000,603.36,603.36,603.36,603.36,500,1,602.28
2025-02-13T09:30:00.000,604.48,605.0543,604.22,604.555,807966,9602,604.62
2025-02-13T09:35:00.000,604.55,604.67,603.2,603.75,589198,7455,604.34
2025-02-13T09:40:00.000,603.77,604.5,603.49,604.44,447046,5808,604.25
2025-02-13T09:45:00.000,604.45,604.73,603.91,604.06,423879,6111,604.26
2025-02-13T09:50:00.000,604.04,604.47,603.88,604.34,330575,4928,604.24
2025-02-13T09:55:00.000,604.35,605.06,604.23,604.83,543655,6281,604.33
2025-02-13T10:00:00.000,604.82,605.77,604.82,605.06,807956,9270,604.53
2025-02-13T10:05:00.000,605.105,605.29,604.21,604.9,424527,6221,604.56
2025-02-13T10:10:00.000,604.91,605.72,604.86,605.29,594143,6805,604.65
2025-02-13T10:15:00.000,605.285,606.18,605.28,606.135,419681,6047,604.73
2025-02-13T10:20:00.000,606.12,606.4199,605.93,606.2001,579145,9330,604.88
2025-02-13T10:25:00.000,606.205,606.35,605.64,606.08,428333,4937,604.93
2025-02-13T10:30:00.000,606.0849,606.5353,606.0,606.3425,322583,5429,604.99
2025-02-13T10:35:00.000,606.39,607.0999,606.28,606.94,695948,7187,605.12
2025-02-13T10:40:00.000,606.95,607.49,606.92,607.25,493218,6453,605.26
2025-02-13T10:45:00.000,607.245,607.32,606.9802,607.11,367882,5431,605.34
2025-02-13T10:50:00.000,607.1,607.21,606.83,606.95,249698,4718,605.39
2025-02-13T10:55:00.000,606.94,607.1,606.6601,607.09,207919,4201,605.42
2025-02-13T11:00:00.000,607.09,607.16,606.94,607.06,175033,3367,605.45
2025-02-13T11:05:00.000,607.06,607.44,607.025,607.2201,247971,3914,605.5
2025-02-13T11:10:00.000,607.22,607.48,607.185,607.38,198281,3603,605.54
2025-02-13T11:15:00.000,607.37,607.3899,606.99,607.34,253077,3946,605.58
2025-02-13T11:20:00.000,607.34,607.345,607.011,607.28,135233,3059,605.6
2025-02-13T11:25:00.000,607.29,607.3,606.61,606.69,216850,3853,605.63
2025-02-13T11:30:00.000,606.7,606.81,606.38,606.78,329739,4412,605.66
2025-02-13T11:35:00.000,606.8,606.96,606.5399,606.6,209380,3423,605.68
2025-02-13T11:40:00.000,606.6425,606.7699,606.5,606.66,113082,2484,605.69
2025-02-13T11:45:00.000,606.65,606.75,606.61,606.73,102379,2128,605.69
2025-02-13T11:50:00.000,606.71,606.8799,606.26,606.335,196888,3294,605.71
2025-02-13T11:55:00.000,606.35,606.36,605.75,606.1,442322,5005,605.72
2025-02-13T12:00:00.000,606.1,606.48,605.72,606.47,227521,3790,605.73
2025-02-13T12:05:00.000,606.44,606.695,606.34,606.45,150595,2843,605.74
2025-02-13T12:10:00.000,606.45,606.52,606.04,606.227,184058,2975,605.75
2025-02-13T12:15:00.000,606.21,606.39,606.14,606.1586,133523,2345,605.75
2025-02-13T12:20:00.000,606.1599,606.57,606.1209,606.54,136875,2483,605.76
2025-02-13T12:25:00.000,606.53,606.64,606.39,606.54,93913,2289,605.77
2025-02-13T12:30:00.000,606.54,606.5799,606.25,606.56,351422,2312,605.77
2025-02-13T12:35:00.000,606.55,606.63,606.45,606.5,82299,2272,605.78
2025-02-13T12:40:00.000,606.52,606.58,606.35,606.51,101441,2234,605.78
2025-02-13T12:45:00.000,606.5,606.97,606.5,606.87,221268,3242,605.8
2025-02-13T12:50:00.000,606.88,606.89,606.41,606.57,157131,2334,605.81
2025-02-13T12:55:00.000,606.56,606.6,605.795,606.1829,229715,3387,605.82
2025-02-13T13:00:00.000,606.17,606.23,605.8,606.02,232817,3330,605.82
2025-02-13T13:05:00.000,606.03,606.12,605.92,606.0,118348,2257,605.82
2025-02-13T13:10:00.000,606.0,606.33,605.9301,606.23,122523,2396,605.82
2025-02-13T13:15:00.000,606.23,606.23,604.99,605.36,323355,4871,605.82
2025-02-13T13:20:00.000,605.31,606.105,605.15,606.07,373956,4410,605.81
2025-02-13T13:25:00.000,606.09,606.44,605.99,606.2,135097,3152,605.82
2025-02-13T13:30:00.000,606.2,606.48,606.095,606.29,121677,3131,605.82
2025-02-13T13:35:00.000,606.28,606.7598,606.235,606.74,327444,3996,605.84
2025-02-13T13:40:00.000,606.76,606.87,605.31,606.34,874817,10799,605.85
2025-02-13T13:45:00.000,606.28,606.76,605.99,606.62,263984,3956,605.86
2025-02-13T13:50:00.000,606.62,606.8,605.82,606.595,512842,7030,605.88
2025-02-13T13:55:00.000,606.69,607.25,606.37,607.19,289334,4415,605.89
2025-02-13T14:00:00.000,607.19,607.73,607.03,607.69,1104649,8459,605.97
2025-02-13T14:05:00.000,607.67,608.19,607.52,608.01,568104,6805,606.03
2025-02-13T14:10:00.000,608.04,608.13,607.75,608.03,478399,5904,606.08
2025-02-13T14:15:00.000,608.02,608.41,607.9699,608.25,507085,5140,606.13
2025-02-13T14:20:00.000,608.2562,608.4,608.01,608.15,356243,4475,606.17
2025-02-13T14:25:00.000,608.11,608.33,607.99,608.28,389095,4508,606.21
2025-02-13T14:30:00.000,608.28,608.69,608.1422,608.56,439195,5208,606.26
2025-02-13T14:35:00.000,608.57,608.91,608.545,608.74,491301,5823,606.33
2025-02-13T14:40:00.000,608.72,608.73,608.44,608.535,433755,5116,606.38
2025-02-13T14:45:00.000,608.549,608.74,608.41,608.72,402284,4787,606.42
2025-02-13T14:50:00.000,608.725,609.29,608.71,609.15,566413,6229,606.49
2025-02-13T14:55:00.000,609.16,609.2,608.77,608.9,476195,5751,606.55
2025-02-13T15:00:00.000,608.895,609.2,608.82,609.1,393190,5020,606.6
2025-02-13T15:05:00.000,609.1,609.36,609.0,609.28,407048,4900,606.64
2025-02-13T15:10:00.000,609.27,609.37,609.09,609.29,455165,5579,606.69
2025-02-13T15:15:00.000,609.29,609.71,609.25,609.65,657628,6232,606.76
2025-02-13T15:20:00.000,609.63,609.68,609.29,609.35,695668,5652,606.84
2025-02-13T15:25:00.000,609.34,609.58,609.16,609.5799,503273,5784,606.9
2025-02-13T15:30:00.000,609.57,609.58,609.19,609.27,736984,6668,606.97
2025-02-13T15:35:00.000,609.27,609.51,609.2,609.475,709534,6311,607.04
2025-02-13T15:40:00.000,609.47,609.49,609.11,609.12,839834,5991,607.1
2025-02-13T15:45:00.000,609.13,609.485,609.09,609.41,956851,7857,607.17
2025-02-13T15:50:00.000,609.41,609.55,609.15,609.38,1206363,9837,607.25
2025-02-13T15:55:00.000,609.41,609.94,609.15,609.69,3732022,22616,607.5
2025-02-13T16:00:00.000,609.67,609.67,609.67,609.67,105,2,607.5
2025-02-14T09:30:00.000,609.94,610.37,609.81,610.11,790671,10622,610.08
2025-02-14T09:35:00.000,610.11,610.37,609.76,610.255,429327,6403,610.05
2025-02-14T09:40:00.000,610.27,610.49,610.25,610.35,477285,5914,610.14
2025-02-14T09:45:00.000,610.38,610.49,610.29,610.42,396387,4842,610.19
2025-02-14T09:50:00.000,610.41,610.64,610.31,610.42,527972,6062,610.26
2025-02-14T09:55:00.000,610.42,610.55,610.31,610.465,281277,4464,610.27
2025-02-14T10:00:00.000,610.48,610.62,610.02,610.6,336378,5304,610.28
2025-02-14T10:05:00.000,610.61,610.97,610.54,610.94,381896,6034,610.33
2025-02-14T10:10:00.000,610.935,610.99,610.59,610.68,301272,4638,610.36
2025-02-14T10:15:00.000,610.66,610.78,610.2,610.3199,290987,5762,610.37
2025-02-14T10:20:00.000,610.3,610.49,610.1425,610.435,227270,8124,610.37
2025-02-14T10:25:00.000,610.44,610.62,610.2101,610.24,200700,3958,610.37
2025-02-14T10:30:00.000,610.24,610.265,610.0501,610.17,221116,4378,610.36
2025-02-14T10:35:00.000,610.22,610.4,609.92,610.061,217911,4408,610.35
2025-02-14T10:40:00.000,610.1,610.1,609.73,610.05,334533,3992,610.34
2025-02-14T10:45:00.000,610.08,610.49,610.07,610.43,174801,3770,610.34
2025-02-14T10:50:00.000,610.4301,610.5862,610.29,610.52,213547,3591,610.34
2025-02-14T10:55:00.000,610.52,610.665,610.44,610.51,185360,3699,610.35
2025-02-14T11:00:00.000,610.53,610.68,610.26,610.58,359907,5186,610.36
2025-02-14T11:05:00.000,610.59,610.84,610.49,610.8,224711,3586,610.37
2025-02-14T11:10:00.000,610.81,610.85,610.36,610.445,156499,3314,610.38
2025-02-14T11:15:00.000,610.45,610.49,609.87,609.87,212716,4040,610.37
2025-02-14T11:20:00.000,609.88,609.89,609.4,609.73,1412858,5914,610.33
2025-02-14T11:25:00.000,609.73,610.25,609.6599,609.99,196474,3485,610.32
2025-02-14T11:30:00.000,610.01,610.02,609.61,609.89,264890,4079,610.31
2025-02-14T11:35:00.000,609.88,609.98,609.63,609.9653,156677,3057,610.3
2025-02-14T11:40:00.000,609.965,610.12,609.95,610.08,255533,2562,610.3
2025-02-14T11:45:00.000,610.05,610.13,609.625,609.7,267527,3624,610.29
2025-02-14T11:50:00.000,609.69,610.08,609.5,610.065,200587,3463,610.28
2025-02-14T11:55:00.000,610.05,610.295,609.9,610.23,341113,3923,610.27
2025-02-14T12:00:00.000,610.22,610.245,610.025,610.0799,352304,3144,610.27
2025-02-14T12:05:00.000,610.065,610.07,609.6,609.64,202283,3424,610.26
2025-02-14T12:10:00.000,609.61,609.6365,609.3,609.61,272400,3810,610.24
2025-02-14T12:15:00.000,609.605,609.68,609.43,609.61,236894,2728,610.23
2025-02-14T12:20:00.000,609.61,609.76,609.43,609.51,99483,2354,610.23
2025-02-14T12:25:00.000,609.51,609.59,609.27,609.3201,114793,2501,610.22
2025-02-14T12:30:00.000,609.35,609.49,609.1501,609.4191,171907,3023,610.2
2025-02-14T12:35:00.000,609.42,609.58,609.32,609.33,96311,2224,610.19
2025-02-14T12:40:00.000,609.32,609.44,609.07,609.25,168121,2783,610.18
2025-02-14T12:45:00.000,609.28,609.74,609.2,609.7366,126036,2658,610.17
2025-02-14T12:50:00.000,609.72,609.95,609.7,609.95,132502,2819,610.17
2025-02-14T12:55:00.000,609.94,610.04,609.79,609.92,140292,3015,610.16
2025-02-14T13:00:00.000,609.92,610.09,609.76,609.925,140764,2609,610.16
2025-02-14T13:05:00.000,609.925,610.06,609.82,610.0,186117,2628,610.16
2025-02-14T13:10:00.000,609.99,610.08,609.865,609.91,84857,2217,610.16
2025-02-14T13:15:00.000,609.91,610.06,609.79,609.97,61023,2289,610.15
2025-02-14T13:20:00.000,609.9216,610.01,609.85,609.9268,55318,2006,610.15
2025-02-14T13:25:00.000,609.92,609.965,609.7,609.9299,79975,2747,610.15
2025-02-14T13:30:00.000,609.93,610.43,609.88,610.38,260195,4505,610.15
2025-02-14T13:35:00.000,610.37,610.46,610.22,610.365,131926,2946,610.15
2025-02-14T13:40:00.000,610.37,610.545,610.365,610.465,125137,2658,610.16
2025-02-14T13:45:00.000,610.47,610.72,610.47,610.6684,136299,2734,610.16
2025-02-14T13:50:00.000,610.67,610.7507,610.5605,610.65,131477,2404,610.17
2025-02-14T13:55:00.000,610.64,610.64,610.47,610.48,114624,2417,610.17
2025-02-14T14:00:00.000,610.4899,610.58,610.37,610.47,456697,4748,610.18
2025-02-14T14:05:00.000,610.46,610.55,610.44,610.53,121675,2259,610.19
2025-02-14T14:10:00.000,610.53,610.72,610.53,610.7054,100981,2281,610.19
2025-02-14T14:15:00.000,610.702,610.72,610.3816,610.465,189510,3346,610.2
2025-02-14T14:20:00.000,610.47,610.47,610.29,610.39,138831,2645,610.2
2025-02-14T14:25:00.000,610.395,610.4,610.06,610.13,152327,3039,610.2
2025-02-14T14:30:00.000,610.15,610.17,609.89,610.105,245233,3670,610.2
2025-02-14T14:35:00.000,610.1,610.3,609.99,610.17,145025,2865,610.19
2025-02-14T14:40:00.000,610.17,610.22,610.07,610.19,91813,2090,610.19
2025-02-14T14:45:00.000,610.195,610.3024,609.95,610.05,118566,2785,610.19
2025-02-14T14:50:00.000,610.05,610.13,609.83,610.059,121016,2918,610.19
2025-02-14T14:55:00.000,610.05,610.3,609.89,610.22,473386,3938,610.19
2025-02-14T15:00:00.000,610.21,610.21,609.86,609.96,140311,2826,610.19
2025-02-14T15:05:00.000,609.95,610.05,609.84,610.03,127809,2903,610.19
2025-02-14T15:10:00.000,610.01,610.06,609.79,610.06,297009,3956,610.18
2025-02-14T15:15:00.000,610.08,610.2448,610.03,610.13,276575,2842,610.18
2025-02-14T15:20:00.000,610.15,610.19,609.8091,609.84,168667,2828,610.18
2025-02-14T15:25:00.000,609.83,609.92,609.59,609.67,225092,3708,610.17
2025-02-14T15:30:00.000,609.66,610.0,609.55,610.0,775294,6391,610.15
2025-02-14T15:35:00.000,609.995,610.15,609.89,610.12,391270,4430,610.15
2025-02-14T15:40:00.000,610.12,610.125,609.6,609.7275,410870,5516,610.14
2025-02-14T15:45:00.000,609.735,609.79,609.545,609.62,615966,5297,610.13
2025-02-14T15:50:00.000,609.64,610.29,609.62,610.145,1354177,11601,610.12
2025-02-14T15:55:00.000,610.13,610.23,609.56,609.7,1981009,16832,610.1
2025-02-14T16:00:00.000,609.69,609.69,609.69,609.69,238,3,610.1
2025-02-15T09:30:00.000,0.0,0.0,0.0,0.0,0,0,0.0
2025-02-15T09:35:00.000,0.0,0.0,0.0,0.0,0,0,0.0
2025-02-15T09:40:00.000,0.0,0.0,0.0,0.0,0,0,0.0
2025-02-15T09:45:00.000,0.0,0.0,0.0,0.0,0,0,0.0
2025-02-15T09:50:00.000,0.0,0.0,0.0,0.0,0,0,0.0
2025-02-15T09:55:00.000,0.0,0.0,0.0,0.0,0,0,0.0
2025-02-15T10:00:00.000,0.0,0.0,0.0,0.0,0,0,0.0
2025-02-15T10:05:00.000,0.0,0.0,0.0,0.0,0,0,0.0
2025-02-15T10:10:00.000,0.0,0.0,0.0,0.0,0,0,0.0
2025-02-15T10:15:00.000,0.0,0.0,0.0,0.0,0,0,0.0
2025-02-15T10:20:00.000,0.0,0.0,0.0,0.0,0,0,0.0
2025-02-15T10:25:00.000,0.0,0.0,0.0,0.0,0,0,0.0
2025-02-15T10:30:00.000,0.0,0.0,0.0,0.0,0,0,0.0
2025-02-15T10:35:00.000,0.0,0.0,0.0,0.0,0,0,0.0
2025-02-15T10:40:00.000,0.0,0.0,0.0,0.0,0,0,0.0
2025-02-15T10:45:00.000,0.0,0.0,0.0,0.0,0,0,0.0
2025-02-15T10:50:00.000,0.0,0.0,0.0,0.0,0,0,0.0
2025-02-15T10:55:00.000,0.0,0.0,0.0,0.0,0,0,0.0
2025-02-15T11:00:00.000,0.0,0.0,0.0,0.0,0,0,0.0
2025-02-15T11:05:00.000,0.0,0.0,0.0,0.0,0,0,0.0
2025-02-15T11:10:00.000,0.0,0.0,0.0,0.0,0,0,0.0
2025-02-15T11:15:00.000,0.0,0.0,0.0,0.0,0,0,0.0
2025-02-15T11:20:00.000,0.0,0.0,0.0,0.0,0,0,0.0
2025-02-15T11:25:00.000,0.0,0.0,0.0,0.0,0,0,0.0
2025-02-15T11:30:00.000,0.0,0.0,0.0,0.0,0,0,0.0
2025-02-15T11:35:00.000,0.0,0.0,0.0,0.0,0,0,0.0
2025-02-15T11:40:00.000,0.0,0.0,0.0,0.0,0,0,0.0
2025-02-15T11:45:00.000,0.0,0.0,0.0,0.0,0,0,0.0
2025-02-15T11:50:00.000,0.0,0.0,0.0,0.0,0,0,0.0
2025-02-15T11:55:00.000,0.0,0.0,0.0,0.0,0,0,0.0
2025-02-15T12:00:00.000,0.0,0.0,0.0,0.0,0,0,0.0
2025-02-15T12:05:00.000,0.0,0.0,0.0,0.0,0,0,0.0
2025-02-15T12:10:00.000,0.0,0.0,0.0,0.0,0,0,0.0
2025-02-15T12:15:00.000,0.0,0.0,0.0,0.0,0,0,0.0
2025-02-15T12:20:00.000,0.0,0.0,0.0,0.0,0,0,0.0
2025-02-15T12:25:00.000,0.0,0.0,0.0,0.0,0,0,0.0
2025-02-15T12:30:00.000,0.0,0.0,0.0,0.0,0,0,0.0
2025-02-15T12:35:00.000,0.0,0.0,0.0,0.0,0,0,0.0
2025-02-15T12:40:00.000,0.0,0.0,0.0,0.0,0,0,0.0
2025-02-15T12:45:00.000,0.0,0.0,0.0,0.0,0,0,0.0
2025-02-15T12:50:00.000,0.0,0.0,0.0,0.0,0,0,0.0
2025-02-15T12:55:00.000,0.0,0.0,0.0,0.0,0,0,0.0
2025-02-15T13:00:00.000,0.0,0.0,0.0,0.0,0,0,0.0
2025-02-15T13:05:00.000,0.0,0.0,0.0,0.0,0,0,0.0
2025-02-15T13:10:00.000,0.0,0.0,0.0,0.0,0,0,0.0
2025-02-15T13:15:00.000,0.0,0.0,0.0,0.0,0,0,0.0
2025-02-15T13:20:00.000,0.0,0.0,0.0,0.0,0,0,0.0
2025-02-15T13:25:00.000,0.0,0.0,0.0,0.0,0,0,0.0
2025-02-15T13:30:00.000,0.0,0.0,0.0,0.0,0,0,0.0
2025-02-15T13:35:00.000,0.0,0.0,0.0,0.0,0,0,0.0
2025-02-15T13:40:00.000,0.0,0.0,0.0,0.0,0,0,0.0
2025-02-15T13:45:00.000,0.0,0.0,0.0,0.0,0,0,0.0
2025-02-15T13:50:00.000,0.0,0.0,0.0,0.0,0,0,0.0
2025-02-15T13:55:00.000,0.0,0.0,0.0,0.0,0,0,0.0
2025-02-15T14:00:00.000,0.0,0.0,0.0,0.0,0,0,0.0
2025-02-15T14:05:00.000,0.0,0.0,0.0,0.0,0,0,0.0
2025-02-15T14:10:00.000,0.0,0.0,0.0,0.0,0,0,0.0
2025-02-15T14:15:00.000,0.0,0.0,0.0,0.0,0,0,0.0
2025-02-15T14:20:00.000,0.0,0.0,0.0,0.0,0,0,0.0
2025-02-15T14:25:00.000,0.0,0.0,0.0,0.0,0,0,0.0
2025-02-15T14:30:00.000,0.0,0.0,0.0,0.0,0,0,0.0
2025-02-15T14:35:00.000,0.0,0.0,0.0,0.0,0,0,0.0
2025-02-15T14:40:00.000,0.0,0.0,0.0,0.0,0,0,0.0
2025-02-15T14:45:00.000,0.0,0.0,0.0,0.0,0,0,0.0
2025-02-15T14:50:00.000,0.0,0.0,0.0,0.0,0,0,0.0
2025-02-15T14:55:00.000,0.0,0.0,0.0,0.0,0,0,0.0
2025-02-15T15:00:00.000,0.0,0.0,0.0,0.0,0,0,0.0
2025-02-15T15:05:00.000,0.0,0.0,0.0,0.0,0,0,0.0
2025-02-15T15:10:00.000,0.0,0.0,0.0,0.0,0,0,0.0
2025-02-15T15:15:00.000,0.0,0.0,0.0,0.0,0,0,0.0
2025-02-15T15:20:00.000,0.0,0.0,0.0,0.0,0,0,0.0
2025-02-15T15:25:00.000,0.0,0.0,0.0,0.0,0,0,0.0
2025-02-15T15:30:00.000,0.0,0.0,0.0,0.0,0,0,0.0
2025-02-15T15:35:00.000,0.0,0.0,0.0,0.0,0,0,0.0
2025-02-15T15:40:00.000,0.0,0.0,0.0,0.0,0,0,0.0
2025-02-15T15:45:00.000,0.0,0.0,0.0,0.0,0,0,0.0
2025-02-15T15:50:00.000,0.0,0.0,0.0,0.0,0,0,0.0
2025-02-15T15:55:00.000,0.0,0.0,0.0,0.0,0,0,0.0
2025-02-15T16:00:00.000,0.0,0.0,0.0,0.0,0,0,0.0
2025-02-16T09:30:00.000,0.0,0.0,0.0,0.0,0,0,0.0
2025-02-16T09:35:00.000,0.0,0.0,0.0,0.0,0,0,0.0
2025-02-16T09:40:00.000,0.0,0.0,0.0,0.0,0,0,0.0
2025-02-16T09:45:00.000,0.0,0.0,0.0,0.0,0,0,0.0
2025-02-16T09:50:00.000,0.0,0.0,0.0,0.0,0,0,0.0
2025-02-16T09:55:00.000,0.0,0.0,0.0,0.0,0,0,0.0
2025-02-16T10:00:00.000,0.0,0.0,0.0,0.0,0,0,0.0
2025-02-16T10:05:00.000,0.0,0.0,0.0,0.0,0,0,0.0
2025-02-16T10:10:00.000,0.0,0.0,0.0,0.0,0,0,0.0
2025-02-16T10:15:00.000,0.0,0.0,0.0,0.0,0,0,0.0
2025-02-16T10:20:00.000,0.0,0.0,0.0,0.0,0,0,0.0
2025-02-16T10:25:00.000,0.0,0.0,0.0,0.0,0,0,0.0
2025-02-16T10:30:00.000,0.0,0.0,0.0,0.0,0,0,0.0
2025-02-16T10:35:00.000,0.0,0.0,0.0,0.0,0,0,0.0
2025-02-16T10:40:00.000,0.0,0.0,0.0,0.0,0,0,0.0
2025-02-16T10:45:00.000,0.0,0.0,0.0,0.0,0,0,0.0
2025-02-16T10:50:00.000,0.0,0.0,0.0,0.0,0,0,0.0
2025-02-16T10:55:00.000,0.0,0.0,0.0,0.0,0,0,0.0
2025-02-16T11:00:00.000,0.0,0.0,0.0,0.0,0,0,0.0
2025-02-16T11:05:00.000,0.0,0.0,0.0,0.0,0,0,0.0
2025-02-16T11:10:00.000,0.0,0.0,0.0,0.0,0,0,0.0
2025-02-16T11:15:00.000,0.0,0.0,0.0,0.0,0,0,0.0
2025-02-16T11:20:00.000,0.0,0.0,0.0,0.0,0,0,0.0
2025-02-16T11:25:00.000,0.0,0.0,0.0,0.0,0,0,0.0
2025-02-16T11:30:00.000,0.0,0.0,0.0,0.0,0,0,0.0
2025-02-16T11:35:00.000,0.0,0.0,0.0,0.0,0,0,0.0
2025-02-16T11:40:00.000,0.0,0.0,0.0,0.0,0,0,0.0
2025-02-16T11:45:00.000,0.0,0.0,0.0,0.0,0,0,0.0
2025-02-16T11:50:00.000,0.0,0.0,0.0,0.0,0,0,0.0
2025-02-16T11:55:00.000,0.0,0.0,0.0,0.0,0,0,0.0
2025-02-16T12:00:00.000,0.0,0.0,0.0,0.0,0,0,0.0
2025-02-16T12:05:00.000,0.0,0.0,0.0,0.0,0,0,0.0
2025-02-16T12:10:00.000,0.0,0.0,0.0,0.0,0,0,0.0
2025-02-16T12:15:00.000,0.0,0.0,0.0,0.0,0,0,0.0
2025-02-16T12:20:00.000,0.0,0.0,0.0,0.0,0,0,0.0
2025-02-16T12:25:00.000,0.0,0.0,0.0,0.0,0,0,0.0
2025-02-16T12:30:00.000,0.0,0.0,0.0,0.0,0,0,0.0
2025-02-16T12:35:00.000,0.0,0.0,0.0,0.0,0,0,0.0
2025-02-16T12:40:00.000,0.0,0.0,0.0,0.0,0,0,0.0
2025-02-16T12:45:00.000,0.0,0.0,0.0,0.0,0,0,0.0
2025-02-16T12:50:00.000,0.0,0.0,0.0,0.0,0,0,0.0
2025-02-16T12:55:00.000,0.0,0.0,0.0,0.0,0,0,0.0
2025-02-16T13:00:00.000,0.0,0.0,0.0,0.0,0,0,0.0
2025-02-16T13:05:00.000,0.0,0.0,0.0,0.0,0,0,0.0
2025-02-16T13:10:00.000,0.0,0.0,0.0,0.0,0,0,0.0
2025-02-16T13:15:00.000,0.0,0.0,0.0,0.0,0,0,0.0
2025-02-16T13:20:00.000,0.0,0.0,0.0,0.0,0,0,0.0
2025-02-16T13:25:00.000,0.0,0.0,0.0,0.0,0,0,0.0
2025-02-16T13:30:00.000,0.0,0.0,0.0,0.0,0,0,0.0
2025-02-16T13:35:00.000,0.0,0.0,0.0,0.0,0,0,0.0
2025-02-16T13:40:00.000,0.0,0.0,0.0,0.0,0,0,0.0
2025-02-16T13:45:00.000,0.0,0.0,0.0,0.0,0,0,0.0
2025-02-16T13:50:00.000,0.0,0.0,0.0,0.0,0,0,0.0
2025-02-16T13:55:00.000,0.0,0.0,0.0,0.0,0,0,0.0
2025-02-16T14:00:00.000,0.0,0.0,0.0,0.0,0,0,0.0
2025-02-16T14:05:00.000,0.0,0.0,0.0,0.0,0,0,0.0
2025-02-16T14:10:00.000,0.0,0.0,0.0,0.0,0,0,0.0
2025-02-16T14:15:00.000,0.0,0.0,0.0,0.0,0,0,0.0
2025-02-16T14:20:00.000,0.0,0.0,0.0,0.0,0,0,0.0
2025-02-16T14:25:00.000,0.0,0.0,0.0,0.0,0,0,0.0
2025-02-16T14:30:00.000,0.0,0.0,0.0,0.0,0,0,0.0
2025-02-16T14:35:00.000,0.0,0.0,0.0,0.0,0,0,0.0
2025-02-16T14:40:00.000,0.0,0.0,0.0,0.0,0,0,0.0
2025-02-16T14:45:00.000,0.0,0.0,0.0,0.0,0,0,0.0
2025-02-16T14:50:00.000,0.0,0.0,0.0,0.0,0,0,0.0
2025-02-16T14:55:00.000,0.0,0.0,0.0,0.0,0,0,0.0
2025-02-16T15:00:00.000,0.0,0.0,0.0,0.0,0,0,0.0
2025-02-16T15:05:00.000,0.0,0.0,0.0,0.0,0,0,0.0
2025-02-16T15:10:00.000,0.0,0.0,0.0,0.0,0,0,0.0
2025-02-16T15:15:00.000,0.0,0.0,0.0,0.0,0,0,0.0
2025-02-16T15:20:00.000,0.0,0.0,0.0,0.0,0,0,0.0
2025-02-16T15:25:00.000,0.0,0.0,0.0,0.0,0,0,0.0
2025-02-16T15:30:00.000,0.0,0.0,0.0,0.0,0,0,0.0
2025-02-16T15:35:00.000,0.0,0.0,0.0,0.0,0,0,0.0
2025-02-16T15:40:00.000,0.0,0.0,0.0,0.0,0,0,0.0
2025-02-16T15:45:00.000,0.0,0.0,0.0,0.0,0,0,0.0
2025-02-16T15:50:00.000,0.0,0.0,0.0,0.0,0,0,0.0
2025-02-16T15:55:00.000,0.0,0.0,0.0,0.0,0,0,0.0
2025-02-16T16:00:00.000,0.0,0.0,0.0,0.0,0,0,0.0
2025-02-17T09:30:00.000,0.0,0.0,0.0,0.0,0,0,0.0
2025-02-17T09:35:00.000,0.0,0.0,0.0,0.0,0,0,0.0
2025-02-17T09:40:00.000,0.0,0.0,0.0,0.0,0,0,0.0
2025-02-17T09:45:00.000,0.0,0.0,0.0,0.0,0,0,0.0
2025-02-17T09:50:00.000,0.0,0.0,0.0,0.0,0,0,0.0
2025-02-17T09:55:00.000,0.0,0.0,0.0,0.0,0,0,0.0
2025-02-17T10:00:00.000,0.0,0.0,0.0,0.0,0,0,0.0
2025-02-17T10:05:00.000,0.0,0.0,0.0,0.0,0,0,0.0
2025-02-17T10:10:00.000,0.0,0.0,0.0,0.0,0,0,0.0
2025-02-17T10:15:00.000,0.0,0.0,0.0,0.0,0,0,0.0
2025-02-17T10:20:00.000,0.0,0.0,0.0,0.0,0,0,0.0
2025-02-17T10:25:00.000,0.0,0.0,0.0,0.0,0,0,0.0
2025-02-17T10:30:00.000,0.0,0.0,0.0,0.0,0,0,0.0
2025-02-17T10:35:00.000,0.0,0.0,0.0,0.0,0,0,0.0
2025-02-17T10:40:00.000,0.0,0.0,0.0,0.0,0,0,0.0
2025-02-17T10:45:00.000,0.0,0.0,0.0,0.0,0,0,0.0
2025-02-17T10:50:00.000,0.0,0.0,0.0,0.0,0,0,0.0
2025-02-17T10:55:00.000,0.0,0.0,0.0,0.0,0,0,0.0
2025-02-17T11:00:00.000,0.0,0.0,0.0,0.0,0,0,0.0
2025-02-17T11:05:00.000,0.0,0.0,0.0,0.0,0,0,0.0
2025-02-17T11:10:00.000,0.0,0.0,0.0,0.0,0,0,0.0
2025-02-17T11:15:00.000,0.0,0.0,0.0,0.0,0,0,0.0
2025-02-17T11:20:00.000,0.0,0.0,0.0,0.0,0,0,0.0
2025-02-17T11:25:00.000,0.0,0.0,0.0,0.0,0,0,0.0
2025-02-17T11:30:00.000,0.0,0.0,0.0,0.0,0,0,0.0
2025-02-17T11:35:00.000,0.0,0.0,0.0,0.0,0,0,0.0
2025-02-17T11:40:00.000,0.0,0.0,0.0,0.0,0,0,0.0
2025-02-17T11:45:00.000,0.0,0.0,0.0,0.0,0,0,0.0
2025-02-17T11:50:00.000,0.0,0.0,0.0,0.0,0,0,0.0
2025-02-17T11:55:00.000,0.0,0.0,0.0,0.0,0,0,0.0
2025-02-17T12:00:00.000,0.0,0.0,0.0,0.0,0,0,0.0
2025-02-17T12:05:00.000,0.0,0.0,0.0,0.0,0,0,0.0
2025-02-17T12:10:00.000,0.0,0.0,0.0,0.0,0,0,0.0
2025-02-17T12:15:00.000,0.0,0.0,0.0,0.0,0,0,0.0
2025-02-17T12:20:00.000,0.0,0.0,0.0,0.0,0,0,0.0
2025-02-17T12:25:00.000,0.0,0.0,0.0,0.0,0,0,0.0
2025-02-17T12:30:00.000,0.0,0.0,0.0,0.0,0,0,0.0
2025-02-17T12:35:00.000,0.0,0.0,0.0,0.0,0,0,0.0
2025-02-17T12:40:00.000,0.0,0.0,0.0,0.0,0,0,0.0
2025-02-17T12:45:00.000,0.0,0.0,0.0,0.0,0,0,0.0
2025-02-17T12:50:00.000,0.0,0.0,0.0,0.0,0,0,0.0
2025-02-17T12:55:00.000,0.0,0.0,0.0,0.0,0,0,0.0
2025-02-17T13:00:00.000,0.0,0.0,0.0,0.0,0,0,0.0
2025-02-17T13:05:00.000,0.0,0.0,0.0,0.0,0,0,0.0
2025-02-17T13:10:00.000,0.0,0.0,0.0,0.0,0,0,0.0
2025-02-17T13:15:00.000,0.0,0.0,0.0,0.0,0,0,0.0
2025-02-17T13:20:00.000,0.0,0.0,0.0,0.0,0,0,0.0
2025-02-17T13:25:00.000,0.0,0.0,0.0,0.0,0,0,0.0
2025-02-17T13:30:00.000,0.0,0.0,0.0,0.0,0,0,0.0
2025-02-17T13:35:00.000,0.0,0.0,0.0,0.0,0,0,0.0
2025-02-17T13:40:00.000,0.0,0.0,0.0,0.0,0,0,0.0
2025-02-17T13:45:00.000,0.0,0.0,0.0,0.0,0,0,0.0
2025-02-17T13:50:00.000,0.0,0.0,0.0,0.0,0,0,0.0
2025-02-17T13:55:00.000,0.0,0.0,0.0,0.0,0,0,0.0
2025-02-17T14:00:00.000,0.0,0.0,0.0,0.0,0,0,0.0
2025-02-17T14:05:00.000,0.0,0.0,0.0,0.0,0,0,0.0
2025-02-17T14:10:00.000,0.0,0.0,0.0,0.0,0,0,0.0
2025-02-17T14:15:00.000,0.0,0.0,0.0,0.0,0,0,0.0
2025-02-17T14:20:00.000,0.0,0.0,0.0,0.0,0,0,0.0
2025-02-17T14:25:00.000,0.0,0.0,0.0,0.0,0,0,0.0
2025-02-17T14:30:00.000,0.0,0.0,0.0,0.0,0,0,0.0
2025-02-17T14:35:00.000,0.0,0.0,0.0,0.0,0,0,0.0
2025-02-17T14:40:00.000,0.0,0.0,0.0,0.0,0,0,0.0
2025-02-17T14:45:00.000,0.0,0.0,0.0,0.0,0,0,0.0
2025-02-17T14:50:00.000,0.0,0.0,0.0,0.0,0,0,0.0
2025-02-17T14:55:00.000,0.0,0.0,0.0,0.0,0,0,0.0
2025-02-17T15:00:00.000,0.0,0.0,0.0,0.0,0,0,0.0
2025-02-17T15:05:00.000,0.0,0.0,0.0,0.0,0,0,0.0
2025-02-17T15:10:00.000,0.0,0.0,0.0,0.0,0,0,0.0
2025-02-17T15:15:00.000,0.0,0.0,0.0,0.0,0,0,0.0
2025-02-17T15:20:00.000,0.0,0.0,0.0,0.0,0,0,0.0
2025-02-17T15:25:00.000,0.0,0.0,0.0,0.0,0,0,0.0
2025-02-17T15:30:00.000,0.0,0.0,0.0,0.0,0,0,0.0
2025-02-17T15:35:00.000,0.0,0.0,0.0,0.0,0,0,0.0
2025-02-17T15:40:00.000,0.0,0.0,0.0,0.0,0,0,0.0
2025-02-17T15:45:00.000,0.0,0.0,0.0,0.0,0,0,0.0
2025-02-17T15:50:00.000,0.0,0.0,0.0,0.0,0,0,0.0
2025-02-17T15:55:00.000,0.0,0.0,0.0,0.0,0,0,0.0
2025-02-17T16:00:00.000,0.0,0.0,0.0,0.0,0,0,0.0
2025-02-18T09:30:00.000,610.88,611.0,610.38,610.6597,971157,20538,610.76
2025-02-18T09:35:00.000,610.68,610.85,610.29,610.76,379949,7059,610.72
2025-02-18T09:40:00.000,610.75,610.8016,610.1,610.1801,352660,6132,610.68
2025-02-18T09:45:00.000,610.185,610.46,609.96,610.2699,444747,7330,610.59
2025-02-18T09:50:00.000,610.25,610.62,609.95,610.4199,356566,5865,610.55
2025-02-18T09:55:00.000,610.4,610.63,610.0738,610.11,324062,5173,610.54
2025-02-18T10:00:00.000,610.1538,610.155,609.33,609.845,566553,9345,610.39
2025-02-18T10:05:00.000,609.85,610.03,609.62,609.92,259279,4529,610.36
2025-02-18T10:10:00.000,609.91,610.3099,609.66,610.14,236323,4222,610.34
2025-02-18T10:15:00.000,610.15,610.2,609.47,609.55,301427,4616,610.3
2025-02-18T10:20:00.000,609.56,610.03,609.49,609.81,393142,4496,610.26
2025-02-18T10:25:00.000,609.855,609.96,609.42,609.63,255505,3844,610.23
2025-02-18T10:30:00.000,609.64,609.865,609.4,609.67,188615,3809,610.21
2025-02-18T10:35:00.000,609.6601,610.19,609.6601,610.035,648704,3997,610.19
2025-02-18T10:40:00.000,610.04,610.23,609.93,610.18,145593,3764,610.19
2025-02-18T10:45:00.000,610.17,610.2,609.69,609.95,221504,4168,610.18
2025-02-18T10:50:00.000,609.94,610.51,609.85,610.51,246395,4662,610.19
2025-02-18T10:55:00.000,610.52,610.62,610.34,610.61,219973,4409,610.2
2025-02-18T11:00:00.000,610.605,610.61,610.48,610.49,174777,3765,610.21
2025-02-18T11:05:00.000,610.48,610.6,610.32,610.57,140429,3407,610.21
2025-02-18T11:10:00.000,610.5607,610.74,610.37,610.4,155212,3178,610.22
2025-02-18T11:15:00.000,610.4028,610.52,610.35,610.38,149582,2702,610.23
2025-02-18T11:20:00.000,610.3698,610.39,609.76,609.9602,239966,3913,610.22
2025-02-18T11:25:00.000,609.98,610.5,609.91,610.41,156363,3183,610.22
2025-02-18T11:30:00.000,610.4,610.41,610.06,610.2,127529,2974,610.22
2025-02-18T11:35:00.000,610.205,610.43,610.09,610.39,153438,3070,610.22
2025-02-18T11:40:00.000,610.38,610.38,610.14,610.25,106045,2676,610.22
2025-02-18T11:45:00.000,610.24,610.71,610.24,610.7,184640,3380,610.23
2025-02-18T11:50:00.000,610.7,610.855,610.66,610.74,191593,7867,610.24
2025-02-18T11:55:00.000,610.73,610.77,610.18,610.25,239653,10301,610.25
2025-02-18T12:00:00.000,610.24,610.2501,610.06,610.2499,137593,2598,610.24
2025-02-18T12:05:00.000,610.24,610.32,609.87,610.0199,155848,3005,610.24
2025-02-18T12:10:00.000,609.99,610.28,609.78,610.2,136592,2815,610.24
2025-02-18T12:15:00.000,610.19,610.19,609.8201,609.95,106583,2562,610.24
2025-02-18T12:20:00.000,609.95,610.02,609.78,609.93,146899,2897,610.23
2025-02-18T12:25:00.000,609.9101,610.08,609.91,610.035,91009,2107,610.23
2025-02-18T12:30:00.000,610.0402,610.3169,610.0402,610.075,108596,2446,610.23
2025-02-18T12:35:00.000,610.07,610.31,610.053,610.24,107747,2265,610.23
2025-02-18T12:40:00.000,610.26,610.39,610.13,610.2,95033,2325,610.23
2025-02-18T12:45:00.000,610.19,610.3,610.11,610.21,140332,2703,610.23
2025-02-18T12:50:00.000,610.21,610.545,610.2,610.46,312851,2853,610.23
2025-02-18T12:55:00.000,610.45,610.49,610.2847,610.35,114233,2489,610.23
2025-02-18T13:00:00.000,610.34,610.6587,610.31,610.615,164542,2946,610.24
2025-02-18T13:05:00.000,610.615,610.65,610.16,610.2499,135226,2922,610.24
2025-02-18T13:10:00.000,610.245,610.26,609.97,610.12,145074,3003,610.24
2025-02-18T13:15:00.000,610.13,610.16,609.86,609.86,159474,2668,610.24
2025-02-18T13:20:00.000,609.8599,609.96,609.52,609.88,202226,3489,610.23
2025-02-18T13:25:00.000,609.88,610.07,609.84,609.89,493002,3638,610.22
2025-02-18T13:30:00.000,609.88,609.88,609.56,609.72,167588,4199,610.21
2025-02-18T13:35:00.000,609.72,609.78,609.51,609.64,93958,3162,610.21
2025-02-18T13:40:00.000,609.62,609.63,609.4519,609.53,213258,3921,610.19
2025-02-18T13:45:00.000,609.52,609.81,609.47,609.79,163110,3443,610.19
2025-02-18T13:50:00.000,609.7801,609.93,609.67,609.81,413409,3322,610.18
2025-02-18T13:55:00.000,609.82,609.9051,609.62,609.66,175201,2933,610.18
2025-02-18T14:00:00.000,609.655,609.83,609.64,609.66,225922,3170,610.17
2025-02-18T14:05:00.000,609.68,609.78,608.41,608.76,795229,8284,610.1
2025-02-18T14:10:00.000,608.76,609.1,608.67,608.83,427948,5484,610.05
2025-02-18T14:15:00.000,608.83,608.89,608.53,608.6008,208083,3149,610.03
2025-02-18T14:20:00.000,608.6,609.61,608.38,609.44,417164,5389,610.0
2025-02-18T14:25:00.000,609.44,609.49,609.1601,609.219,257572,3052,609.98
2025-02-18T14:30:00.000,609.22,609.5,609.11,609.5,161753,2723,609.98
2025-02-18T14:35:00.000,609.49,609.57,609.1202,609.13,169774,2716,609.97
2025-02-18T14:40:00.000,609.14,609.47,609.13,609.39,169785,2785,609.96
2025-02-18T14:45:00.000,609.39,609.75,609.355,609.72,369950,3591,609.95
2025-02-18T14:50:00.000,609.73,610.03,609.625,609.895,469313,4512,609.95
2025-02-18T14:55:00.000,609.895,610.04,609.79,609.85,191655,3201,609.94
2025-02-18T15:00:00.000,609.87,609.9,609.72,609.82,225457,3170,609.94
2025-02-18T15:05:00.000,609.81,609.8698,609.6801,609.75,210504,3163,609.94
2025-02-18T15:10:00.000,609.7512,609.92,609.64,609.875,361640,3243,609.94
2025-02-18T15:15:00.000,609.87,609.89,609.63,609.74,237217,3072,609.93
2025-02-18T15:20:00.000,609.72,609.8735,609.6322,609.87,155066,2803,609.93
2025-02-18T15:25:00.000,609.86,609.96,609.715,609.78,357402,3260,609.93
2025-02-18T15:30:00.000,609.77,610.06,609.76,609.86,406803,3968,609.93
2025-02-18T15:35:00.000,609.86,609.92,609.69,609.78,387333,4069,609.93
2025-02-18T15:40:00.000,609.78,610.03,609.64,609.7798,560845,5321,609.93
2025-02-18T15:45:00.000,609.76,609.94,609.63,609.76,512531,5565,609.92
2025-02-18T15:50:00.000,609.76,610.25,609.72,610.13,816364,8481,609.92
2025-02-18T15:55:00.000,610.12,611.38,610.11,611.35,2432113,18770,610.02
2025-02-18T16:00:00.000,0.0,0.0,0.0,0.0,0,0,610.02
2025-02-19T09:30:00.000,610.08,610.1987,609.75,610.1574,730748,9668,609.99
2025-02-19T09:35:00.000,610.15,610.27,609.95,609.9871,483213,6081,610.04
2025-02-19T09:40:00.000,609.97,610.2577,609.91,610.04,252268,4257,610.05
2025-02-19T09:45:00.000,610.04,610.23,609.6845,609.8181,281258,5158,610.05
2025-02-19T09:50:00.000,609.8,610.18,609.74,610.1,239826,4318,610.04
2025-02-19T09:55:00.000,610.09,610.165,609.8503,609.92,209355,3423,610.04
2025-02-19T10:00:00.000,609.92,610.235,609.5707,609.7,235041,4371,610.02
2025-02-19T10:05:00.000,609.71,610.0,609.56,609.7201,176585,3920,610.0
2025-02-19T10:10:00.000,609.74,609.84,609.59,609.69,1585520,3845,609.98
2025-02-19T10:15:00.000,609.665,610.15,609.6002,609.9401,227838,4562,609.98
2025-02-19T10:20:00.000,609.96,610.06,609.73,609.96,198448,3919,609.98
2025-02-19T10:25:00.000,609.97,610.175,609.89,610.06,218404,7151,609.98
2025-02-19T10:30:00.000,610.06,610.89,610.02,610.47,777211,8627,610.06
2025-02-19T10:35:00.000,610.475,610.59,610.27,610.38,184535,4136,610.07
2025-02-19T10:40:00.000,610.38,610.54,610.32,610.53,267507,3550,610.09
2025-02-19T10:45:00.000,610.55,610.65,610.39,610.5,168532,3560,610.1
2025-02-19T10:50:00.000,610.49,610.5,610.33,610.4,204527,3756,610.11
2025-02-19T10:55:00.000,610.395,610.395,609.82,610.14,213520,4024,610.11
2025-02-19T11:00:00.000,610.14,610.71,610.14,610.57,220499,3655,610.13
2025-02-19T11:05:00.000,610.575,610.78,610.55,610.75,153726,2845,610.14
2025-02-19T11:10:00.000,610.755,611.25,610.66,611.2328,1604243,4237,610.19
2025-02-19T11:15:00.000,611.1901,611.26,611.0,611.14,525377,4005,610.23
2025-02-19T11:20:00.000,611.135,611.18,610.96,611.1,138031,2945,610.25
2025-02-19T11:25:00.000,611.115,611.25,611.09,611.18,113980,2431,610.26
2025-02-19T11:30:00.000,611.17,611.2759,610.98,611.24,138476,2667,610.28
2025-02-19T11:35:00.000,611.23,611.29,611.08,611.15,146959,2729,610.3
2025-02-19T11:40:00.000,611.1501,611.6751,611.1501,611.6751,243848,3650,610.34
2025-02-19T11:45:00.000,611.69,611.77,611.46,611.47,168562,2848,610.37
2025-02-19T11:50:00.000,611.48,611.7117,611.47,611.7,109263,2283,610.39
2025-02-19T11:55:00.000,611.6908,611.77,611.6,611.7,211988,3089,610.43
2025-02-19T12:00:00.000,611.66,611.96,611.62,611.83,146886,3036,610.46
2025-02-19T12:05:00.000,611.82,611.84,611.74,611.8185,145755,2690,610.48
2025-02-19T12:10:00.000,611.82,611.8335,611.4225,611.59,194258,2896,610.51
2025-02-19T12:15:00.000,611.58,611.6,611.39,611.45,254263,2271,610.52
2025-02-19T12:20:00.000,611.45,611.5,611.13,611.1307,150342,2717,610.54
2025-02-19T12:25:00.000,611.12,611.23,611.01,611.05,418217,2774,610.55
2025-02-19T12:30:00.000,611.06,611.115,610.86,610.94,279118,2846,610.56
2025-02-19T12:35:00.000,610.94,611.19,610.915,611.13,184038,2928,610.57
2025-02-19T12:40:00.000,611.13,611.34,611.05,611.28,109019,2222,610.58
2025-02-19T12:45:00.000,611.27,611.42,611.19,611.4047,75603,2211,610.58
2025-02-19T12:50:00.000,611.42,611.82,611.42,611.72,169861,2722,610.6
2025-02-19T12:55:00.000,611.725,611.82,611.55,611.56,294677,2591,610.62
2025-02-19T13:00:00.000,611.56,611.59,611.37,611.4151,153805,2616,610.64
2025-02-19T13:05:00.000,611.43,611.43,611.04,611.095,239499,2481,610.64
2025-02-19T13:10:00.000,611.1,611.11,610.65,610.95,217669,3536,610.65
2025-02-19T13:15:00.000,610.93,611.53,610.93,611.52,154637,2846,610.66
2025-02-19T13:20:00.000,611.54,611.62,611.44,611.5,122544,2478,610.67
2025-02-19T13:25:00.000,611.52,611.7,611.45,611.66,126662,2622,610.68
2025-02-19T13:30:00.000,611.67,611.94,611.67,611.8599,266106,4004,610.72
2025-02-19T13:35:00.000,611.85,611.97,611.83,611.895,285510,2844,610.73
2025-02-19T13:40:00.000,611.94,612.04,611.7701,611.86,238025,3498,610.75
2025-02-19T13:45:00.000,611.87,611.92,611.695,611.725,147809,2889,610.76
2025-02-19T13:50:00.000,611.72,611.73,611.515,611.59,103115,2448,610.77
2025-02-19T13:55:00.000,611.595,611.7,611.48,611.49,167154,2778,610.78
2025-02-19T14:00:00.000,611.52,611.9099,611.4,611.55,283447,3977,610.81
2025-02-19T14:05:00.000,611.54,611.8,611.54,611.72,369671,3963,610.83
2025-02-19T14:10:00.000,611.73,612.588,611.73,612.58,370161,4695,610.87
2025-02-19T14:15:00.000,612.59,612.89,612.55,612.75,355976,4957,610.92
2025-02-19T14:20:00.000,612.745,613.08,612.74,612.93,521499,5409,611.01
2025-02-19T14:25:00.000,612.92,612.965,612.58,612.8201,231426,3538,611.04
2025-02-19T14:30:00.000,612.82,612.875,612.6203,612.8305,368376,3570,611.1
2025-02-19T14:35:00.000,612.83,612.96,612.81,612.87,133555,2827,611.11
2025-02-19T14:40:00.000,612.86,613.01,612.7,612.835,146337,2829,611.13
2025-02-19T14:45:00.000,612.83,612.8576,612.6616,612.85,102761,2553,611.14
2025-02-19T14:50:00.000,612.86,613.23,612.84,613.14,279817,4028,611.18
2025-02-19T14:55:00.000,613.145,613.16,612.961,613.11,243743,3528,611.21
2025-02-19T15:00:00.000,613.08,613.1,612.82,612.84,327095,3618,611.24
2025-02-19T15:05:00.000,612.85,612.915,612.4493,612.4802,338624,4346,611.26
2025-02-19T15:10:00.000,612.4866,612.67,612.45,612.63,315559,4055,611.29
2025-02-19T15:15:00.000,612.6458,612.97,612.62,612.68,238112,4018,611.31
2025-02-19T15:20:00.000,612.675,612.79,612.56,612.75,228620,3804,611.33
2025-02-19T15:25:00.000,612.75,612.75,611.8,612.0999,597464,7211,611.37
2025-02-19T15:30:00.000,612.11,612.79,612.08,612.55,373763,5265,611.39
2025-02-19T15:35:00.000,612.54,612.67,612.23,612.45,496058,5525,611.42
2025-02-19T15:40:00.000,612.43,612.65,612.26,612.33,929797,5911,611.46
2025-02-19T15:45:00.000,612.34,612.5,612.18,612.36,527385,5335,611.48
2025-02-19T15:50:00.000,612.38,612.8,612.35,612.53,979018,11157,611.53
2025-02-19T15:55:00.000,612.52,613.06,612.48,612.9,2051617,17059,611.66
2025-02-19T16:00:00.000,612.91,612.91,612.91,612.91,1300,1,611.66
2025-02-20T09:30:00.000,611.54,611.684,611.15,611.26,693943,9244,611.45
2025-02-20T09:35:00.000,611.24,611.43,611.15,611.39,347320,5250,611.4
2025-02-20T09:40:00.000,611.365,611.39,610.53,610.545,295594,5275,611.31
2025-02-20T09:45:00.000,610.545,610.65,610.135,610.39,559500,7673,611.04
2025-02-20T09:50:00.000,610.3801,610.39,609.02,609.44,772523,10292,610.68
2025-02-20T09:55:00.000,609.4047,609.56,608.31,608.3825,1130193,9618,610.28
2025-02-20T10:00:00.000,608.4,608.44,607.02,608.29,1419345,15413,609.54
2025-02-20T10:05:00.000,608.31,608.7,607.64,607.84,657042,8374,609.38
2025-02-20T10:10:00.000,607.75,608.83,607.62,608.43,686642,7207,609.29
2025-02-20T10:15:00.000,608.43,609.23,608.43,608.98,678526,6845,609.26
2025-02-20T10:20:00.000,608.99,609.36,608.68,608.97,367078,5870,609.25
2025-02-20T10:25:00.000,608.985,609.18,608.81,609.11,199774,6771,609.24
2025-02-20T10:30:00.000,609.1,609.52,609.0259,609.12,241277,4653,609.25
2025-02-20T10:35:00.000,609.16,609.2,608.42,608.73,370026,6100,609.22
2025-02-20T10:40:00.000,608.68,608.79,608.34,608.51,202250,4253,609.21
2025-02-20T10:45:00.000,608.5,608.6,607.8,607.87,359070,5531,609.16
2025-02-20T10:50:00.000,607.86,607.9,607.43,607.49,412540,6128,609.09
2025-02-20T10:55:00.000,607.52,607.7954,607.08,607.35,304946,5668,609.03
2025-02-20T11:00:00.000,607.35,607.87,607.23,607.42,473218,6283,608.98
2025-02-20T11:05:00.000,607.445,608.2,607.39,608.13,347101,5650,608.94
2025-02-20T11:10:00.000,608.12,608.45,608.12,608.1706,362112,5427,608.92
2025-02-20T11:15:00.000,608.18,608.2,607.51,607.6201,377498,4944,608.88
2025-02-20T11:20:00.000,607.62,608.12,607.61,608.02,277494,4460,608.85
2025-02-20T11:25:00.000,608.0,608.33,607.86,608.26,201562,4288,608.84
2025-02-20T11:30:00.000,608.255,608.42,607.74,607.84,192942,3901,608.83
2025-02-20T11:35:00.000,607.83,607.86,607.1,607.581,500568,5309,608.78
2025-02-20T11:40:00.000,607.61,608.03,607.5,607.99,322170,3965,608.76
2025-02-20T11:45:00.000,607.99,608.04,607.48,607.59,521765,4274,608.74
2025-02-20T11:50:00.000,607.56,607.96,607.45,607.66,458912,3637,608.73
2025-02-20T11:55:00.000,607.67,607.6797,607.44,607.46,120691,3024,608.72
2025-02-20T12:00:00.000,607.45,608.1,607.28,608.042,211901,4019,608.7
2025-02-20T12:05:00.000,608.03,608.425,608.01,608.37,240158,4088,608.69
2025-02-20T12:10:00.000,608.37,608.65,608.31,608.615,464149,4372,608.69
2025-02-20T12:15:00.000,608.61,608.87,608.49,608.76,257625,3918,608.69
2025-02-20T12:20:00.000,608.7851,608.89,608.63,608.795,259844,3645,608.69
2025-02-20T12:25:00.000,608.82,608.9399,607.91,608.79,275776,2773,608.69
2025-02-20T12:30:00.000,608.78,608.98,608.7244,608.85,207179,3205,608.69
2025-02-20T12:35:00.000,608.86,609.06,608.61,608.6975,200356,3457,608.69
2025-02-20T12:40:00.000,608.7,609.0999,608.62,609.05,130963,2906,608.7
2025-02-20T12:45:00.000,608.99,609.03,608.5251,608.5299,118509,2615,608.7
2025-02-20T12:50:00.000,608.53,608.67,608.37,608.495,155866,3006,608.69
2025-02-20T12:55:00.000,608.49,608.49,608.025,608.03,149556,3112,608.69
2025-02-20T13:00:00.000,608.03,608.14,607.77,607.9689,272615,4142,608.68
2025-02-20T13:05:00.000,607.99,608.257,607.91,608.17,225879,3508,608.67
2025-02-20T13:10:00.000,608.1779,608.48,608.04,608.46,264976,3531,608.66
2025-02-20T13:15:00.000,608.455,608.49,607.94,608.015,291629,3180,608.65
2025-02-20T13:20:00.000,608.02,608.05,607.68,607.8357,279215,2963,608.64
2025-02-20T13:25:00.000,607.8349,608.09,607.64,607.96,840956,2718,608.64
2025-02-20T13:30:00.000,607.94,608.38,607.82,608.31,188544,3927,608.63
2025-02-20T13:35:00.000,608.29,608.44,608.16,608.36,120000,2780,608.63
2025-02-20T13:40:00.000,608.365,608.6,608.18,608.6,147055,2913,608.63
2025-02-20T13:45:00.000,608.59,608.67,608.3499,608.43,1116433,2459,608.63
2025-02-20T13:50:00.000,608.42,608.43,608.15,608.28,211722,2702,608.62
2025-02-20T13:55:00.000,608.28,608.76,608.24,608.6,174479,2977,608.62
2025-02-20T14:00:00.000,608.6,608.8296,608.5,608.69,201456,2951,608.62
2025-02-20T14:05:00.000,608.701,608.94,608.67,608.83,249479,3102,608.63
2025-02-20T14:10:00.000,608.8499,609.43,608.8499,609.25,275135,4046,608.64
2025-02-20T14:15:00.000,609.25,609.39,609.13,609.37,422125,3587,608.65
2025-02-20T14:20:00.000,609.37,609.49,609.35,609.36,202374,3224,608.65
2025-02-20T14:25:00.000,609.3609,609.41,609.07,609.17,296637,3159,608.66
2025-02-20T14:30:00.000,609.16,609.24,608.8399,608.89,363239,3639,608.67
2025-02-20T14:35:00.000,608.87,608.97,608.72,608.765,160377,2825,608.67
2025-02-20T14:40:00.000,608.7791,609.16,608.73,609.16,130066,2731,608.67
2025-02-20T14:45:00.000,609.1,609.83,609.09,609.83,312501,4077,608.69
2025-02-20T14:50:00.000,609.82,610.1,609.645,609.87,918754,4455,608.7
2025-02-20T14:55:00.000,609.87,610.0951,609.79,609.86,265442,3536,608.72
2025-02-20T15:00:00.000,609.865,609.96,609.67,609.82,274283,3414,608.74
2025-02-20T15:05:00.000,609.84,609.96,609.6,609.69,388237,3465,608.75
2025-02-20T15:10:00.000,609.71,609.8,609.44,609.61,220841,3258,608.76
2025-02-20T15:15:00.000,609.6199,609.845,609.26,609.7974,255513,3707,608.77
2025-02-20T15:20:00.000,609.8,610.0987,609.8,609.84,310177,3974,608.79
2025-02-20T15:25:00.000,609.86,609.9299,609.66,609.84,457530,3116,608.8
2025-02-20T15:30:00.000,609.84,609.99,609.79,609.94,408814,3974,608.81
2025-02-20T15:35:00.000,609.94,609.94,609.4625,609.62,270703,3917,608.82
2025-02-20T15:40:00.000,609.62,609.97,609.58,609.9201,424444,4018,608.83
2025-02-20T15:45:00.000,609.92,610.38,609.72,610.31,383107,4944,608.86
2025-02-20T15:50:00.000,610.32,610.7,610.01,610.28,1425825,13072,608.95
2025-02-20T15:55:00.000,610.27,610.53,610.06,610.39,2440415,17112,609.08
2025-02-20T16:00:00.000,0.0,0.0,0.0,0.0,7,1,609.08
2025-02-21T09:30:00.000,610.16,610.3,609.5337,609.6345,776629,9212,609.92
2025-02-21T09:35:00.000,609.66,609.9,608.88,609.15,519554,6453,609.64
2025-02-21T09:40:00.000,609.13,609.4,608.97,609.23,579876,5922,609.51
2025-02-21T09:45:00.000,609.25,609.59,608.71,608.77,496693,6754,609.46
2025-02-21T09:50:00.000,608.79,608.88,608.28,608.6199,696155,7194,609.27
2025-02-21T09:55:00.000,608.61,608.72,608.24,608.4701,491438,6277,609.16
2025-02-21T10:00:00.000,608.5,608.5938,607.43,608.1775,2224604,10822,608.91
2025-02-21T10:05:00.000,608.17,608.45,607.54,608.39,614878,6859,608.82
2025-02-21T10:10:00.000,608.37,608.65,607.85,607.9733,817935,7669,608.76
2025-02-21T10:15:00.000,607.97,608.2962,607.75,607.94,278878,4819,608.73
2025-02-21T10:20:00.000,607.94,607.95,607.1,607.281,975008,6537,608.64
2025-02-21T10:25:00.000,607.29,607.51,606.52,606.76,845807,8160,608.5
2025-02-21T10:30:00.000,606.75,607.06,606.2853,606.47,505710,12408,608.38
2025-02-21T10:35:00.000,606.47,607.0,606.46,606.8399,852656,6333,608.32
2025-02-21T10:40:00.000,606.8575,606.8575,605.7697,605.804,564906,6723,608.23
2025-02-21T10:45:00.000,605.78,606.79,605.766,606.41,526281,8526,608.13
2025-02-21T10:50:00.000,606.41,606.57,606.16,606.16,355051,7029,608.07
2025-02-21T10:55:00.000,606.16,606.8399,606.13,606.8399,353148,6631,608.01
2025-02-21T11:00:00.000,606.84,607.2,606.35,606.52,714899,6303,607.96
2025-02-21T11:05:00.000,606.53,606.8533,606.3709,606.565,450139,4479,607.94
2025-02-21T11:10:00.000,606.53,607.14,606.18,607.14,3242483,5796,607.9
2025-02-21T11:15:00.000,607.15,607.35,606.73,607.195,413742,6167,607.87
2025-02-21T11:20:00.000,607.2,607.48,607.19,607.345,299970,5108,607.85
2025-02-21T11:25:00.000,607.34,607.36,606.71,606.94,313094,5647,607.83
2025-02-21T11:30:00.000,606.95,607.36,606.705,607.2199,296576,5091,607.81
2025-02-21T11:35:00.000,607.2,607.5,607.01,607.37,176900,4163,607.8
2025-02-21T11:40:00.000,607.38,607.46,606.82,606.8893,240443,3999,607.79
2025-02-21T11:45:00.000,606.87,606.9799,606.54,606.77,311471,4450,607.76
2025-02-21T11:50:00.000,606.75,606.76,606.31,606.44,543369,5556,607.72
2025-02-21T11:55:00.000,606.45,607.12,606.425,606.805,315644,5482,607.7
2025-02-21T12:00:00.000,606.8,607.1292,606.74,607.02,1415692,4699,607.69
2025-02-21T12:05:00.000,607.0307,607.0975,606.56,606.59,159965,4202,607.69
2025-02-21T12:10:00.000,606.61,606.65,606.26,606.405,277298,4955,607.66
2025-02-21T12:15:00.000,606.4,606.44,605.6,605.7,1053119,7715,607.59
2025-02-21T12:20:00.000,605.67,605.8,605.16,605.6,507574,7913,607.52
2025-02-21T12:25:00.000,605.595,605.881,605.56,605.7199,187826,4027,607.5
2025-02-21T12:30:00.000,605.755,605.79,605.28,605.28,325579,3955,607.48
2025-02-21T12:35:00.000,605.29,605.53,604.54,604.74,1099923,9746,607.36
2025-02-21T12:40:00.000,604.75,605.17,604.59,605.07,511814,5919,607.3
2025-02-21T12:45:00.000,605.07,605.08,604.5798,604.62,262941,4853,607.26
2025-02-21T12:50:00.000,604.6362,604.69,604.2534,604.27,444335,6716,607.19
2025-02-21T12:55:00.000,604.27,604.445,603.62,603.82,1968722,8431,607.08
2025-02-21T13:00:00.000,603.83,603.8493,603.09,603.23,773072,9478,606.92
2025-02-21T13:05:00.000,603.22,603.4,602.72,602.79,611720,9161,606.79
2025-02-21T13:10:00.000,602.8,602.96,602.21,602.95,1302860,11633,606.57
2025-02-21T13:15:00.000,602.93,603.5398,602.7509,602.85,704297,8746,606.45
2025-02-21T13:20:00.000,602.8599,603.01,602.53,602.69,516174,6598,606.36
2025-02-21T13:25:00.000,602.6587,603.05,602.1001,602.16,489051,6983,606.27
2025-02-21T13:30:00.000,602.145,602.19,601.59,602.05,1330663,9783,606.16
2025-02-21T13:35:00.000,602.06,603.225,602.01,602.38873,934626,10044,606.03
2025-02-21T13:40:00.000,602.42,602.71,601.82,601.8399,348442,5570,605.97
2025-02-21T13:45:00.000,601.83,602.05,601.74,601.91,852491,5227,605.91
2025-02-21T13:50:00.000,601.88,602.23,601.81,602.21,332879,5756,605.86
2025-02-21T13:55:00.000,602.19,602.21,601.57,601.7535,528865,6073,605.79
2025-02-21T14:00:00.000,601.76,601.91,601.23,601.365,784336,7577,605.67
2025-02-21T14:05:00.000,601.35,601.75,601.25,601.75,593146,6796,605.59
2025-02-21T14:10:00.000,601.76,602.33,601.43,602.14,576999,7647,605.51
2025-02-21T14:15:00.000,602.145,602.145,601.34,601.37,522149,5887,605.45
2025-02-21T14:20:00.000,601.33,601.37,600.45,600.67,730119,8873,605.35
2025-02-21T14:25:00.000,600.67,600.71,599.65,599.91,917281,11992,605.18
2025-02-21T14:30:00.000,599.9099,600.645,599.8101,600.15,804782,9046,605.07
2025-02-21T14:35:00.000,600.15,600.29,599.62,599.78,448667,7713,604.99
2025-02-21T14:40:00.000,599.81,600.14,599.47,600.09,638632,9391,604.88
2025-02-21T14:45:00.000,600.07,600.2,599.7,599.94,844776,8054,604.8
2025-02-21T14:50:00.000,599.95,600.66,599.935,600.1,742560,9748,604.7
2025-02-21T14:55:00.000,600.0899,600.61,600.0,600.035,986184,8575,604.63
2025-02-21T15:00:00.000,600.03,600.42,599.76,600.02,502577,7433,604.56
2025-02-21T15:05:00.000,600.025,600.25,599.88,599.93,309050,6413,604.52
2025-02-21T15:10:00.000,599.96,600.48,599.66,600.15,1042023,8818,604.41
2025-02-21T15:15:00.000,600.14,600.35,599.8685,600.27,1868184,8686,604.32
2025-02-21T15:20:00.000,600.26,600.64,600.09,600.59,578343,7902,604.26
2025-02-21T15:25:00.000,600.61,600.64,600.29,600.56,592794,8502,604.2
2025-02-21T15:30:00.000,600.58,600.91,600.37,600.67,812572,10383,604.13
2025-02-21T15:35:00.000,600.66,600.74,600.2508,600.59,793944,8290,604.06
2025-02-21T15:40:00.000,600.59,600.69,600.035,600.04,1564040,11651,603.94
2025-02-21T15:45:00.000,600.06,600.34,599.71,600.18,1611027,14996,603.8
2025-02-21T15:50:00.000,600.17,600.54,599.94,600.37,1937704,16514,603.68
2025-02-21T15:55:00.000,600.36,600.49,599.5,600.0,3924784,30940,603.36
2025-02-21T16:00:00.000,600.0,600.0,600.0,600.0,651,3,603.36
2025-02-22T09:30:00.000,0.0,0.0,0.0,0.0,0,0,0.0
2025-02-22T09:35:00.000,0.0,0.0,0.0,0.0,0,0,0.0
2025-02-22T09:40:00.000,0.0,0.0,0.0,0.0,0,0,0.0
2025-02-22T09:45:00.000,0.0,0.0,0.0,0.0,0,0,0.0
2025-02-22T09:50:00.000,0.0,0.0,0.0,0.0,0,0,0.0
2025-02-22T09:55:00.000,0.0,0.0,0.0,0.0,0,0,0.0
2025-02-22T10:00:00.000,0.0,0.0,0.0,0.0,0,0,0.0
2025-02-22T10:05:00.000,0.0,0.0,0.0,0.0,0,0,0.0
2025-02-22T10:10:00.000,0.0,0.0,0.0,0.0,0,0,0.0
2025-02-22T10:15:00.000,0.0,0.0,0.0,0.0,0,0,0.0
2025-02-22T10:20:00.000,0.0,0.0,0.0,0.0,0,0,0.0
2025-02-22T10:25:00.000,0.0,0.0,0.0,0.0,0,0,0.0
2025-02-22T10:30:00.000,0.0,0.0,0.0,0.0,0,0,0.0
2025-02-22T10:35:00.000,0.0,0.0,0.0,0.0,0,0,0.0
2025-02-22T10:40:00.000,0.0,0.0,0.0,0.0,0,0,0.0
2025-02-22T10:45:00.000,0.0,0.0,0.0,0.0,0,0,0.0
2025-02-22T10:50:00.000,0.0,0.0,0.0,0.0,0,0,0.0
2025-02-22T10:55:00.000,0.0,0.0,0.0,0.0,0,0,0.0
2025-02-22T11:00:00.000,0.0,0.0,0.0,0.0,0,0,0.0
2025-02-22T11:05:00.000,0.0,0.0,0.0,0.0,0,0,0.0
2025-02-22T11:10:00.000,0.0,0.0,0.0,0.0,0,0,0.0
2025-02-22T11:15:00.000,0.0,0.0,0.0,0.0,0,0,0.0
2025-02-22T11:20:00.000,0.0,0.0,0.0,0.0,0,0,0.0
2025-02-22T11:25:00.000,0.0,0.0,0.0,0.0,0,0,0.0
2025-02-22T11:30:00.000,0.0,0.0,0.0,0.0,0,0,0.0
2025-02-22T11:35:00.000,0.0,0.0,0.0,0.0,0,0,0.0
2025-02-22T11:40:00.000,0.0,0.0,0.0,0.0,0,0,0.0
2025-02-22T11:45:00.000,0.0,0.0,0.0,0.0,0,0,0.0
2025-02-22T11:50:00.000,0.0,0.0,0.0,0.0,0,0,0.0
2025-02-22T11:55:00.000,0.0,0.0,0.0,0.0,0,0,0.0
2025-02-22T12:00:00.000,0.0,0.0,0.0,0.0,0,0,0.0
2025-02-22T12:05:00.000,0.0,0.0,0.0,0.0,0,0,0.0
2025-02-22T12:10:00.000,0.0,0.0,0.0,0.0,0,0,0.0
2025-02-22T12:15:00.000,0.0,0.0,0.0,0.0,0,0,0.0
2025-02-22T12:20:00.000,0.0,0.0,0.0,0.0,0,0,0.0
2025-02-22T12:25:00.000,0.0,0.0,0.0,0.0,0,0,0.0
2025-02-22T12:30:00.000,0.0,0.0,0.0,0.0,0,0,0.0
2025-02-22T12:35:00.000,0.0,0.0,0.0,0.0,0,0,0.0
2025-02-22T12:40:00.000,0.0,0.0,0.0,0.0,0,0,0.0
2025-02-22T12:45:00.000,0.0,0.0,0.0,0.0,0,0,0.0
2025-02-22T12:50:00.000,0.0,0.0,0.0,0.0,0,0,0.0
2025-02-22T12:55:00.000,0.0,0.0,0.0,0.0,0,0,0.0
2025-02-22T13:00:00.000,0.0,0.0,0.0,0.0,0,0,0.0
2025-02-22T13:05:00.000,0.0,0.0,0.0,0.0,0,0,0.0
2025-02-22T13:10:00.000,0.0,0.0,0.0,0.0,0,0,0.0
2025-02-22T13:15:00.000,0.0,0.0,0.0,0.0,0,0,0.0
2025-02-22T13:20:00.000,0.0,0.0,0.0,0.0,0,0,0.0
2025-02-22T13:25:00.000,0.0,0.0,0.0,0.0,0,0,0.0
2025-02-22T13:30:00.000,0.0,0.0,0.0,0.0,0,0,0.0
2025-02-22T13:35:00.000,0.0,0.0,0.0,0.0,0,0,0.0
2025-02-22T13:40:00.000,0.0,0.0,0.0,0.0,0,0,0.0
2025-02-22T13:45:00.000,0.0,0.0,0.0,0.0,0,0,0.0
2025-02-22T13:50:00.000,0.0,0.0,0.0,0.0,0,0,0.0
2025-02-22T13:55:00.000,0.0,0.0,0.0,0.0,0,0,0.0
2025-02-22T14:00:00.000,0.0,0.0,0.0,0.0,0,0,0.0
2025-02-22T14:05:00.000,0.0,0.0,0.0,0.0,0,0,0.0
2025-02-22T14:10:00.000,0.0,0.0,0.0,0.0,0,0,0.0
2025-02-22T14:15:00.000,0.0,0.0,0.0,0.0,0,0,0.0
2025-02-22T14:20:00.000,0.0,0.0,0.0,0.0,0,0,0.0
2025-02-22T14:25:00.000,0.0,0.0,0.0,0.0,0,0,0.0
2025-02-22T14:30:00.000,0.0,0.0,0.0,0.0,0,0,0.0
2025-02-22T14:35:00.000,0.0,0.0,0.0,0.0,0,0,0.0
2025-02-22T14:40:00.000,0.0,0.0,0.0,0.0,0,0,0.0
2025-02-22T14:45:00.000,0.0,0.0,0.0,0.0,0,0,0.0
2025-02-22T14:50:00.000,0.0,0.0,0.0,0.0,0,0,0.0
2025-02-22T14:55:00.000,0.0,0.0,0.0,0.0,0,0,0.0
2025-02-22T15:00:00.000,0.0,0.0,0.0,0.0,0,0,0.0
2025-02-22T15:05:00.000,0.0,0.0,0.0,0.0,0,0,0.0
2025-02-22T15:10:00.000,0.0,0.0,0.0,0.0,0,0,0.0
2025-02-22T15:15:00.000,0.0,0.0,0.0,0.0,0,0,0.0
2025-02-22T15:20:00.000,0.0,0.0,0.0,0.0,0,0,0.0
2025-02-22T15:25:00.000,0.0,0.0,0.0,0.0,0,0,0.0
2025-02-22T15:30:00.000,0.0,0.0,0.0,0.0,0,0,0.0
2025-02-22T15:35:00.000,0.0,0.0,0.0,0.0,0,0,0.0
2025-02-22T15:40:00.000,0.0,0.0,0.0,0.0,0,0,0.0
2025-02-22T15:45:00.000,0.0,0.0,0.0,0.0,0,0,0.0
2025-02-22T15:50:00.000,0.0,0.0,0.0,0.0,0,0,0.0
2025-02-22T15:55:00.000,0.0,0.0,0.0,0.0,0,0,0.0
2025-02-22T16:00:00.000,0.0,0.0,0.0,0.0,0,0,0.0
2025-02-23T09:30:00.000,0.0,0.0,0.0,0.0,0,0,0.0
2025-02-23T09:35:00.000,0.0,0.0,0.0,0.0,0,0,0.0
2025-02-23T09:40:00.000,0.0,0.0,0.0,0.0,0,0,0.0
2025-02-23T09:45:00.000,0.0,0.0,0.0,0.0,0,0,0.0
2025-02-23T09:50:00.000,0.0,0.0,0.0,0.0,0,0,0.0
2025-02-23T09:55:00.000,0.0,0.0,0.0,0.0,0,0,0.0
2025-02-23T10:00:00.000,0.0,0.0,0.0,0.0,0,0,0.0
2025-02-23T10:05:00.000,0.0,0.0,0.0,0.0,0,0,0.0
2025-02-23T10:10:00.000,0.0,0.0,0.0,0.0,0,0,0.0
2025-02-23T10:15:00.000,0.0,0.0,0.0,0.0,0,0,0.0
2025-02-23T10:20:00.000,0.0,0.0,0.0,0.0,0,0,0.0
2025-02-23T10:25:00.000,0.0,0.0,0.0,0.0,0,0,0.0
2025-02-23T10:30:00.000,0.0,0.0,0.0,0.0,0,0,0.0
2025-02-23T10:35:00.000,0.0,0.0,0.0,0.0,0,0,0.0
2025-02-23T10:40:00.000,0.0,0.0,0.0,0.0,0,0,0.0
2025-02-23T10:45:00.000,0.0,0.0,0.0,0.0,0,0,0.0
2025-02-23T10:50:00.000,0.0,0.0,0.0,0.0,0,0,0.0
2025-02-23T10:55:00.000,0.0,0.0,0.0,0.0,0,0,0.0
2025-02-23T11:00:00.000,0.0,0.0,0.0,0.0,0,0,0.0
2025-02-23T11:05:00.000,0.0,0.0,0.0,0.0,0,0,0.0
2025-02-23T11:10:00.000,0.0,0.0,0.0,0.0,0,0,0.0
2025-02-23T11:15:00.000,0.0,0.0,0.0,0.0,0,0,0.0
2025-02-23T11:20:00.000,0.0,0.0,0.0,0.0,0,0,0.0
2025-02-23T11:25:00.000,0.0,0.0,0.0,0.0,0,0,0.0
2025-02-23T11:30:00.000,0.0,0.0,0.0,0.0,0,0,0.0
2025-02-23T11:35:00.000,0.0,0.0,0.0,0.0,0,0,0.0
2025-02-23T11:40:00.000,0.0,0.0,0.0,0.0,0,0,0.0
2025-02-23T11:45:00.000,0.0,0.0,0.0,0.0,0,0,0.0
2025-02-23T11:50:00.000,0.0,0.0,0.0,0.0,0,0,0.0
2025-02-23T11:55:00.000,0.0,0.0,0.0,0.0,0,0,0.0
2025-02-23T12:00:00.000,0.0,0.0,0.0,0.0,0,0,0.0
2025-02-23T12:05:00.000,0.0,0.0,0.0,0.0,0,0,0.0
2025-02-23T12:10:00.000,0.0,0.0,0.0,0.0,0,0,0.0
2025-02-23T12:15:00.000,0.0,0.0,0.0,0.0,0,0,0.0
2025-02-23T12:20:00.000,0.0,0.0,0.0,0.0,0,0,0.0
2025-02-23T12:25:00.000,0.0,0.0,0.0,0.0,0,0,0.0
2025-02-23T12:30:00.000,0.0,0.0,0.0,0.0,0,0,0.0
2025-02-23T12:35:00.000,0.0,0.0,0.0,0.0,0,0,0.0
2025-02-23T12:40:00.000,0.0,0.0,0.0,0.0,0,0,0.0
2025-02-23T12:45:00.000,0.0,0.0,0.0,0.0,0,0,0.0
2025-02-23T12:50:00.000,0.0,0.0,0.0,0.0,0,0,0.0
2025-02-23T12:55:00.000,0.0,0.0,0.0,0.0,0,0,0.0
2025-02-23T13:00:00.000,0.0,0.0,0.0,0.0,0,0,0.0
2025-02-23T13:05:00.000,0.0,0.0,0.0,0.0,0,0,0.0
2025-02-23T13:10:00.000,0.0,0.0,0.0,0.0,0,0,0.0
2025-02-23T13:15:00.000,0.0,0.0,0.0,0.0,0,0,0.0
2025-02-23T13:20:00.000,0.0,0.0,0.0,0.0,0,0,0.0
2025-02-23T13:25:00.000,0.0,0.0,0.0,0.0,0,0,0.0
2025-02-23T13:30:00.000,0.0,0.0,0.0,0.0,0,0,0.0
2025-02-23T13:35:00.000,0.0,0.0,0.0,0.0,0,0,0.0
2025-02-23T13:40:00.000,0.0,0.0,0.0,0.0,0,0,0.0
2025-02-23T13:45:00.000,0.0,0.0,0.0,0.0,0,0,0.0
2025-02-23T13:50:00.000,0.0,0.0,0.0,0.0,0,0,0.0
2025-02-23T13:55:00.000,0.0,0.0,0.0,0.0,0,0,0.0
2025-02-23T14:00:00.000,0.0,0.0,0.0,0.0,0,0,0.0
2025-02-23T14:05:00.000,0.0,0.0,0.0,0.0,0,0,0.0
2025-02-23T14:10:00.000,0.0,0.0,0.0,0.0,0,0,0.0
2025-02-23T14:15:00.000,0.0,0.0,0.0,0.0,0,0,0.0
2025-02-23T14:20:00.000,0.0,0.0,0.0,0.0,0,0,0.0
2025-02-23T14:25:00.000,0.0,0.0,0.0,0.0,0,0,0.0
2025-02-23T14:30:00.000,0.0,0.0,0.0,0.0,0,0,0.0
2025-02-23T14:35:00.000,0.0,0.0,0.0,0.0,0,0,0.0
2025-02-23T14:40:00.000,0.0,0.0,0.0,0.0,0,0,0.0
2025-02-23T14:45:00.000,0.0,0.0,0.0,0.0,0,0,0.0
2025-02-23T14:50:00.000,0.0,0.0,0.0,0.0,0,0,0.0
2025-02-23T14:55:00.000,0.0,0.0,0.0,0.0,0,0,0.0
2025-02-23T15:00:00.000,0.0,0.0,0.0,0.0,0,0,0.0
2025-02-23T15:05:00.000,0.0,0.0,0.0,0.0,0,0,0.0
2025-02-23T15:10:00.000,0.0,0.0,0.0,0.0,0,0,0.0
2025-02-23T15:15:00.000,0.0,0.0,0.0,0.0,0,0,0.0
2025-02-23T15:20:00.000,0.0,0.0,0.0,0.0,0,0,0.0
2025-02-23T15:25:00.000,0.0,0.0,0.0,0.0,0,0,0.0
2025-02-23T15:30:00.000,0.0,0.0,0.0,0.0,0,0,0.0
2025-02-23T15:35:00.000,0.0,0.0,0.0,0.0,0,0,0.0
2025-02-23T15:40:00.000,0.0,0.0,0.0,0.0,0,0,0.0
2025-02-23T15:45:00.000,0.0,0.0,0.0,0.0,0,0,0.0
2025-02-23T15:50:00.000,0.0,0.0,0.0,0.0,0,0,0.0
2025-02-23T15:55:00.000,0.0,0.0,0.0,0.0,0,0,0.0
2025-02-23T16:00:00.000,0.0,0.0,0.0,0.0,0,0,0.0
2025-02-24T09:30:00.000,602.02,603.03,601.77,602.145,1373751,19361,602.11
2025-02-24T09:35:00.000,602.13,602.2,601.075,601.27,777500,10510,601.92
2025-02-24T09:40:00.000,601.26,601.6,600.65,601.06,683755,10521,601.73
2025-02-24T09:45:00.000,601.08,601.32,600.36,600.595,539023,8820,601.6
2025-02-24T09:50:00.000,600.58,600.62,599.35,599.59,851363,15498,601.27
2025-02-24T09:55:00.000,599.56,599.57,598.6313,598.76,900935,14385,600.92
2025-02-24T10:00:00.000,598.76,599.17,597.09,597.37,1431325,23424,600.3
2025-02-24T10:05:00.000,597.37,598.26,596.49,597.9,1533509,21703,599.69
2025-02-24T10:10:00.000,597.92,599.12,597.84,598.99,833197,12551,599.58
2025-02-24T10:15:00.000,598.95,599.445,598.11,598.32,816408,11790,599.52
2025-02-24T10:20:00.000,598.31,599.22,598.3,599.1,569070,8986,599.49
2025-02-24T10:25:00.000,599.08,599.14,597.81,597.95,583769,8864,599.43
2025-02-24T10:30:00.000,597.93,598.45,597.67,597.85,442543,8369,599.38
2025-02-24T10:35:00.000,597.86,598.23,597.46,597.98,519304,7797,599.33
2025-02-24T10:40:00.000,597.955,598.3,597.53,597.64,440120,6912,599.29
2025-02-24T10:45:00.000,597.67,598.012,597.28,597.99,376563,7626,599.25
2025-02-24T10:50:00.000,597.97,598.25,597.1101,597.26,478252,8353,599.19
2025-02-24T10:55:00.000,597.28,597.87,596.75,597.7,443918,8262,599.12
2025-02-24T11:00:00.000,597.72,598.13,597.47,598.03,348191,7337,599.09
2025-02-24T11:05:00.000,598.02,598.65,597.99,598.13,432487,8047,599.07
2025-02-24T11:10:00.000,598.12,598.52,597.982,598.45,306974,6610,599.05
2025-02-24T11:15:00.000,598.48,598.95,598.39,598.92,375735,6529,599.04
2025-02-24T11:20:00.000,598.945,599.29,598.81,599.24,358897,6374,599.04
2025-02-24T11:25:00.000,599.25,600.38,599.17,600.0962,827518,9188,599.09
2025-02-24T11:30:00.000,600.13,600.59,600.13,600.215,399231,6878,599.12
2025-02-24T11:35:00.000,600.2,600.47,599.4019,599.475,382103,6247,599.14
2025-02-24T11:40:00.000,599.4698,600.8,599.4536,600.3,356108,6317,599.16
2025-02-24T11:45:00.000,600.33,600.78,600.26,600.48,283045,5068,599.18
2025-02-24T11:50:00.000,600.5,600.65,600.1228,600.435,213249,4845,599.19
2025-02-24T11:55:00.000,600.44,600.45,599.83,599.97,284135,5602,599.21
2025-02-24T12:00:00.000,599.98,600.7,599.8201,600.66,274922,5257,599.22
2025-02-24T12:05:00.000,600.65,600.85,600.01,600.43,222096,4650,599.23
2025-02-24T12:10:00.000,600.44,600.83,600.21,600.4,221600,4349,599.25
2025-02-24T12:15:00.000,600.44,601.43,600.44,601.31,321675,4929,599.28
2025-02-24T12:20:00.000,601.32,601.58,601.16,601.3,272336,5492,599.31
2025-02-24T12:25:00.000,601.3,601.53,600.97,601.04,252374,4767,599.33
2025-02-24T12:30:00.000,601.08,601.08,600.6243,600.85,167161,3648,599.34
2025-02-24T12:35:00.000,600.81,601.39,600.7,601.3101,197891,3843,599.36
2025-02-24T12:40:00.000,601.3233,601.6,601.27,601.53,231089,4312,599.38
2025-02-24T12:45:00.000,601.55,601.85,601.25,601.5,172917,4149,599.4
2025-02-24T12:50:00.000,601.49,601.49,600.84,600.96,144151,3822,599.41
2025-02-24T12:55:00.000,600.93,601.38,600.55,600.635,364417,4758,599.43
2025-02-24T13:00:00.000,600.644,600.83,600.53,600.76,145842,3963,599.44
2025-02-24T13:05:00.000,600.77,601.08,600.59,601.0799,323188,3794,599.45
2025-02-24T13:10:00.000,601.05,601.19,600.68,600.952,105170,3141,599.46
2025-02-24T13:15:00.000,600.96,601.71,600.915,601.54,210918,4263,599.48
2025-02-24T13:20:00.000,601.5,601.55,601.08,601.33,248630,3452,599.48
2025-02-24T13:25:00.000,601.34,601.68,601.34,601.41,149987,3752,599.5
2025-02-24T13:30:00.000,601.39,601.48,601.07,601.35,159136,4436,599.51
2025-02-24T13:35:00.000,601.29,601.498,601.095,601.33,134279,3561,599.52
2025-02-24T13:40:00.000,601.32,601.6133,601.2432,601.42,102878,3271,599.53
2025-02-24T13:45:00.000,601.45,601.59,600.88,601.017,140126,3624,599.54
2025-02-24T13:50:00.000,601.0,601.12,600.68,601.0577,201098,3691,599.54
2025-02-24T13:55:00.000,601.05,601.13,600.36,600.64,298205,4222,599.55
2025-02-24T14:00:00.000,600.62,601.37,600.575,601.33,420805,5850,599.58
2025-02-24T14:05:00.000,601.32,601.43,600.66,600.855,219199,4737,599.59
2025-02-24T14:10:00.000,600.86,600.86,600.38,600.66,255161,4307,599.6
2025-02-24T14:15:00.000,600.66,600.77,600.03,600.14,237313,4388,599.61
2025-02-24T14:20:00.000,600.13,600.342,599.84,600.235,381807,5961,599.62
2025-02-24T14:25:00.000,600.22,600.41,599.99,600.07,245623,4083,599.62
2025-02-24T14:30:00.000,600.06,600.66,599.99,600.5799,387819,5252,599.63
2025-02-24T14:35:00.000,600.56,600.56,600.18,600.305,287351,4130,599.64
2025-02-24T14:40:00.000,600.3,600.375,599.82,599.96,269058,4627,599.65
2025-02-24T14:45:00.000,600.02,600.06,599.72,599.95,353221,4147,599.65
2025-02-24T14:50:00.000,599.94,600.2,599.75,599.78,287764,4732,599.65
2025-02-24T14:55:00.000,599.8,599.81,599.39,599.78,302126,4622,599.65
2025-02-24T15:00:00.000,599.81,599.86,599.05,599.43,502037,6611,599.65
2025-02-24T15:05:00.000,599.4499,599.87,599.3,599.695,285560,4905,599.65
2025-02-24T15:10:00.000,599.705,599.705,599.45,599.655,343503,4373,599.65
2025-02-24T15:15:00.000,599.655,600.03,598.9,599.68,936240,9924,599.65
2025-02-24T15:20:00.000,599.66,600.02,599.26,599.26,815849,10160,599.65
2025-02-24T15:25:00.000,599.27,599.55,599.05,599.1,455378,7134,599.64
2025-02-24T15:30:00.000,599.11,599.72,599.095,599.545,568132,6764,599.64
2025-02-24T15:35:00.000,599.53,599.72,599.17,599.19,917556,8104,599.63
2025-02-24T15:40:00.000,599.18,599.22,598.63,598.84,981868,11075,599.61
2025-02-24T15:45:00.000,598.84,599.34,598.6203,599.17,756770,9076,599.6
2025-02-24T15:50:00.000,599.19,599.31,597.3,597.47,2097682,14904,599.53
2025-02-24T15:55:00.000,597.46,597.68,596.64,597.2,5149354,29379,599.2
2025-02-24T16:00:00.000,597.2,597.2,597.2,597.2,532,2,599.2
2025-02-25T09:30:00.000,597.15,597.87,596.4899,597.505,1209533,14853,597.25
2025-02-25T09:35:00.000,597.47,597.89,596.82,597.72,1003389,9534,597.31
2025-02-25T09:40:00.000,597.71,597.72,596.39,596.4,513211,7626,597.25
2025-02-25T09:45:00.000,596.4,596.87,595.76,596.0,896229,10610,597.04
2025-02-25T09:50:00.000,596.01,596.105,594.25,594.48,1110796,15178,596.49
2025-02-25T09:55:00.000,594.495,595.88,594.495,595.23,976626,13138,596.27
2025-02-25T10:00:00.000,595.25,595.28,593.47,593.64,1244272,15705,595.79
2025-02-25T10:05:00.000,593.64,594.19,593.16,593.76,1038466,13446,595.49
2025-02-25T10:10:00.000,593.79,594.21,592.495,592.62,972149,18084,595.21
2025-02-25T10:15:00.000,592.6,593.19,591.6,591.6001,1175930,17354,594.86
2025-02-25T10:20:00.000,591.6,592.2125,591.02,591.23,1960612,19473,594.35
2025-02-25T10:25:00.000,591.23,591.84,590.67,590.85,907345,14781,594.11
2025-02-25T10:30:00.000,590.86,591.26,590.5033,591.21,1162545,14915,593.88
2025-02-25T10:35:00.000,591.21,592.38,591.1329,592.3,1508069,16888,593.69
2025-02-25T10:40:00.000,592.25,592.78,591.51,592.26,845677,14049,593.6
2025-02-25T10:45:00.000,592.19,592.56,591.54,592.39,654276,11480,593.54
2025-02-25T10:50:00.000,592.3899,593.33,592.2,593.19,595135,11115,593.52
2025-02-25T10:55:00.000,593.13,593.44,592.23,592.33,486048,9082,593.51
2025-02-25T11:00:00.000,592.34,592.42,590.97,591.465,1703677,11973,593.43
2025-02-25T11:05:00.000,591.4792,592.14,591.09,591.71,664364,11314,593.36
2025-02-25T11:10:00.000,591.73,592.34,591.64,591.93,439303,8772,593.32
2025-02-25T11:15:00.000,591.93,592.21,591.5,591.7,472249,7612,593.3
2025-02-25T11:20:00.000,591.73,592.01,591.27,591.74,401375,8860,593.27
2025-02-25T11:25:00.000,591.78,591.92,590.73,590.87,423651,8873,593.22
2025-02-25T11:30:00.000,590.85,591.22,589.56,590.63,1061279,18242,593.08
2025-02-25T11:35:00.000,590.58,591.34,590.15,591.18,696893,9490,593.02
2025-02-25T11:40:00.000,591.17,591.23,590.63,591.09,311995,6462,593.0
2025-02-25T11:45:00.000,591.095,592.21,590.94,592.17,518109,9159,592.96
2025-02-25T11:50:00.000,592.14,592.61,592.1,592.49,426712,7207,592.95
2025-02-25T11:55:00.000,592.415,593.8084,592.17,593.2,631004,10040,592.96
2025-02-25T12:00:00.000,593.13,593.36,592.71,592.775,354151,6042,592.96
2025-02-25T12:05:00.000,592.79,592.9499,592.53,592.705,274763,5285,592.96
2025-02-25T12:10:00.000,592.72,593.2,592.62,592.7562,294280,5488,592.96
2025-02-25T12:15:00.000,592.7,593.02,592.57,592.78,265141,4989,592.96
2025-02-25T12:20:00.000,592.72,592.95,592.12,592.83,352778,5873,592.95
2025-02-25T12:25:00.000,592.84,593.69,592.69,593.68,337820,6344,592.95
2025-02-25T12:30:00.000,593.67,593.98,593.46,593.79,608661,8911,592.97
2025-02-25T12:35:00.000,593.77,594.44,593.635,594.06,498946,7010,592.99
2025-02-25T12:40:00.000,594.1,594.51,594.0403,594.1225,314316,5740,593.01
2025-02-25T12:45:00.000,594.14,594.27,593.86,594.1,248559,5233,593.02
2025-02-25T12:50:00.000,594.1,594.55,594.07,594.38,204565,5169,593.03
2025-02-25T12:55:00.000,594.39,594.8,594.3418,594.79,410450,5042,593.04
2025-02-25T13:00:00.000,594.78,595.57,594.78,595.495,747228,7533,593.09
2025-02-25T13:05:00.000,595.45,596.18,595.385,595.7,502370,7096,593.14
2025-02-25T13:10:00.000,595.74,595.889,594.895,594.96,594136,6024,593.17
2025-02-25T13:15:00.000,594.95,595.21,594.59,594.6,256891,4989,593.19
2025-02-25T13:20:00.000,594.64,595.17,594.56,594.99,233640,4822,593.2
2025-02-25T13:25:00.000,594.99,595.015,593.64,593.7,338076,5472,593.22
2025-02-25T13:30:00.000,593.705,594.28,593.61,594.09,595513,7565,593.23
2025-02-25T13:35:00.000,594.13,595.66,594.03,595.58,320779,6819,593.24
2025-02-25T13:40:00.000,595.57,595.87,595.36,595.6,418565,6923,593.28
2025-02-25T13:45:00.000,595.59,595.83,595.4184,595.56,331271,4472,593.29
2025-02-25T13:50:00.000,595.62,595.66,594.805,595.05,356395,5441,593.31
2025-02-25T13:55:00.000,595.05,595.17,594.61,594.71,249460,4303,593.32
2025-02-25T14:00:00.000,594.65,594.88,594.38,594.58,270103,4820,593.34
2025-02-25T14:05:00.000,594.54,594.63,594.33,594.6,287730,5020,593.35
2025-02-25T14:10:00.000,594.52,594.52,593.54,593.57,317883,5264,593.35
2025-02-25T14:15:00.000,593.55,593.89,593.01,593.79,620983,8676,593.35
2025-02-25T14:20:00.000,593.73,593.73,593.14,593.26,299797,5435,593.35
2025-02-25T14:25:00.000,593.29,593.4618,593.02,593.07,209957,4610,593.35
2025-02-25T14:30:00.000,593.04,593.99,593.02,593.945,649071,6154,593.36
2025-02-25T14:35:00.000,593.945,595.13,593.3612,595.08,524324,7958,593.37
2025-02-25T14:40:00.000,595.07,595.58,594.97,595.31,1058519,9415,593.43
2025-02-25T14:45:00.000,595.3298,595.41,594.38,595.22,396708,5921,593.44
2025-02-25T14:50:00.000,595.23,595.46,595.07,595.2785,212242,4263,593.45
2025-02-25T14:55:00.000,595.2,595.46,595.09,595.24,424994,5548,593.47
2025-02-25T15:00:00.000,595.23,595.73,594.86,595.4,983707,7979,593.49
2025-02-25T15:05:00.000,595.44,595.85,595.2,595.23,484835,6904,593.52
2025-02-25T15:10:00.000,595.27,595.36,594.74,595.19,556298,5036,593.54
2025-02-25T15:15:00.000,595.18,595.74,594.955,595.6599,532283,4592,593.55
2025-02-25T15:20:00.000,595.66,596.64,595.53,596.57,456636,7034,593.58
2025-02-25T15:25:00.000,596.585,596.62,595.64,595.89,480824,5926,593.62
2025-02-25T15:30:00.000,595.9,596.02,595.15,595.54,427940,6899,593.64
2025-02-25T15:35:00.000,595.52,595.735,594.19,594.27,734123,9002,593.66
2025-02-25T15:40:00.000,594.29,594.58,593.87,594.15,718953,8716,593.67
2025-02-25T15:45:00.000,594.12,594.73,593.98,594.61,889651,8510,593.68
2025-02-25T15:50:00.000,594.6,594.87,593.57,593.71,1246734,12506,593.7
2025-02-25T15:55:00.000,593.71,594.83,593.65,594.21,3176797,20523,593.73
2025-02-25T16:00:00.000,594.19,594.19,594.19,594.19,100,1,593.73
2025-02-26T09:30:00.000,595.93,596.12,595.1,595.245,1612050,14870,595.54
2025-02-26T09:35:00.000,595.25,596.5,595.1,596.4199,775967,10829,595.63
2025-02-26T09:40:00.000,596.41,596.4497,595.27,595.92,571118,9526,595.68
2025-02-26T09:45:00.000,595.93,597.2,595.66,597.19,684945,10303,595.81
2025-02-26T09:50:00.000,597.21,597.8,597.05,597.77,629988,9944,596.04
2025-02-26T09:55:00.000,597.76,597.77,596.92,597.71,430160,7430,596.16
2025-02-26T10:00:00.000,597.71,598.0298,597.39,597.82,617018,10024,596.33
2025-02-26T10:05:00.000,597.81,598.08,597.2411,598.02,489932,8317,596.45
2025-02-26T10:10:00.000,598.03,598.729,597.85,598.62,441308,8713,596.57
2025-02-26T10:15:00.000,598.6,599.21,598.25,599.1301,492101,8826,596.73
2025-02-26T10:20:00.000,599.14,599.28,598.4,598.65,576676,8975,596.9
2025-02-26T10:25:00.000,598.63,598.85,597.68,597.94,468614,7853,596.97
2025-02-26T10:30:00.000,597.975,598.72,597.95,598.31,421186,10901,597.04
2025-02-26T10:35:00.000,598.3,598.94,597.97,598.265,381578,7731,597.1
2025-02-26T10:40:00.000,598.22,599.04,598.17,598.71,229276,6497,597.14
2025-02-26T10:45:00.000,598.73,598.95,598.52,598.8,236709,6036,597.17
2025-02-26T10:50:00.000,598.8,599.21,598.3,598.81,287007,6741,597.21
2025-02-26T10:55:00.000,598.81,598.98,598.55,598.85,165664,5332,597.24
2025-02-26T11:00:00.000,598.87,599.4399,598.87,598.99,328877,6706,597.3
2025-02-26T11:05:00.000,599.01,599.52,598.93,599.39,395284,6517,597.38
2025-02-26T11:10:00.000,599.41,599.58,599.23,599.45,344666,6180,597.45
2025-02-26T11:15:00.000,599.45,599.52,599.16,599.37,304769,6173,597.49
2025-02-26T11:20:00.000,599.42,599.48,598.8,599.15,308838,6793,597.53
2025-02-26T11:25:00.000,599.15,599.19,598.65,598.65,247464,6664,597.56
2025-02-26T11:30:00.000,598.68,598.73,598.09,598.54,496351,7839,597.59
2025-02-26T11:35:00.000,598.58,599.4,598.575,599.2601,278468,6394,597.62
2025-02-26T11:40:00.000,599.27,599.43,598.25,598.8636,248354,6081,597.64
2025-02-26T11:45:00.000,598.87,598.97,598.66,598.85,162521,5156,597.66
2025-02-26T11:50:00.000,598.85,599.3,598.73,599.1299,195788,5931,597.68
2025-02-26T11:55:00.000,599.11,599.11,597.82,598.01,371534,6659,597.69
2025-02-26T12:00:00.000,598.06,598.56,597.68,598.49,344597,6865,597.7
2025-02-26T12:05:00.000,598.5,599.0,598.41,598.47,207426,5575,597.71
2025-02-26T12:10:00.000,598.5,599.1,598.46,599.055,141201,4940,597.72
2025-02-26T12:15:00.000,599.05,599.3791,598.09,598.62,465181,8323,597.75
2025-02-26T12:20:00.000,598.65,598.76,598.03,598.4,301747,6695,597.77
2025-02-26T12:25:00.000,598.4455,598.775,598.05,598.6,225974,6269,597.77
2025-02-26T12:30:00.000,598.65,599.01,597.79,597.91,491608,9440,597.78
2025-02-26T12:35:00.000,597.91,597.91,597.14,597.2501,561156,9255,597.78
2025-02-26T12:40:00.000,597.27,597.53,596.78,597.28,377975,7771,597.76
2025-02-26T12:45:00.000,597.32,597.5,596.75,596.94,226462,5719,597.75
2025-02-26T12:50:00.000,596.92,596.99,595.82,596.27,437254,8412,597.72
2025-02-26T12:55:00.000,596.315,596.38,595.1,595.605,429668,7733,597.66
2025-02-26T13:00:00.000,595.59,595.86,594.86,595.41,451341,8926,597.6
2025-02-26T13:05:00.000,595.36,595.52,594.85,595.49,407238,7859,597.55
2025-02-26T13:10:00.000,595.5199,595.7999,594.95,595.455,399072,7201,597.5
2025-02-26T13:15:00.000,595.41,595.41,594.55,595.1,545014,7643,597.44
2025-02-26T13:20:00.000,595.13,595.63,594.96,595.31,278162,5905,597.42
2025-02-26T13:25:00.000,595.32,595.33,593.85,593.925,509656,9206,597.34
2025-02-26T13:30:00.000,593.865,594.59,593.77,594.37,366349,7757,597.29
2025-02-26T13:35:00.000,594.34,594.41,593.74,593.79,261945,5678,597.25
2025-02-26T13:40:00.000,593.78,594.0,593.17,593.64,526228,8451,597.15
2025-02-26T13:45:00.000,593.64,593.89,593.05,593.19,368045,6651,597.08
2025-02-26T13:50:00.000,593.17,593.4199,592.72,593.05,744701,7280,597.02
2025-02-26T13:55:00.000,593.08,593.22,592.12,592.58,628304,10095,596.89
2025-02-26T14:00:00.000,592.55,593.3,592.17,592.54,890025,9061,596.75
2025-02-26T14:05:00.000,592.53,592.65,591.8556,592.155,451818,7648,596.67
2025-02-26T14:10:00.000,592.21,592.72,592.09,592.5064,453126,7589,596.59
2025-02-26T14:15:00.000,592.54,593.11,591.97,593.052,562001,8669,596.49
2025-02-26T14:20:00.000,593.05,593.88,592.9199,593.43,426747,7394,596.44
2025-02-26T14:25:00.000,593.43,593.8897,593.28,593.389,321712,5710,596.4
2025-02-26T14:30:00.000,593.35,593.96,593.24,593.9,449317,6088,596.36
2025-02-26T14:35:00.000,593.918,594.2088,593.69,594.08,337408,5690,596.32
2025-02-26T14:40:00.000,594.07,594.64,593.95,594.18,509962,5714,596.29
2025-02-26T14:45:00.000,594.18,594.5,593.99,594.0,239455,5045,596.27
2025-02-26T14:50:00.000,593.96,594.14,593.7,594.0,284126,5959,596.25
2025-02-26T14:55:00.000,593.99,594.0,592.63,592.76,413261,6706,596.2
2025-02-26T15:00:00.000,592.8,593.25,592.46,592.68,426386,7103,596.15
2025-02-26T15:05:00.000,592.7,593.48,592.6999,593.43,376930,5915,596.11
2025-02-26T15:10:00.000,593.41,593.73,593.2,593.27,354805,6779,596.08
2025-02-26T15:15:00.000,593.23,593.47,592.94,593.42,454423,8177,596.04
2025-02-26T15:20:00.000,593.42,593.9,592.97,593.65,392309,6188,596.0
2025-02-26T15:25:00.000,593.67,593.98,593.59,593.59,311028,5777,595.98
2025-02-26T15:30:00.000,593.59,593.87,593.14,593.765,608818,7958,595.93
2025-02-26T15:35:00.000,593.765,594.09,593.435,594.0,667333,8742,595.88
2025-02-26T15:40:00.000,594.01,594.9575,593.76,594.81,700264,9011,595.85
2025-02-26T15:45:00.000,594.78,595.29,594.52,594.8604,1028105,12542,595.83
2025-02-26T15:50:00.000,594.92,595.02,594.25,594.74,1121970,12011,595.79
2025-02-26T15:55:00.000,594.73,594.97,593.695,594.43,2202261,17664,595.7
2025-02-26T16:00:00.000,0.0,0.0,0.0,0.0,43,1,595.7
2025-02-27T09:30:00.000,596.85,597.28,596.6,597.09,1145524,12712,596.9
2025-02-27T09:35:00.000,597.11,598.02,597.06,597.2,805803,10020,597.15
2025-02-27T09:40:00.000,597.19,597.19,595.06,595.4699,884963,10873,596.78
2025-02-27T09:45:00.000,595.48,596.44,595.2125,595.55,868335,11315,596.57
2025-02-27T09:50:00.000,595.54,595.69,593.68,593.75,927834,13370,596.19
2025-02-27T09:55:00.000,593.77,593.82,592.14,592.435,1265338,15683,595.49
2025-02-27T10:00:00.000,592.43,592.46,590.52,591.88,2075213,22614,594.46
2025-02-27T10:05:00.000,591.88,592.54,591.61,592.1148,914650,12239,594.23
2025-02-27T10:10:00.000,592.09,594.39,592.0403,594.08,984417,12869,594.14
2025-02-27T10:15:00.000,594.04,594.78,593.85,594.58,741690,10670,594.15
2025-02-27T10:20:00.000,594.59,596.52,594.13,595.69,1118849,13878,594.29
2025-02-27T10:25:00.000,595.69,595.84,595.11,595.45,596758,8855,594.34
2025-02-27T10:30:00.000,595.45,595.58,593.76,594.32,575315,12129,594.36
2025-02-27T10:35:00.000,594.29,595.72,593.59,595.21,480401,8924,594.37
2025-02-27T10:40:00.000,595.2046,595.4,594.48,595.05,393594,7731,594.38
2025-02-27T10:45:00.000,595.04,595.64,594.54,595.215,391540,8215,594.4
2025-02-27T10:50:00.000,595.19,595.29,593.9,594.0284,377566,7738,594.4
2025-02-27T10:55:00.000,593.94,594.25,593.29,593.432,505881,7978,594.38
2025-02-27T11:00:00.000,593.44,594.55,593.22,593.66,473445,7937,594.36
2025-02-27T11:05:00.000,593.66,594.25,593.65,593.92,549086,6721,594.36
2025-02-27T11:10:00.000,593.94,595.35,593.94,595.3,431081,6939,594.36
2025-02-27T11:15:00.000,595.31,596.14,595.16,595.89,367229,7615,594.39
2025-02-27T11:20:00.000,595.9,596.24,595.32,595.5,280686,6291,594.41
2025-02-27T11:25:00.000,595.48,595.6,593.86,594.1213,368634,6465,594.41
2025-02-27T11:30:00.000,594.13,594.83,593.9,594.65,304140,5737,594.42
2025-02-27T11:35:00.000,594.62,594.9589,594.07,594.3096,254466,4967,594.42
2025-02-27T11:40:00.000,594.3,594.5299,593.63,593.89,431340,5250,594.41
2025-02-27T11:45:00.000,593.78,594.14,593.62,593.85,283280,4463,594.41
2025-02-27T11:50:00.000,593.85,593.875,592.5998,592.8309,487427,6392,594.38
2025-02-27T11:55:00.000,592.88,593.08,592.28,592.45,551563,5045,594.36
2025-02-27T12:00:00.000,592.49,593.02,592.21,592.95,455449,6228,594.33
2025-02-27T12:05:00.000,592.94,593.02,592.35,592.4,257210,4712,594.31
2025-02-27T12:10:00.000,592.4,592.76,592.131,592.39,391896,5478,594.27
2025-02-27T12:15:00.000,592.45,592.55,591.63,591.71,331553,6510,594.23
2025-02-27T12:20:00.000,591.7,592.66,591.4,592.63,592595,7056,594.2
2025-02-27T12:25:00.000,592.62,593.99,592.526,593.95,434224,7618,594.18
2025-02-27T12:30:00.000,593.96,594.475,593.64,593.99,473771,6449,594.17
2025-02-27T12:35:00.000,594.01,594.35,593.8899,593.9,220994,4621,594.17
2025-02-27T12:40:00.000,593.91,593.92,592.39,592.8199,316954,6197,594.15
2025-02-27T12:45:00.000,592.815,593.44,592.71,592.82,337145,5859,594.14
2025-02-27T12:50:00.000,592.81,593.55,592.37,593.23,285130,5926,594.12
2025-02-27T12:55:00.000,593.25,593.45,593.06,593.42,196742,4662,594.12
2025-02-27T13:00:00.000,593.44,594.355,593.4,593.78,429144,7602,594.11
2025-02-27T13:05:00.000,593.7701,593.94,593.305,593.75,291973,5313,594.11
2025-02-27T13:10:00.000,593.745,594.91,593.58,594.63,288007,5259,594.11
2025-02-27T13:15:00.000,594.6498,594.86,594.2,594.59,265846,4961,594.12
2025-02-27T13:20:00.000,594.6199,595.11,594.21,595.02,305811,5393,594.13
2025-02-27T13:25:00.000,595.04,595.16,594.47,594.59,658268,4723,594.13
2025-02-27T13:30:00.000,594.63,594.94,594.385,594.8403,152705,4772,594.14
2025-02-27T13:35:00.000,594.87,594.95,594.46,594.87,153126,3927,594.14
2025-02-27T13:40:00.000,594.88,594.93,594.16,594.36,239802,4717,594.14
2025-02-27T13:45:00.000,594.36,594.5125,593.94,594.44,154064,4218,594.14
2025-02-27T13:50:00.000,594.42,594.57,593.84,594.56,230049,4685,594.15
2025-02-27T13:55:00.000,594.57,594.7,593.641,593.71,324774,5211,594.15
2025-02-27T14:00:00.000,593.76,593.84,593.25,593.59,359673,5758,594.14
2025-02-27T14:05:00.000,593.56,593.59,593.05,593.26,244236,5167,594.13
2025-02-27T14:10:00.000,593.25,593.41,592.43,592.55,360031,5767,594.12
2025-02-27T14:15:00.000,592.54,592.58,591.89,592.54,580486,7670,594.09
2025-02-27T14:20:00.000,592.51,592.72,591.53,591.745,504038,7892,594.05
2025-02-27T14:25:00.000,591.65,591.79,590.68,590.7697,544250,8630,594.0
2025-02-27T14:30:00.000,590.782,590.8,588.79,589.35,1140155,16583,593.82
2025-02-27T14:35:00.000,589.36,589.99,589.27,589.48,973686,12073,593.68
2025-02-27T14:40:00.000,589.48,589.51,588.34,589.14,878203,11515,593.54
2025-02-27T14:45:00.000,589.13,589.76,588.77,589.15,798289,10501,593.43
2025-02-27T14:50:00.000,589.2,589.94,588.7832,589.49,731923,9776,593.34
2025-02-27T14:55:00.000,589.49,589.9,589.15,589.28,511907,8083,593.28
2025-02-27T15:00:00.000,589.3,589.35,587.22,587.75,1359066,16006,593.06
2025-02-27T15:05:00.000,587.78,588.16,587.43,587.6,1108612,12515,592.91
2025-02-27T15:10:00.000,587.59,587.8468,586.73,587.31,841898,11436,592.78
2025-02-27T15:15:00.000,587.295,587.59,586.64,586.8189,1162152,11907,592.63
2025-02-27T15:20:00.000,586.78,588.01,586.5,587.39,1251274,14234,592.47
2025-02-27T15:25:00.000,587.38,587.79,586.24,586.31,843012,10975,592.35
2025-02-27T15:30:00.000,586.363,587.5,586.320153,587.01,914483,11911,592.23
2025-02-27T15:35:00.000,586.98,587.57,586.47,586.49,1034707,10600,592.14
2025-02-27T15:40:00.000,586.47,586.66,585.97,586.28,1652225,14842,591.97
2025-02-27T15:45:00.000,586.25,586.82,585.86,586.6,2010736,16097,591.78
2025-02-27T15:50:00.000,586.58,586.98,585.65,585.6738,2599373,21743,591.53
2025-02-27T15:55:00.000,585.69,585.74,584.65,585.04,7007957,41990,590.76
2025-02-27T16:00:00.000,585.045,585.045,585.04,585.04,1005,2,590.76
2025-02-28T09:30:00.000,585.56,585.58,583.27,583.41,2635744,29100,584.45
2025-02-28T09:35:00.000,583.39,585.88,583.39,585.41,2364460,18127,584.63
2025-02-28T09:40:00.000,585.431,586.33,584.43,585.95,1167611,13220,584.8
2025-02-28T09:45:00.000,585.92,586.1,584.8701,585.33,725296,10108,584.88
2025-02-28T09:50:00.000,585.34,586.08,585.08,585.6601,935419,10251,584.95
2025-02-28T09:55:00.000,585.67,586.12,584.73,586.03,711496,9252,584.98
2025-02-28T10:00:00.000,586.01,587.028,585.225,586.18,905891,11226,585.09
2025-02-28T10:05:00.000,586.23,586.8,585.42,586.71,472089,7202,585.15
2025-02-28T10:10:00.000,586.674,587.5199,586.3,587.49,908815,9904,585.28
2025-02-28T10:15:00.000,587.48,587.6,586.06,586.16,751753,10935,585.38
2025-02-28T10:20:00.000,586.175,587.97,585.79,587.72,708161,9953,585.46
2025-02-28T10:25:00.000,587.65,588.38,587.64,588.36,1422899,11347,585.63
2025-02-28T10:30:00.000,588.36,588.7,587.97,588.38,1015370,11144,585.79
2025-02-28T10:35:00.000,588.36,588.4699,587.27,587.7,603922,9904,585.88
2025-02-28T10:40:00.000,587.72,588.015,587.09,587.43,459237,12840,585.93
2025-02-28T10:45:00.000,587.45,588.26,587.25,587.57,414516,7791,585.98
2025-02-28T10:50:00.000,587.6,588.65,587.51,588.26,400751,7556,586.04
2025-02-28T10:55:00.000,588.26,588.8998,588.08,588.86,448210,6481,586.08
2025-02-28T11:00:00.000,588.87,589.03,588.36,588.61,386585,7460,586.15
2025-02-28T11:05:00.000,588.61,589.0,588.16,588.44,621552,7519,586.19
2025-02-28T11:10:00.000,588.505,588.61,587.39,587.58,348524,7842,586.23
2025-02-28T11:15:00.000,587.62,587.6759,586.3312,587.19,649041,10103,586.25
2025-02-28T11:20:00.000,587.2,587.835,586.85,587.0099,468557,7442,586.28
2025-02-28T11:25:00.000,586.97,587.14,586.01,586.06,404793,7484,586.29
2025-02-28T11:30:00.000,586.07,587.31,585.83,587.3,478119,8338,586.29
2025-02-28T11:35:00.000,587.3,587.88,587.02,587.53,274251,6013,586.31
2025-02-28T11:40:00.000,587.5387,588.2,587.44,587.89,365476,6103,586.33
2025-02-28T11:45:00.000,587.835,588.34,587.52,588.14,469106,6510,586.37
2025-02-28T11:50:00.000,588.19,588.28,587.45,588.015,221631,4985,586.38
2025-02-28T11:55:00.000,588.025,588.05,587.11,587.34,315925,5630,586.4
2025-02-28T12:00:00.000,587.3647,587.55,586.65,586.705,279223,5834,586.41
2025-02-28T12:05:00.000,586.69,587.19,586.51,586.85,210635,4701,586.41
2025-02-28T12:10:00.000,586.83,587.71,586.8,587.62,508312,5114,586.42
2025-02-28T12:15:00.000,587.57,588.22,587.26,588.12,251400,5490,586.44
2025-02-28T12:20:00.000,588.1,588.3,586.48,586.93,445348,7260,586.46
2025-02-28T12:25:00.000,586.92,587.455,586.85,587.025,249588,4316,586.46
2025-02-28T12:30:00.000,587.075,587.18,586.41,586.69,472557,5311,586.47
2025-02-28T12:35:00.000,586.65,586.87,586.23,586.63,430734,4827,586.47
2025-02-28T12:40:00.000,586.67,586.74,584.9,585.33,685647,10894,586.44
2025-02-28T12:45:00.000,585.32,585.64,584.23,584.25,1076229,12802,586.37
2025-02-28T12:50:00.000,584.255,585.48,583.95,585.03,1129512,10672,586.31
2025-02-28T12:55:00.000,585.04,585.0499,583.6,583.6866,847933,7868,586.26
2025-02-28T13:00:00.000,583.69,584.79,583.45,584.0933,748351,8451,586.2
2025-02-28T13:05:00.000,584.08,584.31,583.75,583.91,391934,5793,586.16
2025-02-28T13:10:00.000,583.91,584.12,583.56,584.12,458846,6610,586.12
2025-02-28T13:15:00.000,584.12,584.59,582.49,582.66,2077285,23697,585.92
2025-02-28T13:20:00.000,582.67,583.32,582.44,582.615,1608997,15943,585.75
2025-02-28T13:25:00.000,582.62,584.77,582.61,584.72,992385,10940,585.68
2025-02-28T13:30:00.000,584.69,585.38,584.29,585.3232,750976,11152,585.66
2025-02-28T13:35:00.000,585.32,585.99,585.24,585.87,660025,7757,585.66
2025-02-28T13:40:00.000,585.84,586.52,585.16,585.9038,761206,9529,585.66
2025-02-28T13:45:00.000,585.93,586.14,585.39,585.73,486515,5041,585.66
2025-02-28T13:50:00.000,585.68,586.33,585.48,585.69,302431,4978,585.66
2025-02-28T13:55:00.000,585.68,585.76,583.58,583.6025,695630,8736,585.64
2025-02-28T14:00:00.000,583.6,584.9,583.531,584.38,564797,7140,585.62
2025-02-28T14:05:00.000,584.34,585.11,584.27,584.64,703640,7176,585.6
2025-02-28T14:10:00.000,584.64,584.79,584.2,584.46,357102,4603,585.59
2025-02-28T14:15:00.000,584.435,585.81,584.425,585.78,448440,6201,585.58
2025-02-28T14:20:00.000,585.76,585.83,584.55,585.2,488486,6863,585.58
2025-02-28T14:25:00.000,585.23,585.8299,585.23,585.67,305629,5415,585.58
2025-02-28T14:30:00.000,585.6699,586.66,585.25,586.2,551132,7399,585.58
2025-02-28T14:35:00.000,586.21,587.4,585.98,587.02,554713,6703,585.6
2025-02-28T14:40:00.000,587.03,587.69,586.81,587.42,778943,8084,585.64
2025-02-28T14:45:00.000,587.42,587.98,587.19,587.78,485734,6990,585.66
2025-02-28T14:50:00.000,587.77,588.23,587.29,587.69,696940,7843,585.7
2025-02-28T14:55:00.000,587.72,588.25,587.4991,588.1,664233,7523,585.74
2025-02-28T15:00:00.000,588.09,588.91,587.82,588.83,1113687,7854,585.79
2025-02-28T15:05:00.000,588.83,589.3,588.5709,589.05,865563,8099,585.85
2025-02-28T15:10:00.000,589.06,589.21,588.37,588.71,712986,7639,585.9
2025-02-28T15:15:00.000,588.7,589.02,588.33,588.3901,575954,6712,585.93
2025-02-28T15:20:00.000,588.4,588.56,587.7,588.34,802241,10131,585.97
2025-02-28T15:25:00.000,588.34,589.68,588.29,589.615,921015,10995,586.04
2025-02-28T15:30:00.000,589.63,589.66,588.3,588.39,1281253,10345,586.11
2025-02-28T15:35:00.000,588.39,589.28,587.93,589.06,840199,8953,586.16
2025-02-28T15:40:00.000,589.08,590.16,589.0301,589.87,1311812,12039,586.25
2025-02-28T15:45:00.000,589.86,590.7,589.61,590.68,2609171,13268,586.38
2025-02-28T15:50:00.000,590.7,592.63,590.61,592.6,3904816,24109,586.66
2025-02-28T15:55:00.000,592.59,594.72,592.585,594.07,10472112,46807,587.58
2025-02-28T16:00:00.000,594.05,594.05,594.05,594.05,174,1,587.58
