timestamp,open,high,low,close,volume,count,vwap
2024-09-01T09:30:00.000,0.0,0.0,0.0,0.0,0,0,0.0
2024-09-01T09:35:00.000,0.0,0.0,0.0,0.0,0,0,0.0
2024-09-01T09:40:00.000,0.0,0.0,0.0,0.0,0,0,0.0
2024-09-01T09:45:00.000,0.0,0.0,0.0,0.0,0,0,0.0
2024-09-01T09:50:00.000,0.0,0.0,0.0,0.0,0,0,0.0
2024-09-01T09:55:00.000,0.0,0.0,0.0,0.0,0,0,0.0
2024-09-01T10:00:00.000,0.0,0.0,0.0,0.0,0,0,0.0
2024-09-01T10:05:00.000,0.0,0.0,0.0,0.0,0,0,0.0
2024-09-01T10:10:00.000,0.0,0.0,0.0,0.0,0,0,0.0
2024-09-01T10:15:00.000,0.0,0.0,0.0,0.0,0,0,0.0
2024-09-01T10:20:00.000,0.0,0.0,0.0,0.0,0,0,0.0
2024-09-01T10:25:00.000,0.0,0.0,0.0,0.0,0,0,0.0
2024-09-01T10:30:00.000,0.0,0.0,0.0,0.0,0,0,0.0
2024-09-01T10:35:00.000,0.0,0.0,0.0,0.0,0,0,0.0
2024-09-01T10:40:00.000,0.0,0.0,0.0,0.0,0,0,0.0
2024-09-01T10:45:00.000,0.0,0.0,0.0,0.0,0,0,0.0
2024-09-01T10:50:00.000,0.0,0.0,0.0,0.0,0,0,0.0
2024-09-01T10:55:00.000,0.0,0.0,0.0,0.0,0,0,0.0
2024-09-01T11:00:00.000,0.0,0.0,0.0,0.0,0,0,0.0
2024-09-01T11:05:00.000,0.0,0.0,0.0,0.0,0,0,0.0
2024-09-01T11:10:00.000,0.0,0.0,0.0,0.0,0,0,0.0
2024-09-01T11:15:00.000,0.0,0.0,0.0,0.0,0,0,0.0
2024-09-01T11:20:00.000,0.0,0.0,0.0,0.0,0,0,0.0
2024-09-01T11:25:00.000,0.0,0.0,0.0,0.0,0,0,0.0
2024-09-01T11:30:00.000,0.0,0.0,0.0,0.0,0,0,0.0
2024-09-01T11:35:00.000,0.0,0.0,0.0,0.0,0,0,0.0
2024-09-01T11:40:00.000,0.0,0.0,0.0,0.0,0,0,0.0
2024-09-01T11:45:00.000,0.0,0.0,0.0,0.0,0,0,0.0
2024-09-01T11:50:00.000,0.0,0.0,0.0,0.0,0,0,0.0
2024-09-01T11:55:00.000,0.0,0.0,0.0,0.0,0,0,0.0
2024-09-01T12:00:00.000,0.0,0.0,0.0,0.0,0,0,0.0
2024-09-01T12:05:00.000,0.0,0.0,0.0,0.0,0,0,0.0
2024-09-01T12:10:00.000,0.0,0.0,0.0,0.0,0,0,0.0
2024-09-01T12:15:00.000,0.0,0.0,0.0,0.0,0,0,0.0
2024-09-01T12:20:00.000,0.0,0.0,0.0,0.0,0,0,0.0
2024-09-01T12:25:00.000,0.0,0.0,0.0,0.0,0,0,0.0
2024-09-01T12:30:00.000,0.0,0.0,0.0,0.0,0,0,0.0
2024-09-01T12:35:00.000,0.0,0.0,0.0,0.0,0,0,0.0
2024-09-01T12:40:00.000,0.0,0.0,0.0,0.0,0,0,0.0
2024-09-01T12:45:00.000,0.0,0.0,0.0,0.0,0,0,0.0
2024-09-01T12:50:00.000,0.0,0.0,0.0,0.0,0,0,0.0
2024-09-01T12:55:00.000,0.0,0.0,0.0,0.0,0,0,0.0
2024-09-01T13:00:00.000,0.0,0.0,0.0,0.0,0,0,0.0
2024-09-01T13:05:00.000,0.0,0.0,0.0,0.0,0,0,0.0
2024-09-01T13:10:00.000,0.0,0.0,0.0,0.0,0,0,0.0
2024-09-01T13:15:00.000,0.0,0.0,0.0,0.0,0,0,0.0
2024-09-01T13:20:00.000,0.0,0.0,0.0,0.0,0,0,0.0
2024-09-01T13:25:00.000,0.0,0.0,0.0,0.0,0,0,0.0
2024-09-01T13:30:00.000,0.0,0.0,0.0,0.0,0,0,0.0
2024-09-01T13:35:00.000,0.0,0.0,0.0,0.0,0,0,0.0
2024-09-01T13:40:00.000,0.0,0.0,0.0,0.0,0,0,0.0
2024-09-01T13:45:00.000,0.0,0.0,0.0,0.0,0,0,0.0
2024-09-01T13:50:00.000,0.0,0.0,0.0,0.0,0,0,0.0
2024-09-01T13:55:00.000,0.0,0.0,0.0,0.0,0,0,0.0
2024-09-01T14:00:00.000,0.0,0.0,0.0,0.0,0,0,0.0
2024-09-01T14:05:00.000,0.0,0.0,0.0,0.0,0,0,0.0
2024-09-01T14:10:00.000,0.0,0.0,0.0,0.0,0,0,0.0
2024-09-01T14:15:00.000,0.0,0.0,0.0,0.0,0,0,0.0
2024-09-01T14:20:00.000,0.0,0.0,0.0,0.0,0,0,0.0
2024-09-01T14:25:00.000,0.0,0.0,0.0,0.0,0,0,0.0
2024-09-01T14:30:00.000,0.0,0.0,0.0,0.0,0,0,0.0
2024-09-01T14:35:00.000,0.0,0.0,0.0,0.0,0,0,0.0
2024-09-01T14:40:00.000,0.0,0.0,0.0,0.0,0,0,0.0
2024-09-01T14:45:00.000,0.0,0.0,0.0,0.0,0,0,0.0
2024-09-01T14:50:00.000,0.0,0.0,0.0,0.0,0,0,0.0
2024-09-01T14:55:00.000,0.0,0.0,0.0,0.0,0,0,0.0
2024-09-01T15:00:00.000,0.0,0.0,0.0,0.0,0,0,0.0
2024-09-01T15:05:00.000,0.0,0.0,0.0,0.0,0,0,0.0
2024-09-01T15:10:00.000,0.0,0.0,0.0,0.0,0,0,0.0
2024-09-01T15:15:00.000,0.0,0.0,0.0,0.0,0,0,0.0
2024-09-01T15:20:00.000,0.0,0.0,0.0,0.0,0,0,0.0
2024-09-01T15:25:00.000,0.0,0.0,0.0,0.0,0,0,0.0
2024-09-01T15:30:00.000,0.0,0.0,0.0,0.0,0,0,0.0
2024-09-01T15:35:00.000,0.0,0.0,0.0,0.0,0,0,0.0
2024-09-01T15:40:00.000,0.0,0.0,0.0,0.0,0,0,0.0
2024-09-01T15:45:00.000,0.0,0.0,0.0,0.0,0,0,0.0
2024-09-01T15:50:00.000,0.0,0.0,0.0,0.0,0,0,0.0
2024-09-01T15:55:00.000,0.0,0.0,0.0,0.0,0,0,0.0
2024-09-01T16:00:00.000,0.0,0.0,0.0,0.0,0,0,0.0
2024-09-02T09:30:00.000,0.0,0.0,0.0,0.0,0,0,0.0
2024-09-02T09:35:00.000,0.0,0.0,0.0,0.0,0,0,0.0
2024-09-02T09:40:00.000,0.0,0.0,0.0,0.0,0,0,0.0
2024-09-02T09:45:00.000,0.0,0.0,0.0,0.0,0,0,0.0
2024-09-02T09:50:00.000,0.0,0.0,0.0,0.0,0,0,0.0
2024-09-02T09:55:00.000,0.0,0.0,0.0,0.0,0,0,0.0
2024-09-02T10:00:00.000,0.0,0.0,0.0,0.0,0,0,0.0
2024-09-02T10:05:00.000,0.0,0.0,0.0,0.0,0,0,0.0
2024-09-02T10:10:00.000,0.0,0.0,0.0,0.0,0,0,0.0
2024-09-02T10:15:00.000,0.0,0.0,0.0,0.0,0,0,0.0
2024-09-02T10:20:00.000,0.0,0.0,0.0,0.0,0,0,0.0
2024-09-02T10:25:00.000,0.0,0.0,0.0,0.0,0,0,0.0
2024-09-02T10:30:00.000,0.0,0.0,0.0,0.0,0,0,0.0
2024-09-02T10:35:00.000,0.0,0.0,0.0,0.0,0,0,0.0
2024-09-02T10:40:00.000,0.0,0.0,0.0,0.0,0,0,0.0
2024-09-02T10:45:00.000,0.0,0.0,0.0,0.0,0,0,0.0
2024-09-02T10:50:00.000,0.0,0.0,0.0,0.0,0,0,0.0
2024-09-02T10:55:00.000,0.0,0.0,0.0,0.0,0,0,0.0
2024-09-02T11:00:00.000,0.0,0.0,0.0,0.0,0,0,0.0
2024-09-02T11:05:00.000,0.0,0.0,0.0,0.0,0,0,0.0
2024-09-02T11:10:00.000,0.0,0.0,0.0,0.0,0,0,0.0
2024-09-02T11:15:00.000,0.0,0.0,0.0,0.0,0,0,0.0
2024-09-02T11:20:00.000,0.0,0.0,0.0,0.0,0,0,0.0
2024-09-02T11:25:00.000,0.0,0.0,0.0,0.0,0,0,0.0
2024-09-02T11:30:00.000,0.0,0.0,0.0,0.0,0,0,0.0
2024-09-02T11:35:00.000,0.0,0.0,0.0,0.0,0,0,0.0
2024-09-02T11:40:00.000,0.0,0.0,0.0,0.0,0,0,0.0
2024-09-02T11:45:00.000,0.0,0.0,0.0,0.0,0,0,0.0
2024-09-02T11:50:00.000,0.0,0.0,0.0,0.0,0,0,0.0
2024-09-02T11:55:00.000,0.0,0.0,0.0,0.0,0,0,0.0
2024-09-02T12:00:00.000,0.0,0.0,0.0,0.0,0,0,0.0
2024-09-02T12:05:00.000,0.0,0.0,0.0,0.0,0,0,0.0
2024-09-02T12:10:00.000,0.0,0.0,0.0,0.0,0,0,0.0
2024-09-02T12:15:00.000,0.0,0.0,0.0,0.0,0,0,0.0
2024-09-02T12:20:00.000,0.0,0.0,0.0,0.0,0,0,0.0
2024-09-02T12:25:00.000,0.0,0.0,0.0,0.0,0,0,0.0
2024-09-02T12:30:00.000,0.0,0.0,0.0,0.0,0,0,0.0
2024-09-02T12:35:00.000,0.0,0.0,0.0,0.0,0,0,0.0
2024-09-02T12:40:00.000,0.0,0.0,0.0,0.0,0,0,0.0
2024-09-02T12:45:00.000,0.0,0.0,0.0,0.0,0,0,0.0
2024-09-02T12:50:00.000,0.0,0.0,0.0,0.0,0,0,0.0
2024-09-02T12:55:00.000,0.0,0.0,0.0,0.0,0,0,0.0
2024-09-02T13:00:00.000,0.0,0.0,0.0,0.0,0,0,0.0
2024-09-02T13:05:00.000,0.0,0.0,0.0,0.0,0,0,0.0
2024-09-02T13:10:00.000,0.0,0.0,0.0,0.0,0,0,0.0
2024-09-02T13:15:00.000,0.0,0.0,0.0,0.0,0,0,0.0
2024-09-02T13:20:00.000,0.0,0.0,0.0,0.0,0,0,0.0
2024-09-02T13:25:00.000,0.0,0.0,0.0,0.0,0,0,0.0
2024-09-02T13:30:00.000,0.0,0.0,0.0,0.0,0,0,0.0
2024-09-02T13:35:00.000,0.0,0.0,0.0,0.0,0,0,0.0
2024-09-02T13:40:00.000,0.0,0.0,0.0,0.0,0,0,0.0
2024-09-02T13:45:00.000,0.0,0.0,0.0,0.0,0,0,0.0
2024-09-02T13:50:00.000,0.0,0.0,0.0,0.0,0,0,0.0
2024-09-02T13:55:00.000,0.0,0.0,0.0,0.0,0,0,0.0
2024-09-02T14:00:00.000,0.0,0.0,0.0,0.0,0,0,0.0
2024-09-02T14:05:00.000,0.0,0.0,0.0,0.0,0,0,0.0
2024-09-02T14:10:00.000,0.0,0.0,0.0,0.0,0,0,0.0
2024-09-02T14:15:00.000,0.0,0.0,0.0,0.0,0,0,0.0
2024-09-02T14:20:00.000,0.0,0.0,0.0,0.0,0,0,0.0
2024-09-02T14:25:00.000,0.0,0.0,0.0,0.0,0,0,0.0
2024-09-02T14:30:00.000,0.0,0.0,0.0,0.0,0,0,0.0
2024-09-02T14:35:00.000,0.0,0.0,0.0,0.0,0,0,0.0
2024-09-02T14:40:00.000,0.0,0.0,0.0,0.0,0,0,0.0
2024-09-02T14:45:00.000,0.0,0.0,0.0,0.0,0,0,0.0
2024-09-02T14:50:00.000,0.0,0.0,0.0,0.0,0,0,0.0
2024-09-02T14:55:00.000,0.0,0.0,0.0,0.0,0,0,0.0
2024-09-02T15:00:00.000,0.0,0.0,0.0,0.0,0,0,0.0
2024-09-02T15:05:00.000,0.0,0.0,0.0,0.0,0,0,0.0
2024-09-02T15:10:00.000,0.0,0.0,0.0,0.0,0,0,0.0
2024-09-02T15:15:00.000,0.0,0.0,0.0,0.0,0,0,0.0
2024-09-02T15:20:00.000,0.0,0.0,0.0,0.0,0,0,0.0
2024-09-02T15:25:00.000,0.0,0.0,0.0,0.0,0,0,0.0
2024-09-02T15:30:00.000,0.0,0.0,0.0,0.0,0,0,0.0
2024-09-02T15:35:00.000,0.0,0.0,0.0,0.0,0,0,0.0
2024-09-02T15:40:00.000,0.0,0.0,0.0,0.0,0,0,0.0
2024-09-02T15:45:00.000,0.0,0.0,0.0,0.0,0,0,0.0
2024-09-02T15:50:00.000,0.0,0.0,0.0,0.0,0,0,0.0
2024-09-02T15:55:00.000,0.0,0.0,0.0,0.0,0,0,0.0
2024-09-02T16:00:00.000,0.0,0.0,0.0,0.0,0,0,0.0
2024-09-03T09:30:00.000,560.47,560.81,559.93,560.24,1547964,22148,560.39
2024-09-03T09:35:00.000,560.26,560.32,559.42,559.6105,630647,7941,560.22
2024-09-03T09:40:00.000,559.595,559.86,559.24,559.73,789447,8389,560.05
2024-09-03T09:45:00.000,559.68,559.69,559.16,559.3,705237,7679,559.93
2024-09-03T09:50:00.000,559.28,559.29,558.14,558.41,868068,10372,559.68
2024-09-03T09:55:00.000,558.42,559.205,558.21,559.08,591893,8035,559.57
2024-09-03T10:00:00.000,559.12,559.14,557.09,557.39,1160052,14148,559.31
2024-09-03T10:05:00.000,557.41,557.67,556.93,557.58,826678,9925,559.09
2024-09-03T10:10:00.000,557.56,557.66,556.5,556.54,2591275,10313,558.85
2024-09-03T10:15:00.000,556.5499,557.07,556.3215,556.95,717520,8930,558.68
2024-09-03T10:20:00.000,556.94,557.3,556.72,557.0,515787,9763,558.59
2024-09-03T10:25:00.000,557.01,557.5303,556.75,557.19,593772,15093,558.52
2024-09-03T10:30:00.000,557.18,557.18,556.02,556.32,555894,14759,558.41
2024-09-03T10:35:00.000,556.33,556.54,556.1,556.25,551412,13852,558.31
2024-09-03T10:40:00.000,556.23,556.44,556.0,556.08,607037,13291,558.22
2024-09-03T10:45:00.000,556.09,556.2,555.28,555.29,845953,12174,558.04
2024-09-03T10:50:00.000,555.28,555.62,555.1,555.2792,578107,8292,557.93
2024-09-03T10:55:00.000,555.27,555.68,555.23,555.3399,455184,6986,557.84
2024-09-03T11:00:00.000,555.35,556.2799,555.15,556.155,817955,8495,557.76
2024-09-03T11:05:00.000,556.13,556.7895,555.86,556.22,539089,7480,557.71
2024-09-03T11:10:00.000,556.2227,556.72,556.1738,556.4099,440673,5699,557.67
2024-09-03T11:15:00.000,556.37,556.765,555.95,556.17,484527,5870,557.62
2024-09-03T11:20:00.000,556.1496,556.43,555.95,556.13,291105,4710,557.6
2024-09-03T11:25:00.000,556.11,556.63,556.02,556.38,270680,4319,557.58
2024-09-03T11:30:00.000,556.39,556.61,555.96,556.4,392617,4702,557.55
2024-09-03T11:35:00.000,556.41,556.99,556.3,556.45,445337,5445,557.52
2024-09-03T11:40:00.000,556.46,556.48,555.73,555.88,435450,5011,557.48
2024-09-03T11:45:00.000,555.9,556.29,555.84,555.94,304362,4196,557.46
2024-09-03T11:50:00.000,555.93,556.1299,555.66,556.03,236099,4093,557.44
2024-09-03T11:55:00.000,556.02,556.15,555.47,555.6,330508,4875,557.41
2024-09-03T12:00:00.000,555.59,556.1592,555.56,556.015,275449,4080,557.39
2024-09-03T12:05:00.000,556.01,556.22,555.44,555.56,272450,4026,557.36
2024-09-03T12:10:00.000,555.55,556.0088,555.21,555.985,225112,3741,557.34
2024-09-03T12:15:00.000,555.96,556.5,555.8,556.14,308635,4778,557.33
2024-09-03T12:20:00.000,556.12,556.3,555.75,555.79,248063,3607,557.31
2024-09-03T12:25:00.000,555.77,555.77,555.25,555.65,327271,4157,557.28
2024-09-03T12:30:00.000,555.65,555.72,555.39,555.4999,248540,3705,557.26
2024-09-03T12:35:00.000,555.49,555.67,555.17,555.475,278346,3838,557.23
2024-09-03T12:40:00.000,555.48,555.51,554.96,555.22,379740,5839,557.19
2024-09-03T12:45:00.000,555.205,555.228,554.755,555.08,331646,4486,557.16
2024-09-03T12:50:00.000,555.08,555.249,554.91,555.0699,249229,3580,557.13
2024-09-03T12:55:00.000,555.0602,555.15,554.82,554.9,143552,2966,557.12
2024-09-03T13:00:00.000,554.88,555.19,554.81,555.1468,240650,3644,557.1
2024-09-03T13:05:00.000,555.11,555.61,555.05,555.41,369367,4671,557.07
2024-09-03T13:10:00.000,555.43,555.48,554.68,554.8599,304272,4214,557.04
2024-09-03T13:15:00.000,554.85,555.1699,554.76,555.15,245374,3629,557.02
2024-09-03T13:20:00.000,555.17,555.87,555.0601,555.8,267040,3969,557.0
2024-09-03T13:25:00.000,555.81,555.82,555.55,555.67,133690,2513,557.0
2024-09-03T13:30:00.000,555.665,555.73,554.7,554.7705,968650,5181,556.97
2024-09-03T13:35:00.000,554.77,555.49,554.7501,555.43,304125,4835,556.94
2024-09-03T13:40:00.000,555.42,555.42,554.51,554.735,316544,3960,556.92
2024-09-03T13:45:00.000,554.74,554.9194,554.56,554.74,316544,3943,556.89
2024-09-03T13:50:00.000,554.74,554.91,554.63,554.72,207697,3120,556.88
2024-09-03T13:55:00.000,554.71,554.88,554.26,554.34,591975,3978,556.84
2024-09-03T14:00:00.000,554.33,554.38,553.23,553.5399,620632,7638,556.77
2024-09-03T14:05:00.000,553.53,553.7299,553.33,553.4,564983,5908,556.72
2024-09-03T14:10:00.000,553.39,553.63,553.34,553.44,418375,5887,556.67
2024-09-03T14:15:00.000,553.43,553.62,553.07,553.14,723656,4758,556.63
2024-09-03T14:20:00.000,553.1495,553.5393,552.94,553.14,451085,5620,556.57
2024-09-03T14:25:00.000,553.15,553.45,553.01,553.04,570766,5307,556.52
2024-09-03T14:30:00.000,553.04,553.82,552.93,553.585,552569,6589,556.46
2024-09-03T14:35:00.000,553.5801,553.77,553.17,553.33,524826,4736,556.41
2024-09-03T14:40:00.000,553.33,553.48,553.04,553.085,589085,4840,556.36
2024-09-03T14:45:00.000,553.09,553.35,552.94,552.99,460015,4220,556.32
2024-09-03T14:50:00.000,553.01,553.11,552.63,552.6801,547375,5882,556.26
2024-09-03T14:55:00.000,552.7,552.8568,552.47,552.6301,435718,5027,556.2
2024-09-03T15:00:00.000,552.63,552.93,552.5301,552.7,352760,4352,556.16
2024-09-03T15:05:00.000,552.71,553.025,552.54,552.58,536375,4760,556.12
2024-09-03T15:10:00.000,552.6,553.16,552.56,552.73,704424,5817,556.06
2024-09-03T15:15:00.000,552.74,552.818,552.58,552.655,414912,4845,556.01
2024-09-03T15:20:00.000,552.655,553.04,552.595,552.72,358682,4226,555.98
2024-09-03T15:25:00.000,552.74,552.77,552.31,552.53,1090430,5804,555.91
2024-09-03T15:30:00.000,552.53,552.755,552.16,552.19,815013,6735,555.84
2024-09-03T15:35:00.000,552.17,552.2047,550.99,551.14,1599255,13272,555.64
2024-09-03T15:40:00.000,551.11,555.44,550.27,550.92,1433540,12932,555.46
2024-09-03T15:45:00.000,550.92,550.95,549.51,550.79,2338816,18574,555.21
2024-09-03T15:50:00.000,550.825,551.29,550.38,550.925,3013409,26358,554.9
2024-09-03T15:55:00.000,550.92,552.25,550.81,552.16,3964701,32586,554.61
2024-09-03T16:00:00.000,0.0,0.0,0.0,0.0,0,0,554.61
2024-09-04T09:30:00.000,550.2,551.41,550.03,551.39,1101443,12176,550.53
2024-09-04T09:35:00.000,551.4,551.63,551.035,551.15,853654,9599,550.87
2024-09-04T09:40:00.000,551.15,552.36,551.13,551.54,880733,9729,551.17
2024-09-04T09:45:00.000,551.52,552.205,551.235,552.115,588694,7724,551.27
2024-09-04T09:50:00.000,552.1,552.41,551.67,552.35,463430,6784,551.35
2024-09-04T09:55:00.000,552.345,552.555,551.89,552.49,410405,6386,551.44
2024-09-04T10:00:00.000,552.54,552.54,550.025,551.533,1912560,21770,551.34
2024-09-04T10:05:00.000,551.52,552.68,550.83,552.43,1032556,11997,551.43
2024-09-04T10:10:00.000,552.45,552.78,551.46,551.8914,1043153,12351,551.55
2024-09-04T10:15:00.000,551.94,552.65,551.16,551.719,561633,14938,551.57
2024-09-04T10:20:00.000,551.72,552.35,551.42,552.21,533689,12914,551.58
2024-09-04T10:25:00.000,552.26,552.49,551.55,552.49,322036,11256,551.59
2024-09-04T10:30:00.000,552.49,553.0329,552.22,553.0329,870242,15236,551.69
2024-09-04T10:35:00.000,553.03,553.43,552.73,553.08,1116807,6414,551.75
2024-09-04T10:40:00.000,553.04,553.53,552.8,553.53,647633,7097,551.83
2024-09-04T10:45:00.000,553.53,553.6193,552.54,553.035,453683,5975,551.87
2024-09-04T10:50:00.000,553.06,553.37,552.96,553.354,187362,3600,551.89
2024-09-04T10:55:00.000,553.36,554.0,553.32,553.98,381422,5171,551.94
2024-09-04T11:00:00.000,553.97,554.38,553.76,554.33,504324,6510,552.02
2024-09-04T11:05:00.000,554.33,554.43,553.37,553.39,519991,6625,552.1
2024-09-04T11:10:00.000,553.4,553.78,553.01,553.195,715576,4373,552.13
2024-09-04T11:15:00.000,553.2,553.43,552.87,553.295,445745,5835,552.16
2024-09-04T11:20:00.000,553.3095,553.45,552.59,552.905,330146,4770,552.17
2024-09-04T11:25:00.000,552.88,553.02,552.0905,552.14,567943,6864,552.18
2024-09-04T11:30:00.000,552.13,552.33,551.42,552.11,537816,7251,552.17
2024-09-04T11:35:00.000,552.13,552.26,551.68,551.795,252697,4713,552.17
2024-09-04T11:40:00.000,551.8,551.9999,551.49,551.691,697763,4445,552.17
2024-09-04T11:45:00.000,551.69,552.31,551.69,551.86,186919,4072,552.16
2024-09-04T11:50:00.000,551.89,552.39,551.8,552.2773,174046,3977,552.16
2024-09-04T11:55:00.000,552.24,552.24,551.34,551.8499,731478,4613,552.16
2024-09-04T12:00:00.000,551.82,551.95,551.23,551.29,298761,4336,552.15
2024-09-04T12:05:00.000,551.3,551.6695,551.07,551.61,405526,5608,552.13
2024-09-04T12:10:00.000,551.62,551.86,551.09,551.1101,204254,3646,552.12
2024-09-04T12:15:00.000,551.13,551.92,551.13,551.5815,212518,3662,552.12
2024-09-04T12:20:00.000,551.59,552.2399,551.48,552.17,205886,3886,552.12
2024-09-04T12:25:00.000,552.18,552.4172,551.82,552.12,220685,3494,552.12
2024-09-04T12:30:00.000,552.11,552.99,552.0708,552.95,291982,3979,552.12
2024-09-04T12:35:00.000,552.97,553.09,552.7518,552.8,263387,3196,552.13
2024-09-04T12:40:00.000,552.79,552.8501,551.74,551.78,317177,4015,552.14
2024-09-04T12:45:00.000,551.78,552.15,551.47,551.9999,230885,3276,552.13
2024-09-04T12:50:00.000,552.0,552.47,551.82,552.31,178866,2664,552.13
2024-09-04T12:55:00.000,552.32,552.38,551.9,552.34,141250,2408,552.13
2024-09-04T13:00:00.000,552.315,552.34,551.46,551.62,244309,3182,552.13
2024-09-04T13:05:00.000,551.62,552.13,551.61,552.03,173896,2603,552.13
2024-09-04T13:10:00.000,552.0,552.28,551.61,551.71,172369,2895,552.13
2024-09-04T13:15:00.000,551.68,551.92,551.33,551.66,214446,3292,552.12
2024-09-04T13:20:00.000,551.64,552.065,551.39,551.475,236419,3447,552.12
2024-09-04T13:25:00.000,551.46,551.54,551.04,551.215,280305,4149,552.11
2024-09-04T13:30:00.000,551.2,551.33,551.0,551.17,238103,4321,552.1
2024-09-04T13:35:00.000,551.15,551.38,550.95,551.16,243576,3691,552.09
2024-09-04T13:40:00.000,551.18,551.5,550.88,550.93,255489,3321,552.07
2024-09-04T13:45:00.000,550.93,551.65,550.93,551.14,336759,3916,552.06
2024-09-04T13:50:00.000,551.16,551.2,550.6811,551.0199,274517,3739,552.05
2024-09-04T13:55:00.000,551.0,551.15,550.75,550.95,239696,3126,552.04
2024-09-04T14:00:00.000,550.96,551.07,550.67,550.755,417239,4080,552.01
2024-09-04T14:05:00.000,550.75,551.23,550.58,550.9177,411847,4579,551.99
2024-09-04T14:10:00.000,550.92,551.3,550.77,551.25,413330,3776,551.98
2024-09-04T14:15:00.000,551.2292,551.43,550.76,550.83,241743,3174,551.97
2024-09-04T14:20:00.000,550.84,551.13,550.6,551.09,212549,2762,551.96
2024-09-04T14:25:00.000,551.06,551.52,551.01,551.36,227279,2794,551.95
2024-09-04T14:30:00.000,551.35,551.74,550.9,550.94,301107,3459,551.95
2024-09-04T14:35:00.000,550.94,550.99,550.32,550.4,358675,4738,551.93
2024-09-04T14:40:00.000,550.4,550.79,550.37,550.4401,404882,4195,551.91
2024-09-04T14:45:00.000,550.44,550.82,550.26,550.5401,210934,3204,551.9
2024-09-04T14:50:00.000,550.54,550.66,550.08,550.485,255088,3437,551.88
2024-09-04T14:55:00.000,550.49,550.75,550.02,550.07,291486,3479,551.86
2024-09-04T15:00:00.000,550.07,550.19,549.67,549.79,550313,6134,551.83
2024-09-04T15:05:00.000,549.802,549.94,549.52,549.63,365397,3991,551.81
2024-09-04T15:10:00.000,549.64,549.98,549.46,549.65,468493,5285,551.78
2024-09-04T15:15:00.000,549.66,550.04,549.63,549.725,239407,3693,551.76
2024-09-04T15:20:00.000,549.71,550.53,549.71,550.52,480382,5473,551.74
2024-09-04T15:25:00.000,550.52,550.83,550.1,550.72,799620,5494,551.71
2024-09-04T15:30:00.000,550.73,550.75,550.08,550.34,324646,4117,551.7
2024-09-04T15:35:00.000,550.34,550.69,550.08,550.5999,549389,5517,551.68
2024-09-04T15:40:00.000,550.59,551.26,550.5539,551.115,823846,8256,551.65
2024-09-04T15:45:00.000,551.1,551.34,550.76,551.23,1043488,10382,551.63
2024-09-04T15:50:00.000,551.24,551.96,550.73,551.125,1571425,13258,551.62
2024-09-04T15:55:00.000,551.1,551.87,550.81,550.84,3874968,22311,551.59
2024-09-04T16:00:00.000,550.82,550.82,550.82,550.82,254,2,551.59
2024-09-05T09:30:00.000,550.89,551.55,550.68,550.7,1428468,15568,551.21
2024-09-05T09:35:00.000,550.71,552.13,550.65,551.42,1171459,12541,551.35
2024-09-05T09:40:00.000,551.43,551.78,551.4,551.59,539627,6329,551.39
2024-09-05T09:45:00.000,551.6,552.27,550.91,551.26,542780,6528,551.42
2024-09-05T09:50:00.000,551.31,551.85,551.13,551.8,328879,4794,551.42
2024-09-05T09:55:00.000,551.79,552.09,551.63,551.96,399807,5901,551.47
2024-09-05T10:00:00.000,551.97,553.36,551.7,553.04,809104,10593,551.69
2024-09-05T10:05:00.000,553.0,553.58,552.71,552.9,502924,7801,551.81
2024-09-05T10:10:00.000,552.89,552.93,551.6,551.82,485519,8521,551.84
2024-09-05T10:15:00.000,551.81,552.41,551.56,552.29,331053,12375,551.84
2024-09-05T10:20:00.000,552.32,553.55,552.305,553.45,446103,12237,551.9
2024-09-05T10:25:00.000,553.46,553.7995,552.76,552.97,625501,14559,552.03
2024-09-05T10:30:00.000,552.97,553.55,552.6801,553.02,317640,10201,552.07
2024-09-05T10:35:00.000,553.015,553.11,552.695,552.83,225876,4135,552.09
2024-09-05T10:40:00.000,552.82,552.87,552.0701,552.15,302609,4607,552.11
2024-09-05T10:45:00.000,552.14,552.18,550.8,550.91,678687,8279,552.05
2024-09-05T10:50:00.000,550.86,550.9389,550.44,550.81,593755,6938,551.96
2024-09-05T10:55:00.000,550.8,551.07,550.33,550.3899,461561,5611,551.9
2024-09-05T11:00:00.000,550.38,550.54,549.23,549.9404,729442,9358,551.76
2024-09-05T11:05:00.000,549.96,550.48,549.85,550.31,407816,5212,551.7
2024-09-05T11:10:00.000,550.33,550.48,548.98,549.23,476444,6583,551.62
2024-09-05T11:15:00.000,549.26,549.75,549.03,549.31,322358,4984,551.56
2024-09-05T11:20:00.000,549.31,549.53,548.47,548.81,457315,6358,551.47
2024-09-05T11:25:00.000,548.77,548.84,547.82,547.9186,662566,8809,551.3
2024-09-05T11:30:00.000,547.92,548.18,547.4,547.75,678439,8251,551.13
2024-09-05T11:35:00.000,547.76,548.54,547.71,548.09,502125,6971,551.03
2024-09-05T11:40:00.000,548.08,548.35,547.7195,547.88,422809,5640,550.95
2024-09-05T11:45:00.000,547.88,548.39,547.78,548.0204,265504,4541,550.9
2024-09-05T11:50:00.000,548.02,548.32,547.66,547.75,332830,5236,550.84
2024-09-05T11:55:00.000,547.74,547.9989,547.36,547.49,287976,4773,550.78
2024-09-05T12:00:00.000,547.48,548.3499,547.4,548.02,460710,5638,550.7
2024-09-05T12:05:00.000,548.01,548.51,547.89,548.32,257503,4046,550.66
2024-09-05T12:10:00.000,548.33,548.33,547.37,547.64,349688,5004,550.6
2024-09-05T12:15:00.000,547.65,547.88,547.1,547.64,652257,6585,550.5
2024-09-05T12:20:00.000,547.61,548.3,547.53,548.25,523510,4939,550.44
2024-09-05T12:25:00.000,548.245,548.62,548.2,548.5595,432426,4733,550.4
2024-09-05T12:30:00.000,548.55,548.6,548.23,548.48,262672,3945,550.37
2024-09-05T12:35:00.000,548.47,548.65,548.31,548.375,254801,3353,550.34
2024-09-05T12:40:00.000,548.39,548.94,548.39,548.78,269727,4017,550.32
2024-09-05T12:45:00.000,548.77,548.79,548.42,548.51,190220,2915,550.3
2024-09-05T12:50:00.000,548.51,548.6696,548.28,548.4599,157603,2978,550.29
2024-09-05T12:55:00.000,548.45,549.3,548.4,548.71,372903,4308,550.27
2024-09-05T13:00:00.000,548.72,548.96,548.48,548.5908,195551,3018,550.25
2024-09-05T13:05:00.000,548.58,548.58,548.0,548.35,212176,3485,550.23
2024-09-05T13:10:00.000,548.34,548.72,548.3106,548.46,298902,2343,550.22
2024-09-05T13:15:00.000,548.45,548.54,547.78,548.51,265893,4015,550.19
2024-09-05T13:20:00.000,548.5,548.56,548.24,548.56,112341,2515,550.19
2024-09-05T13:25:00.000,548.505,548.56,547.75,547.8199,187895,2857,550.17
2024-09-05T13:30:00.000,547.73,548.3,547.73,548.28,200164,3308,550.15
2024-09-05T13:35:00.000,548.3,549.15,548.3,548.811,256273,3508,550.13
2024-09-05T13:40:00.000,548.81,549.845,548.76,549.78,261964,3714,550.12
2024-09-05T13:45:00.000,549.75,550.61,549.7101,550.36,418736,5147,550.12
2024-09-05T13:50:00.000,550.34,550.47,550.02,550.0899,245807,3465,550.12
2024-09-05T13:55:00.000,550.075,550.7,550.07,550.68,409831,4918,550.13
2024-09-05T14:00:00.000,550.69,550.93,550.23,550.49,391657,4374,550.14
2024-09-05T14:05:00.000,550.48,550.76,550.3601,550.4921,390850,3664,550.14
2024-09-05T14:10:00.000,550.5,550.72,550.21,550.26,516843,4777,550.15
2024-09-05T14:15:00.000,550.2799,550.77,550.1406,550.55,324648,3915,550.16
2024-09-05T14:20:00.000,550.545,550.71,550.22,550.2599,158920,2310,550.16
2024-09-05T14:25:00.000,550.25,550.278,549.85,550.0,203502,2980,550.16
2024-09-05T14:30:00.000,549.99,550.53,549.9699,550.28,283425,3374,550.16
2024-09-05T14:35:00.000,550.2895,550.63,550.1465,550.37,207251,3053,550.16
2024-09-05T14:40:00.000,550.38,550.5,550.1,550.32,185824,2980,550.16
2024-09-05T14:45:00.000,550.34,550.72,550.31,550.675,177019,2712,550.17
2024-09-05T14:50:00.000,550.67,551.18,550.44,550.59,352710,3802,550.18
2024-09-05T14:55:00.000,550.59,550.67,550.12,550.17,223498,2947,550.18
2024-09-05T15:00:00.000,550.15,550.17,549.69,550.0299,274545,3495,550.17
2024-09-05T15:05:00.000,550.05,550.12,549.71,549.86,194585,2835,550.17
2024-09-05T15:10:00.000,549.85,549.855,549.43,549.47,217934,3269,550.17
2024-09-05T15:15:00.000,549.5,549.55,548.14,548.6401,784390,7169,550.13
2024-09-05T15:20:00.000,548.64,548.95,548.41,548.92,505889,5204,550.1
2024-09-05T15:25:00.000,548.9,549.44,548.82,549.2801,398037,4517,550.09
2024-09-05T15:30:00.000,549.31,550.26,549.25,550.2,556674,6340,550.08
2024-09-05T15:35:00.000,550.2,550.2,549.34,549.39,577552,6339,550.08
2024-09-05T15:40:00.000,549.39,549.39,548.35,548.5905,600251,7072,550.05
2024-09-05T15:45:00.000,548.6,549.07,548.27,548.91,904360,9542,550.01
2024-09-05T15:50:00.000,548.92,549.16,548.04,548.72,1702389,15510,549.93
2024-09-05T15:55:00.000,548.71,549.57,548.45,549.57,3005478,22012,549.84
2024-09-05T16:00:00.000,549.56,549.56,549.56,549.56,600,4,549.84
2024-09-06T09:30:00.000,549.94,551.134,549.84,551.08,1919674,15386,550.44
2024-09-06T09:35:00.000,551.1,551.6,549.15,549.23,1053900,11557,550.45
2024-09-06T09:40:00.000,549.26,550.38,548.46,549.94,955848,10620,550.2
2024-09-06T09:45:00.000,549.9226,550.65,549.53,549.68,560445,7825,550.18
2024-09-06T09:50:00.000,549.665,549.77,548.31,548.35,774207,8724,550.03
2024-09-06T09:55:00.000,548.39,548.96,547.83,547.8901,535224,6647,549.88
2024-09-06T10:00:00.000,547.89,548.26,547.41,547.66,760339,9360,549.64
2024-09-06T10:05:00.000,547.67,548.09,547.03,547.48,461657,10167,549.51
2024-09-06T10:10:00.000,547.44,547.88,546.56,547.1244,635055,9233,549.32
2024-09-06T10:15:00.000,547.17,547.37,546.33,546.99,589956,13948,549.15
2024-09-06T10:20:00.000,547.04,547.23,545.68,545.77,515810,13715,549.01
2024-09-06T10:25:00.000,545.75,545.79,544.64,544.7,1126209,19276,548.61
2024-09-06T10:30:00.000,544.69,545.17,544.005,544.13,1173674,19221,548.22
2024-09-06T10:35:00.000,544.14,544.44,543.71,544.18,1097423,12956,547.84
2024-09-06T10:40:00.000,544.18,544.2,542.59,542.62,1029934,11600,547.48
2024-09-06T10:45:00.000,542.62,543.24,542.57,542.7,989892,9755,547.18
2024-09-06T10:50:00.000,542.72,542.86,541.82,541.82,1020482,10605,546.87
2024-09-06T10:55:00.000,541.84,542.3499,541.56,542.22,1241155,10882,546.56
2024-09-06T11:00:00.000,542.25,545.505,542.13,543.491,2685814,23958,546.26
2024-09-06T11:05:00.000,543.52,544.12,542.29,542.37,988320,10994,546.11
2024-09-06T11:10:00.000,542.41,542.9,541.87,542.28,781861,9703,545.96
2024-09-06T11:15:00.000,542.28,542.47,540.96,541.25,886588,10244,545.78
2024-09-06T11:20:00.000,541.29,542.16,541.12,541.6207,802392,10519,545.63
2024-09-06T11:25:00.000,541.58,541.84,541.25,541.5,741052,6076,545.56
2024-09-06T11:30:00.000,541.49,542.65,541.4105,542.07,527625,7967,545.48
2024-09-06T11:35:00.000,542.1,542.15,541.33,541.65,415971,5638,545.42
2024-09-06T11:40:00.000,541.61,541.83,541.1,541.2598,445267,5795,545.34
2024-09-06T11:45:00.000,541.24,541.31,540.52,540.985,668318,7673,545.21
2024-09-06T11:50:00.000,540.97,541.02,540.26,540.92,521320,6406,545.12
2024-09-06T11:55:00.000,540.9115,541.28,540.55,540.58,588314,6091,545.04
2024-09-06T12:00:00.000,540.53,541.03,540.4,540.4799,266971,4582,545.0
2024-09-06T12:05:00.000,540.48,541.07,540.34,540.7287,462567,5398,544.92
2024-09-06T12:10:00.000,540.73,541.03,540.43,540.61,361965,4937,544.87
2024-09-06T12:15:00.000,540.5901,540.74,540.13,540.29,422939,5378,544.8
2024-09-06T12:20:00.000,540.31,540.61,540.1,540.5,343894,4651,544.75
2024-09-06T12:25:00.000,540.4716,540.7799,539.84,539.9,412390,7754,544.69
2024-09-06T12:30:00.000,539.914,540.81,539.85,540.77,326205,5124,544.64
2024-09-06T12:35:00.000,540.76,541.18,540.17,540.26,356674,5018,544.59
2024-09-06T12:40:00.000,540.26,540.7866,540.08,540.7238,314372,4191,544.55
2024-09-06T12:45:00.000,540.695,540.7467,539.73,539.95,452255,5466,544.49
2024-09-06T12:50:00.000,539.94,540.13,539.66,539.885,334304,5372,544.44
2024-09-06T12:55:00.000,539.88,540.42,539.7,540.135,396304,6095,544.39
2024-09-06T13:00:00.000,540.15,540.69,539.91,540.52,356802,5998,544.34
2024-09-06T13:05:00.000,540.54,541.3395,540.29,541.11,446415,6863,544.29
2024-09-06T13:10:00.000,541.12,541.53,541.03,541.37,455155,6276,544.24
2024-09-06T13:15:00.000,541.36,541.5,541.0305,541.13,328052,4462,544.21
2024-09-06T13:20:00.000,541.08,542.0,541.07,541.98,289696,4184,544.19
2024-09-06T13:25:00.000,541.97,542.0,540.8,540.83,382568,5215,544.16
2024-09-06T13:30:00.000,540.83,540.96,540.4815,540.7999,384469,4999,544.13
2024-09-06T13:35:00.000,540.79,540.79,540.17,540.3105,333767,4439,544.09
2024-09-06T13:40:00.000,540.31,540.4,539.97,540.15,263210,3614,544.06
2024-09-06T13:45:00.000,540.1239,540.33,539.93,540.0999,253771,3644,544.03
2024-09-06T13:50:00.000,540.1,540.57,539.89,540.45,287967,3859,544.0
2024-09-06T13:55:00.000,540.47,541.05,540.45,540.64,344305,4515,543.97
2024-09-06T14:00:00.000,540.65,540.85,539.93,539.99,337616,4274,543.93
2024-09-06T14:05:00.000,539.99,540.2,539.84,540.01,319803,3956,543.89
2024-09-06T14:10:00.000,540.01,540.39,539.91,540.0743,247507,3222,543.87
2024-09-06T14:15:00.000,540.09,540.34,539.74,539.8481,252327,3442,543.84
2024-09-06T14:20:00.000,539.87,540.17,539.54,539.63,301932,4002,543.8
2024-09-06T14:25:00.000,539.62,540.08,539.44,539.99,351072,4492,543.76
2024-09-06T14:30:00.000,540.0,540.27,539.62,539.81,1302412,4050,543.73
2024-09-06T14:35:00.000,539.8101,539.9,539.55,539.815,321536,3340,543.71
2024-09-06T14:40:00.000,539.84,540.33,539.72,540.3,281366,3853,543.68
2024-09-06T14:45:00.000,540.308,540.31,539.75,540.1573,325917,3593,543.65
2024-09-06T14:50:00.000,540.15,540.25,539.71,540.25,268003,3518,543.63
2024-09-06T14:55:00.000,540.24,540.65,540.15,540.45,647548,4213,543.6
2024-09-06T15:00:00.000,540.45,541.07,540.4,540.9777,528190,4793,543.57
2024-09-06T15:05:00.000,540.95,541.34,540.86,541.21,1078093,4703,543.55
2024-09-06T15:10:00.000,541.21,541.43,540.86,541.1,381326,4678,543.52
2024-09-06T15:15:00.000,541.11,541.32,540.86,540.93,430621,4599,543.5
2024-09-06T15:20:00.000,540.94,541.45,540.94,541.38,761707,6008,543.46
2024-09-06T15:25:00.000,541.385,541.88,541.292,541.33,667308,6559,543.44
2024-09-06T15:30:00.000,541.33,541.39,540.92,540.92,745606,7058,543.4
2024-09-06T15:35:00.000,540.92,541.05,540.215,540.36,1365084,11067,543.31
2024-09-06T15:40:00.000,540.37,540.73,540.2,540.34,1265752,10254,543.23
2024-09-06T15:45:00.000,540.35,541.45,540.31,541.3,1243243,12278,543.17
2024-09-06T15:50:00.000,541.33,541.7,539.86,540.31,3358666,27546,542.98
2024-09-06T15:55:00.000,540.3,540.7,539.67,540.43,5593760,32820,542.68
2024-09-06T16:00:00.000,0.0,0.0,0.0,0.0,25,1,542.68
2024-09-07T09:30:00.000,0.0,0.0,0.0,0.0,0,0,0.0
2024-09-07T09:35:00.000,0.0,0.0,0.0,0.0,0,0,0.0
2024-09-07T09:40:00.000,0.0,0.0,0.0,0.0,0,0,0.0
2024-09-07T09:45:00.000,0.0,0.0,0.0,0.0,0,0,0.0
2024-09-07T09:50:00.000,0.0,0.0,0.0,0.0,0,0,0.0
2024-09-07T09:55:00.000,0.0,0.0,0.0,0.0,0,0,0.0
2024-09-07T10:00:00.000,0.0,0.0,0.0,0.0,0,0,0.0
2024-09-07T10:05:00.000,0.0,0.0,0.0,0.0,0,0,0.0
2024-09-07T10:10:00.000,0.0,0.0,0.0,0.0,0,0,0.0
2024-09-07T10:15:00.000,0.0,0.0,0.0,0.0,0,0,0.0
2024-09-07T10:20:00.000,0.0,0.0,0.0,0.0,0,0,0.0
2024-09-07T10:25:00.000,0.0,0.0,0.0,0.0,0,0,0.0
2024-09-07T10:30:00.000,0.0,0.0,0.0,0.0,0,0,0.0
2024-09-07T10:35:00.000,0.0,0.0,0.0,0.0,0,0,0.0
2024-09-07T10:40:00.000,0.0,0.0,0.0,0.0,0,0,0.0
2024-09-07T10:45:00.000,0.0,0.0,0.0,0.0,0,0,0.0
2024-09-07T10:50:00.000,0.0,0.0,0.0,0.0,0,0,0.0
2024-09-07T10:55:00.000,0.0,0.0,0.0,0.0,0,0,0.0
2024-09-07T11:00:00.000,0.0,0.0,0.0,0.0,0,0,0.0
2024-09-07T11:05:00.000,0.0,0.0,0.0,0.0,0,0,0.0
2024-09-07T11:10:00.000,0.0,0.0,0.0,0.0,0,0,0.0
2024-09-07T11:15:00.000,0.0,0.0,0.0,0.0,0,0,0.0
2024-09-07T11:20:00.000,0.0,0.0,0.0,0.0,0,0,0.0
2024-09-07T11:25:00.000,0.0,0.0,0.0,0.0,0,0,0.0
2024-09-07T11:30:00.000,0.0,0.0,0.0,0.0,0,0,0.0
2024-09-07T11:35:00.000,0.0,0.0,0.0,0.0,0,0,0.0
2024-09-07T11:40:00.000,0.0,0.0,0.0,0.0,0,0,0.0
2024-09-07T11:45:00.000,0.0,0.0,0.0,0.0,0,0,0.0
2024-09-07T11:50:00.000,0.0,0.0,0.0,0.0,0,0,0.0
2024-09-07T11:55:00.000,0.0,0.0,0.0,0.0,0,0,0.0
2024-09-07T12:00:00.000,0.0,0.0,0.0,0.0,0,0,0.0
2024-09-07T12:05:00.000,0.0,0.0,0.0,0.0,0,0,0.0
2024-09-07T12:10:00.000,0.0,0.0,0.0,0.0,0,0,0.0
2024-09-07T12:15:00.000,0.0,0.0,0.0,0.0,0,0,0.0
2024-09-07T12:20:00.000,0.0,0.0,0.0,0.0,0,0,0.0
2024-09-07T12:25:00.000,0.0,0.0,0.0,0.0,0,0,0.0
2024-09-07T12:30:00.000,0.0,0.0,0.0,0.0,0,0,0.0
2024-09-07T12:35:00.000,0.0,0.0,0.0,0.0,0,0,0.0
2024-09-07T12:40:00.000,0.0,0.0,0.0,0.0,0,0,0.0
2024-09-07T12:45:00.000,0.0,0.0,0.0,0.0,0,0,0.0
2024-09-07T12:50:00.000,0.0,0.0,0.0,0.0,0,0,0.0
2024-09-07T12:55:00.000,0.0,0.0,0.0,0.0,0,0,0.0
2024-09-07T13:00:00.000,0.0,0.0,0.0,0.0,0,0,0.0
2024-09-07T13:05:00.000,0.0,0.0,0.0,0.0,0,0,0.0
2024-09-07T13:10:00.000,0.0,0.0,0.0,0.0,0,0,0.0
2024-09-07T13:15:00.000,0.0,0.0,0.0,0.0,0,0,0.0
2024-09-07T13:20:00.000,0.0,0.0,0.0,0.0,0,0,0.0
2024-09-07T13:25:00.000,0.0,0.0,0.0,0.0,0,0,0.0
2024-09-07T13:30:00.000,0.0,0.0,0.0,0.0,0,0,0.0
2024-09-07T13:35:00.000,0.0,0.0,0.0,0.0,0,0,0.0
2024-09-07T13:40:00.000,0.0,0.0,0.0,0.0,0,0,0.0
2024-09-07T13:45:00.000,0.0,0.0,0.0,0.0,0,0,0.0
2024-09-07T13:50:00.000,0.0,0.0,0.0,0.0,0,0,0.0
2024-09-07T13:55:00.000,0.0,0.0,0.0,0.0,0,0,0.0
2024-09-07T14:00:00.000,0.0,0.0,0.0,0.0,0,0,0.0
2024-09-07T14:05:00.000,0.0,0.0,0.0,0.0,0,0,0.0
2024-09-07T14:10:00.000,0.0,0.0,0.0,0.0,0,0,0.0
2024-09-07T14:15:00.000,0.0,0.0,0.0,0.0,0,0,0.0
2024-09-07T14:20:00.000,0.0,0.0,0.0,0.0,0,0,0.0
2024-09-07T14:25:00.000,0.0,0.0,0.0,0.0,0,0,0.0
2024-09-07T14:30:00.000,0.0,0.0,0.0,0.0,0,0,0.0
2024-09-07T14:35:00.000,0.0,0.0,0.0,0.0,0,0,0.0
2024-09-07T14:40:00.000,0.0,0.0,0.0,0.0,0,0,0.0
2024-09-07T14:45:00.000,0.0,0.0,0.0,0.0,0,0,0.0
2024-09-07T14:50:00.000,0.0,0.0,0.0,0.0,0,0,0.0
2024-09-07T14:55:00.000,0.0,0.0,0.0,0.0,0,0,0.0
2024-09-07T15:00:00.000,0.0,0.0,0.0,0.0,0,0,0.0
2024-09-07T15:05:00.000,0.0,0.0,0.0,0.0,0,0,0.0
2024-09-07T15:10:00.000,0.0,0.0,0.0,0.0,0,0,0.0
2024-09-07T15:15:00.000,0.0,0.0,0.0,0.0,0,0,0.0
2024-09-07T15:20:00.000,0.0,0.0,0.0,0.0,0,0,0.0
2024-09-07T15:25:00.000,0.0,0.0,0.0,0.0,0,0,0.0
2024-09-07T15:30:00.000,0.0,0.0,0.0,0.0,0,0,0.0
2024-09-07T15:35:00.000,0.0,0.0,0.0,0.0,0,0,0.0
2024-09-07T15:40:00.000,0.0,0.0,0.0,0.0,0,0,0.0
2024-09-07T15:45:00.000,0.0,0.0,0.0,0.0,0,0,0.0
2024-09-07T15:50:00.000,0.0,0.0,0.0,0.0,0,0,0.0
2024-09-07T15:55:00.000,0.0,0.0,0.0,0.0,0,0,0.0
2024-09-07T16:00:00.000,0.0,0.0,0.0,0.0,0,0,0.0
2024-09-08T09:30:00.000,0.0,0.0,0.0,0.0,0,0,0.0
2024-09-08T09:35:00.000,0.0,0.0,0.0,0.0,0,0,0.0
2024-09-08T09:40:00.000,0.0,0.0,0.0,0.0,0,0,0.0
2024-09-08T09:45:00.000,0.0,0.0,0.0,0.0,0,0,0.0
2024-09-08T09:50:00.000,0.0,0.0,0.0,0.0,0,0,0.0
2024-09-08T09:55:00.000,0.0,0.0,0.0,0.0,0,0,0.0
2024-09-08T10:00:00.000,0.0,0.0,0.0,0.0,0,0,0.0
2024-09-08T10:05:00.000,0.0,0.0,0.0,0.0,0,0,0.0
2024-09-08T10:10:00.000,0.0,0.0,0.0,0.0,0,0,0.0
2024-09-08T10:15:00.000,0.0,0.0,0.0,0.0,0,0,0.0
2024-09-08T10:20:00.000,0.0,0.0,0.0,0.0,0,0,0.0
2024-09-08T10:25:00.000,0.0,0.0,0.0,0.0,0,0,0.0
2024-09-08T10:30:00.000,0.0,0.0,0.0,0.0,0,0,0.0
2024-09-08T10:35:00.000,0.0,0.0,0.0,0.0,0,0,0.0
2024-09-08T10:40:00.000,0.0,0.0,0.0,0.0,0,0,0.0
2024-09-08T10:45:00.000,0.0,0.0,0.0,0.0,0,0,0.0
2024-09-08T10:50:00.000,0.0,0.0,0.0,0.0,0,0,0.0
2024-09-08T10:55:00.000,0.0,0.0,0.0,0.0,0,0,0.0
2024-09-08T11:00:00.000,0.0,0.0,0.0,0.0,0,0,0.0
2024-09-08T11:05:00.000,0.0,0.0,0.0,0.0,0,0,0.0
2024-09-08T11:10:00.000,0.0,0.0,0.0,0.0,0,0,0.0
2024-09-08T11:15:00.000,0.0,0.0,0.0,0.0,0,0,0.0
2024-09-08T11:20:00.000,0.0,0.0,0.0,0.0,0,0,0.0
2024-09-08T11:25:00.000,0.0,0.0,0.0,0.0,0,0,0.0
2024-09-08T11:30:00.000,0.0,0.0,0.0,0.0,0,0,0.0
2024-09-08T11:35:00.000,0.0,0.0,0.0,0.0,0,0,0.0
2024-09-08T11:40:00.000,0.0,0.0,0.0,0.0,0,0,0.0
2024-09-08T11:45:00.000,0.0,0.0,0.0,0.0,0,0,0.0
2024-09-08T11:50:00.000,0.0,0.0,0.0,0.0,0,0,0.0
2024-09-08T11:55:00.000,0.0,0.0,0.0,0.0,0,0,0.0
2024-09-08T12:00:00.000,0.0,0.0,0.0,0.0,0,0,0.0
2024-09-08T12:05:00.000,0.0,0.0,0.0,0.0,0,0,0.0
2024-09-08T12:10:00.000,0.0,0.0,0.0,0.0,0,0,0.0
2024-09-08T12:15:00.000,0.0,0.0,0.0,0.0,0,0,0.0
2024-09-08T12:20:00.000,0.0,0.0,0.0,0.0,0,0,0.0
2024-09-08T12:25:00.000,0.0,0.0,0.0,0.0,0,0,0.0
2024-09-08T12:30:00.000,0.0,0.0,0.0,0.0,0,0,0.0
2024-09-08T12:35:00.000,0.0,0.0,0.0,0.0,0,0,0.0
2024-09-08T12:40:00.000,0.0,0.0,0.0,0.0,0,0,0.0
2024-09-08T12:45:00.000,0.0,0.0,0.0,0.0,0,0,0.0
2024-09-08T12:50:00.000,0.0,0.0,0.0,0.0,0,0,0.0
2024-09-08T12:55:00.000,0.0,0.0,0.0,0.0,0,0,0.0
2024-09-08T13:00:00.000,0.0,0.0,0.0,0.0,0,0,0.0
2024-09-08T13:05:00.000,0.0,0.0,0.0,0.0,0,0,0.0
2024-09-08T13:10:00.000,0.0,0.0,0.0,0.0,0,0,0.0
2024-09-08T13:15:00.000,0.0,0.0,0.0,0.0,0,0,0.0
2024-09-08T13:20:00.000,0.0,0.0,0.0,0.0,0,0,0.0
2024-09-08T13:25:00.000,0.0,0.0,0.0,0.0,0,0,0.0
2024-09-08T13:30:00.000,0.0,0.0,0.0,0.0,0,0,0.0
2024-09-08T13:35:00.000,0.0,0.0,0.0,0.0,0,0,0.0
2024-09-08T13:40:00.000,0.0,0.0,0.0,0.0,0,0,0.0
2024-09-08T13:45:00.000,0.0,0.0,0.0,0.0,0,0,0.0
2024-09-08T13:50:00.000,0.0,0.0,0.0,0.0,0,0,0.0
2024-09-08T13:55:00.000,0.0,0.0,0.0,0.0,0,0,0.0
2024-09-08T14:00:00.000,0.0,0.0,0.0,0.0,0,0,0.0
2024-09-08T14:05:00.000,0.0,0.0,0.0,0.0,0,0,0.0
2024-09-08T14:10:00.000,0.0,0.0,0.0,0.0,0,0,0.0
2024-09-08T14:15:00.000,0.0,0.0,0.0,0.0,0,0,0.0
2024-09-08T14:20:00.000,0.0,0.0,0.0,0.0,0,0,0.0
2024-09-08T14:25:00.000,0.0,0.0,0.0,0.0,0,0,0.0
2024-09-08T14:30:00.000,0.0,0.0,0.0,0.0,0,0,0.0
2024-09-08T14:35:00.000,0.0,0.0,0.0,0.0,0,0,0.0
2024-09-08T14:40:00.000,0.0,0.0,0.0,0.0,0,0,0.0
2024-09-08T14:45:00.000,0.0,0.0,0.0,0.0,0,0,0.0
2024-09-08T14:50:00.000,0.0,0.0,0.0,0.0,0,0,0.0
2024-09-08T14:55:00.000,0.0,0.0,0.0,0.0,0,0,0.0
2024-09-08T15:00:00.000,0.0,0.0,0.0,0.0,0,0,0.0
2024-09-08T15:05:00.000,0.0,0.0,0.0,0.0,0,0,0.0
2024-09-08T15:10:00.000,0.0,0.0,0.0,0.0,0,0,0.0
2024-09-08T15:15:00.000,0.0,0.0,0.0,0.0,0,0,0.0
2024-09-08T15:20:00.000,0.0,0.0,0.0,0.0,0,0,0.0
2024-09-08T15:25:00.000,0.0,0.0,0.0,0.0,0,0,0.0
2024-09-08T15:30:00.000,0.0,0.0,0.0,0.0,0,0,0.0
2024-09-08T15:35:00.000,0.0,0.0,0.0,0.0,0,0,0.0
2024-09-08T15:40:00.000,0.0,0.0,0.0,0.0,0,0,0.0
2024-09-08T15:45:00.000,0.0,0.0,0.0,0.0,0,0,0.0
2024-09-08T15:50:00.000,0.0,0.0,0.0,0.0,0,0,0.0
2024-09-08T15:55:00.000,0.0,0.0,0.0,0.0,0,0,0.0
2024-09-08T16:00:00.000,0.0,0.0,0.0,0.0,0,0,0.0
2024-09-09T09:30:00.000,544.65,545.16,544.06,545.01,1963235,21100,544.57
2024-09-09T09:35:00.000,545.03,545.27,544.78,545.04,704441,8643,544.68
2024-09-09T09:40:00.000,545.03,545.1,544.485,544.665,469468,7346,544.69
2024-09-09T09:45:00.000,544.67,544.92,544.37,544.67,562082,8133,544.69
2024-09-09T09:50:00.000,544.67,545.33,544.5,545.05,702371,8837,544.74
2024-09-09T09:55:00.000,545.09,545.49,545.02,545.3,481086,6898,544.79
2024-09-09T10:00:00.000,545.3,545.52,545.2,545.36,376602,6267,544.83
2024-09-09T10:05:00.000,545.35,545.66,545.14,545.5601,406149,6342,544.87
2024-09-09T10:10:00.000,545.59,546.39,545.59,546.04,629990,7940,544.99
2024-09-09T10:15:00.000,546.045,546.2495,545.33,545.46,368925,5750,545.03
2024-09-09T10:20:00.000,545.47,545.67,544.6912,544.95,552092,15400,545.05
2024-09-09T10:25:00.000,544.94,545.12,544.69,544.73,583788,14096,545.04
2024-09-09T10:30:00.000,544.72,544.7701,543.94,544.18,532115,14311,544.99
2024-09-09T10:35:00.000,544.18,544.488,543.84,544.12,510177,17523,544.95
2024-09-09T10:40:00.000,544.1,544.2295,543.695,543.78,532642,5315,544.92
2024-09-09T10:45:00.000,543.76,544.18,543.62,544.1501,413238,4728,544.88
2024-09-09T10:50:00.000,544.155,544.4,543.925,544.2,294015,4082,544.86
2024-09-09T10:55:00.000,544.18,544.43,543.31,543.31,375467,4774,544.82
2024-09-09T11:00:00.000,543.33,543.8899,543.08,543.5302,250790,4074,544.79
2024-09-09T11:05:00.000,543.54,543.99,543.3601,543.62,269163,3178,544.77
2024-09-09T11:10:00.000,543.615,543.615,542.8239,542.95,236752,3708,544.73
2024-09-09T11:15:00.000,542.91,543.04,542.68,542.93,254677,3608,544.69
2024-09-09T11:20:00.000,542.93,543.53,542.83,543.53,329057,3495,544.66
2024-09-09T11:25:00.000,543.49,544.2699,543.32,544.2,262571,3877,544.64
2024-09-09T11:30:00.000,544.23,545.1,544.14,544.87,360486,5292,544.64
2024-09-09T11:35:00.000,544.88,545.31,544.73,545.31,226557,3688,544.64
2024-09-09T11:40:00.000,545.28,545.44,545.15,545.275,644674,3497,544.66
2024-09-09T11:45:00.000,545.32,545.81,545.22,545.77,322517,3411,544.67
2024-09-09T11:50:00.000,545.76,545.93,545.5125,545.88,324747,3279,544.7
2024-09-09T11:55:00.000,545.86,545.99,545.81,545.99,490195,3352,544.72
2024-09-09T12:00:00.000,545.98,546.6,545.76,546.39,315351,4456,544.75
2024-09-09T12:05:00.000,546.4,546.47,545.98,546.27,269962,3916,544.78
2024-09-09T12:10:00.000,546.28,546.54,546.18,546.25,459088,3129,544.8
2024-09-09T12:15:00.000,546.2317,546.66,546.2,546.63,442003,2877,544.82
2024-09-09T12:20:00.000,546.61,546.73,546.44,546.62,227512,3107,544.85
2024-09-09T12:25:00.000,546.62,547.0,546.53,546.89,275844,3794,544.89
2024-09-09T12:30:00.000,546.9001,547.12,546.83,547.09,241419,3622,544.92
2024-09-09T12:35:00.000,547.08,547.33,546.77,547.03,272236,3722,544.96
2024-09-09T12:40:00.000,547.03,547.58,547.015,547.3211,272746,3899,545.0
2024-09-09T12:45:00.000,547.35,547.6,547.3135,547.3508,375590,4102,545.06
2024-09-09T12:50:00.000,547.3638,547.61,547.36,547.4205,200974,3212,545.09
2024-09-09T12:55:00.000,547.42,547.68,547.3701,547.49,264402,3647,545.13
2024-09-09T13:00:00.000,547.485,547.67,547.2,547.41,286912,3767,545.17
2024-09-09T13:05:00.000,547.42,547.71,547.38,547.65,400122,3218,545.21
2024-09-09T13:10:00.000,547.66,547.68,547.34,547.3805,194182,3039,545.23
2024-09-09T13:15:00.000,547.38,547.61,547.2202,547.46,232711,3279,545.26
2024-09-09T13:20:00.000,547.44,547.465,547.14,547.19,201384,3076,545.28
2024-09-09T13:25:00.000,547.21,547.44,547.21,547.33,158554,2359,545.3
2024-09-09T13:30:00.000,547.32,547.32,546.55,546.72,371071,5417,545.33
2024-09-09T13:35:00.000,546.71,547.2441,546.5801,547.145,234738,3400,545.35
2024-09-09T13:40:00.000,547.145,547.33,545.985,546.01,507966,5092,545.38
2024-09-09T13:45:00.000,546.02,546.7,545.84,546.61,231735,3325,545.39
2024-09-09T13:50:00.000,546.6,546.601,546.24,546.26,226525,3297,545.4
2024-09-09T13:55:00.000,546.25,546.35,545.575,545.7401,254787,3315,545.41
2024-09-09T14:00:00.000,545.74,545.85,545.19,545.2701,294210,3806,545.41
2024-09-09T14:05:00.000,545.28,545.38,545.0401,545.26,479221,4010,545.41
2024-09-09T14:10:00.000,545.26,545.33,545.02,545.031,263570,3865,545.41
2024-09-09T14:15:00.000,545.03,545.54,544.9,545.38,418012,5057,545.4
2024-09-09T14:20:00.000,545.4215,545.46,544.98,545.37,225782,2975,545.4
2024-09-09T14:25:00.000,545.38,545.645,544.904,544.9698,340765,4331,545.4
2024-09-09T14:30:00.000,544.96,545.23,544.67,545.16,329312,4210,545.39
2024-09-09T14:35:00.000,545.1699,545.25,544.18,544.36,436703,4766,545.38
2024-09-09T14:40:00.000,544.36,545.36,544.2501,545.26,417520,4590,545.37
2024-09-09T14:45:00.000,545.27,545.42,545.16,545.3,309361,4012,545.37
2024-09-09T14:50:00.000,545.27,545.51,545.05,545.17,305020,3502,545.37
2024-09-09T14:55:00.000,545.14,545.3,544.99,545.11,367533,3838,545.36
2024-09-09T15:00:00.000,545.07,545.0899,544.63,544.65,328935,4515,545.36
2024-09-09T15:05:00.000,544.63,545.28,544.615,545.185,327252,4108,545.35
2024-09-09T15:10:00.000,545.205,545.205,544.75,544.84,484534,5019,545.34
2024-09-09T15:15:00.000,544.85,545.23,544.84,544.87,266764,3615,545.34
2024-09-09T15:20:00.000,544.88,544.91,544.46,544.8681,432799,4994,545.33
2024-09-09T15:25:00.000,544.84,545.63,544.74,545.59,443705,5246,545.33
2024-09-09T15:30:00.000,545.58,545.98,545.44,545.61,608014,6602,545.33
2024-09-09T15:35:00.000,545.62,546.13,545.5,545.69,429273,4777,545.34
2024-09-09T15:40:00.000,545.69,546.18,545.69,545.9325,603502,6266,545.36
2024-09-09T15:45:00.000,545.92,545.95,545.43,545.7,905756,6879,545.36
2024-09-09T15:50:00.000,545.71,546.0,544.98,545.64,862953,10536,545.37
2024-09-09T15:55:00.000,545.66,546.51,545.63,546.42,2976496,20302,545.44
2024-09-09T16:00:00.000,546.39,546.39,546.39,546.39,300,1,545.44
2024-09-10T09:30:00.000,548.36,548.66,547.96,548.14,1442660,12521,548.35
2024-09-10T09:35:00.000,548.18,548.32,547.82,547.89,568487,6290,548.26
2024-09-10T09:40:00.000,547.84,548.52,547.77,548.51,425120,5520,548.23
2024-09-10T09:45:00.000,548.5,548.5665,547.95,548.0101,423505,5999,548.24
2024-09-10T09:50:00.000,548.03,548.31,547.63,548.23,391214,5540,548.21
2024-09-10T09:55:00.000,548.23,548.58,547.68,547.8699,533173,5802,548.19
2024-09-10T10:00:00.000,547.87,547.995,547.565,547.7805,409207,8292,548.15
2024-09-10T10:05:00.000,547.77,548.11,546.86,547.78,561893,8087,548.08
2024-09-10T10:10:00.000,547.78,547.785,545.71,545.88,646081,8966,547.89
2024-09-10T10:15:00.000,545.89,546.455452,545.5493,546.22,555619,14391,547.73
2024-09-10T10:20:00.000,546.2301,546.48,545.6602,545.85,435623,12554,547.61
2024-09-10T10:25:00.000,545.88,547.28,545.85,547.08,517949,12389,547.54
2024-09-10T10:30:00.000,547.09,547.2464,546.27,546.37,329846,9214,547.5
2024-09-10T10:35:00.000,546.41,547.12,546.3411,546.94,321527,4098,547.46
2024-09-10T10:40:00.000,546.948,547.17,546.2505,546.334,322807,3885,547.43
2024-09-10T10:45:00.000,546.31,546.85,546.06,546.65,240215,3367,547.4
2024-09-10T10:50:00.000,546.665,546.69,545.66,546.19,303404,3853,547.36
2024-09-10T10:55:00.000,546.1992,546.53,545.94,546.52,236565,2881,547.33
2024-09-10T11:00:00.000,546.52,546.68,546.25,546.47,297824,3585,547.3
2024-09-10T11:05:00.000,546.43,546.9771,546.11,546.915,252597,3120,547.28
2024-09-10T11:10:00.000,546.98,547.32,546.73,546.9988,290456,3808,547.27
2024-09-10T11:15:00.000,547.03,547.445,546.973861,547.29,244586,3194,547.27
2024-09-10T11:20:00.000,547.28,547.36,546.98,547.3303,224247,2798,547.27
2024-09-10T11:25:00.000,547.36,547.7,547.345,547.45,233536,3158,547.27
2024-09-10T11:30:00.000,547.45,547.73,547.09,547.19,280781,3616,547.28
2024-09-10T11:35:00.000,547.199,547.3,546.36,546.5125,397151,4519,547.26
2024-09-10T11:40:00.000,546.52,546.91,546.41,546.4995,211185,3029,547.25
2024-09-10T11:45:00.000,546.51,546.5795,545.83,545.98,365998,4328,547.22
2024-09-10T11:50:00.000,545.97,545.98,544.913,545.07,452281,5740,547.14
2024-09-10T11:55:00.000,545.1,545.2468,544.12,544.18,492827,5548,547.04
2024-09-10T12:00:00.000,544.15,544.3798,543.38,543.77,656195,6991,546.88
2024-09-10T12:05:00.000,543.75,544.26,543.6999,543.96,501940,5544,546.77
2024-09-10T12:10:00.000,543.94,544.2499,543.56,543.6099,275482,3849,546.72
2024-09-10T12:15:00.000,543.6,544.26,543.49,544.22,307873,4123,546.66
2024-09-10T12:20:00.000,544.21,544.55,544.012,544.45,265612,3309,546.62
2024-09-10T12:25:00.000,544.46,544.62,544.13,544.29,301603,3085,546.57
2024-09-10T12:30:00.000,544.265,544.588,544.1101,544.58,158366,2249,546.54
2024-09-10T12:35:00.000,544.576,544.85,544.36,544.68,477269,3569,546.5
2024-09-10T12:40:00.000,544.69,545.1,544.58,544.91,441942,3930,546.45
2024-09-10T12:45:00.000,544.9,545.09,544.6264,545.05,241105,2464,546.43
2024-09-10T12:50:00.000,545.05,545.8,544.9,545.76,382259,4022,546.4
2024-09-10T12:55:00.000,545.75,545.82,545.13,545.14,396096,3807,546.38
2024-09-10T13:00:00.000,545.13,545.57,545.03,545.55,276503,2730,546.36
2024-09-10T13:05:00.000,545.54,545.92,545.49,545.79,191361,2640,546.35
2024-09-10T13:10:00.000,545.84,546.71,545.8001,546.68,357014,4277,546.35
2024-09-10T13:15:00.000,546.67,546.96,546.58,546.72,434951,4396,546.36
2024-09-10T13:20:00.000,546.72,546.87,546.29,546.84,491298,4986,546.37
2024-09-10T13:25:00.000,546.85,546.85,546.25,546.36,273932,3328,546.37
2024-09-10T13:30:00.000,546.36,546.82,546.29,546.78,175344,3233,546.37
2024-09-10T13:35:00.000,546.76,546.965,546.64,546.89,251647,2968,546.38
2024-09-10T13:40:00.000,546.855,547.14,546.855,546.97,426757,4484,546.39
2024-09-10T13:45:00.000,546.97,547.15,546.74,546.834,418710,3323,546.4
2024-09-10T13:50:00.000,546.83,547.1899,546.78,546.94,176133,2422,546.41
2024-09-10T13:55:00.000,546.96,547.17,546.84,546.99,189929,2482,546.41
2024-09-10T14:00:00.000,547.0,547.73,547.0,547.53,504842,5252,546.44
2024-09-10T14:05:00.000,547.51,547.66,547.4,547.6399,247040,3002,546.45
2024-09-10T14:10:00.000,547.63,547.76,547.38,547.59,267612,3252,546.46
2024-09-10T14:15:00.000,547.59,547.95,547.53,547.6901,476511,4560,546.5
2024-09-10T14:20:00.000,547.69,547.8,547.23,547.66,415966,4213,546.51
2024-09-10T14:25:00.000,547.66,547.94,547.5,547.8801,316842,3101,546.53
2024-09-10T14:30:00.000,547.8925,548.35,547.83,548.1899,375289,3922,546.56
2024-09-10T14:35:00.000,548.19,548.3,547.96,548.24,266098,3454,546.58
2024-09-10T14:40:00.000,548.25,548.36,548.03,548.245,285729,3245,546.59
2024-09-10T14:45:00.000,548.24,548.31,548.12,548.19,396599,2854,546.61
2024-09-10T14:50:00.000,548.195,548.33,547.91,548.24,319196,3400,546.63
2024-09-10T14:55:00.000,548.25,548.32,548.0197,548.2199,328174,2781,546.65
2024-09-10T15:00:00.000,548.2,548.31,548.01,548.16,337421,3255,546.67
2024-09-10T15:05:00.000,548.17,548.35,547.97,548.2283,373038,3383,546.7
2024-09-10T15:10:00.000,548.22,548.43,548.18,548.425,451121,2999,546.71
2024-09-10T15:15:00.000,548.425,548.455,548.24,548.37,377225,3692,546.74
2024-09-10T15:20:00.000,548.37,548.615,548.37,548.55,407100,4394,546.77
2024-09-10T15:25:00.000,548.55,548.79,548.46,548.76,638532,5323,546.8
2024-09-10T15:30:00.000,548.77,548.88,548.54,548.72,510131,5933,546.84
2024-09-10T15:35:00.000,548.72,548.72,548.14,548.17,645044,6075,546.87
2024-09-10T15:40:00.000,548.195,548.56,548.195,548.41,565996,5861,546.9
2024-09-10T15:45:00.000,548.41,548.75,548.32,548.6,663971,6436,546.93
2024-09-10T15:50:00.000,548.6,548.86,548.26,548.81,1048342,11058,546.99
2024-09-10T15:55:00.000,548.82,549.15,548.65,548.82,1947407,15760,547.1
2024-09-10T16:00:00.000,548.77,548.77,548.77,548.77,1488,2,547.1
2024-09-11T09:30:00.000,548.7,548.76,546.62,546.62,1172267,12849,547.96
2024-09-11T09:35:00.000,546.63,547.05,546.05,546.15,823711,8485,547.39
2024-09-11T09:40:00.000,546.15,546.58,545.7,546.16,706415,8738,547.06
2024-09-11T09:45:00.000,546.16,546.27,545.01,545.43,686970,9340,546.78
2024-09-11T09:50:00.000,545.42,545.5,544.81,545.08,1037034,9430,546.48
2024-09-11T09:55:00.000,545.08,545.43,544.5101,544.69,687472,8601,546.26
2024-09-11T10:00:00.000,544.69,544.78,543.61,544.17,1163984,10678,545.98
2024-09-11T10:05:00.000,544.17,544.23,543.75,543.9,731018,9057,545.83
2024-09-11T10:10:00.000,543.88,543.995,542.13,542.2,1329119,10966,545.53
2024-09-11T10:15:00.000,542.19,542.32,541.44,541.56,1460289,20762,544.97
2024-09-11T10:20:00.000,541.58,542.39,541.2,541.67,1659691,19991,544.52
2024-09-11T10:25:00.000,541.66,541.93,541.14,541.2425,997099,15060,544.31
2024-09-11T10:30:00.000,541.235,541.27,540.43,540.63,1032868,17537,544.02
2024-09-11T10:35:00.000,540.65,541.37,540.6,540.85,862924,8315,543.82
2024-09-11T10:40:00.000,540.8,540.86,540.07,540.3499,1112318,9676,543.59
2024-09-11T10:45:00.000,540.33,540.66,539.96,540.0999,1167326,9829,543.39
2024-09-11T10:50:00.000,540.07,540.43,539.96,540.37,865768,6632,543.28
2024-09-11T10:55:00.000,540.36,541.2273,539.98,541.16,789350,8872,543.13
2024-09-11T11:00:00.000,541.12,541.26,540.56,541.1699,1000941,8936,543.0
2024-09-11T11:05:00.000,541.15,542.23,541.1021,541.69,847370,9372,542.94
2024-09-11T11:10:00.000,541.65,542.7699,541.39,542.6,928221,8064,542.91
2024-09-11T11:15:00.000,542.57,542.9,542.2607,542.48,513779,6255,542.9
2024-09-11T11:20:00.000,542.49,542.5,541.67,541.93,488755,6080,542.87
2024-09-11T11:25:00.000,541.93,542.5,541.83,542.43,298835,4235,542.87
2024-09-11T11:30:00.000,542.43,543.03,542.31,542.68,437911,5477,542.86
2024-09-11T11:35:00.000,542.7,544.19,542.69,544.1024,607569,7196,542.88
2024-09-11T11:40:00.000,544.06,544.885,543.92,544.7235,874860,7962,542.94
2024-09-11T11:45:00.000,544.73,545.28,544.7,544.86,733660,7283,543.0
2024-09-11T11:50:00.000,544.88,544.9893,544.2701,544.29,710132,6568,543.05
2024-09-11T11:55:00.000,544.29,544.6,543.0,544.5,765587,8182,543.07
2024-09-11T12:00:00.000,544.48,545.88,544.27,545.87,1260268,10844,543.16
2024-09-11T12:05:00.000,545.8385,546.44,545.52,545.65,593195,6443,543.23
2024-09-11T12:10:00.000,545.6532,546.15,545.36,546.1084,559562,5797,543.29
2024-09-11T12:15:00.000,546.09,546.25,545.665,546.21,385044,4601,543.33
2024-09-11T12:20:00.000,546.28,546.7,545.675,546.31,452170,5102,543.38
2024-09-11T12:25:00.000,546.3109,546.82,546.18,546.78,331462,3950,543.42
2024-09-11T12:30:00.000,546.7801,547.17,546.515,546.69,588192,5830,543.47
2024-09-11T12:35:00.000,546.71,547.36,546.55,547.26,340682,4385,543.51
2024-09-11T12:40:00.000,547.27,547.5,546.51,546.81,631823,4789,543.56
2024-09-11T12:45:00.000,546.82,547.13,546.6995,546.81,259325,3427,543.59
2024-09-11T12:50:00.000,546.82,547.52,546.78,547.45,337634,4245,543.63
2024-09-11T12:55:00.000,547.48,547.55,546.85,547.3113,400024,4839,543.68
2024-09-11T13:00:00.000,547.34,548.27,547.34,548.06,497535,5236,543.75
2024-09-11T13:05:00.000,548.07,548.93,547.93,548.39,726504,6957,543.87
2024-09-11T13:10:00.000,548.44,549.19,548.44,548.85,605086,5912,543.97
2024-09-11T13:15:00.000,548.84,548.9599,548.53,548.65,374558,4334,544.02
2024-09-11T13:20:00.000,548.63,548.65,548.12,548.28,528481,5397,544.1
2024-09-11T13:25:00.000,548.26,549.1099,548.21,548.89,463445,4532,544.14
2024-09-11T13:30:00.000,548.9,549.2399,548.8201,549.13,422786,5797,544.21
2024-09-11T13:35:00.000,549.115,549.28,548.94,549.26,339118,3949,544.26
2024-09-11T13:40:00.000,549.26,549.665,549.26,549.6,496439,5566,544.34
2024-09-11T13:45:00.000,549.595,550.65,549.55,550.61,604162,6556,544.44
2024-09-11T13:50:00.000,550.62,550.82,549.85,549.96,916008,7530,544.59
2024-09-11T13:55:00.000,549.98,550.13,549.37,550.0,611265,6086,544.68
2024-09-11T14:00:00.000,549.98,550.32,549.75,550.2,433403,4625,544.75
2024-09-11T14:05:00.000,550.21,550.52,550.01,550.31,365852,4060,544.8
2024-09-11T14:10:00.000,550.32,550.57,550.04,550.0905,404445,4337,544.84
2024-09-11T14:15:00.000,550.105,550.399,549.7,549.9963,441171,5412,544.9
2024-09-11T14:20:00.000,549.97,550.55,549.94,550.548959,316736,3749,544.95
2024-09-11T14:25:00.000,550.54,551.14,550.36,551.0075,1067300,7245,545.06
2024-09-11T14:30:00.000,551.0,551.56,550.98,551.51,571259,5445,545.15
2024-09-11T14:35:00.000,551.51,551.8,551.01,551.8,575983,5366,545.25
2024-09-11T14:40:00.000,551.81,552.69,551.78,552.27,1006949,8163,545.4
2024-09-11T14:45:00.000,552.285,552.3321,551.58,552.1,862437,6378,545.53
2024-09-11T14:50:00.000,552.11,552.14,551.19,551.215,896196,6507,545.64
2024-09-11T14:55:00.000,551.24,552.01,551.15,551.67,1001714,6246,545.76
2024-09-11T15:00:00.000,551.65,551.65,551.24,551.5099,373153,3984,545.81
2024-09-11T15:05:00.000,551.51,552.2089,551.51,552.08,600715,5739,545.9
2024-09-11T15:10:00.000,552.1,552.5,551.88,552.26,469202,4775,545.97
2024-09-11T15:15:00.000,552.27,552.98,552.13,552.62,1182270,6850,546.1
2024-09-11T15:20:00.000,552.64,553.12,552.52,553.05,618353,6230,546.19
2024-09-11T15:25:00.000,553.06,553.41,552.99,553.33,1243390,6176,546.31
2024-09-11T15:30:00.000,553.325,553.48,552.86,553.4,876436,7757,546.44
2024-09-11T15:35:00.000,553.4,553.42,552.87,552.92,790746,7146,546.54
2024-09-11T15:40:00.000,552.93,553.14,552.08,552.74,1123597,9692,546.69
2024-09-11T15:45:00.000,552.73,553.33,552.56,553.2705,1348716,11057,546.84
2024-09-11T15:50:00.000,553.27,554.12,552.71,554.03,2295604,18983,547.13
2024-09-11T15:55:00.000,554.06,555.36,554.05,554.36,3909517,32503,547.66
2024-09-11T16:00:00.000,554.35,554.35,554.35,554.35,121,2,547.66
2024-09-12T09:30:00.000,555.01,555.15,554.49,554.85,1305653,12781,554.87
2024-09-12T09:35:00.000,554.86,555.365,554.48,554.81,695704,8139,554.9
2024-09-12T09:40:00.000,554.8,555.37,554.48,554.69,669494,7138,554.89
2024-09-12T09:45:00.000,554.69,554.88,552.92,553.22,848816,8765,554.65
2024-09-12T09:50:00.000,553.2799,553.98,552.74,553.87,607317,7274,554.45
2024-09-12T09:55:00.000,553.86,553.909,553.33,553.77,375629,5113,554.37
2024-09-12T10:00:00.000,553.81,554.08,553.31,553.435,796240,7357,554.3
2024-09-12T10:05:00.000,553.435,554.0599,553.4,553.8984,393479,5730,554.25
2024-09-12T10:10:00.000,553.88,555.55,553.82,555.41,666869,9584,554.31
2024-09-12T10:15:00.000,555.41,556.0,555.08,555.8599,797235,14635,554.45
2024-09-12T10:20:00.000,555.86,556.0,555.39,555.61,436241,12552,554.53
2024-09-12T10:25:00.000,555.63,555.9,555.6,555.8,575241,11935,554.58
2024-09-12T10:30:00.000,555.82,556.28,555.68,556.13,443162,11404,554.66
2024-09-12T10:35:00.000,556.13,556.15,554.33,555.2,673333,8633,554.69
2024-09-12T10:40:00.000,555.24,555.77,555.03,555.58,374026,5298,554.72
2024-09-12T10:45:00.000,555.57,555.68,555.11,555.61,375660,5094,554.75
2024-09-12T10:50:00.000,555.61,555.68,555.25,555.43,453077,5117,554.77
2024-09-12T10:55:00.000,555.43,555.86,554.32,554.45,1088230,6365,554.8
2024-09-12T11:00:00.000,554.41,555.31,554.06,555.28,476291,6073,554.79
2024-09-12T11:05:00.000,555.26,555.66,555.2,555.5,357668,4056,554.81
2024-09-12T11:10:00.000,555.48,556.64,555.32,556.38,600244,6630,554.88
2024-09-12T11:15:00.000,556.355,556.4899,555.28,555.65,521305,5870,554.92
2024-09-12T11:20:00.000,555.665,555.778,555.2,555.5099,174847,3141,554.92
2024-09-12T11:25:00.000,555.51,555.59,554.66,554.93,372065,5307,554.93
2024-09-12T11:30:00.000,554.96,555.39,554.74,555.04,573117,4184,554.94
2024-09-12T11:35:00.000,555.03,555.5,554.92,555.05,293944,3575,554.94
2024-09-12T11:40:00.000,555.04,555.48,554.63,554.74,277939,3786,554.95
2024-09-12T11:45:00.000,554.71,554.795,554.33,554.6499,332386,6073,554.94
2024-09-12T11:50:00.000,554.65,555.0269,554.43,554.72,388915,3987,554.93
2024-09-12T11:55:00.000,554.78,554.96,554.2,554.5,212265,3296,554.93
2024-09-12T12:00:00.000,554.47,555.12,554.35,555.0899,336178,3469,554.92
2024-09-12T12:05:00.000,555.095,555.16,554.615,555.0692,196808,3321,554.92
2024-09-12T12:10:00.000,555.06,555.18,554.835,555.15,170639,2955,554.92
2024-09-12T12:15:00.000,555.14,555.26,555.0,555.25,350676,4176,554.93
2024-09-12T12:20:00.000,555.25,555.545,555.03,555.21,539236,5480,554.94
2024-09-12T12:25:00.000,555.24,555.54,555.2201,555.38,217351,3240,554.95
2024-09-12T12:30:00.000,555.4,555.49,555.21,555.487,246804,2265,554.95
2024-09-12T12:35:00.000,555.4783,555.62,555.17,555.22,395668,3008,554.96
2024-09-12T12:40:00.000,555.22,555.7,555.0,555.57,210796,3257,554.96
2024-09-12T12:45:00.000,555.58,555.86,555.475,555.825,205076,2641,554.97
2024-09-12T12:50:00.000,555.83,556.69,555.825,556.62,357528,4414,554.99
2024-09-12T12:55:00.000,556.64,557.24,556.47,557.12,592642,5975,555.06
2024-09-12T13:00:00.000,557.13,557.32,557.0,557.15,467509,4603,555.11
2024-09-12T13:05:00.000,557.21,557.44,557.04,557.3166,262309,3437,555.14
2024-09-12T13:10:00.000,557.32,557.49,557.139,557.41,830875,3752,555.17
2024-09-12T13:15:00.000,557.43,557.69,557.4,557.57,382053,4112,555.22
2024-09-12T13:20:00.000,557.55,558.03,557.23,557.98,421772,4805,555.27
2024-09-12T13:25:00.000,558.0,558.09,557.71,557.84,453483,4727,555.33
2024-09-12T13:30:00.000,557.86,558.041,557.68,558.01,330844,4197,555.36
2024-09-12T13:35:00.000,558.0,558.54,557.9805,558.47,391477,4605,555.41
2024-09-12T13:40:00.000,558.45,558.54,558.25,558.44,328779,4033,555.45
2024-09-12T13:45:00.000,558.45,558.84,558.44,558.79,421859,4680,555.52
2024-09-12T13:50:00.000,558.78,559.18,558.765,559.11,510889,5251,555.61
2024-09-12T13:55:00.000,559.12,559.37,558.7808,559.14,544219,5546,555.69
2024-09-12T14:00:00.000,559.145,559.32,558.92,559.12,427459,3925,555.74
2024-09-12T14:05:00.000,559.1101,559.16,558.32,558.555,524653,5173,555.81
2024-09-12T14:10:00.000,558.57,558.79,558.44,558.65,538138,4170,555.86
2024-09-12T14:15:00.000,558.645,558.74,558.48,558.55,326926,3586,555.9
2024-09-12T14:20:00.000,558.545,559.12,558.51,559.064,696495,4642,555.98
2024-09-12T14:25:00.000,559.07,559.32,558.96,559.09,488566,3447,556.02
2024-09-12T14:30:00.000,559.0801,559.32,558.59,559.1,381081,3836,556.07
2024-09-12T14:35:00.000,559.12,559.4,559.08,559.27,247096,2833,556.1
2024-09-12T14:40:00.000,559.28,559.345,559.0626,559.13,366728,3211,556.14
2024-09-12T14:45:00.000,559.14,559.2,558.73,558.81,792444,4408,556.19
2024-09-12T14:50:00.000,558.83,558.88,556.54,557.85,1019662,10419,556.24
2024-09-12T14:55:00.000,557.84,558.75,557.79,558.68,523712,5773,556.27
2024-09-12T15:00:00.000,558.66,558.72,558.195,558.26,606367,4543,556.31
2024-09-12T15:05:00.000,558.27,558.79,558.27,558.65,435957,3620,556.33
2024-09-12T15:10:00.000,558.64,558.79,558.4064,558.63,544170,4144,556.37
2024-09-12T15:15:00.000,558.625,558.94,558.495,558.94,486149,3571,556.4
2024-09-12T15:20:00.000,558.91,558.91,558.49,558.73,352032,3261,556.43
2024-09-12T15:25:00.000,558.73,558.89,558.35,558.76,404974,3980,556.46
2024-09-12T15:30:00.000,558.76,558.89,558.51,558.74,615888,5268,556.5
2024-09-12T15:35:00.000,558.71,559.08,558.71,558.9801,949065,5401,556.55
2024-09-12T15:40:00.000,558.98,559.22,558.78,559.0402,745544,6225,556.6
2024-09-12T15:45:00.000,559.06,559.19,558.23,558.43,1187338,9492,556.67
2024-09-12T15:50:00.000,558.41,558.8,558.12,558.3101,1427162,13273,556.74
2024-09-12T15:55:00.000,558.3,559.07,558.29,559.02,3896704,23853,556.93
2024-09-12T16:00:00.000,559.02,559.02,559.02,559.02,496,2,556.93
2024-09-13T09:30:00.000,559.71,560.36,559.45,560.3101,1452863,12774,559.86
2024-09-13T09:35:00.000,560.32,560.61,560.1969,560.36,610779,7014,560.01
2024-09-13T09:40:00.000,560.3699,560.87,560.19,560.83,411038,5975,560.08
2024-09-13T09:45:00.000,560.83,561.28,560.6,561.12,581305,7237,560.25
2024-09-13T09:50:00.000,561.12,561.2017,560.91,560.995,374935,5325,560.33
2024-09-13T09:55:00.000,560.995,561.16,560.8,560.9301,352823,4880,560.39
2024-09-13T10:00:00.000,560.99,561.8,559.93,561.03,841276,10166,560.48
2024-09-13T10:05:00.000,561.04,561.27,560.67,561.16,462034,5729,560.52
2024-09-13T10:10:00.000,561.18,561.68,560.94,561.26,418082,5636,560.58
2024-09-13T10:15:00.000,561.26,561.85,561.18,561.56,348058,10550,560.63
2024-09-13T10:20:00.000,561.561,562.3,561.45,562.27,448729,11261,560.7
2024-09-13T10:25:00.000,562.3,562.36,561.02,561.12,603969,16959,560.79
2024-09-13T10:30:00.000,561.11,561.17,560.27,560.97,722731,14856,560.78
2024-09-13T10:35:00.000,560.9799,561.72,560.64,561.69,402559,7295,560.8
2024-09-13T10:40:00.000,561.7395,562.57,561.69,562.39,592136,5861,560.88
2024-09-13T10:45:00.000,562.41,562.51,562.05,562.27,436041,4528,560.95
2024-09-13T10:50:00.000,562.26,562.28,561.5,561.6999,440045,5380,560.99
2024-09-13T10:55:00.000,561.69,562.07,561.37,561.86,346517,4175,561.02
2024-09-13T11:00:00.000,561.85,562.02,561.6759,561.9,205741,3108,561.03
2024-09-13T11:05:00.000,561.92,562.06,561.61,561.625,326518,3826,561.06
2024-09-13T11:10:00.000,561.64,561.97,561.51,561.69,426797,3313,561.08
2024-09-13T11:15:00.000,561.7,561.885,561.61,561.7,218574,3073,561.09
2024-09-13T11:20:00.000,561.71,562.11,561.58,562.0299,406639,4304,561.12
2024-09-13T11:25:00.000,562.02,562.14,561.75,561.85,297990,3600,561.14
2024-09-13T11:30:00.000,561.8799,562.17,561.78,562.06,316468,4016,561.16
2024-09-13T11:35:00.000,562.06,562.22,561.7,561.95,255086,3418,561.18
2024-09-13T11:40:00.000,561.99,562.44,561.99,562.34,283849,3781,561.2
2024-09-13T11:45:00.000,562.35,562.79,562.35,562.615,488648,4474,561.24
2024-09-13T11:50:00.000,562.61,562.7799,562.45,562.6953,192392,2913,561.26
2024-09-13T11:55:00.000,562.71,562.8,562.5601,562.66,358760,3785,561.3
2024-09-13T12:00:00.000,562.65,562.94,562.55,562.64,340651,4369,561.34
2024-09-13T12:05:00.000,562.63,562.75,562.18,562.3203,273031,3892,561.36
2024-09-13T12:10:00.000,562.325,562.45,561.68,561.96,391876,4308,561.38
2024-09-13T12:15:00.000,561.94,561.94,561.64,561.8201,281576,3598,561.39
2024-09-13T12:20:00.000,561.8299,561.93,561.59,561.65,174558,2705,561.39
2024-09-13T12:25:00.000,561.67,561.76,561.52,561.57,292507,2794,561.4
2024-09-13T12:30:00.000,561.565,561.7,561.5,561.59,149252,2690,561.4
2024-09-13T12:35:00.000,561.63,561.65,561.35,561.55,222299,3211,561.4
2024-09-13T12:40:00.000,561.56,561.7299,561.45,561.52,302596,3712,561.4
2024-09-13T12:45:00.000,561.54,561.55,561.33,561.3999,196858,2752,561.4
2024-09-13T12:50:00.000,561.4,562.16,561.37,562.145,317074,3996,561.41
2024-09-13T12:55:00.000,562.1591,562.23,561.99,562.19,272003,3413,561.42
2024-09-13T13:00:00.000,562.19,562.4,562.14,562.35,318750,3266,561.44
2024-09-13T13:05:00.000,562.33,562.65,562.29,562.43,265645,3454,561.46
2024-09-13T13:10:00.000,562.45,562.56,562.37,562.51,191367,2529,561.47
2024-09-13T13:15:00.000,562.505,562.74,562.43,562.68,186275,2758,561.48
2024-09-13T13:20:00.000,562.68,562.71,562.2,562.43,303690,3465,561.5
2024-09-13T13:25:00.000,562.42,562.8098,562.411,562.76,192862,2505,561.51
2024-09-13T13:30:00.000,562.7301,562.88,562.51,562.57,393544,3354,561.52
2024-09-13T13:35:00.000,562.53,563.03,562.4,562.97,253658,4175,561.53
2024-09-13T13:40:00.000,562.97,563.01,562.66,562.88,211532,2770,561.55
2024-09-13T13:45:00.000,562.89,562.97,562.77,562.8889,117874,2025,561.56
2024-09-13T13:50:00.000,562.89,563.0,562.81,562.85,132244,2364,561.56
2024-09-13T13:55:00.000,562.86,562.91,562.4741,562.57,460855,3585,561.58
2024-09-13T14:00:00.000,562.57,562.65,561.32,562.16,706344,7206,561.59
2024-09-13T14:05:00.000,562.15,562.98,562.13,562.79,343350,4190,561.61
2024-09-13T14:10:00.000,562.79,562.84,562.26,562.42,302292,3034,561.62
2024-09-13T14:15:00.000,562.42,562.49,562.18,562.3501,230444,3107,561.63
2024-09-13T14:20:00.000,562.35,562.38,561.55,561.55,369378,4190,561.64
2024-09-13T14:25:00.000,561.52,561.67,561.27,561.4099,423436,4206,561.63
2024-09-13T14:30:00.000,561.41,561.44,561.13,561.34,271431,3446,561.63
2024-09-13T14:35:00.000,561.36,561.46,561.18,561.33,170415,2198,561.63
2024-09-13T14:40:00.000,561.34,561.87,561.24,561.47,355626,3875,561.63
2024-09-13T14:45:00.000,561.4806,561.7786,561.37,561.41,350100,3331,561.62
2024-09-13T14:50:00.000,561.39,561.46,561.11,561.32,283130,3353,561.62
2024-09-13T14:55:00.000,561.3,561.465,561.21,561.44,184934,2144,561.62
2024-09-13T15:00:00.000,561.43,561.43,561.02,561.188,270045,3315,561.61
2024-09-13T15:05:00.000,561.19,561.48,561.19,561.3,261215,2978,561.61
2024-09-13T15:10:00.000,561.29,561.43,561.11,561.37,253194,3318,561.61
2024-09-13T15:15:00.000,561.36,561.82,561.28,561.64,367568,4285,561.61
2024-09-13T15:20:00.000,561.64,561.78,561.46,561.7437,653824,3396,561.61
2024-09-13T15:25:00.000,561.7532,561.97,561.48,561.8,304631,3905,561.61
2024-09-13T15:30:00.000,561.8,561.95,561.71,561.84,492611,3872,561.61
2024-09-13T15:35:00.000,561.845,561.87,561.26,561.65,334131,3671,561.61
2024-09-13T15:40:00.000,561.635,561.86,561.63,561.86,365910,3849,561.61
2024-09-13T15:45:00.000,561.84,562.075,561.76,561.83,672284,5822,561.62
2024-09-13T15:50:00.000,561.82,562.185,561.72,562.17,1178678,10308,561.64
2024-09-13T15:55:00.000,562.17,562.34,561.7702,561.94,2817390,18879,561.67
2024-09-13T16:00:00.000,0.0,0.0,0.0,0.0,0,0,561.67
2024-09-14T09:30:00.000,0.0,0.0,0.0,0.0,0,0,0.0
2024-09-14T09:35:00.000,0.0,0.0,0.0,0.0,0,0,0.0
2024-09-14T09:40:00.000,0.0,0.0,0.0,0.0,0,0,0.0
2024-09-14T09:45:00.000,0.0,0.0,0.0,0.0,0,0,0.0
2024-09-14T09:50:00.000,0.0,0.0,0.0,0.0,0,0,0.0
2024-09-14T09:55:00.000,0.0,0.0,0.0,0.0,0,0,0.0
2024-09-14T10:00:00.000,0.0,0.0,0.0,0.0,0,0,0.0
2024-09-14T10:05:00.000,0.0,0.0,0.0,0.0,0,0,0.0
2024-09-14T10:10:00.000,0.0,0.0,0.0,0.0,0,0,0.0
2024-09-14T10:15:00.000,0.0,0.0,0.0,0.0,0,0,0.0
2024-09-14T10:20:00.000,0.0,0.0,0.0,0.0,0,0,0.0
2024-09-14T10:25:00.000,0.0,0.0,0.0,0.0,0,0,0.0
2024-09-14T10:30:00.000,0.0,0.0,0.0,0.0,0,0,0.0
2024-09-14T10:35:00.000,0.0,0.0,0.0,0.0,0,0,0.0
2024-09-14T10:40:00.000,0.0,0.0,0.0,0.0,0,0,0.0
2024-09-14T10:45:00.000,0.0,0.0,0.0,0.0,0,0,0.0
2024-09-14T10:50:00.000,0.0,0.0,0.0,0.0,0,0,0.0
2024-09-14T10:55:00.000,0.0,0.0,0.0,0.0,0,0,0.0
2024-09-14T11:00:00.000,0.0,0.0,0.0,0.0,0,0,0.0
2024-09-14T11:05:00.000,0.0,0.0,0.0,0.0,0,0,0.0
2024-09-14T11:10:00.000,0.0,0.0,0.0,0.0,0,0,0.0
2024-09-14T11:15:00.000,0.0,0.0,0.0,0.0,0,0,0.0
2024-09-14T11:20:00.000,0.0,0.0,0.0,0.0,0,0,0.0
2024-09-14T11:25:00.000,0.0,0.0,0.0,0.0,0,0,0.0
2024-09-14T11:30:00.000,0.0,0.0,0.0,0.0,0,0,0.0
2024-09-14T11:35:00.000,0.0,0.0,0.0,0.0,0,0,0.0
2024-09-14T11:40:00.000,0.0,0.0,0.0,0.0,0,0,0.0
2024-09-14T11:45:00.000,0.0,0.0,0.0,0.0,0,0,0.0
2024-09-14T11:50:00.000,0.0,0.0,0.0,0.0,0,0,0.0
2024-09-14T11:55:00.000,0.0,0.0,0.0,0.0,0,0,0.0
2024-09-14T12:00:00.000,0.0,0.0,0.0,0.0,0,0,0.0
2024-09-14T12:05:00.000,0.0,0.0,0.0,0.0,0,0,0.0
2024-09-14T12:10:00.000,0.0,0.0,0.0,0.0,0,0,0.0
2024-09-14T12:15:00.000,0.0,0.0,0.0,0.0,0,0,0.0
2024-09-14T12:20:00.000,0.0,0.0,0.0,0.0,0,0,0.0
2024-09-14T12:25:00.000,0.0,0.0,0.0,0.0,0,0,0.0
2024-09-14T12:30:00.000,0.0,0.0,0.0,0.0,0,0,0.0
2024-09-14T12:35:00.000,0.0,0.0,0.0,0.0,0,0,0.0
2024-09-14T12:40:00.000,0.0,0.0,0.0,0.0,0,0,0.0
2024-09-14T12:45:00.000,0.0,0.0,0.0,0.0,0,0,0.0
2024-09-14T12:50:00.000,0.0,0.0,0.0,0.0,0,0,0.0
2024-09-14T12:55:00.000,0.0,0.0,0.0,0.0,0,0,0.0
2024-09-14T13:00:00.000,0.0,0.0,0.0,0.0,0,0,0.0
2024-09-14T13:05:00.000,0.0,0.0,0.0,0.0,0,0,0.0
2024-09-14T13:10:00.000,0.0,0.0,0.0,0.0,0,0,0.0
2024-09-14T13:15:00.000,0.0,0.0,0.0,0.0,0,0,0.0
2024-09-14T13:20:00.000,0.0,0.0,0.0,0.0,0,0,0.0
2024-09-14T13:25:00.000,0.0,0.0,0.0,0.0,0,0,0.0
2024-09-14T13:30:00.000,0.0,0.0,0.0,0.0,0,0,0.0
2024-09-14T13:35:00.000,0.0,0.0,0.0,0.0,0,0,0.0
2024-09-14T13:40:00.000,0.0,0.0,0.0,0.0,0,0,0.0
2024-09-14T13:45:00.000,0.0,0.0,0.0,0.0,0,0,0.0
2024-09-14T13:50:00.000,0.0,0.0,0.0,0.0,0,0,0.0
2024-09-14T13:55:00.000,0.0,0.0,0.0,0.0,0,0,0.0
2024-09-14T14:00:00.000,0.0,0.0,0.0,0.0,0,0,0.0
2024-09-14T14:05:00.000,0.0,0.0,0.0,0.0,0,0,0.0
2024-09-14T14:10:00.000,0.0,0.0,0.0,0.0,0,0,0.0
2024-09-14T14:15:00.000,0.0,0.0,0.0,0.0,0,0,0.0
2024-09-14T14:20:00.000,0.0,0.0,0.0,0.0,0,0,0.0
2024-09-14T14:25:00.000,0.0,0.0,0.0,0.0,0,0,0.0
2024-09-14T14:30:00.000,0.0,0.0,0.0,0.0,0,0,0.0
2024-09-14T14:35:00.000,0.0,0.0,0.0,0.0,0,0,0.0
2024-09-14T14:40:00.000,0.0,0.0,0.0,0.0,0,0,0.0
2024-09-14T14:45:00.000,0.0,0.0,0.0,0.0,0,0,0.0
2024-09-14T14:50:00.000,0.0,0.0,0.0,0.0,0,0,0.0
2024-09-14T14:55:00.000,0.0,0.0,0.0,0.0,0,0,0.0
2024-09-14T15:00:00.000,0.0,0.0,0.0,0.0,0,0,0.0
2024-09-14T15:05:00.000,0.0,0.0,0.0,0.0,0,0,0.0
2024-09-14T15:10:00.000,0.0,0.0,0.0,0.0,0,0,0.0
2024-09-14T15:15:00.000,0.0,0.0,0.0,0.0,0,0,0.0
2024-09-14T15:20:00.000,0.0,0.0,0.0,0.0,0,0,0.0
2024-09-14T15:25:00.000,0.0,0.0,0.0,0.0,0,0,0.0
2024-09-14T15:30:00.000,0.0,0.0,0.0,0.0,0,0,0.0
2024-09-14T15:35:00.000,0.0,0.0,0.0,0.0,0,0,0.0
2024-09-14T15:40:00.000,0.0,0.0,0.0,0.0,0,0,0.0
2024-09-14T15:45:00.000,0.0,0.0,0.0,0.0,0,0,0.0
2024-09-14T15:50:00.000,0.0,0.0,0.0,0.0,0,0,0.0
2024-09-14T15:55:00.000,0.0,0.0,0.0,0.0,0,0,0.0
2024-09-14T16:00:00.000,0.0,0.0,0.0,0.0,0,0,0.0
2024-09-15T09:30:00.000,0.0,0.0,0.0,0.0,0,0,0.0
2024-09-15T09:35:00.000,0.0,0.0,0.0,0.0,0,0,0.0
2024-09-15T09:40:00.000,0.0,0.0,0.0,0.0,0,0,0.0
2024-09-15T09:45:00.000,0.0,0.0,0.0,0.0,0,0,0.0
2024-09-15T09:50:00.000,0.0,0.0,0.0,0.0,0,0,0.0
2024-09-15T09:55:00.000,0.0,0.0,0.0,0.0,0,0,0.0
2024-09-15T10:00:00.000,0.0,0.0,0.0,0.0,0,0,0.0
2024-09-15T10:05:00.000,0.0,0.0,0.0,0.0,0,0,0.0
2024-09-15T10:10:00.000,0.0,0.0,0.0,0.0,0,0,0.0
2024-09-15T10:15:00.000,0.0,0.0,0.0,0.0,0,0,0.0
2024-09-15T10:20:00.000,0.0,0.0,0.0,0.0,0,0,0.0
2024-09-15T10:25:00.000,0.0,0.0,0.0,0.0,0,0,0.0
2024-09-15T10:30:00.000,0.0,0.0,0.0,0.0,0,0,0.0
2024-09-15T10:35:00.000,0.0,0.0,0.0,0.0,0,0,0.0
2024-09-15T10:40:00.000,0.0,0.0,0.0,0.0,0,0,0.0
2024-09-15T10:45:00.000,0.0,0.0,0.0,0.0,0,0,0.0
2024-09-15T10:50:00.000,0.0,0.0,0.0,0.0,0,0,0.0
2024-09-15T10:55:00.000,0.0,0.0,0.0,0.0,0,0,0.0
2024-09-15T11:00:00.000,0.0,0.0,0.0,0.0,0,0,0.0
2024-09-15T11:05:00.000,0.0,0.0,0.0,0.0,0,0,0.0
2024-09-15T11:10:00.000,0.0,0.0,0.0,0.0,0,0,0.0
2024-09-15T11:15:00.000,0.0,0.0,0.0,0.0,0,0,0.0
2024-09-15T11:20:00.000,0.0,0.0,0.0,0.0,0,0,0.0
2024-09-15T11:25:00.000,0.0,0.0,0.0,0.0,0,0,0.0
2024-09-15T11:30:00.000,0.0,0.0,0.0,0.0,0,0,0.0
2024-09-15T11:35:00.000,0.0,0.0,0.0,0.0,0,0,0.0
2024-09-15T11:40:00.000,0.0,0.0,0.0,0.0,0,0,0.0
2024-09-15T11:45:00.000,0.0,0.0,0.0,0.0,0,0,0.0
2024-09-15T11:50:00.000,0.0,0.0,0.0,0.0,0,0,0.0
2024-09-15T11:55:00.000,0.0,0.0,0.0,0.0,0,0,0.0
2024-09-15T12:00:00.000,0.0,0.0,0.0,0.0,0,0,0.0
2024-09-15T12:05:00.000,0.0,0.0,0.0,0.0,0,0,0.0
2024-09-15T12:10:00.000,0.0,0.0,0.0,0.0,0,0,0.0
2024-09-15T12:15:00.000,0.0,0.0,0.0,0.0,0,0,0.0
2024-09-15T12:20:00.000,0.0,0.0,0.0,0.0,0,0,0.0
2024-09-15T12:25:00.000,0.0,0.0,0.0,0.0,0,0,0.0
2024-09-15T12:30:00.000,0.0,0.0,0.0,0.0,0,0,0.0
2024-09-15T12:35:00.000,0.0,0.0,0.0,0.0,0,0,0.0
2024-09-15T12:40:00.000,0.0,0.0,0.0,0.0,0,0,0.0
2024-09-15T12:45:00.000,0.0,0.0,0.0,0.0,0,0,0.0
2024-09-15T12:50:00.000,0.0,0.0,0.0,0.0,0,0,0.0
2024-09-15T12:55:00.000,0.0,0.0,0.0,0.0,0,0,0.0
2024-09-15T13:00:00.000,0.0,0.0,0.0,0.0,0,0,0.0
2024-09-15T13:05:00.000,0.0,0.0,0.0,0.0,0,0,0.0
2024-09-15T13:10:00.000,0.0,0.0,0.0,0.0,0,0,0.0
2024-09-15T13:15:00.000,0.0,0.0,0.0,0.0,0,0,0.0
2024-09-15T13:20:00.000,0.0,0.0,0.0,0.0,0,0,0.0
2024-09-15T13:25:00.000,0.0,0.0,0.0,0.0,0,0,0.0
2024-09-15T13:30:00.000,0.0,0.0,0.0,0.0,0,0,0.0
2024-09-15T13:35:00.000,0.0,0.0,0.0,0.0,0,0,0.0
2024-09-15T13:40:00.000,0.0,0.0,0.0,0.0,0,0,0.0
2024-09-15T13:45:00.000,0.0,0.0,0.0,0.0,0,0,0.0
2024-09-15T13:50:00.000,0.0,0.0,0.0,0.0,0,0,0.0
2024-09-15T13:55:00.000,0.0,0.0,0.0,0.0,0,0,0.0
2024-09-15T14:00:00.000,0.0,0.0,0.0,0.0,0,0,0.0
2024-09-15T14:05:00.000,0.0,0.0,0.0,0.0,0,0,0.0
2024-09-15T14:10:00.000,0.0,0.0,0.0,0.0,0,0,0.0
2024-09-15T14:15:00.000,0.0,0.0,0.0,0.0,0,0,0.0
2024-09-15T14:20:00.000,0.0,0.0,0.0,0.0,0,0,0.0
2024-09-15T14:25:00.000,0.0,0.0,0.0,0.0,0,0,0.0
2024-09-15T14:30:00.000,0.0,0.0,0.0,0.0,0,0,0.0
2024-09-15T14:35:00.000,0.0,0.0,0.0,0.0,0,0,0.0
2024-09-15T14:40:00.000,0.0,0.0,0.0,0.0,0,0,0.0
2024-09-15T14:45:00.000,0.0,0.0,0.0,0.0,0,0,0.0
2024-09-15T14:50:00.000,0.0,0.0,0.0,0.0,0,0,0.0
2024-09-15T14:55:00.000,0.0,0.0,0.0,0.0,0,0,0.0
2024-09-15T15:00:00.000,0.0,0.0,0.0,0.0,0,0,0.0
2024-09-15T15:05:00.000,0.0,0.0,0.0,0.0,0,0,0.0
2024-09-15T15:10:00.000,0.0,0.0,0.0,0.0,0,0,0.0
2024-09-15T15:15:00.000,0.0,0.0,0.0,0.0,0,0,0.0
2024-09-15T15:20:00.000,0.0,0.0,0.0,0.0,0,0,0.0
2024-09-15T15:25:00.000,0.0,0.0,0.0,0.0,0,0,0.0
2024-09-15T15:30:00.000,0.0,0.0,0.0,0.0,0,0,0.0
2024-09-15T15:35:00.000,0.0,0.0,0.0,0.0,0,0,0.0
2024-09-15T15:40:00.000,0.0,0.0,0.0,0.0,0,0,0.0
2024-09-15T15:45:00.000,0.0,0.0,0.0,0.0,0,0,0.0
2024-09-15T15:50:00.000,0.0,0.0,0.0,0.0,0,0,0.0
2024-09-15T15:55:00.000,0.0,0.0,0.0,0.0,0,0,0.0
2024-09-15T16:00:00.000,0.0,0.0,0.0,0.0,0,0,0.0
2024-09-16T09:30:00.000,561.74,562.135,561.13,561.14,1242758,12895,561.77
2024-09-16T09:35:00.000,561.14,561.19,560.82,560.99,822177,9062,561.46
2024-09-16T09:40:00.000,560.98,561.25,560.84,561.03,479270,6007,561.37
2024-09-16T09:45:00.000,561.05,561.83,560.9059,561.805,471605,6495,561.36
2024-09-16T09:50:00.000,561.81,562.765,561.77,562.75,558915,6611,561.49
2024-09-16T09:55:00.000,562.76,562.92,562.3501,562.48,518910,5474,561.63
2024-09-16T10:00:00.000,562.47,562.82,561.63,562.3509,419695,5333,561.69
2024-09-16T10:05:00.000,562.3699,562.66,562.28,562.4,372231,4681,561.75
2024-09-16T10:10:00.000,562.39,562.61,562.17,562.5,230329,3798,561.78
2024-09-16T10:15:00.000,562.51,562.71,562.4001,562.5,361440,3782,561.81
2024-09-16T10:20:00.000,562.51,562.53,561.82,561.92,321000,10673,561.83
2024-09-16T10:25:00.000,561.91,561.97,561.06,561.4788,636700,13543,561.8
2024-09-16T10:30:00.000,561.46,561.47,559.9,560.1399,704581,15775,561.67
2024-09-16T10:35:00.000,560.13,561.06,559.95,560.75,638623,12516,561.6
2024-09-16T10:40:00.000,560.77,561.25,560.74,561.14,481613,8921,561.56
2024-09-16T10:45:00.000,561.14,561.17,560.39,561.0299,487353,4801,561.52
2024-09-16T10:50:00.000,561.03,561.34,560.5514,560.76,415326,4753,561.5
2024-09-16T10:55:00.000,560.8,560.98,560.52,560.7298,257455,3105,561.48
2024-09-16T11:00:00.000,560.72,560.72,560.16,560.49,442091,4714,561.43
2024-09-16T11:05:00.000,560.5,561.12,560.42,560.94,400066,10250,561.4
2024-09-16T11:10:00.000,560.94,561.27,560.9,561.11,262885,3428,561.39
2024-09-16T11:15:00.000,561.0701,561.28,560.96,561.195,258708,3224,561.39
2024-09-16T11:20:00.000,561.2,561.42,560.995,561.385,418913,3244,561.38
2024-09-16T11:25:00.000,561.385,561.54,560.79,560.83,374302,3743,561.37
2024-09-16T11:30:00.000,560.82,561.25,560.82,561.25,506473,2815,561.37
2024-09-16T11:35:00.000,561.25,561.25,560.67,560.8572,220629,2659,561.36
2024-09-16T11:40:00.000,560.89,560.905,560.64,560.67,186045,2413,561.35
2024-09-16T11:45:00.000,560.66,560.89,560.5,560.8505,223269,3008,561.34
2024-09-16T11:50:00.000,560.85,561.35,560.59,561.33,246429,3177,561.33
2024-09-16T11:55:00.000,561.331,561.42,561.09,561.27,232252,2791,561.33
2024-09-16T12:00:00.000,561.275,561.3699,560.86,560.89,404560,2697,561.32
2024-09-16T12:05:00.000,560.88,561.28,560.81,561.17,248338,2771,561.32
2024-09-16T12:10:00.000,561.19,561.32,560.67,560.82,252221,3223,561.31
2024-09-16T12:15:00.000,560.8019,561.0,560.48,560.5999,322395,3034,561.3
2024-09-16T12:20:00.000,560.57,560.68,560.34,560.6,285468,2880,561.28
2024-09-16T12:25:00.000,560.59,561.42,560.59,561.3899,226853,2914,561.28
2024-09-16T12:30:00.000,561.38,561.5,560.79,561.12,451843,3970,561.27
2024-09-16T12:35:00.000,561.13,561.4,561.07,561.18,624061,3468,561.27
2024-09-16T12:40:00.000,561.19,561.3,561.09,561.16,160443,2412,561.27
2024-09-16T12:45:00.000,561.155,561.32,560.98,561.31,263564,3000,561.27
2024-09-16T12:50:00.000,561.31,561.51,561.25,561.4,357815,2962,561.27
2024-09-16T12:55:00.000,561.395,561.61,561.33,561.5699,171290,2431,561.27
2024-09-16T13:00:00.000,561.57,561.57,561.405,561.43,213017,2395,561.28
2024-09-16T13:05:00.000,561.4398,561.58,561.4026,561.54,161311,2015,561.28
2024-09-16T13:10:00.000,561.55,561.67,561.47,561.5105,307400,2200,561.28
2024-09-16T13:15:00.000,561.53,561.68,561.41,561.55,142787,2151,561.28
2024-09-16T13:20:00.000,561.55,561.66,561.32,561.66,127869,2075,561.29
2024-09-16T13:25:00.000,561.6599,561.91,561.2,561.715,330574,3166,561.29
2024-09-16T13:30:00.000,561.71,561.78,561.61,561.713407,166896,3252,561.29
2024-09-16T13:35:00.000,561.71,562.34,561.7,562.2601,177923,3374,561.3
2024-09-16T13:40:00.000,562.26,562.39,561.95,562.25,307620,3080,561.32
2024-09-16T13:45:00.000,562.28,562.36,562.2,562.24,411730,2047,561.32
2024-09-16T13:50:00.000,562.24,562.5,562.24,562.34,234909,2698,561.34
2024-09-16T13:55:00.000,562.34,562.55,562.2501,562.5005,201059,2656,561.35
2024-09-16T14:00:00.000,562.505,562.52,562.16,562.18,358628,3230,561.36
2024-09-16T14:05:00.000,562.19,562.35,562.06,562.3,318051,2782,561.37
2024-09-16T14:10:00.000,562.31,562.58,562.31,562.44,195861,2707,561.38
2024-09-16T14:15:00.000,562.4401,562.54,562.19,562.275,770280,2806,561.4
2024-09-16T14:20:00.000,562.29,562.56,562.21,562.37,224526,2700,561.41
2024-09-16T14:25:00.000,562.39,562.6,562.34,562.55,152556,2230,561.42
2024-09-16T14:30:00.000,562.54,562.62,562.39,562.5712,206831,2686,561.43
2024-09-16T14:35:00.000,562.57,562.69,562.33,562.485,217768,2635,561.44
2024-09-16T14:40:00.000,562.48,562.4999,561.92,562.135,383112,4009,561.45
2024-09-16T14:45:00.000,562.13,562.31,561.84,562.3,268713,3047,561.46
2024-09-16T14:50:00.000,562.28,562.3799,562.04,562.08,268433,3154,561.47
2024-09-16T14:55:00.000,562.08,562.72,562.02,562.6975,893631,3263,561.48
2024-09-16T15:00:00.000,562.68,562.71,562.38,562.38,318666,3167,561.5
2024-09-16T15:05:00.000,562.39,562.5967,562.32,562.475,157429,2300,561.51
2024-09-16T15:10:00.000,562.48,562.54,562.05,562.09,479784,2876,561.52
2024-09-16T15:15:00.000,562.09,562.29,561.98,562.24,583774,3483,561.52
2024-09-16T15:20:00.000,562.2399,562.24,561.96,562.04,488168,2707,561.53
2024-09-16T15:25:00.000,562.05,562.27,562.05,562.26,332074,2962,561.54
2024-09-16T15:30:00.000,562.245,562.63,562.21,562.55,1491091,4043,561.55
2024-09-16T15:35:00.000,562.55,562.67,562.152427,562.57,394449,3896,561.57
2024-09-16T15:40:00.000,562.57,562.75,562.54,562.68,315916,3838,561.58
2024-09-16T15:45:00.000,562.68,562.78,562.57,562.62,860342,4739,561.6
2024-09-16T15:50:00.000,562.63,562.97,562.49,562.925,1457239,9800,561.64
2024-09-16T15:55:00.000,562.93,563.11,562.55,562.86,2490742,15673,561.73
2024-09-16T16:00:00.000,562.86,562.86,562.86,562.86,597,1,561.73
2024-09-17T09:30:00.000,565.1,565.57,564.7,564.765,1146768,11083,565.09
2024-09-17T09:35:00.000,564.78,565.17,564.6,564.9,659826,7698,565.02
2024-09-17T09:40:00.000,564.9,565.37,564.6699,565.18,564450,5643,565.0
2024-09-17T09:45:00.000,565.17,565.43,564.5,564.62,596443,6395,565.03
2024-09-17T09:50:00.000,564.64,564.7544,564.07,564.29,497043,5984,564.96
2024-09-17T09:55:00.000,564.3399,564.76,564.29,564.49,367412,4577,564.91
2024-09-17T10:00:00.000,564.51,565.28,564.27,565.22,481364,5987,564.89
2024-09-17T10:05:00.000,565.21,566.14,565.03,565.83,594614,7824,564.98
2024-09-17T10:10:00.000,565.83,566.23,565.36,565.78,728652,8296,565.09
2024-09-17T10:15:00.000,565.79,566.25,565.78,566.11,369116,7539,565.14
2024-09-17T10:20:00.000,566.1,566.15,565.66,566.103158,426802,5367,565.19
2024-09-17T10:25:00.000,566.08,566.24,565.85,565.95,463476,5243,565.24
2024-09-17T10:30:00.000,565.95,566.09,565.33,565.452,694301,7009,565.29
2024-09-17T10:35:00.000,565.45,565.9099,565.03,565.87,413214,5279,565.3
2024-09-17T10:40:00.000,565.86,566.0695,565.8,565.9691,242165,3801,565.32
2024-09-17T10:45:00.000,565.98,566.58,565.98,566.42,506957,6030,565.38
2024-09-17T10:50:00.000,566.4201,566.44,565.93,565.99,453245,4152,565.41
2024-09-17T10:55:00.000,565.97,566.0101,564.65,565.135,1058521,7501,565.4
2024-09-17T11:00:00.000,565.16,565.92,564.99,565.17,611906,5694,565.4
2024-09-17T11:05:00.000,565.18,565.66,565.18,565.5398,361075,4267,565.41
2024-09-17T11:10:00.000,565.54,565.6,565.36,565.58,266445,3459,565.41
2024-09-17T11:15:00.000,565.58,565.965,565.51,565.77,356703,3504,565.41
2024-09-17T11:20:00.000,565.77,565.77,565.15,565.63,279716,3945,565.42
2024-09-17T11:25:00.000,565.63,565.72,565.11,565.14,760418,3611,565.41
2024-09-17T11:30:00.000,565.15,565.34,565.0547,565.09,307876,2790,565.41
2024-09-17T11:35:00.000,565.09,565.24,564.98,565.11,228725,2946,565.41
2024-09-17T11:40:00.000,565.11,565.13,564.83,564.91,343734,4034,565.4
2024-09-17T11:45:00.000,564.9,565.18,564.8,564.8119,375498,8152,565.38
2024-09-17T11:50:00.000,564.82,565.12,564.81,564.85,832634,10903,565.37
2024-09-17T11:55:00.000,564.86,565.13,564.77,564.99,298231,10233,565.36
2024-09-17T12:00:00.000,564.97,565.19,564.79,564.8,404517,9785,565.36
2024-09-17T12:05:00.000,564.81,565.03,564.57,564.59,238113,4735,565.35
2024-09-17T12:10:00.000,564.59,564.67,564.43,564.52,424438,2711,565.34
2024-09-17T12:15:00.000,564.52,564.52,563.78,563.96,1355205,6475,565.29
2024-09-17T12:20:00.000,563.96,564.0299,562.9,563.39,1065874,8214,565.2
2024-09-17T12:25:00.000,563.37,563.87,563.015,563.74,616847,6024,565.13
2024-09-17T12:30:00.000,563.74,563.74,563.23,563.415,279336,3750,565.1
2024-09-17T12:35:00.000,563.43,563.73,563.059,563.275,273746,3426,565.08
2024-09-17T12:40:00.000,563.285,563.39,562.43,562.635,420896,5219,565.02
2024-09-17T12:45:00.000,562.63,562.83,561.22,561.4201,655165,6990,564.9
2024-09-17T12:50:00.000,561.43,562.11,560.98,561.94,809897,9043,564.75
2024-09-17T12:55:00.000,561.96,562.54,561.48,561.825,649986,6462,564.66
2024-09-17T13:00:00.000,561.83,562.3,561.7601,561.81,418424,4116,564.61
2024-09-17T13:05:00.000,561.89,562.08,561.695,561.99,190394,2861,564.59
2024-09-17T13:10:00.000,561.96,562.23,561.48,562.06,261669,3728,564.55
2024-09-17T13:15:00.000,562.07,562.38,561.83,562.25,218747,3130,564.53
2024-09-17T13:20:00.000,562.25,562.98,562.25,562.875,343132,4562,564.5
2024-09-17T13:25:00.000,562.85,563.0796,562.62,562.72,263211,3487,564.48
2024-09-17T13:30:00.000,562.74,563.07,562.1438,562.2799,500191,5463,564.43
2024-09-17T13:35:00.000,562.24,562.6581,562.21,562.33,233722,2806,564.41
2024-09-17T13:40:00.000,562.32,562.35,561.3498,561.49,280180,3695,564.38
2024-09-17T13:45:00.000,561.505,562.26,560.795,562.25,413095,5379,564.33
2024-09-17T13:50:00.000,562.2,562.92,562.15,562.825,427924,4628,564.29
2024-09-17T13:55:00.000,562.8,562.81,562.4704,562.62,198807,2821,564.28
2024-09-17T14:00:00.000,562.63,562.97,562.44,562.9,216544,3411,564.27
2024-09-17T14:05:00.000,562.91,563.12,562.73,563.035,288143,3781,564.25
2024-09-17T14:10:00.000,563.03,563.18,562.44,562.5,312675,3863,564.23
2024-09-17T14:15:00.000,562.53,562.87,562.42,562.6,213367,2800,564.22
2024-09-17T14:20:00.000,562.57,563.0699,562.41,562.99,383611,3566,564.2
2024-09-17T14:25:00.000,562.94,563.0074,562.25,562.63,247451,2933,564.18
2024-09-17T14:30:00.000,562.6201,562.76,562.2,562.592,250957,3173,564.17
2024-09-17T14:35:00.000,562.58,562.77,562.54,562.69,118908,1968,564.16
2024-09-17T14:40:00.000,562.67,562.8899,562.53,562.72,217855,3063,564.15
2024-09-17T14:45:00.000,562.69,562.77,561.33,561.7703,723468,6686,564.08
2024-09-17T14:50:00.000,561.78,561.87,561.37,561.84,506410,4733,564.03
2024-09-17T14:55:00.000,561.84,562.17,561.64,562.025,390720,4200,564.0
2024-09-17T15:00:00.000,562.02,562.3882,561.85,561.85,316351,3780,563.98
2024-09-17T15:05:00.000,561.86,562.11,561.66,562.075,328505,3555,563.95
2024-09-17T15:10:00.000,562.07,562.4,561.97,562.37,304511,3808,563.93
2024-09-17T15:15:00.000,562.36,562.45,562.0,562.16,523494,4855,563.9
2024-09-17T15:20:00.000,562.15,562.17,561.33,561.5,431733,4617,563.87
2024-09-17T15:25:00.000,561.51,562.21,561.51,562.182,474241,4832,563.83
2024-09-17T15:30:00.000,562.17,562.31,561.83,562.05,360283,4679,563.81
2024-09-17T15:35:00.000,562.0401,562.24,561.715,562.21,446127,5109,563.79
2024-09-17T15:40:00.000,562.21,562.39,561.87,561.92,563044,6241,563.76
2024-09-17T15:45:00.000,561.91,562.435,561.89,562.36,1092538,7206,563.72
2024-09-17T15:50:00.000,562.39,562.75,562.0007,562.7,1677174,14736,563.67
2024-09-17T15:55:00.000,562.7,563.17,562.49,563.1,2619255,20041,563.6
2024-09-17T16:00:00.000,563.12,563.12,563.1,563.1,300,3,563.6
2024-09-18T09:30:00.000,563.74,563.93,562.7,562.77,904862,9378,563.19
2024-09-18T09:35:00.000,562.78,563.13,562.68,563.09,325215,4272,563.11
2024-09-18T09:40:00.000,563.06,563.461,563.03,563.315,447588,4549,563.15
2024-09-18T09:45:00.000,563.31,563.35,562.93,563.08,363325,4363,563.15
2024-09-18T09:50:00.000,563.07,563.1798,562.53,562.805,474473,5347,563.11
2024-09-18T09:55:00.000,562.8,563.03,562.69,563.0,338573,4348,563.07
2024-09-18T10:00:00.000,563.02,563.26,562.86,563.18,408264,5458,563.07
2024-09-18T10:05:00.000,563.175,563.2499,562.67,562.91,546933,4241,563.06
2024-09-18T10:10:00.000,562.92,562.9703,562.13,562.78,488792,8071,563.01
2024-09-18T10:15:00.000,562.79,563.16,562.4315,562.49,487112,13682,562.98
2024-09-18T10:20:00.000,562.57,562.71,562.33,562.5601,193101,9595,562.96
2024-09-18T10:25:00.000,562.56,563.2,562.4001,563.13,250272,9646,562.95
2024-09-18T10:30:00.000,563.12,563.19,562.44,562.51,224490,10424,562.94
2024-09-18T10:35:00.000,562.51,562.91,562.42,562.86,226817,3847,562.93
2024-09-18T10:40:00.000,562.86,563.335,562.7723,563.175,257935,3944,562.94
2024-09-18T10:45:00.000,563.2,563.35,563.0,563.1,228545,3249,562.95
2024-09-18T10:50:00.000,563.08,563.09,562.67,563.011,219558,3709,562.95
2024-09-18T10:55:00.000,563.03,563.075,562.6305,562.8,171394,2812,562.94
2024-09-18T11:00:00.000,562.79,563.12,562.72,562.98,336115,2515,562.95
2024-09-18T11:05:00.000,563.02,563.16,562.67,562.84,129466,2493,562.95
2024-09-18T11:10:00.000,562.82,562.82,562.48,562.7,324300,2986,562.94
2024-09-18T11:15:00.000,562.72,562.73,562.49,562.68,326375,2875,562.93
2024-09-18T11:20:00.000,562.66,562.71,562.31,562.34,274935,2850,562.92
2024-09-18T11:25:00.000,562.36,562.83,562.25,562.76,267125,3522,562.9
2024-09-18T11:30:00.000,562.75,562.77,562.2,562.36,323050,3540,562.88
2024-09-18T11:35:00.000,562.365,562.54,562.21,562.27,506707,3016,562.87
2024-09-18T11:40:00.000,562.27,562.3,562.04,562.09,218970,3190,562.85
2024-09-18T11:45:00.000,562.09,562.145,561.55,561.7401,601196,4310,562.8
2024-09-18T11:50:00.000,561.7501,561.9799,561.61,561.81,170075,2605,562.78
2024-09-18T11:55:00.000,561.82,562.0,561.62,561.6406,349167,3023,562.76
2024-09-18T12:00:00.000,561.63,561.84,561.34,561.4399,512303,3378,562.72
2024-09-18T12:05:00.000,561.4385,561.8,561.41,561.79,368969,1802,562.71
2024-09-18T12:10:00.000,561.75,562.359797,561.75,562.32,212227,2717,562.69
2024-09-18T12:15:00.000,562.3101,562.68,562.26,562.55,359191,2431,562.69
2024-09-18T12:20:00.000,562.535,562.77,562.51,562.6,145340,2278,562.69
2024-09-18T12:25:00.000,562.59,563.07,562.57,563.003179,302352,2852,562.69
2024-09-18T12:30:00.000,563.019,563.1,562.9,563.0,194343,2593,562.7
2024-09-18T12:35:00.000,563.02,563.1555,562.95,563.05,283457,2425,562.7
2024-09-18T12:40:00.000,563.0605,563.15,562.81,563.05,416413,2514,562.71
2024-09-18T12:45:00.000,563.04,563.29,562.99,563.21,598447,2084,562.72
2024-09-18T12:50:00.000,563.2298,563.54,563.2,563.455,215676,2598,562.73
2024-09-18T12:55:00.000,563.46,563.715,563.44,563.62,171258,2470,562.74
2024-09-18T13:00:00.000,563.63,563.68,563.5,563.5751,308103,2149,562.76
2024-09-18T13:05:00.000,563.59,563.66,563.425,563.5558,275273,2181,562.77
2024-09-18T13:10:00.000,563.54,563.7,563.515,563.58,126964,2262,562.78
2024-09-18T13:15:00.000,563.6,563.63,563.3,563.4601,195778,2768,562.79
2024-09-18T13:20:00.000,563.47,563.56,563.0105,563.11,222366,2457,562.79
2024-09-18T13:25:00.000,563.11,563.73,563.11,563.72,286720,2858,562.8
2024-09-18T13:30:00.000,563.71,564.18,563.71,564.1,253980,4047,562.83
2024-09-18T13:35:00.000,564.1,564.275,563.2,563.44,413401,4373,562.85
2024-09-18T13:40:00.000,563.45,563.59,563.31,563.5826,186338,2558,562.86
2024-09-18T13:45:00.000,563.6,563.79,563.22,563.28,252853,3077,562.87
2024-09-18T13:50:00.000,563.28,563.33,562.85,563.07,305682,4103,562.88
2024-09-18T13:55:00.000,563.08,563.47,562.85,563.15,391730,4339,562.89
2024-09-18T14:00:00.000,563.14,568.69,561.8,565.79,5294263,64782,563.84
2024-09-18T14:05:00.000,565.73,566.77,564.6,565.3999,1890131,19489,564.04
2024-09-18T14:10:00.000,565.38,565.52,562.88,564.15,1912930,21286,564.05
2024-09-18T14:15:00.000,564.2,566.22,564.15,565.71,1826569,18065,564.13
2024-09-18T14:20:00.000,565.71,566.37,564.94,565.51,716473,9427,564.17
2024-09-18T14:25:00.000,565.51,565.97,564.7,565.9,615461,7451,564.2
2024-09-18T14:30:00.000,565.93,566.98,565.77,566.939,767153,9081,564.27
2024-09-18T14:35:00.000,566.94,566.98,564.35,565.6,1468177,15910,564.35
2024-09-18T14:40:00.000,565.6,565.91,563.46,563.75,1638512,15402,564.36
2024-09-18T14:45:00.000,563.73,565.68,563.37,565.07,1130157,14108,564.37
2024-09-18T14:50:00.000,565.01,566.075,564.72,565.6,816109,11215,564.4
2024-09-18T14:55:00.000,565.5,566.06,563.77,563.79,915472,9567,564.42
2024-09-18T15:00:00.000,563.81,563.85,562.17,562.88,1395606,16696,564.36
2024-09-18T15:05:00.000,562.86,562.86,561.61,562.3899,1326383,16490,564.28
2024-09-18T15:10:00.000,562.39,564.83,561.97,564.58,1372985,13839,564.25
2024-09-18T15:15:00.000,564.57,564.65,563.81,564.4119,872934,7561,564.25
2024-09-18T15:20:00.000,564.45,564.54,561.81,563.82,1188899,14986,564.21
2024-09-18T15:25:00.000,563.79,565.86,563.76,564.94,926794,12128,564.23
2024-09-18T15:30:00.000,564.94,565.53,562.97,563.38,875964,11853,564.23
2024-09-18T15:35:00.000,563.42,564.22,562.56,563.4,967694,12158,564.21
2024-09-18T15:40:00.000,563.34,563.71,561.73,561.79,943049,10414,564.18
2024-09-18T15:45:00.000,561.8,562.43,560.83,561.3,1661736,17853,564.09
2024-09-18T15:50:00.000,561.28,562.35,560.95,561.65,1159785,14946,564.03
2024-09-18T15:55:00.000,561.73,562.22,561.06,561.33,2908128,20794,563.89
2024-09-18T16:00:00.000,0.0,0.0,0.0,0.0,147,4,563.89
2024-09-19T09:30:00.000,571.01,571.09,570.02,570.03,1892419,17110,570.58
2024-09-19T09:35:00.000,570.055,570.17,569.47,569.87,1221391,12243,570.3
2024-09-19T09:40:00.000,569.88,570.03,569.05,569.17,1008801,11827,570.15
2024-09-19T09:45:00.000,569.17,569.34,568.48,569.17,1467952,11472,569.94
2024-09-19T09:50:00.000,569.19,569.2,568.08,568.67,1236089,10326,569.71
2024-09-19T09:55:00.000,568.71,569.72,568.71,569.58,1214035,8488,569.67
2024-09-19T10:00:00.000,569.61,570.34,569.411,570.0701,702200,8840,569.7
2024-09-19T10:05:00.000,570.08,570.39,569.62,569.72,683509,8552,569.72
2024-09-19T10:10:00.000,569.72,570.35,569.37,570.28,722719,8066,569.74
2024-09-19T10:15:00.000,570.28,570.6599,570.01,570.6489,1004598,13393,569.79
2024-09-19T10:20:00.000,570.645,570.79,570.0,570.34,802576,12594,569.82
2024-09-19T10:25:00.000,570.36,571.38,570.14,571.35,1456192,17691,569.93
2024-09-19T10:30:00.000,571.33,571.89,571.31,571.61,1766668,14170,570.03
2024-09-19T10:35:00.000,571.58,571.8,571.04,571.56,1166863,7400,570.11
2024-09-19T10:40:00.000,571.54,571.545,570.43,570.7799,727229,7150,570.15
2024-09-19T10:45:00.000,570.77,570.79,569.77,570.425,1050029,8094,570.15
2024-09-19T10:50:00.000,570.43,570.54,569.8001,569.93,648617,4848,570.15
2024-09-19T10:55:00.000,569.915,570.175,569.75,569.91,496276,4704,570.15
2024-09-19T11:00:00.000,569.92,570.63,569.56,570.575,797686,7034,570.15
2024-09-19T11:05:00.000,570.575,570.575,569.43,569.88,820715,6984,570.14
2024-09-19T11:10:00.000,569.89,570.54,569.83,570.055,565085,4419,570.14
2024-09-19T11:15:00.000,570.04,570.83,570.03,570.71,480283,5327,570.16
2024-09-19T11:20:00.000,570.72,571.1599,570.72,571.1201,643571,5211,570.18
2024-09-19T11:25:00.000,571.11,571.18,570.74,570.8991,440265,4722,570.2
2024-09-19T11:30:00.000,570.9,571.0371,570.47,570.64,351934,4238,570.21
2024-09-19T11:35:00.000,570.66,570.95,570.63,570.76,258939,3238,570.21
2024-09-19T11:40:00.000,570.73,571.03,570.69,570.78,311307,3836,570.22
2024-09-19T11:45:00.000,570.78,571.1699,570.73,571.06,238982,3183,570.23
2024-09-19T11:50:00.000,571.05,571.08,570.05,570.46,449033,4291,570.24
2024-09-19T11:55:00.000,570.46,570.55,570.1,570.4,297616,3756,570.24
2024-09-19T12:00:00.000,570.4,571.27,570.3392,571.2301,287814,3834,570.25
2024-09-19T12:05:00.000,571.23,571.37,571.12,571.35,1041604,3709,570.26
2024-09-19T12:10:00.000,571.34,571.39,570.81,571.02,363624,4046,570.28
2024-09-19T12:15:00.000,571.0101,571.71,570.84,571.52,416454,3799,570.29
2024-09-19T12:20:00.000,571.525,571.72,571.2,571.43,234280,3265,570.31
2024-09-19T12:25:00.000,571.41,571.82,571.3301,571.68,259941,3212,570.32
2024-09-19T12:30:00.000,571.67,572.048,571.59,571.73,1907888,4634,570.35
2024-09-19T12:35:00.000,571.71,571.79,571.5501,571.71,210353,2498,570.36
2024-09-19T12:40:00.000,571.71,571.8392,571.55,571.78,237353,2841,570.37
2024-09-19T12:45:00.000,571.78,572.0399,571.66,571.79,345085,3848,570.39
2024-09-19T12:50:00.000,571.79,571.92,571.68,571.8389,251402,2879,570.41
2024-09-19T12:55:00.000,571.835,571.84,571.19,571.5,702350,4600,570.43
2024-09-19T13:00:00.000,571.5,571.78,571.3599,571.68,351281,3310,570.45
2024-09-19T13:05:00.000,571.69,571.83,571.45,571.71,305760,3893,570.46
2024-09-19T13:10:00.000,571.71,571.738,571.3,571.64,280685,3516,570.47
2024-09-19T13:15:00.000,571.6195,572.06,571.53,571.955,365943,4004,570.49
2024-09-19T13:20:00.000,571.98,572.085,571.52,571.67,383214,3411,570.5
2024-09-19T13:25:00.000,571.655,571.99,571.655,571.8599,318145,2699,570.51
2024-09-19T13:30:00.000,571.855,572.15,571.855,572.06,219560,3790,570.52
2024-09-19T13:35:00.000,572.07,572.29,571.98,572.26,829030,4295,570.54
2024-09-19T13:40:00.000,572.27,572.58,572.18,572.5501,449251,4752,570.57
2024-09-19T13:45:00.000,572.57,572.87,572.51,572.64,520832,5538,570.62
2024-09-19T13:50:00.000,572.63,572.88,572.49,572.775,386713,4472,570.65
2024-09-19T13:55:00.000,572.78,572.82,572.45,572.5,290645,3522,570.67
2024-09-19T14:00:00.000,572.49,572.71,572.42,572.71,670819,4364,570.7
2024-09-19T14:05:00.000,572.71,572.74,572.16,572.22,616175,4490,570.72
2024-09-19T14:10:00.000,572.1901,572.21,571.82,571.865,443821,4566,570.74
2024-09-19T14:15:00.000,571.865,571.87,570.89,571.38,815209,8391,570.76
2024-09-19T14:20:00.000,571.382,571.7,571.27,571.65,470812,4771,570.77
2024-09-19T14:25:00.000,571.65,572.04,571.34,572.0,633328,4598,570.78
2024-09-19T14:30:00.000,572.0,572.07,571.63,571.8199,368941,4740,570.79
2024-09-19T14:35:00.000,571.82,572.24,571.73,572.17,518674,4827,570.81
2024-09-19T14:40:00.000,572.17,572.25,572.01,572.11,561348,5108,570.83
2024-09-19T14:45:00.000,572.09,572.14,571.485,571.53,1169940,5587,570.85
2024-09-19T14:50:00.000,571.53,571.65,571.0609,571.5775,624215,5866,570.87
2024-09-19T14:55:00.000,571.57,571.945,571.4,571.92,994250,6108,570.89
2024-09-19T15:00:00.000,571.92,572.11,571.48,572.04,641869,6368,570.9
2024-09-19T15:05:00.000,572.03,572.03,571.52,571.69,1075696,5203,570.92
2024-09-19T15:10:00.000,571.7,571.85,571.35,571.41,546366,4548,570.92
2024-09-19T15:15:00.000,571.405,571.7,571.1,571.24,664600,5727,570.93
2024-09-19T15:20:00.000,571.24,571.68,570.67,571.6143,648689,6276,570.94
2024-09-19T15:25:00.000,571.61,571.65,570.9,571.17,628686,5103,570.94
2024-09-19T15:30:00.000,571.17,571.17,570.63,571.05,632160,6585,570.94
2024-09-19T15:35:00.000,571.04,571.37,571.02,571.345,742532,7146,570.95
2024-09-19T15:40:00.000,571.32,571.66,570.97,571.07,1047910,8477,570.96
2024-09-19T15:45:00.000,571.06,571.78,570.96,571.61,2397597,9940,570.97
2024-09-19T15:50:00.000,571.6,571.6,570.35,570.9415,2588753,19324,570.97
2024-09-19T15:55:00.000,570.94,571.57,570.53,570.92,6072566,36580,570.95
2024-09-19T16:00:00.000,570.93,570.93,570.93,570.93,388,1,570.95
2024-09-20T09:30:00.000,567.84,568.23,567.6,567.99,1686150,13993,567.89
2024-09-20T09:35:00.000,567.99,568.4958,567.92,568.3,949112,8180,568.0
2024-09-20T09:40:00.000,568.3,568.39,567.78,567.85,3093291,6734,568.02
2024-09-20T09:45:00.000,567.84,568.03,567.52,567.6,655524,7571,567.97
2024-09-20T09:50:00.000,567.61,568.1,567.55,567.613,475810,6146,567.95
2024-09-20T09:55:00.000,567.6,567.76,566.93,567.149,663044,7512,567.88
2024-09-20T10:00:00.000,567.07,567.35,566.75,567.19,2960577,7706,567.79
2024-09-20T10:05:00.000,567.18,567.36,567.01,567.13,377365,4874,567.75
2024-09-20T10:10:00.000,567.125,567.27,566.41,566.59,515694,6461,567.67
2024-09-20T10:15:00.000,566.58,567.32,566.55,567.19,579010,11612,567.61
2024-09-20T10:20:00.000,567.1921,567.54,567.13,567.425,574646,12218,567.59
2024-09-20T10:25:00.000,567.42,567.64,567.19,567.22,505971,15881,567.58
2024-09-20T10:30:00.000,567.23,567.54,566.78,567.36,546345,13196,567.55
2024-09-20T10:35:00.000,567.34,567.76,566.96,567.59,3074918,8760,567.54
2024-09-20T10:40:00.000,567.57,567.63,567.11,567.41,370701,4442,567.54
2024-09-20T10:45:00.000,567.41,567.47,566.95,567.0799,328877,3981,567.53
2024-09-20T10:50:00.000,567.05,567.26,566.48,566.6,350630,4478,567.5
2024-09-20T10:55:00.000,566.59,566.68,566.26,566.395,5762657,4528,567.47
2024-09-20T11:00:00.000,566.4,566.4,566.05,566.16,3648994,5236,567.41
2024-09-20T11:05:00.000,566.16,566.3899,566.15,566.31,363839,4039,567.38
2024-09-20T11:10:00.000,566.3,566.3899,565.64,565.75,563527,5881,567.31
2024-09-20T11:15:00.000,565.75,565.99,565.17,565.92,1095346,8599,567.19
2024-09-20T11:20:00.000,565.92,566.2171,565.89,566.05,840509,6087,567.15
2024-09-20T11:25:00.000,566.0301,566.2129,565.95,565.99,525684,4075,567.12
2024-09-20T11:30:00.000,565.98,566.64,565.71,566.51,392211,5006,567.09
2024-09-20T11:35:00.000,566.51,566.72,566.26,566.6,368786,4533,567.08
2024-09-20T11:40:00.000,566.6001,567.36,566.39,567.26,402749,5116,567.08
2024-09-20T11:45:00.000,567.26,567.32,566.805,567.08,549389,4873,567.08
2024-09-20T11:50:00.000,567.06,567.18,566.5,566.635,524348,4209,567.07
2024-09-20T11:55:00.000,566.67,567.27,566.67,566.93,620643,4940,567.07
2024-09-20T12:00:00.000,566.95,567.22,566.73,567.13,200307,2700,567.07
2024-09-20T12:05:00.000,567.13,567.465,566.91,567.3,328488,3674,567.07
2024-09-20T12:10:00.000,567.3,567.41,567.04,567.18,210363,2945,567.07
2024-09-20T12:15:00.000,567.1503,567.38,567.0212,567.3,204054,2745,567.07
2024-09-20T12:20:00.000,567.33,567.91,567.2,567.8507,434603,4192,567.08
2024-09-20T12:25:00.000,567.85,568.0001,567.7,567.95,367219,4311,567.1
2024-09-20T12:30:00.000,567.91,567.98,567.67,567.81,326934,3495,567.11
2024-09-20T12:35:00.000,567.81,568.185,567.8,568.065,380929,3543,567.13
2024-09-20T12:40:00.000,568.08,568.23,567.88,568.13,301616,3831,567.14
2024-09-20T12:45:00.000,568.125,568.31,568.11,568.31,276274,2941,567.16
2024-09-20T12:50:00.000,568.31,568.5,568.2601,568.31,341896,3637,567.18
2024-09-20T12:55:00.000,568.3,568.41,568.1,568.1485,1950241,3360,567.19
2024-09-20T13:00:00.000,568.14,568.39,567.89,568.0103,593641,3795,567.21
2024-09-20T13:05:00.000,568.01,568.37,567.93,568.07,262917,3195,567.22
2024-09-20T13:10:00.000,568.07,568.43,568.0401,568.3999,370960,2903,567.23
2024-09-20T13:15:00.000,568.4,568.53,568.3,568.46,216774,2676,567.24
2024-09-20T13:20:00.000,568.465,568.4699,568.02,568.0601,187477,2438,567.25
2024-09-20T13:25:00.000,568.06,568.38,567.87,568.22,276925,3519,567.26
2024-09-20T13:30:00.000,568.225,568.59,568.19,568.54,424473,4712,567.28
2024-09-20T13:35:00.000,568.55,568.645,568.3505,568.46,263371,3726,567.3
2024-09-20T13:40:00.000,568.46,568.6455,568.3201,568.3284,127210,2321,567.3
2024-09-20T13:45:00.000,568.35,568.4699,568.23,568.305,860477,2819,567.31
2024-09-20T13:50:00.000,568.31,568.3399,568.0,568.1,365740,4160,567.33
2024-09-20T13:55:00.000,568.095,568.21,567.92,568.07,294078,3880,567.33
2024-09-20T14:00:00.000,568.065,568.14,566.96,567.18,804077,7613,567.34
2024-09-20T14:05:00.000,567.1801,567.35,566.65,566.83,634982,4902,567.33
2024-09-20T14:10:00.000,566.82,567.2499,566.41,566.97,516797,4966,567.32
2024-09-20T14:15:00.000,566.98,567.13,566.92,566.98,1940295,2959,567.32
2024-09-20T14:20:00.000,566.97,567.0,566.58,566.7,275892,3083,567.31
2024-09-20T14:25:00.000,566.7,566.81,566.55,566.62,488044,3609,567.31
2024-09-20T14:30:00.000,566.6,566.635,566.3,566.35,436882,4600,567.29
2024-09-20T14:35:00.000,566.34,566.54,566.09,566.4189,479241,4247,567.27
2024-09-20T14:40:00.000,566.42,566.67,566.21,566.51,518051,4465,567.26
2024-09-20T14:45:00.000,566.5,566.83,566.43,566.66,498686,4543,567.24
2024-09-20T14:50:00.000,566.66,567.38,566.635,567.3399,820129,5360,567.24
2024-09-20T14:55:00.000,567.338679,567.725,567.21,567.4801,516176,4441,567.24
2024-09-20T15:00:00.000,567.48,567.71,567.34,567.6601,655535,5556,567.25
2024-09-20T15:05:00.000,567.65,567.65,567.1275,567.39,505214,4325,567.25
2024-09-20T15:10:00.000,567.3994,567.51,567.16,567.44,941304,4065,567.26
2024-09-20T15:15:00.000,567.435,567.97,567.37,567.8,547913,4424,567.26
2024-09-20T15:20:00.000,567.81,568.69,567.7301,568.065,505295,5653,567.28
2024-09-20T15:25:00.000,568.06,568.3999,568.045,568.24,712004,4362,567.28
2024-09-20T15:30:00.000,568.235,568.34,568.02,568.3294,356331,4448,567.29
2024-09-20T15:35:00.000,568.31,569.31,568.14,568.91,816727,7727,567.32
2024-09-20T15:40:00.000,568.9,569.23,568.67,569.155,797632,7368,567.35
2024-09-20T15:45:00.000,569.15,569.19,568.43,568.5401,1061737,8195,567.38
2024-09-20T15:50:00.000,568.55,568.77,568.0,568.38,2040729,15548,567.43
2024-09-20T15:55:00.000,568.37,568.47,567.8,568.1,5632695,30153,567.5
2024-09-20T16:00:00.000,568.1,568.1,568.1,568.1,1322,3,567.5
2024-09-21T09:30:00.000,0.0,0.0,0.0,0.0,0,0,0.0
2024-09-21T09:35:00.000,0.0,0.0,0.0,0.0,0,0,0.0
2024-09-21T09:40:00.000,0.0,0.0,0.0,0.0,0,0,0.0
2024-09-21T09:45:00.000,0.0,0.0,0.0,0.0,0,0,0.0
2024-09-21T09:50:00.000,0.0,0.0,0.0,0.0,0,0,0.0
2024-09-21T09:55:00.000,0.0,0.0,0.0,0.0,0,0,0.0
2024-09-21T10:00:00.000,0.0,0.0,0.0,0.0,0,0,0.0
2024-09-21T10:05:00.000,0.0,0.0,0.0,0.0,0,0,0.0
2024-09-21T10:10:00.000,0.0,0.0,0.0,0.0,0,0,0.0
2024-09-21T10:15:00.000,0.0,0.0,0.0,0.0,0,0,0.0
2024-09-21T10:20:00.000,0.0,0.0,0.0,0.0,0,0,0.0
2024-09-21T10:25:00.000,0.0,0.0,0.0,0.0,0,0,0.0
2024-09-21T10:30:00.000,0.0,0.0,0.0,0.0,0,0,0.0
2024-09-21T10:35:00.000,0.0,0.0,0.0,0.0,0,0,0.0
2024-09-21T10:40:00.000,0.0,0.0,0.0,0.0,0,0,0.0
2024-09-21T10:45:00.000,0.0,0.0,0.0,0.0,0,0,0.0
2024-09-21T10:50:00.000,0.0,0.0,0.0,0.0,0,0,0.0
2024-09-21T10:55:00.000,0.0,0.0,0.0,0.0,0,0,0.0
2024-09-21T11:00:00.000,0.0,0.0,0.0,0.0,0,0,0.0
2024-09-21T11:05:00.000,0.0,0.0,0.0,0.0,0,0,0.0
2024-09-21T11:10:00.000,0.0,0.0,0.0,0.0,0,0,0.0
2024-09-21T11:15:00.000,0.0,0.0,0.0,0.0,0,0,0.0
2024-09-21T11:20:00.000,0.0,0.0,0.0,0.0,0,0,0.0
2024-09-21T11:25:00.000,0.0,0.0,0.0,0.0,0,0,0.0
2024-09-21T11:30:00.000,0.0,0.0,0.0,0.0,0,0,0.0
2024-09-21T11:35:00.000,0.0,0.0,0.0,0.0,0,0,0.0
2024-09-21T11:40:00.000,0.0,0.0,0.0,0.0,0,0,0.0
2024-09-21T11:45:00.000,0.0,0.0,0.0,0.0,0,0,0.0
2024-09-21T11:50:00.000,0.0,0.0,0.0,0.0,0,0,0.0
2024-09-21T11:55:00.000,0.0,0.0,0.0,0.0,0,0,0.0
2024-09-21T12:00:00.000,0.0,0.0,0.0,0.0,0,0,0.0
2024-09-21T12:05:00.000,0.0,0.0,0.0,0.0,0,0,0.0
2024-09-21T12:10:00.000,0.0,0.0,0.0,0.0,0,0,0.0
2024-09-21T12:15:00.000,0.0,0.0,0.0,0.0,0,0,0.0
2024-09-21T12:20:00.000,0.0,0.0,0.0,0.0,0,0,0.0
2024-09-21T12:25:00.000,0.0,0.0,0.0,0.0,0,0,0.0
2024-09-21T12:30:00.000,0.0,0.0,0.0,0.0,0,0,0.0
2024-09-21T12:35:00.000,0.0,0.0,0.0,0.0,0,0,0.0
2024-09-21T12:40:00.000,0.0,0.0,0.0,0.0,0,0,0.0
2024-09-21T12:45:00.000,0.0,0.0,0.0,0.0,0,0,0.0
2024-09-21T12:50:00.000,0.0,0.0,0.0,0.0,0,0,0.0
2024-09-21T12:55:00.000,0.0,0.0,0.0,0.0,0,0,0.0
2024-09-21T13:00:00.000,0.0,0.0,0.0,0.0,0,0,0.0
2024-09-21T13:05:00.000,0.0,0.0,0.0,0.0,0,0,0.0
2024-09-21T13:10:00.000,0.0,0.0,0.0,0.0,0,0,0.0
2024-09-21T13:15:00.000,0.0,0.0,0.0,0.0,0,0,0.0
2024-09-21T13:20:00.000,0.0,0.0,0.0,0.0,0,0,0.0
2024-09-21T13:25:00.000,0.0,0.0,0.0,0.0,0,0,0.0
2024-09-21T13:30:00.000,0.0,0.0,0.0,0.0,0,0,0.0
2024-09-21T13:35:00.000,0.0,0.0,0.0,0.0,0,0,0.0
2024-09-21T13:40:00.000,0.0,0.0,0.0,0.0,0,0,0.0
2024-09-21T13:45:00.000,0.0,0.0,0.0,0.0,0,0,0.0
2024-09-21T13:50:00.000,0.0,0.0,0.0,0.0,0,0,0.0
2024-09-21T13:55:00.000,0.0,0.0,0.0,0.0,0,0,0.0
2024-09-21T14:00:00.000,0.0,0.0,0.0,0.0,0,0,0.0
2024-09-21T14:05:00.000,0.0,0.0,0.0,0.0,0,0,0.0
2024-09-21T14:10:00.000,0.0,0.0,0.0,0.0,0,0,0.0
2024-09-21T14:15:00.000,0.0,0.0,0.0,0.0,0,0,0.0
2024-09-21T14:20:00.000,0.0,0.0,0.0,0.0,0,0,0.0
2024-09-21T14:25:00.000,0.0,0.0,0.0,0.0,0,0,0.0
2024-09-21T14:30:00.000,0.0,0.0,0.0,0.0,0,0,0.0
2024-09-21T14:35:00.000,0.0,0.0,0.0,0.0,0,0,0.0
2024-09-21T14:40:00.000,0.0,0.0,0.0,0.0,0,0,0.0
2024-09-21T14:45:00.000,0.0,0.0,0.0,0.0,0,0,0.0
2024-09-21T14:50:00.000,0.0,0.0,0.0,0.0,0,0,0.0
2024-09-21T14:55:00.000,0.0,0.0,0.0,0.0,0,0,0.0
2024-09-21T15:00:00.000,0.0,0.0,0.0,0.0,0,0,0.0
2024-09-21T15:05:00.000,0.0,0.0,0.0,0.0,0,0,0.0
2024-09-21T15:10:00.000,0.0,0.0,0.0,0.0,0,0,0.0
2024-09-21T15:15:00.000,0.0,0.0,0.0,0.0,0,0,0.0
2024-09-21T15:20:00.000,0.0,0.0,0.0,0.0,0,0,0.0
2024-09-21T15:25:00.000,0.0,0.0,0.0,0.0,0,0,0.0
2024-09-21T15:30:00.000,0.0,0.0,0.0,0.0,0,0,0.0
2024-09-21T15:35:00.000,0.0,0.0,0.0,0.0,0,0,0.0
2024-09-21T15:40:00.000,0.0,0.0,0.0,0.0,0,0,0.0
2024-09-21T15:45:00.000,0.0,0.0,0.0,0.0,0,0,0.0
2024-09-21T15:50:00.000,0.0,0.0,0.0,0.0,0,0,0.0
2024-09-21T15:55:00.000,0.0,0.0,0.0,0.0,0,0,0.0
2024-09-21T16:00:00.000,0.0,0.0,0.0,0.0,0,0,0.0
2024-09-22T09:30:00.000,0.0,0.0,0.0,0.0,0,0,0.0
2024-09-22T09:35:00.000,0.0,0.0,0.0,0.0,0,0,0.0
2024-09-22T09:40:00.000,0.0,0.0,0.0,0.0,0,0,0.0
2024-09-22T09:45:00.000,0.0,0.0,0.0,0.0,0,0,0.0
2024-09-22T09:50:00.000,0.0,0.0,0.0,0.0,0,0,0.0
2024-09-22T09:55:00.000,0.0,0.0,0.0,0.0,0,0,0.0
2024-09-22T10:00:00.000,0.0,0.0,0.0,0.0,0,0,0.0
2024-09-22T10:05:00.000,0.0,0.0,0.0,0.0,0,0,0.0
2024-09-22T10:10:00.000,0.0,0.0,0.0,0.0,0,0,0.0
2024-09-22T10:15:00.000,0.0,0.0,0.0,0.0,0,0,0.0
2024-09-22T10:20:00.000,0.0,0.0,0.0,0.0,0,0,0.0
2024-09-22T10:25:00.000,0.0,0.0,0.0,0.0,0,0,0.0
2024-09-22T10:30:00.000,0.0,0.0,0.0,0.0,0,0,0.0
2024-09-22T10:35:00.000,0.0,0.0,0.0,0.0,0,0,0.0
2024-09-22T10:40:00.000,0.0,0.0,0.0,0.0,0,0,0.0
2024-09-22T10:45:00.000,0.0,0.0,0.0,0.0,0,0,0.0
2024-09-22T10:50:00.000,0.0,0.0,0.0,0.0,0,0,0.0
2024-09-22T10:55:00.000,0.0,0.0,0.0,0.0,0,0,0.0
2024-09-22T11:00:00.000,0.0,0.0,0.0,0.0,0,0,0.0
2024-09-22T11:05:00.000,0.0,0.0,0.0,0.0,0,0,0.0
2024-09-22T11:10:00.000,0.0,0.0,0.0,0.0,0,0,0.0
2024-09-22T11:15:00.000,0.0,0.0,0.0,0.0,0,0,0.0
2024-09-22T11:20:00.000,0.0,0.0,0.0,0.0,0,0,0.0
2024-09-22T11:25:00.000,0.0,0.0,0.0,0.0,0,0,0.0
2024-09-22T11:30:00.000,0.0,0.0,0.0,0.0,0,0,0.0
2024-09-22T11:35:00.000,0.0,0.0,0.0,0.0,0,0,0.0
2024-09-22T11:40:00.000,0.0,0.0,0.0,0.0,0,0,0.0
2024-09-22T11:45:00.000,0.0,0.0,0.0,0.0,0,0,0.0
2024-09-22T11:50:00.000,0.0,0.0,0.0,0.0,0,0,0.0
2024-09-22T11:55:00.000,0.0,0.0,0.0,0.0,0,0,0.0
2024-09-22T12:00:00.000,0.0,0.0,0.0,0.0,0,0,0.0
2024-09-22T12:05:00.000,0.0,0.0,0.0,0.0,0,0,0.0
2024-09-22T12:10:00.000,0.0,0.0,0.0,0.0,0,0,0.0
2024-09-22T12:15:00.000,0.0,0.0,0.0,0.0,0,0,0.0
2024-09-22T12:20:00.000,0.0,0.0,0.0,0.0,0,0,0.0
2024-09-22T12:25:00.000,0.0,0.0,0.0,0.0,0,0,0.0
2024-09-22T12:30:00.000,0.0,0.0,0.0,0.0,0,0,0.0
2024-09-22T12:35:00.000,0.0,0.0,0.0,0.0,0,0,0.0
2024-09-22T12:40:00.000,0.0,0.0,0.0,0.0,0,0,0.0
2024-09-22T12:45:00.000,0.0,0.0,0.0,0.0,0,0,0.0
2024-09-22T12:50:00.000,0.0,0.0,0.0,0.0,0,0,0.0
2024-09-22T12:55:00.000,0.0,0.0,0.0,0.0,0,0,0.0
2024-09-22T13:00:00.000,0.0,0.0,0.0,0.0,0,0,0.0
2024-09-22T13:05:00.000,0.0,0.0,0.0,0.0,0,0,0.0
2024-09-22T13:10:00.000,0.0,0.0,0.0,0.0,0,0,0.0
2024-09-22T13:15:00.000,0.0,0.0,0.0,0.0,0,0,0.0
2024-09-22T13:20:00.000,0.0,0.0,0.0,0.0,0,0,0.0
2024-09-22T13:25:00.000,0.0,0.0,0.0,0.0,0,0,0.0
2024-09-22T13:30:00.000,0.0,0.0,0.0,0.0,0,0,0.0
2024-09-22T13:35:00.000,0.0,0.0,0.0,0.0,0,0,0.0
2024-09-22T13:40:00.000,0.0,0.0,0.0,0.0,0,0,0.0
2024-09-22T13:45:00.000,0.0,0.0,0.0,0.0,0,0,0.0
2024-09-22T13:50:00.000,0.0,0.0,0.0,0.0,0,0,0.0
2024-09-22T13:55:00.000,0.0,0.0,0.0,0.0,0,0,0.0
2024-09-22T14:00:00.000,0.0,0.0,0.0,0.0,0,0,0.0
2024-09-22T14:05:00.000,0.0,0.0,0.0,0.0,0,0,0.0
2024-09-22T14:10:00.000,0.0,0.0,0.0,0.0,0,0,0.0
2024-09-22T14:15:00.000,0.0,0.0,0.0,0.0,0,0,0.0
2024-09-22T14:20:00.000,0.0,0.0,0.0,0.0,0,0,0.0
2024-09-22T14:25:00.000,0.0,0.0,0.0,0.0,0,0,0.0
2024-09-22T14:30:00.000,0.0,0.0,0.0,0.0,0,0,0.0
2024-09-22T14:35:00.000,0.0,0.0,0.0,0.0,0,0,0.0
2024-09-22T14:40:00.000,0.0,0.0,0.0,0.0,0,0,0.0
2024-09-22T14:45:00.000,0.0,0.0,0.0,0.0,0,0,0.0
2024-09-22T14:50:00.000,0.0,0.0,0.0,0.0,0,0,0.0
2024-09-22T14:55:00.000,0.0,0.0,0.0,0.0,0,0,0.0
2024-09-22T15:00:00.000,0.0,0.0,0.0,0.0,0,0,0.0
2024-09-22T15:05:00.000,0.0,0.0,0.0,0.0,0,0,0.0
2024-09-22T15:10:00.000,0.0,0.0,0.0,0.0,0,0,0.0
2024-09-22T15:15:00.000,0.0,0.0,0.0,0.0,0,0,0.0
2024-09-22T15:20:00.000,0.0,0.0,0.0,0.0,0,0,0.0
2024-09-22T15:25:00.000,0.0,0.0,0.0,0.0,0,0,0.0
2024-09-22T15:30:00.000,0.0,0.0,0.0,0.0,0,0,0.0
2024-09-22T15:35:00.000,0.0,0.0,0.0,0.0,0,0,0.0
2024-09-22T15:40:00.000,0.0,0.0,0.0,0.0,0,0,0.0
2024-09-22T15:45:00.000,0.0,0.0,0.0,0.0,0,0,0.0
2024-09-22T15:50:00.000,0.0,0.0,0.0,0.0,0,0,0.0
2024-09-22T15:55:00.000,0.0,0.0,0.0,0.0,0,0,0.0
2024-09-22T16:00:00.000,0.0,0.0,0.0,0.0,0,0,0.0
2024-09-23T09:30:00.000,569.34,569.42,568.53,568.91,1532401,15953,569.03
2024-09-23T09:35:00.000,568.91,569.0,568.5894,568.73,546376,6818,568.97
2024-09-23T09:40:00.000,568.72,569.0299,568.68,568.96,365559,5076,568.95
2024-09-23T09:45:00.000,568.94,569.16,568.25,569.12,746720,8887,568.91
2024-09-23T09:50:00.000,569.13,569.38,568.64,568.91,379660,5231,568.91
2024-09-23T09:55:00.000,568.89,569.2306,568.715,568.8,332000,3821,568.92
2024-09-23T10:00:00.000,568.78,569.5,568.4001,569.29,490414,6837,568.93
2024-09-23T10:05:00.000,569.29,569.72,569.07,569.37,389265,5997,568.96
2024-09-23T10:10:00.000,569.36,569.686208,568.963758,569.01,303295,9822,568.98
2024-09-23T10:15:00.000,569.059887,569.79,568.7801,569.61,350287,5444,569.0
2024-09-23T10:20:00.000,569.63,570.3325,569.56,569.88,424074,12545,569.07
2024-09-23T10:25:00.000,569.91,569.93,569.475,569.79,254550,10873,569.09
2024-09-23T10:30:00.000,569.8,569.84,569.27,569.49,259581,11217,569.11
2024-09-23T10:35:00.000,569.49,569.69,568.86,568.94,401175,11255,569.12
2024-09-23T10:40:00.000,568.96,569.8399,568.95,569.7701,335630,8468,569.14
2024-09-23T10:45:00.000,569.78,570.0199,569.6,569.73,277739,3577,569.16
2024-09-23T10:50:00.000,569.71,570.07,569.61,569.87,281874,4011,569.18
2024-09-23T10:55:00.000,569.87,570.09,569.51,569.85,384014,4816,569.21
2024-09-23T11:00:00.000,569.86,569.87,569.12,569.3,439835,5193,569.23
2024-09-23T11:05:00.000,569.28,569.28,568.73,569.14,321261,4342,569.22
2024-09-23T11:10:00.000,569.16,569.38,569.05,569.22,219592,3335,569.22
2024-09-23T11:15:00.000,569.24,569.3699,568.925,569.05,158745,2752,569.21
2024-09-23T11:20:00.000,569.03,569.65,568.98,569.595,204766,3116,569.22
2024-09-23T11:25:00.000,569.6,569.79,569.36,569.735,181551,2889,569.22
2024-09-23T11:30:00.000,569.74,569.99,569.71,569.91,198187,2850,569.24
2024-09-23T11:35:00.000,569.92,570.04,569.77,570.02,287260,3369,569.26
2024-09-23T11:40:00.000,570.03,570.09,569.71,569.86,200306,2633,569.27
2024-09-23T11:45:00.000,569.88,570.08,569.83,569.84,141529,2469,569.28
2024-09-23T11:50:00.000,569.83,570.15,569.825,570.03,211383,2958,569.29
2024-09-23T11:55:00.000,570.02,570.055,569.39,569.5995,278343,3342,569.3
2024-09-23T12:00:00.000,569.59,569.608,569.3,569.52,183849,3076,569.31
2024-09-23T12:05:00.000,569.54,569.65,569.39,569.4,181056,2711,569.31
2024-09-23T12:10:00.000,569.38,569.4,568.6,568.91,369666,4295,569.3
2024-09-23T12:15:00.000,568.89,569.2,568.36,568.9099,513340,5852,569.27
2024-09-23T12:20:00.000,568.89,569.196583,568.71,569.09619,201045,2921,569.27
2024-09-23T12:25:00.000,569.11,569.2,568.91,568.94,128468,2151,569.27
2024-09-23T12:30:00.000,568.94,569.1,568.6142,569.06,143818,2536,569.26
2024-09-23T12:35:00.000,569.08,569.2,568.53,568.69,281254,3356,569.25
2024-09-23T12:40:00.000,568.7,568.87,568.63,568.63,1069021,2740,569.24
2024-09-23T12:45:00.000,568.66,568.86,568.25,568.84,1110637,3864,569.23
2024-09-23T12:50:00.000,568.8386,568.96,568.5,568.8299,151270,2522,569.23
2024-09-23T12:55:00.000,568.815,568.815,568.48,568.63,285259,3212,569.21
2024-09-23T13:00:00.000,568.6399,568.64,568.1,568.45,648287,4111,569.19
2024-09-23T13:05:00.000,568.44,568.59,568.25,568.59,319715,3529,569.17
2024-09-23T13:10:00.000,568.58,568.8099,568.44,568.61,216570,2924,569.16
2024-09-23T13:15:00.000,568.6199,568.85,568.41,568.81,228177,2675,569.16
2024-09-23T13:20:00.000,568.84,568.96,568.5,568.569,159469,2540,569.15
2024-09-23T13:25:00.000,568.55,568.785,568.51,568.7799,155469,2196,569.15
2024-09-23T13:30:00.000,568.78,569.1992,568.7001,569.1992,228435,4133,569.14
2024-09-23T13:35:00.000,569.2,569.27,568.58,568.92,364370,4242,569.14
2024-09-23T13:40:00.000,568.9,569.13,568.855,568.88,158434,2524,569.14
2024-09-23T13:45:00.000,568.88,569.27,568.87,569.09,150671,2103,569.14
2024-09-23T13:50:00.000,569.08,569.33,569.08,569.2799,133313,2271,569.14
2024-09-23T13:55:00.000,569.27,569.34,569.1801,569.295,425801,2204,569.14
2024-09-23T14:00:00.000,569.29,569.38,569.04,569.045,186215,2670,569.14
2024-09-23T14:05:00.000,569.04,569.36,568.83,569.305,162684,2364,569.14
2024-09-23T14:10:00.000,569.33,569.4456,569.1401,569.18,116847,2104,569.14
2024-09-23T14:15:00.000,569.16,569.36,569.12,569.3299,175711,2930,569.14
2024-09-23T14:20:00.000,569.33,569.5,569.28,569.42,177924,2402,569.14
2024-09-23T14:25:00.000,569.4301,569.46,569.01,569.24,178094,2275,569.15
2024-09-23T14:30:00.000,569.28,569.47,569.21,569.335,82945,1795,569.15
2024-09-23T14:35:00.000,569.3399,569.36,569.17,569.26,123881,2021,569.15
2024-09-23T14:40:00.000,569.28,569.42,569.23,569.28,188784,1935,569.15
2024-09-23T14:45:00.000,569.28,569.36,569.14,569.3074,147570,2387,569.15
2024-09-23T14:50:00.000,569.33,569.4,569.21,569.25,278212,1983,569.15
2024-09-23T14:55:00.000,569.27,569.54,569.2211,569.46,774545,3576,569.15
2024-09-23T15:00:00.000,569.47,569.53,569.29,569.457,241078,3174,569.16
2024-09-23T15:05:00.000,569.45,569.54,569.2,569.22,267093,3596,569.16
2024-09-23T15:10:00.000,569.22,569.31,569.0524,569.12,236979,3450,569.16
2024-09-23T15:15:00.000,569.13,569.54,569.08,569.47,349110,4137,569.16
2024-09-23T15:20:00.000,569.47,569.56,569.3533,569.44,710412,3959,569.17
2024-09-23T15:25:00.000,569.44,569.59,569.38,569.51,776355,3653,569.17
2024-09-23T15:30:00.000,569.51,569.77,569.33,569.73,810706,6179,569.19
2024-09-23T15:35:00.000,569.72,569.88,569.59,569.61,351857,4289,569.2
2024-09-23T15:40:00.000,569.6008,569.72,569.13,569.2899,645537,6338,569.21
2024-09-23T15:45:00.000,569.26,569.77,569.15,569.77,614434,6721,569.21
2024-09-23T15:50:00.000,569.76,569.82,569.43,569.61,546974,7293,569.22
2024-09-23T15:55:00.000,569.6101,569.91,569.49,569.6,2157703,14202,569.26
2024-09-23T16:00:00.000,0.0,0.0,0.0,0.0,0,0,569.26
2024-09-24T09:30:00.000,570.48,570.55,569.84,570.11,1366816,12595,570.21
2024-09-24T09:35:00.000,570.07,570.13,569.77,569.815,507117,5720,570.14
2024-09-24T09:40:00.000,569.815,569.92,569.63,569.83,629159,6284,570.05
2024-09-24T09:45:00.000,569.8399,570.1,569.52,569.74,435790,5934,570.02
2024-09-24T09:50:00.000,569.7399,569.7793,569.4,569.555,333091,4678,569.98
2024-09-24T09:55:00.000,569.55,569.6749,569.23,569.332,382977,5110,569.93
2024-09-24T10:00:00.000,569.34,569.357,567.71,568.2,1404526,15757,569.53
2024-09-24T10:05:00.000,568.25,568.86,567.93,568.72,886869,10098,569.37
2024-09-24T10:10:00.000,568.7,569.07,568.45,568.5,397198,7456,569.33
2024-09-24T10:15:00.000,568.5,568.74,568.33,568.51,322387,8126,569.3
2024-09-24T10:20:00.000,568.5,568.76,567.82,568.5042,488324,14950,569.24
2024-09-24T10:25:00.000,568.55,568.75,568.14,568.2784,321387,11901,569.2
2024-09-24T10:30:00.000,568.28,568.73,568.09,568.17,421445,11804,569.16
2024-09-24T10:35:00.000,568.14,568.255,567.66,567.74,368077,5702,569.11
2024-09-24T10:40:00.000,567.73,568.36,567.6,568.24,592962,5880,569.03
2024-09-24T10:45:00.000,568.24,568.93,568.22,568.735,409471,5534,569.01
2024-09-24T10:50:00.000,568.76,569.41,568.7391,569.21,358353,4810,569.01
2024-09-24T10:55:00.000,569.21,569.7015,569.18,569.4988,423536,4852,569.03
2024-09-24T11:00:00.000,569.49,569.65,569.32,569.51,405975,4395,569.05
2024-09-24T11:05:00.000,569.505,569.595,569.37,569.5499,190786,2968,569.05
2024-09-24T11:10:00.000,569.52,570.04,569.5,569.74,481791,5201,569.09
2024-09-24T11:15:00.000,569.745,569.98,569.63,569.83,213547,2984,569.1
2024-09-24T11:20:00.000,569.84,569.93,569.68,569.88,217716,3370,569.11
2024-09-24T11:25:00.000,569.89,570.0699,569.73,569.8505,279645,3437,569.13
2024-09-24T11:30:00.000,569.87,570.21,569.87,570.0442,210830,3266,569.15
2024-09-24T11:35:00.000,570.06,570.09,569.73,570.01,247033,3191,569.16
2024-09-24T11:40:00.000,569.99,570.15,569.8901,570.0795,232823,3158,569.18
2024-09-24T11:45:00.000,570.08,570.28,569.95,570.18,322901,4330,569.2
2024-09-24T11:50:00.000,570.18,571.07,570.105,570.95,474664,5278,569.25
2024-09-24T11:55:00.000,570.95,571.05,570.44,570.6,514438,5519,569.31
2024-09-24T12:00:00.000,570.61,570.89,570.59,570.8,227342,3005,569.33
2024-09-24T12:05:00.000,570.7993,570.86,570.57,570.6099,186687,2807,569.35
2024-09-24T12:10:00.000,570.59,570.85,570.42,570.82,183840,2475,569.36
2024-09-24T12:15:00.000,570.85,570.85,570.63,570.74,125985,1951,569.37
2024-09-24T12:20:00.000,570.76,570.88,570.51,570.62,1726613,2641,569.4
2024-09-24T12:25:00.000,570.64,570.72,570.26,570.505,1218565,2721,569.41
2024-09-24T12:30:00.000,570.5,570.74,570.37,570.715,178974,2351,569.42
2024-09-24T12:35:00.000,570.71,570.87,570.6601,570.835,400655,2639,569.45
2024-09-24T12:40:00.000,570.84,571.09,570.76,570.9854,1133367,5890,569.52
2024-09-24T12:45:00.000,571.0,571.2,570.8,570.94,236606,2970,569.54
2024-09-24T12:50:00.000,570.95,571.02,570.64,570.6601,168521,2209,569.56
2024-09-24T12:55:00.000,570.72,570.74,570.41,570.4475,182295,2434,569.57
2024-09-24T13:00:00.000,570.445,570.63,570.27,570.48,139590,2235,569.58
2024-09-24T13:05:00.000,570.46,570.79,570.445,570.6,208205,2616,569.59
2024-09-24T13:10:00.000,570.595,570.94,570.51,570.8957,110657,2019,569.6
2024-09-24T13:15:00.000,570.89,570.98,570.84,570.95,160974,2427,569.61
2024-09-24T13:20:00.000,570.95,570.95,570.65,570.675,92827,1656,569.61
2024-09-24T13:25:00.000,570.69,570.8279,570.55,570.61,108738,1830,569.62
2024-09-24T13:30:00.000,570.61,570.896,570.585,570.896,87620,2503,569.62
2024-09-24T13:35:00.000,570.9,571.01,570.57,570.74,222136,2300,569.64
2024-09-24T13:40:00.000,570.72,570.93,570.55,570.82,160994,2129,569.65
2024-09-24T13:45:00.000,570.82,570.82,570.51,570.6,144644,2025,569.66
2024-09-24T13:50:00.000,570.515,570.73,570.43,570.7084,155370,2124,569.66
2024-09-24T13:55:00.000,570.6801,570.6801,570.445,570.465,118727,1890,569.67
2024-09-24T14:00:00.000,570.5,570.685,570.35,570.525,389629,3288,569.69
2024-09-24T14:05:00.000,570.525,570.6991,570.48,570.5425,131258,1739,569.69
2024-09-24T14:10:00.000,570.51,570.54,570.14,570.3999,262551,2983,569.7
2024-09-24T14:15:00.000,570.39,570.5068,570.17,570.46,172643,2445,569.71
2024-09-24T14:20:00.000,570.45,570.52,570.28,570.37,190920,2057,569.71
2024-09-24T14:25:00.000,570.375,570.4299,570.07,570.2325,188603,2219,569.72
2024-09-24T14:30:00.000,570.25,570.25,569.43,570.16,396910,4513,569.72
2024-09-24T14:35:00.000,570.17,570.56,570.16,570.555,203969,2675,569.73
2024-09-24T14:40:00.000,570.56,570.6292,570.33,570.52,238890,2961,569.74
2024-09-24T14:45:00.000,570.53,570.53,570.27,570.29,115449,2083,569.74
2024-09-24T14:50:00.000,570.28,570.58,570.2,570.57,232821,2638,569.75
2024-09-24T14:55:00.000,570.5706,570.63,570.27,570.45,156861,2363,569.75
2024-09-24T15:00:00.000,570.43,570.6,570.36,570.57,893156,4153,569.77
2024-09-24T15:05:00.000,570.56,570.74,570.52,570.61,291375,3468,569.78
2024-09-24T15:10:00.000,570.6,570.715,570.45,570.57,777327,5278,569.8
2024-09-24T15:15:00.000,570.55,570.74,570.41,570.58,676846,5274,569.82
2024-09-24T15:20:00.000,570.58,570.75,570.51,570.68,457175,3789,569.83
2024-09-24T15:25:00.000,570.68,570.73,570.5822,570.6399,258210,3385,569.84
2024-09-24T15:30:00.000,570.64,570.65,570.44,570.49,551751,4251,569.85
2024-09-24T15:35:00.000,570.49,570.57,570.38,570.49,385850,4163,569.86
2024-09-24T15:40:00.000,570.49,570.75,570.45,570.56,708365,5832,569.88
2024-09-24T15:45:00.000,570.56,570.82,570.53,570.69,628243,6196,569.89
2024-09-24T15:50:00.000,570.7,570.84,570.47,570.5509,1084573,11098,569.92
2024-09-24T15:55:00.000,570.55,571.36,570.38,571.24,6339779,24887,570.08
2024-09-24T16:00:00.000,571.24,571.24,571.24,571.24,716,2,570.08
2024-09-25T09:30:00.000,571.14,571.8281,571.13,571.55,1066527,10541,571.54
2024-09-25T09:35:00.000,571.55,571.77,571.37,571.44,769030,7480,571.57
2024-09-25T09:40:00.000,571.44,571.59,570.86,571.39,904941,8706,571.45
2024-09-25T09:45:00.000,571.39,571.57,571.175,571.25,583891,6626,571.44
2024-09-25T09:50:00.000,571.26,571.46,570.98,571.385,606819,6987,571.41
2024-09-25T09:55:00.000,571.38,571.58,571.219,571.54,327230,4801,571.41
2024-09-25T10:00:00.000,571.58,571.74,571.45,571.61,484429,5097,571.42
2024-09-25T10:05:00.000,571.61,571.89,571.52,571.71,390128,4562,571.45
2024-09-25T10:10:00.000,571.72,571.83,571.36,571.65,463618,5604,571.46
2024-09-25T10:15:00.000,571.64,571.795,571.54,571.58,348667,4533,571.47
2024-09-25T10:20:00.000,571.56,571.56,571.09,571.4,378006,13175,571.46
2024-09-25T10:25:00.000,571.41,571.4699,570.9,571.0999,605855,12275,571.44
2024-09-25T10:30:00.000,571.1,571.23,570.85,571.19,334258,11627,571.43
2024-09-25T10:35:00.000,571.2,571.39,571.04,571.29,305241,11766,571.42
2024-09-25T10:40:00.000,571.28,571.4198,571.03,571.17,382514,4494,571.41
2024-09-25T10:45:00.000,571.18,571.29,570.66,570.805,430885,4042,571.4
2024-09-25T10:50:00.000,570.8,571.315,570.6,571.18,473960,4454,571.38
2024-09-25T10:55:00.000,571.16,571.33,571.06,571.23,175377,2795,571.38
2024-09-25T11:00:00.000,571.24,571.41,571.06,571.2799,203664,3134,571.38
2024-09-25T11:05:00.000,571.29,571.39,571.1107,571.3442,127405,2459,571.37
2024-09-25T11:10:00.000,571.34,571.34,570.85,570.96,406582,3504,571.36
2024-09-25T11:15:00.000,570.98,571.1691,570.69,571.1391,278962,3625,571.35
2024-09-25T11:20:00.000,571.13,571.14,570.91,570.9301,347329,3502,571.34
2024-09-25T11:25:00.000,570.95,571.01,570.73,570.77,269881,2950,571.33
2024-09-25T11:30:00.000,570.75,570.89,570.6342,570.76,265247,2620,571.31
2024-09-25T11:35:00.000,570.765,571.22,570.765,571.12,165135,2588,571.31
2024-09-25T11:40:00.000,571.12,571.25,570.67,570.8399,212560,2947,571.3
2024-09-25T11:45:00.000,570.84,570.91,570.57,570.805,701740,3391,571.28
2024-09-25T11:50:00.000,570.78,570.78,570.32,570.545,388318,4398,571.26
2024-09-25T11:55:00.000,570.54,570.78,570.32,570.74,333836,4207,571.24
2024-09-25T12:00:00.000,570.74,570.74,570.5,570.68,326793,2890,571.23
2024-09-25T12:05:00.000,570.68,570.7,570.26,570.685,423821,3834,571.21
2024-09-25T12:10:00.000,570.7,570.83,570.5789,570.64,242447,2265,571.21
2024-09-25T12:15:00.000,570.63,570.66,570.39,570.4399,221898,2446,571.2
2024-09-25T12:20:00.000,570.445,570.65,570.41,570.6199,293815,3202,571.18
2024-09-25T12:25:00.000,570.62,570.7258,570.56,570.64,357601,2882,571.17
2024-09-25T12:30:00.000,570.63,570.64,570.27,570.595,226396,2971,571.16
2024-09-25T12:35:00.000,570.6,570.6,570.39,570.427671,115204,2274,571.16
2024-09-25T12:40:00.000,570.44,570.55,570.19,570.26,305967,3491,571.14
2024-09-25T12:45:00.000,570.26,570.32,569.93,570.06,448070,5736,571.1
2024-09-25T12:50:00.000,570.0593,570.52,570.03,570.3928,502217,4740,571.08
2024-09-25T12:55:00.000,570.39,570.4,569.88,569.9899,278511,3165,571.06
2024-09-25T13:00:00.000,569.98,570.02,569.1,569.8,839374,7594,570.99
2024-09-25T13:05:00.000,569.79,570.21,569.66,569.83,417340,4773,570.96
2024-09-25T13:10:00.000,569.82,569.8686,569.55,569.723806,462810,2807,570.94
2024-09-25T13:15:00.000,569.73,570.02,569.59,569.89,216844,2873,570.93
2024-09-25T13:20:00.000,569.89,569.9278,569.7101,569.78,140629,2397,570.92
2024-09-25T13:25:00.000,569.7698,569.89,569.6923,569.75,132667,2516,570.91
2024-09-25T13:30:00.000,569.72,569.86,569.36,569.4,532499,4940,570.88
2024-09-25T13:35:00.000,569.38,569.71,568.91,569.59,518887,6201,570.84
2024-09-25T13:40:00.000,569.57,569.58,569.2,569.33,250278,3295,570.82
2024-09-25T13:45:00.000,569.32,569.38,568.96,569.28,260209,3357,570.79
2024-09-25T13:50:00.000,569.2795,569.98,569.23,569.9699,355291,3759,570.77
2024-09-25T13:55:00.000,569.96,570.32,569.9,570.2719,551588,3856,570.75
2024-09-25T14:00:00.000,570.25,570.38,569.93,570.04,390195,3878,570.74
2024-09-25T14:05:00.000,570.03,570.16,569.61,569.79,247096,2775,570.73
2024-09-25T14:10:00.000,569.79,569.84,569.3656,569.435,239740,2957,570.72
2024-09-25T14:15:00.000,569.4301,569.73,569.03,569.645,307102,3772,570.7
2024-09-25T14:20:00.000,569.66,569.79,569.57,569.74,170065,2400,570.69
2024-09-25T14:25:00.000,569.7325,570.2,569.73,570.2,271156,2886,570.68
2024-09-25T14:30:00.000,570.17,570.17,569.7001,570.06,204523,2874,570.67
2024-09-25T14:35:00.000,570.05,570.28,570.01,570.06,199112,2482,570.67
2024-09-25T14:40:00.000,570.05,570.14,569.97,570.07,111059,1888,570.66
2024-09-25T14:45:00.000,570.081,570.21,570.02,570.149,221050,2487,570.66
2024-09-25T14:50:00.000,570.15,570.24,569.98,570.1801,407274,2581,570.65
2024-09-25T14:55:00.000,570.17,570.2,569.77,570.025,318132,3510,570.64
2024-09-25T15:00:00.000,570.02,570.26,569.91,570.2,221562,2901,570.64
2024-09-25T15:05:00.000,570.215,570.26,569.98,569.995,391444,2490,570.63
2024-09-25T15:10:00.000,570.0,570.13,569.84,569.88,484286,3401,570.62
2024-09-25T15:15:00.000,569.89,569.97,569.74,569.79,344849,3736,570.61
2024-09-25T15:20:00.000,569.8,569.894994,569.7,569.8,188602,3130,570.6
2024-09-25T15:25:00.000,569.805,569.89,569.78,569.865,129917,2359,570.6
2024-09-25T15:30:00.000,569.835,569.86,569.552317,569.7,639091,4479,570.59
2024-09-25T15:35:00.000,569.705,569.78,569.34,569.46,514435,5391,570.56
2024-09-25T15:40:00.000,569.47,569.5392,569.33,569.52,844714,7455,570.52
2024-09-25T15:45:00.000,569.52,569.78,569.47,569.6701,759403,7165,570.5
2024-09-25T15:50:00.000,569.69,569.93,569.54,569.82,1244520,11927,570.46
2024-09-25T15:55:00.000,569.8,570.14,569.63,570.0,1771857,16115,570.42
2024-09-25T16:00:00.000,570.0,570.0,570.0,570.0,1437,3,570.42
2024-09-26T09:30:00.000,574.38,574.71,573.52,573.57,1685020,15301,574.18
2024-09-26T09:35:00.000,573.58,574.12,573.35,573.5906,1115773,10419,574.01
2024-09-26T09:40:00.000,573.59,573.6288,573.3113,573.62,648137,6074,573.92
2024-09-26T09:45:00.000,573.61,573.76,573.3,573.59,547651,7469,573.87
2024-09-26T09:50:00.000,573.6,573.67,573.3401,573.505,417384,5754,573.83
2024-09-26T09:55:00.000,573.49,573.62,573.165,573.545,444264,5784,573.8
2024-09-26T10:00:00.000,573.56,574.15,573.19,573.32,636006,8197,573.78
2024-09-26T10:05:00.000,573.2886,573.29,572.74,572.97,526712,9149,573.71
2024-09-26T10:10:00.000,572.96,573.35,572.9,573.17,394562,5327,573.68
2024-09-26T10:15:00.000,573.18,573.37,573.01,573.08,334651,3968,573.67
2024-09-26T10:20:00.000,573.14,573.142659,572.53,572.79,426290,5851,573.63
2024-09-26T10:25:00.000,572.78,572.82,572.43,572.624,702233,5938,573.57
2024-09-26T10:30:00.000,572.62,572.82,572.37,572.81,977027,7458,573.5
2024-09-26T10:35:00.000,572.82,573.44,572.62,573.37,537988,6919,573.48
2024-09-26T10:40:00.000,573.36,573.36,572.6,572.7099,486684,5957,573.44
2024-09-26T10:45:00.000,572.72,573.2,572.26,572.59,496155,5692,573.41
2024-09-26T10:50:00.000,572.57,572.65,571.76,572.01,547953,6733,573.34
2024-09-26T10:55:00.000,572.01,572.04,571.03,571.235,890957,9147,573.17
2024-09-26T11:00:00.000,571.24,571.6845,570.9,571.65,1116533,7724,573.02
2024-09-26T11:05:00.000,571.64,572.12,571.64,571.9001,308130,4253,573.0
2024-09-26T11:10:00.000,571.9159,571.9201,571.18,571.35,304789,4503,572.97
2024-09-26T11:15:00.000,571.36,571.61,571.11,571.13,335572,3888,572.93
2024-09-26T11:20:00.000,571.1101,571.46,570.95,571.22,194994,2796,572.9
2024-09-26T11:25:00.000,571.22,571.36,570.97,571.3399,170647,2845,572.88
2024-09-26T11:30:00.000,571.2801,571.38,570.98,571.06,230160,3178,572.85
2024-09-26T11:35:00.000,571.05,571.58,571.0223,571.51,177259,2970,572.83
2024-09-26T11:40:00.000,571.59,571.77,571.4,571.74,342129,3226,572.81
2024-09-26T11:45:00.000,571.73,572.01,571.62,571.6799,497889,3676,572.79
2024-09-26T11:50:00.000,571.68,572.17,571.6375,572.14,270634,3361,572.78
2024-09-26T11:55:00.000,572.14,572.5701,572.09,572.4201,358970,4801,572.77
2024-09-26T12:00:00.000,572.41,572.42,571.5,571.63,381722,4141,572.75
2024-09-26T12:05:00.000,571.66,571.98,571.51,571.745,264682,3609,572.73
2024-09-26T12:10:00.000,571.74,571.9,571.39,571.56,376919,2955,572.72
2024-09-26T12:15:00.000,571.5658,571.7,571.46,571.515,173698,2620,572.7
2024-09-26T12:20:00.000,571.47,571.58,571.13,571.33,219290,3073,572.68
2024-09-26T12:25:00.000,571.33,571.68,571.1649,571.2499,251353,3431,572.67
2024-09-26T12:30:00.000,571.24,571.315,571.01,571.0248,508504,3675,572.64
2024-09-26T12:35:00.000,571.0124,571.37,571.01,571.33,690094,2847,572.62
2024-09-26T12:40:00.000,571.31,571.33,570.8398,571.29,276305,3293,572.6
2024-09-26T12:45:00.000,571.2992,571.4299,571.12,571.12,315559,2713,572.58
2024-09-26T12:50:00.000,571.125,571.3,571.0,571.1,243966,3030,572.56
2024-09-26T12:55:00.000,571.1057,571.14,570.9,571.08,205298,2677,572.54
2024-09-26T13:00:00.000,571.07,571.37,570.88,571.36,219516,3116,572.52
2024-09-26T13:05:00.000,571.35,571.425,570.8605,570.99,218294,3309,572.51
2024-09-26T13:10:00.000,570.97,571.24,570.805,570.92,224739,3078,572.49
2024-09-26T13:15:00.000,570.92,570.94,569.9,570.14,671015,7156,572.43
2024-09-26T13:20:00.000,570.12,570.61,570.07,570.36,417484,4715,572.38
2024-09-26T13:25:00.000,570.3401,571.13,570.33,571.09,459323,4204,572.35
2024-09-26T13:30:00.000,571.1,571.49,571.07,571.28,601972,5527,572.33
2024-09-26T13:35:00.000,571.28,571.405,571.18,571.3499,1409387,3913,572.32
2024-09-26T13:40:00.000,571.35,571.62,571.33,571.57,689228,4175,572.3
2024-09-26T13:45:00.000,571.57,571.68,571.51,571.65,249771,3440,572.3
2024-09-26T13:50:00.000,571.64,571.68,571.42,571.63,1018210,3275,572.29
2024-09-26T13:55:00.000,571.63,571.76,571.48,571.53,179668,3168,572.28
2024-09-26T14:00:00.000,571.55,571.765,571.54,571.7,326164,3819,572.27
2024-09-26T14:05:00.000,571.69,571.81,571.6099,571.78,231585,3145,572.27
2024-09-26T14:10:00.000,571.79,572.31,571.6901,572.267,433588,5064,572.26
2024-09-26T14:15:00.000,572.27,572.73,572.25,572.31,450776,5229,572.26
2024-09-26T14:20:00.000,572.32,572.48,572.23,572.44,270985,3391,572.27
2024-09-26T14:25:00.000,572.44,572.47,572.28,572.42,209127,2923,572.27
2024-09-26T14:30:00.000,572.41,572.45,572.1,572.19,406969,3706,572.27
2024-09-26T14:35:00.000,572.2,572.33,571.98,572.28,218202,3231,572.27
2024-09-26T14:40:00.000,572.26,572.2895,572.03,572.07,196077,2889,572.27
2024-09-26T14:45:00.000,572.04,572.1,571.94,571.99,353277,2998,572.26
2024-09-26T14:50:00.000,572.0,572.29,572.0,572.25,243058,3305,572.26
2024-09-26T14:55:00.000,572.2101,572.42,572.2,572.26,305689,3360,572.26
2024-09-26T15:00:00.000,572.24,572.2795,572.03,572.17,308014,3739,572.26
2024-09-26T15:05:00.000,572.17,572.265,572.07,572.14,330860,3624,572.26
2024-09-26T15:10:00.000,572.14,572.47,572.1201,572.37,698196,5294,572.26
2024-09-26T15:15:00.000,572.36,572.37,572.1605,572.34,407828,4610,572.26
2024-09-26T15:20:00.000,572.33,572.43,572.23,572.28,311707,3620,572.26
2024-09-26T15:25:00.000,572.29,572.3401,571.94,572.12,480916,4370,572.26
2024-09-26T15:30:00.000,572.12,572.1499,571.82,572.06,433698,5052,572.25
2024-09-26T15:35:00.000,572.055,572.11,571.9,572.04,475218,5294,572.25
2024-09-26T15:40:00.000,572.05,572.14,571.98,572.07,325376,3990,572.25
2024-09-26T15:45:00.000,572.07,572.28,572.02,572.28,562250,5969,572.25
2024-09-26T15:50:00.000,572.29,572.4,571.915,572.21,797080,10422,572.24
2024-09-26T15:55:00.000,572.21,572.75,572.0,572.29,3586127,19480,572.27
2024-09-26T16:00:00.000,0.0,0.0,0.0,0.0,0,0,572.27
2024-09-27T09:30:00.000,573.39,573.56,573.06,573.39,1269881,12117,573.33
2024-09-27T09:35:00.000,573.37,573.46,572.93,572.9728,556574,6784,573.29
2024-09-27T09:40:00.000,572.99,573.26,572.8,572.9,507093,6193,573.22
2024-09-27T09:45:00.000,572.91,573.13,572.84,573.0,347871,5023,573.19
2024-09-27T09:50:00.000,573.0,573.05,572.705,572.895,356761,4998,573.16
2024-09-27T09:55:00.000,572.8907,573.09,572.76,573.0,205491,3248,573.15
2024-09-27T10:00:00.000,573.02,573.72,572.64,573.32,527088,6787,573.16
2024-09-27T10:05:00.000,573.29,573.48,573.04,573.25,376014,5340,573.16
2024-09-27T10:10:00.000,573.24,573.44,572.81,573.42,325700,4651,573.17
2024-09-27T10:15:00.000,573.41,573.46,573.12,573.16,563315,8532,573.17
2024-09-27T10:20:00.000,573.17,573.79,573.13,573.74,411283,4901,573.2
2024-09-27T10:25:00.000,573.76,574.22,573.76,573.85,1623864,28892,573.28
2024-09-27T10:30:00.000,573.855,573.9,573.34,573.35,586344,11579,573.31
2024-09-27T10:35:00.000,573.34,573.951,573.24,573.83,574994,4943,573.34
2024-09-27T10:40:00.000,573.8205,573.93,573.5,573.55,285063,3684,573.35
2024-09-27T10:45:00.000,573.55,573.93,573.27,573.56,260241,3430,573.36
2024-09-27T10:50:00.000,573.56,573.8,573.47,573.765,319018,2912,573.37
2024-09-27T10:55:00.000,573.75,573.86,573.58,573.71,313624,2899,573.38
2024-09-27T11:00:00.000,573.665,573.72,573.505,573.57,305073,2923,573.38
2024-09-27T11:05:00.000,573.63,573.7093,573.2991,573.41,339539,3904,573.38
2024-09-27T11:10:00.000,573.4,573.53,573.14,573.2798,180727,2742,573.38
2024-09-27T11:15:00.000,573.26,573.2899,572.93,573.0099,341380,3008,573.38
2024-09-27T11:20:00.000,573.03,573.3,572.92,573.0499,146653,2583,573.37
2024-09-27T11:25:00.000,573.04,573.42,572.965,573.2827,186221,2753,573.37
2024-09-27T11:30:00.000,573.2975,573.31,572.84,572.96,254412,3868,573.36
2024-09-27T11:35:00.000,572.9401,573.1,572.77,572.92,391415,3288,573.35
2024-09-27T11:40:00.000,572.92,573.19,572.72,573.175,189500,2484,573.34
2024-09-27T11:45:00.000,573.175,573.2,572.77,572.82,176586,2461,573.33
2024-09-27T11:50:00.000,572.81,572.81,572.43,572.71,455008,4019,573.31
2024-09-27T11:55:00.000,572.73,572.77,572.41,572.44,152592,2334,573.3
2024-09-27T12:00:00.000,572.435,572.51,572.31,572.39,240532,3324,573.28
2024-09-27T12:05:00.000,572.39,572.63,572.13,572.1517,249331,3563,573.26
2024-09-27T12:10:00.000,572.15,572.21,571.85,571.96,678968,5170,573.21
2024-09-27T12:15:00.000,571.96,572.43,571.9,572.11,361552,4757,573.18
2024-09-27T12:20:00.000,572.11,572.21,571.94,572.05,184766,2992,573.16
2024-09-27T12:25:00.000,572.05,572.4495,571.91,572.23,253455,3558,573.14
2024-09-27T12:30:00.000,572.2307,572.42,572.08,572.16,203279,3264,573.12
2024-09-27T12:35:00.000,572.16,572.4857,572.15,572.28,267849,2562,573.11
2024-09-27T12:40:00.000,572.29,572.34,572.16,572.24,139270,2006,573.11
2024-09-27T12:45:00.000,572.23,572.29,572.04,572.09,378189,2690,573.09
2024-09-27T12:50:00.000,572.0601,572.18,572.02,572.045,117757,2141,573.08
2024-09-27T12:55:00.000,572.05,572.24,572.05,572.19,126652,1851,573.08
2024-09-27T13:00:00.000,572.1915,572.71,572.19,572.62,293385,2806,573.07
2024-09-27T13:05:00.000,572.62,572.62,571.8,571.89,363061,4165,573.04
2024-09-27T13:10:00.000,571.878,572.09,571.82,572.0,163479,2431,573.03
2024-09-27T13:15:00.000,571.98,572.03,571.78,571.81,362232,2102,573.02
2024-09-27T13:20:00.000,571.81,572.04,571.76,571.98,258603,2281,573.01
2024-09-27T13:25:00.000,571.9649,571.975,571.7502,571.775,186225,2277,572.99
2024-09-27T13:30:00.000,571.77,571.87,571.645,571.785,190203,3316,572.98
2024-09-27T13:35:00.000,571.79,571.81,571.53,571.5499,159006,2824,572.96
2024-09-27T13:40:00.000,571.546,571.99,571.53,571.95,309578,3841,572.94
2024-09-27T13:45:00.000,571.96,572.16,571.8203,572.02,309768,3785,572.92
2024-09-27T13:50:00.000,572.015,572.37,571.99,572.285,211598,3059,572.91
2024-09-27T13:55:00.000,572.2805,572.46,572.16,572.43,165115,2450,572.9
2024-09-27T14:00:00.000,572.43,572.65,572.08,572.12,460452,4403,572.88
2024-09-27T14:05:00.000,572.11,572.18,571.895,572.04,178939,2458,572.88
2024-09-27T14:10:00.000,572.0499,572.1,571.96,572.02,161673,2195,572.87
2024-09-27T14:15:00.000,572.0,572.16,571.805,571.83,246770,2666,572.85
2024-09-27T14:20:00.000,571.85,572.06,571.845,571.9,223792,2806,572.84
2024-09-27T14:25:00.000,571.9177,571.95,571.18,571.205,594992,5891,572.79
2024-09-27T14:30:00.000,571.21,571.27,570.42,571.01,810554,6427,572.72
2024-09-27T14:35:00.000,571.04,571.08,570.53,570.92,393742,4674,572.68
2024-09-27T14:40:00.000,570.92,571.3697,570.77,571.3,898416,5541,572.62
2024-09-27T14:45:00.000,571.29,571.91,571.27,571.82,422123,4218,572.6
2024-09-27T14:50:00.000,571.8,571.93,571.53,571.77,334781,3215,572.59
2024-09-27T14:55:00.000,571.77,572.39,571.73,572.19,407296,4204,572.58
2024-09-27T15:00:00.000,572.19,572.25,571.95,572.2195,294209,3266,572.57
2024-09-27T15:05:00.000,572.18,572.3,571.93,572.01,282583,3514,572.56
2024-09-27T15:10:00.000,572.02,572.18,571.82,571.99,455658,3574,572.55
2024-09-27T15:15:00.000,572.0,572.34,571.95,572.1201,753933,5706,572.54
2024-09-27T15:20:00.000,572.14,572.24,571.77,571.8999,350304,3322,572.54
2024-09-27T15:25:00.000,571.8917,572.07,571.61,571.9771,352990,3783,572.52
2024-09-27T15:30:00.000,571.97,572.1143,571.83,572.02,1160651,3416,572.52
2024-09-27T15:35:00.000,572.0155,572.08,571.8002,571.81,519855,4838,572.5
2024-09-27T15:40:00.000,571.8,571.82,571.58,571.63,523421,5037,572.49
2024-09-27T15:45:00.000,571.63,571.75,571.43,571.4501,688588,7253,572.46
2024-09-27T15:50:00.000,571.45,572.04,571.36,571.7901,896649,10632,572.44
2024-09-27T15:55:00.000,571.79,571.99,571.32,571.41,2861240,19684,572.34
2024-09-27T16:00:00.000,571.4,571.4,571.4,571.4,104,1,572.34
2024-09-28T09:30:00.000,0.0,0.0,0.0,0.0,0,0,0.0
2024-09-28T09:35:00.000,0.0,0.0,0.0,0.0,0,0,0.0
2024-09-28T09:40:00.000,0.0,0.0,0.0,0.0,0,0,0.0
2024-09-28T09:45:00.000,0.0,0.0,0.0,0.0,0,0,0.0
2024-09-28T09:50:00.000,0.0,0.0,0.0,0.0,0,0,0.0
2024-09-28T09:55:00.000,0.0,0.0,0.0,0.0,0,0,0.0
2024-09-28T10:00:00.000,0.0,0.0,0.0,0.0,0,0,0.0
2024-09-28T10:05:00.000,0.0,0.0,0.0,0.0,0,0,0.0
2024-09-28T10:10:00.000,0.0,0.0,0.0,0.0,0,0,0.0
2024-09-28T10:15:00.000,0.0,0.0,0.0,0.0,0,0,0.0
2024-09-28T10:20:00.000,0.0,0.0,0.0,0.0,0,0,0.0
2024-09-28T10:25:00.000,0.0,0.0,0.0,0.0,0,0,0.0
2024-09-28T10:30:00.000,0.0,0.0,0.0,0.0,0,0,0.0
2024-09-28T10:35:00.000,0.0,0.0,0.0,0.0,0,0,0.0
2024-09-28T10:40:00.000,0.0,0.0,0.0,0.0,0,0,0.0
2024-09-28T10:45:00.000,0.0,0.0,0.0,0.0,0,0,0.0
2024-09-28T10:50:00.000,0.0,0.0,0.0,0.0,0,0,0.0
2024-09-28T10:55:00.000,0.0,0.0,0.0,0.0,0,0,0.0
2024-09-28T11:00:00.000,0.0,0.0,0.0,0.0,0,0,0.0
2024-09-28T11:05:00.000,0.0,0.0,0.0,0.0,0,0,0.0
2024-09-28T11:10:00.000,0.0,0.0,0.0,0.0,0,0,0.0
2024-09-28T11:15:00.000,0.0,0.0,0.0,0.0,0,0,0.0
2024-09-28T11:20:00.000,0.0,0.0,0.0,0.0,0,0,0.0
2024-09-28T11:25:00.000,0.0,0.0,0.0,0.0,0,0,0.0
2024-09-28T11:30:00.000,0.0,0.0,0.0,0.0,0,0,0.0
2024-09-28T11:35:00.000,0.0,0.0,0.0,0.0,0,0,0.0
2024-09-28T11:40:00.000,0.0,0.0,0.0,0.0,0,0,0.0
2024-09-28T11:45:00.000,0.0,0.0,0.0,0.0,0,0,0.0
2024-09-28T11:50:00.000,0.0,0.0,0.0,0.0,0,0,0.0
2024-09-28T11:55:00.000,0.0,0.0,0.0,0.0,0,0,0.0
2024-09-28T12:00:00.000,0.0,0.0,0.0,0.0,0,0,0.0
2024-09-28T12:05:00.000,0.0,0.0,0.0,0.0,0,0,0.0
2024-09-28T12:10:00.000,0.0,0.0,0.0,0.0,0,0,0.0
2024-09-28T12:15:00.000,0.0,0.0,0.0,0.0,0,0,0.0
2024-09-28T12:20:00.000,0.0,0.0,0.0,0.0,0,0,0.0
2024-09-28T12:25:00.000,0.0,0.0,0.0,0.0,0,0,0.0
2024-09-28T12:30:00.000,0.0,0.0,0.0,0.0,0,0,0.0
2024-09-28T12:35:00.000,0.0,0.0,0.0,0.0,0,0,0.0
2024-09-28T12:40:00.000,0.0,0.0,0.0,0.0,0,0,0.0
2024-09-28T12:45:00.000,0.0,0.0,0.0,0.0,0,0,0.0
2024-09-28T12:50:00.000,0.0,0.0,0.0,0.0,0,0,0.0
2024-09-28T12:55:00.000,0.0,0.0,0.0,0.0,0,0,0.0
2024-09-28T13:00:00.000,0.0,0.0,0.0,0.0,0,0,0.0
2024-09-28T13:05:00.000,0.0,0.0,0.0,0.0,0,0,0.0
2024-09-28T13:10:00.000,0.0,0.0,0.0,0.0,0,0,0.0
2024-09-28T13:15:00.000,0.0,0.0,0.0,0.0,0,0,0.0
2024-09-28T13:20:00.000,0.0,0.0,0.0,0.0,0,0,0.0
2024-09-28T13:25:00.000,0.0,0.0,0.0,0.0,0,0,0.0
2024-09-28T13:30:00.000,0.0,0.0,0.0,0.0,0,0,0.0
2024-09-28T13:35:00.000,0.0,0.0,0.0,0.0,0,0,0.0
2024-09-28T13:40:00.000,0.0,0.0,0.0,0.0,0,0,0.0
2024-09-28T13:45:00.000,0.0,0.0,0.0,0.0,0,0,0.0
2024-09-28T13:50:00.000,0.0,0.0,0.0,0.0,0,0,0.0
2024-09-28T13:55:00.000,0.0,0.0,0.0,0.0,0,0,0.0
2024-09-28T14:00:00.000,0.0,0.0,0.0,0.0,0,0,0.0
2024-09-28T14:05:00.000,0.0,0.0,0.0,0.0,0,0,0.0
2024-09-28T14:10:00.000,0.0,0.0,0.0,0.0,0,0,0.0
2024-09-28T14:15:00.000,0.0,0.0,0.0,0.0,0,0,0.0
2024-09-28T14:20:00.000,0.0,0.0,0.0,0.0,0,0,0.0
2024-09-28T14:25:00.000,0.0,0.0,0.0,0.0,0,0,0.0
2024-09-28T14:30:00.000,0.0,0.0,0.0,0.0,0,0,0.0
2024-09-28T14:35:00.000,0.0,0.0,0.0,0.0,0,0,0.0
2024-09-28T14:40:00.000,0.0,0.0,0.0,0.0,0,0,0.0
2024-09-28T14:45:00.000,0.0,0.0,0.0,0.0,0,0,0.0
2024-09-28T14:50:00.000,0.0,0.0,0.0,0.0,0,0,0.0
2024-09-28T14:55:00.000,0.0,0.0,0.0,0.0,0,0,0.0
2024-09-28T15:00:00.000,0.0,0.0,0.0,0.0,0,0,0.0
2024-09-28T15:05:00.000,0.0,0.0,0.0,0.0,0,0,0.0
2024-09-28T15:10:00.000,0.0,0.0,0.0,0.0,0,0,0.0
2024-09-28T15:15:00.000,0.0,0.0,0.0,0.0,0,0,0.0
2024-09-28T15:20:00.000,0.0,0.0,0.0,0.0,0,0,0.0
2024-09-28T15:25:00.000,0.0,0.0,0.0,0.0,0,0,0.0
2024-09-28T15:30:00.000,0.0,0.0,0.0,0.0,0,0,0.0
2024-09-28T15:35:00.000,0.0,0.0,0.0,0.0,0,0,0.0
2024-09-28T15:40:00.000,0.0,0.0,0.0,0.0,0,0,0.0
2024-09-28T15:45:00.000,0.0,0.0,0.0,0.0,0,0,0.0
2024-09-28T15:50:00.000,0.0,0.0,0.0,0.0,0,0,0.0
2024-09-28T15:55:00.000,0.0,0.0,0.0,0.0,0,0,0.0
2024-09-28T16:00:00.000,0.0,0.0,0.0,0.0,0,0,0.0
2024-09-29T09:30:00.000,0.0,0.0,0.0,0.0,0,0,0.0
2024-09-29T09:35:00.000,0.0,0.0,0.0,0.0,0,0,0.0
2024-09-29T09:40:00.000,0.0,0.0,0.0,0.0,0,0,0.0
2024-09-29T09:45:00.000,0.0,0.0,0.0,0.0,0,0,0.0
2024-09-29T09:50:00.000,0.0,0.0,0.0,0.0,0,0,0.0
2024-09-29T09:55:00.000,0.0,0.0,0.0,0.0,0,0,0.0
2024-09-29T10:00:00.000,0.0,0.0,0.0,0.0,0,0,0.0
2024-09-29T10:05:00.000,0.0,0.0,0.0,0.0,0,0,0.0
2024-09-29T10:10:00.000,0.0,0.0,0.0,0.0,0,0,0.0
2024-09-29T10:15:00.000,0.0,0.0,0.0,0.0,0,0,0.0
2024-09-29T10:20:00.000,0.0,0.0,0.0,0.0,0,0,0.0
2024-09-29T10:25:00.000,0.0,0.0,0.0,0.0,0,0,0.0
2024-09-29T10:30:00.000,0.0,0.0,0.0,0.0,0,0,0.0
2024-09-29T10:35:00.000,0.0,0.0,0.0,0.0,0,0,0.0
2024-09-29T10:40:00.000,0.0,0.0,0.0,0.0,0,0,0.0
2024-09-29T10:45:00.000,0.0,0.0,0.0,0.0,0,0,0.0
2024-09-29T10:50:00.000,0.0,0.0,0.0,0.0,0,0,0.0
2024-09-29T10:55:00.000,0.0,0.0,0.0,0.0,0,0,0.0
2024-09-29T11:00:00.000,0.0,0.0,0.0,0.0,0,0,0.0
2024-09-29T11:05:00.000,0.0,0.0,0.0,0.0,0,0,0.0
2024-09-29T11:10:00.000,0.0,0.0,0.0,0.0,0,0,0.0
2024-09-29T11:15:00.000,0.0,0.0,0.0,0.0,0,0,0.0
2024-09-29T11:20:00.000,0.0,0.0,0.0,0.0,0,0,0.0
2024-09-29T11:25:00.000,0.0,0.0,0.0,0.0,0,0,0.0
2024-09-29T11:30:00.000,0.0,0.0,0.0,0.0,0,0,0.0
2024-09-29T11:35:00.000,0.0,0.0,0.0,0.0,0,0,0.0
2024-09-29T11:40:00.000,0.0,0.0,0.0,0.0,0,0,0.0
2024-09-29T11:45:00.000,0.0,0.0,0.0,0.0,0,0,0.0
2024-09-29T11:50:00.000,0.0,0.0,0.0,0.0,0,0,0.0
2024-09-29T11:55:00.000,0.0,0.0,0.0,0.0,0,0,0.0
2024-09-29T12:00:00.000,0.0,0.0,0.0,0.0,0,0,0.0
2024-09-29T12:05:00.000,0.0,0.0,0.0,0.0,0,0,0.0
2024-09-29T12:10:00.000,0.0,0.0,0.0,0.0,0,0,0.0
2024-09-29T12:15:00.000,0.0,0.0,0.0,0.0,0,0,0.0
2024-09-29T12:20:00.000,0.0,0.0,0.0,0.0,0,0,0.0
2024-09-29T12:25:00.000,0.0,0.0,0.0,0.0,0,0,0.0
2024-09-29T12:30:00.000,0.0,0.0,0.0,0.0,0,0,0.0
2024-09-29T12:35:00.000,0.0,0.0,0.0,0.0,0,0,0.0
2024-09-29T12:40:00.000,0.0,0.0,0.0,0.0,0,0,0.0
2024-09-29T12:45:00.000,0.0,0.0,0.0,0.0,0,0,0.0
2024-09-29T12:50:00.000,0.0,0.0,0.0,0.0,0,0,0.0
2024-09-29T12:55:00.000,0.0,0.0,0.0,0.0,0,0,0.0
2024-09-29T13:00:00.000,0.0,0.0,0.0,0.0,0,0,0.0
2024-09-29T13:05:00.000,0.0,0.0,0.0,0.0,0,0,0.0
2024-09-29T13:10:00.000,0.0,0.0,0.0,0.0,0,0,0.0
2024-09-29T13:15:00.000,0.0,0.0,0.0,0.0,0,0,0.0
2024-09-29T13:20:00.000,0.0,0.0,0.0,0.0,0,0,0.0
2024-09-29T13:25:00.000,0.0,0.0,0.0,0.0,0,0,0.0
2024-09-29T13:30:00.000,0.0,0.0,0.0,0.0,0,0,0.0
2024-09-29T13:35:00.000,0.0,0.0,0.0,0.0,0,0,0.0
2024-09-29T13:40:00.000,0.0,0.0,0.0,0.0,0,0,0.0
2024-09-29T13:45:00.000,0.0,0.0,0.0,0.0,0,0,0.0
2024-09-29T13:50:00.000,0.0,0.0,0.0,0.0,0,0,0.0
2024-09-29T13:55:00.000,0.0,0.0,0.0,0.0,0,0,0.0
2024-09-29T14:00:00.000,0.0,0.0,0.0,0.0,0,0,0.0
2024-09-29T14:05:00.000,0.0,0.0,0.0,0.0,0,0,0.0
2024-09-29T14:10:00.000,0.0,0.0,0.0,0.0,0,0,0.0
2024-09-29T14:15:00.000,0.0,0.0,0.0,0.0,0,0,0.0
2024-09-29T14:20:00.000,0.0,0.0,0.0,0.0,0,0,0.0
2024-09-29T14:25:00.000,0.0,0.0,0.0,0.0,0,0,0.0
2024-09-29T14:30:00.000,0.0,0.0,0.0,0.0,0,0,0.0
2024-09-29T14:35:00.000,0.0,0.0,0.0,0.0,0,0,0.0
2024-09-29T14:40:00.000,0.0,0.0,0.0,0.0,0,0,0.0
2024-09-29T14:45:00.000,0.0,0.0,0.0,0.0,0,0,0.0
2024-09-29T14:50:00.000,0.0,0.0,0.0,0.0,0,0,0.0
2024-09-29T14:55:00.000,0.0,0.0,0.0,0.0,0,0,0.0
2024-09-29T15:00:00.000,0.0,0.0,0.0,0.0,0,0,0.0
2024-09-29T15:05:00.000,0.0,0.0,0.0,0.0,0,0,0.0
2024-09-29T15:10:00.000,0.0,0.0,0.0,0.0,0,0,0.0
2024-09-29T15:15:00.000,0.0,0.0,0.0,0.0,0,0,0.0
2024-09-29T15:20:00.000,0.0,0.0,0.0,0.0,0,0,0.0
2024-09-29T15:25:00.000,0.0,0.0,0.0,0.0,0,0,0.0
2024-09-29T15:30:00.000,0.0,0.0,0.0,0.0,0,0,0.0
2024-09-29T15:35:00.000,0.0,0.0,0.0,0.0,0,0,0.0
2024-09-29T15:40:00.000,0.0,0.0,0.0,0.0,0,0,0.0
2024-09-29T15:45:00.000,0.0,0.0,0.0,0.0,0,0,0.0
2024-09-29T15:50:00.000,0.0,0.0,0.0,0.0,0,0,0.0
2024-09-29T15:55:00.000,0.0,0.0,0.0,0.0,0,0,0.0
2024-09-29T16:00:00.000,0.0,0.0,0.0,0.0,0,0,0.0
2024-09-30T09:30:00.000,570.42,571.2201,570.4,571.11,926237,10936,570.77
2024-09-30T09:35:00.000,571.08,571.49,570.98,571.16,622837,7618,570.97
2024-09-30T09:40:00.000,571.14,571.29,570.79,571.01,410523,5130,570.99
2024-09-30T09:45:00.000,570.99,571.24,570.96,571.19,430632,4682,571.01
2024-09-30T09:50:00.000,571.2,571.3,570.88,570.9499,263162,3809,571.01
2024-09-30T09:55:00.000,570.92,571.04,570.61,570.6492,271354,3562,571.0
2024-09-30T10:00:00.000,570.62,571.08,570.4499,570.73,344532,5033,570.97
2024-09-30T10:05:00.000,570.7,571.06,570.65,570.95,199550,4049,570.97
2024-09-30T10:10:00.000,570.95,570.98,570.66,570.6699,233565,3455,570.96
2024-09-30T10:15:00.000,570.66,570.785,570.47,570.5493,304742,4421,570.93
2024-09-30T10:20:00.000,570.53,570.76,570.41,570.42,208926,8135,570.91
2024-09-30T10:25:00.000,570.41,570.92,570.25,570.92,287256,11993,570.89
2024-09-30T10:30:00.000,570.9126,571.46,570.865,571.2999,430541,12279,570.91
2024-09-30T10:35:00.000,571.3,571.52,570.91,571.35,322638,10030,570.93
2024-09-30T10:40:00.000,571.36,571.46,571.18,571.3,606909,9567,570.94
2024-09-30T10:45:00.000,571.32,571.63,571.225,571.4575,205599,4101,570.96
2024-09-30T10:50:00.000,571.44,571.48,571.19,571.33,146494,2671,570.97
2024-09-30T10:55:00.000,571.32,571.45,571.17,571.27,213876,3161,570.98
2024-09-30T11:00:00.000,571.29,571.69,571.21,571.645,259867,4605,571.0
2024-09-30T11:05:00.000,571.65,571.707229,571.13,571.18,268152,7196,571.01
2024-09-30T11:10:00.000,571.2,571.655,571.1,571.59,234320,3404,571.03
2024-09-30T11:15:00.000,571.61,571.76,571.44,571.53,238033,3429,571.05
2024-09-30T11:20:00.000,571.54,571.75,571.5,571.575,234353,3255,571.06
2024-09-30T11:25:00.000,571.58,571.65,571.31,571.63,225876,3010,571.08
2024-09-30T11:30:00.000,571.63,571.82,571.321,571.38,271838,3485,571.09
2024-09-30T11:35:00.000,571.3801,571.47,571.0402,571.09,228953,3374,571.1
2024-09-30T11:40:00.000,571.09,571.3795,570.7311,571.2401,287422,4127,571.1
2024-09-30T11:45:00.000,571.24,571.6,571.1801,571.53,205276,3253,571.1
2024-09-30T11:50:00.000,571.53,571.63,571.4287,571.54,332574,2790,571.11
2024-09-30T11:55:00.000,571.54,571.64,571.48,571.565,241676,3117,571.12
2024-09-30T12:00:00.000,571.57,571.8051,571.5401,571.78,614389,3145,571.13
2024-09-30T12:05:00.000,571.78,572.25,571.74,571.97,444519,4650,571.17
2024-09-30T12:10:00.000,571.97,572.26,571.65,572.0644,267318,3336,571.2
2024-09-30T12:15:00.000,572.085,572.2299,571.9701,571.99,175674,2625,571.21
2024-09-30T12:20:00.000,571.98,572.25,571.9,571.9301,227656,3192,571.23
2024-09-30T12:25:00.000,571.94,572.05,571.85,571.88,3455858,2771,571.24
2024-09-30T12:30:00.000,571.87,571.96,571.665,571.7,243824,3260,571.25
2024-09-30T12:35:00.000,571.7,571.96,571.7,571.78,124146,2082,571.26
2024-09-30T12:40:00.000,571.78,571.78,571.56,571.58,140799,2309,571.27
2024-09-30T12:45:00.000,571.57,571.72,571.5376,571.65,267482,2327,571.27
2024-09-30T12:50:00.000,571.68,571.79,571.55,571.605,127836,1983,571.27
2024-09-30T12:55:00.000,571.6,571.7,571.56,571.58,123669,1946,571.28
2024-09-30T13:00:00.000,571.57,571.57,571.33,571.375,232655,2900,571.28
2024-09-30T13:05:00.000,571.36,571.57,571.32,571.33,178642,2507,571.28
2024-09-30T13:10:00.000,571.33,571.48,570.91,571.0405,318249,4289,571.28
2024-09-30T13:15:00.000,571.0302,571.39,570.93,571.28,298125,2617,571.28
2024-09-30T13:20:00.000,571.29,571.53,571.25,571.36,232084,2649,571.28
2024-09-30T13:25:00.000,571.355,571.48,571.04,571.0694,175535,2113,571.28
2024-09-30T13:30:00.000,571.04,571.24,570.99,571.15,205049,3240,571.28
2024-09-30T13:35:00.000,571.14,571.3,571.08,571.13,141072,2281,571.28
2024-09-30T13:40:00.000,571.1699,571.33,571.13,571.2601,108692,2214,571.28
2024-09-30T13:45:00.000,571.27,571.35,571.11,571.34,175299,1893,571.28
2024-09-30T13:50:00.000,571.34,571.4,571.27,571.34,101985,1797,571.28
2024-09-30T13:55:00.000,571.33,571.71,571.09,571.59,497248,5919,571.28
2024-09-30T14:00:00.000,571.58,571.63,571.32,571.43,167784,2449,571.28
2024-09-30T14:05:00.000,571.43,571.44,570.88,571.26,293192,3444,571.28
2024-09-30T14:10:00.000,571.24,571.24,570.38,570.48,541244,6347,571.26
2024-09-30T14:15:00.000,570.48,570.48,569.4,569.41,1910638,11350,571.17
2024-09-30T14:20:00.000,569.4,569.5,568.08,568.56,1490123,13997,570.98
2024-09-30T14:25:00.000,568.56,569.41,568.23,569.2908,1304683,12475,570.81
2024-09-30T14:30:00.000,569.29,569.975,568.73,569.7,701281,7710,570.75
2024-09-30T14:35:00.000,569.68,570.62,569.62,570.45,844036,7325,570.73
2024-09-30T14:40:00.000,570.45,570.88,570.36,570.7301,546215,6174,570.73
2024-09-30T14:45:00.000,570.74,571.1,570.65,570.77,653537,6481,570.73
2024-09-30T14:50:00.000,570.78,571.18,570.53,571.09,417307,4978,570.74
2024-09-30T14:55:00.000,571.0892,571.12,570.52,570.541,422483,4136,570.74
2024-09-30T15:00:00.000,570.55,570.55,569.93,570.4136,740516,7859,570.72
2024-09-30T15:05:00.000,570.4,570.69,570.3,570.47,274846,3652,570.72
2024-09-30T15:10:00.000,570.47,570.54,570.07,570.37,413479,4672,570.71
2024-09-30T15:15:00.000,570.39,571.05,570.29,570.92,315090,4380,570.71
2024-09-30T15:20:00.000,570.93,570.98,570.59,570.78,380429,4821,570.71
2024-09-30T15:25:00.000,570.77,570.95,570.64,570.89,2391120,3671,570.71
2024-09-30T15:30:00.000,570.9,571.27,570.8,570.9101,357187,4567,570.72
2024-09-30T15:35:00.000,570.93,571.64,570.88,571.575,1099800,10447,570.74
2024-09-30T15:40:00.000,571.59,572.0,571.3,571.95,1459093,13868,570.79
2024-09-30T15:45:00.000,571.92,572.8,571.92,572.41,2042674,20704,570.9
2024-09-30T15:50:00.000,572.42,573.65,572.37,573.51,3405610,25432,571.13
2024-09-30T15:55:00.000,573.51,574.38,573.43,574.02,6805390,44240,571.65
2024-09-30T16:00:00.000,574.02,574.02,574.02,574.02,3536,5,571.65
