timestamp,open,high,low,close,volume,count,vwap
2025-08-01T09:30:00.000,626.3,626.34,624.12,624.315,3444554,42201,625.11
2025-08-01T09:35:00.000,624.315,624.59,623.71,623.7601,2251410,29895,624.76
2025-08-01T09:40:00.000,623.75,623.75,622.26,622.282,2207345,26667,624.27
2025-08-01T09:45:00.000,622.31,622.585,621.31,621.32,2432812,28752,623.72
2025-08-01T09:50:00.000,621.32,621.97,621.1,621.56,2449912,30093,623.31
2025-08-01T09:55:00.000,621.57,622.15,621.29,621.4815,1956972,23407,623.1
2025-08-01T10:00:00.000,621.53,621.53,619.65,621.03,2937195,33867,622.64
2025-08-01T10:05:00.000,621.05,621.485,620.148,621.35,2464746,32240,622.42
2025-08-01T10:10:00.000,621.35,622.56,621.3,621.94,2014448,26565,622.38
2025-08-01T10:15:00.000,621.9,622.93,621.86,622.5,1585777,20116,622.38
2025-08-01T10:20:00.000,622.51,623.165,622.06,623.08,1977488,21944,622.4
2025-08-01T10:25:00.000,623.05,623.52,622.64,623.37,1283452,16281,622.44
2025-08-01T10:30:00.000,623.37,624.07,623.1,623.83,2001280,20644,622.51
2025-08-01T10:35:00.000,623.82,623.995,622.94,623.04,1873268,21601,622.57
2025-08-01T10:40:00.000,623.04,623.32,622.23,622.41,1732605,20653,622.59
2025-08-01T10:45:00.000,622.4,623.75,622.12,622.41,1930163,20140,622.61
2025-08-01T10:50:00.000,622.4,622.67,621.81,622.21,1229651,15468,622.59
2025-08-01T10:55:00.000,622.23,622.73,621.78,621.96,1325438,13062,622.58
2025-08-01T11:00:00.000,621.96,622.375,621.45,621.97,1258341,15410,622.56
2025-08-01T11:05:00.000,621.97,622.6,621.9,622.275,1147436,14038,622.55
2025-08-01T11:10:00.000,622.27,622.9793,621.96,622.16,1229786,15755,622.55
2025-08-01T11:15:00.000,622.15,622.92,621.945,622.14,1037071,13545,622.54
2025-08-01T11:20:00.000,622.13,622.56,621.54,621.6,1231171,14674,622.52
2025-08-01T11:25:00.000,621.6,621.8951,621.39,621.51,1138547,14018,622.5
2025-08-01T11:30:00.000,621.51,621.95,621.38,621.5,1234893,14981,622.48
2025-08-01T11:35:00.000,621.51,622.715,621.415,622.64,1117939,14034,622.46
2025-08-01T11:40:00.000,622.64,623.63,622.56,623.61,1275819,15776,622.48
2025-08-01T11:45:00.000,623.62,624.01,623.36,623.75,1240001,14893,622.51
2025-08-01T11:50:00.000,623.77,623.89,623.38,623.73,880178,11886,622.53
2025-08-01T11:55:00.000,623.72,624.035,623.4701,624.0,893989,10655,622.55
2025-08-01T12:00:00.000,624.0,624.68,623.88,624.667,1220703,15668,622.59
2025-08-01T12:05:00.000,624.68,624.965,624.425,624.505,1281246,13817,622.64
2025-08-01T12:10:00.000,624.5,624.67,624.05,624.54,1249223,14162,622.67
2025-08-01T12:15:00.000,624.545,624.68,624.11,624.55,1224299,12201,622.7
2025-08-01T12:20:00.000,624.56,624.705,624.14,624.48,1056215,11905,622.73
2025-08-01T12:25:00.000,624.46,624.96,624.17,624.21,944570,11583,622.77
2025-08-01T12:30:00.000,624.21,624.39,623.76,624.375,1260625,14454,622.8
2025-08-01T12:35:00.000,624.37,624.46,623.685,623.775,967250,12256,622.82
2025-08-01T12:40:00.000,623.79,623.79,622.91,623.15,1209439,13732,622.83
2025-08-01T12:45:00.000,623.13,623.665,622.98,623.02,1035202,12981,622.83
2025-08-01T12:50:00.000,623.03,623.08,622.2,622.34,1694831,18222,622.83
2025-08-01T12:55:00.000,622.34,622.5,621.2,621.35,2252769,21943,622.79
2025-08-01T13:00:00.000,621.34,621.79,620.83,621.03,2033751,21642,622.74
2025-08-01T13:05:00.000,621.03,621.47,620.665,621.26,1593115,17625,622.7
2025-08-01T13:10:00.000,621.27,621.5,620.8,620.83,1188138,13965,622.68
2025-08-01T13:15:00.000,620.83,621.08,620.57,620.66,1075145,12039,622.65
2025-08-01T13:20:00.000,620.66,621.31,620.535,620.9,1312717,14776,622.62
2025-08-01T13:25:00.000,620.9,620.96,620.335,620.57,1070959,11634,622.59
2025-08-01T13:30:00.000,620.57,621.37,620.48,620.915,1332048,15696,622.56
2025-08-01T13:35:00.000,620.91,620.94,620.21,620.38,993791,12219,622.53
2025-08-01T13:40:00.000,620.38,621.09,620.3,620.68,1039803,12097,622.51
2025-08-01T13:45:00.000,620.68,621.02,620.3,621.0,946602,11434,622.48
2025-08-01T13:50:00.000,621.025,621.41,620.82,620.95,2082155,12579,622.47
2025-08-01T13:55:00.000,620.94,620.96,620.3,620.6299,902284,10628,622.44
2025-08-01T14:00:00.000,620.61,620.845,620.13,620.21,1219348,12730,622.42
2025-08-01T14:05:00.000,620.2,620.5035,619.29,619.74,1720286,19340,622.37
2025-08-01T14:10:00.000,619.74,620.06,619.51,619.73,1094154,11637,622.33
2025-08-01T14:15:00.000,619.71,620.415,619.68,620.14,997262,11255,622.31
2025-08-01T14:20:00.000,620.14,620.99,619.86,620.9501,1442841,12498,622.28
2025-08-01T14:25:00.000,620.95,621.81,620.82,621.6248,1080612,11648,622.27
2025-08-01T14:30:00.000,621.63,622.28,621.3713,622.0153,1185505,12716,622.27
2025-08-01T14:35:00.000,622.03,622.59,621.88,622.56,1070579,11181,622.27
2025-08-01T14:40:00.000,622.555,623.075,622.39,623.05,1279712,13405,622.27
2025-08-01T14:45:00.000,623.04,623.11,622.29,622.48,1820727,19024,622.28
2025-08-01T14:50:00.000,622.49,622.52,621.09,621.2,1743019,19456,622.27
2025-08-01T14:55:00.000,621.2,621.87,620.95,621.4,1915694,19734,622.25
2025-08-01T15:00:00.000,621.41,621.8,620.97,621.09,1622991,18468,622.23
2025-08-01T15:05:00.000,621.08,621.79,621.05,621.5,1752136,19659,622.22
2025-08-01T15:10:00.000,621.49,621.782,621.3499,621.56,1684308,16849,622.21
2025-08-01T15:15:00.000,621.54,622.3,621.5,622.25,1574883,17421,622.21
2025-08-01T15:20:00.000,622.265,622.265,621.28,621.97,1647183,16446,622.2
2025-08-01T15:25:00.000,621.95,622.04,621.48,621.79,1165289,13031,622.19
2025-08-01T15:30:00.000,621.78,621.91,620.84,621.79,2339438,22830,622.18
2025-08-01T15:35:00.000,621.81,621.93,621.377,621.415,1229883,14325,622.17
2025-08-01T15:40:00.000,621.42,621.89,621.38,621.78,1365065,15039,622.17
2025-08-01T15:45:00.000,621.77,623.18,621.55,622.84,2826153,27728,622.17
2025-08-01T15:50:00.000,622.85,623.3,621.39,622.11,4237400,40958,622.18
2025-08-01T15:55:00.000,622.1,622.53,621.515,621.71,6088620,48679,622.17
2025-08-01T16:00:00.000,621.71,621.71,621.71,621.71,238,2,622.17
2025-08-02T09:30:00.000,0.0,0.0,0.0,0.0,0,0,0.0
2025-08-02T09:35:00.000,0.0,0.0,0.0,0.0,0,0,0.0
2025-08-02T09:40:00.000,0.0,0.0,0.0,0.0,0,0,0.0
2025-08-02T09:45:00.000,0.0,0.0,0.0,0.0,0,0,0.0
2025-08-02T09:50:00.000,0.0,0.0,0.0,0.0,0,0,0.0
2025-08-02T09:55:00.000,0.0,0.0,0.0,0.0,0,0,0.0
2025-08-02T10:00:00.000,0.0,0.0,0.0,0.0,0,0,0.0
2025-08-02T10:05:00.000,0.0,0.0,0.0,0.0,0,0,0.0
2025-08-02T10:10:00.000,0.0,0.0,0.0,0.0,0,0,0.0
2025-08-02T10:15:00.000,0.0,0.0,0.0,0.0,0,0,0.0
2025-08-02T10:20:00.000,0.0,0.0,0.0,0.0,0,0,0.0
2025-08-02T10:25:00.000,0.0,0.0,0.0,0.0,0,0,0.0
2025-08-02T10:30:00.000,0.0,0.0,0.0,0.0,0,0,0.0
2025-08-02T10:35:00.000,0.0,0.0,0.0,0.0,0,0,0.0
2025-08-02T10:40:00.000,0.0,0.0,0.0,0.0,0,0,0.0
2025-08-02T10:45:00.000,0.0,0.0,0.0,0.0,0,0,0.0
2025-08-02T10:50:00.000,0.0,0.0,0.0,0.0,0,0,0.0
2025-08-02T10:55:00.000,0.0,0.0,0.0,0.0,0,0,0.0
2025-08-02T11:00:00.000,0.0,0.0,0.0,0.0,0,0,0.0
2025-08-02T11:05:00.000,0.0,0.0,0.0,0.0,0,0,0.0
2025-08-02T11:10:00.000,0.0,0.0,0.0,0.0,0,0,0.0
2025-08-02T11:15:00.000,0.0,0.0,0.0,0.0,0,0,0.0
2025-08-02T11:20:00.000,0.0,0.0,0.0,0.0,0,0,0.0
2025-08-02T11:25:00.000,0.0,0.0,0.0,0.0,0,0,0.0
2025-08-02T11:30:00.000,0.0,0.0,0.0,0.0,0,0,0.0
2025-08-02T11:35:00.000,0.0,0.0,0.0,0.0,0,0,0.0
2025-08-02T11:40:00.000,0.0,0.0,0.0,0.0,0,0,0.0
2025-08-02T11:45:00.000,0.0,0.0,0.0,0.0,0,0,0.0
2025-08-02T11:50:00.000,0.0,0.0,0.0,0.0,0,0,0.0
2025-08-02T11:55:00.000,0.0,0.0,0.0,0.0,0,0,0.0
2025-08-02T12:00:00.000,0.0,0.0,0.0,0.0,0,0,0.0
2025-08-02T12:05:00.000,0.0,0.0,0.0,0.0,0,0,0.0
2025-08-02T12:10:00.000,0.0,0.0,0.0,0.0,0,0,0.0
2025-08-02T12:15:00.000,0.0,0.0,0.0,0.0,0,0,0.0
2025-08-02T12:20:00.000,0.0,0.0,0.0,0.0,0,0,0.0
2025-08-02T12:25:00.000,0.0,0.0,0.0,0.0,0,0,0.0
2025-08-02T12:30:00.000,0.0,0.0,0.0,0.0,0,0,0.0
2025-08-02T12:35:00.000,0.0,0.0,0.0,0.0,0,0,0.0
2025-08-02T12:40:00.000,0.0,0.0,0.0,0.0,0,0,0.0
2025-08-02T12:45:00.000,0.0,0.0,0.0,0.0,0,0,0.0
2025-08-02T12:50:00.000,0.0,0.0,0.0,0.0,0,0,0.0
2025-08-02T12:55:00.000,0.0,0.0,0.0,0.0,0,0,0.0
2025-08-02T13:00:00.000,0.0,0.0,0.0,0.0,0,0,0.0
2025-08-02T13:05:00.000,0.0,0.0,0.0,0.0,0,0,0.0
2025-08-02T13:10:00.000,0.0,0.0,0.0,0.0,0,0,0.0
2025-08-02T13:15:00.000,0.0,0.0,0.0,0.0,0,0,0.0
2025-08-02T13:20:00.000,0.0,0.0,0.0,0.0,0,0,0.0
2025-08-02T13:25:00.000,0.0,0.0,0.0,0.0,0,0,0.0
2025-08-02T13:30:00.000,0.0,0.0,0.0,0.0,0,0,0.0
2025-08-02T13:35:00.000,0.0,0.0,0.0,0.0,0,0,0.0
2025-08-02T13:40:00.000,0.0,0.0,0.0,0.0,0,0,0.0
2025-08-02T13:45:00.000,0.0,0.0,0.0,0.0,0,0,0.0
2025-08-02T13:50:00.000,0.0,0.0,0.0,0.0,0,0,0.0
2025-08-02T13:55:00.000,0.0,0.0,0.0,0.0,0,0,0.0
2025-08-02T14:00:00.000,0.0,0.0,0.0,0.0,0,0,0.0
2025-08-02T14:05:00.000,0.0,0.0,0.0,0.0,0,0,0.0
2025-08-02T14:10:00.000,0.0,0.0,0.0,0.0,0,0,0.0
2025-08-02T14:15:00.000,0.0,0.0,0.0,0.0,0,0,0.0
2025-08-02T14:20:00.000,0.0,0.0,0.0,0.0,0,0,0.0
2025-08-02T14:25:00.000,0.0,0.0,0.0,0.0,0,0,0.0
2025-08-02T14:30:00.000,0.0,0.0,0.0,0.0,0,0,0.0
2025-08-02T14:35:00.000,0.0,0.0,0.0,0.0,0,0,0.0
2025-08-02T14:40:00.000,0.0,0.0,0.0,0.0,0,0,0.0
2025-08-02T14:45:00.000,0.0,0.0,0.0,0.0,0,0,0.0
2025-08-02T14:50:00.000,0.0,0.0,0.0,0.0,0,0,0.0
2025-08-02T14:55:00.000,0.0,0.0,0.0,0.0,0,0,0.0
2025-08-02T15:00:00.000,0.0,0.0,0.0,0.0,0,0,0.0
2025-08-02T15:05:00.000,0.0,0.0,0.0,0.0,0,0,0.0
2025-08-02T15:10:00.000,0.0,0.0,0.0,0.0,0,0,0.0
2025-08-02T15:15:00.000,0.0,0.0,0.0,0.0,0,0,0.0
2025-08-02T15:20:00.000,0.0,0.0,0.0,0.0,0,0,0.0
2025-08-02T15:25:00.000,0.0,0.0,0.0,0.0,0,0,0.0
2025-08-02T15:30:00.000,0.0,0.0,0.0,0.0,0,0,0.0
2025-08-02T15:35:00.000,0.0,0.0,0.0,0.0,0,0,0.0
2025-08-02T15:40:00.000,0.0,0.0,0.0,0.0,0,0,0.0
2025-08-02T15:45:00.000,0.0,0.0,0.0,0.0,0,0,0.0
2025-08-02T15:50:00.000,0.0,0.0,0.0,0.0,0,0,0.0
2025-08-02T15:55:00.000,0.0,0.0,0.0,0.0,0,0,0.0
2025-08-02T16:00:00.000,0.0,0.0,0.0,0.0,0,0,0.0
2025-08-03T09:30:00.000,0.0,0.0,0.0,0.0,0,0,0.0
2025-08-03T09:35:00.000,0.0,0.0,0.0,0.0,0,0,0.0
2025-08-03T09:40:00.000,0.0,0.0,0.0,0.0,0,0,0.0
2025-08-03T09:45:00.000,0.0,0.0,0.0,0.0,0,0,0.0
2025-08-03T09:50:00.000,0.0,0.0,0.0,0.0,0,0,0.0
2025-08-03T09:55:00.000,0.0,0.0,0.0,0.0,0,0,0.0
2025-08-03T10:00:00.000,0.0,0.0,0.0,0.0,0,0,0.0
2025-08-03T10:05:00.000,0.0,0.0,0.0,0.0,0,0,0.0
2025-08-03T10:10:00.000,0.0,0.0,0.0,0.0,0,0,0.0
2025-08-03T10:15:00.000,0.0,0.0,0.0,0.0,0,0,0.0
2025-08-03T10:20:00.000,0.0,0.0,0.0,0.0,0,0,0.0
2025-08-03T10:25:00.000,0.0,0.0,0.0,0.0,0,0,0.0
2025-08-03T10:30:00.000,0.0,0.0,0.0,0.0,0,0,0.0
2025-08-03T10:35:00.000,0.0,0.0,0.0,0.0,0,0,0.0
2025-08-03T10:40:00.000,0.0,0.0,0.0,0.0,0,0,0.0
2025-08-03T10:45:00.000,0.0,0.0,0.0,0.0,0,0,0.0
2025-08-03T10:50:00.000,0.0,0.0,0.0,0.0,0,0,0.0
2025-08-03T10:55:00.000,0.0,0.0,0.0,0.0,0,0,0.0
2025-08-03T11:00:00.000,0.0,0.0,0.0,0.0,0,0,0.0
2025-08-03T11:05:00.000,0.0,0.0,0.0,0.0,0,0,0.0
2025-08-03T11:10:00.000,0.0,0.0,0.0,0.0,0,0,0.0
2025-08-03T11:15:00.000,0.0,0.0,0.0,0.0,0,0,0.0
2025-08-03T11:20:00.000,0.0,0.0,0.0,0.0,0,0,0.0
2025-08-03T11:25:00.000,0.0,0.0,0.0,0.0,0,0,0.0
2025-08-03T11:30:00.000,0.0,0.0,0.0,0.0,0,0,0.0
2025-08-03T11:35:00.000,0.0,0.0,0.0,0.0,0,0,0.0
2025-08-03T11:40:00.000,0.0,0.0,0.0,0.0,0,0,0.0
2025-08-03T11:45:00.000,0.0,0.0,0.0,0.0,0,0,0.0
2025-08-03T11:50:00.000,0.0,0.0,0.0,0.0,0,0,0.0
2025-08-03T11:55:00.000,0.0,0.0,0.0,0.0,0,0,0.0
2025-08-03T12:00:00.000,0.0,0.0,0.0,0.0,0,0,0.0
2025-08-03T12:05:00.000,0.0,0.0,0.0,0.0,0,0,0.0
2025-08-03T12:10:00.000,0.0,0.0,0.0,0.0,0,0,0.0
2025-08-03T12:15:00.000,0.0,0.0,0.0,0.0,0,0,0.0
2025-08-03T12:20:00.000,0.0,0.0,0.0,0.0,0,0,0.0
2025-08-03T12:25:00.000,0.0,0.0,0.0,0.0,0,0,0.0
2025-08-03T12:30:00.000,0.0,0.0,0.0,0.0,0,0,0.0
2025-08-03T12:35:00.000,0.0,0.0,0.0,0.0,0,0,0.0
2025-08-03T12:40:00.000,0.0,0.0,0.0,0.0,0,0,0.0
2025-08-03T12:45:00.000,0.0,0.0,0.0,0.0,0,0,0.0
2025-08-03T12:50:00.000,0.0,0.0,0.0,0.0,0,0,0.0
2025-08-03T12:55:00.000,0.0,0.0,0.0,0.0,0,0,0.0
2025-08-03T13:00:00.000,0.0,0.0,0.0,0.0,0,0,0.0
2025-08-03T13:05:00.000,0.0,0.0,0.0,0.0,0,0,0.0
2025-08-03T13:10:00.000,0.0,0.0,0.0,0.0,0,0,0.0
2025-08-03T13:15:00.000,0.0,0.0,0.0,0.0,0,0,0.0
2025-08-03T13:20:00.000,0.0,0.0,0.0,0.0,0,0,0.0
2025-08-03T13:25:00.000,0.0,0.0,0.0,0.0,0,0,0.0
2025-08-03T13:30:00.000,0.0,0.0,0.0,0.0,0,0,0.0
2025-08-03T13:35:00.000,0.0,0.0,0.0,0.0,0,0,0.0
2025-08-03T13:40:00.000,0.0,0.0,0.0,0.0,0,0,0.0
2025-08-03T13:45:00.000,0.0,0.0,0.0,0.0,0,0,0.0
2025-08-03T13:50:00.000,0.0,0.0,0.0,0.0,0,0,0.0
2025-08-03T13:55:00.000,0.0,0.0,0.0,0.0,0,0,0.0
2025-08-03T14:00:00.000,0.0,0.0,0.0,0.0,0,0,0.0
2025-08-03T14:05:00.000,0.0,0.0,0.0,0.0,0,0,0.0
2025-08-03T14:10:00.000,0.0,0.0,0.0,0.0,0,0,0.0
2025-08-03T14:15:00.000,0.0,0.0,0.0,0.0,0,0,0.0
2025-08-03T14:20:00.000,0.0,0.0,0.0,0.0,0,0,0.0
2025-08-03T14:25:00.000,0.0,0.0,0.0,0.0,0,0,0.0
2025-08-03T14:30:00.000,0.0,0.0,0.0,0.0,0,0,0.0
2025-08-03T14:35:00.000,0.0,0.0,0.0,0.0,0,0,0.0
2025-08-03T14:40:00.000,0.0,0.0,0.0,0.0,0,0,0.0
2025-08-03T14:45:00.000,0.0,0.0,0.0,0.0,0,0,0.0
2025-08-03T14:50:00.000,0.0,0.0,0.0,0.0,0,0,0.0
2025-08-03T14:55:00.000,0.0,0.0,0.0,0.0,0,0,0.0
2025-08-03T15:00:00.000,0.0,0.0,0.0,0.0,0,0,0.0
2025-08-03T15:05:00.000,0.0,0.0,0.0,0.0,0,0,0.0
2025-08-03T15:10:00.000,0.0,0.0,0.0,0.0,0,0,0.0
2025-08-03T15:15:00.000,0.0,0.0,0.0,0.0,0,0,0.0
2025-08-03T15:20:00.000,0.0,0.0,0.0,0.0,0,0,0.0
2025-08-03T15:25:00.000,0.0,0.0,0.0,0.0,0,0,0.0
2025-08-03T15:30:00.000,0.0,0.0,0.0,0.0,0,0,0.0
2025-08-03T15:35:00.000,0.0,0.0,0.0,0.0,0,0,0.0
2025-08-03T15:40:00.000,0.0,0.0,0.0,0.0,0,0,0.0
2025-08-03T15:45:00.000,0.0,0.0,0.0,0.0,0,0,0.0
2025-08-03T15:50:00.000,0.0,0.0,0.0,0.0,0,0,0.0
2025-08-03T15:55:00.000,0.0,0.0,0.0,0.0,0,0,0.0
2025-08-03T16:00:00.000,0.0,0.0,0.0,0.0,0,0,0.0
2025-08-04T09:30:00.000,625.67,626.9,625.58,626.89,2245683,29895,626.31
2025-08-04T09:35:00.000,626.89,627.585,626.79,627.36,2160555,23250,626.77
2025-08-04T09:40:00.000,627.37,627.9,627.07,627.775,1530156,17630,626.94
2025-08-04T09:45:00.000,627.77,628.57,627.77,628.35,1524066,18748,627.2
2025-08-04T09:50:00.000,628.35,628.49,627.87,628.4601,1247727,13579,627.32
2025-08-04T09:55:00.000,628.47,629.205,628.32,629.01,1257112,15091,627.5
2025-08-04T10:00:00.000,629.01,629.34,628.91,629.03,1192256,18980,627.67
2025-08-04T10:05:00.000,629.04,629.165,628.47,628.495,1021227,13979,627.77
2025-08-04T10:10:00.000,628.51,629.065,628.27,629.06,835145,11538,627.82
2025-08-04T10:15:00.000,629.07,629.39,628.97,629.055,827446,11502,627.9
2025-08-04T10:20:00.000,629.05,629.28,628.935,629.115,688629,11688,627.96
2025-08-04T10:25:00.000,629.11,629.53,628.87,629.4,721274,10700,628.02
2025-08-04T10:30:00.000,629.41,629.45,628.9,629.12,905313,13609,628.08
2025-08-04T10:35:00.000,629.13,629.33,628.98,629.26,651110,11028,628.12
2025-08-04T10:40:00.000,629.26,629.27,628.61,628.7,943410,13976,628.16
2025-08-04T10:45:00.000,628.7,629.7,628.46,629.52,1131412,13973,628.21
2025-08-04T10:50:00.000,629.54,629.61,628.59,628.89,1176410,15024,628.26
2025-08-04T10:55:00.000,628.9,629.18,628.76,629.18,787633,11390,628.29
2025-08-04T11:00:00.000,629.19,629.49,628.69,629.26,728893,10743,628.31
2025-08-04T11:05:00.000,629.25,629.37,628.965,629.33,624930,9511,628.34
2025-08-04T11:10:00.000,629.34,629.56,629.175,629.445,650618,9198,628.37
2025-08-04T11:15:00.000,629.4501,629.48,628.835,628.96,772389,9928,628.39
2025-08-04T11:20:00.000,628.97,629.12,628.65,629.06,630922,9889,628.4
2025-08-04T11:25:00.000,629.07,629.34,628.98,629.0,643350,9801,628.42
2025-08-04T11:30:00.000,628.99,629.35,628.84,629.2398,783084,10212,628.44
2025-08-04T11:35:00.000,629.24,629.4395,629.1,629.16,615702,9062,628.46
2025-08-04T11:40:00.000,629.19,629.23,628.59,628.9,787913,10895,628.47
2025-08-04T11:45:00.000,628.905,629.19,628.765,629.165,485739,7411,628.48
2025-08-04T11:50:00.000,629.14,629.53,629.0399,629.515,624219,8780,628.49
2025-08-04T11:55:00.000,629.52,630.05,629.48,629.87,822004,10731,628.53
2025-08-04T12:00:00.000,629.86,630.17,629.64,629.785,697391,9424,628.56
2025-08-04T12:05:00.000,629.78,629.92,629.7293,629.825,456774,6921,628.58
2025-08-04T12:10:00.000,629.83,630.03,629.62,629.75,558121,7484,628.6
2025-08-04T12:15:00.000,629.76,630.02,629.67,629.9707,449287,6636,628.62
2025-08-04T12:20:00.000,629.98,630.01,629.73,629.87,492151,7004,628.64
2025-08-04T12:25:00.000,629.88,630.01,629.71,629.72,444689,6369,628.66
2025-08-04T12:30:00.000,629.71,629.99,629.68,629.96,456812,7095,628.67
2025-08-04T12:35:00.000,629.9782,630.0707,629.8248,629.92,336120,5574,628.69
2025-08-04T12:40:00.000,629.92,629.97,629.75,629.94,508071,5907,628.7
2025-08-04T12:45:00.000,629.93,630.27,629.92,630.16,490437,6824,628.72
2025-08-04T12:50:00.000,630.16,630.45,630.1,630.42,467207,6398,628.74
2025-08-04T12:55:00.000,630.42,630.43,630.07,630.135,461361,7033,628.76
2025-08-04T13:00:00.000,630.13,630.36,630.06,630.235,386136,5846,628.77
2025-08-04T13:05:00.000,630.24,630.335,630.16,630.28,367860,5103,628.79
2025-08-04T13:10:00.000,630.285,630.52,630.24,630.51,582902,6866,628.82
2025-08-04T13:15:00.000,630.4999,630.5,630.32,630.435,383669,5302,628.83
2025-08-04T13:20:00.000,630.44,630.45,630.18,630.45,418850,5959,628.85
2025-08-04T13:25:00.000,630.44,630.44,630.2,630.29,479664,4971,628.86
2025-08-04T13:30:00.000,630.3,630.49,630.28,630.33,388282,6460,628.88
2025-08-04T13:35:00.000,630.34,630.37,630.1201,630.285,340569,5040,628.89
2025-08-04T13:40:00.000,630.28,630.285,629.89,629.965,807774,7184,628.91
2025-08-04T13:45:00.000,629.96,630.05,629.39,629.85,790610,9050,628.93
2025-08-04T13:50:00.000,629.84,630.03,629.68,629.82,629940,6298,628.94
2025-08-04T13:55:00.000,629.8232,629.87,629.655,629.81,367735,5268,628.95
2025-08-04T14:00:00.000,629.82,630.15,629.76,630.135,852390,8193,628.97
2025-08-04T14:05:00.000,630.13,630.315,629.95,629.95,999000,8621,629.0
2025-08-04T14:10:00.000,629.95,630.2,629.73,629.85,546756,6552,629.01
2025-08-04T14:15:00.000,629.835,629.98,629.76,629.87,459612,5737,629.02
2025-08-04T14:20:00.000,629.87,630.14,629.86,630.0348,1031362,5325,629.03
2025-08-04T14:25:00.000,630.04,630.1682,629.955,629.99,940830,4552,629.04
2025-08-04T14:30:00.000,629.99,630.3,629.95,630.25,494966,6000,629.05
2025-08-04T14:35:00.000,630.24,630.4,630.15,630.28,425716,5531,629.06
2025-08-04T14:40:00.000,630.27,630.32,629.84,629.95,603275,6835,629.07
2025-08-04T14:45:00.000,629.95,630.08,629.89,629.96,350201,4818,629.08
2025-08-04T14:50:00.000,629.95,630.0182,629.81,629.88,383262,4384,629.09
2025-08-04T14:55:00.000,629.88,629.96,629.775,629.8801,393942,5012,629.09
2025-08-04T15:00:00.000,629.8968,630.06,629.84,629.8701,526227,6138,629.1
2025-08-04T15:05:00.000,629.88,630.089,629.74,629.945,675376,7703,629.12
2025-08-04T15:10:00.000,629.95,630.21,629.89,630.155,738174,7020,629.13
2025-08-04T15:15:00.000,630.15,630.75,630.11,630.46,1380234,10651,629.16
2025-08-04T15:20:00.000,630.47,630.72,630.43,630.64,940524,9249,629.19
2025-08-04T15:25:00.000,630.635,630.64,630.19,630.265,702939,7691,629.21
2025-08-04T15:30:00.000,630.265,630.35,629.9552,630.08,1021294,9479,629.23
2025-08-04T15:35:00.000,630.0799,630.215,629.9209,630.21,931707,9031,629.24
2025-08-04T15:40:00.000,630.22,630.53,630.2,630.299,1015613,11325,629.26
2025-08-04T15:45:00.000,630.29,630.59,630.24,630.5,1578000,11871,629.3
2025-08-04T15:50:00.000,630.49,630.92,630.31,630.82,2147407,20980,629.35
2025-08-04T15:55:00.000,630.825,631.215,630.68,631.09,3851667,32247,629.45
2025-08-04T16:00:00.000,631.07,631.07,631.07,631.07,5494,4,629.45
2025-08-05T09:30:00.000,631.79,632.09,631.22,631.29,1419793,17876,631.56
2025-08-05T09:35:00.000,631.29,632.28,631.28,632.06,1364586,16495,631.68
2025-08-05T09:40:00.000,632.075,632.3,631.83,631.95,968425,13987,631.77
2025-08-05T09:45:00.000,631.99,632.6052,631.97,632.265,764056,11400,631.87
2025-08-05T09:50:00.000,632.27,632.33,631.9,632.29,941858,11112,631.9
2025-08-05T09:55:00.000,632.3,632.3019,631.59,631.9,870436,9160,631.9
2025-08-05T10:00:00.000,631.63,631.85,630.69,630.71,1329845,20255,631.74
2025-08-05T10:05:00.000,630.7,631.02,630.28,630.795,993213,13623,631.61
2025-08-05T10:10:00.000,630.809,631.11,630.28,630.355,951614,12983,631.51
2025-08-05T10:15:00.000,630.35,630.62,629.9019,630.28,955226,13350,631.4
2025-08-05T10:20:00.000,630.285,630.285,629.53,629.535,1057770,10866,631.28
2025-08-05T10:25:00.000,629.54,629.88,629.19,629.859,1053619,12709,631.13
2025-08-05T10:30:00.000,629.865,629.865,629.05,629.075,1025662,12238,630.99
2025-08-05T10:35:00.000,629.06,629.1,628.505,628.61,1115520,12960,630.81
2025-08-05T10:40:00.000,628.61,628.98,627.635,627.82,1537720,17648,630.56
2025-08-05T10:45:00.000,627.81,627.92,627.0639,627.0639,1929679,21616,630.21
2025-08-05T10:50:00.000,627.05,627.87,627.04,627.33,1519839,17573,629.99
2025-08-05T10:55:00.000,627.32,628.015,627.27,627.91,1132192,14322,629.87
2025-08-05T11:00:00.000,627.915,628.445,627.43,628.2,1064650,14380,629.78
2025-08-05T11:05:00.000,628.19,628.61,628.19,628.37,857560,12295,629.73
2025-08-05T11:10:00.000,628.37,628.67,627.73,628.56,1093087,13919,629.66
2025-08-05T11:15:00.000,628.56,628.67,627.95,628.195,843619,11530,629.62
2025-08-05T11:20:00.000,628.2,628.585,627.765,627.98,677853,9925,629.58
2025-08-05T11:25:00.000,627.99,628.2199,627.79,628.01,611587,9395,629.55
2025-08-05T11:30:00.000,627.98,628.395,627.83,627.955,692177,9874,629.52
2025-08-05T11:35:00.000,627.94,627.965,627.175,627.53,1021229,11592,629.45
2025-08-05T11:40:00.000,627.53,627.78,627.16,627.69,625812,9158,629.41
2025-08-05T11:45:00.000,627.62,628.175,627.5,627.6012,558701,8240,629.38
2025-08-05T11:50:00.000,627.6,627.82,627.26,627.77,601443,8359,629.34
2025-08-05T11:55:00.000,627.77,628.14,627.715,628.09,412627,6738,629.33
2025-08-05T12:00:00.000,628.075,628.38,627.96,628.35,553504,8321,629.31
2025-08-05T12:05:00.000,628.35,629.01,628.33,628.4,823253,11038,629.29
2025-08-05T12:10:00.000,628.4,628.8,628.4,628.61,434038,6862,629.28
2025-08-05T12:15:00.000,628.61,628.92,628.595,628.865,676925,6560,629.27
2025-08-05T12:20:00.000,628.87,629.1851,628.731,628.805,515345,7503,629.27
2025-08-05T12:25:00.000,628.81,629.08,628.78,629.05,346073,5991,629.27
2025-08-05T12:30:00.000,629.03,629.8,629.005,629.33,1053427,11527,629.27
2025-08-05T12:35:00.000,629.33,629.34,628.81,628.99,557663,7048,629.27
2025-08-05T12:40:00.000,628.97,629.01,628.215,628.49,597162,7652,629.25
2025-08-05T12:45:00.000,628.46,628.46,627.8,628.27,576529,6952,629.23
2025-08-05T12:50:00.000,628.26,629.14,628.225,629.1099,638265,7746,629.23
2025-08-05T12:55:00.000,629.12,629.21,628.745,628.92,457419,6371,629.22
2025-08-05T13:00:00.000,628.89,629.13,628.68,628.93,293407,4668,629.22
2025-08-05T13:05:00.000,628.91,629.18,628.76,629.1399,345527,5169,629.22
2025-08-05T13:10:00.000,629.13,629.3,629.06,629.2,319096,4812,629.22
2025-08-05T13:15:00.000,629.2,629.39,628.88,629.31,377973,5379,629.22
2025-08-05T13:20:00.000,629.33,629.36,629.1404,629.34,279362,4822,629.22
2025-08-05T13:25:00.000,629.34,629.825,629.305,629.695,474582,6346,629.22
2025-08-05T13:30:00.000,629.7048,629.8799,629.55,629.59,439081,7369,629.23
2025-08-05T13:35:00.000,629.59,630.04,629.52,630.005,824466,7442,629.24
2025-08-05T13:40:00.000,630.005,630.11,629.88,629.93,576347,6391,629.24
2025-08-05T13:45:00.000,629.93,630.32,629.9,630.2019,466703,6663,629.25
2025-08-05T13:50:00.000,630.2,630.26,630.05,630.18,374552,5708,629.26
2025-08-05T13:55:00.000,630.17,630.31,630.115,630.13,618065,5760,629.27
2025-08-05T14:00:00.000,630.14,630.225,629.775,629.93,623650,7483,629.28
2025-08-05T14:05:00.000,629.93,630.11,629.75,629.81,447607,6317,629.29
2025-08-05T14:10:00.000,629.8,629.8007,629.38,629.39,831335,8902,629.29
2025-08-05T14:15:00.000,629.39,629.43,628.83,628.89,1141373,12155,629.29
2025-08-05T14:20:00.000,628.89,629.055,628.75,628.83,597303,7429,629.28
2025-08-05T14:25:00.000,628.815,628.92,628.6,628.71,545876,6888,629.28
2025-08-05T14:30:00.000,628.71,629.01,628.19,628.675,983821,11631,629.26
2025-08-05T14:35:00.000,628.665,628.76,628.46,628.59,436670,5745,629.26
2025-08-05T14:40:00.000,628.59,628.72,628.28,628.55,458250,6168,629.25
2025-08-05T14:45:00.000,628.56,628.825,628.09,628.55,644563,8225,629.24
2025-08-05T14:50:00.000,628.56,628.62,627.87,628.26,701729,8619,629.22
2025-08-05T14:55:00.000,628.24,628.49,627.99,628.43,543635,6570,629.21
2025-08-05T15:00:00.000,628.44,628.86,628.36,628.815,521482,7160,629.21
2025-08-05T15:05:00.000,628.82,628.87,628.55,628.735,476798,6333,629.2
2025-08-05T15:10:00.000,628.73,629.05,628.55,628.855,625367,7745,629.2
2025-08-05T15:15:00.000,628.8666,628.965,628.6,628.92,705403,8601,629.19
2025-08-05T15:20:00.000,628.95,629.11,628.87,629.08,515453,6290,629.19
2025-08-05T15:25:00.000,629.07,629.09,628.6,628.9799,580107,7300,629.19
2025-08-05T15:30:00.000,628.98,629.04,628.76,628.875,554985,6963,629.18
2025-08-05T15:35:00.000,628.86,628.94,628.4901,628.6,629865,7503,629.18
2025-08-05T15:40:00.000,628.59,628.69,628.255,628.29,888480,8337,629.17
2025-08-05T15:45:00.000,628.29,628.506,628.035,628.185,919736,10703,629.15
2025-08-05T15:50:00.000,628.185,628.67,628.1,628.28,1390830,16443,629.13
2025-08-05T15:55:00.000,628.27,628.355,627.81,628.0,3532797,28902,629.07
2025-08-05T16:00:00.000,628.02,628.02,628.01,628.02,6300,4,629.07
2025-08-06T09:30:00.000,629.05,629.41,628.425,629.4,1557143,19244,628.99
2025-08-06T09:35:00.000,629.41,629.45,628.315,628.44,1231165,12534,628.94
2025-08-06T09:40:00.000,628.445,629.07,628.27,629.065,948608,11294,628.85
2025-08-06T09:45:00.000,629.035,629.65,628.77,629.301,1064083,12691,628.93
2025-08-06T09:50:00.000,629.3,629.78,628.47,629.69,916083,10610,628.95
2025-08-06T09:55:00.000,629.6845,629.98,628.88,628.93,1159053,13491,629.03
2025-08-06T10:00:00.000,628.92,630.29,628.82,630.29,1059889,15382,629.11
2025-08-06T10:05:00.000,630.3,630.61,630.12,630.56,794930,10380,629.23
2025-08-06T10:10:00.000,630.56,630.56,629.445,629.45,743754,11030,629.3
2025-08-06T10:15:00.000,629.46,629.78,629.08,629.3495,626722,9040,629.31
2025-08-06T10:20:00.000,629.36,629.595,628.13,628.38,986780,12186,629.26
2025-08-06T10:25:00.000,628.4,628.94,628.14,628.795,872581,10775,629.2
2025-08-06T10:30:00.000,628.795,628.99,628.38,628.88,558292,8312,629.18
2025-08-06T10:35:00.000,628.88,630.03,628.78,629.91,852055,11410,629.2
2025-08-06T10:40:00.000,629.87,630.24,629.72,630.08,1034721,10740,629.24
2025-08-06T10:45:00.000,630.1,630.4301,629.98,630.11,547186,8081,629.28
2025-08-06T10:50:00.000,630.11,630.6,629.855,630.585,656687,8989,629.32
2025-08-06T10:55:00.000,630.58,631.01,630.58,630.885,910568,11478,629.4
2025-08-06T11:00:00.000,630.88,630.995,630.595,630.6694,691110,8848,629.44
2025-08-06T11:05:00.000,630.66,630.84,630.44,630.8099,609217,9127,629.48
2025-08-06T11:10:00.000,630.81,631.0,630.41,630.92,774442,11103,629.53
2025-08-06T11:15:00.000,630.9299,631.355,630.87,631.24,727801,11010,629.59
2025-08-06T11:20:00.000,631.24,631.7,631.19,631.59,989964,10357,629.66
2025-08-06T11:25:00.000,631.58,632.05,631.53,631.927,799377,10564,629.74
2025-08-06T11:30:00.000,631.91,632.4181,631.89,632.245,985422,10430,629.85
2025-08-06T11:35:00.000,632.25,632.35,631.55,631.71,1251737,13094,629.94
2025-08-06T11:40:00.000,631.73,632.15,631.16,632.0799,1147368,11406,630.01
2025-08-06T11:45:00.000,632.08,632.37,632.04,632.275,1300782,7278,630.05
2025-08-06T11:50:00.000,632.27,632.9104,632.24,632.765,801922,10046,630.14
2025-08-06T11:55:00.000,632.77,632.8884,632.605,632.66,487126,7241,630.19
2025-08-06T12:00:00.000,632.67,632.8,632.405,632.77,635776,9311,630.25
2025-08-06T12:05:00.000,632.7645,632.85,632.65,632.75,422956,6881,630.28
2025-08-06T12:10:00.000,632.76,632.78,632.38,632.4901,545086,7362,630.33
2025-08-06T12:15:00.000,632.5,632.64,632.4101,632.62,406423,6701,630.35
2025-08-06T12:20:00.000,632.61,632.76,632.29,632.42,411243,6479,630.38
2025-08-06T12:25:00.000,632.42,632.43,632.18,632.37,316111,5348,630.4
2025-08-06T12:30:00.000,632.3899,632.39,632.105,632.33,881707,5311,630.42
2025-08-06T12:35:00.000,632.33,632.9799,632.32,632.61,481023,6617,630.46
2025-08-06T12:40:00.000,632.62,632.74,632.06,632.0745,512026,7001,630.5
2025-08-06T12:45:00.000,632.08,632.265,631.85,632.185,521455,6654,630.52
2025-08-06T12:50:00.000,632.175,632.49,632.01,632.33,407737,5747,630.55
2025-08-06T12:55:00.000,632.33,632.41,632.17,632.25,614864,4998,630.56
2025-08-06T13:00:00.000,632.2401,632.63,632.05,632.35,509161,6899,630.59
2025-08-06T13:05:00.000,632.36,632.43,632.1,632.24,153198,3085,630.6
2025-08-06T13:10:00.000,632.25,632.41,632.04,632.15,323044,4658,630.61
2025-08-06T13:15:00.000,632.13,632.18,631.94,632.18,313179,4355,630.63
2025-08-06T13:20:00.000,632.16,632.29,632.035,632.13,393209,5389,630.65
2025-08-06T13:25:00.000,632.125,632.36,632.04,632.29,310063,4513,630.66
2025-08-06T13:30:00.000,632.31,632.57,632.16,632.56,392562,6599,630.68
2025-08-06T13:35:00.000,632.57,632.6355,632.485,632.57,284650,4805,630.7
2025-08-06T13:40:00.000,632.57,632.7,632.48,632.54,337990,5247,630.71
2025-08-06T13:45:00.000,632.5417,632.595,632.16,632.21,347922,5629,630.73
2025-08-06T13:50:00.000,632.1945,632.2499,632.0,632.0507,322125,4937,630.74
2025-08-06T13:55:00.000,632.04,632.335,632.01,632.23,792443,6116,630.77
2025-08-06T14:00:00.000,632.235,632.72,632.1799,632.635,2064472,5993,630.79
2025-08-06T14:05:00.000,632.635,633.11,632.58,632.825,626833,7339,630.83
2025-08-06T14:10:00.000,632.8299,632.88,632.57,632.7772,392845,5092,630.85
2025-08-06T14:15:00.000,632.7811,632.905,632.61,632.67,239644,3900,630.86
2025-08-06T14:20:00.000,632.66,632.895,632.625,632.855,244785,3760,630.88
2025-08-06T14:25:00.000,632.85,633.05,632.815,632.92,381639,4927,630.9
2025-08-06T14:30:00.000,632.92,633.15,632.75,633.075,578029,7260,630.93
2025-08-06T14:35:00.000,633.085,633.19,632.82,632.83,411393,5438,630.96
2025-08-06T14:40:00.000,632.85,632.93,632.65,632.8287,361296,5050,630.97
2025-08-06T14:45:00.000,632.84,632.915,632.7,632.8,263993,4093,630.99
2025-08-06T14:50:00.000,632.8,633.005,632.7,632.925,312674,4566,631.0
2025-08-06T14:55:00.000,632.93,632.95,632.49,632.62,664930,6463,631.03
2025-08-06T15:00:00.000,632.62,632.915,632.56,632.84,415030,5705,631.05
2025-08-06T15:05:00.000,632.83,632.85,632.602,632.7,297118,4477,631.06
2025-08-06T15:10:00.000,632.69,632.85,632.64,632.725,409663,5662,631.07
2025-08-06T15:15:00.000,632.73,632.99,632.69,632.9135,762168,6149,631.1
2025-08-06T15:20:00.000,632.915,633.16,632.9,633.08,761866,7022,631.13
2025-08-06T15:25:00.000,633.09,633.1,632.93,633.02,631846,7033,631.16
2025-08-06T15:30:00.000,633.01,633.44,632.9601,633.315,774311,9259,631.2
2025-08-06T15:35:00.000,633.31,633.36,633.16,633.31,580775,7428,631.23
2025-08-06T15:40:00.000,633.31,633.375,632.91,632.955,819495,9054,631.26
2025-08-06T15:45:00.000,632.95,633.01,632.75,632.98,1462196,12754,631.31
2025-08-06T15:50:00.000,632.97,632.97,632.55,632.78,2300488,22671,631.38
2025-08-06T15:55:00.000,632.77,632.84,632.39,632.67,4497709,32074,631.49
2025-08-06T16:00:00.000,632.67,632.67,632.67,632.67,4334,5,631.49
2025-08-07T09:30:00.000,636.24,636.93,635.7,636.71,2103000,23343,636.19
2025-08-07T09:35:00.000,636.7,636.74,636.12,636.7101,1175088,15074,636.26
2025-08-07T09:40:00.000,636.73,636.98,635.96,636.2,1291261,16747,636.31
2025-08-07T09:45:00.000,636.2,636.27,635.2999,635.71,1103675,14553,636.18
2025-08-07T09:50:00.000,635.73,636.12,635.59,635.68,963566,13331,636.14
2025-08-07T09:55:00.000,635.68,636.55,635.46,636.48,1103415,14644,636.15
2025-08-07T10:00:00.000,636.49,636.82,635.81,635.81,1014525,14644,636.16
2025-08-07T10:05:00.000,635.81,636.03,634.92,634.95,1413580,17403,636.06
2025-08-07T10:10:00.000,634.92,635.02,634.34,634.685,1407910,17689,635.89
2025-08-07T10:15:00.000,634.68,634.745,634.12,634.38,832383,11337,635.79
2025-08-07T10:20:00.000,634.38,634.55,633.39,633.4899,922411,11567,635.67
2025-08-07T10:25:00.000,633.475,633.86,633.12,633.82,1643043,16441,635.44
2025-08-07T10:30:00.000,633.81,633.86,633.26,633.705,970110,12425,635.33
2025-08-07T10:35:00.000,633.72,633.99,633.3046,633.93,908735,12581,635.24
2025-08-07T10:40:00.000,633.93,634.03,633.53,633.9965,715480,11098,635.19
2025-08-07T10:45:00.000,633.99,634.235,632.915,633.645,1137687,14398,635.08
2025-08-07T10:50:00.000,633.625,633.67,632.59,632.99,1203938,10490,634.94
2025-08-07T10:55:00.000,632.98,633.0,632.39,632.72,923138,10276,634.83
2025-08-07T11:00:00.000,632.73,633.14,632.21,632.53,847470,10060,634.75
2025-08-07T11:05:00.000,632.52,632.77,632.315,632.475,978223,8422,634.69
2025-08-07T11:10:00.000,632.49,632.905,632.0901,632.1851,1111579,9470,634.62
2025-08-07T11:15:00.000,632.17,632.855,631.82,632.63,915086,11122,634.54
2025-08-07T11:20:00.000,632.63,633.055,632.61,632.91,672870,9980,634.5
2025-08-07T11:25:00.000,632.9,633.0,631.76,631.9699,827379,11119,634.42
2025-08-07T11:30:00.000,631.97,632.44,631.61,631.8899,736010,10185,634.36
2025-08-07T11:35:00.000,631.88,632.24,631.67,631.94,675121,9442,634.3
2025-08-07T11:40:00.000,631.935,632.0384,631.645,631.795,447895,7137,634.26
2025-08-07T11:45:00.000,631.78,631.94,631.35,631.37,870394,10240,634.19
2025-08-07T11:50:00.000,631.38,632.2,631.36,632.17,745460,10204,634.13
2025-08-07T11:55:00.000,632.17,632.29,631.87,631.8946,502471,7251,634.1
2025-08-07T12:00:00.000,631.86,632.06,631.1316,631.755,684941,9202,634.04
2025-08-07T12:05:00.000,631.75,631.91,631.45,631.538,797616,7835,634.0
2025-08-07T12:10:00.000,631.515,632.35,631.29,632.23,709561,9229,633.95
2025-08-07T12:15:00.000,632.23,632.53,631.975,632.11,548106,7591,633.92
2025-08-07T12:20:00.000,632.11,632.5299,632.035,632.4955,365713,5695,633.9
2025-08-07T12:25:00.000,632.5,632.6,632.19,632.245,580730,6349,633.88
2025-08-07T12:30:00.000,632.25,632.61,632.09,632.45,457794,6335,633.86
2025-08-07T12:35:00.000,632.45,632.555,631.74,631.86,585062,6412,633.84
2025-08-07T12:40:00.000,631.84,631.865,630.47,630.5607,1123054,13582,633.74
2025-08-07T12:45:00.000,630.55,630.8835,630.07,630.81,1037812,11259,633.65
2025-08-07T12:50:00.000,630.8,631.895,630.77,631.86,1039208,10994,633.59
2025-08-07T12:55:00.000,631.85,632.05,631.18,631.24,807153,9673,633.55
2025-08-07T13:00:00.000,631.24,631.87,630.41,630.88,736633,8121,633.5
2025-08-07T13:05:00.000,630.81,631.22,630.64,630.905,594028,7900,633.46
2025-08-07T13:10:00.000,630.9,631.04,630.37,630.61,548159,7233,633.42
2025-08-07T13:15:00.000,630.6016,630.82,630.14,630.38,651232,7363,633.37
2025-08-07T13:20:00.000,630.375,631.095,630.35,630.94,552886,7277,633.34
2025-08-07T13:25:00.000,630.93,630.98,630.0,630.03,804195,9901,633.28
2025-08-07T13:30:00.000,630.0,630.2625,629.7,629.94,1017302,11949,633.2
2025-08-07T13:35:00.000,629.94,630.3155,629.69,630.265,777028,10193,633.14
2025-08-07T13:40:00.000,630.28,630.63,630.15,630.47,767028,9586,633.09
2025-08-07T13:45:00.000,630.45,630.688,630.26,630.56,482431,6596,633.06
2025-08-07T13:50:00.000,630.53,630.92,630.31,630.9,568612,7050,633.04
2025-08-07T13:55:00.000,630.9,631.08,630.52,630.74,426215,5918,633.02
2025-08-07T14:00:00.000,630.74,631.0399,630.28,630.725,734913,8263,632.98
2025-08-07T14:05:00.000,630.72,630.81,630.07,630.16,599633,7314,632.94
2025-08-07T14:10:00.000,630.18,630.23,629.56,629.88,745309,9231,632.89
2025-08-07T14:15:00.000,629.89,629.9,629.14,629.27,825924,9568,632.83
2025-08-07T14:20:00.000,629.27,629.5991,629.11,629.31,653719,7446,632.8
2025-08-07T14:25:00.000,629.3,630.0,629.22,629.92,589484,7978,632.76
2025-08-07T14:30:00.000,629.92,629.92,629.46,629.84,847108,7365,632.73
2025-08-07T14:35:00.000,629.84,630.34,629.755,630.1,548811,7195,632.7
2025-08-07T14:40:00.000,630.1,630.16,629.545,629.59,441053,6011,632.68
2025-08-07T14:45:00.000,629.58,630.0882,629.52,630.0091,329343,5247,632.66
2025-08-07T14:50:00.000,630.015,630.45,629.785,630.365,563768,7126,632.64
2025-08-07T14:55:00.000,630.38,630.87,630.36,630.5107,845301,9415,632.6
2025-08-07T15:00:00.000,630.5213,630.79,630.29,630.52,629162,7391,632.58
2025-08-07T15:05:00.000,630.5,630.535,630.17,630.5185,426865,6098,632.56
2025-08-07T15:10:00.000,630.5255,630.5407,630.21,630.235,497900,6401,632.54
2025-08-07T15:15:00.000,630.21,630.46,630.01,630.25,669060,8533,632.51
2025-08-07T15:20:00.000,630.23,630.5,630.21,630.41,647484,7572,632.49
2025-08-07T15:25:00.000,630.4,630.505,630.01,630.27,556334,7867,632.47
2025-08-07T15:30:00.000,630.28,630.93,630.26,630.6855,967559,12419,632.44
2025-08-07T15:35:00.000,630.68,631.24,630.585,630.6,893868,11358,632.41
2025-08-07T15:40:00.000,630.61,631.31,630.61,631.2845,728991,8985,632.4
2025-08-07T15:45:00.000,631.28,631.56,631.11,631.27,1148530,12897,632.38
2025-08-07T15:50:00.000,631.29,631.53,630.87,631.05,1502159,15205,632.35
2025-08-07T15:55:00.000,631.05,632.36,631.035,632.3,3915758,25330,632.32
2025-08-07T16:00:00.000,0.0,0.0,0.0,0.0,0,0,632.32
2025-08-08T09:30:00.000,634.06,634.565,633.74,634.1,1767901,19787,634.23
2025-08-08T09:35:00.000,634.1,634.47,633.95,634.3,881764,11900,634.23
2025-08-08T09:40:00.000,634.31,634.8,634.085,634.64,790722,11129,634.28
2025-08-08T09:45:00.000,634.64,635.5,634.64,635.28,1404666,14662,634.56
2025-08-08T09:50:00.000,635.29,635.72,634.99,635.43,1019800,12849,634.71
2025-08-08T09:55:00.000,635.45,635.9,635.45,635.8492,949313,12517,634.85
2025-08-08T10:00:00.000,635.85,636.4,635.755,636.35,1127664,15120,635.01
2025-08-08T10:05:00.000,636.35,636.78,636.13,636.7599,1512682,18066,635.24
2025-08-08T10:10:00.000,636.74,636.77,636.02,636.14,1042074,14403,635.34
2025-08-08T10:15:00.000,636.145,636.21,635.77,636.08,918508,11656,635.39
2025-08-08T10:20:00.000,636.1,636.2299,635.93,636.0781,595321,11217,635.42
2025-08-08T10:25:00.000,636.07,636.49,635.92,636.44,830937,10782,635.46
2025-08-08T10:30:00.000,636.43,637.04,636.42,636.915,816725,11984,635.54
2025-08-08T10:35:00.000,636.92,637.035,636.65,636.655,974070,11042,635.62
2025-08-08T10:40:00.000,636.66,636.83,636.32,636.5,604297,9111,635.66
2025-08-08T10:45:00.000,636.5,636.59,636.28,636.445,743479,7726,635.68
2025-08-08T10:50:00.000,636.45,636.47,635.975,636.05,724003,9979,635.71
2025-08-08T10:55:00.000,636.05,636.075,635.7,635.8028,1013571,9179,635.71
2025-08-08T11:00:00.000,635.81,636.09,635.57,636.055,807456,10812,635.72
2025-08-08T11:05:00.000,636.05,636.48,635.935,636.33,660897,9479,635.74
2025-08-08T11:10:00.000,636.33,636.37,635.91,636.36,774002,8290,635.75
2025-08-08T11:15:00.000,636.36,636.37,635.97,635.99,356734,6253,635.75
2025-08-08T11:20:00.000,636.0,636.11,635.81,636.01,367927,6873,635.76
2025-08-08T11:25:00.000,636.0,636.2,635.85,636.01,513732,7940,635.76
2025-08-08T11:30:00.000,636.0,636.03,635.48,635.71,554456,8524,635.76
2025-08-08T11:35:00.000,635.705,635.73,635.03,635.18,769375,10178,635.75
2025-08-08T11:40:00.000,635.17,635.24,634.86,634.97,654659,8941,635.73
2025-08-08T11:45:00.000,634.9765,635.61,634.88,635.515,627769,8574,635.72
2025-08-08T11:50:00.000,635.49,636.07,635.465,636.02,543258,8279,635.72
2025-08-08T11:55:00.000,636.025,636.445,636.0,636.36,691961,9512,635.73
2025-08-08T12:00:00.000,636.35,636.73,636.28,636.61,587413,8940,635.75
2025-08-08T12:05:00.000,636.61,636.79,636.57,636.72,483852,7434,635.77
2025-08-08T12:10:00.000,636.72,636.84,636.515,636.76,498289,7423,635.79
2025-08-08T12:15:00.000,636.75,637.36,636.71,637.22,601477,8294,635.82
2025-08-08T12:20:00.000,637.22,637.25,636.8681,637.04,526249,7609,635.84
2025-08-08T12:25:00.000,637.0309,637.075,636.71,636.875,401859,6446,635.86
2025-08-08T12:30:00.000,636.88,637.01,636.62,636.77,385297,6430,635.87
2025-08-08T12:35:00.000,636.78,636.9,636.695,636.87,365664,5640,635.88
2025-08-08T12:40:00.000,636.8755,637.12,636.78,637.015,498466,6287,635.9
2025-08-08T12:45:00.000,637.0,637.09,636.72,636.7801,505076,6424,635.91
2025-08-08T12:50:00.000,636.79,636.84,636.44,636.495,609812,6895,635.93
2025-08-08T12:55:00.000,636.5,636.705,636.5,636.55,285965,4849,635.93
2025-08-08T13:00:00.000,636.56,636.57,636.125,636.44,910887,6877,635.94
2025-08-08T13:05:00.000,636.4323,636.69,636.345,636.63,343823,4871,635.95
2025-08-08T13:10:00.000,636.6316,636.72,636.33,636.54,362235,5290,635.95
2025-08-08T13:15:00.000,636.53,636.55,636.15,636.3045,407882,5538,635.96
2025-08-08T13:20:00.000,636.31,636.85,636.2701,636.735,481797,5419,635.96
2025-08-08T13:25:00.000,636.73,636.73,636.37,636.395,297313,4530,635.97
2025-08-08T13:30:00.000,636.3913,636.78,636.38,636.685,304452,5012,635.98
2025-08-08T13:35:00.000,636.6799,636.845,636.62,636.81,263409,3926,635.98
2025-08-08T13:40:00.000,636.8083,637.215,636.795,637.1,378064,5452,636.0
2025-08-08T13:45:00.000,637.11,637.22,636.95,637.11,365979,4969,636.01
2025-08-08T13:50:00.000,637.115,637.2643,637.0407,637.25,338211,4050,636.02
2025-08-08T13:55:00.000,637.231,637.33,637.16,637.19,340237,4972,636.03
2025-08-08T14:00:00.000,637.228,637.645,637.225,637.48,866372,9476,636.07
2025-08-08T14:05:00.000,637.48,637.64,637.41,637.45,366705,4750,636.09
2025-08-08T14:10:00.000,637.445,637.5394,637.33,637.36,277230,4175,636.1
2025-08-08T14:15:00.000,637.35,637.565,637.3,637.47,302491,4362,636.11
2025-08-08T14:20:00.000,637.47,637.5,637.29,637.3,499076,4054,636.12
2025-08-08T14:25:00.000,637.3,637.3,636.94,637.22,465262,6028,636.13
2025-08-08T14:30:00.000,637.22,637.495,637.21,637.4891,422389,5780,636.15
2025-08-08T14:35:00.000,637.4899,637.515,637.22,637.245,522570,5978,636.17
2025-08-08T14:40:00.000,637.25,637.4,637.21,637.33,483570,4848,636.18
2025-08-08T14:45:00.000,637.33,637.46,637.215,637.42,471034,5419,636.19
2025-08-08T14:50:00.000,637.425,637.47,637.24,637.39,588646,5913,636.21
2025-08-08T14:55:00.000,637.4099,637.41,637.21,637.26,832044,5692,636.22
2025-08-08T15:00:00.000,637.26,637.305,637.06,637.1,500960,6662,636.23
2025-08-08T15:05:00.000,637.11,637.19,637.04,637.18,406597,5251,636.24
2025-08-08T15:10:00.000,637.18,637.3,637.1,637.21,496218,6637,636.25
2025-08-08T15:15:00.000,637.21,637.51,637.145,637.5088,788730,8761,636.27
2025-08-08T15:20:00.000,637.51,637.625,637.27,637.3099,781486,9329,636.3
2025-08-08T15:25:00.000,637.31,637.41,637.205,637.26,622090,6847,636.31
2025-08-08T15:30:00.000,637.25,637.25,636.92,636.98,854328,9234,636.33
2025-08-08T15:35:00.000,636.98,637.0,636.73,636.79,993690,8964,636.34
2025-08-08T15:40:00.000,636.79,636.87,636.33,636.4099,1302860,12933,636.34
2025-08-08T15:45:00.000,636.41,636.41,636.13,636.31,1711352,16415,636.34
2025-08-08T15:50:00.000,636.32,637.11,636.05,637.04,1916618,21867,636.35
2025-08-08T15:55:00.000,637.05,637.27,636.72,637.14,3594793,28932,636.4
2025-08-08T16:00:00.000,637.12,637.12,637.12,637.12,2200,7,636.4
2025-08-09T09:30:00.000,0.0,0.0,0.0,0.0,0,0,0.0
2025-08-09T09:35:00.000,0.0,0.0,0.0,0.0,0,0,0.0
2025-08-09T09:40:00.000,0.0,0.0,0.0,0.0,0,0,0.0
2025-08-09T09:45:00.000,0.0,0.0,0.0,0.0,0,0,0.0
2025-08-09T09:50:00.000,0.0,0.0,0.0,0.0,0,0,0.0
2025-08-09T09:55:00.000,0.0,0.0,0.0,0.0,0,0,0.0
2025-08-09T10:00:00.000,0.0,0.0,0.0,0.0,0,0,0.0
2025-08-09T10:05:00.000,0.0,0.0,0.0,0.0,0,0,0.0
2025-08-09T10:10:00.000,0.0,0.0,0.0,0.0,0,0,0.0
2025-08-09T10:15:00.000,0.0,0.0,0.0,0.0,0,0,0.0
2025-08-09T10:20:00.000,0.0,0.0,0.0,0.0,0,0,0.0
2025-08-09T10:25:00.000,0.0,0.0,0.0,0.0,0,0,0.0
2025-08-09T10:30:00.000,0.0,0.0,0.0,0.0,0,0,0.0
2025-08-09T10:35:00.000,0.0,0.0,0.0,0.0,0,0,0.0
2025-08-09T10:40:00.000,0.0,0.0,0.0,0.0,0,0,0.0
2025-08-09T10:45:00.000,0.0,0.0,0.0,0.0,0,0,0.0
2025-08-09T10:50:00.000,0.0,0.0,0.0,0.0,0,0,0.0
2025-08-09T10:55:00.000,0.0,0.0,0.0,0.0,0,0,0.0
2025-08-09T11:00:00.000,0.0,0.0,0.0,0.0,0,0,0.0
2025-08-09T11:05:00.000,0.0,0.0,0.0,0.0,0,0,0.0
2025-08-09T11:10:00.000,0.0,0.0,0.0,0.0,0,0,0.0
2025-08-09T11:15:00.000,0.0,0.0,0.0,0.0,0,0,0.0
2025-08-09T11:20:00.000,0.0,0.0,0.0,0.0,0,0,0.0
2025-08-09T11:25:00.000,0.0,0.0,0.0,0.0,0,0,0.0
2025-08-09T11:30:00.000,0.0,0.0,0.0,0.0,0,0,0.0
2025-08-09T11:35:00.000,0.0,0.0,0.0,0.0,0,0,0.0
2025-08-09T11:40:00.000,0.0,0.0,0.0,0.0,0,0,0.0
2025-08-09T11:45:00.000,0.0,0.0,0.0,0.0,0,0,0.0
2025-08-09T11:50:00.000,0.0,0.0,0.0,0.0,0,0,0.0
2025-08-09T11:55:00.000,0.0,0.0,0.0,0.0,0,0,0.0
2025-08-09T12:00:00.000,0.0,0.0,0.0,0.0,0,0,0.0
2025-08-09T12:05:00.000,0.0,0.0,0.0,0.0,0,0,0.0
2025-08-09T12:10:00.000,0.0,0.0,0.0,0.0,0,0,0.0
2025-08-09T12:15:00.000,0.0,0.0,0.0,0.0,0,0,0.0
2025-08-09T12:20:00.000,0.0,0.0,0.0,0.0,0,0,0.0
2025-08-09T12:25:00.000,0.0,0.0,0.0,0.0,0,0,0.0
2025-08-09T12:30:00.000,0.0,0.0,0.0,0.0,0,0,0.0
2025-08-09T12:35:00.000,0.0,0.0,0.0,0.0,0,0,0.0
2025-08-09T12:40:00.000,0.0,0.0,0.0,0.0,0,0,0.0
2025-08-09T12:45:00.000,0.0,0.0,0.0,0.0,0,0,0.0
2025-08-09T12:50:00.000,0.0,0.0,0.0,0.0,0,0,0.0
2025-08-09T12:55:00.000,0.0,0.0,0.0,0.0,0,0,0.0
2025-08-09T13:00:00.000,0.0,0.0,0.0,0.0,0,0,0.0
2025-08-09T13:05:00.000,0.0,0.0,0.0,0.0,0,0,0.0
2025-08-09T13:10:00.000,0.0,0.0,0.0,0.0,0,0,0.0
2025-08-09T13:15:00.000,0.0,0.0,0.0,0.0,0,0,0.0
2025-08-09T13:20:00.000,0.0,0.0,0.0,0.0,0,0,0.0
2025-08-09T13:25:00.000,0.0,0.0,0.0,0.0,0,0,0.0
2025-08-09T13:30:00.000,0.0,0.0,0.0,0.0,0,0,0.0
2025-08-09T13:35:00.000,0.0,0.0,0.0,0.0,0,0,0.0
2025-08-09T13:40:00.000,0.0,0.0,0.0,0.0,0,0,0.0
2025-08-09T13:45:00.000,0.0,0.0,0.0,0.0,0,0,0.0
2025-08-09T13:50:00.000,0.0,0.0,0.0,0.0,0,0,0.0
2025-08-09T13:55:00.000,0.0,0.0,0.0,0.0,0,0,0.0
2025-08-09T14:00:00.000,0.0,0.0,0.0,0.0,0,0,0.0
2025-08-09T14:05:00.000,0.0,0.0,0.0,0.0,0,0,0.0
2025-08-09T14:10:00.000,0.0,0.0,0.0,0.0,0,0,0.0
2025-08-09T14:15:00.000,0.0,0.0,0.0,0.0,0,0,0.0
2025-08-09T14:20:00.000,0.0,0.0,0.0,0.0,0,0,0.0
2025-08-09T14:25:00.000,0.0,0.0,0.0,0.0,0,0,0.0
2025-08-09T14:30:00.000,0.0,0.0,0.0,0.0,0,0,0.0
2025-08-09T14:35:00.000,0.0,0.0,0.0,0.0,0,0,0.0
2025-08-09T14:40:00.000,0.0,0.0,0.0,0.0,0,0,0.0
2025-08-09T14:45:00.000,0.0,0.0,0.0,0.0,0,0,0.0
2025-08-09T14:50:00.000,0.0,0.0,0.0,0.0,0,0,0.0
2025-08-09T14:55:00.000,0.0,0.0,0.0,0.0,0,0,0.0
2025-08-09T15:00:00.000,0.0,0.0,0.0,0.0,0,0,0.0
2025-08-09T15:05:00.000,0.0,0.0,0.0,0.0,0,0,0.0
2025-08-09T15:10:00.000,0.0,0.0,0.0,0.0,0,0,0.0
2025-08-09T15:15:00.000,0.0,0.0,0.0,0.0,0,0,0.0
2025-08-09T15:20:00.000,0.0,0.0,0.0,0.0,0,0,0.0
2025-08-09T15:25:00.000,0.0,0.0,0.0,0.0,0,0,0.0
2025-08-09T15:30:00.000,0.0,0.0,0.0,0.0,0,0,0.0
2025-08-09T15:35:00.000,0.0,0.0,0.0,0.0,0,0,0.0
2025-08-09T15:40:00.000,0.0,0.0,0.0,0.0,0,0,0.0
2025-08-09T15:45:00.000,0.0,0.0,0.0,0.0,0,0,0.0
2025-08-09T15:50:00.000,0.0,0.0,0.0,0.0,0,0,0.0
2025-08-09T15:55:00.000,0.0,0.0,0.0,0.0,0,0,0.0
2025-08-09T16:00:00.000,0.0,0.0,0.0,0.0,0,0,0.0
2025-08-10T09:30:00.000,0.0,0.0,0.0,0.0,0,0,0.0
2025-08-10T09:35:00.000,0.0,0.0,0.0,0.0,0,0,0.0
2025-08-10T09:40:00.000,0.0,0.0,0.0,0.0,0,0,0.0
2025-08-10T09:45:00.000,0.0,0.0,0.0,0.0,0,0,0.0
2025-08-10T09:50:00.000,0.0,0.0,0.0,0.0,0,0,0.0
2025-08-10T09:55:00.000,0.0,0.0,0.0,0.0,0,0,0.0
2025-08-10T10:00:00.000,0.0,0.0,0.0,0.0,0,0,0.0
2025-08-10T10:05:00.000,0.0,0.0,0.0,0.0,0,0,0.0
2025-08-10T10:10:00.000,0.0,0.0,0.0,0.0,0,0,0.0
2025-08-10T10:15:00.000,0.0,0.0,0.0,0.0,0,0,0.0
2025-08-10T10:20:00.000,0.0,0.0,0.0,0.0,0,0,0.0
2025-08-10T10:25:00.000,0.0,0.0,0.0,0.0,0,0,0.0
2025-08-10T10:30:00.000,0.0,0.0,0.0,0.0,0,0,0.0
2025-08-10T10:35:00.000,0.0,0.0,0.0,0.0,0,0,0.0
2025-08-10T10:40:00.000,0.0,0.0,0.0,0.0,0,0,0.0
2025-08-10T10:45:00.000,0.0,0.0,0.0,0.0,0,0,0.0
2025-08-10T10:50:00.000,0.0,0.0,0.0,0.0,0,0,0.0
2025-08-10T10:55:00.000,0.0,0.0,0.0,0.0,0,0,0.0
2025-08-10T11:00:00.000,0.0,0.0,0.0,0.0,0,0,0.0
2025-08-10T11:05:00.000,0.0,0.0,0.0,0.0,0,0,0.0
2025-08-10T11:10:00.000,0.0,0.0,0.0,0.0,0,0,0.0
2025-08-10T11:15:00.000,0.0,0.0,0.0,0.0,0,0,0.0
2025-08-10T11:20:00.000,0.0,0.0,0.0,0.0,0,0,0.0
2025-08-10T11:25:00.000,0.0,0.0,0.0,0.0,0,0,0.0
2025-08-10T11:30:00.000,0.0,0.0,0.0,0.0,0,0,0.0
2025-08-10T11:35:00.000,0.0,0.0,0.0,0.0,0,0,0.0
2025-08-10T11:40:00.000,0.0,0.0,0.0,0.0,0,0,0.0
2025-08-10T11:45:00.000,0.0,0.0,0.0,0.0,0,0,0.0
2025-08-10T11:50:00.000,0.0,0.0,0.0,0.0,0,0,0.0
2025-08-10T11:55:00.000,0.0,0.0,0.0,0.0,0,0,0.0
2025-08-10T12:00:00.000,0.0,0.0,0.0,0.0,0,0,0.0
2025-08-10T12:05:00.000,0.0,0.0,0.0,0.0,0,0,0.0
2025-08-10T12:10:00.000,0.0,0.0,0.0,0.0,0,0,0.0
2025-08-10T12:15:00.000,0.0,0.0,0.0,0.0,0,0,0.0
2025-08-10T12:20:00.000,0.0,0.0,0.0,0.0,0,0,0.0
2025-08-10T12:25:00.000,0.0,0.0,0.0,0.0,0,0,0.0
2025-08-10T12:30:00.000,0.0,0.0,0.0,0.0,0,0,0.0
2025-08-10T12:35:00.000,0.0,0.0,0.0,0.0,0,0,0.0
2025-08-10T12:40:00.000,0.0,0.0,0.0,0.0,0,0,0.0
2025-08-10T12:45:00.000,0.0,0.0,0.0,0.0,0,0,0.0
2025-08-10T12:50:00.000,0.0,0.0,0.0,0.0,0,0,0.0
2025-08-10T12:55:00.000,0.0,0.0,0.0,0.0,0,0,0.0
2025-08-10T13:00:00.000,0.0,0.0,0.0,0.0,0,0,0.0
2025-08-10T13:05:00.000,0.0,0.0,0.0,0.0,0,0,0.0
2025-08-10T13:10:00.000,0.0,0.0,0.0,0.0,0,0,0.0
2025-08-10T13:15:00.000,0.0,0.0,0.0,0.0,0,0,0.0
2025-08-10T13:20:00.000,0.0,0.0,0.0,0.0,0,0,0.0
2025-08-10T13:25:00.000,0.0,0.0,0.0,0.0,0,0,0.0
2025-08-10T13:30:00.000,0.0,0.0,0.0,0.0,0,0,0.0
2025-08-10T13:35:00.000,0.0,0.0,0.0,0.0,0,0,0.0
2025-08-10T13:40:00.000,0.0,0.0,0.0,0.0,0,0,0.0
2025-08-10T13:45:00.000,0.0,0.0,0.0,0.0,0,0,0.0
2025-08-10T13:50:00.000,0.0,0.0,0.0,0.0,0,0,0.0
2025-08-10T13:55:00.000,0.0,0.0,0.0,0.0,0,0,0.0
2025-08-10T14:00:00.000,0.0,0.0,0.0,0.0,0,0,0.0
2025-08-10T14:05:00.000,0.0,0.0,0.0,0.0,0,0,0.0
2025-08-10T14:10:00.000,0.0,0.0,0.0,0.0,0,0,0.0
2025-08-10T14:15:00.000,0.0,0.0,0.0,0.0,0,0,0.0
2025-08-10T14:20:00.000,0.0,0.0,0.0,0.0,0,0,0.0
2025-08-10T14:25:00.000,0.0,0.0,0.0,0.0,0,0,0.0
2025-08-10T14:30:00.000,0.0,0.0,0.0,0.0,0,0,0.0
2025-08-10T14:35:00.000,0.0,0.0,0.0,0.0,0,0,0.0
2025-08-10T14:40:00.000,0.0,0.0,0.0,0.0,0,0,0.0
2025-08-10T14:45:00.000,0.0,0.0,0.0,0.0,0,0,0.0
2025-08-10T14:50:00.000,0.0,0.0,0.0,0.0,0,0,0.0
2025-08-10T14:55:00.000,0.0,0.0,0.0,0.0,0,0,0.0
2025-08-10T15:00:00.000,0.0,0.0,0.0,0.0,0,0,0.0
2025-08-10T15:05:00.000,0.0,0.0,0.0,0.0,0,0,0.0
2025-08-10T15:10:00.000,0.0,0.0,0.0,0.0,0,0,0.0
2025-08-10T15:15:00.000,0.0,0.0,0.0,0.0,0,0,0.0
2025-08-10T15:20:00.000,0.0,0.0,0.0,0.0,0,0,0.0
2025-08-10T15:25:00.000,0.0,0.0,0.0,0.0,0,0,0.0
2025-08-10T15:30:00.000,0.0,0.0,0.0,0.0,0,0,0.0
2025-08-10T15:35:00.000,0.0,0.0,0.0,0.0,0,0,0.0
2025-08-10T15:40:00.000,0.0,0.0,0.0,0.0,0,0,0.0
2025-08-10T15:45:00.000,0.0,0.0,0.0,0.0,0,0,0.0
2025-08-10T15:50:00.000,0.0,0.0,0.0,0.0,0,0,0.0
2025-08-10T15:55:00.000,0.0,0.0,0.0,0.0,0,0,0.0
2025-08-10T16:00:00.000,0.0,0.0,0.0,0.0,0,0,0.0
2025-08-11T09:30:00.000,637.46,637.6,636.88,637.07,1534355,24599,637.31
2025-08-11T09:35:00.000,637.09,637.54,637.01,637.505,788183,11976,637.3
2025-08-11T09:40:00.000,637.49,637.76,637.18,637.59,952497,13824,637.35
2025-08-11T09:45:00.000,637.59,637.6472,637.33,637.495,779362,11907,637.37
2025-08-11T09:50:00.000,637.495,637.52,636.89,637.13,725918,10399,637.35
2025-08-11T09:55:00.000,637.1,637.69,637.06,637.69,616209,9892,637.35
2025-08-11T10:00:00.000,637.68,637.81,637.3815,637.45,653944,9924,637.38
2025-08-11T10:05:00.000,637.46,637.73,637.34,637.59,575339,8437,637.39
2025-08-11T10:10:00.000,637.5807,637.935,637.42,637.49,788349,19382,637.43
2025-08-11T10:15:00.000,637.49,637.9599,637.35,637.9599,708172,11148,637.45
2025-08-11T10:20:00.000,637.95,637.97,637.4,637.4111,543352,9140,637.47
2025-08-11T10:25:00.000,637.415,637.5,637.2,637.2501,528561,8286,637.46
2025-08-11T10:30:00.000,637.2419,637.43,637.17,637.22,543660,8339,637.45
2025-08-11T10:35:00.000,637.23,637.36,637.0935,637.17,844538,8103,637.44
2025-08-11T10:40:00.000,637.165,637.325,637.03,637.265,578219,8085,637.42
2025-08-11T10:45:00.000,637.27,637.338,636.57,636.79,878858,10171,637.38
2025-08-11T10:50:00.000,636.78,637.08,636.69,636.875,599105,8199,637.37
2025-08-11T10:55:00.000,636.87,636.92,636.755,636.78,308969,6682,637.35
2025-08-11T11:00:00.000,636.77,637.0099,636.595,636.76,617905,7900,637.33
2025-08-11T11:05:00.000,636.735,636.81,636.54,636.61,459388,6405,637.32
2025-08-11T11:10:00.000,636.61,637.16,636.53,637.15,669755,7912,637.3
2025-08-11T11:15:00.000,637.15,637.24,637.01,637.22,598858,7335,637.29
2025-08-11T11:20:00.000,637.22,637.3,636.98,637.095,449606,7084,637.29
2025-08-11T11:25:00.000,637.11,637.2,637.02,637.09,297030,5640,637.28
2025-08-11T11:30:00.000,637.095,637.19,636.87,637.145,447923,6825,637.28
2025-08-11T11:35:00.000,637.15,637.16,636.86,636.9099,418593,6538,637.27
2025-08-11T11:40:00.000,636.89,637.189,636.7899,637.06,468379,7021,637.26
2025-08-11T11:45:00.000,637.06,637.345,636.94,637.3,399444,6238,637.26
2025-08-11T11:50:00.000,637.28,637.7,637.28,637.68,485056,6954,637.27
2025-08-11T11:55:00.000,637.67,637.89,637.595,637.86,420637,6723,637.28
2025-08-11T12:00:00.000,637.87,637.98,637.79,637.9145,867644,6088,637.29
2025-08-11T12:05:00.000,637.91,638.8,637.885,638.775,1183006,12760,637.37
2025-08-11T12:10:00.000,638.76,638.95,638.54,638.6,869789,10165,637.43
2025-08-11T12:15:00.000,638.6,638.65,638.32,638.3846,386662,6279,637.45
2025-08-11T12:20:00.000,638.37,638.655,638.3,638.62,445628,6389,637.47
2025-08-11T12:25:00.000,638.615,638.62,638.39,638.55,569525,5163,637.48
2025-08-11T12:30:00.000,638.54,638.61,638.285,638.32,318292,5215,637.49
2025-08-11T12:35:00.000,638.32,638.325,637.9601,638.03,401319,5666,637.51
2025-08-11T12:40:00.000,638.03,638.04,637.36,637.4,710061,7764,637.51
2025-08-11T12:45:00.000,637.37,637.63,637.34,637.47,550502,7254,637.51
2025-08-11T12:50:00.000,637.48,637.8,637.435,637.47,586772,6735,637.51
2025-08-11T12:55:00.000,637.47,637.515,637.32,637.3301,284924,4138,637.51
2025-08-11T13:00:00.000,637.33,637.525,637.27,637.44,314306,4745,637.51
2025-08-11T13:05:00.000,637.44,637.61,637.41,637.4654,593999,4969,637.51
2025-08-11T13:10:00.000,637.45,637.4599,637.11,637.12,384058,5492,637.51
2025-08-11T13:15:00.000,637.12,637.27,636.91,637.17,522255,6025,637.5
2025-08-11T13:20:00.000,637.18,637.3451,637.04,637.275,259539,3934,637.49
2025-08-11T13:25:00.000,637.28,637.285,637.07,637.185,265770,4353,637.49
2025-08-11T13:30:00.000,637.18,637.42,637.16,637.205,382157,6351,637.49
2025-08-11T13:35:00.000,637.21,637.34,636.64,636.82,486422,7233,637.48
2025-08-11T13:40:00.000,636.83,636.83,636.4,636.78,644996,8254,637.46
2025-08-11T13:45:00.000,636.8,637.02,636.42,636.97,576962,7292,637.44
2025-08-11T13:50:00.000,636.97,637.05,636.78,636.8601,287528,4145,637.44
2025-08-11T13:55:00.000,636.865,636.97,636.605,636.8019,310828,4163,637.43
2025-08-11T14:00:00.000,636.81,636.88,636.52,636.58,681708,7254,637.41
2025-08-11T14:05:00.000,636.59,636.6645,636.35,636.5,863721,7684,637.39
2025-08-11T14:10:00.000,636.5099,636.67,636.28,636.58,579349,6099,637.38
2025-08-11T14:15:00.000,636.59,636.7799,636.49,636.5249,410078,5592,637.37
2025-08-11T14:20:00.000,636.52,636.58,636.31,636.39,356454,5013,637.36
2025-08-11T14:25:00.000,636.38,636.87,636.38,636.49,1218688,12189,637.33
2025-08-11T14:30:00.000,636.5,636.8799,636.5,636.5507,505672,6305,637.32
2025-08-11T14:35:00.000,636.55,636.835,636.4901,636.79,357401,3969,637.31
2025-08-11T14:40:00.000,636.79,636.795,635.69,635.69,725180,6843,637.29
2025-08-11T14:45:00.000,635.69,636.4187,635.56,636.38,669925,7693,637.27
2025-08-11T14:50:00.000,636.39,636.51,636.17,636.365,441505,5389,637.25
2025-08-11T14:55:00.000,636.3651,636.655,636.29,636.51,443493,5223,637.24
2025-08-11T15:00:00.000,636.5,636.6,636.43,636.5302,261047,4184,637.24
2025-08-11T15:05:00.000,636.52,636.585,636.375,636.54,338927,5127,637.23
2025-08-11T15:10:00.000,636.54,636.64,636.33,636.35,347648,5318,637.23
2025-08-11T15:15:00.000,636.355,636.3801,635.995,636.3,518768,6875,637.21
2025-08-11T15:20:00.000,636.29,636.53,636.285,636.44,349086,5385,637.2
2025-08-11T15:25:00.000,636.43,636.47,636.19,636.262,323246,4560,637.2
2025-08-11T15:30:00.000,636.25,636.38,636.055,636.15,598864,7411,637.18
2025-08-11T15:35:00.000,636.14,636.23,635.93,636.05,676277,7870,637.16
2025-08-11T15:40:00.000,636.04,636.13,635.925,636.07,641940,8098,637.14
2025-08-11T15:45:00.000,636.06,636.09,635.73,635.93,1173641,12959,637.11
2025-08-11T15:50:00.000,635.93,636.1,634.75,635.01,2690398,24462,636.98
2025-08-11T15:55:00.000,635.01,635.95,634.66,635.83,7112361,37203,636.77
2025-08-11T16:00:00.000,635.84,635.84,635.83,635.83,743,2,636.77
2025-08-12T09:30:00.000,638.29,639.425,637.93,639.38,1737633,21736,638.5
2025-08-12T09:35:00.000,639.38,639.83,639.04,639.77,1580204,19799,638.96
2025-08-12T09:40:00.000,639.79,639.875,637.84,638.17,2008408,23539,638.94
2025-08-12T09:45:00.000,638.18,638.86,637.26,637.61,2242119,25976,638.72
2025-08-12T09:50:00.000,637.61,638.28,636.97,638.25,1542611,19484,638.53
2025-08-12T09:55:00.000,638.25,638.54,637.24,637.34,1197526,15241,638.43
2025-08-12T10:00:00.000,637.36,638.0,636.79,637.94,1292974,19356,638.31
2025-08-12T10:05:00.000,637.95,638.92,637.8,638.42,1058977,15185,638.32
2025-08-12T10:10:00.000,638.44,638.98,638.0,638.93,904929,12752,638.33
2025-08-12T10:15:00.000,638.94,639.29,638.65,639.13,1058487,15428,638.38
2025-08-12T10:20:00.000,639.12,639.5506,639.01,639.23,799837,12910,638.42
2025-08-12T10:25:00.000,639.235,639.52,639.08,639.29,589793,9838,638.45
2025-08-12T10:30:00.000,639.29,639.42,638.88,638.94,804614,11678,638.48
2025-08-12T10:35:00.000,638.9301,639.2183,638.86,639.16,536723,9005,638.49
2025-08-12T10:40:00.000,639.16,639.46,638.96,639.39,673323,10990,638.52
2025-08-12T10:45:00.000,639.4,639.75,639.105,639.6928,596127,10382,638.54
2025-08-12T10:50:00.000,639.7,640.23,639.585,639.8,1036526,14294,638.62
2025-08-12T10:55:00.000,639.7993,639.91,639.505,639.875,769891,10817,638.66
2025-08-12T11:00:00.000,639.87,640.37,639.825,640.24,773689,10742,638.71
2025-08-12T11:05:00.000,640.23,640.6807,640.23,640.41,890661,11997,638.78
2025-08-12T11:10:00.000,640.415,640.8,640.41,640.5445,880359,11818,638.86
2025-08-12T11:15:00.000,640.55,641.03,640.5404,640.805,873440,12487,638.93
2025-08-12T11:20:00.000,640.81,640.88,640.655,640.751,524311,8759,638.97
2025-08-12T11:25:00.000,640.75,640.885,640.27,640.48,817461,11102,639.02
2025-08-12T11:30:00.000,640.47,640.875,640.31,640.86,776315,11480,639.06
2025-08-12T11:35:00.000,640.87,641.04,640.74,640.92,563089,8761,639.1
2025-08-12T11:40:00.000,640.93,640.972,640.75,640.93,564255,8121,639.14
2025-08-12T11:45:00.000,640.925,641.045,640.77,640.795,473215,7743,639.17
2025-08-12T11:50:00.000,640.81,640.99,640.638,640.86,413918,7085,639.19
2025-08-12T11:55:00.000,640.85,641.27,640.82,641.23,604527,9035,639.23
2025-08-12T12:00:00.000,641.23,641.23,640.955,641.065,486042,7351,639.26
2025-08-12T12:05:00.000,641.065,641.1945,640.9618,640.965,298611,5685,639.28
2025-08-12T12:10:00.000,640.97,641.06,640.86,641.03,271024,5519,639.3
2025-08-12T12:15:00.000,641.03,641.2,640.97,641.17,359508,6443,639.32
2025-08-12T12:20:00.000,641.17,641.4,641.105,641.37,541126,7246,639.35
2025-08-12T12:25:00.000,641.36,641.5,641.265,641.3793,483087,5607,639.38
2025-08-12T12:30:00.000,641.38,641.63,641.37,641.605,525618,6131,639.4
2025-08-12T12:35:00.000,641.6,641.612,641.44,641.455,312248,5327,639.42
2025-08-12T12:40:00.000,641.45,641.53,641.38,641.5,301015,5172,639.44
2025-08-12T12:45:00.000,641.5,641.8299,641.49,641.74,551448,7690,639.48
2025-08-12T12:50:00.000,641.75,641.88,641.67,641.81,461153,6238,639.51
2025-08-12T12:55:00.000,641.8,641.99,641.675,641.7,495937,6540,639.55
2025-08-12T13:00:00.000,641.7,641.73,641.55,641.63,502332,6032,639.57
2025-08-12T13:05:00.000,641.62,641.7855,641.465,641.51,491088,4861,639.59
2025-08-12T13:10:00.000,641.5,641.7399,641.435,641.65,296786,4926,639.61
2025-08-12T13:15:00.000,641.66,641.77,641.64,641.6699,257187,3847,639.62
2025-08-12T13:20:00.000,641.66,641.845,641.57,641.6855,402074,5428,639.65
2025-08-12T13:25:00.000,641.68,641.77,641.4918,641.54,318034,4468,639.67
2025-08-12T13:30:00.000,641.535,641.9895,641.425,641.94,408868,6134,639.69
2025-08-12T13:35:00.000,641.9401,641.95,641.63,641.7241,316595,4755,639.71
2025-08-12T13:40:00.000,641.73,641.91,641.64,641.785,316458,4230,639.73
2025-08-12T13:45:00.000,641.79,642.07,641.78,642.04,388915,5150,639.76
2025-08-12T13:50:00.000,642.04,642.145,641.995,642.09,318397,4435,639.78
2025-08-12T13:55:00.000,642.08,642.1001,641.96,642.06,211525,3203,639.79
2025-08-12T14:00:00.000,642.07,642.31,642.07,642.1699,587184,5794,639.82
2025-08-12T14:05:00.000,642.17,642.4,642.14,642.29,343944,4763,639.84
2025-08-12T14:10:00.000,642.29,642.34,642.145,642.3,344011,4681,639.87
2025-08-12T14:15:00.000,642.305,642.57,642.275,642.47,419163,5200,639.89
2025-08-12T14:20:00.000,642.46,642.615,642.2801,642.36,568149,6642,639.93
2025-08-12T14:25:00.000,642.362,642.375,642.16,642.22,440794,4972,639.96
2025-08-12T14:30:00.000,642.23,642.27,641.975,642.112,417239,5322,639.99
2025-08-12T14:35:00.000,642.11,642.3,642.025,642.045,378036,5030,640.01
2025-08-12T14:40:00.000,642.045,642.16,641.99,642.14,342271,4300,640.03
2025-08-12T14:45:00.000,642.14,642.26,642.025,642.19,472042,5693,640.05
2025-08-12T14:50:00.000,642.19,642.23,642.11,642.22,269731,4094,640.07
2025-08-12T14:55:00.000,642.21,642.27,642.0001,642.035,451809,5017,640.09
2025-08-12T15:00:00.000,642.04,642.1783,641.99,642.13,439271,4211,640.11
2025-08-12T15:05:00.000,642.13,642.32,642.12,642.22,332394,4667,640.12
2025-08-12T15:10:00.000,642.21,642.23,642.045,642.1665,554983,5114,640.15
2025-08-12T15:15:00.000,642.17,642.4,642.16,642.355,596908,6954,640.18
2025-08-12T15:20:00.000,642.35,642.43,642.271,642.33,559811,5781,640.21
2025-08-12T15:25:00.000,642.335,642.355,642.1915,642.32,516970,6180,640.23
2025-08-12T15:30:00.000,642.315,642.475,642.31,642.4501,674126,6768,640.26
2025-08-12T15:35:00.000,642.45,642.695,642.37,642.535,707999,7635,640.3
2025-08-12T15:40:00.000,642.53,642.535,642.1,642.19,908820,9181,640.34
2025-08-12T15:45:00.000,642.18,642.355,642.1491,642.34,982476,10371,640.38
2025-08-12T15:50:00.000,642.32,642.77,641.98,642.59,2232452,20123,640.48
2025-08-12T15:55:00.000,642.58,642.85,642.42,642.64,4277978,31552,640.66
2025-08-12T16:00:00.000,642.64,642.64,642.64,642.64,3700,4,640.66
2025-08-13T09:30:00.000,644.91,645.31,644.49,645.16,2025488,21922,644.92
2025-08-13T09:35:00.000,645.19,645.56,644.972,645.335,971837,12550,645.02
2025-08-13T09:40:00.000,645.33,645.54,645.2,645.53,950618,11792,645.1
2025-08-13T09:45:00.000,645.54,645.885,645.375,645.86,1081130,13720,645.21
2025-08-13T09:50:00.000,645.87,646.19,645.86,646.055,935466,12209,645.33
2025-08-13T09:55:00.000,646.06,646.06,645.37,645.62,1087922,13063,645.38
2025-08-13T10:00:00.000,645.63,645.64,645.15,645.2,1033758,13095,645.37
2025-08-13T10:05:00.000,645.2,645.7189,645.13,645.43,1078644,14608,645.38
2025-08-13T10:10:00.000,645.43,645.43,644.875,645.13,867349,13194,645.35
2025-08-13T10:15:00.000,645.14,645.2644,644.99,645.06,738012,10757,645.33
2025-08-13T10:20:00.000,645.05,645.19,644.48,644.51,627809,10036,645.31
2025-08-13T10:25:00.000,644.52,644.64,643.99,644.24,1237926,12922,645.23
2025-08-13T10:30:00.000,644.245,644.32,643.87,644.05,758168,10437,645.17
2025-08-13T10:35:00.000,644.05,644.33,643.88,644.08,918788,11852,645.1
2025-08-13T10:40:00.000,644.085,644.405,643.81,644.2484,816806,11280,645.05
2025-08-13T10:45:00.000,644.23,644.3,643.615,643.955,652234,9309,645.0
2025-08-13T10:50:00.000,643.94,644.01,643.58,643.76,1237004,9413,644.96
2025-08-13T10:55:00.000,643.76,643.95,643.725,643.83,525874,7882,644.92
2025-08-13T11:00:00.000,643.82,644.0,643.565,643.64,604011,9019,644.89
2025-08-13T11:05:00.000,643.64,643.78,643.31,643.32,700516,10286,644.84
2025-08-13T11:10:00.000,643.34,643.58,643.25,643.3299,772451,10626,644.78
2025-08-13T11:15:00.000,643.325,643.62,643.07,643.59,784935,10343,644.72
2025-08-13T11:20:00.000,643.59,644.11,643.51,643.915,800319,10522,644.68
2025-08-13T11:25:00.000,643.92,644.07,643.5,643.67,689008,9180,644.65
2025-08-13T11:30:00.000,643.67,644.045,643.475,643.87,720510,8870,644.62
2025-08-13T11:35:00.000,643.87,643.888,643.5,643.68,955821,6470,644.6
2025-08-13T11:40:00.000,643.69,644.255,643.67,644.215,450416,6424,644.59
2025-08-13T11:45:00.000,644.22,644.25,643.94,644.07,420958,6022,644.58
2025-08-13T11:50:00.000,644.08,644.08,643.41,643.5,2135756,7034,644.57
2025-08-13T11:55:00.000,643.5,643.545,643.34,643.43,465042,6624,644.55
2025-08-13T12:00:00.000,643.44,643.83,643.38,643.8,426657,6663,644.54
2025-08-13T12:05:00.000,643.79,643.915,643.65,643.76,345499,5427,644.52
2025-08-13T12:10:00.000,643.77,643.88,643.63,643.775,269018,5148,644.52
2025-08-13T12:15:00.000,643.76,643.9,643.41,643.435,324363,5495,644.51
2025-08-13T12:20:00.000,643.42,643.5,643.23,643.39,269093,5020,644.5
2025-08-13T12:25:00.000,643.4,643.54,643.26,643.27,243482,4561,644.49
2025-08-13T12:30:00.000,643.26,643.4901,642.97,643.45,429510,6834,644.47
2025-08-13T12:35:00.000,643.44,643.56,643.2,643.23,322923,5161,644.45
2025-08-13T12:40:00.000,643.225,643.31,643.04,643.155,379137,4966,644.44
2025-08-13T12:45:00.000,643.16,643.16,642.9,643.01,392583,5826,644.42
2025-08-13T12:50:00.000,643.0,643.1562,642.68,643.08,690674,6371,644.4
2025-08-13T12:55:00.000,643.08,643.085,642.82,643.01,339917,5069,644.38
2025-08-13T13:00:00.000,643.01,643.55,642.97,643.5,729604,8454,644.35
2025-08-13T13:05:00.000,643.495,643.51,642.905,642.91,376105,5815,644.34
2025-08-13T13:10:00.000,642.92,642.96,642.76,642.785,298862,5221,644.32
2025-08-13T13:15:00.000,642.78,643.222,642.7,643.215,386468,5543,644.3
2025-08-13T13:20:00.000,643.215,643.585,643.2,643.52,422591,6344,644.29
2025-08-13T13:25:00.000,643.52,643.7,643.46,643.6408,337798,5283,644.29
2025-08-13T13:30:00.000,643.64,643.76,642.79,642.79,633081,7490,644.27
2025-08-13T13:35:00.000,642.79,643.05,642.775,642.99,353632,5267,644.26
2025-08-13T13:40:00.000,642.99,643.08,642.895,642.895,382094,4885,644.24
2025-08-13T13:45:00.000,642.9147,643.175,642.8601,643.1303,234784,3972,644.23
2025-08-13T13:50:00.000,643.13,643.355,643.055,643.335,298987,4544,644.22
2025-08-13T13:55:00.000,643.33,643.66,643.22,643.55,332842,4947,644.21
2025-08-13T14:00:00.000,643.56,643.8392,643.39,643.785,374549,5049,644.21
2025-08-13T14:05:00.000,643.7856,643.79,643.61,643.705,308056,4536,644.2
2025-08-13T14:10:00.000,643.71,644.2,643.67,644.145,569744,7409,644.2
2025-08-13T14:15:00.000,644.14,644.1799,643.91,643.91,434355,5381,644.2
2025-08-13T14:20:00.000,643.9108,644.06,643.805,644.05,358952,4906,644.19
2025-08-13T14:25:00.000,644.05,644.105,643.88,643.89,309656,5000,644.19
2025-08-13T14:30:00.000,643.91,644.27,643.905,644.18,426208,6151,644.19
2025-08-13T14:35:00.000,644.18,644.195,643.24,643.75,1077482,12931,644.18
2025-08-13T14:40:00.000,643.74,643.92,643.46,643.89,533918,5771,644.17
2025-08-13T14:45:00.000,643.88,644.0088,643.81,643.97,260265,4028,644.17
2025-08-13T14:50:00.000,643.96,644.05,643.86,644.02,232750,3913,644.17
2025-08-13T14:55:00.000,644.025,644.31,643.98,644.015,400232,5575,644.17
2025-08-13T15:00:00.000,644.02,644.1,643.8312,644.07,344404,4469,644.17
2025-08-13T15:05:00.000,644.06,644.1,643.92,643.955,233775,3711,644.17
2025-08-13T15:10:00.000,643.955,644.31,643.95,644.305,607782,7139,644.17
2025-08-13T15:15:00.000,644.31,644.42,644.25,644.3,488914,6718,644.17
2025-08-13T15:20:00.000,644.3,644.73,644.3,644.38,951470,10137,644.18
2025-08-13T15:25:00.000,644.385,644.438,644.23,644.29,602578,7327,644.18
2025-08-13T15:30:00.000,644.295,644.36,644.1,644.155,632494,7449,644.18
2025-08-13T15:35:00.000,644.14,644.31,643.91,644.01,866451,8271,644.18
2025-08-13T15:40:00.000,644.01,644.3299,643.97,644.1201,753809,8504,644.18
2025-08-13T15:45:00.000,644.14,644.419,644.13,644.37,1178876,8932,644.18
2025-08-13T15:50:00.000,644.37,644.91,644.37,644.8,1661501,16438,644.2
2025-08-13T15:55:00.000,644.8,645.1,644.64,644.88,4232704,26263,644.25
2025-08-13T16:00:00.000,644.87,644.87,644.87,644.87,5700,3,644.25
2025-08-14T09:30:00.000,642.79,643.115,642.34,643.11,1906773,23013,642.68
2025-08-14T09:35:00.000,643.09,643.41,642.92,643.23,1102521,14396,642.87
2025-08-14T09:40:00.000,643.23,643.45,642.84,643.37,959592,12274,642.93
2025-08-14T09:45:00.000,643.37,643.71,643.1,643.64,909879,12831,643.03
2025-08-14T09:50:00.000,643.63,644.25,643.58,643.59,1414974,16640,643.23
2025-08-14T09:55:00.000,643.59,644.08,643.135,644.02,890463,11655,643.27
2025-08-14T10:00:00.000,644.02,644.2056,643.86,644.08,646351,10081,643.33
2025-08-14T10:05:00.000,644.06,644.32,643.76,644.08,692618,9845,643.38
2025-08-14T10:10:00.000,644.06,644.21,643.7,643.8,572910,10334,643.42
2025-08-14T10:15:00.000,643.82,644.59,643.7999,644.49,662178,11514,643.47
2025-08-14T10:20:00.000,644.49,644.615,643.82,643.99,587099,9203,643.51
2025-08-14T10:25:00.000,643.99,644.325,643.71,644.24,440672,8229,643.53
2025-08-14T10:30:00.000,644.25,644.86,644.21,644.68,636616,9759,643.59
2025-08-14T10:35:00.000,644.67,644.97,644.5,644.95,521960,8453,643.63
2025-08-14T10:40:00.000,644.94,645.09,644.66,644.84,597065,9507,643.69
2025-08-14T10:45:00.000,644.84,645.545,644.79,645.49,751066,10574,643.78
2025-08-14T10:50:00.000,645.47,645.478,645.035,645.07,605322,9472,643.84
2025-08-14T10:55:00.000,645.07,645.17,644.46,644.74,707218,9901,643.89
2025-08-14T11:00:00.000,644.7399,644.79,644.4703,644.53,617664,9113,643.92
2025-08-14T11:05:00.000,644.53,644.63,644.31,644.36,458594,7678,643.93
2025-08-14T11:10:00.000,644.37,644.45,644.14,644.34,424287,7106,643.94
2025-08-14T11:15:00.000,644.31,644.595,644.27,644.31,484534,7509,643.96
2025-08-14T11:20:00.000,644.32,644.32,643.96,643.97,457948,7497,643.96
2025-08-14T11:25:00.000,643.95,643.96,642.96,643.335,1241500,15098,643.92
2025-08-14T11:30:00.000,643.34,643.81,643.19,643.39,609818,8340,643.9
2025-08-14T11:35:00.000,643.41,643.52,643.12,643.16,453552,7273,643.89
2025-08-14T11:40:00.000,643.1499,643.44,642.98,643.415,542130,7219,643.87
2025-08-14T11:45:00.000,643.41,644.08,643.17,644.0,615094,8413,643.87
2025-08-14T11:50:00.000,644.01,644.13,643.79,643.94,582463,7717,643.87
2025-08-14T11:55:00.000,643.92,644.22,643.73,644.07,462812,6433,643.87
2025-08-14T12:00:00.000,644.04,644.09,643.63,643.68,355614,5619,643.87
2025-08-14T12:05:00.000,643.67,643.76,643.38,643.5,484094,6827,643.86
2025-08-14T12:10:00.000,643.49,643.5498,642.665,642.74,614814,8953,643.84
2025-08-14T12:15:00.000,642.71,643.3899,642.665,643.17,437611,6224,643.83
2025-08-14T12:20:00.000,643.15,643.69,642.945,643.435,391503,5665,643.82
2025-08-14T12:25:00.000,643.44,643.63,643.03,643.09,332173,5260,643.81
2025-08-14T12:30:00.000,643.09,643.47,642.985,643.38,307146,5013,643.81
2025-08-14T12:35:00.000,643.39,643.57,643.0799,643.325,234045,4195,643.8
2025-08-14T12:40:00.000,643.33,643.42,643.0,643.355,335872,4483,643.79
2025-08-14T12:45:00.000,643.35,643.64,643.21,643.58,286188,4563,643.79
2025-08-14T12:50:00.000,643.59,644.12,643.58,644.108,465172,5557,643.79
2025-08-14T12:55:00.000,644.09,644.26,643.87,644.17,379739,5046,643.8
2025-08-14T13:00:00.000,644.16,644.37,644.09,644.3,313672,4954,643.8
2025-08-14T13:05:00.000,644.32,644.435,644.21,644.41,244101,4064,643.81
2025-08-14T13:10:00.000,644.42,644.53,644.31,644.5247,254778,4613,643.81
2025-08-14T13:15:00.000,644.52,644.85,644.48,644.65,419145,6170,643.82
2025-08-14T13:20:00.000,644.65,644.76,644.45,644.68,439226,5660,643.84
2025-08-14T13:25:00.000,644.675,645.05,644.675,645.0007,445977,5752,643.85
2025-08-14T13:30:00.000,645.01,645.06,644.805,644.845,352505,5942,643.87
2025-08-14T13:35:00.000,644.85,644.85,644.59,644.64,331802,5435,643.88
2025-08-14T13:40:00.000,644.645,644.675,644.25,644.59,363457,5587,643.88
2025-08-14T13:45:00.000,644.59,644.85,644.42,644.51,383351,5574,643.89
2025-08-14T13:50:00.000,644.5,644.56,644.26,644.56,385172,4986,643.9
2025-08-14T13:55:00.000,644.54,644.7394,644.4,644.71,387996,5840,643.91
2025-08-14T14:00:00.000,644.72,644.725,644.445,644.56,725346,8374,643.92
2025-08-14T14:05:00.000,644.56,644.72,644.5,644.6,527593,6995,643.93
2025-08-14T14:10:00.000,644.6,644.63,644.17,644.2,391834,6104,643.94
2025-08-14T14:15:00.000,644.2,644.37,643.91,644.3385,612665,7930,643.94
2025-08-14T14:20:00.000,644.33,644.5,644.19,644.426,435008,5625,643.95
2025-08-14T14:25:00.000,644.42,644.42,644.0,644.085,319282,4871,643.95
2025-08-14T14:30:00.000,644.07,644.2086,643.95,644.2086,384630,5640,643.95
2025-08-14T14:35:00.000,644.205,644.34,644.07,644.29,341976,5056,643.95
2025-08-14T14:40:00.000,644.28,644.6899,644.25,644.6701,665191,7658,643.97
2025-08-14T14:45:00.000,644.67,644.815,644.43,644.795,1614636,6401,643.98
2025-08-14T14:50:00.000,644.805,644.95,644.5307,644.57,545117,6542,643.99
2025-08-14T14:55:00.000,644.565,644.66,644.44,644.6,371312,5218,643.99
2025-08-14T15:00:00.000,644.59,644.775,644.485,644.69,498957,6767,644.0
2025-08-14T15:05:00.000,644.68,644.975,644.48,644.92,534042,6779,644.02
2025-08-14T15:10:00.000,644.93,644.97,644.7699,644.955,417564,4673,644.02
2025-08-14T15:15:00.000,644.955,645.435,644.895,645.41,713590,8325,644.05
2025-08-14T15:20:00.000,645.4,645.49,645.18,645.19,1145724,10567,644.09
2025-08-14T15:25:00.000,645.19,645.2556,644.94,645.03,509628,6753,644.1
2025-08-14T15:30:00.000,645.03,645.045,644.84,644.885,858042,8645,644.11
2025-08-14T15:35:00.000,644.875,645.31,644.84,645.18,830824,9121,644.13
2025-08-14T15:40:00.000,645.1899,645.3,644.98,645.21,964688,8499,644.15
2025-08-14T15:45:00.000,645.19,645.48,645.175,645.22,1358233,11981,644.18
2025-08-14T15:50:00.000,645.23,645.501,645.1201,645.49,1302880,13003,644.21
2025-08-14T15:55:00.000,645.48,645.62,644.88,644.94,3176581,23754,644.3
2025-08-14T16:00:00.000,644.93,644.93,644.93,644.93,251,2,644.3
2025-08-15T09:30:00.000,645.99,646.09,645.1601,645.175,1746580,19048,645.61
2025-08-15T09:35:00.000,645.18,645.595,645.1,645.24,1045075,12246,645.52
2025-08-15T09:40:00.000,645.23,645.45,645.07,645.2,710044,10188,645.47
2025-08-15T09:45:00.000,645.2,645.21,643.83,643.93,1391777,15090,645.2
2025-08-15T09:50:00.000,643.93,644.3,643.72,644.0,1262095,12678,644.99
2025-08-15T09:55:00.000,644.01,644.32,643.875,644.1,871403,10781,644.86
2025-08-15T10:00:00.000,643.78,644.51,643.21,644.41,1287607,14379,644.71
2025-08-15T10:05:00.000,644.4,644.535,644.02,644.45,629273,9117,644.68
2025-08-15T10:10:00.000,644.46,644.51,644.14,644.43,528119,7717,644.66
2025-08-15T10:15:00.000,644.46,644.65,644.03,644.04,728812,13341,644.63
2025-08-15T10:20:00.000,644.04,644.23,643.82,643.9151,647678,9349,644.6
2025-08-15T10:25:00.000,643.92,644.435,643.61,644.21,480242,8593,644.58
2025-08-15T10:30:00.000,644.2,644.33,643.8,643.92,600877,10178,644.55
2025-08-15T10:35:00.000,643.91,644.1899,643.75,644.175,358407,7490,644.53
2025-08-15T10:40:00.000,644.18,644.265,643.77,643.86,585272,7486,644.51
2025-08-15T10:45:00.000,643.86,643.88,643.51,643.69,481011,7294,644.48
2025-08-15T10:50:00.000,643.675,643.78,643.44,643.62,406314,6558,644.45
2025-08-15T10:55:00.000,643.615,643.805,643.37,643.575,577707,7927,644.42
2025-08-15T11:00:00.000,643.58,643.7092,643.39,643.495,409036,6331,644.39
2025-08-15T11:05:00.000,643.49,643.59,643.26,643.55,3867338,5546,644.37
2025-08-15T11:10:00.000,643.56,643.92,643.52,643.84,602302,7653,644.34
2025-08-15T11:15:00.000,643.8343,644.28,643.75,644.0843,529129,7755,644.33
2025-08-15T11:20:00.000,644.09,644.22,643.45,643.47,449264,6737,644.32
2025-08-15T11:25:00.000,643.47,643.69,643.4,643.478,381663,5800,644.3
2025-08-15T11:30:00.000,643.47,644.03,643.46,643.9037,477641,6833,644.28
2025-08-15T11:35:00.000,643.91,643.9451,643.275,643.29,435015,6064,644.26
2025-08-15T11:40:00.000,643.29,643.38,642.5153,642.63,1210656,10386,644.2
2025-08-15T11:45:00.000,642.63,643.455,642.62,643.425,655199,8747,644.16
2025-08-15T11:50:00.000,643.42,644.11,643.38,644.015,761930,8828,644.15
2025-08-15T11:55:00.000,644.02,644.14,643.32,643.415,698145,8344,644.13
2025-08-15T12:00:00.000,643.4,643.5601,643.08,643.2686,500627,6760,644.11
2025-08-15T12:05:00.000,643.275,643.65,643.22,643.565,364750,5138,644.1
2025-08-15T12:10:00.000,643.56,643.94,643.5,643.94,547091,4890,644.09
2025-08-15T12:15:00.000,643.93,643.93,643.34,643.47,1196335,6234,644.08
2025-08-15T12:20:00.000,643.46,643.535,643.3102,643.47,319242,4897,644.07
2025-08-15T12:25:00.000,643.47,643.78,643.178,643.29,580562,7432,644.05
2025-08-15T12:30:00.000,643.295,643.64,643.295,643.605,337488,4666,644.04
2025-08-15T12:35:00.000,643.605,643.64,643.3602,643.6,261939,4393,644.04
2025-08-15T12:40:00.000,643.61,643.85,643.5,643.7599,373096,5322,644.03
2025-08-15T12:45:00.000,643.77,644.015,643.63,644.005,527799,6276,644.03
2025-08-15T12:50:00.000,644.01,644.2,643.9216,644.0,453315,6013,644.03
2025-08-15T12:55:00.000,643.99,644.28,643.85,644.0809,381197,5483,644.03
2025-08-15T13:00:00.000,644.08,644.175,643.94,644.09,432589,5834,644.03
2025-08-15T13:05:00.000,644.07,644.2957,643.92,644.145,529504,5117,644.03
2025-08-15T13:10:00.000,644.145,644.185,643.89,644.1,599387,5940,644.03
2025-08-15T13:15:00.000,644.095,644.22,643.76,643.7901,254288,4180,644.03
2025-08-15T13:20:00.000,643.79,643.95,643.74,643.91,414569,5305,644.03
2025-08-15T13:25:00.000,643.9,644.25,643.84,644.1654,377293,5017,644.03
2025-08-15T13:30:00.000,644.16,644.5595,644.14,644.37,964359,7067,644.04
2025-08-15T13:35:00.000,644.38,644.395,644.16,644.26,889262,4920,644.04
2025-08-15T13:40:00.000,644.25,644.38,644.165,644.25,334237,4728,644.04
2025-08-15T13:45:00.000,644.24,644.3499,644.12,644.33,311605,4746,644.05
2025-08-15T13:50:00.000,644.34,644.44,644.27,644.415,292335,4525,644.05
2025-08-15T13:55:00.000,644.415,644.81,644.405,644.7709,748488,8672,644.06
2025-08-15T14:00:00.000,644.77,644.88,644.19,644.475,2974117,11033,644.08
2025-08-15T14:05:00.000,644.46,644.56,644.31,644.53,360676,4441,644.09
2025-08-15T14:10:00.000,644.53,644.635,644.39,644.4481,491213,5095,644.09
2025-08-15T14:15:00.000,644.44,644.46,644.075,644.1299,544174,6709,644.09
2025-08-15T14:20:00.000,644.13,644.33,643.98,644.33,537758,6091,644.09
2025-08-15T14:25:00.000,644.32,644.6,644.26,644.53,413876,5411,644.1
2025-08-15T14:30:00.000,644.52,644.64,644.45,644.49,357056,4745,644.1
2025-08-15T14:35:00.000,644.475,644.5299,644.22,644.33,349370,4910,644.11
2025-08-15T14:40:00.000,644.34,644.41,644.175,644.275,566096,4124,644.11
2025-08-15T14:45:00.000,644.27,644.38,644.04,644.15,307386,4551,644.11
2025-08-15T14:50:00.000,644.15,644.5,644.15,644.41,556223,5171,644.11
2025-08-15T14:55:00.000,644.405,644.47,643.81,644.26,885803,9180,644.11
2025-08-15T15:00:00.000,644.25,644.28,643.37,643.65,1165391,12819,644.1
2025-08-15T15:05:00.000,643.65,643.845,643.32,643.82,702990,9038,644.09
2025-08-15T15:10:00.000,643.85,643.99,643.83,643.94,554574,6705,644.09
2025-08-15T15:15:00.000,643.94,644.02,643.52,643.765,726290,7837,644.09
2025-08-15T15:20:00.000,643.78,644.04,643.68,643.865,1527865,6178,644.08
2025-08-15T15:25:00.000,643.84,643.95,643.71,643.8,407647,5322,644.08
2025-08-15T15:30:00.000,643.8,643.91,643.62,643.785,496386,6787,644.08
2025-08-15T15:35:00.000,643.78,643.945,643.65,643.65,578585,6957,644.07
2025-08-15T15:40:00.000,643.65,644.06,643.65,643.9499,750615,8841,644.07
2025-08-15T15:45:00.000,643.95,644.06,643.91,644.03,959224,10991,644.07
2025-08-15T15:50:00.000,644.03,644.13,643.33,643.42,1709747,17943,644.05
2025-08-15T15:55:00.000,643.42,643.56,643.13,643.44,4059899,27872,644.0
2025-08-15T16:00:00.000,643.45,643.46,643.45,643.46,7191,9,644.0
2025-08-16T09:30:00.000,0.0,0.0,0.0,0.0,0,0,0.0
2025-08-16T09:35:00.000,0.0,0.0,0.0,0.0,0,0,0.0
2025-08-16T09:40:00.000,0.0,0.0,0.0,0.0,0,0,0.0
2025-08-16T09:45:00.000,0.0,0.0,0.0,0.0,0,0,0.0
2025-08-16T09:50:00.000,0.0,0.0,0.0,0.0,0,0,0.0
2025-08-16T09:55:00.000,0.0,0.0,0.0,0.0,0,0,0.0
2025-08-16T10:00:00.000,0.0,0.0,0.0,0.0,0,0,0.0
2025-08-16T10:05:00.000,0.0,0.0,0.0,0.0,0,0,0.0
2025-08-16T10:10:00.000,0.0,0.0,0.0,0.0,0,0,0.0
2025-08-16T10:15:00.000,0.0,0.0,0.0,0.0,0,0,0.0
2025-08-16T10:20:00.000,0.0,0.0,0.0,0.0,0,0,0.0
2025-08-16T10:25:00.000,0.0,0.0,0.0,0.0,0,0,0.0
2025-08-16T10:30:00.000,0.0,0.0,0.0,0.0,0,0,0.0
2025-08-16T10:35:00.000,0.0,0.0,0.0,0.0,0,0,0.0
2025-08-16T10:40:00.000,0.0,0.0,0.0,0.0,0,0,0.0
2025-08-16T10:45:00.000,0.0,0.0,0.0,0.0,0,0,0.0
2025-08-16T10:50:00.000,0.0,0.0,0.0,0.0,0,0,0.0
2025-08-16T10:55:00.000,0.0,0.0,0.0,0.0,0,0,0.0
2025-08-16T11:00:00.000,0.0,0.0,0.0,0.0,0,0,0.0
2025-08-16T11:05:00.000,0.0,0.0,0.0,0.0,0,0,0.0
2025-08-16T11:10:00.000,0.0,0.0,0.0,0.0,0,0,0.0
2025-08-16T11:15:00.000,0.0,0.0,0.0,0.0,0,0,0.0
2025-08-16T11:20:00.000,0.0,0.0,0.0,0.0,0,0,0.0
2025-08-16T11:25:00.000,0.0,0.0,0.0,0.0,0,0,0.0
2025-08-16T11:30:00.000,0.0,0.0,0.0,0.0,0,0,0.0
2025-08-16T11:35:00.000,0.0,0.0,0.0,0.0,0,0,0.0
2025-08-16T11:40:00.000,0.0,0.0,0.0,0.0,0,0,0.0
2025-08-16T11:45:00.000,0.0,0.0,0.0,0.0,0,0,0.0
2025-08-16T11:50:00.000,0.0,0.0,0.0,0.0,0,0,0.0
2025-08-16T11:55:00.000,0.0,0.0,0.0,0.0,0,0,0.0
2025-08-16T12:00:00.000,0.0,0.0,0.0,0.0,0,0,0.0
2025-08-16T12:05:00.000,0.0,0.0,0.0,0.0,0,0,0.0
2025-08-16T12:10:00.000,0.0,0.0,0.0,0.0,0,0,0.0
2025-08-16T12:15:00.000,0.0,0.0,0.0,0.0,0,0,0.0
2025-08-16T12:20:00.000,0.0,0.0,0.0,0.0,0,0,0.0
2025-08-16T12:25:00.000,0.0,0.0,0.0,0.0,0,0,0.0
2025-08-16T12:30:00.000,0.0,0.0,0.0,0.0,0,0,0.0
2025-08-16T12:35:00.000,0.0,0.0,0.0,0.0,0,0,0.0
2025-08-16T12:40:00.000,0.0,0.0,0.0,0.0,0,0,0.0
2025-08-16T12:45:00.000,0.0,0.0,0.0,0.0,0,0,0.0
2025-08-16T12:50:00.000,0.0,0.0,0.0,0.0,0,0,0.0
2025-08-16T12:55:00.000,0.0,0.0,0.0,0.0,0,0,0.0
2025-08-16T13:00:00.000,0.0,0.0,0.0,0.0,0,0,0.0
2025-08-16T13:05:00.000,0.0,0.0,0.0,0.0,0,0,0.0
2025-08-16T13:10:00.000,0.0,0.0,0.0,0.0,0,0,0.0
2025-08-16T13:15:00.000,0.0,0.0,0.0,0.0,0,0,0.0
2025-08-16T13:20:00.000,0.0,0.0,0.0,0.0,0,0,0.0
2025-08-16T13:25:00.000,0.0,0.0,0.0,0.0,0,0,0.0
2025-08-16T13:30:00.000,0.0,0.0,0.0,0.0,0,0,0.0
2025-08-16T13:35:00.000,0.0,0.0,0.0,0.0,0,0,0.0
2025-08-16T13:40:00.000,0.0,0.0,0.0,0.0,0,0,0.0
2025-08-16T13:45:00.000,0.0,0.0,0.0,0.0,0,0,0.0
2025-08-16T13:50:00.000,0.0,0.0,0.0,0.0,0,0,0.0
2025-08-16T13:55:00.000,0.0,0.0,0.0,0.0,0,0,0.0
2025-08-16T14:00:00.000,0.0,0.0,0.0,0.0,0,0,0.0
2025-08-16T14:05:00.000,0.0,0.0,0.0,0.0,0,0,0.0
2025-08-16T14:10:00.000,0.0,0.0,0.0,0.0,0,0,0.0
2025-08-16T14:15:00.000,0.0,0.0,0.0,0.0,0,0,0.0
2025-08-16T14:20:00.000,0.0,0.0,0.0,0.0,0,0,0.0
2025-08-16T14:25:00.000,0.0,0.0,0.0,0.0,0,0,0.0
2025-08-16T14:30:00.000,0.0,0.0,0.0,0.0,0,0,0.0
2025-08-16T14:35:00.000,0.0,0.0,0.0,0.0,0,0,0.0
2025-08-16T14:40:00.000,0.0,0.0,0.0,0.0,0,0,0.0
2025-08-16T14:45:00.000,0.0,0.0,0.0,0.0,0,0,0.0
2025-08-16T14:50:00.000,0.0,0.0,0.0,0.0,0,0,0.0
2025-08-16T14:55:00.000,0.0,0.0,0.0,0.0,0,0,0.0
2025-08-16T15:00:00.000,0.0,0.0,0.0,0.0,0,0,0.0
2025-08-16T15:05:00.000,0.0,0.0,0.0,0.0,0,0,0.0
2025-08-16T15:10:00.000,0.0,0.0,0.0,0.0,0,0,0.0
2025-08-16T15:15:00.000,0.0,0.0,0.0,0.0,0,0,0.0
2025-08-16T15:20:00.000,0.0,0.0,0.0,0.0,0,0,0.0
2025-08-16T15:25:00.000,0.0,0.0,0.0,0.0,0,0,0.0
2025-08-16T15:30:00.000,0.0,0.0,0.0,0.0,0,0,0.0
2025-08-16T15:35:00.000,0.0,0.0,0.0,0.0,0,0,0.0
2025-08-16T15:40:00.000,0.0,0.0,0.0,0.0,0,0,0.0
2025-08-16T15:45:00.000,0.0,0.0,0.0,0.0,0,0,0.0
2025-08-16T15:50:00.000,0.0,0.0,0.0,0.0,0,0,0.0
2025-08-16T15:55:00.000,0.0,0.0,0.0,0.0,0,0,0.0
2025-08-16T16:00:00.000,0.0,0.0,0.0,0.0,0,0,0.0
2025-08-17T09:30:00.000,0.0,0.0,0.0,0.0,0,0,0.0
2025-08-17T09:35:00.000,0.0,0.0,0.0,0.0,0,0,0.0
2025-08-17T09:40:00.000,0.0,0.0,0.0,0.0,0,0,0.0
2025-08-17T09:45:00.000,0.0,0.0,0.0,0.0,0,0,0.0
2025-08-17T09:50:00.000,0.0,0.0,0.0,0.0,0,0,0.0
2025-08-17T09:55:00.000,0.0,0.0,0.0,0.0,0,0,0.0
2025-08-17T10:00:00.000,0.0,0.0,0.0,0.0,0,0,0.0
2025-08-17T10:05:00.000,0.0,0.0,0.0,0.0,0,0,0.0
2025-08-17T10:10:00.000,0.0,0.0,0.0,0.0,0,0,0.0
2025-08-17T10:15:00.000,0.0,0.0,0.0,0.0,0,0,0.0
2025-08-17T10:20:00.000,0.0,0.0,0.0,0.0,0,0,0.0
2025-08-17T10:25:00.000,0.0,0.0,0.0,0.0,0,0,0.0
2025-08-17T10:30:00.000,0.0,0.0,0.0,0.0,0,0,0.0
2025-08-17T10:35:00.000,0.0,0.0,0.0,0.0,0,0,0.0
2025-08-17T10:40:00.000,0.0,0.0,0.0,0.0,0,0,0.0
2025-08-17T10:45:00.000,0.0,0.0,0.0,0.0,0,0,0.0
2025-08-17T10:50:00.000,0.0,0.0,0.0,0.0,0,0,0.0
2025-08-17T10:55:00.000,0.0,0.0,0.0,0.0,0,0,0.0
2025-08-17T11:00:00.000,0.0,0.0,0.0,0.0,0,0,0.0
2025-08-17T11:05:00.000,0.0,0.0,0.0,0.0,0,0,0.0
2025-08-17T11:10:00.000,0.0,0.0,0.0,0.0,0,0,0.0
2025-08-17T11:15:00.000,0.0,0.0,0.0,0.0,0,0,0.0
2025-08-17T11:20:00.000,0.0,0.0,0.0,0.0,0,0,0.0
2025-08-17T11:25:00.000,0.0,0.0,0.0,0.0,0,0,0.0
2025-08-17T11:30:00.000,0.0,0.0,0.0,0.0,0,0,0.0
2025-08-17T11:35:00.000,0.0,0.0,0.0,0.0,0,0,0.0
2025-08-17T11:40:00.000,0.0,0.0,0.0,0.0,0,0,0.0
2025-08-17T11:45:00.000,0.0,0.0,0.0,0.0,0,0,0.0
2025-08-17T11:50:00.000,0.0,0.0,0.0,0.0,0,0,0.0
2025-08-17T11:55:00.000,0.0,0.0,0.0,0.0,0,0,0.0
2025-08-17T12:00:00.000,0.0,0.0,0.0,0.0,0,0,0.0
2025-08-17T12:05:00.000,0.0,0.0,0.0,0.0,0,0,0.0
2025-08-17T12:10:00.000,0.0,0.0,0.0,0.0,0,0,0.0
2025-08-17T12:15:00.000,0.0,0.0,0.0,0.0,0,0,0.0
2025-08-17T12:20:00.000,0.0,0.0,0.0,0.0,0,0,0.0
2025-08-17T12:25:00.000,0.0,0.0,0.0,0.0,0,0,0.0
2025-08-17T12:30:00.000,0.0,0.0,0.0,0.0,0,0,0.0
2025-08-17T12:35:00.000,0.0,0.0,0.0,0.0,0,0,0.0
2025-08-17T12:40:00.000,0.0,0.0,0.0,0.0,0,0,0.0
2025-08-17T12:45:00.000,0.0,0.0,0.0,0.0,0,0,0.0
2025-08-17T12:50:00.000,0.0,0.0,0.0,0.0,0,0,0.0
2025-08-17T12:55:00.000,0.0,0.0,0.0,0.0,0,0,0.0
2025-08-17T13:00:00.000,0.0,0.0,0.0,0.0,0,0,0.0
2025-08-17T13:05:00.000,0.0,0.0,0.0,0.0,0,0,0.0
2025-08-17T13:10:00.000,0.0,0.0,0.0,0.0,0,0,0.0
2025-08-17T13:15:00.000,0.0,0.0,0.0,0.0,0,0,0.0
2025-08-17T13:20:00.000,0.0,0.0,0.0,0.0,0,0,0.0
2025-08-17T13:25:00.000,0.0,0.0,0.0,0.0,0,0,0.0
2025-08-17T13:30:00.000,0.0,0.0,0.0,0.0,0,0,0.0
2025-08-17T13:35:00.000,0.0,0.0,0.0,0.0,0,0,0.0
2025-08-17T13:40:00.000,0.0,0.0,0.0,0.0,0,0,0.0
2025-08-17T13:45:00.000,0.0,0.0,0.0,0.0,0,0,0.0
2025-08-17T13:50:00.000,0.0,0.0,0.0,0.0,0,0,0.0
2025-08-17T13:55:00.000,0.0,0.0,0.0,0.0,0,0,0.0
2025-08-17T14:00:00.000,0.0,0.0,0.0,0.0,0,0,0.0
2025-08-17T14:05:00.000,0.0,0.0,0.0,0.0,0,0,0.0
2025-08-17T14:10:00.000,0.0,0.0,0.0,0.0,0,0,0.0
2025-08-17T14:15:00.000,0.0,0.0,0.0,0.0,0,0,0.0
2025-08-17T14:20:00.000,0.0,0.0,0.0,0.0,0,0,0.0
2025-08-17T14:25:00.000,0.0,0.0,0.0,0.0,0,0,0.0
2025-08-17T14:30:00.000,0.0,0.0,0.0,0.0,0,0,0.0
2025-08-17T14:35:00.000,0.0,0.0,0.0,0.0,0,0,0.0
2025-08-17T14:40:00.000,0.0,0.0,0.0,0.0,0,0,0.0
2025-08-17T14:45:00.000,0.0,0.0,0.0,0.0,0,0,0.0
2025-08-17T14:50:00.000,0.0,0.0,0.0,0.0,0,0,0.0
2025-08-17T14:55:00.000,0.0,0.0,0.0,0.0,0,0,0.0
2025-08-17T15:00:00.000,0.0,0.0,0.0,0.0,0,0,0.0
2025-08-17T15:05:00.000,0.0,0.0,0.0,0.0,0,0,0.0
2025-08-17T15:10:00.000,0.0,0.0,0.0,0.0,0,0,0.0
2025-08-17T15:15:00.000,0.0,0.0,0.0,0.0,0,0,0.0
2025-08-17T15:20:00.000,0.0,0.0,0.0,0.0,0,0,0.0
2025-08-17T15:25:00.000,0.0,0.0,0.0,0.0,0,0,0.0
2025-08-17T15:30:00.000,0.0,0.0,0.0,0.0,0,0,0.0
2025-08-17T15:35:00.000,0.0,0.0,0.0,0.0,0,0,0.0
2025-08-17T15:40:00.000,0.0,0.0,0.0,0.0,0,0,0.0
2025-08-17T15:45:00.000,0.0,0.0,0.0,0.0,0,0,0.0
2025-08-17T15:50:00.000,0.0,0.0,0.0,0.0,0,0,0.0
2025-08-17T15:55:00.000,0.0,0.0,0.0,0.0,0,0,0.0
2025-08-17T16:00:00.000,0.0,0.0,0.0,0.0,0,0,0.0
2025-08-18T09:30:00.000,642.86,643.445,642.795,643.3999,1236125,21837,643.06
2025-08-18T09:35:00.000,643.4,643.585,643.05,643.31,985387,11983,643.18
2025-08-18T09:40:00.000,643.32,643.42,642.805,643.2,797684,10787,643.16
2025-08-18T09:45:00.000,643.19,643.8,643.17,643.55,992820,12690,643.26
2025-08-18T09:50:00.000,643.5404,643.56,642.83,642.99,866242,12233,643.23
2025-08-18T09:55:00.000,643.0,643.11,642.53,642.73,653782,10621,643.18
2025-08-18T10:00:00.000,642.73,643.3,642.71,643.27,645655,10322,643.17
2025-08-18T10:05:00.000,643.29,643.42,643.045,643.155,501793,8839,643.17
2025-08-18T10:10:00.000,643.15,643.3,642.93,643.298,425444,7442,643.17
2025-08-18T10:15:00.000,643.29,643.44,643.05,643.18,470249,9827,643.18
2025-08-18T10:20:00.000,643.19,643.93,643.13,643.8308,656908,10086,643.21
2025-08-18T10:25:00.000,643.84,643.935,643.0,643.0,824007,11739,643.24
2025-08-18T10:30:00.000,642.99,643.335,642.615,643.24,719190,11737,643.22
2025-08-18T10:35:00.000,643.24,643.43,643.16,643.21,496160,10107,643.23
2025-08-18T10:40:00.000,643.21,643.37,643.05,643.07,354010,9253,643.23
2025-08-18T10:45:00.000,643.06,643.14,642.3,642.814261,737846,11339,643.19
2025-08-18T10:50:00.000,642.84,643.41,642.82,643.38,377797,7637,643.19
2025-08-18T10:55:00.000,643.37,643.42,642.92,643.23,524620,8245,643.19
2025-08-18T11:00:00.000,643.22,643.44,643.19,643.32,449756,7083,643.19
2025-08-18T11:05:00.000,643.31,643.335,643.0216,643.3,320635,6220,643.19
2025-08-18T11:10:00.000,643.31,643.32,642.86,642.88,337745,6140,643.18
2025-08-18T11:15:00.000,642.89,642.99,642.72,642.96,349602,6636,643.18
2025-08-18T11:20:00.000,642.94,643.28,642.92,643.11,452042,7663,643.17
2025-08-18T11:25:00.000,643.11,643.125,642.6,642.73,736958,5941,643.17
2025-08-18T11:30:00.000,642.73,642.79,642.575,642.7293,365829,6357,643.16
2025-08-18T11:35:00.000,642.72,643.035,642.5,642.95,400458,6672,643.15
2025-08-18T11:40:00.000,642.94,642.96,642.72,642.82,220318,5279,643.14
2025-08-18T11:45:00.000,642.82,643.039,642.785,642.98,239809,5362,643.14
2025-08-18T11:50:00.000,642.98,643.0085,642.73,642.87,244557,5378,643.13
2025-08-18T11:55:00.000,642.86,642.885,642.62,642.7301,267979,5467,643.13
2025-08-18T12:00:00.000,642.73,643.0,642.69,642.73,338951,5826,643.12
2025-08-18T12:05:00.000,642.73,643.0,642.7,642.94,243693,5339,643.12
2025-08-18T12:10:00.000,642.95,643.25,642.815,642.91,364211,6478,643.12
2025-08-18T12:15:00.000,642.91,643.1,642.76,643.1,275599,5256,643.11
2025-08-18T12:20:00.000,643.09,643.27,643.06,643.24,248901,5132,643.12
2025-08-18T12:25:00.000,643.25,643.28,643.04,643.12,232754,4950,643.12
2025-08-18T12:30:00.000,643.1235,643.36,642.975,643.02,325024,5492,643.12
2025-08-18T12:35:00.000,643.0284,643.05,642.37,642.6,401943,6555,643.11
2025-08-18T12:40:00.000,642.59,642.7799,642.515,642.625,267805,5370,643.1
2025-08-18T12:45:00.000,642.63,642.68,642.18,642.465,369499,5954,643.09
2025-08-18T12:50:00.000,642.455,642.65,642.3,642.48,298253,4946,643.08
2025-08-18T12:55:00.000,642.48,642.57,642.39,642.51,210455,4222,643.07
2025-08-18T13:00:00.000,642.51,642.925,642.48,642.875,351681,5368,643.07
2025-08-18T13:05:00.000,642.86,642.915,642.62,642.77,277806,4374,643.06
2025-08-18T13:10:00.000,642.77,643.1,642.72,643.015,227594,4567,643.06
2025-08-18T13:15:00.000,643.02,643.165,642.98,643.105,196022,3635,643.06
2025-08-18T13:20:00.000,643.105,643.13,642.86,642.9861,238126,4126,643.06
2025-08-18T13:25:00.000,642.9801,643.2,642.955,643.169,236798,3934,643.06
2025-08-18T13:30:00.000,643.165,643.815,643.16,643.382,900689,10824,643.08
2025-08-18T13:35:00.000,643.39,643.54,642.8,642.8318,470459,7202,643.08
2025-08-18T13:40:00.000,642.8,642.95,642.71,642.89,511963,5844,643.08
2025-08-18T13:45:00.000,642.9,642.91,642.725,642.86,191455,3766,643.07
2025-08-18T13:50:00.000,642.84,642.87,642.6514,642.8599,268208,4010,643.07
2025-08-18T13:55:00.000,642.85,642.915,642.7,642.7894,265224,4179,643.07
2025-08-18T14:00:00.000,642.79,642.79,642.5,642.685,351741,5445,643.06
2025-08-18T14:05:00.000,642.68,642.9393,642.6302,642.885,289200,4491,643.06
2025-08-18T14:10:00.000,642.8801,643.01,642.675,642.7,323640,4443,643.06
2025-08-18T14:15:00.000,642.705,642.77,642.44,642.645,328247,4680,643.05
2025-08-18T14:20:00.000,642.64,642.84,642.56,642.8,271151,4122,643.05
2025-08-18T14:25:00.000,642.79,642.955,642.64,642.7601,460219,3983,643.04
2025-08-18T14:30:00.000,642.75,643.0583,642.74,642.96,340001,4597,643.04
2025-08-18T14:35:00.000,642.96,643.095,642.83,642.905,361173,4681,643.04
2025-08-18T14:40:00.000,642.91,643.17,642.78,643.115,443959,5358,643.04
2025-08-18T14:45:00.000,643.12,643.24,643.03,643.1291,496788,4998,643.04
2025-08-18T14:50:00.000,643.13,643.515,643.12,643.4,538468,6459,643.05
2025-08-18T14:55:00.000,643.41,643.56,643.37,643.43,427117,5850,643.05
2025-08-18T15:00:00.000,643.43,643.535,643.3,643.4494,588552,5992,643.06
2025-08-18T15:05:00.000,643.45,643.56,643.335,643.38,328378,5002,643.06
2025-08-18T15:10:00.000,643.38,643.46,643.12,643.185,429440,5853,643.07
2025-08-18T15:15:00.000,643.18,643.425,643.0601,643.36,525618,6339,643.07
2025-08-18T15:20:00.000,643.36,643.4,643.21,643.26,537350,4528,643.07
2025-08-18T15:25:00.000,643.255,643.32,643.15,643.255,610001,5589,643.07
2025-08-18T15:30:00.000,643.25,643.275,643.145,643.2399,372985,5449,643.08
2025-08-18T15:35:00.000,643.24,643.59,643.22,643.32,1073113,8074,643.09
2025-08-18T15:40:00.000,643.31,643.48,643.27,643.455,638737,6626,643.09
2025-08-18T15:45:00.000,643.45,643.7201,643.45,643.58,1954224,10163,643.1
2025-08-18T15:50:00.000,643.58,644.0,643.31,643.805,1836859,13796,643.12
2025-08-18T15:55:00.000,643.8,643.85,643.16,643.27,2275609,21114,643.15
2025-08-18T16:00:00.000,643.28,643.28,643.28,643.28,464,1,643.15
2025-08-19T09:30:00.000,643.12,643.2596,641.9899,642.16,1838247,21637,642.55
2025-08-19T09:35:00.000,642.15,642.755,642.03,642.61,1117348,14468,642.5
2025-08-19T09:40:00.000,642.62,643.43,642.53,642.83,1365240,16821,642.69
2025-08-19T09:45:00.000,642.84,642.86,642.32,642.55,1121168,14608,642.66
2025-08-19T09:50:00.000,642.54,643.188,642.38,643.08,947219,12206,642.68
2025-08-19T09:55:00.000,643.085,643.21,642.82,642.87,616828,9026,642.7
2025-08-19T10:00:00.000,642.86,644.105,642.86,644.1,1134000,17296,642.82
2025-08-19T10:05:00.000,644.09,644.1,643.71,644.01,841481,12028,642.92
2025-08-19T10:10:00.000,644.01,644.1,643.59,643.77,680975,10818,642.98
2025-08-19T10:15:00.000,643.77,643.9,643.5,643.78,631025,9639,643.01
2025-08-19T10:20:00.000,643.79,643.9292,643.64,643.815,479474,8467,643.05
2025-08-19T10:25:00.000,643.8,643.88,642.82,643.03,1166189,14868,643.07
2025-08-19T10:30:00.000,643.04,643.54,642.785,643.36,962949,13141,643.08
2025-08-19T10:35:00.000,643.37,643.39,642.62,642.6995,844187,12200,643.06
2025-08-19T10:40:00.000,642.7,642.88,641.9099,642.28,1179727,15185,643.01
2025-08-19T10:45:00.000,642.29,642.29,641.65,641.895,1356561,16827,642.92
2025-08-19T10:50:00.000,641.92,642.17,641.73,642.14,1006170,13953,642.87
2025-08-19T10:55:00.000,642.1399,642.3,641.21,641.215,1005185,11799,642.81
2025-08-19T11:00:00.000,641.22,641.39,640.47,641.32,1624498,18865,642.67
2025-08-19T11:05:00.000,641.32,641.48,641.0165,641.31,836225,11766,642.62
2025-08-19T11:10:00.000,641.315,641.5601,640.88,641.43,682231,10719,642.57
2025-08-19T11:15:00.000,641.42,641.64,641.215,641.59,545467,8389,642.55
2025-08-19T11:20:00.000,641.59,641.645,641.1101,641.155,438576,7610,642.52
2025-08-19T11:25:00.000,641.155,641.695,641.06,641.61,442537,7480,642.5
2025-08-19T11:30:00.000,641.61,641.85,641.53,641.85,400883,7310,642.49
2025-08-19T11:35:00.000,641.84,641.91,641.2599,641.2925,517427,8550,642.47
2025-08-19T11:40:00.000,641.3,641.51,641.0919,641.32,771873,9264,642.44
2025-08-19T11:45:00.000,641.335,641.4187,641.04,641.12,428453,7285,642.42
2025-08-19T11:50:00.000,641.12,641.12,640.69,640.86,601924,8979,642.38
2025-08-19T11:55:00.000,640.85,640.95,640.62,640.75,536960,7720,642.35
2025-08-19T12:00:00.000,640.73,641.1,640.72,640.825,488357,7241,642.32
2025-08-19T12:05:00.000,640.83,640.91,640.35,640.42,441679,7087,642.3
2025-08-19T12:10:00.000,640.4201,640.54,640.17,640.23,809966,9631,642.24
2025-08-19T12:15:00.000,640.235,640.74,640.235,640.565,533526,8275,642.2
2025-08-19T12:20:00.000,640.56,640.87,640.45,640.63,299009,5377,642.19
2025-08-19T12:25:00.000,640.635,640.775,640.27,640.35,357098,6222,642.17
2025-08-19T12:30:00.000,640.36,640.5,640.15,640.42,521246,7428,642.13
2025-08-19T12:35:00.000,640.43,640.625,640.0,640.02,522257,7595,642.1
2025-08-19T12:40:00.000,640.03,640.11,639.6,639.79,948757,12144,642.03
2025-08-19T12:45:00.000,639.75,639.88,639.331,639.725,823849,10797,641.97
2025-08-19T12:50:00.000,639.69,640.04,639.525,639.62,572112,8094,641.93
2025-08-19T12:55:00.000,639.6471,639.725,639.46,639.67,538858,6553,641.9
2025-08-19T13:00:00.000,639.67,639.7593,639.29,639.3114,529009,7548,641.86
2025-08-19T13:05:00.000,639.31,639.4251,638.805,638.93,856742,10883,641.79
2025-08-19T13:10:00.000,638.92,639.555,638.895,639.535,659677,9189,641.74
2025-08-19T13:15:00.000,639.555,639.58,639.04,639.2001,598245,8214,641.69
2025-08-19T13:20:00.000,639.205,639.62,639.155,639.488109,427376,6261,641.67
2025-08-19T13:25:00.000,639.495,639.86,639.48,639.72,509486,6654,641.64
2025-08-19T13:30:00.000,639.71,639.91,639.65,639.795,350630,5996,641.62
2025-08-19T13:35:00.000,639.81,640.11,639.81,639.895,406818,6313,641.6
2025-08-19T13:40:00.000,639.88,640.09,639.87,639.945,478594,5829,641.58
2025-08-19T13:45:00.000,639.9446,640.025,639.625,639.772,528519,5629,641.56
2025-08-19T13:50:00.000,639.78,639.99,639.672,639.725,350551,5246,641.54
2025-08-19T13:55:00.000,639.725,640.03,639.71,639.83,322151,4651,641.53
2025-08-19T14:00:00.000,639.82,639.88,638.82,639.2299,687363,8754,641.49
2025-08-19T14:05:00.000,639.23,639.74,639.12,639.73,656338,7043,641.46
2025-08-19T14:10:00.000,639.72,639.76,639.17,639.1799,512959,6386,641.43
2025-08-19T14:15:00.000,639.17,639.31,639.03,639.1,470778,4768,641.41
2025-08-19T14:20:00.000,639.09,639.16,638.91,639.065,402745,5651,641.39
2025-08-19T14:25:00.000,639.0558,639.31,638.93,639.095,351697,5172,641.37
2025-08-19T14:30:00.000,639.095,639.195,638.83,638.91,366398,4827,641.35
2025-08-19T14:35:00.000,638.92,639.03,638.72,638.81,586454,6304,641.32
2025-08-19T14:40:00.000,638.8,639.11,638.66,638.91,742190,6387,641.29
2025-08-19T14:45:00.000,638.91,638.985,638.765,638.81,554911,5503,641.27
2025-08-19T14:50:00.000,638.81,639.17,638.71,639.17,414256,5476,641.24
2025-08-19T14:55:00.000,639.16,639.28,638.99,639.1,511245,6176,641.22
2025-08-19T15:00:00.000,639.12,639.13,638.48,638.84,779394,9301,641.17
2025-08-19T15:05:00.000,638.83,638.94,638.645,638.755,960392,9791,641.13
2025-08-19T15:10:00.000,638.74,638.92,638.68,638.735,521891,6539,641.1
2025-08-19T15:15:00.000,638.73,638.85,638.6,638.82,699629,7919,641.06
2025-08-19T15:20:00.000,638.81,639.25,638.72,639.25,856313,9161,641.02
2025-08-19T15:25:00.000,639.25,639.25,639.0642,639.205,761306,9703,640.99
2025-08-19T15:30:00.000,639.21,639.47,639.16,639.32,809757,8373,640.97
2025-08-19T15:35:00.000,639.31,639.38,639.175,639.26,752547,7253,640.95
2025-08-19T15:40:00.000,639.27,639.42,639.185,639.42,1222568,7295,640.93
2025-08-19T15:45:00.000,639.41,639.43,639.055,639.16,1022771,10223,640.89
2025-08-19T15:50:00.000,639.16,639.22,638.715,638.79,1461616,14720,640.84
2025-08-19T15:55:00.000,638.8,639.91,638.79,639.77,5232374,32312,640.71
2025-08-19T16:00:00.000,639.77,639.77,639.77,639.77,200,1,640.71
2025-08-20T09:30:00.000,639.4,639.66,638.395,638.765,2240018,27636,638.97
2025-08-20T09:35:00.000,638.76,639.07,638.47,638.495,1405102,18513,638.92
2025-08-20T09:40:00.000,638.5,638.87,638.105,638.17,1788868,21176,638.76
2025-08-20T09:45:00.000,638.17,638.21,637.37,637.385,1947061,25557,638.52
2025-08-20T09:50:00.000,637.39,637.39,635.41,635.5,3222891,39895,637.88
2025-08-20T09:55:00.000,635.51,635.98,634.96,635.39,2886784,33718,637.39
2025-08-20T10:00:00.000,635.38,636.29,635.28,635.55,2153891,25962,637.18
2025-08-20T10:05:00.000,635.57,635.64,634.23,634.36,1957282,24859,636.94
2025-08-20T10:10:00.000,634.37,634.83,634.19,634.43,2194930,26166,636.72
2025-08-20T10:15:00.000,634.45,634.74,633.67,634.615,1810582,22492,636.52
2025-08-20T10:20:00.000,634.62,635.2183,634.46,634.8384,1120863,18145,636.44
2025-08-20T10:25:00.000,634.84,635.14,633.88,633.92,1155460,16869,636.35
2025-08-20T10:30:00.000,633.94,634.17,633.59,634.112,1376757,15437,636.25
2025-08-20T10:35:00.000,634.11,634.42,633.74,633.86,800660,13181,636.19
2025-08-20T10:40:00.000,633.8892,633.95,633.4,633.535,901784,14536,636.1
2025-08-20T10:45:00.000,633.53,633.84,633.05,633.35,1088089,16299,636.0
2025-08-20T10:50:00.000,633.34,633.56,632.95,633.1365,919222,14517,635.91
2025-08-20T10:55:00.000,633.13,633.45,632.96,633.38,1281773,13265,635.83
2025-08-20T11:00:00.000,633.38,633.75,633.18,633.72,1049143,12765,635.76
2025-08-20T11:05:00.000,633.71,634.72,633.69,634.63,1089976,13962,635.72
2025-08-20T11:10:00.000,634.635,634.905,634.3765,634.83,923929,12943,635.68
2025-08-20T11:15:00.000,634.83,635.61,634.82,635.515,1108193,15426,635.67
2025-08-20T11:20:00.000,635.51,636.3,635.49,636.26,961207,13764,635.68
2025-08-20T11:25:00.000,636.26,636.43,635.89,636.375,1074304,13845,635.69
2025-08-20T11:30:00.000,636.35,636.835,636.09,636.75,959651,13465,635.71
2025-08-20T11:35:00.000,636.745,636.9,636.24,636.245,728829,11033,635.73
2025-08-20T11:40:00.000,636.26,636.82,636.16,636.275,834935,10871,635.74
2025-08-20T11:45:00.000,636.28,636.505,635.91,636.01,632271,9150,635.75
2025-08-20T11:50:00.000,636.01,636.03,634.93,635.1,788292,11205,635.74
2025-08-20T11:55:00.000,635.125,635.3299,634.72,635.15,621992,9356,635.73
2025-08-20T12:00:00.000,635.14,635.88,635.075,635.67,682009,9826,635.73
2025-08-20T12:05:00.000,635.67,635.79,635.385,635.63,444609,7506,635.73
2025-08-20T12:10:00.000,635.65,636.355,635.55,636.32,566911,8744,635.73
2025-08-20T12:15:00.000,636.33,636.79,636.29,636.755,624615,9165,635.75
2025-08-20T12:20:00.000,636.75,637.16,636.68,637.01,879058,10997,635.77
2025-08-20T12:25:00.000,637.0,637.4758,636.95,637.4207,906026,11579,635.8
2025-08-20T12:30:00.000,637.425,637.45,636.83,637.02,737853,10057,635.83
2025-08-20T12:35:00.000,637.0,637.155,636.595,636.91,453018,6663,635.83
2025-08-20T12:40:00.000,636.915,637.12,636.46,637.015,508598,7549,635.84
2025-08-20T12:45:00.000,637.01,637.1365,636.5,636.63,448758,7585,635.85
2025-08-20T12:50:00.000,636.63,636.85,636.305,636.581,518299,6916,635.86
2025-08-20T12:55:00.000,636.58,636.58,635.93,636.315,1001162,8706,635.86
2025-08-20T13:00:00.000,636.31,636.95,636.13,636.85,468880,6838,635.87
2025-08-20T13:05:00.000,636.84,637.125,636.41,637.03,359408,5770,635.88
2025-08-20T13:10:00.000,637.065,637.07,636.45,636.49,344539,5863,635.88
2025-08-20T13:15:00.000,636.5,636.95,636.28,636.85,295758,5617,635.89
2025-08-20T13:20:00.000,636.8599,637.21,636.49,636.54,448637,7325,635.9
2025-08-20T13:25:00.000,636.52,636.655,636.29,636.56,355469,5919,635.9
2025-08-20T13:30:00.000,636.56,637.57,636.51,637.48,479078,8315,635.91
2025-08-20T13:35:00.000,637.48,637.58,637.195,637.46,451860,7640,635.92
2025-08-20T13:40:00.000,637.48,637.655,637.34,637.6101,290311,5384,635.93
2025-08-20T13:45:00.000,637.63,637.96,637.555,637.645,489032,7601,635.95
2025-08-20T13:50:00.000,637.63,637.73,637.31,637.49,373619,6349,635.96
2025-08-20T13:55:00.000,637.48,637.5,637.01,637.198,512802,5886,635.97
2025-08-20T14:00:00.000,637.18,637.33,635.74,636.17,1560039,17013,635.98
2025-08-20T14:05:00.000,636.17,636.45,635.795,636.39,715236,9514,635.99
2025-08-20T14:10:00.000,636.38,636.52,635.63,636.015,576777,8019,635.99
2025-08-20T14:15:00.000,636.0,636.08,635.52,635.56,836134,9623,635.98
2025-08-20T14:20:00.000,635.56,635.97,635.21,635.86,773566,10884,635.98
2025-08-20T14:25:00.000,635.8624,636.11,635.67,635.83,608797,8158,635.98
2025-08-20T14:30:00.000,635.8316,636.32,635.75,636.2658,687538,8043,635.98
2025-08-20T14:35:00.000,636.25,636.71,635.99,636.685,638287,8349,635.98
2025-08-20T14:40:00.000,636.67,636.85,636.4849,636.735,584400,7742,635.99
2025-08-20T14:45:00.000,636.74,637.29,636.69,637.18,695639,9886,636.0
2025-08-20T14:50:00.000,637.17,637.38,636.92,637.06,697150,9397,636.02
2025-08-20T14:55:00.000,637.07,637.24,636.601,636.69,534798,8305,636.02
2025-08-20T15:00:00.000,636.69,637.14,636.69,637.09,502906,7744,636.03
2025-08-20T15:05:00.000,637.09,637.53,636.95,637.4649,624716,9041,636.04
2025-08-20T15:10:00.000,637.46,638.3,637.45,638.1821,991878,12906,636.07
2025-08-20T15:15:00.000,638.175,638.42,637.99,638.23,879683,10602,636.1
2025-08-20T15:20:00.000,638.235,638.8699,638.165,638.8,1140044,12887,636.14
2025-08-20T15:25:00.000,638.79,638.81,638.13,638.33,1149882,12843,636.18
2025-08-20T15:30:00.000,638.315,638.8,638.17,638.7,695663,10329,636.2
2025-08-20T15:35:00.000,638.7,638.905,638.43,638.475,1201118,10652,636.24
2025-08-20T15:40:00.000,638.49,638.79,638.4301,638.77,885847,10433,636.27
2025-08-20T15:45:00.000,638.78,639.0,638.615,638.94,1023317,12774,636.31
2025-08-20T15:50:00.000,638.94,639.06,638.36,638.83,2179457,22775,636.39
2025-08-20T15:55:00.000,638.81,639.02,637.805,638.07,3747110,37678,636.48
2025-08-20T16:00:00.000,638.05,638.05,638.05,638.05,5500,3,636.48
2025-08-21T09:30:00.000,636.28,636.51,635.25,635.8972,1831715,20025,635.87
2025-08-21T09:35:00.000,635.9,636.38,635.56,636.37,1074749,14442,635.91
2025-08-21T09:40:00.000,636.37,636.37,635.67,635.95,625853,9251,635.92
2025-08-21T09:45:00.000,636.03,636.24,634.31,636.14,1813862,20953,635.68
2025-08-21T09:50:00.000,636.12,636.175,635.34,635.87,1013811,13084,635.68
2025-08-21T09:55:00.000,635.87,636.0,635.045,635.13,799751,10792,635.65
2025-08-21T10:00:00.000,635.12,636.93,634.6,636.765,1206740,14890,635.7
2025-08-21T10:05:00.000,636.75,637.24,636.65,637.08,818752,10931,635.78
2025-08-21T10:10:00.000,637.07,637.4,636.72,637.135,597780,10607,635.86
2025-08-21T10:15:00.000,637.135,637.77,636.99,637.51,509286,8328,635.93
2025-08-21T10:20:00.000,637.48,637.74,637.3399,637.68,393078,6871,635.99
2025-08-21T10:25:00.000,637.68,637.97,637.22,637.89,583782,9043,636.07
2025-08-21T10:30:00.000,637.89,637.9,636.99,637.18,502472,7459,636.12
2025-08-21T10:35:00.000,637.19,637.23,636.23,636.265,451364,7678,636.14
2025-08-21T10:40:00.000,636.23,636.8199,636.1,636.81,512925,7773,636.15
2025-08-21T10:45:00.000,636.79,637.04,636.3506,636.3506,419817,6544,636.17
2025-08-21T10:50:00.000,636.4,637.06,636.4,637.0355,288478,5516,636.18
2025-08-21T10:55:00.000,637.0095,637.228,636.8,637.15,326890,6107,636.2
2025-08-21T11:00:00.000,637.16,637.4399,636.84,636.9458,397163,6392,636.23
2025-08-21T11:05:00.000,636.97,636.98,636.6,636.76,278690,5668,636.24
2025-08-21T11:10:00.000,636.77,636.855,635.455,635.53,699831,10244,636.23
2025-08-21T11:15:00.000,635.5,636.32,635.3,636.27,557906,7865,636.21
2025-08-21T11:20:00.000,636.25,637.26,636.02,637.03,646079,8480,636.23
2025-08-21T11:25:00.000,637.02,637.07,636.39,636.69,495959,7435,636.25
2025-08-21T11:30:00.000,636.7,637.4,636.62,637.27,420512,6354,636.26
2025-08-21T11:35:00.000,637.28,637.45,637.134,637.21,273975,5121,636.28
2025-08-21T11:40:00.000,637.2,637.59,636.99,637.36,331201,5492,636.3
2025-08-21T11:45:00.000,637.36,637.38,636.74,636.925,311460,5263,636.31
2025-08-21T11:50:00.000,636.92,636.96,635.68,635.78,559504,7398,636.31
2025-08-21T11:55:00.000,635.78,635.87,635.43,635.58,898580,8517,636.29
2025-08-21T12:00:00.000,635.58,635.72,635.0814,635.1,725394,9128,636.25
2025-08-21T12:05:00.000,635.11,635.47,635.06,635.195,615495,6548,636.23
2025-08-21T12:10:00.000,635.17,635.69,634.96,635.435,622954,6666,636.21
2025-08-21T12:15:00.000,635.44,635.89,635.42,635.8,434083,5994,636.2
2025-08-21T12:20:00.000,635.81,635.815,635.44,635.72,409898,4602,636.19
2025-08-21T12:25:00.000,635.72,635.72,634.98,635.25,334047,5057,636.17
2025-08-21T12:30:00.000,635.25,635.7,635.06,635.2,316134,4979,636.16
2025-08-21T12:35:00.000,635.2,635.57,634.985,635.495,496834,4733,636.15
2025-08-21T12:40:00.000,635.49,635.73,635.25,635.47,281810,4558,636.14
2025-08-21T12:45:00.000,635.45,635.58,635.0,635.3065,295098,4714,636.13
2025-08-21T12:50:00.000,635.28,636.0,635.28,635.84,486675,5386,636.12
2025-08-21T12:55:00.000,635.84,635.98,634.67,634.87,487371,6866,636.11
2025-08-21T13:00:00.000,634.87,635.23,634.67,635.2,408208,5732,636.09
2025-08-21T13:05:00.000,635.19,635.467,635.04,635.205,359291,5110,636.08
2025-08-21T13:10:00.000,635.22,635.22,634.63,634.68,322521,5213,636.06
2025-08-21T13:15:00.000,634.65,634.81,634.2,634.37,553833,7025,636.02
2025-08-21T13:20:00.000,634.37,634.5298,634.02,634.09,440038,6135,635.99
2025-08-21T13:25:00.000,634.115,634.53,633.81,634.435,776312,7269,635.96
2025-08-21T13:30:00.000,634.43,635.02,634.3399,635.01,611179,7058,635.94
2025-08-21T13:35:00.000,635.01,635.64,634.94,635.515,435912,6755,635.93
2025-08-21T13:40:00.000,635.54,635.87,635.5,635.745,796228,6670,635.92
2025-08-21T13:45:00.000,635.73,636.2,635.68,635.899,524435,6489,635.92
2025-08-21T13:50:00.000,635.9,636.04,635.435,635.76,562306,5753,635.92
2025-08-21T13:55:00.000,635.74,636.0,635.675,635.9199,319621,4260,635.92
2025-08-21T14:00:00.000,635.91,636.09,635.74,635.88,447922,5531,635.92
2025-08-21T14:05:00.000,635.89,636.02,635.52,635.7,342980,4727,635.92
2025-08-21T14:10:00.000,635.68,636.01,635.435,635.88,319508,4468,635.92
2025-08-21T14:15:00.000,635.89,636.145,635.715,636.0716,259265,4087,635.92
2025-08-21T14:20:00.000,636.08,636.19,635.73,636.03,348057,4562,635.92
2025-08-21T14:25:00.000,636.02,636.0399,635.48,635.5,396753,4108,635.92
2025-08-21T14:30:00.000,635.51,635.63,635.09,635.6,629523,6489,635.91
2025-08-21T14:35:00.000,635.6,636.025,635.55,635.935,446655,5614,635.91
2025-08-21T14:40:00.000,635.93,636.02,635.58,635.6,339098,4561,635.91
2025-08-21T14:45:00.000,635.6,635.6,635.21,635.56,367585,5296,635.9
2025-08-21T14:50:00.000,635.59,636.11,635.45,635.92,397903,5369,635.9
2025-08-21T14:55:00.000,635.92,636.27,635.64,636.12,476587,6182,635.9
2025-08-21T15:00:00.000,636.11,636.38,636.03,636.17,650072,7092,635.91
2025-08-21T15:05:00.000,636.17,636.52,636.125,636.365,378983,5375,635.91
2025-08-21T15:10:00.000,636.37,636.47,636.215,636.335,401882,5421,635.92
2025-08-21T15:15:00.000,636.35,636.36,635.98,636.12,443665,6127,635.92
2025-08-21T15:20:00.000,636.135,636.27,636.03,636.26,320963,4966,635.92
2025-08-21T15:25:00.000,636.26,636.32,635.89,635.94,365537,5547,635.92
2025-08-21T15:30:00.000,635.95,635.98,635.7,635.73,548855,6548,635.92
2025-08-21T15:35:00.000,635.73,635.79,635.415,635.57,655478,6994,635.92
2025-08-21T15:40:00.000,635.57,635.73,635.25,635.43,1046688,9509,635.91
2025-08-21T15:45:00.000,635.44,635.61,635.23,635.5199,1297525,11051,635.9
2025-08-21T15:50:00.000,635.5,635.87,635.325,635.67,1708005,14208,635.89
2025-08-21T15:55:00.000,635.67,635.8899,635.08,635.58,2769848,23776,635.86
2025-08-21T16:00:00.000,635.58,635.58,635.58,635.58,4648,3,635.86
2025-08-22T09:30:00.000,637.76,638.1,637.25,637.67,1245400,16022,637.75
2025-08-22T09:35:00.000,637.69,638.545,637.59,638.53,885752,11234,637.89
2025-08-22T09:40:00.000,638.53,639.43,638.3401,639.41,1109957,13993,638.28
2025-08-22T09:45:00.000,639.4,639.72,638.91,639.565,1309931,15130,638.59
2025-08-22T09:50:00.000,639.57,639.7,639.1007,639.2,944490,12298,638.72
2025-08-22T09:55:00.000,639.22,639.28,638.12,638.41,1125274,13044,638.7
2025-08-22T10:00:00.000,638.41,644.16,638.41,642.91,6120364,61676,640.75
2025-08-22T10:05:00.000,642.93,644.36,642.54,644.09,3754170,37787,641.32
2025-08-22T10:10:00.000,644.12,644.95,643.77,644.73,2180394,24210,641.65
2025-08-22T10:15:00.000,644.71,645.55,643.91,644.08,2773973,30505,642.05
2025-08-22T10:20:00.000,644.12,644.33,643.04,643.8415,1943357,21794,642.17
2025-08-22T10:25:00.000,643.84,644.7,643.47,644.11,1353385,16988,642.28
2025-08-22T10:30:00.000,644.1338,645.17,644.13,644.95,1170741,14597,642.39
2025-08-22T10:35:00.000,644.95,645.3584,644.69,644.82,949823,13481,642.48
2025-08-22T10:40:00.000,644.82,645.65,644.71,645.535,1003716,13631,642.57
2025-08-22T10:45:00.000,645.52,646.01,645.38,645.44,1128204,14467,642.7
2025-08-22T10:50:00.000,645.5199,645.83,645.26,645.78,1017230,12034,642.78
2025-08-22T10:55:00.000,645.76,646.17,645.63,645.6458,1165641,14171,642.9
2025-08-22T11:00:00.000,645.65,646.27,645.58,646.18,1128047,14509,643.01
2025-08-22T11:05:00.000,646.19,646.23,645.63,645.715,880956,11584,643.09
2025-08-22T11:10:00.000,645.7,646.225,645.47,645.54,1177568,12800,643.17
2025-08-22T11:15:00.000,645.54,646.07,645.47,645.95,797580,10052,643.23
2025-08-22T11:20:00.000,645.94,646.19,645.73,645.755,811332,10525,643.3
2025-08-22T11:25:00.000,645.76,646.065,645.62,646.0,886543,11699,643.36
2025-08-22T11:30:00.000,646.01,646.5,645.965,646.3899,644666,8926,643.41
2025-08-22T11:35:00.000,646.365,646.46,645.79,645.92,655795,9201,643.46
2025-08-22T11:40:00.000,645.94,646.15,645.81,646.05,614175,8733,643.5
2025-08-22T11:45:00.000,646.04,646.28,645.735,645.88,866839,10199,643.54
2025-08-22T11:50:00.000,645.87,645.94,645.62,645.72,678239,9829,643.58
2025-08-22T11:55:00.000,645.72,645.87,645.3,645.41,717286,10250,643.61
2025-08-22T12:00:00.000,645.415,645.91,645.3,645.88,573626,8390,643.64
2025-08-22T12:05:00.000,645.885,645.9,645.55,645.595,526515,7317,643.67
2025-08-22T12:10:00.000,645.61,645.76,645.225,645.41,452606,7147,643.69
2025-08-22T12:15:00.000,645.4,645.49,644.76,645.1,945487,12145,643.71
2025-08-22T12:20:00.000,645.09,645.47,644.995,645.12,516441,7137,643.73
2025-08-22T12:25:00.000,645.14,645.14,644.695,644.78,451544,6897,643.74
2025-08-22T12:30:00.000,644.78,645.28,644.78,645.17,298649,5608,643.75
2025-08-22T12:35:00.000,645.17,645.4407,645.01,645.02,342007,5797,643.76
2025-08-22T12:40:00.000,645.03,645.23,644.92,645.0999,379006,6290,643.77
2025-08-22T12:45:00.000,645.08,645.26,644.98,645.06,282192,5300,643.78
2025-08-22T12:50:00.000,645.06,645.18,644.652,644.785,292611,5397,643.79
2025-08-22T12:55:00.000,644.79,644.84,644.295,644.72,611453,8081,643.79
2025-08-22T13:00:00.000,644.7,645.41,644.7,645.28,642172,7151,643.81
2025-08-22T13:05:00.000,645.2757,645.59,645.22,645.3746,583474,6906,643.83
2025-08-22T13:10:00.000,645.38,645.76,645.25,645.6554,801448,8815,643.85
2025-08-22T13:15:00.000,645.66,645.8499,645.59,645.8,385732,5527,643.87
2025-08-22T13:20:00.000,645.79,646.15,645.735,646.0251,507472,6359,643.89
2025-08-22T13:25:00.000,646.02,646.26,645.99,646.15,501962,6902,643.91
2025-08-22T13:30:00.000,646.15,646.23,645.86,645.94,505830,7385,643.93
2025-08-22T13:35:00.000,645.935,646.185,645.9,646.13,302775,4715,643.95
2025-08-22T13:40:00.000,646.14,646.23,645.97,646.2249,268405,4481,643.96
2025-08-22T13:45:00.000,646.23,646.4,646.0199,646.03,461286,5530,643.97
2025-08-22T13:50:00.000,646.02,646.19,646.015,646.17,291885,4341,643.99
2025-08-22T13:55:00.000,646.18,646.32,645.69,645.77,465696,6073,644.01
2025-08-22T14:00:00.000,645.785,646.04,645.775,645.93,401973,5488,644.02
2025-08-22T14:05:00.000,645.93,645.96,645.54,645.69,502021,6301,644.04
2025-08-22T14:10:00.000,645.69,645.81,645.55,645.625,718650,6369,644.05
2025-08-22T14:15:00.000,645.64,645.6716,645.4,645.44,493026,6189,644.07
2025-08-22T14:20:00.000,645.445,645.62,645.285,645.505,584249,7115,644.08
2025-08-22T14:25:00.000,645.5,645.68,645.34,645.385,613226,6304,644.09
2025-08-22T14:30:00.000,645.44,645.74,645.41,645.6795,571312,6952,644.11
2025-08-22T14:35:00.000,645.67,645.86,645.5025,645.6,644967,7628,644.13
2025-08-22T14:40:00.000,645.59,645.61,645.255,645.42,627607,6344,644.14
2025-08-22T14:45:00.000,645.41,645.78,645.37,645.66,515911,5813,644.15
2025-08-22T14:50:00.000,645.66,645.775,645.445,645.66,472781,6069,644.17
2025-08-22T14:55:00.000,645.665,645.665,645.31,645.45,550896,7435,644.18
2025-08-22T15:00:00.000,645.45,645.64,645.405,645.58,551486,7290,644.19
2025-08-22T15:05:00.000,645.58,645.63,645.29,645.3488,452097,6617,644.2
2025-08-22T15:10:00.000,645.34,645.4089,645.19,645.33,610655,7860,644.21
2025-08-22T15:15:00.000,645.32,645.365,645.12,645.1772,678139,8567,644.22
2025-08-22T15:20:00.000,645.17,645.37,645.0601,645.34,866341,10010,644.24
2025-08-22T15:25:00.000,645.33,645.42,645.052,645.08,985215,10798,644.25
2025-08-22T15:30:00.000,645.07,645.2699,644.81,645.025,1154586,12149,644.26
2025-08-22T15:35:00.000,645.0293,645.03,644.37,644.485,1156667,13552,644.27
2025-08-22T15:40:00.000,644.49,644.85,644.295,644.83,1636265,18612,644.28
2025-08-22T15:45:00.000,644.82,645.23,644.77,645.0,1623024,17427,644.3
2025-08-22T15:50:00.000,645.0,645.455,645.0,645.19,2573488,24059,644.33
2025-08-22T15:55:00.000,645.18,645.4499,644.63,645.27,5720598,39508,644.39
2025-08-22T16:00:00.000,645.25,645.26,645.25,645.26,6500,4,644.39
2025-08-23T09:30:00.000,0.0,0.0,0.0,0.0,0,0,0.0
2025-08-23T09:35:00.000,0.0,0.0,0.0,0.0,0,0,0.0
2025-08-23T09:40:00.000,0.0,0.0,0.0,0.0,0,0,0.0
2025-08-23T09:45:00.000,0.0,0.0,0.0,0.0,0,0,0.0
2025-08-23T09:50:00.000,0.0,0.0,0.0,0.0,0,0,0.0
2025-08-23T09:55:00.000,0.0,0.0,0.0,0.0,0,0,0.0
2025-08-23T10:00:00.000,0.0,0.0,0.0,0.0,0,0,0.0
2025-08-23T10:05:00.000,0.0,0.0,0.0,0.0,0,0,0.0
2025-08-23T10:10:00.000,0.0,0.0,0.0,0.0,0,0,0.0
2025-08-23T10:15:00.000,0.0,0.0,0.0,0.0,0,0,0.0
2025-08-23T10:20:00.000,0.0,0.0,0.0,0.0,0,0,0.0
2025-08-23T10:25:00.000,0.0,0.0,0.0,0.0,0,0,0.0
2025-08-23T10:30:00.000,0.0,0.0,0.0,0.0,0,0,0.0
2025-08-23T10:35:00.000,0.0,0.0,0.0,0.0,0,0,0.0
2025-08-23T10:40:00.000,0.0,0.0,0.0,0.0,0,0,0.0
2025-08-23T10:45:00.000,0.0,0.0,0.0,0.0,0,0,0.0
2025-08-23T10:50:00.000,0.0,0.0,0.0,0.0,0,0,0.0
2025-08-23T10:55:00.000,0.0,0.0,0.0,0.0,0,0,0.0
2025-08-23T11:00:00.000,0.0,0.0,0.0,0.0,0,0,0.0
2025-08-23T11:05:00.000,0.0,0.0,0.0,0.0,0,0,0.0
2025-08-23T11:10:00.000,0.0,0.0,0.0,0.0,0,0,0.0
2025-08-23T11:15:00.000,0.0,0.0,0.0,0.0,0,0,0.0
2025-08-23T11:20:00.000,0.0,0.0,0.0,0.0,0,0,0.0
2025-08-23T11:25:00.000,0.0,0.0,0.0,0.0,0,0,0.0
2025-08-23T11:30:00.000,0.0,0.0,0.0,0.0,0,0,0.0
2025-08-23T11:35:00.000,0.0,0.0,0.0,0.0,0,0,0.0
2025-08-23T11:40:00.000,0.0,0.0,0.0,0.0,0,0,0.0
2025-08-23T11:45:00.000,0.0,0.0,0.0,0.0,0,0,0.0
2025-08-23T11:50:00.000,0.0,0.0,0.0,0.0,0,0,0.0
2025-08-23T11:55:00.000,0.0,0.0,0.0,0.0,0,0,0.0
2025-08-23T12:00:00.000,0.0,0.0,0.0,0.0,0,0,0.0
2025-08-23T12:05:00.000,0.0,0.0,0.0,0.0,0,0,0.0
2025-08-23T12:10:00.000,0.0,0.0,0.0,0.0,0,0,0.0
2025-08-23T12:15:00.000,0.0,0.0,0.0,0.0,0,0,0.0
2025-08-23T12:20:00.000,0.0,0.0,0.0,0.0,0,0,0.0
2025-08-23T12:25:00.000,0.0,0.0,0.0,0.0,0,0,0.0
2025-08-23T12:30:00.000,0.0,0.0,0.0,0.0,0,0,0.0
2025-08-23T12:35:00.000,0.0,0.0,0.0,0.0,0,0,0.0
2025-08-23T12:40:00.000,0.0,0.0,0.0,0.0,0,0,0.0
2025-08-23T12:45:00.000,0.0,0.0,0.0,0.0,0,0,0.0
2025-08-23T12:50:00.000,0.0,0.0,0.0,0.0,0,0,0.0
2025-08-23T12:55:00.000,0.0,0.0,0.0,0.0,0,0,0.0
2025-08-23T13:00:00.000,0.0,0.0,0.0,0.0,0,0,0.0
2025-08-23T13:05:00.000,0.0,0.0,0.0,0.0,0,0,0.0
2025-08-23T13:10:00.000,0.0,0.0,0.0,0.0,0,0,0.0
2025-08-23T13:15:00.000,0.0,0.0,0.0,0.0,0,0,0.0
2025-08-23T13:20:00.000,0.0,0.0,0.0,0.0,0,0,0.0
2025-08-23T13:25:00.000,0.0,0.0,0.0,0.0,0,0,0.0
2025-08-23T13:30:00.000,0.0,0.0,0.0,0.0,0,0,0.0
2025-08-23T13:35:00.000,0.0,0.0,0.0,0.0,0,0,0.0
2025-08-23T13:40:00.000,0.0,0.0,0.0,0.0,0,0,0.0
2025-08-23T13:45:00.000,0.0,0.0,0.0,0.0,0,0,0.0
2025-08-23T13:50:00.000,0.0,0.0,0.0,0.0,0,0,0.0
2025-08-23T13:55:00.000,0.0,0.0,0.0,0.0,0,0,0.0
2025-08-23T14:00:00.000,0.0,0.0,0.0,0.0,0,0,0.0
2025-08-23T14:05:00.000,0.0,0.0,0.0,0.0,0,0,0.0
2025-08-23T14:10:00.000,0.0,0.0,0.0,0.0,0,0,0.0
2025-08-23T14:15:00.000,0.0,0.0,0.0,0.0,0,0,0.0
2025-08-23T14:20:00.000,0.0,0.0,0.0,0.0,0,0,0.0
2025-08-23T14:25:00.000,0.0,0.0,0.0,0.0,0,0,0.0
2025-08-23T14:30:00.000,0.0,0.0,0.0,0.0,0,0,0.0
2025-08-23T14:35:00.000,0.0,0.0,0.0,0.0,0,0,0.0
2025-08-23T14:40:00.000,0.0,0.0,0.0,0.0,0,0,0.0
2025-08-23T14:45:00.000,0.0,0.0,0.0,0.0,0,0,0.0
2025-08-23T14:50:00.000,0.0,0.0,0.0,0.0,0,0,0.0
2025-08-23T14:55:00.000,0.0,0.0,0.0,0.0,0,0,0.0
2025-08-23T15:00:00.000,0.0,0.0,0.0,0.0,0,0,0.0
2025-08-23T15:05:00.000,0.0,0.0,0.0,0.0,0,0,0.0
2025-08-23T15:10:00.000,0.0,0.0,0.0,0.0,0,0,0.0
2025-08-23T15:15:00.000,0.0,0.0,0.0,0.0,0,0,0.0
2025-08-23T15:20:00.000,0.0,0.0,0.0,0.0,0,0,0.0
2025-08-23T15:25:00.000,0.0,0.0,0.0,0.0,0,0,0.0
2025-08-23T15:30:00.000,0.0,0.0,0.0,0.0,0,0,0.0
2025-08-23T15:35:00.000,0.0,0.0,0.0,0.0,0,0,0.0
2025-08-23T15:40:00.000,0.0,0.0,0.0,0.0,0,0,0.0
2025-08-23T15:45:00.000,0.0,0.0,0.0,0.0,0,0,0.0
2025-08-23T15:50:00.000,0.0,0.0,0.0,0.0,0,0,0.0
2025-08-23T15:55:00.000,0.0,0.0,0.0,0.0,0,0,0.0
2025-08-23T16:00:00.000,0.0,0.0,0.0,0.0,0,0,0.0
2025-08-24T09:30:00.000,0.0,0.0,0.0,0.0,0,0,0.0
2025-08-24T09:35:00.000,0.0,0.0,0.0,0.0,0,0,0.0
2025-08-24T09:40:00.000,0.0,0.0,0.0,0.0,0,0,0.0
2025-08-24T09:45:00.000,0.0,0.0,0.0,0.0,0,0,0.0
2025-08-24T09:50:00.000,0.0,0.0,0.0,0.0,0,0,0.0
2025-08-24T09:55:00.000,0.0,0.0,0.0,0.0,0,0,0.0
2025-08-24T10:00:00.000,0.0,0.0,0.0,0.0,0,0,0.0
2025-08-24T10:05:00.000,0.0,0.0,0.0,0.0,0,0,0.0
2025-08-24T10:10:00.000,0.0,0.0,0.0,0.0,0,0,0.0
2025-08-24T10:15:00.000,0.0,0.0,0.0,0.0,0,0,0.0
2025-08-24T10:20:00.000,0.0,0.0,0.0,0.0,0,0,0.0
2025-08-24T10:25:00.000,0.0,0.0,0.0,0.0,0,0,0.0
2025-08-24T10:30:00.000,0.0,0.0,0.0,0.0,0,0,0.0
2025-08-24T10:35:00.000,0.0,0.0,0.0,0.0,0,0,0.0
2025-08-24T10:40:00.000,0.0,0.0,0.0,0.0,0,0,0.0
2025-08-24T10:45:00.000,0.0,0.0,0.0,0.0,0,0,0.0
2025-08-24T10:50:00.000,0.0,0.0,0.0,0.0,0,0,0.0
2025-08-24T10:55:00.000,0.0,0.0,0.0,0.0,0,0,0.0
2025-08-24T11:00:00.000,0.0,0.0,0.0,0.0,0,0,0.0
2025-08-24T11:05:00.000,0.0,0.0,0.0,0.0,0,0,0.0
2025-08-24T11:10:00.000,0.0,0.0,0.0,0.0,0,0,0.0
2025-08-24T11:15:00.000,0.0,0.0,0.0,0.0,0,0,0.0
2025-08-24T11:20:00.000,0.0,0.0,0.0,0.0,0,0,0.0
2025-08-24T11:25:00.000,0.0,0.0,0.0,0.0,0,0,0.0
2025-08-24T11:30:00.000,0.0,0.0,0.0,0.0,0,0,0.0
2025-08-24T11:35:00.000,0.0,0.0,0.0,0.0,0,0,0.0
2025-08-24T11:40:00.000,0.0,0.0,0.0,0.0,0,0,0.0
2025-08-24T11:45:00.000,0.0,0.0,0.0,0.0,0,0,0.0
2025-08-24T11:50:00.000,0.0,0.0,0.0,0.0,0,0,0.0
2025-08-24T11:55:00.000,0.0,0.0,0.0,0.0,0,0,0.0
2025-08-24T12:00:00.000,0.0,0.0,0.0,0.0,0,0,0.0
2025-08-24T12:05:00.000,0.0,0.0,0.0,0.0,0,0,0.0
2025-08-24T12:10:00.000,0.0,0.0,0.0,0.0,0,0,0.0
2025-08-24T12:15:00.000,0.0,0.0,0.0,0.0,0,0,0.0
2025-08-24T12:20:00.000,0.0,0.0,0.0,0.0,0,0,0.0
2025-08-24T12:25:00.000,0.0,0.0,0.0,0.0,0,0,0.0
2025-08-24T12:30:00.000,0.0,0.0,0.0,0.0,0,0,0.0
2025-08-24T12:35:00.000,0.0,0.0,0.0,0.0,0,0,0.0
2025-08-24T12:40:00.000,0.0,0.0,0.0,0.0,0,0,0.0
2025-08-24T12:45:00.000,0.0,0.0,0.0,0.0,0,0,0.0
2025-08-24T12:50:00.000,0.0,0.0,0.0,0.0,0,0,0.0
2025-08-24T12:55:00.000,0.0,0.0,0.0,0.0,0,0,0.0
2025-08-24T13:00:00.000,0.0,0.0,0.0,0.0,0,0,0.0
2025-08-24T13:05:00.000,0.0,0.0,0.0,0.0,0,0,0.0
2025-08-24T13:10:00.000,0.0,0.0,0.0,0.0,0,0,0.0
2025-08-24T13:15:00.000,0.0,0.0,0.0,0.0,0,0,0.0
2025-08-24T13:20:00.000,0.0,0.0,0.0,0.0,0,0,0.0
2025-08-24T13:25:00.000,0.0,0.0,0.0,0.0,0,0,0.0
2025-08-24T13:30:00.000,0.0,0.0,0.0,0.0,0,0,0.0
2025-08-24T13:35:00.000,0.0,0.0,0.0,0.0,0,0,0.0
2025-08-24T13:40:00.000,0.0,0.0,0.0,0.0,0,0,0.0
2025-08-24T13:45:00.000,0.0,0.0,0.0,0.0,0,0,0.0
2025-08-24T13:50:00.000,0.0,0.0,0.0,0.0,0,0,0.0
2025-08-24T13:55:00.000,0.0,0.0,0.0,0.0,0,0,0.0
2025-08-24T14:00:00.000,0.0,0.0,0.0,0.0,0,0,0.0
2025-08-24T14:05:00.000,0.0,0.0,0.0,0.0,0,0,0.0
2025-08-24T14:10:00.000,0.0,0.0,0.0,0.0,0,0,0.0
2025-08-24T14:15:00.000,0.0,0.0,0.0,0.0,0,0,0.0
2025-08-24T14:20:00.000,0.0,0.0,0.0,0.0,0,0,0.0
2025-08-24T14:25:00.000,0.0,0.0,0.0,0.0,0,0,0.0
2025-08-24T14:30:00.000,0.0,0.0,0.0,0.0,0,0,0.0
2025-08-24T14:35:00.000,0.0,0.0,0.0,0.0,0,0,0.0
2025-08-24T14:40:00.000,0.0,0.0,0.0,0.0,0,0,0.0
2025-08-24T14:45:00.000,0.0,0.0,0.0,0.0,0,0,0.0
2025-08-24T14:50:00.000,0.0,0.0,0.0,0.0,0,0,0.0
2025-08-24T14:55:00.000,0.0,0.0,0.0,0.0,0,0,0.0
2025-08-24T15:00:00.000,0.0,0.0,0.0,0.0,0,0,0.0
2025-08-24T15:05:00.000,0.0,0.0,0.0,0.0,0,0,0.0
2025-08-24T15:10:00.000,0.0,0.0,0.0,0.0,0,0,0.0
2025-08-24T15:15:00.000,0.0,0.0,0.0,0.0,0,0,0.0
2025-08-24T15:20:00.000,0.0,0.0,0.0,0.0,0,0,0.0
2025-08-24T15:25:00.000,0.0,0.0,0.0,0.0,0,0,0.0
2025-08-24T15:30:00.000,0.0,0.0,0.0,0.0,0,0,0.0
2025-08-24T15:35:00.000,0.0,0.0,0.0,0.0,0,0,0.0
2025-08-24T15:40:00.000,0.0,0.0,0.0,0.0,0,0,0.0
2025-08-24T15:45:00.000,0.0,0.0,0.0,0.0,0,0,0.0
2025-08-24T15:50:00.000,0.0,0.0,0.0,0.0,0,0,0.0
2025-08-24T15:55:00.000,0.0,0.0,0.0,0.0,0,0,0.0
2025-08-24T16:00:00.000,0.0,0.0,0.0,0.0,0,0,0.0
2025-08-25T09:30:00.000,644.04,644.27,643.41,643.745,1837083,26355,643.83
2025-08-25T09:35:00.000,643.74,644.35,643.71,644.08,1153697,15443,643.89
2025-08-25T09:40:00.000,644.1,644.369,643.8,644.125,986566,13603,643.93
2025-08-25T09:45:00.000,644.13,644.14,643.63,644.06,945268,13525,643.92
2025-08-25T09:50:00.000,644.05,644.17,643.72,643.9,896098,12209,643.92
2025-08-25T09:55:00.000,643.89,644.34,643.76,644.34,805160,11742,643.94
2025-08-25T10:00:00.000,644.33,644.67,643.96,644.29,1045927,15357,643.98
2025-08-25T10:05:00.000,644.29,644.515,644.15,644.44,714025,11704,644.01
2025-08-25T10:10:00.000,644.44,644.46,643.81,644.195,897000,17209,644.02
2025-08-25T10:15:00.000,644.19,644.3,644.03,644.08,680855,11819,644.03
2025-08-25T10:20:00.000,644.08,644.29,643.76,644.09,615933,11311,644.03
2025-08-25T10:25:00.000,644.08,644.29,643.905,644.15,529908,11764,644.03
2025-08-25T10:30:00.000,644.15,644.27,643.94,644.115,520900,12082,644.03
2025-08-25T10:35:00.000,644.12,644.3894,644.07,644.085,455998,9782,644.04
2025-08-25T10:40:00.000,644.08,644.18,643.75,643.96,510004,10229,644.04
2025-08-25T10:45:00.000,643.96,644.4,643.74,644.375,555822,9829,644.04
2025-08-25T10:50:00.000,644.36,644.46,644.12,644.2266,450150,8435,644.05
2025-08-25T10:55:00.000,644.21,644.46,643.9701,644.42,410532,7994,644.05
2025-08-25T11:00:00.000,644.41,644.55,644.23,644.53,457149,8210,644.06
2025-08-25T11:05:00.000,644.51,644.62,644.4,644.59,397108,7522,644.07
2025-08-25T11:10:00.000,644.61,644.8,644.36,644.75,696913,10330,644.1
2025-08-25T11:15:00.000,644.75,644.91,644.69,644.7439,430274,8165,644.11
2025-08-25T11:20:00.000,644.765,645.0301,644.75,644.975,424001,8031,644.13
2025-08-25T11:25:00.000,644.975,645.05,644.89,644.91,418897,7038,644.15
2025-08-25T11:30:00.000,644.91,645.01,644.73,644.76,414968,7709,644.17
2025-08-25T11:35:00.000,644.7676,644.87,644.55,644.74,438096,7499,644.18
2025-08-25T11:40:00.000,644.73,644.79,644.505,644.74,350063,6722,644.19
2025-08-25T11:45:00.000,644.74,644.82,644.555,644.615,347133,6428,644.2
2025-08-25T11:50:00.000,644.62,645.01,644.6,644.88,360371,6354,644.21
2025-08-25T11:55:00.000,644.87,645.065,644.79,644.97,343111,6518,644.22
2025-08-25T12:00:00.000,644.96,645.09,644.9,645.01,385973,6519,644.24
2025-08-25T12:05:00.000,644.99,645.145,644.93,645.0,330860,5993,644.25
2025-08-25T12:10:00.000,644.99,645.08,644.865,645.05,298532,4990,644.26
2025-08-25T12:15:00.000,645.04,645.09,644.79,644.82,354313,5942,644.27
2025-08-25T12:20:00.000,644.825,645.07,644.825,645.01,339045,5665,644.28
2025-08-25T12:25:00.000,645.01,645.09,644.91,644.94,249795,4843,644.29
2025-08-25T12:30:00.000,644.94,644.99,644.82,644.9899,257162,4491,644.3
2025-08-25T12:35:00.000,644.98,645.04,644.83,645.015,289484,4758,644.3
2025-08-25T12:40:00.000,645.015,645.24,644.9822,645.1805,295526,5380,644.31
2025-08-25T12:45:00.000,645.18,645.29,645.035,645.12,275032,5313,644.33
2025-08-25T12:50:00.000,645.11,645.15,644.89,645.0,495753,6350,644.34
2025-08-25T12:55:00.000,645.01,645.095,644.89,644.995,256145,5274,644.35
2025-08-25T13:00:00.000,644.9813,645.015,644.41,644.555,473095,7212,644.35
2025-08-25T13:05:00.000,644.55,644.8199,644.5,644.79,375546,5703,644.36
2025-08-25T13:10:00.000,644.78,644.955,644.72,644.76,270566,4620,644.36
2025-08-25T13:15:00.000,644.76,644.83,644.67,644.7442,238787,4504,644.37
2025-08-25T13:20:00.000,644.75,644.78,644.58,644.66,262394,4747,644.37
2025-08-25T13:25:00.000,644.65,644.68,644.445,644.67,305351,5417,644.37
2025-08-25T13:30:00.000,644.66,644.82,644.54,644.56,335829,6600,644.38
2025-08-25T13:35:00.000,644.555,644.595,644.38,644.39,314318,5477,644.38
2025-08-25T13:40:00.000,644.39,644.4,644.025,644.37,652938,8248,644.37
2025-08-25T13:45:00.000,644.38,644.65,644.36,644.6,300567,5217,644.38
2025-08-25T13:50:00.000,644.6,644.72,644.53,644.595,284265,4839,644.38
2025-08-25T13:55:00.000,644.5901,644.645,644.44,644.505,280290,4289,644.38
2025-08-25T14:00:00.000,644.5011,644.54,644.25,644.35,352334,5342,644.38
2025-08-25T14:05:00.000,644.35,644.5,644.25,644.44,796504,5158,644.38
2025-08-25T14:10:00.000,644.45,644.56,644.3,644.53,249319,4347,644.38
2025-08-25T14:15:00.000,644.54,644.565,644.24,644.2499,316704,4618,644.38
2025-08-25T14:20:00.000,644.245,644.37,643.94,644.22,683002,7675,644.38
2025-08-25T14:25:00.000,644.21,644.29,644.06,644.17,384542,5249,644.37
2025-08-25T14:30:00.000,644.165,644.22,644.065,644.14,2558004,5158,644.37
2025-08-25T14:35:00.000,644.11,644.26,644.06,644.12,456995,4435,644.37
2025-08-25T14:40:00.000,644.11,644.185,643.99,644.0549,361643,4555,644.36
2025-08-25T14:45:00.000,644.05,644.25,643.895,644.19,359090,5123,644.36
2025-08-25T14:50:00.000,644.19,644.28,644.1,644.11,475544,5176,644.36
2025-08-25T14:55:00.000,644.11,644.24,643.9301,643.94,319444,4923,644.36
2025-08-25T15:00:00.000,643.97,644.04,643.77,643.8801,484028,6426,644.35
2025-08-25T15:05:00.000,643.88,644.04,643.83,644.04,454172,6427,644.34
2025-08-25T15:10:00.000,644.03,644.15,643.9801,643.985,355992,5323,644.34
2025-08-25T15:15:00.000,643.99,644.01,643.62,643.75,757571,9171,644.33
2025-08-25T15:20:00.000,643.75,643.85,643.66,643.7235,514538,6313,644.32
2025-08-25T15:25:00.000,643.73,643.82,643.62,643.69,449421,6392,644.31
2025-08-25T15:30:00.000,643.69,643.775,643.595,643.66,477429,5427,644.3
2025-08-25T15:35:00.000,643.65,643.79,643.61,643.775,500339,6269,644.29
2025-08-25T15:40:00.000,643.77,643.84,643.545,643.579,609347,7163,644.28
2025-08-25T15:45:00.000,643.57,643.62,643.4,643.52,997496,9909,644.26
2025-08-25T15:50:00.000,643.53,643.68,643.35,643.5,1996792,15677,644.22
2025-08-25T15:55:00.000,643.5,643.53,642.35,642.47,3920994,28976,644.1
2025-08-25T16:00:00.000,642.48,642.48,642.48,642.48,3300,1,644.1
2025-08-26T09:30:00.000,642.2,642.81,641.93,642.6099,1217584,15877,642.36
2025-08-26T09:35:00.000,642.605,642.66,641.98,642.31,793088,10848,642.35
2025-08-26T09:40:00.000,642.28,642.8499,642.27,642.74,750452,10626,642.41
2025-08-26T09:45:00.000,642.73,642.78,641.57,641.75,1104279,14212,642.32
2025-08-26T09:50:00.000,641.76,642.77,641.71,642.611,1006300,12673,642.31
2025-08-26T09:55:00.000,642.61,642.66,642.26,642.555,547316,7874,642.32
2025-08-26T10:00:00.000,642.492,642.86,642.49,642.7,787561,12634,642.36
2025-08-26T10:05:00.000,642.72,642.81,642.46,642.65,631429,10805,642.38
2025-08-26T10:10:00.000,642.655,643.03,642.38,642.7835,680186,11441,642.41
2025-08-26T10:15:00.000,642.78,643.06,642.675,642.725,559429,8852,642.44
2025-08-26T10:20:00.000,642.73,643.26,642.71,643.18,805271,10892,642.5
2025-08-26T10:25:00.000,643.17,643.27,642.935,643.08,485421,8463,642.54
2025-08-26T10:30:00.000,643.065,643.18,642.8204,642.88,463946,8037,642.56
2025-08-26T10:35:00.000,642.89,643.105,642.66,642.685,393872,6902,642.57
2025-08-26T10:40:00.000,642.68,642.91,642.49,642.905,419888,7880,642.57
2025-08-26T10:45:00.000,642.91,643.01,642.54,642.725,423624,7256,642.58
2025-08-26T10:50:00.000,642.735,642.878,642.6,642.84,366510,6458,642.58
2025-08-26T10:55:00.000,642.85,643.09,642.67,642.6919,482895,7593,642.6
2025-08-26T11:00:00.000,642.7,642.88,642.56,642.755,308978,5794,642.6
2025-08-26T11:05:00.000,642.75,642.865,642.52,642.555,207508,4559,642.6
2025-08-26T11:10:00.000,642.56,642.78,642.32,642.74,628343,8109,642.59
2025-08-26T11:15:00.000,642.73,642.795,642.295,642.615,437762,5811,642.59
2025-08-26T11:20:00.000,642.615,642.88,642.595,642.83,284216,5754,642.59
2025-08-26T11:25:00.000,642.83,642.87,642.4,642.44,291551,5753,642.59
2025-08-26T11:30:00.000,642.41,642.639,642.33,642.34,289915,5320,642.59
2025-08-26T11:35:00.000,642.335,642.76,642.2914,642.7,234707,4879,642.59
2025-08-26T11:40:00.000,642.69,642.77,642.599,642.68,202079,4343,642.59
2025-08-26T11:45:00.000,642.69,642.78,642.45,642.495,178720,4146,642.59
2025-08-26T11:50:00.000,642.5,642.83,642.395,642.7699,402803,5246,642.59
2025-08-26T11:55:00.000,642.78,642.91,642.69,642.75,220894,4207,642.6
2025-08-26T12:00:00.000,642.76,643.09,642.76,643.035,347234,5652,642.6
2025-08-26T12:05:00.000,643.04,643.08,642.9,642.975,277187,4751,642.61
2025-08-26T12:10:00.000,642.98,643.24,642.955,643.24,297352,5087,642.62
2025-08-26T12:15:00.000,643.23,643.47,643.21,643.41,619996,7048,642.64
2025-08-26T12:20:00.000,643.41,643.55,643.17,643.235,836870,6464,642.66
2025-08-26T12:25:00.000,643.24,643.38,643.11,643.33,283275,4755,642.67
2025-08-26T12:30:00.000,643.33,643.4199,643.29,643.35,198445,3840,642.68
2025-08-26T12:35:00.000,643.355,643.4399,643.29,643.29,203201,3979,642.68
2025-08-26T12:40:00.000,643.275,643.5,643.27,643.395,240868,4128,642.69
2025-08-26T12:45:00.000,643.4,643.47,643.2,643.22,369446,5293,642.71
2025-08-26T12:50:00.000,643.23,643.36,643.1,643.2,224023,4345,642.71
2025-08-26T12:55:00.000,643.22,643.36,643.1342,643.32,165488,3252,642.72
2025-08-26T13:00:00.000,643.3,643.43,643.2,643.38,199357,3781,642.72
2025-08-26T13:05:00.000,643.38,643.47,643.17,643.18,206970,3548,642.73
2025-08-26T13:10:00.000,643.14,643.31,642.89,643.29,371430,5873,642.73
2025-08-26T13:15:00.000,643.29,643.29,643.085,643.12,171174,3353,642.74
2025-08-26T13:20:00.000,643.12,643.342,643.12,643.315,222644,3341,642.74
2025-08-26T13:25:00.000,643.31,643.59,643.28,643.51,382521,5157,642.76
2025-08-26T13:30:00.000,643.5,643.581,643.155,643.19,357598,5945,642.77
2025-08-26T13:35:00.000,643.17,643.29,643.07,643.14,208678,4084,642.77
2025-08-26T13:40:00.000,643.13,643.13,642.88,643.03,361744,4675,642.77
2025-08-26T13:45:00.000,643.03,643.065,642.89,642.96,251631,3699,642.78
2025-08-26T13:50:00.000,642.97,643.03,642.47,642.5312,503902,5175,642.78
2025-08-26T13:55:00.000,642.525,642.92,642.435,642.86,393431,6210,642.78
2025-08-26T14:00:00.000,642.86,643.06,642.79,642.98,306660,4578,642.78
2025-08-26T14:05:00.000,642.97,643.16,642.8972,643.135,339993,4797,642.78
2025-08-26T14:10:00.000,643.14,643.4,643.1,643.26,410507,5581,642.79
2025-08-26T14:15:00.000,643.26,643.48,643.255,643.4601,1717914,4260,642.8
2025-08-26T14:20:00.000,643.47,643.47,643.3124,643.39,316735,4478,642.8
2025-08-26T14:25:00.000,643.4,643.53,643.35,643.51,262489,3981,642.81
2025-08-26T14:30:00.000,643.52,643.74,643.51,643.62,570788,6288,642.83
2025-08-26T14:35:00.000,643.605,643.75,643.59,643.69,321558,5083,642.84
2025-08-26T14:40:00.000,643.68,643.87,643.65,643.73,346032,5193,642.85
2025-08-26T14:45:00.000,643.73,643.81,643.6,643.78,303039,4799,642.86
2025-08-26T14:50:00.000,643.785,643.79,643.6,643.77,367477,5192,642.87
2025-08-26T14:55:00.000,643.78,644.09,643.77,643.895,574683,6870,642.89
2025-08-26T15:00:00.000,643.89,643.92,643.69,643.77,344753,4734,642.91
2025-08-26T15:05:00.000,643.76,643.76,643.615,643.735,312920,4832,642.91
2025-08-26T15:10:00.000,643.73,643.92,643.73,643.91,335461,5028,642.93
2025-08-26T15:15:00.000,643.905,643.99,643.83,643.89,419120,5640,642.94
2025-08-26T15:20:00.000,643.8901,644.7101,643.87,644.51,3302726,12319,643.0
2025-08-26T15:25:00.000,644.52,644.64,644.29,644.56,938466,8965,643.04
2025-08-26T15:30:00.000,644.55,644.85,644.46,644.635,818793,10789,643.09
2025-08-26T15:35:00.000,644.65,644.655,644.18,644.22,851322,9728,643.12
2025-08-26T15:40:00.000,644.22,644.25,643.92,643.9528,1456469,11538,643.16
2025-08-26T15:45:00.000,643.96,644.31,643.92,644.2507,974831,9551,643.19
2025-08-26T15:50:00.000,644.26,645.12,644.12,644.7699,2087207,19383,643.28
2025-08-26T15:55:00.000,644.77,645.51,644.77,645.13,4104997,31735,643.49
2025-08-26T16:00:00.000,645.13,645.14,645.13,645.14,414,5,643.49
2025-08-27T09:30:00.000,644.57,645.13,644.42,645.06,1056562,13408,644.75
2025-08-27T09:35:00.000,645.06,645.45,644.89,645.35,852657,10670,644.93
2025-08-27T09:40:00.000,645.34,645.53,645.04,645.3601,825189,10777,645.05
2025-08-27T09:45:00.000,645.39,645.4,644.81,644.925,1018391,12412,645.07
2025-08-27T09:50:00.000,644.94,645.44,644.82,645.4,697815,9295,645.07
2025-08-27T09:55:00.000,645.39,645.42,645.035,645.35,562747,8262,645.08
2025-08-27T10:00:00.000,645.35,645.62,645.2603,645.39,708003,12378,645.12
2025-08-27T10:05:00.000,645.38,645.71,645.31,645.665,1187289,7484,645.15
2025-08-27T10:10:00.000,645.665,645.87,645.55,645.8399,543386,8542,645.2
2025-08-27T10:15:00.000,645.84,646.26,645.8301,646.22,776544,10062,645.28
2025-08-27T10:20:00.000,646.23,646.34,645.995,646.22,709466,8994,645.36
2025-08-27T10:25:00.000,646.2199,646.29,646.02,646.1171,426514,5831,645.4
2025-08-27T10:30:00.000,646.11,646.41,646.04,646.34,568138,7025,645.45
2025-08-27T10:35:00.000,646.34,646.3811,646.125,646.19,371455,5387,645.48
2025-08-27T10:40:00.000,646.18,646.25,646.06,646.095,452079,6187,645.51
2025-08-27T10:45:00.000,646.09,646.13,645.75,646.1,510076,7272,645.53
2025-08-27T10:50:00.000,646.09,646.3,646.02,646.2602,296483,5063,645.54
2025-08-27T10:55:00.000,646.27,646.405,646.18,646.18,330877,5067,645.57
2025-08-27T11:00:00.000,646.19,646.4,646.19,646.21,288460,4296,645.58
2025-08-27T11:05:00.000,646.221,646.42,646.18,646.39,406790,5246,645.61
2025-08-27T11:10:00.000,646.39,646.49,646.29,646.385,262702,4228,645.62
2025-08-27T11:15:00.000,646.38,646.4813,646.3,646.34,284932,4068,645.64
2025-08-27T11:20:00.000,646.34,646.54,646.325,646.505,376715,4660,645.66
2025-08-27T11:25:00.000,646.49,646.49,646.25,646.3,327018,4878,645.68
2025-08-27T11:30:00.000,646.3,646.41,646.11,646.36,287503,4439,645.69
2025-08-27T11:35:00.000,646.3442,646.53,646.3,646.51,356887,3644,645.7
2025-08-27T11:40:00.000,646.51,646.51,645.91,646.315,621479,7713,645.73
2025-08-27T11:45:00.000,646.31,646.6501,646.28,646.61,365414,5413,645.75
2025-08-27T11:50:00.000,646.61,646.69,646.4991,646.525,248078,4009,645.76
2025-08-27T11:55:00.000,646.53,646.68,646.505,646.5418,347117,4566,645.78
2025-08-27T12:00:00.000,646.55,646.58,646.47,646.53,165938,3132,645.78
2025-08-27T12:05:00.000,646.51,646.6,646.46,646.57,244604,2946,645.79
2025-08-27T12:10:00.000,646.57,646.57,646.38,646.45,178158,3079,645.8
2025-08-27T12:15:00.000,646.44,646.46,646.27,646.27,199166,3256,645.81
2025-08-27T12:20:00.000,646.275,646.295,645.78,645.83,443674,5766,645.81
2025-08-27T12:25:00.000,645.85,645.97,645.48,645.96,1052978,10949,645.81
2025-08-27T12:30:00.000,645.96,646.05,645.75,645.86,341083,5176,645.81
2025-08-27T12:35:00.000,645.8568,645.98,645.38,645.83,347545,5285,645.81
2025-08-27T12:40:00.000,645.82,645.98,645.75,645.79,384496,4225,645.81
2025-08-27T12:45:00.000,645.785,646.255,645.74,646.2489,840992,5128,645.81
2025-08-27T12:50:00.000,646.24,646.49,646.22,646.465,629515,5524,645.83
2025-08-27T12:55:00.000,646.465,646.5299,646.28,646.2993,534017,6004,645.84
2025-08-27T13:00:00.000,646.29,646.3901,646.04,646.36,316352,4188,645.85
2025-08-27T13:05:00.000,646.36,646.445,646.29,646.445,282891,3689,645.85
2025-08-27T13:10:00.000,646.42,646.55,646.4,646.49,396914,4569,645.87
2025-08-27T13:15:00.000,646.48,646.505,646.305,646.36,247908,3609,645.87
2025-08-27T13:20:00.000,646.36,646.46,646.22,646.425,284251,3611,645.88
2025-08-27T13:25:00.000,646.425,646.51,646.34,646.445,305073,3534,645.89
2025-08-27T13:30:00.000,646.45,646.64,646.44,646.54,260597,4245,645.9
2025-08-27T13:35:00.000,646.55,646.6799,646.51,646.64,323618,4051,645.91
2025-08-27T13:40:00.000,646.66,646.71,646.565,646.645,200059,2559,645.91
2025-08-27T13:45:00.000,646.63,646.71,646.53,646.625,219340,2921,645.92
2025-08-27T13:50:00.000,646.62,646.76,646.58,646.7055,204670,3121,645.93
2025-08-27T13:55:00.000,646.7058,646.82,646.62,646.76,229233,3123,645.93
2025-08-27T14:00:00.000,646.755,646.81,646.61,646.635,700200,4577,645.95
2025-08-27T14:05:00.000,646.64,646.8,646.58,646.715,345043,3653,645.96
2025-08-27T14:10:00.000,646.715,647.3,646.715,647.18,631199,7034,645.99
2025-08-27T14:15:00.000,647.19,647.355,647.13,647.13,548798,6067,646.01
2025-08-27T14:20:00.000,647.12,647.345,647.06,647.315,367828,4452,646.03
2025-08-27T14:25:00.000,647.31,647.35,647.21,647.26,250666,3562,646.04
2025-08-27T14:30:00.000,647.25,647.31,647.151,647.2,241826,3535,646.05
2025-08-27T14:35:00.000,647.2,647.28,647.145,647.21,277711,3786,646.07
2025-08-27T14:40:00.000,647.2,647.24,647.14,647.18,344636,3974,646.08
2025-08-27T14:45:00.000,647.18,647.31,647.175,647.2,330023,4294,646.09
2025-08-27T14:50:00.000,647.205,647.29,647.09,647.11,332341,3805,646.11
2025-08-27T14:55:00.000,647.1,647.1783,647.0099,647.04,350539,4484,646.12
2025-08-27T15:00:00.000,647.035,647.0579,646.85,646.93,479601,5879,646.14
2025-08-27T15:05:00.000,646.93,646.95,646.79,646.8484,441983,5523,646.15
2025-08-27T15:10:00.000,646.83,646.845,645.82,646.12,1400623,14179,646.15
2025-08-27T15:15:00.000,646.13,646.645,646.1,646.615,1031694,9521,646.16
2025-08-27T15:20:00.000,646.61,646.66,646.39,646.56,398239,5440,646.17
2025-08-27T15:25:00.000,646.56,646.715,646.52,646.655,337991,4808,646.17
2025-08-27T15:30:00.000,646.65,646.83,646.65,646.79,427439,5556,646.18
2025-08-27T15:35:00.000,646.79,647.0907,646.77,647.06,482092,6079,646.19
2025-08-27T15:40:00.000,647.07,647.27,647.0399,647.14,656047,7254,646.21
2025-08-27T15:45:00.000,647.15,647.22,647.0101,647.1,937191,8180,646.23
2025-08-27T15:50:00.000,647.1,647.36,646.96,647.025,1393149,14039,646.26
2025-08-27T15:55:00.000,647.03,647.37,646.6,646.62,2983647,22808,646.31
2025-08-27T16:00:00.000,646.61,646.61,646.6,646.61,7200,7,646.31
2025-08-28T09:30:00.000,647.24,648.09,646.86,647.81,1709561,19830,647.62
2025-08-28T09:35:00.000,647.81,647.82,646.98,647.475,1614840,16331,647.5
2025-08-28T09:40:00.000,647.48,647.63,647.0699,647.19,765500,10990,647.47
2025-08-28T09:45:00.000,647.19,647.33,646.54,646.55,1039757,12866,647.36
2025-08-28T09:50:00.000,646.54,646.62,645.71,646.0,2303719,16205,647.08
2025-08-28T09:55:00.000,646.02,646.13,645.34,645.94,1310523,15663,646.84
2025-08-28T10:00:00.000,645.93,646.22,645.605,645.68,921989,12898,646.75
2025-08-28T10:05:00.000,645.64,646.68,645.58,646.27,1687895,15077,646.7
2025-08-28T10:10:00.000,646.28,646.61,646.19,646.38,1001600,10306,646.69
2025-08-28T10:15:00.000,646.365,646.57,645.95,646.07,773021,8172,646.67
2025-08-28T10:20:00.000,646.07,646.595,646.07,646.295,511970,7001,646.66
2025-08-28T10:25:00.000,646.29,646.31,645.84,645.955,530039,6489,646.64
2025-08-28T10:30:00.000,645.98,646.665,645.94,646.35,456710,6993,646.62
2025-08-28T10:35:00.000,646.34,646.38,645.94,646.36,427853,6545,646.61
2025-08-28T10:40:00.000,646.36,646.94,646.35,646.8099,690374,7652,646.61
2025-08-28T10:45:00.000,646.805,647.1,646.5249,646.86,910994,9690,646.63
2025-08-28T10:50:00.000,646.87,647.01,646.59,646.961,440719,6722,646.63
2025-08-28T10:55:00.000,646.97,647.17,646.87,646.89,569615,7301,646.65
2025-08-28T11:00:00.000,646.89,647.075,646.8,646.84,614397,5797,646.66
2025-08-28T11:05:00.000,646.84,646.93,646.67,646.805,357298,5400,646.66
2025-08-28T11:10:00.000,646.82,647.17,646.78,647.147,671557,5593,646.67
2025-08-28T11:15:00.000,647.175,647.6558,647.085,647.31,951336,10140,646.71
2025-08-28T11:20:00.000,647.3,647.32,646.51,646.72,432813,6633,646.71
2025-08-28T11:25:00.000,646.72,646.72,646.08,646.25,694607,8200,646.7
2025-08-28T11:30:00.000,646.275,646.935,646.24,646.86,459025,6107,646.7
2025-08-28T11:35:00.000,646.845,647.0935,646.715,646.79,429773,5706,646.7
2025-08-28T11:40:00.000,646.8,647.0,646.73,646.86,376259,4609,646.71
2025-08-28T11:45:00.000,646.84,646.9699,646.63,646.865,395659,4891,646.71
2025-08-28T11:50:00.000,646.875,647.04,646.75,646.97,873458,4496,646.71
2025-08-28T11:55:00.000,646.96,647.19,646.89,647.02,296001,4184,646.72
2025-08-28T12:00:00.000,647.02,647.1,646.94,647.08,305749,4511,646.72
2025-08-28T12:05:00.000,647.09,647.39,646.9903,647.3299,351450,4726,646.73
2025-08-28T12:10:00.000,647.335,647.78,647.3101,647.76,535268,5628,646.74
2025-08-28T12:15:00.000,647.76,647.845,647.455,647.4901,863186,7432,646.77
2025-08-28T12:20:00.000,647.5,647.76,647.5,647.74,339741,4173,646.78
2025-08-28T12:25:00.000,647.74,648.42,647.68,648.15,645216,7463,646.82
2025-08-28T12:30:00.000,648.15,648.26,647.7,647.78,422189,5788,646.84
2025-08-28T12:35:00.000,647.805,648.01,647.74,647.98,237135,4140,646.84
2025-08-28T12:40:00.000,647.98,648.05,647.86,648.01,316822,4115,646.86
2025-08-28T12:45:00.000,648.005,648.17,647.95,648.14,439441,5600,646.87
2025-08-28T12:50:00.000,648.13,648.365,648.09,648.28,382939,5038,646.9
2025-08-28T12:55:00.000,648.285,648.3,647.62,647.67,483660,6215,646.92
2025-08-28T13:00:00.000,647.67,647.78,647.45,647.73,838235,4572,646.93
2025-08-28T13:05:00.000,647.7395,647.87,647.58,647.83,356945,4974,646.94
2025-08-28T13:10:00.000,647.839,647.84,647.6,647.815,299661,4385,646.95
2025-08-28T13:15:00.000,647.8,647.9,647.71,647.77,225038,2927,646.95
2025-08-28T13:20:00.000,647.78,648.02,647.73,647.9707,287696,4149,646.96
2025-08-28T13:25:00.000,647.97,648.15,647.85,648.125,293324,3898,646.98
2025-08-28T13:30:00.000,648.13,648.34,648.075,648.1,520173,6353,647.0
2025-08-28T13:35:00.000,648.105,648.35,648.1,648.181,459273,4251,647.01
2025-08-28T13:40:00.000,648.19,648.3899,648.1793,648.36,281434,4005,647.03
2025-08-28T13:45:00.000,648.355,648.46,648.32,648.415,293093,4303,647.04
2025-08-28T13:50:00.000,648.42,648.515,648.32,648.44,490884,4825,647.06
2025-08-28T13:55:00.000,648.44,648.44,648.265,648.38,371249,4485,647.08
2025-08-28T14:00:00.000,648.37,648.46,648.315,648.42,435389,4714,647.1
2025-08-28T14:05:00.000,648.425,648.56,648.39,648.485,338637,4614,647.11
2025-08-28T14:10:00.000,648.48,648.56,648.37,648.47,661643,5535,647.14
2025-08-28T14:15:00.000,648.47,648.52,648.35,648.43,365701,4613,647.15
2025-08-28T14:20:00.000,648.43,648.58,648.42,648.51,297290,4229,647.17
2025-08-28T14:25:00.000,648.51,648.68,648.475,648.645,650120,5429,647.19
2025-08-28T14:30:00.000,648.65,648.86,648.63,648.7988,753774,6530,647.22
2025-08-28T14:35:00.000,648.7981,648.89,648.71,648.84,487321,5232,647.25
2025-08-28T14:40:00.000,648.84,649.005,648.78,648.805,800226,7377,647.29
2025-08-28T14:45:00.000,648.81,648.92,648.7701,648.7701,359204,4650,647.31
2025-08-28T14:50:00.000,648.79,648.95,648.77,648.9266,458271,5241,647.33
2025-08-28T14:55:00.000,648.92,649.055,648.84,648.965,458025,5581,647.35
2025-08-28T15:00:00.000,648.96,649.16,648.955,648.9899,590806,5957,647.37
2025-08-28T15:05:00.000,648.99,649.1476,648.84,649.11,531406,5451,647.39
2025-08-28T15:10:00.000,649.11,649.25,649.07,649.16,438501,5794,647.41
2025-08-28T15:15:00.000,649.165,649.165,648.92,649.03,831020,7536,647.45
2025-08-28T15:20:00.000,649.025,649.06,648.91,648.9301,422569,5099,647.46
2025-08-28T15:25:00.000,648.93,649.06,648.855,648.96,461331,5240,647.48
2025-08-28T15:30:00.000,648.95,648.965,648.78,648.88,754921,5486,647.5
2025-08-28T15:35:00.000,648.88,648.97,648.73,648.92,1111621,8596,647.53
2025-08-28T15:40:00.000,648.92,649.14,648.9046,649.095,743779,7992,647.56
2025-08-28T15:45:00.000,649.11,649.39,649.0917,649.14,1085762,11416,647.61
2025-08-28T15:50:00.000,649.14,649.48,648.8,649.445,2933199,18854,647.68
2025-08-28T15:55:00.000,649.44,649.44,648.82,648.89,4960432,28661,647.8
2025-08-28T16:00:00.000,648.87,648.87,648.86,648.86,344,2,647.8
2025-08-29T09:30:00.000,647.47,647.84,647.285,647.41,1717566,18560,647.52
2025-08-29T09:35:00.000,647.39,647.44,646.85,646.8688,1203030,13638,647.38
2025-08-29T09:40:00.000,646.87,647.28,646.8,647.0051,976268,11504,647.29
2025-08-29T09:45:00.000,647.01,647.01,646.065,646.1,1714763,19022,647.04
2025-08-29T09:50:00.000,646.1,646.3493,645.77,645.96,1231082,15122,646.87
2025-08-29T09:55:00.000,645.96,646.1549,645.34,645.51,1281987,15168,646.68
2025-08-29T10:00:00.000,645.5,646.063,644.6,644.6201,1615043,18913,646.46
2025-08-29T10:05:00.000,644.6,644.75,643.79,644.08,1893398,23303,646.1
2025-08-29T10:10:00.000,644.06,644.39,643.84,644.33,1983755,21578,645.83
2025-08-29T10:15:00.000,644.32,644.32,643.63,644.13,1389216,15262,645.65
2025-08-29T10:20:00.000,644.09,644.79,644.08,644.43,985707,13498,645.58
2025-08-29T10:25:00.000,644.42,644.6799,643.815,644.6688,839341,12234,645.51
2025-08-29T10:30:00.000,644.67,644.9258,644.33,644.825,681934,9786,645.48
2025-08-29T10:35:00.000,644.8,645.01,644.53,644.965,606390,9620,645.46
2025-08-29T10:40:00.000,644.96,645.11,644.17,644.2046,778759,10053,645.43
2025-08-29T10:45:00.000,644.2,644.36,643.52,643.71,1042817,11425,645.37
2025-08-29T10:50:00.000,643.71,643.78,643.14,643.72,1145350,15079,645.27
2025-08-29T10:55:00.000,643.73,644.03,643.52,643.82,847137,12286,645.21
2025-08-29T11:00:00.000,643.82,644.24,643.68,644.08,545889,8372,645.18
2025-08-29T11:05:00.000,644.09,644.695,644.03,644.64,585218,8889,645.17
2025-08-29T11:10:00.000,644.62,644.76,644.34,644.36,541429,7445,645.15
2025-08-29T11:15:00.000,644.37,644.605,644.21,644.35,476050,6510,645.14
2025-08-29T11:20:00.000,644.34,644.61,644.2,644.56,368003,6017,645.13
2025-08-29T11:25:00.000,644.55,644.77,644.3,644.41,453339,6132,645.12
2025-08-29T11:30:00.000,644.41,644.55,644.0,644.06,399170,6049,645.1
2025-08-29T11:35:00.000,644.07,644.51,644.06,644.3499,476734,6801,645.09
2025-08-29T11:40:00.000,644.34,644.47,644.13,644.1479,383042,5730,645.08
2025-08-29T11:45:00.000,644.135,644.255,643.97,643.995,352128,5490,645.06
2025-08-29T11:50:00.000,643.99,644.12,643.71,643.91,463497,6440,645.04
2025-08-29T11:55:00.000,643.91,644.1,643.73,643.79,526539,6413,645.02
2025-08-29T12:00:00.000,643.78,644.42,643.75,644.335,592516,7638,645.0
2025-08-29T12:05:00.000,644.325,644.4,643.9813,644.35,364619,5873,644.99
2025-08-29T12:10:00.000,644.34,644.68,644.26,644.54,494894,6954,644.98
2025-08-29T12:15:00.000,644.54,644.76,644.39,644.525,372227,5979,644.98
2025-08-29T12:20:00.000,644.53,644.68,644.48,644.63,303399,4272,644.97
2025-08-29T12:25:00.000,644.63,644.655,644.09,644.17,267174,4480,644.97
2025-08-29T12:30:00.000,644.18,644.7599,644.18,644.68,284765,4272,644.97
2025-08-29T12:35:00.000,644.69,644.95,644.65,644.915,336376,5053,644.96
2025-08-29T12:40:00.000,644.91,644.94,644.73,644.94,229007,4010,644.96
2025-08-29T12:45:00.000,644.93,645.0399,644.62,644.6802,300173,4805,644.96
2025-08-29T12:50:00.000,644.685,644.83,644.59,644.81,498777,5779,644.96
2025-08-29T12:55:00.000,644.8,644.91,644.67,644.725,420322,5091,644.96
2025-08-29T13:00:00.000,644.7,644.7,643.9,643.92,689076,8009,644.94
2025-08-29T13:05:00.000,643.93,644.26,643.78,644.23,383495,5990,644.93
2025-08-29T13:10:00.000,644.23,644.2376,643.78,643.83,472982,7002,644.92
2025-08-29T13:15:00.000,643.83,643.945,643.46,643.715,589384,7402,644.9
2025-08-29T13:20:00.000,643.72,644.085,643.72,643.885,525143,6114,644.88
2025-08-29T13:25:00.000,643.875,644.11,643.875,644.0,271469,4261,644.87
2025-08-29T13:30:00.000,644.0,644.26,643.84,643.98,355448,6091,644.87
2025-08-29T13:35:00.000,643.985,644.25,643.92,644.211,374077,5623,644.86
2025-08-29T13:40:00.000,644.215,644.42,644.195,644.35,430049,5341,644.85
2025-08-29T13:45:00.000,644.36,644.67,644.33,644.57,428931,5802,644.85
2025-08-29T13:50:00.000,644.57,645.0142,644.5,644.77,473336,6316,644.85
2025-08-29T13:55:00.000,644.76,644.85,644.401,644.64,1288843,5683,644.84
2025-08-29T14:00:00.000,644.65,644.665,644.23,644.235,415906,5798,644.84
2025-08-29T14:05:00.000,644.25,644.6499,644.22,644.61,312342,4222,644.84
2025-08-29T14:10:00.000,644.61,644.7,644.4,644.535,393444,4908,644.83
2025-08-29T14:15:00.000,644.545,644.66,644.45,644.54,404727,5306,644.83
2025-08-29T14:20:00.000,644.53,644.53,644.17,644.42,468349,6100,644.82
2025-08-29T14:25:00.000,644.42,644.51,644.215,644.265,299645,4428,644.82
2025-08-29T14:30:00.000,644.265,644.65,644.265,644.63,329954,5038,644.82
2025-08-29T14:35:00.000,644.63,644.74,644.45,644.47,436619,5599,644.82
2025-08-29T14:40:00.000,644.48,644.5451,644.265,644.27,271266,4137,644.81
2025-08-29T14:45:00.000,644.27,644.48,644.27,644.365,270933,4185,644.81
2025-08-29T14:50:00.000,644.37,644.44,644.1721,644.39,385046,4405,644.81
2025-08-29T14:55:00.000,644.38,644.5,644.245,644.49,443017,4483,644.8
2025-08-29T15:00:00.000,644.49,644.605,644.305,644.585,618454,6598,644.8
2025-08-29T15:05:00.000,644.585,644.8312,644.55,644.685,753159,7880,644.8
2025-08-29T15:10:00.000,644.69,644.8,644.53,644.61,494873,6343,644.79
2025-08-29T15:15:00.000,644.605,644.855,644.59,644.835,928430,7169,644.79
2025-08-29T15:20:00.000,644.8358,644.99,644.63,644.78,779840,8216,644.79
2025-08-29T15:25:00.000,644.77,644.8,644.37,644.58,832615,7233,644.79
2025-08-29T15:30:00.000,644.58,644.8,644.43,644.43,1177752,10387,644.79
2025-08-29T15:35:00.000,644.44,644.48,644.08,644.435,1494955,13027,644.77
2025-08-29T15:40:00.000,644.44,644.89,644.36,644.78,995605,10569,644.77
2025-08-29T15:45:00.000,644.77,645.14,644.52,644.61,2131161,16822,644.77
2025-08-29T15:50:00.000,644.61,644.78,643.8,643.87,3161495,29466,644.74
2025-08-29T15:55:00.000,643.86,645.04,643.76,645.04,7563975,47466,644.72
2025-08-29T16:00:00.000,645.03,645.03,645.02,645.03,8000,6,644.72
2025-08-30T09:30:00.000,0.0,0.0,0.0,0.0,0,0,0.0
2025-08-30T09:35:00.000,0.0,0.0,0.0,0.0,0,0,0.0
2025-08-30T09:40:00.000,0.0,0.0,0.0,0.0,0,0,0.0
2025-08-30T09:45:00.000,0.0,0.0,0.0,0.0,0,0,0.0
2025-08-30T09:50:00.000,0.0,0.0,0.0,0.0,0,0,0.0
2025-08-30T09:55:00.000,0.0,0.0,0.0,0.0,0,0,0.0
2025-08-30T10:00:00.000,0.0,0.0,0.0,0.0,0,0,0.0
2025-08-30T10:05:00.000,0.0,0.0,0.0,0.0,0,0,0.0
2025-08-30T10:10:00.000,0.0,0.0,0.0,0.0,0,0,0.0
2025-08-30T10:15:00.000,0.0,0.0,0.0,0.0,0,0,0.0
2025-08-30T10:20:00.000,0.0,0.0,0.0,0.0,0,0,0.0
2025-08-30T10:25:00.000,0.0,0.0,0.0,0.0,0,0,0.0
2025-08-30T10:30:00.000,0.0,0.0,0.0,0.0,0,0,0.0
2025-08-30T10:35:00.000,0.0,0.0,0.0,0.0,0,0,0.0
2025-08-30T10:40:00.000,0.0,0.0,0.0,0.0,0,0,0.0
2025-08-30T10:45:00.000,0.0,0.0,0.0,0.0,0,0,0.0
2025-08-30T10:50:00.000,0.0,0.0,0.0,0.0,0,0,0.0
2025-08-30T10:55:00.000,0.0,0.0,0.0,0.0,0,0,0.0
2025-08-30T11:00:00.000,0.0,0.0,0.0,0.0,0,0,0.0
2025-08-30T11:05:00.000,0.0,0.0,0.0,0.0,0,0,0.0
2025-08-30T11:10:00.000,0.0,0.0,0.0,0.0,0,0,0.0
2025-08-30T11:15:00.000,0.0,0.0,0.0,0.0,0,0,0.0
2025-08-30T11:20:00.000,0.0,0.0,0.0,0.0,0,0,0.0
2025-08-30T11:25:00.000,0.0,0.0,0.0,0.0,0,0,0.0
2025-08-30T11:30:00.000,0.0,0.0,0.0,0.0,0,0,0.0
2025-08-30T11:35:00.000,0.0,0.0,0.0,0.0,0,0,0.0
2025-08-30T11:40:00.000,0.0,0.0,0.0,0.0,0,0,0.0
2025-08-30T11:45:00.000,0.0,0.0,0.0,0.0,0,0,0.0
2025-08-30T11:50:00.000,0.0,0.0,0.0,0.0,0,0,0.0
2025-08-30T11:55:00.000,0.0,0.0,0.0,0.0,0,0,0.0
2025-08-30T12:00:00.000,0.0,0.0,0.0,0.0,0,0,0.0
2025-08-30T12:05:00.000,0.0,0.0,0.0,0.0,0,0,0.0
2025-08-30T12:10:00.000,0.0,0.0,0.0,0.0,0,0,0.0
2025-08-30T12:15:00.000,0.0,0.0,0.0,0.0,0,0,0.0
2025-08-30T12:20:00.000,0.0,0.0,0.0,0.0,0,0,0.0
2025-08-30T12:25:00.000,0.0,0.0,0.0,0.0,0,0,0.0
2025-08-30T12:30:00.000,0.0,0.0,0.0,0.0,0,0,0.0
2025-08-30T12:35:00.000,0.0,0.0,0.0,0.0,0,0,0.0
2025-08-30T12:40:00.000,0.0,0.0,0.0,0.0,0,0,0.0
2025-08-30T12:45:00.000,0.0,0.0,0.0,0.0,0,0,0.0
2025-08-30T12:50:00.000,0.0,0.0,0.0,0.0,0,0,0.0
2025-08-30T12:55:00.000,0.0,0.0,0.0,0.0,0,0,0.0
2025-08-30T13:00:00.000,0.0,0.0,0.0,0.0,0,0,0.0
2025-08-30T13:05:00.000,0.0,0.0,0.0,0.0,0,0,0.0
2025-08-30T13:10:00.000,0.0,0.0,0.0,0.0,0,0,0.0
2025-08-30T13:15:00.000,0.0,0.0,0.0,0.0,0,0,0.0
2025-08-30T13:20:00.000,0.0,0.0,0.0,0.0,0,0,0.0
2025-08-30T13:25:00.000,0.0,0.0,0.0,0.0,0,0,0.0
2025-08-30T13:30:00.000,0.0,0.0,0.0,0.0,0,0,0.0
2025-08-30T13:35:00.000,0.0,0.0,0.0,0.0,0,0,0.0
2025-08-30T13:40:00.000,0.0,0.0,0.0,0.0,0,0,0.0
2025-08-30T13:45:00.000,0.0,0.0,0.0,0.0,0,0,0.0
2025-08-30T13:50:00.000,0.0,0.0,0.0,0.0,0,0,0.0
2025-08-30T13:55:00.000,0.0,0.0,0.0,0.0,0,0,0.0
2025-08-30T14:00:00.000,0.0,0.0,0.0,0.0,0,0,0.0
2025-08-30T14:05:00.000,0.0,0.0,0.0,0.0,0,0,0.0
2025-08-30T14:10:00.000,0.0,0.0,0.0,0.0,0,0,0.0
2025-08-30T14:15:00.000,0.0,0.0,0.0,0.0,0,0,0.0
2025-08-30T14:20:00.000,0.0,0.0,0.0,0.0,0,0,0.0
2025-08-30T14:25:00.000,0.0,0.0,0.0,0.0,0,0,0.0
2025-08-30T14:30:00.000,0.0,0.0,0.0,0.0,0,0,0.0
2025-08-30T14:35:00.000,0.0,0.0,0.0,0.0,0,0,0.0
2025-08-30T14:40:00.000,0.0,0.0,0.0,0.0,0,0,0.0
2025-08-30T14:45:00.000,0.0,0.0,0.0,0.0,0,0,0.0
2025-08-30T14:50:00.000,0.0,0.0,0.0,0.0,0,0,0.0
2025-08-30T14:55:00.000,0.0,0.0,0.0,0.0,0,0,0.0
2025-08-30T15:00:00.000,0.0,0.0,0.0,0.0,0,0,0.0
2025-08-30T15:05:00.000,0.0,0.0,0.0,0.0,0,0,0.0
2025-08-30T15:10:00.000,0.0,0.0,0.0,0.0,0,0,0.0
2025-08-30T15:15:00.000,0.0,0.0,0.0,0.0,0,0,0.0
2025-08-30T15:20:00.000,0.0,0.0,0.0,0.0,0,0,0.0
2025-08-30T15:25:00.000,0.0,0.0,0.0,0.0,0,0,0.0
2025-08-30T15:30:00.000,0.0,0.0,0.0,0.0,0,0,0.0
2025-08-30T15:35:00.000,0.0,0.0,0.0,0.0,0,0,0.0
2025-08-30T15:40:00.000,0.0,0.0,0.0,0.0,0,0,0.0
2025-08-30T15:45:00.000,0.0,0.0,0.0,0.0,0,0,0.0
2025-08-30T15:50:00.000,0.0,0.0,0.0,0.0,0,0,0.0
2025-08-30T15:55:00.000,0.0,0.0,0.0,0.0,0,0,0.0
2025-08-30T16:00:00.000,0.0,0.0,0.0,0.0,0,0,0.0
2025-08-31T09:30:00.000,0.0,0.0,0.0,0.0,0,0,0.0
2025-08-31T09:35:00.000,0.0,0.0,0.0,0.0,0,0,0.0
2025-08-31T09:40:00.000,0.0,0.0,0.0,0.0,0,0,0.0
2025-08-31T09:45:00.000,0.0,0.0,0.0,0.0,0,0,0.0
2025-08-31T09:50:00.000,0.0,0.0,0.0,0.0,0,0,0.0
2025-08-31T09:55:00.000,0.0,0.0,0.0,0.0,0,0,0.0
2025-08-31T10:00:00.000,0.0,0.0,0.0,0.0,0,0,0.0
2025-08-31T10:05:00.000,0.0,0.0,0.0,0.0,0,0,0.0
2025-08-31T10:10:00.000,0.0,0.0,0.0,0.0,0,0,0.0
2025-08-31T10:15:00.000,0.0,0.0,0.0,0.0,0,0,0.0
2025-08-31T10:20:00.000,0.0,0.0,0.0,0.0,0,0,0.0
2025-08-31T10:25:00.000,0.0,0.0,0.0,0.0,0,0,0.0
2025-08-31T10:30:00.000,0.0,0.0,0.0,0.0,0,0,0.0
2025-08-31T10:35:00.000,0.0,0.0,0.0,0.0,0,0,0.0
2025-08-31T10:40:00.000,0.0,0.0,0.0,0.0,0,0,0.0
2025-08-31T10:45:00.000,0.0,0.0,0.0,0.0,0,0,0.0
2025-08-31T10:50:00.000,0.0,0.0,0.0,0.0,0,0,0.0
2025-08-31T10:55:00.000,0.0,0.0,0.0,0.0,0,0,0.0
2025-08-31T11:00:00.000,0.0,0.0,0.0,0.0,0,0,0.0
2025-08-31T11:05:00.000,0.0,0.0,0.0,0.0,0,0,0.0
2025-08-31T11:10:00.000,0.0,0.0,0.0,0.0,0,0,0.0
2025-08-31T11:15:00.000,0.0,0.0,0.0,0.0,0,0,0.0
2025-08-31T11:20:00.000,0.0,0.0,0.0,0.0,0,0,0.0
2025-08-31T11:25:00.000,0.0,0.0,0.0,0.0,0,0,0.0
2025-08-31T11:30:00.000,0.0,0.0,0.0,0.0,0,0,0.0
2025-08-31T11:35:00.000,0.0,0.0,0.0,0.0,0,0,0.0
2025-08-31T11:40:00.000,0.0,0.0,0.0,0.0,0,0,0.0
2025-08-31T11:45:00.000,0.0,0.0,0.0,0.0,0,0,0.0
2025-08-31T11:50:00.000,0.0,0.0,0.0,0.0,0,0,0.0
2025-08-31T11:55:00.000,0.0,0.0,0.0,0.0,0,0,0.0
2025-08-31T12:00:00.000,0.0,0.0,0.0,0.0,0,0,0.0
2025-08-31T12:05:00.000,0.0,0.0,0.0,0.0,0,0,0.0
2025-08-31T12:10:00.000,0.0,0.0,0.0,0.0,0,0,0.0
2025-08-31T12:15:00.000,0.0,0.0,0.0,0.0,0,0,0.0
2025-08-31T12:20:00.000,0.0,0.0,0.0,0.0,0,0,0.0
2025-08-31T12:25:00.000,0.0,0.0,0.0,0.0,0,0,0.0
2025-08-31T12:30:00.000,0.0,0.0,0.0,0.0,0,0,0.0
2025-08-31T12:35:00.000,0.0,0.0,0.0,0.0,0,0,0.0
2025-08-31T12:40:00.000,0.0,0.0,0.0,0.0,0,0,0.0
2025-08-31T12:45:00.000,0.0,0.0,0.0,0.0,0,0,0.0
2025-08-31T12:50:00.000,0.0,0.0,0.0,0.0,0,0,0.0
2025-08-31T12:55:00.000,0.0,0.0,0.0,0.0,0,0,0.0
2025-08-31T13:00:00.000,0.0,0.0,0.0,0.0,0,0,0.0
2025-08-31T13:05:00.000,0.0,0.0,0.0,0.0,0,0,0.0
2025-08-31T13:10:00.000,0.0,0.0,0.0,0.0,0,0,0.0
2025-08-31T13:15:00.000,0.0,0.0,0.0,0.0,0,0,0.0
2025-08-31T13:20:00.000,0.0,0.0,0.0,0.0,0,0,0.0
2025-08-31T13:25:00.000,0.0,0.0,0.0,0.0,0,0,0.0
2025-08-31T13:30:00.000,0.0,0.0,0.0,0.0,0,0,0.0
2025-08-31T13:35:00.000,0.0,0.0,0.0,0.0,0,0,0.0
2025-08-31T13:40:00.000,0.0,0.0,0.0,0.0,0,0,0.0
2025-08-31T13:45:00.000,0.0,0.0,0.0,0.0,0,0,0.0
2025-08-31T13:50:00.000,0.0,0.0,0.0,0.0,0,0,0.0
2025-08-31T13:55:00.000,0.0,0.0,0.0,0.0,0,0,0.0
2025-08-31T14:00:00.000,0.0,0.0,0.0,0.0,0,0,0.0
2025-08-31T14:05:00.000,0.0,0.0,0.0,0.0,0,0,0.0
2025-08-31T14:10:00.000,0.0,0.0,0.0,0.0,0,0,0.0
2025-08-31T14:15:00.000,0.0,0.0,0.0,0.0,0,0,0.0
2025-08-31T14:20:00.000,0.0,0.0,0.0,0.0,0,0,0.0
2025-08-31T14:25:00.000,0.0,0.0,0.0,0.0,0,0,0.0
2025-08-31T14:30:00.000,0.0,0.0,0.0,0.0,0,0,0.0
2025-08-31T14:35:00.000,0.0,0.0,0.0,0.0,0,0,0.0
2025-08-31T14:40:00.000,0.0,0.0,0.0,0.0,0,0,0.0
2025-08-31T14:45:00.000,0.0,0.0,0.0,0.0,0,0,0.0
2025-08-31T14:50:00.000,0.0,0.0,0.0,0.0,0,0,0.0
2025-08-31T14:55:00.000,0.0,0.0,0.0,0.0,0,0,0.0
2025-08-31T15:00:00.000,0.0,0.0,0.0,0.0,0,0,0.0
2025-08-31T15:05:00.000,0.0,0.0,0.0,0.0,0,0,0.0
2025-08-31T15:10:00.000,0.0,0.0,0.0,0.0,0,0,0.0
2025-08-31T15:15:00.000,0.0,0.0,0.0,0.0,0,0,0.0
2025-08-31T15:20:00.000,0.0,0.0,0.0,0.0,0,0,0.0
2025-08-31T15:25:00.000,0.0,0.0,0.0,0.0,0,0,0.0
2025-08-31T15:30:00.000,0.0,0.0,0.0,0.0,0,0,0.0
2025-08-31T15:35:00.000,0.0,0.0,0.0,0.0,0,0,0.0
2025-08-31T15:40:00.000,0.0,0.0,0.0,0.0,0,0,0.0
2025-08-31T15:45:00.000,0.0,0.0,0.0,0.0,0,0,0.0
2025-08-31T15:50:00.000,0.0,0.0,0.0,0.0,0,0,0.0
2025-08-31T15:55:00.000,0.0,0.0,0.0,0.0,0,0,0.0
2025-08-31T16:00:00.000,0.0,0.0,0.0,0.0,0,0,0.0
