timestamp,open,high,low,close,volume,count,vwap
2024-11-01T09:30:00.000,571.32,572.33,570.68,572.16,1719408,19761,571.28
2024-11-01T09:35:00.000,572.19,572.78,571.84,572.78,905544,9676,571.61
2024-11-01T09:40:00.000,572.76,573.04,572.56,572.7601,519888,6881,571.77
2024-11-01T09:45:00.000,572.8,573.12,572.51,573.07,561409,7372,571.93
2024-11-01T09:50:00.000,573.05,573.3599,572.925,573.11,439640,6479,572.05
2024-11-01T09:55:00.000,573.13,573.32,573.05,573.12,497837,6042,572.17
2024-11-01T10:00:00.000,573.13,573.41,572.64,572.81,871260,10858,572.31
2024-11-01T10:05:00.000,572.81,573.96,572.728,573.79,590494,7578,572.41
2024-11-01T10:10:00.000,573.785,574.53,573.7,574.35,492426,7071,572.54
2024-11-01T10:15:00.000,574.37,574.79,574.29,574.73,497790,6831,572.69
2024-11-01T10:20:00.000,574.74,574.96,574.5101,574.83,589170,6445,572.85
2024-11-01T10:25:00.000,574.84,575.5003,574.7537,575.46,491526,6288,572.98
2024-11-01T10:30:00.000,575.5,575.55,574.9,574.99,578883,6658,573.14
2024-11-01T10:35:00.000,575.01,575.13,574.5,574.67,491786,7697,573.22
2024-11-01T10:40:00.000,574.6715,574.78,573.32,573.73,801477,13083,573.28
2024-11-01T10:45:00.000,573.7399,573.83,572.86,573.81,660366,11159,573.28
2024-11-01T10:50:00.000,573.78,573.8099,573.1601,573.47,339852,13337,573.29
2024-11-01T10:55:00.000,573.42,574.435,573.37,574.435,373657,11272,573.3
2024-11-01T11:00:00.000,574.42,574.68,574.1601,574.6414,403583,8727,573.34
2024-11-01T11:05:00.000,574.65,574.65,574.0,574.13,640314,10581,573.39
2024-11-01T11:10:00.000,574.155,574.95,574.09,574.94,303513,7241,573.42
2024-11-01T11:15:00.000,574.94,575.205,574.57,574.82,354612,4713,573.46
2024-11-01T11:20:00.000,574.83,574.84,574.2,574.84,975724,3542,573.47
2024-11-01T11:25:00.000,574.83,575.3,574.735,575.2,363687,3726,573.5
2024-11-01T11:30:00.000,575.2,575.27,574.71,574.86,189476,3250,573.52
2024-11-01T11:35:00.000,574.84,574.91,574.51,574.65,229348,3458,573.54
2024-11-01T11:40:00.000,574.66,574.9,574.2601,574.41,308705,3648,573.56
2024-11-01T11:45:00.000,574.42,574.6,573.885,573.97,415711,4596,573.57
2024-11-01T11:50:00.000,573.975,574.0,573.36,573.9,409690,5491,573.58
2024-11-01T11:55:00.000,573.89,573.91,573.51,573.65,213137,2764,573.58
2024-11-01T12:00:00.000,573.63,574.1699,573.57,574.0699,184524,3174,573.58
2024-11-01T12:05:00.000,574.05,574.1892,573.86,574.1854,165093,2797,573.59
2024-11-01T12:10:00.000,574.195,574.3099,573.85,573.92,226503,3223,573.59
2024-11-01T12:15:00.000,573.94,574.04,573.59,574.0163,207477,2939,573.6
2024-11-01T12:20:00.000,574.02,574.02,573.53,573.85,153750,2682,573.6
2024-11-01T12:25:00.000,573.83,573.84,573.3,573.39,153822,2517,573.6
2024-11-01T12:30:00.000,573.39,574.24,573.3501,574.22,189525,2826,573.6
2024-11-01T12:35:00.000,574.19,574.23,573.8,574.149,146845,2687,573.6
2024-11-01T12:40:00.000,574.12,574.12,572.87,572.99,282835,3889,573.6
2024-11-01T12:45:00.000,572.99,573.38,572.82,573.13,244082,3183,573.59
2024-11-01T12:50:00.000,573.14,573.3,572.975,573.05,158313,2452,573.59
2024-11-01T12:55:00.000,573.06,573.198,572.66,573.0,222459,3300,573.58
2024-11-01T13:00:00.000,573.03,573.1499,572.8,572.9601,154058,2464,573.57
2024-11-01T13:05:00.000,572.98,572.98,572.15,572.45,275161,3939,573.56
2024-11-01T13:10:00.000,572.42,573.05,572.22,572.9501,294921,3795,573.54
2024-11-01T13:15:00.000,572.94,573.33,572.92,573.2733,165356,2892,573.54
2024-11-01T13:20:00.000,573.25,573.8669,573.2201,573.67,186695,3075,573.54
2024-11-01T13:25:00.000,573.6,573.8292,573.46,573.7,311209,3443,573.54
2024-11-01T13:30:00.000,573.68,573.75,572.27,572.2979,417838,6516,573.53
2024-11-01T13:35:00.000,572.285,572.5,571.81,571.995,424942,5677,573.5
2024-11-01T13:40:00.000,571.99,572.0899,571.72,571.78,197535,3392,573.48
2024-11-01T13:45:00.000,571.77,572.08,571.6,571.86,267337,3666,573.46
2024-11-01T13:50:00.000,571.845,572.49,571.83,572.39,297019,3674,573.44
2024-11-01T13:55:00.000,572.37,572.42,571.62,571.6499,449845,4203,573.41
2024-11-01T14:00:00.000,571.64,572.2,571.45,572.09,289263,4213,573.39
2024-11-01T14:05:00.000,572.1,572.14,571.23,571.415,342488,4423,573.36
2024-11-01T14:10:00.000,571.41,571.52,571.23,571.49,278275,3759,573.34
2024-11-01T14:15:00.000,571.48,571.81,571.26,571.42,227859,3369,573.32
2024-11-01T14:20:00.000,571.41,572.2199,571.14,572.2199,281442,3792,573.3
2024-11-01T14:25:00.000,572.19,572.24,571.855,571.9201,242104,3452,573.29
2024-11-01T14:30:00.000,571.92,572.11,571.6201,572.01,159609,2976,573.28
2024-11-01T14:35:00.000,572.01,572.15,571.88,572.1,175521,3017,573.27
2024-11-01T14:40:00.000,572.0901,572.18,571.8101,572.155,172209,3156,573.26
2024-11-01T14:45:00.000,572.1,572.46,571.98,572.2,674880,3345,573.25
2024-11-01T14:50:00.000,572.2,572.4299,571.99,572.0,367528,4216,573.24
2024-11-01T14:55:00.000,572.01,572.2799,571.88,572.17,162308,2859,573.23
2024-11-01T15:00:00.000,572.15,572.24,571.9,572.15,134585,2686,573.22
2024-11-01T15:05:00.000,572.15,572.92,572.0901,572.83,320423,3911,573.21
2024-11-01T15:10:00.000,572.84,572.94,572.5401,572.835,261904,3493,573.21
2024-11-01T15:15:00.000,572.83,572.83,572.5289,572.81,740176,3213,573.2
2024-11-01T15:20:00.000,572.82,572.86,572.44,572.53,220891,2972,573.2
2024-11-01T15:25:00.000,572.55,572.57,571.7,571.7495,431030,5469,573.18
2024-11-01T15:30:00.000,571.74,571.89,571.4901,571.71,684580,6196,573.15
2024-11-01T15:35:00.000,571.71,571.8,571.36,571.64,827541,7111,573.11
2024-11-01T15:40:00.000,571.62,572.24,571.5201,571.6899,468156,5818,573.09
2024-11-01T15:45:00.000,571.66,571.83,571.305,571.395,474524,6213,573.06
2024-11-01T15:50:00.000,571.39,571.39,570.62,571.3062,2301452,18112,572.88
2024-11-01T15:55:00.000,571.29,571.53,570.82,571.02,3027963,22108,572.7
2024-11-01T16:00:00.000,0.0,0.0,0.0,0.0,0,0,572.7
2024-11-02T09:30:00.000,0.0,0.0,0.0,0.0,0,0,0.0
2024-11-02T09:35:00.000,0.0,0.0,0.0,0.0,0,0,0.0
2024-11-02T09:40:00.000,0.0,0.0,0.0,0.0,0,0,0.0
2024-11-02T09:45:00.000,0.0,0.0,0.0,0.0,0,0,0.0
2024-11-02T09:50:00.000,0.0,0.0,0.0,0.0,0,0,0.0
2024-11-02T09:55:00.000,0.0,0.0,0.0,0.0,0,0,0.0
2024-11-02T10:00:00.000,0.0,0.0,0.0,0.0,0,0,0.0
2024-11-02T10:05:00.000,0.0,0.0,0.0,0.0,0,0,0.0
2024-11-02T10:10:00.000,0.0,0.0,0.0,0.0,0,0,0.0
2024-11-02T10:15:00.000,0.0,0.0,0.0,0.0,0,0,0.0
2024-11-02T10:20:00.000,0.0,0.0,0.0,0.0,0,0,0.0
2024-11-02T10:25:00.000,0.0,0.0,0.0,0.0,0,0,0.0
2024-11-02T10:30:00.000,0.0,0.0,0.0,0.0,0,0,0.0
2024-11-02T10:35:00.000,0.0,0.0,0.0,0.0,0,0,0.0
2024-11-02T10:40:00.000,0.0,0.0,0.0,0.0,0,0,0.0
2024-11-02T10:45:00.000,0.0,0.0,0.0,0.0,0,0,0.0
2024-11-02T10:50:00.000,0.0,0.0,0.0,0.0,0,0,0.0
2024-11-02T10:55:00.000,0.0,0.0,0.0,0.0,0,0,0.0
2024-11-02T11:00:00.000,0.0,0.0,0.0,0.0,0,0,0.0
2024-11-02T11:05:00.000,0.0,0.0,0.0,0.0,0,0,0.0
2024-11-02T11:10:00.000,0.0,0.0,0.0,0.0,0,0,0.0
2024-11-02T11:15:00.000,0.0,0.0,0.0,0.0,0,0,0.0
2024-11-02T11:20:00.000,0.0,0.0,0.0,0.0,0,0,0.0
2024-11-02T11:25:00.000,0.0,0.0,0.0,0.0,0,0,0.0
2024-11-02T11:30:00.000,0.0,0.0,0.0,0.0,0,0,0.0
2024-11-02T11:35:00.000,0.0,0.0,0.0,0.0,0,0,0.0
2024-11-02T11:40:00.000,0.0,0.0,0.0,0.0,0,0,0.0
2024-11-02T11:45:00.000,0.0,0.0,0.0,0.0,0,0,0.0
2024-11-02T11:50:00.000,0.0,0.0,0.0,0.0,0,0,0.0
2024-11-02T11:55:00.000,0.0,0.0,0.0,0.0,0,0,0.0
2024-11-02T12:00:00.000,0.0,0.0,0.0,0.0,0,0,0.0
2024-11-02T12:05:00.000,0.0,0.0,0.0,0.0,0,0,0.0
2024-11-02T12:10:00.000,0.0,0.0,0.0,0.0,0,0,0.0
2024-11-02T12:15:00.000,0.0,0.0,0.0,0.0,0,0,0.0
2024-11-02T12:20:00.000,0.0,0.0,0.0,0.0,0,0,0.0
2024-11-02T12:25:00.000,0.0,0.0,0.0,0.0,0,0,0.0
2024-11-02T12:30:00.000,0.0,0.0,0.0,0.0,0,0,0.0
2024-11-02T12:35:00.000,0.0,0.0,0.0,0.0,0,0,0.0
2024-11-02T12:40:00.000,0.0,0.0,0.0,0.0,0,0,0.0
2024-11-02T12:45:00.000,0.0,0.0,0.0,0.0,0,0,0.0
2024-11-02T12:50:00.000,0.0,0.0,0.0,0.0,0,0,0.0
2024-11-02T12:55:00.000,0.0,0.0,0.0,0.0,0,0,0.0
2024-11-02T13:00:00.000,0.0,0.0,0.0,0.0,0,0,0.0
2024-11-02T13:05:00.000,0.0,0.0,0.0,0.0,0,0,0.0
2024-11-02T13:10:00.000,0.0,0.0,0.0,0.0,0,0,0.0
2024-11-02T13:15:00.000,0.0,0.0,0.0,0.0,0,0,0.0
2024-11-02T13:20:00.000,0.0,0.0,0.0,0.0,0,0,0.0
2024-11-02T13:25:00.000,0.0,0.0,0.0,0.0,0,0,0.0
2024-11-02T13:30:00.000,0.0,0.0,0.0,0.0,0,0,0.0
2024-11-02T13:35:00.000,0.0,0.0,0.0,0.0,0,0,0.0
2024-11-02T13:40:00.000,0.0,0.0,0.0,0.0,0,0,0.0
2024-11-02T13:45:00.000,0.0,0.0,0.0,0.0,0,0,0.0
2024-11-02T13:50:00.000,0.0,0.0,0.0,0.0,0,0,0.0
2024-11-02T13:55:00.000,0.0,0.0,0.0,0.0,0,0,0.0
2024-11-02T14:00:00.000,0.0,0.0,0.0,0.0,0,0,0.0
2024-11-02T14:05:00.000,0.0,0.0,0.0,0.0,0,0,0.0
2024-11-02T14:10:00.000,0.0,0.0,0.0,0.0,0,0,0.0
2024-11-02T14:15:00.000,0.0,0.0,0.0,0.0,0,0,0.0
2024-11-02T14:20:00.000,0.0,0.0,0.0,0.0,0,0,0.0
2024-11-02T14:25:00.000,0.0,0.0,0.0,0.0,0,0,0.0
2024-11-02T14:30:00.000,0.0,0.0,0.0,0.0,0,0,0.0
2024-11-02T14:35:00.000,0.0,0.0,0.0,0.0,0,0,0.0
2024-11-02T14:40:00.000,0.0,0.0,0.0,0.0,0,0,0.0
2024-11-02T14:45:00.000,0.0,0.0,0.0,0.0,0,0,0.0
2024-11-02T14:50:00.000,0.0,0.0,0.0,0.0,0,0,0.0
2024-11-02T14:55:00.000,0.0,0.0,0.0,0.0,0,0,0.0
2024-11-02T15:00:00.000,0.0,0.0,0.0,0.0,0,0,0.0
2024-11-02T15:05:00.000,0.0,0.0,0.0,0.0,0,0,0.0
2024-11-02T15:10:00.000,0.0,0.0,0.0,0.0,0,0,0.0
2024-11-02T15:15:00.000,0.0,0.0,0.0,0.0,0,0,0.0
2024-11-02T15:20:00.000,0.0,0.0,0.0,0.0,0,0,0.0
2024-11-02T15:25:00.000,0.0,0.0,0.0,0.0,0,0,0.0
2024-11-02T15:30:00.000,0.0,0.0,0.0,0.0,0,0,0.0
2024-11-02T15:35:00.000,0.0,0.0,0.0,0.0,0,0,0.0
2024-11-02T15:40:00.000,0.0,0.0,0.0,0.0,0,0,0.0
2024-11-02T15:45:00.000,0.0,0.0,0.0,0.0,0,0,0.0
2024-11-02T15:50:00.000,0.0,0.0,0.0,0.0,0,0,0.0
2024-11-02T15:55:00.000,0.0,0.0,0.0,0.0,0,0,0.0
2024-11-02T16:00:00.000,0.0,0.0,0.0,0.0,0,0,0.0
2024-11-03T09:30:00.000,0.0,0.0,0.0,0.0,0,0,0.0
2024-11-03T09:35:00.000,0.0,0.0,0.0,0.0,0,0,0.0
2024-11-03T09:40:00.000,0.0,0.0,0.0,0.0,0,0,0.0
2024-11-03T09:45:00.000,0.0,0.0,0.0,0.0,0,0,0.0
2024-11-03T09:50:00.000,0.0,0.0,0.0,0.0,0,0,0.0
2024-11-03T09:55:00.000,0.0,0.0,0.0,0.0,0,0,0.0
2024-11-03T10:00:00.000,0.0,0.0,0.0,0.0,0,0,0.0
2024-11-03T10:05:00.000,0.0,0.0,0.0,0.0,0,0,0.0
2024-11-03T10:10:00.000,0.0,0.0,0.0,0.0,0,0,0.0
2024-11-03T10:15:00.000,0.0,0.0,0.0,0.0,0,0,0.0
2024-11-03T10:20:00.000,0.0,0.0,0.0,0.0,0,0,0.0
2024-11-03T10:25:00.000,0.0,0.0,0.0,0.0,0,0,0.0
2024-11-03T10:30:00.000,0.0,0.0,0.0,0.0,0,0,0.0
2024-11-03T10:35:00.000,0.0,0.0,0.0,0.0,0,0,0.0
2024-11-03T10:40:00.000,0.0,0.0,0.0,0.0,0,0,0.0
2024-11-03T10:45:00.000,0.0,0.0,0.0,0.0,0,0,0.0
2024-11-03T10:50:00.000,0.0,0.0,0.0,0.0,0,0,0.0
2024-11-03T10:55:00.000,0.0,0.0,0.0,0.0,0,0,0.0
2024-11-03T11:00:00.000,0.0,0.0,0.0,0.0,0,0,0.0
2024-11-03T11:05:00.000,0.0,0.0,0.0,0.0,0,0,0.0
2024-11-03T11:10:00.000,0.0,0.0,0.0,0.0,0,0,0.0
2024-11-03T11:15:00.000,0.0,0.0,0.0,0.0,0,0,0.0
2024-11-03T11:20:00.000,0.0,0.0,0.0,0.0,0,0,0.0
2024-11-03T11:25:00.000,0.0,0.0,0.0,0.0,0,0,0.0
2024-11-03T11:30:00.000,0.0,0.0,0.0,0.0,0,0,0.0
2024-11-03T11:35:00.000,0.0,0.0,0.0,0.0,0,0,0.0
2024-11-03T11:40:00.000,0.0,0.0,0.0,0.0,0,0,0.0
2024-11-03T11:45:00.000,0.0,0.0,0.0,0.0,0,0,0.0
2024-11-03T11:50:00.000,0.0,0.0,0.0,0.0,0,0,0.0
2024-11-03T11:55:00.000,0.0,0.0,0.0,0.0,0,0,0.0
2024-11-03T12:00:00.000,0.0,0.0,0.0,0.0,0,0,0.0
2024-11-03T12:05:00.000,0.0,0.0,0.0,0.0,0,0,0.0
2024-11-03T12:10:00.000,0.0,0.0,0.0,0.0,0,0,0.0
2024-11-03T12:15:00.000,0.0,0.0,0.0,0.0,0,0,0.0
2024-11-03T12:20:00.000,0.0,0.0,0.0,0.0,0,0,0.0
2024-11-03T12:25:00.000,0.0,0.0,0.0,0.0,0,0,0.0
2024-11-03T12:30:00.000,0.0,0.0,0.0,0.0,0,0,0.0
2024-11-03T12:35:00.000,0.0,0.0,0.0,0.0,0,0,0.0
2024-11-03T12:40:00.000,0.0,0.0,0.0,0.0,0,0,0.0
2024-11-03T12:45:00.000,0.0,0.0,0.0,0.0,0,0,0.0
2024-11-03T12:50:00.000,0.0,0.0,0.0,0.0,0,0,0.0
2024-11-03T12:55:00.000,0.0,0.0,0.0,0.0,0,0,0.0
2024-11-03T13:00:00.000,0.0,0.0,0.0,0.0,0,0,0.0
2024-11-03T13:05:00.000,0.0,0.0,0.0,0.0,0,0,0.0
2024-11-03T13:10:00.000,0.0,0.0,0.0,0.0,0,0,0.0
2024-11-03T13:15:00.000,0.0,0.0,0.0,0.0,0,0,0.0
2024-11-03T13:20:00.000,0.0,0.0,0.0,0.0,0,0,0.0
2024-11-03T13:25:00.000,0.0,0.0,0.0,0.0,0,0,0.0
2024-11-03T13:30:00.000,0.0,0.0,0.0,0.0,0,0,0.0
2024-11-03T13:35:00.000,0.0,0.0,0.0,0.0,0,0,0.0
2024-11-03T13:40:00.000,0.0,0.0,0.0,0.0,0,0,0.0
2024-11-03T13:45:00.000,0.0,0.0,0.0,0.0,0,0,0.0
2024-11-03T13:50:00.000,0.0,0.0,0.0,0.0,0,0,0.0
2024-11-03T13:55:00.000,0.0,0.0,0.0,0.0,0,0,0.0
2024-11-03T14:00:00.000,0.0,0.0,0.0,0.0,0,0,0.0
2024-11-03T14:05:00.000,0.0,0.0,0.0,0.0,0,0,0.0
2024-11-03T14:10:00.000,0.0,0.0,0.0,0.0,0,0,0.0
2024-11-03T14:15:00.000,0.0,0.0,0.0,0.0,0,0,0.0
2024-11-03T14:20:00.000,0.0,0.0,0.0,0.0,0,0,0.0
2024-11-03T14:25:00.000,0.0,0.0,0.0,0.0,0,0,0.0
2024-11-03T14:30:00.000,0.0,0.0,0.0,0.0,0,0,0.0
2024-11-03T14:35:00.000,0.0,0.0,0.0,0.0,0,0,0.0
2024-11-03T14:40:00.000,0.0,0.0,0.0,0.0,0,0,0.0
2024-11-03T14:45:00.000,0.0,0.0,0.0,0.0,0,0,0.0
2024-11-03T14:50:00.000,0.0,0.0,0.0,0.0,0,0,0.0
2024-11-03T14:55:00.000,0.0,0.0,0.0,0.0,0,0,0.0
2024-11-03T15:00:00.000,0.0,0.0,0.0,0.0,0,0,0.0
2024-11-03T15:05:00.000,0.0,0.0,0.0,0.0,0,0,0.0
2024-11-03T15:10:00.000,0.0,0.0,0.0,0.0,0,0,0.0
2024-11-03T15:15:00.000,0.0,0.0,0.0,0.0,0,0,0.0
2024-11-03T15:20:00.000,0.0,0.0,0.0,0.0,0,0,0.0
2024-11-03T15:25:00.000,0.0,0.0,0.0,0.0,0,0,0.0
2024-11-03T15:30:00.000,0.0,0.0,0.0,0.0,0,0,0.0
2024-11-03T15:35:00.000,0.0,0.0,0.0,0.0,0,0,0.0
2024-11-03T15:40:00.000,0.0,0.0,0.0,0.0,0,0,0.0
2024-11-03T15:45:00.000,0.0,0.0,0.0,0.0,0,0,0.0
2024-11-03T15:50:00.000,0.0,0.0,0.0,0.0,0,0,0.0
2024-11-03T15:55:00.000,0.0,0.0,0.0,0.0,0,0,0.0
2024-11-03T16:00:00.000,0.0,0.0,0.0,0.0,0,0,0.0
2024-11-04T09:30:00.000,571.18,571.53,570.19,570.31,1041922,14364,571.06
2024-11-04T09:35:00.000,570.33,570.5087,569.27,569.84,762418,10250,570.5
2024-11-04T09:40:00.000,569.83,571.1199,569.83,571.03,407548,7129,570.51
2024-11-04T09:45:00.000,571.03,571.54,570.92,571.34,380701,5641,570.62
2024-11-04T09:50:00.000,571.33,571.4,570.5101,570.93,321558,5411,570.65
2024-11-04T09:55:00.000,570.9,571.53,570.88,571.52,263072,5577,570.7
2024-11-04T10:00:00.000,571.4701,571.79,571.21,571.49,336554,5673,570.78
2024-11-04T10:05:00.000,571.48,571.93,571.36,571.4803,346695,11111,570.86
2024-11-04T10:10:00.000,571.47,571.62,571.26,571.36,285606,4702,570.9
2024-11-04T10:15:00.000,571.36,571.78,571.3299,571.67,249285,4083,570.94
2024-11-04T10:20:00.000,571.74,572.5,571.6,572.36,313969,4780,571.01
2024-11-04T10:25:00.000,572.37,572.5,571.8,572.1099,296017,4981,571.07
2024-11-04T10:30:00.000,572.09,572.22,571.6901,571.94,232675,9939,571.11
2024-11-04T10:35:00.000,571.93,572.08,571.5,571.62,211500,9239,571.13
2024-11-04T10:40:00.000,571.69,572.01,571.46,571.92,579716,9532,571.17
2024-11-04T10:45:00.000,571.94,572.16,571.3,572.16,215801,9509,571.19
2024-11-04T10:50:00.000,572.17,572.19,571.88,572.11,265993,8223,571.22
2024-11-04T10:55:00.000,572.11,572.11,571.61,571.63,463971,8443,571.25
2024-11-04T11:00:00.000,571.64,571.85,571.48,571.72,226118,6591,571.26
2024-11-04T11:05:00.000,571.675,571.89,571.51,571.75,105712,2228,571.27
2024-11-04T11:10:00.000,571.755,572.19,571.745,571.925,2146246,3574,571.29
2024-11-04T11:15:00.000,571.92,571.9998,571.3901,571.48,214617,3246,571.3
2024-11-04T11:20:00.000,571.48,571.6072,571.12,571.19,214143,3450,571.3
2024-11-04T11:25:00.000,571.19,571.2899,571.0204,571.11,215547,3078,571.3
2024-11-04T11:30:00.000,571.11,571.18,570.35,570.4,265649,4139,571.28
2024-11-04T11:35:00.000,570.405,570.5062,569.85,569.86,371041,4661,571.24
2024-11-04T11:40:00.000,569.85,570.03,569.17,569.45,627757,6196,571.14
2024-11-04T11:45:00.000,569.44,569.4699,568.83,568.9175,477687,5790,571.03
2024-11-04T11:50:00.000,568.91,569.0899,568.75,568.7799,357894,4417,570.95
2024-11-04T11:55:00.000,568.78,568.94,568.27,568.85,545998,5809,570.81
2024-11-04T12:00:00.000,568.8701,569.07696,568.54,568.5812,516470,4257,570.74
2024-11-04T12:05:00.000,568.5999,568.69,567.91,567.97,362478,5447,570.66
2024-11-04T12:10:00.000,567.96,568.78,567.89,568.61,388167,4760,570.58
2024-11-04T12:15:00.000,568.61,568.97,568.6,568.85,246705,3266,570.54
2024-11-04T12:20:00.000,568.8309,569.69,568.825,569.595,280046,3819,570.51
2024-11-04T12:25:00.000,569.59,570.105,569.5436,570.01,293921,3548,570.49
2024-11-04T12:30:00.000,569.98,570.31,569.79,570.1401,191839,3106,570.49
2024-11-04T12:35:00.000,570.15,570.45,570.06,570.12,172322,2420,570.48
2024-11-04T12:40:00.000,570.14,570.28,569.97,570.26,143844,2487,570.48
2024-11-04T12:45:00.000,570.27,570.71,570.23,570.6975,151956,2714,570.48
2024-11-04T12:50:00.000,570.69,570.86,570.4445,570.615,160366,2623,570.48
2024-11-04T12:55:00.000,570.62,570.69,570.46,570.46,190083,2668,570.48
2024-11-04T13:00:00.000,570.45,570.77,570.09,570.2,196593,3102,570.48
2024-11-04T13:05:00.000,570.21,570.32,569.2325,569.6099,1196487,4320,570.46
2024-11-04T13:10:00.000,569.6,570.77,569.6,570.5674,649675,3679,570.46
2024-11-04T13:15:00.000,570.54,570.8884,570.45,570.675,113878,2129,570.46
2024-11-04T13:20:00.000,570.6001,571.09,570.5,570.89,193458,2943,570.46
2024-11-04T13:25:00.000,570.88,570.95,570.3899,570.55,125086,2242,570.47
2024-11-04T13:30:00.000,570.52,570.7,570.32,570.63,126632,3340,570.47
2024-11-04T13:35:00.000,570.59,570.86,570.51,570.75,170849,2837,570.47
2024-11-04T13:40:00.000,570.77,571.03,570.71,570.97,174524,2615,570.47
2024-11-04T13:45:00.000,570.97,571.27,570.93,571.1463,216507,3007,570.48
2024-11-04T13:50:00.000,571.14,571.15,570.8302,570.8302,131673,2275,570.49
2024-11-04T13:55:00.000,570.84,570.905,570.62,570.6627,181374,2511,570.49
2024-11-04T14:00:00.000,570.67,570.85,570.67,570.75,931578,2723,570.49
2024-11-04T14:05:00.000,570.75,571.21,570.75,570.8801,248087,2902,570.5
2024-11-04T14:10:00.000,570.875,571.08,570.84,571.065,205643,2625,570.51
2024-11-04T14:15:00.000,571.07,571.135,570.7651,570.84,210701,2647,570.51
2024-11-04T14:20:00.000,570.82,570.94,570.69,570.69,138831,2146,570.52
2024-11-04T14:25:00.000,570.71,570.865,570.2601,570.3302,185908,2596,570.52
2024-11-04T14:30:00.000,570.32,570.81,570.1,570.752,228768,2976,570.52
2024-11-04T14:35:00.000,570.75,571.04,570.63,570.98,270778,3090,570.52
2024-11-04T14:40:00.000,570.99,571.07,570.66,570.72,194034,2460,570.53
2024-11-04T14:45:00.000,570.725,570.7899,570.46,570.66,316785,2916,570.53
2024-11-04T14:50:00.000,570.64,570.87,570.59,570.65,194867,2376,570.53
2024-11-04T14:55:00.000,570.61,570.835,570.5,570.5103,211779,2349,570.53
2024-11-04T15:00:00.000,570.51,570.6101,570.31,570.3799,414770,2817,570.53
2024-11-04T15:05:00.000,570.37,570.57,570.32,570.44,218525,2301,570.53
2024-11-04T15:10:00.000,570.41,570.46,570.13,570.15,228761,2763,570.53
2024-11-04T15:15:00.000,570.13,570.49,569.94,570.4599,362766,3643,570.52
2024-11-04T15:20:00.000,570.46,570.5,570.17,570.48,256895,2890,570.52
2024-11-04T15:25:00.000,570.48,570.68,570.22,570.24,222657,3119,570.52
2024-11-04T15:30:00.000,570.23,570.27,569.71,569.7686,451674,4189,570.51
2024-11-04T15:35:00.000,569.79,569.8352,569.17,569.395,546422,6244,570.48
2024-11-04T15:40:00.000,569.4,570.05,569.3896,569.7301,939466,6612,570.46
2024-11-04T15:45:00.000,569.75,569.97,569.685,569.75,991674,4942,570.45
2024-11-04T15:50:00.000,569.78,569.83,569.4,569.63,1366834,11653,570.39
2024-11-04T15:55:00.000,569.62,569.82,569.23,569.77,3377747,19594,570.29
2024-11-04T16:00:00.000,0.0,0.0,0.0,0.0,0,0,570.29
2024-11-05T09:30:00.000,570.74,572.18,570.52,572.0101,785738,11528,571.41
2024-11-05T09:35:00.000,572.02,572.62,571.7436,572.53,466422,6346,571.68
2024-11-05T09:40:00.000,572.54,572.67,571.8,572.23,416732,5717,571.82
2024-11-05T09:45:00.000,572.22,572.995,572.05,572.8101,457410,6808,571.95
2024-11-05T09:50:00.000,572.81,573.4399,572.62,573.365,404946,6361,572.11
2024-11-05T09:55:00.000,573.35,574.02,573.2601,573.98,706673,7663,572.44
2024-11-05T10:00:00.000,574.01,574.5,573.89,574.3083,932371,9841,572.8
2024-11-05T10:05:00.000,574.31,574.37,574.02,574.12,762152,10251,573.04
2024-11-05T10:10:00.000,574.12,574.27,573.51,573.94,453702,6272,573.11
2024-11-05T10:15:00.000,573.96,574.23,573.61,574.05,706206,4815,573.15
2024-11-05T10:20:00.000,574.06,574.77,573.94,574.755,879893,4929,573.22
2024-11-05T10:25:00.000,574.77,574.78,573.75,574.01,424894,4375,573.28
2024-11-05T10:30:00.000,574.05,574.36,573.92,574.3201,298400,4800,573.31
2024-11-05T10:35:00.000,574.35,574.8599,574.21,574.73,708173,4491,573.37
2024-11-05T10:40:00.000,574.74,574.97,574.5021,574.9,272408,3989,573.42
2024-11-05T10:45:00.000,574.91,575.21,574.61,575.04,381549,5058,573.49
2024-11-05T10:50:00.000,575.06,575.06,574.0,574.35,394604,4855,573.54
2024-11-05T10:55:00.000,574.35,574.35,573.75,574.005,390017,4818,573.57
2024-11-05T11:00:00.000,573.98,574.2799,573.5455,574.19,521500,4467,573.58
2024-11-05T11:05:00.000,574.15,574.89,573.89,574.81,328080,4498,573.61
2024-11-05T11:10:00.000,574.81,574.84,574.3434,574.73,259080,3577,573.64
2024-11-05T11:15:00.000,574.76,574.76,574.49,574.64,727830,3452,573.66
2024-11-05T11:20:00.000,574.7,575.09,574.59,575.04,459873,3549,573.68
2024-11-05T11:25:00.000,575.04,575.04,574.6101,574.71,682457,3695,573.71
2024-11-05T11:30:00.000,574.71,575.46,574.71,575.31,308978,4110,573.75
2024-11-05T11:35:00.000,575.29,575.29,575.05,575.205,203738,2662,573.78
2024-11-05T11:40:00.000,575.23,575.23,574.775,574.875,264819,3205,573.8
2024-11-05T11:45:00.000,574.88,575.4327,574.8401,575.2609,193943,2829,573.83
2024-11-05T11:50:00.000,575.25,575.45,575.001,575.45,547064,2781,573.85
2024-11-05T11:55:00.000,575.43,575.6,575.34,575.45,292657,2932,573.88
2024-11-05T12:00:00.000,575.46,575.46,575.15,575.42,228645,2603,573.9
2024-11-05T12:05:00.000,575.42,575.5601,575.35,575.505,164877,2628,573.92
2024-11-05T12:10:00.000,575.51,575.96,575.31,575.8723,264038,3832,573.96
2024-11-05T12:15:00.000,575.8701,576.21,575.81,576.1703,300392,3948,574.01
2024-11-05T12:20:00.000,576.18,576.18,575.76,576.1,313829,3653,574.06
2024-11-05T12:25:00.000,576.091,576.1,575.59,575.67,169193,2544,574.08
2024-11-05T12:30:00.000,575.664,576.19,575.664,575.96,283143,3139,574.13
2024-11-05T12:35:00.000,575.965,576.1,575.77,575.85,411776,2458,574.15
2024-11-05T12:40:00.000,575.85,576.05,575.8201,576.0001,355332,1903,574.16
2024-11-05T12:45:00.000,576.02,576.43,575.98,576.37,331125,3951,574.21
2024-11-05T12:50:00.000,576.395,576.41,576.18,576.34,146537,2199,574.23
2024-11-05T12:55:00.000,576.34,576.42,575.9,576.03,267819,3374,574.27
2024-11-05T13:00:00.000,576.04,576.4,575.85,576.28,369359,4225,574.31
2024-11-05T13:05:00.000,576.27,576.37,576.12,576.15,462743,2801,574.34
2024-11-05T13:10:00.000,576.18,576.19,575.46,575.58,249569,3566,574.36
2024-11-05T13:15:00.000,575.59,576.14,575.51,575.71,344294,4298,574.39
2024-11-05T13:20:00.000,575.72,575.81,575.4,575.51,156944,2695,574.4
2024-11-05T13:25:00.000,575.48,575.67,575.3301,575.38,591107,3017,574.42
2024-11-05T13:30:00.000,575.4,575.64,575.21,575.26,211044,3681,574.43
2024-11-05T13:35:00.000,575.27,575.27,574.6,575.01,363276,4271,574.44
2024-11-05T13:40:00.000,575.0,575.515,574.99,575.27,256642,3473,574.46
2024-11-05T13:45:00.000,575.285,575.52,574.91,575.0,237528,2919,574.47
2024-11-05T13:50:00.000,575.02,575.37,574.88,575.33,268406,2677,574.47
2024-11-05T13:55:00.000,575.3399,575.3799,575.13,575.2348,1815026,2096,574.48
2024-11-05T14:00:00.000,575.23,575.63,575.22,575.46,286556,3926,574.49
2024-11-05T14:05:00.000,575.46,575.8,575.3451,575.76,488185,3485,574.51
2024-11-05T14:10:00.000,575.77,575.8195,575.42,575.53,229602,3192,574.52
2024-11-05T14:15:00.000,575.53,575.62,575.33,575.51,195469,2832,574.53
2024-11-05T14:20:00.000,575.49,575.49,575.1263,575.4,186622,2873,574.54
2024-11-05T14:25:00.000,575.4,575.87,575.3208,575.43,173558,3193,574.55
2024-11-05T14:30:00.000,575.44,575.67,575.28,575.52,215081,2997,574.56
2024-11-05T14:35:00.000,575.53,575.7499,575.52,575.7001,154381,2562,574.57
2024-11-05T14:40:00.000,575.71,575.87,575.6,575.73,495134,3019,574.58
2024-11-05T14:45:00.000,575.73,575.78,575.47,575.51,255224,3269,574.6
2024-11-05T14:50:00.000,575.505,575.505,574.94,575.005,505871,5341,574.61
2024-11-05T14:55:00.000,575.01,575.14,574.7,575.0,475501,5279,574.62
2024-11-05T15:00:00.000,575.0,575.3,574.7437,575.02,445271,5266,574.63
2024-11-05T15:05:00.000,575.03,575.6,575.03,575.57,341124,3840,574.64
2024-11-05T15:10:00.000,575.57,575.7475,575.42,575.605,518416,5093,574.67
2024-11-05T15:15:00.000,575.6,575.66,575.45,575.63,279242,3469,574.68
2024-11-05T15:20:00.000,575.635,575.64,575.3405,575.39,225903,3188,574.69
2024-11-05T15:25:00.000,575.41,575.76,575.24,575.6899,305534,3817,574.7
2024-11-05T15:30:00.000,575.67,576.12,575.58,575.96,533362,5698,574.72
2024-11-05T15:35:00.000,575.94,576.22,575.83,575.84,568824,6183,574.75
2024-11-05T15:40:00.000,575.82,575.82,575.3001,575.43,606834,6221,574.78
2024-11-05T15:45:00.000,575.43,575.89,575.26,575.72,713499,8060,574.8
2024-11-05T15:50:00.000,575.72,576.19,575.55,575.92,1034471,10457,574.84
2024-11-05T15:55:00.000,575.93,576.71,575.84,576.68,2770393,21092,574.99
2024-11-05T16:00:00.000,0.0,0.0,0.0,0.0,0,0,574.99
2024-11-06T09:30:00.000,589.2,589.43,587.77,588.28,3617174,30735,588.63
2024-11-06T09:35:00.000,588.29,588.91,588.04,588.5599,1776563,19624,588.6
2024-11-06T09:40:00.000,588.56,589.07,587.69,587.94,1307478,17195,588.59
2024-11-06T09:45:00.000,587.91,588.04,586.25,586.458,1415340,17557,588.33
2024-11-06T09:50:00.000,586.5,586.53,585.8,585.92,1407550,18062,588.01
2024-11-06T09:55:00.000,585.95,586.2299,585.39,586.11,1225334,13940,587.79
2024-11-06T10:00:00.000,586.12,587.25,586.12,586.685,1079702,13718,587.69
2024-11-06T10:05:00.000,586.68,587.11,586.15,587.03,910605,10631,587.61
2024-11-06T10:10:00.000,587.03,587.64,586.93,587.39,910885,8887,587.6
2024-11-06T10:15:00.000,587.395,588.145,587.19,588.01,797747,10100,587.61
2024-11-06T10:20:00.000,588.0537,588.6,587.855,588.45,857449,8704,587.63
2024-11-06T10:25:00.000,588.43,589.08,588.07,588.82,862539,13375,587.69
2024-11-06T10:30:00.000,588.82,589.04,588.25,588.37,1406166,11093,587.74
2024-11-06T10:35:00.000,588.36,588.5,587.54,587.71,684476,9256,587.75
2024-11-06T10:40:00.000,587.73,588.1,587.15,587.4,535414,8179,587.75
2024-11-06T10:45:00.000,587.4,587.7199,587.06,587.6,526641,7334,587.74
2024-11-06T10:50:00.000,587.58,587.65,586.39,586.83,628072,8030,587.71
2024-11-06T10:55:00.000,586.82,587.26,586.74,587.02,481082,10202,587.69
2024-11-06T11:00:00.000,586.99,587.02,586.31,586.6272,525733,11840,587.67
2024-11-06T11:05:00.000,586.63,587.34,586.5,587.05,768639,10066,587.65
2024-11-06T11:10:00.000,587.05,587.95,587.02,587.89,571167,9963,587.65
2024-11-06T11:15:00.000,587.88,588.03,587.424,587.75,415090,9757,587.65
2024-11-06T11:20:00.000,587.74,587.75,587.09,587.615,382089,8149,587.65
2024-11-06T11:25:00.000,587.605,588.33,587.51,588.15,358268,9717,587.65
2024-11-06T11:30:00.000,588.16,588.56,588.16,588.3,405770,6384,587.66
2024-11-06T11:35:00.000,588.3,588.78,588.21,588.78,518484,6337,587.68
2024-11-06T11:40:00.000,588.775,588.86,588.4601,588.59,441500,6027,587.7
2024-11-06T11:45:00.000,588.59,588.71,588.38,588.55,870871,6297,587.72
2024-11-06T11:50:00.000,588.56,588.77,588.37,588.63,472314,4510,587.73
2024-11-06T11:55:00.000,588.64,588.83,588.5799,588.78,240563,3733,587.74
2024-11-06T12:00:00.000,588.77,588.77,588.3101,588.65,362864,3933,587.74
2024-11-06T12:05:00.000,588.65,588.76,588.53,588.62,258860,4386,587.75
2024-11-06T12:10:00.000,588.62,589.09,588.55,589.0499,572987,5524,587.77
2024-11-06T12:15:00.000,589.055,589.055,588.34,588.4982,415559,4421,587.78
2024-11-06T12:20:00.000,588.495,588.68,588.32,588.58,718147,4291,587.78
2024-11-06T12:25:00.000,588.57,588.85,588.43,588.76,335228,3455,587.79
2024-11-06T12:30:00.000,588.75,588.84,588.51,588.765,754937,4113,587.8
2024-11-06T12:35:00.000,588.765,588.99,588.635,588.71,172719,3360,587.81
2024-11-06T12:40:00.000,588.7082,589.01,588.69,588.91,192696,3464,587.81
2024-11-06T12:45:00.000,588.905,589.48,588.905,589.37,508040,5243,587.83
2024-11-06T12:50:00.000,589.37,589.42,588.94,589.28,437519,4076,587.85
2024-11-06T12:55:00.000,589.28,589.41,589.2,589.265,258256,3791,587.86
2024-11-06T13:00:00.000,589.26,589.69,589.12,589.55,352184,5033,587.88
2024-11-06T13:05:00.000,589.56,589.72,589.3814,589.7,225246,3583,587.89
2024-11-06T13:10:00.000,589.69,590.0,589.61,589.895,458948,5451,587.92
2024-11-06T13:15:00.000,589.9,590.1,589.78,590.08,481821,4809,587.94
2024-11-06T13:20:00.000,590.071,590.11,589.58,589.8825,372275,5170,587.96
2024-11-06T13:25:00.000,589.9,590.27,589.81,590.19,323715,5117,587.99
2024-11-06T13:30:00.000,590.2,590.43,590.07,590.4099,493688,6939,588.02
2024-11-06T13:35:00.000,590.4,590.41,590.15,590.21,738218,5264,588.05
2024-11-06T13:40:00.000,590.23,590.53,590.1714,590.31,484078,5682,588.09
2024-11-06T13:45:00.000,590.31,590.71,590.3,590.6318,275745,4203,588.11
2024-11-06T13:50:00.000,590.65,590.66,590.14,590.32,413793,4514,588.13
2024-11-06T13:55:00.000,590.32,590.45,590.06,590.27,436579,4571,588.15
2024-11-06T14:00:00.000,590.28,590.5842,590.23,590.33,497599,4465,588.18
2024-11-06T14:05:00.000,590.34,590.37,589.79,590.16,476308,5344,588.21
2024-11-06T14:10:00.000,590.15,590.5401,589.9825,590.389,245530,3877,588.22
2024-11-06T14:15:00.000,590.39,590.45,590.2211,590.38,412681,3894,588.24
2024-11-06T14:20:00.000,590.39,590.52,590.27,590.36,303494,4595,588.26
2024-11-06T14:25:00.000,590.38,590.6199,590.35,590.55,358528,4549,588.28
2024-11-06T14:30:00.000,590.53,590.85,590.49,590.51,413814,5095,588.31
2024-11-06T14:35:00.000,590.5199,590.73,590.39,590.48,390768,5041,588.34
2024-11-06T14:40:00.000,590.49,590.49,590.17,590.3,357184,4598,588.36
2024-11-06T14:45:00.000,590.3,590.65,590.28,590.49,248430,3572,588.37
2024-11-06T14:50:00.000,590.49,590.49,590.12,590.3,292982,4048,588.39
2024-11-06T14:55:00.000,590.2903,590.64,590.17,590.54,290005,4121,588.4
2024-11-06T15:00:00.000,590.54,590.76,590.45,590.57,600187,5054,588.43
2024-11-06T15:05:00.000,590.57,590.98,590.5334,590.97,485954,5705,588.47
2024-11-06T15:10:00.000,590.98,591.51,590.855,591.47,902419,8219,588.53
2024-11-06T15:15:00.000,591.47,591.66,591.2718,591.43,569417,6492,588.57
2024-11-06T15:20:00.000,591.42,591.53,590.8,591.01,504190,6085,588.61
2024-11-06T15:25:00.000,591.0,591.35,590.99,591.115,539853,5485,588.65
2024-11-06T15:30:00.000,591.11,591.4799,591.11,591.25,559155,5759,588.68
2024-11-06T15:35:00.000,591.24,591.35,590.82,590.83,1191647,8609,588.75
2024-11-06T15:40:00.000,590.84,591.465,590.77,591.41,1411580,8628,588.82
2024-11-06T15:45:00.000,591.4,591.93,591.24,591.81,1691462,12480,588.92
2024-11-06T15:50:00.000,591.84,591.89,590.67,590.9301,1740288,17656,589.01
2024-11-06T15:55:00.000,590.96,591.35,590.69,591.04,4681429,33019,589.22
2024-11-06T16:00:00.000,0.0,0.0,0.0,0.0,0,0,589.22
2024-11-07T09:30:00.000,593.08,593.56,592.9999,593.3,1360408,12545,593.26
2024-11-07T09:35:00.000,593.3,593.51,593.07,593.36,618191,8083,593.27
2024-11-07T09:40:00.000,593.35,593.8,593.15,593.19,661785,8222,593.33
2024-11-07T09:45:00.000,593.19,593.5378,593.05,593.3575,513251,6750,593.33
2024-11-07T09:50:00.000,593.3406,593.85,593.27,593.62,438093,6274,593.36
2024-11-07T09:55:00.000,593.625,594.05,593.625,594.0,405993,6241,593.42
2024-11-07T10:00:00.000,593.97,594.15,593.82,593.95,474610,9372,593.47
2024-11-07T10:05:00.000,593.97,594.27,593.78,594.1675,564700,6164,593.53
2024-11-07T10:10:00.000,594.18,594.3099,594.085,594.17,804911,6304,593.6
2024-11-07T10:15:00.000,594.17,594.25,593.79,594.16,602875,10175,593.64
2024-11-07T10:20:00.000,594.1699,594.3357,593.89,594.29,314797,11615,593.66
2024-11-07T10:25:00.000,594.29,594.405,594.0318,594.27,327560,10385,593.68
2024-11-07T10:30:00.000,594.27,594.48,594.06,594.26,463009,13012,593.72
2024-11-07T10:35:00.000,594.26,594.53,594.2,594.34,430692,12782,593.76
2024-11-07T10:40:00.000,594.38,594.59,594.28,594.58,360643,4928,593.79
2024-11-07T10:45:00.000,594.57,594.96,594.54,594.9,502434,5801,593.85
2024-11-07T10:50:00.000,594.9,594.965,594.71,594.755,331075,4635,593.88
2024-11-07T10:55:00.000,594.77,594.93,594.6899,594.8165,320615,4216,593.92
2024-11-07T11:00:00.000,594.83,595.0,594.475,594.585,480376,5932,593.96
2024-11-07T11:05:00.000,594.58,594.595,594.2,594.3,794750,4534,593.97
2024-11-07T11:10:00.000,594.295,594.49,594.1,594.4295,293549,3916,593.98
2024-11-07T11:15:00.000,594.41,594.62,594.26,594.54,350019,3725,593.99
2024-11-07T11:20:00.000,594.55,594.7899,594.44,594.765,217025,3494,594.0
2024-11-07T11:25:00.000,594.76,594.765,594.4911,594.61,542066,3090,594.02
2024-11-07T11:30:00.000,594.59,594.87,594.58,594.82,252077,3561,594.03
2024-11-07T11:35:00.000,594.82,594.85,594.68,594.8,157992,2562,594.04
2024-11-07T11:40:00.000,594.7899,594.854,594.72,594.79,210408,2489,594.06
2024-11-07T11:45:00.000,594.79,594.96,594.68,594.9499,160137,2604,594.07
2024-11-07T11:50:00.000,594.941,595.11,594.88,595.105,360935,3551,594.1
2024-11-07T11:55:00.000,595.105,595.28,595.0315,595.135,371696,3318,594.12
2024-11-07T12:00:00.000,595.14,595.14,594.76,594.87,354677,3069,594.14
2024-11-07T12:05:00.000,594.88,595.02,594.7901,594.96,254599,2914,594.16
2024-11-07T12:10:00.000,594.95,595.3,594.91,595.25,386633,3707,594.19
2024-11-07T12:15:00.000,595.25,595.26,595.01,595.05,267046,3326,594.21
2024-11-07T12:20:00.000,595.04,595.24,594.9601,595.09,138654,2306,594.22
2024-11-07T12:25:00.000,595.0801,595.235,595.0501,595.235,195171,2474,594.23
2024-11-07T12:30:00.000,595.21,595.44,594.99,595.015,332052,2856,594.24
2024-11-07T12:35:00.000,595.02,595.29,595.0101,595.24,980300,2277,594.25
2024-11-07T12:40:00.000,595.24,595.35,595.1101,595.3001,543666,2391,594.26
2024-11-07T12:45:00.000,595.3,595.56,595.28,595.465,224558,3065,594.27
2024-11-07T12:50:00.000,595.46,595.49,595.31,595.372015,147677,2262,594.29
2024-11-07T12:55:00.000,595.38,595.44,595.2701,595.3913,123592,2137,594.29
2024-11-07T13:00:00.000,595.4,595.44,595.18,595.2099,159572,2267,594.3
2024-11-07T13:05:00.000,595.205,595.31,594.97,594.975,182535,2780,594.31
2024-11-07T13:10:00.000,594.975,594.99,594.6,594.91,386271,3930,594.33
2024-11-07T13:15:00.000,594.9,594.9662,594.55,594.73,215530,2757,594.33
2024-11-07T13:20:00.000,594.75,594.96,594.73,594.8301,544596,2578,594.34
2024-11-07T13:25:00.000,594.84,595.0,594.84,594.85,654401,2416,594.34
2024-11-07T13:30:00.000,594.85,594.85,594.38,594.5197,272562,4065,594.35
2024-11-07T13:35:00.000,594.515,594.78,594.43,594.735,319458,2953,594.35
2024-11-07T13:40:00.000,594.73,594.74,594.21,594.35,281264,3425,594.35
2024-11-07T13:45:00.000,594.35,594.4701,594.25,594.4701,178813,2540,594.35
2024-11-07T13:50:00.000,594.49,595.04,594.485,595.0301,502418,3935,594.36
2024-11-07T13:55:00.000,595.03,595.13,594.63,594.8062,492323,3748,594.37
2024-11-07T14:00:00.000,594.78,595.4,594.2,594.64,544925,5580,594.38
2024-11-07T14:05:00.000,594.65,595.15,594.36,595.01,652152,5140,594.4
2024-11-07T14:10:00.000,595.01,595.04,594.72,594.82,247921,3062,594.4
2024-11-07T14:15:00.000,594.835,595.14,594.79,594.8499,189531,2865,594.41
2024-11-07T14:20:00.000,594.85,594.92,594.4,594.73,244175,2935,594.41
2024-11-07T14:25:00.000,594.725,595.0,594.65,594.74,216946,2425,594.42
2024-11-07T14:30:00.000,594.7199,595.44,594.71,595.26,341270,3889,594.43
2024-11-07T14:35:00.000,595.27,595.36,594.97,595.057686,259234,3701,594.44
2024-11-07T14:40:00.000,595.06,595.06,593.92,594.69,707254,7918,594.44
2024-11-07T14:45:00.000,594.71,595.47,594.36,595.2801,411803,5476,594.44
2024-11-07T14:50:00.000,595.2938,595.68,594.86,595.07,514249,5957,594.46
2024-11-07T14:55:00.000,595.071189,596.03,595.071189,596.02,473045,5646,594.49
2024-11-07T15:00:00.000,596.025,596.025,595.57,595.8,695527,4274,594.51
2024-11-07T15:05:00.000,595.79,595.89,595.53,595.7101,372702,4240,594.53
2024-11-07T15:10:00.000,595.72,596.34,595.71,596.26,491136,5527,594.56
2024-11-07T15:15:00.000,596.25,596.62,596.23,596.3501,469133,5311,594.59
2024-11-07T15:20:00.000,596.35,596.65,595.9601,596.4501,556342,5299,594.62
2024-11-07T15:25:00.000,596.45,596.48,596.07,596.15,345707,4272,594.64
2024-11-07T15:30:00.000,596.13,596.36,596.04,596.0551,461382,4331,594.67
2024-11-07T15:35:00.000,596.04,596.13,595.7,595.75,591396,5541,594.7
2024-11-07T15:40:00.000,595.75,596.19,595.7001,595.985,1268721,5577,594.73
2024-11-07T15:45:00.000,595.99,596.4,595.9443,596.05,784082,6492,594.76
2024-11-07T15:50:00.000,596.03,596.03,595.23,595.39,2185666,16227,594.81
2024-11-07T15:55:00.000,595.39,595.91,595.18,595.55,3874476,22940,594.89
2024-11-07T16:00:00.000,0.0,0.0,0.0,0.0,0,0,594.89
2024-11-08T09:30:00.000,596.17,596.84,596.165,596.53,1259223,11934,596.48
2024-11-08T09:35:00.000,596.55,596.84,596.36,596.57,416031,6052,596.51
2024-11-08T09:40:00.000,596.58,596.74,596.27,596.43,375042,5697,596.51
2024-11-08T09:45:00.000,596.46,597.02,596.2801,596.9121,516254,6642,596.56
2024-11-08T09:50:00.000,596.92,597.06,596.75,596.99,404576,5648,596.61
2024-11-08T09:55:00.000,596.99,597.24,596.94,597.16,431495,5496,596.67
2024-11-08T10:00:00.000,597.2,597.5,596.78,596.8,624895,7750,596.76
2024-11-08T10:05:00.000,596.81,597.03,596.575,596.77,478071,6752,596.76
2024-11-08T10:10:00.000,596.76,596.89,596.6,596.7,358437,4774,596.76
2024-11-08T10:15:00.000,596.6992,597.29,596.5708,597.24,302414,5126,596.76
2024-11-08T10:20:00.000,597.25,597.52,597.15,597.2,348133,4743,596.8
2024-11-08T10:25:00.000,597.19,597.5799,597.16,597.335,319680,8975,596.83
2024-11-08T10:30:00.000,597.33,597.68,597.27,597.63,393539,7896,596.86
2024-11-08T10:35:00.000,597.64,597.66,597.24,597.43,458498,9563,596.91
2024-11-08T10:40:00.000,597.44,597.63,597.22,597.52,344500,8098,596.94
2024-11-08T10:45:00.000,597.53,597.87,597.48,597.78,406382,8543,596.98
2024-11-08T10:50:00.000,597.77,597.985,597.65,597.87,299648,9011,597.01
2024-11-08T10:55:00.000,597.85,597.89,597.62,597.78,685610,8924,597.04
2024-11-08T11:00:00.000,597.785,597.79,597.34,597.5903,467095,9045,597.06
2024-11-08T11:05:00.000,597.595,597.91,597.595,597.87,205020,6247,597.07
2024-11-08T11:10:00.000,597.87,597.98,597.79,597.9099,280339,4132,597.1
2024-11-08T11:15:00.000,597.9,597.95,597.83,597.93,178492,2976,597.11
2024-11-08T11:20:00.000,597.94,598.03,597.83,597.9825,289718,3909,597.14
2024-11-08T11:25:00.000,597.99,598.08,597.86,597.9899,282189,3906,597.16
2024-11-08T11:30:00.000,597.98,598.14,597.89,597.9746,284084,3433,597.18
2024-11-08T11:35:00.000,597.98,598.0499,597.84,597.97,291376,3903,597.21
2024-11-08T11:40:00.000,597.96,598.0078,597.65,597.7,616101,4524,597.22
2024-11-08T11:45:00.000,597.69,597.98,597.63,597.9448,257120,3205,597.24
2024-11-08T11:50:00.000,597.97,598.07,597.8999,598.0521,283719,3184,597.26
2024-11-08T11:55:00.000,598.06,598.22,597.9,597.91,434617,3305,597.28
2024-11-08T12:00:00.000,597.9399,598.0154,597.64,597.71,311542,3383,597.29
2024-11-08T12:05:00.000,597.72,597.76,597.48,597.71,560836,4580,597.31
2024-11-08T12:10:00.000,597.7,597.8,597.44,597.5,235320,3358,597.31
2024-11-08T12:15:00.000,597.51,597.74,597.44,597.645,169832,2859,597.32
2024-11-08T12:20:00.000,597.64,597.9,597.63,597.63,270750,3683,597.33
2024-11-08T12:25:00.000,597.635,597.79,597.57,597.64,434420,3017,597.33
2024-11-08T12:30:00.000,597.64,598.21,597.61,598.18,283804,3664,597.35
2024-11-08T12:35:00.000,598.19,598.35,598.065,598.065,271004,3466,597.36
2024-11-08T12:40:00.000,598.07,598.18,597.87,598.0105,175549,3079,597.37
2024-11-08T12:45:00.000,598.02,598.2,598.005,598.14,141812,3092,597.38
2024-11-08T12:50:00.000,598.14,598.33,598.14,598.29,179742,3506,597.39
2024-11-08T12:55:00.000,598.2828,598.33,598.0547,598.09,217959,3316,597.4
2024-11-08T13:00:00.000,598.09,598.2,597.99,598.16,162415,2499,597.41
2024-11-08T13:05:00.000,598.16,598.24,598.11,598.15,140130,2441,597.41
2024-11-08T13:10:00.000,598.16,598.22,598.1101,598.2,149013,2358,597.42
2024-11-08T13:15:00.000,598.21,598.28,598.09,598.13,139075,2325,597.43
2024-11-08T13:20:00.000,598.1,598.2299,597.96,598.1078,555019,2979,597.44
2024-11-08T13:25:00.000,598.08,598.23,598.07,598.175,175167,2622,597.45
2024-11-08T13:30:00.000,598.16,598.59,598.14,598.45,400104,5415,597.47
2024-11-08T13:35:00.000,598.45,598.94,598.42,598.84,358912,4391,597.5
2024-11-08T13:40:00.000,598.85,598.9397,598.73,598.9,681657,4237,597.53
2024-11-08T13:45:00.000,598.91,599.09,598.82,598.9,350755,3886,597.56
2024-11-08T13:50:00.000,598.9,598.9299,598.621,598.63,218455,2868,597.58
2024-11-08T13:55:00.000,598.65,599.21,598.592,599.01,364439,3574,597.61
2024-11-08T14:00:00.000,599.015,599.07,598.67,598.89,524126,4595,597.65
2024-11-08T14:05:00.000,598.91,599.16,598.88,599.1599,350587,2691,597.67
2024-11-08T14:10:00.000,599.15,599.1699,598.93,599.05,304973,3164,597.69
2024-11-08T14:15:00.000,599.06,599.22,598.97,599.0,214773,2885,597.71
2024-11-08T14:20:00.000,598.99,599.09,598.95,599.01,166154,2384,597.72
2024-11-08T14:25:00.000,599.0,599.25,599.0,599.23,213055,2835,597.74
2024-11-08T14:30:00.000,599.21,599.28,599.11,599.15,229667,3158,597.75
2024-11-08T14:35:00.000,599.16,599.4901,599.14,599.47,443642,4168,597.79
2024-11-08T14:40:00.000,599.46,599.64,599.43,599.5199,699134,4777,597.84
2024-11-08T14:45:00.000,599.5181,599.54,599.21,599.21,487572,3662,597.87
2024-11-08T14:50:00.000,599.23,599.25,599.01,599.051,255419,2960,597.88
2024-11-08T14:55:00.000,599.0501,599.15,598.91,598.91,509070,3206,597.89
2024-11-08T15:00:00.000,598.92,598.98,598.35,598.67,681641,5601,597.91
2024-11-08T15:05:00.000,598.7,598.89,598.55,598.8,485683,3008,597.92
2024-11-08T15:10:00.000,598.81,598.81,598.5,598.61,425074,3178,597.93
2024-11-08T15:15:00.000,598.61,598.81,598.57,598.65,503223,3912,597.94
2024-11-08T15:20:00.000,598.65,598.685,598.24,598.496,650989,4831,597.95
2024-11-08T15:25:00.000,598.48,598.68,598.25,598.25,380927,3492,597.96
2024-11-08T15:30:00.000,598.28,598.3123,597.8604,597.93,579483,5174,597.97
2024-11-08T15:35:00.000,597.92,598.16,597.84,598.09,826515,5696,597.97
2024-11-08T15:40:00.000,598.1,598.1099,597.66,597.74,909546,6175,597.96
2024-11-08T15:45:00.000,597.74,597.94,597.72,597.76,1634942,6571,597.96
2024-11-08T15:50:00.000,597.75,598.09,597.62,598.0,2358068,11871,597.95
2024-11-08T15:55:00.000,597.98,598.26,597.74,598.24,4240304,22105,597.96
2024-11-08T16:00:00.000,598.24,598.24,598.24,598.24,1100,4,597.96
2024-11-09T09:30:00.000,0.0,0.0,0.0,0.0,0,0,0.0
2024-11-09T09:35:00.000,0.0,0.0,0.0,0.0,0,0,0.0
2024-11-09T09:40:00.000,0.0,0.0,0.0,0.0,0,0,0.0
2024-11-09T09:45:00.000,0.0,0.0,0.0,0.0,0,0,0.0
2024-11-09T09:50:00.000,0.0,0.0,0.0,0.0,0,0,0.0
2024-11-09T09:55:00.000,0.0,0.0,0.0,0.0,0,0,0.0
2024-11-09T10:00:00.000,0.0,0.0,0.0,0.0,0,0,0.0
2024-11-09T10:05:00.000,0.0,0.0,0.0,0.0,0,0,0.0
2024-11-09T10:10:00.000,0.0,0.0,0.0,0.0,0,0,0.0
2024-11-09T10:15:00.000,0.0,0.0,0.0,0.0,0,0,0.0
2024-11-09T10:20:00.000,0.0,0.0,0.0,0.0,0,0,0.0
2024-11-09T10:25:00.000,0.0,0.0,0.0,0.0,0,0,0.0
2024-11-09T10:30:00.000,0.0,0.0,0.0,0.0,0,0,0.0
2024-11-09T10:35:00.000,0.0,0.0,0.0,0.0,0,0,0.0
2024-11-09T10:40:00.000,0.0,0.0,0.0,0.0,0,0,0.0
2024-11-09T10:45:00.000,0.0,0.0,0.0,0.0,0,0,0.0
2024-11-09T10:50:00.000,0.0,0.0,0.0,0.0,0,0,0.0
2024-11-09T10:55:00.000,0.0,0.0,0.0,0.0,0,0,0.0
2024-11-09T11:00:00.000,0.0,0.0,0.0,0.0,0,0,0.0
2024-11-09T11:05:00.000,0.0,0.0,0.0,0.0,0,0,0.0
2024-11-09T11:10:00.000,0.0,0.0,0.0,0.0,0,0,0.0
2024-11-09T11:15:00.000,0.0,0.0,0.0,0.0,0,0,0.0
2024-11-09T11:20:00.000,0.0,0.0,0.0,0.0,0,0,0.0
2024-11-09T11:25:00.000,0.0,0.0,0.0,0.0,0,0,0.0
2024-11-09T11:30:00.000,0.0,0.0,0.0,0.0,0,0,0.0
2024-11-09T11:35:00.000,0.0,0.0,0.0,0.0,0,0,0.0
2024-11-09T11:40:00.000,0.0,0.0,0.0,0.0,0,0,0.0
2024-11-09T11:45:00.000,0.0,0.0,0.0,0.0,0,0,0.0
2024-11-09T11:50:00.000,0.0,0.0,0.0,0.0,0,0,0.0
2024-11-09T11:55:00.000,0.0,0.0,0.0,0.0,0,0,0.0
2024-11-09T12:00:00.000,0.0,0.0,0.0,0.0,0,0,0.0
2024-11-09T12:05:00.000,0.0,0.0,0.0,0.0,0,0,0.0
2024-11-09T12:10:00.000,0.0,0.0,0.0,0.0,0,0,0.0
2024-11-09T12:15:00.000,0.0,0.0,0.0,0.0,0,0,0.0
2024-11-09T12:20:00.000,0.0,0.0,0.0,0.0,0,0,0.0
2024-11-09T12:25:00.000,0.0,0.0,0.0,0.0,0,0,0.0
2024-11-09T12:30:00.000,0.0,0.0,0.0,0.0,0,0,0.0
2024-11-09T12:35:00.000,0.0,0.0,0.0,0.0,0,0,0.0
2024-11-09T12:40:00.000,0.0,0.0,0.0,0.0,0,0,0.0
2024-11-09T12:45:00.000,0.0,0.0,0.0,0.0,0,0,0.0
2024-11-09T12:50:00.000,0.0,0.0,0.0,0.0,0,0,0.0
2024-11-09T12:55:00.000,0.0,0.0,0.0,0.0,0,0,0.0
2024-11-09T13:00:00.000,0.0,0.0,0.0,0.0,0,0,0.0
2024-11-09T13:05:00.000,0.0,0.0,0.0,0.0,0,0,0.0
2024-11-09T13:10:00.000,0.0,0.0,0.0,0.0,0,0,0.0
2024-11-09T13:15:00.000,0.0,0.0,0.0,0.0,0,0,0.0
2024-11-09T13:20:00.000,0.0,0.0,0.0,0.0,0,0,0.0
2024-11-09T13:25:00.000,0.0,0.0,0.0,0.0,0,0,0.0
2024-11-09T13:30:00.000,0.0,0.0,0.0,0.0,0,0,0.0
2024-11-09T13:35:00.000,0.0,0.0,0.0,0.0,0,0,0.0
2024-11-09T13:40:00.000,0.0,0.0,0.0,0.0,0,0,0.0
2024-11-09T13:45:00.000,0.0,0.0,0.0,0.0,0,0,0.0
2024-11-09T13:50:00.000,0.0,0.0,0.0,0.0,0,0,0.0
2024-11-09T13:55:00.000,0.0,0.0,0.0,0.0,0,0,0.0
2024-11-09T14:00:00.000,0.0,0.0,0.0,0.0,0,0,0.0
2024-11-09T14:05:00.000,0.0,0.0,0.0,0.0,0,0,0.0
2024-11-09T14:10:00.000,0.0,0.0,0.0,0.0,0,0,0.0
2024-11-09T14:15:00.000,0.0,0.0,0.0,0.0,0,0,0.0
2024-11-09T14:20:00.000,0.0,0.0,0.0,0.0,0,0,0.0
2024-11-09T14:25:00.000,0.0,0.0,0.0,0.0,0,0,0.0
2024-11-09T14:30:00.000,0.0,0.0,0.0,0.0,0,0,0.0
2024-11-09T14:35:00.000,0.0,0.0,0.0,0.0,0,0,0.0
2024-11-09T14:40:00.000,0.0,0.0,0.0,0.0,0,0,0.0
2024-11-09T14:45:00.000,0.0,0.0,0.0,0.0,0,0,0.0
2024-11-09T14:50:00.000,0.0,0.0,0.0,0.0,0,0,0.0
2024-11-09T14:55:00.000,0.0,0.0,0.0,0.0,0,0,0.0
2024-11-09T15:00:00.000,0.0,0.0,0.0,0.0,0,0,0.0
2024-11-09T15:05:00.000,0.0,0.0,0.0,0.0,0,0,0.0
2024-11-09T15:10:00.000,0.0,0.0,0.0,0.0,0,0,0.0
2024-11-09T15:15:00.000,0.0,0.0,0.0,0.0,0,0,0.0
2024-11-09T15:20:00.000,0.0,0.0,0.0,0.0,0,0,0.0
2024-11-09T15:25:00.000,0.0,0.0,0.0,0.0,0,0,0.0
2024-11-09T15:30:00.000,0.0,0.0,0.0,0.0,0,0,0.0
2024-11-09T15:35:00.000,0.0,0.0,0.0,0.0,0,0,0.0
2024-11-09T15:40:00.000,0.0,0.0,0.0,0.0,0,0,0.0
2024-11-09T15:45:00.000,0.0,0.0,0.0,0.0,0,0,0.0
2024-11-09T15:50:00.000,0.0,0.0,0.0,0.0,0,0,0.0
2024-11-09T15:55:00.000,0.0,0.0,0.0,0.0,0,0,0.0
2024-11-09T16:00:00.000,0.0,0.0,0.0,0.0,0,0,0.0
2024-11-10T09:30:00.000,0.0,0.0,0.0,0.0,0,0,0.0
2024-11-10T09:35:00.000,0.0,0.0,0.0,0.0,0,0,0.0
2024-11-10T09:40:00.000,0.0,0.0,0.0,0.0,0,0,0.0
2024-11-10T09:45:00.000,0.0,0.0,0.0,0.0,0,0,0.0
2024-11-10T09:50:00.000,0.0,0.0,0.0,0.0,0,0,0.0
2024-11-10T09:55:00.000,0.0,0.0,0.0,0.0,0,0,0.0
2024-11-10T10:00:00.000,0.0,0.0,0.0,0.0,0,0,0.0
2024-11-10T10:05:00.000,0.0,0.0,0.0,0.0,0,0,0.0
2024-11-10T10:10:00.000,0.0,0.0,0.0,0.0,0,0,0.0
2024-11-10T10:15:00.000,0.0,0.0,0.0,0.0,0,0,0.0
2024-11-10T10:20:00.000,0.0,0.0,0.0,0.0,0,0,0.0
2024-11-10T10:25:00.000,0.0,0.0,0.0,0.0,0,0,0.0
2024-11-10T10:30:00.000,0.0,0.0,0.0,0.0,0,0,0.0
2024-11-10T10:35:00.000,0.0,0.0,0.0,0.0,0,0,0.0
2024-11-10T10:40:00.000,0.0,0.0,0.0,0.0,0,0,0.0
2024-11-10T10:45:00.000,0.0,0.0,0.0,0.0,0,0,0.0
2024-11-10T10:50:00.000,0.0,0.0,0.0,0.0,0,0,0.0
2024-11-10T10:55:00.000,0.0,0.0,0.0,0.0,0,0,0.0
2024-11-10T11:00:00.000,0.0,0.0,0.0,0.0,0,0,0.0
2024-11-10T11:05:00.000,0.0,0.0,0.0,0.0,0,0,0.0
2024-11-10T11:10:00.000,0.0,0.0,0.0,0.0,0,0,0.0
2024-11-10T11:15:00.000,0.0,0.0,0.0,0.0,0,0,0.0
2024-11-10T11:20:00.000,0.0,0.0,0.0,0.0,0,0,0.0
2024-11-10T11:25:00.000,0.0,0.0,0.0,0.0,0,0,0.0
2024-11-10T11:30:00.000,0.0,0.0,0.0,0.0,0,0,0.0
2024-11-10T11:35:00.000,0.0,0.0,0.0,0.0,0,0,0.0
2024-11-10T11:40:00.000,0.0,0.0,0.0,0.0,0,0,0.0
2024-11-10T11:45:00.000,0.0,0.0,0.0,0.0,0,0,0.0
2024-11-10T11:50:00.000,0.0,0.0,0.0,0.0,0,0,0.0
2024-11-10T11:55:00.000,0.0,0.0,0.0,0.0,0,0,0.0
2024-11-10T12:00:00.000,0.0,0.0,0.0,0.0,0,0,0.0
2024-11-10T12:05:00.000,0.0,0.0,0.0,0.0,0,0,0.0
2024-11-10T12:10:00.000,0.0,0.0,0.0,0.0,0,0,0.0
2024-11-10T12:15:00.000,0.0,0.0,0.0,0.0,0,0,0.0
2024-11-10T12:20:00.000,0.0,0.0,0.0,0.0,0,0,0.0
2024-11-10T12:25:00.000,0.0,0.0,0.0,0.0,0,0,0.0
2024-11-10T12:30:00.000,0.0,0.0,0.0,0.0,0,0,0.0
2024-11-10T12:35:00.000,0.0,0.0,0.0,0.0,0,0,0.0
2024-11-10T12:40:00.000,0.0,0.0,0.0,0.0,0,0,0.0
2024-11-10T12:45:00.000,0.0,0.0,0.0,0.0,0,0,0.0
2024-11-10T12:50:00.000,0.0,0.0,0.0,0.0,0,0,0.0
2024-11-10T12:55:00.000,0.0,0.0,0.0,0.0,0,0,0.0
2024-11-10T13:00:00.000,0.0,0.0,0.0,0.0,0,0,0.0
2024-11-10T13:05:00.000,0.0,0.0,0.0,0.0,0,0,0.0
2024-11-10T13:10:00.000,0.0,0.0,0.0,0.0,0,0,0.0
2024-11-10T13:15:00.000,0.0,0.0,0.0,0.0,0,0,0.0
2024-11-10T13:20:00.000,0.0,0.0,0.0,0.0,0,0,0.0
2024-11-10T13:25:00.000,0.0,0.0,0.0,0.0,0,0,0.0
2024-11-10T13:30:00.000,0.0,0.0,0.0,0.0,0,0,0.0
2024-11-10T13:35:00.000,0.0,0.0,0.0,0.0,0,0,0.0
2024-11-10T13:40:00.000,0.0,0.0,0.0,0.0,0,0,0.0
2024-11-10T13:45:00.000,0.0,0.0,0.0,0.0,0,0,0.0
2024-11-10T13:50:00.000,0.0,0.0,0.0,0.0,0,0,0.0
2024-11-10T13:55:00.000,0.0,0.0,0.0,0.0,0,0,0.0
2024-11-10T14:00:00.000,0.0,0.0,0.0,0.0,0,0,0.0
2024-11-10T14:05:00.000,0.0,0.0,0.0,0.0,0,0,0.0
2024-11-10T14:10:00.000,0.0,0.0,0.0,0.0,0,0,0.0
2024-11-10T14:15:00.000,0.0,0.0,0.0,0.0,0,0,0.0
2024-11-10T14:20:00.000,0.0,0.0,0.0,0.0,0,0,0.0
2024-11-10T14:25:00.000,0.0,0.0,0.0,0.0,0,0,0.0
2024-11-10T14:30:00.000,0.0,0.0,0.0,0.0,0,0,0.0
2024-11-10T14:35:00.000,0.0,0.0,0.0,0.0,0,0,0.0
2024-11-10T14:40:00.000,0.0,0.0,0.0,0.0,0,0,0.0
2024-11-10T14:45:00.000,0.0,0.0,0.0,0.0,0,0,0.0
2024-11-10T14:50:00.000,0.0,0.0,0.0,0.0,0,0,0.0
2024-11-10T14:55:00.000,0.0,0.0,0.0,0.0,0,0,0.0
2024-11-10T15:00:00.000,0.0,0.0,0.0,0.0,0,0,0.0
2024-11-10T15:05:00.000,0.0,0.0,0.0,0.0,0,0,0.0
2024-11-10T15:10:00.000,0.0,0.0,0.0,0.0,0,0,0.0
2024-11-10T15:15:00.000,0.0,0.0,0.0,0.0,0,0,0.0
2024-11-10T15:20:00.000,0.0,0.0,0.0,0.0,0,0,0.0
2024-11-10T15:25:00.000,0.0,0.0,0.0,0.0,0,0,0.0
2024-11-10T15:30:00.000,0.0,0.0,0.0,0.0,0,0,0.0
2024-11-10T15:35:00.000,0.0,0.0,0.0,0.0,0,0,0.0
2024-11-10T15:40:00.000,0.0,0.0,0.0,0.0,0,0,0.0
2024-11-10T15:45:00.000,0.0,0.0,0.0,0.0,0,0,0.0
2024-11-10T15:50:00.000,0.0,0.0,0.0,0.0,0,0,0.0
2024-11-10T15:55:00.000,0.0,0.0,0.0,0.0,0,0,0.0
2024-11-10T16:00:00.000,0.0,0.0,0.0,0.0,0,0,0.0
2024-11-11T09:30:00.000,599.81,600.125,599.49,599.535,1339155,15703,599.91
2024-11-11T09:35:00.000,599.54,600.05,599.49,599.86,601923,8244,599.9
2024-11-11T09:40:00.000,599.89,600.17,599.32,599.3846,618376,8268,599.89
2024-11-11T09:45:00.000,599.39,599.47,598.8901,599.285,849840,9791,599.74
2024-11-11T09:50:00.000,599.29,599.41,599.08,599.2,553506,5419,599.69
2024-11-11T09:55:00.000,599.2599,599.305,598.95,599.1619,347826,5579,599.65
2024-11-11T10:00:00.000,599.17,599.225,598.96,598.96,428724,6364,599.6
2024-11-11T10:05:00.000,598.97,599.0209,598.6701,598.86,495814,6725,599.52
2024-11-11T10:10:00.000,598.86,599.25,598.805,598.96,343868,5705,599.49
2024-11-11T10:15:00.000,598.96,599.14,598.79,598.93,377564,5223,599.46
2024-11-11T10:20:00.000,598.94,599.05,598.53,599.0399,395823,5545,599.41
2024-11-11T10:25:00.000,599.02,599.19,598.86,598.87,327014,5896,599.4
2024-11-11T10:30:00.000,598.88,599.36,598.88,599.2,323599,9706,599.39
2024-11-11T10:35:00.000,599.195,599.83,599.17,599.83,422584,5470,599.39
2024-11-11T10:40:00.000,599.82,599.95,599.09,599.165,446184,6272,599.4
2024-11-11T10:45:00.000,599.1661,599.44,599.075,599.44,215420,4494,599.4
2024-11-11T10:50:00.000,599.44,599.655,599.16,599.65,268970,4928,599.4
2024-11-11T10:55:00.000,599.65,599.87,599.55,599.68,368542,5158,599.42
2024-11-11T11:00:00.000,599.69,599.9599,599.62,599.62,552432,4459,599.43
2024-11-11T11:05:00.000,599.64,599.71,599.3,599.6104,248295,4865,599.43
2024-11-11T11:10:00.000,599.615,599.68,599.31,599.405,205097,4198,599.43
2024-11-11T11:15:00.000,599.41,599.45,599.11,599.4099,198771,4221,599.43
2024-11-11T11:20:00.000,599.405,599.5,599.24,599.32,169467,3932,599.43
2024-11-11T11:25:00.000,599.33,599.33,599.015,599.09,204192,3759,599.42
2024-11-11T11:30:00.000,599.1,599.3,598.93,599.23,274205,4423,599.41
2024-11-11T11:35:00.000,599.25,599.53,599.23,599.52,211697,3931,599.41
2024-11-11T11:40:00.000,599.52,599.52,599.2,599.345,170489,3147,599.41
2024-11-11T11:45:00.000,599.33,599.45,599.1801,599.35,145053,3032,599.41
2024-11-11T11:50:00.000,599.345,599.39,599.19,599.27,97503,2521,599.41
2024-11-11T11:55:00.000,599.275,599.52,599.27,599.445,126420,2892,599.41
2024-11-11T12:00:00.000,599.41,599.56,599.26,599.345,120562,2618,599.41
2024-11-11T12:05:00.000,599.34,599.38,599.14,599.2002,183559,2825,599.4
2024-11-11T12:10:00.000,599.21,599.2799,599.05,599.19,137482,2570,599.4
2024-11-11T12:15:00.000,599.19,599.22,598.7601,598.8,146938,3033,599.4
2024-11-11T12:20:00.000,598.815,599.055,598.73,598.775,171862,3051,599.39
2024-11-11T12:25:00.000,598.775,598.83,598.685,598.8091,191338,2954,599.38
2024-11-11T12:30:00.000,598.8,599.03,598.74,598.9801,250499,3590,599.37
2024-11-11T12:35:00.000,598.9701,598.9701,598.7,598.705,434602,2449,599.36
2024-11-11T12:40:00.000,598.71,598.81,598.52,598.6399,211093,3418,599.35
2024-11-11T12:45:00.000,598.63,598.64,598.375,598.395,1059124,3628,599.33
2024-11-11T12:50:00.000,598.3902,598.78,598.29,598.5901,265387,3891,599.32
2024-11-11T12:55:00.000,598.59,598.59,598.2106,598.23,274937,2682,599.3
2024-11-11T13:00:00.000,598.21,598.215,597.4025,597.705,566109,7655,599.23
2024-11-11T13:05:00.000,597.7,597.8199,597.39,597.72,348731,4157,599.19
2024-11-11T13:10:00.000,597.72,597.7592,597.35,597.69,423914,4041,599.14
2024-11-11T13:15:00.000,597.7,597.79,597.4501,597.4501,207299,2778,599.12
2024-11-11T13:20:00.000,597.47,597.6,597.0,597.1999,316226,4043,599.08
2024-11-11T13:25:00.000,597.18,597.8599,597.14,597.85,254156,3660,599.05
2024-11-11T13:30:00.000,597.85,597.85,597.5701,597.655,215128,3799,599.03
2024-11-11T13:35:00.000,597.655,598.09,597.6312,597.99,232036,3473,599.02
2024-11-11T13:40:00.000,598.0,598.2,597.945,598.09,199287,3047,599.0
2024-11-11T13:45:00.000,598.0932,598.38,598.0,598.2701,212129,3229,598.99
2024-11-11T13:50:00.000,598.28,598.64,598.2714,598.43,191133,2831,598.99
2024-11-11T13:55:00.000,598.42,598.4301,598.165,598.23,195438,2447,598.98
2024-11-11T14:00:00.000,598.24,598.3,598.05,598.15,251835,2832,598.96
2024-11-11T14:05:00.000,598.14,598.3499,598.09,598.26,170014,2365,598.96
2024-11-11T14:10:00.000,598.26,598.2699,598.0042,598.07,169910,2475,598.95
2024-11-11T14:15:00.000,598.07,598.31,598.0,598.1,162453,2607,598.94
2024-11-11T14:20:00.000,598.1,598.2299,598.06,598.12,113256,2114,598.94
2024-11-11T14:25:00.000,598.15,598.2799,598.08,598.1437,131936,1863,598.93
2024-11-11T14:30:00.000,598.16,598.4,598.01,598.3999,322483,2283,598.92
2024-11-11T14:35:00.000,598.395,598.41,598.18,598.29,167788,2418,598.92
2024-11-11T14:40:00.000,598.3,598.34,598.2,598.23,108068,2037,598.91
2024-11-11T14:45:00.000,598.24,598.3499,598.0401,598.325,180868,2556,598.91
2024-11-11T14:50:00.000,598.3399,598.35,598.12,598.1701,334920,2533,598.9
2024-11-11T14:55:00.000,598.18,598.29,598.16,598.2885,243149,2912,598.89
2024-11-11T15:00:00.000,598.29,598.295,598.04,598.1899,181643,2647,598.88
2024-11-11T15:05:00.000,598.185,598.4,598.1699,598.4,294136,3217,598.87
2024-11-11T15:10:00.000,598.4,598.5888,598.26,598.35,432873,4515,598.86
2024-11-11T15:15:00.000,598.36,598.43,598.2,598.35,292780,3727,598.85
2024-11-11T15:20:00.000,598.35,598.435,598.2511,598.285,271560,3141,598.85
2024-11-11T15:25:00.000,598.2899,598.305,598.11,598.2799,222424,3069,598.84
2024-11-11T15:30:00.000,598.27,598.2899,598.0,598.25,443713,4667,598.82
2024-11-11T15:35:00.000,598.25,598.43,598.2,598.405,385523,3818,598.81
2024-11-11T15:40:00.000,598.405,598.56,598.2,598.2728,860720,6850,598.79
2024-11-11T15:45:00.000,598.28,598.29,597.98,598.04,580761,5959,598.78
2024-11-11T15:50:00.000,598.07,598.47,598.02,598.2101,608651,6557,598.77
2024-11-11T15:55:00.000,598.2,598.84,597.99,598.72,4403820,16178,598.73
2024-11-11T16:00:00.000,598.73,598.73,598.72,598.73,590,3,598.73
2024-11-12T09:30:00.000,598.68,598.95,598.37,598.709,974345,9517,598.64
2024-11-12T09:35:00.000,598.68,599.29,598.67,599.04,725240,7818,598.82
2024-11-12T09:40:00.000,599.03,599.2,598.92,599.0425,249644,4756,598.85
2024-11-12T09:45:00.000,599.04,599.09,598.71,598.92,472361,6567,598.85
2024-11-12T09:50:00.000,598.92,599.06,598.76,598.89,378240,5463,598.86
2024-11-12T09:55:00.000,598.91,599.09,598.74,598.95,308788,5298,598.87
2024-11-12T10:00:00.000,598.95,599.015,598.1,598.12,562104,7476,598.83
2024-11-12T10:05:00.000,598.15,598.26,597.79,598.125,677446,7503,598.7
2024-11-12T10:10:00.000,598.11,598.58,598.05,598.305,601916,5362,598.67
2024-11-12T10:15:00.000,598.32,598.38,597.95,598.03,412711,4920,598.64
2024-11-12T10:20:00.000,598.0414,598.18,597.9,598.09,286945,7004,598.62
2024-11-12T10:25:00.000,598.08,598.27,597.94,597.9534,239960,4358,598.6
2024-11-12T10:30:00.000,597.965,598.18,597.75,598.18,318992,4754,598.56
2024-11-12T10:35:00.000,598.1779,598.3799,597.98,598.02,228161,4465,598.55
2024-11-12T10:40:00.000,598.0,598.13,597.57,597.57,233185,4539,598.52
2024-11-12T10:45:00.000,597.56,597.8385,597.51,597.74,351089,4791,598.48
2024-11-12T10:50:00.000,597.74,597.85,597.42,597.4501,183073,3639,598.46
2024-11-12T10:55:00.000,597.45,597.62,597.2,597.23,310405,4418,598.41
2024-11-12T11:00:00.000,597.2299,597.5286,597.22,597.4699,290935,4065,598.37
2024-11-12T11:05:00.000,597.455,597.48,597.16,597.17,186330,3248,598.35
2024-11-12T11:10:00.000,597.18,597.33,597.0399,597.15,283873,3792,598.31
2024-11-12T11:15:00.000,597.14,597.53,597.1305,597.511,198468,3353,598.29
2024-11-12T11:20:00.000,597.515,597.578,596.98,597.0599,296241,4515,598.25
2024-11-12T11:25:00.000,597.06,597.33,597.02,597.18,239728,3446,598.23
2024-11-12T11:30:00.000,597.1799,597.25,597.035,597.0981,307563,2984,598.21
2024-11-12T11:35:00.000,597.095,597.3499,596.44,596.55,388638,5224,598.15
2024-11-12T11:40:00.000,596.55,596.7899,596.5,596.59,275792,4052,598.11
2024-11-12T11:45:00.000,596.58,596.73,596.324,596.3301,202963,3423,598.07
2024-11-12T11:50:00.000,596.36,597.31,596.33,597.08,295030,4402,598.04
2024-11-12T11:55:00.000,597.07,597.0799,596.4,596.445,259598,3494,598.01
2024-11-12T12:00:00.000,596.435,596.69,596.271,596.6899,264039,3433,597.97
2024-11-12T12:05:00.000,596.6897,596.7175,596.46,596.5499,173906,2602,597.94
2024-11-12T12:10:00.000,596.54,596.62,596.24,596.3999,275026,2668,597.92
2024-11-12T12:15:00.000,596.38,596.4996,596.22,596.3,145039,2374,597.9
2024-11-12T12:20:00.000,596.3099,596.3199,596.04,596.16,244942,3281,597.86
2024-11-12T12:25:00.000,596.17,596.6499,596.17,596.4925,226566,3203,597.84
2024-11-12T12:30:00.000,596.49,596.6099,596.31,596.4897,158832,2589,597.82
2024-11-12T12:35:00.000,596.47,596.67,596.34,596.43,169121,2659,597.8
2024-11-12T12:40:00.000,596.43,596.43,596.04,596.105,173077,2631,597.78
2024-11-12T12:45:00.000,596.1,596.1896,595.81,595.8389,278706,3855,597.74
2024-11-12T12:50:00.000,595.83,595.97,595.75,595.85,211689,3081,597.7
2024-11-12T12:55:00.000,595.849,595.8499,594.57,594.67,920745,8530,597.57
2024-11-12T13:00:00.000,594.67,595.15,594.37,594.73,714481,6407,597.45
2024-11-12T13:05:00.000,594.72,594.98,594.58,594.94,282868,3585,597.4
2024-11-12T13:10:00.000,594.94,595.36,594.94,595.32,874960,3877,597.35
2024-11-12T13:15:00.000,595.3106,595.9,595.3106,595.797495,371486,3750,597.3
2024-11-12T13:20:00.000,595.82,595.88,595.27,595.58,793434,2905,597.28
2024-11-12T13:25:00.000,595.58,595.87,595.4706,595.8234,191912,3061,597.26
2024-11-12T13:30:00.000,595.81,596.34,595.8,596.34,265714,4490,597.24
2024-11-12T13:35:00.000,596.345,596.795,596.345,596.4101,355646,4965,597.22
2024-11-12T13:40:00.000,596.41,596.8,596.41,596.735,284943,3154,597.21
2024-11-12T13:45:00.000,596.75,596.94,596.64,596.785,215842,3360,597.2
2024-11-12T13:50:00.000,596.7602,597.08,596.7601,597.07,274004,3955,597.2
2024-11-12T13:55:00.000,597.06,597.78,597.0415,597.425,451765,5230,597.21
2024-11-12T14:00:00.000,597.41,597.655,597.3315,597.61,383539,3736,597.21
2024-11-12T14:05:00.000,597.625,597.89,597.48,597.61,393072,4271,597.22
2024-11-12T14:10:00.000,597.61,597.6699,597.4,597.65,311042,3748,597.23
2024-11-12T14:15:00.000,597.64,597.9599,597.63,597.88,343486,3559,597.24
2024-11-12T14:20:00.000,597.9,598.24,597.75,598.14,288571,3687,597.25
2024-11-12T14:25:00.000,598.145,598.28,597.81,597.98,354083,4136,597.26
2024-11-12T14:30:00.000,597.98,598.125,597.9001,598.12,1209662,2804,597.27
2024-11-12T14:35:00.000,598.115,598.37,598.04,598.115,279617,3558,597.29
2024-11-12T14:40:00.000,598.1,598.4,598.04,598.17,406311,4079,597.31
2024-11-12T14:45:00.000,598.19,598.23,597.97,598.125,295685,3527,597.32
2024-11-12T14:50:00.000,598.12,598.18,597.89,597.98,233500,3290,597.33
2024-11-12T14:55:00.000,597.995,598.0381,597.84,598.01,361732,3041,597.33
2024-11-12T15:00:00.000,598.015,598.095,597.82,598.03,433567,3620,597.34
2024-11-12T15:05:00.000,598.025,598.2,597.9,598.04,251110,3552,597.35
2024-11-12T15:10:00.000,598.04,598.0663,597.69,597.7,366833,4083,597.36
2024-11-12T15:15:00.000,597.69,597.81,597.2401,597.58,544615,4367,597.36
2024-11-12T15:20:00.000,597.59,597.64,597.3901,597.53,258231,3583,597.37
2024-11-12T15:25:00.000,597.53,597.59,597.18,597.39,375582,4395,597.37
2024-11-12T15:30:00.000,597.39,597.44,597.12,597.18,857376,4344,597.36
2024-11-12T15:35:00.000,597.17,597.45,596.95,597.37,539812,5487,597.36
2024-11-12T15:40:00.000,597.36,597.57,597.16,597.435,550594,5995,597.36
2024-11-12T15:45:00.000,597.44,597.45,597.14,597.355,467782,5494,597.36
2024-11-12T15:50:00.000,597.35,597.35,596.58,596.942,1355939,10539,597.34
2024-11-12T15:55:00.000,596.95,597.205,596.51,596.87,2913699,18828,597.29
2024-11-12T16:00:00.000,596.87,596.87,596.87,596.87,100,1,597.29
2024-11-13T09:30:00.000,597.37,597.61,597.12,597.57,905201,9488,597.42
2024-11-13T09:35:00.000,597.57,597.59,597.0,597.27,441372,5729,597.38
2024-11-13T09:40:00.000,597.27,597.72,597.11,597.72,435892,5923,597.39
2024-11-13T09:45:00.000,597.705,597.705,596.71,596.753,358579,5954,597.36
2024-11-13T09:50:00.000,596.77,597.015,596.3404,596.83,502736,6429,597.24
2024-11-13T09:55:00.000,596.78,597.26,596.5,597.1,407434,5446,597.19
2024-11-13T10:00:00.000,597.1399,597.1399,596.15,596.23,415684,6224,597.11
2024-11-13T10:05:00.000,596.2237,596.26,594.96,596.01,911011,10574,596.84
2024-11-13T10:10:00.000,596.01,596.79,595.96,596.1,611640,10649,596.79
2024-11-13T10:15:00.000,596.125,596.47,596.01,596.18,179061,4128,596.77
2024-11-13T10:20:00.000,596.1751,596.36,595.89,596.2701,245829,4056,596.75
2024-11-13T10:25:00.000,596.2799,596.5,595.98,596.32,341465,4460,596.72
2024-11-13T10:30:00.000,596.35,597.15,596.2,596.99,312314,5511,596.72
2024-11-13T10:35:00.000,596.99,597.2,596.4642,596.6,327982,5311,596.73
2024-11-13T10:40:00.000,596.57,597.04,596.05,596.92,415777,5430,596.72
2024-11-13T10:45:00.000,596.94,597.24,596.75,596.9799,359948,4688,596.74
2024-11-13T10:50:00.000,596.963,597.07,596.67,597.0,361161,3565,596.74
2024-11-13T10:55:00.000,597.0,597.38,596.93,597.15,428783,5181,596.76
2024-11-13T11:00:00.000,597.17,597.29,596.98,597.005,246276,3702,596.77
2024-11-13T11:05:00.000,597.02,597.48,596.66,597.3523,183969,3559,596.78
2024-11-13T11:10:00.000,597.369,597.53,597.19,597.395,189823,3185,596.79
2024-11-13T11:15:00.000,597.36,597.59,597.31,597.4934,188115,3234,596.81
2024-11-13T11:20:00.000,597.48,597.7,597.25,597.49,194347,3444,596.82
2024-11-13T11:25:00.000,597.5,598.14,597.5,597.98,285477,4310,596.85
2024-11-13T11:30:00.000,597.97,598.175,597.7517,598.01,446322,5174,596.91
2024-11-13T11:35:00.000,597.98,598.23,597.575,597.69,263363,3956,596.94
2024-11-13T11:40:00.000,597.7,597.8225,597.22,597.34,284601,4304,596.96
2024-11-13T11:45:00.000,597.34,598.2,597.3299,598.0599,245703,3941,596.98
2024-11-13T11:50:00.000,598.08,598.33,597.95,598.2,244365,3335,597.01
2024-11-13T11:55:00.000,598.19,598.23,597.695,598.07,366157,3674,597.03
2024-11-13T12:00:00.000,598.07,598.22,597.93,598.0571,268769,2693,597.04
2024-11-13T12:05:00.000,598.07,598.77,598.04,598.48,212693,3563,597.07
2024-11-13T12:10:00.000,598.47,598.91,598.4601,598.76,384752,4280,597.1
2024-11-13T12:15:00.000,598.75,599.06,598.5757,598.58,365022,5308,597.16
2024-11-13T12:20:00.000,598.5897,598.7,598.0502,598.31,236549,3913,597.18
2024-11-13T12:25:00.000,598.31,598.69,598.2701,598.46,177499,3474,597.2
2024-11-13T12:30:00.000,598.45,598.59,598.29,598.41,126315,2931,597.21
2024-11-13T12:35:00.000,598.43,598.73,598.37,598.68,135709,2824,597.23
2024-11-13T12:40:00.000,598.675,598.84,598.31,598.33,201476,3221,597.25
2024-11-13T12:45:00.000,598.35,599.0,598.35,598.815,720028,3574,597.28
2024-11-13T12:50:00.000,598.8508,598.96,598.76,598.93,507701,4653,597.34
2024-11-13T12:55:00.000,598.925,599.18,598.85,599.13,444152,4178,597.4
2024-11-13T13:00:00.000,599.13,599.23,599.01,599.15,215950,3354,597.43
2024-11-13T13:05:00.000,599.14,599.14,598.69,598.755,273377,3522,597.46
2024-11-13T13:10:00.000,598.75,598.8692,598.39,598.59,274592,3438,597.48
2024-11-13T13:15:00.000,598.61,598.67,598.3443,598.61,307108,3588,597.5
2024-11-13T13:20:00.000,598.61,598.85,598.53,598.705,162723,2713,597.51
2024-11-13T13:25:00.000,598.705,598.79,598.5901,598.76,108955,2278,597.52
2024-11-13T13:30:00.000,598.755,598.97,598.72,598.85,194471,3464,597.54
2024-11-13T13:35:00.000,598.87,598.88,598.58,598.69,228812,2817,597.56
2024-11-13T13:40:00.000,598.7,598.84,598.53,598.83,231638,2864,597.57
2024-11-13T13:45:00.000,598.84,599.15,598.7219,599.06,322501,3912,597.6
2024-11-13T13:50:00.000,599.055,599.15,598.97,599.12,152663,2401,597.62
2024-11-13T13:55:00.000,599.11,599.13,598.81,598.91,129829,2198,597.63
2024-11-13T14:00:00.000,598.9,598.934,598.61,598.715,235151,2793,597.64
2024-11-13T14:05:00.000,598.7101,598.83,598.48,598.52,253941,3119,597.66
2024-11-13T14:10:00.000,598.52,598.91,598.4534,598.63,287861,3827,597.67
2024-11-13T14:15:00.000,598.62,598.735,597.86,598.0006,330383,4303,597.68
2024-11-13T14:20:00.000,598.0001,598.48,597.8,598.29,296940,4110,597.69
2024-11-13T14:25:00.000,598.28,598.34,597.84,597.9425,300352,3947,597.7
2024-11-13T14:30:00.000,597.92,598.01,597.55,597.81,357684,4607,597.7
2024-11-13T14:35:00.000,597.79,597.79,597.43,597.4399,315940,4345,597.7
2024-11-13T14:40:00.000,597.4,597.45,597.02,597.07,1082798,5367,597.69
2024-11-13T14:45:00.000,597.06,597.41,597.05,597.17,326722,4149,597.68
2024-11-13T14:50:00.000,597.17,597.49,597.12,597.3201,389742,3033,597.68
2024-11-13T14:55:00.000,597.32,597.36,597.1214,597.21,216893,2619,597.67
2024-11-13T15:00:00.000,597.21,597.27,596.69,596.85,393502,4067,597.66
2024-11-13T15:05:00.000,596.8399,597.41,596.685,597.38,565560,4767,597.64
2024-11-13T15:10:00.000,597.37,597.79,597.34,597.731,636372,6261,597.64
2024-11-13T15:15:00.000,597.74,597.9599,597.66,597.81,579753,3470,597.64
2024-11-13T15:20:00.000,597.815,598.14,597.7,597.8,536443,3749,597.65
2024-11-13T15:25:00.000,597.8,597.87,597.47,597.59,526685,4106,597.65
2024-11-13T15:30:00.000,597.57,598.02,597.23,598.02,644076,6842,597.65
2024-11-13T15:35:00.000,598.03,598.48,598.01,598.27,1423723,7379,597.67
2024-11-13T15:40:00.000,598.26,598.54,598.12,598.22,1374171,9094,597.7
2024-11-13T15:45:00.000,598.21,598.35,597.74,597.91,1207318,7434,597.7
2024-11-13T15:50:00.000,597.89,597.89,596.79,596.79,2545966,12254,597.68
2024-11-13T15:55:00.000,596.8,597.39,596.48,597.17,6295212,25383,597.58
2024-11-13T16:00:00.000,597.19,597.19,597.19,597.19,635,2,597.58
2024-11-14T09:30:00.000,597.32,597.81,597.27,597.62,850637,8897,597.49
2024-11-14T09:35:00.000,597.62,597.79,596.75,596.79,524584,6876,597.39
2024-11-14T09:40:00.000,596.78,596.88,595.86,595.92,490064,6647,597.11
2024-11-14T09:45:00.000,595.91,596.52,595.7901,596.49,771142,7399,596.86
2024-11-14T09:50:00.000,596.5,596.9711,596.15,596.425,442073,6117,596.82
2024-11-14T09:55:00.000,596.3831,596.65,596.17,596.41,327796,4747,596.79
2024-11-14T10:00:00.000,596.415,596.415,595.96,596.2192,304699,5352,596.73
2024-11-14T10:05:00.000,596.24,596.5601,595.92,596.06,482474,4977,596.69
2024-11-14T10:10:00.000,596.08,596.26,595.87,596.22,314011,5092,596.64
2024-11-14T10:15:00.000,596.24,596.34,595.1248,595.13,560091,8030,596.53
2024-11-14T10:20:00.000,595.15,595.72,595.13979,595.4699,402571,5152,596.48
2024-11-14T10:25:00.000,595.47,596.48,595.43,596.42,284487,4678,596.45
2024-11-14T10:30:00.000,596.41,596.45,596.03,596.41,240124,4819,596.45
2024-11-14T10:35:00.000,596.4,596.78,596.3101,596.74,385745,5300,596.45
2024-11-14T10:40:00.000,596.73,596.93,596.542,596.9,200239,4331,596.46
2024-11-14T10:45:00.000,596.9,596.92,596.6842,596.84,196784,3856,596.47
2024-11-14T10:50:00.000,596.83,596.94,596.57,596.64,287928,4501,596.48
2024-11-14T10:55:00.000,596.62,596.7475,596.0,596.1401,268066,4384,596.48
2024-11-14T11:00:00.000,596.165,596.41,595.86,595.9601,268076,4005,596.46
2024-11-14T11:05:00.000,595.9803,596.32,595.945,596.25,157425,3384,596.46
2024-11-14T11:10:00.000,596.23,596.45,596.06,596.2233,169345,3460,596.45
2024-11-14T11:15:00.000,596.22,596.48,596.0482,596.27,143151,2830,596.45
2024-11-14T11:20:00.000,596.2999,596.61,596.18,596.58,217282,3378,596.45
2024-11-14T11:25:00.000,596.57,596.72,596.45,596.46,195992,4060,596.45
2024-11-14T11:30:00.000,596.49,596.6099,596.3177,596.34,119544,2584,596.45
2024-11-14T11:35:00.000,596.33,596.7,596.29,596.66,125818,2654,596.45
2024-11-14T11:40:00.000,596.655,596.93,596.46,596.51,141455,2818,596.46
2024-11-14T11:45:00.000,596.495,596.61,595.9,595.9301,243694,3645,596.45
2024-11-14T11:50:00.000,595.96,596.23,595.64,595.64,153647,2922,596.44
2024-11-14T11:55:00.000,595.65,595.78,595.5001,595.6601,205435,2743,596.42
2024-11-14T12:00:00.000,595.67,595.685,595.16,595.53,283960,3786,596.39
2024-11-14T12:05:00.000,595.44,595.68,595.33,595.54,113827,2406,596.38
2024-11-14T12:10:00.000,595.53,595.86,595.08,595.22,406364,4090,596.34
2024-11-14T12:15:00.000,595.11,595.2,594.73,595.04,337813,4601,596.3
2024-11-14T12:20:00.000,595.02,595.1,594.75,594.89,812495,2786,596.28
2024-11-14T12:25:00.000,594.9,594.98,594.7,594.8299,171403,2787,596.25
2024-11-14T12:30:00.000,594.82,594.83,593.9,594.5,746991,6255,596.15
2024-11-14T12:35:00.000,594.52,595.37,594.51,595.19,363423,4607,596.12
2024-11-14T12:40:00.000,595.17,595.3099,594.89,595.1599,219415,3191,596.1
2024-11-14T12:45:00.000,595.13,595.22,593.75,593.84,356923,4688,596.04
2024-11-14T12:50:00.000,593.83,595.03,593.76,594.96,463212,5090,595.99
2024-11-14T12:55:00.000,594.93,595.21,594.85,595.0548,225353,3085,595.97
2024-11-14T13:00:00.000,595.03,595.33,594.76,595.2201,213175,3321,595.96
2024-11-14T13:05:00.000,595.26,595.47,595.1401,595.4201,150334,2735,595.95
2024-11-14T13:10:00.000,595.45,595.65,595.3608,595.575,285934,3286,595.94
2024-11-14T13:15:00.000,595.585,595.7201,595.28,595.38,221804,2797,595.94
2024-11-14T13:20:00.000,595.395,595.56,595.39,595.515,83856,2181,595.93
2024-11-14T13:25:00.000,595.525,595.61,595.1011,595.1399,189700,2931,595.93
2024-11-14T13:30:00.000,595.12,595.21,594.775,594.99,281187,4258,595.91
2024-11-14T13:35:00.000,594.98,595.1149,594.68,594.79,172890,2940,595.89
2024-11-14T13:40:00.000,594.79,595.13,594.78,595.04,142576,2470,595.89
2024-11-14T13:45:00.000,595.0343,595.0362,594.7201,594.78,251073,2129,595.88
2024-11-14T13:50:00.000,594.82,594.93,594.34,594.37,469783,3053,595.86
2024-11-14T13:55:00.000,594.3901,594.41,593.77,593.9,376661,4397,595.81
2024-11-14T14:00:00.000,593.88,595.19,593.8699,595.0401,381007,4708,595.78
2024-11-14T14:05:00.000,594.99,595.31,594.9,594.9,194707,2937,595.77
2024-11-14T14:10:00.000,594.9,595.09,594.66,594.67,188404,2889,595.76
2024-11-14T14:15:00.000,594.67,594.8399,594.61,594.75,134598,2093,595.75
2024-11-14T14:20:00.000,594.76,594.91,594.55,594.83,159328,2196,595.74
2024-11-14T14:25:00.000,594.82,595.15,594.7601,595.15,184865,2564,595.73
2024-11-14T14:30:00.000,595.13,595.4,595.03,595.12,198872,2883,595.73
2024-11-14T14:35:00.000,595.12,595.38,595.09,595.38,146517,2162,595.72
2024-11-14T14:40:00.000,595.39,595.575,595.16,595.29,213992,2877,595.72
2024-11-14T14:45:00.000,595.31,595.35,594.9,594.95,174506,2407,595.71
2024-11-14T14:50:00.000,594.97,595.79,594.97,595.66,327667,3885,595.71
2024-11-14T14:55:00.000,595.65,595.69,595.1701,595.295,396251,3385,595.7
2024-11-14T15:00:00.000,595.28,595.31,593.5925,593.84,899697,8411,595.65
2024-11-14T15:05:00.000,593.86,594.02,593.02,593.47,1131081,8383,595.53
2024-11-14T15:10:00.000,593.49,593.93,593.1574,593.4451,447683,5249,595.48
2024-11-14T15:15:00.000,593.47,594.5,593.46,594.11,465905,4928,595.45
2024-11-14T15:20:00.000,594.1,594.28,593.74,594.0,324552,4049,595.43
2024-11-14T15:25:00.000,594.03,594.45,593.85,594.14,337663,4200,595.41
2024-11-14T15:30:00.000,594.15,594.37,593.29,593.4599,672295,6891,595.35
2024-11-14T15:35:00.000,593.46,593.92,593.33,593.6,728652,6097,595.31
2024-11-14T15:40:00.000,593.58,593.725,593.025,593.13,810862,7348,595.24
2024-11-14T15:45:00.000,593.155,593.48,592.65,592.8799,1069228,9253,595.15
2024-11-14T15:50:00.000,592.87,593.69,592.87,593.33,1904740,10751,595.07
2024-11-14T15:55:00.000,593.32,593.73,593.0,593.37,3532008,19477,594.86
2024-11-14T16:00:00.000,0.0,0.0,0.0,0.0,67,1,594.86
2024-11-15T09:30:00.000,589.72,590.2,589.22,589.22,1753581,16546,589.77
2024-11-15T09:35:00.000,589.22,589.51,588.97,589.32,1528429,10624,589.6
2024-11-15T09:40:00.000,589.29,589.83,589.0,589.28,740906,8794,589.56
2024-11-15T09:45:00.000,589.3,590.1,589.07,590.0399,762027,9608,589.55
2024-11-15T09:50:00.000,590.01,590.01,589.2532,589.26,789731,7589,589.55
2024-11-15T09:55:00.000,589.25,589.38,588.46,588.66,1259756,10766,589.42
2024-11-15T10:00:00.000,588.66,588.74,587.91,587.9752,820257,10451,589.27
2024-11-15T10:05:00.000,587.97,588.3204,587.34,587.39,797325,9101,589.14
2024-11-15T10:10:00.000,587.4,587.77,587.14,587.5086,934551,9410,588.99
2024-11-15T10:15:00.000,587.47,587.9,587.06,587.3709,638329,8350,588.87
2024-11-15T10:20:00.000,587.4,587.4,586.67,586.8099,551162,8232,588.75
2024-11-15T10:25:00.000,586.8,587.23,586.7201,586.815,537874,7695,588.65
2024-11-15T10:30:00.000,586.82,587.0899,586.57,586.82,468958,7476,588.57
2024-11-15T10:35:00.000,586.8,586.9599,586.3,586.66,703483,7964,588.46
2024-11-15T10:40:00.000,586.68,586.85,586.29,586.74,437534,8709,588.39
2024-11-15T10:45:00.000,586.72,587.25,586.54,586.71,633864,11203,588.33
2024-11-15T10:50:00.000,586.73,587.6,586.38,586.5199,584163,7762,588.27
2024-11-15T10:55:00.000,586.49,586.66,586.04,586.43,440780,6139,588.21
2024-11-15T11:00:00.000,586.4,586.63,586.16,586.19,493667,5241,588.16
2024-11-15T11:05:00.000,586.2,586.65,586.16,586.2299,415152,5042,588.12
2024-11-15T11:10:00.000,586.22,587.14,586.2001,586.5645,418043,6542,588.08
2024-11-15T11:15:00.000,586.55,587.255,586.51,587.03,7647313,7048,588.05
2024-11-15T11:20:00.000,587.04,587.0999,586.64,587.01,342114,5214,588.02
2024-11-15T11:25:00.000,587.02,587.2894,586.83,587.24,1237107,4978,588.01
2024-11-15T11:30:00.000,587.23,587.38,586.75,586.8,539845,6646,587.98
2024-11-15T11:35:00.000,586.8,586.81,586.19,586.23,690626,5105,587.95
2024-11-15T11:40:00.000,586.2499,586.34,585.73,586.11,625031,8183,587.87
2024-11-15T11:45:00.000,586.0901,586.72,585.92,586.27,521640,6588,587.83
2024-11-15T11:50:00.000,586.2606,586.3799,585.98,586.3,924567,4896,587.8
2024-11-15T11:55:00.000,586.29,586.37,585.47,585.7787,1394690,7183,587.74
2024-11-15T12:00:00.000,585.7793,585.95,585.5,585.58,488753,5426,587.7
2024-11-15T12:05:00.000,585.59,585.64,585.21678,585.4438,551842,6663,587.63
2024-11-15T12:10:00.000,585.4595,585.68,585.27,585.67,724781,4697,587.6
2024-11-15T12:15:00.000,585.6508,585.86,585.36,585.72,369113,5491,587.56
2024-11-15T12:20:00.000,585.72,585.94,585.41,585.52,315402,4215,587.53
2024-11-15T12:25:00.000,585.55,585.61,585.29,585.4671,256300,3541,587.51
2024-11-15T12:30:00.000,585.47,585.4776,584.97,585.38,439521,6850,587.46
2024-11-15T12:35:00.000,585.38,585.455,585.06,585.31,481662,4080,587.43
2024-11-15T12:40:00.000,585.29,585.65,585.02,585.5801,442949,4556,587.4
2024-11-15T12:45:00.000,585.6,585.81,585.27,585.38,419732,4554,587.37
2024-11-15T12:50:00.000,585.36,585.36,584.64,584.89,589720,6769,587.32
2024-11-15T12:55:00.000,584.8699,585.55,584.8102,585.46,494216,5506,587.29
2024-11-15T13:00:00.000,585.465,585.62,585.16,585.26,304285,4760,587.26
2024-11-15T13:05:00.000,585.26,585.44,585.03,585.41,265911,4304,587.24
2024-11-15T13:10:00.000,585.37,585.385,585.07,585.205,559657,4628,587.21
2024-11-15T13:15:00.000,585.2,585.67,585.086,585.2501,558162,4607,587.19
2024-11-15T13:20:00.000,585.28,585.645,585.01,585.15,633320,4126,587.17
2024-11-15T13:25:00.000,585.1298,585.5501,585.08,585.43,254604,3312,587.15
2024-11-15T13:30:00.000,585.38,585.38,584.79,584.79,707181,5452,587.12
2024-11-15T13:35:00.000,584.78,585.22,584.74,585.19,410681,3946,587.09
2024-11-15T13:40:00.000,585.16,585.21,584.71,584.85,245168,3411,587.07
2024-11-15T13:45:00.000,584.87,584.89,584.24,584.32,438235,5268,587.02
2024-11-15T13:50:00.000,584.3,584.58,584.2699,584.4,528839,4616,586.98
2024-11-15T13:55:00.000,584.38,584.97,583.86,584.5,697126,6262,586.92
2024-11-15T14:00:00.000,584.5,584.81,584.26,584.43,1524815,4684,586.89
2024-11-15T14:05:00.000,584.41,585.04,584.33,584.7299,284698,4163,586.87
2024-11-15T14:10:00.000,584.6901,584.89,584.47,584.62,417099,3964,586.85
2024-11-15T14:15:00.000,584.61,584.8,584.455,584.49,256859,3700,586.83
2024-11-15T14:20:00.000,584.5,584.58,584.27,584.3999,729193,3616,586.8
2024-11-15T14:25:00.000,584.38,584.43,584.04,584.09,1383457,3668,586.78
2024-11-15T14:30:00.000,584.11,584.34,584.03,584.1,406919,4842,586.74
2024-11-15T14:35:00.000,584.1,584.44,584.09,584.28,376256,4362,586.7
2024-11-15T14:40:00.000,584.2639,585.3,584.2639,585.25,734664,6678,586.66
2024-11-15T14:45:00.000,585.25,585.7799,585.05,585.26,882290,7833,586.63
2024-11-15T14:50:00.000,585.25,585.43,584.4398,584.4945,599400,5655,586.6
2024-11-15T14:55:00.000,584.5,585.01,584.4901,584.97,289957,4222,586.59
2024-11-15T15:00:00.000,584.96,585.45,584.89,585.4001,361002,4811,586.57
2024-11-15T15:05:00.000,585.4,585.79,585.04,585.17,570443,5900,586.55
2024-11-15T15:10:00.000,585.16,585.615,585.16,585.5,544260,5574,586.54
2024-11-15T15:15:00.000,585.49,586.13,585.4,585.84,826024,7804,586.53
2024-11-15T15:20:00.000,585.86,586.2299,585.44,585.54,616458,7149,586.51
2024-11-15T15:25:00.000,585.53,585.68,585.285,585.31,369579,5610,586.5
2024-11-15T15:30:00.000,585.31,585.71,585.15,585.45,893640,6664,586.49
2024-11-15T15:35:00.000,585.46,585.68,585.34,585.37,1345829,6552,586.47
2024-11-15T15:40:00.000,585.37,585.5,584.73,584.8299,981386,8739,586.44
2024-11-15T15:45:00.000,584.85,585.21,584.8,584.97,1417268,9476,586.38
2024-11-15T15:50:00.000,584.98,586.14,584.945,585.94,1505531,11896,586.35
2024-11-15T15:55:00.000,585.97,586.19,585.46,585.7,3137003,19793,586.32
2024-11-15T16:00:00.000,585.72,585.72,585.72,585.72,200,2,586.32
2024-11-16T09:30:00.000,0.0,0.0,0.0,0.0,0,0,0.0
2024-11-16T09:35:00.000,0.0,0.0,0.0,0.0,0,0,0.0
2024-11-16T09:40:00.000,0.0,0.0,0.0,0.0,0,0,0.0
2024-11-16T09:45:00.000,0.0,0.0,0.0,0.0,0,0,0.0
2024-11-16T09:50:00.000,0.0,0.0,0.0,0.0,0,0,0.0
2024-11-16T09:55:00.000,0.0,0.0,0.0,0.0,0,0,0.0
2024-11-16T10:00:00.000,0.0,0.0,0.0,0.0,0,0,0.0
2024-11-16T10:05:00.000,0.0,0.0,0.0,0.0,0,0,0.0
2024-11-16T10:10:00.000,0.0,0.0,0.0,0.0,0,0,0.0
2024-11-16T10:15:00.000,0.0,0.0,0.0,0.0,0,0,0.0
2024-11-16T10:20:00.000,0.0,0.0,0.0,0.0,0,0,0.0
2024-11-16T10:25:00.000,0.0,0.0,0.0,0.0,0,0,0.0
2024-11-16T10:30:00.000,0.0,0.0,0.0,0.0,0,0,0.0
2024-11-16T10:35:00.000,0.0,0.0,0.0,0.0,0,0,0.0
2024-11-16T10:40:00.000,0.0,0.0,0.0,0.0,0,0,0.0
2024-11-16T10:45:00.000,0.0,0.0,0.0,0.0,0,0,0.0
2024-11-16T10:50:00.000,0.0,0.0,0.0,0.0,0,0,0.0
2024-11-16T10:55:00.000,0.0,0.0,0.0,0.0,0,0,0.0
2024-11-16T11:00:00.000,0.0,0.0,0.0,0.0,0,0,0.0
2024-11-16T11:05:00.000,0.0,0.0,0.0,0.0,0,0,0.0
2024-11-16T11:10:00.000,0.0,0.0,0.0,0.0,0,0,0.0
2024-11-16T11:15:00.000,0.0,0.0,0.0,0.0,0,0,0.0
2024-11-16T11:20:00.000,0.0,0.0,0.0,0.0,0,0,0.0
2024-11-16T11:25:00.000,0.0,0.0,0.0,0.0,0,0,0.0
2024-11-16T11:30:00.000,0.0,0.0,0.0,0.0,0,0,0.0
2024-11-16T11:35:00.000,0.0,0.0,0.0,0.0,0,0,0.0
2024-11-16T11:40:00.000,0.0,0.0,0.0,0.0,0,0,0.0
2024-11-16T11:45:00.000,0.0,0.0,0.0,0.0,0,0,0.0
2024-11-16T11:50:00.000,0.0,0.0,0.0,0.0,0,0,0.0
2024-11-16T11:55:00.000,0.0,0.0,0.0,0.0,0,0,0.0
2024-11-16T12:00:00.000,0.0,0.0,0.0,0.0,0,0,0.0
2024-11-16T12:05:00.000,0.0,0.0,0.0,0.0,0,0,0.0
2024-11-16T12:10:00.000,0.0,0.0,0.0,0.0,0,0,0.0
2024-11-16T12:15:00.000,0.0,0.0,0.0,0.0,0,0,0.0
2024-11-16T12:20:00.000,0.0,0.0,0.0,0.0,0,0,0.0
2024-11-16T12:25:00.000,0.0,0.0,0.0,0.0,0,0,0.0
2024-11-16T12:30:00.000,0.0,0.0,0.0,0.0,0,0,0.0
2024-11-16T12:35:00.000,0.0,0.0,0.0,0.0,0,0,0.0
2024-11-16T12:40:00.000,0.0,0.0,0.0,0.0,0,0,0.0
2024-11-16T12:45:00.000,0.0,0.0,0.0,0.0,0,0,0.0
2024-11-16T12:50:00.000,0.0,0.0,0.0,0.0,0,0,0.0
2024-11-16T12:55:00.000,0.0,0.0,0.0,0.0,0,0,0.0
2024-11-16T13:00:00.000,0.0,0.0,0.0,0.0,0,0,0.0
2024-11-16T13:05:00.000,0.0,0.0,0.0,0.0,0,0,0.0
2024-11-16T13:10:00.000,0.0,0.0,0.0,0.0,0,0,0.0
2024-11-16T13:15:00.000,0.0,0.0,0.0,0.0,0,0,0.0
2024-11-16T13:20:00.000,0.0,0.0,0.0,0.0,0,0,0.0
2024-11-16T13:25:00.000,0.0,0.0,0.0,0.0,0,0,0.0
2024-11-16T13:30:00.000,0.0,0.0,0.0,0.0,0,0,0.0
2024-11-16T13:35:00.000,0.0,0.0,0.0,0.0,0,0,0.0
2024-11-16T13:40:00.000,0.0,0.0,0.0,0.0,0,0,0.0
2024-11-16T13:45:00.000,0.0,0.0,0.0,0.0,0,0,0.0
2024-11-16T13:50:00.000,0.0,0.0,0.0,0.0,0,0,0.0
2024-11-16T13:55:00.000,0.0,0.0,0.0,0.0,0,0,0.0
2024-11-16T14:00:00.000,0.0,0.0,0.0,0.0,0,0,0.0
2024-11-16T14:05:00.000,0.0,0.0,0.0,0.0,0,0,0.0
2024-11-16T14:10:00.000,0.0,0.0,0.0,0.0,0,0,0.0
2024-11-16T14:15:00.000,0.0,0.0,0.0,0.0,0,0,0.0
2024-11-16T14:20:00.000,0.0,0.0,0.0,0.0,0,0,0.0
2024-11-16T14:25:00.000,0.0,0.0,0.0,0.0,0,0,0.0
2024-11-16T14:30:00.000,0.0,0.0,0.0,0.0,0,0,0.0
2024-11-16T14:35:00.000,0.0,0.0,0.0,0.0,0,0,0.0
2024-11-16T14:40:00.000,0.0,0.0,0.0,0.0,0,0,0.0
2024-11-16T14:45:00.000,0.0,0.0,0.0,0.0,0,0,0.0
2024-11-16T14:50:00.000,0.0,0.0,0.0,0.0,0,0,0.0
2024-11-16T14:55:00.000,0.0,0.0,0.0,0.0,0,0,0.0
2024-11-16T15:00:00.000,0.0,0.0,0.0,0.0,0,0,0.0
2024-11-16T15:05:00.000,0.0,0.0,0.0,0.0,0,0,0.0
2024-11-16T15:10:00.000,0.0,0.0,0.0,0.0,0,0,0.0
2024-11-16T15:15:00.000,0.0,0.0,0.0,0.0,0,0,0.0
2024-11-16T15:20:00.000,0.0,0.0,0.0,0.0,0,0,0.0
2024-11-16T15:25:00.000,0.0,0.0,0.0,0.0,0,0,0.0
2024-11-16T15:30:00.000,0.0,0.0,0.0,0.0,0,0,0.0
2024-11-16T15:35:00.000,0.0,0.0,0.0,0.0,0,0,0.0
2024-11-16T15:40:00.000,0.0,0.0,0.0,0.0,0,0,0.0
2024-11-16T15:45:00.000,0.0,0.0,0.0,0.0,0,0,0.0
2024-11-16T15:50:00.000,0.0,0.0,0.0,0.0,0,0,0.0
2024-11-16T15:55:00.000,0.0,0.0,0.0,0.0,0,0,0.0
2024-11-16T16:00:00.000,0.0,0.0,0.0,0.0,0,0,0.0
2024-11-17T09:30:00.000,0.0,0.0,0.0,0.0,0,0,0.0
2024-11-17T09:35:00.000,0.0,0.0,0.0,0.0,0,0,0.0
2024-11-17T09:40:00.000,0.0,0.0,0.0,0.0,0,0,0.0
2024-11-17T09:45:00.000,0.0,0.0,0.0,0.0,0,0,0.0
2024-11-17T09:50:00.000,0.0,0.0,0.0,0.0,0,0,0.0
2024-11-17T09:55:00.000,0.0,0.0,0.0,0.0,0,0,0.0
2024-11-17T10:00:00.000,0.0,0.0,0.0,0.0,0,0,0.0
2024-11-17T10:05:00.000,0.0,0.0,0.0,0.0,0,0,0.0
2024-11-17T10:10:00.000,0.0,0.0,0.0,0.0,0,0,0.0
2024-11-17T10:15:00.000,0.0,0.0,0.0,0.0,0,0,0.0
2024-11-17T10:20:00.000,0.0,0.0,0.0,0.0,0,0,0.0
2024-11-17T10:25:00.000,0.0,0.0,0.0,0.0,0,0,0.0
2024-11-17T10:30:00.000,0.0,0.0,0.0,0.0,0,0,0.0
2024-11-17T10:35:00.000,0.0,0.0,0.0,0.0,0,0,0.0
2024-11-17T10:40:00.000,0.0,0.0,0.0,0.0,0,0,0.0
2024-11-17T10:45:00.000,0.0,0.0,0.0,0.0,0,0,0.0
2024-11-17T10:50:00.000,0.0,0.0,0.0,0.0,0,0,0.0
2024-11-17T10:55:00.000,0.0,0.0,0.0,0.0,0,0,0.0
2024-11-17T11:00:00.000,0.0,0.0,0.0,0.0,0,0,0.0
2024-11-17T11:05:00.000,0.0,0.0,0.0,0.0,0,0,0.0
2024-11-17T11:10:00.000,0.0,0.0,0.0,0.0,0,0,0.0
2024-11-17T11:15:00.000,0.0,0.0,0.0,0.0,0,0,0.0
2024-11-17T11:20:00.000,0.0,0.0,0.0,0.0,0,0,0.0
2024-11-17T11:25:00.000,0.0,0.0,0.0,0.0,0,0,0.0
2024-11-17T11:30:00.000,0.0,0.0,0.0,0.0,0,0,0.0
2024-11-17T11:35:00.000,0.0,0.0,0.0,0.0,0,0,0.0
2024-11-17T11:40:00.000,0.0,0.0,0.0,0.0,0,0,0.0
2024-11-17T11:45:00.000,0.0,0.0,0.0,0.0,0,0,0.0
2024-11-17T11:50:00.000,0.0,0.0,0.0,0.0,0,0,0.0
2024-11-17T11:55:00.000,0.0,0.0,0.0,0.0,0,0,0.0
2024-11-17T12:00:00.000,0.0,0.0,0.0,0.0,0,0,0.0
2024-11-17T12:05:00.000,0.0,0.0,0.0,0.0,0,0,0.0
2024-11-17T12:10:00.000,0.0,0.0,0.0,0.0,0,0,0.0
2024-11-17T12:15:00.000,0.0,0.0,0.0,0.0,0,0,0.0
2024-11-17T12:20:00.000,0.0,0.0,0.0,0.0,0,0,0.0
2024-11-17T12:25:00.000,0.0,0.0,0.0,0.0,0,0,0.0
2024-11-17T12:30:00.000,0.0,0.0,0.0,0.0,0,0,0.0
2024-11-17T12:35:00.000,0.0,0.0,0.0,0.0,0,0,0.0
2024-11-17T12:40:00.000,0.0,0.0,0.0,0.0,0,0,0.0
2024-11-17T12:45:00.000,0.0,0.0,0.0,0.0,0,0,0.0
2024-11-17T12:50:00.000,0.0,0.0,0.0,0.0,0,0,0.0
2024-11-17T12:55:00.000,0.0,0.0,0.0,0.0,0,0,0.0
2024-11-17T13:00:00.000,0.0,0.0,0.0,0.0,0,0,0.0
2024-11-17T13:05:00.000,0.0,0.0,0.0,0.0,0,0,0.0
2024-11-17T13:10:00.000,0.0,0.0,0.0,0.0,0,0,0.0
2024-11-17T13:15:00.000,0.0,0.0,0.0,0.0,0,0,0.0
2024-11-17T13:20:00.000,0.0,0.0,0.0,0.0,0,0,0.0
2024-11-17T13:25:00.000,0.0,0.0,0.0,0.0,0,0,0.0
2024-11-17T13:30:00.000,0.0,0.0,0.0,0.0,0,0,0.0
2024-11-17T13:35:00.000,0.0,0.0,0.0,0.0,0,0,0.0
2024-11-17T13:40:00.000,0.0,0.0,0.0,0.0,0,0,0.0
2024-11-17T13:45:00.000,0.0,0.0,0.0,0.0,0,0,0.0
2024-11-17T13:50:00.000,0.0,0.0,0.0,0.0,0,0,0.0
2024-11-17T13:55:00.000,0.0,0.0,0.0,0.0,0,0,0.0
2024-11-17T14:00:00.000,0.0,0.0,0.0,0.0,0,0,0.0
2024-11-17T14:05:00.000,0.0,0.0,0.0,0.0,0,0,0.0
2024-11-17T14:10:00.000,0.0,0.0,0.0,0.0,0,0,0.0
2024-11-17T14:15:00.000,0.0,0.0,0.0,0.0,0,0,0.0
2024-11-17T14:20:00.000,0.0,0.0,0.0,0.0,0,0,0.0
2024-11-17T14:25:00.000,0.0,0.0,0.0,0.0,0,0,0.0
2024-11-17T14:30:00.000,0.0,0.0,0.0,0.0,0,0,0.0
2024-11-17T14:35:00.000,0.0,0.0,0.0,0.0,0,0,0.0
2024-11-17T14:40:00.000,0.0,0.0,0.0,0.0,0,0,0.0
2024-11-17T14:45:00.000,0.0,0.0,0.0,0.0,0,0,0.0
2024-11-17T14:50:00.000,0.0,0.0,0.0,0.0,0,0,0.0
2024-11-17T14:55:00.000,0.0,0.0,0.0,0.0,0,0,0.0
2024-11-17T15:00:00.000,0.0,0.0,0.0,0.0,0,0,0.0
2024-11-17T15:05:00.000,0.0,0.0,0.0,0.0,0,0,0.0
2024-11-17T15:10:00.000,0.0,0.0,0.0,0.0,0,0,0.0
2024-11-17T15:15:00.000,0.0,0.0,0.0,0.0,0,0,0.0
2024-11-17T15:20:00.000,0.0,0.0,0.0,0.0,0,0,0.0
2024-11-17T15:25:00.000,0.0,0.0,0.0,0.0,0,0,0.0
2024-11-17T15:30:00.000,0.0,0.0,0.0,0.0,0,0,0.0
2024-11-17T15:35:00.000,0.0,0.0,0.0,0.0,0,0,0.0
2024-11-17T15:40:00.000,0.0,0.0,0.0,0.0,0,0,0.0
2024-11-17T15:45:00.000,0.0,0.0,0.0,0.0,0,0,0.0
2024-11-17T15:50:00.000,0.0,0.0,0.0,0.0,0,0,0.0
2024-11-17T15:55:00.000,0.0,0.0,0.0,0.0,0,0,0.0
2024-11-17T16:00:00.000,0.0,0.0,0.0,0.0,0,0,0.0
2024-11-18T09:30:00.000,586.22,586.24,585.34,585.54,876363,16217,585.81
2024-11-18T09:35:00.000,585.51,586.3799,585.48,586.215,455255,6966,585.86
2024-11-18T09:40:00.000,586.1899,586.39,585.91,586.11,441368,6209,585.93
2024-11-18T09:45:00.000,586.1,586.2,585.4401,586.0299,397731,6623,585.9
2024-11-18T09:50:00.000,586.03,586.04,585.3603,585.625,504769,6389,585.83
2024-11-18T09:55:00.000,585.62,585.76,585.37,585.72,241292,4586,585.8
2024-11-18T10:00:00.000,585.75,586.77,585.59,586.76,423445,6157,585.84
2024-11-18T10:05:00.000,586.77,586.83,586.47,586.6372,241854,4878,585.89
2024-11-18T10:10:00.000,586.645,586.77,586.1601,586.766,270046,4401,585.94
2024-11-18T10:15:00.000,586.78,587.08,586.7201,586.87,418668,5419,586.04
2024-11-18T10:20:00.000,586.87,586.94,586.56,586.85,332941,5176,586.1
2024-11-18T10:25:00.000,586.89,587.39,586.8041,587.36,339240,5229,586.17
2024-11-18T10:30:00.000,587.37,588.065,587.3038,588.03,565867,12234,586.32
2024-11-18T10:35:00.000,588.04,588.065,587.72,587.825,601810,7377,586.48
2024-11-18T10:40:00.000,587.82,588.16,587.76,588.07,316182,5308,586.56
2024-11-18T10:45:00.000,588.08,588.33,588.02,588.33,501695,4612,586.62
2024-11-18T10:50:00.000,588.31,588.35,588.0801,588.3,305912,5324,586.69
2024-11-18T10:55:00.000,588.28,588.32,587.98,588.21,262094,4814,586.74
2024-11-18T11:00:00.000,588.23,588.43,588.0999,588.43,190483,4229,586.78
2024-11-18T11:05:00.000,588.4301,588.51,588.29,588.39,189249,4342,586.81
2024-11-18T11:10:00.000,588.39,588.5,588.26,588.4141,184016,3761,586.85
2024-11-18T11:15:00.000,588.42,588.6,588.2876,588.6,311451,4237,586.91
2024-11-18T11:20:00.000,588.61,588.96,588.55,588.89,223024,4082,586.96
2024-11-18T11:25:00.000,588.87,589.14,588.62,588.65,427789,5180,587.06
2024-11-18T11:30:00.000,588.65,589.2,588.6399,589.14,321522,3977,587.13
2024-11-18T11:35:00.000,589.17,589.4,589.08,589.38,225473,3837,587.18
2024-11-18T11:40:00.000,589.38,589.49,589.24,589.44,189773,3530,587.22
2024-11-18T11:45:00.000,589.43,589.44,588.49,588.56,551809,5096,587.32
2024-11-18T11:50:00.000,588.58,588.66,588.19,588.4372,370076,4277,587.36
2024-11-18T11:55:00.000,588.44,588.45,587.9301,588.2805,451578,3758,587.38
2024-11-18T12:00:00.000,588.29,588.52,588.12,588.28,231019,3357,587.4
2024-11-18T12:05:00.000,588.29,588.31,587.9159,587.98,178293,2851,587.41
2024-11-18T12:10:00.000,587.94,588.3801,587.9001,588.3,372934,2805,587.42
2024-11-18T12:15:00.000,588.3,588.3,587.83,588.17,179066,2551,587.43
2024-11-18T12:20:00.000,588.15,588.48,588.11,588.37,201602,2526,587.44
2024-11-18T12:25:00.000,588.37,588.51,588.29,588.37,97617,1945,587.45
2024-11-18T12:30:00.000,588.34,588.46,588.21,588.41,934263,1918,587.46
2024-11-18T12:35:00.000,588.4,588.65,588.29,588.54,124621,2169,587.47
2024-11-18T12:40:00.000,588.54,588.5899,588.0151,588.04,153258,2291,587.48
2024-11-18T12:45:00.000,588.06,588.06,587.75,587.96,270616,3510,587.49
2024-11-18T12:50:00.000,587.99,588.13,587.9101,587.99,159694,2574,587.5
2024-11-18T12:55:00.000,587.997987,588.68,587.99,588.65,274232,3219,587.52
2024-11-18T13:00:00.000,588.65,588.65,588.41,588.435,186503,2751,587.54
2024-11-18T13:05:00.000,588.47,588.65,588.37,588.63,100032,2304,587.54
2024-11-18T13:10:00.000,588.63,588.63,588.35,588.35,114148,2294,587.55
2024-11-18T13:15:00.000,588.3599,588.6,588.29,588.5801,91972,2009,587.56
2024-11-18T13:20:00.000,588.58,588.63,588.16,588.39,171961,2874,587.57
2024-11-18T13:25:00.000,588.395,588.48,588.11,588.14,144039,2263,587.57
2024-11-18T13:30:00.000,588.14,588.33,588.0301,588.05,126268,3294,587.57
2024-11-18T13:35:00.000,588.05,588.27,588.01,588.045,165370,3027,587.58
2024-11-18T13:40:00.000,588.03,588.05,587.2851,587.3204,395922,4875,587.58
2024-11-18T13:45:00.000,587.36,587.5199,587.02,587.34,311778,3959,587.58
2024-11-18T13:50:00.000,587.33,587.61,587.28,587.57,201607,2942,587.58
2024-11-18T13:55:00.000,587.56,588.446,587.5501,588.36,259856,3538,587.59
2024-11-18T14:00:00.000,588.35,588.39,588.18,588.29,221581,2940,587.6
2024-11-18T14:05:00.000,588.3,588.38,587.93,588.0299,179246,2680,587.6
2024-11-18T14:10:00.000,588.02,588.03,587.53,587.57,146902,2545,587.6
2024-11-18T14:15:00.000,587.5561,587.72,587.33,587.51,355501,3650,587.6
2024-11-18T14:20:00.000,587.49,587.53,587.1001,587.18,185942,2644,587.6
2024-11-18T14:25:00.000,587.19,587.52,587.08,587.28,308002,3575,587.59
2024-11-18T14:30:00.000,587.28,587.33,587.11,587.135,165452,2598,587.59
2024-11-18T14:35:00.000,587.15,587.4999,587.12,587.4101,163718,2565,587.59
2024-11-18T14:40:00.000,587.4299,587.85,587.3302,587.7122,228874,2988,587.59
2024-11-18T14:45:00.000,587.72,588.01,587.7026,587.935,231462,2778,587.59
2024-11-18T14:50:00.000,587.95,588.34,587.87,588.23,254224,3120,587.6
2024-11-18T14:55:00.000,588.21,588.26,587.95,588.095,231012,2754,587.6
2024-11-18T15:00:00.000,588.08,588.295,587.96,588.2799,160509,2732,587.61
2024-11-18T15:05:00.000,588.26,588.27,588.06,588.14,123618,2095,587.61
2024-11-18T15:10:00.000,588.16,588.39,588.15,588.17,259939,2932,587.62
2024-11-18T15:15:00.000,588.1601,588.325,587.96,588.2899,426719,3316,587.63
2024-11-18T15:20:00.000,588.28,588.36,588.16,588.27,228814,2803,587.64
2024-11-18T15:25:00.000,588.27,588.41,588.19,588.395,243292,3107,587.65
2024-11-18T15:30:00.000,588.38,588.39,587.92,588.069,644664,4970,587.66
2024-11-18T15:35:00.000,588.06,588.26,587.93,588.0099,433455,4078,587.67
2024-11-18T15:40:00.000,588.01,588.08,587.88,588.05,414326,4521,587.67
2024-11-18T15:45:00.000,588.05,588.24,587.8701,588.24,1567049,5299,587.68
2024-11-18T15:50:00.000,588.23,588.23,587.5143,587.65,1648885,11922,587.69
2024-11-18T15:55:00.000,587.66,588.24,587.6,588.14,4151748,21973,587.72
2024-11-18T16:00:00.000,588.15,588.15,588.15,588.15,409,1,587.72
2024-11-19T09:30:00.000,584.71,585.29,584.55,585.04,1035831,11799,584.9
2024-11-19T09:35:00.000,585.03,585.4,584.58,585.29,678802,8350,584.95
2024-11-19T09:40:00.000,585.26,585.7996,585.02,585.67,591512,7314,585.08
2024-11-19T09:45:00.000,585.68,585.78,584.75,585.0199,644294,8947,585.11
2024-11-19T09:50:00.000,584.9941,585.34,584.03,584.82,891811,10718,585.02
2024-11-19T09:55:00.000,584.85,585.4499,584.8,585.2501,336290,5725,585.03
2024-11-19T10:00:00.000,585.25,585.34,584.645,585.1699,530127,9604,585.03
2024-11-19T10:05:00.000,585.14,585.57,585.06,585.43,658460,5958,585.07
2024-11-19T10:10:00.000,585.44,585.72,585.07,585.32,312198,5571,585.09
2024-11-19T10:15:00.000,585.32,585.67,584.71,585.5499,339391,5384,585.09
2024-11-19T10:20:00.000,585.52,585.72,585.05,585.69,341962,4797,585.1
2024-11-19T10:25:00.000,585.68,586.48,585.5071,586.46,448785,6071,585.16
2024-11-19T10:30:00.000,586.45,587.01,586.09,586.8456,576325,7542,585.27
2024-11-19T10:35:00.000,586.85,587.56,586.7915,587.3,459394,6422,585.39
2024-11-19T10:40:00.000,587.29,587.62,586.9361,587.53,438858,5388,585.46
2024-11-19T10:45:00.000,587.53,587.9,587.33,587.81,301265,4977,585.54
2024-11-19T10:50:00.000,587.81,588.09,587.5,587.58,510230,5141,585.64
2024-11-19T10:55:00.000,587.57,587.9,587.42,587.73,333103,4809,585.71
2024-11-19T11:00:00.000,587.73,587.9901,587.65,587.9,298048,4296,585.78
2024-11-19T11:05:00.000,587.9199,588.18,587.77,587.98,302527,4509,585.84
2024-11-19T11:10:00.000,587.9519,588.3,587.93,588.04,254060,3776,585.9
2024-11-19T11:15:00.000,588.0413,588.7,588.0413,588.5,310232,4394,585.97
2024-11-19T11:20:00.000,588.51,588.67,588.23,588.65,216080,3470,586.02
2024-11-19T11:25:00.000,588.65,589.01,588.55,588.8999,412882,4623,586.13
2024-11-19T11:30:00.000,588.89,589.14,588.6827,588.97,285124,4161,586.2
2024-11-19T11:35:00.000,588.99,589.24,588.85,588.975,323292,3831,586.28
2024-11-19T11:40:00.000,588.99,589.23,588.7799,589.01,268578,3813,586.34
2024-11-19T11:45:00.000,589.0,589.07,588.86,588.97,192480,2758,586.38
2024-11-19T11:50:00.000,588.98,589.1,588.46,588.65,551200,5200,586.5
2024-11-19T11:55:00.000,588.6301,589.12,588.6001,588.829,173960,2953,586.53
2024-11-19T12:00:00.000,588.83,588.87,588.45,588.53,333754,3776,586.59
2024-11-19T12:05:00.000,588.54,588.84,588.49,588.8125,142075,2555,586.61
2024-11-19T12:10:00.000,588.82,588.83,588.6559,588.73,89676,2262,586.62
2024-11-19T12:15:00.000,588.745,589.07,588.6401,588.8499,149200,2883,586.65
2024-11-19T12:20:00.000,588.83,589.05,588.03,588.37,374701,4480,586.7
2024-11-19T12:25:00.000,588.44,589.03,588.44,588.98,159467,2472,586.72
2024-11-19T12:30:00.000,588.97,589.49,588.8601,589.47,199339,3018,586.76
2024-11-19T12:35:00.000,589.44,589.5399,589.13,589.35,146342,2500,586.78
2024-11-19T12:40:00.000,589.39,589.51,589.07,589.13,352504,3055,586.83
2024-11-19T12:45:00.000,589.125,589.31,588.91,588.93,414803,2551,586.85
2024-11-19T12:50:00.000,588.915,589.16,588.83,589.12,287724,3143,586.9
2024-11-19T12:55:00.000,589.105,589.32,589.07,589.17,128091,2337,586.92
2024-11-19T13:00:00.000,589.18,589.18,588.76,589.0749,227362,2838,586.95
2024-11-19T13:05:00.000,589.06,589.45,588.96,589.3593,246312,3181,586.99
2024-11-19T13:10:00.000,589.36,589.5999,589.28,589.599,192275,2707,587.01
2024-11-19T13:15:00.000,589.59,589.63,589.3901,589.515,131606,2122,587.03
2024-11-19T13:20:00.000,589.51,589.59,589.26,589.39,1223962,2153,587.05
2024-11-19T13:25:00.000,589.395,589.6,589.37,589.5507,374614,2276,587.07
2024-11-19T13:30:00.000,589.56,589.59,589.4,589.5401,400839,2597,587.09
2024-11-19T13:35:00.000,589.555,590.09,589.53,590.0608,299641,3801,587.14
2024-11-19T13:40:00.000,590.04,590.19,589.845,590.15,310901,3355,587.19
2024-11-19T13:45:00.000,590.15,590.76,590.14,590.6534,934180,6404,587.33
2024-11-19T13:50:00.000,590.65,591.04,590.62,590.86,262386,3225,587.38
2024-11-19T13:55:00.000,590.85,591.045,590.68,590.9,263891,3225,587.44
2024-11-19T14:00:00.000,590.9,590.98,590.61,590.72,652086,3984,587.51
2024-11-19T14:05:00.000,590.75,590.83,590.54,590.775,211323,2658,587.55
2024-11-19T14:10:00.000,590.8,590.84,590.73,590.815,203441,2483,587.58
2024-11-19T14:15:00.000,590.8199,590.92,590.2623,590.33,373119,3965,587.64
2024-11-19T14:20:00.000,590.32,590.73,590.32,590.62,1224296,3863,587.69
2024-11-19T14:25:00.000,590.61,590.62,589.5,590.13,314965,3568,587.74
2024-11-19T14:30:00.000,590.14,590.36,589.3608,589.51,601747,5851,587.81
2024-11-19T14:35:00.000,589.52,589.61,589.09,589.41,721975,5407,587.84
2024-11-19T14:40:00.000,589.41,589.5,589.13,589.44,394278,4042,587.87
2024-11-19T14:45:00.000,589.45,589.4991,589.09,589.27,384852,4223,587.9
2024-11-19T14:50:00.000,589.265,589.85,589.24,589.8299,370890,3999,587.92
2024-11-19T14:55:00.000,589.83,589.9399,589.6101,589.63,402789,3802,587.96
2024-11-19T15:00:00.000,589.63,589.76,589.365,589.45,373438,4058,587.98
2024-11-19T15:05:00.000,589.44,589.71,589.4,589.69,1359977,3232,588.01
2024-11-19T15:10:00.000,589.69,589.81,589.6315,589.71,372605,3255,588.02
2024-11-19T15:15:00.000,589.73,589.91,589.5706,589.9,388278,3091,588.04
2024-11-19T15:20:00.000,589.89,589.9,589.61,589.63,381492,3129,588.06
2024-11-19T15:25:00.000,589.64,589.95,589.64,589.88,559917,3798,588.08
2024-11-19T15:30:00.000,589.88,589.89,589.68,589.84,650423,4257,588.1
2024-11-19T15:35:00.000,589.84,590.05,589.78,589.91,501797,4390,588.14
2024-11-19T15:40:00.000,589.91,590.095,589.8501,589.9516,368694,4133,588.16
2024-11-19T15:45:00.000,589.94,590.46,589.82,590.35,801217,7464,588.22
2024-11-19T15:50:00.000,590.37,590.6,589.79,589.88,1037463,9788,588.3
2024-11-19T15:55:00.000,589.89,590.42,589.82,590.29,2729989,15908,588.42
2024-11-19T16:00:00.000,590.28,590.28,590.28,590.28,140,1,588.42
2024-11-20T09:30:00.000,590.38,590.53,589.8,589.88,1250750,10568,590.19
2024-11-20T09:35:00.000,589.88,589.88,588.11,588.23,867800,10031,589.66
2024-11-20T09:40:00.000,588.22,588.54,587.88,588.31,776988,9434,589.28
2024-11-20T09:45:00.000,588.27,588.69,587.9101,588.29,597856,7390,589.12
2024-11-20T09:50:00.000,588.29,588.5501,587.88,587.9426,470804,5711,589.03
2024-11-20T09:55:00.000,587.94,588.09,587.4,587.43,380374,5969,588.93
2024-11-20T10:00:00.000,587.4,588.1566,587.3601,587.49,431956,6947,588.83
2024-11-20T10:05:00.000,587.48,587.49,585.82,585.9762,673777,9804,588.56
2024-11-20T10:10:00.000,585.9799,586.05,585.31,585.66,1109267,8850,588.18
2024-11-20T10:15:00.000,585.66,585.7,584.96,585.41,545666,7443,587.95
2024-11-20T10:20:00.000,585.405,586.0,584.63,585.83,675240,12189,587.72
2024-11-20T10:25:00.000,585.81,586.2199,585.53,585.7139,684246,7812,587.55
2024-11-20T10:30:00.000,585.72,586.745,585.62,586.49,700755,9060,587.47
2024-11-20T10:35:00.000,586.44,587.15,586.23,587.0901,548480,7622,587.42
2024-11-20T10:40:00.000,587.0901,587.215,586.445,586.85,426100,7177,587.39
2024-11-20T10:45:00.000,586.84,587.32,586.8,587.2399,2338412,5454,587.38
2024-11-20T10:50:00.000,587.23,587.31,586.89,587.15,592608,4738,587.37
2024-11-20T10:55:00.000,587.16,587.6,587.11,587.41,881876,5621,587.37
2024-11-20T11:00:00.000,587.4,587.686,587.06,587.2276,396934,6200,587.37
2024-11-20T11:05:00.000,587.23,587.305,586.56,586.865,664654,6331,587.35
2024-11-20T11:10:00.000,586.85,587.01,586.0744,586.51,465864,6908,587.32
2024-11-20T11:15:00.000,586.5,586.75,586.39,586.7,189857,3500,587.31
2024-11-20T11:20:00.000,586.69,586.88,586.458,586.5007,171884,3341,587.3
2024-11-20T11:25:00.000,586.51,586.57,585.87,585.87,287979,4425,587.28
2024-11-20T11:30:00.000,585.9,585.99,585.54,585.8995,347134,5398,587.24
2024-11-20T11:35:00.000,585.885,586.7,585.585,586.46,452882,5752,587.2
2024-11-20T11:40:00.000,586.46,587.36,586.4,587.36,312779,4795,587.19
2024-11-20T11:45:00.000,587.37,588.0,587.21,587.98,308752,4686,587.2
2024-11-20T11:50:00.000,587.9899,588.6,587.8778,588.5,529419,4914,587.23
2024-11-20T11:55:00.000,588.5168,588.8,588.22,588.36,288538,4146,587.25
2024-11-20T12:00:00.000,588.34,588.69,587.895,588.14,432882,4390,587.27
2024-11-20T12:05:00.000,588.13,588.26,587.66,587.82,241583,3431,587.28
2024-11-20T12:10:00.000,587.83,587.94,587.08,587.22,353194,4372,587.29
2024-11-20T12:15:00.000,587.2199,587.405,586.835,586.86,284525,3675,587.29
2024-11-20T12:20:00.000,586.83,586.9,586.1401,586.51,321589,4410,587.27
2024-11-20T12:25:00.000,586.5,587.26,586.455,587.205,380023,3973,587.27
2024-11-20T12:30:00.000,587.2,587.62,587.065,587.5,187251,3286,587.27
2024-11-20T12:35:00.000,587.5,587.98,587.445,587.8599,158171,2621,587.27
2024-11-20T12:40:00.000,587.86,588.0,587.45,587.55,188230,2564,587.28
2024-11-20T12:45:00.000,587.59,588.15,587.515,588.145,174249,2527,587.28
2024-11-20T12:50:00.000,588.16,588.29,587.165,587.17,217429,3730,587.29
2024-11-20T12:55:00.000,587.18,587.48,586.8543,587.07,234367,3386,587.29
2024-11-20T13:00:00.000,587.06,587.56,587.06,587.41,248119,3171,587.29
2024-11-20T13:05:00.000,587.4,587.43,587.17,587.1901,241526,2031,587.29
2024-11-20T13:10:00.000,587.2,587.5,587.0714,587.28,259570,2279,587.29
2024-11-20T13:15:00.000,587.265,587.54,586.8,586.83,137513,2341,587.29
2024-11-20T13:20:00.000,586.8101,587.4,586.54,587.335,253328,3482,587.28
2024-11-20T13:25:00.000,587.35,587.72,587.27,587.6,651994,2435,587.29
2024-11-20T13:30:00.000,587.6022,587.6022,586.99,587.07,156298,3328,587.29
2024-11-20T13:35:00.000,587.0699,587.3199,586.71,586.72,134928,2484,587.28
2024-11-20T13:40:00.000,586.71,586.8999,586.34,586.485,333839,2808,587.28
2024-11-20T13:45:00.000,586.47,586.59,586.15,586.49,179319,2690,587.27
2024-11-20T13:50:00.000,586.52,586.68,586.4,586.58,127160,2272,587.26
2024-11-20T13:55:00.000,586.59,586.86,586.505,586.8,126585,2134,587.26
2024-11-20T14:00:00.000,586.77,586.87,586.54,586.6801,385367,2576,587.25
2024-11-20T14:05:00.000,586.69,586.76,586.29,586.3805,286649,3302,587.24
2024-11-20T14:10:00.000,586.38,586.5939,586.3029,586.42,154335,2259,587.24
2024-11-20T14:15:00.000,586.43,586.58,586.345,586.4438,167590,2263,587.23
2024-11-20T14:20:00.000,586.44,586.64,586.25,586.29,304572,3285,587.22
2024-11-20T14:25:00.000,586.32,586.72,586.31,586.6199,324355,3497,587.21
2024-11-20T14:30:00.000,586.61,586.97,586.52,586.91,1251476,3414,587.2
2024-11-20T14:35:00.000,586.92,587.22,586.84,587.11,311353,3942,587.2
2024-11-20T14:40:00.000,587.11,587.7,587.0901,587.6699,446525,3974,587.2
2024-11-20T14:45:00.000,587.67,587.9,587.63,587.77,315758,3949,587.21
2024-11-20T14:50:00.000,587.78,587.83,587.5,587.5899,249128,3316,587.22
2024-11-20T14:55:00.000,587.5888,587.65,587.37,587.52,261426,3313,587.22
2024-11-20T15:00:00.000,587.48,587.52,587.23,587.4399,373720,3401,587.22
2024-11-20T15:05:00.000,587.42,587.6,587.25,587.575,314376,3829,587.22
2024-11-20T15:10:00.000,587.57,587.82,587.55,587.64,243613,3426,587.23
2024-11-20T15:15:00.000,587.64,587.99,587.605,587.84,294407,3997,587.24
2024-11-20T15:20:00.000,587.86,588.1499,587.85,588.125,335641,4319,587.25
2024-11-20T15:25:00.000,588.11,588.52,588.1,588.48,398253,5151,587.26
2024-11-20T15:30:00.000,588.48,589.9,588.48,589.8699,1637382,10531,587.34
2024-11-20T15:35:00.000,589.88,590.18,589.4574,589.94,1050347,9507,587.44
2024-11-20T15:40:00.000,589.95,590.26,589.34,589.7,824815,8722,587.51
2024-11-20T15:45:00.000,589.7,590.4,589.55,590.26,765322,8534,587.57
2024-11-20T15:50:00.000,590.26,590.79,589.8401,590.268,2141793,15569,587.77
2024-11-20T15:55:00.000,590.28,590.6,589.83,590.51,2913643,19381,588.0
2024-11-20T16:00:00.000,590.51,590.51,590.51,590.51,120,1,588.0
2024-11-21T09:30:00.000,593.4,593.57,591.385,591.65,1144550,11698,592.86
2024-11-21T09:35:00.000,591.62,591.62,588.56,589.09,1011489,11614,591.54
2024-11-21T09:40:00.000,589.03,589.97,588.61,589.87,1260009,13649,590.75
2024-11-21T09:45:00.000,589.875,591.53,589.81,591.33,1008952,10756,590.71
2024-11-21T09:50:00.000,591.33,591.71,590.1,590.41,762988,8581,590.76
2024-11-21T09:55:00.000,590.38,590.81,589.35,589.78,657224,7675,590.68
2024-11-21T10:00:00.000,589.74,589.91,588.76,589.02,644029,8749,590.54
2024-11-21T10:05:00.000,589.06,589.31,588.41,589.16,546770,9402,590.41
2024-11-21T10:10:00.000,589.15,590.77,588.93,590.7,539882,7075,590.38
2024-11-21T10:15:00.000,590.69,591.2,590.2214,590.53,460787,5843,590.4
2024-11-21T10:20:00.000,590.51,590.9099,588.79,589.1299,569126,7222,590.36
2024-11-21T10:25:00.000,589.1279,589.48,587.54,587.7392,591774,7133,590.26
2024-11-21T10:30:00.000,587.69,588.48,587.45,588.13,701234,8144,590.09
2024-11-21T10:35:00.000,588.11,588.9299,587.9601,588.08,453757,6261,590.01
2024-11-21T10:40:00.000,588.12,589.32,587.88,589.01,643354,5855,589.97
2024-11-21T10:45:00.000,589.03,590.23,588.95,590.165,523825,6367,589.95
2024-11-21T10:50:00.000,590.17,590.76,589.74,590.76,383920,5013,589.96
2024-11-21T10:55:00.000,590.8,591.85,590.8,591.68,523496,6995,590.02
2024-11-21T11:00:00.000,591.72,592.14,591.46,591.76,520590,6314,590.09
2024-11-21T11:05:00.000,591.74,592.16,591.13,591.36,300784,4856,590.12
2024-11-21T11:10:00.000,591.38,592.13,591.04,591.99,395593,5179,590.16
2024-11-21T11:15:00.000,591.94,592.12,591.3,591.43,286885,4615,590.2
2024-11-21T11:20:00.000,591.43,592.29,591.29,592.28,325229,4293,590.24
2024-11-21T11:25:00.000,592.28,592.75,591.98,592.725,359659,5179,590.29
2024-11-21T11:30:00.000,592.75,593.15,592.545,592.94,505762,5190,590.36
2024-11-21T11:35:00.000,592.96,592.96,591.7001,591.98,411480,5089,590.41
2024-11-21T11:40:00.000,591.98,592.5,591.97,592.3879,211760,3659,590.43
2024-11-21T11:45:00.000,592.4,592.4,591.1601,591.5321,296929,4825,590.46
2024-11-21T11:50:00.000,591.525,591.78,591.3301,591.5799,330598,4383,590.48
2024-11-21T11:55:00.000,591.5779,592.01,591.39,591.89,277520,3232,590.49
2024-11-21T12:00:00.000,591.89,591.91,591.08,591.14,351190,4140,590.51
2024-11-21T12:05:00.000,591.1524,591.69,591.0885,591.67,223986,3601,590.52
2024-11-21T12:10:00.000,591.66,591.8899,591.46,591.7,375264,4360,590.55
2024-11-21T12:15:00.000,591.69,592.15,591.69,592.09,263372,3956,590.57
2024-11-21T12:20:00.000,592.09,592.55,591.8101,592.395,174211,3325,590.59
2024-11-21T12:25:00.000,592.41,593.28,592.23,593.0,536596,6136,590.66
2024-11-21T12:30:00.000,593.01,593.28,592.8801,593.17,304234,4171,590.69
2024-11-21T12:35:00.000,593.19,593.42,592.97,593.26,282569,3844,590.73
2024-11-21T12:40:00.000,593.2,593.9,593.12,593.7422,468808,4791,590.8
2024-11-21T12:45:00.000,593.76,594.17,593.7,593.76,477558,5692,590.88
2024-11-21T12:50:00.000,593.78,593.98,593.63,593.858,237272,3443,590.92
2024-11-21T12:55:00.000,593.8301,593.92,593.51,593.71,245804,3928,590.95
2024-11-21T13:00:00.000,593.72,593.91,593.6368,593.9,261601,3285,590.98
2024-11-21T13:05:00.000,593.88,594.4,593.835,594.225,239896,3512,591.02
2024-11-21T13:10:00.000,594.25,594.68,594.21,594.24,307346,4378,591.07
2024-11-21T13:15:00.000,594.26,594.34,593.78,593.995,268184,3689,591.1
2024-11-21T13:20:00.000,594.0,594.29,593.8,594.22,224953,3033,591.13
2024-11-21T13:25:00.000,594.21,594.47,593.98,594.43,212226,3195,591.16
2024-11-21T13:30:00.000,594.45,594.8,594.4201,594.73,390798,5167,591.23
2024-11-21T13:35:00.000,594.73,594.795,594.01,594.21,582935,4149,591.27
2024-11-21T13:40:00.000,594.23,594.394352,593.9401,594.34,273900,3398,591.31
2024-11-21T13:45:00.000,594.36,594.48,594.13,594.13,506235,2698,591.33
2024-11-21T13:50:00.000,594.1547,594.43,593.91,594.41,204935,3455,591.35
2024-11-21T13:55:00.000,594.43,594.66,594.2701,594.43,278923,2698,591.37
2024-11-21T14:00:00.000,594.41,594.67,594.21,594.3952,212087,3070,591.4
2024-11-21T14:05:00.000,594.38,594.41,593.76,593.8,317747,3765,591.44
2024-11-21T14:10:00.000,593.79,594.12,593.62,594.05,411715,4696,591.48
2024-11-21T14:15:00.000,594.055,594.14,593.52,593.58,355081,4302,591.52
2024-11-21T14:20:00.000,593.58,594.48,593.5552,594.37,450661,4834,591.56
2024-11-21T14:25:00.000,594.36,594.53,594.179,594.42,298032,3968,591.6
2024-11-21T14:30:00.000,594.43,594.46,593.95,594.32,387170,4572,591.64
2024-11-21T14:35:00.000,594.315,594.68,594.2,594.66,503860,4905,591.69
2024-11-21T14:40:00.000,594.64,594.67,594.33,594.48,667099,4180,591.73
2024-11-21T14:45:00.000,594.48,594.5,594.09,594.37,511156,3635,591.75
2024-11-21T14:50:00.000,594.37,594.39,593.86,594.29,299559,3821,591.78
2024-11-21T14:55:00.000,594.29,594.63,594.29,594.59,393920,4249,591.82
2024-11-21T15:00:00.000,594.58,594.91,594.45,594.745,359080,4249,591.86
2024-11-21T15:05:00.000,594.76,595.03,594.68,594.97,766578,4506,591.9
2024-11-21T15:10:00.000,594.94,595.12,594.85,594.85,609601,5501,591.97
2024-11-21T15:15:00.000,594.85,595.0,594.77,594.885,384498,3551,592.0
2024-11-21T15:20:00.000,594.89,594.98,594.7301,594.78,394233,3994,592.02
2024-11-21T15:25:00.000,594.77,594.98,594.73,594.9,270242,3988,592.05
2024-11-21T15:30:00.000,594.9,595.0,594.46,594.5299,737018,5449,592.11
2024-11-21T15:35:00.000,594.53,594.57,593.9,594.3188,640344,5946,592.14
2024-11-21T15:40:00.000,594.32,594.37,593.96,594.3,1089940,7349,592.19
2024-11-21T15:45:00.000,594.3,594.45,594.0801,594.27,910000,6869,592.22
2024-11-21T15:50:00.000,594.27,594.29,593.87,594.045,1204566,10850,592.28
2024-11-21T15:55:00.000,594.07,594.11,593.56,593.61,2698503,16457,592.37
2024-11-21T16:00:00.000,593.61,593.61,593.61,593.61,946,4,592.37
2024-11-22T09:30:00.000,593.66,594.51,593.57,594.51,1225908,11613,594.09
2024-11-22T09:35:00.000,594.48,594.7182,593.98,594.7001,796321,7692,594.2
2024-11-22T09:40:00.000,594.71,595.78,594.68,595.58,1180353,9174,594.56
2024-11-22T09:45:00.000,595.61,596.131,595.23,595.64,931024,7734,594.79
2024-11-22T09:50:00.000,595.63,595.69,594.69,595.3342,616996,7022,594.82
2024-11-22T09:55:00.000,595.33,595.97,595.02,595.97,461723,5675,594.89
2024-11-22T10:00:00.000,595.94,596.01,594.7701,594.98,408904,6665,594.93
2024-11-22T10:05:00.000,594.98,595.29,594.47,594.5194,431883,9796,594.93
2024-11-22T10:10:00.000,594.5184,594.91,593.92,594.46,585651,7556,594.88
2024-11-22T10:15:00.000,594.46,594.9,594.2401,594.45,334964,5320,594.86
2024-11-22T10:20:00.000,594.4,594.7799,593.76,594.61,280107,4480,594.84
2024-11-22T10:25:00.000,594.62,594.65,593.1525,593.67,451665,5668,594.78
2024-11-22T10:30:00.000,593.78,594.48,593.5901,593.885,317748,4862,594.75
2024-11-22T10:35:00.000,593.8866,595.2,593.8866,595.1043,310474,5151,594.74
2024-11-22T10:40:00.000,595.126,595.52,594.92,595.52,241004,4150,594.75
2024-11-22T10:45:00.000,595.48,595.7759,595.01,595.0905,1154016,3901,594.77
2024-11-22T10:50:00.000,595.09,595.72,595.03,595.319,185625,3103,594.78
2024-11-22T10:55:00.000,595.31,595.82,595.1801,595.76,174514,3078,594.8
2024-11-22T11:00:00.000,595.79,595.8965,595.2,595.3033,308122,4216,594.82
2024-11-22T11:05:00.000,595.3,595.51,594.94,594.96,168353,3053,594.83
2024-11-22T11:10:00.000,594.97,595.24,594.6001,594.75,204252,3666,594.83
2024-11-22T11:15:00.000,594.7697,594.89,594.02,594.13,353094,3680,594.82
2024-11-22T11:20:00.000,594.11,594.72,593.71,594.53,659591,5034,594.8
2024-11-22T11:25:00.000,594.54,594.68,593.9999,594.59,257365,3779,594.79
2024-11-22T11:30:00.000,594.57,594.61,593.96,594.24,283920,3481,594.78
2024-11-22T11:35:00.000,594.2542,594.92,594.19,594.86,388665,3122,594.78
2024-11-22T11:40:00.000,594.83,594.86,594.02,594.0349,169938,2871,594.77
2024-11-22T11:45:00.000,594.115,594.735,593.92,594.6501,230164,3491,594.76
2024-11-22T11:50:00.000,594.7,595.13,594.4,595.13,213754,3130,594.76
2024-11-22T11:55:00.000,595.1,595.1699,594.925,595.04,121850,2447,594.76
2024-11-22T12:00:00.000,595.05,595.28,594.71,595.26,185864,3021,594.77
2024-11-22T12:05:00.000,595.25,595.44,595.11,595.175,175252,2738,594.78
2024-11-22T12:10:00.000,595.14,595.72,595.1235,595.56,266476,3480,594.79
2024-11-22T12:15:00.000,595.59,595.61,595.33,595.45,231867,3291,594.8
2024-11-22T12:20:00.000,595.46,595.88,595.39,595.53,216111,3346,594.82
2024-11-22T12:25:00.000,595.52,595.8,595.52,595.61,210937,2860,594.83
2024-11-22T12:30:00.000,595.61,595.65,595.0,595.16,195347,3475,594.84
2024-11-22T12:35:00.000,595.21,595.25,594.66,594.7199,207727,3128,594.84
2024-11-22T12:40:00.000,594.6911,595.3,594.6911,595.24,142636,2802,594.84
2024-11-22T12:45:00.000,595.25,595.51,595.14,595.4,114721,2484,594.85
2024-11-22T12:50:00.000,595.4,595.85,595.4,595.71,170600,2878,594.86
2024-11-22T12:55:00.000,595.72,595.79,595.5877,595.7299,141154,2451,594.86
2024-11-22T13:00:00.000,595.69,595.84,595.465,595.84,365524,2657,594.87
2024-11-22T13:05:00.000,595.84,595.89,595.635,595.7699,253728,2833,594.89
2024-11-22T13:10:00.000,595.7601,596.15,595.704,595.9,307371,3505,594.91
2024-11-22T13:15:00.000,595.92,596.06,595.77,595.82,115181,2235,594.92
2024-11-22T13:20:00.000,595.85,596.03,595.62,595.95,195132,2805,594.93
2024-11-22T13:25:00.000,595.94,595.98,595.41,595.52,172173,2518,594.94
2024-11-22T13:30:00.000,595.52,595.97,595.44,595.75,184702,3438,594.95
2024-11-22T13:35:00.000,595.71,595.7899,595.35,595.4,150025,2514,594.95
2024-11-22T13:40:00.000,595.4025,595.41,595.13,595.285,170974,2838,594.96
2024-11-22T13:45:00.000,595.285,595.58,595.2301,595.3801,278155,2399,594.96
2024-11-22T13:50:00.000,595.38,595.38,594.9001,595.23,669306,2626,594.96
2024-11-22T13:55:00.000,595.22,595.58,595.1401,595.43,173723,2857,594.97
2024-11-22T14:00:00.000,595.44,595.44,595.25,595.34,137757,2274,594.97
2024-11-22T14:05:00.000,595.34,595.36,595.06,595.165,178018,2512,594.97
2024-11-22T14:10:00.000,595.17,595.2,594.8,594.91,504549,3126,594.97
2024-11-22T14:15:00.000,594.91,594.91,594.15,594.6701,594248,4478,594.96
2024-11-22T14:20:00.000,594.67,595.01,594.6,594.94,212825,2961,594.96
2024-11-22T14:25:00.000,594.92,595.185,594.75,594.99,384361,3050,594.96
2024-11-22T14:30:00.000,594.99,595.25,594.89,595.25,223068,2936,594.96
2024-11-22T14:35:00.000,595.18,595.42,595.17,595.37,424746,2321,594.97
2024-11-22T14:40:00.000,595.37,595.37,595.07,595.14,223332,2876,594.97
2024-11-22T14:45:00.000,595.165,595.41,595.1623,595.355,147304,2387,594.97
2024-11-22T14:50:00.000,595.331,595.53,595.211,595.525,201770,2751,594.98
2024-11-22T14:55:00.000,595.52,595.63,595.38,595.3999,180147,2498,594.98
2024-11-22T15:00:00.000,595.39,595.39,594.23,594.5744,432404,4612,594.98
2024-11-22T15:05:00.000,594.57,595.01,594.52,594.6147,222407,3280,594.98
2024-11-22T15:10:00.000,594.62,594.67,594.17,594.25,343642,4212,594.97
2024-11-22T15:15:00.000,594.255,594.7999,594.1801,594.789,309234,3873,594.96
2024-11-22T15:20:00.000,594.785,594.9,594.61,594.8101,237556,3696,594.96
2024-11-22T15:25:00.000,594.8,594.88,594.17,594.77,609478,6727,594.95
2024-11-22T15:30:00.000,594.7583,595.24,594.67,595.08,524287,4577,594.95
2024-11-22T15:35:00.000,595.0916,595.18,594.827,594.945,347508,4375,594.95
2024-11-22T15:40:00.000,594.96,595.02,594.72,594.82,274668,4224,594.95
2024-11-22T15:45:00.000,594.83,595.22,594.77,595.2199,464485,5954,594.95
2024-11-22T15:50:00.000,595.2,595.81,595.02,595.7678,760443,8305,594.97
2024-11-22T15:55:00.000,595.77,596.1,595.45,595.48,2454564,16238,595.05
2024-11-22T16:00:00.000,0.0,0.0,0.0,0.0,0,0,595.05
2024-11-23T09:30:00.000,0.0,0.0,0.0,0.0,0,0,0.0
2024-11-23T09:35:00.000,0.0,0.0,0.0,0.0,0,0,0.0
2024-11-23T09:40:00.000,0.0,0.0,0.0,0.0,0,0,0.0
2024-11-23T09:45:00.000,0.0,0.0,0.0,0.0,0,0,0.0
2024-11-23T09:50:00.000,0.0,0.0,0.0,0.0,0,0,0.0
2024-11-23T09:55:00.000,0.0,0.0,0.0,0.0,0,0,0.0
2024-11-23T10:00:00.000,0.0,0.0,0.0,0.0,0,0,0.0
2024-11-23T10:05:00.000,0.0,0.0,0.0,0.0,0,0,0.0
2024-11-23T10:10:00.000,0.0,0.0,0.0,0.0,0,0,0.0
2024-11-23T10:15:00.000,0.0,0.0,0.0,0.0,0,0,0.0
2024-11-23T10:20:00.000,0.0,0.0,0.0,0.0,0,0,0.0
2024-11-23T10:25:00.000,0.0,0.0,0.0,0.0,0,0,0.0
2024-11-23T10:30:00.000,0.0,0.0,0.0,0.0,0,0,0.0
2024-11-23T10:35:00.000,0.0,0.0,0.0,0.0,0,0,0.0
2024-11-23T10:40:00.000,0.0,0.0,0.0,0.0,0,0,0.0
2024-11-23T10:45:00.000,0.0,0.0,0.0,0.0,0,0,0.0
2024-11-23T10:50:00.000,0.0,0.0,0.0,0.0,0,0,0.0
2024-11-23T10:55:00.000,0.0,0.0,0.0,0.0,0,0,0.0
2024-11-23T11:00:00.000,0.0,0.0,0.0,0.0,0,0,0.0
2024-11-23T11:05:00.000,0.0,0.0,0.0,0.0,0,0,0.0
2024-11-23T11:10:00.000,0.0,0.0,0.0,0.0,0,0,0.0
2024-11-23T11:15:00.000,0.0,0.0,0.0,0.0,0,0,0.0
2024-11-23T11:20:00.000,0.0,0.0,0.0,0.0,0,0,0.0
2024-11-23T11:25:00.000,0.0,0.0,0.0,0.0,0,0,0.0
2024-11-23T11:30:00.000,0.0,0.0,0.0,0.0,0,0,0.0
2024-11-23T11:35:00.000,0.0,0.0,0.0,0.0,0,0,0.0
2024-11-23T11:40:00.000,0.0,0.0,0.0,0.0,0,0,0.0
2024-11-23T11:45:00.000,0.0,0.0,0.0,0.0,0,0,0.0
2024-11-23T11:50:00.000,0.0,0.0,0.0,0.0,0,0,0.0
2024-11-23T11:55:00.000,0.0,0.0,0.0,0.0,0,0,0.0
2024-11-23T12:00:00.000,0.0,0.0,0.0,0.0,0,0,0.0
2024-11-23T12:05:00.000,0.0,0.0,0.0,0.0,0,0,0.0
2024-11-23T12:10:00.000,0.0,0.0,0.0,0.0,0,0,0.0
2024-11-23T12:15:00.000,0.0,0.0,0.0,0.0,0,0,0.0
2024-11-23T12:20:00.000,0.0,0.0,0.0,0.0,0,0,0.0
2024-11-23T12:25:00.000,0.0,0.0,0.0,0.0,0,0,0.0
2024-11-23T12:30:00.000,0.0,0.0,0.0,0.0,0,0,0.0
2024-11-23T12:35:00.000,0.0,0.0,0.0,0.0,0,0,0.0
2024-11-23T12:40:00.000,0.0,0.0,0.0,0.0,0,0,0.0
2024-11-23T12:45:00.000,0.0,0.0,0.0,0.0,0,0,0.0
2024-11-23T12:50:00.000,0.0,0.0,0.0,0.0,0,0,0.0
2024-11-23T12:55:00.000,0.0,0.0,0.0,0.0,0,0,0.0
2024-11-23T13:00:00.000,0.0,0.0,0.0,0.0,0,0,0.0
2024-11-23T13:05:00.000,0.0,0.0,0.0,0.0,0,0,0.0
2024-11-23T13:10:00.000,0.0,0.0,0.0,0.0,0,0,0.0
2024-11-23T13:15:00.000,0.0,0.0,0.0,0.0,0,0,0.0
2024-11-23T13:20:00.000,0.0,0.0,0.0,0.0,0,0,0.0
2024-11-23T13:25:00.000,0.0,0.0,0.0,0.0,0,0,0.0
2024-11-23T13:30:00.000,0.0,0.0,0.0,0.0,0,0,0.0
2024-11-23T13:35:00.000,0.0,0.0,0.0,0.0,0,0,0.0
2024-11-23T13:40:00.000,0.0,0.0,0.0,0.0,0,0,0.0
2024-11-23T13:45:00.000,0.0,0.0,0.0,0.0,0,0,0.0
2024-11-23T13:50:00.000,0.0,0.0,0.0,0.0,0,0,0.0
2024-11-23T13:55:00.000,0.0,0.0,0.0,0.0,0,0,0.0
2024-11-23T14:00:00.000,0.0,0.0,0.0,0.0,0,0,0.0
2024-11-23T14:05:00.000,0.0,0.0,0.0,0.0,0,0,0.0
2024-11-23T14:10:00.000,0.0,0.0,0.0,0.0,0,0,0.0
2024-11-23T14:15:00.000,0.0,0.0,0.0,0.0,0,0,0.0
2024-11-23T14:20:00.000,0.0,0.0,0.0,0.0,0,0,0.0
2024-11-23T14:25:00.000,0.0,0.0,0.0,0.0,0,0,0.0
2024-11-23T14:30:00.000,0.0,0.0,0.0,0.0,0,0,0.0
2024-11-23T14:35:00.000,0.0,0.0,0.0,0.0,0,0,0.0
2024-11-23T14:40:00.000,0.0,0.0,0.0,0.0,0,0,0.0
2024-11-23T14:45:00.000,0.0,0.0,0.0,0.0,0,0,0.0
2024-11-23T14:50:00.000,0.0,0.0,0.0,0.0,0,0,0.0
2024-11-23T14:55:00.000,0.0,0.0,0.0,0.0,0,0,0.0
2024-11-23T15:00:00.000,0.0,0.0,0.0,0.0,0,0,0.0
2024-11-23T15:05:00.000,0.0,0.0,0.0,0.0,0,0,0.0
2024-11-23T15:10:00.000,0.0,0.0,0.0,0.0,0,0,0.0
2024-11-23T15:15:00.000,0.0,0.0,0.0,0.0,0,0,0.0
2024-11-23T15:20:00.000,0.0,0.0,0.0,0.0,0,0,0.0
2024-11-23T15:25:00.000,0.0,0.0,0.0,0.0,0,0,0.0
2024-11-23T15:30:00.000,0.0,0.0,0.0,0.0,0,0,0.0
2024-11-23T15:35:00.000,0.0,0.0,0.0,0.0,0,0,0.0
2024-11-23T15:40:00.000,0.0,0.0,0.0,0.0,0,0,0.0
2024-11-23T15:45:00.000,0.0,0.0,0.0,0.0,0,0,0.0
2024-11-23T15:50:00.000,0.0,0.0,0.0,0.0,0,0,0.0
2024-11-23T15:55:00.000,0.0,0.0,0.0,0.0,0,0,0.0
2024-11-23T16:00:00.000,0.0,0.0,0.0,0.0,0,0,0.0
2024-11-24T09:30:00.000,0.0,0.0,0.0,0.0,0,0,0.0
2024-11-24T09:35:00.000,0.0,0.0,0.0,0.0,0,0,0.0
2024-11-24T09:40:00.000,0.0,0.0,0.0,0.0,0,0,0.0
2024-11-24T09:45:00.000,0.0,0.0,0.0,0.0,0,0,0.0
2024-11-24T09:50:00.000,0.0,0.0,0.0,0.0,0,0,0.0
2024-11-24T09:55:00.000,0.0,0.0,0.0,0.0,0,0,0.0
2024-11-24T10:00:00.000,0.0,0.0,0.0,0.0,0,0,0.0
2024-11-24T10:05:00.000,0.0,0.0,0.0,0.0,0,0,0.0
2024-11-24T10:10:00.000,0.0,0.0,0.0,0.0,0,0,0.0
2024-11-24T10:15:00.000,0.0,0.0,0.0,0.0,0,0,0.0
2024-11-24T10:20:00.000,0.0,0.0,0.0,0.0,0,0,0.0
2024-11-24T10:25:00.000,0.0,0.0,0.0,0.0,0,0,0.0
2024-11-24T10:30:00.000,0.0,0.0,0.0,0.0,0,0,0.0
2024-11-24T10:35:00.000,0.0,0.0,0.0,0.0,0,0,0.0
2024-11-24T10:40:00.000,0.0,0.0,0.0,0.0,0,0,0.0
2024-11-24T10:45:00.000,0.0,0.0,0.0,0.0,0,0,0.0
2024-11-24T10:50:00.000,0.0,0.0,0.0,0.0,0,0,0.0
2024-11-24T10:55:00.000,0.0,0.0,0.0,0.0,0,0,0.0
2024-11-24T11:00:00.000,0.0,0.0,0.0,0.0,0,0,0.0
2024-11-24T11:05:00.000,0.0,0.0,0.0,0.0,0,0,0.0
2024-11-24T11:10:00.000,0.0,0.0,0.0,0.0,0,0,0.0
2024-11-24T11:15:00.000,0.0,0.0,0.0,0.0,0,0,0.0
2024-11-24T11:20:00.000,0.0,0.0,0.0,0.0,0,0,0.0
2024-11-24T11:25:00.000,0.0,0.0,0.0,0.0,0,0,0.0
2024-11-24T11:30:00.000,0.0,0.0,0.0,0.0,0,0,0.0
2024-11-24T11:35:00.000,0.0,0.0,0.0,0.0,0,0,0.0
2024-11-24T11:40:00.000,0.0,0.0,0.0,0.0,0,0,0.0
2024-11-24T11:45:00.000,0.0,0.0,0.0,0.0,0,0,0.0
2024-11-24T11:50:00.000,0.0,0.0,0.0,0.0,0,0,0.0
2024-11-24T11:55:00.000,0.0,0.0,0.0,0.0,0,0,0.0
2024-11-24T12:00:00.000,0.0,0.0,0.0,0.0,0,0,0.0
2024-11-24T12:05:00.000,0.0,0.0,0.0,0.0,0,0,0.0
2024-11-24T12:10:00.000,0.0,0.0,0.0,0.0,0,0,0.0
2024-11-24T12:15:00.000,0.0,0.0,0.0,0.0,0,0,0.0
2024-11-24T12:20:00.000,0.0,0.0,0.0,0.0,0,0,0.0
2024-11-24T12:25:00.000,0.0,0.0,0.0,0.0,0,0,0.0
2024-11-24T12:30:00.000,0.0,0.0,0.0,0.0,0,0,0.0
2024-11-24T12:35:00.000,0.0,0.0,0.0,0.0,0,0,0.0
2024-11-24T12:40:00.000,0.0,0.0,0.0,0.0,0,0,0.0
2024-11-24T12:45:00.000,0.0,0.0,0.0,0.0,0,0,0.0
2024-11-24T12:50:00.000,0.0,0.0,0.0,0.0,0,0,0.0
2024-11-24T12:55:00.000,0.0,0.0,0.0,0.0,0,0,0.0
2024-11-24T13:00:00.000,0.0,0.0,0.0,0.0,0,0,0.0
2024-11-24T13:05:00.000,0.0,0.0,0.0,0.0,0,0,0.0
2024-11-24T13:10:00.000,0.0,0.0,0.0,0.0,0,0,0.0
2024-11-24T13:15:00.000,0.0,0.0,0.0,0.0,0,0,0.0
2024-11-24T13:20:00.000,0.0,0.0,0.0,0.0,0,0,0.0
2024-11-24T13:25:00.000,0.0,0.0,0.0,0.0,0,0,0.0
2024-11-24T13:30:00.000,0.0,0.0,0.0,0.0,0,0,0.0
2024-11-24T13:35:00.000,0.0,0.0,0.0,0.0,0,0,0.0
2024-11-24T13:40:00.000,0.0,0.0,0.0,0.0,0,0,0.0
2024-11-24T13:45:00.000,0.0,0.0,0.0,0.0,0,0,0.0
2024-11-24T13:50:00.000,0.0,0.0,0.0,0.0,0,0,0.0
2024-11-24T13:55:00.000,0.0,0.0,0.0,0.0,0,0,0.0
2024-11-24T14:00:00.000,0.0,0.0,0.0,0.0,0,0,0.0
2024-11-24T14:05:00.000,0.0,0.0,0.0,0.0,0,0,0.0
2024-11-24T14:10:00.000,0.0,0.0,0.0,0.0,0,0,0.0
2024-11-24T14:15:00.000,0.0,0.0,0.0,0.0,0,0,0.0
2024-11-24T14:20:00.000,0.0,0.0,0.0,0.0,0,0,0.0
2024-11-24T14:25:00.000,0.0,0.0,0.0,0.0,0,0,0.0
2024-11-24T14:30:00.000,0.0,0.0,0.0,0.0,0,0,0.0
2024-11-24T14:35:00.000,0.0,0.0,0.0,0.0,0,0,0.0
2024-11-24T14:40:00.000,0.0,0.0,0.0,0.0,0,0,0.0
2024-11-24T14:45:00.000,0.0,0.0,0.0,0.0,0,0,0.0
2024-11-24T14:50:00.000,0.0,0.0,0.0,0.0,0,0,0.0
2024-11-24T14:55:00.000,0.0,0.0,0.0,0.0,0,0,0.0
2024-11-24T15:00:00.000,0.0,0.0,0.0,0.0,0,0,0.0
2024-11-24T15:05:00.000,0.0,0.0,0.0,0.0,0,0,0.0
2024-11-24T15:10:00.000,0.0,0.0,0.0,0.0,0,0,0.0
2024-11-24T15:15:00.000,0.0,0.0,0.0,0.0,0,0,0.0
2024-11-24T15:20:00.000,0.0,0.0,0.0,0.0,0,0,0.0
2024-11-24T15:25:00.000,0.0,0.0,0.0,0.0,0,0,0.0
2024-11-24T15:30:00.000,0.0,0.0,0.0,0.0,0,0,0.0
2024-11-24T15:35:00.000,0.0,0.0,0.0,0.0,0,0,0.0
2024-11-24T15:40:00.000,0.0,0.0,0.0,0.0,0,0,0.0
2024-11-24T15:45:00.000,0.0,0.0,0.0,0.0,0,0,0.0
2024-11-24T15:50:00.000,0.0,0.0,0.0,0.0,0,0,0.0
2024-11-24T15:55:00.000,0.0,0.0,0.0,0.0,0,0,0.0
2024-11-24T16:00:00.000,0.0,0.0,0.0,0.0,0,0,0.0
2024-11-25T09:30:00.000,599.52,600.15,598.8,600.07,2105561,23389,599.46
2024-11-25T09:35:00.000,600.06,600.72,600.03,600.65,1215881,13626,599.77
2024-11-25T09:40:00.000,600.65,600.86,600.2688,600.48,801367,10041,599.92
2024-11-25T09:45:00.000,600.49,600.75,599.92,600.0,908208,8839,599.97
2024-11-25T09:50:00.000,600.02,600.08,598.67,598.96,986411,11950,599.85
2024-11-25T09:55:00.000,598.95,599.48,598.8,599.26,620239,8795,599.79
2024-11-25T10:00:00.000,599.25,599.25,598.4501,598.93,593809,8691,599.71
2024-11-25T10:05:00.000,598.9099,599.295,598.64,598.76,508671,7071,599.66
2024-11-25T10:10:00.000,598.73,598.76,597.55,598.045,1701624,11389,599.46
2024-11-25T10:15:00.000,598.0,598.73,597.94,598.23,601864,6948,599.41
2024-11-25T10:20:00.000,598.23,598.57,598.1342,598.54,344094,5957,599.37
2024-11-25T10:25:00.000,598.53,599.145,598.32,599.11,418672,11578,599.35
2024-11-25T10:30:00.000,599.09,599.26,597.81,598.045,782834,8328,599.3
2024-11-25T10:35:00.000,598.03,598.56,597.94,598.2599,636681,5611,599.27
2024-11-25T10:40:00.000,598.255,598.94,598.22,598.9,404266,4980,599.25
2024-11-25T10:45:00.000,598.9,598.9,598.21,598.72,252406,4921,599.24
2024-11-25T10:50:00.000,598.72,598.88,598.205,598.24,297752,5468,599.22
2024-11-25T10:55:00.000,598.24,598.2999,597.84,597.98,290747,4733,599.19
2024-11-25T11:00:00.000,597.96,598.2,597.745,598.18,296605,4740,599.17
2024-11-25T11:05:00.000,598.14,598.25,597.6,597.78,272452,4275,599.14
2024-11-25T11:10:00.000,597.76,598.2397,597.72,598.06,242266,3943,599.13
2024-11-25T11:15:00.000,598.08,598.38,597.9318,598.3,235736,4097,599.11
2024-11-25T11:20:00.000,598.28,598.43,598.16,598.34,286273,4007,599.09
2024-11-25T11:25:00.000,598.335,598.41,597.99,597.99,342148,4521,599.07
2024-11-25T11:30:00.000,597.97,598.38,597.73,597.81,236371,3691,599.06
2024-11-25T11:35:00.000,597.78,597.96,597.3,597.3982,564780,5105,599.02
2024-11-25T11:40:00.000,597.385,597.62,597.29,597.3599,286054,3961,598.99
2024-11-25T11:45:00.000,597.35,597.61,597.14,597.25,294299,4458,598.96
2024-11-25T11:50:00.000,597.28,597.6,597.18,597.46,234572,3728,598.94
2024-11-25T11:55:00.000,597.46,597.62,597.2301,597.27,224002,3300,598.92
2024-11-25T12:00:00.000,597.255,597.45,597.1,597.42,389223,3708,598.89
2024-11-25T12:05:00.000,597.42,597.6,597.19,597.22,235964,3523,598.87
2024-11-25T12:10:00.000,597.2289,597.3,596.57,596.6001,626809,5177,598.81
2024-11-25T12:15:00.000,596.61,596.7499,596.33,596.55,304536,4775,598.77
2024-11-25T12:20:00.000,596.52,596.57,596.08,596.1,369035,4357,598.71
2024-11-25T12:25:00.000,596.09,596.54,595.75,596.04,470990,5441,598.65
2024-11-25T12:30:00.000,596.04,596.58,595.98,596.44,370522,4393,598.6
2024-11-25T12:35:00.000,596.4301,596.5,596.02,596.13,206349,3236,598.58
2024-11-25T12:40:00.000,596.11,596.18,595.2401,595.5292,274040,4739,598.54
2024-11-25T12:45:00.000,595.51,595.855,595.2,595.8,394234,4966,598.48
2024-11-25T12:50:00.000,595.79,596.49,595.7799,596.4299,297991,4033,598.44
2024-11-25T12:55:00.000,596.43,596.63,596.2,596.4565,163734,3086,598.43
2024-11-25T13:00:00.000,596.4601,597.09,596.421,597.0207,225152,3545,598.41
2024-11-25T13:05:00.000,597.03,597.25,596.84,597.0499,328010,3516,598.39
2024-11-25T13:10:00.000,597.05,597.4,597.05,597.37,217411,2860,598.37
2024-11-25T13:15:00.000,597.36,597.44,597.11,597.19,400349,3846,598.35
2024-11-25T13:20:00.000,597.17,597.26,596.91,597.23,458542,2959,598.34
2024-11-25T13:25:00.000,597.21,597.38,597.12,597.1503,133776,2469,598.33
2024-11-25T13:30:00.000,597.18,597.54,596.94,597.52,165989,3437,598.33
2024-11-25T13:35:00.000,597.5,597.54,597.28,597.48,147474,2864,598.32
2024-11-25T13:40:00.000,597.49,597.59,597.13,597.2001,196180,2707,598.31
2024-11-25T13:45:00.000,597.22,597.61,597.2,597.28,231377,2977,598.3
2024-11-25T13:50:00.000,597.29,597.43,597.06,597.07,168488,2459,598.29
2024-11-25T13:55:00.000,597.07,597.41,597.06,597.32,163942,2418,598.28
2024-11-25T14:00:00.000,597.31,597.34,597.12,597.125,149095,2262,598.28
2024-11-25T14:05:00.000,597.13,597.4,596.9601,597.4,271498,2940,598.26
2024-11-25T14:10:00.000,597.39,597.43,597.32,597.37,142156,2123,598.26
2024-11-25T14:15:00.000,597.3701,597.435,597.28,597.365,104516,2054,598.25
2024-11-25T14:20:00.000,597.36,597.37,596.49,596.8,322487,3708,598.23
2024-11-25T14:25:00.000,596.81,597.0464,596.75,596.99,207063,2607,598.22
2024-11-25T14:30:00.000,596.98,597.0,596.66,596.74,160870,2317,598.21
2024-11-25T14:35:00.000,596.75,596.92,596.705,596.78,115576,1909,598.21
2024-11-25T14:40:00.000,596.78,597.2,596.7759,597.17,139968,2562,598.2
2024-11-25T14:45:00.000,597.1633,597.4001,597.05,597.3193,143026,2465,598.19
2024-11-25T14:50:00.000,597.33,597.45,597.1,597.105,341518,2561,598.19
2024-11-25T14:55:00.000,597.1,597.21,597.0079,597.09,195068,2658,598.18
2024-11-25T15:00:00.000,597.085,597.09,596.68,596.85,225651,2972,598.17
2024-11-25T15:05:00.000,596.85,597.02,596.67,596.98,390060,3130,598.15
2024-11-25T15:10:00.000,596.98,597.07,596.7246,596.835,218240,3262,598.14
2024-11-25T15:15:00.000,596.84,597.15,596.8001,597.11,173381,2840,598.13
2024-11-25T15:20:00.000,597.13,597.14,596.85,597.0273,256288,3366,598.12
2024-11-25T15:25:00.000,597.02,597.1691,596.99,597.14,259158,3777,598.11
2024-11-25T15:30:00.000,597.13,597.26,597.045,597.17,262347,3619,598.1
2024-11-25T15:35:00.000,597.16,597.28,597.11,597.16,503395,4211,598.09
2024-11-25T15:40:00.000,597.14,597.37,597.05,597.11,516600,4359,598.08
2024-11-25T15:45:00.000,597.12,597.2,596.87,596.99,504297,5761,598.06
2024-11-25T15:50:00.000,596.98,597.7,596.85,597.5826,1413635,12006,598.03
2024-11-25T15:55:00.000,597.582,597.745,597.32,597.45,3382089,21561,597.98
2024-11-25T16:00:00.000,597.45,597.45,597.45,597.45,661,1,597.98
2024-11-26T09:30:00.000,598.8,599.41,598.6,599.3,1603045,13998,598.99
2024-11-26T09:35:00.000,599.3,599.48,598.7701,598.84,705440,7915,599.06
2024-11-26T09:40:00.000,598.85,599.11,598.5,598.75,556722,6995,599.0
2024-11-26T09:45:00.000,598.77,599.34,598.7497,599.34,423672,5837,599.01
2024-11-26T09:50:00.000,599.35,599.61,598.82,598.9,404856,6436,599.04
2024-11-26T09:55:00.000,598.86,599.08,598.73,599.02,341646,5130,599.03
2024-11-26T10:00:00.000,598.96,599.43,598.21,598.7725,496354,7611,599.01
2024-11-26T10:05:00.000,598.8,598.9,598.46,598.55,400198,6535,598.98
2024-11-26T10:10:00.000,598.51,598.87,598.25,598.7353,347284,6153,598.95
2024-11-26T10:15:00.000,598.74,598.84,598.12,598.21,496205,6253,598.92
2024-11-26T10:20:00.000,598.22,598.75,598.2,598.37,508324,8479,598.9
2024-11-26T10:25:00.000,598.39,598.92,598.07,598.815,342460,5851,598.87
2024-11-26T10:30:00.000,598.8,598.96,598.37,598.37,310673,5876,598.87
2024-11-26T10:35:00.000,598.3781,598.77,598.22,598.65,230122,4981,598.86
2024-11-26T10:40:00.000,598.67,599.33,598.51,599.3167,265918,5248,598.86
2024-11-26T10:45:00.000,599.29,599.335,598.7914,599.035,265598,4399,598.87
2024-11-26T10:50:00.000,599.035,599.17,598.77,599.12,228525,3991,598.87
2024-11-26T10:55:00.000,599.1,599.41,599.0,599.05,365011,4336,598.88
2024-11-26T11:00:00.000,599.11,599.55,599.1,599.46,289404,4240,598.9
2024-11-26T11:05:00.000,599.46,599.48,599.13,599.18,261596,3647,598.91
2024-11-26T11:10:00.000,599.17,599.31,598.885,599.03,221345,3913,598.92
2024-11-26T11:15:00.000,599.03,599.2,598.87,599.15,237347,3957,598.92
2024-11-26T11:20:00.000,599.15,599.6,599.11,599.35,208845,4222,598.93
2024-11-26T11:25:00.000,599.35,599.58,599.2699,599.56,184174,3749,598.94
2024-11-26T11:30:00.000,599.565,599.72,599.42,599.57,372844,4806,598.97
2024-11-26T11:35:00.000,599.6,599.83,599.4871,599.82,150520,3562,598.98
2024-11-26T11:40:00.000,599.8294,599.8294,599.38,599.52,278592,4456,598.99
2024-11-26T11:45:00.000,599.52,599.6799,599.35,599.45,166048,3082,599.0
2024-11-26T11:50:00.000,599.4349,599.82,599.43,599.81,276367,3502,599.02
2024-11-26T11:55:00.000,599.82,599.87,599.53,599.75,210397,3176,599.03
2024-11-26T12:00:00.000,599.74,599.77,599.2905,599.37,138989,2705,599.04
2024-11-26T12:05:00.000,599.375,599.65,599.16,599.575,232023,3415,599.05
2024-11-26T12:10:00.000,599.57,599.59,599.22,599.24,176390,2613,599.05
2024-11-26T12:15:00.000,599.24,599.3413,599.13,599.26,467546,2501,599.05
2024-11-26T12:20:00.000,599.28,599.35,599.12,599.14,88339,2508,599.05
2024-11-26T12:25:00.000,599.13,599.34,599.07,599.335,264244,2746,599.06
2024-11-26T12:30:00.000,599.35,599.66,599.3,599.66,173591,3006,599.06
2024-11-26T12:35:00.000,599.66,599.7,599.53,599.6999,235627,2189,599.07
2024-11-26T12:40:00.000,599.7,599.87,599.635,599.8,277379,2754,599.07
2024-11-26T12:45:00.000,599.8151,599.83,599.7,599.7501,147487,3123,599.08
2024-11-26T12:50:00.000,599.77,599.96,599.76,599.9599,158039,3251,599.09
2024-11-26T12:55:00.000,599.93,600.1299,599.87,600.075,262922,4436,599.11
2024-11-26T13:00:00.000,600.07,600.11,599.94,600.0121,153291,2783,599.12
2024-11-26T13:05:00.000,600.01,600.1399,599.91,599.93,123811,2626,599.12
2024-11-26T13:10:00.000,599.94,599.96,599.6601,599.9,150480,2891,599.13
2024-11-26T13:15:00.000,599.91,600.05,599.6201,599.76,174863,3050,599.14
2024-11-26T13:20:00.000,599.71,600.025,599.602,599.93,208576,2487,599.15
2024-11-26T13:25:00.000,599.93,600.0,599.8401,599.8701,75765,1819,599.15
2024-11-26T13:30:00.000,599.86,600.0,599.83,599.99,61195,2395,599.16
2024-11-26T13:35:00.000,599.98,599.9999,599.69,599.8,147527,2671,599.16
2024-11-26T13:40:00.000,599.785,600.15,599.77,600.09,162038,2814,599.17
2024-11-26T13:45:00.000,600.1,600.14,599.955,600.03,144722,2335,599.18
2024-11-26T13:50:00.000,600.03,600.1,599.99,600.03,90318,2100,599.19
2024-11-26T13:55:00.000,600.03,600.19,599.97,600.149,143106,2416,599.19
2024-11-26T14:00:00.000,600.11,600.41,599.99,600.37,370713,4329,599.22
2024-11-26T14:05:00.000,600.37,600.4,599.77,599.81,340898,4248,599.24
2024-11-26T14:10:00.000,599.81,600.1199,599.72,599.855,255574,3744,599.25
2024-11-26T14:15:00.000,599.86,599.88,599.22,599.3575,534239,4827,599.26
2024-11-26T14:20:00.000,599.35,599.65,599.24,599.3,397468,4846,599.26
2024-11-26T14:25:00.000,599.33,599.7298,599.23,599.6801,339436,4057,599.27
2024-11-26T14:30:00.000,599.69,600.06,599.5,600.03,275421,3825,599.28
2024-11-26T14:35:00.000,600.025,600.11,599.78,600.01,503438,3138,599.29
2024-11-26T14:40:00.000,600.0,600.215,599.841,599.975,424575,4042,599.3
2024-11-26T14:45:00.000,599.98,600.14,599.85,600.1,356550,3213,599.31
2024-11-26T14:50:00.000,600.095,600.17,599.96,599.99,277082,3149,599.32
2024-11-26T14:55:00.000,599.98,600.1,599.9399,600.03,359101,2910,599.33
2024-11-26T15:00:00.000,600.02,600.23,599.93,600.22,508636,3191,599.34
2024-11-26T15:05:00.000,600.23,600.35,600.17,600.275,306491,3467,599.36
2024-11-26T15:10:00.000,600.275,600.44,600.2,600.32,385012,4513,599.38
2024-11-26T15:15:00.000,600.315,600.45,600.2632,600.31,415036,4702,599.4
2024-11-26T15:20:00.000,600.32,600.36,600.16,600.355,374997,3990,599.42
2024-11-26T15:25:00.000,600.35,600.45,600.28,600.3715,437946,4702,599.44
2024-11-26T15:30:00.000,600.37,600.56,600.26,600.41,579219,5140,599.46
2024-11-26T15:35:00.000,600.41,600.47,600.3164,600.445,454743,4613,599.48
2024-11-26T15:40:00.000,600.44,600.75,600.3501,600.68,1227129,6724,599.53
2024-11-26T15:45:00.000,600.67,601.19,600.67,601.15,1753158,9865,599.62
2024-11-26T15:50:00.000,601.14,601.33,600.78,600.98,2227409,15074,599.74
2024-11-26T15:55:00.000,600.99,601.18,600.72,600.74,4527014,24674,599.92
2024-11-26T16:00:00.000,600.73,600.73,600.73,600.73,105,1,599.92
2024-11-27T09:30:00.000,600.46,600.85,599.94,600.63,963494,9947,600.45
2024-11-27T09:35:00.000,600.63,600.63,600.0,600.245,542684,6463,600.38
2024-11-27T09:40:00.000,600.24,600.69,600.15,600.57,341290,4982,600.4
2024-11-27T09:45:00.000,600.58,600.8494,600.42,600.56,306496,5215,600.43
2024-11-27T09:50:00.000,600.55,600.56,600.07,600.125,401474,6031,600.41
2024-11-27T09:55:00.000,600.12,600.44,600.08,600.44,250489,5041,600.4
2024-11-27T10:00:00.000,600.42,600.42,599.89,600.16,370139,5781,600.37
2024-11-27T10:05:00.000,600.17,600.3965,600.05,600.13,227862,5068,600.36
2024-11-27T10:10:00.000,600.13,600.27,599.77,599.825,591753,9045,600.31
2024-11-27T10:15:00.000,599.82,599.98,599.61,599.91,721505,7574,600.22
2024-11-27T10:20:00.000,599.9,599.92,599.59,599.7,296573,4941,600.19
2024-11-27T10:25:00.000,599.7,599.785,599.23,599.35,446729,6046,600.13
2024-11-27T10:30:00.000,599.37,599.565,599.24,599.25,317816,5117,600.09
2024-11-27T10:35:00.000,599.28,599.4,598.55,598.6803,517386,6950,599.99
2024-11-27T10:40:00.000,598.69,599.59,598.64,599.55,419698,6425,599.94
2024-11-27T10:45:00.000,599.55,599.59,599.08,599.08,376218,4886,599.9
2024-11-27T10:50:00.000,599.08,599.21,598.79,599.0799,540970,5014,599.85
2024-11-27T10:55:00.000,599.08,599.2,598.71,598.86,319885,4704,599.82
2024-11-27T11:00:00.000,598.86,598.89,598.25,598.48,603600,5894,599.74
2024-11-27T11:05:00.000,598.4637,598.9,598.4,598.85,262886,4292,599.71
2024-11-27T11:10:00.000,598.845,598.845,598.33,598.57,216425,4125,599.68
2024-11-27T11:15:00.000,598.56,598.67,598.35,598.4999,297843,4104,599.65
2024-11-27T11:20:00.000,598.52,598.7297,598.43,598.49,235576,3699,599.62
2024-11-27T11:25:00.000,598.49,598.64,598.32,598.4599,199470,3187,599.6
2024-11-27T11:30:00.000,598.43,598.71,598.27,598.645,229273,3433,599.57
2024-11-27T11:35:00.000,598.645,599.1,598.645,599.03,338684,4570,599.55
2024-11-27T11:40:00.000,599.02,599.15,598.42,598.445,219771,3773,599.53
2024-11-27T11:45:00.000,598.435,598.6,598.04,598.15,298477,3890,599.5
2024-11-27T11:50:00.000,598.14,598.3299,598.01,598.13,247170,3587,599.47
2024-11-27T11:55:00.000,598.13,598.34,598.035,598.15,236319,3469,599.44
2024-11-27T12:00:00.000,598.14,598.2,597.68,597.8299,311826,4956,599.4
2024-11-27T12:05:00.000,597.82,598.03,597.28,597.5499,1588477,5232,599.33
2024-11-27T12:10:00.000,597.55,598.06,597.54,597.97,1113543,4146,599.3
2024-11-27T12:15:00.000,597.9451,598.04,597.75,598.0,233405,3121,599.28
2024-11-27T12:20:00.000,598.0,598.23,597.88,597.9,271499,3793,599.25
2024-11-27T12:25:00.000,597.894,598.29,597.89,598.22,359794,3331,599.23
2024-11-27T12:30:00.000,598.22,598.27,597.77,597.98,231305,3005,599.21
2024-11-27T12:35:00.000,597.97,598.1288,597.81,597.99,208534,2319,599.19
2024-11-27T12:40:00.000,597.97,598.1055,597.91,597.99,99264,1890,599.18
2024-11-27T12:45:00.000,597.98,598.1899,597.845,598.1275,136822,2701,599.17
2024-11-27T12:50:00.000,598.1207,598.46,598.12,598.265,285523,4075,599.15
2024-11-27T12:55:00.000,598.25,598.43,598.1101,598.375,158474,2584,599.14
2024-11-27T13:00:00.000,598.375,598.4,598.18,598.31,170844,2227,599.13
2024-11-27T13:05:00.000,598.31,598.47,598.26,598.4599,136027,2409,599.12
2024-11-27T13:10:00.000,598.45,598.73,598.43,598.72,255557,3407,599.11
2024-11-27T13:15:00.000,598.76,598.855,598.5692,598.82,171114,2727,599.11
2024-11-27T13:20:00.000,598.826,598.86,598.55,598.615,252951,2038,599.1
2024-11-27T13:25:00.000,598.62,598.74,598.367,598.4778,178930,2554,599.09
2024-11-27T13:30:00.000,598.46,598.78,598.36,598.745,150862,3056,599.09
2024-11-27T13:35:00.000,598.74,599.04,598.74,598.92,521476,3912,599.08
2024-11-27T13:40:00.000,598.9101,599.0,598.71,598.849,424179,2679,599.08
2024-11-27T13:45:00.000,598.8401,598.96,598.63,598.75,165444,2464,599.07
2024-11-27T13:50:00.000,598.74,599.04,598.71,598.99,139842,2252,599.07
2024-11-27T13:55:00.000,598.98,599.12,598.89,598.9294,157044,2462,599.07
2024-11-27T14:00:00.000,598.94,599.08,598.82,598.98,176745,2537,599.07
2024-11-27T14:05:00.000,599.0,599.05,598.91,598.96,109279,2010,599.07
2024-11-27T14:10:00.000,598.97,599.1,598.86,599.08,193329,2612,599.07
2024-11-27T14:15:00.000,599.08,599.1099,598.85,598.9,179162,2452,599.07
2024-11-27T14:20:00.000,598.91,599.0,598.721,598.9973,253730,2669,599.07
2024-11-27T14:25:00.000,598.9999,599.05,598.655,598.71,421868,2622,599.07
2024-11-27T14:30:00.000,598.71,598.7901,598.6501,598.7,109622,2008,599.06
2024-11-27T14:35:00.000,598.69,598.81,598.42,598.71,257562,3123,599.06
2024-11-27T14:40:00.000,598.7199,599.04,598.7001,598.94,196497,2335,599.06
2024-11-27T14:45:00.000,598.95,599.1,598.8401,599.0,252987,2673,599.05
2024-11-27T14:50:00.000,598.99,599.07,598.84,598.91,214932,2385,599.05
2024-11-27T14:55:00.000,598.89,598.93,598.7,598.7099,110662,1985,599.05
2024-11-27T15:00:00.000,598.71,598.915,598.6,598.855,1026571,2507,599.05
2024-11-27T15:05:00.000,598.86,598.99,598.81,598.9151,288182,2357,599.05
2024-11-27T15:10:00.000,598.91,598.94,598.63,598.69,176420,2285,599.05
2024-11-27T15:15:00.000,598.68,598.83,598.55,598.57,232751,2740,599.04
2024-11-27T15:20:00.000,598.56,598.66,598.371,598.4701,438533,3837,599.03
2024-11-27T15:25:00.000,598.47,598.62,598.31,598.55,318478,3784,599.02
2024-11-27T15:30:00.000,598.545,598.605,598.325,598.51,260495,3668,599.01
2024-11-27T15:35:00.000,598.51,598.56,598.4,598.455,336482,3051,599.01
2024-11-27T15:40:00.000,598.45,598.45,597.94,598.4,536116,5506,598.99
2024-11-27T15:45:00.000,598.39,598.91,598.35,598.82,583296,5567,598.98
2024-11-27T15:50:00.000,598.82,598.98,598.49,598.6198,999240,8180,598.97
2024-11-27T15:55:00.000,598.62,598.79,598.48,598.79,1669790,13277,598.95
2024-11-27T16:00:00.000,0.0,0.0,0.0,0.0,71,1,598.95
2024-11-28T09:30:00.000,0.0,0.0,0.0,0.0,0,0,0.0
2024-11-28T09:35:00.000,0.0,0.0,0.0,0.0,0,0,0.0
2024-11-28T09:40:00.000,0.0,0.0,0.0,0.0,0,0,0.0
2024-11-28T09:45:00.000,0.0,0.0,0.0,0.0,0,0,0.0
2024-11-28T09:50:00.000,0.0,0.0,0.0,0.0,0,0,0.0
2024-11-28T09:55:00.000,0.0,0.0,0.0,0.0,0,0,0.0
2024-11-28T10:00:00.000,0.0,0.0,0.0,0.0,0,0,0.0
2024-11-28T10:05:00.000,0.0,0.0,0.0,0.0,0,0,0.0
2024-11-28T10:10:00.000,0.0,0.0,0.0,0.0,0,0,0.0
2024-11-28T10:15:00.000,0.0,0.0,0.0,0.0,0,0,0.0
2024-11-28T10:20:00.000,0.0,0.0,0.0,0.0,0,0,0.0
2024-11-28T10:25:00.000,0.0,0.0,0.0,0.0,0,0,0.0
2024-11-28T10:30:00.000,0.0,0.0,0.0,0.0,0,0,0.0
2024-11-28T10:35:00.000,0.0,0.0,0.0,0.0,0,0,0.0
2024-11-28T10:40:00.000,0.0,0.0,0.0,0.0,0,0,0.0
2024-11-28T10:45:00.000,0.0,0.0,0.0,0.0,0,0,0.0
2024-11-28T10:50:00.000,0.0,0.0,0.0,0.0,0,0,0.0
2024-11-28T10:55:00.000,0.0,0.0,0.0,0.0,0,0,0.0
2024-11-28T11:00:00.000,0.0,0.0,0.0,0.0,0,0,0.0
2024-11-28T11:05:00.000,0.0,0.0,0.0,0.0,0,0,0.0
2024-11-28T11:10:00.000,0.0,0.0,0.0,0.0,0,0,0.0
2024-11-28T11:15:00.000,0.0,0.0,0.0,0.0,0,0,0.0
2024-11-28T11:20:00.000,0.0,0.0,0.0,0.0,0,0,0.0
2024-11-28T11:25:00.000,0.0,0.0,0.0,0.0,0,0,0.0
2024-11-28T11:30:00.000,0.0,0.0,0.0,0.0,0,0,0.0
2024-11-28T11:35:00.000,0.0,0.0,0.0,0.0,0,0,0.0
2024-11-28T11:40:00.000,0.0,0.0,0.0,0.0,0,0,0.0
2024-11-28T11:45:00.000,0.0,0.0,0.0,0.0,0,0,0.0
2024-11-28T11:50:00.000,0.0,0.0,0.0,0.0,0,0,0.0
2024-11-28T11:55:00.000,0.0,0.0,0.0,0.0,0,0,0.0
2024-11-28T12:00:00.000,0.0,0.0,0.0,0.0,0,0,0.0
2024-11-28T12:05:00.000,0.0,0.0,0.0,0.0,0,0,0.0
2024-11-28T12:10:00.000,0.0,0.0,0.0,0.0,0,0,0.0
2024-11-28T12:15:00.000,0.0,0.0,0.0,0.0,0,0,0.0
2024-11-28T12:20:00.000,0.0,0.0,0.0,0.0,0,0,0.0
2024-11-28T12:25:00.000,0.0,0.0,0.0,0.0,0,0,0.0
2024-11-28T12:30:00.000,0.0,0.0,0.0,0.0,0,0,0.0
2024-11-28T12:35:00.000,0.0,0.0,0.0,0.0,0,0,0.0
2024-11-28T12:40:00.000,0.0,0.0,0.0,0.0,0,0,0.0
2024-11-28T12:45:00.000,0.0,0.0,0.0,0.0,0,0,0.0
2024-11-28T12:50:00.000,0.0,0.0,0.0,0.0,0,0,0.0
2024-11-28T12:55:00.000,0.0,0.0,0.0,0.0,0,0,0.0
2024-11-28T13:00:00.000,0.0,0.0,0.0,0.0,0,0,0.0
2024-11-28T13:05:00.000,0.0,0.0,0.0,0.0,0,0,0.0
2024-11-28T13:10:00.000,0.0,0.0,0.0,0.0,0,0,0.0
2024-11-28T13:15:00.000,0.0,0.0,0.0,0.0,0,0,0.0
2024-11-28T13:20:00.000,0.0,0.0,0.0,0.0,0,0,0.0
2024-11-28T13:25:00.000,0.0,0.0,0.0,0.0,0,0,0.0
2024-11-28T13:30:00.000,0.0,0.0,0.0,0.0,0,0,0.0
2024-11-28T13:35:00.000,0.0,0.0,0.0,0.0,0,0,0.0
2024-11-28T13:40:00.000,0.0,0.0,0.0,0.0,0,0,0.0
2024-11-28T13:45:00.000,0.0,0.0,0.0,0.0,0,0,0.0
2024-11-28T13:50:00.000,0.0,0.0,0.0,0.0,0,0,0.0
2024-11-28T13:55:00.000,0.0,0.0,0.0,0.0,0,0,0.0
2024-11-28T14:00:00.000,0.0,0.0,0.0,0.0,0,0,0.0
2024-11-28T14:05:00.000,0.0,0.0,0.0,0.0,0,0,0.0
2024-11-28T14:10:00.000,0.0,0.0,0.0,0.0,0,0,0.0
2024-11-28T14:15:00.000,0.0,0.0,0.0,0.0,0,0,0.0
2024-11-28T14:20:00.000,0.0,0.0,0.0,0.0,0,0,0.0
2024-11-28T14:25:00.000,0.0,0.0,0.0,0.0,0,0,0.0
2024-11-28T14:30:00.000,0.0,0.0,0.0,0.0,0,0,0.0
2024-11-28T14:35:00.000,0.0,0.0,0.0,0.0,0,0,0.0
2024-11-28T14:40:00.000,0.0,0.0,0.0,0.0,0,0,0.0
2024-11-28T14:45:00.000,0.0,0.0,0.0,0.0,0,0,0.0
2024-11-28T14:50:00.000,0.0,0.0,0.0,0.0,0,0,0.0
2024-11-28T14:55:00.000,0.0,0.0,0.0,0.0,0,0,0.0
2024-11-28T15:00:00.000,0.0,0.0,0.0,0.0,0,0,0.0
2024-11-28T15:05:00.000,0.0,0.0,0.0,0.0,0,0,0.0
2024-11-28T15:10:00.000,0.0,0.0,0.0,0.0,0,0,0.0
2024-11-28T15:15:00.000,0.0,0.0,0.0,0.0,0,0,0.0
2024-11-28T15:20:00.000,0.0,0.0,0.0,0.0,0,0,0.0
2024-11-28T15:25:00.000,0.0,0.0,0.0,0.0,0,0,0.0
2024-11-28T15:30:00.000,0.0,0.0,0.0,0.0,0,0,0.0
2024-11-28T15:35:00.000,0.0,0.0,0.0,0.0,0,0,0.0
2024-11-28T15:40:00.000,0.0,0.0,0.0,0.0,0,0,0.0
2024-11-28T15:45:00.000,0.0,0.0,0.0,0.0,0,0,0.0
2024-11-28T15:50:00.000,0.0,0.0,0.0,0.0,0,0,0.0
2024-11-28T15:55:00.000,0.0,0.0,0.0,0.0,0,0,0.0
2024-11-28T16:00:00.000,0.0,0.0,0.0,0.0,0,0,0.0
2024-11-29T09:30:00.000,599.66,600.1,599.3805,599.92,831690,12603,599.7
2024-11-29T09:35:00.000,599.93,600.34,599.79,600.3013,407897,5898,599.8
2024-11-29T09:40:00.000,600.3,600.33,600.0,600.31,289017,4877,599.87
2024-11-29T09:45:00.000,600.31,600.53,600.07,600.21,496711,6098,599.98
2024-11-29T09:50:00.000,600.1925,600.56,600.1925,600.56,318963,4437,600.04
2024-11-29T09:55:00.000,600.56,600.7199,600.19,600.71,345373,4930,600.11
2024-11-29T10:00:00.000,600.71,601.0599,600.695,600.99,528403,5960,600.24
2024-11-29T10:05:00.000,600.99,601.41,600.99,601.25,448442,5446,600.36
2024-11-29T10:10:00.000,601.24,601.6499,601.23,601.585,348604,4829,600.45
2024-11-29T10:15:00.000,601.5899,601.74,601.47,601.57,329033,4687,600.54
2024-11-29T10:20:00.000,601.57,601.61,601.27,601.4702,312886,4548,600.6
2024-11-29T10:25:00.000,601.475,601.53,601.21,601.4175,165696,3239,600.62
2024-11-29T10:30:00.000,601.42,601.66,601.42,601.65,249283,4726,600.67
2024-11-29T10:35:00.000,601.66,601.88,601.45,601.7795,250584,4643,600.71
2024-11-29T10:40:00.000,601.76,601.89,601.62,601.63,365234,5794,600.78
2024-11-29T10:45:00.000,601.64,601.7,601.42,601.499,440245,10318,600.83
2024-11-29T10:50:00.000,601.49,601.68,601.41,601.65,126519,2759,600.85
2024-11-29T10:55:00.000,601.66,601.84,601.63,601.81,171524,2590,600.87
2024-11-29T11:00:00.000,601.81,602.04,601.81,601.9,291037,3973,600.92
2024-11-29T11:05:00.000,601.89,602.16,601.8,602.06,204526,3315,600.94
2024-11-29T11:10:00.000,602.07,602.22,601.96,602.2001,208402,3249,600.98
2024-11-29T11:15:00.000,602.215,602.3897,602.09,602.11,372324,4296,601.04
2024-11-29T11:20:00.000,602.12,602.37,602.1149,602.345,278936,3144,601.09
2024-11-29T11:25:00.000,602.34,602.38,602.22,602.33,280973,3067,601.13
2024-11-29T11:30:00.000,602.325,602.39,602.2,602.21,244822,2926,601.17
2024-11-29T11:35:00.000,602.202,602.26,602.06,602.1999,175539,2831,601.19
2024-11-29T11:40:00.000,602.1999,602.44,602.1999,602.4399,207476,3019,601.21
2024-11-29T11:45:00.000,602.435,602.7,602.43,602.6301,334951,2980,601.24
2024-11-29T11:50:00.000,602.6408,602.89,602.6099,602.84,423000,3540,601.29
2024-11-29T11:55:00.000,602.83,602.83,602.625,602.69,315163,3061,601.33
2024-11-29T12:00:00.000,602.7,602.83,602.59,602.83,175440,2590,601.36
2024-11-29T12:05:00.000,602.83,603.1895,602.78,603.0601,430866,4213,601.43
2024-11-29T12:10:00.000,603.06,603.06,602.86,602.97,460519,3800,601.48
2024-11-29T12:15:00.000,602.97,603.26,602.905,603.21,714699,3674,601.53
2024-11-29T12:20:00.000,603.205,603.205,602.75,602.805,714082,5358,601.61
2024-11-29T12:25:00.000,602.8,603.03,602.75,602.83,646336,3935,601.66
2024-11-29T12:30:00.000,602.83,603.24,602.82,603.23,726658,5456,601.75
2024-11-29T12:35:00.000,603.24,603.35,603.12,603.195,685732,4579,601.82
2024-11-29T12:40:00.000,603.2,603.24,603.03,603.16,573332,4705,601.88
2024-11-29T12:45:00.000,603.16,603.24,603.07,603.205,546120,5189,601.93
2024-11-29T12:50:00.000,603.2,603.33,602.78,602.9301,1499586,9796,602.03
2024-11-29T12:55:00.000,602.93,602.935,602.3,602.45,3857365,18953,602.13
2024-11-29T13:00:00.000,602.46,602.55,602.45,602.55,2781481,1524,602.17
2024-11-29T13:05:00.000,0.0,0.0,0.0,0.0,1936241,761,602.17
2024-11-29T13:10:00.000,0.0,0.0,0.0,0.0,2529226,859,602.17
2024-11-29T13:15:00.000,0.0,0.0,0.0,0.0,437943,424,602.17
2024-11-29T13:20:00.000,0.0,0.0,0.0,0.0,460222,508,602.17
2024-11-29T13:25:00.000,0.0,0.0,0.0,0.0,99743,456,602.17
2024-11-29T13:30:00.000,0.0,0.0,0.0,0.0,13915,255,602.17
2024-11-29T13:35:00.000,0.0,0.0,0.0,0.0,187661,302,602.17
2024-11-29T13:40:00.000,0.0,0.0,0.0,0.0,14171,237,602.17
2024-11-29T13:45:00.000,0.0,0.0,0.0,0.0,53345,169,602.17
2024-11-29T13:50:00.000,0.0,0.0,0.0,0.0,24700,260,602.17
2024-11-29T13:55:00.000,0.0,0.0,0.0,0.0,3702,162,602.17
2024-11-29T14:00:00.000,0.0,0.0,0.0,0.0,4404,151,602.17
2024-11-29T14:05:00.000,0.0,0.0,0.0,0.0,9427,201,602.17
2024-11-29T14:10:00.000,0.0,0.0,0.0,0.0,3149,144,602.17
2024-11-29T14:15:00.000,0.0,0.0,0.0,0.0,8146,172,602.17
2024-11-29T14:20:00.000,0.0,0.0,0.0,0.0,11580,192,602.17
2024-11-29T14:25:00.000,0.0,0.0,0.0,0.0,3990,201,602.17
2024-11-29T14:30:00.000,0.0,0.0,0.0,0.0,9580,246,602.17
2024-11-29T14:35:00.000,0.0,0.0,0.0,0.0,27284,261,602.17
2024-11-29T14:40:00.000,0.0,0.0,0.0,0.0,9003,158,602.17
2024-11-29T14:45:00.000,0.0,0.0,0.0,0.0,41275,260,602.17
2024-11-29T14:50:00.000,0.0,0.0,0.0,0.0,2598,223,602.17
2024-11-29T14:55:00.000,0.0,0.0,0.0,0.0,1449,212,602.17
2024-11-29T15:00:00.000,0.0,0.0,0.0,0.0,4478,161,602.17
2024-11-29T15:05:00.000,0.0,0.0,0.0,0.0,1202,190,602.17
2024-11-29T15:10:00.000,0.0,0.0,0.0,0.0,2873,254,602.17
2024-11-29T15:15:00.000,0.0,0.0,0.0,0.0,1230,206,602.17
2024-11-29T15:20:00.000,0.0,0.0,0.0,0.0,2784,264,602.17
2024-11-29T15:25:00.000,0.0,0.0,0.0,0.0,2764,208,602.17
2024-11-29T15:30:00.000,0.0,0.0,0.0,0.0,19650,301,602.17
2024-11-29T15:35:00.000,0.0,0.0,0.0,0.0,2692,208,602.17
2024-11-29T15:40:00.000,0.0,0.0,0.0,0.0,1944,179,602.17
2024-11-29T15:45:00.000,0.0,0.0,0.0,0.0,9239,384,602.17
2024-11-29T15:50:00.000,0.0,0.0,0.0,0.0,3580,351,602.17
2024-11-29T15:55:00.000,0.0,0.0,0.0,0.0,18915,909,602.17
2024-11-29T16:00:00.000,0.0,0.0,0.0,0.0,0,0,602.17
2024-11-30T09:30:00.000,0.0,0.0,0.0,0.0,0,0,0.0
2024-11-30T09:35:00.000,0.0,0.0,0.0,0.0,0,0,0.0
2024-11-30T09:40:00.000,0.0,0.0,0.0,0.0,0,0,0.0
2024-11-30T09:45:00.000,0.0,0.0,0.0,0.0,0,0,0.0
2024-11-30T09:50:00.000,0.0,0.0,0.0,0.0,0,0,0.0
2024-11-30T09:55:00.000,0.0,0.0,0.0,0.0,0,0,0.0
2024-11-30T10:00:00.000,0.0,0.0,0.0,0.0,0,0,0.0
2024-11-30T10:05:00.000,0.0,0.0,0.0,0.0,0,0,0.0
2024-11-30T10:10:00.000,0.0,0.0,0.0,0.0,0,0,0.0
2024-11-30T10:15:00.000,0.0,0.0,0.0,0.0,0,0,0.0
2024-11-30T10:20:00.000,0.0,0.0,0.0,0.0,0,0,0.0
2024-11-30T10:25:00.000,0.0,0.0,0.0,0.0,0,0,0.0
2024-11-30T10:30:00.000,0.0,0.0,0.0,0.0,0,0,0.0
2024-11-30T10:35:00.000,0.0,0.0,0.0,0.0,0,0,0.0
2024-11-30T10:40:00.000,0.0,0.0,0.0,0.0,0,0,0.0
2024-11-30T10:45:00.000,0.0,0.0,0.0,0.0,0,0,0.0
2024-11-30T10:50:00.000,0.0,0.0,0.0,0.0,0,0,0.0
2024-11-30T10:55:00.000,0.0,0.0,0.0,0.0,0,0,0.0
2024-11-30T11:00:00.000,0.0,0.0,0.0,0.0,0,0,0.0
2024-11-30T11:05:00.000,0.0,0.0,0.0,0.0,0,0,0.0
2024-11-30T11:10:00.000,0.0,0.0,0.0,0.0,0,0,0.0
2024-11-30T11:15:00.000,0.0,0.0,0.0,0.0,0,0,0.0
2024-11-30T11:20:00.000,0.0,0.0,0.0,0.0,0,0,0.0
2024-11-30T11:25:00.000,0.0,0.0,0.0,0.0,0,0,0.0
2024-11-30T11:30:00.000,0.0,0.0,0.0,0.0,0,0,0.0
2024-11-30T11:35:00.000,0.0,0.0,0.0,0.0,0,0,0.0
2024-11-30T11:40:00.000,0.0,0.0,0.0,0.0,0,0,0.0
2024-11-30T11:45:00.000,0.0,0.0,0.0,0.0,0,0,0.0
2024-11-30T11:50:00.000,0.0,0.0,0.0,0.0,0,0,0.0
2024-11-30T11:55:00.000,0.0,0.0,0.0,0.0,0,0,0.0
2024-11-30T12:00:00.000,0.0,0.0,0.0,0.0,0,0,0.0
2024-11-30T12:05:00.000,0.0,0.0,0.0,0.0,0,0,0.0
2024-11-30T12:10:00.000,0.0,0.0,0.0,0.0,0,0,0.0
2024-11-30T12:15:00.000,0.0,0.0,0.0,0.0,0,0,0.0
2024-11-30T12:20:00.000,0.0,0.0,0.0,0.0,0,0,0.0
2024-11-30T12:25:00.000,0.0,0.0,0.0,0.0,0,0,0.0
2024-11-30T12:30:00.000,0.0,0.0,0.0,0.0,0,0,0.0
2024-11-30T12:35:00.000,0.0,0.0,0.0,0.0,0,0,0.0
2024-11-30T12:40:00.000,0.0,0.0,0.0,0.0,0,0,0.0
2024-11-30T12:45:00.000,0.0,0.0,0.0,0.0,0,0,0.0
2024-11-30T12:50:00.000,0.0,0.0,0.0,0.0,0,0,0.0
2024-11-30T12:55:00.000,0.0,0.0,0.0,0.0,0,0,0.0
2024-11-30T13:00:00.000,0.0,0.0,0.0,0.0,0,0,0.0
2024-11-30T13:05:00.000,0.0,0.0,0.0,0.0,0,0,0.0
2024-11-30T13:10:00.000,0.0,0.0,0.0,0.0,0,0,0.0
2024-11-30T13:15:00.000,0.0,0.0,0.0,0.0,0,0,0.0
2024-11-30T13:20:00.000,0.0,0.0,0.0,0.0,0,0,0.0
2024-11-30T13:25:00.000,0.0,0.0,0.0,0.0,0,0,0.0
2024-11-30T13:30:00.000,0.0,0.0,0.0,0.0,0,0,0.0
2024-11-30T13:35:00.000,0.0,0.0,0.0,0.0,0,0,0.0
2024-11-30T13:40:00.000,0.0,0.0,0.0,0.0,0,0,0.0
2024-11-30T13:45:00.000,0.0,0.0,0.0,0.0,0,0,0.0
2024-11-30T13:50:00.000,0.0,0.0,0.0,0.0,0,0,0.0
2024-11-30T13:55:00.000,0.0,0.0,0.0,0.0,0,0,0.0
2024-11-30T14:00:00.000,0.0,0.0,0.0,0.0,0,0,0.0
2024-11-30T14:05:00.000,0.0,0.0,0.0,0.0,0,0,0.0
2024-11-30T14:10:00.000,0.0,0.0,0.0,0.0,0,0,0.0
2024-11-30T14:15:00.000,0.0,0.0,0.0,0.0,0,0,0.0
2024-11-30T14:20:00.000,0.0,0.0,0.0,0.0,0,0,0.0
2024-11-30T14:25:00.000,0.0,0.0,0.0,0.0,0,0,0.0
2024-11-30T14:30:00.000,0.0,0.0,0.0,0.0,0,0,0.0
2024-11-30T14:35:00.000,0.0,0.0,0.0,0.0,0,0,0.0
2024-11-30T14:40:00.000,0.0,0.0,0.0,0.0,0,0,0.0
2024-11-30T14:45:00.000,0.0,0.0,0.0,0.0,0,0,0.0
2024-11-30T14:50:00.000,0.0,0.0,0.0,0.0,0,0,0.0
2024-11-30T14:55:00.000,0.0,0.0,0.0,0.0,0,0,0.0
2024-11-30T15:00:00.000,0.0,0.0,0.0,0.0,0,0,0.0
2024-11-30T15:05:00.000,0.0,0.0,0.0,0.0,0,0,0.0
2024-11-30T15:10:00.000,0.0,0.0,0.0,0.0,0,0,0.0
2024-11-30T15:15:00.000,0.0,0.0,0.0,0.0,0,0,0.0
2024-11-30T15:20:00.000,0.0,0.0,0.0,0.0,0,0,0.0
2024-11-30T15:25:00.000,0.0,0.0,0.0,0.0,0,0,0.0
2024-11-30T15:30:00.000,0.0,0.0,0.0,0.0,0,0,0.0
2024-11-30T15:35:00.000,0.0,0.0,0.0,0.0,0,0,0.0
2024-11-30T15:40:00.000,0.0,0.0,0.0,0.0,0,0,0.0
2024-11-30T15:45:00.000,0.0,0.0,0.0,0.0,0,0,0.0
2024-11-30T15:50:00.000,0.0,0.0,0.0,0.0,0,0,0.0
2024-11-30T15:55:00.000,0.0,0.0,0.0,0.0,0,0,0.0
2024-11-30T16:00:00.000,0.0,0.0,0.0,0.0,0,0,0.0
