timestamp,open,high,low,close,volume,count,vwap
2025-01-01T09:30:00.000,0.0,0.0,0.0,0.0,0,0,0.0
2025-01-01T09:35:00.000,0.0,0.0,0.0,0.0,0,0,0.0
2025-01-01T09:40:00.000,0.0,0.0,0.0,0.0,0,0,0.0
2025-01-01T09:45:00.000,0.0,0.0,0.0,0.0,0,0,0.0
2025-01-01T09:50:00.000,0.0,0.0,0.0,0.0,0,0,0.0
2025-01-01T09:55:00.000,0.0,0.0,0.0,0.0,0,0,0.0
2025-01-01T10:00:00.000,0.0,0.0,0.0,0.0,0,0,0.0
2025-01-01T10:05:00.000,0.0,0.0,0.0,0.0,0,0,0.0
2025-01-01T10:10:00.000,0.0,0.0,0.0,0.0,0,0,0.0
2025-01-01T10:15:00.000,0.0,0.0,0.0,0.0,0,0,0.0
2025-01-01T10:20:00.000,0.0,0.0,0.0,0.0,0,0,0.0
2025-01-01T10:25:00.000,0.0,0.0,0.0,0.0,0,0,0.0
2025-01-01T10:30:00.000,0.0,0.0,0.0,0.0,0,0,0.0
2025-01-01T10:35:00.000,0.0,0.0,0.0,0.0,0,0,0.0
2025-01-01T10:40:00.000,0.0,0.0,0.0,0.0,0,0,0.0
2025-01-01T10:45:00.000,0.0,0.0,0.0,0.0,0,0,0.0
2025-01-01T10:50:00.000,0.0,0.0,0.0,0.0,0,0,0.0
2025-01-01T10:55:00.000,0.0,0.0,0.0,0.0,0,0,0.0
2025-01-01T11:00:00.000,0.0,0.0,0.0,0.0,0,0,0.0
2025-01-01T11:05:00.000,0.0,0.0,0.0,0.0,0,0,0.0
2025-01-01T11:10:00.000,0.0,0.0,0.0,0.0,0,0,0.0
2025-01-01T11:15:00.000,0.0,0.0,0.0,0.0,0,0,0.0
2025-01-01T11:20:00.000,0.0,0.0,0.0,0.0,0,0,0.0
2025-01-01T11:25:00.000,0.0,0.0,0.0,0.0,0,0,0.0
2025-01-01T11:30:00.000,0.0,0.0,0.0,0.0,0,0,0.0
2025-01-01T11:35:00.000,0.0,0.0,0.0,0.0,0,0,0.0
2025-01-01T11:40:00.000,0.0,0.0,0.0,0.0,0,0,0.0
2025-01-01T11:45:00.000,0.0,0.0,0.0,0.0,0,0,0.0
2025-01-01T11:50:00.000,0.0,0.0,0.0,0.0,0,0,0.0
2025-01-01T11:55:00.000,0.0,0.0,0.0,0.0,0,0,0.0
2025-01-01T12:00:00.000,0.0,0.0,0.0,0.0,0,0,0.0
2025-01-01T12:05:00.000,0.0,0.0,0.0,0.0,0,0,0.0
2025-01-01T12:10:00.000,0.0,0.0,0.0,0.0,0,0,0.0
2025-01-01T12:15:00.000,0.0,0.0,0.0,0.0,0,0,0.0
2025-01-01T12:20:00.000,0.0,0.0,0.0,0.0,0,0,0.0
2025-01-01T12:25:00.000,0.0,0.0,0.0,0.0,0,0,0.0
2025-01-01T12:30:00.000,0.0,0.0,0.0,0.0,0,0,0.0
2025-01-01T12:35:00.000,0.0,0.0,0.0,0.0,0,0,0.0
2025-01-01T12:40:00.000,0.0,0.0,0.0,0.0,0,0,0.0
2025-01-01T12:45:00.000,0.0,0.0,0.0,0.0,0,0,0.0
2025-01-01T12:50:00.000,0.0,0.0,0.0,0.0,0,0,0.0
2025-01-01T12:55:00.000,0.0,0.0,0.0,0.0,0,0,0.0
2025-01-01T13:00:00.000,0.0,0.0,0.0,0.0,0,0,0.0
2025-01-01T13:05:00.000,0.0,0.0,0.0,0.0,0,0,0.0
2025-01-01T13:10:00.000,0.0,0.0,0.0,0.0,0,0,0.0
2025-01-01T13:15:00.000,0.0,0.0,0.0,0.0,0,0,0.0
2025-01-01T13:20:00.000,0.0,0.0,0.0,0.0,0,0,0.0
2025-01-01T13:25:00.000,0.0,0.0,0.0,0.0,0,0,0.0
2025-01-01T13:30:00.000,0.0,0.0,0.0,0.0,0,0,0.0
2025-01-01T13:35:00.000,0.0,0.0,0.0,0.0,0,0,0.0
2025-01-01T13:40:00.000,0.0,0.0,0.0,0.0,0,0,0.0
2025-01-01T13:45:00.000,0.0,0.0,0.0,0.0,0,0,0.0
2025-01-01T13:50:00.000,0.0,0.0,0.0,0.0,0,0,0.0
2025-01-01T13:55:00.000,0.0,0.0,0.0,0.0,0,0,0.0
2025-01-01T14:00:00.000,0.0,0.0,0.0,0.0,0,0,0.0
2025-01-01T14:05:00.000,0.0,0.0,0.0,0.0,0,0,0.0
2025-01-01T14:10:00.000,0.0,0.0,0.0,0.0,0,0,0.0
2025-01-01T14:15:00.000,0.0,0.0,0.0,0.0,0,0,0.0
2025-01-01T14:20:00.000,0.0,0.0,0.0,0.0,0,0,0.0
2025-01-01T14:25:00.000,0.0,0.0,0.0,0.0,0,0,0.0
2025-01-01T14:30:00.000,0.0,0.0,0.0,0.0,0,0,0.0
2025-01-01T14:35:00.000,0.0,0.0,0.0,0.0,0,0,0.0
2025-01-01T14:40:00.000,0.0,0.0,0.0,0.0,0,0,0.0
2025-01-01T14:45:00.000,0.0,0.0,0.0,0.0,0,0,0.0
2025-01-01T14:50:00.000,0.0,0.0,0.0,0.0,0,0,0.0
2025-01-01T14:55:00.000,0.0,0.0,0.0,0.0,0,0,0.0
2025-01-01T15:00:00.000,0.0,0.0,0.0,0.0,0,0,0.0
2025-01-01T15:05:00.000,0.0,0.0,0.0,0.0,0,0,0.0
2025-01-01T15:10:00.000,0.0,0.0,0.0,0.0,0,0,0.0
2025-01-01T15:15:00.000,0.0,0.0,0.0,0.0,0,0,0.0
2025-01-01T15:20:00.000,0.0,0.0,0.0,0.0,0,0,0.0
2025-01-01T15:25:00.000,0.0,0.0,0.0,0.0,0,0,0.0
2025-01-01T15:30:00.000,0.0,0.0,0.0,0.0,0,0,0.0
2025-01-01T15:35:00.000,0.0,0.0,0.0,0.0,0,0,0.0
2025-01-01T15:40:00.000,0.0,0.0,0.0,0.0,0,0,0.0
2025-01-01T15:45:00.000,0.0,0.0,0.0,0.0,0,0,0.0
2025-01-01T15:50:00.000,0.0,0.0,0.0,0.0,0,0,0.0
2025-01-01T15:55:00.000,0.0,0.0,0.0,0.0,0,0,0.0
2025-01-01T16:00:00.000,0.0,0.0,0.0,0.0,0,0,0.0
2025-01-02T09:30:00.000,589.39,589.65,587.81,587.83,1878635,24486,588.91
2025-01-02T09:35:00.000,587.8,587.91,586.23,586.26,944589,12905,588.31
2025-01-02T09:40:00.000,586.27,587.19,586.14,587.14,718682,9305,588.0
2025-01-02T09:45:00.000,587.15,588.58,587.0,588.54,553161,8564,587.95
2025-01-02T09:50:00.000,588.56,589.95,588.16,589.95,842248,11522,588.11
2025-01-02T09:55:00.000,589.93,590.52,589.66,590.17,774672,9940,588.37
2025-01-02T10:00:00.000,590.18,590.58,589.8,590.53,571733,9230,588.53
2025-01-02T10:05:00.000,590.54,591.13,590.02,590.49,765924,10009,588.75
2025-01-02T10:10:00.000,590.46,590.96,590.102,590.6,541481,8083,588.88
2025-01-02T10:15:00.000,590.6,590.86,589.4,589.45,633178,12979,588.99
2025-01-02T10:20:00.000,589.47,589.6,587.36,587.72,762908,14539,588.93
2025-01-02T10:25:00.000,587.72,588.49,587.3121,587.83,551300,8407,588.88
2025-01-02T10:30:00.000,587.81,588.02,586.55,587.31,465378,7798,588.8
2025-01-02T10:35:00.000,587.31,588.19,586.72,587.1701,424890,7057,588.74
2025-01-02T10:40:00.000,587.22,587.66,586.34,587.0517,368411,6471,588.68
2025-01-02T10:45:00.000,587.025,588.1099,586.4,587.98,410144,6315,588.62
2025-01-02T10:50:00.000,587.98,588.78,587.17,588.45,422521,6223,588.61
2025-01-02T10:55:00.000,588.4,588.55,587.24,587.61,261474,4304,588.6
2025-01-02T11:00:00.000,587.59,587.8,585.2,585.5866,835943,10157,588.47
2025-01-02T11:05:00.000,585.58,586.24,585.49,585.91,494280,6390,588.37
2025-01-02T11:10:00.000,585.95,586.76,585.37,586.45,462006,6205,588.28
2025-01-02T11:15:00.000,586.46,587.09,586.0642,586.981,346162,4846,588.24
2025-01-02T11:20:00.000,586.95,587.7,586.01,587.39,379663,5839,588.2
2025-01-02T11:25:00.000,587.4093,587.64,586.98,587.5301,234832,4208,588.19
2025-01-02T11:30:00.000,587.47,587.8099,587.12,587.6101,203070,4023,588.18
2025-01-02T11:35:00.000,587.64,588.35,587.52,587.94,258544,4788,588.18
2025-01-02T11:40:00.000,587.94,588.54,587.83,587.93,279635,4397,588.18
2025-01-02T11:45:00.000,587.91,588.67,587.77,588.59,228189,4151,588.17
2025-01-02T11:50:00.000,588.59,588.77,587.35,587.7014,344414,5423,588.17
2025-01-02T11:55:00.000,587.68,588.09,587.61,587.88,186433,3421,588.17
2025-01-02T12:00:00.000,587.875,588.265,587.4,588.265,230988,3883,588.16
2025-01-02T12:05:00.000,588.26,588.26,587.27,587.47,173621,3196,588.16
2025-01-02T12:10:00.000,587.47,588.67,587.44,588.31,149892,3095,588.16
2025-01-02T12:15:00.000,588.28,588.34,587.42,587.62,264420,4222,588.15
2025-01-02T12:20:00.000,587.62,587.65,586.27,586.45,428829,4909,588.13
2025-01-02T12:25:00.000,586.41,586.41,584.21,584.49,769874,9256,588.01
2025-01-02T12:30:00.000,584.47,584.4733,583.38,583.67,1113914,11543,587.78
2025-01-02T12:35:00.000,583.66,583.79,582.14,582.34,943918,10979,587.55
2025-01-02T12:40:00.000,582.3399,582.8,581.43,582.17,918420,11373,587.29
2025-01-02T12:45:00.000,582.2735,582.47,581.31,581.32,687055,7708,587.14
2025-01-02T12:50:00.000,581.3,582.75,580.94,582.2,977249,10533,586.94
2025-01-02T12:55:00.000,582.2,583.25,582.14,582.86,733644,7999,586.79
2025-01-02T13:00:00.000,582.86,582.91,581.2501,581.5,712322,9225,586.64
2025-01-02T13:05:00.000,581.59,583.09,581.46,582.65,698038,7514,586.54
2025-01-02T13:10:00.000,582.66,582.66,581.53,581.69,465865,6535,586.45
2025-01-02T13:15:00.000,581.71,581.97,581.09,581.85,588285,7079,586.34
2025-01-02T13:20:00.000,581.85,582.58,581.61,581.85,429528,6756,586.27
2025-01-02T13:25:00.000,581.85,582.38,581.51,582.36,303618,4996,586.22
2025-01-02T13:30:00.000,582.325,582.325,580.75,580.9213,634203,8734,586.12
2025-01-02T13:35:00.000,580.95,582.04,580.81,581.34,971568,7244,586.03
2025-01-02T13:40:00.000,581.32,582.38,580.885,582.32,725959,9387,585.91
2025-01-02T13:45:00.000,582.2695,582.3,580.99,581.27,465590,5974,585.83
2025-01-02T13:50:00.000,581.29,581.43,580.5,580.69,619484,6780,585.75
2025-01-02T13:55:00.000,580.685,582.0,580.685,581.9,475294,6271,585.67
2025-01-02T14:00:00.000,581.9,582.61,581.41,582.55,525800,6419,585.6
2025-01-02T14:05:00.000,582.525,583.09,581.98,582.33,501718,6015,585.55
2025-01-02T14:10:00.000,582.35,582.61,581.98,582.0899,316841,4542,585.51
2025-01-02T14:15:00.000,582.07,582.6699,581.9,582.38,327190,4484,585.48
2025-01-02T14:20:00.000,582.42,583.13,582.24,583.08,292883,4317,585.45
2025-01-02T14:25:00.000,583.06,583.505,582.91,583.28,367041,5179,585.43
2025-01-02T14:30:00.000,583.265,583.28,582.56,582.79,357752,4737,585.4
2025-01-02T14:35:00.000,582.81,582.9294,582.1,582.7,319070,4759,585.37
2025-01-02T14:40:00.000,582.66,583.2,582.64,582.82,227249,3445,585.35
2025-01-02T14:45:00.000,582.83,583.81,582.19,583.34,496210,6254,585.32
2025-01-02T14:50:00.000,583.36,583.99,583.19,583.56,367225,4849,585.3
2025-01-02T14:55:00.000,583.57,583.57,582.02,582.1305,419802,5519,585.27
2025-01-02T15:00:00.000,582.16,583.88,582.14,583.77,408489,5591,585.24
2025-01-02T15:05:00.000,583.76,583.92,583.3711,583.78,346376,4897,585.22
2025-01-02T15:10:00.000,583.78,584.69,583.64,584.36,519577,6654,585.21
2025-01-02T15:15:00.000,584.34,584.46,583.8599,584.45,492094,6802,585.19
2025-01-02T15:20:00.000,584.47,584.81,584.12,584.52,446240,7583,585.18
2025-01-02T15:25:00.000,584.515,584.74,584.31,584.47,280098,5285,585.18
2025-01-02T15:30:00.000,584.48,585.37,584.08,584.44,830742,9229,585.17
2025-01-02T15:35:00.000,584.44,584.44,583.5502,583.855,497657,7264,585.15
2025-01-02T15:40:00.000,583.88,584.37,583.81,584.1605,468459,6537,585.14
2025-01-02T15:45:00.000,584.16,584.78,583.97,584.4601,638550,8584,585.13
2025-01-02T15:50:00.000,584.485,585.06,583.99,584.1,883754,11467,585.12
2025-01-02T15:55:00.000,584.11,584.81,583.81,584.58,2498185,18790,585.08
2025-01-02T16:00:00.000,584.57,584.57,584.57,584.57,100,1,585.08
2025-01-03T09:30:00.000,587.53,588.62,586.91,588.069,1732471,16639,587.67
2025-01-03T09:35:00.000,588.07,589.49,587.58,589.405,690113,8715,587.85
2025-01-03T09:40:00.000,589.4,589.545,589.06,589.29,643265,7768,588.16
2025-01-03T09:45:00.000,589.2808,589.46,587.52,587.88,1090121,9210,588.19
2025-01-03T09:50:00.000,587.85,588.24,586.79,587.68,721560,9329,588.09
2025-01-03T09:55:00.000,587.685,588.11,587.42,588.01,407299,5796,588.07
2025-01-03T10:00:00.000,588.02,589.16,587.441,589.0801,625494,8718,588.06
2025-01-03T10:05:00.000,589.02,589.46,588.59,589.0824,479980,8108,588.13
2025-01-03T10:10:00.000,589.09,589.34,587.68,588.16,495189,8156,588.16
2025-01-03T10:15:00.000,588.17,588.6,587.13,587.61,557139,8317,588.13
2025-01-03T10:20:00.000,587.64,588.04,586.43,587.79,623513,8459,588.05
2025-01-03T10:25:00.000,587.83,588.39,587.59,588.22,388653,10677,588.05
2025-01-03T10:30:00.000,588.24,588.59,587.55,588.54,280028,5346,588.05
2025-01-03T10:35:00.000,588.47,589.12,588.175,588.545,420211,6463,588.08
2025-01-03T10:40:00.000,588.59,589.4595,588.5,588.98,413292,5637,588.12
2025-01-03T10:45:00.000,588.97,589.34,588.63,588.99,286320,4587,588.14
2025-01-03T10:50:00.000,588.9705,589.19,588.405,588.72,209568,4001,588.15
2025-01-03T10:55:00.000,588.69,589.305,588.48,589.15,209421,3993,588.17
2025-01-03T11:00:00.000,589.18,589.85,588.96,589.55,332841,4685,588.21
2025-01-03T11:05:00.000,589.56,589.59,588.25,588.4751,403028,5695,588.23
2025-01-03T11:10:00.000,588.51,588.6599,588.12,588.5399,259631,4441,588.23
2025-01-03T11:15:00.000,588.55,588.78,588.325,588.75,182986,3669,588.24
2025-01-03T11:20:00.000,588.77,589.25,588.56,589.0,247944,4503,588.25
2025-01-03T11:25:00.000,588.97,589.65,588.95,589.63,295683,4723,588.28
2025-01-03T11:30:00.000,589.6,590.29,589.555,590.25,466186,5936,588.34
2025-01-03T11:35:00.000,590.24,590.61,589.905,590.33,313613,4849,588.39
2025-01-03T11:40:00.000,590.33,590.8,590.27,590.67,197070,4047,588.42
2025-01-03T11:45:00.000,590.65,590.86,590.52,590.77,255534,3942,588.47
2025-01-03T11:50:00.000,590.79,590.99,590.68,590.83,292043,4517,588.52
2025-01-03T11:55:00.000,590.83,590.95,590.3024,590.3861,254780,4378,588.56
2025-01-03T12:00:00.000,590.39,590.81,590.39,590.785,197594,3604,588.59
2025-01-03T12:05:00.000,590.79,591.01,590.65,590.68,267602,3890,588.63
2025-01-03T12:10:00.000,590.66,590.8401,590.26,590.31,198745,3266,588.66
2025-01-03T12:15:00.000,590.295,590.8899,590.1,590.1405,262861,4094,588.69
2025-01-03T12:20:00.000,590.18,590.51,590.04,590.5,264158,3624,588.72
2025-01-03T12:25:00.000,590.5,590.8205,590.11,590.145,243200,3771,588.75
2025-01-03T12:30:00.000,590.15,590.3854,589.9,590.3199,199939,3303,588.77
2025-01-03T12:35:00.000,590.23,590.42,590.16,590.31,116990,2355,588.78
2025-01-03T12:40:00.000,590.32,590.5,590.25,590.28,166800,3031,588.8
2025-01-03T12:45:00.000,590.305,590.49,590.09,590.45,280037,3733,588.83
2025-01-03T12:50:00.000,590.44,590.69,590.425,590.53,321462,4231,588.86
2025-01-03T12:55:00.000,590.51,590.76,590.4263,590.69,233189,3436,588.89
2025-01-03T13:00:00.000,590.69,590.77,590.2,590.47,292779,3406,588.92
2025-01-03T13:05:00.000,590.47,590.725,590.45,590.62,279595,3145,588.95
2025-01-03T13:10:00.000,590.62,590.76,590.54,590.69,200172,2380,588.97
2025-01-03T13:15:00.000,590.69,590.88,590.6101,590.88,284081,3015,589.0
2025-01-03T13:20:00.000,590.9,591.01,590.7158,590.82,363733,4060,589.05
2025-01-03T13:25:00.000,590.82,591.5,590.815,591.495,473188,4409,589.11
2025-01-03T13:30:00.000,591.5,591.7799,591.16,591.3,531278,6192,589.18
2025-01-03T13:35:00.000,591.32,591.82,591.31,591.7773,182301,3197,589.2
2025-01-03T13:40:00.000,591.77,591.8401,591.59,591.64,207689,3164,589.23
2025-01-03T13:45:00.000,591.64,591.81,591.61,591.67,175759,2557,589.25
2025-01-03T13:50:00.000,591.68,591.6801,591.38,591.59,141197,2726,589.26
2025-01-03T13:55:00.000,591.59,591.72,591.05,591.29,332841,4434,589.3
2025-01-03T14:00:00.000,591.31,591.66,591.11,591.615,252718,3068,589.33
2025-01-03T14:05:00.000,591.63,591.88,591.46,591.86,318379,3456,589.37
2025-01-03T14:10:00.000,591.85,591.98,591.67,591.89,205683,3242,589.39
2025-01-03T14:15:00.000,591.91,592.1498,591.8001,592.1001,314599,3887,589.43
2025-01-03T14:20:00.000,592.11,592.2,591.88,591.91,250281,3453,589.46
2025-01-03T14:25:00.000,591.9,592.11,591.765,592.1,249168,3314,589.49
2025-01-03T14:30:00.000,592.08,592.36,592.0,592.2924,305131,3497,589.53
2025-01-03T14:35:00.000,592.31,592.6,592.23,592.5711,284345,3342,589.57
2025-01-03T14:40:00.000,592.58,592.59,592.3301,592.38,341612,3392,589.62
2025-01-03T14:45:00.000,592.36,592.52,592.21,592.35,228932,2866,589.64
2025-01-03T14:50:00.000,592.34,592.35,591.88,592.13,453400,4642,589.69
2025-01-03T14:55:00.000,592.14,592.18,591.96,592.07,269150,3689,589.72
2025-01-03T15:00:00.000,592.04,592.04,591.43,591.56,444948,5219,589.75
2025-01-03T15:05:00.000,591.59,591.9687,591.51,591.8,320641,4155,589.78
2025-01-03T15:10:00.000,591.8,591.96,591.682,591.9199,254601,3654,589.8
2025-01-03T15:15:00.000,591.91,591.959,591.835,591.86,220506,3230,589.82
2025-01-03T15:20:00.000,591.87,591.98,591.67,591.77,263923,3732,589.84
2025-01-03T15:25:00.000,591.76,592.0,591.6701,591.93,388326,4358,589.87
2025-01-03T15:30:00.000,591.93,591.93,591.375,591.72,587017,6423,589.92
2025-01-03T15:35:00.000,591.71,591.97,591.625,591.74,465226,5192,589.95
2025-01-03T15:40:00.000,591.74,591.815,591.52,591.56,453792,5422,589.98
2025-01-03T15:45:00.000,591.56,591.69,591.05,591.35,1434103,10123,590.03
2025-01-03T15:50:00.000,591.34,591.63,591.11,591.385,1095535,10610,590.08
2025-01-03T15:55:00.000,591.39,592.21,591.36,591.87,3064693,23031,590.24
2025-01-03T16:00:00.000,591.84,591.84,591.84,591.84,238,4,590.24
2025-01-04T09:30:00.000,0.0,0.0,0.0,0.0,0,0,0.0
2025-01-04T09:35:00.000,0.0,0.0,0.0,0.0,0,0,0.0
2025-01-04T09:40:00.000,0.0,0.0,0.0,0.0,0,0,0.0
2025-01-04T09:45:00.000,0.0,0.0,0.0,0.0,0,0,0.0
2025-01-04T09:50:00.000,0.0,0.0,0.0,0.0,0,0,0.0
2025-01-04T09:55:00.000,0.0,0.0,0.0,0.0,0,0,0.0
2025-01-04T10:00:00.000,0.0,0.0,0.0,0.0,0,0,0.0
2025-01-04T10:05:00.000,0.0,0.0,0.0,0.0,0,0,0.0
2025-01-04T10:10:00.000,0.0,0.0,0.0,0.0,0,0,0.0
2025-01-04T10:15:00.000,0.0,0.0,0.0,0.0,0,0,0.0
2025-01-04T10:20:00.000,0.0,0.0,0.0,0.0,0,0,0.0
2025-01-04T10:25:00.000,0.0,0.0,0.0,0.0,0,0,0.0
2025-01-04T10:30:00.000,0.0,0.0,0.0,0.0,0,0,0.0
2025-01-04T10:35:00.000,0.0,0.0,0.0,0.0,0,0,0.0
2025-01-04T10:40:00.000,0.0,0.0,0.0,0.0,0,0,0.0
2025-01-04T10:45:00.000,0.0,0.0,0.0,0.0,0,0,0.0
2025-01-04T10:50:00.000,0.0,0.0,0.0,0.0,0,0,0.0
2025-01-04T10:55:00.000,0.0,0.0,0.0,0.0,0,0,0.0
2025-01-04T11:00:00.000,0.0,0.0,0.0,0.0,0,0,0.0
2025-01-04T11:05:00.000,0.0,0.0,0.0,0.0,0,0,0.0
2025-01-04T11:10:00.000,0.0,0.0,0.0,0.0,0,0,0.0
2025-01-04T11:15:00.000,0.0,0.0,0.0,0.0,0,0,0.0
2025-01-04T11:20:00.000,0.0,0.0,0.0,0.0,0,0,0.0
2025-01-04T11:25:00.000,0.0,0.0,0.0,0.0,0,0,0.0
2025-01-04T11:30:00.000,0.0,0.0,0.0,0.0,0,0,0.0
2025-01-04T11:35:00.000,0.0,0.0,0.0,0.0,0,0,0.0
2025-01-04T11:40:00.000,0.0,0.0,0.0,0.0,0,0,0.0
2025-01-04T11:45:00.000,0.0,0.0,0.0,0.0,0,0,0.0
2025-01-04T11:50:00.000,0.0,0.0,0.0,0.0,0,0,0.0
2025-01-04T11:55:00.000,0.0,0.0,0.0,0.0,0,0,0.0
2025-01-04T12:00:00.000,0.0,0.0,0.0,0.0,0,0,0.0
2025-01-04T12:05:00.000,0.0,0.0,0.0,0.0,0,0,0.0
2025-01-04T12:10:00.000,0.0,0.0,0.0,0.0,0,0,0.0
2025-01-04T12:15:00.000,0.0,0.0,0.0,0.0,0,0,0.0
2025-01-04T12:20:00.000,0.0,0.0,0.0,0.0,0,0,0.0
2025-01-04T12:25:00.000,0.0,0.0,0.0,0.0,0,0,0.0
2025-01-04T12:30:00.000,0.0,0.0,0.0,0.0,0,0,0.0
2025-01-04T12:35:00.000,0.0,0.0,0.0,0.0,0,0,0.0
2025-01-04T12:40:00.000,0.0,0.0,0.0,0.0,0,0,0.0
2025-01-04T12:45:00.000,0.0,0.0,0.0,0.0,0,0,0.0
2025-01-04T12:50:00.000,0.0,0.0,0.0,0.0,0,0,0.0
2025-01-04T12:55:00.000,0.0,0.0,0.0,0.0,0,0,0.0
2025-01-04T13:00:00.000,0.0,0.0,0.0,0.0,0,0,0.0
2025-01-04T13:05:00.000,0.0,0.0,0.0,0.0,0,0,0.0
2025-01-04T13:10:00.000,0.0,0.0,0.0,0.0,0,0,0.0
2025-01-04T13:15:00.000,0.0,0.0,0.0,0.0,0,0,0.0
2025-01-04T13:20:00.000,0.0,0.0,0.0,0.0,0,0,0.0
2025-01-04T13:25:00.000,0.0,0.0,0.0,0.0,0,0,0.0
2025-01-04T13:30:00.000,0.0,0.0,0.0,0.0,0,0,0.0
2025-01-04T13:35:00.000,0.0,0.0,0.0,0.0,0,0,0.0
2025-01-04T13:40:00.000,0.0,0.0,0.0,0.0,0,0,0.0
2025-01-04T13:45:00.000,0.0,0.0,0.0,0.0,0,0,0.0
2025-01-04T13:50:00.000,0.0,0.0,0.0,0.0,0,0,0.0
2025-01-04T13:55:00.000,0.0,0.0,0.0,0.0,0,0,0.0
2025-01-04T14:00:00.000,0.0,0.0,0.0,0.0,0,0,0.0
2025-01-04T14:05:00.000,0.0,0.0,0.0,0.0,0,0,0.0
2025-01-04T14:10:00.000,0.0,0.0,0.0,0.0,0,0,0.0
2025-01-04T14:15:00.000,0.0,0.0,0.0,0.0,0,0,0.0
2025-01-04T14:20:00.000,0.0,0.0,0.0,0.0,0,0,0.0
2025-01-04T14:25:00.000,0.0,0.0,0.0,0.0,0,0,0.0
2025-01-04T14:30:00.000,0.0,0.0,0.0,0.0,0,0,0.0
2025-01-04T14:35:00.000,0.0,0.0,0.0,0.0,0,0,0.0
2025-01-04T14:40:00.000,0.0,0.0,0.0,0.0,0,0,0.0
2025-01-04T14:45:00.000,0.0,0.0,0.0,0.0,0,0,0.0
2025-01-04T14:50:00.000,0.0,0.0,0.0,0.0,0,0,0.0
2025-01-04T14:55:00.000,0.0,0.0,0.0,0.0,0,0,0.0
2025-01-04T15:00:00.000,0.0,0.0,0.0,0.0,0,0,0.0
2025-01-04T15:05:00.000,0.0,0.0,0.0,0.0,0,0,0.0
2025-01-04T15:10:00.000,0.0,0.0,0.0,0.0,0,0,0.0
2025-01-04T15:15:00.000,0.0,0.0,0.0,0.0,0,0,0.0
2025-01-04T15:20:00.000,0.0,0.0,0.0,0.0,0,0,0.0
2025-01-04T15:25:00.000,0.0,0.0,0.0,0.0,0,0,0.0
2025-01-04T15:30:00.000,0.0,0.0,0.0,0.0,0,0,0.0
2025-01-04T15:35:00.000,0.0,0.0,0.0,0.0,0,0,0.0
2025-01-04T15:40:00.000,0.0,0.0,0.0,0.0,0,0,0.0
2025-01-04T15:45:00.000,0.0,0.0,0.0,0.0,0,0,0.0
2025-01-04T15:50:00.000,0.0,0.0,0.0,0.0,0,0,0.0
2025-01-04T15:55:00.000,0.0,0.0,0.0,0.0,0,0,0.0
2025-01-04T16:00:00.000,0.0,0.0,0.0,0.0,0,0,0.0
2025-01-05T09:30:00.000,0.0,0.0,0.0,0.0,0,0,0.0
2025-01-05T09:35:00.000,0.0,0.0,0.0,0.0,0,0,0.0
2025-01-05T09:40:00.000,0.0,0.0,0.0,0.0,0,0,0.0
2025-01-05T09:45:00.000,0.0,0.0,0.0,0.0,0,0,0.0
2025-01-05T09:50:00.000,0.0,0.0,0.0,0.0,0,0,0.0
2025-01-05T09:55:00.000,0.0,0.0,0.0,0.0,0,0,0.0
2025-01-05T10:00:00.000,0.0,0.0,0.0,0.0,0,0,0.0
2025-01-05T10:05:00.000,0.0,0.0,0.0,0.0,0,0,0.0
2025-01-05T10:10:00.000,0.0,0.0,0.0,0.0,0,0,0.0
2025-01-05T10:15:00.000,0.0,0.0,0.0,0.0,0,0,0.0
2025-01-05T10:20:00.000,0.0,0.0,0.0,0.0,0,0,0.0
2025-01-05T10:25:00.000,0.0,0.0,0.0,0.0,0,0,0.0
2025-01-05T10:30:00.000,0.0,0.0,0.0,0.0,0,0,0.0
2025-01-05T10:35:00.000,0.0,0.0,0.0,0.0,0,0,0.0
2025-01-05T10:40:00.000,0.0,0.0,0.0,0.0,0,0,0.0
2025-01-05T10:45:00.000,0.0,0.0,0.0,0.0,0,0,0.0
2025-01-05T10:50:00.000,0.0,0.0,0.0,0.0,0,0,0.0
2025-01-05T10:55:00.000,0.0,0.0,0.0,0.0,0,0,0.0
2025-01-05T11:00:00.000,0.0,0.0,0.0,0.0,0,0,0.0
2025-01-05T11:05:00.000,0.0,0.0,0.0,0.0,0,0,0.0
2025-01-05T11:10:00.000,0.0,0.0,0.0,0.0,0,0,0.0
2025-01-05T11:15:00.000,0.0,0.0,0.0,0.0,0,0,0.0
2025-01-05T11:20:00.000,0.0,0.0,0.0,0.0,0,0,0.0
2025-01-05T11:25:00.000,0.0,0.0,0.0,0.0,0,0,0.0
2025-01-05T11:30:00.000,0.0,0.0,0.0,0.0,0,0,0.0
2025-01-05T11:35:00.000,0.0,0.0,0.0,0.0,0,0,0.0
2025-01-05T11:40:00.000,0.0,0.0,0.0,0.0,0,0,0.0
2025-01-05T11:45:00.000,0.0,0.0,0.0,0.0,0,0,0.0
2025-01-05T11:50:00.000,0.0,0.0,0.0,0.0,0,0,0.0
2025-01-05T11:55:00.000,0.0,0.0,0.0,0.0,0,0,0.0
2025-01-05T12:00:00.000,0.0,0.0,0.0,0.0,0,0,0.0
2025-01-05T12:05:00.000,0.0,0.0,0.0,0.0,0,0,0.0
2025-01-05T12:10:00.000,0.0,0.0,0.0,0.0,0,0,0.0
2025-01-05T12:15:00.000,0.0,0.0,0.0,0.0,0,0,0.0
2025-01-05T12:20:00.000,0.0,0.0,0.0,0.0,0,0,0.0
2025-01-05T12:25:00.000,0.0,0.0,0.0,0.0,0,0,0.0
2025-01-05T12:30:00.000,0.0,0.0,0.0,0.0,0,0,0.0
2025-01-05T12:35:00.000,0.0,0.0,0.0,0.0,0,0,0.0
2025-01-05T12:40:00.000,0.0,0.0,0.0,0.0,0,0,0.0
2025-01-05T12:45:00.000,0.0,0.0,0.0,0.0,0,0,0.0
2025-01-05T12:50:00.000,0.0,0.0,0.0,0.0,0,0,0.0
2025-01-05T12:55:00.000,0.0,0.0,0.0,0.0,0,0,0.0
2025-01-05T13:00:00.000,0.0,0.0,0.0,0.0,0,0,0.0
2025-01-05T13:05:00.000,0.0,0.0,0.0,0.0,0,0,0.0
2025-01-05T13:10:00.000,0.0,0.0,0.0,0.0,0,0,0.0
2025-01-05T13:15:00.000,0.0,0.0,0.0,0.0,0,0,0.0
2025-01-05T13:20:00.000,0.0,0.0,0.0,0.0,0,0,0.0
2025-01-05T13:25:00.000,0.0,0.0,0.0,0.0,0,0,0.0
2025-01-05T13:30:00.000,0.0,0.0,0.0,0.0,0,0,0.0
2025-01-05T13:35:00.000,0.0,0.0,0.0,0.0,0,0,0.0
2025-01-05T13:40:00.000,0.0,0.0,0.0,0.0,0,0,0.0
2025-01-05T13:45:00.000,0.0,0.0,0.0,0.0,0,0,0.0
2025-01-05T13:50:00.000,0.0,0.0,0.0,0.0,0,0,0.0
2025-01-05T13:55:00.000,0.0,0.0,0.0,0.0,0,0,0.0
2025-01-05T14:00:00.000,0.0,0.0,0.0,0.0,0,0,0.0
2025-01-05T14:05:00.000,0.0,0.0,0.0,0.0,0,0,0.0
2025-01-05T14:10:00.000,0.0,0.0,0.0,0.0,0,0,0.0
2025-01-05T14:15:00.000,0.0,0.0,0.0,0.0,0,0,0.0
2025-01-05T14:20:00.000,0.0,0.0,0.0,0.0,0,0,0.0
2025-01-05T14:25:00.000,0.0,0.0,0.0,0.0,0,0,0.0
2025-01-05T14:30:00.000,0.0,0.0,0.0,0.0,0,0,0.0
2025-01-05T14:35:00.000,0.0,0.0,0.0,0.0,0,0,0.0
2025-01-05T14:40:00.000,0.0,0.0,0.0,0.0,0,0,0.0
2025-01-05T14:45:00.000,0.0,0.0,0.0,0.0,0,0,0.0
2025-01-05T14:50:00.000,0.0,0.0,0.0,0.0,0,0,0.0
2025-01-05T14:55:00.000,0.0,0.0,0.0,0.0,0,0,0.0
2025-01-05T15:00:00.000,0.0,0.0,0.0,0.0,0,0,0.0
2025-01-05T15:05:00.000,0.0,0.0,0.0,0.0,0,0,0.0
2025-01-05T15:10:00.000,0.0,0.0,0.0,0.0,0,0,0.0
2025-01-05T15:15:00.000,0.0,0.0,0.0,0.0,0,0,0.0
2025-01-05T15:20:00.000,0.0,0.0,0.0,0.0,0,0,0.0
2025-01-05T15:25:00.000,0.0,0.0,0.0,0.0,0,0,0.0
2025-01-05T15:30:00.000,0.0,0.0,0.0,0.0,0,0,0.0
2025-01-05T15:35:00.000,0.0,0.0,0.0,0.0,0,0,0.0
2025-01-05T15:40:00.000,0.0,0.0,0.0,0.0,0,0,0.0
2025-01-05T15:45:00.000,0.0,0.0,0.0,0.0,0,0,0.0
2025-01-05T15:50:00.000,0.0,0.0,0.0,0.0,0,0,0.0
2025-01-05T15:55:00.000,0.0,0.0,0.0,0.0,0,0,0.0
2025-01-05T16:00:00.000,0.0,0.0,0.0,0.0,0,0,0.0
2025-01-06T09:30:00.000,596.27,597.21,595.9,596.84,1667951,19497,596.36
2025-01-06T09:35:00.000,596.82,597.0,596.12,596.51,975342,11669,596.43
2025-01-06T09:40:00.000,596.51,597.78,596.51,597.19,1220618,11215,596.64
2025-01-06T09:45:00.000,597.19,598.2,597.18,597.97,875857,9942,596.85
2025-01-06T09:50:00.000,597.97,598.19,597.425,597.9482,597256,8632,596.97
2025-01-06T09:55:00.000,597.97,598.27,597.45,597.88,403479,6627,597.03
2025-01-06T10:00:00.000,597.9,598.34,597.7,598.32,546254,8161,597.13
2025-01-06T10:05:00.000,598.31,598.49,597.97,598.49,331644,6658,597.19
2025-01-06T10:10:00.000,598.47,598.84,597.68,598.73,704053,9346,597.3
2025-01-06T10:15:00.000,598.7299,598.828,598.08,598.42,395235,6124,597.36
2025-01-06T10:20:00.000,598.43,598.87,598.22,598.48,483283,5761,597.41
2025-01-06T10:25:00.000,598.4775,599.0,598.3347,598.89,367222,5940,597.47
2025-01-06T10:30:00.000,598.91,598.9499,598.345,598.5,1003998,6691,597.54
2025-01-06T10:35:00.000,598.4935,598.575,598.07,598.2,451761,5261,597.57
2025-01-06T10:40:00.000,598.22,598.58,598.21,598.45,437473,4828,597.59
2025-01-06T10:45:00.000,598.43,598.95,598.43,598.57,329095,5351,597.62
2025-01-06T10:50:00.000,598.6,599.2,598.46,599.05,433260,6568,597.68
2025-01-06T10:55:00.000,599.045,599.22,598.75,598.87,394369,5837,597.73
2025-01-06T11:00:00.000,598.88,599.035,598.48,598.85,396687,7541,597.77
2025-01-06T11:05:00.000,598.845,598.93,598.67,598.89,191029,7651,597.79
2025-01-06T11:10:00.000,598.9,599.19,598.875,599.07,201982,3881,597.81
2025-01-06T11:15:00.000,599.07,599.36,598.9,599.282,668597,4699,597.85
2025-01-06T11:20:00.000,599.28,599.46,599.1,599.2,326329,4038,597.88
2025-01-06T11:25:00.000,599.19,599.51,598.9801,599.509,236021,3924,597.91
2025-01-06T11:30:00.000,599.492,599.7,599.36,599.45,393279,5050,597.96
2025-01-06T11:35:00.000,599.43,599.66,599.35,599.62,238743,3636,597.99
2025-01-06T11:40:00.000,599.63,599.7,599.385,599.48,474725,3604,598.02
2025-01-06T11:45:00.000,599.485,599.51,599.17,599.38,285766,3854,598.05
2025-01-06T11:50:00.000,599.4,599.5499,599.32,599.48,170623,2945,598.07
2025-01-06T11:55:00.000,599.48,599.5695,599.38,599.46,132025,2850,598.08
2025-01-06T12:00:00.000,599.46,599.465,599.04,599.31,191413,3342,598.09
2025-01-06T12:05:00.000,599.32,599.42,599.07,599.34,165489,2864,598.11
2025-01-06T12:10:00.000,599.34,599.34,598.8,598.925,172538,3096,598.12
2025-01-06T12:15:00.000,598.93,599.12,598.66,598.82,499315,3808,598.13
2025-01-06T12:20:00.000,598.82,598.91,598.653,598.71,188711,3206,598.14
2025-01-06T12:25:00.000,598.71,598.78,598.37,598.57,229566,3554,598.15
2025-01-06T12:30:00.000,598.53,598.73,598.3,598.59,236447,3306,598.15
2025-01-06T12:35:00.000,598.61,598.74,598.23,598.29,613600,3717,598.16
2025-01-06T12:40:00.000,598.275,598.3599,597.7,597.985,374131,5294,598.16
2025-01-06T12:45:00.000,597.985,598.1303,597.69,597.9,330902,4234,598.15
2025-01-06T12:50:00.000,597.89,598.09,597.4,597.865,436424,5331,598.14
2025-01-06T12:55:00.000,597.85,597.9,597.41,597.75,269561,3766,598.13
2025-01-06T13:00:00.000,597.75,597.79,596.58,597.33,534966,6776,598.1
2025-01-06T13:05:00.000,597.3293,597.45,596.9595,597.185,255693,4012,598.09
2025-01-06T13:10:00.000,597.18,597.3599,597.04,597.29,236419,3348,598.08
2025-01-06T13:15:00.000,597.31,597.37,596.8101,597.09,243505,3401,598.06
2025-01-06T13:20:00.000,597.0918,597.56,596.9692,597.22,307118,4153,598.05
2025-01-06T13:25:00.000,597.22,597.44,597.16,597.39,290259,3340,598.04
2025-01-06T13:30:00.000,597.37,597.4299,596.75,596.93,258725,4982,598.03
2025-01-06T13:35:00.000,596.94,597.17,596.62,596.9233,246986,3803,598.01
2025-01-06T13:40:00.000,596.9254,596.95,596.31,596.46,306694,4587,597.99
2025-01-06T13:45:00.000,596.49,596.55,595.6,595.732,427498,5648,597.94
2025-01-06T13:50:00.000,595.74,596.407,595.74,596.225,337834,4252,597.91
2025-01-06T13:55:00.000,596.21,596.3799,595.59,595.67,246433,3395,597.89
2025-01-06T14:00:00.000,595.63,595.81,594.88,594.9201,676076,6702,597.82
2025-01-06T14:05:00.000,594.92,595.6,594.92,595.31,401148,4847,597.77
2025-01-06T14:10:00.000,595.31,595.6,594.94,595.54,435560,4878,597.71
2025-01-06T14:15:00.000,595.535,595.85,595.38,595.51,441549,5087,597.67
2025-01-06T14:20:00.000,595.5,595.76,595.44,595.6,399753,3525,597.64
2025-01-06T14:25:00.000,595.5998,595.74,595.31,595.35,289270,3282,597.61
2025-01-06T14:30:00.000,595.37,595.58,595.09,595.24,467451,4243,597.58
2025-01-06T14:35:00.000,595.27,595.35,594.95,595.13,221569,3243,597.55
2025-01-06T14:40:00.000,595.11,595.32,594.83,595.305,547641,3821,597.52
2025-01-06T14:45:00.000,595.28,595.58,595.0,595.47,441634,4032,597.49
2025-01-06T14:50:00.000,595.45,595.47,594.89,595.1,427039,3476,597.46
2025-01-06T14:55:00.000,595.09,595.18,594.2603,594.35,547735,5323,597.41
2025-01-06T15:00:00.000,594.32,594.87,594.04,594.74,527414,5279,597.34
2025-01-06T15:05:00.000,594.73,594.855,594.3348,594.58,711545,5071,597.26
2025-01-06T15:10:00.000,594.58,594.81,594.37,594.5199,607790,5445,597.21
2025-01-06T15:15:00.000,594.51,594.65,594.29,594.56,346964,4317,597.17
2025-01-06T15:20:00.000,594.55,595.26,594.26,595.1987,546051,5125,597.13
2025-01-06T15:25:00.000,595.1901,595.2074,594.9,595.055,323845,4536,597.11
2025-01-06T15:30:00.000,595.055,595.46,594.96,595.07,556640,5439,597.08
2025-01-06T15:35:00.000,595.06,595.43,594.73,594.78,597086,6570,597.04
2025-01-06T15:40:00.000,594.76,594.9473,594.48,594.58,896269,6439,596.98
2025-01-06T15:45:00.000,594.61,594.66,593.68,593.75,1041392,10202,596.88
2025-01-06T15:50:00.000,593.75,594.97,593.6,594.77,1660473,13120,596.79
2025-01-06T15:55:00.000,594.77,595.5,594.5,595.4,3257435,19513,596.65
2025-01-06T16:00:00.000,595.38,595.38,595.38,595.38,178,1,596.65
2025-01-07T09:30:00.000,597.42,597.75,596.92,596.98,781031,10140,597.4
2025-01-07T09:35:00.000,596.98,597.065,596.18,596.22,532134,7326,597.13
2025-01-07T09:40:00.000,596.22,596.97,596.1,596.915,371431,5559,597.02
2025-01-07T09:45:00.000,596.91,597.3,596.63,596.7,377157,6022,597.02
2025-01-07T09:50:00.000,596.6999,597.3049,596.53,596.81,344016,5148,597.01
2025-01-07T09:55:00.000,596.8,597.06,596.23,596.34,386302,5372,596.94
2025-01-07T10:00:00.000,596.34,596.34,593.66,593.74,1459031,16435,596.08
2025-01-07T10:05:00.000,593.77,594.14,592.88,593.0441,1121086,11911,595.59
2025-01-07T10:10:00.000,593.05,593.71,592.69,593.09,743589,9220,595.29
2025-01-07T10:15:00.000,593.0687,593.1,592.03,592.86,865143,12963,594.94
2025-01-07T10:20:00.000,592.8699,593.97,592.79,593.83,804790,8605,594.78
2025-01-07T10:25:00.000,593.84,594.5601,593.54,593.6,1010579,8499,594.72
2025-01-07T10:30:00.000,593.61,593.75,592.11,592.52,580510,7621,594.6
2025-01-07T10:35:00.000,592.55,592.95,590.74,590.9299,991072,10332,594.36
2025-01-07T10:40:00.000,590.95,591.9345,590.74,591.28,1019164,8218,594.08
2025-01-07T10:45:00.000,591.18,591.19,590.27,590.9096,772769,8228,593.89
2025-01-07T10:50:00.000,590.9,592.19,590.83,591.77,618209,8302,593.77
2025-01-07T10:55:00.000,591.76,593.49,591.76,593.44,718819,8428,593.71
2025-01-07T11:00:00.000,593.45,593.72,593.01,593.4488,748406,8507,593.69
2025-01-07T11:05:00.000,593.45,593.54,592.69,593.22,442692,5681,593.68
2025-01-07T11:10:00.000,593.19,593.33,592.12,592.48,504424,5344,593.66
2025-01-07T11:15:00.000,592.44,592.7799,592.05,592.42,260079,4130,593.64
2025-01-07T11:20:00.000,592.47,593.04,592.05,592.64,280055,4656,593.62
2025-01-07T11:25:00.000,592.62,593.45,592.54,593.11,573020,5500,593.6
2025-01-07T11:30:00.000,593.02,593.194,592.0,592.12,587100,6223,593.57
2025-01-07T11:35:00.000,592.14,593.0375,591.41,592.95,366624,5195,593.53
2025-01-07T11:40:00.000,592.94,593.26,592.1401,592.25,325085,4578,593.52
2025-01-07T11:45:00.000,592.25,592.72,592.1,592.27,138911,2683,593.51
2025-01-07T11:50:00.000,592.24,592.24,590.91,591.01,391330,5191,593.46
2025-01-07T11:55:00.000,591.05,591.22,590.51,590.7,340679,4407,593.41
2025-01-07T12:00:00.000,590.715,591.31,590.7,590.97,432442,5005,593.35
2025-01-07T12:05:00.000,590.97,591.0999,590.55,590.84,329544,3871,593.31
2025-01-07T12:10:00.000,590.83,591.41,590.47,591.385,300511,4151,593.27
2025-01-07T12:15:00.000,591.37,591.73,591.15,591.47,361592,4557,593.23
2025-01-07T12:20:00.000,591.46,591.52,590.72,590.77,291741,3961,593.2
2025-01-07T12:25:00.000,590.79,590.9,590.2125,590.62,354192,4652,593.15
2025-01-07T12:30:00.000,590.65,591.58,590.56,591.3,209887,3275,593.13
2025-01-07T12:35:00.000,591.28,591.32,590.44,590.73,253557,3788,593.11
2025-01-07T12:40:00.000,590.63,590.8105,590.3,590.41,184958,3009,593.08
2025-01-07T12:45:00.000,590.395,590.4496,589.821,590.0,333243,5373,593.04
2025-01-07T12:50:00.000,590.11,590.24,589.64,590.2342,312453,4162,593.0
2025-01-07T12:55:00.000,590.2199,590.99,590.16,590.905,344715,4804,592.96
2025-01-07T13:00:00.000,590.91,591.4,590.84,591.22,297190,3839,592.93
2025-01-07T13:05:00.000,591.21,591.84,591.15,591.8065,316696,3618,592.92
2025-01-07T13:10:00.000,591.78,591.9513,591.57,591.83,350026,4182,592.9
2025-01-07T13:15:00.000,591.85,592.07,591.52,591.95,166319,2914,592.89
2025-01-07T13:20:00.000,591.92,592.25,591.845,592.12,233628,3094,592.88
2025-01-07T13:25:00.000,592.12,592.409,592.0,592.28,354116,3436,592.87
2025-01-07T13:30:00.000,592.28,592.28,591.74,591.86,208766,3924,592.87
2025-01-07T13:35:00.000,591.86,591.95,591.23,591.43,232720,3517,592.85
2025-01-07T13:40:00.000,591.44,591.46,590.73,590.955,947036,3120,592.84
2025-01-07T13:45:00.000,590.98,591.31,590.924625,591.09,214623,2695,592.82
2025-01-07T13:50:00.000,591.08,591.3,590.9,591.04,127186,2304,592.82
2025-01-07T13:55:00.000,591.06,591.16,590.828,591.0,167910,2218,592.81
2025-01-07T14:00:00.000,591.0,591.47,590.88,591.14,253456,3350,592.79
2025-01-07T14:05:00.000,591.16,591.4199,591.01,591.27,145867,2372,592.78
2025-01-07T14:10:00.000,591.27,591.57,591.09,591.13,202286,3238,592.77
2025-01-07T14:15:00.000,591.13,591.16,590.818,590.91,253441,3227,592.75
2025-01-07T14:20:00.000,590.93,591.0377,590.55,590.83,622553,2920,592.73
2025-01-07T14:25:00.000,590.85,591.16,590.85,591.07,219104,2774,592.72
2025-01-07T14:30:00.000,591.06,591.1,590.55,590.66,212497,3137,592.7
2025-01-07T14:35:00.000,590.65,590.74,590.07,590.0999,552604,4473,592.66
2025-01-07T14:40:00.000,590.09,590.69,589.83,590.65,558820,5188,592.62
2025-01-07T14:45:00.000,590.64,590.85,590.0,590.03,251849,3267,592.6
2025-01-07T14:50:00.000,590.04,590.4395,590.02,590.13,221645,3198,592.58
2025-01-07T14:55:00.000,590.15,590.23,589.92,590.02,208866,3328,592.56
2025-01-07T15:00:00.000,590.02,590.13,589.31,589.62,455123,5663,592.51
2025-01-07T15:05:00.000,589.6114,589.87,589.08,589.19,529005,4609,592.47
2025-01-07T15:10:00.000,589.145,589.145,588.68,588.88,618265,6803,592.39
2025-01-07T15:15:00.000,588.905,589.11,588.47,588.54,661767,6150,592.31
2025-01-07T15:20:00.000,588.54,588.54,587.69,587.82,1057366,9334,592.17
2025-01-07T15:25:00.000,587.83,588.24,587.76,587.83,562530,6284,592.1
2025-01-07T15:30:00.000,587.82,588.19,587.29,587.342,1165668,8516,591.94
2025-01-07T15:35:00.000,587.35,587.8,586.78,587.79,2707374,14198,591.65
2025-01-07T15:40:00.000,587.77,588.55,587.69,587.7,1544697,10914,591.52
2025-01-07T15:45:00.000,587.74,588.27,587.48,588.09,1574498,10161,591.4
2025-01-07T15:50:00.000,588.1,588.635,587.84,588.5,1246406,12431,591.29
2025-01-07T15:55:00.000,588.5,588.8502,588.41,588.72,3434214,21402,591.09
2025-01-07T16:00:00.000,588.73,588.73,588.73,588.73,100,1,591.09
2025-01-08T09:30:00.000,588.7,588.77,587.44,588.235,1090653,12456,588.14
2025-01-08T09:35:00.000,588.22,588.49,587.3201,587.38,670599,8111,588.08
2025-01-08T09:40:00.000,587.4,588.2275,587.15,587.79,767445,8195,587.98
2025-01-08T09:45:00.000,587.76,588.15,586.94,588.09,719768,9765,587.91
2025-01-08T09:50:00.000,588.09,588.52,586.5001,587.11,762142,9370,587.81
2025-01-08T09:55:00.000,587.23,587.76,586.89,587.38,342896,5167,587.77
2025-01-08T10:00:00.000,587.3,588.73,587.12,588.55,606486,7734,587.82
2025-01-08T10:05:00.000,588.58,588.59,588.0302,588.2501,409786,6329,587.86
2025-01-08T10:10:00.000,588.28,588.6454,586.35,586.43,661647,8817,587.8
2025-01-08T10:15:00.000,586.45,587.08,586.1,586.89,587107,8092,587.69
2025-01-08T10:20:00.000,586.89,587.34,586.0,587.09,425214,9146,587.62
2025-01-08T10:25:00.000,587.1,587.37,586.24,586.475,970456,5701,587.58
2025-01-08T10:30:00.000,586.47,587.02,586.38,586.9,431764,4670,587.54
2025-01-08T10:35:00.000,586.892,588.19,586.892,587.37,514531,5755,587.55
2025-01-08T10:40:00.000,587.37,587.64,586.96,587.2,326903,4664,587.54
2025-01-08T10:45:00.000,587.24,587.51,586.81,587.4,179724,3606,587.53
2025-01-08T10:50:00.000,587.42,588.49,587.42,588.18,657387,5127,587.56
2025-01-08T10:55:00.000,588.2,588.47,588.02,588.42,296500,4073,587.58
2025-01-08T11:00:00.000,588.42,588.5,587.76,587.83,304698,4414,587.6
2025-01-08T11:05:00.000,587.8297,588.24,587.205,587.95,281470,4237,587.6
2025-01-08T11:10:00.000,587.94,588.47,587.9215,588.095,263646,3590,587.61
2025-01-08T11:15:00.000,588.08,588.17,587.72,588.1192,147578,2642,587.61
2025-01-08T11:20:00.000,588.13,588.72,588.13,588.47,300945,4222,587.64
2025-01-08T11:25:00.000,588.49,588.54,587.94,588.11,208440,3452,587.65
2025-01-08T11:30:00.000,588.12,588.69,588.12,588.59,144688,2706,587.66
2025-01-08T11:35:00.000,588.57,589.53,588.57,589.44,469219,5457,587.73
2025-01-08T11:40:00.000,589.46,589.94,589.16,589.7465,481274,5637,587.8
2025-01-08T11:45:00.000,589.76,589.76,589.4028,589.5001,189879,3312,587.83
2025-01-08T11:50:00.000,589.5,589.57,589.18,589.28,191911,3172,587.85
2025-01-08T11:55:00.000,589.21,589.53,588.9805,589.43,158004,2522,587.87
2025-01-08T12:00:00.000,589.4254,589.4595,588.42,588.4401,215412,3548,587.89
2025-01-08T12:05:00.000,588.47,588.54,587.69,588.02,258348,3966,587.89
2025-01-08T12:10:00.000,588.0,588.08,587.167,587.31,244626,3735,587.89
2025-01-08T12:15:00.000,587.28,587.59,587.06,587.37,697038,3452,587.88
2025-01-08T12:20:00.000,587.39,587.5777,586.475,586.68,796062,4606,587.86
2025-01-08T12:25:00.000,586.75,586.88,585.38,585.63,515302,7387,587.79
2025-01-08T12:30:00.000,585.64,586.14,585.195,585.87,1166476,6980,587.72
2025-01-08T12:35:00.000,585.89,586.055,585.57,585.62,243420,4011,587.69
2025-01-08T12:40:00.000,585.57,586.52,585.535,586.5,377178,4725,587.65
2025-01-08T12:45:00.000,586.48,586.6,585.98,586.0751,310116,3282,587.63
2025-01-08T12:50:00.000,586.07,586.84,586.07,586.635,179435,3162,587.62
2025-01-08T12:55:00.000,586.63,587.26,586.49,586.9432,733483,3608,587.61
2025-01-08T13:00:00.000,586.94,588.35,586.88,588.07,437503,6173,587.61
2025-01-08T13:05:00.000,588.08,588.44,587.77,588.055,351032,4856,587.62
2025-01-08T13:10:00.000,588.06,588.48,587.96,588.23,235943,3974,587.63
2025-01-08T13:15:00.000,588.24,588.7399,588.16,588.57,328536,3888,587.64
2025-01-08T13:20:00.000,588.51,588.66,588.09,588.66,354316,3986,587.65
2025-01-08T13:25:00.000,588.6487,589.57,588.6,589.11,390764,4449,587.68
2025-01-08T13:30:00.000,589.12,589.13,588.69,588.74,262134,4335,587.7
2025-01-08T13:35:00.000,588.77,589.41,588.74,589.305,178807,3032,587.71
2025-01-08T13:40:00.000,589.34,589.34,588.83,589.19,173509,2917,587.72
2025-01-08T13:45:00.000,589.16,589.16,588.34,588.4,249635,4101,587.74
2025-01-08T13:50:00.000,588.39,588.54,586.96,587.21,460142,5161,587.73
2025-01-08T13:55:00.000,587.21,587.92,587.08,587.77,293672,3829,587.73
2025-01-08T14:00:00.000,587.8,587.87,587.09,587.758,358705,4565,587.73
2025-01-08T14:05:00.000,587.74,589.52,587.7399,589.49,636046,7174,587.76
2025-01-08T14:10:00.000,589.49,589.49,588.02,588.095,961883,5001,587.79
2025-01-08T14:15:00.000,588.15,589.325,588.1,589.31,426325,4073,587.81
2025-01-08T14:20:00.000,589.28,590.08,589.0929,589.81,898386,4919,587.84
2025-01-08T14:25:00.000,589.825,590.5799,589.43,590.2716,652162,5656,587.9
2025-01-08T14:30:00.000,590.28,590.28,588.91,588.974,450911,4920,587.93
2025-01-08T14:35:00.000,589.03,589.38,588.63,588.67,262803,3725,587.94
2025-01-08T14:40:00.000,588.7,588.85,588.2,588.48,344545,4225,587.95
2025-01-08T14:45:00.000,588.46,588.93,588.31,588.67,309861,3776,587.96
2025-01-08T14:50:00.000,588.675,588.92,588.22,588.278,212150,3070,587.96
2025-01-08T14:55:00.000,588.35,588.74,588.17,588.53,356087,3905,587.97
2025-01-08T15:00:00.000,588.54,588.8995,588.38,588.8899,203365,2906,587.98
2025-01-08T15:05:00.000,588.88,588.99,588.269264,588.43,553581,2774,587.98
2025-01-08T15:10:00.000,588.474,588.75,587.88,587.905,358290,4731,587.99
2025-01-08T15:15:00.000,587.92,588.86,587.92,588.718,305084,4512,587.99
2025-01-08T15:20:00.000,588.81,589.15,588.7032,589.0374,330137,3346,588.0
2025-01-08T15:25:00.000,589.06,589.29,588.74,589.09,238232,3355,588.01
2025-01-08T15:30:00.000,589.105,589.27,588.53,588.56,353879,4292,588.02
2025-01-08T15:35:00.000,588.53,588.8,588.3,588.31,409151,4622,588.03
2025-01-08T15:40:00.000,588.32,589.01,588.23,588.87,448367,5332,588.04
2025-01-08T15:45:00.000,588.87,589.0,588.67,588.92,412622,5001,588.05
2025-01-08T15:50:00.000,588.91,589.51,588.89,589.385,1614991,12389,588.11
2025-01-08T15:55:00.000,589.38,589.79,589.08,589.42,4644349,21000,588.23
2025-01-08T16:00:00.000,589.415,589.42,589.415,589.42,866,4,588.23
2025-01-09T09:30:00.000,0.0,0.0,0.0,0.0,0,0,0.0
2025-01-09T09:35:00.000,0.0,0.0,0.0,0.0,0,0,0.0
2025-01-09T09:40:00.000,0.0,0.0,0.0,0.0,0,0,0.0
2025-01-09T09:45:00.000,0.0,0.0,0.0,0.0,0,0,0.0
2025-01-09T09:50:00.000,0.0,0.0,0.0,0.0,0,0,0.0
2025-01-09T09:55:00.000,0.0,0.0,0.0,0.0,0,0,0.0
2025-01-09T10:00:00.000,0.0,0.0,0.0,0.0,0,0,0.0
2025-01-09T10:05:00.000,0.0,0.0,0.0,0.0,0,0,0.0
2025-01-09T10:10:00.000,0.0,0.0,0.0,0.0,0,0,0.0
2025-01-09T10:15:00.000,0.0,0.0,0.0,0.0,0,0,0.0
2025-01-09T10:20:00.000,0.0,0.0,0.0,0.0,0,0,0.0
2025-01-09T10:25:00.000,0.0,0.0,0.0,0.0,0,0,0.0
2025-01-09T10:30:00.000,0.0,0.0,0.0,0.0,0,0,0.0
2025-01-09T10:35:00.000,0.0,0.0,0.0,0.0,0,0,0.0
2025-01-09T10:40:00.000,0.0,0.0,0.0,0.0,0,0,0.0
2025-01-09T10:45:00.000,0.0,0.0,0.0,0.0,0,0,0.0
2025-01-09T10:50:00.000,0.0,0.0,0.0,0.0,0,0,0.0
2025-01-09T10:55:00.000,0.0,0.0,0.0,0.0,0,0,0.0
2025-01-09T11:00:00.000,0.0,0.0,0.0,0.0,0,0,0.0
2025-01-09T11:05:00.000,0.0,0.0,0.0,0.0,0,0,0.0
2025-01-09T11:10:00.000,0.0,0.0,0.0,0.0,0,0,0.0
2025-01-09T11:15:00.000,0.0,0.0,0.0,0.0,0,0,0.0
2025-01-09T11:20:00.000,0.0,0.0,0.0,0.0,0,0,0.0
2025-01-09T11:25:00.000,0.0,0.0,0.0,0.0,0,0,0.0
2025-01-09T11:30:00.000,0.0,0.0,0.0,0.0,0,0,0.0
2025-01-09T11:35:00.000,0.0,0.0,0.0,0.0,0,0,0.0
2025-01-09T11:40:00.000,0.0,0.0,0.0,0.0,0,0,0.0
2025-01-09T11:45:00.000,0.0,0.0,0.0,0.0,0,0,0.0
2025-01-09T11:50:00.000,0.0,0.0,0.0,0.0,0,0,0.0
2025-01-09T11:55:00.000,0.0,0.0,0.0,0.0,0,0,0.0
2025-01-09T12:00:00.000,0.0,0.0,0.0,0.0,0,0,0.0
2025-01-09T12:05:00.000,0.0,0.0,0.0,0.0,0,0,0.0
2025-01-09T12:10:00.000,0.0,0.0,0.0,0.0,0,0,0.0
2025-01-09T12:15:00.000,0.0,0.0,0.0,0.0,0,0,0.0
2025-01-09T12:20:00.000,0.0,0.0,0.0,0.0,0,0,0.0
2025-01-09T12:25:00.000,0.0,0.0,0.0,0.0,0,0,0.0
2025-01-09T12:30:00.000,0.0,0.0,0.0,0.0,0,0,0.0
2025-01-09T12:35:00.000,0.0,0.0,0.0,0.0,0,0,0.0
2025-01-09T12:40:00.000,0.0,0.0,0.0,0.0,0,0,0.0
2025-01-09T12:45:00.000,0.0,0.0,0.0,0.0,0,0,0.0
2025-01-09T12:50:00.000,0.0,0.0,0.0,0.0,0,0,0.0
2025-01-09T12:55:00.000,0.0,0.0,0.0,0.0,0,0,0.0
2025-01-09T13:00:00.000,0.0,0.0,0.0,0.0,0,0,0.0
2025-01-09T13:05:00.000,0.0,0.0,0.0,0.0,0,0,0.0
2025-01-09T13:10:00.000,0.0,0.0,0.0,0.0,0,0,0.0
2025-01-09T13:15:00.000,0.0,0.0,0.0,0.0,0,0,0.0
2025-01-09T13:20:00.000,0.0,0.0,0.0,0.0,0,0,0.0
2025-01-09T13:25:00.000,0.0,0.0,0.0,0.0,0,0,0.0
2025-01-09T13:30:00.000,0.0,0.0,0.0,0.0,0,0,0.0
2025-01-09T13:35:00.000,0.0,0.0,0.0,0.0,0,0,0.0
2025-01-09T13:40:00.000,0.0,0.0,0.0,0.0,0,0,0.0
2025-01-09T13:45:00.000,0.0,0.0,0.0,0.0,0,0,0.0
2025-01-09T13:50:00.000,0.0,0.0,0.0,0.0,0,0,0.0
2025-01-09T13:55:00.000,0.0,0.0,0.0,0.0,0,0,0.0
2025-01-09T14:00:00.000,0.0,0.0,0.0,0.0,0,0,0.0
2025-01-09T14:05:00.000,0.0,0.0,0.0,0.0,0,0,0.0
2025-01-09T14:10:00.000,0.0,0.0,0.0,0.0,0,0,0.0
2025-01-09T14:15:00.000,0.0,0.0,0.0,0.0,0,0,0.0
2025-01-09T14:20:00.000,0.0,0.0,0.0,0.0,0,0,0.0
2025-01-09T14:25:00.000,0.0,0.0,0.0,0.0,0,0,0.0
2025-01-09T14:30:00.000,0.0,0.0,0.0,0.0,0,0,0.0
2025-01-09T14:35:00.000,0.0,0.0,0.0,0.0,0,0,0.0
2025-01-09T14:40:00.000,0.0,0.0,0.0,0.0,0,0,0.0
2025-01-09T14:45:00.000,0.0,0.0,0.0,0.0,0,0,0.0
2025-01-09T14:50:00.000,0.0,0.0,0.0,0.0,0,0,0.0
2025-01-09T14:55:00.000,0.0,0.0,0.0,0.0,0,0,0.0
2025-01-09T15:00:00.000,0.0,0.0,0.0,0.0,0,0,0.0
2025-01-09T15:05:00.000,0.0,0.0,0.0,0.0,0,0,0.0
2025-01-09T15:10:00.000,0.0,0.0,0.0,0.0,0,0,0.0
2025-01-09T15:15:00.000,0.0,0.0,0.0,0.0,0,0,0.0
2025-01-09T15:20:00.000,0.0,0.0,0.0,0.0,0,0,0.0
2025-01-09T15:25:00.000,0.0,0.0,0.0,0.0,0,0,0.0
2025-01-09T15:30:00.000,0.0,0.0,0.0,0.0,0,0,0.0
2025-01-09T15:35:00.000,0.0,0.0,0.0,0.0,0,0,0.0
2025-01-09T15:40:00.000,0.0,0.0,0.0,0.0,0,0,0.0
2025-01-09T15:45:00.000,0.0,0.0,0.0,0.0,0,0,0.0
2025-01-09T15:50:00.000,0.0,0.0,0.0,0.0,0,0,0.0
2025-01-09T15:55:00.000,0.0,0.0,0.0,0.0,0,0,0.0
2025-01-09T16:00:00.000,0.0,0.0,0.0,0.0,0,0,0.0
2025-01-10T09:30:00.000,585.88,585.95,584.1,585.18,1641063,22186,585.13
2025-01-10T09:35:00.000,585.15,585.5,583.54,583.8899,1110092,12944,584.87
2025-01-10T09:40:00.000,583.87,584.57,583.34,584.48,944161,11707,584.64
2025-01-10T09:45:00.000,584.52,584.91,582.46,582.74,1231652,13887,584.27
2025-01-10T09:50:00.000,582.71,583.3599,582.28,582.51,856758,11128,584.08
2025-01-10T09:55:00.000,582.49,583.16,582.4,582.98,880586,9411,583.96
2025-01-10T10:00:00.000,582.39,582.95,579.78,580.16,3009566,29770,583.02
2025-01-10T10:05:00.000,580.16,580.71,579.43,579.74,1583078,17197,582.59
2025-01-10T10:10:00.000,579.74,580.11,579.15,579.55,1238796,15452,582.28
2025-01-10T10:15:00.000,579.55,580.88,579.525,580.35,1107397,14350,582.09
2025-01-10T10:20:00.000,580.3425,581.6,580.31,581.51,1138469,20457,582.01
2025-01-10T10:25:00.000,581.52,581.96,581.06,581.89,1004378,11057,581.97
2025-01-10T10:30:00.000,581.9,582.49,581.47,582.03,1045151,11177,581.97
2025-01-10T10:35:00.000,582.04,582.73,581.8,582.44,860058,11180,581.98
2025-01-10T10:40:00.000,582.42,582.53,581.77,581.98,680698,8720,581.99
2025-01-10T10:45:00.000,581.97,583.2288,581.77,582.83,747892,9925,582.01
2025-01-10T10:50:00.000,582.85,582.85,581.11,581.65,1000294,10682,582.0
2025-01-10T10:55:00.000,581.635,581.92,580.92,581.1,461010,7397,581.99
2025-01-10T11:00:00.000,581.1,581.37,580.16,580.34,640744,9128,581.94
2025-01-10T11:05:00.000,580.32,580.53,579.95,580.3956,677680,7841,581.91
2025-01-10T11:10:00.000,580.39,580.56,580.005,580.08,622587,8419,581.86
2025-01-10T11:15:00.000,580.08,580.5178,579.75,579.82,560573,7948,581.83
2025-01-10T11:20:00.000,579.825,580.6499,579.79,580.41,454244,7379,581.81
2025-01-10T11:25:00.000,580.4,580.64,579.59,579.86,487691,7993,581.77
2025-01-10T11:30:00.000,579.87,580.09,579.39,579.585,654845,7834,581.72
2025-01-10T11:35:00.000,579.575,579.76,578.78,579.17,587796,9494,581.66
2025-01-10T11:40:00.000,579.19,580.61,579.19,580.54,627378,8656,581.62
2025-01-10T11:45:00.000,580.53,580.81,579.67,579.88,611146,8420,581.58
2025-01-10T11:50:00.000,579.9,580.5835,579.9,580.21,310732,5726,581.57
2025-01-10T11:55:00.000,580.21,580.25,579.01,579.095,854259,6387,581.53
2025-01-10T12:00:00.000,579.12,579.34,578.6,578.69,383476,6922,581.49
2025-01-10T12:05:00.000,578.71,579.0199,578.55,578.705,605427,5616,581.46
2025-01-10T12:10:00.000,578.735,579.1,578.59,579.03,307104,5368,581.43
2025-01-10T12:15:00.000,579.03,579.6277,578.86,579.54,429419,6523,581.4
2025-01-10T12:20:00.000,579.52,579.6865,578.89,579.3,501855,5636,581.37
2025-01-10T12:25:00.000,579.3,580.09,579.28,580.0,431009,6355,581.34
2025-01-10T12:30:00.000,579.98,580.35,579.9,580.28,393046,5988,581.32
2025-01-10T12:35:00.000,580.25,580.89,579.95,580.55,462701,6916,581.31
2025-01-10T12:40:00.000,580.54,581.15,580.5001,580.98,490898,7418,581.3
2025-01-10T12:45:00.000,580.95,581.35,580.58,581.14,609679,5818,581.3
2025-01-10T12:50:00.000,581.15,581.26,580.84,581.22,763551,5243,581.3
2025-01-10T12:55:00.000,581.24,581.71,581.09,581.56,298983,5241,581.3
2025-01-10T13:00:00.000,581.55,581.59,580.98,581.18,311063,5545,581.3
2025-01-10T13:05:00.000,581.19,582.13,581.07,582.07,615022,5774,581.3
2025-01-10T13:10:00.000,582.07,582.39,582.02,582.14,394660,5720,581.32
2025-01-10T13:15:00.000,582.16,582.41,581.775,582.28,397184,5984,581.32
2025-01-10T13:20:00.000,582.28,583.4,582.26,583.23,427860,5758,581.34
2025-01-10T13:25:00.000,583.24,583.75,582.9843,583.24,670943,7468,581.39
2025-01-10T13:30:00.000,583.24,583.54,582.62,583.3999,439248,6867,581.41
2025-01-10T13:35:00.000,583.38,583.83,583.1401,583.55,463225,5384,581.43
2025-01-10T13:40:00.000,583.555,583.78,583.11,583.35,312047,4530,581.45
2025-01-10T13:45:00.000,583.38,583.9062,583.06,583.87,312536,4906,581.46
2025-01-10T13:50:00.000,583.84,583.96,583.23,583.72,287526,4493,581.48
2025-01-10T13:55:00.000,583.67,584.5,583.65,584.42,510131,6323,581.52
2025-01-10T14:00:00.000,584.435,584.46,583.21,583.265,617035,7523,581.56
2025-01-10T14:05:00.000,583.2786,583.31,581.87,581.9,1021321,10294,581.59
2025-01-10T14:10:00.000,581.905,582.416,581.62,582.06,690020,7981,581.6
2025-01-10T14:15:00.000,582.07,582.42,581.96,582.24,368214,5005,581.6
2025-01-10T14:20:00.000,582.23,582.28,581.58,582.01,530423,6848,581.61
2025-01-10T14:25:00.000,582.04,582.98,582.04,582.6,502213,6253,581.62
2025-01-10T14:30:00.000,582.61,582.62,581.85,581.865,536788,4574,581.62
2025-01-10T14:35:00.000,581.84,582.17,581.58,582.14,294333,4612,581.62
2025-01-10T14:40:00.000,582.14,582.33,581.61,581.9,484715,5192,581.63
2025-01-10T14:45:00.000,581.91,582.02,581.3,581.34,511444,5828,581.63
2025-01-10T14:50:00.000,581.33,582.0058,581.23,581.99,366811,5691,581.63
2025-01-10T14:55:00.000,581.9505,582.5,581.86,582.1,419266,6399,581.63
2025-01-10T15:00:00.000,582.09,582.24,581.435,581.93,437938,5928,581.64
2025-01-10T15:05:00.000,581.93,582.37,581.75,581.77,429828,4910,581.64
2025-01-10T15:10:00.000,581.77,581.88,580.61,580.74,848169,9044,581.63
2025-01-10T15:15:00.000,580.71,581.025,579.97,580.3093,1249891,9850,581.61
2025-01-10T15:20:00.000,580.3099,580.8,580.1687,580.51,933162,7848,581.59
2025-01-10T15:25:00.000,580.51,580.6,580.09,580.33,586121,6885,581.58
2025-01-10T15:30:00.000,580.3318,580.52,579.7,580.12,937909,9269,581.55
2025-01-10T15:35:00.000,580.09,581.12,580.0201,580.45,1271955,11592,581.53
2025-01-10T15:40:00.000,580.46,580.95,580.01,580.43,1134673,10746,581.5
2025-01-10T15:45:00.000,580.43,580.48,580.0,580.155,1254180,10773,581.47
2025-01-10T15:50:00.000,580.13,580.97,579.78,580.92,1205944,12406,581.45
2025-01-10T15:55:00.000,580.94,581.04,580.32,580.51,3193428,24199,581.39
2025-01-10T16:00:00.000,580.52,580.52,580.52,580.52,100,1,581.39
2025-01-11T09:30:00.000,0.0,0.0,0.0,0.0,0,0,0.0
2025-01-11T09:35:00.000,0.0,0.0,0.0,0.0,0,0,0.0
2025-01-11T09:40:00.000,0.0,0.0,0.0,0.0,0,0,0.0
2025-01-11T09:45:00.000,0.0,0.0,0.0,0.0,0,0,0.0
2025-01-11T09:50:00.000,0.0,0.0,0.0,0.0,0,0,0.0
2025-01-11T09:55:00.000,0.0,0.0,0.0,0.0,0,0,0.0
2025-01-11T10:00:00.000,0.0,0.0,0.0,0.0,0,0,0.0
2025-01-11T10:05:00.000,0.0,0.0,0.0,0.0,0,0,0.0
2025-01-11T10:10:00.000,0.0,0.0,0.0,0.0,0,0,0.0
2025-01-11T10:15:00.000,0.0,0.0,0.0,0.0,0,0,0.0
2025-01-11T10:20:00.000,0.0,0.0,0.0,0.0,0,0,0.0
2025-01-11T10:25:00.000,0.0,0.0,0.0,0.0,0,0,0.0
2025-01-11T10:30:00.000,0.0,0.0,0.0,0.0,0,0,0.0
2025-01-11T10:35:00.000,0.0,0.0,0.0,0.0,0,0,0.0
2025-01-11T10:40:00.000,0.0,0.0,0.0,0.0,0,0,0.0
2025-01-11T10:45:00.000,0.0,0.0,0.0,0.0,0,0,0.0
2025-01-11T10:50:00.000,0.0,0.0,0.0,0.0,0,0,0.0
2025-01-11T10:55:00.000,0.0,0.0,0.0,0.0,0,0,0.0
2025-01-11T11:00:00.000,0.0,0.0,0.0,0.0,0,0,0.0
2025-01-11T11:05:00.000,0.0,0.0,0.0,0.0,0,0,0.0
2025-01-11T11:10:00.000,0.0,0.0,0.0,0.0,0,0,0.0
2025-01-11T11:15:00.000,0.0,0.0,0.0,0.0,0,0,0.0
2025-01-11T11:20:00.000,0.0,0.0,0.0,0.0,0,0,0.0
2025-01-11T11:25:00.000,0.0,0.0,0.0,0.0,0,0,0.0
2025-01-11T11:30:00.000,0.0,0.0,0.0,0.0,0,0,0.0
2025-01-11T11:35:00.000,0.0,0.0,0.0,0.0,0,0,0.0
2025-01-11T11:40:00.000,0.0,0.0,0.0,0.0,0,0,0.0
2025-01-11T11:45:00.000,0.0,0.0,0.0,0.0,0,0,0.0
2025-01-11T11:50:00.000,0.0,0.0,0.0,0.0,0,0,0.0
2025-01-11T11:55:00.000,0.0,0.0,0.0,0.0,0,0,0.0
2025-01-11T12:00:00.000,0.0,0.0,0.0,0.0,0,0,0.0
2025-01-11T12:05:00.000,0.0,0.0,0.0,0.0,0,0,0.0
2025-01-11T12:10:00.000,0.0,0.0,0.0,0.0,0,0,0.0
2025-01-11T12:15:00.000,0.0,0.0,0.0,0.0,0,0,0.0
2025-01-11T12:20:00.000,0.0,0.0,0.0,0.0,0,0,0.0
2025-01-11T12:25:00.000,0.0,0.0,0.0,0.0,0,0,0.0
2025-01-11T12:30:00.000,0.0,0.0,0.0,0.0,0,0,0.0
2025-01-11T12:35:00.000,0.0,0.0,0.0,0.0,0,0,0.0
2025-01-11T12:40:00.000,0.0,0.0,0.0,0.0,0,0,0.0
2025-01-11T12:45:00.000,0.0,0.0,0.0,0.0,0,0,0.0
2025-01-11T12:50:00.000,0.0,0.0,0.0,0.0,0,0,0.0
2025-01-11T12:55:00.000,0.0,0.0,0.0,0.0,0,0,0.0
2025-01-11T13:00:00.000,0.0,0.0,0.0,0.0,0,0,0.0
2025-01-11T13:05:00.000,0.0,0.0,0.0,0.0,0,0,0.0
2025-01-11T13:10:00.000,0.0,0.0,0.0,0.0,0,0,0.0
2025-01-11T13:15:00.000,0.0,0.0,0.0,0.0,0,0,0.0
2025-01-11T13:20:00.000,0.0,0.0,0.0,0.0,0,0,0.0
2025-01-11T13:25:00.000,0.0,0.0,0.0,0.0,0,0,0.0
2025-01-11T13:30:00.000,0.0,0.0,0.0,0.0,0,0,0.0
2025-01-11T13:35:00.000,0.0,0.0,0.0,0.0,0,0,0.0
2025-01-11T13:40:00.000,0.0,0.0,0.0,0.0,0,0,0.0
2025-01-11T13:45:00.000,0.0,0.0,0.0,0.0,0,0,0.0
2025-01-11T13:50:00.000,0.0,0.0,0.0,0.0,0,0,0.0
2025-01-11T13:55:00.000,0.0,0.0,0.0,0.0,0,0,0.0
2025-01-11T14:00:00.000,0.0,0.0,0.0,0.0,0,0,0.0
2025-01-11T14:05:00.000,0.0,0.0,0.0,0.0,0,0,0.0
2025-01-11T14:10:00.000,0.0,0.0,0.0,0.0,0,0,0.0
2025-01-11T14:15:00.000,0.0,0.0,0.0,0.0,0,0,0.0
2025-01-11T14:20:00.000,0.0,0.0,0.0,0.0,0,0,0.0
2025-01-11T14:25:00.000,0.0,0.0,0.0,0.0,0,0,0.0
2025-01-11T14:30:00.000,0.0,0.0,0.0,0.0,0,0,0.0
2025-01-11T14:35:00.000,0.0,0.0,0.0,0.0,0,0,0.0
2025-01-11T14:40:00.000,0.0,0.0,0.0,0.0,0,0,0.0
2025-01-11T14:45:00.000,0.0,0.0,0.0,0.0,0,0,0.0
2025-01-11T14:50:00.000,0.0,0.0,0.0,0.0,0,0,0.0
2025-01-11T14:55:00.000,0.0,0.0,0.0,0.0,0,0,0.0
2025-01-11T15:00:00.000,0.0,0.0,0.0,0.0,0,0,0.0
2025-01-11T15:05:00.000,0.0,0.0,0.0,0.0,0,0,0.0
2025-01-11T15:10:00.000,0.0,0.0,0.0,0.0,0,0,0.0
2025-01-11T15:15:00.000,0.0,0.0,0.0,0.0,0,0,0.0
2025-01-11T15:20:00.000,0.0,0.0,0.0,0.0,0,0,0.0
2025-01-11T15:25:00.000,0.0,0.0,0.0,0.0,0,0,0.0
2025-01-11T15:30:00.000,0.0,0.0,0.0,0.0,0,0,0.0
2025-01-11T15:35:00.000,0.0,0.0,0.0,0.0,0,0,0.0
2025-01-11T15:40:00.000,0.0,0.0,0.0,0.0,0,0,0.0
2025-01-11T15:45:00.000,0.0,0.0,0.0,0.0,0,0,0.0
2025-01-11T15:50:00.000,0.0,0.0,0.0,0.0,0,0,0.0
2025-01-11T15:55:00.000,0.0,0.0,0.0,0.0,0,0,0.0
2025-01-11T16:00:00.000,0.0,0.0,0.0,0.0,0,0,0.0
2025-01-12T09:30:00.000,0.0,0.0,0.0,0.0,0,0,0.0
2025-01-12T09:35:00.000,0.0,0.0,0.0,0.0,0,0,0.0
2025-01-12T09:40:00.000,0.0,0.0,0.0,0.0,0,0,0.0
2025-01-12T09:45:00.000,0.0,0.0,0.0,0.0,0,0,0.0
2025-01-12T09:50:00.000,0.0,0.0,0.0,0.0,0,0,0.0
2025-01-12T09:55:00.000,0.0,0.0,0.0,0.0,0,0,0.0
2025-01-12T10:00:00.000,0.0,0.0,0.0,0.0,0,0,0.0
2025-01-12T10:05:00.000,0.0,0.0,0.0,0.0,0,0,0.0
2025-01-12T10:10:00.000,0.0,0.0,0.0,0.0,0,0,0.0
2025-01-12T10:15:00.000,0.0,0.0,0.0,0.0,0,0,0.0
2025-01-12T10:20:00.000,0.0,0.0,0.0,0.0,0,0,0.0
2025-01-12T10:25:00.000,0.0,0.0,0.0,0.0,0,0,0.0
2025-01-12T10:30:00.000,0.0,0.0,0.0,0.0,0,0,0.0
2025-01-12T10:35:00.000,0.0,0.0,0.0,0.0,0,0,0.0
2025-01-12T10:40:00.000,0.0,0.0,0.0,0.0,0,0,0.0
2025-01-12T10:45:00.000,0.0,0.0,0.0,0.0,0,0,0.0
2025-01-12T10:50:00.000,0.0,0.0,0.0,0.0,0,0,0.0
2025-01-12T10:55:00.000,0.0,0.0,0.0,0.0,0,0,0.0
2025-01-12T11:00:00.000,0.0,0.0,0.0,0.0,0,0,0.0
2025-01-12T11:05:00.000,0.0,0.0,0.0,0.0,0,0,0.0
2025-01-12T11:10:00.000,0.0,0.0,0.0,0.0,0,0,0.0
2025-01-12T11:15:00.000,0.0,0.0,0.0,0.0,0,0,0.0
2025-01-12T11:20:00.000,0.0,0.0,0.0,0.0,0,0,0.0
2025-01-12T11:25:00.000,0.0,0.0,0.0,0.0,0,0,0.0
2025-01-12T11:30:00.000,0.0,0.0,0.0,0.0,0,0,0.0
2025-01-12T11:35:00.000,0.0,0.0,0.0,0.0,0,0,0.0
2025-01-12T11:40:00.000,0.0,0.0,0.0,0.0,0,0,0.0
2025-01-12T11:45:00.000,0.0,0.0,0.0,0.0,0,0,0.0
2025-01-12T11:50:00.000,0.0,0.0,0.0,0.0,0,0,0.0
2025-01-12T11:55:00.000,0.0,0.0,0.0,0.0,0,0,0.0
2025-01-12T12:00:00.000,0.0,0.0,0.0,0.0,0,0,0.0
2025-01-12T12:05:00.000,0.0,0.0,0.0,0.0,0,0,0.0
2025-01-12T12:10:00.000,0.0,0.0,0.0,0.0,0,0,0.0
2025-01-12T12:15:00.000,0.0,0.0,0.0,0.0,0,0,0.0
2025-01-12T12:20:00.000,0.0,0.0,0.0,0.0,0,0,0.0
2025-01-12T12:25:00.000,0.0,0.0,0.0,0.0,0,0,0.0
2025-01-12T12:30:00.000,0.0,0.0,0.0,0.0,0,0,0.0
2025-01-12T12:35:00.000,0.0,0.0,0.0,0.0,0,0,0.0
2025-01-12T12:40:00.000,0.0,0.0,0.0,0.0,0,0,0.0
2025-01-12T12:45:00.000,0.0,0.0,0.0,0.0,0,0,0.0
2025-01-12T12:50:00.000,0.0,0.0,0.0,0.0,0,0,0.0
2025-01-12T12:55:00.000,0.0,0.0,0.0,0.0,0,0,0.0
2025-01-12T13:00:00.000,0.0,0.0,0.0,0.0,0,0,0.0
2025-01-12T13:05:00.000,0.0,0.0,0.0,0.0,0,0,0.0
2025-01-12T13:10:00.000,0.0,0.0,0.0,0.0,0,0,0.0
2025-01-12T13:15:00.000,0.0,0.0,0.0,0.0,0,0,0.0
2025-01-12T13:20:00.000,0.0,0.0,0.0,0.0,0,0,0.0
2025-01-12T13:25:00.000,0.0,0.0,0.0,0.0,0,0,0.0
2025-01-12T13:30:00.000,0.0,0.0,0.0,0.0,0,0,0.0
2025-01-12T13:35:00.000,0.0,0.0,0.0,0.0,0,0,0.0
2025-01-12T13:40:00.000,0.0,0.0,0.0,0.0,0,0,0.0
2025-01-12T13:45:00.000,0.0,0.0,0.0,0.0,0,0,0.0
2025-01-12T13:50:00.000,0.0,0.0,0.0,0.0,0,0,0.0
2025-01-12T13:55:00.000,0.0,0.0,0.0,0.0,0,0,0.0
2025-01-12T14:00:00.000,0.0,0.0,0.0,0.0,0,0,0.0
2025-01-12T14:05:00.000,0.0,0.0,0.0,0.0,0,0,0.0
2025-01-12T14:10:00.000,0.0,0.0,0.0,0.0,0,0,0.0
2025-01-12T14:15:00.000,0.0,0.0,0.0,0.0,0,0,0.0
2025-01-12T14:20:00.000,0.0,0.0,0.0,0.0,0,0,0.0
2025-01-12T14:25:00.000,0.0,0.0,0.0,0.0,0,0,0.0
2025-01-12T14:30:00.000,0.0,0.0,0.0,0.0,0,0,0.0
2025-01-12T14:35:00.000,0.0,0.0,0.0,0.0,0,0,0.0
2025-01-12T14:40:00.000,0.0,0.0,0.0,0.0,0,0,0.0
2025-01-12T14:45:00.000,0.0,0.0,0.0,0.0,0,0,0.0
2025-01-12T14:50:00.000,0.0,0.0,0.0,0.0,0,0,0.0
2025-01-12T14:55:00.000,0.0,0.0,0.0,0.0,0,0,0.0
2025-01-12T15:00:00.000,0.0,0.0,0.0,0.0,0,0,0.0
2025-01-12T15:05:00.000,0.0,0.0,0.0,0.0,0,0,0.0
2025-01-12T15:10:00.000,0.0,0.0,0.0,0.0,0,0,0.0
2025-01-12T15:15:00.000,0.0,0.0,0.0,0.0,0,0,0.0
2025-01-12T15:20:00.000,0.0,0.0,0.0,0.0,0,0,0.0
2025-01-12T15:25:00.000,0.0,0.0,0.0,0.0,0,0,0.0
2025-01-12T15:30:00.000,0.0,0.0,0.0,0.0,0,0,0.0
2025-01-12T15:35:00.000,0.0,0.0,0.0,0.0,0,0,0.0
2025-01-12T15:40:00.000,0.0,0.0,0.0,0.0,0,0,0.0
2025-01-12T15:45:00.000,0.0,0.0,0.0,0.0,0,0,0.0
2025-01-12T15:50:00.000,0.0,0.0,0.0,0.0,0,0,0.0
2025-01-12T15:55:00.000,0.0,0.0,0.0,0.0,0,0,0.0
2025-01-12T16:00:00.000,0.0,0.0,0.0,0.0,0,0,0.0
2025-01-13T09:30:00.000,575.77,576.48,575.5,576.45,1737929,21810,575.86
2025-01-13T09:35:00.000,576.47,576.57,575.49,575.72,983390,12683,575.91
2025-01-13T09:40:00.000,575.71,576.9,575.35,576.87,837840,10710,575.93
2025-01-13T09:45:00.000,576.85,576.96,576.105,576.5452,702308,8106,575.99
2025-01-13T09:50:00.000,576.55,577.79,576.39,577.35,554915,9003,576.11
2025-01-13T09:55:00.000,577.34,578.32,577.3085,577.87,835066,10563,576.38
2025-01-13T10:00:00.000,577.88,577.88,577.05,577.475,645462,8474,576.49
2025-01-13T10:05:00.000,577.52,578.62,577.4,577.47,435478,7625,576.58
2025-01-13T10:10:00.000,577.45,577.56,576.86,576.88,407908,11294,576.61
2025-01-13T10:15:00.000,576.91,577.6499,576.48,577.38,573321,8718,576.65
2025-01-13T10:20:00.000,577.38,577.94,576.49,576.68,519968,7539,576.68
2025-01-13T10:25:00.000,576.63,576.71,575.94,576.02,685928,8340,576.64
2025-01-13T10:30:00.000,576.073,577.25,576.03,576.72,446486,6983,576.65
2025-01-13T10:35:00.000,576.7138,578.36,576.66,578.25,516283,7376,576.7
2025-01-13T10:40:00.000,578.22,578.8771,577.75,578.655,435542,6853,576.77
2025-01-13T10:45:00.000,578.67,579.18,578.52,579.025,669565,7996,576.87
2025-01-13T10:50:00.000,579.01,579.06,577.95,578.11,363378,6075,576.92
2025-01-13T10:55:00.000,578.09,578.4,577.72,577.9,259897,5411,576.95
2025-01-13T11:00:00.000,577.9,578.14,577.29,577.41,377957,5731,576.97
2025-01-13T11:05:00.000,577.42,577.49,576.93,577.08,379553,5380,576.98
2025-01-13T11:10:00.000,577.08,577.5,576.86,577.125,334632,5042,576.98
2025-01-13T11:15:00.000,577.12,577.39,576.92,577.14,243948,4458,576.99
2025-01-13T11:20:00.000,577.21,577.65,576.77,577.18,374864,6171,576.99
2025-01-13T11:25:00.000,577.18,577.52,576.84,576.99,586299,4894,577.0
2025-01-13T11:30:00.000,576.97,577.4899,576.85,577.31,315105,4578,577.0
2025-01-13T11:35:00.000,577.33,577.995,576.66,576.83,480128,6387,577.01
2025-01-13T11:40:00.000,576.84,578.21,576.84,577.99,655381,6522,577.03
2025-01-13T11:45:00.000,577.99,578.04,577.45,577.6,186904,3770,577.04
2025-01-13T11:50:00.000,577.5804,577.6901,576.81,576.85,222594,4093,577.04
2025-01-13T11:55:00.000,576.83,576.8599,575.88,576.0,348222,5869,577.02
2025-01-13T12:00:00.000,576.02,576.67,575.68,576.28,397819,5448,577.0
2025-01-13T12:05:00.000,576.2937,577.27,576.2,577.2,412958,5353,576.99
2025-01-13T12:10:00.000,577.21,577.68,577.2,577.61,309478,4187,577.0
2025-01-13T12:15:00.000,577.6,578.22,577.47,578.1,314554,5064,577.01
2025-01-13T12:20:00.000,578.11,578.44,577.91,578.19,298772,4554,577.03
2025-01-13T12:25:00.000,578.19,578.53,578.11,578.23,317410,4578,577.05
2025-01-13T12:30:00.000,578.2,578.44,577.79,578.37,331424,4982,577.07
2025-01-13T12:35:00.000,578.34,578.41,577.77,577.81,333876,4590,577.09
2025-01-13T12:40:00.000,577.74,578.1,577.6,577.81,282147,4235,577.11
2025-01-13T12:45:00.000,577.8,578.5,577.75,578.28,204022,3593,577.12
2025-01-13T12:50:00.000,578.3,578.73,578.155,578.41,187990,3612,577.13
2025-01-13T12:55:00.000,578.44,579.55,578.44,579.46,320550,4781,577.16
2025-01-13T13:00:00.000,579.46,579.525,579.1045,579.2801,371028,4564,577.2
2025-01-13T13:05:00.000,579.28,579.705,578.9701,579.3604,329336,4083,577.24
2025-01-13T13:10:00.000,579.35,579.75,579.34,579.52,217195,3232,577.26
2025-01-13T13:15:00.000,579.56,579.62,578.95,579.13,526707,3490,577.28
2025-01-13T13:20:00.000,579.09,579.26,578.88,579.13,194027,3382,577.3
2025-01-13T13:25:00.000,579.135,579.72,579.07,579.72,221845,3523,577.32
2025-01-13T13:30:00.000,579.69,580.08,579.42,579.97,347824,6447,577.36
2025-01-13T13:35:00.000,579.96,580.15,579.49,579.98,394722,5412,577.4
2025-01-13T13:40:00.000,579.99,579.99,579.37,579.46,299944,4048,577.43
2025-01-13T13:45:00.000,579.455,580.285,579.37,580.16,339702,4483,577.47
2025-01-13T13:50:00.000,580.16,580.25,579.57,579.59,808984,4096,577.51
2025-01-13T13:55:00.000,579.6,580.1298,579.468,580.01,299213,3928,577.54
2025-01-13T14:00:00.000,580.01,580.2,579.4,579.6,255007,3790,577.56
2025-01-13T14:05:00.000,579.6,579.99,579.48,579.63,223616,3501,577.58
2025-01-13T14:10:00.000,579.63,580.01,579.2595,579.3858,392216,4914,577.62
2025-01-13T14:15:00.000,579.41,579.48,579.09,579.15,392200,4253,577.64
2025-01-13T14:20:00.000,579.18,579.7691,578.97,579.52,302369,4684,577.66
2025-01-13T14:25:00.000,579.52,580.36,579.41,580.31,267407,4163,577.69
2025-01-13T14:30:00.000,580.29,580.52,579.975,580.19,277586,4257,577.71
2025-01-13T14:35:00.000,580.21,580.6559,579.7,580.47,363816,4807,577.75
2025-01-13T14:40:00.000,580.4756,581.0,580.43,580.7122,588959,4841,577.81
2025-01-13T14:45:00.000,580.72,580.73,579.64,579.73,462072,5625,577.85
2025-01-13T14:50:00.000,579.77,580.161,579.57,579.9782,371846,3747,577.88
2025-01-13T14:55:00.000,580.01,580.65,579.9924,580.4816,340910,3947,577.92
2025-01-13T15:00:00.000,580.47,580.47,579.93,580.15,664379,4161,577.94
2025-01-13T15:05:00.000,580.15,580.67,580.12,580.34,286341,3884,577.97
2025-01-13T15:10:00.000,580.33,580.5,580.21,580.33,296029,3844,577.99
2025-01-13T15:15:00.000,580.31,580.9,580.18,580.87,413927,4945,578.03
2025-01-13T15:20:00.000,580.85,580.97,579.97,580.02,411556,5421,578.07
2025-01-13T15:25:00.000,580.03,580.32,579.89,580.1,769852,5829,578.1
2025-01-13T15:30:00.000,580.1,580.32,579.87,580.17,533540,5335,578.13
2025-01-13T15:35:00.000,580.16,580.52,579.94,580.04,543608,6577,578.16
2025-01-13T15:40:00.000,580.03,580.39,580.02,580.11,419105,5941,578.19
2025-01-13T15:45:00.000,580.09,580.37,579.93,580.12,600333,7679,578.23
2025-01-13T15:50:00.000,580.16,581.28,580.1,581.1893,1424062,13214,578.35
2025-01-13T15:55:00.000,581.19,581.75,581.105,581.54,2651912,20779,578.59
2025-01-13T16:00:00.000,0.0,0.0,0.0,0.0,0,0,578.59
2025-01-14T09:30:00.000,584.36,584.56,583.3,583.96,1431329,14254,583.96
2025-01-14T09:35:00.000,583.96,584.83,583.96,584.67,858720,11111,584.13
2025-01-14T09:40:00.000,584.67,585.0,584.23,584.8051,633587,9015,584.23
2025-01-14T09:45:00.000,584.79,584.939,583.3,584.0,723917,10211,584.19
2025-01-14T09:50:00.000,584.05,584.1,582.36,582.75,704683,10700,584.03
2025-01-14T09:55:00.000,582.74,583.1799,581.97,582.3,551026,8361,583.87
2025-01-14T10:00:00.000,582.3,583.4,582.16,583.04,590076,7949,583.77
2025-01-14T10:05:00.000,583.03,584.27,582.94,583.79,500563,7529,583.77
2025-01-14T10:10:00.000,583.79,584.56,583.59,584.05,761753,9002,583.81
2025-01-14T10:15:00.000,584.0593,584.64,584.02,584.08,516359,5392,583.84
2025-01-14T10:20:00.000,584.09,584.1,583.2,583.6,399675,5884,583.83
2025-01-14T10:25:00.000,583.6,584.07,582.87,583.15,376131,8291,583.82
2025-01-14T10:30:00.000,583.1752,583.37,582.71,582.78,288952,4685,583.79
2025-01-14T10:35:00.000,582.7907,583.12,582.23,582.29,322937,5114,583.75
2025-01-14T10:40:00.000,582.3,583.61,582.1229,583.52,452718,6262,583.71
2025-01-14T10:45:00.000,583.47,583.559,582.6,582.6,278448,4439,583.69
2025-01-14T10:50:00.000,582.6199,582.88,581.839,582.835,740070,5426,583.62
2025-01-14T10:55:00.000,582.84,582.86,581.79,581.79,453623,4610,583.57
2025-01-14T11:00:00.000,581.81,581.9407,580.18,580.4995,640854,8567,583.42
2025-01-14T11:05:00.000,580.44,581.4,580.41,581.13,547410,6252,583.29
2025-01-14T11:10:00.000,581.02,581.28,580.5,580.85,289736,4417,583.23
2025-01-14T11:15:00.000,580.85,581.29,580.5,580.83,193299,3559,583.2
2025-01-14T11:20:00.000,580.8258,581.45,580.8258,581.2,239839,3581,583.16
2025-01-14T11:25:00.000,581.1801,581.9599,580.85,580.86,657753,6690,583.09
2025-01-14T11:30:00.000,580.83,581.4,580.82,581.1,313701,4869,583.05
2025-01-14T11:35:00.000,581.08,581.1557,580.22,580.5,342776,5027,582.99
2025-01-14T11:40:00.000,580.51,580.69,579.44,579.5,924038,7281,582.86
2025-01-14T11:45:00.000,579.53,579.7681,579.31,579.5075,926243,5181,582.78
2025-01-14T11:50:00.000,579.51,579.74,579.3,579.488,298749,4450,582.72
2025-01-14T11:55:00.000,579.488,579.76,578.77,578.77,374312,5378,582.64
2025-01-14T12:00:00.000,578.75,579.17,578.57,579.035,568665,5793,582.53
2025-01-14T12:05:00.000,579.02,579.66,578.82,579.4,362940,5124,582.45
2025-01-14T12:10:00.000,579.42,579.93,579.385,579.5501,347634,4564,582.4
2025-01-14T12:15:00.000,579.56,580.13,579.49,579.65,235850,3524,582.36
2025-01-14T12:20:00.000,579.64,579.68,579.04,579.4,309029,3945,582.3
2025-01-14T12:25:00.000,579.46,579.97,579.4,579.72,167614,2929,582.28
2025-01-14T12:30:00.000,579.71,579.71,578.5701,578.77,425168,3818,582.24
2025-01-14T12:35:00.000,578.74,579.4199,578.35,579.4,384605,3544,582.19
2025-01-14T12:40:00.000,579.39,580.31,579.23,580.12,408352,3715,582.15
2025-01-14T12:45:00.000,580.12,580.24,579.7,579.98,215749,3131,582.12
2025-01-14T12:50:00.000,579.98,580.56,579.97,580.285,272127,3613,582.1
2025-01-14T12:55:00.000,580.3,580.32,579.78,580.22,247650,3232,582.07
2025-01-14T13:00:00.000,580.21,580.8499,580.1,580.81,241425,3112,582.04
2025-01-14T13:05:00.000,580.81,581.01,580.63,580.83,1166781,2800,582.03
2025-01-14T13:10:00.000,580.82,580.93,580.55,580.81,149663,2450,582.02
2025-01-14T13:15:00.000,580.78,581.46,580.59,581.18,240865,3384,582.01
2025-01-14T13:20:00.000,581.1899,581.69,581.0908,581.69,192672,2617,582.01
2025-01-14T13:25:00.000,581.68,582.237,581.62,582.02,279098,3659,582.0
2025-01-14T13:30:00.000,582.02,582.19,581.79,582.115,385595,4210,582.0
2025-01-14T13:35:00.000,582.12,582.5799,582.01,582.5799,440654,4278,582.01
2025-01-14T13:40:00.000,582.55,583.16,582.47,583.03,622028,4726,582.03
2025-01-14T13:45:00.000,583.02,583.42,582.88,583.33,378522,4549,582.05
2025-01-14T13:50:00.000,583.335,583.63,583.25,583.6,501762,4789,582.08
2025-01-14T13:55:00.000,583.6001,583.755,583.39,583.49,458397,4592,582.12
2025-01-14T14:00:00.000,583.47,583.49,582.96,583.2,1032661,5525,582.15
2025-01-14T14:05:00.000,583.19,583.6,583.0701,583.27,264462,3180,582.17
2025-01-14T14:10:00.000,583.29,583.358,582.85,583.26,253173,3487,582.18
2025-01-14T14:15:00.000,583.24,583.75,583.215,583.58,264333,3684,582.19
2025-01-14T14:20:00.000,583.59,583.65,583.37,583.6,254245,3270,582.21
2025-01-14T14:25:00.000,583.6,583.81,583.01,583.04,280716,3778,582.22
2025-01-14T14:30:00.000,583.04,583.68,582.91,583.45,282368,4002,582.23
2025-01-14T14:35:00.000,583.43,583.74,583.415,583.52,236099,3171,582.24
2025-01-14T14:40:00.000,583.515,583.55,583.02,583.11,229892,3505,582.25
2025-01-14T14:45:00.000,583.1025,583.16,582.79,582.84,279937,3886,582.26
2025-01-14T14:50:00.000,582.86,582.86,581.65,581.77,512075,5744,582.26
2025-01-14T14:55:00.000,581.79,581.84,580.39,580.56,722425,6948,582.23
2025-01-14T15:00:00.000,580.55,580.87,579.02,579.24,882873,9366,582.15
2025-01-14T15:05:00.000,579.26,579.87,578.9,579.67,970506,8029,582.08
2025-01-14T15:10:00.000,579.66,579.77,579.21,579.52,338339,4781,582.05
2025-01-14T15:15:00.000,579.53,580.28,579.53,579.9574,626954,6557,582.0
2025-01-14T15:20:00.000,580.0,580.62,579.58,580.47,386573,5503,581.98
2025-01-14T15:25:00.000,580.46,580.55,580.015,580.49,347480,4538,581.96
2025-01-14T15:30:00.000,580.47,580.84,579.95,580.105,517427,5603,581.93
2025-01-14T15:35:00.000,580.12,580.62,579.64,579.695,639753,6631,581.89
2025-01-14T15:40:00.000,579.7,580.32,579.58,580.26,709277,7202,581.84
2025-01-14T15:45:00.000,580.28,580.99,580.2,580.56,821445,7572,581.82
2025-01-14T15:50:00.000,580.62,581.81,580.53,581.58,1661381,12391,581.8
2025-01-14T15:55:00.000,581.59,582.29,581.37,582.19,3188341,19518,581.81
2025-01-14T16:00:00.000,0.0,0.0,0.0,0.0,0,0,581.81
2025-01-15T09:30:00.000,590.325,590.94,589.58,590.68,2518773,23221,590.31
2025-01-15T09:35:00.000,590.68,590.85,589.195,590.11,1132814,11466,590.22
2025-01-15T09:40:00.000,590.14,591.24,590.14,591.16,899486,8950,590.32
2025-01-15T09:45:00.000,591.16,592.14,591.04,592.1126,1111225,9809,590.55
2025-01-15T09:50:00.000,592.11,592.13,591.22,591.43,567341,7875,590.67
2025-01-15T09:55:00.000,591.43,592.13,591.02,591.93,711533,9450,590.78
2025-01-15T10:00:00.000,591.95,592.44,591.91,592.14,753499,9649,590.93
2025-01-15T10:05:00.000,592.165,592.36,591.56,592.1,679749,13135,591.02
2025-01-15T10:10:00.000,592.11,592.67,592.01,592.29,527373,7864,591.1
2025-01-15T10:15:00.000,592.3,592.97,592.2,592.88,508160,6921,591.19
2025-01-15T10:20:00.000,592.89,592.9,592.3601,592.53,702711,7866,591.29
2025-01-15T10:25:00.000,592.54,592.54,592.09,592.33,627173,6963,591.34
2025-01-15T10:30:00.000,592.34,592.53,591.75,592.17,430942,6764,591.37
2025-01-15T10:35:00.000,592.16,592.22,591.27,591.74,628442,7748,591.39
2025-01-15T10:40:00.000,591.68,592.14,591.45,591.71,426483,6009,591.41
2025-01-15T10:45:00.000,591.69,591.93,591.17,591.334,369910,5537,591.41
2025-01-15T10:50:00.000,591.35,591.88,591.09,591.74,393137,5539,591.41
2025-01-15T10:55:00.000,591.73,591.9785,591.15,591.17,386795,4598,591.42
2025-01-15T11:00:00.000,591.17,591.96,591.17,591.7,344472,4935,591.43
2025-01-15T11:05:00.000,591.7,592.0,590.98,591.4,414620,5094,591.43
2025-01-15T11:10:00.000,591.39,591.67,591.13,591.56,244235,3908,591.43
2025-01-15T11:15:00.000,591.54,591.6052,590.8023,591.18,292844,4289,591.42
2025-01-15T11:20:00.000,591.188,591.81,590.71,591.345,436676,5706,591.42
2025-01-15T11:25:00.000,591.34,591.38,590.9853,591.0201,321473,4304,591.41
2025-01-15T11:30:00.000,591.02,591.02,589.65,589.84,814224,9360,591.34
2025-01-15T11:35:00.000,589.85,590.67,589.82,590.29,453193,5651,591.31
2025-01-15T11:40:00.000,590.3,590.51,589.78,589.8,335934,4216,591.29
2025-01-15T11:45:00.000,589.85,590.15,589.77,590.0,356082,4740,591.26
2025-01-15T11:50:00.000,590.0201,590.13,589.5,589.888,298482,4550,591.23
2025-01-15T11:55:00.000,589.8848,590.19,589.705,590.0268,241089,3634,591.22
2025-01-15T12:00:00.000,590.03,590.58,589.92,590.46,265769,4255,591.2
2025-01-15T12:05:00.000,590.43,590.99,590.34,590.9,294306,4193,591.2
2025-01-15T12:10:00.000,590.9,591.16,590.79,590.95,207932,3732,591.19
2025-01-15T12:15:00.000,590.96,591.38,590.65,590.74,368693,4546,591.19
2025-01-15T12:20:00.000,590.75,591.07,590.5,590.715,226842,3762,591.19
2025-01-15T12:25:00.000,590.71,591.15,590.71,591.12,138703,2674,591.19
2025-01-15T12:30:00.000,591.12,591.545,591.1,591.46,197032,3427,591.19
2025-01-15T12:35:00.000,591.47,591.83,591.3239,591.78,324407,3508,591.19
2025-01-15T12:40:00.000,591.7719,591.91,591.7,591.85,271932,3540,591.2
2025-01-15T12:45:00.000,591.85,591.95,591.6662,591.819,140228,2763,591.2
2025-01-15T12:50:00.000,591.81,591.81,591.2,591.5801,340065,3880,591.21
2025-01-15T12:55:00.000,591.5986,591.6,590.89,591.0,220731,3639,591.21
2025-01-15T13:00:00.000,591.0,591.7299,591.0,591.6845,176373,3270,591.21
2025-01-15T13:05:00.000,591.68,591.86,591.34,591.42,146427,2899,591.21
2025-01-15T13:10:00.000,591.41,591.6929,591.4001,591.6399,97923,2386,591.21
2025-01-15T13:15:00.000,591.635,592.03,591.61,591.9799,238004,3881,591.22
2025-01-15T13:20:00.000,591.971,592.09,591.9,591.98,153937,2966,591.23
2025-01-15T13:25:00.000,591.9799,592.27,591.87,592.27,345403,3306,591.23
2025-01-15T13:30:00.000,592.255,592.5,592.2,592.27,225622,4598,591.25
2025-01-15T13:35:00.000,592.28,592.28,591.98,592.2,215235,3793,591.25
2025-01-15T13:40:00.000,592.2,592.47,592.0929,592.385,285465,3822,591.27
2025-01-15T13:45:00.000,592.4,592.54,592.28,592.3701,137235,2713,591.27
2025-01-15T13:50:00.000,592.4,592.66,592.4,592.625,123492,2708,591.28
2025-01-15T13:55:00.000,592.625,592.66,592.44,592.53,175009,3163,591.29
2025-01-15T14:00:00.000,592.53,592.79,592.4601,592.69,273781,3233,591.3
2025-01-15T14:05:00.000,592.695,592.8,592.58,592.64,286718,3527,591.32
2025-01-15T14:10:00.000,592.63,592.85,592.56,592.78,373098,3632,591.34
2025-01-15T14:15:00.000,592.77,592.85,592.61,592.68,332128,3913,591.35
2025-01-15T14:20:00.000,592.68,592.84,592.44,592.5,349102,4232,591.37
2025-01-15T14:25:00.000,592.52,593.14,592.47,593.1,328729,4384,591.39
2025-01-15T14:30:00.000,593.12,593.39,593.06,593.205,667075,4778,591.44
2025-01-15T14:35:00.000,593.205,593.68,593.195,593.6,466886,4818,591.47
2025-01-15T14:40:00.000,593.605,593.72,593.09,593.1168,480181,5340,591.51
2025-01-15T14:45:00.000,593.14,593.409,593.02,593.27,265777,3718,591.53
2025-01-15T14:50:00.000,593.27,593.5299,593.04,593.49,257274,3515,591.54
2025-01-15T14:55:00.000,593.49,593.4999,593.265,593.4,376830,3494,591.56
2025-01-15T15:00:00.000,593.4,593.6,593.29,593.375,771154,4159,591.59
2025-01-15T15:05:00.000,593.37,593.54,593.3301,593.485,245745,3507,591.61
2025-01-15T15:10:00.000,593.5,593.82,593.5,593.705,1017352,5864,591.66
2025-01-15T15:15:00.000,593.7,593.74,593.5,593.595,536388,5342,591.7
2025-01-15T15:20:00.000,593.595,593.89,593.57,593.78,506797,5273,591.73
2025-01-15T15:25:00.000,593.77,593.94,593.65,593.69,774076,5238,591.77
2025-01-15T15:30:00.000,593.68,593.84,593.45,593.79,567377,5376,591.8
2025-01-15T15:35:00.000,593.77,593.8,593.24,593.4085,635251,6600,591.83
2025-01-15T15:40:00.000,593.41,593.53,593.08,593.405,945195,7445,591.87
2025-01-15T15:45:00.000,593.4,593.69,593.23,593.35,1508714,10068,591.93
2025-01-15T15:50:00.000,593.34,593.34,592.89,592.94,2414548,15323,592.0
2025-01-15T15:55:00.000,592.94,593.23,592.68,592.78,4541562,25200,592.11
2025-01-15T16:00:00.000,0.0,0.0,0.0,0.0,0,0,592.11
2025-01-16T09:30:00.000,594.175,594.3,593.36,593.67,1402165,14395,593.82
2025-01-16T09:35:00.000,593.68,594.18,593.45,593.94,471722,6398,593.83
2025-01-16T09:40:00.000,593.9225,594.26,592.96,593.15,496822,6924,593.78
2025-01-16T09:45:00.000,593.15,593.19,592.22,592.49,739771,8239,593.59
2025-01-16T09:50:00.000,592.46,592.97,592.31,592.6699,357522,5694,593.5
2025-01-16T09:55:00.000,592.65,592.905,592.065,592.185,495370,5829,593.4
2025-01-16T10:00:00.000,592.18,592.33,591.32,591.95,612085,8583,593.17
2025-01-16T10:05:00.000,591.98,593.12,591.96,592.87,561680,11130,593.11
2025-01-16T10:10:00.000,592.83,593.21,591.94,591.98,474438,6401,593.04
2025-01-16T10:15:00.000,591.98,592.7,591.87,592.6,369431,5362,593.01
2025-01-16T10:20:00.000,592.6,592.95,592.25,592.87,280985,4940,592.99
2025-01-16T10:25:00.000,592.9298,592.9298,592.01,592.2828,217890,4420,592.97
2025-01-16T10:30:00.000,592.27,592.975,592.03,592.21,274709,5153,592.95
2025-01-16T10:35:00.000,592.2,593.0786,591.78,592.9,255456,4833,592.93
2025-01-16T10:40:00.000,592.94,593.0299,591.85,592.4426,294068,5008,592.91
2025-01-16T10:45:00.000,592.43,592.6,591.92,592.32,159434,3868,592.9
2025-01-16T10:50:00.000,592.37,592.83,592.355,592.45,199136,3895,592.89
2025-01-16T10:55:00.000,592.45,593.46,592.45,593.46,316669,5033,592.89
2025-01-16T11:00:00.000,593.44,593.99,593.3,593.87,383346,5845,592.93
2025-01-16T11:05:00.000,593.85,594.35,593.39,594.19,748382,5728,593.0
2025-01-16T11:10:00.000,594.195,594.21,593.38,593.44,471465,6032,593.05
2025-01-16T11:15:00.000,593.475,593.69,592.66,593.3,561917,6442,593.05
2025-01-16T11:20:00.000,593.27,593.275,592.54,593.01,301719,5054,593.05
2025-01-16T11:25:00.000,593.005,593.54,592.89,593.3601,211154,3641,593.05
2025-01-16T11:30:00.000,593.34,593.54,593.11,593.11,208099,3719,593.06
2025-01-16T11:35:00.000,593.1,593.22,592.5,592.68,301718,4932,593.05
2025-01-16T11:40:00.000,592.65,592.74,591.82,592.35,535397,5417,593.02
2025-01-16T11:45:00.000,592.39,592.93,592.3,592.9,235953,4225,593.01
2025-01-16T11:50:00.000,592.91,593.11,592.483,592.955,210572,3905,593.01
2025-01-16T11:55:00.000,592.955,593.57,592.86,593.5055,194110,3437,593.01
2025-01-16T12:00:00.000,593.495,593.66,593.282,593.57,206015,3809,593.02
2025-01-16T12:05:00.000,593.565,593.67,593.34,593.52,191987,3460,593.03
2025-01-16T12:10:00.000,593.48,593.685,593.44,593.53,143311,3084,593.04
2025-01-16T12:15:00.000,593.55,593.56,592.85,593.12,271115,4505,593.04
2025-01-16T12:20:00.000,593.115,593.54,592.785,593.47,191880,3737,593.04
2025-01-16T12:25:00.000,593.48,593.81,593.4,593.78,146020,3339,593.05
2025-01-16T12:30:00.000,593.78,593.8,593.5,593.52,164547,3235,593.05
2025-01-16T12:35:00.000,593.53,593.55,593.0025,593.13,185160,3821,593.05
2025-01-16T12:40:00.000,593.11,593.28,593.005,593.12,123912,2582,593.06
2025-01-16T12:45:00.000,593.12,593.38,593.01,593.1,135877,2941,593.06
2025-01-16T12:50:00.000,593.13,593.17,592.8101,593.01,158528,2904,593.06
2025-01-16T12:55:00.000,593.01,593.31,592.92,592.9799,113097,2582,593.06
2025-01-16T13:00:00.000,592.97,593.33,592.91,593.3,143349,2766,593.06
2025-01-16T13:05:00.000,593.32,593.54,593.04,593.15,255159,3563,593.06
2025-01-16T13:10:00.000,593.16,593.44,593.02,593.055,108046,2546,593.06
2025-01-16T13:15:00.000,593.0501,593.11,592.73,592.8601,179315,3324,593.06
2025-01-16T13:20:00.000,592.86,593.04,592.84,592.91,193515,3258,593.06
2025-01-16T13:25:00.000,592.94,593.04,592.11,592.26,200275,3568,593.06
2025-01-16T13:30:00.000,592.26,592.4,591.92,592.01,569244,5777,593.03
2025-01-16T13:35:00.000,592.0199,592.13,591.5801,591.94,489876,4605,593.02
2025-01-16T13:40:00.000,591.94,592.09,591.66,591.78,289252,4548,593.0
2025-01-16T13:45:00.000,591.81,591.81,590.93,591.4775,544196,6756,592.93
2025-01-16T13:50:00.000,591.46,591.89,591.17,591.795,490415,5064,592.9
2025-01-16T13:55:00.000,591.78,591.8978,591.199,591.4,558155,5361,592.86
2025-01-16T14:00:00.000,591.38,591.78,591.075,591.7177,340944,4858,592.83
2025-01-16T14:05:00.000,591.75,592.2315,591.71,592.01,224737,4152,592.82
2025-01-16T14:10:00.000,592.01,592.38,591.92,592.15,206678,3620,592.82
2025-01-16T14:15:00.000,592.15,592.415,592.11,592.26,214733,3256,592.81
2025-01-16T14:20:00.000,592.27,592.4,591.56,591.72,230870,3899,592.8
2025-01-16T14:25:00.000,591.72,592.6126,591.7,592.465,244056,3529,592.79
2025-01-16T14:30:00.000,592.47,592.5,592.185,592.43,192815,3424,592.79
2025-01-16T14:35:00.000,592.43,592.83,592.32,592.78,181100,3257,592.79
2025-01-16T14:40:00.000,592.78,592.78,592.47,592.5495,208396,3111,592.79
2025-01-16T14:45:00.000,592.54,592.72,592.47,592.59,161865,2860,592.79
2025-01-16T14:50:00.000,592.59,592.715,592.22,592.65,312291,4156,592.78
2025-01-16T14:55:00.000,592.66,593.08,592.66,592.93,428027,4241,592.78
2025-01-16T15:00:00.000,592.93,593.11,592.84,593.03,306583,3696,592.79
2025-01-16T15:05:00.000,593.03,593.33,593.03,593.25,299993,4696,592.79
2025-01-16T15:10:00.000,593.24,593.33,592.74,592.75,790793,4341,592.8
2025-01-16T15:15:00.000,592.73,592.94,592.27,592.36,455424,4488,592.79
2025-01-16T15:20:00.000,592.36,592.49,591.94,592.18,447520,5594,592.78
2025-01-16T15:25:00.000,592.15,592.57,592.11,592.29,728729,4580,592.77
2025-01-16T15:30:00.000,592.29,592.7943,592.26,592.61,572220,4606,592.77
2025-01-16T15:35:00.000,592.57,592.86,592.4,592.6,527656,4576,592.77
2025-01-16T15:40:00.000,592.6,593.139,592.58,593.03,428172,4863,592.77
2025-01-16T15:45:00.000,593.04,593.08,592.655,592.82,818481,6862,592.77
2025-01-16T15:50:00.000,592.8,593.2,592.35,592.47,1634874,11717,592.77
2025-01-16T15:55:00.000,592.49,592.49,591.48,591.7,2743774,17471,592.71
2025-01-16T16:00:00.000,0.0,0.0,0.0,0.0,0,0,592.71
2025-01-17T09:30:00.000,596.96,597.3,596.06,596.31,2663637,23116,596.7
2025-01-17T09:35:00.000,596.35,596.8601,595.9426,596.11,1083158,8938,596.65
2025-01-17T09:40:00.000,596.12,596.67,595.61,596.12,674924,7766,596.59
2025-01-17T09:45:00.000,596.13,596.99,595.9,596.9351,674487,8151,596.6
2025-01-17T09:50:00.000,596.915,597.245,596.36,596.535,588479,7715,596.62
2025-01-17T09:55:00.000,596.54,596.93,596.03,596.29,518451,6474,596.61
2025-01-17T10:00:00.000,596.32,597.16,596.27,597.06,3237192,6620,596.63
2025-01-17T10:05:00.000,597.07,597.54,596.71,596.765,709247,12941,596.68
2025-01-17T10:10:00.000,596.76,597.33,596.63,597.16,722838,6459,596.7
2025-01-17T10:15:00.000,597.11,597.34,597.01,597.18,878087,4680,596.71
2025-01-17T10:20:00.000,597.19,597.27,596.2,596.68,451285,6321,596.71
2025-01-17T10:25:00.000,596.67,597.0,596.05,596.97,398810,5309,596.7
2025-01-17T10:30:00.000,596.99,597.3898,596.78,597.21,558270,5263,596.72
2025-01-17T10:35:00.000,597.205,597.6,597.1,597.54,6192471,5671,596.74
2025-01-17T10:40:00.000,597.56,597.72,597.27,597.41,479959,6442,596.78
2025-01-17T10:45:00.000,597.43,597.65,597.21,597.6499,442557,5168,596.81
2025-01-17T10:50:00.000,597.63,597.93,597.53,597.89,368499,5429,596.84
2025-01-17T10:55:00.000,597.89,598.18,597.74,598.16,929516,6269,596.89
2025-01-17T11:00:00.000,598.14,598.18,597.7139,597.9505,391924,4842,596.93
2025-01-17T11:05:00.000,597.95,598.33,597.81,598.1297,331837,4420,596.96
2025-01-17T11:10:00.000,598.14,598.2801,597.93,598.19,379998,4828,596.99
2025-01-17T11:15:00.000,598.2,598.41,598.07,598.23,521407,4318,597.02
2025-01-17T11:20:00.000,598.24,598.75,598.2,598.74,266951,4481,597.05
2025-01-17T11:25:00.000,598.7325,599.1,598.68,598.77,609766,6700,597.13
2025-01-17T11:30:00.000,598.77,598.94,598.1,598.28,424149,5311,597.18
2025-01-17T11:35:00.000,598.285,598.69,598.28,598.6484,244607,3973,597.2
2025-01-17T11:40:00.000,598.645,598.6999,598.44,598.68,236406,3455,597.22
2025-01-17T11:45:00.000,598.68,598.78,598.32,598.58,229919,3597,597.24
2025-01-17T11:50:00.000,598.6,598.7,598.23,598.25,312876,3814,597.26
2025-01-17T11:55:00.000,598.26,598.48,598.12,598.295,182126,2955,597.28
2025-01-17T12:00:00.000,598.28,598.2961,597.82,598.1,336244,4426,597.29
2025-01-17T12:05:00.000,598.0773,598.4174,598.0252,598.32,169672,2705,597.3
2025-01-17T12:10:00.000,598.325,598.63,598.2301,598.59,517063,2752,597.31
2025-01-17T12:15:00.000,598.6,598.7513,598.515,598.7201,436107,3032,597.33
2025-01-17T12:20:00.000,598.72,598.98,598.7,598.895,203922,2917,597.34
2025-01-17T12:25:00.000,598.9,599.04,598.855,598.9812,216697,2749,597.36
2025-01-17T12:30:00.000,599.0,599.08,598.91,598.91,183078,3065,597.38
2025-01-17T12:35:00.000,598.91,599.1,598.63,599.055,257283,3390,597.4
2025-01-17T12:40:00.000,599.06,599.07,598.83,598.92,258294,3275,597.42
2025-01-17T12:45:00.000,598.935,599.06,598.86,599.0148,180053,2600,597.44
2025-01-17T12:50:00.000,599.02,599.07,598.78,598.91,170648,2952,597.45
2025-01-17T12:55:00.000,598.91,598.96,598.53,598.87,269609,3261,597.47
2025-01-17T13:00:00.000,598.89,598.9,598.5651,598.835,404684,2570,597.48
2025-01-17T13:05:00.000,598.83,599.11,598.8,598.98,175119,2797,597.49
2025-01-17T13:10:00.000,598.97,599.3,598.945,599.17,387971,3289,597.52
2025-01-17T13:15:00.000,599.175,599.26,599.095,599.16,981613,3145,597.54
2025-01-17T13:20:00.000,599.17,599.36,599.17,599.2,252177,3458,597.56
2025-01-17T13:25:00.000,599.19,599.28,599.0036,599.03,219608,3216,597.58
2025-01-17T13:30:00.000,599.03,599.11,598.72,598.78,208062,3850,597.59
2025-01-17T13:35:00.000,598.79,599.11,598.74,599.0518,240251,3266,597.61
2025-01-17T13:40:00.000,599.0451,599.06,598.52,598.625,930655,3098,597.62
2025-01-17T13:45:00.000,598.64,598.95,598.58,598.585,648456,2798,597.63
2025-01-17T13:50:00.000,598.6,598.6,598.395,598.56,274520,3305,597.64
2025-01-17T13:55:00.000,598.54,598.59,598.1701,598.59,395504,3732,597.65
2025-01-17T14:00:00.000,598.5513,598.72,598.5,598.57,269376,3463,597.66
2025-01-17T14:05:00.000,598.6,598.61,598.16,598.3872,1426230,3278,597.67
2025-01-17T14:10:00.000,598.4,598.5799,598.24,598.52,265859,3214,597.68
2025-01-17T14:15:00.000,598.52,598.61,598.08,598.0821,226913,3276,597.69
2025-01-17T14:20:00.000,598.08,598.76,598.08,598.72,229188,3168,597.7
2025-01-17T14:25:00.000,598.69,598.73,598.42,598.447,741761,3002,597.71
2025-01-17T14:30:00.000,598.48,598.55,598.31,598.5295,329462,3383,597.72
2025-01-17T14:35:00.000,598.51,598.71,598.48,598.5,705305,2986,597.73
2025-01-17T14:40:00.000,598.5001,598.61,598.32,598.48,240747,3150,597.73
2025-01-17T14:45:00.000,598.5,598.62,598.4,598.4101,142792,2676,597.74
2025-01-17T14:50:00.000,598.41,598.4778,598.14,598.195,672072,3005,597.74
2025-01-17T14:55:00.000,598.19,598.34,598.02,598.24,256286,3774,597.75
2025-01-17T15:00:00.000,598.22,598.22,597.53,597.73,487885,5769,597.75
2025-01-17T15:05:00.000,597.73,598.17,597.55,598.16,405903,4535,597.75
2025-01-17T15:10:00.000,598.15,598.35,598.02,598.04,435472,4999,597.76
2025-01-17T15:15:00.000,598.04,598.34,597.97,598.3092,401921,4366,597.76
2025-01-17T15:20:00.000,598.3,598.4699,598.2314,598.43,449176,5111,597.77
2025-01-17T15:25:00.000,598.44,598.44,598.03,598.1,644293,5861,597.78
2025-01-17T15:30:00.000,598.095,598.5399,598.06,598.5,708618,6060,597.8
2025-01-17T15:35:00.000,598.51,598.59,598.395,598.45,654504,5883,597.81
2025-01-17T15:40:00.000,598.44,598.49,598.1301,598.29,606315,5827,597.82
2025-01-17T15:45:00.000,598.3,598.5,598.17,598.24,771304,7795,597.83
2025-01-17T15:50:00.000,598.23,598.56,597.8,598.245,1303778,11552,597.84
2025-01-17T15:55:00.000,598.26,598.26,597.35,597.57,3920565,23799,597.82
2025-01-17T16:00:00.000,597.55,597.55,597.55,597.55,400,3,597.82
2025-01-18T09:30:00.000,0.0,0.0,0.0,0.0,0,0,0.0
2025-01-18T09:35:00.000,0.0,0.0,0.0,0.0,0,0,0.0
2025-01-18T09:40:00.000,0.0,0.0,0.0,0.0,0,0,0.0
2025-01-18T09:45:00.000,0.0,0.0,0.0,0.0,0,0,0.0
2025-01-18T09:50:00.000,0.0,0.0,0.0,0.0,0,0,0.0
2025-01-18T09:55:00.000,0.0,0.0,0.0,0.0,0,0,0.0
2025-01-18T10:00:00.000,0.0,0.0,0.0,0.0,0,0,0.0
2025-01-18T10:05:00.000,0.0,0.0,0.0,0.0,0,0,0.0
2025-01-18T10:10:00.000,0.0,0.0,0.0,0.0,0,0,0.0
2025-01-18T10:15:00.000,0.0,0.0,0.0,0.0,0,0,0.0
2025-01-18T10:20:00.000,0.0,0.0,0.0,0.0,0,0,0.0
2025-01-18T10:25:00.000,0.0,0.0,0.0,0.0,0,0,0.0
2025-01-18T10:30:00.000,0.0,0.0,0.0,0.0,0,0,0.0
2025-01-18T10:35:00.000,0.0,0.0,0.0,0.0,0,0,0.0
2025-01-18T10:40:00.000,0.0,0.0,0.0,0.0,0,0,0.0
2025-01-18T10:45:00.000,0.0,0.0,0.0,0.0,0,0,0.0
2025-01-18T10:50:00.000,0.0,0.0,0.0,0.0,0,0,0.0
2025-01-18T10:55:00.000,0.0,0.0,0.0,0.0,0,0,0.0
2025-01-18T11:00:00.000,0.0,0.0,0.0,0.0,0,0,0.0
2025-01-18T11:05:00.000,0.0,0.0,0.0,0.0,0,0,0.0
2025-01-18T11:10:00.000,0.0,0.0,0.0,0.0,0,0,0.0
2025-01-18T11:15:00.000,0.0,0.0,0.0,0.0,0,0,0.0
2025-01-18T11:20:00.000,0.0,0.0,0.0,0.0,0,0,0.0
2025-01-18T11:25:00.000,0.0,0.0,0.0,0.0,0,0,0.0
2025-01-18T11:30:00.000,0.0,0.0,0.0,0.0,0,0,0.0
2025-01-18T11:35:00.000,0.0,0.0,0.0,0.0,0,0,0.0
2025-01-18T11:40:00.000,0.0,0.0,0.0,0.0,0,0,0.0
2025-01-18T11:45:00.000,0.0,0.0,0.0,0.0,0,0,0.0
2025-01-18T11:50:00.000,0.0,0.0,0.0,0.0,0,0,0.0
2025-01-18T11:55:00.000,0.0,0.0,0.0,0.0,0,0,0.0
2025-01-18T12:00:00.000,0.0,0.0,0.0,0.0,0,0,0.0
2025-01-18T12:05:00.000,0.0,0.0,0.0,0.0,0,0,0.0
2025-01-18T12:10:00.000,0.0,0.0,0.0,0.0,0,0,0.0
2025-01-18T12:15:00.000,0.0,0.0,0.0,0.0,0,0,0.0
2025-01-18T12:20:00.000,0.0,0.0,0.0,0.0,0,0,0.0
2025-01-18T12:25:00.000,0.0,0.0,0.0,0.0,0,0,0.0
2025-01-18T12:30:00.000,0.0,0.0,0.0,0.0,0,0,0.0
2025-01-18T12:35:00.000,0.0,0.0,0.0,0.0,0,0,0.0
2025-01-18T12:40:00.000,0.0,0.0,0.0,0.0,0,0,0.0
2025-01-18T12:45:00.000,0.0,0.0,0.0,0.0,0,0,0.0
2025-01-18T12:50:00.000,0.0,0.0,0.0,0.0,0,0,0.0
2025-01-18T12:55:00.000,0.0,0.0,0.0,0.0,0,0,0.0
2025-01-18T13:00:00.000,0.0,0.0,0.0,0.0,0,0,0.0
2025-01-18T13:05:00.000,0.0,0.0,0.0,0.0,0,0,0.0
2025-01-18T13:10:00.000,0.0,0.0,0.0,0.0,0,0,0.0
2025-01-18T13:15:00.000,0.0,0.0,0.0,0.0,0,0,0.0
2025-01-18T13:20:00.000,0.0,0.0,0.0,0.0,0,0,0.0
2025-01-18T13:25:00.000,0.0,0.0,0.0,0.0,0,0,0.0
2025-01-18T13:30:00.000,0.0,0.0,0.0,0.0,0,0,0.0
2025-01-18T13:35:00.000,0.0,0.0,0.0,0.0,0,0,0.0
2025-01-18T13:40:00.000,0.0,0.0,0.0,0.0,0,0,0.0
2025-01-18T13:45:00.000,0.0,0.0,0.0,0.0,0,0,0.0
2025-01-18T13:50:00.000,0.0,0.0,0.0,0.0,0,0,0.0
2025-01-18T13:55:00.000,0.0,0.0,0.0,0.0,0,0,0.0
2025-01-18T14:00:00.000,0.0,0.0,0.0,0.0,0,0,0.0
2025-01-18T14:05:00.000,0.0,0.0,0.0,0.0,0,0,0.0
2025-01-18T14:10:00.000,0.0,0.0,0.0,0.0,0,0,0.0
2025-01-18T14:15:00.000,0.0,0.0,0.0,0.0,0,0,0.0
2025-01-18T14:20:00.000,0.0,0.0,0.0,0.0,0,0,0.0
2025-01-18T14:25:00.000,0.0,0.0,0.0,0.0,0,0,0.0
2025-01-18T14:30:00.000,0.0,0.0,0.0,0.0,0,0,0.0
2025-01-18T14:35:00.000,0.0,0.0,0.0,0.0,0,0,0.0
2025-01-18T14:40:00.000,0.0,0.0,0.0,0.0,0,0,0.0
2025-01-18T14:45:00.000,0.0,0.0,0.0,0.0,0,0,0.0
2025-01-18T14:50:00.000,0.0,0.0,0.0,0.0,0,0,0.0
2025-01-18T14:55:00.000,0.0,0.0,0.0,0.0,0,0,0.0
2025-01-18T15:00:00.000,0.0,0.0,0.0,0.0,0,0,0.0
2025-01-18T15:05:00.000,0.0,0.0,0.0,0.0,0,0,0.0
2025-01-18T15:10:00.000,0.0,0.0,0.0,0.0,0,0,0.0
2025-01-18T15:15:00.000,0.0,0.0,0.0,0.0,0,0,0.0
2025-01-18T15:20:00.000,0.0,0.0,0.0,0.0,0,0,0.0
2025-01-18T15:25:00.000,0.0,0.0,0.0,0.0,0,0,0.0
2025-01-18T15:30:00.000,0.0,0.0,0.0,0.0,0,0,0.0
2025-01-18T15:35:00.000,0.0,0.0,0.0,0.0,0,0,0.0
2025-01-18T15:40:00.000,0.0,0.0,0.0,0.0,0,0,0.0
2025-01-18T15:45:00.000,0.0,0.0,0.0,0.0,0,0,0.0
2025-01-18T15:50:00.000,0.0,0.0,0.0,0.0,0,0,0.0
2025-01-18T15:55:00.000,0.0,0.0,0.0,0.0,0,0,0.0
2025-01-18T16:00:00.000,0.0,0.0,0.0,0.0,0,0,0.0
2025-01-19T09:30:00.000,0.0,0.0,0.0,0.0,0,0,0.0
2025-01-19T09:35:00.000,0.0,0.0,0.0,0.0,0,0,0.0
2025-01-19T09:40:00.000,0.0,0.0,0.0,0.0,0,0,0.0
2025-01-19T09:45:00.000,0.0,0.0,0.0,0.0,0,0,0.0
2025-01-19T09:50:00.000,0.0,0.0,0.0,0.0,0,0,0.0
2025-01-19T09:55:00.000,0.0,0.0,0.0,0.0,0,0,0.0
2025-01-19T10:00:00.000,0.0,0.0,0.0,0.0,0,0,0.0
2025-01-19T10:05:00.000,0.0,0.0,0.0,0.0,0,0,0.0
2025-01-19T10:10:00.000,0.0,0.0,0.0,0.0,0,0,0.0
2025-01-19T10:15:00.000,0.0,0.0,0.0,0.0,0,0,0.0
2025-01-19T10:20:00.000,0.0,0.0,0.0,0.0,0,0,0.0
2025-01-19T10:25:00.000,0.0,0.0,0.0,0.0,0,0,0.0
2025-01-19T10:30:00.000,0.0,0.0,0.0,0.0,0,0,0.0
2025-01-19T10:35:00.000,0.0,0.0,0.0,0.0,0,0,0.0
2025-01-19T10:40:00.000,0.0,0.0,0.0,0.0,0,0,0.0
2025-01-19T10:45:00.000,0.0,0.0,0.0,0.0,0,0,0.0
2025-01-19T10:50:00.000,0.0,0.0,0.0,0.0,0,0,0.0
2025-01-19T10:55:00.000,0.0,0.0,0.0,0.0,0,0,0.0
2025-01-19T11:00:00.000,0.0,0.0,0.0,0.0,0,0,0.0
2025-01-19T11:05:00.000,0.0,0.0,0.0,0.0,0,0,0.0
2025-01-19T11:10:00.000,0.0,0.0,0.0,0.0,0,0,0.0
2025-01-19T11:15:00.000,0.0,0.0,0.0,0.0,0,0,0.0
2025-01-19T11:20:00.000,0.0,0.0,0.0,0.0,0,0,0.0
2025-01-19T11:25:00.000,0.0,0.0,0.0,0.0,0,0,0.0
2025-01-19T11:30:00.000,0.0,0.0,0.0,0.0,0,0,0.0
2025-01-19T11:35:00.000,0.0,0.0,0.0,0.0,0,0,0.0
2025-01-19T11:40:00.000,0.0,0.0,0.0,0.0,0,0,0.0
2025-01-19T11:45:00.000,0.0,0.0,0.0,0.0,0,0,0.0
2025-01-19T11:50:00.000,0.0,0.0,0.0,0.0,0,0,0.0
2025-01-19T11:55:00.000,0.0,0.0,0.0,0.0,0,0,0.0
2025-01-19T12:00:00.000,0.0,0.0,0.0,0.0,0,0,0.0
2025-01-19T12:05:00.000,0.0,0.0,0.0,0.0,0,0,0.0
2025-01-19T12:10:00.000,0.0,0.0,0.0,0.0,0,0,0.0
2025-01-19T12:15:00.000,0.0,0.0,0.0,0.0,0,0,0.0
2025-01-19T12:20:00.000,0.0,0.0,0.0,0.0,0,0,0.0
2025-01-19T12:25:00.000,0.0,0.0,0.0,0.0,0,0,0.0
2025-01-19T12:30:00.000,0.0,0.0,0.0,0.0,0,0,0.0
2025-01-19T12:35:00.000,0.0,0.0,0.0,0.0,0,0,0.0
2025-01-19T12:40:00.000,0.0,0.0,0.0,0.0,0,0,0.0
2025-01-19T12:45:00.000,0.0,0.0,0.0,0.0,0,0,0.0
2025-01-19T12:50:00.000,0.0,0.0,0.0,0.0,0,0,0.0
2025-01-19T12:55:00.000,0.0,0.0,0.0,0.0,0,0,0.0
2025-01-19T13:00:00.000,0.0,0.0,0.0,0.0,0,0,0.0
2025-01-19T13:05:00.000,0.0,0.0,0.0,0.0,0,0,0.0
2025-01-19T13:10:00.000,0.0,0.0,0.0,0.0,0,0,0.0
2025-01-19T13:15:00.000,0.0,0.0,0.0,0.0,0,0,0.0
2025-01-19T13:20:00.000,0.0,0.0,0.0,0.0,0,0,0.0
2025-01-19T13:25:00.000,0.0,0.0,0.0,0.0,0,0,0.0
2025-01-19T13:30:00.000,0.0,0.0,0.0,0.0,0,0,0.0
2025-01-19T13:35:00.000,0.0,0.0,0.0,0.0,0,0,0.0
2025-01-19T13:40:00.000,0.0,0.0,0.0,0.0,0,0,0.0
2025-01-19T13:45:00.000,0.0,0.0,0.0,0.0,0,0,0.0
2025-01-19T13:50:00.000,0.0,0.0,0.0,0.0,0,0,0.0
2025-01-19T13:55:00.000,0.0,0.0,0.0,0.0,0,0,0.0
2025-01-19T14:00:00.000,0.0,0.0,0.0,0.0,0,0,0.0
2025-01-19T14:05:00.000,0.0,0.0,0.0,0.0,0,0,0.0
2025-01-19T14:10:00.000,0.0,0.0,0.0,0.0,0,0,0.0
2025-01-19T14:15:00.000,0.0,0.0,0.0,0.0,0,0,0.0
2025-01-19T14:20:00.000,0.0,0.0,0.0,0.0,0,0,0.0
2025-01-19T14:25:00.000,0.0,0.0,0.0,0.0,0,0,0.0
2025-01-19T14:30:00.000,0.0,0.0,0.0,0.0,0,0,0.0
2025-01-19T14:35:00.000,0.0,0.0,0.0,0.0,0,0,0.0
2025-01-19T14:40:00.000,0.0,0.0,0.0,0.0,0,0,0.0
2025-01-19T14:45:00.000,0.0,0.0,0.0,0.0,0,0,0.0
2025-01-19T14:50:00.000,0.0,0.0,0.0,0.0,0,0,0.0
2025-01-19T14:55:00.000,0.0,0.0,0.0,0.0,0,0,0.0
2025-01-19T15:00:00.000,0.0,0.0,0.0,0.0,0,0,0.0
2025-01-19T15:05:00.000,0.0,0.0,0.0,0.0,0,0,0.0
2025-01-19T15:10:00.000,0.0,0.0,0.0,0.0,0,0,0.0
2025-01-19T15:15:00.000,0.0,0.0,0.0,0.0,0,0,0.0
2025-01-19T15:20:00.000,0.0,0.0,0.0,0.0,0,0,0.0
2025-01-19T15:25:00.000,0.0,0.0,0.0,0.0,0,0,0.0
2025-01-19T15:30:00.000,0.0,0.0,0.0,0.0,0,0,0.0
2025-01-19T15:35:00.000,0.0,0.0,0.0,0.0,0,0,0.0
2025-01-19T15:40:00.000,0.0,0.0,0.0,0.0,0,0,0.0
2025-01-19T15:45:00.000,0.0,0.0,0.0,0.0,0,0,0.0
2025-01-19T15:50:00.000,0.0,0.0,0.0,0.0,0,0,0.0
2025-01-19T15:55:00.000,0.0,0.0,0.0,0.0,0,0,0.0
2025-01-19T16:00:00.000,0.0,0.0,0.0,0.0,0,0,0.0
2025-01-20T09:30:00.000,0.0,0.0,0.0,0.0,0,0,0.0
2025-01-20T09:35:00.000,0.0,0.0,0.0,0.0,0,0,0.0
2025-01-20T09:40:00.000,0.0,0.0,0.0,0.0,0,0,0.0
2025-01-20T09:45:00.000,0.0,0.0,0.0,0.0,0,0,0.0
2025-01-20T09:50:00.000,0.0,0.0,0.0,0.0,0,0,0.0
2025-01-20T09:55:00.000,0.0,0.0,0.0,0.0,0,0,0.0
2025-01-20T10:00:00.000,0.0,0.0,0.0,0.0,0,0,0.0
2025-01-20T10:05:00.000,0.0,0.0,0.0,0.0,0,0,0.0
2025-01-20T10:10:00.000,0.0,0.0,0.0,0.0,0,0,0.0
2025-01-20T10:15:00.000,0.0,0.0,0.0,0.0,0,0,0.0
2025-01-20T10:20:00.000,0.0,0.0,0.0,0.0,0,0,0.0
2025-01-20T10:25:00.000,0.0,0.0,0.0,0.0,0,0,0.0
2025-01-20T10:30:00.000,0.0,0.0,0.0,0.0,0,0,0.0
2025-01-20T10:35:00.000,0.0,0.0,0.0,0.0,0,0,0.0
2025-01-20T10:40:00.000,0.0,0.0,0.0,0.0,0,0,0.0
2025-01-20T10:45:00.000,0.0,0.0,0.0,0.0,0,0,0.0
2025-01-20T10:50:00.000,0.0,0.0,0.0,0.0,0,0,0.0
2025-01-20T10:55:00.000,0.0,0.0,0.0,0.0,0,0,0.0
2025-01-20T11:00:00.000,0.0,0.0,0.0,0.0,0,0,0.0
2025-01-20T11:05:00.000,0.0,0.0,0.0,0.0,0,0,0.0
2025-01-20T11:10:00.000,0.0,0.0,0.0,0.0,0,0,0.0
2025-01-20T11:15:00.000,0.0,0.0,0.0,0.0,0,0,0.0
2025-01-20T11:20:00.000,0.0,0.0,0.0,0.0,0,0,0.0
2025-01-20T11:25:00.000,0.0,0.0,0.0,0.0,0,0,0.0
2025-01-20T11:30:00.000,0.0,0.0,0.0,0.0,0,0,0.0
2025-01-20T11:35:00.000,0.0,0.0,0.0,0.0,0,0,0.0
2025-01-20T11:40:00.000,0.0,0.0,0.0,0.0,0,0,0.0
2025-01-20T11:45:00.000,0.0,0.0,0.0,0.0,0,0,0.0
2025-01-20T11:50:00.000,0.0,0.0,0.0,0.0,0,0,0.0
2025-01-20T11:55:00.000,0.0,0.0,0.0,0.0,0,0,0.0
2025-01-20T12:00:00.000,0.0,0.0,0.0,0.0,0,0,0.0
2025-01-20T12:05:00.000,0.0,0.0,0.0,0.0,0,0,0.0
2025-01-20T12:10:00.000,0.0,0.0,0.0,0.0,0,0,0.0
2025-01-20T12:15:00.000,0.0,0.0,0.0,0.0,0,0,0.0
2025-01-20T12:20:00.000,0.0,0.0,0.0,0.0,0,0,0.0
2025-01-20T12:25:00.000,0.0,0.0,0.0,0.0,0,0,0.0
2025-01-20T12:30:00.000,0.0,0.0,0.0,0.0,0,0,0.0
2025-01-20T12:35:00.000,0.0,0.0,0.0,0.0,0,0,0.0
2025-01-20T12:40:00.000,0.0,0.0,0.0,0.0,0,0,0.0
2025-01-20T12:45:00.000,0.0,0.0,0.0,0.0,0,0,0.0
2025-01-20T12:50:00.000,0.0,0.0,0.0,0.0,0,0,0.0
2025-01-20T12:55:00.000,0.0,0.0,0.0,0.0,0,0,0.0
2025-01-20T13:00:00.000,0.0,0.0,0.0,0.0,0,0,0.0
2025-01-20T13:05:00.000,0.0,0.0,0.0,0.0,0,0,0.0
2025-01-20T13:10:00.000,0.0,0.0,0.0,0.0,0,0,0.0
2025-01-20T13:15:00.000,0.0,0.0,0.0,0.0,0,0,0.0
2025-01-20T13:20:00.000,0.0,0.0,0.0,0.0,0,0,0.0
2025-01-20T13:25:00.000,0.0,0.0,0.0,0.0,0,0,0.0
2025-01-20T13:30:00.000,0.0,0.0,0.0,0.0,0,0,0.0
2025-01-20T13:35:00.000,0.0,0.0,0.0,0.0,0,0,0.0
2025-01-20T13:40:00.000,0.0,0.0,0.0,0.0,0,0,0.0
2025-01-20T13:45:00.000,0.0,0.0,0.0,0.0,0,0,0.0
2025-01-20T13:50:00.000,0.0,0.0,0.0,0.0,0,0,0.0
2025-01-20T13:55:00.000,0.0,0.0,0.0,0.0,0,0,0.0
2025-01-20T14:00:00.000,0.0,0.0,0.0,0.0,0,0,0.0
2025-01-20T14:05:00.000,0.0,0.0,0.0,0.0,0,0,0.0
2025-01-20T14:10:00.000,0.0,0.0,0.0,0.0,0,0,0.0
2025-01-20T14:15:00.000,0.0,0.0,0.0,0.0,0,0,0.0
2025-01-20T14:20:00.000,0.0,0.0,0.0,0.0,0,0,0.0
2025-01-20T14:25:00.000,0.0,0.0,0.0,0.0,0,0,0.0
2025-01-20T14:30:00.000,0.0,0.0,0.0,0.0,0,0,0.0
2025-01-20T14:35:00.000,0.0,0.0,0.0,0.0,0,0,0.0
2025-01-20T14:40:00.000,0.0,0.0,0.0,0.0,0,0,0.0
2025-01-20T14:45:00.000,0.0,0.0,0.0,0.0,0,0,0.0
2025-01-20T14:50:00.000,0.0,0.0,0.0,0.0,0,0,0.0
2025-01-20T14:55:00.000,0.0,0.0,0.0,0.0,0,0,0.0
2025-01-20T15:00:00.000,0.0,0.0,0.0,0.0,0,0,0.0
2025-01-20T15:05:00.000,0.0,0.0,0.0,0.0,0,0,0.0
2025-01-20T15:10:00.000,0.0,0.0,0.0,0.0,0,0,0.0
2025-01-20T15:15:00.000,0.0,0.0,0.0,0.0,0,0,0.0
2025-01-20T15:20:00.000,0.0,0.0,0.0,0.0,0,0,0.0
2025-01-20T15:25:00.000,0.0,0.0,0.0,0.0,0,0,0.0
2025-01-20T15:30:00.000,0.0,0.0,0.0,0.0,0,0,0.0
2025-01-20T15:35:00.000,0.0,0.0,0.0,0.0,0,0,0.0
2025-01-20T15:40:00.000,0.0,0.0,0.0,0.0,0,0,0.0
2025-01-20T15:45:00.000,0.0,0.0,0.0,0.0,0,0,0.0
2025-01-20T15:50:00.000,0.0,0.0,0.0,0.0,0,0,0.0
2025-01-20T15:55:00.000,0.0,0.0,0.0,0.0,0,0,0.0
2025-01-20T16:00:00.000,0.0,0.0,0.0,0.0,0,0,0.0
2025-01-21T09:30:00.000,600.67,601.13,600.38,600.8301,1392247,21770,600.71
2025-01-21T09:35:00.000,600.85,601.09,600.04,600.115,685037,9159,600.64
2025-01-21T09:40:00.000,600.16,600.42,599.6002,600.18,669325,9504,600.48
2025-01-21T09:45:00.000,600.17,601.47,600.14,600.8503,629778,8533,600.58
2025-01-21T09:50:00.000,600.9,601.28,599.53,599.69,634310,9079,600.57
2025-01-21T09:55:00.000,599.69,600.63,599.69,600.52,363969,6022,600.54
2025-01-21T10:00:00.000,600.5476,600.549,599.75,599.91,326670,6070,600.5
2025-01-21T10:05:00.000,599.89,600.55,599.6,600.215,412210,6151,600.48
2025-01-21T10:10:00.000,600.22,600.3305,598.67,598.93,721204,7839,600.37
2025-01-21T10:15:00.000,598.96,599.99,598.76,599.9101,439971,6612,600.3
2025-01-21T10:20:00.000,599.9,600.205,599.47,599.56,445146,6314,600.27
2025-01-21T10:25:00.000,599.65,600.4006,599.65,600.355,293646,5224,600.26
2025-01-21T10:30:00.000,600.33,600.5,599.9,599.98,302001,5713,600.26
2025-01-21T10:35:00.000,599.96,600.29,599.71,600.19,249613,4756,600.25
2025-01-21T10:40:00.000,600.185,600.62,600.15,600.38,300530,5503,600.26
2025-01-21T10:45:00.000,600.37,600.475,599.68,599.975,502424,5929,600.24
2025-01-21T10:50:00.000,599.98,600.2,599.43,600.14,267846,5270,600.23
2025-01-21T10:55:00.000,600.12,600.57,599.84,600.3701,192911,4558,600.23
2025-01-21T11:00:00.000,600.36,600.36,599.83,600.19,193591,3898,600.22
2025-01-21T11:05:00.000,600.19,600.86,600.19,600.73,245086,4540,600.23
2025-01-21T11:10:00.000,600.71,600.84,600.45,600.82,238790,4094,600.24
2025-01-21T11:15:00.000,600.815,600.85,600.53,600.7283,276403,8442,600.26
2025-01-21T11:20:00.000,600.7272,600.94,600.62,600.72,197982,8790,600.27
2025-01-21T11:25:00.000,600.74,600.865,600.57,600.78,169220,3582,600.27
2025-01-21T11:30:00.000,600.77,601.0591,600.71,600.8799,199676,3827,600.28
2025-01-21T11:35:00.000,600.87,601.04,600.41,600.45,212006,4224,600.29
2025-01-21T11:40:00.000,600.465,600.81,600.26,600.315,587098,4711,600.3
2025-01-21T11:45:00.000,600.33,600.84,600.315,600.79,168254,3026,600.3
2025-01-21T11:50:00.000,600.78,601.34,600.69,601.34,187155,3740,600.32
2025-01-21T11:55:00.000,601.34,601.47,601.06,601.38,426378,4073,600.34
2025-01-21T12:00:00.000,601.35,601.35,601.03,601.31,175517,3732,600.35
2025-01-21T12:05:00.000,601.32,601.4499,601.21,601.3801,168533,3352,600.36
2025-01-21T12:10:00.000,601.39,601.51,601.25,601.2799,174483,3271,600.38
2025-01-21T12:15:00.000,601.28,601.35,600.93,601.07,223218,3534,600.39
2025-01-21T12:20:00.000,601.07,601.34,600.95,601.29,167211,3501,600.4
2025-01-21T12:25:00.000,601.28,601.78,601.21,601.58,241667,3883,600.42
2025-01-21T12:30:00.000,601.58,601.96,601.5415,601.95,238972,3634,600.45
2025-01-21T12:35:00.000,601.94,602.0,601.66,601.8301,355339,3762,600.47
2025-01-21T12:40:00.000,601.83,602.13,601.81,601.96,271852,4181,600.5
2025-01-21T12:45:00.000,601.95,602.17,601.91,602.0601,327832,3623,600.54
2025-01-21T12:50:00.000,602.05,602.42,602.05,602.31,551558,4582,600.59
2025-01-21T12:55:00.000,602.31,602.49,602.27,602.445,217199,3482,600.62
2025-01-21T13:00:00.000,602.44,602.4609,602.0725,602.42,343954,4509,600.66
2025-01-21T13:05:00.000,602.43,602.49,602.29,602.43,253410,3279,600.68
2025-01-21T13:10:00.000,602.4398,602.58,602.305,602.5,342372,3433,600.7
2025-01-21T13:15:00.000,602.5,602.88,602.49,602.67,257805,3642,600.74
2025-01-21T13:20:00.000,602.66,602.75,602.57,602.6651,215114,3106,600.76
2025-01-21T13:25:00.000,602.68,602.76,602.4451,602.59,149456,2903,600.78
2025-01-21T13:30:00.000,602.6,602.7,602.48,602.53,152518,4037,600.79
2025-01-21T13:35:00.000,602.54,602.78,602.51,602.61,160933,3447,600.81
2025-01-21T13:40:00.000,602.6192,602.665,602.2102,602.45,488044,4214,600.85
2025-01-21T13:45:00.000,602.46,602.47,602.215,602.29,174902,2979,600.86
2025-01-21T13:50:00.000,602.28,602.63,602.28,602.48,130972,2670,600.87
2025-01-21T13:55:00.000,602.45,602.68,602.44,602.62,111894,2408,600.88
2025-01-21T14:00:00.000,602.615,602.62,602.42,602.57,419651,3272,600.91
2025-01-21T14:05:00.000,602.57,602.76,602.54,602.64,251460,3053,600.93
2025-01-21T14:10:00.000,602.645,602.82,602.53,602.56,194607,2751,600.95
2025-01-21T14:15:00.000,602.555,602.57,602.07,602.16,413156,3979,600.97
2025-01-21T14:20:00.000,602.168,602.22,601.9,602.085,242894,3982,600.99
2025-01-21T14:25:00.000,602.08,602.52,602.08,602.37,627594,5105,601.02
2025-01-21T14:30:00.000,602.38,602.39,602.0,602.0202,436660,5068,601.05
2025-01-21T14:35:00.000,602.03,602.08,601.69,601.87,381173,4700,601.07
2025-01-21T14:40:00.000,601.86,602.1899,601.8299,601.89,199563,3184,601.08
2025-01-21T14:45:00.000,601.89,601.9374,601.75,601.865,246194,3256,601.09
2025-01-21T14:50:00.000,601.865,601.96,601.67,601.95,458343,4028,601.1
2025-01-21T14:55:00.000,601.95,602.19,601.9301,602.16,485635,3491,601.11
2025-01-21T15:00:00.000,602.18,602.2,601.995,602.135,380141,3778,601.13
2025-01-21T15:05:00.000,602.135,602.24,602.11,602.21,250183,3660,601.14
2025-01-21T15:10:00.000,602.215,602.29,602.14,602.225,314646,4191,601.15
2025-01-21T15:15:00.000,602.23,602.46,602.17,602.3999,649431,4542,601.18
2025-01-21T15:20:00.000,602.395,602.47,602.2725,602.4,413403,4870,601.2
2025-01-21T15:25:00.000,602.41,602.78,602.34,602.71,535591,5611,601.23
2025-01-21T15:30:00.000,602.72,602.8,602.46,602.4911,808086,7403,601.29
2025-01-21T15:35:00.000,602.495,602.65,602.15,602.635,650452,6734,601.31
2025-01-21T15:40:00.000,602.63,602.67,602.4,602.565,879765,5805,601.34
2025-01-21T15:45:00.000,602.565,602.61,602.35,602.58,1017860,7433,601.38
2025-01-21T15:50:00.000,602.57,602.98,602.42,602.85,1306568,8572,601.42
2025-01-21T15:55:00.000,602.84,602.97,602.47,602.92,3006750,16919,601.52
2025-01-21T16:00:00.000,602.9,602.9,602.9,602.9,400,3,601.52
2025-01-22T09:30:00.000,605.92,606.0798,605.36,605.7995,1693083,14854,605.74
2025-01-22T09:35:00.000,605.78,605.835,605.5,605.63,517040,6382,605.72
2025-01-22T09:40:00.000,605.65,605.83,605.45,605.76,535733,6455,605.7
2025-01-22T09:45:00.000,605.79,606.02,605.63,605.99,402363,5670,605.71
2025-01-22T09:50:00.000,605.98,606.37,605.79,606.32,461276,6011,605.75
2025-01-22T09:55:00.000,606.3023,606.57,606.275,606.4906,457260,6136,605.83
2025-01-22T10:00:00.000,606.5,606.68,606.0,606.53,669787,8195,605.91
2025-01-22T10:05:00.000,606.53,606.77,606.41,606.6357,640586,6068,605.96
2025-01-22T10:10:00.000,606.62,606.91,606.5701,606.74,795957,5582,606.02
2025-01-22T10:15:00.000,606.73,607.04,606.7,606.955,417687,5531,606.08
2025-01-22T10:20:00.000,606.97,606.98,606.57,606.64,414143,5387,606.13
2025-01-22T10:25:00.000,606.64,606.84,606.5901,606.7,573506,4934,606.15
2025-01-22T10:30:00.000,606.72,606.86,606.58,606.73,274947,8054,606.17
2025-01-22T10:35:00.000,606.73,607.08,606.64,606.89,443487,5064,606.2
2025-01-22T10:40:00.000,606.89,607.02,606.71,606.98,440973,4625,606.24
2025-01-22T10:45:00.000,607.01,607.01,606.7699,606.89,408634,4953,606.26
2025-01-22T10:50:00.000,606.87,606.88,606.48,606.71,1397454,5086,606.27
2025-01-22T10:55:00.000,606.72,606.82,606.5,606.5513,229206,3976,606.28
2025-01-22T11:00:00.000,606.55,606.6199,606.36,606.495,412928,5169,606.29
2025-01-22T11:05:00.000,606.5,606.81,606.5,606.7,499409,4894,606.3
2025-01-22T11:10:00.000,606.69,606.69,606.26,606.41,939817,4518,606.3
2025-01-22T11:15:00.000,606.44,606.8,606.42,606.73,265662,4015,606.31
2025-01-22T11:20:00.000,606.73,606.84,606.6,606.8,183132,4188,606.32
2025-01-22T11:25:00.000,606.8,607.24,606.75,607.2375,391570,4458,606.34
2025-01-22T11:30:00.000,607.232,607.44,607.195,607.345,261380,4234,606.36
2025-01-22T11:35:00.000,607.34,607.61,607.2901,607.59,330370,4471,606.4
2025-01-22T11:40:00.000,607.6,607.7,607.36,607.46,378460,3843,606.42
2025-01-22T11:45:00.000,607.46,607.6,607.27,607.395,266273,3772,606.45
2025-01-22T11:50:00.000,607.43,607.78,607.41,607.67,249518,3931,606.47
2025-01-22T11:55:00.000,607.665,607.78,607.62,607.65,199532,3370,606.49
2025-01-22T12:00:00.000,607.65,607.76,607.58,607.75,220718,3841,606.51
2025-01-22T12:05:00.000,607.7515,607.76,607.6699,607.735,177617,3222,606.53
2025-01-22T12:10:00.000,607.73,607.82,607.3,607.3,348366,4546,606.55
2025-01-22T12:15:00.000,607.31,607.65,607.3,607.61,425547,3542,606.58
2025-01-22T12:20:00.000,607.615,607.68,607.5,607.52,340072,2888,606.59
2025-01-22T12:25:00.000,607.52,607.61,607.465,607.55,149048,2813,606.6
2025-01-22T12:30:00.000,607.56,607.7,607.52,607.53,153048,2795,606.61
2025-01-22T12:35:00.000,607.52,607.6699,607.4628,607.58,155589,2836,606.63
2025-01-22T12:40:00.000,607.615,607.64,607.33,607.38,206534,3012,606.64
2025-01-22T12:45:00.000,607.3995,607.58,607.38,607.466538,173430,2628,606.65
2025-01-22T12:50:00.000,607.47,607.56,607.37,607.538,168427,2644,606.66
2025-01-22T12:55:00.000,607.538,607.55,607.3,607.31,165099,2793,606.66
2025-01-22T13:00:00.000,607.3,607.37,607.14,607.2,184449,3147,606.67
2025-01-22T13:05:00.000,607.21,607.42,607.18,607.38,192474,2916,606.68
2025-01-22T13:10:00.000,607.37,607.42,607.22,607.245,174863,2717,606.69
2025-01-22T13:15:00.000,607.25,607.3275,607.06,607.09,143194,2542,606.69
2025-01-22T13:20:00.000,607.11,607.42,606.97,607.14,879217,3487,606.7
2025-01-22T13:25:00.000,607.13,607.1492,606.9412,607.0663,238778,2983,606.7
2025-01-22T13:30:00.000,607.08,607.21,607.01,607.09,112405,3040,606.71
2025-01-22T13:35:00.000,607.1,607.2,607.0626,607.19,116652,2376,606.71
2025-01-22T13:40:00.000,607.18,607.5,607.13,607.49,167811,2822,606.72
2025-01-22T13:45:00.000,607.4915,607.59,607.44,607.54,147952,2613,606.72
2025-01-22T13:50:00.000,607.55,607.6267,607.31,607.455,134877,2473,606.73
2025-01-22T13:55:00.000,607.46,607.465,607.02,607.04,140637,2662,606.73
2025-01-22T14:00:00.000,607.04,607.08,606.85,607.03,270063,3751,606.74
2025-01-22T14:05:00.000,607.055,607.19,606.83,606.96,211897,2918,606.74
2025-01-22T14:10:00.000,606.96,607.11,606.88,607.08,209595,2564,606.74
2025-01-22T14:15:00.000,607.09,607.11,606.995,607.05,209800,2643,606.75
2025-01-22T14:20:00.000,607.045,607.35,607.03,607.08,178772,2971,606.75
2025-01-22T14:25:00.000,607.1,607.115,606.87,606.905,423712,2907,606.75
2025-01-22T14:30:00.000,606.91,607.0799,606.7801,606.985,295330,3295,606.76
2025-01-22T14:35:00.000,606.98,607.235,606.95,607.21,235636,3098,606.76
2025-01-22T14:40:00.000,607.22,607.2709,607.04,607.21,215112,2711,606.76
2025-01-22T14:45:00.000,607.22,607.44,607.14,607.412,157424,2511,606.77
2025-01-22T14:50:00.000,607.42,607.54,607.3301,607.48,143722,2517,606.77
2025-01-22T14:55:00.000,607.49,607.62,607.46,607.6,268942,2867,606.79
2025-01-22T15:00:00.000,607.59,607.62,607.41,607.43,231364,2911,606.79
2025-01-22T15:05:00.000,607.45,607.55,607.39,607.5,183320,2741,606.8
2025-01-22T15:10:00.000,607.51,607.53,607.255,607.42,230721,3326,606.81
2025-01-22T15:15:00.000,607.41,607.4374,607.25,607.31,285852,3360,606.81
2025-01-22T15:20:00.000,607.32,607.4,607.08,607.37,452518,4344,606.82
2025-01-22T15:25:00.000,607.3699,607.3699,607.11,607.12,401015,4317,606.83
2025-01-22T15:30:00.000,607.12,607.35,607.07,607.29,501379,5361,606.84
2025-01-22T15:35:00.000,607.29,607.34,606.87,606.92,1907293,6634,606.85
2025-01-22T15:40:00.000,606.93,607.0,606.79,606.885,756970,5283,606.85
2025-01-22T15:45:00.000,606.87,607.04,606.78,606.81,543910,6212,606.85
2025-01-22T15:50:00.000,606.8,606.89,606.23,606.58,1827866,13444,606.82
2025-01-22T15:55:00.000,606.58,606.73,606.25,606.34,3181048,17811,606.78
2025-01-22T16:00:00.000,606.34,606.34,606.34,606.34,158,2,606.78
2025-01-23T09:30:00.000,605.8,605.92,605.52,605.9,853074,10067,605.73
2025-01-23T09:35:00.000,605.92,606.15,605.79,606.12,377087,5102,605.81
2025-01-23T09:40:00.000,606.1,606.28,605.89,606.175,310521,4839,605.86
2025-01-23T09:45:00.000,606.18,606.25,606.045,606.18,240682,3750,605.9
2025-01-23T09:50:00.000,606.19,606.3,606.13,606.23,224169,3225,605.94
2025-01-23T09:55:00.000,606.225,606.27,605.95,606.2259,296859,4144,605.95
2025-01-23T10:00:00.000,606.24,606.25,605.75,605.855,274675,4286,605.95
2025-01-23T10:05:00.000,605.85,606.1,605.62,605.9,290358,4449,605.94
2025-01-23T10:10:00.000,605.9,606.09,605.8,606.045,259852,6472,605.94
2025-01-23T10:15:00.000,606.05,606.12,605.9101,605.96,207480,3590,605.95
2025-01-23T10:20:00.000,605.95,606.12,605.8,606.0101,174004,3339,605.95
2025-01-23T10:25:00.000,606.01,606.02,605.675,605.73,492567,3277,605.92
2025-01-23T10:30:00.000,605.72,606.17,605.65,606.15,211981,3627,605.92
2025-01-23T10:35:00.000,606.155,606.38,606.06,606.2499,251102,4066,605.93
2025-01-23T10:40:00.000,606.25,606.54,606.17,606.52,276475,3661,605.95
2025-01-23T10:45:00.000,606.535,606.81,606.48,606.69,331040,4611,605.99
2025-01-23T10:50:00.000,606.71,606.91,606.665,606.8211,261191,4328,606.03
2025-01-23T10:55:00.000,606.8001,606.9,606.77,606.89,223921,3709,606.06
2025-01-23T11:00:00.000,606.9,607.31,606.895,607.19,504887,5560,606.15
2025-01-23T11:05:00.000,607.19,607.23,606.805,606.844522,504906,3304,606.21
2025-01-23T11:10:00.000,606.8698,607.2375,606.38,607.1403,596098,7574,606.26
2025-01-23T11:15:00.000,607.16,607.31,606.89,607.18,238967,4038,606.28
2025-01-23T11:20:00.000,607.16,607.55,607.06,607.34,289105,4385,606.32
2025-01-23T11:25:00.000,607.35,607.52,607.05,607.51,382072,4659,606.36
2025-01-23T11:30:00.000,607.5,607.61,607.38,607.41,570745,3672,606.44
2025-01-23T11:35:00.000,607.43,607.47,607.08,607.2801,361642,3844,606.47
2025-01-23T11:40:00.000,607.2802,607.55,607.25,607.51,510682,2803,606.52
2025-01-23T11:45:00.000,607.52,607.87,607.3,607.6552,502276,5570,606.58
2025-01-23T11:50:00.000,607.64,607.69,607.145,607.375,987961,3456,606.59
2025-01-23T11:55:00.000,607.34,607.47,607.21,607.25,510117,2855,606.64
2025-01-23T12:00:00.000,607.25,607.25,606.94,607.0099,754276,3605,606.65
2025-01-23T12:05:00.000,607.0,607.3,606.9701,607.21,147975,2597,606.65
2025-01-23T12:10:00.000,607.21,607.4,607.16,607.385,184844,2784,606.66
2025-01-23T12:15:00.000,607.38,607.42,607.26,607.34,525600,3200,606.69
2025-01-23T12:20:00.000,607.335,607.36,607.1,607.21,205958,2832,606.7
2025-01-23T12:25:00.000,607.22,607.25,607.1,607.17,486099,2267,606.72
2025-01-23T12:30:00.000,607.17,607.22,606.93,607.065,172981,2825,606.73
2025-01-23T12:35:00.000,607.08,607.145,606.96,607.03,427494,2590,606.74
2025-01-23T12:40:00.000,606.99,607.2298,606.9,607.2,206449,2649,606.74
2025-01-23T12:45:00.000,607.195,607.42,607.15,607.37,222699,2981,606.75
2025-01-23T12:50:00.000,607.4,607.64,607.37,607.51,173254,2522,606.76
2025-01-23T12:55:00.000,607.5,607.69,607.45,607.68,165572,2296,606.77
2025-01-23T13:00:00.000,607.68,607.79,607.5999,607.7,385931,2755,606.78
2025-01-23T13:05:00.000,607.69,607.76,607.65,607.71,169254,2163,606.79
2025-01-23T13:10:00.000,607.72,608.08,607.7,608.0225,297946,3631,606.82
2025-01-23T13:15:00.000,608.025,608.17,608.01,608.13,233743,2864,606.84
2025-01-23T13:20:00.000,608.125,608.25,608.08,608.239,434806,4138,606.87
2025-01-23T13:25:00.000,608.2301,608.3,607.9,607.985,268034,3374,606.89
2025-01-23T13:30:00.000,608.0,608.25,608.0,608.2061,131245,2999,606.9
2025-01-23T13:35:00.000,608.2056,608.2499,608.07,608.1,102201,2427,606.91
2025-01-23T13:40:00.000,608.11,608.11,607.79,607.92,175760,3085,606.92
2025-01-23T13:45:00.000,607.93,608.0,607.78,607.82,106510,2425,606.93
2025-01-23T13:50:00.000,607.81,607.94,607.74,607.82,179782,2981,606.94
2025-01-23T13:55:00.000,607.82,607.83,607.67,607.75,238647,2811,606.95
2025-01-23T14:00:00.000,607.73,607.82,607.55,607.5701,164825,2813,606.95
2025-01-23T14:05:00.000,607.57,607.58,607.35,607.48,274903,3866,606.96
2025-01-23T14:10:00.000,607.475,607.53,607.31,607.38,188530,2979,606.97
2025-01-23T14:15:00.000,607.3976,607.47,607.33,607.39,182446,2796,606.97
2025-01-23T14:20:00.000,607.39,607.65,607.31,607.61,235335,3797,606.98
2025-01-23T14:25:00.000,607.5901,607.81,607.5901,607.66,260572,3030,606.99
2025-01-23T14:30:00.000,607.67,607.9695,607.67,607.83,352863,2956,607.0
2025-01-23T14:35:00.000,607.8,607.9499,607.7,607.76,188837,2495,607.0
2025-01-23T14:40:00.000,607.76,607.9,607.75,607.81,139238,2331,607.01
2025-01-23T14:45:00.000,607.8,607.8999,607.68,607.7199,151247,2415,607.01
2025-01-23T14:50:00.000,607.72,607.86,607.7,607.72,200335,2281,607.02
2025-01-23T14:55:00.000,607.71,608.01,607.68,607.825,201158,2915,607.02
2025-01-23T15:00:00.000,607.79,607.845,607.6,607.7299,193844,2777,607.03
2025-01-23T15:05:00.000,607.71,607.9779,607.6699,607.8601,221991,2699,607.04
2025-01-23T15:10:00.000,607.88,608.08,607.77,608.04,780721,3360,607.05
2025-01-23T15:15:00.000,608.04,608.2,607.93,608.075,200497,2865,607.06
2025-01-23T15:20:00.000,608.08,608.2,607.92,608.1999,259547,3726,607.07
2025-01-23T15:25:00.000,608.195,608.27,608.03,608.095,347565,4511,607.09
2025-01-23T15:30:00.000,608.09,608.095,607.8,607.93,576260,5490,607.12
2025-01-23T15:35:00.000,607.885,608.0001,607.755,607.8,479215,4087,607.13
2025-01-23T15:40:00.000,607.8,607.87,607.69,607.78,382068,4461,607.14
2025-01-23T15:45:00.000,607.78,608.19,607.76,608.12,654055,6388,607.16
2025-01-23T15:50:00.000,608.09,608.77,608.06,608.74,1556312,14083,607.25
2025-01-23T15:55:00.000,608.71,609.74,608.705,609.71,3061114,21189,607.49
2025-01-23T16:00:00.000,609.71,609.71,609.71,609.71,115,1,607.49
2025-01-24T09:30:00.000,609.81,610.14,609.65,609.85,840178,10465,609.88
2025-01-24T09:35:00.000,609.87,610.22,609.79,610.1862,441156,6384,609.93
2025-01-24T09:40:00.000,610.19,610.37,610.065,610.215,569693,6067,610.0
2025-01-24T09:45:00.000,610.26,610.78,610.17,610.43,757725,8488,610.17
2025-01-24T09:50:00.000,610.44,610.55,610.17,610.31,365987,4757,610.18
2025-01-24T09:55:00.000,610.32,610.39,610.02,610.33,415165,4794,610.18
2025-01-24T10:00:00.000,610.35,610.54,609.61,609.72,454130,11697,610.16
2025-01-24T10:05:00.000,609.8,609.98,609.6,609.7898,335214,5063,610.13
2025-01-24T10:10:00.000,609.78,609.9,609.42,609.54,342287,5252,610.08
2025-01-24T10:15:00.000,609.545,609.9,609.4,609.75,286990,4906,610.05
2025-01-24T10:20:00.000,609.74,609.74,609.335,609.58,232564,4238,610.03
2025-01-24T10:25:00.000,609.59,609.64,609.25,609.35,170497,3817,610.01
2025-01-24T10:30:00.000,609.35,609.58,609.34,609.5,183634,4053,609.99
2025-01-24T10:35:00.000,609.49,609.65,609.06,609.1999,247214,4872,609.96
2025-01-24T10:40:00.000,609.17,609.36,609.17,609.28,135628,3487,609.95
2025-01-24T10:45:00.000,609.275,609.6199,609.21,609.59,152782,3583,609.94
2025-01-24T10:50:00.000,609.571,609.62,609.27,609.325,159748,3384,609.92
2025-01-24T10:55:00.000,609.33,609.5,609.1801,609.1801,154020,3566,609.91
2025-01-24T11:00:00.000,609.18,609.41,609.08,609.13,201812,3588,609.89
2025-01-24T11:05:00.000,609.14,609.66,609.12,609.61,227308,3698,609.87
2025-01-24T11:10:00.000,609.625,609.72,609.48,609.55,214656,3615,609.86
2025-01-24T11:15:00.000,609.545,609.6881,609.41,609.585,144933,3219,609.86
2025-01-24T11:20:00.000,609.585,609.76,609.58,609.705,1023174,3520,609.85
2025-01-24T11:25:00.000,609.7,609.8898,609.69,609.8898,569452,3594,609.85
2025-01-24T11:30:00.000,609.88,609.94,609.81,609.905,149627,3210,609.85
2025-01-24T11:35:00.000,609.92,610.08,609.76,609.98,192820,3557,609.85
2025-01-24T11:40:00.000,609.97,610.14,609.96,610.115,162608,2950,609.86
2025-01-24T11:45:00.000,610.11,610.2085,610.08,610.19,146805,2902,609.86
2025-01-24T11:50:00.000,610.1802,610.325,610.12,610.17,178908,3359,609.87
2025-01-24T11:55:00.000,610.1672,610.19,609.39,609.53,377873,4231,609.87
2025-01-24T12:00:00.000,609.53,609.65,609.3,609.53,232883,3897,609.86
2025-01-24T12:05:00.000,609.53,609.82,609.36,609.6195,133673,3094,609.85
2025-01-24T12:10:00.000,609.61,609.69,609.37,609.46,161333,2857,609.85
2025-01-24T12:15:00.000,609.455,609.6788,609.4,609.645,201703,3110,609.84
2025-01-24T12:20:00.000,609.66,610.02,609.62,609.94,225012,3332,609.84
2025-01-24T12:25:00.000,609.93,610.05,609.32,609.43,294966,3704,609.84
2025-01-24T12:30:00.000,609.425,609.6199,609.365,609.565,122585,2811,609.83
2025-01-24T12:35:00.000,609.565,609.62,609.385,609.3999,175169,2831,609.83
2025-01-24T12:40:00.000,609.4,609.49,609.32,609.38,176448,2791,609.82
2025-01-24T12:45:00.000,609.38,609.52,609.3,609.33,276573,2410,609.81
2025-01-24T12:50:00.000,609.34,609.38,608.85,609.07,304265,4494,609.79
2025-01-24T12:55:00.000,609.09,609.09,608.52,608.7,522469,5609,609.74
2025-01-24T13:00:00.000,608.6797,608.91,608.54,608.75,213465,3381,609.72
2025-01-24T13:05:00.000,608.76,608.76,608.48,608.48,271744,3017,609.71
2025-01-24T13:10:00.000,608.49,608.5899,608.08,608.51,397730,5038,609.66
2025-01-24T13:15:00.000,608.535,608.6999,608.37,608.53,356072,3000,609.64
2025-01-24T13:20:00.000,608.54,608.71,608.47,608.61,134212,2690,609.63
2025-01-24T13:25:00.000,608.62,608.63,608.37,608.43,175924,2908,609.61
2025-01-24T13:30:00.000,608.45,608.74,608.22,608.2399,172916,4038,609.6
2025-01-24T13:35:00.000,608.23,608.48,608.17,608.4201,169593,3244,609.58
2025-01-24T13:40:00.000,608.42,608.42,608.12,608.14,140342,2641,609.57
2025-01-24T13:45:00.000,608.16,608.38,607.93,608.13,242362,3960,609.54
2025-01-24T13:50:00.000,608.11,608.2199,607.99,608.0101,221918,3166,609.52
2025-01-24T13:55:00.000,608.0001,608.04,607.2,607.421,370970,4803,609.46
2025-01-24T14:00:00.000,607.42,607.855,607.24,607.29,402000,4400,609.4
2025-01-24T14:05:00.000,607.315,607.42,607.01,607.11,407477,4581,609.33
2025-01-24T14:10:00.000,607.13,607.36,606.93,607.14,281275,4580,609.29
2025-01-24T14:15:00.000,607.16,607.48,607.02,607.06,299674,4226,609.25
2025-01-24T14:20:00.000,607.065,607.44,607.0501,607.3999,256638,3822,609.21
2025-01-24T14:25:00.000,607.4,607.8,607.3501,607.43,380406,4608,609.17
2025-01-24T14:30:00.000,607.4,607.62,607.3298,607.33,212323,3353,609.15
2025-01-24T14:35:00.000,607.32,607.53,607.32,607.43,167306,3248,609.13
2025-01-24T14:40:00.000,607.42,607.56,607.35,607.46,155521,2933,609.11
2025-01-24T14:45:00.000,607.46,607.6999,607.43,607.63,197233,2971,609.09
2025-01-24T14:50:00.000,607.6,607.92,607.6,607.86,405097,3301,609.08
2025-01-24T14:55:00.000,607.855,607.86,607.36,607.38,464879,3865,609.04
2025-01-24T15:00:00.000,607.375,607.84,607.26,607.77,449250,4830,608.99
2025-01-24T15:05:00.000,607.76,607.79,607.35,607.38,589256,4319,608.95
2025-01-24T15:10:00.000,607.39,607.64,607.33,607.6075,375277,4968,608.92
2025-01-24T15:15:00.000,607.605,607.635,607.25,607.27,202719,3898,608.9
2025-01-24T15:20:00.000,607.28,607.4,607.08,607.3536,617738,4322,608.87
2025-01-24T15:25:00.000,607.35,607.42,606.94,607.07,288885,4214,608.85
2025-01-24T15:30:00.000,607.08,607.42,606.99,607.02,1403117,4866,608.81
2025-01-24T15:35:00.000,607.02,607.17,606.96,607.03,348791,4681,608.78
2025-01-24T15:40:00.000,607.04,607.19,606.8,607.115,485683,5926,608.73
2025-01-24T15:45:00.000,607.115,607.25,607.01,607.13,530554,6293,608.69
2025-01-24T15:50:00.000,607.11,607.67,607.11,607.53,995257,8883,608.64
2025-01-24T15:55:00.000,607.51,608.15,607.35,607.95,2674284,16742,608.57
2025-01-24T16:00:00.000,607.92,607.92,607.92,607.92,195,3,608.57
2025-01-25T09:30:00.000,0.0,0.0,0.0,0.0,0,0,0.0
2025-01-25T09:35:00.000,0.0,0.0,0.0,0.0,0,0,0.0
2025-01-25T09:40:00.000,0.0,0.0,0.0,0.0,0,0,0.0
2025-01-25T09:45:00.000,0.0,0.0,0.0,0.0,0,0,0.0
2025-01-25T09:50:00.000,0.0,0.0,0.0,0.0,0,0,0.0
2025-01-25T09:55:00.000,0.0,0.0,0.0,0.0,0,0,0.0
2025-01-25T10:00:00.000,0.0,0.0,0.0,0.0,0,0,0.0
2025-01-25T10:05:00.000,0.0,0.0,0.0,0.0,0,0,0.0
2025-01-25T10:10:00.000,0.0,0.0,0.0,0.0,0,0,0.0
2025-01-25T10:15:00.000,0.0,0.0,0.0,0.0,0,0,0.0
2025-01-25T10:20:00.000,0.0,0.0,0.0,0.0,0,0,0.0
2025-01-25T10:25:00.000,0.0,0.0,0.0,0.0,0,0,0.0
2025-01-25T10:30:00.000,0.0,0.0,0.0,0.0,0,0,0.0
2025-01-25T10:35:00.000,0.0,0.0,0.0,0.0,0,0,0.0
2025-01-25T10:40:00.000,0.0,0.0,0.0,0.0,0,0,0.0
2025-01-25T10:45:00.000,0.0,0.0,0.0,0.0,0,0,0.0
2025-01-25T10:50:00.000,0.0,0.0,0.0,0.0,0,0,0.0
2025-01-25T10:55:00.000,0.0,0.0,0.0,0.0,0,0,0.0
2025-01-25T11:00:00.000,0.0,0.0,0.0,0.0,0,0,0.0
2025-01-25T11:05:00.000,0.0,0.0,0.0,0.0,0,0,0.0
2025-01-25T11:10:00.000,0.0,0.0,0.0,0.0,0,0,0.0
2025-01-25T11:15:00.000,0.0,0.0,0.0,0.0,0,0,0.0
2025-01-25T11:20:00.000,0.0,0.0,0.0,0.0,0,0,0.0
2025-01-25T11:25:00.000,0.0,0.0,0.0,0.0,0,0,0.0
2025-01-25T11:30:00.000,0.0,0.0,0.0,0.0,0,0,0.0
2025-01-25T11:35:00.000,0.0,0.0,0.0,0.0,0,0,0.0
2025-01-25T11:40:00.000,0.0,0.0,0.0,0.0,0,0,0.0
2025-01-25T11:45:00.000,0.0,0.0,0.0,0.0,0,0,0.0
2025-01-25T11:50:00.000,0.0,0.0,0.0,0.0,0,0,0.0
2025-01-25T11:55:00.000,0.0,0.0,0.0,0.0,0,0,0.0
2025-01-25T12:00:00.000,0.0,0.0,0.0,0.0,0,0,0.0
2025-01-25T12:05:00.000,0.0,0.0,0.0,0.0,0,0,0.0
2025-01-25T12:10:00.000,0.0,0.0,0.0,0.0,0,0,0.0
2025-01-25T12:15:00.000,0.0,0.0,0.0,0.0,0,0,0.0
2025-01-25T12:20:00.000,0.0,0.0,0.0,0.0,0,0,0.0
2025-01-25T12:25:00.000,0.0,0.0,0.0,0.0,0,0,0.0
2025-01-25T12:30:00.000,0.0,0.0,0.0,0.0,0,0,0.0
2025-01-25T12:35:00.000,0.0,0.0,0.0,0.0,0,0,0.0
2025-01-25T12:40:00.000,0.0,0.0,0.0,0.0,0,0,0.0
2025-01-25T12:45:00.000,0.0,0.0,0.0,0.0,0,0,0.0
2025-01-25T12:50:00.000,0.0,0.0,0.0,0.0,0,0,0.0
2025-01-25T12:55:00.000,0.0,0.0,0.0,0.0,0,0,0.0
2025-01-25T13:00:00.000,0.0,0.0,0.0,0.0,0,0,0.0
2025-01-25T13:05:00.000,0.0,0.0,0.0,0.0,0,0,0.0
2025-01-25T13:10:00.000,0.0,0.0,0.0,0.0,0,0,0.0
2025-01-25T13:15:00.000,0.0,0.0,0.0,0.0,0,0,0.0
2025-01-25T13:20:00.000,0.0,0.0,0.0,0.0,0,0,0.0
2025-01-25T13:25:00.000,0.0,0.0,0.0,0.0,0,0,0.0
2025-01-25T13:30:00.000,0.0,0.0,0.0,0.0,0,0,0.0
2025-01-25T13:35:00.000,0.0,0.0,0.0,0.0,0,0,0.0
2025-01-25T13:40:00.000,0.0,0.0,0.0,0.0,0,0,0.0
2025-01-25T13:45:00.000,0.0,0.0,0.0,0.0,0,0,0.0
2025-01-25T13:50:00.000,0.0,0.0,0.0,0.0,0,0,0.0
2025-01-25T13:55:00.000,0.0,0.0,0.0,0.0,0,0,0.0
2025-01-25T14:00:00.000,0.0,0.0,0.0,0.0,0,0,0.0
2025-01-25T14:05:00.000,0.0,0.0,0.0,0.0,0,0,0.0
2025-01-25T14:10:00.000,0.0,0.0,0.0,0.0,0,0,0.0
2025-01-25T14:15:00.000,0.0,0.0,0.0,0.0,0,0,0.0
2025-01-25T14:20:00.000,0.0,0.0,0.0,0.0,0,0,0.0
2025-01-25T14:25:00.000,0.0,0.0,0.0,0.0,0,0,0.0
2025-01-25T14:30:00.000,0.0,0.0,0.0,0.0,0,0,0.0
2025-01-25T14:35:00.000,0.0,0.0,0.0,0.0,0,0,0.0
2025-01-25T14:40:00.000,0.0,0.0,0.0,0.0,0,0,0.0
2025-01-25T14:45:00.000,0.0,0.0,0.0,0.0,0,0,0.0
2025-01-25T14:50:00.000,0.0,0.0,0.0,0.0,0,0,0.0
2025-01-25T14:55:00.000,0.0,0.0,0.0,0.0,0,0,0.0
2025-01-25T15:00:00.000,0.0,0.0,0.0,0.0,0,0,0.0
2025-01-25T15:05:00.000,0.0,0.0,0.0,0.0,0,0,0.0
2025-01-25T15:10:00.000,0.0,0.0,0.0,0.0,0,0,0.0
2025-01-25T15:15:00.000,0.0,0.0,0.0,0.0,0,0,0.0
2025-01-25T15:20:00.000,0.0,0.0,0.0,0.0,0,0,0.0
2025-01-25T15:25:00.000,0.0,0.0,0.0,0.0,0,0,0.0
2025-01-25T15:30:00.000,0.0,0.0,0.0,0.0,0,0,0.0
2025-01-25T15:35:00.000,0.0,0.0,0.0,0.0,0,0,0.0
2025-01-25T15:40:00.000,0.0,0.0,0.0,0.0,0,0,0.0
2025-01-25T15:45:00.000,0.0,0.0,0.0,0.0,0,0,0.0
2025-01-25T15:50:00.000,0.0,0.0,0.0,0.0,0,0,0.0
2025-01-25T15:55:00.000,0.0,0.0,0.0,0.0,0,0,0.0
2025-01-25T16:00:00.000,0.0,0.0,0.0,0.0,0,0,0.0
2025-01-26T09:30:00.000,0.0,0.0,0.0,0.0,0,0,0.0
2025-01-26T09:35:00.000,0.0,0.0,0.0,0.0,0,0,0.0
2025-01-26T09:40:00.000,0.0,0.0,0.0,0.0,0,0,0.0
2025-01-26T09:45:00.000,0.0,0.0,0.0,0.0,0,0,0.0
2025-01-26T09:50:00.000,0.0,0.0,0.0,0.0,0,0,0.0
2025-01-26T09:55:00.000,0.0,0.0,0.0,0.0,0,0,0.0
2025-01-26T10:00:00.000,0.0,0.0,0.0,0.0,0,0,0.0
2025-01-26T10:05:00.000,0.0,0.0,0.0,0.0,0,0,0.0
2025-01-26T10:10:00.000,0.0,0.0,0.0,0.0,0,0,0.0
2025-01-26T10:15:00.000,0.0,0.0,0.0,0.0,0,0,0.0
2025-01-26T10:20:00.000,0.0,0.0,0.0,0.0,0,0,0.0
2025-01-26T10:25:00.000,0.0,0.0,0.0,0.0,0,0,0.0
2025-01-26T10:30:00.000,0.0,0.0,0.0,0.0,0,0,0.0
2025-01-26T10:35:00.000,0.0,0.0,0.0,0.0,0,0,0.0
2025-01-26T10:40:00.000,0.0,0.0,0.0,0.0,0,0,0.0
2025-01-26T10:45:00.000,0.0,0.0,0.0,0.0,0,0,0.0
2025-01-26T10:50:00.000,0.0,0.0,0.0,0.0,0,0,0.0
2025-01-26T10:55:00.000,0.0,0.0,0.0,0.0,0,0,0.0
2025-01-26T11:00:00.000,0.0,0.0,0.0,0.0,0,0,0.0
2025-01-26T11:05:00.000,0.0,0.0,0.0,0.0,0,0,0.0
2025-01-26T11:10:00.000,0.0,0.0,0.0,0.0,0,0,0.0
2025-01-26T11:15:00.000,0.0,0.0,0.0,0.0,0,0,0.0
2025-01-26T11:20:00.000,0.0,0.0,0.0,0.0,0,0,0.0
2025-01-26T11:25:00.000,0.0,0.0,0.0,0.0,0,0,0.0
2025-01-26T11:30:00.000,0.0,0.0,0.0,0.0,0,0,0.0
2025-01-26T11:35:00.000,0.0,0.0,0.0,0.0,0,0,0.0
2025-01-26T11:40:00.000,0.0,0.0,0.0,0.0,0,0,0.0
2025-01-26T11:45:00.000,0.0,0.0,0.0,0.0,0,0,0.0
2025-01-26T11:50:00.000,0.0,0.0,0.0,0.0,0,0,0.0
2025-01-26T11:55:00.000,0.0,0.0,0.0,0.0,0,0,0.0
2025-01-26T12:00:00.000,0.0,0.0,0.0,0.0,0,0,0.0
2025-01-26T12:05:00.000,0.0,0.0,0.0,0.0,0,0,0.0
2025-01-26T12:10:00.000,0.0,0.0,0.0,0.0,0,0,0.0
2025-01-26T12:15:00.000,0.0,0.0,0.0,0.0,0,0,0.0
2025-01-26T12:20:00.000,0.0,0.0,0.0,0.0,0,0,0.0
2025-01-26T12:25:00.000,0.0,0.0,0.0,0.0,0,0,0.0
2025-01-26T12:30:00.000,0.0,0.0,0.0,0.0,0,0,0.0
2025-01-26T12:35:00.000,0.0,0.0,0.0,0.0,0,0,0.0
2025-01-26T12:40:00.000,0.0,0.0,0.0,0.0,0,0,0.0
2025-01-26T12:45:00.000,0.0,0.0,0.0,0.0,0,0,0.0
2025-01-26T12:50:00.000,0.0,0.0,0.0,0.0,0,0,0.0
2025-01-26T12:55:00.000,0.0,0.0,0.0,0.0,0,0,0.0
2025-01-26T13:00:00.000,0.0,0.0,0.0,0.0,0,0,0.0
2025-01-26T13:05:00.000,0.0,0.0,0.0,0.0,0,0,0.0
2025-01-26T13:10:00.000,0.0,0.0,0.0,0.0,0,0,0.0
2025-01-26T13:15:00.000,0.0,0.0,0.0,0.0,0,0,0.0
2025-01-26T13:20:00.000,0.0,0.0,0.0,0.0,0,0,0.0
2025-01-26T13:25:00.000,0.0,0.0,0.0,0.0,0,0,0.0
2025-01-26T13:30:00.000,0.0,0.0,0.0,0.0,0,0,0.0
2025-01-26T13:35:00.000,0.0,0.0,0.0,0.0,0,0,0.0
2025-01-26T13:40:00.000,0.0,0.0,0.0,0.0,0,0,0.0
2025-01-26T13:45:00.000,0.0,0.0,0.0,0.0,0,0,0.0
2025-01-26T13:50:00.000,0.0,0.0,0.0,0.0,0,0,0.0
2025-01-26T13:55:00.000,0.0,0.0,0.0,0.0,0,0,0.0
2025-01-26T14:00:00.000,0.0,0.0,0.0,0.0,0,0,0.0
2025-01-26T14:05:00.000,0.0,0.0,0.0,0.0,0,0,0.0
2025-01-26T14:10:00.000,0.0,0.0,0.0,0.0,0,0,0.0
2025-01-26T14:15:00.000,0.0,0.0,0.0,0.0,0,0,0.0
2025-01-26T14:20:00.000,0.0,0.0,0.0,0.0,0,0,0.0
2025-01-26T14:25:00.000,0.0,0.0,0.0,0.0,0,0,0.0
2025-01-26T14:30:00.000,0.0,0.0,0.0,0.0,0,0,0.0
2025-01-26T14:35:00.000,0.0,0.0,0.0,0.0,0,0,0.0
2025-01-26T14:40:00.000,0.0,0.0,0.0,0.0,0,0,0.0
2025-01-26T14:45:00.000,0.0,0.0,0.0,0.0,0,0,0.0
2025-01-26T14:50:00.000,0.0,0.0,0.0,0.0,0,0,0.0
2025-01-26T14:55:00.000,0.0,0.0,0.0,0.0,0,0,0.0
2025-01-26T15:00:00.000,0.0,0.0,0.0,0.0,0,0,0.0
2025-01-26T15:05:00.000,0.0,0.0,0.0,0.0,0,0,0.0
2025-01-26T15:10:00.000,0.0,0.0,0.0,0.0,0,0,0.0
2025-01-26T15:15:00.000,0.0,0.0,0.0,0.0,0,0,0.0
2025-01-26T15:20:00.000,0.0,0.0,0.0,0.0,0,0,0.0
2025-01-26T15:25:00.000,0.0,0.0,0.0,0.0,0,0,0.0
2025-01-26T15:30:00.000,0.0,0.0,0.0,0.0,0,0,0.0
2025-01-26T15:35:00.000,0.0,0.0,0.0,0.0,0,0,0.0
2025-01-26T15:40:00.000,0.0,0.0,0.0,0.0,0,0,0.0
2025-01-26T15:45:00.000,0.0,0.0,0.0,0.0,0,0,0.0
2025-01-26T15:50:00.000,0.0,0.0,0.0,0.0,0,0,0.0
2025-01-26T15:55:00.000,0.0,0.0,0.0,0.0,0,0,0.0
2025-01-26T16:00:00.000,0.0,0.0,0.0,0.0,0,0,0.0
2025-01-27T09:30:00.000,594.81,597.88,594.64,597.38,4181846,41307,596.48
2025-01-27T09:35:00.000,597.38,598.45,596.9,598.3199,2023807,19314,596.83
2025-01-27T09:40:00.000,598.31,598.35,597.2606,597.57,1193173,12410,596.97
2025-01-27T09:45:00.000,597.61,598.27,597.46,598.0,943743,13725,597.09
2025-01-27T09:50:00.000,597.99,598.58,597.57,598.2,852156,12245,597.19
2025-01-27T09:55:00.000,598.19,598.665,597.88,598.62,737410,10584,597.28
2025-01-27T10:00:00.000,598.59,598.7,597.46,597.615,904622,11338,597.34
2025-01-27T10:05:00.000,597.64,598.3,597.37,597.745,777449,10965,597.37
2025-01-27T10:10:00.000,597.73,598.17,597.39,597.73,773658,10589,597.4
2025-01-27T10:15:00.000,597.71,598.01,596.67,596.88,1034095,11266,597.38
2025-01-27T10:20:00.000,596.86,598.28,596.85,598.21,685996,10104,597.39
2025-01-27T10:25:00.000,598.18,599.21,597.89,599.0,882980,11543,597.46
2025-01-27T10:30:00.000,598.99,599.5,598.72,599.47,686363,9934,597.53
2025-01-27T10:35:00.000,599.48,599.57,598.83,599.2199,530149,8894,597.59
2025-01-27T10:40:00.000,599.23,599.69,599.03,599.465,549797,8508,597.65
2025-01-27T10:45:00.000,599.45,599.56,598.51,598.715,1021353,8179,597.69
2025-01-27T10:50:00.000,598.73,599.2,598.46,599.15,388563,13344,597.71
2025-01-27T10:55:00.000,599.13,599.3099,598.04,598.08,772901,7734,597.74
2025-01-27T11:00:00.000,598.09,598.25,597.555,597.71,497809,7882,597.74
2025-01-27T11:05:00.000,597.77,597.82,597.02,597.125,946883,7590,597.73
2025-01-27T11:10:00.000,597.1395,597.65,597.13,597.45,594319,6370,597.72
2025-01-27T11:15:00.000,597.45,597.93,597.4,597.55,303973,5895,597.72
2025-01-27T11:20:00.000,597.58,597.69,596.7,596.78,900054,7027,597.7
2025-01-27T11:25:00.000,596.81,596.85,596.29,596.51,455100,6750,597.67
2025-01-27T11:30:00.000,596.5,596.67,596.35,596.47,627939,6036,597.65
2025-01-27T11:35:00.000,596.5,597.13,596.29,596.339,522123,7230,597.63
2025-01-27T11:40:00.000,596.33,596.74,596.24,596.705,408651,6051,597.6
2025-01-27T11:45:00.000,596.68,597.79,596.56,597.3,454673,6149,597.6
2025-01-27T11:50:00.000,597.2425,597.5,596.35,596.44,389529,5577,597.58
2025-01-27T11:55:00.000,596.46,597.38,596.35,596.81,262209,4996,597.58
2025-01-27T12:00:00.000,596.85,597.81,596.2,597.515,1206607,13439,597.54
2025-01-27T12:05:00.000,597.48,597.58,596.6,596.8,380275,5499,597.53
2025-01-27T12:10:00.000,596.77,597.5,596.72,597.11,241724,4361,597.53
2025-01-27T12:15:00.000,597.17,597.5,596.78,596.85,299791,5042,597.53
2025-01-27T12:20:00.000,596.83,597.02,596.39,596.9,340437,5518,597.51
2025-01-27T12:25:00.000,596.835,598.04,596.69,597.65,363730,6050,597.51
2025-01-27T12:30:00.000,597.6418,598.02,597.42,597.98,292972,4634,597.52
2025-01-27T12:35:00.000,597.9,598.21,597.615,597.77,273772,4994,597.52
2025-01-27T12:40:00.000,597.8099,597.85,597.33,597.71,241574,4248,597.52
2025-01-27T12:45:00.000,597.71,597.71,596.8438,596.8725,210013,4135,597.52
2025-01-27T12:50:00.000,596.87,596.87,596.29,596.42,339670,5439,597.51
2025-01-27T12:55:00.000,596.42,596.54,596.15,596.2,378382,5714,597.49
2025-01-27T13:00:00.000,596.19,596.63,596.13,596.385,615118,4638,597.48
2025-01-27T13:05:00.000,596.38,596.78,596.28,596.37,324563,4397,597.47
2025-01-27T13:10:00.000,596.37,596.63,596.22,596.4,469453,4009,597.46
2025-01-27T13:15:00.000,596.41,596.66,596.09,596.34,407907,4498,597.45
2025-01-27T13:20:00.000,596.37,596.62,596.15,596.23,212081,4172,597.45
2025-01-27T13:25:00.000,596.245,596.548,596.03,596.125,267858,4222,597.43
2025-01-27T13:30:00.000,596.11,597.13,596.07,596.8,1313520,7350,597.42
2025-01-27T13:35:00.000,596.81,597.43,596.45,596.531,235260,4790,597.42
2025-01-27T13:40:00.000,596.55,597.42,596.55,597.21,221330,4606,597.42
2025-01-27T13:45:00.000,597.19,597.26,596.67,596.76,235467,4340,597.41
2025-01-27T13:50:00.000,596.77,597.19,596.65,596.995,227079,4311,597.41
2025-01-27T13:55:00.000,596.99,597.03,596.37,596.58,296364,5148,597.4
2025-01-27T14:00:00.000,596.61,597.37,596.6,597.15,389241,4694,597.4
2025-01-27T14:05:00.000,597.13,597.19,596.75,596.84,253972,4762,597.4
2025-01-27T14:10:00.000,596.84,597.33,596.77,597.01,240401,4199,597.39
2025-01-27T14:15:00.000,597.05,597.92,596.96,597.85,477898,6382,597.4
2025-01-27T14:20:00.000,597.865,598.035,597.61,597.97,433463,5358,597.4
2025-01-27T14:25:00.000,597.955,599.12,597.9405,599.01,514652,6917,597.42
2025-01-27T14:30:00.000,598.985,598.99,598.22,598.59,551385,6185,597.44
2025-01-27T14:35:00.000,598.6,598.74,597.88,598.425,437828,6329,597.45
2025-01-27T14:40:00.000,598.425,598.5401,597.56,597.64,361177,5323,597.46
2025-01-27T14:45:00.000,597.64,597.67,596.66,596.75,746708,6979,597.45
2025-01-27T14:50:00.000,596.76,596.96,596.27,596.82,843554,7783,597.44
2025-01-27T14:55:00.000,596.83,597.37,596.59,596.94,1106612,6412,597.43
2025-01-27T15:00:00.000,596.94,597.45,596.842,597.2,607568,6536,597.42
2025-01-27T15:05:00.000,597.19,597.3599,596.33,597.23,733211,8163,597.41
2025-01-27T15:10:00.000,597.25,597.6099,596.83,596.96,322437,5425,597.41
2025-01-27T15:15:00.000,596.93,597.6,596.74,597.41,596349,5975,597.41
2025-01-27T15:20:00.000,597.41,598.03,597.28,597.84,714357,7156,597.41
2025-01-27T15:25:00.000,597.85,598.13,597.36,597.44,679717,6440,597.42
2025-01-27T15:30:00.000,597.46,597.78,597.15,597.37,565919,6983,597.42
2025-01-27T15:35:00.000,597.37,597.99,597.33,597.77,895889,7173,597.42
2025-01-27T15:40:00.000,597.78,598.33,597.57,598.33,840206,8153,597.43
2025-01-27T15:45:00.000,598.28,598.57,597.67,598.1199,963677,10628,597.45
2025-01-27T15:50:00.000,598.1,598.34,597.4,597.98,1360645,16399,597.46
2025-01-27T15:55:00.000,597.99,599.57,597.9,599.41,5709005,29144,597.6
2025-01-27T16:00:00.000,0.0,0.0,0.0,0.0,0,0,597.6
2025-01-28T09:30:00.000,600.62,600.78,599.3862,599.59,1699897,17974,600.19
2025-01-28T09:35:00.000,599.62,599.69,598.79,599.11,708697,9640,599.88
2025-01-28T09:40:00.000,599.15,599.33,598.26,598.39,550014,7429,599.69
2025-01-28T09:45:00.000,598.41,598.83,597.25,597.84,682197,8979,599.38
2025-01-28T09:50:00.000,597.83,598.72,597.54,598.72,476674,6921,599.24
2025-01-28T09:55:00.000,598.73,598.99,598.44,598.9351,461038,6044,599.2
2025-01-28T10:00:00.000,598.9,600.5,598.842,600.47,729458,9315,599.28
2025-01-28T10:05:00.000,600.46,600.67,599.86,599.96,651736,12530,599.4
2025-01-28T10:10:00.000,600.01,600.91,599.94,600.83,498086,7318,599.48
2025-01-28T10:15:00.000,600.82,601.07,600.64,601.02,334663,5700,599.55
2025-01-28T10:20:00.000,601.03,602.01,600.87,601.995,522842,6896,599.69
2025-01-28T10:25:00.000,602.0,602.79,601.93,602.46,669611,7181,599.91
2025-01-28T10:30:00.000,602.49,602.53,601.8,601.94,730122,8629,600.1
2025-01-28T10:35:00.000,601.95,602.56,601.73,602.4,474276,6756,600.21
2025-01-28T10:40:00.000,602.405,602.55,602.1,602.42,261560,5177,600.26
2025-01-28T10:45:00.000,602.36,602.68,601.78,602.6267,353317,5760,600.33
2025-01-28T10:50:00.000,602.63,602.72,602.41,602.42,328451,4967,600.4
2025-01-28T10:55:00.000,602.42,603.09,602.41,603.06,388236,4947,600.49
2025-01-28T11:00:00.000,603.06,603.47,602.56,603.05,444730,5911,600.6
2025-01-28T11:05:00.000,603.055,603.28,603.01,603.255,225966,3767,600.65
2025-01-28T11:10:00.000,603.25,603.57,602.8599,602.98,290124,4593,600.71
2025-01-28T11:15:00.000,603.02,603.24,602.62,602.67,343304,3971,600.75
2025-01-28T11:20:00.000,602.66,602.7827,601.97,602.02,525433,4380,600.79
2025-01-28T11:25:00.000,602.04,602.105,601.03,601.42,2370662,5933,600.81
2025-01-28T11:30:00.000,601.34,601.73,601.31,601.67,568756,4084,600.83
2025-01-28T11:35:00.000,601.66,601.89,601.05,601.87,459893,4316,600.84
2025-01-28T11:40:00.000,601.88,601.96,600.95,601.58,353265,5038,600.86
2025-01-28T11:45:00.000,601.635,602.15,601.5,602.12,216637,3826,600.87
2025-01-28T11:50:00.000,602.13,602.17,601.07,602.08,282537,4591,600.89
2025-01-28T11:55:00.000,602.0175,602.59,601.945,602.57,276363,4161,600.92
2025-01-28T12:00:00.000,602.565,602.78,602.4,602.76,283747,4429,600.95
2025-01-28T12:05:00.000,602.77,603.55,602.72,603.47,332375,4774,601.0
2025-01-28T12:10:00.000,603.48,603.69,603.37,603.54,415528,4405,601.05
2025-01-28T12:15:00.000,603.55,603.9,603.505,603.73,275271,4070,601.09
2025-01-28T12:20:00.000,603.73,603.92,603.54,603.81,250248,4300,601.13
2025-01-28T12:25:00.000,603.82,603.8501,603.58,603.7201,357900,3846,601.17
2025-01-28T12:30:00.000,603.73,603.88,603.65,603.82,250287,3322,601.2
2025-01-28T12:35:00.000,603.81,603.87,603.5,603.665,206435,3289,601.23
2025-01-28T12:40:00.000,603.67,603.72,603.3,603.55,209311,3587,601.25
2025-01-28T12:45:00.000,603.56,603.655,603.29,603.53,147242,3009,601.27
2025-01-28T12:50:00.000,603.53,603.8,603.46,603.78,150278,2657,601.29
2025-01-28T12:55:00.000,603.81,604.08,603.71,603.8308,205242,3413,601.32
2025-01-28T13:00:00.000,603.85,604.29,603.7532,604.25,196526,2949,601.35
2025-01-28T13:05:00.000,604.2499,604.53,604.21,604.3,783863,3231,601.39
2025-01-28T13:10:00.000,604.3,604.55,604.25,604.5398,145032,2268,601.41
2025-01-28T13:15:00.000,604.53,604.79,604.53,604.775,325057,3493,601.48
2025-01-28T13:20:00.000,604.77,604.77,604.24,604.4201,431003,3357,601.53
2025-01-28T13:25:00.000,604.43,604.47,604.02,604.1799,208874,2634,601.56
2025-01-28T13:30:00.000,604.18,604.44,604.15,604.4068,142028,3029,601.58
2025-01-28T13:35:00.000,604.395,604.46,603.9,603.97,130421,2770,601.6
2025-01-28T13:40:00.000,604.01,604.01,603.56,603.8745,291074,3926,601.63
2025-01-28T13:45:00.000,603.87,604.01,603.62,603.98,295806,2470,601.65
2025-01-28T13:50:00.000,604.0,604.19,603.89,603.97,521557,2529,601.66
2025-01-28T13:55:00.000,603.93,604.0,603.67,603.800225,117892,2390,601.68
2025-01-28T14:00:00.000,603.79,603.9,603.4701,603.4701,273619,3195,601.71
2025-01-28T14:05:00.000,603.4803,603.6399,603.34,603.38,177793,2935,601.72
2025-01-28T14:10:00.000,603.41,603.47,603.23,603.42,246827,3186,601.74
2025-01-28T14:15:00.000,603.42,603.905,603.364,603.8,229242,2939,601.76
2025-01-28T14:20:00.000,603.79,604.06,603.77,603.95,426027,2702,601.78
2025-01-28T14:25:00.000,603.96,604.145,603.77,604.04,425239,2893,601.8
2025-01-28T14:30:00.000,604.06,604.45,604.06,604.39,221538,2959,601.83
2025-01-28T14:35:00.000,604.39,604.64,604.38,604.55,231536,3354,601.86
2025-01-28T14:40:00.000,604.55,604.905,604.55,604.79,309100,4136,601.9
2025-01-28T14:45:00.000,604.8,605.11,604.8,605.0402,278983,4010,601.94
2025-01-28T14:50:00.000,605.04,605.17,604.89,605.1573,206512,3470,601.97
2025-01-28T14:55:00.000,605.15,605.26,605.05,605.14,292992,3958,602.01
2025-01-28T15:00:00.000,605.14,605.1475,604.73,604.87,613714,4474,602.06
2025-01-28T15:05:00.000,604.875,604.945,604.68,604.849,260307,3432,602.09
2025-01-28T15:10:00.000,604.84,605.045,604.765,604.95,392705,4210,602.14
2025-01-28T15:15:00.000,604.95,605.32,604.86,605.26,325314,4370,602.18
2025-01-28T15:20:00.000,605.255,605.37,605.2,605.28,392086,3646,602.21
2025-01-28T15:25:00.000,605.26,605.265,604.99,605.09,329980,4050,602.25
2025-01-28T15:30:00.000,605.07,605.217,604.925,605.07,763855,4634,602.32
2025-01-28T15:35:00.000,605.075,605.09,604.75,604.85,480186,5132,602.37
2025-01-28T15:40:00.000,604.8559,605.22,604.85,605.21,472896,5091,602.42
2025-01-28T15:45:00.000,605.22,605.23,604.56,604.71,784323,6570,602.48
2025-01-28T15:50:00.000,604.72,605.11,604.36,605.04,1742756,13720,602.62
2025-01-28T15:55:00.000,605.04,605.06,604.38,604.49,2829671,19923,602.82
2025-01-28T16:00:00.000,604.47,604.47,604.47,604.47,100,1,602.82
2025-01-29T09:30:00.000,603.72,603.99,603.07,603.25,729834,8868,603.57
2025-01-29T09:35:00.000,603.26,603.45,602.9,603.34,338358,5092,603.45
2025-01-29T09:40:00.000,603.32,603.51,602.4451,602.69,436889,6342,603.28
2025-01-29T09:45:00.000,602.67,603.22,602.51,602.795,297603,4379,603.23
2025-01-29T09:50:00.000,602.8,603.48,602.67,603.3007,328416,4822,603.22
2025-01-29T09:55:00.000,603.31,603.5813,602.98,603.27,254426,4439,603.23
2025-01-29T10:00:00.000,603.31,603.8,603.19,603.56,370574,5629,603.27
2025-01-29T10:05:00.000,603.57,604.13,603.5453,604.0,361309,5823,603.35
2025-01-29T10:10:00.000,603.98,604.03,602.82,603.35,342106,5519,603.35
2025-01-29T10:15:00.000,603.36,603.58,602.9799,603.36,203905,4332,603.35
2025-01-29T10:20:00.000,603.32,603.8386,603.08,603.49,173672,3843,603.35
2025-01-29T10:25:00.000,603.47,603.53,602.75,602.98,274870,4012,603.33
2025-01-29T10:30:00.000,603.01,603.29,602.8099,603.17,183275,7021,603.32
2025-01-29T10:35:00.000,603.15,603.33,603.04,603.185,206815,3694,603.32
2025-01-29T10:40:00.000,603.17,603.5,602.5011,602.76,211224,4178,603.3
2025-01-29T10:45:00.000,602.76,602.96,602.48,602.96,174573,3260,603.28
2025-01-29T10:50:00.000,602.95,603.27,602.905,603.17,211256,3169,603.27
2025-01-29T10:55:00.000,603.17,603.17,602.6641,602.78,131353,2926,603.26
2025-01-29T11:00:00.000,602.82,603.176,602.74,603.0399,143769,3045,603.26
2025-01-29T11:05:00.000,603.045,603.045,602.28,602.6001,304606,4346,603.22
2025-01-29T11:10:00.000,602.62,602.76,602.38,602.6701,204198,3870,603.21
2025-01-29T11:15:00.000,602.66,602.73,602.21,602.51,266537,4601,603.17
2025-01-29T11:20:00.000,602.52,602.72,602.2748,602.7,193770,3342,603.15
2025-01-29T11:25:00.000,602.7,602.76,602.44,602.46,199805,3397,603.13
2025-01-29T11:30:00.000,602.44,602.732429,602.32,602.715,109630,3027,603.13
2025-01-29T11:35:00.000,602.7,602.96,602.08,602.1114,247345,4453,603.11
2025-01-29T11:40:00.000,602.14,602.5801,601.93,602.55,157293,3255,603.09
2025-01-29T11:45:00.000,602.58,602.84,602.38,602.8,166480,2699,603.08
2025-01-29T11:50:00.000,602.85,602.97,602.55,602.87,185967,2837,603.07
2025-01-29T11:55:00.000,602.87,602.87,602.0399,602.29,142402,2645,603.06
2025-01-29T12:00:00.000,602.2947,603.04,602.21,603.0218,146113,2933,603.05
2025-01-29T12:05:00.000,603.0244,603.23,602.76,602.9,236341,3088,603.05
2025-01-29T12:10:00.000,602.925,603.08,602.7,602.86,103621,1929,603.05
2025-01-29T12:15:00.000,602.87,603.23,602.82,603.17,88578,2086,603.05
2025-01-29T12:20:00.000,603.175,603.41,603.145,603.2799,133431,2370,603.05
2025-01-29T12:25:00.000,603.26,603.46,602.9395,603.055,156767,2679,603.06
2025-01-29T12:30:00.000,603.06,603.32,603.05,603.08,83311,1983,603.06
2025-01-29T12:35:00.000,603.08,603.15,602.88,602.88,84242,1955,603.06
2025-01-29T12:40:00.000,602.88,603.03,602.7301,602.81,132571,2216,603.06
2025-01-29T12:45:00.000,602.8,602.8,602.3905,602.52,238114,3205,603.04
2025-01-29T12:50:00.000,602.52,602.53,602.28,602.31,178672,2919,603.03
2025-01-29T12:55:00.000,602.33,602.395,601.95,602.08,206370,3362,603.01
2025-01-29T13:00:00.000,602.1,602.35,599.66,600.05,875906,11620,602.81
2025-01-29T13:05:00.000,600.07,601.7,599.81,601.65,686012,7737,602.66
2025-01-29T13:10:00.000,601.69,601.97,600.895,601.6,234922,4209,602.64
2025-01-29T13:15:00.000,601.6162,601.85,601.37,601.49,133183,2795,602.63
2025-01-29T13:20:00.000,601.51,601.7096,601.19,601.7,115377,2382,602.62
2025-01-29T13:25:00.000,601.67,602.36,601.66,602.31,204895,3315,602.61
2025-01-29T13:30:00.000,602.33,602.63,602.04,602.135,353414,4506,602.6
2025-01-29T13:35:00.000,602.145,602.335,601.35,601.49,182122,3099,602.59
2025-01-29T13:40:00.000,601.48,601.82,601.391,601.55,186501,2660,602.57
2025-01-29T13:45:00.000,601.55,602.22,601.43,602.1344,145448,2600,602.57
2025-01-29T13:50:00.000,602.13,602.15,601.64,601.87,189695,2767,602.56
2025-01-29T13:55:00.000,601.86,601.87,601.47,601.49,186009,2776,602.54
2025-01-29T14:00:00.000,601.49,601.49,599.92,600.26,1320972,14336,602.35
2025-01-29T14:05:00.000,600.25,600.94,599.95,600.49,575231,6694,602.27
2025-01-29T14:10:00.000,600.5,600.53,599.6,600.0399,476704,6688,602.19
2025-01-29T14:15:00.000,600.05,600.3,599.22,599.7343,531239,6644,602.1
2025-01-29T14:20:00.000,599.78,600.13,599.5653,599.82,337588,5120,602.06
2025-01-29T14:25:00.000,599.82,599.9099,599.4,599.4,231623,3629,602.03
2025-01-29T14:30:00.000,599.39,601.22,599.25,600.6199,683702,7996,601.96
2025-01-29T14:35:00.000,600.62,601.66,599.45,601.58,975115,10733,601.88
2025-01-29T14:40:00.000,601.56,603.14,601.36,602.56,1138770,11703,601.91
2025-01-29T14:45:00.000,602.56,603.24,601.75,602.43,563934,7173,601.92
2025-01-29T14:50:00.000,602.45,603.28,601.91,602.9141,395001,6171,601.94
2025-01-29T14:55:00.000,602.87,603.0,601.717,602.32,952925,6596,601.95
2025-01-29T15:00:00.000,602.29,602.63,601.14,601.3072,388445,6247,601.95
2025-01-29T15:05:00.000,601.2299,602.0599,601.0001,601.81,502241,6750,601.94
2025-01-29T15:10:00.000,601.83,602.58,601.14,601.7699,431900,6911,601.94
2025-01-29T15:15:00.000,601.7874,601.93,600.55,601.51,359718,5905,601.93
2025-01-29T15:20:00.000,601.53,603.13,601.53,603.03,580961,6998,601.94
2025-01-29T15:25:00.000,603.01,603.6801,602.96,603.35,657080,6859,601.98
2025-01-29T15:30:00.000,603.36,603.66,602.9901,603.16,472227,5170,602.0
2025-01-29T15:35:00.000,603.17,603.1995,601.71,601.81,658332,7152,602.0
2025-01-29T15:40:00.000,601.8,602.42,601.63,601.98,511947,6735,602.0
2025-01-29T15:45:00.000,602.01,602.13,601.4,601.9,800356,8322,602.0
2025-01-29T15:50:00.000,601.9,602.28,600.74,601.84,1007049,12813,601.98
2025-01-29T15:55:00.000,601.89,602.4,601.4201,601.8,1535999,16879,601.98
2025-01-29T16:00:00.000,601.81,601.81,601.81,601.81,130,2,601.98
2025-01-30T09:30:00.000,603.96,604.3,603.6913,603.72,868911,10435,604.03
2025-01-30T09:35:00.000,603.72,604.6,603.3711,604.51,513813,7074,603.98
2025-01-30T09:40:00.000,604.54,604.7,603.95,604.43,483613,6021,604.09
2025-01-30T09:45:00.000,604.44,605.79,604.32,605.7201,478219,6275,604.29
2025-01-30T09:50:00.000,605.71,605.98,605.1,605.51,628048,7222,604.58
2025-01-30T09:55:00.000,605.505,605.92,604.58,604.94,490354,6788,604.67
2025-01-30T10:00:00.000,604.94,604.96,603.09,603.8699,768669,9253,604.5
2025-01-30T10:05:00.000,603.85,603.96,603.28,603.675,450892,6524,604.41
2025-01-30T10:10:00.000,603.66,604.1597,603.4701,603.7,276528,4750,604.38
2025-01-30T10:15:00.000,603.7,603.8,603.26,603.4201,348525,5153,604.33
2025-01-30T10:20:00.000,603.5,603.98,603.25,603.94,291694,4620,604.29
2025-01-30T10:25:00.000,603.93,603.94,602.41,602.63,318715,5253,604.23
2025-01-30T10:30:00.000,602.64,602.95,602.06,602.92,587546,9976,604.08
2025-01-30T10:35:00.000,602.93,603.81,602.93,603.72,297839,4240,604.06
2025-01-30T10:40:00.000,603.73,603.88,603.2,603.25,219350,3852,604.04
2025-01-30T10:45:00.000,603.25,603.64,603.07,603.37,272257,3994,604.02
2025-01-30T10:50:00.000,603.3729,603.401432,602.175,602.25,403545,5465,603.95
2025-01-30T10:55:00.000,602.265,602.2899,601.43,601.4999,375097,6421,603.85
2025-01-30T11:00:00.000,601.445,601.82,600.85,601.62,533268,6434,603.7
2025-01-30T11:05:00.000,601.62,601.87,601.36,601.36,310469,4428,603.63
2025-01-30T11:10:00.000,601.36,601.74,600.715,600.77,262103,4127,603.56
2025-01-30T11:15:00.000,600.8,601.55,600.8,601.5197,195737,3820,603.52
2025-01-30T11:20:00.000,601.53,602.43,601.49,602.42,303199,4159,603.47
2025-01-30T11:25:00.000,602.38,602.96,602.265,602.96,386001,5257,603.44
2025-01-30T11:30:00.000,602.94,603.14,602.4263,602.61,266117,4241,603.42
2025-01-30T11:35:00.000,602.58,603.12,602.28,603.1097,203580,3562,603.41
2025-01-30T11:40:00.000,603.12,603.19,602.89,603.12,266379,4133,603.4
2025-01-30T11:45:00.000,603.13,603.28,603.03,603.25,185054,2834,603.39
2025-01-30T11:50:00.000,603.26,604.08,603.2599,603.93,267524,3907,603.4
2025-01-30T11:55:00.000,603.945,604.34,603.74,604.0401,366228,4786,603.42
2025-01-30T12:00:00.000,604.04,604.04,603.565,603.8,281553,4062,603.43
2025-01-30T12:05:00.000,603.84,603.97,603.38,603.715,208621,3555,603.43
2025-01-30T12:10:00.000,603.69,603.8064,602.95,602.98,172698,3123,603.43
2025-01-30T12:15:00.000,603.0387,603.1552,602.48,602.74,213830,3931,603.42
2025-01-30T12:20:00.000,602.715,603.1,602.65,602.69,168107,3111,603.42
2025-01-30T12:25:00.000,602.73,602.85,602.08,602.37,326239,3568,603.4
2025-01-30T12:30:00.000,602.39,602.62,602.16,602.59,231364,3183,603.38
2025-01-30T12:35:00.000,602.5501,602.78,602.41,602.7,164631,2837,603.38
2025-01-30T12:40:00.000,602.735,603.2,602.42,602.5577,157673,2814,603.37
2025-01-30T12:45:00.000,602.56,603.005,602.48,602.905,256535,2633,603.36
2025-01-30T12:50:00.000,602.9,603.236,602.9,603.18,171161,2508,603.36
2025-01-30T12:55:00.000,603.19,603.36,603.0501,603.3303,150304,2361,603.36
2025-01-30T13:00:00.000,603.34,603.495,603.19,603.475,133376,2155,603.36
2025-01-30T13:05:00.000,603.47,603.96,603.32,603.83,169156,2532,603.36
2025-01-30T13:10:00.000,603.83,603.87,603.545,603.76,160293,2519,603.37
2025-01-30T13:15:00.000,603.77,603.94,603.76,603.84,70123,1623,603.37
2025-01-30T13:20:00.000,603.85,604.29,603.74,604.225,177475,2525,603.38
2025-01-30T13:25:00.000,604.25,604.31,603.7,604.0,192038,2734,603.38
2025-01-30T13:30:00.000,603.985,604.57,603.94,604.52,231670,3548,603.4
2025-01-30T13:35:00.000,604.53,605.0,604.45,604.905,196409,3288,603.41
2025-01-30T13:40:00.000,604.9,605.07,604.69,604.7,221133,3372,603.43
2025-01-30T13:45:00.000,604.71,605.05,604.71,604.93,160733,2621,603.45
2025-01-30T13:50:00.000,604.94,605.02,604.76,604.89,198773,2516,603.46
2025-01-30T13:55:00.000,604.8552,605.07,604.65,604.95,209353,2750,603.48
2025-01-30T14:00:00.000,604.9403,604.95,604.55,604.62,444213,4059,603.52
2025-01-30T14:05:00.000,604.63,604.955,604.62,604.8657,275041,3060,603.54
2025-01-30T14:10:00.000,604.86,605.22,604.86,605.13,139222,2398,603.55
2025-01-30T14:15:00.000,605.115,605.1898,604.91,604.99,169679,2465,603.57
2025-01-30T14:20:00.000,604.99,605.18,604.85,605.0,162753,2415,603.58
2025-01-30T14:25:00.000,604.99,605.03,604.81,604.9567,168963,2300,603.6
2025-01-30T14:30:00.000,604.95,604.99,604.59,604.63,214644,2735,603.61
2025-01-30T14:35:00.000,604.64,604.89,604.6,604.86,222380,2764,603.62
2025-01-30T14:40:00.000,604.86,604.92,604.73,604.8798,668808,2185,603.63
2025-01-30T14:45:00.000,604.88,605.19,604.81,605.15,168137,2478,603.65
2025-01-30T14:50:00.000,605.16,605.3101,605.06,605.31,175125,2577,603.66
2025-01-30T14:55:00.000,605.31,605.71,605.23,605.6801,251540,3645,603.69
2025-01-30T15:00:00.000,605.67,606.2,605.6,606.0999,457014,5293,603.74
2025-01-30T15:05:00.000,606.09,606.135,605.64,605.99,335046,4038,603.78
2025-01-30T15:10:00.000,606.0,606.14,605.95,606.0805,332693,2947,603.81
2025-01-30T15:15:00.000,606.08,606.36,606.01,606.3522,278078,3601,603.84
2025-01-30T15:20:00.000,606.34,606.6,606.29,606.54,322734,4283,603.88
2025-01-30T15:25:00.000,606.53,606.58,606.23,606.31,379759,4517,603.93
2025-01-30T15:30:00.000,606.29,606.32,605.9402,606.28,525006,4543,603.97
2025-01-30T15:35:00.000,606.295,606.3,603.62,603.69,2342549,18709,604.05
2025-01-30T15:40:00.000,603.61,603.86,601.9,602.2445,2282012,22195,603.94
2025-01-30T15:45:00.000,602.2,604.09,601.82,603.89,1756940,19698,603.88
2025-01-30T15:50:00.000,603.88,604.96,603.35,604.9,1747494,17398,603.9
2025-01-30T15:55:00.000,604.93,605.6,604.61,604.98,2453425,22841,604.0
2025-01-30T16:00:00.000,604.96,604.96,604.96,604.96,200,2,604.0
2025-01-31T09:30:00.000,607.5,607.88,607.18,607.39,1442040,14921,607.55
2025-01-31T09:35:00.000,607.42,607.83,607.06,607.6607,536359,7124,607.51
2025-01-31T09:40:00.000,607.67,607.98,607.51,607.775,350678,5384,607.55
2025-01-31T09:45:00.000,607.76,607.995,607.5,607.58,338420,5128,607.57
2025-01-31T09:50:00.000,607.58,608.1,607.3599,607.9701,340353,5041,607.59
2025-01-31T09:55:00.000,607.95,608.16,607.69,608.11,284675,4921,607.62
2025-01-31T10:00:00.000,608.12,608.8,608.04,608.7,536940,6836,607.72
2025-01-31T10:05:00.000,608.7,608.8104,608.25,608.66,576677,6356,607.81
2025-01-31T10:10:00.000,608.66,608.99,608.47,608.7901,437707,6013,607.9
2025-01-31T10:15:00.000,608.8,608.9,608.685,608.78,373727,4090,607.97
2025-01-31T10:20:00.000,608.7775,609.02,608.31,608.9,349696,10711,608.02
2025-01-31T10:25:00.000,608.88,609.005,608.775,608.9599,416082,4441,608.06
2025-01-31T10:30:00.000,608.96,609.54,608.95,609.51,422085,6177,608.14
2025-01-31T10:35:00.000,609.51,609.54,609.1996,609.46,564470,7495,608.25
2025-01-31T10:40:00.000,609.47,609.49,609.0,609.02,313189,4695,608.29
2025-01-31T10:45:00.000,609.0099,609.51,608.85,609.4694,225348,4282,608.31
2025-01-31T10:50:00.000,609.4605,609.5499,609.08,609.29,304394,4464,608.35
2025-01-31T10:55:00.000,609.26,609.63,609.24,609.45,352842,5170,608.4
2025-01-31T11:00:00.000,609.46,609.8001,609.46,609.62,405603,5587,608.46
2025-01-31T11:05:00.000,609.625,609.84,609.555,609.82,402940,4039,608.5
2025-01-31T11:10:00.000,609.83,609.96,609.78,609.8,370774,4673,608.56
2025-01-31T11:15:00.000,609.81,609.84,609.47,609.63,215790,3816,608.58
2025-01-31T11:20:00.000,609.64,609.65,609.31,609.4601,294119,4522,608.6
2025-01-31T11:25:00.000,609.48,609.5,609.06,609.09,168240,3602,608.61
2025-01-31T11:30:00.000,609.09,609.39,608.9796,609.14,313651,4840,608.63
2025-01-31T11:35:00.000,609.12,609.28,608.81,608.9425,395268,4309,608.64
2025-01-31T11:40:00.000,608.945,609.0697,608.66,608.9119,149989,3241,608.64
2025-01-31T11:45:00.000,608.89,608.97,608.7243,608.95,206322,3163,608.65
2025-01-31T11:50:00.000,608.96,608.99,608.53,608.93,242967,3829,608.65
2025-01-31T11:55:00.000,608.94,608.95,608.7301,608.89,227158,3181,608.65
2025-01-31T12:00:00.000,608.89,609.04,608.68,608.6901,188253,3221,608.66
2025-01-31T12:05:00.000,608.69,608.8,608.01,608.8,840813,9418,608.64
2025-01-31T12:10:00.000,608.83,608.98,608.26,608.88,463894,6098,608.65
2025-01-31T12:15:00.000,608.9,609.01,608.46,608.75,272408,4401,608.65
2025-01-31T12:20:00.000,608.74,609.39,608.69,609.3601,271561,4144,608.66
2025-01-31T12:25:00.000,609.365,609.55,609.26,609.55,197081,3092,608.67
2025-01-31T12:30:00.000,609.545,609.73,609.33,609.3401,325831,3984,608.69
2025-01-31T12:35:00.000,609.35,609.52,609.3,609.3405,141059,2863,608.7
2025-01-31T12:40:00.000,609.32,609.44,609.17,609.245,281645,3522,608.71
2025-01-31T12:45:00.000,609.245,609.34,609.07,609.25,124529,2660,608.71
2025-01-31T12:50:00.000,609.24,609.51,609.17,609.37,148539,2845,608.72
2025-01-31T12:55:00.000,609.35,609.35,608.93,609.09,439738,2701,608.72
2025-01-31T13:00:00.000,609.1,609.26,608.92,609.195,146984,2654,608.73
2025-01-31T13:05:00.000,609.2101,609.345,609.095,609.1,119893,2429,608.73
2025-01-31T13:10:00.000,609.11,609.24,609.05,609.065,105300,2117,608.73
2025-01-31T13:15:00.000,609.0695,609.1896,607.6201,607.8,421820,5832,608.72
2025-01-31T13:20:00.000,607.71,608.33,607.26,607.68,1303335,13624,608.64
2025-01-31T13:25:00.000,607.66,607.67,606.69,606.8483,907123,10994,608.55
2025-01-31T13:30:00.000,606.82,607.03,605.18,605.2263,1009072,13043,608.43
2025-01-31T13:35:00.000,605.19,606.0,604.81,605.82,1549025,13309,608.21
2025-01-31T13:40:00.000,605.79,606.65,605.38,605.97,1212656,9179,608.12
2025-01-31T13:45:00.000,605.97,606.49,605.69,606.124,537488,5604,608.08
2025-01-31T13:50:00.000,606.18,606.32,604.91,605.57,624808,7239,608.01
2025-01-31T13:55:00.000,605.56,605.89,605.1301,605.385,645285,4965,607.97
2025-01-31T14:00:00.000,605.39,605.9,604.6714,605.01,854357,9816,607.86
2025-01-31T14:05:00.000,605.02,605.09,603.3,603.8,1285112,13469,607.65
2025-01-31T14:10:00.000,603.82,605.22,603.77,604.84,819275,8673,607.54
2025-01-31T14:15:00.000,604.83,605.3,603.91,604.19,710443,7803,607.46
2025-01-31T14:20:00.000,604.23,604.59,603.66,604.51,469954,6024,607.4
2025-01-31T14:25:00.000,604.47,604.6899,604.0796,604.53,457712,6097,607.35
2025-01-31T14:30:00.000,604.52,605.13,604.47,605.05,592666,7266,607.29
2025-01-31T14:35:00.000,605.07,605.11,603.6101,603.67,642237,7452,607.22
2025-01-31T14:40:00.000,603.69,604.03,602.67,602.8382,726759,8308,607.12
2025-01-31T14:45:00.000,602.75,603.0599,601.94,602.98,1335501,13030,606.9
2025-01-31T14:50:00.000,602.9908,603.75,602.63,603.51,842815,9435,606.79
2025-01-31T14:55:00.000,603.5083,604.04,603.38,603.63,668719,7870,606.73
2025-01-31T15:00:00.000,603.6,603.6,601.64,601.68,952491,9360,606.61
2025-01-31T15:05:00.000,601.7,602.31,601.5,601.59,905312,8609,606.49
2025-01-31T15:10:00.000,601.59,602.32,601.45,601.79,1067006,11139,606.34
2025-01-31T15:15:00.000,601.81,602.47,601.72,602.25,908038,8554,606.22
2025-01-31T15:20:00.000,602.23,602.26,601.46,602.1394,1136506,8610,606.11
2025-01-31T15:25:00.000,602.14,602.42,601.37,601.6689,1207645,9323,605.99
2025-01-31T15:30:00.000,601.67,602.22,601.4,601.915,1136157,9897,605.87
2025-01-31T15:35:00.000,601.9,602.16,601.07,601.32,1515193,10767,605.75
2025-01-31T15:40:00.000,601.3099,601.87,601.05,601.23,1421025,13183,605.58
2025-01-31T15:45:00.000,601.22,602.76,601.22,602.46,1300594,11756,605.5
2025-01-31T15:50:00.000,602.46,603.27,601.57,601.99,2503073,23512,605.33
2025-01-31T15:55:00.000,601.995,602.41,601.7,601.8,3995900,32577,605.07
2025-01-31T16:00:00.000,601.78,601.78,601.78,601.78,100,1,605.07
