timestamp,open,high,low,close,volume,count,vwap
2023-12-01T09:30:00.000,455.77,455.81,455.18,455.47,1597037,14285,455.46
2023-12-01T09:35:00.000,455.49,455.8,455.2429,455.78,944824,10248,455.5
2023-12-01T09:40:00.000,455.789,456.0786,455.72,456.0594,701511,6182,455.6
2023-12-01T09:45:00.000,456.0443,456.21,455.89,456.04,609282,6111,455.67
2023-12-01T09:50:00.000,456.05,456.22,455.81,456.21,675822,6377,455.72
2023-12-01T09:55:00.000,456.2099,456.21,455.975,456.105,493998,6354,455.75
2023-12-01T10:00:00.000,456.11,457.13,455.9499,456.84,2096123,25900,456.01
2023-12-01T10:05:00.000,456.85,457.0,456.505,456.66,846846,9195,456.09
2023-12-01T10:10:00.000,456.67,456.8,456.19,456.28,677318,6261,456.12
2023-12-01T10:15:00.000,456.265,456.33,455.8,456.27,887426,7865,456.12
2023-12-01T10:20:00.000,456.28,456.35,455.95,456.07,818364,7499,456.12
2023-12-01T10:25:00.000,456.09,456.09,455.6,455.69,835943,7772,456.09
2023-12-01T10:30:00.000,455.68,456.095,455.33,456.045,988563,8944,456.05
2023-12-01T10:35:00.000,456.045,456.315,455.97,456.01,673370,5516,456.06
2023-12-01T10:40:00.000,456.02,456.25,455.8599,456.175,545086,5054,456.06
2023-12-01T10:45:00.000,456.18,456.42,456.12,456.3592,527466,5517,456.06
2023-12-01T10:50:00.000,456.36,456.49,456.23,456.4,399478,4317,456.07
2023-12-01T10:55:00.000,456.41,456.43,456.145,456.33,397476,4372,456.08
2023-12-01T11:00:00.000,456.34,456.55,455.16,456.39,2092659,20046,456.07
2023-12-01T11:05:00.000,456.39,456.73,455.93,456.65,1211657,9810,456.09
2023-12-01T11:10:00.000,456.65,457.41,456.55,457.34,1290363,11788,456.15
2023-12-01T11:15:00.000,457.33,457.49,456.85,457.07,1441206,11079,456.21
2023-12-01T11:20:00.000,457.07,457.1,456.59,456.905,608009,6090,456.23
2023-12-01T11:25:00.000,456.91,457.55,456.89,457.45,1254640,8772,456.27
2023-12-01T11:30:00.000,457.46,457.82,456.84,457.7,1193054,10471,456.32
2023-12-01T11:35:00.000,457.7,457.71,457.13,457.33,644396,5282,456.35
2023-12-01T11:40:00.000,457.33,458.31,457.27,458.23,1358493,12938,456.43
2023-12-01T11:45:00.000,458.23,458.255,457.61,458.035,890447,7731,456.48
2023-12-01T11:50:00.000,458.03,458.75,457.86,458.45,1675785,13466,456.6
2023-12-01T11:55:00.000,458.46,458.5299,458.31,458.33,690093,6626,456.64
2023-12-01T12:00:00.000,458.34,458.468,458.15,458.41,605898,5966,456.68
2023-12-01T12:05:00.000,458.41,458.9,458.31,458.58,1173655,8499,456.73
2023-12-01T12:10:00.000,458.57,458.91,458.5,458.76,820989,7912,456.79
2023-12-01T12:15:00.000,458.76,458.88,458.39,458.485,736193,6891,456.83
2023-12-01T12:20:00.000,458.485,458.74,458.285,458.6,846210,7534,456.87
2023-12-01T12:25:00.000,458.59,458.97,458.54,458.915,798910,5487,456.91
2023-12-01T12:30:00.000,458.91,459.24,458.765,458.805,1148903,10595,456.98
2023-12-01T12:35:00.000,458.81,459.1,458.69,459.04,836684,5401,457.01
2023-12-01T12:40:00.000,459.04,459.23,458.91,459.11,1053122,7051,457.06
2023-12-01T12:45:00.000,459.12,459.5093,459.08,459.445,1073999,6884,457.11
2023-12-01T12:50:00.000,459.44,459.5373,459.32,459.52,1235839,6190,457.15
2023-12-01T12:55:00.000,459.51,459.65,459.4,459.41,837402,5407,457.19
2023-12-01T13:00:00.000,459.415,459.49,459.24,459.2601,685409,6184,457.23
2023-12-01T13:05:00.000,459.27,459.28,458.88,459.085,834997,8073,457.27
2023-12-01T13:10:00.000,459.08,459.14,458.625,458.8,1245667,5390,457.29
2023-12-01T13:15:00.000,458.795,458.95,458.61,458.92,603505,5561,457.31
2023-12-01T13:20:00.000,458.93,459.075,458.665,459.02,1346120,5511,457.33
2023-12-01T13:25:00.000,459.02,459.08,458.55,458.55,603176,5757,457.35
2023-12-01T13:30:00.000,458.55,458.7,458.42,458.66,1629135,8357,457.38
2023-12-01T13:35:00.000,458.65,458.76,458.33,458.4299,674744,6081,457.39
2023-12-01T13:40:00.000,458.42,458.68,458.19,458.65,1386600,6828,457.41
2023-12-01T13:45:00.000,458.625,458.66,458.405,458.42,412232,4254,457.42
2023-12-01T13:50:00.000,458.4114,458.61,458.32,458.37,441850,4353,457.43
2023-12-01T13:55:00.000,458.37,458.495,458.2899,458.31,403263,3945,457.44
2023-12-01T14:00:00.000,458.32,458.61,458.2218,458.56,670233,5968,457.45
2023-12-01T14:05:00.000,458.55,458.56,458.195,458.2001,721392,5946,457.46
2023-12-01T14:10:00.000,458.21,458.74,458.2028,458.67,533561,5671,457.48
2023-12-01T14:15:00.000,458.675,458.78,458.505,458.505,542097,4165,457.49
2023-12-01T14:20:00.000,458.51,458.85,458.42,458.795,771188,4440,457.5
2023-12-01T14:25:00.000,458.8001,458.8001,458.52,458.73,431328,4730,457.51
2023-12-01T14:30:00.000,458.73,458.82,458.645,458.75,698788,4686,457.52
2023-12-01T14:35:00.000,458.7433,458.8499,458.6,458.825,431859,4083,457.53
2023-12-01T14:40:00.000,458.82,458.89,458.4933,458.7,721175,4640,457.54
2023-12-01T14:45:00.000,458.69,458.83,458.605,458.76,336459,3642,457.55
2023-12-01T14:50:00.000,458.76,458.8781,458.72,458.83,384220,4070,457.56
2023-12-01T14:55:00.000,458.82,459.09,458.8,459.08,558903,5119,457.57
2023-12-01T15:00:00.000,459.07,459.14,458.93,458.935,917590,7216,457.6
2023-12-01T15:05:00.000,458.94,458.95,458.38,458.72,1195758,7284,457.62
2023-12-01T15:10:00.000,458.7125,458.99,458.6564,458.8,817311,6988,457.64
2023-12-01T15:15:00.000,458.8,458.835,458.62,458.75,419016,4228,457.64
2023-12-01T15:20:00.000,458.75,458.77,458.56,458.6968,571430,4569,457.65
2023-12-01T15:25:00.000,458.695,459.05,458.68,459.05,645395,5619,457.67
2023-12-01T15:30:00.000,459.05,459.15,458.915,459.115,829154,7436,457.69
2023-12-01T15:35:00.000,459.11,459.13,458.81,458.83,951071,6535,457.7
2023-12-01T15:40:00.000,458.84,458.99,458.78,458.88,1138293,7839,457.72
2023-12-01T15:45:00.000,458.87,458.99,458.755,458.96,1680135,9160,457.75
2023-12-01T15:50:00.000,458.95,459.015,458.59,458.595,1917490,11928,457.78
2023-12-01T15:55:00.000,458.6,459.32,458.6,459.035,5084580,27669,457.88
2023-12-01T16:00:00.000,459.03,459.03,459.03,459.03,100,1,457.88
2023-12-02T09:30:00.000,0.0,0.0,0.0,0.0,0,0,0.0
2023-12-02T09:35:00.000,0.0,0.0,0.0,0.0,0,0,0.0
2023-12-02T09:40:00.000,0.0,0.0,0.0,0.0,0,0,0.0
2023-12-02T09:45:00.000,0.0,0.0,0.0,0.0,0,0,0.0
2023-12-02T09:50:00.000,0.0,0.0,0.0,0.0,0,0,0.0
2023-12-02T09:55:00.000,0.0,0.0,0.0,0.0,0,0,0.0
2023-12-02T10:00:00.000,0.0,0.0,0.0,0.0,0,0,0.0
2023-12-02T10:05:00.000,0.0,0.0,0.0,0.0,0,0,0.0
2023-12-02T10:10:00.000,0.0,0.0,0.0,0.0,0,0,0.0
2023-12-02T10:15:00.000,0.0,0.0,0.0,0.0,0,0,0.0
2023-12-02T10:20:00.000,0.0,0.0,0.0,0.0,0,0,0.0
2023-12-02T10:25:00.000,0.0,0.0,0.0,0.0,0,0,0.0
2023-12-02T10:30:00.000,0.0,0.0,0.0,0.0,0,0,0.0
2023-12-02T10:35:00.000,0.0,0.0,0.0,0.0,0,0,0.0
2023-12-02T10:40:00.000,0.0,0.0,0.0,0.0,0,0,0.0
2023-12-02T10:45:00.000,0.0,0.0,0.0,0.0,0,0,0.0
2023-12-02T10:50:00.000,0.0,0.0,0.0,0.0,0,0,0.0
2023-12-02T10:55:00.000,0.0,0.0,0.0,0.0,0,0,0.0
2023-12-02T11:00:00.000,0.0,0.0,0.0,0.0,0,0,0.0
2023-12-02T11:05:00.000,0.0,0.0,0.0,0.0,0,0,0.0
2023-12-02T11:10:00.000,0.0,0.0,0.0,0.0,0,0,0.0
2023-12-02T11:15:00.000,0.0,0.0,0.0,0.0,0,0,0.0
2023-12-02T11:20:00.000,0.0,0.0,0.0,0.0,0,0,0.0
2023-12-02T11:25:00.000,0.0,0.0,0.0,0.0,0,0,0.0
2023-12-02T11:30:00.000,0.0,0.0,0.0,0.0,0,0,0.0
2023-12-02T11:35:00.000,0.0,0.0,0.0,0.0,0,0,0.0
2023-12-02T11:40:00.000,0.0,0.0,0.0,0.0,0,0,0.0
2023-12-02T11:45:00.000,0.0,0.0,0.0,0.0,0,0,0.0
2023-12-02T11:50:00.000,0.0,0.0,0.0,0.0,0,0,0.0
2023-12-02T11:55:00.000,0.0,0.0,0.0,0.0,0,0,0.0
2023-12-02T12:00:00.000,0.0,0.0,0.0,0.0,0,0,0.0
2023-12-02T12:05:00.000,0.0,0.0,0.0,0.0,0,0,0.0
2023-12-02T12:10:00.000,0.0,0.0,0.0,0.0,0,0,0.0
2023-12-02T12:15:00.000,0.0,0.0,0.0,0.0,0,0,0.0
2023-12-02T12:20:00.000,0.0,0.0,0.0,0.0,0,0,0.0
2023-12-02T12:25:00.000,0.0,0.0,0.0,0.0,0,0,0.0
2023-12-02T12:30:00.000,0.0,0.0,0.0,0.0,0,0,0.0
2023-12-02T12:35:00.000,0.0,0.0,0.0,0.0,0,0,0.0
2023-12-02T12:40:00.000,0.0,0.0,0.0,0.0,0,0,0.0
2023-12-02T12:45:00.000,0.0,0.0,0.0,0.0,0,0,0.0
2023-12-02T12:50:00.000,0.0,0.0,0.0,0.0,0,0,0.0
2023-12-02T12:55:00.000,0.0,0.0,0.0,0.0,0,0,0.0
2023-12-02T13:00:00.000,0.0,0.0,0.0,0.0,0,0,0.0
2023-12-02T13:05:00.000,0.0,0.0,0.0,0.0,0,0,0.0
2023-12-02T13:10:00.000,0.0,0.0,0.0,0.0,0,0,0.0
2023-12-02T13:15:00.000,0.0,0.0,0.0,0.0,0,0,0.0
2023-12-02T13:20:00.000,0.0,0.0,0.0,0.0,0,0,0.0
2023-12-02T13:25:00.000,0.0,0.0,0.0,0.0,0,0,0.0
2023-12-02T13:30:00.000,0.0,0.0,0.0,0.0,0,0,0.0
2023-12-02T13:35:00.000,0.0,0.0,0.0,0.0,0,0,0.0
2023-12-02T13:40:00.000,0.0,0.0,0.0,0.0,0,0,0.0
2023-12-02T13:45:00.000,0.0,0.0,0.0,0.0,0,0,0.0
2023-12-02T13:50:00.000,0.0,0.0,0.0,0.0,0,0,0.0
2023-12-02T13:55:00.000,0.0,0.0,0.0,0.0,0,0,0.0
2023-12-02T14:00:00.000,0.0,0.0,0.0,0.0,0,0,0.0
2023-12-02T14:05:00.000,0.0,0.0,0.0,0.0,0,0,0.0
2023-12-02T14:10:00.000,0.0,0.0,0.0,0.0,0,0,0.0
2023-12-02T14:15:00.000,0.0,0.0,0.0,0.0,0,0,0.0
2023-12-02T14:20:00.000,0.0,0.0,0.0,0.0,0,0,0.0
2023-12-02T14:25:00.000,0.0,0.0,0.0,0.0,0,0,0.0
2023-12-02T14:30:00.000,0.0,0.0,0.0,0.0,0,0,0.0
2023-12-02T14:35:00.000,0.0,0.0,0.0,0.0,0,0,0.0
2023-12-02T14:40:00.000,0.0,0.0,0.0,0.0,0,0,0.0
2023-12-02T14:45:00.000,0.0,0.0,0.0,0.0,0,0,0.0
2023-12-02T14:50:00.000,0.0,0.0,0.0,0.0,0,0,0.0
2023-12-02T14:55:00.000,0.0,0.0,0.0,0.0,0,0,0.0
2023-12-02T15:00:00.000,0.0,0.0,0.0,0.0,0,0,0.0
2023-12-02T15:05:00.000,0.0,0.0,0.0,0.0,0,0,0.0
2023-12-02T15:10:00.000,0.0,0.0,0.0,0.0,0,0,0.0
2023-12-02T15:15:00.000,0.0,0.0,0.0,0.0,0,0,0.0
2023-12-02T15:20:00.000,0.0,0.0,0.0,0.0,0,0,0.0
2023-12-02T15:25:00.000,0.0,0.0,0.0,0.0,0,0,0.0
2023-12-02T15:30:00.000,0.0,0.0,0.0,0.0,0,0,0.0
2023-12-02T15:35:00.000,0.0,0.0,0.0,0.0,0,0,0.0
2023-12-02T15:40:00.000,0.0,0.0,0.0,0.0,0,0,0.0
2023-12-02T15:45:00.000,0.0,0.0,0.0,0.0,0,0,0.0
2023-12-02T15:50:00.000,0.0,0.0,0.0,0.0,0,0,0.0
2023-12-02T15:55:00.000,0.0,0.0,0.0,0.0,0,0,0.0
2023-12-02T16:00:00.000,0.0,0.0,0.0,0.0,0,0,0.0
2023-12-03T09:30:00.000,0.0,0.0,0.0,0.0,0,0,0.0
2023-12-03T09:35:00.000,0.0,0.0,0.0,0.0,0,0,0.0
2023-12-03T09:40:00.000,0.0,0.0,0.0,0.0,0,0,0.0
2023-12-03T09:45:00.000,0.0,0.0,0.0,0.0,0,0,0.0
2023-12-03T09:50:00.000,0.0,0.0,0.0,0.0,0,0,0.0
2023-12-03T09:55:00.000,0.0,0.0,0.0,0.0,0,0,0.0
2023-12-03T10:00:00.000,0.0,0.0,0.0,0.0,0,0,0.0
2023-12-03T10:05:00.000,0.0,0.0,0.0,0.0,0,0,0.0
2023-12-03T10:10:00.000,0.0,0.0,0.0,0.0,0,0,0.0
2023-12-03T10:15:00.000,0.0,0.0,0.0,0.0,0,0,0.0
2023-12-03T10:20:00.000,0.0,0.0,0.0,0.0,0,0,0.0
2023-12-03T10:25:00.000,0.0,0.0,0.0,0.0,0,0,0.0
2023-12-03T10:30:00.000,0.0,0.0,0.0,0.0,0,0,0.0
2023-12-03T10:35:00.000,0.0,0.0,0.0,0.0,0,0,0.0
2023-12-03T10:40:00.000,0.0,0.0,0.0,0.0,0,0,0.0
2023-12-03T10:45:00.000,0.0,0.0,0.0,0.0,0,0,0.0
2023-12-03T10:50:00.000,0.0,0.0,0.0,0.0,0,0,0.0
2023-12-03T10:55:00.000,0.0,0.0,0.0,0.0,0,0,0.0
2023-12-03T11:00:00.000,0.0,0.0,0.0,0.0,0,0,0.0
2023-12-03T11:05:00.000,0.0,0.0,0.0,0.0,0,0,0.0
2023-12-03T11:10:00.000,0.0,0.0,0.0,0.0,0,0,0.0
2023-12-03T11:15:00.000,0.0,0.0,0.0,0.0,0,0,0.0
2023-12-03T11:20:00.000,0.0,0.0,0.0,0.0,0,0,0.0
2023-12-03T11:25:00.000,0.0,0.0,0.0,0.0,0,0,0.0
2023-12-03T11:30:00.000,0.0,0.0,0.0,0.0,0,0,0.0
2023-12-03T11:35:00.000,0.0,0.0,0.0,0.0,0,0,0.0
2023-12-03T11:40:00.000,0.0,0.0,0.0,0.0,0,0,0.0
2023-12-03T11:45:00.000,0.0,0.0,0.0,0.0,0,0,0.0
2023-12-03T11:50:00.000,0.0,0.0,0.0,0.0,0,0,0.0
2023-12-03T11:55:00.000,0.0,0.0,0.0,0.0,0,0,0.0
2023-12-03T12:00:00.000,0.0,0.0,0.0,0.0,0,0,0.0
2023-12-03T12:05:00.000,0.0,0.0,0.0,0.0,0,0,0.0
2023-12-03T12:10:00.000,0.0,0.0,0.0,0.0,0,0,0.0
2023-12-03T12:15:00.000,0.0,0.0,0.0,0.0,0,0,0.0
2023-12-03T12:20:00.000,0.0,0.0,0.0,0.0,0,0,0.0
2023-12-03T12:25:00.000,0.0,0.0,0.0,0.0,0,0,0.0
2023-12-03T12:30:00.000,0.0,0.0,0.0,0.0,0,0,0.0
2023-12-03T12:35:00.000,0.0,0.0,0.0,0.0,0,0,0.0
2023-12-03T12:40:00.000,0.0,0.0,0.0,0.0,0,0,0.0
2023-12-03T12:45:00.000,0.0,0.0,0.0,0.0,0,0,0.0
2023-12-03T12:50:00.000,0.0,0.0,0.0,0.0,0,0,0.0
2023-12-03T12:55:00.000,0.0,0.0,0.0,0.0,0,0,0.0
2023-12-03T13:00:00.000,0.0,0.0,0.0,0.0,0,0,0.0
2023-12-03T13:05:00.000,0.0,0.0,0.0,0.0,0,0,0.0
2023-12-03T13:10:00.000,0.0,0.0,0.0,0.0,0,0,0.0
2023-12-03T13:15:00.000,0.0,0.0,0.0,0.0,0,0,0.0
2023-12-03T13:20:00.000,0.0,0.0,0.0,0.0,0,0,0.0
2023-12-03T13:25:00.000,0.0,0.0,0.0,0.0,0,0,0.0
2023-12-03T13:30:00.000,0.0,0.0,0.0,0.0,0,0,0.0
2023-12-03T13:35:00.000,0.0,0.0,0.0,0.0,0,0,0.0
2023-12-03T13:40:00.000,0.0,0.0,0.0,0.0,0,0,0.0
2023-12-03T13:45:00.000,0.0,0.0,0.0,0.0,0,0,0.0
2023-12-03T13:50:00.000,0.0,0.0,0.0,0.0,0,0,0.0
2023-12-03T13:55:00.000,0.0,0.0,0.0,0.0,0,0,0.0
2023-12-03T14:00:00.000,0.0,0.0,0.0,0.0,0,0,0.0
2023-12-03T14:05:00.000,0.0,0.0,0.0,0.0,0,0,0.0
2023-12-03T14:10:00.000,0.0,0.0,0.0,0.0,0,0,0.0
2023-12-03T14:15:00.000,0.0,0.0,0.0,0.0,0,0,0.0
2023-12-03T14:20:00.000,0.0,0.0,0.0,0.0,0,0,0.0
2023-12-03T14:25:00.000,0.0,0.0,0.0,0.0,0,0,0.0
2023-12-03T14:30:00.000,0.0,0.0,0.0,0.0,0,0,0.0
2023-12-03T14:35:00.000,0.0,0.0,0.0,0.0,0,0,0.0
2023-12-03T14:40:00.000,0.0,0.0,0.0,0.0,0,0,0.0
2023-12-03T14:45:00.000,0.0,0.0,0.0,0.0,0,0,0.0
2023-12-03T14:50:00.000,0.0,0.0,0.0,0.0,0,0,0.0
2023-12-03T14:55:00.000,0.0,0.0,0.0,0.0,0,0,0.0
2023-12-03T15:00:00.000,0.0,0.0,0.0,0.0,0,0,0.0
2023-12-03T15:05:00.000,0.0,0.0,0.0,0.0,0,0,0.0
2023-12-03T15:10:00.000,0.0,0.0,0.0,0.0,0,0,0.0
2023-12-03T15:15:00.000,0.0,0.0,0.0,0.0,0,0,0.0
2023-12-03T15:20:00.000,0.0,0.0,0.0,0.0,0,0,0.0
2023-12-03T15:25:00.000,0.0,0.0,0.0,0.0,0,0,0.0
2023-12-03T15:30:00.000,0.0,0.0,0.0,0.0,0,0,0.0
2023-12-03T15:35:00.000,0.0,0.0,0.0,0.0,0,0,0.0
2023-12-03T15:40:00.000,0.0,0.0,0.0,0.0,0,0,0.0
2023-12-03T15:45:00.000,0.0,0.0,0.0,0.0,0,0,0.0
2023-12-03T15:50:00.000,0.0,0.0,0.0,0.0,0,0,0.0
2023-12-03T15:55:00.000,0.0,0.0,0.0,0.0,0,0,0.0
2023-12-03T16:00:00.000,0.0,0.0,0.0,0.0,0,0,0.0
2023-12-04T09:30:00.000,455.6,456.46,455.51,456.46,2243271,20777,455.81
2023-12-04T09:35:00.000,456.46,456.505,456.0,456.3301,1253537,10094,456.0
2023-12-04T09:40:00.000,456.34,456.6478,456.25,456.46,1040594,10098,456.09
2023-12-04T09:45:00.000,456.46,456.81,456.46,456.67,876103,8426,456.18
2023-12-04T09:50:00.000,456.67,456.83,456.39,456.58,1116402,10703,456.26
2023-12-04T09:55:00.000,456.57,456.65,455.92,455.99,1046961,8436,456.25
2023-12-04T10:00:00.000,455.98,456.19,455.67,456.14,1118346,17160,456.21
2023-12-04T10:05:00.000,456.14,456.305,455.95,456.14,921484,12996,456.2
2023-12-04T10:10:00.000,456.15,456.315,455.8413,455.929,666191,6312,456.19
2023-12-04T10:15:00.000,455.93,455.985,455.58,455.64,960136,9131,456.16
2023-12-04T10:20:00.000,455.63,455.84,454.87,454.89,1584281,12255,456.07
2023-12-04T10:25:00.000,454.9,455.1,454.64,454.8151,1719388,12185,455.93
2023-12-04T10:30:00.000,454.815,455.08,454.62,454.665,1380369,12178,455.83
2023-12-04T10:35:00.000,454.67,454.97,454.57,454.76,949773,8394,455.77
2023-12-04T10:40:00.000,454.77,454.915,454.675,454.825,1577982,9528,455.69
2023-12-04T10:45:00.000,454.825,454.93,454.69,454.79,709498,6062,455.66
2023-12-04T10:50:00.000,454.78,454.79,454.36,454.38,1033161,8879,455.6
2023-12-04T10:55:00.000,454.39,454.85,454.34,454.5501,928679,7149,455.55
2023-12-04T11:00:00.000,454.55,454.63,454.43,454.5,720352,6797,455.51
2023-12-04T11:05:00.000,454.5,454.7195,454.46,454.6024,883196,5850,455.49
2023-12-04T11:10:00.000,454.61,454.8,454.43,454.78,665993,6180,455.46
2023-12-04T11:15:00.000,454.77,455.05,454.76,454.91,765581,7048,455.44
2023-12-04T11:20:00.000,454.91,455.16,454.75,454.8703,685461,6009,455.43
2023-12-04T11:25:00.000,454.88,455.1,454.76,455.07,476808,4327,455.42
2023-12-04T11:30:00.000,455.0643,455.18,454.87,454.955,584066,5553,455.41
2023-12-04T11:35:00.000,454.96,455.1,454.91,455.0699,422315,4153,455.4
2023-12-04T11:40:00.000,455.07,455.34,455.04,455.155,540008,5112,455.4
2023-12-04T11:45:00.000,455.16,455.56,455.16,455.425,891606,5271,455.4
2023-12-04T11:50:00.000,455.44,455.7799,455.4235,455.55,685935,5849,455.41
2023-12-04T11:55:00.000,455.55,456.03,455.535,455.94,655158,5433,455.42
2023-12-04T12:00:00.000,455.95,456.04,455.76,455.9501,528946,4949,455.42
2023-12-04T12:05:00.000,455.955,456.2,455.84,456.08,505960,4510,455.43
2023-12-04T12:10:00.000,456.08,456.165,455.915,456.15,484653,4152,455.44
2023-12-04T12:15:00.000,456.14,456.32,456.05,456.07,558411,4612,455.46
2023-12-04T12:20:00.000,456.07,456.17,455.965,456.045,661763,5525,455.47
2023-12-04T12:25:00.000,456.05,456.45,456.02,456.2564,670581,5699,455.49
2023-12-04T12:30:00.000,456.25,456.69,456.17,456.55,669121,6444,455.51
2023-12-04T12:35:00.000,456.55,456.63,456.28,456.485,659563,5323,455.53
2023-12-04T12:40:00.000,456.48,456.62,456.405,456.55,471847,4603,455.54
2023-12-04T12:45:00.000,456.555,456.6199,456.45,456.52,439371,3852,455.55
2023-12-04T12:50:00.000,456.51,456.69,456.43,456.52,460980,4201,455.57
2023-12-04T12:55:00.000,456.51,456.74,456.51,456.67,475670,4017,455.58
2023-12-04T13:00:00.000,456.67,456.69,456.35,456.42,670684,5444,455.6
2023-12-04T13:05:00.000,456.42,456.5,456.305,456.3594,464253,3780,455.61
2023-12-04T13:10:00.000,456.36,456.45,456.3,456.345,327950,3015,455.62
2023-12-04T13:15:00.000,456.34,456.47,456.305,456.42,387297,3633,455.62
2023-12-04T13:20:00.000,456.42,456.49,456.05,456.07,508261,4623,455.63
2023-12-04T13:25:00.000,456.07,456.085,455.84,455.86,774175,4691,455.64
2023-12-04T13:30:00.000,455.865,456.06,455.765,455.908,819813,5805,455.64
2023-12-04T13:35:00.000,455.9,456.28,455.895,456.1,647813,4004,455.65
2023-12-04T13:40:00.000,456.11,456.18,455.95,456.02,684497,3605,455.65
2023-12-04T13:45:00.000,456.0101,456.21,455.95,456.03,368365,3225,455.65
2023-12-04T13:50:00.000,456.02,456.18,456.01,456.0827,325274,3457,455.66
2023-12-04T13:55:00.000,456.09,456.125,455.85,455.89,432940,3591,455.66
2023-12-04T14:00:00.000,455.8898,456.02,455.55,455.605,1127482,6049,455.66
2023-12-04T14:05:00.000,455.61,455.725,455.495,455.64,1138619,5621,455.66
2023-12-04T14:10:00.000,455.625,456.09,455.6,456.035,777605,4667,455.67
2023-12-04T14:15:00.000,456.02,456.0999,455.92,455.94,298928,3135,455.67
2023-12-04T14:20:00.000,455.94,456.05,455.72,455.81,484498,4513,455.67
2023-12-04T14:25:00.000,455.81,455.95,455.715,455.84,449151,3293,455.67
2023-12-04T14:30:00.000,455.835,456.12,455.68,455.805,667977,4548,455.67
2023-12-04T14:35:00.000,455.81,456.125,455.805,455.92,429122,4389,455.68
2023-12-04T14:40:00.000,455.92,456.14,455.855,456.1299,809133,4841,455.68
2023-12-04T14:45:00.000,456.125,456.1798,455.85,456.1,444111,4337,455.68
2023-12-04T14:50:00.000,456.09,456.13,455.99,456.0,360065,3379,455.69
2023-12-04T14:55:00.000,455.99,456.19,455.94,455.985,516790,4497,455.69
2023-12-04T15:00:00.000,455.98,456.15,455.83,455.86,751868,4339,455.69
2023-12-04T15:05:00.000,455.855,455.93,455.67,455.8,1630548,5119,455.69
2023-12-04T15:10:00.000,455.8,456.0,455.76,455.83,524535,5217,455.7
2023-12-04T15:15:00.000,455.845,456.02,455.6902,456.02,504082,4999,455.7
2023-12-04T15:20:00.000,456.0285,456.15,455.88,455.94,461850,4683,455.7
2023-12-04T15:25:00.000,455.95,456.03,455.8,456.03,492396,4721,455.7
2023-12-04T15:30:00.000,456.035,456.27,455.81,456.22,861504,7212,455.71
2023-12-04T15:35:00.000,456.22,456.23,456.0215,456.17,689645,6177,455.71
2023-12-04T15:40:00.000,456.17,456.53,456.14,456.495,1052511,8224,455.73
2023-12-04T15:45:00.000,456.49,456.61,456.335,456.55,993525,7989,455.74
2023-12-04T15:50:00.000,456.55,456.937,456.55,456.67,2935277,20691,455.8
2023-12-04T15:55:00.000,456.66,456.835,456.56,456.66,4564142,22135,455.87
2023-12-04T16:00:00.000,456.66,456.66,456.66,456.66,983,2,455.87
2023-12-05T09:30:00.000,455.26,455.495,455.15,455.2171,1293313,11255,455.29
2023-12-05T09:35:00.000,455.18,455.355,454.94,455.04,816201,7829,455.24
2023-12-05T09:40:00.000,455.05,455.36,454.87,455.2559,758439,7125,455.19
2023-12-05T09:45:00.000,455.24,455.515,454.9275,455.4,999405,7237,455.21
2023-12-05T09:50:00.000,455.39,455.7883,455.28,455.6848,706433,6306,455.25
2023-12-05T09:55:00.000,455.67,455.78,455.3716,455.475,543896,8722,455.29
2023-12-05T10:00:00.000,455.46,457.0,455.38,456.8401,2526255,28362,455.66
2023-12-05T10:05:00.000,456.84,456.87,456.24,456.315,1068740,8913,455.76
2023-12-05T10:10:00.000,456.31,456.49,455.88,456.065,780810,7099,455.8
2023-12-05T10:15:00.000,456.07,456.35,455.94,456.3,677923,6185,455.82
2023-12-05T10:20:00.000,456.29,456.905,456.28,456.5711,902518,8759,455.88
2023-12-05T10:25:00.000,456.58,456.61,455.7487,456.3799,992286,8976,455.89
2023-12-05T10:30:00.000,456.38,456.5897,456.175,456.23,663007,6148,455.92
2023-12-05T10:35:00.000,456.24,456.63,456.18,456.56,654118,5907,455.94
2023-12-05T10:40:00.000,456.55,456.865,456.37,456.825,669239,6667,455.98
2023-12-05T10:45:00.000,456.84,457.1899,456.78,457.1201,795011,7232,456.03
2023-12-05T10:50:00.000,457.125,457.32,457.002,457.11,933360,6185,456.08
2023-12-05T10:55:00.000,457.12,457.41,457.11,457.3895,697486,6407,456.13
2023-12-05T11:00:00.000,457.39,457.5301,457.2,457.47,905854,5860,456.18
2023-12-05T11:05:00.000,457.48,457.59,457.21,457.22,578130,5296,456.22
2023-12-05T11:10:00.000,457.22,457.31,456.605,456.77,775244,6779,456.26
2023-12-05T11:15:00.000,456.76,456.78,455.67,455.8,1299922,11138,456.25
2023-12-05T11:20:00.000,455.8,456.14,455.58,456.04,1046521,8676,456.23
2023-12-05T11:25:00.000,456.03,456.4474,455.92,456.27,542619,5200,456.24
2023-12-05T11:30:00.000,456.3,456.6699,456.27,456.425,482749,4663,456.24
2023-12-05T11:35:00.000,456.44,456.635,456.37,456.56,794779,4471,456.25
2023-12-05T11:40:00.000,456.56,456.69,456.315,456.49,442174,4213,456.25
2023-12-05T11:45:00.000,456.49,456.67,456.33,456.45,375995,3254,456.26
2023-12-05T11:50:00.000,456.45,456.47,455.365,455.46,933472,7950,456.24
2023-12-05T11:55:00.000,455.465,456.0593,455.42,456.045,814262,5393,456.22
2023-12-05T12:00:00.000,456.06,456.33,456.025,456.2593,617254,4869,456.22
2023-12-05T12:05:00.000,456.2593,456.3874,456.13,456.31,325954,3285,456.22
2023-12-05T12:10:00.000,456.31,456.43,456.21,456.29,360597,3586,456.23
2023-12-05T12:15:00.000,456.28,456.435,456.14,456.165,612187,3461,456.23
2023-12-05T12:20:00.000,456.17,456.44,455.86,455.91,471922,4173,456.23
2023-12-05T12:25:00.000,455.91,456.38,455.91,456.275,858881,4242,456.22
2023-12-05T12:30:00.000,456.28,456.35,455.87,455.98,402552,3604,456.22
2023-12-05T12:35:00.000,455.99,456.18,455.84,455.94,432204,4146,456.22
2023-12-05T12:40:00.000,455.93,456.009,455.28,455.444,727917,6822,456.2
2023-12-05T12:45:00.000,455.446,455.765,455.23,455.7399,905437,5588,456.19
2023-12-05T12:50:00.000,455.73,455.87,455.565,455.8,418718,4335,456.18
2023-12-05T12:55:00.000,455.79,456.27,455.77,456.2362,742246,4791,456.18
2023-12-05T13:00:00.000,456.23,456.32,455.95,456.11,476310,4527,456.18
2023-12-05T13:05:00.000,456.11,456.22,455.87,456.11,415664,3915,456.18
2023-12-05T13:10:00.000,456.1,456.23,456.02,456.17,613306,3688,456.18
2023-12-05T13:15:00.000,456.17,456.42,456.125,456.4,650726,4336,456.18
2023-12-05T13:20:00.000,456.3801,456.57,456.33,456.52,416228,3970,456.18
2023-12-05T13:25:00.000,456.53,456.57,456.255,456.33,1483193,3846,456.19
2023-12-05T13:30:00.000,456.33,456.54,456.14,456.34,561993,5297,456.19
2023-12-05T13:35:00.000,456.34,456.41,456.08,456.2701,378089,3491,456.19
2023-12-05T13:40:00.000,456.26,456.53,455.98,456.377,563115,5865,456.19
2023-12-05T13:45:00.000,456.37,456.4199,456.02,456.1199,470098,4433,456.19
2023-12-05T13:50:00.000,456.105,456.2,456.04,456.18,410008,3638,456.19
2023-12-05T13:55:00.000,456.18,456.28,456.095,456.19,293032,2941,456.19
2023-12-05T14:00:00.000,456.2,456.2669,456.055,456.095,317777,3234,456.19
2023-12-05T14:05:00.000,456.09,456.25,455.9,456.22,490131,4348,456.19
2023-12-05T14:10:00.000,456.21,456.59,456.2,456.45,671821,3580,456.19
2023-12-05T14:15:00.000,456.45,456.7,456.4095,456.62,398533,3786,456.19
2023-12-05T14:20:00.000,456.63,456.6592,456.375,456.44,515495,4619,456.2
2023-12-05T14:25:00.000,456.43,456.54,456.315,456.47,364319,3268,456.2
2023-12-05T14:30:00.000,456.47,456.53,456.12,456.14,450181,4449,456.2
2023-12-05T14:35:00.000,456.14,456.24,455.985,456.12,504945,4481,456.2
2023-12-05T14:40:00.000,456.115,456.22,456.055,456.06,350543,3644,456.2
2023-12-05T14:45:00.000,456.06,456.26,456.02,456.23,358110,3644,456.2
2023-12-05T14:50:00.000,456.23,456.55,456.17,456.4768,530212,5238,456.2
2023-12-05T14:55:00.000,456.47,456.7,456.43,456.6482,471737,4186,456.2
2023-12-05T15:00:00.000,456.65,456.75,456.475,456.55,563142,4943,456.21
2023-12-05T15:05:00.000,456.56,456.65,456.425,456.6,483529,4440,456.21
2023-12-05T15:10:00.000,456.605,456.77,456.52,456.6201,452986,4456,456.22
2023-12-05T15:15:00.000,456.6,456.79,456.57,456.7,733716,4274,456.22
2023-12-05T15:20:00.000,456.71,456.79,456.56,456.76,434031,3777,456.23
2023-12-05T15:25:00.000,456.76,456.78,456.475,456.53,447036,4257,456.23
2023-12-05T15:30:00.000,456.54,456.63,456.45,456.525,492826,4224,456.23
2023-12-05T15:35:00.000,456.52,456.61,456.45,456.45,749861,4268,456.24
2023-12-05T15:40:00.000,456.45,456.53,456.2,456.225,748761,6358,456.24
2023-12-05T15:45:00.000,456.23,456.54,456.175,456.35,1441875,9008,456.24
2023-12-05T15:50:00.000,456.34,456.51,456.09,456.19,1673833,11441,456.24
2023-12-05T15:55:00.000,456.19,456.6,456.12,456.58,9118563,28184,456.26
2023-12-05T16:00:00.000,0.0,0.0,0.0,0.0,0,0,456.26
2023-12-06T09:30:00.000,458.81,458.84,458.385,458.4,1324151,11956,458.67
2023-12-06T09:35:00.000,458.38,458.39,457.8218,457.9316,1069921,8678,458.38
2023-12-06T09:40:00.000,457.94,458.21,457.885,457.96,1011438,8774,458.28
2023-12-06T09:45:00.000,457.96,458.08,457.82,458.01,519067,5430,458.24
2023-12-06T09:50:00.000,458.02,458.19,457.8501,457.87,856837,6785,458.2
2023-12-06T09:55:00.000,457.88,458.07,457.87,458.01,428559,7281,458.18
2023-12-06T10:00:00.000,458.01,458.05,457.4497,457.5415,860644,15010,458.11
2023-12-06T10:05:00.000,457.55,458.14,457.48,458.08,848882,7986,458.07
2023-12-06T10:10:00.000,458.09,458.24,457.94,458.2188,610410,5434,458.07
2023-12-06T10:15:00.000,458.22,458.4,457.87,457.98,769890,6874,458.08
2023-12-06T10:20:00.000,457.98,457.9901,456.86,456.96,1289029,9639,458.0
2023-12-06T10:25:00.000,456.96,457.28,456.76,457.1201,1582384,9212,457.9
2023-12-06T10:30:00.000,457.13,457.54,457.11,457.41,716406,6208,457.86
2023-12-06T10:35:00.000,457.41,457.55,457.22,457.42,523556,5146,457.84
2023-12-06T10:40:00.000,457.44,457.495,457.213,457.25,434730,4529,457.82
2023-12-06T10:45:00.000,457.25,457.43,457.14,457.18,340916,3650,457.81
2023-12-06T10:50:00.000,457.1884,457.42,457.03,457.07,587150,5320,457.78
2023-12-06T10:55:00.000,457.07,457.22,456.9605,457.19,767208,4246,457.76
2023-12-06T11:00:00.000,457.2,457.32,456.965,457.1499,374500,4135,457.74
2023-12-06T11:05:00.000,457.145,457.39,456.96,457.0861,576582,4908,457.72
2023-12-06T11:10:00.000,457.08,457.47,457.06,457.4,378949,3795,457.71
2023-12-06T11:15:00.000,457.4,457.41,457.08,457.09,317066,3269,457.7
2023-12-06T11:20:00.000,457.085,457.2999,456.61,456.88,637745,6006,457.67
2023-12-06T11:25:00.000,456.87,457.19,456.8,456.84,498732,4706,457.65
2023-12-06T11:30:00.000,456.84,456.86,456.02,456.1383,1421935,10211,457.56
2023-12-06T11:35:00.000,456.14,456.3816,456.085,456.275,860719,5302,457.52
2023-12-06T11:40:00.000,456.2788,456.305,456.01,456.11,618709,5731,457.47
2023-12-06T11:45:00.000,456.1,456.39,456.085,456.235,689073,5543,457.43
2023-12-06T11:50:00.000,456.23,456.61,456.19,456.5103,618968,5393,457.4
2023-12-06T11:55:00.000,456.51,456.79,456.49,456.76,390622,3811,457.38
2023-12-06T12:00:00.000,456.76,456.79,456.48,456.52,371100,3517,457.37
2023-12-06T12:05:00.000,456.53,456.83,456.53,456.715,332831,3269,457.36
2023-12-06T12:10:00.000,456.72,456.86,456.55,456.55,712076,3259,457.35
2023-12-06T12:15:00.000,456.54,456.5905,456.27,456.28,719281,4062,457.33
2023-12-06T12:20:00.000,456.275,456.49,456.25,456.28,340225,3270,457.32
2023-12-06T12:25:00.000,456.27,456.355,456.13,456.265,457272,3626,457.29
2023-12-06T12:30:00.000,456.27,456.4,456.0901,456.395,610016,4497,457.27
2023-12-06T12:35:00.000,456.39,456.6,456.335,456.5099,345880,3431,457.25
2023-12-06T12:40:00.000,456.52,456.75,456.51,456.58,609066,3448,457.24
2023-12-06T12:45:00.000,456.58,456.625,456.02,456.21,503345,4561,457.22
2023-12-06T12:50:00.000,456.2,456.26,455.85,456.14,543093,5054,457.2
2023-12-06T12:55:00.000,456.14,456.14,455.8,455.862,710624,3934,457.17
2023-12-06T13:00:00.000,455.87,456.145,455.83,455.91,452308,4255,457.15
2023-12-06T13:05:00.000,455.915,455.9399,455.6,455.8391,804698,6215,457.11
2023-12-06T13:10:00.000,455.84,456.15,455.84,456.14,435580,4135,457.09
2023-12-06T13:15:00.000,456.1488,456.175,455.915,456.17,368473,3269,457.08
2023-12-06T13:20:00.000,456.165,456.275,456.05,456.12,374981,3934,457.07
2023-12-06T13:25:00.000,456.13,456.469,455.99,456.39,394297,3781,457.06
2023-12-06T13:30:00.000,456.4,456.44,456.19,456.21,341237,3581,457.05
2023-12-06T13:35:00.000,456.205,456.35,456.19,456.27,372153,3100,457.04
2023-12-06T13:40:00.000,456.26,456.355,456.065,456.2399,409127,3515,457.03
2023-12-06T13:45:00.000,456.245,456.3399,456.2001,456.3029,278769,2888,457.02
2023-12-06T13:50:00.000,456.31,456.475,456.26,456.435,336873,3567,457.01
2023-12-06T13:55:00.000,456.44,456.5985,456.42,456.47,346119,3427,457.01
2023-12-06T14:00:00.000,456.47,456.53,456.28,456.485,596367,3452,457.0
2023-12-06T14:05:00.000,456.48,456.55,456.345,456.4101,254789,2841,457.0
2023-12-06T14:10:00.000,456.4,456.455,456.15,456.18,492520,4391,456.99
2023-12-06T14:15:00.000,456.18,456.385,456.09,456.1,302189,3118,456.98
2023-12-06T14:20:00.000,456.1,456.1699,455.87,456.045,388575,3791,456.97
2023-12-06T14:25:00.000,456.04,456.18,455.89,455.9,419673,3618,456.96
2023-12-06T14:30:00.000,455.91,456.38,455.905,456.28,441248,3747,456.95
2023-12-06T14:35:00.000,456.28,456.315,456.08,456.22,458904,2616,456.94
2023-12-06T14:40:00.000,456.225,456.3394,456.075,456.14,634138,3355,456.93
2023-12-06T14:45:00.000,456.15,456.27,456.08,456.22,515733,2523,456.92
2023-12-06T14:50:00.000,456.23,456.275,455.96,456.04,341099,2712,456.92
2023-12-06T14:55:00.000,456.035,456.1,455.82,455.83,355609,3245,456.91
2023-12-06T15:00:00.000,455.83,455.9,455.705,455.7307,620451,5048,456.89
2023-12-06T15:05:00.000,455.735,455.81,455.67,455.7893,706273,4265,456.87
2023-12-06T15:10:00.000,455.77,455.775,455.395,455.4194,1137815,7074,456.84
2023-12-06T15:15:00.000,455.42,455.4974,455.26,455.38,601127,4865,456.82
2023-12-06T15:20:00.000,455.3812,455.4,454.91,454.96,1423057,8892,456.76
2023-12-06T15:25:00.000,454.96,455.07,454.84,454.995,975188,7441,456.72
2023-12-06T15:30:00.000,454.99,455.209,454.9,455.05,1333001,8243,456.67
2023-12-06T15:35:00.000,455.05,455.1199,454.68,454.7171,1236740,7625,456.63
2023-12-06T15:40:00.000,454.715,455.12,454.7,455.0229,1106263,9148,456.58
2023-12-06T15:45:00.000,455.03,455.075,454.805,454.925,1999169,11888,456.53
2023-12-06T15:50:00.000,454.92,454.95,454.31,454.435,2913943,18531,456.42
2023-12-06T15:55:00.000,454.45,454.8,454.36,454.71,6081473,27437,456.23
2023-12-06T16:00:00.000,0.0,0.0,0.0,0.0,0,0,456.23
2023-12-07T09:30:00.000,456.91,457.22,456.641,456.99,2223374,17475,456.91
2023-12-07T09:35:00.000,457.01,457.23,456.76,456.96,945354,8261,456.93
2023-12-07T09:40:00.000,456.97,457.1412,456.77,456.825,1201710,9201,456.93
2023-12-07T09:45:00.000,456.83,456.915,456.46,456.52,767356,6872,456.89
2023-12-07T09:50:00.000,456.52,456.96,456.29,456.6799,990903,8498,456.85
2023-12-07T09:55:00.000,456.68,456.9003,456.4096,456.46,696917,9861,456.82
2023-12-07T10:00:00.000,456.46,456.75,456.42,456.67,765709,12653,456.8
2023-12-07T10:05:00.000,456.67,457.07,456.47,456.51,979332,7999,456.8
2023-12-07T10:10:00.000,456.51,457.33,456.4,457.31,1210764,7562,456.82
2023-12-07T10:15:00.000,457.33,457.73,457.33,457.64,1069594,8793,456.9
2023-12-07T10:20:00.000,457.64,458.015,457.595,457.9,1142763,9619,456.99
2023-12-07T10:25:00.000,457.91,458.005,457.7,457.96,792617,6645,457.05
2023-12-07T10:30:00.000,457.98,458.145,457.905,457.945,877302,7416,457.11
2023-12-07T10:35:00.000,457.9397,458.1,457.84,457.98,855330,4922,457.15
2023-12-07T10:40:00.000,458.01,458.02,457.65,457.77,700377,6166,457.17
2023-12-07T10:45:00.000,457.77,457.86,457.63,457.77,451400,4060,457.19
2023-12-07T10:50:00.000,457.77,457.87,457.64,457.66,586441,4744,457.21
2023-12-07T10:55:00.000,457.65,457.87,457.59,457.87,537741,5000,457.23
2023-12-07T11:00:00.000,457.88,457.99,457.76,457.95,508839,4652,457.25
2023-12-07T11:05:00.000,457.94,458.05,457.835,457.895,1132524,5552,457.27
2023-12-07T11:10:00.000,457.89,458.0,457.2412,457.275,922358,8360,457.29
2023-12-07T11:15:00.000,457.26,457.32,456.512,456.72,1176677,9386,457.26
2023-12-07T11:20:00.000,456.71,457.0,456.6797,456.89,798232,5992,457.25
2023-12-07T11:25:00.000,456.875,457.14,456.872,457.07,450289,3809,457.24
2023-12-07T11:30:00.000,457.07,457.6,457.01,457.46,600516,5820,457.24
2023-12-07T11:35:00.000,457.47,457.829,457.47,457.8214,467603,4255,457.25
2023-12-07T11:40:00.000,457.83,457.98,457.6911,457.85,550700,4635,457.26
2023-12-07T11:45:00.000,457.86,458.06,457.8,457.91,739166,3888,457.28
2023-12-07T11:50:00.000,457.9191,458.05,457.805,458.025,545555,3983,457.3
2023-12-07T11:55:00.000,458.035,458.12,457.8999,458.08,394233,3800,457.31
2023-12-07T12:00:00.000,458.1,458.21,457.93,458.04,641447,4738,457.33
2023-12-07T12:05:00.000,458.01,458.02,457.85,457.9,363764,3431,457.34
2023-12-07T12:10:00.000,457.91,457.97,457.645,457.6903,339881,3440,457.34
2023-12-07T12:15:00.000,457.69,458.315,457.6599,458.24,715436,5720,457.37
2023-12-07T12:20:00.000,458.25,458.45,458.01,458.08,905122,7545,457.39
2023-12-07T12:25:00.000,458.06,458.28,458.0204,458.25,468668,4338,457.41
2023-12-07T12:30:00.000,458.26,458.36,458.21,458.315,384844,3809,457.42
2023-12-07T12:35:00.000,458.32,458.355,458.095,458.22,355343,3451,457.43
2023-12-07T12:40:00.000,458.21,458.275,458.01,458.08,625872,3661,457.44
2023-12-07T12:45:00.000,458.09,458.3,458.02,458.25,1065098,4388,457.45
2023-12-07T12:50:00.000,458.26,458.2712,458.01,458.091,702441,4443,457.46
2023-12-07T12:55:00.000,458.1,458.32,458.06,458.1385,574727,3041,457.47
2023-12-07T13:00:00.000,458.135,458.4,458.115,458.248,351038,3434,457.48
2023-12-07T13:05:00.000,458.24,458.55,458.24,458.46,375588,3375,457.49
2023-12-07T13:10:00.000,458.465,458.4699,458.32,458.4199,593075,2995,457.5
2023-12-07T13:15:00.000,458.42,458.445,458.085,458.235,361617,3788,457.51
2023-12-07T13:20:00.000,458.2327,458.25,458.035,458.22,485884,4261,457.52
2023-12-07T13:25:00.000,458.225,458.28,457.945,458.09,674684,3514,457.53
2023-12-07T13:30:00.000,458.1,458.26,458.0,458.179,366033,3227,457.54
2023-12-07T13:35:00.000,458.18,458.265,457.97,458.2,261767,2650,457.54
2023-12-07T13:40:00.000,458.195,458.4325,458.125,458.33,306718,3220,457.55
2023-12-07T13:45:00.000,458.33,458.41,458.245,458.26,311547,2919,457.56
2023-12-07T13:50:00.000,458.2699,458.42,458.215,458.3229,219196,1971,457.56
2023-12-07T13:55:00.000,458.33,458.35,458.235,458.31,185983,2297,457.57
2023-12-07T14:00:00.000,458.3,458.48,458.27,458.43,451170,3490,457.58
2023-12-07T14:05:00.000,458.43,458.6,458.22,458.51,595834,4524,457.59
2023-12-07T14:10:00.000,458.52,458.5304,458.34,458.4,1108744,3131,457.6
2023-12-07T14:15:00.000,458.4,458.7109,458.3702,458.6512,372252,3330,457.61
2023-12-07T14:20:00.000,458.66,458.9,458.54,458.6293,1202225,7063,457.64
2023-12-07T14:25:00.000,458.63,458.73,458.49,458.72,490800,3556,457.65
2023-12-07T14:30:00.000,458.73,458.76,458.33,458.35,553808,4906,457.66
2023-12-07T14:35:00.000,458.35,458.47,458.28,458.4171,489339,3990,457.67
2023-12-07T14:40:00.000,458.41,458.55,458.24,458.295,499079,4276,457.68
2023-12-07T14:45:00.000,458.295,458.41,458.16,458.4,488240,4055,457.69
2023-12-07T14:50:00.000,458.39,458.4,458.15,458.16,383320,3452,457.69
2023-12-07T14:55:00.000,458.145,458.145,457.9932,458.03,378684,3639,457.7
2023-12-07T15:00:00.000,458.04,458.2284,457.93,458.135,437468,4290,457.7
2023-12-07T15:05:00.000,458.14,458.27,458.04,458.135,526903,3756,457.71
2023-12-07T15:10:00.000,458.13,458.33,458.13,458.295,498915,4201,457.71
2023-12-07T15:15:00.000,458.295,458.42,458.26,458.37,1656113,4309,457.72
2023-12-07T15:20:00.000,458.375,458.51,458.27,458.33,601308,4863,457.73
2023-12-07T15:25:00.000,458.335,458.39,458.26,458.3,521850,4855,457.74
2023-12-07T15:30:00.000,458.3,458.47,457.99,458.015,1106834,7189,457.75
2023-12-07T15:35:00.000,458.01,458.1,457.96,458.0889,1389148,7141,457.75
2023-12-07T15:40:00.000,458.09,458.25,458.07,458.125,1065923,6944,457.76
2023-12-07T15:45:00.000,458.12,458.2,457.99,458.06,1116579,8757,457.77
2023-12-07T15:50:00.000,458.06,458.38,458.04,458.3,1654449,11867,457.78
2023-12-07T15:55:00.000,458.3,458.41,458.14,458.21,3553739,20951,457.81
2023-12-07T16:00:00.000,458.2,458.2,458.2,458.2,1322,5,457.81
2023-12-08T09:30:00.000,457.46,457.98,457.21,457.89,1339472,13086,457.62
2023-12-08T09:35:00.000,457.89,457.94,457.59,457.7306,866451,8085,457.68
2023-12-08T09:40:00.000,457.74,458.67,457.718,458.64,985703,8815,457.84
2023-12-08T09:45:00.000,458.65,458.74,458.29,458.6012,909259,7674,457.99
2023-12-08T09:50:00.000,458.61,458.71,458.04,458.095,1315611,8927,458.07
2023-12-08T09:55:00.000,458.095,458.28,457.94,458.2,693346,8251,458.08
2023-12-08T10:00:00.000,458.6,459.375,458.22,459.34,1704452,24198,458.3
2023-12-08T10:05:00.000,459.35,459.85,459.0599,459.835,1272934,11255,458.48
2023-12-08T10:10:00.000,459.825,459.94,459.48,459.92,1017702,8940,458.61
2023-12-08T10:15:00.000,459.92,460.42,459.84,460.19,1417262,11024,458.78
2023-12-08T10:20:00.000,460.195,460.275,460.02,460.21,813377,6921,458.88
2023-12-08T10:25:00.000,460.22,460.23,459.79,459.86,753770,7258,458.94
2023-12-08T10:30:00.000,459.86,459.97,459.24,459.29,827040,6713,458.98
2023-12-08T10:35:00.000,459.285,459.31,458.58,458.72,1292123,10434,458.97
2023-12-08T10:40:00.000,458.7,459.05,458.62,458.94,829954,6927,458.96
2023-12-08T10:45:00.000,458.93,459.11,458.755,459.11,597219,5708,458.96
2023-12-08T10:50:00.000,459.11,459.84,459.05,459.84,718600,7208,458.98
2023-12-08T10:55:00.000,459.84,460.06,459.6,460.01,759943,6490,459.02
2023-12-08T11:00:00.000,460.02,460.11,459.455,459.6487,765335,6690,459.05
2023-12-08T11:05:00.000,459.65,459.65,459.1,459.2,1007208,7074,459.06
2023-12-08T11:10:00.000,459.195,459.205,458.75,458.94,754591,6646,459.06
2023-12-08T11:15:00.000,458.94,458.9501,458.21,458.39,1080868,9058,459.03
2023-12-08T11:20:00.000,458.4,458.48,458.24,458.44,1790531,6413,459.0
2023-12-08T11:25:00.000,458.445,458.825,458.27,458.69,1001877,8814,458.98
2023-12-08T11:30:00.000,458.7025,458.94,458.47,458.66,668064,6393,458.98
2023-12-08T11:35:00.000,458.65,458.81,457.885,458.095,731176,6966,458.96
2023-12-08T11:40:00.000,458.09,458.11,457.84,458.045,754571,6086,458.93
2023-12-08T11:45:00.000,458.055,458.23,457.945,458.155,537241,4060,458.91
2023-12-08T11:50:00.000,458.161,458.2988,457.98,458.22,541582,4926,458.9
2023-12-08T11:55:00.000,458.22,458.46,458.13,458.24,694172,5164,458.88
2023-12-08T12:00:00.000,458.24,458.455,458.0599,458.2699,386774,3675,458.87
2023-12-08T12:05:00.000,458.25,458.38,458.14,458.19,336303,3028,458.87
2023-12-08T12:10:00.000,458.1888,458.23,457.76,457.78,571420,4736,458.85
2023-12-08T12:15:00.000,457.79,458.43,457.535,458.43,623136,5902,458.83
2023-12-08T12:20:00.000,458.42,458.705,458.4199,458.5812,428178,4122,458.83
2023-12-08T12:25:00.000,458.59,458.92,458.545,458.8,483267,4356,458.83
2023-12-08T12:30:00.000,458.8,458.91,458.57,458.77,386770,3534,458.83
2023-12-08T12:35:00.000,458.77,458.85,458.6,458.815,286363,2912,458.82
2023-12-08T12:40:00.000,458.82,459.0105,458.72,458.91,642260,3761,458.83
2023-12-08T12:45:00.000,458.91,459.05,458.865,458.9309,1347925,4212,458.83
2023-12-08T12:50:00.000,458.935,459.14,458.835,459.04,721610,4112,458.83
2023-12-08T12:55:00.000,459.04,459.12,458.88,459.04,320674,3071,458.83
2023-12-08T13:00:00.000,459.04,459.13,458.89,459.0,377043,3343,458.83
2023-12-08T13:05:00.000,459.005,459.2368,458.97,459.06,767890,3458,458.84
2023-12-08T13:10:00.000,459.0693,459.4099,459.06,459.4,1678198,4121,458.84
2023-12-08T13:15:00.000,459.4,459.45,459.14,459.27,515465,4100,458.85
2023-12-08T13:20:00.000,459.2687,459.38,459.1,459.35,320057,2901,458.85
2023-12-08T13:25:00.000,459.36,459.59,459.27,459.45,367603,3273,458.86
2023-12-08T13:30:00.000,459.45,459.5,459.21,459.4,401422,3666,458.86
2023-12-08T13:35:00.000,459.405,459.49,459.2901,459.36,469808,3854,458.87
2023-12-08T13:40:00.000,459.355,459.355,459.05,459.1199,479412,4000,458.88
2023-12-08T13:45:00.000,459.12,459.47,459.06,459.43,619742,3409,458.88
2023-12-08T13:50:00.000,459.425,459.57,459.4,459.5,642570,3143,458.89
2023-12-08T13:55:00.000,459.49,459.535,459.41,459.4999,293058,2723,458.89
2023-12-08T14:00:00.000,459.5,459.68,459.44,459.6799,876653,3859,458.9
2023-12-08T14:05:00.000,459.68,459.74,459.595,459.67,364341,3360,458.91
2023-12-08T14:10:00.000,459.66,459.785,459.63,459.715,333312,2989,458.91
2023-12-08T14:15:00.000,459.71,459.92,459.67,459.85,511953,3783,458.93
2023-12-08T14:20:00.000,459.8425,459.95,459.69,459.875,811540,4514,458.94
2023-12-08T14:25:00.000,459.88,459.98,459.82,459.93,419823,3366,458.95
2023-12-08T14:30:00.000,459.93,460.1,459.93,459.985,520237,4716,458.96
2023-12-08T14:35:00.000,459.98,460.0586,459.8,460.0586,425750,3866,458.97
2023-12-08T14:40:00.000,460.05,460.37,460.02,460.265,615520,5412,458.99
2023-12-08T14:45:00.000,460.2525,460.38,460.09,460.35,860698,5162,459.01
2023-12-08T14:50:00.000,460.35,460.47,460.28,460.3591,525994,5005,459.03
2023-12-08T14:55:00.000,460.35,460.3999,460.22,460.3799,721700,5454,459.05
2023-12-08T15:00:00.000,460.38,460.44,460.16,460.205,498842,4944,459.06
2023-12-08T15:05:00.000,460.21,460.36,459.9,460.2002,1289823,8723,459.09
2023-12-08T15:10:00.000,460.205,460.2399,460.03,460.23,504487,4485,459.1
2023-12-08T15:15:00.000,460.235,460.39,460.1635,460.19,624838,5567,459.12
2023-12-08T15:20:00.000,460.185,460.27,460.02,460.12,768421,6685,459.13
2023-12-08T15:25:00.000,460.13,460.44,460.11,460.3807,731365,6456,459.15
2023-12-08T15:30:00.000,460.38,460.395,460.19,460.34,1173818,7427,459.17
2023-12-08T15:35:00.000,460.335,460.745,460.29,460.665,1605122,11796,459.22
2023-12-08T15:40:00.000,460.68,460.71,460.465,460.545,1539856,9605,459.26
2023-12-08T15:45:00.000,460.54,460.64,460.38,460.3909,1852334,13639,459.3
2023-12-08T15:50:00.000,460.395,460.55,460.17,460.3321,2092493,13701,459.34
2023-12-08T15:55:00.000,460.33,460.42,460.05,460.13,4216062,23282,459.41
2023-12-08T16:00:00.000,460.13,460.13,460.13,460.13,496,2,459.41
2023-12-09T09:30:00.000,0.0,0.0,0.0,0.0,0,0,0.0
2023-12-09T09:35:00.000,0.0,0.0,0.0,0.0,0,0,0.0
2023-12-09T09:40:00.000,0.0,0.0,0.0,0.0,0,0,0.0
2023-12-09T09:45:00.000,0.0,0.0,0.0,0.0,0,0,0.0
2023-12-09T09:50:00.000,0.0,0.0,0.0,0.0,0,0,0.0
2023-12-09T09:55:00.000,0.0,0.0,0.0,0.0,0,0,0.0
2023-12-09T10:00:00.000,0.0,0.0,0.0,0.0,0,0,0.0
2023-12-09T10:05:00.000,0.0,0.0,0.0,0.0,0,0,0.0
2023-12-09T10:10:00.000,0.0,0.0,0.0,0.0,0,0,0.0
2023-12-09T10:15:00.000,0.0,0.0,0.0,0.0,0,0,0.0
2023-12-09T10:20:00.000,0.0,0.0,0.0,0.0,0,0,0.0
2023-12-09T10:25:00.000,0.0,0.0,0.0,0.0,0,0,0.0
2023-12-09T10:30:00.000,0.0,0.0,0.0,0.0,0,0,0.0
2023-12-09T10:35:00.000,0.0,0.0,0.0,0.0,0,0,0.0
2023-12-09T10:40:00.000,0.0,0.0,0.0,0.0,0,0,0.0
2023-12-09T10:45:00.000,0.0,0.0,0.0,0.0,0,0,0.0
2023-12-09T10:50:00.000,0.0,0.0,0.0,0.0,0,0,0.0
2023-12-09T10:55:00.000,0.0,0.0,0.0,0.0,0,0,0.0
2023-12-09T11:00:00.000,0.0,0.0,0.0,0.0,0,0,0.0
2023-12-09T11:05:00.000,0.0,0.0,0.0,0.0,0,0,0.0
2023-12-09T11:10:00.000,0.0,0.0,0.0,0.0,0,0,0.0
2023-12-09T11:15:00.000,0.0,0.0,0.0,0.0,0,0,0.0
2023-12-09T11:20:00.000,0.0,0.0,0.0,0.0,0,0,0.0
2023-12-09T11:25:00.000,0.0,0.0,0.0,0.0,0,0,0.0
2023-12-09T11:30:00.000,0.0,0.0,0.0,0.0,0,0,0.0
2023-12-09T11:35:00.000,0.0,0.0,0.0,0.0,0,0,0.0
2023-12-09T11:40:00.000,0.0,0.0,0.0,0.0,0,0,0.0
2023-12-09T11:45:00.000,0.0,0.0,0.0,0.0,0,0,0.0
2023-12-09T11:50:00.000,0.0,0.0,0.0,0.0,0,0,0.0
2023-12-09T11:55:00.000,0.0,0.0,0.0,0.0,0,0,0.0
2023-12-09T12:00:00.000,0.0,0.0,0.0,0.0,0,0,0.0
2023-12-09T12:05:00.000,0.0,0.0,0.0,0.0,0,0,0.0
2023-12-09T12:10:00.000,0.0,0.0,0.0,0.0,0,0,0.0
2023-12-09T12:15:00.000,0.0,0.0,0.0,0.0,0,0,0.0
2023-12-09T12:20:00.000,0.0,0.0,0.0,0.0,0,0,0.0
2023-12-09T12:25:00.000,0.0,0.0,0.0,0.0,0,0,0.0
2023-12-09T12:30:00.000,0.0,0.0,0.0,0.0,0,0,0.0
2023-12-09T12:35:00.000,0.0,0.0,0.0,0.0,0,0,0.0
2023-12-09T12:40:00.000,0.0,0.0,0.0,0.0,0,0,0.0
2023-12-09T12:45:00.000,0.0,0.0,0.0,0.0,0,0,0.0
2023-12-09T12:50:00.000,0.0,0.0,0.0,0.0,0,0,0.0
2023-12-09T12:55:00.000,0.0,0.0,0.0,0.0,0,0,0.0
2023-12-09T13:00:00.000,0.0,0.0,0.0,0.0,0,0,0.0
2023-12-09T13:05:00.000,0.0,0.0,0.0,0.0,0,0,0.0
2023-12-09T13:10:00.000,0.0,0.0,0.0,0.0,0,0,0.0
2023-12-09T13:15:00.000,0.0,0.0,0.0,0.0,0,0,0.0
2023-12-09T13:20:00.000,0.0,0.0,0.0,0.0,0,0,0.0
2023-12-09T13:25:00.000,0.0,0.0,0.0,0.0,0,0,0.0
2023-12-09T13:30:00.000,0.0,0.0,0.0,0.0,0,0,0.0
2023-12-09T13:35:00.000,0.0,0.0,0.0,0.0,0,0,0.0
2023-12-09T13:40:00.000,0.0,0.0,0.0,0.0,0,0,0.0
2023-12-09T13:45:00.000,0.0,0.0,0.0,0.0,0,0,0.0
2023-12-09T13:50:00.000,0.0,0.0,0.0,0.0,0,0,0.0
2023-12-09T13:55:00.000,0.0,0.0,0.0,0.0,0,0,0.0
2023-12-09T14:00:00.000,0.0,0.0,0.0,0.0,0,0,0.0
2023-12-09T14:05:00.000,0.0,0.0,0.0,0.0,0,0,0.0
2023-12-09T14:10:00.000,0.0,0.0,0.0,0.0,0,0,0.0
2023-12-09T14:15:00.000,0.0,0.0,0.0,0.0,0,0,0.0
2023-12-09T14:20:00.000,0.0,0.0,0.0,0.0,0,0,0.0
2023-12-09T14:25:00.000,0.0,0.0,0.0,0.0,0,0,0.0
2023-12-09T14:30:00.000,0.0,0.0,0.0,0.0,0,0,0.0
2023-12-09T14:35:00.000,0.0,0.0,0.0,0.0,0,0,0.0
2023-12-09T14:40:00.000,0.0,0.0,0.0,0.0,0,0,0.0
2023-12-09T14:45:00.000,0.0,0.0,0.0,0.0,0,0,0.0
2023-12-09T14:50:00.000,0.0,0.0,0.0,0.0,0,0,0.0
2023-12-09T14:55:00.000,0.0,0.0,0.0,0.0,0,0,0.0
2023-12-09T15:00:00.000,0.0,0.0,0.0,0.0,0,0,0.0
2023-12-09T15:05:00.000,0.0,0.0,0.0,0.0,0,0,0.0
2023-12-09T15:10:00.000,0.0,0.0,0.0,0.0,0,0,0.0
2023-12-09T15:15:00.000,0.0,0.0,0.0,0.0,0,0,0.0
2023-12-09T15:20:00.000,0.0,0.0,0.0,0.0,0,0,0.0
2023-12-09T15:25:00.000,0.0,0.0,0.0,0.0,0,0,0.0
2023-12-09T15:30:00.000,0.0,0.0,0.0,0.0,0,0,0.0
2023-12-09T15:35:00.000,0.0,0.0,0.0,0.0,0,0,0.0
2023-12-09T15:40:00.000,0.0,0.0,0.0,0.0,0,0,0.0
2023-12-09T15:45:00.000,0.0,0.0,0.0,0.0,0,0,0.0
2023-12-09T15:50:00.000,0.0,0.0,0.0,0.0,0,0,0.0
2023-12-09T15:55:00.000,0.0,0.0,0.0,0.0,0,0,0.0
2023-12-09T16:00:00.000,0.0,0.0,0.0,0.0,0,0,0.0
2023-12-10T09:30:00.000,0.0,0.0,0.0,0.0,0,0,0.0
2023-12-10T09:35:00.000,0.0,0.0,0.0,0.0,0,0,0.0
2023-12-10T09:40:00.000,0.0,0.0,0.0,0.0,0,0,0.0
2023-12-10T09:45:00.000,0.0,0.0,0.0,0.0,0,0,0.0
2023-12-10T09:50:00.000,0.0,0.0,0.0,0.0,0,0,0.0
2023-12-10T09:55:00.000,0.0,0.0,0.0,0.0,0,0,0.0
2023-12-10T10:00:00.000,0.0,0.0,0.0,0.0,0,0,0.0
2023-12-10T10:05:00.000,0.0,0.0,0.0,0.0,0,0,0.0
2023-12-10T10:10:00.000,0.0,0.0,0.0,0.0,0,0,0.0
2023-12-10T10:15:00.000,0.0,0.0,0.0,0.0,0,0,0.0
2023-12-10T10:20:00.000,0.0,0.0,0.0,0.0,0,0,0.0
2023-12-10T10:25:00.000,0.0,0.0,0.0,0.0,0,0,0.0
2023-12-10T10:30:00.000,0.0,0.0,0.0,0.0,0,0,0.0
2023-12-10T10:35:00.000,0.0,0.0,0.0,0.0,0,0,0.0
2023-12-10T10:40:00.000,0.0,0.0,0.0,0.0,0,0,0.0
2023-12-10T10:45:00.000,0.0,0.0,0.0,0.0,0,0,0.0
2023-12-10T10:50:00.000,0.0,0.0,0.0,0.0,0,0,0.0
2023-12-10T10:55:00.000,0.0,0.0,0.0,0.0,0,0,0.0
2023-12-10T11:00:00.000,0.0,0.0,0.0,0.0,0,0,0.0
2023-12-10T11:05:00.000,0.0,0.0,0.0,0.0,0,0,0.0
2023-12-10T11:10:00.000,0.0,0.0,0.0,0.0,0,0,0.0
2023-12-10T11:15:00.000,0.0,0.0,0.0,0.0,0,0,0.0
2023-12-10T11:20:00.000,0.0,0.0,0.0,0.0,0,0,0.0
2023-12-10T11:25:00.000,0.0,0.0,0.0,0.0,0,0,0.0
2023-12-10T11:30:00.000,0.0,0.0,0.0,0.0,0,0,0.0
2023-12-10T11:35:00.000,0.0,0.0,0.0,0.0,0,0,0.0
2023-12-10T11:40:00.000,0.0,0.0,0.0,0.0,0,0,0.0
2023-12-10T11:45:00.000,0.0,0.0,0.0,0.0,0,0,0.0
2023-12-10T11:50:00.000,0.0,0.0,0.0,0.0,0,0,0.0
2023-12-10T11:55:00.000,0.0,0.0,0.0,0.0,0,0,0.0
2023-12-10T12:00:00.000,0.0,0.0,0.0,0.0,0,0,0.0
2023-12-10T12:05:00.000,0.0,0.0,0.0,0.0,0,0,0.0
2023-12-10T12:10:00.000,0.0,0.0,0.0,0.0,0,0,0.0
2023-12-10T12:15:00.000,0.0,0.0,0.0,0.0,0,0,0.0
2023-12-10T12:20:00.000,0.0,0.0,0.0,0.0,0,0,0.0
2023-12-10T12:25:00.000,0.0,0.0,0.0,0.0,0,0,0.0
2023-12-10T12:30:00.000,0.0,0.0,0.0,0.0,0,0,0.0
2023-12-10T12:35:00.000,0.0,0.0,0.0,0.0,0,0,0.0
2023-12-10T12:40:00.000,0.0,0.0,0.0,0.0,0,0,0.0
2023-12-10T12:45:00.000,0.0,0.0,0.0,0.0,0,0,0.0
2023-12-10T12:50:00.000,0.0,0.0,0.0,0.0,0,0,0.0
2023-12-10T12:55:00.000,0.0,0.0,0.0,0.0,0,0,0.0
2023-12-10T13:00:00.000,0.0,0.0,0.0,0.0,0,0,0.0
2023-12-10T13:05:00.000,0.0,0.0,0.0,0.0,0,0,0.0
2023-12-10T13:10:00.000,0.0,0.0,0.0,0.0,0,0,0.0
2023-12-10T13:15:00.000,0.0,0.0,0.0,0.0,0,0,0.0
2023-12-10T13:20:00.000,0.0,0.0,0.0,0.0,0,0,0.0
2023-12-10T13:25:00.000,0.0,0.0,0.0,0.0,0,0,0.0
2023-12-10T13:30:00.000,0.0,0.0,0.0,0.0,0,0,0.0
2023-12-10T13:35:00.000,0.0,0.0,0.0,0.0,0,0,0.0
2023-12-10T13:40:00.000,0.0,0.0,0.0,0.0,0,0,0.0
2023-12-10T13:45:00.000,0.0,0.0,0.0,0.0,0,0,0.0
2023-12-10T13:50:00.000,0.0,0.0,0.0,0.0,0,0,0.0
2023-12-10T13:55:00.000,0.0,0.0,0.0,0.0,0,0,0.0
2023-12-10T14:00:00.000,0.0,0.0,0.0,0.0,0,0,0.0
2023-12-10T14:05:00.000,0.0,0.0,0.0,0.0,0,0,0.0
2023-12-10T14:10:00.000,0.0,0.0,0.0,0.0,0,0,0.0
2023-12-10T14:15:00.000,0.0,0.0,0.0,0.0,0,0,0.0
2023-12-10T14:20:00.000,0.0,0.0,0.0,0.0,0,0,0.0
2023-12-10T14:25:00.000,0.0,0.0,0.0,0.0,0,0,0.0
2023-12-10T14:30:00.000,0.0,0.0,0.0,0.0,0,0,0.0
2023-12-10T14:35:00.000,0.0,0.0,0.0,0.0,0,0,0.0
2023-12-10T14:40:00.000,0.0,0.0,0.0,0.0,0,0,0.0
2023-12-10T14:45:00.000,0.0,0.0,0.0,0.0,0,0,0.0
2023-12-10T14:50:00.000,0.0,0.0,0.0,0.0,0,0,0.0
2023-12-10T14:55:00.000,0.0,0.0,0.0,0.0,0,0,0.0
2023-12-10T15:00:00.000,0.0,0.0,0.0,0.0,0,0,0.0
2023-12-10T15:05:00.000,0.0,0.0,0.0,0.0,0,0,0.0
2023-12-10T15:10:00.000,0.0,0.0,0.0,0.0,0,0,0.0
2023-12-10T15:15:00.000,0.0,0.0,0.0,0.0,0,0,0.0
2023-12-10T15:20:00.000,0.0,0.0,0.0,0.0,0,0,0.0
2023-12-10T15:25:00.000,0.0,0.0,0.0,0.0,0,0,0.0
2023-12-10T15:30:00.000,0.0,0.0,0.0,0.0,0,0,0.0
2023-12-10T15:35:00.000,0.0,0.0,0.0,0.0,0,0,0.0
2023-12-10T15:40:00.000,0.0,0.0,0.0,0.0,0,0,0.0
2023-12-10T15:45:00.000,0.0,0.0,0.0,0.0,0,0,0.0
2023-12-10T15:50:00.000,0.0,0.0,0.0,0.0,0,0,0.0
2023-12-10T15:55:00.000,0.0,0.0,0.0,0.0,0,0,0.0
2023-12-10T16:00:00.000,0.0,0.0,0.0,0.0,0,0,0.0
2023-12-11T09:30:00.000,459.69,460.09,459.47,459.72,1874909,20084,459.71
2023-12-11T09:35:00.000,459.72,460.24,459.51,460.2067,1262703,11619,459.79
2023-12-11T09:40:00.000,460.2,460.33,460.0322,460.055,865089,8272,459.87
2023-12-11T09:45:00.000,460.065,460.34,460.04,460.17,853554,8427,459.92
2023-12-11T09:50:00.000,460.18,460.35,460.08,460.11,648034,6805,459.96
2023-12-11T09:55:00.000,460.11,460.42,459.63,460.405,1145258,10109,459.96
2023-12-11T10:00:00.000,460.4,460.49,459.95,460.1399,619790,13067,459.98
2023-12-11T10:05:00.000,460.13,460.46,460.09,460.4484,722078,11493,460.01
2023-12-11T10:10:00.000,460.46,460.55,460.279,460.4766,737871,7503,460.05
2023-12-11T10:15:00.000,460.48,460.499,460.175,460.45,694391,6745,460.07
2023-12-11T10:20:00.000,460.445,460.58,460.27,460.3,595390,5945,460.09
2023-12-11T10:25:00.000,460.3,460.36,460.14,460.2,658220,6076,460.1
2023-12-11T10:30:00.000,460.205,460.575,460.09,460.54,1028285,6829,460.11
2023-12-11T10:35:00.000,460.535,460.7,460.295,460.36,639108,5524,460.13
2023-12-11T10:40:00.000,460.36,460.5,460.17,460.4081,686673,4987,460.14
2023-12-11T10:45:00.000,460.41,460.99,460.385,460.87,1015021,8439,460.19
2023-12-11T10:50:00.000,460.87,461.14,460.85,461.02,733846,6748,460.24
2023-12-11T10:55:00.000,461.0199,461.16,460.79,460.79,722445,6133,460.27
2023-12-11T11:00:00.000,460.795,461.06,460.7401,460.96,551112,5547,460.3
2023-12-11T11:05:00.000,460.96,461.23,460.5,460.53,980458,7524,460.32
2023-12-11T11:10:00.000,460.53,460.63,460.15,460.1599,744790,6706,460.32
2023-12-11T11:15:00.000,460.155,460.395,460.13,460.34,1126743,7020,460.32
2023-12-11T11:20:00.000,460.34,460.465,460.04,460.37,900177,5886,460.32
2023-12-11T11:25:00.000,460.37,460.61,460.3404,460.48,497734,4672,460.32
2023-12-11T11:30:00.000,460.49,460.57,459.905,460.03,878101,8416,460.32
2023-12-11T11:35:00.000,460.04,460.54,459.945,460.38,1041776,5330,460.31
2023-12-11T11:40:00.000,460.4,460.4699,460.12,460.29,498635,4192,460.31
2023-12-11T11:45:00.000,460.3,460.35,460.19,460.3,645741,3754,460.31
2023-12-11T11:50:00.000,460.3,460.53,460.27,460.47,412108,4176,460.31
2023-12-11T11:55:00.000,460.4799,460.57,460.35,460.53,623219,3804,460.32
2023-12-11T12:00:00.000,460.53,460.64,460.3034,460.6113,501064,4914,460.32
2023-12-11T12:05:00.000,460.62,460.81,460.6105,460.6803,418724,4427,460.33
2023-12-11T12:10:00.000,460.68,460.7499,460.595,460.61,323288,3347,460.33
2023-12-11T12:15:00.000,460.6,460.6012,460.41,460.565,411567,3741,460.33
2023-12-11T12:20:00.000,460.565,460.73,460.525,460.69,305235,3222,460.34
2023-12-11T12:25:00.000,460.69,460.715,460.495,460.68,257924,3208,460.34
2023-12-11T12:30:00.000,460.7,460.73,460.58,460.7,328686,3580,460.35
2023-12-11T12:35:00.000,460.7,460.87,460.66,460.87,546412,2999,460.35
2023-12-11T12:40:00.000,460.8704,460.8969,460.745,460.8171,329230,3664,460.36
2023-12-11T12:45:00.000,460.81,460.93,460.78,460.8913,1352753,3261,460.36
2023-12-11T12:50:00.000,460.89,460.97,460.8121,460.94,611267,3505,460.37
2023-12-11T12:55:00.000,460.94,461.02,460.89,460.9603,325139,3524,460.38
2023-12-11T13:00:00.000,460.965,461.31,460.655,461.28,935987,8361,460.4
2023-12-11T13:05:00.000,461.29,461.3399,461.12,461.2001,476089,4491,460.41
2023-12-11T13:10:00.000,461.2,461.2,461.08,461.0913,389460,3683,460.42
2023-12-11T13:15:00.000,461.1,461.4,461.1,461.385,418614,3582,460.44
2023-12-11T13:20:00.000,461.3811,461.6,461.3811,461.55,1019283,4535,460.45
2023-12-11T13:25:00.000,461.5415,461.56,461.42,461.465,437802,3855,460.47
2023-12-11T13:30:00.000,461.47,461.55,461.43,461.515,347879,3962,460.48
2023-12-11T13:35:00.000,461.515,461.57,461.415,461.51,208791,2734,460.49
2023-12-11T13:40:00.000,461.51,461.645,461.47,461.55,382501,3619,460.5
2023-12-11T13:45:00.000,461.55,461.67,461.45,461.64,320842,3013,460.51
2023-12-11T13:50:00.000,461.63,461.7487,461.63,461.6601,507700,4502,460.53
2023-12-11T13:55:00.000,461.66,461.71,461.5488,461.6408,416135,4073,460.55
2023-12-11T14:00:00.000,461.64,461.7,461.575,461.6,280924,3231,460.55
2023-12-11T14:05:00.000,461.5911,461.72,461.54,461.71,355655,3237,460.57
2023-12-11T14:10:00.000,461.7113,461.85,461.67,461.74,376370,3806,460.58
2023-12-11T14:15:00.000,461.74,461.7499,461.46,461.4799,526671,4619,460.6
2023-12-11T14:20:00.000,461.4801,461.625,461.475,461.57,1063164,3298,460.6
2023-12-11T14:25:00.000,461.565,461.765,461.54,461.73,302556,3147,460.61
2023-12-11T14:30:00.000,461.745,461.83,461.64,461.74,674204,4195,460.63
2023-12-11T14:35:00.000,461.7413,461.7473,461.5,461.6,522839,4283,460.64
2023-12-11T14:40:00.000,461.6,461.655,461.485,461.515,808634,3017,460.65
2023-12-11T14:45:00.000,461.52,461.66,461.49,461.66,346482,3491,460.66
2023-12-11T14:50:00.000,461.66,461.6965,461.515,461.57,420255,3099,460.67
2023-12-11T14:55:00.000,461.575,461.575,461.44,461.54,371481,3172,460.68
2023-12-11T15:00:00.000,461.545,461.55,461.3396,461.435,716580,5631,460.69
2023-12-11T15:05:00.000,461.44,461.72,461.44,461.655,463530,4261,460.7
2023-12-11T15:10:00.000,461.66,461.67,461.43,461.64,477883,4569,460.71
2023-12-11T15:15:00.000,461.6458,461.825,461.645,461.71,555864,4264,460.73
2023-12-11T15:20:00.000,461.7105,461.77,461.53,461.76,929160,4199,460.74
2023-12-11T15:25:00.000,461.76,461.765,461.43,461.48,878974,6681,460.76
2023-12-11T15:30:00.000,461.48,461.57,461.41,461.42,642252,5802,460.77
2023-12-11T15:35:00.000,461.42,461.75,461.4,461.735,663245,5430,460.78
2023-12-11T15:40:00.000,461.7361,461.86,461.64,461.66,1144876,6343,460.8
2023-12-11T15:45:00.000,461.66,461.78,461.6,461.67,913654,7180,460.82
2023-12-11T15:50:00.000,461.67,461.88,461.55,461.805,1591509,11281,460.85
2023-12-11T15:55:00.000,461.805,462.17,461.77,461.97,5511509,23947,460.97
2023-12-11T16:00:00.000,0.0,0.0,0.0,0.0,80,1,460.97
2023-12-12T09:30:00.000,461.63,461.7,460.81,460.92,1388795,12416,461.32
2023-12-12T09:35:00.000,460.9,460.9998,460.6,460.64,1104359,9688,461.09
2023-12-12T09:40:00.000,460.65,460.93,460.61,460.735,924060,9034,461.0
2023-12-12T09:45:00.000,460.73,461.36,460.7,461.3001,1102600,10210,461.01
2023-12-12T09:50:00.000,461.3,461.51,461.2,461.275,758506,6901,461.06
2023-12-12T09:55:00.000,461.28,461.55,461.27,461.495,565519,8802,461.09
2023-12-12T10:00:00.000,461.5,461.79,461.315,461.76,784446,13422,461.14
2023-12-12T10:05:00.000,461.7519,462.1,461.73,462.0499,806424,7140,461.23
2023-12-12T10:10:00.000,462.04,462.06,461.73,461.89,795013,6604,461.29
2023-12-12T10:15:00.000,461.88,462.2,461.86,462.13,625283,5629,461.34
2023-12-12T10:20:00.000,462.13,462.29,461.995,462.23,571211,5045,461.39
2023-12-12T10:25:00.000,462.23,462.37,462.02,462.03,765151,4846,461.43
2023-12-12T10:30:00.000,462.03,462.23,461.94,462.13,1069766,4776,461.46
2023-12-12T10:35:00.000,462.12,462.37,462.055,462.32,638178,4174,461.49
2023-12-12T10:40:00.000,462.32,462.47,462.19,462.311,746014,6962,461.54
2023-12-12T10:45:00.000,462.31,462.55,462.25,462.32,497539,4800,461.57
2023-12-12T10:50:00.000,462.32,462.39,462.03,462.349,1205884,5957,461.61
2023-12-12T10:55:00.000,462.34,462.6866,462.335,462.66,507771,4523,461.64
2023-12-12T11:00:00.000,462.66,462.79,462.62,462.7532,560222,4449,461.68
2023-12-12T11:05:00.000,462.7534,462.835,462.48,462.53,850335,6756,461.74
2023-12-12T11:10:00.000,462.52,462.57,462.385,462.535,463805,4192,461.77
2023-12-12T11:15:00.000,462.53,462.53,462.39,462.45,320179,3129,461.78
2023-12-12T11:20:00.000,462.4313,462.79,462.42,462.755,468414,4525,461.81
2023-12-12T11:25:00.000,462.76,462.76,462.425,462.5,2436217,4054,461.83
2023-12-12T11:30:00.000,462.51,462.71,462.44,462.55,426029,4274,461.84
2023-12-12T11:35:00.000,462.545,462.73,462.5,462.595,362749,3513,461.86
2023-12-12T11:40:00.000,462.595,462.725,462.4801,462.55,427887,3910,461.88
2023-12-12T11:45:00.000,462.55,462.75,462.535,462.75,815364,3241,461.89
2023-12-12T11:50:00.000,462.75,462.82,462.6,462.66,656255,3953,461.91
2023-12-12T11:55:00.000,462.66,462.705,462.47,462.59,505091,4233,461.93
2023-12-12T12:00:00.000,462.59,462.675,462.49,462.57,271618,2856,461.93
2023-12-12T12:05:00.000,462.57,462.59,462.28,462.34,1190410,4150,461.95
2023-12-12T12:10:00.000,462.32,462.62,462.24,462.62,574750,3310,461.95
2023-12-12T12:15:00.000,462.61,462.74,462.592,462.6793,548899,4297,461.97
2023-12-12T12:20:00.000,462.68,462.867,462.68,462.84,657267,3526,461.99
2023-12-12T12:25:00.000,462.84,462.89,462.69,462.83,461446,4166,462.0
2023-12-12T12:30:00.000,462.8328,463.12,462.8234,462.99,803674,5782,462.04
2023-12-12T12:35:00.000,462.99,463.04,462.8499,462.8977,389708,3547,462.06
2023-12-12T12:40:00.000,462.89,462.95,462.82,462.83,527570,4261,462.08
2023-12-12T12:45:00.000,462.84,462.93,462.625,462.63,394178,3433,462.09
2023-12-12T12:50:00.000,462.63,462.695,462.5,462.55,705987,3512,462.1
2023-12-12T12:55:00.000,462.55,462.68,462.5,462.62,330243,2943,462.1
2023-12-12T13:00:00.000,462.62,463.055,462.51,463.0101,669862,5596,462.12
2023-12-12T13:05:00.000,463.02,463.0681,462.78,462.98,427920,3584,462.14
2023-12-12T13:10:00.000,462.99,463.01,462.79,462.875,327190,3411,462.15
2023-12-12T13:15:00.000,462.87,463.03,462.85,462.9,318003,3089,462.16
2023-12-12T13:20:00.000,462.89,462.91,462.701,462.81,307753,3289,462.16
2023-12-12T13:25:00.000,462.81,462.93,462.785,462.88,195652,2382,462.17
2023-12-12T13:30:00.000,462.88,463.08,462.8101,462.96,279068,3591,462.18
2023-12-12T13:35:00.000,462.95,463.02,462.8999,463.01,212139,2406,462.18
2023-12-12T13:40:00.000,463.005,463.04,462.9001,463.0,339916,3230,462.19
2023-12-12T13:45:00.000,462.995,463.2,462.99,463.17,691250,3934,462.21
2023-12-12T13:50:00.000,463.16,463.28,463.13,463.21,912088,4462,462.22
2023-12-12T13:55:00.000,463.21,463.27,463.105,463.21,351991,3499,462.24
2023-12-12T14:00:00.000,463.21,463.22,463.08,463.14,486537,3762,462.25
2023-12-12T14:05:00.000,463.15,463.2367,463.095,463.155,359844,3299,462.26
2023-12-12T14:10:00.000,463.15,463.17,463.04,463.1,302886,2752,462.27
2023-12-12T14:15:00.000,463.095,463.245,463.055,463.195,546495,2986,462.28
2023-12-12T14:20:00.000,463.2,463.28,463.18,463.25,307377,3201,462.29
2023-12-12T14:25:00.000,463.26,463.29,463.21,463.25,351260,3615,462.3
2023-12-12T14:30:00.000,463.26,463.38,463.2502,463.355,324006,3611,462.31
2023-12-12T14:35:00.000,463.36,463.42,463.31,463.355,237717,2715,462.32
2023-12-12T14:40:00.000,463.36,463.42,463.33,463.38,396538,3130,462.33
2023-12-12T14:45:00.000,463.375,463.53,463.345,463.43,416076,3678,462.34
2023-12-12T14:50:00.000,463.43,463.54,463.43,463.475,396890,3955,462.36
2023-12-12T14:55:00.000,463.48,463.61,463.47,463.565,888285,5472,462.38
2023-12-12T15:00:00.000,463.57,463.84,463.51,463.8201,635275,5709,462.4
2023-12-12T15:05:00.000,463.82,464.08,463.81,464.005,1475973,7746,462.45
2023-12-12T15:10:00.000,464.0014,464.05,463.81,463.95,1035871,6970,462.48
2023-12-12T15:15:00.000,463.955,464.1,463.9,463.93,920204,5276,462.51
2023-12-12T15:20:00.000,463.92,464.12,463.91,464.05,644726,5485,462.54
2023-12-12T15:25:00.000,464.055,464.12,463.98,464.09,799041,4994,462.56
2023-12-12T15:30:00.000,464.0901,464.14,463.93,463.935,724521,6520,462.59
2023-12-12T15:35:00.000,463.9301,463.945,463.72,463.765,712981,6087,462.61
2023-12-12T15:40:00.000,463.77,463.855,463.65,463.8,805409,6855,462.63
2023-12-12T15:45:00.000,463.795,463.88,463.74,463.805,1370610,9556,462.67
2023-12-12T15:50:00.000,463.8,463.93,463.59,463.74,2090738,16320,462.72
2023-12-12T15:55:00.000,463.75,464.2,463.745,464.16,5002938,24461,462.84
2023-12-12T16:00:00.000,464.17,464.17,464.17,464.17,417,1,462.84
2023-12-13T09:30:00.000,464.49,464.83,464.3,464.82,1366660,12404,464.48
2023-12-13T09:35:00.000,464.82,464.855,464.61,464.67,810118,7004,464.57
2023-12-13T09:40:00.000,464.67,464.76,464.41,464.465,669954,6533,464.58
2023-12-13T09:45:00.000,464.46,464.56,464.35,464.5,539256,5046,464.56
2023-12-13T09:50:00.000,464.5,464.505,464.33,464.435,482776,4763,464.54
2023-12-13T09:55:00.000,464.43,464.56,464.36,464.475,400007,6641,464.53
2023-12-13T10:00:00.000,464.475,464.51,464.34,464.42,442814,12202,464.52
2023-12-13T10:05:00.000,464.42,464.592,464.24,464.58,539445,5801,464.51
2023-12-13T10:10:00.000,464.5784,464.77,464.5784,464.64,562506,5405,464.53
2023-12-13T10:15:00.000,464.64,464.86,464.63,464.85,692974,5869,464.55
2023-12-13T10:20:00.000,464.85,464.89,464.68,464.88,496279,4919,464.57
2023-12-13T10:25:00.000,464.88,464.91,464.74,464.83,402075,4216,464.58
2023-12-13T10:30:00.000,464.83,465.0,464.74,464.78,492545,5203,464.6
2023-12-13T10:35:00.000,464.78,465.05,464.765,464.95,423354,4591,464.62
2023-12-13T10:40:00.000,464.96,465.115,464.91,465.1083,451216,4673,464.64
2023-12-13T10:45:00.000,465.1,465.31,465.07,465.29,504152,4769,464.67
2023-12-13T10:50:00.000,465.2911,465.2983,465.11,465.14,549952,3981,464.69
2023-12-13T10:55:00.000,465.13,465.27,465.085,465.15,361246,3612,464.7
2023-12-13T11:00:00.000,465.145,465.335,465.145,465.19,354931,3747,464.72
2023-12-13T11:05:00.000,465.19,465.19,464.96,465.04,556043,4083,464.74
2023-12-13T11:10:00.000,465.04,465.07,464.9085,465.015,492651,4193,464.75
2023-12-13T11:15:00.000,465.015,465.13,464.99,465.04,340302,3216,464.76
2023-12-13T11:20:00.000,465.03,465.15,464.93,464.94,414628,3421,464.76
2023-12-13T11:25:00.000,464.935,464.9872,464.85,464.885,458796,4113,464.77
2023-12-13T11:30:00.000,464.89,465.05,464.84,464.9122,394386,3725,464.77
2023-12-13T11:35:00.000,464.92,465.0,464.765,464.815,306781,3065,464.78
2023-12-13T11:40:00.000,464.8192,464.91,464.74,464.82,255913,2717,464.78
2023-12-13T11:45:00.000,464.8204,464.91,464.72,464.805,607643,2554,464.78
2023-12-13T11:50:00.000,464.805,464.86,464.67,464.83,286330,2882,464.78
2023-12-13T11:55:00.000,464.83,464.83,464.61,464.64,268419,2898,464.78
2023-12-13T12:00:00.000,464.65,464.705,464.46,464.535,323664,3160,464.77
2023-12-13T12:05:00.000,464.535,464.5893,464.44,464.55,316358,3277,464.77
2023-12-13T12:10:00.000,464.555,464.68,464.535,464.64,586099,2826,464.76
2023-12-13T12:15:00.000,464.645,464.67,464.55,464.565,246784,2485,464.76
2023-12-13T12:20:00.000,464.56,464.64,464.49,464.5101,291529,2826,464.76
2023-12-13T12:25:00.000,464.51,464.63,464.485,464.53,237227,2430,464.75
2023-12-13T12:30:00.000,464.525,464.62,464.39,464.53,647621,4018,464.75
2023-12-13T12:35:00.000,464.53,464.54,464.34,464.535,285672,3195,464.74
2023-12-13T12:40:00.000,464.54,464.55,464.38,464.4622,387064,3711,464.74
2023-12-13T12:45:00.000,464.46,464.555,464.43,464.55,291777,2967,464.73
2023-12-13T12:50:00.000,464.55,464.615,464.52,464.55,483378,3132,464.73
2023-12-13T12:55:00.000,464.555,464.58,464.4402,464.48,296507,3036,464.72
2023-12-13T13:00:00.000,464.495,464.51,464.27,464.2703,336171,3569,464.72
2023-12-13T13:05:00.000,464.28,464.34,464.18,464.22,605636,3863,464.71
2023-12-13T13:10:00.000,464.225,464.3266,464.14,464.2709,333901,3460,464.7
2023-12-13T13:15:00.000,464.28,464.33,464.1312,464.17,1035679,3332,464.69
2023-12-13T13:20:00.000,464.18,464.265,464.12,464.24,286429,3274,464.68
2023-12-13T13:25:00.000,464.23,464.31,464.14,464.18,276799,2848,464.68
2023-12-13T13:30:00.000,464.18,464.28,464.125,464.2305,418343,4184,464.67
2023-12-13T13:35:00.000,464.235,464.285,464.19,464.27,322296,3152,464.66
2023-12-13T13:40:00.000,464.28,464.33,464.185,464.275,338673,3454,464.65
2023-12-13T13:45:00.000,464.275,464.4,464.27,464.365,371161,3724,464.65
2023-12-13T13:50:00.000,464.36,464.5671,464.33,464.535,425538,4048,464.64
2023-12-13T13:55:00.000,464.53,464.69,464.36,464.42,1371113,5243,464.64
2023-12-13T14:00:00.000,464.37,466.7,464.37,466.7,5691440,41258,464.89
2023-12-13T14:05:00.000,466.69,467.14,466.48,467.08,2513432,18035,465.05
2023-12-13T14:10:00.000,467.09,467.19,466.88,467.09,2014950,14121,465.16
2023-12-13T14:15:00.000,467.08,467.34,467.07,467.29,1251082,9096,465.24
2023-12-13T14:20:00.000,467.28,467.84,467.2409,467.56,1524311,12255,465.35
2023-12-13T14:25:00.000,467.57,467.6,467.21,467.4501,1388294,10191,465.43
2023-12-13T14:30:00.000,467.45,468.01,467.05,467.99,1327258,11359,465.51
2023-12-13T14:35:00.000,468.01,468.78,467.95,468.76,1672798,14577,465.63
2023-12-13T14:40:00.000,468.76,469.4,468.665,469.2,2961314,23391,465.88
2023-12-13T14:45:00.000,469.2,469.45,468.93,469.21,1694203,15425,466.01
2023-12-13T14:50:00.000,469.22,469.62,469.0,469.54,1831195,12742,466.15
2023-12-13T14:55:00.000,469.53,470.1,469.52,469.78,2353775,19695,466.32
2023-12-13T15:00:00.000,469.785,470.71,469.545,470.67,1840616,15621,466.45
2023-12-13T15:05:00.000,470.66,470.7599,469.99,470.2,2980917,19618,466.65
2023-12-13T15:10:00.000,470.19,470.2,469.46,469.505,2001898,18368,466.76
2023-12-13T15:15:00.000,469.51,469.755,469.23,469.3,1826152,16581,466.85
2023-12-13T15:20:00.000,469.3,469.42,468.355,468.36,1658449,14450,466.91
2023-12-13T15:25:00.000,468.36,468.94,468.13,468.865,2189916,16780,466.97
2023-12-13T15:30:00.000,468.86,469.0199,468.48,468.96,1521070,11585,467.0
2023-12-13T15:35:00.000,468.95,469.86,468.93,469.86,1991194,13324,467.07
2023-12-13T15:40:00.000,469.8601,469.92,469.67,469.835,2275739,15455,467.15
2023-12-13T15:45:00.000,469.83,469.87,469.57,469.72,1900797,14193,467.21
2023-12-13T15:50:00.000,469.73,469.91,469.14,469.6901,2985775,21983,467.3
2023-12-13T15:55:00.000,469.69,470.54,469.68,470.44,6402527,33630,467.5
2023-12-13T16:00:00.000,470.44,470.44,470.44,470.44,123,1,467.5
2023-12-14T09:30:00.000,472.5,473.44,472.47,473.31,2993215,20365,473.02
2023-12-14T09:35:00.000,473.3,473.32,472.255,472.57,1791410,16359,472.89
2023-12-14T09:40:00.000,472.57,473.365,472.52,473.36,2536959,13332,472.93
2023-12-14T09:45:00.000,473.365,473.73,473.01,473.0308,1411633,13213,473.04
2023-12-14T09:50:00.000,473.03,473.09,472.58,472.82,1273047,11864,473.01
2023-12-14T09:55:00.000,472.82,473.57,472.8,473.14,1245400,14532,473.02
2023-12-14T10:00:00.000,473.14,473.18,472.52,472.59,1283579,17379,473.0
2023-12-14T10:05:00.000,472.6,472.71,472.2925,472.58,1138044,9821,472.95
2023-12-14T10:10:00.000,472.58,472.835,472.35,472.35,1192540,10736,472.92
2023-12-14T10:15:00.000,472.34,472.39,471.78,472.08,1857544,14499,472.83
2023-12-14T10:20:00.000,472.08,472.35,471.84,472.28,2024356,14243,472.77
2023-12-14T10:25:00.000,472.29,472.6,471.99,472.28,1352016,10938,472.74
2023-12-14T10:30:00.000,472.29,472.64,472.1285,472.6,815225,8077,472.72
2023-12-14T10:35:00.000,472.61,472.66,471.67,471.8995,1104250,9157,472.69
2023-12-14T10:40:00.000,471.91,472.253,471.85,472.03,947846,8104,472.67
2023-12-14T10:45:00.000,472.035,472.16,471.745,472.05,890134,6946,472.64
2023-12-14T10:50:00.000,472.045,472.62,471.98,472.5918,729317,7324,472.63
2023-12-14T10:55:00.000,472.6,472.81,472.19,472.5899,803969,7703,472.63
2023-12-14T11:00:00.000,472.585,472.68,472.18,472.227,778798,7630,472.62
2023-12-14T11:05:00.000,472.23,472.42,472.03,472.12,639660,6572,472.61
2023-12-14T11:10:00.000,472.13,472.6,471.545,471.59,890456,8677,472.59
2023-12-14T11:15:00.000,471.6,472.0,471.46,471.93,872000,7178,472.57
2023-12-14T11:20:00.000,471.93,471.97,471.57,471.77,581497,6010,472.55
2023-12-14T11:25:00.000,471.765,472.01,471.58,471.93,1012786,6927,472.53
2023-12-14T11:30:00.000,471.95,472.2499,471.87,471.92,908804,8395,472.51
2023-12-14T11:35:00.000,471.91,471.975,471.54,471.8499,831781,5382,472.5
2023-12-14T11:40:00.000,471.84,472.39,471.83,472.36,658912,5697,472.49
2023-12-14T11:45:00.000,472.355,472.61,472.25,472.4901,667923,5787,472.49
2023-12-14T11:50:00.000,472.485,472.6,472.4,472.57,797525,4472,472.49
2023-12-14T11:55:00.000,472.57,472.67,472.42,472.54,565844,4714,472.49
2023-12-14T12:00:00.000,472.54,472.88,472.475,472.84,1116219,5293,472.5
2023-12-14T12:05:00.000,472.84,472.98,472.6801,472.935,907251,6090,472.5
2023-12-14T12:10:00.000,472.94,473.2,472.87,473.16,1293881,8762,472.52
2023-12-14T12:15:00.000,473.165,473.2399,472.8,472.93,707713,6761,472.53
2023-12-14T12:20:00.000,472.9387,473.21,472.865,472.94,652945,4892,472.54
2023-12-14T12:25:00.000,472.94,473.28,472.94,473.26,426261,4164,472.55
2023-12-14T12:30:00.000,473.26,473.325,473.125,473.285,563608,5230,472.56
2023-12-14T12:35:00.000,473.29,473.34,472.9836,473.0,860963,5160,472.57
2023-12-14T12:40:00.000,472.995,473.36,472.995,473.265,956747,6062,472.58
2023-12-14T12:45:00.000,473.26,473.365,473.18,473.255,410681,4066,472.58
2023-12-14T12:50:00.000,473.255,473.31,472.72,472.73,792344,7167,472.59
2023-12-14T12:55:00.000,472.7205,472.76,471.9513,471.9901,1432482,11277,472.58
2023-12-14T13:00:00.000,472.0,472.01,471.25,471.31,1680616,12895,472.54
2023-12-14T13:05:00.000,471.33,471.4813,471.2,471.37,1378356,8267,472.51
2023-12-14T13:10:00.000,471.38,471.58,471.2,471.36,1370197,9189,472.47
2023-12-14T13:15:00.000,471.36,471.37,471.16,471.175,1314171,6303,472.45
2023-12-14T13:20:00.000,471.17,471.36,471.05,471.13,897588,7531,472.42
2023-12-14T13:25:00.000,471.14,471.15,470.82,470.845,1202212,8930,472.39
2023-12-14T13:30:00.000,470.845,471.06,470.77,471.0007,1179477,10940,472.36
2023-12-14T13:35:00.000,471.0,471.01,470.79,470.8591,537907,4985,472.34
2023-12-14T13:40:00.000,470.855,470.92,470.69,470.76,1234548,5822,472.32
2023-12-14T13:45:00.000,470.75,470.84,470.36,470.43,809872,7447,472.29
2023-12-14T13:50:00.000,470.42,470.43,469.25,469.5422,1575690,13796,472.21
2023-12-14T13:55:00.000,469.55,470.2438,469.55,470.18,1299416,11116,472.15
2023-12-14T14:00:00.000,470.18,470.6,470.15,470.37,974749,8054,472.12
2023-12-14T14:05:00.000,470.38,470.575,470.35,470.39,986088,4942,472.11
2023-12-14T14:10:00.000,470.39,470.84,470.21,470.705,1916194,8571,472.08
2023-12-14T14:15:00.000,470.69,471.04,470.64,471.025,1195323,6160,472.06
2023-12-14T14:20:00.000,471.025,471.23,470.96,471.23,1338965,5317,472.05
2023-12-14T14:25:00.000,471.22,471.255,470.97,471.1901,572290,5271,472.04
2023-12-14T14:30:00.000,471.1913,471.3,470.9996,471.23,1020840,6301,472.03
2023-12-14T14:35:00.000,471.24,471.365,471.04,471.045,670861,5737,472.02
2023-12-14T14:40:00.000,471.04,471.25,470.935,471.2,795862,5091,472.01
2023-12-14T14:45:00.000,471.2,471.43,471.17,471.405,483555,4971,472.01
2023-12-14T14:50:00.000,471.41,471.46,471.265,471.29,1047530,6024,472.0
2023-12-14T14:55:00.000,471.29,471.57,471.26,471.52,999859,6720,471.99
2023-12-14T15:00:00.000,471.52,471.62,471.33,471.331,733167,7137,471.99
2023-12-14T15:05:00.000,471.33,471.595,471.31,471.525,1370663,8977,471.98
2023-12-14T15:10:00.000,471.52,471.73,471.3801,471.45,928639,8365,471.97
2023-12-14T15:15:00.000,471.45,471.665,471.31,471.645,992948,8251,471.96
2023-12-14T15:20:00.000,471.65,471.71,471.535,471.69,1195018,8113,471.96
2023-12-14T15:25:00.000,471.685,471.73,471.43,471.47,1137978,7996,471.96
2023-12-14T15:30:00.000,471.47,471.625,471.41,471.42,1194915,8709,471.95
2023-12-14T15:35:00.000,471.43,471.645,471.28,471.3,936054,9201,471.94
2023-12-14T15:40:00.000,471.31,471.45,471.15,471.23,1076219,9328,471.94
2023-12-14T15:45:00.000,471.23,471.59,471.09,471.2204,1854854,13816,471.92
2023-12-14T15:50:00.000,471.21,471.68,471.18,471.335,1765986,14494,471.91
2023-12-14T15:55:00.000,471.33,472.06,471.27,472.0,8786827,34483,471.89
2023-12-14T16:00:00.000,472.01,472.01,472.01,472.01,2800,13,471.89
2023-12-15T09:30:00.000,469.49,469.6,468.99,469.115,3849497,25732,469.31
2023-12-15T09:35:00.000,469.11,469.38,468.81,469.18,2150899,14500,469.23
2023-12-15T09:40:00.000,469.19,469.74,469.08,469.51,2409484,10103,469.27
2023-12-15T09:45:00.000,469.51,469.7,469.06,469.22,1239328,11468,469.29
2023-12-15T09:50:00.000,469.22,469.82,469.13,469.6337,807108,7207,469.31
2023-12-15T09:55:00.000,469.64,469.68,469.0515,469.15,2960904,10636,469.31
2023-12-15T10:00:00.000,469.16,469.5,469.12,469.33,932223,10579,469.31
2023-12-15T10:05:00.000,469.32,469.68,469.32,469.59,583684,5991,469.32
2023-12-15T10:10:00.000,469.58,469.8,469.13,469.705,766814,7168,469.33
2023-12-15T10:15:00.000,469.7,469.99,469.42,469.67,4853326,8955,469.36
2023-12-15T10:20:00.000,469.665,469.99,469.51,469.6413,646341,6283,469.38
2023-12-15T10:25:00.000,469.65,470.22,469.642,470.06,699865,6465,469.41
2023-12-15T10:30:00.000,470.07,470.29,469.965,470.17,851697,7080,469.45
2023-12-15T10:35:00.000,470.18,470.27,470.05,470.16,598370,5586,469.48
2023-12-15T10:40:00.000,470.17,470.305,469.8485,469.8799,648066,6133,469.5
2023-12-15T10:45:00.000,469.86,470.09,469.82,470.0788,551096,5317,469.52
2023-12-15T10:50:00.000,470.08,470.46,470.07,470.38,13195213,7298,469.55
2023-12-15T10:55:00.000,470.39,470.54,470.265,470.32,5246462,7657,469.59
2023-12-15T11:00:00.000,470.32,470.52,470.28,470.37,639751,4840,469.61
2023-12-15T11:05:00.000,470.38,470.38,469.79,469.96,642564,6182,469.62
2023-12-15T11:10:00.000,469.969,470.1897,469.74,470.125,764508,6951,469.63
2023-12-15T11:15:00.000,470.13,470.26,469.86,470.1201,527227,4638,469.64
2023-12-15T11:20:00.000,470.145,470.255,469.945,470.215,953564,4811,469.65
2023-12-15T11:25:00.000,470.215,470.42,470.165,470.33,534917,5504,469.67
2023-12-15T11:30:00.000,470.33,470.5,470.22,470.3,558291,5742,469.69
2023-12-15T11:35:00.000,470.2985,470.5,470.1,470.13,478794,5078,469.7
2023-12-15T11:40:00.000,470.14,470.16,469.94,470.07,1118722,5767,469.71
2023-12-15T11:45:00.000,470.07,470.095,469.87,469.935,462300,4721,469.71
2023-12-15T11:50:00.000,469.94,470.095,469.88,469.91,474702,4649,469.72
2023-12-15T11:55:00.000,469.9,470.135,469.825,470.0799,831287,4845,469.72
2023-12-15T12:00:00.000,470.08,470.1899,469.79,469.87,527778,4916,469.73
2023-12-15T12:05:00.000,469.87,470.08,469.825,469.9895,2966781,5513,469.74
2023-12-15T12:10:00.000,469.985,470.24,469.97,470.095,560620,4076,469.74
2023-12-15T12:15:00.000,470.09,470.245,469.935,470.1901,728853,4703,469.75
2023-12-15T12:20:00.000,470.19,470.245,469.97,470.215,425933,4523,469.75
2023-12-15T12:25:00.000,470.21,470.405,470.19,470.3,1656438,4070,469.76
2023-12-15T12:30:00.000,470.31,470.34,470.07,470.135,444009,4392,469.77
2023-12-15T12:35:00.000,470.14,470.165,469.8,469.915,904210,5967,469.77
2023-12-15T12:40:00.000,469.92,469.94,469.785,469.87,391211,3636,469.77
2023-12-15T12:45:00.000,469.86,469.895,469.425,469.84,1343247,9672,469.77
2023-12-15T12:50:00.000,469.83,469.92,469.555,469.57,708814,4556,469.77
2023-12-15T12:55:00.000,469.575,469.64,469.27,469.355,1456368,6785,469.76
2023-12-15T13:00:00.000,469.35,469.55,469.27,469.455,867402,6662,469.75
2023-12-15T13:05:00.000,469.45,469.675,469.41,469.45,898662,5333,469.74
2023-12-15T13:10:00.000,469.45,469.5499,469.3,469.5101,523007,4563,469.74
2023-12-15T13:15:00.000,469.5,469.6,469.32,469.44,567353,5086,469.73
2023-12-15T13:20:00.000,469.45,469.73,469.39,469.65,602689,4084,469.73
2023-12-15T13:25:00.000,469.66,469.8,469.525,469.79,682477,5762,469.73
2023-12-15T13:30:00.000,469.79,469.95,469.71,469.81,1031602,5949,469.73
2023-12-15T13:35:00.000,469.81,469.82,469.23,469.3679,731096,5054,469.73
2023-12-15T13:40:00.000,469.37,469.37,468.58,468.67,1533485,14738,469.7
2023-12-15T13:45:00.000,468.66,469.02,468.45,469.0,1065548,8175,469.68
2023-12-15T13:50:00.000,469.0,469.15,468.59,468.73,1722305,10928,469.66
2023-12-15T13:55:00.000,468.74,468.88,468.44,468.68,1120653,7802,469.64
2023-12-15T14:00:00.000,468.68,468.8499,468.465,468.74,1165985,8198,469.61
2023-12-15T14:05:00.000,468.735,468.78,468.48,468.63,763999,6881,469.6
2023-12-15T14:10:00.000,468.62,468.91,468.48,468.79,972972,6652,469.58
2023-12-15T14:15:00.000,468.79,469.16,468.78,469.01,927532,8386,469.57
2023-12-15T14:20:00.000,469.015,469.03,468.74,468.7889,550050,5625,469.56
2023-12-15T14:25:00.000,468.785,468.86,468.4791,468.49,1179254,6659,469.55
2023-12-15T14:30:00.000,468.49,469.03,468.48,468.96,1043932,7200,469.54
2023-12-15T14:35:00.000,468.95,469.2,468.94,469.08,601992,5988,469.53
2023-12-15T14:40:00.000,469.0899,469.29,468.98,469.21,625779,5885,469.53
2023-12-15T14:45:00.000,469.2,469.27,468.975,469.0174,1493727,5339,469.52
2023-12-15T14:50:00.000,469.02,469.15,468.94,468.96,538710,5343,469.52
2023-12-15T14:55:00.000,468.97,468.9999,468.64,468.99,786912,8236,469.51
2023-12-15T15:00:00.000,468.99,469.27,468.9799,469.18,853129,6973,469.5
2023-12-15T15:05:00.000,469.17,469.175,468.83,468.885,843906,6143,469.5
2023-12-15T15:10:00.000,468.89,469.13,468.87,469.025,1159803,6324,469.49
2023-12-15T15:15:00.000,469.025,469.215,468.96,469.185,734759,6161,469.48
2023-12-15T15:20:00.000,469.185,469.36,469.12,469.315,1314454,7185,469.48
2023-12-15T15:25:00.000,469.315,469.56,469.315,469.405,980547,8747,469.48
2023-12-15T15:30:00.000,469.405,469.54,469.2,469.2527,1360719,9363,469.48
2023-12-15T15:35:00.000,469.255,469.3944,468.94,469.135,1385169,10514,469.47
2023-12-15T15:40:00.000,469.14,469.24,469.025,469.085,1003947,9491,469.46
2023-12-15T15:45:00.000,469.09,469.35,469.04,469.32,2789606,14230,469.45
2023-12-15T15:50:00.000,469.33,470.7,469.31,470.49,9960606,54210,469.55
2023-12-15T15:55:00.000,470.49,470.57,469.34,469.37,8831035,40317,469.61
2023-12-15T16:00:00.000,469.36,469.36,469.36,469.36,347,1,469.61
2023-12-16T09:30:00.000,0.0,0.0,0.0,0.0,0,0,0.0
2023-12-16T09:35:00.000,0.0,0.0,0.0,0.0,0,0,0.0
2023-12-16T09:40:00.000,0.0,0.0,0.0,0.0,0,0,0.0
2023-12-16T09:45:00.000,0.0,0.0,0.0,0.0,0,0,0.0
2023-12-16T09:50:00.000,0.0,0.0,0.0,0.0,0,0,0.0
2023-12-16T09:55:00.000,0.0,0.0,0.0,0.0,0,0,0.0
2023-12-16T10:00:00.000,0.0,0.0,0.0,0.0,0,0,0.0
2023-12-16T10:05:00.000,0.0,0.0,0.0,0.0,0,0,0.0
2023-12-16T10:10:00.000,0.0,0.0,0.0,0.0,0,0,0.0
2023-12-16T10:15:00.000,0.0,0.0,0.0,0.0,0,0,0.0
2023-12-16T10:20:00.000,0.0,0.0,0.0,0.0,0,0,0.0
2023-12-16T10:25:00.000,0.0,0.0,0.0,0.0,0,0,0.0
2023-12-16T10:30:00.000,0.0,0.0,0.0,0.0,0,0,0.0
2023-12-16T10:35:00.000,0.0,0.0,0.0,0.0,0,0,0.0
2023-12-16T10:40:00.000,0.0,0.0,0.0,0.0,0,0,0.0
2023-12-16T10:45:00.000,0.0,0.0,0.0,0.0,0,0,0.0
2023-12-16T10:50:00.000,0.0,0.0,0.0,0.0,0,0,0.0
2023-12-16T10:55:00.000,0.0,0.0,0.0,0.0,0,0,0.0
2023-12-16T11:00:00.000,0.0,0.0,0.0,0.0,0,0,0.0
2023-12-16T11:05:00.000,0.0,0.0,0.0,0.0,0,0,0.0
2023-12-16T11:10:00.000,0.0,0.0,0.0,0.0,0,0,0.0
2023-12-16T11:15:00.000,0.0,0.0,0.0,0.0,0,0,0.0
2023-12-16T11:20:00.000,0.0,0.0,0.0,0.0,0,0,0.0
2023-12-16T11:25:00.000,0.0,0.0,0.0,0.0,0,0,0.0
2023-12-16T11:30:00.000,0.0,0.0,0.0,0.0,0,0,0.0
2023-12-16T11:35:00.000,0.0,0.0,0.0,0.0,0,0,0.0
2023-12-16T11:40:00.000,0.0,0.0,0.0,0.0,0,0,0.0
2023-12-16T11:45:00.000,0.0,0.0,0.0,0.0,0,0,0.0
2023-12-16T11:50:00.000,0.0,0.0,0.0,0.0,0,0,0.0
2023-12-16T11:55:00.000,0.0,0.0,0.0,0.0,0,0,0.0
2023-12-16T12:00:00.000,0.0,0.0,0.0,0.0,0,0,0.0
2023-12-16T12:05:00.000,0.0,0.0,0.0,0.0,0,0,0.0
2023-12-16T12:10:00.000,0.0,0.0,0.0,0.0,0,0,0.0
2023-12-16T12:15:00.000,0.0,0.0,0.0,0.0,0,0,0.0
2023-12-16T12:20:00.000,0.0,0.0,0.0,0.0,0,0,0.0
2023-12-16T12:25:00.000,0.0,0.0,0.0,0.0,0,0,0.0
2023-12-16T12:30:00.000,0.0,0.0,0.0,0.0,0,0,0.0
2023-12-16T12:35:00.000,0.0,0.0,0.0,0.0,0,0,0.0
2023-12-16T12:40:00.000,0.0,0.0,0.0,0.0,0,0,0.0
2023-12-16T12:45:00.000,0.0,0.0,0.0,0.0,0,0,0.0
2023-12-16T12:50:00.000,0.0,0.0,0.0,0.0,0,0,0.0
2023-12-16T12:55:00.000,0.0,0.0,0.0,0.0,0,0,0.0
2023-12-16T13:00:00.000,0.0,0.0,0.0,0.0,0,0,0.0
2023-12-16T13:05:00.000,0.0,0.0,0.0,0.0,0,0,0.0
2023-12-16T13:10:00.000,0.0,0.0,0.0,0.0,0,0,0.0
2023-12-16T13:15:00.000,0.0,0.0,0.0,0.0,0,0,0.0
2023-12-16T13:20:00.000,0.0,0.0,0.0,0.0,0,0,0.0
2023-12-16T13:25:00.000,0.0,0.0,0.0,0.0,0,0,0.0
2023-12-16T13:30:00.000,0.0,0.0,0.0,0.0,0,0,0.0
2023-12-16T13:35:00.000,0.0,0.0,0.0,0.0,0,0,0.0
2023-12-16T13:40:00.000,0.0,0.0,0.0,0.0,0,0,0.0
2023-12-16T13:45:00.000,0.0,0.0,0.0,0.0,0,0,0.0
2023-12-16T13:50:00.000,0.0,0.0,0.0,0.0,0,0,0.0
2023-12-16T13:55:00.000,0.0,0.0,0.0,0.0,0,0,0.0
2023-12-16T14:00:00.000,0.0,0.0,0.0,0.0,0,0,0.0
2023-12-16T14:05:00.000,0.0,0.0,0.0,0.0,0,0,0.0
2023-12-16T14:10:00.000,0.0,0.0,0.0,0.0,0,0,0.0
2023-12-16T14:15:00.000,0.0,0.0,0.0,0.0,0,0,0.0
2023-12-16T14:20:00.000,0.0,0.0,0.0,0.0,0,0,0.0
2023-12-16T14:25:00.000,0.0,0.0,0.0,0.0,0,0,0.0
2023-12-16T14:30:00.000,0.0,0.0,0.0,0.0,0,0,0.0
2023-12-16T14:35:00.000,0.0,0.0,0.0,0.0,0,0,0.0
2023-12-16T14:40:00.000,0.0,0.0,0.0,0.0,0,0,0.0
2023-12-16T14:45:00.000,0.0,0.0,0.0,0.0,0,0,0.0
2023-12-16T14:50:00.000,0.0,0.0,0.0,0.0,0,0,0.0
2023-12-16T14:55:00.000,0.0,0.0,0.0,0.0,0,0,0.0
2023-12-16T15:00:00.000,0.0,0.0,0.0,0.0,0,0,0.0
2023-12-16T15:05:00.000,0.0,0.0,0.0,0.0,0,0,0.0
2023-12-16T15:10:00.000,0.0,0.0,0.0,0.0,0,0,0.0
2023-12-16T15:15:00.000,0.0,0.0,0.0,0.0,0,0,0.0
2023-12-16T15:20:00.000,0.0,0.0,0.0,0.0,0,0,0.0
2023-12-16T15:25:00.000,0.0,0.0,0.0,0.0,0,0,0.0
2023-12-16T15:30:00.000,0.0,0.0,0.0,0.0,0,0,0.0
2023-12-16T15:35:00.000,0.0,0.0,0.0,0.0,0,0,0.0
2023-12-16T15:40:00.000,0.0,0.0,0.0,0.0,0,0,0.0
2023-12-16T15:45:00.000,0.0,0.0,0.0,0.0,0,0,0.0
2023-12-16T15:50:00.000,0.0,0.0,0.0,0.0,0,0,0.0
2023-12-16T15:55:00.000,0.0,0.0,0.0,0.0,0,0,0.0
2023-12-16T16:00:00.000,0.0,0.0,0.0,0.0,0,0,0.0
2023-12-17T09:30:00.000,0.0,0.0,0.0,0.0,0,0,0.0
2023-12-17T09:35:00.000,0.0,0.0,0.0,0.0,0,0,0.0
2023-12-17T09:40:00.000,0.0,0.0,0.0,0.0,0,0,0.0
2023-12-17T09:45:00.000,0.0,0.0,0.0,0.0,0,0,0.0
2023-12-17T09:50:00.000,0.0,0.0,0.0,0.0,0,0,0.0
2023-12-17T09:55:00.000,0.0,0.0,0.0,0.0,0,0,0.0
2023-12-17T10:00:00.000,0.0,0.0,0.0,0.0,0,0,0.0
2023-12-17T10:05:00.000,0.0,0.0,0.0,0.0,0,0,0.0
2023-12-17T10:10:00.000,0.0,0.0,0.0,0.0,0,0,0.0
2023-12-17T10:15:00.000,0.0,0.0,0.0,0.0,0,0,0.0
2023-12-17T10:20:00.000,0.0,0.0,0.0,0.0,0,0,0.0
2023-12-17T10:25:00.000,0.0,0.0,0.0,0.0,0,0,0.0
2023-12-17T10:30:00.000,0.0,0.0,0.0,0.0,0,0,0.0
2023-12-17T10:35:00.000,0.0,0.0,0.0,0.0,0,0,0.0
2023-12-17T10:40:00.000,0.0,0.0,0.0,0.0,0,0,0.0
2023-12-17T10:45:00.000,0.0,0.0,0.0,0.0,0,0,0.0
2023-12-17T10:50:00.000,0.0,0.0,0.0,0.0,0,0,0.0
2023-12-17T10:55:00.000,0.0,0.0,0.0,0.0,0,0,0.0
2023-12-17T11:00:00.000,0.0,0.0,0.0,0.0,0,0,0.0
2023-12-17T11:05:00.000,0.0,0.0,0.0,0.0,0,0,0.0
2023-12-17T11:10:00.000,0.0,0.0,0.0,0.0,0,0,0.0
2023-12-17T11:15:00.000,0.0,0.0,0.0,0.0,0,0,0.0
2023-12-17T11:20:00.000,0.0,0.0,0.0,0.0,0,0,0.0
2023-12-17T11:25:00.000,0.0,0.0,0.0,0.0,0,0,0.0
2023-12-17T11:30:00.000,0.0,0.0,0.0,0.0,0,0,0.0
2023-12-17T11:35:00.000,0.0,0.0,0.0,0.0,0,0,0.0
2023-12-17T11:40:00.000,0.0,0.0,0.0,0.0,0,0,0.0
2023-12-17T11:45:00.000,0.0,0.0,0.0,0.0,0,0,0.0
2023-12-17T11:50:00.000,0.0,0.0,0.0,0.0,0,0,0.0
2023-12-17T11:55:00.000,0.0,0.0,0.0,0.0,0,0,0.0
2023-12-17T12:00:00.000,0.0,0.0,0.0,0.0,0,0,0.0
2023-12-17T12:05:00.000,0.0,0.0,0.0,0.0,0,0,0.0
2023-12-17T12:10:00.000,0.0,0.0,0.0,0.0,0,0,0.0
2023-12-17T12:15:00.000,0.0,0.0,0.0,0.0,0,0,0.0
2023-12-17T12:20:00.000,0.0,0.0,0.0,0.0,0,0,0.0
2023-12-17T12:25:00.000,0.0,0.0,0.0,0.0,0,0,0.0
2023-12-17T12:30:00.000,0.0,0.0,0.0,0.0,0,0,0.0
2023-12-17T12:35:00.000,0.0,0.0,0.0,0.0,0,0,0.0
2023-12-17T12:40:00.000,0.0,0.0,0.0,0.0,0,0,0.0
2023-12-17T12:45:00.000,0.0,0.0,0.0,0.0,0,0,0.0
2023-12-17T12:50:00.000,0.0,0.0,0.0,0.0,0,0,0.0
2023-12-17T12:55:00.000,0.0,0.0,0.0,0.0,0,0,0.0
2023-12-17T13:00:00.000,0.0,0.0,0.0,0.0,0,0,0.0
2023-12-17T13:05:00.000,0.0,0.0,0.0,0.0,0,0,0.0
2023-12-17T13:10:00.000,0.0,0.0,0.0,0.0,0,0,0.0
2023-12-17T13:15:00.000,0.0,0.0,0.0,0.0,0,0,0.0
2023-12-17T13:20:00.000,0.0,0.0,0.0,0.0,0,0,0.0
2023-12-17T13:25:00.000,0.0,0.0,0.0,0.0,0,0,0.0
2023-12-17T13:30:00.000,0.0,0.0,0.0,0.0,0,0,0.0
2023-12-17T13:35:00.000,0.0,0.0,0.0,0.0,0,0,0.0
2023-12-17T13:40:00.000,0.0,0.0,0.0,0.0,0,0,0.0
2023-12-17T13:45:00.000,0.0,0.0,0.0,0.0,0,0,0.0
2023-12-17T13:50:00.000,0.0,0.0,0.0,0.0,0,0,0.0
2023-12-17T13:55:00.000,0.0,0.0,0.0,0.0,0,0,0.0
2023-12-17T14:00:00.000,0.0,0.0,0.0,0.0,0,0,0.0
2023-12-17T14:05:00.000,0.0,0.0,0.0,0.0,0,0,0.0
2023-12-17T14:10:00.000,0.0,0.0,0.0,0.0,0,0,0.0
2023-12-17T14:15:00.000,0.0,0.0,0.0,0.0,0,0,0.0
2023-12-17T14:20:00.000,0.0,0.0,0.0,0.0,0,0,0.0
2023-12-17T14:25:00.000,0.0,0.0,0.0,0.0,0,0,0.0
2023-12-17T14:30:00.000,0.0,0.0,0.0,0.0,0,0,0.0
2023-12-17T14:35:00.000,0.0,0.0,0.0,0.0,0,0,0.0
2023-12-17T14:40:00.000,0.0,0.0,0.0,0.0,0,0,0.0
2023-12-17T14:45:00.000,0.0,0.0,0.0,0.0,0,0,0.0
2023-12-17T14:50:00.000,0.0,0.0,0.0,0.0,0,0,0.0
2023-12-17T14:55:00.000,0.0,0.0,0.0,0.0,0,0,0.0
2023-12-17T15:00:00.000,0.0,0.0,0.0,0.0,0,0,0.0
2023-12-17T15:05:00.000,0.0,0.0,0.0,0.0,0,0,0.0
2023-12-17T15:10:00.000,0.0,0.0,0.0,0.0,0,0,0.0
2023-12-17T15:15:00.000,0.0,0.0,0.0,0.0,0,0,0.0
2023-12-17T15:20:00.000,0.0,0.0,0.0,0.0,0,0,0.0
2023-12-17T15:25:00.000,0.0,0.0,0.0,0.0,0,0,0.0
2023-12-17T15:30:00.000,0.0,0.0,0.0,0.0,0,0,0.0
2023-12-17T15:35:00.000,0.0,0.0,0.0,0.0,0,0,0.0
2023-12-17T15:40:00.000,0.0,0.0,0.0,0.0,0,0,0.0
2023-12-17T15:45:00.000,0.0,0.0,0.0,0.0,0,0,0.0
2023-12-17T15:50:00.000,0.0,0.0,0.0,0.0,0,0,0.0
2023-12-17T15:55:00.000,0.0,0.0,0.0,0.0,0,0,0.0
2023-12-17T16:00:00.000,0.0,0.0,0.0,0.0,0,0,0.0
2023-12-18T09:30:00.000,470.98,471.31,470.8,471.15,1586192,15378,471.07
2023-12-18T09:35:00.000,471.16,471.43,471.09,471.32,1101974,11349,471.15
2023-12-18T09:40:00.000,471.325,471.41,471.0,471.2,894959,9147,471.16
2023-12-18T09:45:00.000,471.21,471.41,471.15,471.23,610635,6816,471.18
2023-12-18T09:50:00.000,471.23,471.32,471.08,471.14,536888,5839,471.18
2023-12-18T09:55:00.000,471.14,471.37,471.04,471.37,671722,6717,471.18
2023-12-18T10:00:00.000,471.375,471.77,471.36,471.65,819664,14226,471.24
2023-12-18T10:05:00.000,471.65,471.83,471.59,471.6918,646509,12644,471.28
2023-12-18T10:10:00.000,471.7,471.83,471.34,471.44,825821,8149,471.31
2023-12-18T10:15:00.000,471.45,471.8,471.37,471.75,734312,7097,471.33
2023-12-18T10:20:00.000,471.75,471.8,471.3826,471.7904,724875,7825,471.35
2023-12-18T10:25:00.000,471.8,471.88,471.595,471.79,753359,6566,471.38
2023-12-18T10:30:00.000,471.8,471.86,471.62,471.78,835668,7041,471.41
2023-12-18T10:35:00.000,471.78,471.82,470.9801,471.45,773315,5986,471.42
2023-12-18T10:40:00.000,471.44,471.58,471.4,471.44,457684,4852,471.42
2023-12-18T10:45:00.000,471.44,471.47,471.13,471.36,569978,5956,471.42
2023-12-18T10:50:00.000,471.36,471.37,471.145,471.15,590057,5859,471.41
2023-12-18T10:55:00.000,471.16,471.34,471.08,471.27,740621,5130,471.4
2023-12-18T11:00:00.000,471.27,471.29,471.105,471.16,453909,4417,471.4
2023-12-18T11:05:00.000,471.16,471.41,471.11,471.3723,805109,4262,471.39
2023-12-18T11:10:00.000,471.3705,471.688,471.35,471.64,666344,6087,471.4
2023-12-18T11:15:00.000,471.645,472.07,471.645,472.0484,1001742,8154,471.43
2023-12-18T11:20:00.000,472.05,472.09,471.7,471.89,657293,4971,471.45
2023-12-18T11:25:00.000,471.89,472.06,471.85,471.98,404693,4213,471.46
2023-12-18T11:30:00.000,471.99,472.17,471.97,472.08,555278,5407,471.48
2023-12-18T11:35:00.000,472.08,472.11,471.91,471.9825,465075,4333,471.49
2023-12-18T11:40:00.000,471.985,472.0513,471.9217,472.05,414543,4264,471.51
2023-12-18T11:45:00.000,472.04,472.08,471.95,471.99,459014,4587,471.52
2023-12-18T11:50:00.000,472.0,472.13,471.93,472.01,476149,4579,471.53
2023-12-18T11:55:00.000,472.0,472.098,471.92,471.99,383495,3789,471.54
2023-12-18T12:00:00.000,472.0,472.26,472.0,472.18,1040249,4480,471.55
2023-12-18T12:05:00.000,472.18,472.32,472.14,472.2972,453062,4000,471.57
2023-12-18T12:10:00.000,472.3,472.46,472.295,472.41,451296,4413,471.58
2023-12-18T12:15:00.000,472.42,472.65,472.41,472.64,629348,5862,471.61
2023-12-18T12:20:00.000,472.64,472.65,472.44,472.45,435894,4333,471.63
2023-12-18T12:25:00.000,472.45,472.5199,472.39,472.485,535480,3280,471.64
2023-12-18T12:30:00.000,472.5,472.56,472.44,472.48,331287,3669,471.65
2023-12-18T12:35:00.000,472.48,472.495,472.31,472.35,475744,3757,471.67
2023-12-18T12:40:00.000,472.35,472.41,472.24,472.365,529041,4293,471.68
2023-12-18T12:45:00.000,472.365,472.37,472.29,472.32,238886,2519,471.69
2023-12-18T12:50:00.000,472.31,472.32,472.24,472.26,483010,2474,471.69
2023-12-18T12:55:00.000,472.265,472.44,472.21,472.425,373478,3158,471.7
2023-12-18T13:00:00.000,472.425,472.4698,472.11,472.1101,716896,4243,471.71
2023-12-18T13:05:00.000,472.115,472.355,472.11,472.28,330103,3598,471.72
2023-12-18T13:10:00.000,472.28,472.37,472.275,472.31,280062,2924,471.73
2023-12-18T13:15:00.000,472.31,472.425,472.24,472.39,540463,2867,471.73
2023-12-18T13:20:00.000,472.39,472.4569,472.36,472.3903,239571,2652,471.74
2023-12-18T13:25:00.000,472.39,472.56,472.36,472.525,361149,3631,471.75
2023-12-18T13:30:00.000,472.53,472.62,472.49,472.4976,593945,4271,471.76
2023-12-18T13:35:00.000,472.495,472.545,472.3501,472.3501,337391,3337,471.77
2023-12-18T13:40:00.000,472.36,472.42,472.28,472.3501,348085,3213,471.78
2023-12-18T13:45:00.000,472.3502,472.43,472.31,472.41,351845,3171,471.78
2023-12-18T13:50:00.000,472.42,472.5,472.42,472.465,248000,2814,471.79
2023-12-18T13:55:00.000,472.46,472.49,472.3401,472.49,348412,3281,471.8
2023-12-18T14:00:00.000,472.49,472.56,472.455,472.545,519050,4031,471.81
2023-12-18T14:05:00.000,472.545,472.605,472.365,472.445,445796,4135,471.82
2023-12-18T14:10:00.000,472.45,472.6,472.42,472.48,409640,3685,471.83
2023-12-18T14:15:00.000,472.495,472.59,472.39,472.4586,857133,4260,471.85
2023-12-18T14:20:00.000,472.459,472.98,472.43,472.84,700342,6317,471.87
2023-12-18T14:25:00.000,472.84,472.8585,472.39,472.48,667407,6314,471.88
2023-12-18T14:30:00.000,472.49,472.51,472.21,472.255,857457,6792,471.9
2023-12-18T14:35:00.000,472.255,472.42,472.205,472.37,716198,3745,471.9
2023-12-18T14:40:00.000,472.38,472.635,472.37,472.595,627491,3598,471.91
2023-12-18T14:45:00.000,472.595,472.67,472.45,472.56,1172660,5126,471.92
2023-12-18T14:50:00.000,472.555,472.72,472.53,472.7101,510031,4245,471.93
2023-12-18T14:55:00.000,472.72,472.74,472.53,472.54,437092,3530,471.94
2023-12-18T15:00:00.000,472.555,472.61,472.38,472.575,467893,3982,471.95
2023-12-18T15:05:00.000,472.575,472.66,472.4,472.44,675322,5118,471.96
2023-12-18T15:10:00.000,472.4487,472.576,472.4,472.5199,701693,4842,471.97
2023-12-18T15:15:00.000,472.515,472.66,472.51,472.525,466471,4377,471.97
2023-12-18T15:20:00.000,472.53,472.81,472.53,472.725,750684,5079,471.98
2023-12-18T15:25:00.000,472.725,472.78,472.66,472.71,534307,4970,471.99
2023-12-18T15:30:00.000,472.72,472.725,472.55,472.61,636307,5988,472.0
2023-12-18T15:35:00.000,472.615,472.615,472.3,472.395,805447,7425,472.01
2023-12-18T15:40:00.000,472.39,472.51,472.27,472.365,1314139,9138,472.02
2023-12-18T15:45:00.000,472.37,472.51,472.27,472.5,1265888,10924,472.03
2023-12-18T15:50:00.000,472.49,472.57,472.28,472.44,1581433,12522,472.04
2023-12-18T15:55:00.000,472.44,472.445,471.95,472.02,4821863,23014,472.05
2023-12-18T16:00:00.000,472.02,472.02,472.01,472.01,337,4,472.05
2023-12-19T09:30:00.000,472.53,473.03,472.45,472.97,1342071,11785,472.76
2023-12-19T09:35:00.000,472.97,473.09,472.78,473.08,960647,7015,472.83
2023-12-19T09:40:00.000,473.09,473.34,472.86,473.22,738538,6983,472.9
2023-12-19T09:45:00.000,473.23,473.335,473.041,473.1907,542535,5430,472.94
2023-12-19T09:50:00.000,473.2,473.5399,473.14,473.5399,739132,7427,473.01
2023-12-19T09:55:00.000,473.527,473.66,473.4599,473.48,786494,9159,473.1
2023-12-19T10:00:00.000,473.5,473.5,473.04,473.34,939275,15735,473.12
2023-12-19T10:05:00.000,473.35,473.59,473.2765,473.505,604073,6572,473.15
2023-12-19T10:10:00.000,473.495,473.845,473.48,473.76,626452,6255,473.19
2023-12-19T10:15:00.000,473.77,473.87,473.64,473.7996,886508,5996,473.23
2023-12-19T10:20:00.000,473.8,473.94,473.68,473.9,627422,6183,473.28
2023-12-19T10:25:00.000,473.905,474.03,473.815,473.85,619303,5858,473.32
2023-12-19T10:30:00.000,473.86,474.05,473.81,474.0,664741,6385,473.36
2023-12-19T10:35:00.000,473.99,474.07,473.77,473.8399,874912,5745,473.39
2023-12-19T10:40:00.000,473.83,473.9599,473.63,473.79,627023,6030,473.41
2023-12-19T10:45:00.000,473.79,473.9299,473.62,473.9298,489872,4519,473.43
2023-12-19T10:50:00.000,473.94,473.9899,473.82,473.97,435139,4442,473.45
2023-12-19T10:55:00.000,473.97,474.08,473.9699,474.065,725227,4325,473.47
2023-12-19T11:00:00.000,474.07,474.19,473.8499,474.175,619898,5608,473.49
2023-12-19T11:05:00.000,474.18,474.37,474.1008,474.3303,471001,4276,473.52
2023-12-19T11:10:00.000,474.3401,474.43,474.28,474.3693,506214,4613,473.55
2023-12-19T11:15:00.000,474.361,474.43,474.29,474.34,347515,3470,473.57
2023-12-19T11:20:00.000,474.34,474.39,474.15,474.23,967182,4479,473.59
2023-12-19T11:25:00.000,474.23,474.37,474.13,474.2499,444066,4407,473.61
2023-12-19T11:30:00.000,474.255,474.315,474.07,474.095,607939,5426,473.63
2023-12-19T11:35:00.000,474.09,474.32,474.055,474.31,448092,4161,473.64
2023-12-19T11:40:00.000,474.32,474.45,474.31,474.445,542234,4490,473.67
2023-12-19T11:45:00.000,474.4485,474.475,474.21,474.22,1224710,3419,473.69
2023-12-19T11:50:00.000,474.22,474.2499,473.99,474.18,388498,3807,473.7
2023-12-19T11:55:00.000,474.175,474.18,473.865,473.91,514584,4791,473.7
2023-12-19T12:00:00.000,473.9,473.95,473.665,473.9096,626058,5529,473.71
2023-12-19T12:05:00.000,473.9,474.05,473.83,473.8695,491984,4653,473.71
2023-12-19T12:10:00.000,473.8695,473.875,473.65,473.74,378200,3834,473.71
2023-12-19T12:15:00.000,473.73,473.8,473.65,473.76,395767,3678,473.71
2023-12-19T12:20:00.000,473.77,473.87,473.6305,473.85,400821,3759,473.72
2023-12-19T12:25:00.000,473.84,473.91,473.79,473.855,813567,3139,473.72
2023-12-19T12:30:00.000,473.85,474.02,473.8,474.0,399493,3418,473.72
2023-12-19T12:35:00.000,474.0,474.04,473.86,473.94,563530,2769,473.72
2023-12-19T12:40:00.000,473.94,474.0076,473.84,474.005,279889,2665,473.73
2023-12-19T12:45:00.000,474.01,474.11,473.965,474.01,406370,3799,473.73
2023-12-19T12:50:00.000,474.01,474.2,474.01,474.17,291264,2832,473.74
2023-12-19T12:55:00.000,474.16,474.21,474.03,474.075,389655,3790,473.74
2023-12-19T13:00:00.000,474.08,474.145,473.89,474.065,440349,4311,473.75
2023-12-19T13:05:00.000,474.07,474.105,473.675,473.71,481500,4937,473.75
2023-12-19T13:10:00.000,473.71,473.93,473.6399,473.9,308655,3084,473.75
2023-12-19T13:15:00.000,473.9,473.91,473.69,473.77,410819,3888,473.75
2023-12-19T13:20:00.000,473.77,473.885,473.75,473.855,285215,2853,473.75
2023-12-19T13:25:00.000,473.86,473.98,473.815,473.97,338865,3075,473.76
2023-12-19T13:30:00.000,473.98,474.1,473.9,473.99,434776,4189,473.76
2023-12-19T13:35:00.000,473.99,474.1,473.7701,474.1,934053,4930,473.76
2023-12-19T13:40:00.000,474.09,474.21,474.07,474.185,245284,2818,473.77
2023-12-19T13:45:00.000,474.19,474.35,474.17,474.25,901899,4045,473.77
2023-12-19T13:50:00.000,474.245,474.27,474.1301,474.18,245677,2620,473.78
2023-12-19T13:55:00.000,474.18,474.21,474.02,474.1758,286158,2979,473.78
2023-12-19T14:00:00.000,474.18,474.285,474.16,474.215,418656,3080,473.79
2023-12-19T14:05:00.000,474.2188,474.28,474.17,474.245,224570,2471,473.79
2023-12-19T14:10:00.000,474.2405,474.35,474.125,474.145,417246,3869,473.8
2023-12-19T14:15:00.000,474.15,474.31,474.07,474.29,360982,3611,473.8
2023-12-19T14:20:00.000,474.285,474.285,474.1,474.1921,326540,3486,473.81
2023-12-19T14:25:00.000,474.19,474.33,474.15,474.33,251619,2908,473.81
2023-12-19T14:30:00.000,474.33,474.41,474.2,474.395,626183,5530,473.82
2023-12-19T14:35:00.000,474.39,474.41,474.28,474.345,457785,4078,473.83
2023-12-19T14:40:00.000,474.35,474.3542,474.11,474.135,657767,4488,473.83
2023-12-19T14:45:00.000,474.155,474.17,474.0601,474.08,496684,4057,473.84
2023-12-19T14:50:00.000,474.085,474.1699,474.0,474.135,490746,4275,473.84
2023-12-19T14:55:00.000,474.14,474.2019,474.07,474.17,296721,3154,473.84
2023-12-19T15:00:00.000,474.18,474.32,474.07,474.0997,361599,3581,473.85
2023-12-19T15:05:00.000,474.1,474.1,473.82,473.9904,551427,4895,473.85
2023-12-19T15:10:00.000,473.99,474.2,473.94,474.135,474174,4805,473.85
2023-12-19T15:15:00.000,474.135,474.24,474.1,474.1725,401477,3939,473.86
2023-12-19T15:20:00.000,474.185,474.26,474.08,474.0801,367289,3984,473.86
2023-12-19T15:25:00.000,474.09,474.205,473.925,474.19,522126,5028,473.86
2023-12-19T15:30:00.000,474.19,474.245,474.095,474.1995,494313,4703,473.87
2023-12-19T15:35:00.000,474.19,474.23,474.12,474.2072,569373,4767,473.87
2023-12-19T15:40:00.000,474.205,474.55,474.19,474.325,847435,8062,473.88
2023-12-19T15:45:00.000,474.32,474.33,474.04,474.1,978580,8179,473.89
2023-12-19T15:50:00.000,474.09,474.47,474.07,474.315,1753720,13793,473.91
2023-12-19T15:55:00.000,474.31,474.92,474.295,474.82,3264941,23284,473.97
2023-12-19T16:00:00.000,474.81,474.81,474.81,474.81,500,1,473.97
2023-12-20T09:30:00.000,473.96,474.175,473.77,474.13,1245654,12368,473.98
2023-12-20T09:35:00.000,474.13,474.42,474.11,474.405,716956,7274,474.07
2023-12-20T09:40:00.000,474.4,474.62,474.27,474.6,1647002,9518,474.27
2023-12-20T09:45:00.000,474.6,474.64,474.465,474.565,500920,4872,474.3
2023-12-20T09:50:00.000,474.57,474.66,474.51,474.51,523491,6191,474.33
2023-12-20T09:55:00.000,474.52,474.65,474.5,474.6201,541922,6053,474.35
2023-12-20T10:00:00.000,474.62,475.045,474.56,474.895,827183,16550,474.41
2023-12-20T10:05:00.000,474.9,475.19,474.9,475.139,811680,7660,474.5
2023-12-20T10:10:00.000,475.14,475.155,474.97,475.079,391707,4550,474.53
2023-12-20T10:15:00.000,475.075,475.23,475.0,475.06,564938,6057,474.57
2023-12-20T10:20:00.000,475.05,475.23,475.03,475.11,504584,4695,474.6
2023-12-20T10:25:00.000,475.12,475.175,475.0309,475.1301,326966,3880,474.62
2023-12-20T10:30:00.000,475.135,475.555,475.135,475.4201,847039,7481,474.69
2023-12-20T10:35:00.000,475.42,475.5,475.315,475.35,349815,3938,474.72
2023-12-20T10:40:00.000,475.35,475.5,475.165,475.4699,483922,4678,474.75
2023-12-20T10:45:00.000,475.47,475.59,475.2711,475.38,479742,4656,474.78
2023-12-20T10:50:00.000,475.4,475.485,475.1899,475.195,317921,3407,474.79
2023-12-20T10:55:00.000,475.2,475.395,475.1921,475.3599,278751,3080,474.81
2023-12-20T11:00:00.000,475.345,475.45,475.23,475.3199,457459,4473,474.83
2023-12-20T11:05:00.000,475.33,475.39,475.14,475.17,318057,3484,474.84
2023-12-20T11:10:00.000,475.155,475.3285,475.13,475.13,567367,3712,474.85
2023-12-20T11:15:00.000,475.13,475.4,475.07,475.385,417117,4167,474.86
2023-12-20T11:20:00.000,475.38,475.46,475.32,475.39,346860,3391,474.87
2023-12-20T11:25:00.000,475.3999,475.4215,475.16,475.3018,329520,3657,474.88
2023-12-20T11:30:00.000,475.31,475.3301,475.03,475.11,515059,5044,474.89
2023-12-20T11:35:00.000,475.11,475.25,475.09,475.1681,395770,4028,474.9
2023-12-20T11:40:00.000,475.16,475.2,475.05,475.12,264540,2908,474.91
2023-12-20T11:45:00.000,475.13,475.29,475.085,475.208,390160,3843,474.91
2023-12-20T11:50:00.000,475.195,475.35,475.145,475.2601,318940,3373,474.92
2023-12-20T11:55:00.000,475.27,475.29,475.12,475.1719,471537,2423,474.92
2023-12-20T12:00:00.000,475.17,475.4,475.17,475.365,272426,2728,474.93
2023-12-20T12:05:00.000,475.365,475.38,475.29,475.315,231184,2534,474.94
2023-12-20T12:10:00.000,475.315,475.465,475.3,475.415,287846,2923,474.94
2023-12-20T12:15:00.000,475.41,475.5,475.35,475.47,240424,2666,474.95
2023-12-20T12:20:00.000,475.46,475.54,475.39,475.485,273015,2780,474.96
2023-12-20T12:25:00.000,475.49,475.555,475.435,475.465,286221,3027,474.97
2023-12-20T12:30:00.000,475.47,475.5,475.091,475.2785,484723,4521,474.98
2023-12-20T12:35:00.000,475.28,475.36,475.2,475.33,295852,2767,474.98
2023-12-20T12:40:00.000,475.3299,475.675,475.3172,475.59,427412,4085,475.0
2023-12-20T12:45:00.000,475.57,475.65,475.5,475.585,275628,2700,475.0
2023-12-20T12:50:00.000,475.585,475.7,475.55,475.635,297451,3137,475.01
2023-12-20T12:55:00.000,475.64,475.895,475.6336,475.795,668393,3747,475.03
2023-12-20T13:00:00.000,475.8,475.815,475.52,475.785,480249,4553,475.05
2023-12-20T13:05:00.000,475.77,475.795,475.61,475.61,191548,2174,475.05
2023-12-20T13:10:00.000,475.6,475.745,475.53,475.5582,290471,2845,475.06
2023-12-20T13:15:00.000,475.5585,475.675,475.4997,475.64,1068183,2359,475.07
2023-12-20T13:20:00.000,475.635,475.68,475.54,475.5602,332156,2345,475.07
2023-12-20T13:25:00.000,475.57,475.615,475.52,475.57,325456,3032,475.08
2023-12-20T13:30:00.000,475.57,475.76,475.57,475.73,388417,4176,475.09
2023-12-20T13:35:00.000,475.73,475.74,475.45,475.476,341072,3404,475.1
2023-12-20T13:40:00.000,475.47,475.54,475.245,475.345,590647,5449,475.11
2023-12-20T13:45:00.000,475.33,475.4343,475.245,475.33,1201565,3389,475.11
2023-12-20T13:50:00.000,475.34,475.37,475.24,475.25,337199,2802,475.11
2023-12-20T13:55:00.000,475.24,475.245,474.98,475.06,1108266,4981,475.11
2023-12-20T14:00:00.000,475.06,475.1,474.665,474.69,776732,6838,475.11
2023-12-20T14:05:00.000,474.685,474.86,474.685,474.8,550180,4527,475.1
2023-12-20T14:10:00.000,474.79,475.02,474.78,475.01,506601,4273,475.1
2023-12-20T14:15:00.000,475.01,475.015,474.86,474.87,391325,3024,475.09
2023-12-20T14:20:00.000,474.8799,474.8799,474.705,474.755,750053,4031,475.09
2023-12-20T14:25:00.000,474.76,474.8,474.535,474.571,681624,5703,475.08
2023-12-20T14:30:00.000,474.58,474.59,474.14,474.23,937300,8308,475.05
2023-12-20T14:35:00.000,474.2297,474.37,473.34,473.48,1454764,10668,475.0
2023-12-20T14:40:00.000,473.46,473.81,473.2,473.2,1738206,9592,474.94
2023-12-20T14:45:00.000,473.19,473.4,472.505,472.6,1281728,11198,474.86
2023-12-20T14:50:00.000,472.61,472.699,470.28,471.66,3972814,33018,474.46
2023-12-20T14:55:00.000,471.67,471.88,470.47,470.495,2896262,20943,474.25
2023-12-20T15:00:00.000,470.49,470.78,469.66,469.76,2635730,23728,473.98
2023-12-20T15:05:00.000,469.75,470.03,469.05,469.79,3279333,25252,473.67
2023-12-20T15:10:00.000,469.78,470.64,469.665,469.8,4047901,23674,473.43
2023-12-20T15:15:00.000,469.8,471.1701,469.8,470.815,2772674,22243,473.27
2023-12-20T15:20:00.000,470.815,470.99,469.97,469.9704,2294762,16343,473.16
2023-12-20T15:25:00.000,469.975,470.29,469.24,469.28,2218660,17697,473.04
2023-12-20T15:30:00.000,469.28,469.955,469.01,469.38,2427876,18833,472.88
2023-12-20T15:35:00.000,469.38,469.42,468.91,469.01,2334953,18626,472.74
2023-12-20T15:40:00.000,469.01,469.77,468.99,469.74,2590884,18525,472.63
2023-12-20T15:45:00.000,469.735,469.84,469.35,469.795,3984636,23310,472.5
2023-12-20T15:50:00.000,469.81,470.14,468.955,469.37,4188718,27532,472.31
2023-12-20T15:55:00.000,469.375,469.375,467.82,467.97,8418264,46336,471.86
2023-12-20T16:00:00.000,467.97,467.97,467.97,467.97,340,1,471.86
2023-12-21T09:30:00.000,471.33,472.1,470.98,471.8601,2639864,17391,471.53
2023-12-21T09:35:00.000,471.87,472.3,471.3,472.11,1784156,14407,471.66
2023-12-21T09:40:00.000,472.11,472.24,471.45,471.95,1387577,11237,471.67
2023-12-21T09:45:00.000,471.95,472.08,471.665,471.84,849409,7378,471.7
2023-12-21T09:50:00.000,471.84,472.1385,471.71,471.74,1062156,9944,471.73
2023-12-21T09:55:00.000,471.73,471.84,471.29,471.4,1024364,11232,471.71
2023-12-21T10:00:00.000,471.41,471.76,471.17,471.215,881943,16014,471.69
2023-12-21T10:05:00.000,471.215,471.22,470.55,470.63,1284489,11217,471.59
2023-12-21T10:10:00.000,470.63,471.51,470.56,471.355,1448197,8236,471.54
2023-12-21T10:15:00.000,471.3615,471.77,470.985,471.6199,997502,9169,471.53
2023-12-21T10:20:00.000,471.62,472.44,471.57,472.33,1386880,12393,471.59
2023-12-21T10:25:00.000,472.34,472.38,470.98,471.17,1566692,13456,471.57
2023-12-21T10:30:00.000,471.18,471.73,471.17,471.69,974368,9215,471.56
2023-12-21T10:35:00.000,471.69,471.8,471.27,471.35,619723,6450,471.56
2023-12-21T10:40:00.000,471.36,471.7101,471.07,471.57,595864,6254,471.56
2023-12-21T10:45:00.000,471.58,471.81,471.42,471.485,722703,4872,471.56
2023-12-21T10:50:00.000,471.4795,471.5,470.91,471.0656,715816,7179,471.54
2023-12-21T10:55:00.000,471.06,471.18,470.85,471.17,668272,5635,471.52
2023-12-21T11:00:00.000,471.16,471.59,470.9717,471.4,614791,5387,471.51
2023-12-21T11:05:00.000,471.39,471.47,470.77,470.93,514039,4972,471.51
2023-12-21T11:10:00.000,470.9388,471.22,470.735,471.15,525315,5234,471.49
2023-12-21T11:15:00.000,471.16,471.225,470.66,470.935,1022859,5001,471.47
2023-12-21T11:20:00.000,470.925,471.3,470.82,471.23,669323,5637,471.46
2023-12-21T11:25:00.000,471.22,471.54,471.03,471.51,796321,4970,471.46
2023-12-21T11:30:00.000,471.49,471.57,471.11,471.23,1330192,5219,471.46
2023-12-21T11:35:00.000,471.24,471.69,471.19,471.385,943093,8632,471.46
2023-12-21T11:40:00.000,471.38,471.43,471.14,471.22,539403,5172,471.45
2023-12-21T11:45:00.000,471.21,471.44,471.18,471.3412,424133,4159,471.45
2023-12-21T11:50:00.000,471.34,471.34,470.94,470.97,555290,5497,471.44
2023-12-21T11:55:00.000,470.97,470.99,470.42,470.55,684283,6394,471.42
2023-12-21T12:00:00.000,470.55,470.55,469.59,469.6,1259473,11615,471.37
2023-12-21T12:05:00.000,469.62,470.0672,469.49,469.515,1148061,8077,471.32
2023-12-21T12:10:00.000,469.51,469.87,469.46,469.55,1051856,7380,471.27
2023-12-21T12:15:00.000,469.55,469.8599,469.47,469.6812,697486,6811,471.23
2023-12-21T12:20:00.000,469.685,469.75,469.42,469.71,703047,6899,471.2
2023-12-21T12:25:00.000,469.71,469.72,469.4,469.5401,518466,5229,471.17
2023-12-21T12:30:00.000,469.55,470.19,469.48,469.58,903799,8974,471.14
2023-12-21T12:35:00.000,469.6,469.88,469.43,469.7,543964,4708,471.12
2023-12-21T12:40:00.000,469.7,470.1312,469.6,469.82,545515,5660,471.1
2023-12-21T12:45:00.000,469.815,469.965,469.705,469.78,431616,4202,471.08
2023-12-21T12:50:00.000,469.761,469.96,469.39,469.435,791134,5743,471.06
2023-12-21T12:55:00.000,469.43,469.5694,469.27,469.4799,592610,5748,471.03
2023-12-21T13:00:00.000,469.48,470.1,469.455,469.995,598756,5791,471.01
2023-12-21T13:05:00.000,469.99,470.07,469.586,469.78,461606,4710,471.0
2023-12-21T13:10:00.000,469.77,470.08,469.6,469.66,531234,5117,470.98
2023-12-21T13:15:00.000,469.66,469.69,468.87,468.89,901515,8301,470.94
2023-12-21T13:20:00.000,468.9,470.185,468.84,470.0,1343041,9889,470.9
2023-12-21T13:25:00.000,470.02,470.14,469.69,470.095,438764,4305,470.89
2023-12-21T13:30:00.000,470.1,470.48,469.99,470.07,810794,8514,470.88
2023-12-21T13:35:00.000,470.071,470.18,469.86,469.92,405960,3668,470.87
2023-12-21T13:40:00.000,469.9285,470.1326,469.79,469.91,450936,4327,470.86
2023-12-21T13:45:00.000,469.94,470.29,469.91,470.1297,355293,3567,470.85
2023-12-21T13:50:00.000,470.11,470.47,469.99,470.33,455268,4489,470.85
2023-12-21T13:55:00.000,470.31,470.59,470.3,470.55,675127,6222,470.84
2023-12-21T14:00:00.000,470.56,470.67,470.37,470.5,628143,5560,470.84
2023-12-21T14:05:00.000,470.51,470.6,470.3,470.36,383884,4013,470.83
2023-12-21T14:10:00.000,470.36,470.575,470.16,470.215,583736,5039,470.83
2023-12-21T14:15:00.000,470.205,470.85,470.1899,470.74,659049,5761,470.82
2023-12-21T14:20:00.000,470.745,470.78,470.3,470.37,463764,4460,470.82
2023-12-21T14:25:00.000,470.3685,470.63,470.28,470.6197,317663,3056,470.82
2023-12-21T14:30:00.000,470.62,470.85,470.43,470.83,394742,3773,470.81
2023-12-21T14:35:00.000,470.83,470.91,470.595,470.7946,347028,3173,470.81
2023-12-21T14:40:00.000,470.79,470.97,470.77,470.94,627972,3875,470.81
2023-12-21T14:45:00.000,470.935,471.06,470.68,470.69,685218,4325,470.82
2023-12-21T14:50:00.000,470.7,470.89,470.6087,470.66,390091,3974,470.81
2023-12-21T14:55:00.000,470.65,470.699,470.18,470.57,609122,5769,470.81
2023-12-21T15:00:00.000,470.57,470.75,470.36,470.5603,502644,4912,470.81
2023-12-21T15:05:00.000,470.57,470.66,470.25,470.3795,659734,5895,470.8
2023-12-21T15:10:00.000,470.4,470.9,470.33,470.83,1032329,7259,470.8
2023-12-21T15:15:00.000,470.83,471.02,470.67,470.98,532056,5281,470.8
2023-12-21T15:20:00.000,470.98,471.18,470.95,471.11,617959,6179,470.8
2023-12-21T15:25:00.000,471.1,471.9291,471.04,471.895,989806,8760,470.82
2023-12-21T15:30:00.000,471.91,472.045,471.63,471.896,922072,8350,470.83
2023-12-21T15:35:00.000,471.895,472.41,471.85,472.26,1380558,11478,470.87
2023-12-21T15:40:00.000,472.26,472.415,472.05,472.09,1081913,9451,470.89
2023-12-21T15:45:00.000,472.09,472.465,472.03,472.34,1251059,11129,470.92
2023-12-21T15:50:00.000,472.33,472.82,472.22,472.65,2713709,19565,471.0
2023-12-21T15:55:00.000,472.65,472.975,472.555,472.67,6295962,30357,471.16
2023-12-21T16:00:00.000,472.67,472.67,472.67,472.67,194,1,471.16
2023-12-22T09:30:00.000,473.86,474.52,473.77,474.2299,1588365,14430,474.11
2023-12-22T09:35:00.000,474.23,474.74,474.06,474.63,933013,9522,474.22
2023-12-22T09:40:00.000,474.64,475.06,474.56,475.045,1362517,12989,474.42
2023-12-22T09:45:00.000,475.04,475.17,474.87,475.11,836289,7629,474.53
2023-12-22T09:50:00.000,475.11,475.38,475.11,475.18,956287,8340,474.65
2023-12-22T09:55:00.000,475.18,475.35,474.86,474.91,913485,8877,474.71
2023-12-22T10:00:00.000,474.92,475.15,474.6,475.025,892271,16009,474.73
2023-12-22T10:05:00.000,475.02,475.27,474.75,475.0,763627,9111,474.75
2023-12-22T10:10:00.000,474.99,475.05,474.74,474.915,731392,5995,474.76
2023-12-22T10:15:00.000,474.92,474.98,474.7,474.85,548404,5826,474.77
2023-12-22T10:20:00.000,474.86,474.94,474.61,474.81,588711,6051,474.77
2023-12-22T10:25:00.000,474.79,475.2199,474.63,475.15,664149,6549,474.78
2023-12-22T10:30:00.000,475.15,475.299,475.09,475.175,691667,6743,474.81
2023-12-22T10:35:00.000,475.17,475.25,474.6,474.845,535424,5550,474.81
2023-12-22T10:40:00.000,474.83,475.0,474.825,474.955,326444,3999,474.81
2023-12-22T10:45:00.000,474.955,475.014,474.7001,474.75,506479,4563,474.81
2023-12-22T10:50:00.000,474.75,474.8,474.62,474.725,637846,4182,474.81
2023-12-22T10:55:00.000,474.72,474.73,474.14,474.15,1420654,7849,474.78
2023-12-22T11:00:00.000,474.155,474.23,473.58,473.93,1169246,11242,474.72
2023-12-22T11:05:00.000,473.94,474.14,473.62,474.11,961696,8992,474.66
2023-12-22T11:10:00.000,474.12,474.32,474.0,474.28,495531,4682,474.65
2023-12-22T11:15:00.000,474.27,474.37,474.08,474.34,465927,4417,474.64
2023-12-22T11:20:00.000,474.33,474.655,474.23,474.26,599451,5764,474.63
2023-12-22T11:25:00.000,474.27,474.465,474.175,474.39,680799,4303,474.62
2023-12-22T11:30:00.000,474.38,474.6999,474.38,474.48,471428,4362,474.62
2023-12-22T11:35:00.000,474.48,474.4812,474.19,474.31,320106,3039,474.62
2023-12-22T11:40:00.000,474.32,474.32,474.036,474.085,325123,3293,474.61
2023-12-22T11:45:00.000,474.08,474.18,473.92,473.98,341995,3334,474.6
2023-12-22T11:50:00.000,473.98,474.17,473.95,474.105,292186,2805,474.59
2023-12-22T11:55:00.000,474.105,474.31,474.0399,474.065,847050,4584,474.58
2023-12-22T12:00:00.000,474.07,474.28,474.05,474.16,286938,2942,474.57
2023-12-22T12:05:00.000,474.17,474.4495,473.92,473.98,474079,3619,474.57
2023-12-22T12:10:00.000,473.9699,474.05,473.79,473.82,326033,3160,474.56
2023-12-22T12:15:00.000,473.81,473.9416,473.71,473.85,679587,3016,474.55
2023-12-22T12:20:00.000,473.85,473.92,473.661,473.7991,285466,3012,474.54
2023-12-22T12:25:00.000,473.8,474.19,473.77,474.1,317352,3450,474.53
2023-12-22T12:30:00.000,474.11,474.18,473.9,474.02,473170,2922,474.53
2023-12-22T12:35:00.000,474.01,474.28,473.99,474.26,490669,2687,474.52
2023-12-22T12:40:00.000,474.2599,474.41,474.235,474.3801,1197600,2759,474.52
2023-12-22T12:45:00.000,474.38,474.5451,474.33,474.35,431807,3737,474.52
2023-12-22T12:50:00.000,474.3543,474.5595,474.29,474.5301,451440,3361,474.52
2023-12-22T12:55:00.000,474.535,474.565,474.33,474.55,517209,2953,474.52
2023-12-22T13:00:00.000,474.54,474.61,474.39,474.56,307916,3412,474.52
2023-12-22T13:05:00.000,474.55,474.695,474.54,474.62,285544,2755,474.52
2023-12-22T13:10:00.000,474.6113,474.74,474.61,474.73,486106,3880,474.52
2023-12-22T13:15:00.000,474.725,474.75,474.5601,474.6,471985,3896,474.52
2023-12-22T13:20:00.000,474.58,474.66,474.576,474.605,297708,2370,474.52
2023-12-22T13:25:00.000,474.6,474.69,474.51,474.6,323164,3158,474.52
2023-12-22T13:30:00.000,474.59,474.7,474.57,474.61,245454,2798,474.53
2023-12-22T13:35:00.000,474.595,474.695,474.48,474.515,267215,2389,474.53
2023-12-22T13:40:00.000,474.52,474.55,474.245,474.475,380279,3753,474.52
2023-12-22T13:45:00.000,474.47,474.56,474.33,474.52,189779,2194,474.52
2023-12-22T13:50:00.000,474.52,474.585,474.34,474.364,790587,2393,474.52
2023-12-22T13:55:00.000,474.36,474.4291,474.19,474.22,377727,3551,474.52
2023-12-22T14:00:00.000,474.22,474.27,473.86,473.87,394458,4166,474.51
2023-12-22T14:05:00.000,473.86,473.92,473.09,473.36,914160,8639,474.48
2023-12-22T14:10:00.000,473.35,473.58,473.3,473.53,502253,4529,474.46
2023-12-22T14:15:00.000,473.52,473.53,472.57,472.98,1093521,10223,474.41
2023-12-22T14:20:00.000,472.98,473.16,472.1,472.39,1012388,9731,474.35
2023-12-22T14:25:00.000,472.4,472.455,471.97,472.08,1037147,9040,474.28
2023-12-22T14:30:00.000,472.09,472.37,471.7,472.095,1520886,14335,474.18
2023-12-22T14:35:00.000,472.1,472.85,472.03,472.58,1075081,8485,474.13
2023-12-22T14:40:00.000,472.58,473.35,472.575,473.29,929256,8167,474.1
2023-12-22T14:45:00.000,473.29,473.65,473.29,473.47,791022,6661,474.09
2023-12-22T14:50:00.000,473.461,473.82,473.445,473.695,637539,5340,474.08
2023-12-22T14:55:00.000,473.685,473.88,473.635,473.88,545802,4779,474.07
2023-12-22T15:00:00.000,473.88,474.03,473.61,473.87,1335614,7838,474.07
2023-12-22T15:05:00.000,473.855,473.92,473.52,473.5301,337779,3838,474.07
2023-12-22T15:10:00.000,473.53,473.8,473.53,473.785,489856,4282,474.06
2023-12-22T15:15:00.000,473.77,473.81,473.51,473.7199,611548,3973,474.06
2023-12-22T15:20:00.000,473.72,473.8,473.44,473.7,617666,6129,474.05
2023-12-22T15:25:00.000,473.7,473.98,473.6196,473.945,620154,5833,474.05
2023-12-22T15:30:00.000,473.94,473.96,473.54,473.555,639732,6533,474.04
2023-12-22T15:35:00.000,473.555,473.65,473.28,473.285,1186859,6764,474.04
2023-12-22T15:40:00.000,473.29,473.38,472.975,473.375,1123475,8124,474.02
2023-12-22T15:45:00.000,473.38,473.51,473.1,473.14,1282588,7619,474.01
2023-12-22T15:50:00.000,473.12,473.68,473.06,473.6,1818201,11782,473.99
2023-12-22T15:55:00.000,473.605,473.68,473.37,473.62,4294968,21471,473.95
2023-12-22T16:00:00.000,0.0,0.0,0.0,0.0,0,0,473.95
2023-12-23T09:30:00.000,0.0,0.0,0.0,0.0,0,0,0.0
2023-12-23T09:35:00.000,0.0,0.0,0.0,0.0,0,0,0.0
2023-12-23T09:40:00.000,0.0,0.0,0.0,0.0,0,0,0.0
2023-12-23T09:45:00.000,0.0,0.0,0.0,0.0,0,0,0.0
2023-12-23T09:50:00.000,0.0,0.0,0.0,0.0,0,0,0.0
2023-12-23T09:55:00.000,0.0,0.0,0.0,0.0,0,0,0.0
2023-12-23T10:00:00.000,0.0,0.0,0.0,0.0,0,0,0.0
2023-12-23T10:05:00.000,0.0,0.0,0.0,0.0,0,0,0.0
2023-12-23T10:10:00.000,0.0,0.0,0.0,0.0,0,0,0.0
2023-12-23T10:15:00.000,0.0,0.0,0.0,0.0,0,0,0.0
2023-12-23T10:20:00.000,0.0,0.0,0.0,0.0,0,0,0.0
2023-12-23T10:25:00.000,0.0,0.0,0.0,0.0,0,0,0.0
2023-12-23T10:30:00.000,0.0,0.0,0.0,0.0,0,0,0.0
2023-12-23T10:35:00.000,0.0,0.0,0.0,0.0,0,0,0.0
2023-12-23T10:40:00.000,0.0,0.0,0.0,0.0,0,0,0.0
2023-12-23T10:45:00.000,0.0,0.0,0.0,0.0,0,0,0.0
2023-12-23T10:50:00.000,0.0,0.0,0.0,0.0,0,0,0.0
2023-12-23T10:55:00.000,0.0,0.0,0.0,0.0,0,0,0.0
2023-12-23T11:00:00.000,0.0,0.0,0.0,0.0,0,0,0.0
2023-12-23T11:05:00.000,0.0,0.0,0.0,0.0,0,0,0.0
2023-12-23T11:10:00.000,0.0,0.0,0.0,0.0,0,0,0.0
2023-12-23T11:15:00.000,0.0,0.0,0.0,0.0,0,0,0.0
2023-12-23T11:20:00.000,0.0,0.0,0.0,0.0,0,0,0.0
2023-12-23T11:25:00.000,0.0,0.0,0.0,0.0,0,0,0.0
2023-12-23T11:30:00.000,0.0,0.0,0.0,0.0,0,0,0.0
2023-12-23T11:35:00.000,0.0,0.0,0.0,0.0,0,0,0.0
2023-12-23T11:40:00.000,0.0,0.0,0.0,0.0,0,0,0.0
2023-12-23T11:45:00.000,0.0,0.0,0.0,0.0,0,0,0.0
2023-12-23T11:50:00.000,0.0,0.0,0.0,0.0,0,0,0.0
2023-12-23T11:55:00.000,0.0,0.0,0.0,0.0,0,0,0.0
2023-12-23T12:00:00.000,0.0,0.0,0.0,0.0,0,0,0.0
2023-12-23T12:05:00.000,0.0,0.0,0.0,0.0,0,0,0.0
2023-12-23T12:10:00.000,0.0,0.0,0.0,0.0,0,0,0.0
2023-12-23T12:15:00.000,0.0,0.0,0.0,0.0,0,0,0.0
2023-12-23T12:20:00.000,0.0,0.0,0.0,0.0,0,0,0.0
2023-12-23T12:25:00.000,0.0,0.0,0.0,0.0,0,0,0.0
2023-12-23T12:30:00.000,0.0,0.0,0.0,0.0,0,0,0.0
2023-12-23T12:35:00.000,0.0,0.0,0.0,0.0,0,0,0.0
2023-12-23T12:40:00.000,0.0,0.0,0.0,0.0,0,0,0.0
2023-12-23T12:45:00.000,0.0,0.0,0.0,0.0,0,0,0.0
2023-12-23T12:50:00.000,0.0,0.0,0.0,0.0,0,0,0.0
2023-12-23T12:55:00.000,0.0,0.0,0.0,0.0,0,0,0.0
2023-12-23T13:00:00.000,0.0,0.0,0.0,0.0,0,0,0.0
2023-12-23T13:05:00.000,0.0,0.0,0.0,0.0,0,0,0.0
2023-12-23T13:10:00.000,0.0,0.0,0.0,0.0,0,0,0.0
2023-12-23T13:15:00.000,0.0,0.0,0.0,0.0,0,0,0.0
2023-12-23T13:20:00.000,0.0,0.0,0.0,0.0,0,0,0.0
2023-12-23T13:25:00.000,0.0,0.0,0.0,0.0,0,0,0.0
2023-12-23T13:30:00.000,0.0,0.0,0.0,0.0,0,0,0.0
2023-12-23T13:35:00.000,0.0,0.0,0.0,0.0,0,0,0.0
2023-12-23T13:40:00.000,0.0,0.0,0.0,0.0,0,0,0.0
2023-12-23T13:45:00.000,0.0,0.0,0.0,0.0,0,0,0.0
2023-12-23T13:50:00.000,0.0,0.0,0.0,0.0,0,0,0.0
2023-12-23T13:55:00.000,0.0,0.0,0.0,0.0,0,0,0.0
2023-12-23T14:00:00.000,0.0,0.0,0.0,0.0,0,0,0.0
2023-12-23T14:05:00.000,0.0,0.0,0.0,0.0,0,0,0.0
2023-12-23T14:10:00.000,0.0,0.0,0.0,0.0,0,0,0.0
2023-12-23T14:15:00.000,0.0,0.0,0.0,0.0,0,0,0.0
2023-12-23T14:20:00.000,0.0,0.0,0.0,0.0,0,0,0.0
2023-12-23T14:25:00.000,0.0,0.0,0.0,0.0,0,0,0.0
2023-12-23T14:30:00.000,0.0,0.0,0.0,0.0,0,0,0.0
2023-12-23T14:35:00.000,0.0,0.0,0.0,0.0,0,0,0.0
2023-12-23T14:40:00.000,0.0,0.0,0.0,0.0,0,0,0.0
2023-12-23T14:45:00.000,0.0,0.0,0.0,0.0,0,0,0.0
2023-12-23T14:50:00.000,0.0,0.0,0.0,0.0,0,0,0.0
2023-12-23T14:55:00.000,0.0,0.0,0.0,0.0,0,0,0.0
2023-12-23T15:00:00.000,0.0,0.0,0.0,0.0,0,0,0.0
2023-12-23T15:05:00.000,0.0,0.0,0.0,0.0,0,0,0.0
2023-12-23T15:10:00.000,0.0,0.0,0.0,0.0,0,0,0.0
2023-12-23T15:15:00.000,0.0,0.0,0.0,0.0,0,0,0.0
2023-12-23T15:20:00.000,0.0,0.0,0.0,0.0,0,0,0.0
2023-12-23T15:25:00.000,0.0,0.0,0.0,0.0,0,0,0.0
2023-12-23T15:30:00.000,0.0,0.0,0.0,0.0,0,0,0.0
2023-12-23T15:35:00.000,0.0,0.0,0.0,0.0,0,0,0.0
2023-12-23T15:40:00.000,0.0,0.0,0.0,0.0,0,0,0.0
2023-12-23T15:45:00.000,0.0,0.0,0.0,0.0,0,0,0.0
2023-12-23T15:50:00.000,0.0,0.0,0.0,0.0,0,0,0.0
2023-12-23T15:55:00.000,0.0,0.0,0.0,0.0,0,0,0.0
2023-12-23T16:00:00.000,0.0,0.0,0.0,0.0,0,0,0.0
2023-12-24T09:30:00.000,0.0,0.0,0.0,0.0,0,0,0.0
2023-12-24T09:35:00.000,0.0,0.0,0.0,0.0,0,0,0.0
2023-12-24T09:40:00.000,0.0,0.0,0.0,0.0,0,0,0.0
2023-12-24T09:45:00.000,0.0,0.0,0.0,0.0,0,0,0.0
2023-12-24T09:50:00.000,0.0,0.0,0.0,0.0,0,0,0.0
2023-12-24T09:55:00.000,0.0,0.0,0.0,0.0,0,0,0.0
2023-12-24T10:00:00.000,0.0,0.0,0.0,0.0,0,0,0.0
2023-12-24T10:05:00.000,0.0,0.0,0.0,0.0,0,0,0.0
2023-12-24T10:10:00.000,0.0,0.0,0.0,0.0,0,0,0.0
2023-12-24T10:15:00.000,0.0,0.0,0.0,0.0,0,0,0.0
2023-12-24T10:20:00.000,0.0,0.0,0.0,0.0,0,0,0.0
2023-12-24T10:25:00.000,0.0,0.0,0.0,0.0,0,0,0.0
2023-12-24T10:30:00.000,0.0,0.0,0.0,0.0,0,0,0.0
2023-12-24T10:35:00.000,0.0,0.0,0.0,0.0,0,0,0.0
2023-12-24T10:40:00.000,0.0,0.0,0.0,0.0,0,0,0.0
2023-12-24T10:45:00.000,0.0,0.0,0.0,0.0,0,0,0.0
2023-12-24T10:50:00.000,0.0,0.0,0.0,0.0,0,0,0.0
2023-12-24T10:55:00.000,0.0,0.0,0.0,0.0,0,0,0.0
2023-12-24T11:00:00.000,0.0,0.0,0.0,0.0,0,0,0.0
2023-12-24T11:05:00.000,0.0,0.0,0.0,0.0,0,0,0.0
2023-12-24T11:10:00.000,0.0,0.0,0.0,0.0,0,0,0.0
2023-12-24T11:15:00.000,0.0,0.0,0.0,0.0,0,0,0.0
2023-12-24T11:20:00.000,0.0,0.0,0.0,0.0,0,0,0.0
2023-12-24T11:25:00.000,0.0,0.0,0.0,0.0,0,0,0.0
2023-12-24T11:30:00.000,0.0,0.0,0.0,0.0,0,0,0.0
2023-12-24T11:35:00.000,0.0,0.0,0.0,0.0,0,0,0.0
2023-12-24T11:40:00.000,0.0,0.0,0.0,0.0,0,0,0.0
2023-12-24T11:45:00.000,0.0,0.0,0.0,0.0,0,0,0.0
2023-12-24T11:50:00.000,0.0,0.0,0.0,0.0,0,0,0.0
2023-12-24T11:55:00.000,0.0,0.0,0.0,0.0,0,0,0.0
2023-12-24T12:00:00.000,0.0,0.0,0.0,0.0,0,0,0.0
2023-12-24T12:05:00.000,0.0,0.0,0.0,0.0,0,0,0.0
2023-12-24T12:10:00.000,0.0,0.0,0.0,0.0,0,0,0.0
2023-12-24T12:15:00.000,0.0,0.0,0.0,0.0,0,0,0.0
2023-12-24T12:20:00.000,0.0,0.0,0.0,0.0,0,0,0.0
2023-12-24T12:25:00.000,0.0,0.0,0.0,0.0,0,0,0.0
2023-12-24T12:30:00.000,0.0,0.0,0.0,0.0,0,0,0.0
2023-12-24T12:35:00.000,0.0,0.0,0.0,0.0,0,0,0.0
2023-12-24T12:40:00.000,0.0,0.0,0.0,0.0,0,0,0.0
2023-12-24T12:45:00.000,0.0,0.0,0.0,0.0,0,0,0.0
2023-12-24T12:50:00.000,0.0,0.0,0.0,0.0,0,0,0.0
2023-12-24T12:55:00.000,0.0,0.0,0.0,0.0,0,0,0.0
2023-12-24T13:00:00.000,0.0,0.0,0.0,0.0,0,0,0.0
2023-12-24T13:05:00.000,0.0,0.0,0.0,0.0,0,0,0.0
2023-12-24T13:10:00.000,0.0,0.0,0.0,0.0,0,0,0.0
2023-12-24T13:15:00.000,0.0,0.0,0.0,0.0,0,0,0.0
2023-12-24T13:20:00.000,0.0,0.0,0.0,0.0,0,0,0.0
2023-12-24T13:25:00.000,0.0,0.0,0.0,0.0,0,0,0.0
2023-12-24T13:30:00.000,0.0,0.0,0.0,0.0,0,0,0.0
2023-12-24T13:35:00.000,0.0,0.0,0.0,0.0,0,0,0.0
2023-12-24T13:40:00.000,0.0,0.0,0.0,0.0,0,0,0.0
2023-12-24T13:45:00.000,0.0,0.0,0.0,0.0,0,0,0.0
2023-12-24T13:50:00.000,0.0,0.0,0.0,0.0,0,0,0.0
2023-12-24T13:55:00.000,0.0,0.0,0.0,0.0,0,0,0.0
2023-12-24T14:00:00.000,0.0,0.0,0.0,0.0,0,0,0.0
2023-12-24T14:05:00.000,0.0,0.0,0.0,0.0,0,0,0.0
2023-12-24T14:10:00.000,0.0,0.0,0.0,0.0,0,0,0.0
2023-12-24T14:15:00.000,0.0,0.0,0.0,0.0,0,0,0.0
2023-12-24T14:20:00.000,0.0,0.0,0.0,0.0,0,0,0.0
2023-12-24T14:25:00.000,0.0,0.0,0.0,0.0,0,0,0.0
2023-12-24T14:30:00.000,0.0,0.0,0.0,0.0,0,0,0.0
2023-12-24T14:35:00.000,0.0,0.0,0.0,0.0,0,0,0.0
2023-12-24T14:40:00.000,0.0,0.0,0.0,0.0,0,0,0.0
2023-12-24T14:45:00.000,0.0,0.0,0.0,0.0,0,0,0.0
2023-12-24T14:50:00.000,0.0,0.0,0.0,0.0,0,0,0.0
2023-12-24T14:55:00.000,0.0,0.0,0.0,0.0,0,0,0.0
2023-12-24T15:00:00.000,0.0,0.0,0.0,0.0,0,0,0.0
2023-12-24T15:05:00.000,0.0,0.0,0.0,0.0,0,0,0.0
2023-12-24T15:10:00.000,0.0,0.0,0.0,0.0,0,0,0.0
2023-12-24T15:15:00.000,0.0,0.0,0.0,0.0,0,0,0.0
2023-12-24T15:20:00.000,0.0,0.0,0.0,0.0,0,0,0.0
2023-12-24T15:25:00.000,0.0,0.0,0.0,0.0,0,0,0.0
2023-12-24T15:30:00.000,0.0,0.0,0.0,0.0,0,0,0.0
2023-12-24T15:35:00.000,0.0,0.0,0.0,0.0,0,0,0.0
2023-12-24T15:40:00.000,0.0,0.0,0.0,0.0,0,0,0.0
2023-12-24T15:45:00.000,0.0,0.0,0.0,0.0,0,0,0.0
2023-12-24T15:50:00.000,0.0,0.0,0.0,0.0,0,0,0.0
2023-12-24T15:55:00.000,0.0,0.0,0.0,0.0,0,0,0.0
2023-12-24T16:00:00.000,0.0,0.0,0.0,0.0,0,0,0.0
2023-12-25T09:30:00.000,0.0,0.0,0.0,0.0,0,0,0.0
2023-12-25T09:35:00.000,0.0,0.0,0.0,0.0,0,0,0.0
2023-12-25T09:40:00.000,0.0,0.0,0.0,0.0,0,0,0.0
2023-12-25T09:45:00.000,0.0,0.0,0.0,0.0,0,0,0.0
2023-12-25T09:50:00.000,0.0,0.0,0.0,0.0,0,0,0.0
2023-12-25T09:55:00.000,0.0,0.0,0.0,0.0,0,0,0.0
2023-12-25T10:00:00.000,0.0,0.0,0.0,0.0,0,0,0.0
2023-12-25T10:05:00.000,0.0,0.0,0.0,0.0,0,0,0.0
2023-12-25T10:10:00.000,0.0,0.0,0.0,0.0,0,0,0.0
2023-12-25T10:15:00.000,0.0,0.0,0.0,0.0,0,0,0.0
2023-12-25T10:20:00.000,0.0,0.0,0.0,0.0,0,0,0.0
2023-12-25T10:25:00.000,0.0,0.0,0.0,0.0,0,0,0.0
2023-12-25T10:30:00.000,0.0,0.0,0.0,0.0,0,0,0.0
2023-12-25T10:35:00.000,0.0,0.0,0.0,0.0,0,0,0.0
2023-12-25T10:40:00.000,0.0,0.0,0.0,0.0,0,0,0.0
2023-12-25T10:45:00.000,0.0,0.0,0.0,0.0,0,0,0.0
2023-12-25T10:50:00.000,0.0,0.0,0.0,0.0,0,0,0.0
2023-12-25T10:55:00.000,0.0,0.0,0.0,0.0,0,0,0.0
2023-12-25T11:00:00.000,0.0,0.0,0.0,0.0,0,0,0.0
2023-12-25T11:05:00.000,0.0,0.0,0.0,0.0,0,0,0.0
2023-12-25T11:10:00.000,0.0,0.0,0.0,0.0,0,0,0.0
2023-12-25T11:15:00.000,0.0,0.0,0.0,0.0,0,0,0.0
2023-12-25T11:20:00.000,0.0,0.0,0.0,0.0,0,0,0.0
2023-12-25T11:25:00.000,0.0,0.0,0.0,0.0,0,0,0.0
2023-12-25T11:30:00.000,0.0,0.0,0.0,0.0,0,0,0.0
2023-12-25T11:35:00.000,0.0,0.0,0.0,0.0,0,0,0.0
2023-12-25T11:40:00.000,0.0,0.0,0.0,0.0,0,0,0.0
2023-12-25T11:45:00.000,0.0,0.0,0.0,0.0,0,0,0.0
2023-12-25T11:50:00.000,0.0,0.0,0.0,0.0,0,0,0.0
2023-12-25T11:55:00.000,0.0,0.0,0.0,0.0,0,0,0.0
2023-12-25T12:00:00.000,0.0,0.0,0.0,0.0,0,0,0.0
2023-12-25T12:05:00.000,0.0,0.0,0.0,0.0,0,0,0.0
2023-12-25T12:10:00.000,0.0,0.0,0.0,0.0,0,0,0.0
2023-12-25T12:15:00.000,0.0,0.0,0.0,0.0,0,0,0.0
2023-12-25T12:20:00.000,0.0,0.0,0.0,0.0,0,0,0.0
2023-12-25T12:25:00.000,0.0,0.0,0.0,0.0,0,0,0.0
2023-12-25T12:30:00.000,0.0,0.0,0.0,0.0,0,0,0.0
2023-12-25T12:35:00.000,0.0,0.0,0.0,0.0,0,0,0.0
2023-12-25T12:40:00.000,0.0,0.0,0.0,0.0,0,0,0.0
2023-12-25T12:45:00.000,0.0,0.0,0.0,0.0,0,0,0.0
2023-12-25T12:50:00.000,0.0,0.0,0.0,0.0,0,0,0.0
2023-12-25T12:55:00.000,0.0,0.0,0.0,0.0,0,0,0.0
2023-12-25T13:00:00.000,0.0,0.0,0.0,0.0,0,0,0.0
2023-12-25T13:05:00.000,0.0,0.0,0.0,0.0,0,0,0.0
2023-12-25T13:10:00.000,0.0,0.0,0.0,0.0,0,0,0.0
2023-12-25T13:15:00.000,0.0,0.0,0.0,0.0,0,0,0.0
2023-12-25T13:20:00.000,0.0,0.0,0.0,0.0,0,0,0.0
2023-12-25T13:25:00.000,0.0,0.0,0.0,0.0,0,0,0.0
2023-12-25T13:30:00.000,0.0,0.0,0.0,0.0,0,0,0.0
2023-12-25T13:35:00.000,0.0,0.0,0.0,0.0,0,0,0.0
2023-12-25T13:40:00.000,0.0,0.0,0.0,0.0,0,0,0.0
2023-12-25T13:45:00.000,0.0,0.0,0.0,0.0,0,0,0.0
2023-12-25T13:50:00.000,0.0,0.0,0.0,0.0,0,0,0.0
2023-12-25T13:55:00.000,0.0,0.0,0.0,0.0,0,0,0.0
2023-12-25T14:00:00.000,0.0,0.0,0.0,0.0,0,0,0.0
2023-12-25T14:05:00.000,0.0,0.0,0.0,0.0,0,0,0.0
2023-12-25T14:10:00.000,0.0,0.0,0.0,0.0,0,0,0.0
2023-12-25T14:15:00.000,0.0,0.0,0.0,0.0,0,0,0.0
2023-12-25T14:20:00.000,0.0,0.0,0.0,0.0,0,0,0.0
2023-12-25T14:25:00.000,0.0,0.0,0.0,0.0,0,0,0.0
2023-12-25T14:30:00.000,0.0,0.0,0.0,0.0,0,0,0.0
2023-12-25T14:35:00.000,0.0,0.0,0.0,0.0,0,0,0.0
2023-12-25T14:40:00.000,0.0,0.0,0.0,0.0,0,0,0.0
2023-12-25T14:45:00.000,0.0,0.0,0.0,0.0,0,0,0.0
2023-12-25T14:50:00.000,0.0,0.0,0.0,0.0,0,0,0.0
2023-12-25T14:55:00.000,0.0,0.0,0.0,0.0,0,0,0.0
2023-12-25T15:00:00.000,0.0,0.0,0.0,0.0,0,0,0.0
2023-12-25T15:05:00.000,0.0,0.0,0.0,0.0,0,0,0.0
2023-12-25T15:10:00.000,0.0,0.0,0.0,0.0,0,0,0.0
2023-12-25T15:15:00.000,0.0,0.0,0.0,0.0,0,0,0.0
2023-12-25T15:20:00.000,0.0,0.0,0.0,0.0,0,0,0.0
2023-12-25T15:25:00.000,0.0,0.0,0.0,0.0,0,0,0.0
2023-12-25T15:30:00.000,0.0,0.0,0.0,0.0,0,0,0.0
2023-12-25T15:35:00.000,0.0,0.0,0.0,0.0,0,0,0.0
2023-12-25T15:40:00.000,0.0,0.0,0.0,0.0,0,0,0.0
2023-12-25T15:45:00.000,0.0,0.0,0.0,0.0,0,0,0.0
2023-12-25T15:50:00.000,0.0,0.0,0.0,0.0,0,0,0.0
2023-12-25T15:55:00.000,0.0,0.0,0.0,0.0,0,0,0.0
2023-12-25T16:00:00.000,0.0,0.0,0.0,0.0,0,0,0.0
2023-12-26T09:30:00.000,474.07,474.59,473.99,474.57,1239345,13289,474.25
2023-12-26T09:35:00.000,474.56,474.655,474.48,474.56,614866,6039,474.35
2023-12-26T09:40:00.000,474.57,474.76,474.54,474.62,713793,4969,474.41
2023-12-26T09:45:00.000,474.63,474.81,474.57,474.61,322187,3482,474.45
2023-12-26T09:50:00.000,474.6085,474.65,474.36,474.425,442474,4475,474.45
2023-12-26T09:55:00.000,474.43,474.6901,474.36,474.67,308647,3162,474.46
2023-12-26T10:00:00.000,474.68,474.72,474.6,474.686,340193,7586,474.48
2023-12-26T10:05:00.000,474.69,474.86,474.66,474.77,705957,14283,474.53
2023-12-26T10:10:00.000,474.77,474.98,474.76,474.885,390276,5412,474.55
2023-12-26T10:15:00.000,474.89,475.0,474.85,474.85,637001,3992,474.58
2023-12-26T10:20:00.000,474.86,474.967,474.77,474.9,1015725,4162,474.6
2023-12-26T10:25:00.000,474.88,475.12,474.785,474.865,463967,4702,474.63
2023-12-26T10:30:00.000,474.87,475.1,474.87,475.04,469731,4651,474.65
2023-12-26T10:35:00.000,475.0499,475.1404,475.005,475.135,264980,3276,474.67
2023-12-26T10:40:00.000,475.13,475.19,474.955,474.96,1152471,4050,474.69
2023-12-26T10:45:00.000,474.96,475.0,474.885,474.915,282400,3013,474.7
2023-12-26T10:50:00.000,474.91,474.91,474.53,474.7391,923122,3672,474.7
2023-12-26T10:55:00.000,474.74,474.92,474.735,474.9,579401,3287,474.7
2023-12-26T11:00:00.000,474.91,474.96,474.6301,474.77,1068738,3345,474.71
2023-12-26T11:05:00.000,474.77,474.93,474.76,474.91,300131,3096,474.71
2023-12-26T11:10:00.000,474.91,475.14,474.8,475.0903,374851,3518,474.72
2023-12-26T11:15:00.000,475.08,475.11,474.705,474.76,393455,3015,474.73
2023-12-26T11:20:00.000,474.75,474.845,474.64,474.64,220114,2694,474.73
2023-12-26T11:25:00.000,474.635,474.77,474.58,474.75,890341,2946,474.73
2023-12-26T11:30:00.000,474.745,474.94,474.73,474.91,276618,2931,474.73
2023-12-26T11:35:00.000,474.91,474.9777,474.84,474.91,732009,2581,474.74
2023-12-26T11:40:00.000,474.905,475.01,474.85,474.93,532756,2587,474.74
2023-12-26T11:45:00.000,474.923,475.1172,474.92,474.9713,567555,3276,474.75
2023-12-26T11:50:00.000,474.97,475.0999,474.96,475.075,198326,2099,474.75
2023-12-26T11:55:00.000,475.07,475.13,474.9,475.0799,278211,2940,474.76
2023-12-26T12:00:00.000,475.08,475.08,474.88,474.945,225980,2589,474.77
2023-12-26T12:05:00.000,474.95,474.99,474.89,474.96,174279,1989,474.77
2023-12-26T12:10:00.000,474.95,475.18,474.95,475.15,231652,2790,474.77
2023-12-26T12:15:00.000,475.145,475.23,475.1,475.15,326750,3047,474.78
2023-12-26T12:20:00.000,475.1491,475.23,475.065,475.11,564866,2771,474.79
2023-12-26T12:25:00.000,475.1,475.1995,475.06,475.07,199509,2237,474.8
2023-12-26T12:30:00.000,475.07,475.15,475.0,475.001,216747,2393,474.8
2023-12-26T12:35:00.000,475.0,475.0399,474.85,474.9,262203,2879,474.8
2023-12-26T12:40:00.000,474.9,475.09,474.9,475.07,195958,2471,474.81
2023-12-26T12:45:00.000,475.07,475.4,475.06,475.3499,656035,3677,474.82
2023-12-26T12:50:00.000,475.35,475.355,475.16,475.325,290289,2816,474.83
2023-12-26T12:55:00.000,475.3223,475.335,475.019,475.05,287939,2729,474.83
2023-12-26T13:00:00.000,475.06,475.24,475.0202,475.205,192928,2221,474.84
2023-12-26T13:05:00.000,475.2,475.22,475.1299,475.1799,171153,1985,474.84
2023-12-26T13:10:00.000,475.18,475.4,475.18,475.29,246905,2540,474.85
2023-12-26T13:15:00.000,475.29,475.29,475.18,475.23,175070,1974,474.85
2023-12-26T13:20:00.000,475.225,475.46,475.21,475.43,279650,2935,474.86
2023-12-26T13:25:00.000,475.43,475.46,475.29,475.3113,477924,2602,474.87
2023-12-26T13:30:00.000,475.31,475.42,475.275,475.278,203215,2924,474.88
2023-12-26T13:35:00.000,475.2713,475.2999,475.2,475.225,211841,2669,474.88
2023-12-26T13:40:00.000,475.23,475.328,475.19,475.295,210564,2602,474.88
2023-12-26T13:45:00.000,475.29,475.4,475.29,475.37,165878,2148,474.89
2023-12-26T13:50:00.000,475.38,475.39,475.14,475.24,417400,3144,474.89
2023-12-26T13:55:00.000,475.235,475.3356,475.14,475.2,241260,2631,474.9
2023-12-26T14:00:00.000,475.2,475.405,475.1697,475.33,533087,3414,474.91
2023-12-26T14:05:00.000,475.34,475.42,475.31,475.41,558487,3006,474.91
2023-12-26T14:10:00.000,475.42,475.5,475.37,475.38,300116,2664,474.92
2023-12-26T14:15:00.000,475.369,475.5,475.35,475.48,206569,2270,474.93
2023-12-26T14:20:00.000,475.49,475.5,475.42,475.48,384559,2102,474.93
2023-12-26T14:25:00.000,475.48,475.57,475.43,475.525,398188,4117,474.94
2023-12-26T14:30:00.000,475.53,475.71,475.53,475.595,413465,4160,474.96
2023-12-26T14:35:00.000,475.6,475.7,475.58,475.6904,220732,2818,474.97
2023-12-26T14:40:00.000,475.69,475.705,475.47,475.49,545184,3103,474.98
2023-12-26T14:45:00.000,475.5,475.66,475.485,475.59,313130,3142,474.98
2023-12-26T14:50:00.000,475.595,475.71,475.59,475.69,315103,3012,474.99
2023-12-26T14:55:00.000,475.69,475.78,475.66,475.7599,396185,3526,475.01
2023-12-26T15:00:00.000,475.76,475.86,475.62,475.8,426041,3804,475.02
2023-12-26T15:05:00.000,475.8015,475.88,475.67,475.7,650659,3722,475.04
2023-12-26T15:10:00.000,475.7,475.82,475.69,475.77,247753,2883,475.05
2023-12-26T15:15:00.000,475.77,475.79,475.7,475.78,338756,3445,475.06
2023-12-26T15:20:00.000,475.78,476.07,475.77,476.06,1118525,7181,475.09
2023-12-26T15:25:00.000,476.0615,476.58,476.0615,476.2,1596559,9996,475.15
2023-12-26T15:30:00.000,476.2,476.44,476.155,476.39,1556639,7558,475.18
2023-12-26T15:35:00.000,476.38,476.4307,475.99,476.045,926310,8750,475.22
2023-12-26T15:40:00.000,476.04,476.05,475.9215,475.975,748758,6256,475.24
2023-12-26T15:45:00.000,475.97,476.16,475.82,475.83,1206373,9403,475.28
2023-12-26T15:50:00.000,475.83,476.02,475.46,475.52,3181103,19333,475.31
2023-12-26T15:55:00.000,475.51,475.66,475.29,475.59,5368714,23981,475.34
2023-12-26T16:00:00.000,475.59,475.59,475.59,475.59,654,3,475.34
2023-12-27T09:30:00.000,475.44,475.92,475.27,475.8296,1058798,10697,475.58
2023-12-27T09:35:00.000,475.83,475.95,475.7,475.86,669121,5820,475.67
2023-12-27T09:40:00.000,475.88,476.0,475.8096,475.96,955518,4611,475.72
2023-12-27T09:45:00.000,475.97,476.035,475.81,475.935,478939,4421,475.75
2023-12-27T09:50:00.000,475.94,476.12,475.92,476.09,717679,4836,475.79
2023-12-27T09:55:00.000,476.08,476.14,475.72,476.01,1216512,7671,475.84
2023-12-27T10:00:00.000,476.01,476.14,475.91,476.014,602754,13943,475.86
2023-12-27T10:05:00.000,476.02,476.02,475.81,475.9182,616575,4904,475.87
2023-12-27T10:10:00.000,475.915,476.005,475.22,475.39,1168088,6758,475.84
2023-12-27T10:15:00.000,475.4,475.66,475.33,475.48,1003221,6530,475.8
2023-12-27T10:20:00.000,475.48,475.68,475.16,475.64,465451,4615,475.78
2023-12-27T10:25:00.000,475.64,475.85,475.6,475.74,504616,4033,475.78
2023-12-27T10:30:00.000,475.74,475.79,475.54,475.55,385572,3957,475.77
2023-12-27T10:35:00.000,475.55,475.585,475.29,475.56,404375,3953,475.76
2023-12-27T10:40:00.000,475.56,475.59,475.26,475.36,386441,4075,475.74
2023-12-27T10:45:00.000,475.36,475.456,475.21,475.2669,786803,5827,475.7
2023-12-27T10:50:00.000,475.26,475.35,475.08,475.3399,431108,4311,475.68
2023-12-27T10:55:00.000,475.33,475.49,475.305,475.41,385100,3534,475.67
2023-12-27T11:00:00.000,475.41,475.43,475.21,475.2695,298568,3202,475.66
2023-12-27T11:05:00.000,475.26,475.43,475.185,475.2901,904069,3661,475.65
2023-12-27T11:10:00.000,475.295,475.4099,475.19,475.37,288316,3153,475.64
2023-12-27T11:15:00.000,475.37,475.485,475.37,475.445,364919,3170,475.63
2023-12-27T11:20:00.000,475.45,475.475,475.3425,475.35,629529,4253,475.62
2023-12-27T11:25:00.000,475.3587,475.47,475.2,475.47,382218,3765,475.61
2023-12-27T11:30:00.000,475.47,475.64,475.41,475.6,998458,3801,475.61
2023-12-27T11:35:00.000,475.595,475.79,475.595,475.73,378210,3526,475.61
2023-12-27T11:40:00.000,475.725,475.93,475.67,475.875,736184,4149,475.61
2023-12-27T11:45:00.000,475.875,475.89,475.7201,475.79,281188,2788,475.62
2023-12-27T11:50:00.000,475.79,475.88,475.71,475.81,287353,2998,475.62
2023-12-27T11:55:00.000,475.82,475.9,475.75,475.775,244606,3328,475.63
2023-12-27T12:00:00.000,475.77,475.88,475.57,475.7099,375958,3600,475.63
2023-12-27T12:05:00.000,475.705,475.75,475.65,475.74,213270,2316,475.63
2023-12-27T12:10:00.000,475.74,475.93,475.7346,475.875,282797,2585,475.63
2023-12-27T12:15:00.000,475.88,475.93,475.83,475.8796,305726,2876,475.64
2023-12-27T12:20:00.000,475.88,476.07,475.78,475.91,363462,3904,475.64
2023-12-27T12:25:00.000,475.915,475.92,475.805,475.84,191114,2358,475.65
2023-12-27T12:30:00.000,475.84,475.97,475.83,475.915,245372,2544,475.65
2023-12-27T12:35:00.000,475.92,475.92,475.61,475.69,245101,2672,475.65
2023-12-27T12:40:00.000,475.7,475.7085,475.29,475.4204,401925,4327,475.65
2023-12-27T12:45:00.000,475.42,475.6,475.37,475.5714,273274,2801,475.64
2023-12-27T12:50:00.000,475.5703,475.6,475.484,475.5,478091,2478,475.64
2023-12-27T12:55:00.000,475.51,475.62,475.49,475.55,208808,2321,475.64
2023-12-27T13:00:00.000,475.54,475.96,475.54,475.9,346566,3747,475.64
2023-12-27T13:05:00.000,475.9,476.56,475.88,476.43,1040056,10829,475.68
2023-12-27T13:10:00.000,476.43,476.66,476.2,476.24,1407305,9123,475.71
2023-12-27T13:15:00.000,476.25,476.52,476.15,476.34,753688,5143,475.73
2023-12-27T13:20:00.000,476.34,476.395,476.21,476.23,491079,2852,475.73
2023-12-27T13:25:00.000,476.214,476.36,476.11,476.2399,266100,3002,475.74
2023-12-27T13:30:00.000,476.25,476.42,476.14,476.225,416205,3457,475.75
2023-12-27T13:35:00.000,476.2202,476.3401,476.2,476.3099,342283,2008,475.75
2023-12-27T13:40:00.000,476.305,476.46,476.305,476.44,287276,3149,475.76
2023-12-27T13:45:00.000,476.44,476.49,476.305,476.391,475193,2389,475.76
2023-12-27T13:50:00.000,476.39,476.4799,476.22,476.31,393763,4442,475.77
2023-12-27T13:55:00.000,476.32,476.39,476.01,476.02,1577170,3554,475.78
2023-12-27T14:00:00.000,476.02,476.0203,474.91,475.1108,1524869,11485,475.76
2023-12-27T14:05:00.000,475.11,475.44,474.89,475.3401,982118,6929,475.74
2023-12-27T14:10:00.000,475.35,475.39,474.93,475.11,578138,5997,475.73
2023-12-27T14:15:00.000,475.12,475.4399,474.97,475.4197,632923,5321,475.72
2023-12-27T14:20:00.000,475.42,475.68,475.42,475.6599,647200,5676,475.71
2023-12-27T14:25:00.000,475.67,476.02,475.48,475.8062,701931,6608,475.71
2023-12-27T14:30:00.000,475.8,475.83,475.42,475.56,1509642,5354,475.71
2023-12-27T14:35:00.000,475.57,475.65,475.47,475.47,1310330,3066,475.71
2023-12-27T14:40:00.000,475.4763,475.51,475.19,475.32,901511,3774,475.71
2023-12-27T14:45:00.000,475.32,475.46,475.275,475.4401,294149,2940,475.7
2023-12-27T14:50:00.000,475.44,475.479,475.22,475.23,764971,3541,475.7
2023-12-27T14:55:00.000,475.23,475.57,475.19,475.51,516460,4569,475.69
2023-12-27T15:00:00.000,475.51,475.73,475.41,475.66,457485,4570,475.69
2023-12-27T15:05:00.000,475.645,475.74,475.3888,475.72,861689,3782,475.69
2023-12-27T15:10:00.000,475.72,475.8799,475.625,475.69,531844,4769,475.69
2023-12-27T15:15:00.000,475.665,475.935,475.655,475.82,386109,3706,475.69
2023-12-27T15:20:00.000,475.815,475.89,475.605,475.61,821887,5299,475.69
2023-12-27T15:25:00.000,475.6,475.65,475.36,475.645,840701,3957,475.69
2023-12-27T15:30:00.000,475.63,475.86,475.495,475.82,368578,4325,475.69
2023-12-27T15:35:00.000,475.82,476.02,475.81,475.9,545316,5581,475.69
2023-12-27T15:40:00.000,475.895,475.96,475.35,475.3913,1256094,11031,475.69
2023-12-27T15:45:00.000,475.4,475.48,475.27,475.3999,2211846,18989,475.67
2023-12-27T15:50:00.000,475.4,475.62,475.16,475.53,2019527,17589,475.66
2023-12-27T15:55:00.000,475.53,476.57,475.525,476.51,5587243,28792,475.7
2023-12-27T16:00:00.000,476.5,476.5,476.5,476.5,817,4,475.7
2023-12-28T09:30:00.000,476.88,477.385,476.81,477.11,1155648,11343,477.12
2023-12-28T09:35:00.000,477.13,477.26,477.05,477.22,560455,4730,477.14
2023-12-28T09:40:00.000,477.23,477.3704,476.81,476.86,605981,6097,477.13
2023-12-28T09:45:00.000,476.86,477.12,476.8,477.09,379014,3917,477.11
2023-12-28T09:50:00.000,477.08,477.2,476.96,477.1199,365227,3875,477.11
2023-12-28T09:55:00.000,477.11,477.28,477.11,477.19,365935,4689,477.12
2023-12-28T10:00:00.000,477.18,477.2,476.97,477.0099,403516,12656,477.11
2023-12-28T10:05:00.000,477.0,477.04,476.805,476.94,506885,5601,477.09
2023-12-28T10:10:00.000,476.9399,477.09,476.83,476.92,378684,4069,477.08
2023-12-28T10:15:00.000,476.925,477.105,476.9,476.97,604903,3798,477.07
2023-12-28T10:20:00.000,476.98,477.13,476.92,477.09,304031,3506,477.07
2023-12-28T10:25:00.000,477.09,477.3,477.085,477.2687,366772,4207,477.08
2023-12-28T10:30:00.000,477.27,477.4,477.2,477.335,513627,5388,477.1
2023-12-28T10:35:00.000,477.335,477.3699,477.24,477.248,338767,4403,477.11
2023-12-28T10:40:00.000,477.249,477.42,477.15,477.24,762772,5869,477.12
2023-12-28T10:45:00.000,477.24,477.5,477.17,477.47,447571,4101,477.14
2023-12-28T10:50:00.000,477.47,477.495,477.225,477.2876,414288,4906,477.15
2023-12-28T10:55:00.000,477.29,477.37,476.955,477.08,679490,6323,477.15
2023-12-28T11:00:00.000,477.08,477.14,476.92,476.985,390063,3714,477.14
2023-12-28T11:05:00.000,476.98,477.08,476.76,476.98,467422,4852,477.13
2023-12-28T11:10:00.000,476.99,477.11,476.9,476.99,320098,3366,477.13
2023-12-28T11:15:00.000,476.99,477.0099,476.62,476.66,372678,3682,477.12
2023-12-28T11:20:00.000,476.66,476.97,476.59,476.79,511956,4896,477.1
2023-12-28T11:25:00.000,476.79,476.91,476.6,476.8593,327231,3352,477.09
2023-12-28T11:30:00.000,476.88,476.99,476.77,476.8103,282775,3088,477.09
2023-12-28T11:35:00.000,476.82,476.89,476.71,476.87,204653,2431,477.08
2023-12-28T11:40:00.000,476.865,477.04,476.86,476.9709,632527,2949,477.08
2023-12-28T11:45:00.000,476.98,477.028,476.9,476.97,145908,1957,477.08
2023-12-28T11:50:00.000,476.97,477.07,476.92,476.98,442609,2229,477.07
2023-12-28T11:55:00.000,476.985,477.009,476.8294,476.8601,184854,2386,477.07
2023-12-28T12:00:00.000,476.86,477.14,476.78,477.08,431165,3583,477.07
2023-12-28T12:05:00.000,477.075,477.19,477.075,477.085,357139,3126,477.07
2023-12-28T12:10:00.000,477.09,477.16,476.95,476.96,278755,3081,477.07
2023-12-28T12:15:00.000,476.955,477.09,476.955,477.02,411549,2835,477.07
2023-12-28T12:20:00.000,477.025,477.05,476.88,477.0099,210467,2193,477.07
2023-12-28T12:25:00.000,477.0,477.04,476.9,476.905,187590,1888,477.07
2023-12-28T12:30:00.000,476.9,477.125,476.86,477.11,1737165,2538,477.07
2023-12-28T12:35:00.000,477.1097,477.15,477.075,477.13,123652,1610,477.07
2023-12-28T12:40:00.000,477.121,477.21,477.1,477.1918,1173801,2545,477.07
2023-12-28T12:45:00.000,477.2,477.3,477.07,477.075,306067,3433,477.07
2023-12-28T12:50:00.000,477.08,477.31,477.04,477.29,223478,2815,477.07
2023-12-28T12:55:00.000,477.3,477.41,477.23,477.2791,359543,3350,477.08
2023-12-28T13:00:00.000,477.27,477.33,476.47,476.78,1003278,7919,477.07
2023-12-28T13:05:00.000,476.78,477.03,476.43,477.0,780693,5450,477.06
2023-12-28T13:10:00.000,477.0,477.15,476.765,476.896,1657265,3575,477.05
2023-12-28T13:15:00.000,476.89,477.16,476.88,477.13,288558,2884,477.05
2023-12-28T13:20:00.000,477.125,477.22,477.05,477.21,857254,3137,477.06
2023-12-28T13:25:00.000,477.21,477.225,476.97,477.04,742690,2798,477.06
2023-12-28T13:30:00.000,477.0382,477.2,477.0221,477.18,199048,3057,477.06
2023-12-28T13:35:00.000,477.18,477.55,477.14,477.31,419525,4531,477.06
2023-12-28T13:40:00.000,477.3,477.3,476.98,477.08,860366,3682,477.06
2023-12-28T13:45:00.000,477.09,477.1099,476.9197,476.98,272885,2835,477.06
2023-12-28T13:50:00.000,476.98,477.22,476.97,477.095,509701,2800,477.06
2023-12-28T13:55:00.000,477.1,477.1101,476.94,477.0199,318173,3140,477.06
2023-12-28T14:00:00.000,477.02,477.24,476.9999,477.2379,336979,3756,477.06
2023-12-28T14:05:00.000,477.24,477.24,477.1,477.2,290292,3442,477.07
2023-12-28T14:10:00.000,477.2,477.405,477.15,477.2801,645190,4029,477.07
2023-12-28T14:15:00.000,477.28,477.395,477.2299,477.23,1610636,3463,477.07
2023-12-28T14:20:00.000,477.235,477.365,477.169,477.32,462620,2543,477.08
2023-12-28T14:25:00.000,477.31,477.42,477.3,477.35,1192503,2946,477.08
2023-12-28T14:30:00.000,477.36,477.48,477.16,477.275,1250776,4257,477.08
2023-12-28T14:35:00.000,477.2799,477.5,477.255,477.36,909581,5054,477.09
2023-12-28T14:40:00.000,477.36,477.4179,477.22,477.25,913062,3247,477.09
2023-12-28T14:45:00.000,477.25,477.33,477.13,477.315,646881,3489,477.1
2023-12-28T14:50:00.000,477.315,477.32,477.075,477.1099,2737488,3739,477.1
2023-12-28T14:55:00.000,477.1,477.27,477.08,477.195,371652,3600,477.1
2023-12-28T15:00:00.000,477.2,477.21,476.94,477.06,1269656,4314,477.1
2023-12-28T15:05:00.000,477.0599,477.19,476.975,477.095,487639,4279,477.1
2023-12-28T15:10:00.000,477.095,477.11,476.62,476.8895,831195,5472,477.09
2023-12-28T15:15:00.000,476.88,477.15,476.64,477.105,565310,5294,477.09
2023-12-28T15:20:00.000,477.105,477.17,476.94,476.95,454411,3812,477.09
2023-12-28T15:25:00.000,476.96,477.04,476.79,476.9,430526,4003,477.08
2023-12-28T15:30:00.000,476.9,477.035,476.8952,476.97,415108,4124,477.08
2023-12-28T15:35:00.000,476.969,477.2084,476.96,477.1495,1097149,5774,477.08
2023-12-28T15:40:00.000,477.14,477.345,477.09,477.305,1044224,5561,477.09
2023-12-28T15:45:00.000,477.29,477.31,476.84,476.98,1235327,7990,477.08
2023-12-28T15:50:00.000,476.98,477.08,476.43,476.45,3392204,17910,477.05
2023-12-28T15:55:00.000,476.43,476.77,476.26,476.68,9183849,32391,476.95
2023-12-28T16:00:00.000,476.68,476.68,476.68,476.68,1302,2,476.95
2023-12-29T09:30:00.000,476.49,476.85,476.41,476.818,1241731,10502,476.64
2023-12-29T09:35:00.000,476.815,476.93,476.64,476.88,795799,5678,476.71
2023-12-29T09:40:00.000,476.88,476.895,476.62,476.87,825350,6776,476.73
2023-12-29T09:45:00.000,476.875,476.88,476.71,476.75,492355,4371,476.75
2023-12-29T09:50:00.000,476.75,476.88,476.665,476.76,445918,4564,476.75
2023-12-29T09:55:00.000,476.76,476.83,476.665,476.76,416041,4992,476.75
2023-12-29T10:00:00.000,476.76,476.86,476.745,476.83,516124,13327,476.75
2023-12-29T10:05:00.000,476.825,477.03,476.705,476.745,617090,7516,476.77
2023-12-29T10:10:00.000,476.75,476.835,476.585,476.6,538281,4853,476.76
2023-12-29T10:15:00.000,476.605,476.69,476.535,476.6699,909190,5720,476.75
2023-12-29T10:20:00.000,476.66,476.72,476.475,476.51,658168,5574,476.73
2023-12-29T10:25:00.000,476.505,476.715,476.5,476.705,1128240,5014,476.72
2023-12-29T10:30:00.000,476.71,476.76,476.15,476.34,1890202,9147,476.68
2023-12-29T10:35:00.000,476.35,476.4199,476.2,476.215,840653,6222,476.65
2023-12-29T10:40:00.000,476.22,476.2699,475.81,475.9,1779092,9823,476.57
2023-12-29T10:45:00.000,475.9,476.01,475.04,475.45,1857730,13910,476.43
2023-12-29T10:50:00.000,475.45,475.71,475.25,475.3,1066336,8718,476.35
2023-12-29T10:55:00.000,475.295,475.626,475.195,475.4403,1370091,7843,476.28
2023-12-29T11:00:00.000,475.45,475.685,475.41,475.615,892991,5412,476.26
2023-12-29T11:05:00.000,475.62,475.65,475.07,475.2597,905973,7309,476.2
2023-12-29T11:10:00.000,475.26,475.2989,474.73,474.735,2506458,8329,476.14
2023-12-29T11:15:00.000,474.75,474.76,474.14,474.61,2012156,13768,475.99
2023-12-29T11:20:00.000,474.61,474.63,474.17,474.28,1390518,8330,475.89
2023-12-29T11:25:00.000,474.28,474.38,473.9,473.95,2109726,9302,475.8
2023-12-29T11:30:00.000,473.94,474.285,473.87,473.9701,1355043,10418,475.69
2023-12-29T11:35:00.000,473.975,474.16,473.77,474.14,743277,6744,475.64
2023-12-29T11:40:00.000,474.14,474.27,473.98,474.121,875019,6983,475.59
2023-12-29T11:45:00.000,474.12,474.44,474.0615,474.44,773743,6762,475.55
2023-12-29T11:50:00.000,474.44,474.49,473.96,474.32,1065968,7177,475.51
2023-12-29T11:55:00.000,474.31,474.44,474.15,474.2,819530,4797,475.48
2023-12-29T12:00:00.000,474.2,474.56,474.12,474.18,670790,6223,475.46
2023-12-29T12:05:00.000,474.18,474.19,473.78,473.9199,1005909,6324,475.42
2023-12-29T12:10:00.000,473.92,474.0571,473.58,473.6701,998087,6611,475.38
2023-12-29T12:15:00.000,473.67,473.9291,473.59,473.83,1116895,6864,475.33
2023-12-29T12:20:00.000,473.835,474.0,473.3,473.5799,930514,8529,475.28
2023-12-29T12:25:00.000,473.57,473.69,473.475,473.5899,646653,4144,475.25
2023-12-29T12:30:00.000,473.58,473.895,473.51,473.835,478792,4661,475.23
2023-12-29T12:35:00.000,473.83,474.01,473.73,473.96,711602,3862,475.22
2023-12-29T12:40:00.000,473.96,474.12,473.91,474.08,506620,4318,475.2
2023-12-29T12:45:00.000,474.065,474.2697,473.94,474.0,972019,6483,475.17
2023-12-29T12:50:00.000,473.99,474.3,473.95,474.1885,429332,3907,475.16
2023-12-29T12:55:00.000,474.19,474.58,474.18,474.48,826347,5312,475.15
2023-12-29T13:00:00.000,474.48,474.84,474.305,474.73,770746,6488,475.14
2023-12-29T13:05:00.000,474.73,475.0,474.73,474.85,652813,5614,475.13
2023-12-29T13:10:00.000,474.85,475.104,474.805,474.88,667606,5922,475.13
2023-12-29T13:15:00.000,474.88,474.91,474.53,474.5873,1034385,9119,475.12
2023-12-29T13:20:00.000,474.5899,474.69,474.36,474.54,617811,5376,475.11
2023-12-29T13:25:00.000,474.54,474.645,474.43,474.5,377210,3422,475.1
2023-12-29T13:30:00.000,474.49,474.8272,474.475,474.645,556985,5655,475.09
2023-12-29T13:35:00.000,474.645,474.99,474.645,474.975,395091,3868,475.09
2023-12-29T13:40:00.000,474.975,475.21,474.8786,475.035,543377,4804,475.09
2023-12-29T13:45:00.000,475.04,475.31,474.94,475.28,579522,5038,475.09
2023-12-29T13:50:00.000,475.28,475.32,474.89,474.89,1075247,6634,475.09
2023-12-29T13:55:00.000,474.895,475.15,474.825,475.05,694840,5883,475.09
2023-12-29T14:00:00.000,475.06,475.24,474.93,475.075,873603,5683,475.09
2023-12-29T14:05:00.000,475.08,475.2,475.005,475.04,642432,4860,475.09
2023-12-29T14:10:00.000,475.04,475.155,474.89,475.0001,964223,5882,475.09
2023-12-29T14:15:00.000,475.0,475.23,474.94,475.22,570138,4573,475.09
2023-12-29T14:20:00.000,475.22,475.445,475.13,475.369,667716,5760,475.09
2023-12-29T14:25:00.000,475.37,475.46,474.99,475.05,1293491,5591,475.09
2023-12-29T14:30:00.000,475.05,475.29,475.05,475.255,909819,5648,475.09
2023-12-29T14:35:00.000,475.255,475.38,475.19,475.31,3450138,5389,475.1
2023-12-29T14:40:00.000,475.3,475.42,475.22,475.34,786075,5242,475.1
2023-12-29T14:45:00.000,475.345,475.49,475.32,475.46,1151107,5892,475.1
2023-12-29T14:50:00.000,475.465,475.61,475.43,475.53,934891,5780,475.11
2023-12-29T14:55:00.000,475.5399,475.695,475.47,475.565,935898,5813,475.12
2023-12-29T15:00:00.000,475.565,475.605,475.205,475.245,740999,6252,475.12
2023-12-29T15:05:00.000,475.245,475.74,475.125,475.72,1159676,7861,475.13
2023-12-29T15:10:00.000,475.7,475.89,475.46,475.705,880742,7747,475.14
2023-12-29T15:15:00.000,475.71,475.78,475.44,475.465,1763910,9714,475.15
2023-12-29T15:20:00.000,475.465,475.5599,475.12,475.47,1477452,9255,475.15
2023-12-29T15:25:00.000,475.47,475.86,475.43,475.78,1418335,9794,475.16
2023-12-29T15:30:00.000,475.77,475.78,475.445,475.48,1379866,10673,475.17
2023-12-29T15:35:00.000,475.48,475.645,475.47,475.585,1081477,8901,475.18
2023-12-29T15:40:00.000,475.59,475.75,475.31,475.3117,1975560,11455,475.19
2023-12-29T15:45:00.000,475.31,475.49,475.16,475.21,2093479,14443,475.19
2023-12-29T15:50:00.000,475.21,475.63,474.715,474.75,4761153,22785,475.2
2023-12-29T15:55:00.000,474.75,475.78,474.49,475.35,12321371,40713,475.2
2023-12-29T16:00:00.000,475.35,475.35,475.35,475.35,1666,1,475.2
2023-12-30T09:30:00.000,0.0,0.0,0.0,0.0,0,0,0.0
2023-12-30T09:35:00.000,0.0,0.0,0.0,0.0,0,0,0.0
2023-12-30T09:40:00.000,0.0,0.0,0.0,0.0,0,0,0.0
2023-12-30T09:45:00.000,0.0,0.0,0.0,0.0,0,0,0.0
2023-12-30T09:50:00.000,0.0,0.0,0.0,0.0,0,0,0.0
2023-12-30T09:55:00.000,0.0,0.0,0.0,0.0,0,0,0.0
2023-12-30T10:00:00.000,0.0,0.0,0.0,0.0,0,0,0.0
2023-12-30T10:05:00.000,0.0,0.0,0.0,0.0,0,0,0.0
2023-12-30T10:10:00.000,0.0,0.0,0.0,0.0,0,0,0.0
2023-12-30T10:15:00.000,0.0,0.0,0.0,0.0,0,0,0.0
2023-12-30T10:20:00.000,0.0,0.0,0.0,0.0,0,0,0.0
2023-12-30T10:25:00.000,0.0,0.0,0.0,0.0,0,0,0.0
2023-12-30T10:30:00.000,0.0,0.0,0.0,0.0,0,0,0.0
2023-12-30T10:35:00.000,0.0,0.0,0.0,0.0,0,0,0.0
2023-12-30T10:40:00.000,0.0,0.0,0.0,0.0,0,0,0.0
2023-12-30T10:45:00.000,0.0,0.0,0.0,0.0,0,0,0.0
2023-12-30T10:50:00.000,0.0,0.0,0.0,0.0,0,0,0.0
2023-12-30T10:55:00.000,0.0,0.0,0.0,0.0,0,0,0.0
2023-12-30T11:00:00.000,0.0,0.0,0.0,0.0,0,0,0.0
2023-12-30T11:05:00.000,0.0,0.0,0.0,0.0,0,0,0.0
2023-12-30T11:10:00.000,0.0,0.0,0.0,0.0,0,0,0.0
2023-12-30T11:15:00.000,0.0,0.0,0.0,0.0,0,0,0.0
2023-12-30T11:20:00.000,0.0,0.0,0.0,0.0,0,0,0.0
2023-12-30T11:25:00.000,0.0,0.0,0.0,0.0,0,0,0.0
2023-12-30T11:30:00.000,0.0,0.0,0.0,0.0,0,0,0.0
2023-12-30T11:35:00.000,0.0,0.0,0.0,0.0,0,0,0.0
2023-12-30T11:40:00.000,0.0,0.0,0.0,0.0,0,0,0.0
2023-12-30T11:45:00.000,0.0,0.0,0.0,0.0,0,0,0.0
2023-12-30T11:50:00.000,0.0,0.0,0.0,0.0,0,0,0.0
2023-12-30T11:55:00.000,0.0,0.0,0.0,0.0,0,0,0.0
2023-12-30T12:00:00.000,0.0,0.0,0.0,0.0,0,0,0.0
2023-12-30T12:05:00.000,0.0,0.0,0.0,0.0,0,0,0.0
2023-12-30T12:10:00.000,0.0,0.0,0.0,0.0,0,0,0.0
2023-12-30T12:15:00.000,0.0,0.0,0.0,0.0,0,0,0.0
2023-12-30T12:20:00.000,0.0,0.0,0.0,0.0,0,0,0.0
2023-12-30T12:25:00.000,0.0,0.0,0.0,0.0,0,0,0.0
2023-12-30T12:30:00.000,0.0,0.0,0.0,0.0,0,0,0.0
2023-12-30T12:35:00.000,0.0,0.0,0.0,0.0,0,0,0.0
2023-12-30T12:40:00.000,0.0,0.0,0.0,0.0,0,0,0.0
2023-12-30T12:45:00.000,0.0,0.0,0.0,0.0,0,0,0.0
2023-12-30T12:50:00.000,0.0,0.0,0.0,0.0,0,0,0.0
2023-12-30T12:55:00.000,0.0,0.0,0.0,0.0,0,0,0.0
2023-12-30T13:00:00.000,0.0,0.0,0.0,0.0,0,0,0.0
2023-12-30T13:05:00.000,0.0,0.0,0.0,0.0,0,0,0.0
2023-12-30T13:10:00.000,0.0,0.0,0.0,0.0,0,0,0.0
2023-12-30T13:15:00.000,0.0,0.0,0.0,0.0,0,0,0.0
2023-12-30T13:20:00.000,0.0,0.0,0.0,0.0,0,0,0.0
2023-12-30T13:25:00.000,0.0,0.0,0.0,0.0,0,0,0.0
2023-12-30T13:30:00.000,0.0,0.0,0.0,0.0,0,0,0.0
2023-12-30T13:35:00.000,0.0,0.0,0.0,0.0,0,0,0.0
2023-12-30T13:40:00.000,0.0,0.0,0.0,0.0,0,0,0.0
2023-12-30T13:45:00.000,0.0,0.0,0.0,0.0,0,0,0.0
2023-12-30T13:50:00.000,0.0,0.0,0.0,0.0,0,0,0.0
2023-12-30T13:55:00.000,0.0,0.0,0.0,0.0,0,0,0.0
2023-12-30T14:00:00.000,0.0,0.0,0.0,0.0,0,0,0.0
2023-12-30T14:05:00.000,0.0,0.0,0.0,0.0,0,0,0.0
2023-12-30T14:10:00.000,0.0,0.0,0.0,0.0,0,0,0.0
2023-12-30T14:15:00.000,0.0,0.0,0.0,0.0,0,0,0.0
2023-12-30T14:20:00.000,0.0,0.0,0.0,0.0,0,0,0.0
2023-12-30T14:25:00.000,0.0,0.0,0.0,0.0,0,0,0.0
2023-12-30T14:30:00.000,0.0,0.0,0.0,0.0,0,0,0.0
2023-12-30T14:35:00.000,0.0,0.0,0.0,0.0,0,0,0.0
2023-12-30T14:40:00.000,0.0,0.0,0.0,0.0,0,0,0.0
2023-12-30T14:45:00.000,0.0,0.0,0.0,0.0,0,0,0.0
2023-12-30T14:50:00.000,0.0,0.0,0.0,0.0,0,0,0.0
2023-12-30T14:55:00.000,0.0,0.0,0.0,0.0,0,0,0.0
2023-12-30T15:00:00.000,0.0,0.0,0.0,0.0,0,0,0.0
2023-12-30T15:05:00.000,0.0,0.0,0.0,0.0,0,0,0.0
2023-12-30T15:10:00.000,0.0,0.0,0.0,0.0,0,0,0.0
2023-12-30T15:15:00.000,0.0,0.0,0.0,0.0,0,0,0.0
2023-12-30T15:20:00.000,0.0,0.0,0.0,0.0,0,0,0.0
2023-12-30T15:25:00.000,0.0,0.0,0.0,0.0,0,0,0.0
2023-12-30T15:30:00.000,0.0,0.0,0.0,0.0,0,0,0.0
2023-12-30T15:35:00.000,0.0,0.0,0.0,0.0,0,0,0.0
2023-12-30T15:40:00.000,0.0,0.0,0.0,0.0,0,0,0.0
2023-12-30T15:45:00.000,0.0,0.0,0.0,0.0,0,0,0.0
2023-12-30T15:50:00.000,0.0,0.0,0.0,0.0,0,0,0.0
2023-12-30T15:55:00.000,0.0,0.0,0.0,0.0,0,0,0.0
2023-12-30T16:00:00.000,0.0,0.0,0.0,0.0,0,0,0.0
2023-12-31T09:30:00.000,0.0,0.0,0.0,0.0,0,0,0.0
2023-12-31T09:35:00.000,0.0,0.0,0.0,0.0,0,0,0.0
2023-12-31T09:40:00.000,0.0,0.0,0.0,0.0,0,0,0.0
2023-12-31T09:45:00.000,0.0,0.0,0.0,0.0,0,0,0.0
2023-12-31T09:50:00.000,0.0,0.0,0.0,0.0,0,0,0.0
2023-12-31T09:55:00.000,0.0,0.0,0.0,0.0,0,0,0.0
2023-12-31T10:00:00.000,0.0,0.0,0.0,0.0,0,0,0.0
2023-12-31T10:05:00.000,0.0,0.0,0.0,0.0,0,0,0.0
2023-12-31T10:10:00.000,0.0,0.0,0.0,0.0,0,0,0.0
2023-12-31T10:15:00.000,0.0,0.0,0.0,0.0,0,0,0.0
2023-12-31T10:20:00.000,0.0,0.0,0.0,0.0,0,0,0.0
2023-12-31T10:25:00.000,0.0,0.0,0.0,0.0,0,0,0.0
2023-12-31T10:30:00.000,0.0,0.0,0.0,0.0,0,0,0.0
2023-12-31T10:35:00.000,0.0,0.0,0.0,0.0,0,0,0.0
2023-12-31T10:40:00.000,0.0,0.0,0.0,0.0,0,0,0.0
2023-12-31T10:45:00.000,0.0,0.0,0.0,0.0,0,0,0.0
2023-12-31T10:50:00.000,0.0,0.0,0.0,0.0,0,0,0.0
2023-12-31T10:55:00.000,0.0,0.0,0.0,0.0,0,0,0.0
2023-12-31T11:00:00.000,0.0,0.0,0.0,0.0,0,0,0.0
2023-12-31T11:05:00.000,0.0,0.0,0.0,0.0,0,0,0.0
2023-12-31T11:10:00.000,0.0,0.0,0.0,0.0,0,0,0.0
2023-12-31T11:15:00.000,0.0,0.0,0.0,0.0,0,0,0.0
2023-12-31T11:20:00.000,0.0,0.0,0.0,0.0,0,0,0.0
2023-12-31T11:25:00.000,0.0,0.0,0.0,0.0,0,0,0.0
2023-12-31T11:30:00.000,0.0,0.0,0.0,0.0,0,0,0.0
2023-12-31T11:35:00.000,0.0,0.0,0.0,0.0,0,0,0.0
2023-12-31T11:40:00.000,0.0,0.0,0.0,0.0,0,0,0.0
2023-12-31T11:45:00.000,0.0,0.0,0.0,0.0,0,0,0.0
2023-12-31T11:50:00.000,0.0,0.0,0.0,0.0,0,0,0.0
2023-12-31T11:55:00.000,0.0,0.0,0.0,0.0,0,0,0.0
2023-12-31T12:00:00.000,0.0,0.0,0.0,0.0,0,0,0.0
2023-12-31T12:05:00.000,0.0,0.0,0.0,0.0,0,0,0.0
2023-12-31T12:10:00.000,0.0,0.0,0.0,0.0,0,0,0.0
2023-12-31T12:15:00.000,0.0,0.0,0.0,0.0,0,0,0.0
2023-12-31T12:20:00.000,0.0,0.0,0.0,0.0,0,0,0.0
2023-12-31T12:25:00.000,0.0,0.0,0.0,0.0,0,0,0.0
2023-12-31T12:30:00.000,0.0,0.0,0.0,0.0,0,0,0.0
2023-12-31T12:35:00.000,0.0,0.0,0.0,0.0,0,0,0.0
2023-12-31T12:40:00.000,0.0,0.0,0.0,0.0,0,0,0.0
2023-12-31T12:45:00.000,0.0,0.0,0.0,0.0,0,0,0.0
2023-12-31T12:50:00.000,0.0,0.0,0.0,0.0,0,0,0.0
2023-12-31T12:55:00.000,0.0,0.0,0.0,0.0,0,0,0.0
2023-12-31T13:00:00.000,0.0,0.0,0.0,0.0,0,0,0.0
2023-12-31T13:05:00.000,0.0,0.0,0.0,0.0,0,0,0.0
2023-12-31T13:10:00.000,0.0,0.0,0.0,0.0,0,0,0.0
2023-12-31T13:15:00.000,0.0,0.0,0.0,0.0,0,0,0.0
2023-12-31T13:20:00.000,0.0,0.0,0.0,0.0,0,0,0.0
2023-12-31T13:25:00.000,0.0,0.0,0.0,0.0,0,0,0.0
2023-12-31T13:30:00.000,0.0,0.0,0.0,0.0,0,0,0.0
2023-12-31T13:35:00.000,0.0,0.0,0.0,0.0,0,0,0.0
2023-12-31T13:40:00.000,0.0,0.0,0.0,0.0,0,0,0.0
2023-12-31T13:45:00.000,0.0,0.0,0.0,0.0,0,0,0.0
2023-12-31T13:50:00.000,0.0,0.0,0.0,0.0,0,0,0.0
2023-12-31T13:55:00.000,0.0,0.0,0.0,0.0,0,0,0.0
2023-12-31T14:00:00.000,0.0,0.0,0.0,0.0,0,0,0.0
2023-12-31T14:05:00.000,0.0,0.0,0.0,0.0,0,0,0.0
2023-12-31T14:10:00.000,0.0,0.0,0.0,0.0,0,0,0.0
2023-12-31T14:15:00.000,0.0,0.0,0.0,0.0,0,0,0.0
2023-12-31T14:20:00.000,0.0,0.0,0.0,0.0,0,0,0.0
2023-12-31T14:25:00.000,0.0,0.0,0.0,0.0,0,0,0.0
2023-12-31T14:30:00.000,0.0,0.0,0.0,0.0,0,0,0.0
2023-12-31T14:35:00.000,0.0,0.0,0.0,0.0,0,0,0.0
2023-12-31T14:40:00.000,0.0,0.0,0.0,0.0,0,0,0.0
2023-12-31T14:45:00.000,0.0,0.0,0.0,0.0,0,0,0.0
2023-12-31T14:50:00.000,0.0,0.0,0.0,0.0,0,0,0.0
2023-12-31T14:55:00.000,0.0,0.0,0.0,0.0,0,0,0.0
2023-12-31T15:00:00.000,0.0,0.0,0.0,0.0,0,0,0.0
2023-12-31T15:05:00.000,0.0,0.0,0.0,0.0,0,0,0.0
2023-12-31T15:10:00.000,0.0,0.0,0.0,0.0,0,0,0.0
2023-12-31T15:15:00.000,0.0,0.0,0.0,0.0,0,0,0.0
2023-12-31T15:20:00.000,0.0,0.0,0.0,0.0,0,0,0.0
2023-12-31T15:25:00.000,0.0,0.0,0.0,0.0,0,0,0.0
2023-12-31T15:30:00.000,0.0,0.0,0.0,0.0,0,0,0.0
2023-12-31T15:35:00.000,0.0,0.0,0.0,0.0,0,0,0.0
2023-12-31T15:40:00.000,0.0,0.0,0.0,0.0,0,0,0.0
2023-12-31T15:45:00.000,0.0,0.0,0.0,0.0,0,0,0.0
2023-12-31T15:50:00.000,0.0,0.0,0.0,0.0,0,0,0.0
2023-12-31T15:55:00.000,0.0,0.0,0.0,0.0,0,0,0.0
2023-12-31T16:00:00.000,0.0,0.0,0.0,0.0,0,0,0.0
